Copyright 1986-2022 Xilinx, Inc. All Rights Reserved. Copyright 2022-2024 Advanced Micro Devices, Inc. All Rights Reserved.
---------------------------------------------------------------------------------------------------------------------------------------------------------------------------------------------------------------------------------------------------------------------------------------
| Tool Version      : Vivado v.2024.2 (lin64) Build 5239630 Fri Nov 08 22:34:34 MST 2024
| Date              : Thu Jan 15 19:55:29 2026
| Host              : ee-kraken running 64-bit Red Hat Enterprise Linux 9.5 (Plow)
| Command           : report_timing_summary -datasheet -file ./src/attention/synth_output_matmul/matmul_fp_S_q_8_S_kv_8_d_kq_4_d_v_4_k_4_scale_width_8_M1_E_0_M1_M_2_M2_E_0_M2_M_2_M3_E_0_M3_M_2_ACCUM_METHOD_KULISCH_KULISCH_KULISCH_DSP_auto_auto_auto_time_20260115_1952_timing.rpt
| Design            : matmul_fp
| Device            : xcv80-lsva4737
| Speed File        : -2MHP  PRODUCTION 2.04 2024-08-06
| Design State      : Synthesized
| Temperature Grade : E
---------------------------------------------------------------------------------------------------------------------------------------------------------------------------------------------------------------------------------------------------------------------------------------

Timing Summary Report

------------------------------------------------------------------------------------------------
| Timer Settings
| --------------
------------------------------------------------------------------------------------------------

  Enable Multi Corner Analysis               :  Yes
  Enable Pessimism Removal                   :  Yes
  Pessimism Removal Resolution               :  Nearest Common Node
  Enable Input Delay Default Clock           :  No
  Enable Preset / Clear Arcs                 :  No
  Disable Flight Delays                      :  No
  Ignore I/O Paths                           :  No
  Timing Early Launch at Borrowing Latches   :  No
  Borrow Time for Max Delay Exceptions       :  Yes
  Merge Timing Exceptions                    :  Yes
  Inter-SLR Compensation                     :  Conservative

  Corner  Analyze    Analyze    
  Name    Max Paths  Min Paths  
  ------  ---------  ---------  
  Slow    Yes        Yes        
  Fast    Yes        Yes        


------------------------------------------------------------------------------------------------
| Report Methodology
| ------------------
------------------------------------------------------------------------------------------------

No report available as report_methodology has not been run prior. Run report_methodology on the current design for the summary of methodology violations.



check_timing report

Table of Contents
-----------------
1. checking no_clock (0)
2. checking constant_clock (0)
3. checking pulse_width_clock (0)
4. checking unconstrained_internal_endpoints (0)
5. checking no_input_delay (0)
6. checking no_output_delay (0)
7. checking multiple_clock (0)
8. checking generated_clocks (0)
9. checking loops (0)
10. checking partial_input_delay (0)
11. checking partial_output_delay (0)
12. checking latch_loops (0)

1. checking no_clock (0)
------------------------
 There are 0 register/latch pins with no clock.


2. checking constant_clock (0)
------------------------------
 There are 0 register/latch pins with constant_clock.


3. checking pulse_width_clock (0)
---------------------------------
 There are 0 register/latch pins which need pulse_width check


4. checking unconstrained_internal_endpoints (0)
------------------------------------------------
 There are 0 pins that are not constrained for maximum delay.

 There are 0 pins that are not constrained for maximum delay due to constant clock.


5. checking no_input_delay (0)
------------------------------
 There are 0 input ports with no input delay specified.

 There are 0 input ports with no input delay but user has a false path constraint.


6. checking no_output_delay (0)
-------------------------------
 There are 0 ports with no output delay specified.

 There are 0 ports with no output delay but user has a false path constraint

 There are 0 ports with no output delay but with a timing clock defined on it or propagating through it


7. checking multiple_clock (0)
------------------------------
 There are 0 register/latch pins with multiple clocks.


8. checking generated_clocks (0)
--------------------------------
 There are 0 generated clocks that are not connected to a clock source.


9. checking loops (0)
---------------------
 There are 0 combinational loops in the design.


10. checking partial_input_delay (0)
------------------------------------
 There are 0 input ports with partial input delay specified.


11. checking partial_output_delay (0)
-------------------------------------
 There are 0 ports with partial output delay specified.


12. checking latch_loops (0)
----------------------------
 There are 0 combinational latch loops in the design through latch input



------------------------------------------------------------------------------------------------
| Design Timing Summary
| ---------------------
------------------------------------------------------------------------------------------------

    WNS(ns)      TNS(ns)  TNS Failing Endpoints  TNS Total Endpoints      WHS(ns)      THS(ns)  THS Failing Endpoints  THS Total Endpoints     WPWS(ns)     TPWS(ns)  TPWS Failing Endpoints  TPWS Total Endpoints  
    -------      -------  ---------------------  -------------------      -------      -------  ---------------------  -------------------     --------     --------  ----------------------  --------------------  
         NA           NA                     NA                   NA           NA           NA                     NA                   NA           NA           NA                      NA                    NA  


All user specified timing constraints are met.


------------------------------------------------------------------------------------------------
| Clock Summary
| -------------
------------------------------------------------------------------------------------------------

Clock  Waveform(ns)         Period(ns)      Frequency(MHz)
-----  ------------         ----------      --------------
i_clk  {0.000 2.500}        5.000           200.000         


------------------------------------------------------------------------------------------------
| Intra Clock Table
| -----------------
------------------------------------------------------------------------------------------------

Clock             WNS(ns)      TNS(ns)  TNS Failing Endpoints  TNS Total Endpoints      WHS(ns)      THS(ns)  THS Failing Endpoints  THS Total Endpoints     WPWS(ns)     TPWS(ns)  TPWS Failing Endpoints  TPWS Total Endpoints  
-----             -------      -------  ---------------------  -------------------      -------      -------  ---------------------  -------------------     --------     --------  ----------------------  --------------------  


------------------------------------------------------------------------------------------------
| Inter Clock Table
| -----------------
------------------------------------------------------------------------------------------------

From Clock    To Clock          WNS(ns)      TNS(ns)  TNS Failing Endpoints  TNS Total Endpoints      WHS(ns)      THS(ns)  THS Failing Endpoints  THS Total Endpoints  
----------    --------          -------      -------  ---------------------  -------------------      -------      -------  ---------------------  -------------------  


------------------------------------------------------------------------------------------------
| Other Path Groups Table
| -----------------------
------------------------------------------------------------------------------------------------

Path Group    From Clock    To Clock          WNS(ns)      TNS(ns)  TNS Failing Endpoints  TNS Total Endpoints      WHS(ns)      THS(ns)  THS Failing Endpoints  THS Total Endpoints  
----------    ----------    --------          -------      -------  ---------------------  -------------------      -------      -------  ---------------------  -------------------  


------------------------------------------------------------------------------------------------
| Timing Details
| --------------
------------------------------------------------------------------------------------------------


------------------------------------------------------------------------------------------------
| Data sheet
| ----------
------------------------------------------------------------------------------------------------

Combinational Delays

---------------+----------------+-----------+---------+-----------+---------+
From           | To             |   Max     | Process |   Min     | Process |
Port           | Port           | Delay(ns) | Corner  | Delay(ns) | Corner  |
---------------+----------------+-----------+---------+-----------+---------+
A_i[0][0][0]   | C_o[0][0][0]   |     4.277 | SLOW    |     2.217 | FAST    |
A_i[0][0][0]   | C_o[0][0][1]   |     4.506 | SLOW    |     2.326 | FAST    |
A_i[0][0][0]   | C_o[0][0][2]   |     4.673 | SLOW    |     2.346 | FAST    |
A_i[0][0][0]   | C_o[0][1][0]   |     4.277 | SLOW    |     2.217 | FAST    |
A_i[0][0][0]   | C_o[0][1][1]   |     4.506 | SLOW    |     2.326 | FAST    |
A_i[0][0][0]   | C_o[0][1][2]   |     4.673 | SLOW    |     2.346 | FAST    |
A_i[0][0][0]   | C_o[0][2][0]   |     4.277 | SLOW    |     2.217 | FAST    |
A_i[0][0][0]   | C_o[0][2][1]   |     4.506 | SLOW    |     2.326 | FAST    |
A_i[0][0][0]   | C_o[0][2][2]   |     4.673 | SLOW    |     2.346 | FAST    |
A_i[0][0][0]   | C_o[0][3][0]   |     4.277 | SLOW    |     2.217 | FAST    |
A_i[0][0][0]   | C_o[0][3][1]   |     4.506 | SLOW    |     2.326 | FAST    |
A_i[0][0][0]   | C_o[0][3][2]   |     4.673 | SLOW    |     2.346 | FAST    |
A_i[0][0][0]   | C_o[0][4][0]   |     4.277 | SLOW    |     2.217 | FAST    |
A_i[0][0][0]   | C_o[0][4][1]   |     4.506 | SLOW    |     2.326 | FAST    |
A_i[0][0][0]   | C_o[0][4][2]   |     4.673 | SLOW    |     2.346 | FAST    |
A_i[0][0][0]   | C_o[0][5][0]   |     4.277 | SLOW    |     2.217 | FAST    |
A_i[0][0][0]   | C_o[0][5][1]   |     4.506 | SLOW    |     2.326 | FAST    |
A_i[0][0][0]   | C_o[0][5][2]   |     4.673 | SLOW    |     2.346 | FAST    |
A_i[0][0][0]   | C_o[0][6][0]   |     4.277 | SLOW    |     2.217 | FAST    |
A_i[0][0][0]   | C_o[0][6][1]   |     4.506 | SLOW    |     2.326 | FAST    |
A_i[0][0][0]   | C_o[0][6][2]   |     4.673 | SLOW    |     2.346 | FAST    |
A_i[0][0][0]   | C_o[0][7][0]   |     4.277 | SLOW    |     2.217 | FAST    |
A_i[0][0][0]   | C_o[0][7][1]   |     4.506 | SLOW    |     2.326 | FAST    |
A_i[0][0][0]   | C_o[0][7][2]   |     4.673 | SLOW    |     2.346 | FAST    |
A_i[0][0][1]   | C_o[0][0][1]   |     4.456 | SLOW    |     2.310 | FAST    |
A_i[0][0][1]   | C_o[0][0][2]   |     4.652 | SLOW    |     2.361 | FAST    |
A_i[0][0][1]   | C_o[0][1][1]   |     4.456 | SLOW    |     2.310 | FAST    |
A_i[0][0][1]   | C_o[0][1][2]   |     4.652 | SLOW    |     2.361 | FAST    |
A_i[0][0][1]   | C_o[0][2][1]   |     4.456 | SLOW    |     2.310 | FAST    |
A_i[0][0][1]   | C_o[0][2][2]   |     4.652 | SLOW    |     2.361 | FAST    |
A_i[0][0][1]   | C_o[0][3][1]   |     4.456 | SLOW    |     2.310 | FAST    |
A_i[0][0][1]   | C_o[0][3][2]   |     4.652 | SLOW    |     2.361 | FAST    |
A_i[0][0][1]   | C_o[0][4][1]   |     4.456 | SLOW    |     2.310 | FAST    |
A_i[0][0][1]   | C_o[0][4][2]   |     4.652 | SLOW    |     2.361 | FAST    |
A_i[0][0][1]   | C_o[0][5][1]   |     4.456 | SLOW    |     2.310 | FAST    |
A_i[0][0][1]   | C_o[0][5][2]   |     4.652 | SLOW    |     2.361 | FAST    |
A_i[0][0][1]   | C_o[0][6][1]   |     4.456 | SLOW    |     2.310 | FAST    |
A_i[0][0][1]   | C_o[0][6][2]   |     4.652 | SLOW    |     2.361 | FAST    |
A_i[0][0][1]   | C_o[0][7][1]   |     4.456 | SLOW    |     2.310 | FAST    |
A_i[0][0][1]   | C_o[0][7][2]   |     4.652 | SLOW    |     2.361 | FAST    |
A_i[0][0][2]   | C_o[0][0][2]   |     4.637 | SLOW    |     2.419 | FAST    |
A_i[0][0][2]   | C_o[0][1][2]   |     4.637 | SLOW    |     2.419 | FAST    |
A_i[0][0][2]   | C_o[0][2][2]   |     4.637 | SLOW    |     2.419 | FAST    |
A_i[0][0][2]   | C_o[0][3][2]   |     4.637 | SLOW    |     2.419 | FAST    |
A_i[0][0][2]   | C_o[0][4][2]   |     4.637 | SLOW    |     2.419 | FAST    |
A_i[0][0][2]   | C_o[0][5][2]   |     4.637 | SLOW    |     2.419 | FAST    |
A_i[0][0][2]   | C_o[0][6][2]   |     4.637 | SLOW    |     2.419 | FAST    |
A_i[0][0][2]   | C_o[0][7][2]   |     4.637 | SLOW    |     2.419 | FAST    |
A_i[0][1][0]   | C_o[0][0][0]   |     4.477 | SLOW    |     2.326 | FAST    |
A_i[0][1][0]   | C_o[0][0][1]   |     4.697 | SLOW    |     2.322 | FAST    |
A_i[0][1][0]   | C_o[0][0][2]   |     4.699 | SLOW    |     2.369 | FAST    |
A_i[0][1][0]   | C_o[0][1][0]   |     4.477 | SLOW    |     2.326 | FAST    |
A_i[0][1][0]   | C_o[0][1][1]   |     4.697 | SLOW    |     2.322 | FAST    |
A_i[0][1][0]   | C_o[0][1][2]   |     4.699 | SLOW    |     2.369 | FAST    |
A_i[0][1][0]   | C_o[0][2][0]   |     4.477 | SLOW    |     2.326 | FAST    |
A_i[0][1][0]   | C_o[0][2][1]   |     4.697 | SLOW    |     2.322 | FAST    |
A_i[0][1][0]   | C_o[0][2][2]   |     4.699 | SLOW    |     2.369 | FAST    |
A_i[0][1][0]   | C_o[0][3][0]   |     4.477 | SLOW    |     2.326 | FAST    |
A_i[0][1][0]   | C_o[0][3][1]   |     4.697 | SLOW    |     2.322 | FAST    |
A_i[0][1][0]   | C_o[0][3][2]   |     4.699 | SLOW    |     2.369 | FAST    |
A_i[0][1][0]   | C_o[0][4][0]   |     4.477 | SLOW    |     2.326 | FAST    |
A_i[0][1][0]   | C_o[0][4][1]   |     4.697 | SLOW    |     2.322 | FAST    |
A_i[0][1][0]   | C_o[0][4][2]   |     4.699 | SLOW    |     2.369 | FAST    |
A_i[0][1][0]   | C_o[0][5][0]   |     4.477 | SLOW    |     2.326 | FAST    |
A_i[0][1][0]   | C_o[0][5][1]   |     4.697 | SLOW    |     2.322 | FAST    |
A_i[0][1][0]   | C_o[0][5][2]   |     4.699 | SLOW    |     2.369 | FAST    |
A_i[0][1][0]   | C_o[0][6][0]   |     4.477 | SLOW    |     2.326 | FAST    |
A_i[0][1][0]   | C_o[0][6][1]   |     4.697 | SLOW    |     2.322 | FAST    |
A_i[0][1][0]   | C_o[0][6][2]   |     4.699 | SLOW    |     2.369 | FAST    |
A_i[0][1][0]   | C_o[0][7][0]   |     4.477 | SLOW    |     2.326 | FAST    |
A_i[0][1][0]   | C_o[0][7][1]   |     4.697 | SLOW    |     2.322 | FAST    |
A_i[0][1][0]   | C_o[0][7][2]   |     4.699 | SLOW    |     2.369 | FAST    |
A_i[0][1][1]   | C_o[0][0][1]   |     4.462 | SLOW    |     2.312 | FAST    |
A_i[0][1][1]   | C_o[0][0][2]   |     4.660 | SLOW    |     2.423 | FAST    |
A_i[0][1][1]   | C_o[0][1][1]   |     4.462 | SLOW    |     2.312 | FAST    |
A_i[0][1][1]   | C_o[0][1][2]   |     4.660 | SLOW    |     2.423 | FAST    |
A_i[0][1][1]   | C_o[0][2][1]   |     4.462 | SLOW    |     2.312 | FAST    |
A_i[0][1][1]   | C_o[0][2][2]   |     4.660 | SLOW    |     2.423 | FAST    |
A_i[0][1][1]   | C_o[0][3][1]   |     4.462 | SLOW    |     2.312 | FAST    |
A_i[0][1][1]   | C_o[0][3][2]   |     4.660 | SLOW    |     2.423 | FAST    |
A_i[0][1][1]   | C_o[0][4][1]   |     4.462 | SLOW    |     2.312 | FAST    |
A_i[0][1][1]   | C_o[0][4][2]   |     4.660 | SLOW    |     2.423 | FAST    |
A_i[0][1][1]   | C_o[0][5][1]   |     4.462 | SLOW    |     2.312 | FAST    |
A_i[0][1][1]   | C_o[0][5][2]   |     4.660 | SLOW    |     2.423 | FAST    |
A_i[0][1][1]   | C_o[0][6][1]   |     4.462 | SLOW    |     2.312 | FAST    |
A_i[0][1][1]   | C_o[0][6][2]   |     4.660 | SLOW    |     2.423 | FAST    |
A_i[0][1][1]   | C_o[0][7][1]   |     4.462 | SLOW    |     2.312 | FAST    |
A_i[0][1][1]   | C_o[0][7][2]   |     4.660 | SLOW    |     2.423 | FAST    |
A_i[0][1][2]   | C_o[0][0][2]   |     4.639 | SLOW    |     2.415 | FAST    |
A_i[0][1][2]   | C_o[0][1][2]   |     4.639 | SLOW    |     2.415 | FAST    |
A_i[0][1][2]   | C_o[0][2][2]   |     4.639 | SLOW    |     2.415 | FAST    |
A_i[0][1][2]   | C_o[0][3][2]   |     4.639 | SLOW    |     2.415 | FAST    |
A_i[0][1][2]   | C_o[0][4][2]   |     4.639 | SLOW    |     2.415 | FAST    |
A_i[0][1][2]   | C_o[0][5][2]   |     4.639 | SLOW    |     2.415 | FAST    |
A_i[0][1][2]   | C_o[0][6][2]   |     4.639 | SLOW    |     2.415 | FAST    |
A_i[0][1][2]   | C_o[0][7][2]   |     4.639 | SLOW    |     2.415 | FAST    |
A_i[0][2][0]   | C_o[0][0][0]   |     4.509 | SLOW    |     2.337 | FAST    |
A_i[0][2][0]   | C_o[0][0][1]   |     4.729 | SLOW    |     2.332 | FAST    |
A_i[0][2][0]   | C_o[0][0][2]   |     4.731 | SLOW    |     2.320 | FAST    |
A_i[0][2][0]   | C_o[0][1][0]   |     4.509 | SLOW    |     2.337 | FAST    |
A_i[0][2][0]   | C_o[0][1][1]   |     4.729 | SLOW    |     2.332 | FAST    |
A_i[0][2][0]   | C_o[0][1][2]   |     4.731 | SLOW    |     2.320 | FAST    |
A_i[0][2][0]   | C_o[0][2][0]   |     4.509 | SLOW    |     2.337 | FAST    |
A_i[0][2][0]   | C_o[0][2][1]   |     4.729 | SLOW    |     2.332 | FAST    |
A_i[0][2][0]   | C_o[0][2][2]   |     4.731 | SLOW    |     2.320 | FAST    |
A_i[0][2][0]   | C_o[0][3][0]   |     4.509 | SLOW    |     2.337 | FAST    |
A_i[0][2][0]   | C_o[0][3][1]   |     4.729 | SLOW    |     2.332 | FAST    |
A_i[0][2][0]   | C_o[0][3][2]   |     4.731 | SLOW    |     2.320 | FAST    |
A_i[0][2][0]   | C_o[0][4][0]   |     4.509 | SLOW    |     2.337 | FAST    |
A_i[0][2][0]   | C_o[0][4][1]   |     4.729 | SLOW    |     2.332 | FAST    |
A_i[0][2][0]   | C_o[0][4][2]   |     4.731 | SLOW    |     2.320 | FAST    |
A_i[0][2][0]   | C_o[0][5][0]   |     4.509 | SLOW    |     2.337 | FAST    |
A_i[0][2][0]   | C_o[0][5][1]   |     4.729 | SLOW    |     2.332 | FAST    |
A_i[0][2][0]   | C_o[0][5][2]   |     4.731 | SLOW    |     2.320 | FAST    |
A_i[0][2][0]   | C_o[0][6][0]   |     4.509 | SLOW    |     2.337 | FAST    |
A_i[0][2][0]   | C_o[0][6][1]   |     4.729 | SLOW    |     2.332 | FAST    |
A_i[0][2][0]   | C_o[0][6][2]   |     4.731 | SLOW    |     2.320 | FAST    |
A_i[0][2][0]   | C_o[0][7][0]   |     4.509 | SLOW    |     2.337 | FAST    |
A_i[0][2][0]   | C_o[0][7][1]   |     4.729 | SLOW    |     2.332 | FAST    |
A_i[0][2][0]   | C_o[0][7][2]   |     4.731 | SLOW    |     2.320 | FAST    |
A_i[0][2][1]   | C_o[0][0][1]   |     4.552 | SLOW    |     2.365 | FAST    |
A_i[0][2][1]   | C_o[0][0][2]   |     4.661 | SLOW    |     2.331 | FAST    |
A_i[0][2][1]   | C_o[0][1][1]   |     4.552 | SLOW    |     2.365 | FAST    |
A_i[0][2][1]   | C_o[0][1][2]   |     4.661 | SLOW    |     2.331 | FAST    |
A_i[0][2][1]   | C_o[0][2][1]   |     4.552 | SLOW    |     2.365 | FAST    |
A_i[0][2][1]   | C_o[0][2][2]   |     4.661 | SLOW    |     2.331 | FAST    |
A_i[0][2][1]   | C_o[0][3][1]   |     4.552 | SLOW    |     2.365 | FAST    |
A_i[0][2][1]   | C_o[0][3][2]   |     4.661 | SLOW    |     2.331 | FAST    |
A_i[0][2][1]   | C_o[0][4][1]   |     4.552 | SLOW    |     2.365 | FAST    |
A_i[0][2][1]   | C_o[0][4][2]   |     4.661 | SLOW    |     2.331 | FAST    |
A_i[0][2][1]   | C_o[0][5][1]   |     4.552 | SLOW    |     2.365 | FAST    |
A_i[0][2][1]   | C_o[0][5][2]   |     4.661 | SLOW    |     2.331 | FAST    |
A_i[0][2][1]   | C_o[0][6][1]   |     4.552 | SLOW    |     2.365 | FAST    |
A_i[0][2][1]   | C_o[0][6][2]   |     4.661 | SLOW    |     2.331 | FAST    |
A_i[0][2][1]   | C_o[0][7][1]   |     4.552 | SLOW    |     2.365 | FAST    |
A_i[0][2][1]   | C_o[0][7][2]   |     4.661 | SLOW    |     2.331 | FAST    |
A_i[0][2][2]   | C_o[0][0][2]   |     4.637 | SLOW    |     2.419 | FAST    |
A_i[0][2][2]   | C_o[0][1][2]   |     4.637 | SLOW    |     2.419 | FAST    |
A_i[0][2][2]   | C_o[0][2][2]   |     4.637 | SLOW    |     2.419 | FAST    |
A_i[0][2][2]   | C_o[0][3][2]   |     4.637 | SLOW    |     2.419 | FAST    |
A_i[0][2][2]   | C_o[0][4][2]   |     4.637 | SLOW    |     2.419 | FAST    |
A_i[0][2][2]   | C_o[0][5][2]   |     4.637 | SLOW    |     2.419 | FAST    |
A_i[0][2][2]   | C_o[0][6][2]   |     4.637 | SLOW    |     2.419 | FAST    |
A_i[0][2][2]   | C_o[0][7][2]   |     4.637 | SLOW    |     2.419 | FAST    |
A_i[0][3][0]   | C_o[0][0][0]   |     4.509 | SLOW    |     2.337 | FAST    |
A_i[0][3][0]   | C_o[0][0][1]   |     4.729 | SLOW    |     2.341 | FAST    |
A_i[0][3][0]   | C_o[0][0][2]   |     4.731 | SLOW    |     2.324 | FAST    |
A_i[0][3][0]   | C_o[0][1][0]   |     4.509 | SLOW    |     2.337 | FAST    |
A_i[0][3][0]   | C_o[0][1][1]   |     4.729 | SLOW    |     2.341 | FAST    |
A_i[0][3][0]   | C_o[0][1][2]   |     4.731 | SLOW    |     2.324 | FAST    |
A_i[0][3][0]   | C_o[0][2][0]   |     4.509 | SLOW    |     2.337 | FAST    |
A_i[0][3][0]   | C_o[0][2][1]   |     4.729 | SLOW    |     2.341 | FAST    |
A_i[0][3][0]   | C_o[0][2][2]   |     4.731 | SLOW    |     2.324 | FAST    |
A_i[0][3][0]   | C_o[0][3][0]   |     4.509 | SLOW    |     2.337 | FAST    |
A_i[0][3][0]   | C_o[0][3][1]   |     4.729 | SLOW    |     2.341 | FAST    |
A_i[0][3][0]   | C_o[0][3][2]   |     4.731 | SLOW    |     2.324 | FAST    |
A_i[0][3][0]   | C_o[0][4][0]   |     4.509 | SLOW    |     2.337 | FAST    |
A_i[0][3][0]   | C_o[0][4][1]   |     4.729 | SLOW    |     2.341 | FAST    |
A_i[0][3][0]   | C_o[0][4][2]   |     4.731 | SLOW    |     2.324 | FAST    |
A_i[0][3][0]   | C_o[0][5][0]   |     4.509 | SLOW    |     2.337 | FAST    |
A_i[0][3][0]   | C_o[0][5][1]   |     4.729 | SLOW    |     2.341 | FAST    |
A_i[0][3][0]   | C_o[0][5][2]   |     4.731 | SLOW    |     2.324 | FAST    |
A_i[0][3][0]   | C_o[0][6][0]   |     4.509 | SLOW    |     2.337 | FAST    |
A_i[0][3][0]   | C_o[0][6][1]   |     4.729 | SLOW    |     2.341 | FAST    |
A_i[0][3][0]   | C_o[0][6][2]   |     4.731 | SLOW    |     2.324 | FAST    |
A_i[0][3][0]   | C_o[0][7][0]   |     4.509 | SLOW    |     2.337 | FAST    |
A_i[0][3][0]   | C_o[0][7][1]   |     4.729 | SLOW    |     2.341 | FAST    |
A_i[0][3][0]   | C_o[0][7][2]   |     4.731 | SLOW    |     2.324 | FAST    |
A_i[0][3][1]   | C_o[0][0][1]   |     4.552 | SLOW    |     2.365 | FAST    |
A_i[0][3][1]   | C_o[0][0][2]   |     4.663 | SLOW    |     2.335 | FAST    |
A_i[0][3][1]   | C_o[0][1][1]   |     4.552 | SLOW    |     2.365 | FAST    |
A_i[0][3][1]   | C_o[0][1][2]   |     4.663 | SLOW    |     2.335 | FAST    |
A_i[0][3][1]   | C_o[0][2][1]   |     4.552 | SLOW    |     2.365 | FAST    |
A_i[0][3][1]   | C_o[0][2][2]   |     4.663 | SLOW    |     2.335 | FAST    |
A_i[0][3][1]   | C_o[0][3][1]   |     4.552 | SLOW    |     2.365 | FAST    |
A_i[0][3][1]   | C_o[0][3][2]   |     4.663 | SLOW    |     2.335 | FAST    |
A_i[0][3][1]   | C_o[0][4][1]   |     4.552 | SLOW    |     2.365 | FAST    |
A_i[0][3][1]   | C_o[0][4][2]   |     4.663 | SLOW    |     2.335 | FAST    |
A_i[0][3][1]   | C_o[0][5][1]   |     4.552 | SLOW    |     2.365 | FAST    |
A_i[0][3][1]   | C_o[0][5][2]   |     4.663 | SLOW    |     2.335 | FAST    |
A_i[0][3][1]   | C_o[0][6][1]   |     4.552 | SLOW    |     2.365 | FAST    |
A_i[0][3][1]   | C_o[0][6][2]   |     4.663 | SLOW    |     2.335 | FAST    |
A_i[0][3][1]   | C_o[0][7][1]   |     4.552 | SLOW    |     2.365 | FAST    |
A_i[0][3][1]   | C_o[0][7][2]   |     4.663 | SLOW    |     2.335 | FAST    |
A_i[0][3][2]   | C_o[0][0][2]   |     4.639 | SLOW    |     2.415 | FAST    |
A_i[0][3][2]   | C_o[0][1][2]   |     4.639 | SLOW    |     2.415 | FAST    |
A_i[0][3][2]   | C_o[0][2][2]   |     4.639 | SLOW    |     2.415 | FAST    |
A_i[0][3][2]   | C_o[0][3][2]   |     4.639 | SLOW    |     2.415 | FAST    |
A_i[0][3][2]   | C_o[0][4][2]   |     4.639 | SLOW    |     2.415 | FAST    |
A_i[0][3][2]   | C_o[0][5][2]   |     4.639 | SLOW    |     2.415 | FAST    |
A_i[0][3][2]   | C_o[0][6][2]   |     4.639 | SLOW    |     2.415 | FAST    |
A_i[0][3][2]   | C_o[0][7][2]   |     4.639 | SLOW    |     2.415 | FAST    |
A_i[1][0][0]   | C_o[1][0][0]   |     4.277 | SLOW    |     2.217 | FAST    |
A_i[1][0][0]   | C_o[1][0][1]   |     4.508 | SLOW    |     2.346 | FAST    |
A_i[1][0][0]   | C_o[1][0][2]   |     4.673 | SLOW    |     2.346 | FAST    |
A_i[1][0][0]   | C_o[1][1][0]   |     4.277 | SLOW    |     2.217 | FAST    |
A_i[1][0][0]   | C_o[1][1][1]   |     4.508 | SLOW    |     2.346 | FAST    |
A_i[1][0][0]   | C_o[1][1][2]   |     4.673 | SLOW    |     2.346 | FAST    |
A_i[1][0][0]   | C_o[1][2][0]   |     4.277 | SLOW    |     2.217 | FAST    |
A_i[1][0][0]   | C_o[1][2][1]   |     4.508 | SLOW    |     2.346 | FAST    |
A_i[1][0][0]   | C_o[1][2][2]   |     4.673 | SLOW    |     2.346 | FAST    |
A_i[1][0][0]   | C_o[1][3][0]   |     4.277 | SLOW    |     2.217 | FAST    |
A_i[1][0][0]   | C_o[1][3][1]   |     4.508 | SLOW    |     2.346 | FAST    |
A_i[1][0][0]   | C_o[1][3][2]   |     4.673 | SLOW    |     2.346 | FAST    |
A_i[1][0][0]   | C_o[1][4][0]   |     4.277 | SLOW    |     2.217 | FAST    |
A_i[1][0][0]   | C_o[1][4][1]   |     4.508 | SLOW    |     2.346 | FAST    |
A_i[1][0][0]   | C_o[1][4][2]   |     4.673 | SLOW    |     2.346 | FAST    |
A_i[1][0][0]   | C_o[1][5][0]   |     4.277 | SLOW    |     2.217 | FAST    |
A_i[1][0][0]   | C_o[1][5][1]   |     4.508 | SLOW    |     2.346 | FAST    |
A_i[1][0][0]   | C_o[1][5][2]   |     4.673 | SLOW    |     2.346 | FAST    |
A_i[1][0][0]   | C_o[1][6][0]   |     4.277 | SLOW    |     2.217 | FAST    |
A_i[1][0][0]   | C_o[1][6][1]   |     4.508 | SLOW    |     2.346 | FAST    |
A_i[1][0][0]   | C_o[1][6][2]   |     4.673 | SLOW    |     2.346 | FAST    |
A_i[1][0][0]   | C_o[1][7][0]   |     4.277 | SLOW    |     2.217 | FAST    |
A_i[1][0][0]   | C_o[1][7][1]   |     4.508 | SLOW    |     2.346 | FAST    |
A_i[1][0][0]   | C_o[1][7][2]   |     4.673 | SLOW    |     2.346 | FAST    |
A_i[1][0][1]   | C_o[1][0][1]   |     4.478 | SLOW    |     2.324 | FAST    |
A_i[1][0][1]   | C_o[1][0][2]   |     4.652 | SLOW    |     2.375 | FAST    |
A_i[1][0][1]   | C_o[1][1][1]   |     4.478 | SLOW    |     2.324 | FAST    |
A_i[1][0][1]   | C_o[1][1][2]   |     4.652 | SLOW    |     2.375 | FAST    |
A_i[1][0][1]   | C_o[1][2][1]   |     4.478 | SLOW    |     2.324 | FAST    |
A_i[1][0][1]   | C_o[1][2][2]   |     4.652 | SLOW    |     2.375 | FAST    |
A_i[1][0][1]   | C_o[1][3][1]   |     4.478 | SLOW    |     2.324 | FAST    |
A_i[1][0][1]   | C_o[1][3][2]   |     4.652 | SLOW    |     2.375 | FAST    |
A_i[1][0][1]   | C_o[1][4][1]   |     4.478 | SLOW    |     2.324 | FAST    |
A_i[1][0][1]   | C_o[1][4][2]   |     4.652 | SLOW    |     2.375 | FAST    |
A_i[1][0][1]   | C_o[1][5][1]   |     4.478 | SLOW    |     2.324 | FAST    |
A_i[1][0][1]   | C_o[1][5][2]   |     4.652 | SLOW    |     2.375 | FAST    |
A_i[1][0][1]   | C_o[1][6][1]   |     4.478 | SLOW    |     2.324 | FAST    |
A_i[1][0][1]   | C_o[1][6][2]   |     4.652 | SLOW    |     2.375 | FAST    |
A_i[1][0][1]   | C_o[1][7][1]   |     4.478 | SLOW    |     2.324 | FAST    |
A_i[1][0][1]   | C_o[1][7][2]   |     4.652 | SLOW    |     2.375 | FAST    |
A_i[1][0][2]   | C_o[1][0][2]   |     4.637 | SLOW    |     2.419 | FAST    |
A_i[1][0][2]   | C_o[1][1][2]   |     4.637 | SLOW    |     2.419 | FAST    |
A_i[1][0][2]   | C_o[1][2][2]   |     4.637 | SLOW    |     2.419 | FAST    |
A_i[1][0][2]   | C_o[1][3][2]   |     4.637 | SLOW    |     2.419 | FAST    |
A_i[1][0][2]   | C_o[1][4][2]   |     4.637 | SLOW    |     2.419 | FAST    |
A_i[1][0][2]   | C_o[1][5][2]   |     4.637 | SLOW    |     2.419 | FAST    |
A_i[1][0][2]   | C_o[1][6][2]   |     4.637 | SLOW    |     2.419 | FAST    |
A_i[1][0][2]   | C_o[1][7][2]   |     4.637 | SLOW    |     2.419 | FAST    |
A_i[1][1][0]   | C_o[1][0][0]   |     4.477 | SLOW    |     2.326 | FAST    |
A_i[1][1][0]   | C_o[1][0][1]   |     4.697 | SLOW    |     2.322 | FAST    |
A_i[1][1][0]   | C_o[1][0][2]   |     4.712 | SLOW    |     2.369 | FAST    |
A_i[1][1][0]   | C_o[1][1][0]   |     4.477 | SLOW    |     2.326 | FAST    |
A_i[1][1][0]   | C_o[1][1][1]   |     4.697 | SLOW    |     2.322 | FAST    |
A_i[1][1][0]   | C_o[1][1][2]   |     4.712 | SLOW    |     2.369 | FAST    |
A_i[1][1][0]   | C_o[1][2][0]   |     4.477 | SLOW    |     2.326 | FAST    |
A_i[1][1][0]   | C_o[1][2][1]   |     4.697 | SLOW    |     2.322 | FAST    |
A_i[1][1][0]   | C_o[1][2][2]   |     4.712 | SLOW    |     2.369 | FAST    |
A_i[1][1][0]   | C_o[1][3][0]   |     4.477 | SLOW    |     2.326 | FAST    |
A_i[1][1][0]   | C_o[1][3][1]   |     4.697 | SLOW    |     2.322 | FAST    |
A_i[1][1][0]   | C_o[1][3][2]   |     4.712 | SLOW    |     2.369 | FAST    |
A_i[1][1][0]   | C_o[1][4][0]   |     4.477 | SLOW    |     2.326 | FAST    |
A_i[1][1][0]   | C_o[1][4][1]   |     4.697 | SLOW    |     2.322 | FAST    |
A_i[1][1][0]   | C_o[1][4][2]   |     4.712 | SLOW    |     2.369 | FAST    |
A_i[1][1][0]   | C_o[1][5][0]   |     4.477 | SLOW    |     2.326 | FAST    |
A_i[1][1][0]   | C_o[1][5][1]   |     4.697 | SLOW    |     2.322 | FAST    |
A_i[1][1][0]   | C_o[1][5][2]   |     4.712 | SLOW    |     2.369 | FAST    |
A_i[1][1][0]   | C_o[1][6][0]   |     4.477 | SLOW    |     2.326 | FAST    |
A_i[1][1][0]   | C_o[1][6][1]   |     4.697 | SLOW    |     2.322 | FAST    |
A_i[1][1][0]   | C_o[1][6][2]   |     4.712 | SLOW    |     2.369 | FAST    |
A_i[1][1][0]   | C_o[1][7][0]   |     4.477 | SLOW    |     2.326 | FAST    |
A_i[1][1][0]   | C_o[1][7][1]   |     4.697 | SLOW    |     2.322 | FAST    |
A_i[1][1][0]   | C_o[1][7][2]   |     4.712 | SLOW    |     2.369 | FAST    |
A_i[1][1][1]   | C_o[1][0][1]   |     4.484 | SLOW    |     2.326 | FAST    |
A_i[1][1][1]   | C_o[1][0][2]   |     4.682 | SLOW    |     2.423 | FAST    |
A_i[1][1][1]   | C_o[1][1][1]   |     4.484 | SLOW    |     2.326 | FAST    |
A_i[1][1][1]   | C_o[1][1][2]   |     4.682 | SLOW    |     2.423 | FAST    |
A_i[1][1][1]   | C_o[1][2][1]   |     4.484 | SLOW    |     2.326 | FAST    |
A_i[1][1][1]   | C_o[1][2][2]   |     4.682 | SLOW    |     2.423 | FAST    |
A_i[1][1][1]   | C_o[1][3][1]   |     4.484 | SLOW    |     2.326 | FAST    |
A_i[1][1][1]   | C_o[1][3][2]   |     4.682 | SLOW    |     2.423 | FAST    |
A_i[1][1][1]   | C_o[1][4][1]   |     4.484 | SLOW    |     2.326 | FAST    |
A_i[1][1][1]   | C_o[1][4][2]   |     4.682 | SLOW    |     2.423 | FAST    |
A_i[1][1][1]   | C_o[1][5][1]   |     4.484 | SLOW    |     2.326 | FAST    |
A_i[1][1][1]   | C_o[1][5][2]   |     4.682 | SLOW    |     2.423 | FAST    |
A_i[1][1][1]   | C_o[1][6][1]   |     4.484 | SLOW    |     2.326 | FAST    |
A_i[1][1][1]   | C_o[1][6][2]   |     4.682 | SLOW    |     2.423 | FAST    |
A_i[1][1][1]   | C_o[1][7][1]   |     4.484 | SLOW    |     2.326 | FAST    |
A_i[1][1][1]   | C_o[1][7][2]   |     4.682 | SLOW    |     2.423 | FAST    |
A_i[1][1][2]   | C_o[1][0][2]   |     4.639 | SLOW    |     2.415 | FAST    |
A_i[1][1][2]   | C_o[1][1][2]   |     4.639 | SLOW    |     2.415 | FAST    |
A_i[1][1][2]   | C_o[1][2][2]   |     4.639 | SLOW    |     2.415 | FAST    |
A_i[1][1][2]   | C_o[1][3][2]   |     4.639 | SLOW    |     2.415 | FAST    |
A_i[1][1][2]   | C_o[1][4][2]   |     4.639 | SLOW    |     2.415 | FAST    |
A_i[1][1][2]   | C_o[1][5][2]   |     4.639 | SLOW    |     2.415 | FAST    |
A_i[1][1][2]   | C_o[1][6][2]   |     4.639 | SLOW    |     2.415 | FAST    |
A_i[1][1][2]   | C_o[1][7][2]   |     4.639 | SLOW    |     2.415 | FAST    |
A_i[1][2][0]   | C_o[1][0][0]   |     4.509 | SLOW    |     2.337 | FAST    |
A_i[1][2][0]   | C_o[1][0][1]   |     4.729 | SLOW    |     2.332 | FAST    |
A_i[1][2][0]   | C_o[1][0][2]   |     4.731 | SLOW    |     2.320 | FAST    |
A_i[1][2][0]   | C_o[1][1][0]   |     4.509 | SLOW    |     2.337 | FAST    |
A_i[1][2][0]   | C_o[1][1][1]   |     4.729 | SLOW    |     2.332 | FAST    |
A_i[1][2][0]   | C_o[1][1][2]   |     4.731 | SLOW    |     2.320 | FAST    |
A_i[1][2][0]   | C_o[1][2][0]   |     4.509 | SLOW    |     2.337 | FAST    |
A_i[1][2][0]   | C_o[1][2][1]   |     4.729 | SLOW    |     2.332 | FAST    |
A_i[1][2][0]   | C_o[1][2][2]   |     4.731 | SLOW    |     2.320 | FAST    |
A_i[1][2][0]   | C_o[1][3][0]   |     4.509 | SLOW    |     2.337 | FAST    |
A_i[1][2][0]   | C_o[1][3][1]   |     4.729 | SLOW    |     2.332 | FAST    |
A_i[1][2][0]   | C_o[1][3][2]   |     4.731 | SLOW    |     2.320 | FAST    |
A_i[1][2][0]   | C_o[1][4][0]   |     4.509 | SLOW    |     2.337 | FAST    |
A_i[1][2][0]   | C_o[1][4][1]   |     4.729 | SLOW    |     2.332 | FAST    |
A_i[1][2][0]   | C_o[1][4][2]   |     4.731 | SLOW    |     2.320 | FAST    |
A_i[1][2][0]   | C_o[1][5][0]   |     4.509 | SLOW    |     2.337 | FAST    |
A_i[1][2][0]   | C_o[1][5][1]   |     4.729 | SLOW    |     2.332 | FAST    |
A_i[1][2][0]   | C_o[1][5][2]   |     4.731 | SLOW    |     2.320 | FAST    |
A_i[1][2][0]   | C_o[1][6][0]   |     4.509 | SLOW    |     2.337 | FAST    |
A_i[1][2][0]   | C_o[1][6][1]   |     4.729 | SLOW    |     2.332 | FAST    |
A_i[1][2][0]   | C_o[1][6][2]   |     4.731 | SLOW    |     2.320 | FAST    |
A_i[1][2][0]   | C_o[1][7][0]   |     4.509 | SLOW    |     2.337 | FAST    |
A_i[1][2][0]   | C_o[1][7][1]   |     4.729 | SLOW    |     2.332 | FAST    |
A_i[1][2][0]   | C_o[1][7][2]   |     4.731 | SLOW    |     2.320 | FAST    |
A_i[1][2][1]   | C_o[1][0][1]   |     4.574 | SLOW    |     2.379 | FAST    |
A_i[1][2][1]   | C_o[1][0][2]   |     4.683 | SLOW    |     2.331 | FAST    |
A_i[1][2][1]   | C_o[1][1][1]   |     4.574 | SLOW    |     2.379 | FAST    |
A_i[1][2][1]   | C_o[1][1][2]   |     4.683 | SLOW    |     2.331 | FAST    |
A_i[1][2][1]   | C_o[1][2][1]   |     4.574 | SLOW    |     2.379 | FAST    |
A_i[1][2][1]   | C_o[1][2][2]   |     4.683 | SLOW    |     2.331 | FAST    |
A_i[1][2][1]   | C_o[1][3][1]   |     4.574 | SLOW    |     2.379 | FAST    |
A_i[1][2][1]   | C_o[1][3][2]   |     4.683 | SLOW    |     2.331 | FAST    |
A_i[1][2][1]   | C_o[1][4][1]   |     4.574 | SLOW    |     2.379 | FAST    |
A_i[1][2][1]   | C_o[1][4][2]   |     4.683 | SLOW    |     2.331 | FAST    |
A_i[1][2][1]   | C_o[1][5][1]   |     4.574 | SLOW    |     2.379 | FAST    |
A_i[1][2][1]   | C_o[1][5][2]   |     4.683 | SLOW    |     2.331 | FAST    |
A_i[1][2][1]   | C_o[1][6][1]   |     4.574 | SLOW    |     2.379 | FAST    |
A_i[1][2][1]   | C_o[1][6][2]   |     4.683 | SLOW    |     2.331 | FAST    |
A_i[1][2][1]   | C_o[1][7][1]   |     4.574 | SLOW    |     2.379 | FAST    |
A_i[1][2][1]   | C_o[1][7][2]   |     4.683 | SLOW    |     2.331 | FAST    |
A_i[1][2][2]   | C_o[1][0][2]   |     4.637 | SLOW    |     2.419 | FAST    |
A_i[1][2][2]   | C_o[1][1][2]   |     4.637 | SLOW    |     2.419 | FAST    |
A_i[1][2][2]   | C_o[1][2][2]   |     4.637 | SLOW    |     2.419 | FAST    |
A_i[1][2][2]   | C_o[1][3][2]   |     4.637 | SLOW    |     2.419 | FAST    |
A_i[1][2][2]   | C_o[1][4][2]   |     4.637 | SLOW    |     2.419 | FAST    |
A_i[1][2][2]   | C_o[1][5][2]   |     4.637 | SLOW    |     2.419 | FAST    |
A_i[1][2][2]   | C_o[1][6][2]   |     4.637 | SLOW    |     2.419 | FAST    |
A_i[1][2][2]   | C_o[1][7][2]   |     4.637 | SLOW    |     2.419 | FAST    |
A_i[1][3][0]   | C_o[1][0][0]   |     4.509 | SLOW    |     2.337 | FAST    |
A_i[1][3][0]   | C_o[1][0][1]   |     4.729 | SLOW    |     2.341 | FAST    |
A_i[1][3][0]   | C_o[1][0][2]   |     4.731 | SLOW    |     2.324 | FAST    |
A_i[1][3][0]   | C_o[1][1][0]   |     4.509 | SLOW    |     2.337 | FAST    |
A_i[1][3][0]   | C_o[1][1][1]   |     4.729 | SLOW    |     2.341 | FAST    |
A_i[1][3][0]   | C_o[1][1][2]   |     4.731 | SLOW    |     2.324 | FAST    |
A_i[1][3][0]   | C_o[1][2][0]   |     4.509 | SLOW    |     2.337 | FAST    |
A_i[1][3][0]   | C_o[1][2][1]   |     4.729 | SLOW    |     2.341 | FAST    |
A_i[1][3][0]   | C_o[1][2][2]   |     4.731 | SLOW    |     2.324 | FAST    |
A_i[1][3][0]   | C_o[1][3][0]   |     4.509 | SLOW    |     2.337 | FAST    |
A_i[1][3][0]   | C_o[1][3][1]   |     4.729 | SLOW    |     2.341 | FAST    |
A_i[1][3][0]   | C_o[1][3][2]   |     4.731 | SLOW    |     2.324 | FAST    |
A_i[1][3][0]   | C_o[1][4][0]   |     4.509 | SLOW    |     2.337 | FAST    |
A_i[1][3][0]   | C_o[1][4][1]   |     4.729 | SLOW    |     2.341 | FAST    |
A_i[1][3][0]   | C_o[1][4][2]   |     4.731 | SLOW    |     2.324 | FAST    |
A_i[1][3][0]   | C_o[1][5][0]   |     4.509 | SLOW    |     2.337 | FAST    |
A_i[1][3][0]   | C_o[1][5][1]   |     4.729 | SLOW    |     2.341 | FAST    |
A_i[1][3][0]   | C_o[1][5][2]   |     4.731 | SLOW    |     2.324 | FAST    |
A_i[1][3][0]   | C_o[1][6][0]   |     4.509 | SLOW    |     2.337 | FAST    |
A_i[1][3][0]   | C_o[1][6][1]   |     4.729 | SLOW    |     2.341 | FAST    |
A_i[1][3][0]   | C_o[1][6][2]   |     4.731 | SLOW    |     2.324 | FAST    |
A_i[1][3][0]   | C_o[1][7][0]   |     4.509 | SLOW    |     2.337 | FAST    |
A_i[1][3][0]   | C_o[1][7][1]   |     4.729 | SLOW    |     2.341 | FAST    |
A_i[1][3][0]   | C_o[1][7][2]   |     4.731 | SLOW    |     2.324 | FAST    |
A_i[1][3][1]   | C_o[1][0][1]   |     4.574 | SLOW    |     2.379 | FAST    |
A_i[1][3][1]   | C_o[1][0][2]   |     4.685 | SLOW    |     2.335 | FAST    |
A_i[1][3][1]   | C_o[1][1][1]   |     4.574 | SLOW    |     2.379 | FAST    |
A_i[1][3][1]   | C_o[1][1][2]   |     4.685 | SLOW    |     2.335 | FAST    |
A_i[1][3][1]   | C_o[1][2][1]   |     4.574 | SLOW    |     2.379 | FAST    |
A_i[1][3][1]   | C_o[1][2][2]   |     4.685 | SLOW    |     2.335 | FAST    |
A_i[1][3][1]   | C_o[1][3][1]   |     4.574 | SLOW    |     2.379 | FAST    |
A_i[1][3][1]   | C_o[1][3][2]   |     4.685 | SLOW    |     2.335 | FAST    |
A_i[1][3][1]   | C_o[1][4][1]   |     4.574 | SLOW    |     2.379 | FAST    |
A_i[1][3][1]   | C_o[1][4][2]   |     4.685 | SLOW    |     2.335 | FAST    |
A_i[1][3][1]   | C_o[1][5][1]   |     4.574 | SLOW    |     2.379 | FAST    |
A_i[1][3][1]   | C_o[1][5][2]   |     4.685 | SLOW    |     2.335 | FAST    |
A_i[1][3][1]   | C_o[1][6][1]   |     4.574 | SLOW    |     2.379 | FAST    |
A_i[1][3][1]   | C_o[1][6][2]   |     4.685 | SLOW    |     2.335 | FAST    |
A_i[1][3][1]   | C_o[1][7][1]   |     4.574 | SLOW    |     2.379 | FAST    |
A_i[1][3][1]   | C_o[1][7][2]   |     4.685 | SLOW    |     2.335 | FAST    |
A_i[1][3][2]   | C_o[1][0][2]   |     4.639 | SLOW    |     2.415 | FAST    |
A_i[1][3][2]   | C_o[1][1][2]   |     4.639 | SLOW    |     2.415 | FAST    |
A_i[1][3][2]   | C_o[1][2][2]   |     4.639 | SLOW    |     2.415 | FAST    |
A_i[1][3][2]   | C_o[1][3][2]   |     4.639 | SLOW    |     2.415 | FAST    |
A_i[1][3][2]   | C_o[1][4][2]   |     4.639 | SLOW    |     2.415 | FAST    |
A_i[1][3][2]   | C_o[1][5][2]   |     4.639 | SLOW    |     2.415 | FAST    |
A_i[1][3][2]   | C_o[1][6][2]   |     4.639 | SLOW    |     2.415 | FAST    |
A_i[1][3][2]   | C_o[1][7][2]   |     4.639 | SLOW    |     2.415 | FAST    |
A_i[2][0][0]   | C_o[2][0][0]   |     4.277 | SLOW    |     2.217 | FAST    |
A_i[2][0][0]   | C_o[2][0][1]   |     4.506 | SLOW    |     2.326 | FAST    |
A_i[2][0][0]   | C_o[2][0][2]   |     4.673 | SLOW    |     2.346 | FAST    |
A_i[2][0][0]   | C_o[2][1][0]   |     4.277 | SLOW    |     2.217 | FAST    |
A_i[2][0][0]   | C_o[2][1][1]   |     4.506 | SLOW    |     2.326 | FAST    |
A_i[2][0][0]   | C_o[2][1][2]   |     4.673 | SLOW    |     2.346 | FAST    |
A_i[2][0][0]   | C_o[2][2][0]   |     4.277 | SLOW    |     2.217 | FAST    |
A_i[2][0][0]   | C_o[2][2][1]   |     4.506 | SLOW    |     2.326 | FAST    |
A_i[2][0][0]   | C_o[2][2][2]   |     4.673 | SLOW    |     2.346 | FAST    |
A_i[2][0][0]   | C_o[2][3][0]   |     4.277 | SLOW    |     2.217 | FAST    |
A_i[2][0][0]   | C_o[2][3][1]   |     4.506 | SLOW    |     2.326 | FAST    |
A_i[2][0][0]   | C_o[2][3][2]   |     4.673 | SLOW    |     2.346 | FAST    |
A_i[2][0][0]   | C_o[2][4][0]   |     4.277 | SLOW    |     2.217 | FAST    |
A_i[2][0][0]   | C_o[2][4][1]   |     4.506 | SLOW    |     2.326 | FAST    |
A_i[2][0][0]   | C_o[2][4][2]   |     4.673 | SLOW    |     2.346 | FAST    |
A_i[2][0][0]   | C_o[2][5][0]   |     4.277 | SLOW    |     2.217 | FAST    |
A_i[2][0][0]   | C_o[2][5][1]   |     4.506 | SLOW    |     2.326 | FAST    |
A_i[2][0][0]   | C_o[2][5][2]   |     4.673 | SLOW    |     2.346 | FAST    |
A_i[2][0][0]   | C_o[2][6][0]   |     4.277 | SLOW    |     2.217 | FAST    |
A_i[2][0][0]   | C_o[2][6][1]   |     4.506 | SLOW    |     2.326 | FAST    |
A_i[2][0][0]   | C_o[2][6][2]   |     4.673 | SLOW    |     2.346 | FAST    |
A_i[2][0][0]   | C_o[2][7][0]   |     4.277 | SLOW    |     2.217 | FAST    |
A_i[2][0][0]   | C_o[2][7][1]   |     4.506 | SLOW    |     2.326 | FAST    |
A_i[2][0][0]   | C_o[2][7][2]   |     4.673 | SLOW    |     2.346 | FAST    |
A_i[2][0][1]   | C_o[2][0][1]   |     4.456 | SLOW    |     2.310 | FAST    |
A_i[2][0][1]   | C_o[2][0][2]   |     4.652 | SLOW    |     2.361 | FAST    |
A_i[2][0][1]   | C_o[2][1][1]   |     4.456 | SLOW    |     2.310 | FAST    |
A_i[2][0][1]   | C_o[2][1][2]   |     4.652 | SLOW    |     2.361 | FAST    |
A_i[2][0][1]   | C_o[2][2][1]   |     4.456 | SLOW    |     2.310 | FAST    |
A_i[2][0][1]   | C_o[2][2][2]   |     4.652 | SLOW    |     2.361 | FAST    |
A_i[2][0][1]   | C_o[2][3][1]   |     4.456 | SLOW    |     2.310 | FAST    |
A_i[2][0][1]   | C_o[2][3][2]   |     4.652 | SLOW    |     2.361 | FAST    |
A_i[2][0][1]   | C_o[2][4][1]   |     4.456 | SLOW    |     2.310 | FAST    |
A_i[2][0][1]   | C_o[2][4][2]   |     4.652 | SLOW    |     2.361 | FAST    |
A_i[2][0][1]   | C_o[2][5][1]   |     4.456 | SLOW    |     2.310 | FAST    |
A_i[2][0][1]   | C_o[2][5][2]   |     4.652 | SLOW    |     2.361 | FAST    |
A_i[2][0][1]   | C_o[2][6][1]   |     4.456 | SLOW    |     2.310 | FAST    |
A_i[2][0][1]   | C_o[2][6][2]   |     4.652 | SLOW    |     2.361 | FAST    |
A_i[2][0][1]   | C_o[2][7][1]   |     4.456 | SLOW    |     2.310 | FAST    |
A_i[2][0][1]   | C_o[2][7][2]   |     4.652 | SLOW    |     2.361 | FAST    |
A_i[2][0][2]   | C_o[2][0][2]   |     4.637 | SLOW    |     2.419 | FAST    |
A_i[2][0][2]   | C_o[2][1][2]   |     4.637 | SLOW    |     2.419 | FAST    |
A_i[2][0][2]   | C_o[2][2][2]   |     4.637 | SLOW    |     2.419 | FAST    |
A_i[2][0][2]   | C_o[2][3][2]   |     4.637 | SLOW    |     2.419 | FAST    |
A_i[2][0][2]   | C_o[2][4][2]   |     4.637 | SLOW    |     2.419 | FAST    |
A_i[2][0][2]   | C_o[2][5][2]   |     4.637 | SLOW    |     2.419 | FAST    |
A_i[2][0][2]   | C_o[2][6][2]   |     4.637 | SLOW    |     2.419 | FAST    |
A_i[2][0][2]   | C_o[2][7][2]   |     4.637 | SLOW    |     2.419 | FAST    |
A_i[2][1][0]   | C_o[2][0][0]   |     4.477 | SLOW    |     2.326 | FAST    |
A_i[2][1][0]   | C_o[2][0][1]   |     4.697 | SLOW    |     2.322 | FAST    |
A_i[2][1][0]   | C_o[2][0][2]   |     4.699 | SLOW    |     2.369 | FAST    |
A_i[2][1][0]   | C_o[2][1][0]   |     4.477 | SLOW    |     2.326 | FAST    |
A_i[2][1][0]   | C_o[2][1][1]   |     4.697 | SLOW    |     2.322 | FAST    |
A_i[2][1][0]   | C_o[2][1][2]   |     4.699 | SLOW    |     2.369 | FAST    |
A_i[2][1][0]   | C_o[2][2][0]   |     4.477 | SLOW    |     2.326 | FAST    |
A_i[2][1][0]   | C_o[2][2][1]   |     4.697 | SLOW    |     2.322 | FAST    |
A_i[2][1][0]   | C_o[2][2][2]   |     4.699 | SLOW    |     2.369 | FAST    |
A_i[2][1][0]   | C_o[2][3][0]   |     4.477 | SLOW    |     2.326 | FAST    |
A_i[2][1][0]   | C_o[2][3][1]   |     4.697 | SLOW    |     2.322 | FAST    |
A_i[2][1][0]   | C_o[2][3][2]   |     4.699 | SLOW    |     2.369 | FAST    |
A_i[2][1][0]   | C_o[2][4][0]   |     4.477 | SLOW    |     2.326 | FAST    |
A_i[2][1][0]   | C_o[2][4][1]   |     4.697 | SLOW    |     2.322 | FAST    |
A_i[2][1][0]   | C_o[2][4][2]   |     4.699 | SLOW    |     2.369 | FAST    |
A_i[2][1][0]   | C_o[2][5][0]   |     4.477 | SLOW    |     2.326 | FAST    |
A_i[2][1][0]   | C_o[2][5][1]   |     4.697 | SLOW    |     2.322 | FAST    |
A_i[2][1][0]   | C_o[2][5][2]   |     4.699 | SLOW    |     2.369 | FAST    |
A_i[2][1][0]   | C_o[2][6][0]   |     4.477 | SLOW    |     2.326 | FAST    |
A_i[2][1][0]   | C_o[2][6][1]   |     4.697 | SLOW    |     2.322 | FAST    |
A_i[2][1][0]   | C_o[2][6][2]   |     4.699 | SLOW    |     2.369 | FAST    |
A_i[2][1][0]   | C_o[2][7][0]   |     4.477 | SLOW    |     2.326 | FAST    |
A_i[2][1][0]   | C_o[2][7][1]   |     4.697 | SLOW    |     2.322 | FAST    |
A_i[2][1][0]   | C_o[2][7][2]   |     4.699 | SLOW    |     2.369 | FAST    |
A_i[2][1][1]   | C_o[2][0][1]   |     4.462 | SLOW    |     2.312 | FAST    |
A_i[2][1][1]   | C_o[2][0][2]   |     4.660 | SLOW    |     2.423 | FAST    |
A_i[2][1][1]   | C_o[2][1][1]   |     4.462 | SLOW    |     2.312 | FAST    |
A_i[2][1][1]   | C_o[2][1][2]   |     4.660 | SLOW    |     2.423 | FAST    |
A_i[2][1][1]   | C_o[2][2][1]   |     4.462 | SLOW    |     2.312 | FAST    |
A_i[2][1][1]   | C_o[2][2][2]   |     4.660 | SLOW    |     2.423 | FAST    |
A_i[2][1][1]   | C_o[2][3][1]   |     4.462 | SLOW    |     2.312 | FAST    |
A_i[2][1][1]   | C_o[2][3][2]   |     4.660 | SLOW    |     2.423 | FAST    |
A_i[2][1][1]   | C_o[2][4][1]   |     4.462 | SLOW    |     2.312 | FAST    |
A_i[2][1][1]   | C_o[2][4][2]   |     4.660 | SLOW    |     2.423 | FAST    |
A_i[2][1][1]   | C_o[2][5][1]   |     4.462 | SLOW    |     2.312 | FAST    |
A_i[2][1][1]   | C_o[2][5][2]   |     4.660 | SLOW    |     2.423 | FAST    |
A_i[2][1][1]   | C_o[2][6][1]   |     4.462 | SLOW    |     2.312 | FAST    |
A_i[2][1][1]   | C_o[2][6][2]   |     4.660 | SLOW    |     2.423 | FAST    |
A_i[2][1][1]   | C_o[2][7][1]   |     4.462 | SLOW    |     2.312 | FAST    |
A_i[2][1][1]   | C_o[2][7][2]   |     4.660 | SLOW    |     2.423 | FAST    |
A_i[2][1][2]   | C_o[2][0][2]   |     4.639 | SLOW    |     2.415 | FAST    |
A_i[2][1][2]   | C_o[2][1][2]   |     4.639 | SLOW    |     2.415 | FAST    |
A_i[2][1][2]   | C_o[2][2][2]   |     4.639 | SLOW    |     2.415 | FAST    |
A_i[2][1][2]   | C_o[2][3][2]   |     4.639 | SLOW    |     2.415 | FAST    |
A_i[2][1][2]   | C_o[2][4][2]   |     4.639 | SLOW    |     2.415 | FAST    |
A_i[2][1][2]   | C_o[2][5][2]   |     4.639 | SLOW    |     2.415 | FAST    |
A_i[2][1][2]   | C_o[2][6][2]   |     4.639 | SLOW    |     2.415 | FAST    |
A_i[2][1][2]   | C_o[2][7][2]   |     4.639 | SLOW    |     2.415 | FAST    |
A_i[2][2][0]   | C_o[2][0][0]   |     4.509 | SLOW    |     2.337 | FAST    |
A_i[2][2][0]   | C_o[2][0][1]   |     4.729 | SLOW    |     2.332 | FAST    |
A_i[2][2][0]   | C_o[2][0][2]   |     4.731 | SLOW    |     2.320 | FAST    |
A_i[2][2][0]   | C_o[2][1][0]   |     4.509 | SLOW    |     2.337 | FAST    |
A_i[2][2][0]   | C_o[2][1][1]   |     4.729 | SLOW    |     2.332 | FAST    |
A_i[2][2][0]   | C_o[2][1][2]   |     4.731 | SLOW    |     2.320 | FAST    |
A_i[2][2][0]   | C_o[2][2][0]   |     4.509 | SLOW    |     2.337 | FAST    |
A_i[2][2][0]   | C_o[2][2][1]   |     4.729 | SLOW    |     2.332 | FAST    |
A_i[2][2][0]   | C_o[2][2][2]   |     4.731 | SLOW    |     2.320 | FAST    |
A_i[2][2][0]   | C_o[2][3][0]   |     4.509 | SLOW    |     2.337 | FAST    |
A_i[2][2][0]   | C_o[2][3][1]   |     4.729 | SLOW    |     2.332 | FAST    |
A_i[2][2][0]   | C_o[2][3][2]   |     4.731 | SLOW    |     2.320 | FAST    |
A_i[2][2][0]   | C_o[2][4][0]   |     4.509 | SLOW    |     2.337 | FAST    |
A_i[2][2][0]   | C_o[2][4][1]   |     4.729 | SLOW    |     2.332 | FAST    |
A_i[2][2][0]   | C_o[2][4][2]   |     4.731 | SLOW    |     2.320 | FAST    |
A_i[2][2][0]   | C_o[2][5][0]   |     4.509 | SLOW    |     2.337 | FAST    |
A_i[2][2][0]   | C_o[2][5][1]   |     4.729 | SLOW    |     2.332 | FAST    |
A_i[2][2][0]   | C_o[2][5][2]   |     4.731 | SLOW    |     2.320 | FAST    |
A_i[2][2][0]   | C_o[2][6][0]   |     4.509 | SLOW    |     2.337 | FAST    |
A_i[2][2][0]   | C_o[2][6][1]   |     4.729 | SLOW    |     2.332 | FAST    |
A_i[2][2][0]   | C_o[2][6][2]   |     4.731 | SLOW    |     2.320 | FAST    |
A_i[2][2][0]   | C_o[2][7][0]   |     4.509 | SLOW    |     2.337 | FAST    |
A_i[2][2][0]   | C_o[2][7][1]   |     4.729 | SLOW    |     2.332 | FAST    |
A_i[2][2][0]   | C_o[2][7][2]   |     4.731 | SLOW    |     2.320 | FAST    |
A_i[2][2][1]   | C_o[2][0][1]   |     4.552 | SLOW    |     2.365 | FAST    |
A_i[2][2][1]   | C_o[2][0][2]   |     4.661 | SLOW    |     2.331 | FAST    |
A_i[2][2][1]   | C_o[2][1][1]   |     4.552 | SLOW    |     2.365 | FAST    |
A_i[2][2][1]   | C_o[2][1][2]   |     4.661 | SLOW    |     2.331 | FAST    |
A_i[2][2][1]   | C_o[2][2][1]   |     4.552 | SLOW    |     2.365 | FAST    |
A_i[2][2][1]   | C_o[2][2][2]   |     4.661 | SLOW    |     2.331 | FAST    |
A_i[2][2][1]   | C_o[2][3][1]   |     4.552 | SLOW    |     2.365 | FAST    |
A_i[2][2][1]   | C_o[2][3][2]   |     4.661 | SLOW    |     2.331 | FAST    |
A_i[2][2][1]   | C_o[2][4][1]   |     4.552 | SLOW    |     2.365 | FAST    |
A_i[2][2][1]   | C_o[2][4][2]   |     4.661 | SLOW    |     2.331 | FAST    |
A_i[2][2][1]   | C_o[2][5][1]   |     4.552 | SLOW    |     2.365 | FAST    |
A_i[2][2][1]   | C_o[2][5][2]   |     4.661 | SLOW    |     2.331 | FAST    |
A_i[2][2][1]   | C_o[2][6][1]   |     4.552 | SLOW    |     2.365 | FAST    |
A_i[2][2][1]   | C_o[2][6][2]   |     4.661 | SLOW    |     2.331 | FAST    |
A_i[2][2][1]   | C_o[2][7][1]   |     4.552 | SLOW    |     2.365 | FAST    |
A_i[2][2][1]   | C_o[2][7][2]   |     4.661 | SLOW    |     2.331 | FAST    |
A_i[2][2][2]   | C_o[2][0][2]   |     4.637 | SLOW    |     2.419 | FAST    |
A_i[2][2][2]   | C_o[2][1][2]   |     4.637 | SLOW    |     2.419 | FAST    |
A_i[2][2][2]   | C_o[2][2][2]   |     4.637 | SLOW    |     2.419 | FAST    |
A_i[2][2][2]   | C_o[2][3][2]   |     4.637 | SLOW    |     2.419 | FAST    |
A_i[2][2][2]   | C_o[2][4][2]   |     4.637 | SLOW    |     2.419 | FAST    |
A_i[2][2][2]   | C_o[2][5][2]   |     4.637 | SLOW    |     2.419 | FAST    |
A_i[2][2][2]   | C_o[2][6][2]   |     4.637 | SLOW    |     2.419 | FAST    |
A_i[2][2][2]   | C_o[2][7][2]   |     4.637 | SLOW    |     2.419 | FAST    |
A_i[2][3][0]   | C_o[2][0][0]   |     4.509 | SLOW    |     2.337 | FAST    |
A_i[2][3][0]   | C_o[2][0][1]   |     4.729 | SLOW    |     2.341 | FAST    |
A_i[2][3][0]   | C_o[2][0][2]   |     4.731 | SLOW    |     2.324 | FAST    |
A_i[2][3][0]   | C_o[2][1][0]   |     4.509 | SLOW    |     2.337 | FAST    |
A_i[2][3][0]   | C_o[2][1][1]   |     4.729 | SLOW    |     2.341 | FAST    |
A_i[2][3][0]   | C_o[2][1][2]   |     4.731 | SLOW    |     2.324 | FAST    |
A_i[2][3][0]   | C_o[2][2][0]   |     4.509 | SLOW    |     2.337 | FAST    |
A_i[2][3][0]   | C_o[2][2][1]   |     4.729 | SLOW    |     2.341 | FAST    |
A_i[2][3][0]   | C_o[2][2][2]   |     4.731 | SLOW    |     2.324 | FAST    |
A_i[2][3][0]   | C_o[2][3][0]   |     4.509 | SLOW    |     2.337 | FAST    |
A_i[2][3][0]   | C_o[2][3][1]   |     4.729 | SLOW    |     2.341 | FAST    |
A_i[2][3][0]   | C_o[2][3][2]   |     4.731 | SLOW    |     2.324 | FAST    |
A_i[2][3][0]   | C_o[2][4][0]   |     4.509 | SLOW    |     2.337 | FAST    |
A_i[2][3][0]   | C_o[2][4][1]   |     4.729 | SLOW    |     2.341 | FAST    |
A_i[2][3][0]   | C_o[2][4][2]   |     4.731 | SLOW    |     2.324 | FAST    |
A_i[2][3][0]   | C_o[2][5][0]   |     4.509 | SLOW    |     2.337 | FAST    |
A_i[2][3][0]   | C_o[2][5][1]   |     4.729 | SLOW    |     2.341 | FAST    |
A_i[2][3][0]   | C_o[2][5][2]   |     4.731 | SLOW    |     2.324 | FAST    |
A_i[2][3][0]   | C_o[2][6][0]   |     4.509 | SLOW    |     2.337 | FAST    |
A_i[2][3][0]   | C_o[2][6][1]   |     4.729 | SLOW    |     2.341 | FAST    |
A_i[2][3][0]   | C_o[2][6][2]   |     4.731 | SLOW    |     2.324 | FAST    |
A_i[2][3][0]   | C_o[2][7][0]   |     4.509 | SLOW    |     2.337 | FAST    |
A_i[2][3][0]   | C_o[2][7][1]   |     4.729 | SLOW    |     2.341 | FAST    |
A_i[2][3][0]   | C_o[2][7][2]   |     4.731 | SLOW    |     2.324 | FAST    |
A_i[2][3][1]   | C_o[2][0][1]   |     4.552 | SLOW    |     2.365 | FAST    |
A_i[2][3][1]   | C_o[2][0][2]   |     4.663 | SLOW    |     2.335 | FAST    |
A_i[2][3][1]   | C_o[2][1][1]   |     4.552 | SLOW    |     2.365 | FAST    |
A_i[2][3][1]   | C_o[2][1][2]   |     4.663 | SLOW    |     2.335 | FAST    |
A_i[2][3][1]   | C_o[2][2][1]   |     4.552 | SLOW    |     2.365 | FAST    |
A_i[2][3][1]   | C_o[2][2][2]   |     4.663 | SLOW    |     2.335 | FAST    |
A_i[2][3][1]   | C_o[2][3][1]   |     4.552 | SLOW    |     2.365 | FAST    |
A_i[2][3][1]   | C_o[2][3][2]   |     4.663 | SLOW    |     2.335 | FAST    |
A_i[2][3][1]   | C_o[2][4][1]   |     4.552 | SLOW    |     2.365 | FAST    |
A_i[2][3][1]   | C_o[2][4][2]   |     4.663 | SLOW    |     2.335 | FAST    |
A_i[2][3][1]   | C_o[2][5][1]   |     4.552 | SLOW    |     2.365 | FAST    |
A_i[2][3][1]   | C_o[2][5][2]   |     4.663 | SLOW    |     2.335 | FAST    |
A_i[2][3][1]   | C_o[2][6][1]   |     4.552 | SLOW    |     2.365 | FAST    |
A_i[2][3][1]   | C_o[2][6][2]   |     4.663 | SLOW    |     2.335 | FAST    |
A_i[2][3][1]   | C_o[2][7][1]   |     4.552 | SLOW    |     2.365 | FAST    |
A_i[2][3][1]   | C_o[2][7][2]   |     4.663 | SLOW    |     2.335 | FAST    |
A_i[2][3][2]   | C_o[2][0][2]   |     4.639 | SLOW    |     2.415 | FAST    |
A_i[2][3][2]   | C_o[2][1][2]   |     4.639 | SLOW    |     2.415 | FAST    |
A_i[2][3][2]   | C_o[2][2][2]   |     4.639 | SLOW    |     2.415 | FAST    |
A_i[2][3][2]   | C_o[2][3][2]   |     4.639 | SLOW    |     2.415 | FAST    |
A_i[2][3][2]   | C_o[2][4][2]   |     4.639 | SLOW    |     2.415 | FAST    |
A_i[2][3][2]   | C_o[2][5][2]   |     4.639 | SLOW    |     2.415 | FAST    |
A_i[2][3][2]   | C_o[2][6][2]   |     4.639 | SLOW    |     2.415 | FAST    |
A_i[2][3][2]   | C_o[2][7][2]   |     4.639 | SLOW    |     2.415 | FAST    |
A_i[3][0][0]   | C_o[3][0][0]   |     4.277 | SLOW    |     2.217 | FAST    |
A_i[3][0][0]   | C_o[3][0][1]   |     4.508 | SLOW    |     2.346 | FAST    |
A_i[3][0][0]   | C_o[3][0][2]   |     4.673 | SLOW    |     2.346 | FAST    |
A_i[3][0][0]   | C_o[3][1][0]   |     4.277 | SLOW    |     2.217 | FAST    |
A_i[3][0][0]   | C_o[3][1][1]   |     4.508 | SLOW    |     2.346 | FAST    |
A_i[3][0][0]   | C_o[3][1][2]   |     4.673 | SLOW    |     2.346 | FAST    |
A_i[3][0][0]   | C_o[3][2][0]   |     4.277 | SLOW    |     2.217 | FAST    |
A_i[3][0][0]   | C_o[3][2][1]   |     4.508 | SLOW    |     2.346 | FAST    |
A_i[3][0][0]   | C_o[3][2][2]   |     4.673 | SLOW    |     2.346 | FAST    |
A_i[3][0][0]   | C_o[3][3][0]   |     4.277 | SLOW    |     2.217 | FAST    |
A_i[3][0][0]   | C_o[3][3][1]   |     4.508 | SLOW    |     2.346 | FAST    |
A_i[3][0][0]   | C_o[3][3][2]   |     4.673 | SLOW    |     2.346 | FAST    |
A_i[3][0][0]   | C_o[3][4][0]   |     4.277 | SLOW    |     2.217 | FAST    |
A_i[3][0][0]   | C_o[3][4][1]   |     4.508 | SLOW    |     2.346 | FAST    |
A_i[3][0][0]   | C_o[3][4][2]   |     4.673 | SLOW    |     2.346 | FAST    |
A_i[3][0][0]   | C_o[3][5][0]   |     4.277 | SLOW    |     2.217 | FAST    |
A_i[3][0][0]   | C_o[3][5][1]   |     4.508 | SLOW    |     2.346 | FAST    |
A_i[3][0][0]   | C_o[3][5][2]   |     4.673 | SLOW    |     2.346 | FAST    |
A_i[3][0][0]   | C_o[3][6][0]   |     4.277 | SLOW    |     2.217 | FAST    |
A_i[3][0][0]   | C_o[3][6][1]   |     4.508 | SLOW    |     2.346 | FAST    |
A_i[3][0][0]   | C_o[3][6][2]   |     4.673 | SLOW    |     2.346 | FAST    |
A_i[3][0][0]   | C_o[3][7][0]   |     4.277 | SLOW    |     2.217 | FAST    |
A_i[3][0][0]   | C_o[3][7][1]   |     4.508 | SLOW    |     2.346 | FAST    |
A_i[3][0][0]   | C_o[3][7][2]   |     4.673 | SLOW    |     2.346 | FAST    |
A_i[3][0][1]   | C_o[3][0][1]   |     4.478 | SLOW    |     2.324 | FAST    |
A_i[3][0][1]   | C_o[3][0][2]   |     4.652 | SLOW    |     2.375 | FAST    |
A_i[3][0][1]   | C_o[3][1][1]   |     4.478 | SLOW    |     2.324 | FAST    |
A_i[3][0][1]   | C_o[3][1][2]   |     4.652 | SLOW    |     2.375 | FAST    |
A_i[3][0][1]   | C_o[3][2][1]   |     4.478 | SLOW    |     2.324 | FAST    |
A_i[3][0][1]   | C_o[3][2][2]   |     4.652 | SLOW    |     2.375 | FAST    |
A_i[3][0][1]   | C_o[3][3][1]   |     4.478 | SLOW    |     2.324 | FAST    |
A_i[3][0][1]   | C_o[3][3][2]   |     4.652 | SLOW    |     2.375 | FAST    |
A_i[3][0][1]   | C_o[3][4][1]   |     4.478 | SLOW    |     2.324 | FAST    |
A_i[3][0][1]   | C_o[3][4][2]   |     4.652 | SLOW    |     2.375 | FAST    |
A_i[3][0][1]   | C_o[3][5][1]   |     4.478 | SLOW    |     2.324 | FAST    |
A_i[3][0][1]   | C_o[3][5][2]   |     4.652 | SLOW    |     2.375 | FAST    |
A_i[3][0][1]   | C_o[3][6][1]   |     4.478 | SLOW    |     2.324 | FAST    |
A_i[3][0][1]   | C_o[3][6][2]   |     4.652 | SLOW    |     2.375 | FAST    |
A_i[3][0][1]   | C_o[3][7][1]   |     4.478 | SLOW    |     2.324 | FAST    |
A_i[3][0][1]   | C_o[3][7][2]   |     4.652 | SLOW    |     2.375 | FAST    |
A_i[3][0][2]   | C_o[3][0][2]   |     4.637 | SLOW    |     2.419 | FAST    |
A_i[3][0][2]   | C_o[3][1][2]   |     4.637 | SLOW    |     2.419 | FAST    |
A_i[3][0][2]   | C_o[3][2][2]   |     4.637 | SLOW    |     2.419 | FAST    |
A_i[3][0][2]   | C_o[3][3][2]   |     4.637 | SLOW    |     2.419 | FAST    |
A_i[3][0][2]   | C_o[3][4][2]   |     4.637 | SLOW    |     2.419 | FAST    |
A_i[3][0][2]   | C_o[3][5][2]   |     4.637 | SLOW    |     2.419 | FAST    |
A_i[3][0][2]   | C_o[3][6][2]   |     4.637 | SLOW    |     2.419 | FAST    |
A_i[3][0][2]   | C_o[3][7][2]   |     4.637 | SLOW    |     2.419 | FAST    |
A_i[3][1][0]   | C_o[3][0][0]   |     4.477 | SLOW    |     2.326 | FAST    |
A_i[3][1][0]   | C_o[3][0][1]   |     4.697 | SLOW    |     2.322 | FAST    |
A_i[3][1][0]   | C_o[3][0][2]   |     4.712 | SLOW    |     2.369 | FAST    |
A_i[3][1][0]   | C_o[3][1][0]   |     4.477 | SLOW    |     2.326 | FAST    |
A_i[3][1][0]   | C_o[3][1][1]   |     4.697 | SLOW    |     2.322 | FAST    |
A_i[3][1][0]   | C_o[3][1][2]   |     4.712 | SLOW    |     2.369 | FAST    |
A_i[3][1][0]   | C_o[3][2][0]   |     4.477 | SLOW    |     2.326 | FAST    |
A_i[3][1][0]   | C_o[3][2][1]   |     4.697 | SLOW    |     2.322 | FAST    |
A_i[3][1][0]   | C_o[3][2][2]   |     4.712 | SLOW    |     2.369 | FAST    |
A_i[3][1][0]   | C_o[3][3][0]   |     4.477 | SLOW    |     2.326 | FAST    |
A_i[3][1][0]   | C_o[3][3][1]   |     4.697 | SLOW    |     2.322 | FAST    |
A_i[3][1][0]   | C_o[3][3][2]   |     4.712 | SLOW    |     2.369 | FAST    |
A_i[3][1][0]   | C_o[3][4][0]   |     4.477 | SLOW    |     2.326 | FAST    |
A_i[3][1][0]   | C_o[3][4][1]   |     4.697 | SLOW    |     2.322 | FAST    |
A_i[3][1][0]   | C_o[3][4][2]   |     4.712 | SLOW    |     2.369 | FAST    |
A_i[3][1][0]   | C_o[3][5][0]   |     4.477 | SLOW    |     2.326 | FAST    |
A_i[3][1][0]   | C_o[3][5][1]   |     4.697 | SLOW    |     2.322 | FAST    |
A_i[3][1][0]   | C_o[3][5][2]   |     4.712 | SLOW    |     2.369 | FAST    |
A_i[3][1][0]   | C_o[3][6][0]   |     4.477 | SLOW    |     2.326 | FAST    |
A_i[3][1][0]   | C_o[3][6][1]   |     4.697 | SLOW    |     2.322 | FAST    |
A_i[3][1][0]   | C_o[3][6][2]   |     4.712 | SLOW    |     2.369 | FAST    |
A_i[3][1][0]   | C_o[3][7][0]   |     4.477 | SLOW    |     2.326 | FAST    |
A_i[3][1][0]   | C_o[3][7][1]   |     4.697 | SLOW    |     2.322 | FAST    |
A_i[3][1][0]   | C_o[3][7][2]   |     4.712 | SLOW    |     2.369 | FAST    |
A_i[3][1][1]   | C_o[3][0][1]   |     4.484 | SLOW    |     2.326 | FAST    |
A_i[3][1][1]   | C_o[3][0][2]   |     4.682 | SLOW    |     2.423 | FAST    |
A_i[3][1][1]   | C_o[3][1][1]   |     4.484 | SLOW    |     2.326 | FAST    |
A_i[3][1][1]   | C_o[3][1][2]   |     4.682 | SLOW    |     2.423 | FAST    |
A_i[3][1][1]   | C_o[3][2][1]   |     4.484 | SLOW    |     2.326 | FAST    |
A_i[3][1][1]   | C_o[3][2][2]   |     4.682 | SLOW    |     2.423 | FAST    |
A_i[3][1][1]   | C_o[3][3][1]   |     4.484 | SLOW    |     2.326 | FAST    |
A_i[3][1][1]   | C_o[3][3][2]   |     4.682 | SLOW    |     2.423 | FAST    |
A_i[3][1][1]   | C_o[3][4][1]   |     4.484 | SLOW    |     2.326 | FAST    |
A_i[3][1][1]   | C_o[3][4][2]   |     4.682 | SLOW    |     2.423 | FAST    |
A_i[3][1][1]   | C_o[3][5][1]   |     4.484 | SLOW    |     2.326 | FAST    |
A_i[3][1][1]   | C_o[3][5][2]   |     4.682 | SLOW    |     2.423 | FAST    |
A_i[3][1][1]   | C_o[3][6][1]   |     4.484 | SLOW    |     2.326 | FAST    |
A_i[3][1][1]   | C_o[3][6][2]   |     4.682 | SLOW    |     2.423 | FAST    |
A_i[3][1][1]   | C_o[3][7][1]   |     4.484 | SLOW    |     2.326 | FAST    |
A_i[3][1][1]   | C_o[3][7][2]   |     4.682 | SLOW    |     2.423 | FAST    |
A_i[3][1][2]   | C_o[3][0][2]   |     4.639 | SLOW    |     2.415 | FAST    |
A_i[3][1][2]   | C_o[3][1][2]   |     4.639 | SLOW    |     2.415 | FAST    |
A_i[3][1][2]   | C_o[3][2][2]   |     4.639 | SLOW    |     2.415 | FAST    |
A_i[3][1][2]   | C_o[3][3][2]   |     4.639 | SLOW    |     2.415 | FAST    |
A_i[3][1][2]   | C_o[3][4][2]   |     4.639 | SLOW    |     2.415 | FAST    |
A_i[3][1][2]   | C_o[3][5][2]   |     4.639 | SLOW    |     2.415 | FAST    |
A_i[3][1][2]   | C_o[3][6][2]   |     4.639 | SLOW    |     2.415 | FAST    |
A_i[3][1][2]   | C_o[3][7][2]   |     4.639 | SLOW    |     2.415 | FAST    |
A_i[3][2][0]   | C_o[3][0][0]   |     4.509 | SLOW    |     2.337 | FAST    |
A_i[3][2][0]   | C_o[3][0][1]   |     4.729 | SLOW    |     2.332 | FAST    |
A_i[3][2][0]   | C_o[3][0][2]   |     4.731 | SLOW    |     2.320 | FAST    |
A_i[3][2][0]   | C_o[3][1][0]   |     4.509 | SLOW    |     2.337 | FAST    |
A_i[3][2][0]   | C_o[3][1][1]   |     4.729 | SLOW    |     2.332 | FAST    |
A_i[3][2][0]   | C_o[3][1][2]   |     4.731 | SLOW    |     2.320 | FAST    |
A_i[3][2][0]   | C_o[3][2][0]   |     4.509 | SLOW    |     2.337 | FAST    |
A_i[3][2][0]   | C_o[3][2][1]   |     4.729 | SLOW    |     2.332 | FAST    |
A_i[3][2][0]   | C_o[3][2][2]   |     4.731 | SLOW    |     2.320 | FAST    |
A_i[3][2][0]   | C_o[3][3][0]   |     4.509 | SLOW    |     2.337 | FAST    |
A_i[3][2][0]   | C_o[3][3][1]   |     4.729 | SLOW    |     2.332 | FAST    |
A_i[3][2][0]   | C_o[3][3][2]   |     4.731 | SLOW    |     2.320 | FAST    |
A_i[3][2][0]   | C_o[3][4][0]   |     4.509 | SLOW    |     2.337 | FAST    |
A_i[3][2][0]   | C_o[3][4][1]   |     4.729 | SLOW    |     2.332 | FAST    |
A_i[3][2][0]   | C_o[3][4][2]   |     4.731 | SLOW    |     2.320 | FAST    |
A_i[3][2][0]   | C_o[3][5][0]   |     4.509 | SLOW    |     2.337 | FAST    |
A_i[3][2][0]   | C_o[3][5][1]   |     4.729 | SLOW    |     2.332 | FAST    |
A_i[3][2][0]   | C_o[3][5][2]   |     4.731 | SLOW    |     2.320 | FAST    |
A_i[3][2][0]   | C_o[3][6][0]   |     4.509 | SLOW    |     2.337 | FAST    |
A_i[3][2][0]   | C_o[3][6][1]   |     4.729 | SLOW    |     2.332 | FAST    |
A_i[3][2][0]   | C_o[3][6][2]   |     4.731 | SLOW    |     2.320 | FAST    |
A_i[3][2][0]   | C_o[3][7][0]   |     4.509 | SLOW    |     2.337 | FAST    |
A_i[3][2][0]   | C_o[3][7][1]   |     4.729 | SLOW    |     2.332 | FAST    |
A_i[3][2][0]   | C_o[3][7][2]   |     4.731 | SLOW    |     2.320 | FAST    |
A_i[3][2][1]   | C_o[3][0][1]   |     4.574 | SLOW    |     2.379 | FAST    |
A_i[3][2][1]   | C_o[3][0][2]   |     4.683 | SLOW    |     2.331 | FAST    |
A_i[3][2][1]   | C_o[3][1][1]   |     4.574 | SLOW    |     2.379 | FAST    |
A_i[3][2][1]   | C_o[3][1][2]   |     4.683 | SLOW    |     2.331 | FAST    |
A_i[3][2][1]   | C_o[3][2][1]   |     4.574 | SLOW    |     2.379 | FAST    |
A_i[3][2][1]   | C_o[3][2][2]   |     4.683 | SLOW    |     2.331 | FAST    |
A_i[3][2][1]   | C_o[3][3][1]   |     4.574 | SLOW    |     2.379 | FAST    |
A_i[3][2][1]   | C_o[3][3][2]   |     4.683 | SLOW    |     2.331 | FAST    |
A_i[3][2][1]   | C_o[3][4][1]   |     4.574 | SLOW    |     2.379 | FAST    |
A_i[3][2][1]   | C_o[3][4][2]   |     4.683 | SLOW    |     2.331 | FAST    |
A_i[3][2][1]   | C_o[3][5][1]   |     4.574 | SLOW    |     2.379 | FAST    |
A_i[3][2][1]   | C_o[3][5][2]   |     4.683 | SLOW    |     2.331 | FAST    |
A_i[3][2][1]   | C_o[3][6][1]   |     4.574 | SLOW    |     2.379 | FAST    |
A_i[3][2][1]   | C_o[3][6][2]   |     4.683 | SLOW    |     2.331 | FAST    |
A_i[3][2][1]   | C_o[3][7][1]   |     4.574 | SLOW    |     2.379 | FAST    |
A_i[3][2][1]   | C_o[3][7][2]   |     4.683 | SLOW    |     2.331 | FAST    |
A_i[3][2][2]   | C_o[3][0][2]   |     4.637 | SLOW    |     2.419 | FAST    |
A_i[3][2][2]   | C_o[3][1][2]   |     4.637 | SLOW    |     2.419 | FAST    |
A_i[3][2][2]   | C_o[3][2][2]   |     4.637 | SLOW    |     2.419 | FAST    |
A_i[3][2][2]   | C_o[3][3][2]   |     4.637 | SLOW    |     2.419 | FAST    |
A_i[3][2][2]   | C_o[3][4][2]   |     4.637 | SLOW    |     2.419 | FAST    |
A_i[3][2][2]   | C_o[3][5][2]   |     4.637 | SLOW    |     2.419 | FAST    |
A_i[3][2][2]   | C_o[3][6][2]   |     4.637 | SLOW    |     2.419 | FAST    |
A_i[3][2][2]   | C_o[3][7][2]   |     4.637 | SLOW    |     2.419 | FAST    |
A_i[3][3][0]   | C_o[3][0][0]   |     4.509 | SLOW    |     2.337 | FAST    |
A_i[3][3][0]   | C_o[3][0][1]   |     4.729 | SLOW    |     2.341 | FAST    |
A_i[3][3][0]   | C_o[3][0][2]   |     4.731 | SLOW    |     2.324 | FAST    |
A_i[3][3][0]   | C_o[3][1][0]   |     4.509 | SLOW    |     2.337 | FAST    |
A_i[3][3][0]   | C_o[3][1][1]   |     4.729 | SLOW    |     2.341 | FAST    |
A_i[3][3][0]   | C_o[3][1][2]   |     4.731 | SLOW    |     2.324 | FAST    |
A_i[3][3][0]   | C_o[3][2][0]   |     4.509 | SLOW    |     2.337 | FAST    |
A_i[3][3][0]   | C_o[3][2][1]   |     4.729 | SLOW    |     2.341 | FAST    |
A_i[3][3][0]   | C_o[3][2][2]   |     4.731 | SLOW    |     2.324 | FAST    |
A_i[3][3][0]   | C_o[3][3][0]   |     4.509 | SLOW    |     2.337 | FAST    |
A_i[3][3][0]   | C_o[3][3][1]   |     4.729 | SLOW    |     2.341 | FAST    |
A_i[3][3][0]   | C_o[3][3][2]   |     4.731 | SLOW    |     2.324 | FAST    |
A_i[3][3][0]   | C_o[3][4][0]   |     4.509 | SLOW    |     2.337 | FAST    |
A_i[3][3][0]   | C_o[3][4][1]   |     4.729 | SLOW    |     2.341 | FAST    |
A_i[3][3][0]   | C_o[3][4][2]   |     4.731 | SLOW    |     2.324 | FAST    |
A_i[3][3][0]   | C_o[3][5][0]   |     4.509 | SLOW    |     2.337 | FAST    |
A_i[3][3][0]   | C_o[3][5][1]   |     4.729 | SLOW    |     2.341 | FAST    |
A_i[3][3][0]   | C_o[3][5][2]   |     4.731 | SLOW    |     2.324 | FAST    |
A_i[3][3][0]   | C_o[3][6][0]   |     4.509 | SLOW    |     2.337 | FAST    |
A_i[3][3][0]   | C_o[3][6][1]   |     4.729 | SLOW    |     2.341 | FAST    |
A_i[3][3][0]   | C_o[3][6][2]   |     4.731 | SLOW    |     2.324 | FAST    |
A_i[3][3][0]   | C_o[3][7][0]   |     4.509 | SLOW    |     2.337 | FAST    |
A_i[3][3][0]   | C_o[3][7][1]   |     4.729 | SLOW    |     2.341 | FAST    |
A_i[3][3][0]   | C_o[3][7][2]   |     4.731 | SLOW    |     2.324 | FAST    |
A_i[3][3][1]   | C_o[3][0][1]   |     4.574 | SLOW    |     2.379 | FAST    |
A_i[3][3][1]   | C_o[3][0][2]   |     4.685 | SLOW    |     2.335 | FAST    |
A_i[3][3][1]   | C_o[3][1][1]   |     4.574 | SLOW    |     2.379 | FAST    |
A_i[3][3][1]   | C_o[3][1][2]   |     4.685 | SLOW    |     2.335 | FAST    |
A_i[3][3][1]   | C_o[3][2][1]   |     4.574 | SLOW    |     2.379 | FAST    |
A_i[3][3][1]   | C_o[3][2][2]   |     4.685 | SLOW    |     2.335 | FAST    |
A_i[3][3][1]   | C_o[3][3][1]   |     4.574 | SLOW    |     2.379 | FAST    |
A_i[3][3][1]   | C_o[3][3][2]   |     4.685 | SLOW    |     2.335 | FAST    |
A_i[3][3][1]   | C_o[3][4][1]   |     4.574 | SLOW    |     2.379 | FAST    |
A_i[3][3][1]   | C_o[3][4][2]   |     4.685 | SLOW    |     2.335 | FAST    |
A_i[3][3][1]   | C_o[3][5][1]   |     4.574 | SLOW    |     2.379 | FAST    |
A_i[3][3][1]   | C_o[3][5][2]   |     4.685 | SLOW    |     2.335 | FAST    |
A_i[3][3][1]   | C_o[3][6][1]   |     4.574 | SLOW    |     2.379 | FAST    |
A_i[3][3][1]   | C_o[3][6][2]   |     4.685 | SLOW    |     2.335 | FAST    |
A_i[3][3][1]   | C_o[3][7][1]   |     4.574 | SLOW    |     2.379 | FAST    |
A_i[3][3][1]   | C_o[3][7][2]   |     4.685 | SLOW    |     2.335 | FAST    |
A_i[3][3][2]   | C_o[3][0][2]   |     4.639 | SLOW    |     2.415 | FAST    |
A_i[3][3][2]   | C_o[3][1][2]   |     4.639 | SLOW    |     2.415 | FAST    |
A_i[3][3][2]   | C_o[3][2][2]   |     4.639 | SLOW    |     2.415 | FAST    |
A_i[3][3][2]   | C_o[3][3][2]   |     4.639 | SLOW    |     2.415 | FAST    |
A_i[3][3][2]   | C_o[3][4][2]   |     4.639 | SLOW    |     2.415 | FAST    |
A_i[3][3][2]   | C_o[3][5][2]   |     4.639 | SLOW    |     2.415 | FAST    |
A_i[3][3][2]   | C_o[3][6][2]   |     4.639 | SLOW    |     2.415 | FAST    |
A_i[3][3][2]   | C_o[3][7][2]   |     4.639 | SLOW    |     2.415 | FAST    |
A_i[4][0][0]   | C_o[4][0][0]   |     4.277 | SLOW    |     2.217 | FAST    |
A_i[4][0][0]   | C_o[4][0][1]   |     4.506 | SLOW    |     2.326 | FAST    |
A_i[4][0][0]   | C_o[4][0][2]   |     4.673 | SLOW    |     2.346 | FAST    |
A_i[4][0][0]   | C_o[4][1][0]   |     4.277 | SLOW    |     2.217 | FAST    |
A_i[4][0][0]   | C_o[4][1][1]   |     4.506 | SLOW    |     2.326 | FAST    |
A_i[4][0][0]   | C_o[4][1][2]   |     4.673 | SLOW    |     2.346 | FAST    |
A_i[4][0][0]   | C_o[4][2][0]   |     4.277 | SLOW    |     2.217 | FAST    |
A_i[4][0][0]   | C_o[4][2][1]   |     4.506 | SLOW    |     2.326 | FAST    |
A_i[4][0][0]   | C_o[4][2][2]   |     4.673 | SLOW    |     2.346 | FAST    |
A_i[4][0][0]   | C_o[4][3][0]   |     4.277 | SLOW    |     2.217 | FAST    |
A_i[4][0][0]   | C_o[4][3][1]   |     4.506 | SLOW    |     2.326 | FAST    |
A_i[4][0][0]   | C_o[4][3][2]   |     4.673 | SLOW    |     2.346 | FAST    |
A_i[4][0][0]   | C_o[4][4][0]   |     4.277 | SLOW    |     2.217 | FAST    |
A_i[4][0][0]   | C_o[4][4][1]   |     4.506 | SLOW    |     2.326 | FAST    |
A_i[4][0][0]   | C_o[4][4][2]   |     4.673 | SLOW    |     2.346 | FAST    |
A_i[4][0][0]   | C_o[4][5][0]   |     4.277 | SLOW    |     2.217 | FAST    |
A_i[4][0][0]   | C_o[4][5][1]   |     4.506 | SLOW    |     2.326 | FAST    |
A_i[4][0][0]   | C_o[4][5][2]   |     4.673 | SLOW    |     2.346 | FAST    |
A_i[4][0][0]   | C_o[4][6][0]   |     4.277 | SLOW    |     2.217 | FAST    |
A_i[4][0][0]   | C_o[4][6][1]   |     4.506 | SLOW    |     2.326 | FAST    |
A_i[4][0][0]   | C_o[4][6][2]   |     4.673 | SLOW    |     2.346 | FAST    |
A_i[4][0][0]   | C_o[4][7][0]   |     4.277 | SLOW    |     2.217 | FAST    |
A_i[4][0][0]   | C_o[4][7][1]   |     4.506 | SLOW    |     2.326 | FAST    |
A_i[4][0][0]   | C_o[4][7][2]   |     4.673 | SLOW    |     2.346 | FAST    |
A_i[4][0][1]   | C_o[4][0][1]   |     4.456 | SLOW    |     2.310 | FAST    |
A_i[4][0][1]   | C_o[4][0][2]   |     4.652 | SLOW    |     2.361 | FAST    |
A_i[4][0][1]   | C_o[4][1][1]   |     4.456 | SLOW    |     2.310 | FAST    |
A_i[4][0][1]   | C_o[4][1][2]   |     4.652 | SLOW    |     2.361 | FAST    |
A_i[4][0][1]   | C_o[4][2][1]   |     4.456 | SLOW    |     2.310 | FAST    |
A_i[4][0][1]   | C_o[4][2][2]   |     4.652 | SLOW    |     2.361 | FAST    |
A_i[4][0][1]   | C_o[4][3][1]   |     4.456 | SLOW    |     2.310 | FAST    |
A_i[4][0][1]   | C_o[4][3][2]   |     4.652 | SLOW    |     2.361 | FAST    |
A_i[4][0][1]   | C_o[4][4][1]   |     4.456 | SLOW    |     2.310 | FAST    |
A_i[4][0][1]   | C_o[4][4][2]   |     4.652 | SLOW    |     2.361 | FAST    |
A_i[4][0][1]   | C_o[4][5][1]   |     4.456 | SLOW    |     2.310 | FAST    |
A_i[4][0][1]   | C_o[4][5][2]   |     4.652 | SLOW    |     2.361 | FAST    |
A_i[4][0][1]   | C_o[4][6][1]   |     4.456 | SLOW    |     2.310 | FAST    |
A_i[4][0][1]   | C_o[4][6][2]   |     4.652 | SLOW    |     2.361 | FAST    |
A_i[4][0][1]   | C_o[4][7][1]   |     4.456 | SLOW    |     2.310 | FAST    |
A_i[4][0][1]   | C_o[4][7][2]   |     4.652 | SLOW    |     2.361 | FAST    |
A_i[4][0][2]   | C_o[4][0][2]   |     4.637 | SLOW    |     2.419 | FAST    |
A_i[4][0][2]   | C_o[4][1][2]   |     4.637 | SLOW    |     2.419 | FAST    |
A_i[4][0][2]   | C_o[4][2][2]   |     4.637 | SLOW    |     2.419 | FAST    |
A_i[4][0][2]   | C_o[4][3][2]   |     4.637 | SLOW    |     2.419 | FAST    |
A_i[4][0][2]   | C_o[4][4][2]   |     4.637 | SLOW    |     2.419 | FAST    |
A_i[4][0][2]   | C_o[4][5][2]   |     4.637 | SLOW    |     2.419 | FAST    |
A_i[4][0][2]   | C_o[4][6][2]   |     4.637 | SLOW    |     2.419 | FAST    |
A_i[4][0][2]   | C_o[4][7][2]   |     4.637 | SLOW    |     2.419 | FAST    |
A_i[4][1][0]   | C_o[4][0][0]   |     4.477 | SLOW    |     2.326 | FAST    |
A_i[4][1][0]   | C_o[4][0][1]   |     4.697 | SLOW    |     2.322 | FAST    |
A_i[4][1][0]   | C_o[4][0][2]   |     4.699 | SLOW    |     2.369 | FAST    |
A_i[4][1][0]   | C_o[4][1][0]   |     4.477 | SLOW    |     2.326 | FAST    |
A_i[4][1][0]   | C_o[4][1][1]   |     4.697 | SLOW    |     2.322 | FAST    |
A_i[4][1][0]   | C_o[4][1][2]   |     4.699 | SLOW    |     2.369 | FAST    |
A_i[4][1][0]   | C_o[4][2][0]   |     4.477 | SLOW    |     2.326 | FAST    |
A_i[4][1][0]   | C_o[4][2][1]   |     4.697 | SLOW    |     2.322 | FAST    |
A_i[4][1][0]   | C_o[4][2][2]   |     4.699 | SLOW    |     2.369 | FAST    |
A_i[4][1][0]   | C_o[4][3][0]   |     4.477 | SLOW    |     2.326 | FAST    |
A_i[4][1][0]   | C_o[4][3][1]   |     4.697 | SLOW    |     2.322 | FAST    |
A_i[4][1][0]   | C_o[4][3][2]   |     4.699 | SLOW    |     2.369 | FAST    |
A_i[4][1][0]   | C_o[4][4][0]   |     4.477 | SLOW    |     2.326 | FAST    |
A_i[4][1][0]   | C_o[4][4][1]   |     4.697 | SLOW    |     2.322 | FAST    |
A_i[4][1][0]   | C_o[4][4][2]   |     4.699 | SLOW    |     2.369 | FAST    |
A_i[4][1][0]   | C_o[4][5][0]   |     4.477 | SLOW    |     2.326 | FAST    |
A_i[4][1][0]   | C_o[4][5][1]   |     4.697 | SLOW    |     2.322 | FAST    |
A_i[4][1][0]   | C_o[4][5][2]   |     4.699 | SLOW    |     2.369 | FAST    |
A_i[4][1][0]   | C_o[4][6][0]   |     4.477 | SLOW    |     2.326 | FAST    |
A_i[4][1][0]   | C_o[4][6][1]   |     4.697 | SLOW    |     2.322 | FAST    |
A_i[4][1][0]   | C_o[4][6][2]   |     4.699 | SLOW    |     2.369 | FAST    |
A_i[4][1][0]   | C_o[4][7][0]   |     4.477 | SLOW    |     2.326 | FAST    |
A_i[4][1][0]   | C_o[4][7][1]   |     4.697 | SLOW    |     2.322 | FAST    |
A_i[4][1][0]   | C_o[4][7][2]   |     4.699 | SLOW    |     2.369 | FAST    |
A_i[4][1][1]   | C_o[4][0][1]   |     4.462 | SLOW    |     2.312 | FAST    |
A_i[4][1][1]   | C_o[4][0][2]   |     4.660 | SLOW    |     2.423 | FAST    |
A_i[4][1][1]   | C_o[4][1][1]   |     4.462 | SLOW    |     2.312 | FAST    |
A_i[4][1][1]   | C_o[4][1][2]   |     4.660 | SLOW    |     2.423 | FAST    |
A_i[4][1][1]   | C_o[4][2][1]   |     4.462 | SLOW    |     2.312 | FAST    |
A_i[4][1][1]   | C_o[4][2][2]   |     4.660 | SLOW    |     2.423 | FAST    |
A_i[4][1][1]   | C_o[4][3][1]   |     4.462 | SLOW    |     2.312 | FAST    |
A_i[4][1][1]   | C_o[4][3][2]   |     4.660 | SLOW    |     2.423 | FAST    |
A_i[4][1][1]   | C_o[4][4][1]   |     4.462 | SLOW    |     2.312 | FAST    |
A_i[4][1][1]   | C_o[4][4][2]   |     4.660 | SLOW    |     2.423 | FAST    |
A_i[4][1][1]   | C_o[4][5][1]   |     4.462 | SLOW    |     2.312 | FAST    |
A_i[4][1][1]   | C_o[4][5][2]   |     4.660 | SLOW    |     2.423 | FAST    |
A_i[4][1][1]   | C_o[4][6][1]   |     4.462 | SLOW    |     2.312 | FAST    |
A_i[4][1][1]   | C_o[4][6][2]   |     4.660 | SLOW    |     2.423 | FAST    |
A_i[4][1][1]   | C_o[4][7][1]   |     4.462 | SLOW    |     2.312 | FAST    |
A_i[4][1][1]   | C_o[4][7][2]   |     4.660 | SLOW    |     2.423 | FAST    |
A_i[4][1][2]   | C_o[4][0][2]   |     4.639 | SLOW    |     2.415 | FAST    |
A_i[4][1][2]   | C_o[4][1][2]   |     4.639 | SLOW    |     2.415 | FAST    |
A_i[4][1][2]   | C_o[4][2][2]   |     4.639 | SLOW    |     2.415 | FAST    |
A_i[4][1][2]   | C_o[4][3][2]   |     4.639 | SLOW    |     2.415 | FAST    |
A_i[4][1][2]   | C_o[4][4][2]   |     4.639 | SLOW    |     2.415 | FAST    |
A_i[4][1][2]   | C_o[4][5][2]   |     4.639 | SLOW    |     2.415 | FAST    |
A_i[4][1][2]   | C_o[4][6][2]   |     4.639 | SLOW    |     2.415 | FAST    |
A_i[4][1][2]   | C_o[4][7][2]   |     4.639 | SLOW    |     2.415 | FAST    |
A_i[4][2][0]   | C_o[4][0][0]   |     4.509 | SLOW    |     2.337 | FAST    |
A_i[4][2][0]   | C_o[4][0][1]   |     4.729 | SLOW    |     2.332 | FAST    |
A_i[4][2][0]   | C_o[4][0][2]   |     4.731 | SLOW    |     2.320 | FAST    |
A_i[4][2][0]   | C_o[4][1][0]   |     4.509 | SLOW    |     2.337 | FAST    |
A_i[4][2][0]   | C_o[4][1][1]   |     4.729 | SLOW    |     2.332 | FAST    |
A_i[4][2][0]   | C_o[4][1][2]   |     4.731 | SLOW    |     2.320 | FAST    |
A_i[4][2][0]   | C_o[4][2][0]   |     4.509 | SLOW    |     2.337 | FAST    |
A_i[4][2][0]   | C_o[4][2][1]   |     4.729 | SLOW    |     2.332 | FAST    |
A_i[4][2][0]   | C_o[4][2][2]   |     4.731 | SLOW    |     2.320 | FAST    |
A_i[4][2][0]   | C_o[4][3][0]   |     4.509 | SLOW    |     2.337 | FAST    |
A_i[4][2][0]   | C_o[4][3][1]   |     4.729 | SLOW    |     2.332 | FAST    |
A_i[4][2][0]   | C_o[4][3][2]   |     4.731 | SLOW    |     2.320 | FAST    |
A_i[4][2][0]   | C_o[4][4][0]   |     4.509 | SLOW    |     2.337 | FAST    |
A_i[4][2][0]   | C_o[4][4][1]   |     4.729 | SLOW    |     2.332 | FAST    |
A_i[4][2][0]   | C_o[4][4][2]   |     4.731 | SLOW    |     2.320 | FAST    |
A_i[4][2][0]   | C_o[4][5][0]   |     4.509 | SLOW    |     2.337 | FAST    |
A_i[4][2][0]   | C_o[4][5][1]   |     4.729 | SLOW    |     2.332 | FAST    |
A_i[4][2][0]   | C_o[4][5][2]   |     4.731 | SLOW    |     2.320 | FAST    |
A_i[4][2][0]   | C_o[4][6][0]   |     4.509 | SLOW    |     2.337 | FAST    |
A_i[4][2][0]   | C_o[4][6][1]   |     4.729 | SLOW    |     2.332 | FAST    |
A_i[4][2][0]   | C_o[4][6][2]   |     4.731 | SLOW    |     2.320 | FAST    |
A_i[4][2][0]   | C_o[4][7][0]   |     4.509 | SLOW    |     2.337 | FAST    |
A_i[4][2][0]   | C_o[4][7][1]   |     4.729 | SLOW    |     2.332 | FAST    |
A_i[4][2][0]   | C_o[4][7][2]   |     4.731 | SLOW    |     2.320 | FAST    |
A_i[4][2][1]   | C_o[4][0][1]   |     4.552 | SLOW    |     2.365 | FAST    |
A_i[4][2][1]   | C_o[4][0][2]   |     4.661 | SLOW    |     2.331 | FAST    |
A_i[4][2][1]   | C_o[4][1][1]   |     4.552 | SLOW    |     2.365 | FAST    |
A_i[4][2][1]   | C_o[4][1][2]   |     4.661 | SLOW    |     2.331 | FAST    |
A_i[4][2][1]   | C_o[4][2][1]   |     4.552 | SLOW    |     2.365 | FAST    |
A_i[4][2][1]   | C_o[4][2][2]   |     4.661 | SLOW    |     2.331 | FAST    |
A_i[4][2][1]   | C_o[4][3][1]   |     4.552 | SLOW    |     2.365 | FAST    |
A_i[4][2][1]   | C_o[4][3][2]   |     4.661 | SLOW    |     2.331 | FAST    |
A_i[4][2][1]   | C_o[4][4][1]   |     4.552 | SLOW    |     2.365 | FAST    |
A_i[4][2][1]   | C_o[4][4][2]   |     4.661 | SLOW    |     2.331 | FAST    |
A_i[4][2][1]   | C_o[4][5][1]   |     4.552 | SLOW    |     2.365 | FAST    |
A_i[4][2][1]   | C_o[4][5][2]   |     4.661 | SLOW    |     2.331 | FAST    |
A_i[4][2][1]   | C_o[4][6][1]   |     4.552 | SLOW    |     2.365 | FAST    |
A_i[4][2][1]   | C_o[4][6][2]   |     4.661 | SLOW    |     2.331 | FAST    |
A_i[4][2][1]   | C_o[4][7][1]   |     4.552 | SLOW    |     2.365 | FAST    |
A_i[4][2][1]   | C_o[4][7][2]   |     4.661 | SLOW    |     2.331 | FAST    |
A_i[4][2][2]   | C_o[4][0][2]   |     4.637 | SLOW    |     2.419 | FAST    |
A_i[4][2][2]   | C_o[4][1][2]   |     4.637 | SLOW    |     2.419 | FAST    |
A_i[4][2][2]   | C_o[4][2][2]   |     4.637 | SLOW    |     2.419 | FAST    |
A_i[4][2][2]   | C_o[4][3][2]   |     4.637 | SLOW    |     2.419 | FAST    |
A_i[4][2][2]   | C_o[4][4][2]   |     4.637 | SLOW    |     2.419 | FAST    |
A_i[4][2][2]   | C_o[4][5][2]   |     4.637 | SLOW    |     2.419 | FAST    |
A_i[4][2][2]   | C_o[4][6][2]   |     4.637 | SLOW    |     2.419 | FAST    |
A_i[4][2][2]   | C_o[4][7][2]   |     4.637 | SLOW    |     2.419 | FAST    |
A_i[4][3][0]   | C_o[4][0][0]   |     4.509 | SLOW    |     2.337 | FAST    |
A_i[4][3][0]   | C_o[4][0][1]   |     4.729 | SLOW    |     2.341 | FAST    |
A_i[4][3][0]   | C_o[4][0][2]   |     4.731 | SLOW    |     2.324 | FAST    |
A_i[4][3][0]   | C_o[4][1][0]   |     4.509 | SLOW    |     2.337 | FAST    |
A_i[4][3][0]   | C_o[4][1][1]   |     4.729 | SLOW    |     2.341 | FAST    |
A_i[4][3][0]   | C_o[4][1][2]   |     4.731 | SLOW    |     2.324 | FAST    |
A_i[4][3][0]   | C_o[4][2][0]   |     4.509 | SLOW    |     2.337 | FAST    |
A_i[4][3][0]   | C_o[4][2][1]   |     4.729 | SLOW    |     2.341 | FAST    |
A_i[4][3][0]   | C_o[4][2][2]   |     4.731 | SLOW    |     2.324 | FAST    |
A_i[4][3][0]   | C_o[4][3][0]   |     4.509 | SLOW    |     2.337 | FAST    |
A_i[4][3][0]   | C_o[4][3][1]   |     4.729 | SLOW    |     2.341 | FAST    |
A_i[4][3][0]   | C_o[4][3][2]   |     4.731 | SLOW    |     2.324 | FAST    |
A_i[4][3][0]   | C_o[4][4][0]   |     4.509 | SLOW    |     2.337 | FAST    |
A_i[4][3][0]   | C_o[4][4][1]   |     4.729 | SLOW    |     2.341 | FAST    |
A_i[4][3][0]   | C_o[4][4][2]   |     4.731 | SLOW    |     2.324 | FAST    |
A_i[4][3][0]   | C_o[4][5][0]   |     4.509 | SLOW    |     2.337 | FAST    |
A_i[4][3][0]   | C_o[4][5][1]   |     4.729 | SLOW    |     2.341 | FAST    |
A_i[4][3][0]   | C_o[4][5][2]   |     4.731 | SLOW    |     2.324 | FAST    |
A_i[4][3][0]   | C_o[4][6][0]   |     4.509 | SLOW    |     2.337 | FAST    |
A_i[4][3][0]   | C_o[4][6][1]   |     4.729 | SLOW    |     2.341 | FAST    |
A_i[4][3][0]   | C_o[4][6][2]   |     4.731 | SLOW    |     2.324 | FAST    |
A_i[4][3][0]   | C_o[4][7][0]   |     4.509 | SLOW    |     2.337 | FAST    |
A_i[4][3][0]   | C_o[4][7][1]   |     4.729 | SLOW    |     2.341 | FAST    |
A_i[4][3][0]   | C_o[4][7][2]   |     4.731 | SLOW    |     2.324 | FAST    |
A_i[4][3][1]   | C_o[4][0][1]   |     4.552 | SLOW    |     2.365 | FAST    |
A_i[4][3][1]   | C_o[4][0][2]   |     4.663 | SLOW    |     2.335 | FAST    |
A_i[4][3][1]   | C_o[4][1][1]   |     4.552 | SLOW    |     2.365 | FAST    |
A_i[4][3][1]   | C_o[4][1][2]   |     4.663 | SLOW    |     2.335 | FAST    |
A_i[4][3][1]   | C_o[4][2][1]   |     4.552 | SLOW    |     2.365 | FAST    |
A_i[4][3][1]   | C_o[4][2][2]   |     4.663 | SLOW    |     2.335 | FAST    |
A_i[4][3][1]   | C_o[4][3][1]   |     4.552 | SLOW    |     2.365 | FAST    |
A_i[4][3][1]   | C_o[4][3][2]   |     4.663 | SLOW    |     2.335 | FAST    |
A_i[4][3][1]   | C_o[4][4][1]   |     4.552 | SLOW    |     2.365 | FAST    |
A_i[4][3][1]   | C_o[4][4][2]   |     4.663 | SLOW    |     2.335 | FAST    |
A_i[4][3][1]   | C_o[4][5][1]   |     4.552 | SLOW    |     2.365 | FAST    |
A_i[4][3][1]   | C_o[4][5][2]   |     4.663 | SLOW    |     2.335 | FAST    |
A_i[4][3][1]   | C_o[4][6][1]   |     4.552 | SLOW    |     2.365 | FAST    |
A_i[4][3][1]   | C_o[4][6][2]   |     4.663 | SLOW    |     2.335 | FAST    |
A_i[4][3][1]   | C_o[4][7][1]   |     4.552 | SLOW    |     2.365 | FAST    |
A_i[4][3][1]   | C_o[4][7][2]   |     4.663 | SLOW    |     2.335 | FAST    |
A_i[4][3][2]   | C_o[4][0][2]   |     4.639 | SLOW    |     2.415 | FAST    |
A_i[4][3][2]   | C_o[4][1][2]   |     4.639 | SLOW    |     2.415 | FAST    |
A_i[4][3][2]   | C_o[4][2][2]   |     4.639 | SLOW    |     2.415 | FAST    |
A_i[4][3][2]   | C_o[4][3][2]   |     4.639 | SLOW    |     2.415 | FAST    |
A_i[4][3][2]   | C_o[4][4][2]   |     4.639 | SLOW    |     2.415 | FAST    |
A_i[4][3][2]   | C_o[4][5][2]   |     4.639 | SLOW    |     2.415 | FAST    |
A_i[4][3][2]   | C_o[4][6][2]   |     4.639 | SLOW    |     2.415 | FAST    |
A_i[4][3][2]   | C_o[4][7][2]   |     4.639 | SLOW    |     2.415 | FAST    |
A_i[5][0][0]   | C_o[5][0][0]   |     4.277 | SLOW    |     2.217 | FAST    |
A_i[5][0][0]   | C_o[5][0][1]   |     4.508 | SLOW    |     2.346 | FAST    |
A_i[5][0][0]   | C_o[5][0][2]   |     4.673 | SLOW    |     2.346 | FAST    |
A_i[5][0][0]   | C_o[5][1][0]   |     4.277 | SLOW    |     2.217 | FAST    |
A_i[5][0][0]   | C_o[5][1][1]   |     4.508 | SLOW    |     2.346 | FAST    |
A_i[5][0][0]   | C_o[5][1][2]   |     4.673 | SLOW    |     2.346 | FAST    |
A_i[5][0][0]   | C_o[5][2][0]   |     4.277 | SLOW    |     2.217 | FAST    |
A_i[5][0][0]   | C_o[5][2][1]   |     4.508 | SLOW    |     2.346 | FAST    |
A_i[5][0][0]   | C_o[5][2][2]   |     4.673 | SLOW    |     2.346 | FAST    |
A_i[5][0][0]   | C_o[5][3][0]   |     4.277 | SLOW    |     2.217 | FAST    |
A_i[5][0][0]   | C_o[5][3][1]   |     4.508 | SLOW    |     2.346 | FAST    |
A_i[5][0][0]   | C_o[5][3][2]   |     4.673 | SLOW    |     2.346 | FAST    |
A_i[5][0][0]   | C_o[5][4][0]   |     4.277 | SLOW    |     2.217 | FAST    |
A_i[5][0][0]   | C_o[5][4][1]   |     4.508 | SLOW    |     2.346 | FAST    |
A_i[5][0][0]   | C_o[5][4][2]   |     4.673 | SLOW    |     2.346 | FAST    |
A_i[5][0][0]   | C_o[5][5][0]   |     4.277 | SLOW    |     2.217 | FAST    |
A_i[5][0][0]   | C_o[5][5][1]   |     4.508 | SLOW    |     2.346 | FAST    |
A_i[5][0][0]   | C_o[5][5][2]   |     4.673 | SLOW    |     2.346 | FAST    |
A_i[5][0][0]   | C_o[5][6][0]   |     4.277 | SLOW    |     2.217 | FAST    |
A_i[5][0][0]   | C_o[5][6][1]   |     4.508 | SLOW    |     2.346 | FAST    |
A_i[5][0][0]   | C_o[5][6][2]   |     4.673 | SLOW    |     2.346 | FAST    |
A_i[5][0][0]   | C_o[5][7][0]   |     4.277 | SLOW    |     2.217 | FAST    |
A_i[5][0][0]   | C_o[5][7][1]   |     4.508 | SLOW    |     2.346 | FAST    |
A_i[5][0][0]   | C_o[5][7][2]   |     4.673 | SLOW    |     2.346 | FAST    |
A_i[5][0][1]   | C_o[5][0][1]   |     4.478 | SLOW    |     2.324 | FAST    |
A_i[5][0][1]   | C_o[5][0][2]   |     4.652 | SLOW    |     2.375 | FAST    |
A_i[5][0][1]   | C_o[5][1][1]   |     4.478 | SLOW    |     2.324 | FAST    |
A_i[5][0][1]   | C_o[5][1][2]   |     4.652 | SLOW    |     2.375 | FAST    |
A_i[5][0][1]   | C_o[5][2][1]   |     4.478 | SLOW    |     2.324 | FAST    |
A_i[5][0][1]   | C_o[5][2][2]   |     4.652 | SLOW    |     2.375 | FAST    |
A_i[5][0][1]   | C_o[5][3][1]   |     4.478 | SLOW    |     2.324 | FAST    |
A_i[5][0][1]   | C_o[5][3][2]   |     4.652 | SLOW    |     2.375 | FAST    |
A_i[5][0][1]   | C_o[5][4][1]   |     4.478 | SLOW    |     2.324 | FAST    |
A_i[5][0][1]   | C_o[5][4][2]   |     4.652 | SLOW    |     2.375 | FAST    |
A_i[5][0][1]   | C_o[5][5][1]   |     4.478 | SLOW    |     2.324 | FAST    |
A_i[5][0][1]   | C_o[5][5][2]   |     4.652 | SLOW    |     2.375 | FAST    |
A_i[5][0][1]   | C_o[5][6][1]   |     4.478 | SLOW    |     2.324 | FAST    |
A_i[5][0][1]   | C_o[5][6][2]   |     4.652 | SLOW    |     2.375 | FAST    |
A_i[5][0][1]   | C_o[5][7][1]   |     4.478 | SLOW    |     2.324 | FAST    |
A_i[5][0][1]   | C_o[5][7][2]   |     4.652 | SLOW    |     2.375 | FAST    |
A_i[5][0][2]   | C_o[5][0][2]   |     4.637 | SLOW    |     2.419 | FAST    |
A_i[5][0][2]   | C_o[5][1][2]   |     4.637 | SLOW    |     2.419 | FAST    |
A_i[5][0][2]   | C_o[5][2][2]   |     4.637 | SLOW    |     2.419 | FAST    |
A_i[5][0][2]   | C_o[5][3][2]   |     4.637 | SLOW    |     2.419 | FAST    |
A_i[5][0][2]   | C_o[5][4][2]   |     4.637 | SLOW    |     2.419 | FAST    |
A_i[5][0][2]   | C_o[5][5][2]   |     4.637 | SLOW    |     2.419 | FAST    |
A_i[5][0][2]   | C_o[5][6][2]   |     4.637 | SLOW    |     2.419 | FAST    |
A_i[5][0][2]   | C_o[5][7][2]   |     4.637 | SLOW    |     2.419 | FAST    |
A_i[5][1][0]   | C_o[5][0][0]   |     4.477 | SLOW    |     2.326 | FAST    |
A_i[5][1][0]   | C_o[5][0][1]   |     4.697 | SLOW    |     2.322 | FAST    |
A_i[5][1][0]   | C_o[5][0][2]   |     4.712 | SLOW    |     2.369 | FAST    |
A_i[5][1][0]   | C_o[5][1][0]   |     4.477 | SLOW    |     2.326 | FAST    |
A_i[5][1][0]   | C_o[5][1][1]   |     4.697 | SLOW    |     2.322 | FAST    |
A_i[5][1][0]   | C_o[5][1][2]   |     4.712 | SLOW    |     2.369 | FAST    |
A_i[5][1][0]   | C_o[5][2][0]   |     4.477 | SLOW    |     2.326 | FAST    |
A_i[5][1][0]   | C_o[5][2][1]   |     4.697 | SLOW    |     2.322 | FAST    |
A_i[5][1][0]   | C_o[5][2][2]   |     4.712 | SLOW    |     2.369 | FAST    |
A_i[5][1][0]   | C_o[5][3][0]   |     4.477 | SLOW    |     2.326 | FAST    |
A_i[5][1][0]   | C_o[5][3][1]   |     4.697 | SLOW    |     2.322 | FAST    |
A_i[5][1][0]   | C_o[5][3][2]   |     4.712 | SLOW    |     2.369 | FAST    |
A_i[5][1][0]   | C_o[5][4][0]   |     4.477 | SLOW    |     2.326 | FAST    |
A_i[5][1][0]   | C_o[5][4][1]   |     4.697 | SLOW    |     2.322 | FAST    |
A_i[5][1][0]   | C_o[5][4][2]   |     4.712 | SLOW    |     2.369 | FAST    |
A_i[5][1][0]   | C_o[5][5][0]   |     4.477 | SLOW    |     2.326 | FAST    |
A_i[5][1][0]   | C_o[5][5][1]   |     4.697 | SLOW    |     2.322 | FAST    |
A_i[5][1][0]   | C_o[5][5][2]   |     4.712 | SLOW    |     2.369 | FAST    |
A_i[5][1][0]   | C_o[5][6][0]   |     4.477 | SLOW    |     2.326 | FAST    |
A_i[5][1][0]   | C_o[5][6][1]   |     4.697 | SLOW    |     2.322 | FAST    |
A_i[5][1][0]   | C_o[5][6][2]   |     4.712 | SLOW    |     2.369 | FAST    |
A_i[5][1][0]   | C_o[5][7][0]   |     4.477 | SLOW    |     2.326 | FAST    |
A_i[5][1][0]   | C_o[5][7][1]   |     4.697 | SLOW    |     2.322 | FAST    |
A_i[5][1][0]   | C_o[5][7][2]   |     4.712 | SLOW    |     2.369 | FAST    |
A_i[5][1][1]   | C_o[5][0][1]   |     4.484 | SLOW    |     2.326 | FAST    |
A_i[5][1][1]   | C_o[5][0][2]   |     4.682 | SLOW    |     2.423 | FAST    |
A_i[5][1][1]   | C_o[5][1][1]   |     4.484 | SLOW    |     2.326 | FAST    |
A_i[5][1][1]   | C_o[5][1][2]   |     4.682 | SLOW    |     2.423 | FAST    |
A_i[5][1][1]   | C_o[5][2][1]   |     4.484 | SLOW    |     2.326 | FAST    |
A_i[5][1][1]   | C_o[5][2][2]   |     4.682 | SLOW    |     2.423 | FAST    |
A_i[5][1][1]   | C_o[5][3][1]   |     4.484 | SLOW    |     2.326 | FAST    |
A_i[5][1][1]   | C_o[5][3][2]   |     4.682 | SLOW    |     2.423 | FAST    |
A_i[5][1][1]   | C_o[5][4][1]   |     4.484 | SLOW    |     2.326 | FAST    |
A_i[5][1][1]   | C_o[5][4][2]   |     4.682 | SLOW    |     2.423 | FAST    |
A_i[5][1][1]   | C_o[5][5][1]   |     4.484 | SLOW    |     2.326 | FAST    |
A_i[5][1][1]   | C_o[5][5][2]   |     4.682 | SLOW    |     2.423 | FAST    |
A_i[5][1][1]   | C_o[5][6][1]   |     4.484 | SLOW    |     2.326 | FAST    |
A_i[5][1][1]   | C_o[5][6][2]   |     4.682 | SLOW    |     2.423 | FAST    |
A_i[5][1][1]   | C_o[5][7][1]   |     4.484 | SLOW    |     2.326 | FAST    |
A_i[5][1][1]   | C_o[5][7][2]   |     4.682 | SLOW    |     2.423 | FAST    |
A_i[5][1][2]   | C_o[5][0][2]   |     4.639 | SLOW    |     2.415 | FAST    |
A_i[5][1][2]   | C_o[5][1][2]   |     4.639 | SLOW    |     2.415 | FAST    |
A_i[5][1][2]   | C_o[5][2][2]   |     4.639 | SLOW    |     2.415 | FAST    |
A_i[5][1][2]   | C_o[5][3][2]   |     4.639 | SLOW    |     2.415 | FAST    |
A_i[5][1][2]   | C_o[5][4][2]   |     4.639 | SLOW    |     2.415 | FAST    |
A_i[5][1][2]   | C_o[5][5][2]   |     4.639 | SLOW    |     2.415 | FAST    |
A_i[5][1][2]   | C_o[5][6][2]   |     4.639 | SLOW    |     2.415 | FAST    |
A_i[5][1][2]   | C_o[5][7][2]   |     4.639 | SLOW    |     2.415 | FAST    |
A_i[5][2][0]   | C_o[5][0][0]   |     4.509 | SLOW    |     2.337 | FAST    |
A_i[5][2][0]   | C_o[5][0][1]   |     4.729 | SLOW    |     2.332 | FAST    |
A_i[5][2][0]   | C_o[5][0][2]   |     4.731 | SLOW    |     2.320 | FAST    |
A_i[5][2][0]   | C_o[5][1][0]   |     4.509 | SLOW    |     2.337 | FAST    |
A_i[5][2][0]   | C_o[5][1][1]   |     4.729 | SLOW    |     2.332 | FAST    |
A_i[5][2][0]   | C_o[5][1][2]   |     4.731 | SLOW    |     2.320 | FAST    |
A_i[5][2][0]   | C_o[5][2][0]   |     4.509 | SLOW    |     2.337 | FAST    |
A_i[5][2][0]   | C_o[5][2][1]   |     4.729 | SLOW    |     2.332 | FAST    |
A_i[5][2][0]   | C_o[5][2][2]   |     4.731 | SLOW    |     2.320 | FAST    |
A_i[5][2][0]   | C_o[5][3][0]   |     4.509 | SLOW    |     2.337 | FAST    |
A_i[5][2][0]   | C_o[5][3][1]   |     4.729 | SLOW    |     2.332 | FAST    |
A_i[5][2][0]   | C_o[5][3][2]   |     4.731 | SLOW    |     2.320 | FAST    |
A_i[5][2][0]   | C_o[5][4][0]   |     4.509 | SLOW    |     2.337 | FAST    |
A_i[5][2][0]   | C_o[5][4][1]   |     4.729 | SLOW    |     2.332 | FAST    |
A_i[5][2][0]   | C_o[5][4][2]   |     4.731 | SLOW    |     2.320 | FAST    |
A_i[5][2][0]   | C_o[5][5][0]   |     4.509 | SLOW    |     2.337 | FAST    |
A_i[5][2][0]   | C_o[5][5][1]   |     4.729 | SLOW    |     2.332 | FAST    |
A_i[5][2][0]   | C_o[5][5][2]   |     4.731 | SLOW    |     2.320 | FAST    |
A_i[5][2][0]   | C_o[5][6][0]   |     4.509 | SLOW    |     2.337 | FAST    |
A_i[5][2][0]   | C_o[5][6][1]   |     4.729 | SLOW    |     2.332 | FAST    |
A_i[5][2][0]   | C_o[5][6][2]   |     4.731 | SLOW    |     2.320 | FAST    |
A_i[5][2][0]   | C_o[5][7][0]   |     4.509 | SLOW    |     2.337 | FAST    |
A_i[5][2][0]   | C_o[5][7][1]   |     4.729 | SLOW    |     2.332 | FAST    |
A_i[5][2][0]   | C_o[5][7][2]   |     4.731 | SLOW    |     2.320 | FAST    |
A_i[5][2][1]   | C_o[5][0][1]   |     4.574 | SLOW    |     2.379 | FAST    |
A_i[5][2][1]   | C_o[5][0][2]   |     4.683 | SLOW    |     2.331 | FAST    |
A_i[5][2][1]   | C_o[5][1][1]   |     4.574 | SLOW    |     2.379 | FAST    |
A_i[5][2][1]   | C_o[5][1][2]   |     4.683 | SLOW    |     2.331 | FAST    |
A_i[5][2][1]   | C_o[5][2][1]   |     4.574 | SLOW    |     2.379 | FAST    |
A_i[5][2][1]   | C_o[5][2][2]   |     4.683 | SLOW    |     2.331 | FAST    |
A_i[5][2][1]   | C_o[5][3][1]   |     4.574 | SLOW    |     2.379 | FAST    |
A_i[5][2][1]   | C_o[5][3][2]   |     4.683 | SLOW    |     2.331 | FAST    |
A_i[5][2][1]   | C_o[5][4][1]   |     4.574 | SLOW    |     2.379 | FAST    |
A_i[5][2][1]   | C_o[5][4][2]   |     4.683 | SLOW    |     2.331 | FAST    |
A_i[5][2][1]   | C_o[5][5][1]   |     4.574 | SLOW    |     2.379 | FAST    |
A_i[5][2][1]   | C_o[5][5][2]   |     4.683 | SLOW    |     2.331 | FAST    |
A_i[5][2][1]   | C_o[5][6][1]   |     4.574 | SLOW    |     2.379 | FAST    |
A_i[5][2][1]   | C_o[5][6][2]   |     4.683 | SLOW    |     2.331 | FAST    |
A_i[5][2][1]   | C_o[5][7][1]   |     4.574 | SLOW    |     2.379 | FAST    |
A_i[5][2][1]   | C_o[5][7][2]   |     4.683 | SLOW    |     2.331 | FAST    |
A_i[5][2][2]   | C_o[5][0][2]   |     4.637 | SLOW    |     2.419 | FAST    |
A_i[5][2][2]   | C_o[5][1][2]   |     4.637 | SLOW    |     2.419 | FAST    |
A_i[5][2][2]   | C_o[5][2][2]   |     4.637 | SLOW    |     2.419 | FAST    |
A_i[5][2][2]   | C_o[5][3][2]   |     4.637 | SLOW    |     2.419 | FAST    |
A_i[5][2][2]   | C_o[5][4][2]   |     4.637 | SLOW    |     2.419 | FAST    |
A_i[5][2][2]   | C_o[5][5][2]   |     4.637 | SLOW    |     2.419 | FAST    |
A_i[5][2][2]   | C_o[5][6][2]   |     4.637 | SLOW    |     2.419 | FAST    |
A_i[5][2][2]   | C_o[5][7][2]   |     4.637 | SLOW    |     2.419 | FAST    |
A_i[5][3][0]   | C_o[5][0][0]   |     4.509 | SLOW    |     2.337 | FAST    |
A_i[5][3][0]   | C_o[5][0][1]   |     4.729 | SLOW    |     2.341 | FAST    |
A_i[5][3][0]   | C_o[5][0][2]   |     4.731 | SLOW    |     2.324 | FAST    |
A_i[5][3][0]   | C_o[5][1][0]   |     4.509 | SLOW    |     2.337 | FAST    |
A_i[5][3][0]   | C_o[5][1][1]   |     4.729 | SLOW    |     2.341 | FAST    |
A_i[5][3][0]   | C_o[5][1][2]   |     4.731 | SLOW    |     2.324 | FAST    |
A_i[5][3][0]   | C_o[5][2][0]   |     4.509 | SLOW    |     2.337 | FAST    |
A_i[5][3][0]   | C_o[5][2][1]   |     4.729 | SLOW    |     2.341 | FAST    |
A_i[5][3][0]   | C_o[5][2][2]   |     4.731 | SLOW    |     2.324 | FAST    |
A_i[5][3][0]   | C_o[5][3][0]   |     4.509 | SLOW    |     2.337 | FAST    |
A_i[5][3][0]   | C_o[5][3][1]   |     4.729 | SLOW    |     2.341 | FAST    |
A_i[5][3][0]   | C_o[5][3][2]   |     4.731 | SLOW    |     2.324 | FAST    |
A_i[5][3][0]   | C_o[5][4][0]   |     4.509 | SLOW    |     2.337 | FAST    |
A_i[5][3][0]   | C_o[5][4][1]   |     4.729 | SLOW    |     2.341 | FAST    |
A_i[5][3][0]   | C_o[5][4][2]   |     4.731 | SLOW    |     2.324 | FAST    |
A_i[5][3][0]   | C_o[5][5][0]   |     4.509 | SLOW    |     2.337 | FAST    |
A_i[5][3][0]   | C_o[5][5][1]   |     4.729 | SLOW    |     2.341 | FAST    |
A_i[5][3][0]   | C_o[5][5][2]   |     4.731 | SLOW    |     2.324 | FAST    |
A_i[5][3][0]   | C_o[5][6][0]   |     4.509 | SLOW    |     2.337 | FAST    |
A_i[5][3][0]   | C_o[5][6][1]   |     4.729 | SLOW    |     2.341 | FAST    |
A_i[5][3][0]   | C_o[5][6][2]   |     4.731 | SLOW    |     2.324 | FAST    |
A_i[5][3][0]   | C_o[5][7][0]   |     4.509 | SLOW    |     2.337 | FAST    |
A_i[5][3][0]   | C_o[5][7][1]   |     4.729 | SLOW    |     2.341 | FAST    |
A_i[5][3][0]   | C_o[5][7][2]   |     4.731 | SLOW    |     2.324 | FAST    |
A_i[5][3][1]   | C_o[5][0][1]   |     4.574 | SLOW    |     2.379 | FAST    |
A_i[5][3][1]   | C_o[5][0][2]   |     4.685 | SLOW    |     2.335 | FAST    |
A_i[5][3][1]   | C_o[5][1][1]   |     4.574 | SLOW    |     2.379 | FAST    |
A_i[5][3][1]   | C_o[5][1][2]   |     4.685 | SLOW    |     2.335 | FAST    |
A_i[5][3][1]   | C_o[5][2][1]   |     4.574 | SLOW    |     2.379 | FAST    |
A_i[5][3][1]   | C_o[5][2][2]   |     4.685 | SLOW    |     2.335 | FAST    |
A_i[5][3][1]   | C_o[5][3][1]   |     4.574 | SLOW    |     2.379 | FAST    |
A_i[5][3][1]   | C_o[5][3][2]   |     4.685 | SLOW    |     2.335 | FAST    |
A_i[5][3][1]   | C_o[5][4][1]   |     4.574 | SLOW    |     2.379 | FAST    |
A_i[5][3][1]   | C_o[5][4][2]   |     4.685 | SLOW    |     2.335 | FAST    |
A_i[5][3][1]   | C_o[5][5][1]   |     4.574 | SLOW    |     2.379 | FAST    |
A_i[5][3][1]   | C_o[5][5][2]   |     4.685 | SLOW    |     2.335 | FAST    |
A_i[5][3][1]   | C_o[5][6][1]   |     4.574 | SLOW    |     2.379 | FAST    |
A_i[5][3][1]   | C_o[5][6][2]   |     4.685 | SLOW    |     2.335 | FAST    |
A_i[5][3][1]   | C_o[5][7][1]   |     4.574 | SLOW    |     2.379 | FAST    |
A_i[5][3][1]   | C_o[5][7][2]   |     4.685 | SLOW    |     2.335 | FAST    |
A_i[5][3][2]   | C_o[5][0][2]   |     4.639 | SLOW    |     2.415 | FAST    |
A_i[5][3][2]   | C_o[5][1][2]   |     4.639 | SLOW    |     2.415 | FAST    |
A_i[5][3][2]   | C_o[5][2][2]   |     4.639 | SLOW    |     2.415 | FAST    |
A_i[5][3][2]   | C_o[5][3][2]   |     4.639 | SLOW    |     2.415 | FAST    |
A_i[5][3][2]   | C_o[5][4][2]   |     4.639 | SLOW    |     2.415 | FAST    |
A_i[5][3][2]   | C_o[5][5][2]   |     4.639 | SLOW    |     2.415 | FAST    |
A_i[5][3][2]   | C_o[5][6][2]   |     4.639 | SLOW    |     2.415 | FAST    |
A_i[5][3][2]   | C_o[5][7][2]   |     4.639 | SLOW    |     2.415 | FAST    |
A_i[6][0][0]   | C_o[6][0][0]   |     4.277 | SLOW    |     2.217 | FAST    |
A_i[6][0][0]   | C_o[6][0][1]   |     4.506 | SLOW    |     2.326 | FAST    |
A_i[6][0][0]   | C_o[6][0][2]   |     4.673 | SLOW    |     2.346 | FAST    |
A_i[6][0][0]   | C_o[6][1][0]   |     4.277 | SLOW    |     2.217 | FAST    |
A_i[6][0][0]   | C_o[6][1][1]   |     4.506 | SLOW    |     2.326 | FAST    |
A_i[6][0][0]   | C_o[6][1][2]   |     4.673 | SLOW    |     2.346 | FAST    |
A_i[6][0][0]   | C_o[6][2][0]   |     4.277 | SLOW    |     2.217 | FAST    |
A_i[6][0][0]   | C_o[6][2][1]   |     4.506 | SLOW    |     2.326 | FAST    |
A_i[6][0][0]   | C_o[6][2][2]   |     4.673 | SLOW    |     2.346 | FAST    |
A_i[6][0][0]   | C_o[6][3][0]   |     4.277 | SLOW    |     2.217 | FAST    |
A_i[6][0][0]   | C_o[6][3][1]   |     4.506 | SLOW    |     2.326 | FAST    |
A_i[6][0][0]   | C_o[6][3][2]   |     4.673 | SLOW    |     2.346 | FAST    |
A_i[6][0][0]   | C_o[6][4][0]   |     4.277 | SLOW    |     2.217 | FAST    |
A_i[6][0][0]   | C_o[6][4][1]   |     4.506 | SLOW    |     2.326 | FAST    |
A_i[6][0][0]   | C_o[6][4][2]   |     4.673 | SLOW    |     2.346 | FAST    |
A_i[6][0][0]   | C_o[6][5][0]   |     4.277 | SLOW    |     2.217 | FAST    |
A_i[6][0][0]   | C_o[6][5][1]   |     4.506 | SLOW    |     2.326 | FAST    |
A_i[6][0][0]   | C_o[6][5][2]   |     4.673 | SLOW    |     2.346 | FAST    |
A_i[6][0][0]   | C_o[6][6][0]   |     4.277 | SLOW    |     2.217 | FAST    |
A_i[6][0][0]   | C_o[6][6][1]   |     4.506 | SLOW    |     2.326 | FAST    |
A_i[6][0][0]   | C_o[6][6][2]   |     4.673 | SLOW    |     2.346 | FAST    |
A_i[6][0][0]   | C_o[6][7][0]   |     4.277 | SLOW    |     2.217 | FAST    |
A_i[6][0][0]   | C_o[6][7][1]   |     4.506 | SLOW    |     2.326 | FAST    |
A_i[6][0][0]   | C_o[6][7][2]   |     4.673 | SLOW    |     2.346 | FAST    |
A_i[6][0][1]   | C_o[6][0][1]   |     4.456 | SLOW    |     2.310 | FAST    |
A_i[6][0][1]   | C_o[6][0][2]   |     4.652 | SLOW    |     2.361 | FAST    |
A_i[6][0][1]   | C_o[6][1][1]   |     4.456 | SLOW    |     2.310 | FAST    |
A_i[6][0][1]   | C_o[6][1][2]   |     4.652 | SLOW    |     2.361 | FAST    |
A_i[6][0][1]   | C_o[6][2][1]   |     4.456 | SLOW    |     2.310 | FAST    |
A_i[6][0][1]   | C_o[6][2][2]   |     4.652 | SLOW    |     2.361 | FAST    |
A_i[6][0][1]   | C_o[6][3][1]   |     4.456 | SLOW    |     2.310 | FAST    |
A_i[6][0][1]   | C_o[6][3][2]   |     4.652 | SLOW    |     2.361 | FAST    |
A_i[6][0][1]   | C_o[6][4][1]   |     4.456 | SLOW    |     2.310 | FAST    |
A_i[6][0][1]   | C_o[6][4][2]   |     4.652 | SLOW    |     2.361 | FAST    |
A_i[6][0][1]   | C_o[6][5][1]   |     4.456 | SLOW    |     2.310 | FAST    |
A_i[6][0][1]   | C_o[6][5][2]   |     4.652 | SLOW    |     2.361 | FAST    |
A_i[6][0][1]   | C_o[6][6][1]   |     4.456 | SLOW    |     2.310 | FAST    |
A_i[6][0][1]   | C_o[6][6][2]   |     4.652 | SLOW    |     2.361 | FAST    |
A_i[6][0][1]   | C_o[6][7][1]   |     4.456 | SLOW    |     2.310 | FAST    |
A_i[6][0][1]   | C_o[6][7][2]   |     4.652 | SLOW    |     2.361 | FAST    |
A_i[6][0][2]   | C_o[6][0][2]   |     4.637 | SLOW    |     2.419 | FAST    |
A_i[6][0][2]   | C_o[6][1][2]   |     4.637 | SLOW    |     2.419 | FAST    |
A_i[6][0][2]   | C_o[6][2][2]   |     4.637 | SLOW    |     2.419 | FAST    |
A_i[6][0][2]   | C_o[6][3][2]   |     4.637 | SLOW    |     2.419 | FAST    |
A_i[6][0][2]   | C_o[6][4][2]   |     4.637 | SLOW    |     2.419 | FAST    |
A_i[6][0][2]   | C_o[6][5][2]   |     4.637 | SLOW    |     2.419 | FAST    |
A_i[6][0][2]   | C_o[6][6][2]   |     4.637 | SLOW    |     2.419 | FAST    |
A_i[6][0][2]   | C_o[6][7][2]   |     4.637 | SLOW    |     2.419 | FAST    |
A_i[6][1][0]   | C_o[6][0][0]   |     4.477 | SLOW    |     2.326 | FAST    |
A_i[6][1][0]   | C_o[6][0][1]   |     4.697 | SLOW    |     2.322 | FAST    |
A_i[6][1][0]   | C_o[6][0][2]   |     4.699 | SLOW    |     2.369 | FAST    |
A_i[6][1][0]   | C_o[6][1][0]   |     4.477 | SLOW    |     2.326 | FAST    |
A_i[6][1][0]   | C_o[6][1][1]   |     4.697 | SLOW    |     2.322 | FAST    |
A_i[6][1][0]   | C_o[6][1][2]   |     4.699 | SLOW    |     2.369 | FAST    |
A_i[6][1][0]   | C_o[6][2][0]   |     4.477 | SLOW    |     2.326 | FAST    |
A_i[6][1][0]   | C_o[6][2][1]   |     4.697 | SLOW    |     2.322 | FAST    |
A_i[6][1][0]   | C_o[6][2][2]   |     4.699 | SLOW    |     2.369 | FAST    |
A_i[6][1][0]   | C_o[6][3][0]   |     4.477 | SLOW    |     2.326 | FAST    |
A_i[6][1][0]   | C_o[6][3][1]   |     4.697 | SLOW    |     2.322 | FAST    |
A_i[6][1][0]   | C_o[6][3][2]   |     4.699 | SLOW    |     2.369 | FAST    |
A_i[6][1][0]   | C_o[6][4][0]   |     4.477 | SLOW    |     2.326 | FAST    |
A_i[6][1][0]   | C_o[6][4][1]   |     4.697 | SLOW    |     2.322 | FAST    |
A_i[6][1][0]   | C_o[6][4][2]   |     4.699 | SLOW    |     2.369 | FAST    |
A_i[6][1][0]   | C_o[6][5][0]   |     4.477 | SLOW    |     2.326 | FAST    |
A_i[6][1][0]   | C_o[6][5][1]   |     4.697 | SLOW    |     2.322 | FAST    |
A_i[6][1][0]   | C_o[6][5][2]   |     4.699 | SLOW    |     2.369 | FAST    |
A_i[6][1][0]   | C_o[6][6][0]   |     4.477 | SLOW    |     2.326 | FAST    |
A_i[6][1][0]   | C_o[6][6][1]   |     4.697 | SLOW    |     2.322 | FAST    |
A_i[6][1][0]   | C_o[6][6][2]   |     4.699 | SLOW    |     2.369 | FAST    |
A_i[6][1][0]   | C_o[6][7][0]   |     4.477 | SLOW    |     2.326 | FAST    |
A_i[6][1][0]   | C_o[6][7][1]   |     4.697 | SLOW    |     2.322 | FAST    |
A_i[6][1][0]   | C_o[6][7][2]   |     4.699 | SLOW    |     2.369 | FAST    |
A_i[6][1][1]   | C_o[6][0][1]   |     4.462 | SLOW    |     2.312 | FAST    |
A_i[6][1][1]   | C_o[6][0][2]   |     4.660 | SLOW    |     2.423 | FAST    |
A_i[6][1][1]   | C_o[6][1][1]   |     4.462 | SLOW    |     2.312 | FAST    |
A_i[6][1][1]   | C_o[6][1][2]   |     4.660 | SLOW    |     2.423 | FAST    |
A_i[6][1][1]   | C_o[6][2][1]   |     4.462 | SLOW    |     2.312 | FAST    |
A_i[6][1][1]   | C_o[6][2][2]   |     4.660 | SLOW    |     2.423 | FAST    |
A_i[6][1][1]   | C_o[6][3][1]   |     4.462 | SLOW    |     2.312 | FAST    |
A_i[6][1][1]   | C_o[6][3][2]   |     4.660 | SLOW    |     2.423 | FAST    |
A_i[6][1][1]   | C_o[6][4][1]   |     4.462 | SLOW    |     2.312 | FAST    |
A_i[6][1][1]   | C_o[6][4][2]   |     4.660 | SLOW    |     2.423 | FAST    |
A_i[6][1][1]   | C_o[6][5][1]   |     4.462 | SLOW    |     2.312 | FAST    |
A_i[6][1][1]   | C_o[6][5][2]   |     4.660 | SLOW    |     2.423 | FAST    |
A_i[6][1][1]   | C_o[6][6][1]   |     4.462 | SLOW    |     2.312 | FAST    |
A_i[6][1][1]   | C_o[6][6][2]   |     4.660 | SLOW    |     2.423 | FAST    |
A_i[6][1][1]   | C_o[6][7][1]   |     4.462 | SLOW    |     2.312 | FAST    |
A_i[6][1][1]   | C_o[6][7][2]   |     4.660 | SLOW    |     2.423 | FAST    |
A_i[6][1][2]   | C_o[6][0][2]   |     4.639 | SLOW    |     2.415 | FAST    |
A_i[6][1][2]   | C_o[6][1][2]   |     4.639 | SLOW    |     2.415 | FAST    |
A_i[6][1][2]   | C_o[6][2][2]   |     4.639 | SLOW    |     2.415 | FAST    |
A_i[6][1][2]   | C_o[6][3][2]   |     4.639 | SLOW    |     2.415 | FAST    |
A_i[6][1][2]   | C_o[6][4][2]   |     4.639 | SLOW    |     2.415 | FAST    |
A_i[6][1][2]   | C_o[6][5][2]   |     4.639 | SLOW    |     2.415 | FAST    |
A_i[6][1][2]   | C_o[6][6][2]   |     4.639 | SLOW    |     2.415 | FAST    |
A_i[6][1][2]   | C_o[6][7][2]   |     4.639 | SLOW    |     2.415 | FAST    |
A_i[6][2][0]   | C_o[6][0][0]   |     4.509 | SLOW    |     2.337 | FAST    |
A_i[6][2][0]   | C_o[6][0][1]   |     4.729 | SLOW    |     2.332 | FAST    |
A_i[6][2][0]   | C_o[6][0][2]   |     4.731 | SLOW    |     2.320 | FAST    |
A_i[6][2][0]   | C_o[6][1][0]   |     4.509 | SLOW    |     2.337 | FAST    |
A_i[6][2][0]   | C_o[6][1][1]   |     4.729 | SLOW    |     2.332 | FAST    |
A_i[6][2][0]   | C_o[6][1][2]   |     4.731 | SLOW    |     2.320 | FAST    |
A_i[6][2][0]   | C_o[6][2][0]   |     4.509 | SLOW    |     2.337 | FAST    |
A_i[6][2][0]   | C_o[6][2][1]   |     4.729 | SLOW    |     2.332 | FAST    |
A_i[6][2][0]   | C_o[6][2][2]   |     4.731 | SLOW    |     2.320 | FAST    |
A_i[6][2][0]   | C_o[6][3][0]   |     4.509 | SLOW    |     2.337 | FAST    |
A_i[6][2][0]   | C_o[6][3][1]   |     4.729 | SLOW    |     2.332 | FAST    |
A_i[6][2][0]   | C_o[6][3][2]   |     4.731 | SLOW    |     2.320 | FAST    |
A_i[6][2][0]   | C_o[6][4][0]   |     4.509 | SLOW    |     2.337 | FAST    |
A_i[6][2][0]   | C_o[6][4][1]   |     4.729 | SLOW    |     2.332 | FAST    |
A_i[6][2][0]   | C_o[6][4][2]   |     4.731 | SLOW    |     2.320 | FAST    |
A_i[6][2][0]   | C_o[6][5][0]   |     4.509 | SLOW    |     2.337 | FAST    |
A_i[6][2][0]   | C_o[6][5][1]   |     4.729 | SLOW    |     2.332 | FAST    |
A_i[6][2][0]   | C_o[6][5][2]   |     4.731 | SLOW    |     2.320 | FAST    |
A_i[6][2][0]   | C_o[6][6][0]   |     4.509 | SLOW    |     2.337 | FAST    |
A_i[6][2][0]   | C_o[6][6][1]   |     4.729 | SLOW    |     2.332 | FAST    |
A_i[6][2][0]   | C_o[6][6][2]   |     4.731 | SLOW    |     2.320 | FAST    |
A_i[6][2][0]   | C_o[6][7][0]   |     4.509 | SLOW    |     2.337 | FAST    |
A_i[6][2][0]   | C_o[6][7][1]   |     4.729 | SLOW    |     2.332 | FAST    |
A_i[6][2][0]   | C_o[6][7][2]   |     4.731 | SLOW    |     2.320 | FAST    |
A_i[6][2][1]   | C_o[6][0][1]   |     4.552 | SLOW    |     2.365 | FAST    |
A_i[6][2][1]   | C_o[6][0][2]   |     4.661 | SLOW    |     2.331 | FAST    |
A_i[6][2][1]   | C_o[6][1][1]   |     4.552 | SLOW    |     2.365 | FAST    |
A_i[6][2][1]   | C_o[6][1][2]   |     4.661 | SLOW    |     2.331 | FAST    |
A_i[6][2][1]   | C_o[6][2][1]   |     4.552 | SLOW    |     2.365 | FAST    |
A_i[6][2][1]   | C_o[6][2][2]   |     4.661 | SLOW    |     2.331 | FAST    |
A_i[6][2][1]   | C_o[6][3][1]   |     4.552 | SLOW    |     2.365 | FAST    |
A_i[6][2][1]   | C_o[6][3][2]   |     4.661 | SLOW    |     2.331 | FAST    |
A_i[6][2][1]   | C_o[6][4][1]   |     4.552 | SLOW    |     2.365 | FAST    |
A_i[6][2][1]   | C_o[6][4][2]   |     4.661 | SLOW    |     2.331 | FAST    |
A_i[6][2][1]   | C_o[6][5][1]   |     4.552 | SLOW    |     2.365 | FAST    |
A_i[6][2][1]   | C_o[6][5][2]   |     4.661 | SLOW    |     2.331 | FAST    |
A_i[6][2][1]   | C_o[6][6][1]   |     4.552 | SLOW    |     2.365 | FAST    |
A_i[6][2][1]   | C_o[6][6][2]   |     4.661 | SLOW    |     2.331 | FAST    |
A_i[6][2][1]   | C_o[6][7][1]   |     4.552 | SLOW    |     2.365 | FAST    |
A_i[6][2][1]   | C_o[6][7][2]   |     4.661 | SLOW    |     2.331 | FAST    |
A_i[6][2][2]   | C_o[6][0][2]   |     4.637 | SLOW    |     2.419 | FAST    |
A_i[6][2][2]   | C_o[6][1][2]   |     4.637 | SLOW    |     2.419 | FAST    |
A_i[6][2][2]   | C_o[6][2][2]   |     4.637 | SLOW    |     2.419 | FAST    |
A_i[6][2][2]   | C_o[6][3][2]   |     4.637 | SLOW    |     2.419 | FAST    |
A_i[6][2][2]   | C_o[6][4][2]   |     4.637 | SLOW    |     2.419 | FAST    |
A_i[6][2][2]   | C_o[6][5][2]   |     4.637 | SLOW    |     2.419 | FAST    |
A_i[6][2][2]   | C_o[6][6][2]   |     4.637 | SLOW    |     2.419 | FAST    |
A_i[6][2][2]   | C_o[6][7][2]   |     4.637 | SLOW    |     2.419 | FAST    |
A_i[6][3][0]   | C_o[6][0][0]   |     4.509 | SLOW    |     2.337 | FAST    |
A_i[6][3][0]   | C_o[6][0][1]   |     4.729 | SLOW    |     2.341 | FAST    |
A_i[6][3][0]   | C_o[6][0][2]   |     4.731 | SLOW    |     2.324 | FAST    |
A_i[6][3][0]   | C_o[6][1][0]   |     4.509 | SLOW    |     2.337 | FAST    |
A_i[6][3][0]   | C_o[6][1][1]   |     4.729 | SLOW    |     2.341 | FAST    |
A_i[6][3][0]   | C_o[6][1][2]   |     4.731 | SLOW    |     2.324 | FAST    |
A_i[6][3][0]   | C_o[6][2][0]   |     4.509 | SLOW    |     2.337 | FAST    |
A_i[6][3][0]   | C_o[6][2][1]   |     4.729 | SLOW    |     2.341 | FAST    |
A_i[6][3][0]   | C_o[6][2][2]   |     4.731 | SLOW    |     2.324 | FAST    |
A_i[6][3][0]   | C_o[6][3][0]   |     4.509 | SLOW    |     2.337 | FAST    |
A_i[6][3][0]   | C_o[6][3][1]   |     4.729 | SLOW    |     2.341 | FAST    |
A_i[6][3][0]   | C_o[6][3][2]   |     4.731 | SLOW    |     2.324 | FAST    |
A_i[6][3][0]   | C_o[6][4][0]   |     4.509 | SLOW    |     2.337 | FAST    |
A_i[6][3][0]   | C_o[6][4][1]   |     4.729 | SLOW    |     2.341 | FAST    |
A_i[6][3][0]   | C_o[6][4][2]   |     4.731 | SLOW    |     2.324 | FAST    |
A_i[6][3][0]   | C_o[6][5][0]   |     4.509 | SLOW    |     2.337 | FAST    |
A_i[6][3][0]   | C_o[6][5][1]   |     4.729 | SLOW    |     2.341 | FAST    |
A_i[6][3][0]   | C_o[6][5][2]   |     4.731 | SLOW    |     2.324 | FAST    |
A_i[6][3][0]   | C_o[6][6][0]   |     4.509 | SLOW    |     2.337 | FAST    |
A_i[6][3][0]   | C_o[6][6][1]   |     4.729 | SLOW    |     2.341 | FAST    |
A_i[6][3][0]   | C_o[6][6][2]   |     4.731 | SLOW    |     2.324 | FAST    |
A_i[6][3][0]   | C_o[6][7][0]   |     4.509 | SLOW    |     2.337 | FAST    |
A_i[6][3][0]   | C_o[6][7][1]   |     4.729 | SLOW    |     2.341 | FAST    |
A_i[6][3][0]   | C_o[6][7][2]   |     4.731 | SLOW    |     2.324 | FAST    |
A_i[6][3][1]   | C_o[6][0][1]   |     4.552 | SLOW    |     2.365 | FAST    |
A_i[6][3][1]   | C_o[6][0][2]   |     4.663 | SLOW    |     2.335 | FAST    |
A_i[6][3][1]   | C_o[6][1][1]   |     4.552 | SLOW    |     2.365 | FAST    |
A_i[6][3][1]   | C_o[6][1][2]   |     4.663 | SLOW    |     2.335 | FAST    |
A_i[6][3][1]   | C_o[6][2][1]   |     4.552 | SLOW    |     2.365 | FAST    |
A_i[6][3][1]   | C_o[6][2][2]   |     4.663 | SLOW    |     2.335 | FAST    |
A_i[6][3][1]   | C_o[6][3][1]   |     4.552 | SLOW    |     2.365 | FAST    |
A_i[6][3][1]   | C_o[6][3][2]   |     4.663 | SLOW    |     2.335 | FAST    |
A_i[6][3][1]   | C_o[6][4][1]   |     4.552 | SLOW    |     2.365 | FAST    |
A_i[6][3][1]   | C_o[6][4][2]   |     4.663 | SLOW    |     2.335 | FAST    |
A_i[6][3][1]   | C_o[6][5][1]   |     4.552 | SLOW    |     2.365 | FAST    |
A_i[6][3][1]   | C_o[6][5][2]   |     4.663 | SLOW    |     2.335 | FAST    |
A_i[6][3][1]   | C_o[6][6][1]   |     4.552 | SLOW    |     2.365 | FAST    |
A_i[6][3][1]   | C_o[6][6][2]   |     4.663 | SLOW    |     2.335 | FAST    |
A_i[6][3][1]   | C_o[6][7][1]   |     4.552 | SLOW    |     2.365 | FAST    |
A_i[6][3][1]   | C_o[6][7][2]   |     4.663 | SLOW    |     2.335 | FAST    |
A_i[6][3][2]   | C_o[6][0][2]   |     4.639 | SLOW    |     2.415 | FAST    |
A_i[6][3][2]   | C_o[6][1][2]   |     4.639 | SLOW    |     2.415 | FAST    |
A_i[6][3][2]   | C_o[6][2][2]   |     4.639 | SLOW    |     2.415 | FAST    |
A_i[6][3][2]   | C_o[6][3][2]   |     4.639 | SLOW    |     2.415 | FAST    |
A_i[6][3][2]   | C_o[6][4][2]   |     4.639 | SLOW    |     2.415 | FAST    |
A_i[6][3][2]   | C_o[6][5][2]   |     4.639 | SLOW    |     2.415 | FAST    |
A_i[6][3][2]   | C_o[6][6][2]   |     4.639 | SLOW    |     2.415 | FAST    |
A_i[6][3][2]   | C_o[6][7][2]   |     4.639 | SLOW    |     2.415 | FAST    |
A_i[7][0][0]   | C_o[7][0][0]   |     4.277 | SLOW    |     2.217 | FAST    |
A_i[7][0][0]   | C_o[7][0][1]   |     4.508 | SLOW    |     2.346 | FAST    |
A_i[7][0][0]   | C_o[7][0][2]   |     4.673 | SLOW    |     2.346 | FAST    |
A_i[7][0][0]   | C_o[7][1][0]   |     4.277 | SLOW    |     2.217 | FAST    |
A_i[7][0][0]   | C_o[7][1][1]   |     4.508 | SLOW    |     2.346 | FAST    |
A_i[7][0][0]   | C_o[7][1][2]   |     4.673 | SLOW    |     2.346 | FAST    |
A_i[7][0][0]   | C_o[7][2][0]   |     4.277 | SLOW    |     2.217 | FAST    |
A_i[7][0][0]   | C_o[7][2][1]   |     4.508 | SLOW    |     2.346 | FAST    |
A_i[7][0][0]   | C_o[7][2][2]   |     4.673 | SLOW    |     2.346 | FAST    |
A_i[7][0][0]   | C_o[7][3][0]   |     4.277 | SLOW    |     2.217 | FAST    |
A_i[7][0][0]   | C_o[7][3][1]   |     4.508 | SLOW    |     2.346 | FAST    |
A_i[7][0][0]   | C_o[7][3][2]   |     4.673 | SLOW    |     2.346 | FAST    |
A_i[7][0][0]   | C_o[7][4][0]   |     4.277 | SLOW    |     2.217 | FAST    |
A_i[7][0][0]   | C_o[7][4][1]   |     4.508 | SLOW    |     2.346 | FAST    |
A_i[7][0][0]   | C_o[7][4][2]   |     4.673 | SLOW    |     2.346 | FAST    |
A_i[7][0][0]   | C_o[7][5][0]   |     4.277 | SLOW    |     2.217 | FAST    |
A_i[7][0][0]   | C_o[7][5][1]   |     4.508 | SLOW    |     2.346 | FAST    |
A_i[7][0][0]   | C_o[7][5][2]   |     4.673 | SLOW    |     2.346 | FAST    |
A_i[7][0][0]   | C_o[7][6][0]   |     4.277 | SLOW    |     2.217 | FAST    |
A_i[7][0][0]   | C_o[7][6][1]   |     4.508 | SLOW    |     2.346 | FAST    |
A_i[7][0][0]   | C_o[7][6][2]   |     4.673 | SLOW    |     2.346 | FAST    |
A_i[7][0][0]   | C_o[7][7][0]   |     4.277 | SLOW    |     2.217 | FAST    |
A_i[7][0][0]   | C_o[7][7][1]   |     4.508 | SLOW    |     2.346 | FAST    |
A_i[7][0][0]   | C_o[7][7][2]   |     4.673 | SLOW    |     2.346 | FAST    |
A_i[7][0][1]   | C_o[7][0][1]   |     4.478 | SLOW    |     2.324 | FAST    |
A_i[7][0][1]   | C_o[7][0][2]   |     4.652 | SLOW    |     2.375 | FAST    |
A_i[7][0][1]   | C_o[7][1][1]   |     4.478 | SLOW    |     2.324 | FAST    |
A_i[7][0][1]   | C_o[7][1][2]   |     4.652 | SLOW    |     2.375 | FAST    |
A_i[7][0][1]   | C_o[7][2][1]   |     4.478 | SLOW    |     2.324 | FAST    |
A_i[7][0][1]   | C_o[7][2][2]   |     4.652 | SLOW    |     2.375 | FAST    |
A_i[7][0][1]   | C_o[7][3][1]   |     4.478 | SLOW    |     2.324 | FAST    |
A_i[7][0][1]   | C_o[7][3][2]   |     4.652 | SLOW    |     2.375 | FAST    |
A_i[7][0][1]   | C_o[7][4][1]   |     4.478 | SLOW    |     2.324 | FAST    |
A_i[7][0][1]   | C_o[7][4][2]   |     4.652 | SLOW    |     2.375 | FAST    |
A_i[7][0][1]   | C_o[7][5][1]   |     4.478 | SLOW    |     2.324 | FAST    |
A_i[7][0][1]   | C_o[7][5][2]   |     4.652 | SLOW    |     2.375 | FAST    |
A_i[7][0][1]   | C_o[7][6][1]   |     4.478 | SLOW    |     2.324 | FAST    |
A_i[7][0][1]   | C_o[7][6][2]   |     4.652 | SLOW    |     2.375 | FAST    |
A_i[7][0][1]   | C_o[7][7][1]   |     4.478 | SLOW    |     2.324 | FAST    |
A_i[7][0][1]   | C_o[7][7][2]   |     4.652 | SLOW    |     2.375 | FAST    |
A_i[7][0][2]   | C_o[7][0][2]   |     4.637 | SLOW    |     2.419 | FAST    |
A_i[7][0][2]   | C_o[7][1][2]   |     4.637 | SLOW    |     2.419 | FAST    |
A_i[7][0][2]   | C_o[7][2][2]   |     4.637 | SLOW    |     2.419 | FAST    |
A_i[7][0][2]   | C_o[7][3][2]   |     4.637 | SLOW    |     2.419 | FAST    |
A_i[7][0][2]   | C_o[7][4][2]   |     4.637 | SLOW    |     2.419 | FAST    |
A_i[7][0][2]   | C_o[7][5][2]   |     4.637 | SLOW    |     2.419 | FAST    |
A_i[7][0][2]   | C_o[7][6][2]   |     4.637 | SLOW    |     2.419 | FAST    |
A_i[7][0][2]   | C_o[7][7][2]   |     4.637 | SLOW    |     2.419 | FAST    |
A_i[7][1][0]   | C_o[7][0][0]   |     4.477 | SLOW    |     2.326 | FAST    |
A_i[7][1][0]   | C_o[7][0][1]   |     4.697 | SLOW    |     2.322 | FAST    |
A_i[7][1][0]   | C_o[7][0][2]   |     4.712 | SLOW    |     2.369 | FAST    |
A_i[7][1][0]   | C_o[7][1][0]   |     4.477 | SLOW    |     2.326 | FAST    |
A_i[7][1][0]   | C_o[7][1][1]   |     4.697 | SLOW    |     2.322 | FAST    |
A_i[7][1][0]   | C_o[7][1][2]   |     4.712 | SLOW    |     2.369 | FAST    |
A_i[7][1][0]   | C_o[7][2][0]   |     4.477 | SLOW    |     2.326 | FAST    |
A_i[7][1][0]   | C_o[7][2][1]   |     4.697 | SLOW    |     2.322 | FAST    |
A_i[7][1][0]   | C_o[7][2][2]   |     4.712 | SLOW    |     2.369 | FAST    |
A_i[7][1][0]   | C_o[7][3][0]   |     4.477 | SLOW    |     2.326 | FAST    |
A_i[7][1][0]   | C_o[7][3][1]   |     4.697 | SLOW    |     2.322 | FAST    |
A_i[7][1][0]   | C_o[7][3][2]   |     4.712 | SLOW    |     2.369 | FAST    |
A_i[7][1][0]   | C_o[7][4][0]   |     4.477 | SLOW    |     2.326 | FAST    |
A_i[7][1][0]   | C_o[7][4][1]   |     4.697 | SLOW    |     2.322 | FAST    |
A_i[7][1][0]   | C_o[7][4][2]   |     4.712 | SLOW    |     2.369 | FAST    |
A_i[7][1][0]   | C_o[7][5][0]   |     4.477 | SLOW    |     2.326 | FAST    |
A_i[7][1][0]   | C_o[7][5][1]   |     4.697 | SLOW    |     2.322 | FAST    |
A_i[7][1][0]   | C_o[7][5][2]   |     4.712 | SLOW    |     2.369 | FAST    |
A_i[7][1][0]   | C_o[7][6][0]   |     4.477 | SLOW    |     2.326 | FAST    |
A_i[7][1][0]   | C_o[7][6][1]   |     4.697 | SLOW    |     2.322 | FAST    |
A_i[7][1][0]   | C_o[7][6][2]   |     4.712 | SLOW    |     2.369 | FAST    |
A_i[7][1][0]   | C_o[7][7][0]   |     4.477 | SLOW    |     2.326 | FAST    |
A_i[7][1][0]   | C_o[7][7][1]   |     4.697 | SLOW    |     2.322 | FAST    |
A_i[7][1][0]   | C_o[7][7][2]   |     4.712 | SLOW    |     2.369 | FAST    |
A_i[7][1][1]   | C_o[7][0][1]   |     4.484 | SLOW    |     2.326 | FAST    |
A_i[7][1][1]   | C_o[7][0][2]   |     4.682 | SLOW    |     2.423 | FAST    |
A_i[7][1][1]   | C_o[7][1][1]   |     4.484 | SLOW    |     2.326 | FAST    |
A_i[7][1][1]   | C_o[7][1][2]   |     4.682 | SLOW    |     2.423 | FAST    |
A_i[7][1][1]   | C_o[7][2][1]   |     4.484 | SLOW    |     2.326 | FAST    |
A_i[7][1][1]   | C_o[7][2][2]   |     4.682 | SLOW    |     2.423 | FAST    |
A_i[7][1][1]   | C_o[7][3][1]   |     4.484 | SLOW    |     2.326 | FAST    |
A_i[7][1][1]   | C_o[7][3][2]   |     4.682 | SLOW    |     2.423 | FAST    |
A_i[7][1][1]   | C_o[7][4][1]   |     4.484 | SLOW    |     2.326 | FAST    |
A_i[7][1][1]   | C_o[7][4][2]   |     4.682 | SLOW    |     2.423 | FAST    |
A_i[7][1][1]   | C_o[7][5][1]   |     4.484 | SLOW    |     2.326 | FAST    |
A_i[7][1][1]   | C_o[7][5][2]   |     4.682 | SLOW    |     2.423 | FAST    |
A_i[7][1][1]   | C_o[7][6][1]   |     4.484 | SLOW    |     2.326 | FAST    |
A_i[7][1][1]   | C_o[7][6][2]   |     4.682 | SLOW    |     2.423 | FAST    |
A_i[7][1][1]   | C_o[7][7][1]   |     4.484 | SLOW    |     2.326 | FAST    |
A_i[7][1][1]   | C_o[7][7][2]   |     4.682 | SLOW    |     2.423 | FAST    |
A_i[7][1][2]   | C_o[7][0][2]   |     4.639 | SLOW    |     2.415 | FAST    |
A_i[7][1][2]   | C_o[7][1][2]   |     4.639 | SLOW    |     2.415 | FAST    |
A_i[7][1][2]   | C_o[7][2][2]   |     4.639 | SLOW    |     2.415 | FAST    |
A_i[7][1][2]   | C_o[7][3][2]   |     4.639 | SLOW    |     2.415 | FAST    |
A_i[7][1][2]   | C_o[7][4][2]   |     4.639 | SLOW    |     2.415 | FAST    |
A_i[7][1][2]   | C_o[7][5][2]   |     4.639 | SLOW    |     2.415 | FAST    |
A_i[7][1][2]   | C_o[7][6][2]   |     4.639 | SLOW    |     2.415 | FAST    |
A_i[7][1][2]   | C_o[7][7][2]   |     4.639 | SLOW    |     2.415 | FAST    |
A_i[7][2][0]   | C_o[7][0][0]   |     4.509 | SLOW    |     2.337 | FAST    |
A_i[7][2][0]   | C_o[7][0][1]   |     4.729 | SLOW    |     2.332 | FAST    |
A_i[7][2][0]   | C_o[7][0][2]   |     4.731 | SLOW    |     2.320 | FAST    |
A_i[7][2][0]   | C_o[7][1][0]   |     4.509 | SLOW    |     2.337 | FAST    |
A_i[7][2][0]   | C_o[7][1][1]   |     4.729 | SLOW    |     2.332 | FAST    |
A_i[7][2][0]   | C_o[7][1][2]   |     4.731 | SLOW    |     2.320 | FAST    |
A_i[7][2][0]   | C_o[7][2][0]   |     4.509 | SLOW    |     2.337 | FAST    |
A_i[7][2][0]   | C_o[7][2][1]   |     4.729 | SLOW    |     2.332 | FAST    |
A_i[7][2][0]   | C_o[7][2][2]   |     4.731 | SLOW    |     2.320 | FAST    |
A_i[7][2][0]   | C_o[7][3][0]   |     4.509 | SLOW    |     2.337 | FAST    |
A_i[7][2][0]   | C_o[7][3][1]   |     4.729 | SLOW    |     2.332 | FAST    |
A_i[7][2][0]   | C_o[7][3][2]   |     4.731 | SLOW    |     2.320 | FAST    |
A_i[7][2][0]   | C_o[7][4][0]   |     4.509 | SLOW    |     2.337 | FAST    |
A_i[7][2][0]   | C_o[7][4][1]   |     4.729 | SLOW    |     2.332 | FAST    |
A_i[7][2][0]   | C_o[7][4][2]   |     4.731 | SLOW    |     2.320 | FAST    |
A_i[7][2][0]   | C_o[7][5][0]   |     4.509 | SLOW    |     2.337 | FAST    |
A_i[7][2][0]   | C_o[7][5][1]   |     4.729 | SLOW    |     2.332 | FAST    |
A_i[7][2][0]   | C_o[7][5][2]   |     4.731 | SLOW    |     2.320 | FAST    |
A_i[7][2][0]   | C_o[7][6][0]   |     4.509 | SLOW    |     2.337 | FAST    |
A_i[7][2][0]   | C_o[7][6][1]   |     4.729 | SLOW    |     2.332 | FAST    |
A_i[7][2][0]   | C_o[7][6][2]   |     4.731 | SLOW    |     2.320 | FAST    |
A_i[7][2][0]   | C_o[7][7][0]   |     4.509 | SLOW    |     2.337 | FAST    |
A_i[7][2][0]   | C_o[7][7][1]   |     4.729 | SLOW    |     2.332 | FAST    |
A_i[7][2][0]   | C_o[7][7][2]   |     4.731 | SLOW    |     2.320 | FAST    |
A_i[7][2][1]   | C_o[7][0][1]   |     4.574 | SLOW    |     2.379 | FAST    |
A_i[7][2][1]   | C_o[7][0][2]   |     4.683 | SLOW    |     2.331 | FAST    |
A_i[7][2][1]   | C_o[7][1][1]   |     4.574 | SLOW    |     2.379 | FAST    |
A_i[7][2][1]   | C_o[7][1][2]   |     4.683 | SLOW    |     2.331 | FAST    |
A_i[7][2][1]   | C_o[7][2][1]   |     4.574 | SLOW    |     2.379 | FAST    |
A_i[7][2][1]   | C_o[7][2][2]   |     4.683 | SLOW    |     2.331 | FAST    |
A_i[7][2][1]   | C_o[7][3][1]   |     4.574 | SLOW    |     2.379 | FAST    |
A_i[7][2][1]   | C_o[7][3][2]   |     4.683 | SLOW    |     2.331 | FAST    |
A_i[7][2][1]   | C_o[7][4][1]   |     4.574 | SLOW    |     2.379 | FAST    |
A_i[7][2][1]   | C_o[7][4][2]   |     4.683 | SLOW    |     2.331 | FAST    |
A_i[7][2][1]   | C_o[7][5][1]   |     4.574 | SLOW    |     2.379 | FAST    |
A_i[7][2][1]   | C_o[7][5][2]   |     4.683 | SLOW    |     2.331 | FAST    |
A_i[7][2][1]   | C_o[7][6][1]   |     4.574 | SLOW    |     2.379 | FAST    |
A_i[7][2][1]   | C_o[7][6][2]   |     4.683 | SLOW    |     2.331 | FAST    |
A_i[7][2][1]   | C_o[7][7][1]   |     4.574 | SLOW    |     2.379 | FAST    |
A_i[7][2][1]   | C_o[7][7][2]   |     4.683 | SLOW    |     2.331 | FAST    |
A_i[7][2][2]   | C_o[7][0][2]   |     4.637 | SLOW    |     2.419 | FAST    |
A_i[7][2][2]   | C_o[7][1][2]   |     4.637 | SLOW    |     2.419 | FAST    |
A_i[7][2][2]   | C_o[7][2][2]   |     4.637 | SLOW    |     2.419 | FAST    |
A_i[7][2][2]   | C_o[7][3][2]   |     4.637 | SLOW    |     2.419 | FAST    |
A_i[7][2][2]   | C_o[7][4][2]   |     4.637 | SLOW    |     2.419 | FAST    |
A_i[7][2][2]   | C_o[7][5][2]   |     4.637 | SLOW    |     2.419 | FAST    |
A_i[7][2][2]   | C_o[7][6][2]   |     4.637 | SLOW    |     2.419 | FAST    |
A_i[7][2][2]   | C_o[7][7][2]   |     4.637 | SLOW    |     2.419 | FAST    |
A_i[7][3][0]   | C_o[7][0][0]   |     4.509 | SLOW    |     2.337 | FAST    |
A_i[7][3][0]   | C_o[7][0][1]   |     4.729 | SLOW    |     2.341 | FAST    |
A_i[7][3][0]   | C_o[7][0][2]   |     4.731 | SLOW    |     2.324 | FAST    |
A_i[7][3][0]   | C_o[7][1][0]   |     4.509 | SLOW    |     2.337 | FAST    |
A_i[7][3][0]   | C_o[7][1][1]   |     4.729 | SLOW    |     2.341 | FAST    |
A_i[7][3][0]   | C_o[7][1][2]   |     4.731 | SLOW    |     2.324 | FAST    |
A_i[7][3][0]   | C_o[7][2][0]   |     4.509 | SLOW    |     2.337 | FAST    |
A_i[7][3][0]   | C_o[7][2][1]   |     4.729 | SLOW    |     2.341 | FAST    |
A_i[7][3][0]   | C_o[7][2][2]   |     4.731 | SLOW    |     2.324 | FAST    |
A_i[7][3][0]   | C_o[7][3][0]   |     4.509 | SLOW    |     2.337 | FAST    |
A_i[7][3][0]   | C_o[7][3][1]   |     4.729 | SLOW    |     2.341 | FAST    |
A_i[7][3][0]   | C_o[7][3][2]   |     4.731 | SLOW    |     2.324 | FAST    |
A_i[7][3][0]   | C_o[7][4][0]   |     4.509 | SLOW    |     2.337 | FAST    |
A_i[7][3][0]   | C_o[7][4][1]   |     4.729 | SLOW    |     2.341 | FAST    |
A_i[7][3][0]   | C_o[7][4][2]   |     4.731 | SLOW    |     2.324 | FAST    |
A_i[7][3][0]   | C_o[7][5][0]   |     4.509 | SLOW    |     2.337 | FAST    |
A_i[7][3][0]   | C_o[7][5][1]   |     4.729 | SLOW    |     2.341 | FAST    |
A_i[7][3][0]   | C_o[7][5][2]   |     4.731 | SLOW    |     2.324 | FAST    |
A_i[7][3][0]   | C_o[7][6][0]   |     4.509 | SLOW    |     2.337 | FAST    |
A_i[7][3][0]   | C_o[7][6][1]   |     4.729 | SLOW    |     2.341 | FAST    |
A_i[7][3][0]   | C_o[7][6][2]   |     4.731 | SLOW    |     2.324 | FAST    |
A_i[7][3][0]   | C_o[7][7][0]   |     4.509 | SLOW    |     2.337 | FAST    |
A_i[7][3][0]   | C_o[7][7][1]   |     4.729 | SLOW    |     2.341 | FAST    |
A_i[7][3][0]   | C_o[7][7][2]   |     4.731 | SLOW    |     2.324 | FAST    |
A_i[7][3][1]   | C_o[7][0][1]   |     4.574 | SLOW    |     2.379 | FAST    |
A_i[7][3][1]   | C_o[7][0][2]   |     4.685 | SLOW    |     2.335 | FAST    |
A_i[7][3][1]   | C_o[7][1][1]   |     4.574 | SLOW    |     2.379 | FAST    |
A_i[7][3][1]   | C_o[7][1][2]   |     4.685 | SLOW    |     2.335 | FAST    |
A_i[7][3][1]   | C_o[7][2][1]   |     4.574 | SLOW    |     2.379 | FAST    |
A_i[7][3][1]   | C_o[7][2][2]   |     4.685 | SLOW    |     2.335 | FAST    |
A_i[7][3][1]   | C_o[7][3][1]   |     4.574 | SLOW    |     2.379 | FAST    |
A_i[7][3][1]   | C_o[7][3][2]   |     4.685 | SLOW    |     2.335 | FAST    |
A_i[7][3][1]   | C_o[7][4][1]   |     4.574 | SLOW    |     2.379 | FAST    |
A_i[7][3][1]   | C_o[7][4][2]   |     4.685 | SLOW    |     2.335 | FAST    |
A_i[7][3][1]   | C_o[7][5][1]   |     4.574 | SLOW    |     2.379 | FAST    |
A_i[7][3][1]   | C_o[7][5][2]   |     4.685 | SLOW    |     2.335 | FAST    |
A_i[7][3][1]   | C_o[7][6][1]   |     4.574 | SLOW    |     2.379 | FAST    |
A_i[7][3][1]   | C_o[7][6][2]   |     4.685 | SLOW    |     2.335 | FAST    |
A_i[7][3][1]   | C_o[7][7][1]   |     4.574 | SLOW    |     2.379 | FAST    |
A_i[7][3][1]   | C_o[7][7][2]   |     4.685 | SLOW    |     2.335 | FAST    |
A_i[7][3][2]   | C_o[7][0][2]   |     4.639 | SLOW    |     2.415 | FAST    |
A_i[7][3][2]   | C_o[7][1][2]   |     4.639 | SLOW    |     2.415 | FAST    |
A_i[7][3][2]   | C_o[7][2][2]   |     4.639 | SLOW    |     2.415 | FAST    |
A_i[7][3][2]   | C_o[7][3][2]   |     4.639 | SLOW    |     2.415 | FAST    |
A_i[7][3][2]   | C_o[7][4][2]   |     4.639 | SLOW    |     2.415 | FAST    |
A_i[7][3][2]   | C_o[7][5][2]   |     4.639 | SLOW    |     2.415 | FAST    |
A_i[7][3][2]   | C_o[7][6][2]   |     4.639 | SLOW    |     2.415 | FAST    |
A_i[7][3][2]   | C_o[7][7][2]   |     4.639 | SLOW    |     2.415 | FAST    |
B_i[0][0][0]   | C_o[0][0][0]   |     4.277 | SLOW    |     2.217 | FAST    |
B_i[0][0][0]   | C_o[0][0][1]   |     4.506 | SLOW    |     2.318 | FAST    |
B_i[0][0][0]   | C_o[0][0][2]   |     4.700 | SLOW    |     2.346 | FAST    |
B_i[0][0][0]   | C_o[1][0][0]   |     4.277 | SLOW    |     2.217 | FAST    |
B_i[0][0][0]   | C_o[1][0][1]   |     4.506 | SLOW    |     2.332 | FAST    |
B_i[0][0][0]   | C_o[1][0][2]   |     4.700 | SLOW    |     2.346 | FAST    |
B_i[0][0][0]   | C_o[2][0][0]   |     4.277 | SLOW    |     2.217 | FAST    |
B_i[0][0][0]   | C_o[2][0][1]   |     4.506 | SLOW    |     2.318 | FAST    |
B_i[0][0][0]   | C_o[2][0][2]   |     4.700 | SLOW    |     2.346 | FAST    |
B_i[0][0][0]   | C_o[3][0][0]   |     4.277 | SLOW    |     2.217 | FAST    |
B_i[0][0][0]   | C_o[3][0][1]   |     4.506 | SLOW    |     2.332 | FAST    |
B_i[0][0][0]   | C_o[3][0][2]   |     4.700 | SLOW    |     2.346 | FAST    |
B_i[0][0][0]   | C_o[4][0][0]   |     4.277 | SLOW    |     2.217 | FAST    |
B_i[0][0][0]   | C_o[4][0][1]   |     4.506 | SLOW    |     2.318 | FAST    |
B_i[0][0][0]   | C_o[4][0][2]   |     4.700 | SLOW    |     2.346 | FAST    |
B_i[0][0][0]   | C_o[5][0][0]   |     4.277 | SLOW    |     2.217 | FAST    |
B_i[0][0][0]   | C_o[5][0][1]   |     4.506 | SLOW    |     2.332 | FAST    |
B_i[0][0][0]   | C_o[5][0][2]   |     4.700 | SLOW    |     2.346 | FAST    |
B_i[0][0][0]   | C_o[6][0][0]   |     4.277 | SLOW    |     2.217 | FAST    |
B_i[0][0][0]   | C_o[6][0][1]   |     4.506 | SLOW    |     2.318 | FAST    |
B_i[0][0][0]   | C_o[6][0][2]   |     4.700 | SLOW    |     2.346 | FAST    |
B_i[0][0][0]   | C_o[7][0][0]   |     4.277 | SLOW    |     2.217 | FAST    |
B_i[0][0][0]   | C_o[7][0][1]   |     4.506 | SLOW    |     2.332 | FAST    |
B_i[0][0][0]   | C_o[7][0][2]   |     4.700 | SLOW    |     2.346 | FAST    |
B_i[0][0][1]   | C_o[0][0][1]   |     4.461 | SLOW    |     2.318 | FAST    |
B_i[0][0][1]   | C_o[0][0][2]   |     4.684 | SLOW    |     2.369 | FAST    |
B_i[0][0][1]   | C_o[1][0][1]   |     4.492 | SLOW    |     2.338 | FAST    |
B_i[0][0][1]   | C_o[1][0][2]   |     4.684 | SLOW    |     2.389 | FAST    |
B_i[0][0][1]   | C_o[2][0][1]   |     4.461 | SLOW    |     2.318 | FAST    |
B_i[0][0][1]   | C_o[2][0][2]   |     4.684 | SLOW    |     2.369 | FAST    |
B_i[0][0][1]   | C_o[3][0][1]   |     4.492 | SLOW    |     2.338 | FAST    |
B_i[0][0][1]   | C_o[3][0][2]   |     4.684 | SLOW    |     2.389 | FAST    |
B_i[0][0][1]   | C_o[4][0][1]   |     4.461 | SLOW    |     2.318 | FAST    |
B_i[0][0][1]   | C_o[4][0][2]   |     4.684 | SLOW    |     2.369 | FAST    |
B_i[0][0][1]   | C_o[5][0][1]   |     4.492 | SLOW    |     2.338 | FAST    |
B_i[0][0][1]   | C_o[5][0][2]   |     4.684 | SLOW    |     2.389 | FAST    |
B_i[0][0][1]   | C_o[6][0][1]   |     4.461 | SLOW    |     2.318 | FAST    |
B_i[0][0][1]   | C_o[6][0][2]   |     4.684 | SLOW    |     2.369 | FAST    |
B_i[0][0][1]   | C_o[7][0][1]   |     4.492 | SLOW    |     2.338 | FAST    |
B_i[0][0][1]   | C_o[7][0][2]   |     4.684 | SLOW    |     2.389 | FAST    |
B_i[0][0][2]   | C_o[0][0][2]   |     4.642 | SLOW    |     2.427 | FAST    |
B_i[0][0][2]   | C_o[1][0][2]   |     4.642 | SLOW    |     2.427 | FAST    |
B_i[0][0][2]   | C_o[2][0][2]   |     4.642 | SLOW    |     2.427 | FAST    |
B_i[0][0][2]   | C_o[3][0][2]   |     4.642 | SLOW    |     2.427 | FAST    |
B_i[0][0][2]   | C_o[4][0][2]   |     4.642 | SLOW    |     2.427 | FAST    |
B_i[0][0][2]   | C_o[5][0][2]   |     4.642 | SLOW    |     2.427 | FAST    |
B_i[0][0][2]   | C_o[6][0][2]   |     4.642 | SLOW    |     2.427 | FAST    |
B_i[0][0][2]   | C_o[7][0][2]   |     4.642 | SLOW    |     2.427 | FAST    |
B_i[0][1][0]   | C_o[0][1][0]   |     4.277 | SLOW    |     2.217 | FAST    |
B_i[0][1][0]   | C_o[0][1][1]   |     4.506 | SLOW    |     2.318 | FAST    |
B_i[0][1][0]   | C_o[0][1][2]   |     4.700 | SLOW    |     2.346 | FAST    |
B_i[0][1][0]   | C_o[1][1][0]   |     4.277 | SLOW    |     2.217 | FAST    |
B_i[0][1][0]   | C_o[1][1][1]   |     4.506 | SLOW    |     2.332 | FAST    |
B_i[0][1][0]   | C_o[1][1][2]   |     4.700 | SLOW    |     2.346 | FAST    |
B_i[0][1][0]   | C_o[2][1][0]   |     4.277 | SLOW    |     2.217 | FAST    |
B_i[0][1][0]   | C_o[2][1][1]   |     4.506 | SLOW    |     2.318 | FAST    |
B_i[0][1][0]   | C_o[2][1][2]   |     4.700 | SLOW    |     2.346 | FAST    |
B_i[0][1][0]   | C_o[3][1][0]   |     4.277 | SLOW    |     2.217 | FAST    |
B_i[0][1][0]   | C_o[3][1][1]   |     4.506 | SLOW    |     2.332 | FAST    |
B_i[0][1][0]   | C_o[3][1][2]   |     4.700 | SLOW    |     2.346 | FAST    |
B_i[0][1][0]   | C_o[4][1][0]   |     4.277 | SLOW    |     2.217 | FAST    |
B_i[0][1][0]   | C_o[4][1][1]   |     4.506 | SLOW    |     2.318 | FAST    |
B_i[0][1][0]   | C_o[4][1][2]   |     4.700 | SLOW    |     2.346 | FAST    |
B_i[0][1][0]   | C_o[5][1][0]   |     4.277 | SLOW    |     2.217 | FAST    |
B_i[0][1][0]   | C_o[5][1][1]   |     4.506 | SLOW    |     2.332 | FAST    |
B_i[0][1][0]   | C_o[5][1][2]   |     4.700 | SLOW    |     2.346 | FAST    |
B_i[0][1][0]   | C_o[6][1][0]   |     4.277 | SLOW    |     2.217 | FAST    |
B_i[0][1][0]   | C_o[6][1][1]   |     4.506 | SLOW    |     2.318 | FAST    |
B_i[0][1][0]   | C_o[6][1][2]   |     4.700 | SLOW    |     2.346 | FAST    |
B_i[0][1][0]   | C_o[7][1][0]   |     4.277 | SLOW    |     2.217 | FAST    |
B_i[0][1][0]   | C_o[7][1][1]   |     4.506 | SLOW    |     2.332 | FAST    |
B_i[0][1][0]   | C_o[7][1][2]   |     4.700 | SLOW    |     2.346 | FAST    |
B_i[0][1][1]   | C_o[0][1][1]   |     4.461 | SLOW    |     2.318 | FAST    |
B_i[0][1][1]   | C_o[0][1][2]   |     4.684 | SLOW    |     2.369 | FAST    |
B_i[0][1][1]   | C_o[1][1][1]   |     4.492 | SLOW    |     2.338 | FAST    |
B_i[0][1][1]   | C_o[1][1][2]   |     4.684 | SLOW    |     2.389 | FAST    |
B_i[0][1][1]   | C_o[2][1][1]   |     4.461 | SLOW    |     2.318 | FAST    |
B_i[0][1][1]   | C_o[2][1][2]   |     4.684 | SLOW    |     2.369 | FAST    |
B_i[0][1][1]   | C_o[3][1][1]   |     4.492 | SLOW    |     2.338 | FAST    |
B_i[0][1][1]   | C_o[3][1][2]   |     4.684 | SLOW    |     2.389 | FAST    |
B_i[0][1][1]   | C_o[4][1][1]   |     4.461 | SLOW    |     2.318 | FAST    |
B_i[0][1][1]   | C_o[4][1][2]   |     4.684 | SLOW    |     2.369 | FAST    |
B_i[0][1][1]   | C_o[5][1][1]   |     4.492 | SLOW    |     2.338 | FAST    |
B_i[0][1][1]   | C_o[5][1][2]   |     4.684 | SLOW    |     2.389 | FAST    |
B_i[0][1][1]   | C_o[6][1][1]   |     4.461 | SLOW    |     2.318 | FAST    |
B_i[0][1][1]   | C_o[6][1][2]   |     4.684 | SLOW    |     2.369 | FAST    |
B_i[0][1][1]   | C_o[7][1][1]   |     4.492 | SLOW    |     2.338 | FAST    |
B_i[0][1][1]   | C_o[7][1][2]   |     4.684 | SLOW    |     2.389 | FAST    |
B_i[0][1][2]   | C_o[0][1][2]   |     4.642 | SLOW    |     2.427 | FAST    |
B_i[0][1][2]   | C_o[1][1][2]   |     4.642 | SLOW    |     2.427 | FAST    |
B_i[0][1][2]   | C_o[2][1][2]   |     4.642 | SLOW    |     2.427 | FAST    |
B_i[0][1][2]   | C_o[3][1][2]   |     4.642 | SLOW    |     2.427 | FAST    |
B_i[0][1][2]   | C_o[4][1][2]   |     4.642 | SLOW    |     2.427 | FAST    |
B_i[0][1][2]   | C_o[5][1][2]   |     4.642 | SLOW    |     2.427 | FAST    |
B_i[0][1][2]   | C_o[6][1][2]   |     4.642 | SLOW    |     2.427 | FAST    |
B_i[0][1][2]   | C_o[7][1][2]   |     4.642 | SLOW    |     2.427 | FAST    |
B_i[0][2][0]   | C_o[0][2][0]   |     4.277 | SLOW    |     2.217 | FAST    |
B_i[0][2][0]   | C_o[0][2][1]   |     4.506 | SLOW    |     2.318 | FAST    |
B_i[0][2][0]   | C_o[0][2][2]   |     4.700 | SLOW    |     2.346 | FAST    |
B_i[0][2][0]   | C_o[1][2][0]   |     4.277 | SLOW    |     2.217 | FAST    |
B_i[0][2][0]   | C_o[1][2][1]   |     4.506 | SLOW    |     2.332 | FAST    |
B_i[0][2][0]   | C_o[1][2][2]   |     4.700 | SLOW    |     2.346 | FAST    |
B_i[0][2][0]   | C_o[2][2][0]   |     4.277 | SLOW    |     2.217 | FAST    |
B_i[0][2][0]   | C_o[2][2][1]   |     4.506 | SLOW    |     2.318 | FAST    |
B_i[0][2][0]   | C_o[2][2][2]   |     4.700 | SLOW    |     2.346 | FAST    |
B_i[0][2][0]   | C_o[3][2][0]   |     4.277 | SLOW    |     2.217 | FAST    |
B_i[0][2][0]   | C_o[3][2][1]   |     4.506 | SLOW    |     2.332 | FAST    |
B_i[0][2][0]   | C_o[3][2][2]   |     4.700 | SLOW    |     2.346 | FAST    |
B_i[0][2][0]   | C_o[4][2][0]   |     4.277 | SLOW    |     2.217 | FAST    |
B_i[0][2][0]   | C_o[4][2][1]   |     4.506 | SLOW    |     2.318 | FAST    |
B_i[0][2][0]   | C_o[4][2][2]   |     4.700 | SLOW    |     2.346 | FAST    |
B_i[0][2][0]   | C_o[5][2][0]   |     4.277 | SLOW    |     2.217 | FAST    |
B_i[0][2][0]   | C_o[5][2][1]   |     4.506 | SLOW    |     2.332 | FAST    |
B_i[0][2][0]   | C_o[5][2][2]   |     4.700 | SLOW    |     2.346 | FAST    |
B_i[0][2][0]   | C_o[6][2][0]   |     4.277 | SLOW    |     2.217 | FAST    |
B_i[0][2][0]   | C_o[6][2][1]   |     4.506 | SLOW    |     2.318 | FAST    |
B_i[0][2][0]   | C_o[6][2][2]   |     4.700 | SLOW    |     2.346 | FAST    |
B_i[0][2][0]   | C_o[7][2][0]   |     4.277 | SLOW    |     2.217 | FAST    |
B_i[0][2][0]   | C_o[7][2][1]   |     4.506 | SLOW    |     2.332 | FAST    |
B_i[0][2][0]   | C_o[7][2][2]   |     4.700 | SLOW    |     2.346 | FAST    |
B_i[0][2][1]   | C_o[0][2][1]   |     4.461 | SLOW    |     2.318 | FAST    |
B_i[0][2][1]   | C_o[0][2][2]   |     4.684 | SLOW    |     2.369 | FAST    |
B_i[0][2][1]   | C_o[1][2][1]   |     4.492 | SLOW    |     2.338 | FAST    |
B_i[0][2][1]   | C_o[1][2][2]   |     4.684 | SLOW    |     2.389 | FAST    |
B_i[0][2][1]   | C_o[2][2][1]   |     4.461 | SLOW    |     2.318 | FAST    |
B_i[0][2][1]   | C_o[2][2][2]   |     4.684 | SLOW    |     2.369 | FAST    |
B_i[0][2][1]   | C_o[3][2][1]   |     4.492 | SLOW    |     2.338 | FAST    |
B_i[0][2][1]   | C_o[3][2][2]   |     4.684 | SLOW    |     2.389 | FAST    |
B_i[0][2][1]   | C_o[4][2][1]   |     4.461 | SLOW    |     2.318 | FAST    |
B_i[0][2][1]   | C_o[4][2][2]   |     4.684 | SLOW    |     2.369 | FAST    |
B_i[0][2][1]   | C_o[5][2][1]   |     4.492 | SLOW    |     2.338 | FAST    |
B_i[0][2][1]   | C_o[5][2][2]   |     4.684 | SLOW    |     2.389 | FAST    |
B_i[0][2][1]   | C_o[6][2][1]   |     4.461 | SLOW    |     2.318 | FAST    |
B_i[0][2][1]   | C_o[6][2][2]   |     4.684 | SLOW    |     2.369 | FAST    |
B_i[0][2][1]   | C_o[7][2][1]   |     4.492 | SLOW    |     2.338 | FAST    |
B_i[0][2][1]   | C_o[7][2][2]   |     4.684 | SLOW    |     2.389 | FAST    |
B_i[0][2][2]   | C_o[0][2][2]   |     4.642 | SLOW    |     2.427 | FAST    |
B_i[0][2][2]   | C_o[1][2][2]   |     4.642 | SLOW    |     2.427 | FAST    |
B_i[0][2][2]   | C_o[2][2][2]   |     4.642 | SLOW    |     2.427 | FAST    |
B_i[0][2][2]   | C_o[3][2][2]   |     4.642 | SLOW    |     2.427 | FAST    |
B_i[0][2][2]   | C_o[4][2][2]   |     4.642 | SLOW    |     2.427 | FAST    |
B_i[0][2][2]   | C_o[5][2][2]   |     4.642 | SLOW    |     2.427 | FAST    |
B_i[0][2][2]   | C_o[6][2][2]   |     4.642 | SLOW    |     2.427 | FAST    |
B_i[0][2][2]   | C_o[7][2][2]   |     4.642 | SLOW    |     2.427 | FAST    |
B_i[0][3][0]   | C_o[0][3][0]   |     4.277 | SLOW    |     2.217 | FAST    |
B_i[0][3][0]   | C_o[0][3][1]   |     4.506 | SLOW    |     2.318 | FAST    |
B_i[0][3][0]   | C_o[0][3][2]   |     4.700 | SLOW    |     2.346 | FAST    |
B_i[0][3][0]   | C_o[1][3][0]   |     4.277 | SLOW    |     2.217 | FAST    |
B_i[0][3][0]   | C_o[1][3][1]   |     4.506 | SLOW    |     2.332 | FAST    |
B_i[0][3][0]   | C_o[1][3][2]   |     4.700 | SLOW    |     2.346 | FAST    |
B_i[0][3][0]   | C_o[2][3][0]   |     4.277 | SLOW    |     2.217 | FAST    |
B_i[0][3][0]   | C_o[2][3][1]   |     4.506 | SLOW    |     2.318 | FAST    |
B_i[0][3][0]   | C_o[2][3][2]   |     4.700 | SLOW    |     2.346 | FAST    |
B_i[0][3][0]   | C_o[3][3][0]   |     4.277 | SLOW    |     2.217 | FAST    |
B_i[0][3][0]   | C_o[3][3][1]   |     4.506 | SLOW    |     2.332 | FAST    |
B_i[0][3][0]   | C_o[3][3][2]   |     4.700 | SLOW    |     2.346 | FAST    |
B_i[0][3][0]   | C_o[4][3][0]   |     4.277 | SLOW    |     2.217 | FAST    |
B_i[0][3][0]   | C_o[4][3][1]   |     4.506 | SLOW    |     2.318 | FAST    |
B_i[0][3][0]   | C_o[4][3][2]   |     4.700 | SLOW    |     2.346 | FAST    |
B_i[0][3][0]   | C_o[5][3][0]   |     4.277 | SLOW    |     2.217 | FAST    |
B_i[0][3][0]   | C_o[5][3][1]   |     4.506 | SLOW    |     2.332 | FAST    |
B_i[0][3][0]   | C_o[5][3][2]   |     4.700 | SLOW    |     2.346 | FAST    |
B_i[0][3][0]   | C_o[6][3][0]   |     4.277 | SLOW    |     2.217 | FAST    |
B_i[0][3][0]   | C_o[6][3][1]   |     4.506 | SLOW    |     2.318 | FAST    |
B_i[0][3][0]   | C_o[6][3][2]   |     4.700 | SLOW    |     2.346 | FAST    |
B_i[0][3][0]   | C_o[7][3][0]   |     4.277 | SLOW    |     2.217 | FAST    |
B_i[0][3][0]   | C_o[7][3][1]   |     4.506 | SLOW    |     2.332 | FAST    |
B_i[0][3][0]   | C_o[7][3][2]   |     4.700 | SLOW    |     2.346 | FAST    |
B_i[0][3][1]   | C_o[0][3][1]   |     4.461 | SLOW    |     2.318 | FAST    |
B_i[0][3][1]   | C_o[0][3][2]   |     4.684 | SLOW    |     2.369 | FAST    |
B_i[0][3][1]   | C_o[1][3][1]   |     4.492 | SLOW    |     2.338 | FAST    |
B_i[0][3][1]   | C_o[1][3][2]   |     4.684 | SLOW    |     2.389 | FAST    |
B_i[0][3][1]   | C_o[2][3][1]   |     4.461 | SLOW    |     2.318 | FAST    |
B_i[0][3][1]   | C_o[2][3][2]   |     4.684 | SLOW    |     2.369 | FAST    |
B_i[0][3][1]   | C_o[3][3][1]   |     4.492 | SLOW    |     2.338 | FAST    |
B_i[0][3][1]   | C_o[3][3][2]   |     4.684 | SLOW    |     2.389 | FAST    |
B_i[0][3][1]   | C_o[4][3][1]   |     4.461 | SLOW    |     2.318 | FAST    |
B_i[0][3][1]   | C_o[4][3][2]   |     4.684 | SLOW    |     2.369 | FAST    |
B_i[0][3][1]   | C_o[5][3][1]   |     4.492 | SLOW    |     2.338 | FAST    |
B_i[0][3][1]   | C_o[5][3][2]   |     4.684 | SLOW    |     2.389 | FAST    |
B_i[0][3][1]   | C_o[6][3][1]   |     4.461 | SLOW    |     2.318 | FAST    |
B_i[0][3][1]   | C_o[6][3][2]   |     4.684 | SLOW    |     2.369 | FAST    |
B_i[0][3][1]   | C_o[7][3][1]   |     4.492 | SLOW    |     2.338 | FAST    |
B_i[0][3][1]   | C_o[7][3][2]   |     4.684 | SLOW    |     2.389 | FAST    |
B_i[0][3][2]   | C_o[0][3][2]   |     4.642 | SLOW    |     2.427 | FAST    |
B_i[0][3][2]   | C_o[1][3][2]   |     4.642 | SLOW    |     2.427 | FAST    |
B_i[0][3][2]   | C_o[2][3][2]   |     4.642 | SLOW    |     2.427 | FAST    |
B_i[0][3][2]   | C_o[3][3][2]   |     4.642 | SLOW    |     2.427 | FAST    |
B_i[0][3][2]   | C_o[4][3][2]   |     4.642 | SLOW    |     2.427 | FAST    |
B_i[0][3][2]   | C_o[5][3][2]   |     4.642 | SLOW    |     2.427 | FAST    |
B_i[0][3][2]   | C_o[6][3][2]   |     4.642 | SLOW    |     2.427 | FAST    |
B_i[0][3][2]   | C_o[7][3][2]   |     4.642 | SLOW    |     2.427 | FAST    |
B_i[0][4][0]   | C_o[0][4][0]   |     4.277 | SLOW    |     2.217 | FAST    |
B_i[0][4][0]   | C_o[0][4][1]   |     4.506 | SLOW    |     2.318 | FAST    |
B_i[0][4][0]   | C_o[0][4][2]   |     4.700 | SLOW    |     2.346 | FAST    |
B_i[0][4][0]   | C_o[1][4][0]   |     4.277 | SLOW    |     2.217 | FAST    |
B_i[0][4][0]   | C_o[1][4][1]   |     4.506 | SLOW    |     2.332 | FAST    |
B_i[0][4][0]   | C_o[1][4][2]   |     4.700 | SLOW    |     2.346 | FAST    |
B_i[0][4][0]   | C_o[2][4][0]   |     4.277 | SLOW    |     2.217 | FAST    |
B_i[0][4][0]   | C_o[2][4][1]   |     4.506 | SLOW    |     2.318 | FAST    |
B_i[0][4][0]   | C_o[2][4][2]   |     4.700 | SLOW    |     2.346 | FAST    |
B_i[0][4][0]   | C_o[3][4][0]   |     4.277 | SLOW    |     2.217 | FAST    |
B_i[0][4][0]   | C_o[3][4][1]   |     4.506 | SLOW    |     2.332 | FAST    |
B_i[0][4][0]   | C_o[3][4][2]   |     4.700 | SLOW    |     2.346 | FAST    |
B_i[0][4][0]   | C_o[4][4][0]   |     4.277 | SLOW    |     2.217 | FAST    |
B_i[0][4][0]   | C_o[4][4][1]   |     4.506 | SLOW    |     2.318 | FAST    |
B_i[0][4][0]   | C_o[4][4][2]   |     4.700 | SLOW    |     2.346 | FAST    |
B_i[0][4][0]   | C_o[5][4][0]   |     4.277 | SLOW    |     2.217 | FAST    |
B_i[0][4][0]   | C_o[5][4][1]   |     4.506 | SLOW    |     2.332 | FAST    |
B_i[0][4][0]   | C_o[5][4][2]   |     4.700 | SLOW    |     2.346 | FAST    |
B_i[0][4][0]   | C_o[6][4][0]   |     4.277 | SLOW    |     2.217 | FAST    |
B_i[0][4][0]   | C_o[6][4][1]   |     4.506 | SLOW    |     2.318 | FAST    |
B_i[0][4][0]   | C_o[6][4][2]   |     4.700 | SLOW    |     2.346 | FAST    |
B_i[0][4][0]   | C_o[7][4][0]   |     4.277 | SLOW    |     2.217 | FAST    |
B_i[0][4][0]   | C_o[7][4][1]   |     4.506 | SLOW    |     2.332 | FAST    |
B_i[0][4][0]   | C_o[7][4][2]   |     4.700 | SLOW    |     2.346 | FAST    |
B_i[0][4][1]   | C_o[0][4][1]   |     4.461 | SLOW    |     2.318 | FAST    |
B_i[0][4][1]   | C_o[0][4][2]   |     4.684 | SLOW    |     2.369 | FAST    |
B_i[0][4][1]   | C_o[1][4][1]   |     4.492 | SLOW    |     2.338 | FAST    |
B_i[0][4][1]   | C_o[1][4][2]   |     4.684 | SLOW    |     2.389 | FAST    |
B_i[0][4][1]   | C_o[2][4][1]   |     4.461 | SLOW    |     2.318 | FAST    |
B_i[0][4][1]   | C_o[2][4][2]   |     4.684 | SLOW    |     2.369 | FAST    |
B_i[0][4][1]   | C_o[3][4][1]   |     4.492 | SLOW    |     2.338 | FAST    |
B_i[0][4][1]   | C_o[3][4][2]   |     4.684 | SLOW    |     2.389 | FAST    |
B_i[0][4][1]   | C_o[4][4][1]   |     4.461 | SLOW    |     2.318 | FAST    |
B_i[0][4][1]   | C_o[4][4][2]   |     4.684 | SLOW    |     2.369 | FAST    |
B_i[0][4][1]   | C_o[5][4][1]   |     4.492 | SLOW    |     2.338 | FAST    |
B_i[0][4][1]   | C_o[5][4][2]   |     4.684 | SLOW    |     2.389 | FAST    |
B_i[0][4][1]   | C_o[6][4][1]   |     4.461 | SLOW    |     2.318 | FAST    |
B_i[0][4][1]   | C_o[6][4][2]   |     4.684 | SLOW    |     2.369 | FAST    |
B_i[0][4][1]   | C_o[7][4][1]   |     4.492 | SLOW    |     2.338 | FAST    |
B_i[0][4][1]   | C_o[7][4][2]   |     4.684 | SLOW    |     2.389 | FAST    |
B_i[0][4][2]   | C_o[0][4][2]   |     4.642 | SLOW    |     2.427 | FAST    |
B_i[0][4][2]   | C_o[1][4][2]   |     4.642 | SLOW    |     2.427 | FAST    |
B_i[0][4][2]   | C_o[2][4][2]   |     4.642 | SLOW    |     2.427 | FAST    |
B_i[0][4][2]   | C_o[3][4][2]   |     4.642 | SLOW    |     2.427 | FAST    |
B_i[0][4][2]   | C_o[4][4][2]   |     4.642 | SLOW    |     2.427 | FAST    |
B_i[0][4][2]   | C_o[5][4][2]   |     4.642 | SLOW    |     2.427 | FAST    |
B_i[0][4][2]   | C_o[6][4][2]   |     4.642 | SLOW    |     2.427 | FAST    |
B_i[0][4][2]   | C_o[7][4][2]   |     4.642 | SLOW    |     2.427 | FAST    |
B_i[0][5][0]   | C_o[0][5][0]   |     4.277 | SLOW    |     2.217 | FAST    |
B_i[0][5][0]   | C_o[0][5][1]   |     4.506 | SLOW    |     2.318 | FAST    |
B_i[0][5][0]   | C_o[0][5][2]   |     4.700 | SLOW    |     2.346 | FAST    |
B_i[0][5][0]   | C_o[1][5][0]   |     4.277 | SLOW    |     2.217 | FAST    |
B_i[0][5][0]   | C_o[1][5][1]   |     4.506 | SLOW    |     2.332 | FAST    |
B_i[0][5][0]   | C_o[1][5][2]   |     4.700 | SLOW    |     2.346 | FAST    |
B_i[0][5][0]   | C_o[2][5][0]   |     4.277 | SLOW    |     2.217 | FAST    |
B_i[0][5][0]   | C_o[2][5][1]   |     4.506 | SLOW    |     2.318 | FAST    |
B_i[0][5][0]   | C_o[2][5][2]   |     4.700 | SLOW    |     2.346 | FAST    |
B_i[0][5][0]   | C_o[3][5][0]   |     4.277 | SLOW    |     2.217 | FAST    |
B_i[0][5][0]   | C_o[3][5][1]   |     4.506 | SLOW    |     2.332 | FAST    |
B_i[0][5][0]   | C_o[3][5][2]   |     4.700 | SLOW    |     2.346 | FAST    |
B_i[0][5][0]   | C_o[4][5][0]   |     4.277 | SLOW    |     2.217 | FAST    |
B_i[0][5][0]   | C_o[4][5][1]   |     4.506 | SLOW    |     2.318 | FAST    |
B_i[0][5][0]   | C_o[4][5][2]   |     4.700 | SLOW    |     2.346 | FAST    |
B_i[0][5][0]   | C_o[5][5][0]   |     4.277 | SLOW    |     2.217 | FAST    |
B_i[0][5][0]   | C_o[5][5][1]   |     4.506 | SLOW    |     2.332 | FAST    |
B_i[0][5][0]   | C_o[5][5][2]   |     4.700 | SLOW    |     2.346 | FAST    |
B_i[0][5][0]   | C_o[6][5][0]   |     4.277 | SLOW    |     2.217 | FAST    |
B_i[0][5][0]   | C_o[6][5][1]   |     4.506 | SLOW    |     2.318 | FAST    |
B_i[0][5][0]   | C_o[6][5][2]   |     4.700 | SLOW    |     2.346 | FAST    |
B_i[0][5][0]   | C_o[7][5][0]   |     4.277 | SLOW    |     2.217 | FAST    |
B_i[0][5][0]   | C_o[7][5][1]   |     4.506 | SLOW    |     2.332 | FAST    |
B_i[0][5][0]   | C_o[7][5][2]   |     4.700 | SLOW    |     2.346 | FAST    |
B_i[0][5][1]   | C_o[0][5][1]   |     4.461 | SLOW    |     2.318 | FAST    |
B_i[0][5][1]   | C_o[0][5][2]   |     4.684 | SLOW    |     2.369 | FAST    |
B_i[0][5][1]   | C_o[1][5][1]   |     4.492 | SLOW    |     2.338 | FAST    |
B_i[0][5][1]   | C_o[1][5][2]   |     4.684 | SLOW    |     2.389 | FAST    |
B_i[0][5][1]   | C_o[2][5][1]   |     4.461 | SLOW    |     2.318 | FAST    |
B_i[0][5][1]   | C_o[2][5][2]   |     4.684 | SLOW    |     2.369 | FAST    |
B_i[0][5][1]   | C_o[3][5][1]   |     4.492 | SLOW    |     2.338 | FAST    |
B_i[0][5][1]   | C_o[3][5][2]   |     4.684 | SLOW    |     2.389 | FAST    |
B_i[0][5][1]   | C_o[4][5][1]   |     4.461 | SLOW    |     2.318 | FAST    |
B_i[0][5][1]   | C_o[4][5][2]   |     4.684 | SLOW    |     2.369 | FAST    |
B_i[0][5][1]   | C_o[5][5][1]   |     4.492 | SLOW    |     2.338 | FAST    |
B_i[0][5][1]   | C_o[5][5][2]   |     4.684 | SLOW    |     2.389 | FAST    |
B_i[0][5][1]   | C_o[6][5][1]   |     4.461 | SLOW    |     2.318 | FAST    |
B_i[0][5][1]   | C_o[6][5][2]   |     4.684 | SLOW    |     2.369 | FAST    |
B_i[0][5][1]   | C_o[7][5][1]   |     4.492 | SLOW    |     2.338 | FAST    |
B_i[0][5][1]   | C_o[7][5][2]   |     4.684 | SLOW    |     2.389 | FAST    |
B_i[0][5][2]   | C_o[0][5][2]   |     4.642 | SLOW    |     2.427 | FAST    |
B_i[0][5][2]   | C_o[1][5][2]   |     4.642 | SLOW    |     2.427 | FAST    |
B_i[0][5][2]   | C_o[2][5][2]   |     4.642 | SLOW    |     2.427 | FAST    |
B_i[0][5][2]   | C_o[3][5][2]   |     4.642 | SLOW    |     2.427 | FAST    |
B_i[0][5][2]   | C_o[4][5][2]   |     4.642 | SLOW    |     2.427 | FAST    |
B_i[0][5][2]   | C_o[5][5][2]   |     4.642 | SLOW    |     2.427 | FAST    |
B_i[0][5][2]   | C_o[6][5][2]   |     4.642 | SLOW    |     2.427 | FAST    |
B_i[0][5][2]   | C_o[7][5][2]   |     4.642 | SLOW    |     2.427 | FAST    |
B_i[0][6][0]   | C_o[0][6][0]   |     4.277 | SLOW    |     2.217 | FAST    |
B_i[0][6][0]   | C_o[0][6][1]   |     4.506 | SLOW    |     2.318 | FAST    |
B_i[0][6][0]   | C_o[0][6][2]   |     4.700 | SLOW    |     2.346 | FAST    |
B_i[0][6][0]   | C_o[1][6][0]   |     4.277 | SLOW    |     2.217 | FAST    |
B_i[0][6][0]   | C_o[1][6][1]   |     4.506 | SLOW    |     2.332 | FAST    |
B_i[0][6][0]   | C_o[1][6][2]   |     4.700 | SLOW    |     2.346 | FAST    |
B_i[0][6][0]   | C_o[2][6][0]   |     4.277 | SLOW    |     2.217 | FAST    |
B_i[0][6][0]   | C_o[2][6][1]   |     4.506 | SLOW    |     2.318 | FAST    |
B_i[0][6][0]   | C_o[2][6][2]   |     4.700 | SLOW    |     2.346 | FAST    |
B_i[0][6][0]   | C_o[3][6][0]   |     4.277 | SLOW    |     2.217 | FAST    |
B_i[0][6][0]   | C_o[3][6][1]   |     4.506 | SLOW    |     2.332 | FAST    |
B_i[0][6][0]   | C_o[3][6][2]   |     4.700 | SLOW    |     2.346 | FAST    |
B_i[0][6][0]   | C_o[4][6][0]   |     4.277 | SLOW    |     2.217 | FAST    |
B_i[0][6][0]   | C_o[4][6][1]   |     4.506 | SLOW    |     2.318 | FAST    |
B_i[0][6][0]   | C_o[4][6][2]   |     4.700 | SLOW    |     2.346 | FAST    |
B_i[0][6][0]   | C_o[5][6][0]   |     4.277 | SLOW    |     2.217 | FAST    |
B_i[0][6][0]   | C_o[5][6][1]   |     4.506 | SLOW    |     2.332 | FAST    |
B_i[0][6][0]   | C_o[5][6][2]   |     4.700 | SLOW    |     2.346 | FAST    |
B_i[0][6][0]   | C_o[6][6][0]   |     4.277 | SLOW    |     2.217 | FAST    |
B_i[0][6][0]   | C_o[6][6][1]   |     4.506 | SLOW    |     2.318 | FAST    |
B_i[0][6][0]   | C_o[6][6][2]   |     4.700 | SLOW    |     2.346 | FAST    |
B_i[0][6][0]   | C_o[7][6][0]   |     4.277 | SLOW    |     2.217 | FAST    |
B_i[0][6][0]   | C_o[7][6][1]   |     4.506 | SLOW    |     2.332 | FAST    |
B_i[0][6][0]   | C_o[7][6][2]   |     4.700 | SLOW    |     2.346 | FAST    |
B_i[0][6][1]   | C_o[0][6][1]   |     4.461 | SLOW    |     2.318 | FAST    |
B_i[0][6][1]   | C_o[0][6][2]   |     4.684 | SLOW    |     2.369 | FAST    |
B_i[0][6][1]   | C_o[1][6][1]   |     4.492 | SLOW    |     2.338 | FAST    |
B_i[0][6][1]   | C_o[1][6][2]   |     4.684 | SLOW    |     2.389 | FAST    |
B_i[0][6][1]   | C_o[2][6][1]   |     4.461 | SLOW    |     2.318 | FAST    |
B_i[0][6][1]   | C_o[2][6][2]   |     4.684 | SLOW    |     2.369 | FAST    |
B_i[0][6][1]   | C_o[3][6][1]   |     4.492 | SLOW    |     2.338 | FAST    |
B_i[0][6][1]   | C_o[3][6][2]   |     4.684 | SLOW    |     2.389 | FAST    |
B_i[0][6][1]   | C_o[4][6][1]   |     4.461 | SLOW    |     2.318 | FAST    |
B_i[0][6][1]   | C_o[4][6][2]   |     4.684 | SLOW    |     2.369 | FAST    |
B_i[0][6][1]   | C_o[5][6][1]   |     4.492 | SLOW    |     2.338 | FAST    |
B_i[0][6][1]   | C_o[5][6][2]   |     4.684 | SLOW    |     2.389 | FAST    |
B_i[0][6][1]   | C_o[6][6][1]   |     4.461 | SLOW    |     2.318 | FAST    |
B_i[0][6][1]   | C_o[6][6][2]   |     4.684 | SLOW    |     2.369 | FAST    |
B_i[0][6][1]   | C_o[7][6][1]   |     4.492 | SLOW    |     2.338 | FAST    |
B_i[0][6][1]   | C_o[7][6][2]   |     4.684 | SLOW    |     2.389 | FAST    |
B_i[0][6][2]   | C_o[0][6][2]   |     4.642 | SLOW    |     2.427 | FAST    |
B_i[0][6][2]   | C_o[1][6][2]   |     4.642 | SLOW    |     2.427 | FAST    |
B_i[0][6][2]   | C_o[2][6][2]   |     4.642 | SLOW    |     2.427 | FAST    |
B_i[0][6][2]   | C_o[3][6][2]   |     4.642 | SLOW    |     2.427 | FAST    |
B_i[0][6][2]   | C_o[4][6][2]   |     4.642 | SLOW    |     2.427 | FAST    |
B_i[0][6][2]   | C_o[5][6][2]   |     4.642 | SLOW    |     2.427 | FAST    |
B_i[0][6][2]   | C_o[6][6][2]   |     4.642 | SLOW    |     2.427 | FAST    |
B_i[0][6][2]   | C_o[7][6][2]   |     4.642 | SLOW    |     2.427 | FAST    |
B_i[0][7][0]   | C_o[0][7][0]   |     4.277 | SLOW    |     2.217 | FAST    |
B_i[0][7][0]   | C_o[0][7][1]   |     4.506 | SLOW    |     2.318 | FAST    |
B_i[0][7][0]   | C_o[0][7][2]   |     4.700 | SLOW    |     2.346 | FAST    |
B_i[0][7][0]   | C_o[1][7][0]   |     4.277 | SLOW    |     2.217 | FAST    |
B_i[0][7][0]   | C_o[1][7][1]   |     4.506 | SLOW    |     2.332 | FAST    |
B_i[0][7][0]   | C_o[1][7][2]   |     4.700 | SLOW    |     2.346 | FAST    |
B_i[0][7][0]   | C_o[2][7][0]   |     4.277 | SLOW    |     2.217 | FAST    |
B_i[0][7][0]   | C_o[2][7][1]   |     4.506 | SLOW    |     2.318 | FAST    |
B_i[0][7][0]   | C_o[2][7][2]   |     4.700 | SLOW    |     2.346 | FAST    |
B_i[0][7][0]   | C_o[3][7][0]   |     4.277 | SLOW    |     2.217 | FAST    |
B_i[0][7][0]   | C_o[3][7][1]   |     4.506 | SLOW    |     2.332 | FAST    |
B_i[0][7][0]   | C_o[3][7][2]   |     4.700 | SLOW    |     2.346 | FAST    |
B_i[0][7][0]   | C_o[4][7][0]   |     4.277 | SLOW    |     2.217 | FAST    |
B_i[0][7][0]   | C_o[4][7][1]   |     4.506 | SLOW    |     2.318 | FAST    |
B_i[0][7][0]   | C_o[4][7][2]   |     4.700 | SLOW    |     2.346 | FAST    |
B_i[0][7][0]   | C_o[5][7][0]   |     4.277 | SLOW    |     2.217 | FAST    |
B_i[0][7][0]   | C_o[5][7][1]   |     4.506 | SLOW    |     2.332 | FAST    |
B_i[0][7][0]   | C_o[5][7][2]   |     4.700 | SLOW    |     2.346 | FAST    |
B_i[0][7][0]   | C_o[6][7][0]   |     4.277 | SLOW    |     2.217 | FAST    |
B_i[0][7][0]   | C_o[6][7][1]   |     4.506 | SLOW    |     2.318 | FAST    |
B_i[0][7][0]   | C_o[6][7][2]   |     4.700 | SLOW    |     2.346 | FAST    |
B_i[0][7][0]   | C_o[7][7][0]   |     4.277 | SLOW    |     2.217 | FAST    |
B_i[0][7][0]   | C_o[7][7][1]   |     4.506 | SLOW    |     2.332 | FAST    |
B_i[0][7][0]   | C_o[7][7][2]   |     4.700 | SLOW    |     2.346 | FAST    |
B_i[0][7][1]   | C_o[0][7][1]   |     4.461 | SLOW    |     2.318 | FAST    |
B_i[0][7][1]   | C_o[0][7][2]   |     4.684 | SLOW    |     2.369 | FAST    |
B_i[0][7][1]   | C_o[1][7][1]   |     4.492 | SLOW    |     2.338 | FAST    |
B_i[0][7][1]   | C_o[1][7][2]   |     4.684 | SLOW    |     2.389 | FAST    |
B_i[0][7][1]   | C_o[2][7][1]   |     4.461 | SLOW    |     2.318 | FAST    |
B_i[0][7][1]   | C_o[2][7][2]   |     4.684 | SLOW    |     2.369 | FAST    |
B_i[0][7][1]   | C_o[3][7][1]   |     4.492 | SLOW    |     2.338 | FAST    |
B_i[0][7][1]   | C_o[3][7][2]   |     4.684 | SLOW    |     2.389 | FAST    |
B_i[0][7][1]   | C_o[4][7][1]   |     4.461 | SLOW    |     2.318 | FAST    |
B_i[0][7][1]   | C_o[4][7][2]   |     4.684 | SLOW    |     2.369 | FAST    |
B_i[0][7][1]   | C_o[5][7][1]   |     4.492 | SLOW    |     2.338 | FAST    |
B_i[0][7][1]   | C_o[5][7][2]   |     4.684 | SLOW    |     2.389 | FAST    |
B_i[0][7][1]   | C_o[6][7][1]   |     4.461 | SLOW    |     2.318 | FAST    |
B_i[0][7][1]   | C_o[6][7][2]   |     4.684 | SLOW    |     2.369 | FAST    |
B_i[0][7][1]   | C_o[7][7][1]   |     4.492 | SLOW    |     2.338 | FAST    |
B_i[0][7][1]   | C_o[7][7][2]   |     4.684 | SLOW    |     2.389 | FAST    |
B_i[0][7][2]   | C_o[0][7][2]   |     4.642 | SLOW    |     2.427 | FAST    |
B_i[0][7][2]   | C_o[1][7][2]   |     4.642 | SLOW    |     2.427 | FAST    |
B_i[0][7][2]   | C_o[2][7][2]   |     4.642 | SLOW    |     2.427 | FAST    |
B_i[0][7][2]   | C_o[3][7][2]   |     4.642 | SLOW    |     2.427 | FAST    |
B_i[0][7][2]   | C_o[4][7][2]   |     4.642 | SLOW    |     2.427 | FAST    |
B_i[0][7][2]   | C_o[5][7][2]   |     4.642 | SLOW    |     2.427 | FAST    |
B_i[0][7][2]   | C_o[6][7][2]   |     4.642 | SLOW    |     2.427 | FAST    |
B_i[0][7][2]   | C_o[7][7][2]   |     4.642 | SLOW    |     2.427 | FAST    |
B_i[1][0][0]   | C_o[0][0][0]   |     4.477 | SLOW    |     2.326 | FAST    |
B_i[1][0][0]   | C_o[0][0][1]   |     4.697 | SLOW    |     2.320 | FAST    |
B_i[1][0][0]   | C_o[0][0][2]   |     4.702 | SLOW    |     2.386 | FAST    |
B_i[1][0][0]   | C_o[1][0][0]   |     4.477 | SLOW    |     2.326 | FAST    |
B_i[1][0][0]   | C_o[1][0][1]   |     4.697 | SLOW    |     2.334 | FAST    |
B_i[1][0][0]   | C_o[1][0][2]   |     4.702 | SLOW    |     2.386 | FAST    |
B_i[1][0][0]   | C_o[2][0][0]   |     4.477 | SLOW    |     2.326 | FAST    |
B_i[1][0][0]   | C_o[2][0][1]   |     4.697 | SLOW    |     2.320 | FAST    |
B_i[1][0][0]   | C_o[2][0][2]   |     4.702 | SLOW    |     2.386 | FAST    |
B_i[1][0][0]   | C_o[3][0][0]   |     4.477 | SLOW    |     2.326 | FAST    |
B_i[1][0][0]   | C_o[3][0][1]   |     4.697 | SLOW    |     2.334 | FAST    |
B_i[1][0][0]   | C_o[3][0][2]   |     4.702 | SLOW    |     2.386 | FAST    |
B_i[1][0][0]   | C_o[4][0][0]   |     4.477 | SLOW    |     2.326 | FAST    |
B_i[1][0][0]   | C_o[4][0][1]   |     4.697 | SLOW    |     2.320 | FAST    |
B_i[1][0][0]   | C_o[4][0][2]   |     4.702 | SLOW    |     2.386 | FAST    |
B_i[1][0][0]   | C_o[5][0][0]   |     4.477 | SLOW    |     2.326 | FAST    |
B_i[1][0][0]   | C_o[5][0][1]   |     4.697 | SLOW    |     2.334 | FAST    |
B_i[1][0][0]   | C_o[5][0][2]   |     4.702 | SLOW    |     2.386 | FAST    |
B_i[1][0][0]   | C_o[6][0][0]   |     4.477 | SLOW    |     2.326 | FAST    |
B_i[1][0][0]   | C_o[6][0][1]   |     4.697 | SLOW    |     2.320 | FAST    |
B_i[1][0][0]   | C_o[6][0][2]   |     4.702 | SLOW    |     2.386 | FAST    |
B_i[1][0][0]   | C_o[7][0][0]   |     4.477 | SLOW    |     2.326 | FAST    |
B_i[1][0][0]   | C_o[7][0][1]   |     4.697 | SLOW    |     2.334 | FAST    |
B_i[1][0][0]   | C_o[7][0][2]   |     4.702 | SLOW    |     2.386 | FAST    |
B_i[1][0][1]   | C_o[0][0][1]   |     4.467 | SLOW    |     2.320 | FAST    |
B_i[1][0][1]   | C_o[0][0][2]   |     4.686 | SLOW    |     2.433 | FAST    |
B_i[1][0][1]   | C_o[1][0][1]   |     4.498 | SLOW    |     2.340 | FAST    |
B_i[1][0][1]   | C_o[1][0][2]   |     4.696 | SLOW    |     2.440 | FAST    |
B_i[1][0][1]   | C_o[2][0][1]   |     4.467 | SLOW    |     2.320 | FAST    |
B_i[1][0][1]   | C_o[2][0][2]   |     4.686 | SLOW    |     2.433 | FAST    |
B_i[1][0][1]   | C_o[3][0][1]   |     4.498 | SLOW    |     2.340 | FAST    |
B_i[1][0][1]   | C_o[3][0][2]   |     4.696 | SLOW    |     2.440 | FAST    |
B_i[1][0][1]   | C_o[4][0][1]   |     4.467 | SLOW    |     2.320 | FAST    |
B_i[1][0][1]   | C_o[4][0][2]   |     4.686 | SLOW    |     2.433 | FAST    |
B_i[1][0][1]   | C_o[5][0][1]   |     4.498 | SLOW    |     2.340 | FAST    |
B_i[1][0][1]   | C_o[5][0][2]   |     4.696 | SLOW    |     2.440 | FAST    |
B_i[1][0][1]   | C_o[6][0][1]   |     4.467 | SLOW    |     2.320 | FAST    |
B_i[1][0][1]   | C_o[6][0][2]   |     4.686 | SLOW    |     2.433 | FAST    |
B_i[1][0][1]   | C_o[7][0][1]   |     4.498 | SLOW    |     2.340 | FAST    |
B_i[1][0][1]   | C_o[7][0][2]   |     4.696 | SLOW    |     2.440 | FAST    |
B_i[1][0][2]   | C_o[0][0][2]   |     4.644 | SLOW    |     2.423 | FAST    |
B_i[1][0][2]   | C_o[1][0][2]   |     4.644 | SLOW    |     2.423 | FAST    |
B_i[1][0][2]   | C_o[2][0][2]   |     4.644 | SLOW    |     2.423 | FAST    |
B_i[1][0][2]   | C_o[3][0][2]   |     4.644 | SLOW    |     2.423 | FAST    |
B_i[1][0][2]   | C_o[4][0][2]   |     4.644 | SLOW    |     2.423 | FAST    |
B_i[1][0][2]   | C_o[5][0][2]   |     4.644 | SLOW    |     2.423 | FAST    |
B_i[1][0][2]   | C_o[6][0][2]   |     4.644 | SLOW    |     2.423 | FAST    |
B_i[1][0][2]   | C_o[7][0][2]   |     4.644 | SLOW    |     2.423 | FAST    |
B_i[1][1][0]   | C_o[0][1][0]   |     4.477 | SLOW    |     2.326 | FAST    |
B_i[1][1][0]   | C_o[0][1][1]   |     4.697 | SLOW    |     2.320 | FAST    |
B_i[1][1][0]   | C_o[0][1][2]   |     4.702 | SLOW    |     2.386 | FAST    |
B_i[1][1][0]   | C_o[1][1][0]   |     4.477 | SLOW    |     2.326 | FAST    |
B_i[1][1][0]   | C_o[1][1][1]   |     4.697 | SLOW    |     2.334 | FAST    |
B_i[1][1][0]   | C_o[1][1][2]   |     4.702 | SLOW    |     2.386 | FAST    |
B_i[1][1][0]   | C_o[2][1][0]   |     4.477 | SLOW    |     2.326 | FAST    |
B_i[1][1][0]   | C_o[2][1][1]   |     4.697 | SLOW    |     2.320 | FAST    |
B_i[1][1][0]   | C_o[2][1][2]   |     4.702 | SLOW    |     2.386 | FAST    |
B_i[1][1][0]   | C_o[3][1][0]   |     4.477 | SLOW    |     2.326 | FAST    |
B_i[1][1][0]   | C_o[3][1][1]   |     4.697 | SLOW    |     2.334 | FAST    |
B_i[1][1][0]   | C_o[3][1][2]   |     4.702 | SLOW    |     2.386 | FAST    |
B_i[1][1][0]   | C_o[4][1][0]   |     4.477 | SLOW    |     2.326 | FAST    |
B_i[1][1][0]   | C_o[4][1][1]   |     4.697 | SLOW    |     2.320 | FAST    |
B_i[1][1][0]   | C_o[4][1][2]   |     4.702 | SLOW    |     2.386 | FAST    |
B_i[1][1][0]   | C_o[5][1][0]   |     4.477 | SLOW    |     2.326 | FAST    |
B_i[1][1][0]   | C_o[5][1][1]   |     4.697 | SLOW    |     2.334 | FAST    |
B_i[1][1][0]   | C_o[5][1][2]   |     4.702 | SLOW    |     2.386 | FAST    |
B_i[1][1][0]   | C_o[6][1][0]   |     4.477 | SLOW    |     2.326 | FAST    |
B_i[1][1][0]   | C_o[6][1][1]   |     4.697 | SLOW    |     2.320 | FAST    |
B_i[1][1][0]   | C_o[6][1][2]   |     4.702 | SLOW    |     2.386 | FAST    |
B_i[1][1][0]   | C_o[7][1][0]   |     4.477 | SLOW    |     2.326 | FAST    |
B_i[1][1][0]   | C_o[7][1][1]   |     4.697 | SLOW    |     2.334 | FAST    |
B_i[1][1][0]   | C_o[7][1][2]   |     4.702 | SLOW    |     2.386 | FAST    |
B_i[1][1][1]   | C_o[0][1][1]   |     4.467 | SLOW    |     2.320 | FAST    |
B_i[1][1][1]   | C_o[0][1][2]   |     4.686 | SLOW    |     2.433 | FAST    |
B_i[1][1][1]   | C_o[1][1][1]   |     4.498 | SLOW    |     2.340 | FAST    |
B_i[1][1][1]   | C_o[1][1][2]   |     4.696 | SLOW    |     2.440 | FAST    |
B_i[1][1][1]   | C_o[2][1][1]   |     4.467 | SLOW    |     2.320 | FAST    |
B_i[1][1][1]   | C_o[2][1][2]   |     4.686 | SLOW    |     2.433 | FAST    |
B_i[1][1][1]   | C_o[3][1][1]   |     4.498 | SLOW    |     2.340 | FAST    |
B_i[1][1][1]   | C_o[3][1][2]   |     4.696 | SLOW    |     2.440 | FAST    |
B_i[1][1][1]   | C_o[4][1][1]   |     4.467 | SLOW    |     2.320 | FAST    |
B_i[1][1][1]   | C_o[4][1][2]   |     4.686 | SLOW    |     2.433 | FAST    |
B_i[1][1][1]   | C_o[5][1][1]   |     4.498 | SLOW    |     2.340 | FAST    |
B_i[1][1][1]   | C_o[5][1][2]   |     4.696 | SLOW    |     2.440 | FAST    |
B_i[1][1][1]   | C_o[6][1][1]   |     4.467 | SLOW    |     2.320 | FAST    |
B_i[1][1][1]   | C_o[6][1][2]   |     4.686 | SLOW    |     2.433 | FAST    |
B_i[1][1][1]   | C_o[7][1][1]   |     4.498 | SLOW    |     2.340 | FAST    |
B_i[1][1][1]   | C_o[7][1][2]   |     4.696 | SLOW    |     2.440 | FAST    |
B_i[1][1][2]   | C_o[0][1][2]   |     4.644 | SLOW    |     2.423 | FAST    |
B_i[1][1][2]   | C_o[1][1][2]   |     4.644 | SLOW    |     2.423 | FAST    |
B_i[1][1][2]   | C_o[2][1][2]   |     4.644 | SLOW    |     2.423 | FAST    |
B_i[1][1][2]   | C_o[3][1][2]   |     4.644 | SLOW    |     2.423 | FAST    |
B_i[1][1][2]   | C_o[4][1][2]   |     4.644 | SLOW    |     2.423 | FAST    |
B_i[1][1][2]   | C_o[5][1][2]   |     4.644 | SLOW    |     2.423 | FAST    |
B_i[1][1][2]   | C_o[6][1][2]   |     4.644 | SLOW    |     2.423 | FAST    |
B_i[1][1][2]   | C_o[7][1][2]   |     4.644 | SLOW    |     2.423 | FAST    |
B_i[1][2][0]   | C_o[0][2][0]   |     4.477 | SLOW    |     2.326 | FAST    |
B_i[1][2][0]   | C_o[0][2][1]   |     4.697 | SLOW    |     2.320 | FAST    |
B_i[1][2][0]   | C_o[0][2][2]   |     4.702 | SLOW    |     2.386 | FAST    |
B_i[1][2][0]   | C_o[1][2][0]   |     4.477 | SLOW    |     2.326 | FAST    |
B_i[1][2][0]   | C_o[1][2][1]   |     4.697 | SLOW    |     2.334 | FAST    |
B_i[1][2][0]   | C_o[1][2][2]   |     4.702 | SLOW    |     2.386 | FAST    |
B_i[1][2][0]   | C_o[2][2][0]   |     4.477 | SLOW    |     2.326 | FAST    |
B_i[1][2][0]   | C_o[2][2][1]   |     4.697 | SLOW    |     2.320 | FAST    |
B_i[1][2][0]   | C_o[2][2][2]   |     4.702 | SLOW    |     2.386 | FAST    |
B_i[1][2][0]   | C_o[3][2][0]   |     4.477 | SLOW    |     2.326 | FAST    |
B_i[1][2][0]   | C_o[3][2][1]   |     4.697 | SLOW    |     2.334 | FAST    |
B_i[1][2][0]   | C_o[3][2][2]   |     4.702 | SLOW    |     2.386 | FAST    |
B_i[1][2][0]   | C_o[4][2][0]   |     4.477 | SLOW    |     2.326 | FAST    |
B_i[1][2][0]   | C_o[4][2][1]   |     4.697 | SLOW    |     2.320 | FAST    |
B_i[1][2][0]   | C_o[4][2][2]   |     4.702 | SLOW    |     2.386 | FAST    |
B_i[1][2][0]   | C_o[5][2][0]   |     4.477 | SLOW    |     2.326 | FAST    |
B_i[1][2][0]   | C_o[5][2][1]   |     4.697 | SLOW    |     2.334 | FAST    |
B_i[1][2][0]   | C_o[5][2][2]   |     4.702 | SLOW    |     2.386 | FAST    |
B_i[1][2][0]   | C_o[6][2][0]   |     4.477 | SLOW    |     2.326 | FAST    |
B_i[1][2][0]   | C_o[6][2][1]   |     4.697 | SLOW    |     2.320 | FAST    |
B_i[1][2][0]   | C_o[6][2][2]   |     4.702 | SLOW    |     2.386 | FAST    |
B_i[1][2][0]   | C_o[7][2][0]   |     4.477 | SLOW    |     2.326 | FAST    |
B_i[1][2][0]   | C_o[7][2][1]   |     4.697 | SLOW    |     2.334 | FAST    |
B_i[1][2][0]   | C_o[7][2][2]   |     4.702 | SLOW    |     2.386 | FAST    |
B_i[1][2][1]   | C_o[0][2][1]   |     4.467 | SLOW    |     2.320 | FAST    |
B_i[1][2][1]   | C_o[0][2][2]   |     4.686 | SLOW    |     2.433 | FAST    |
B_i[1][2][1]   | C_o[1][2][1]   |     4.498 | SLOW    |     2.340 | FAST    |
B_i[1][2][1]   | C_o[1][2][2]   |     4.696 | SLOW    |     2.440 | FAST    |
B_i[1][2][1]   | C_o[2][2][1]   |     4.467 | SLOW    |     2.320 | FAST    |
B_i[1][2][1]   | C_o[2][2][2]   |     4.686 | SLOW    |     2.433 | FAST    |
B_i[1][2][1]   | C_o[3][2][1]   |     4.498 | SLOW    |     2.340 | FAST    |
B_i[1][2][1]   | C_o[3][2][2]   |     4.696 | SLOW    |     2.440 | FAST    |
B_i[1][2][1]   | C_o[4][2][1]   |     4.467 | SLOW    |     2.320 | FAST    |
B_i[1][2][1]   | C_o[4][2][2]   |     4.686 | SLOW    |     2.433 | FAST    |
B_i[1][2][1]   | C_o[5][2][1]   |     4.498 | SLOW    |     2.340 | FAST    |
B_i[1][2][1]   | C_o[5][2][2]   |     4.696 | SLOW    |     2.440 | FAST    |
B_i[1][2][1]   | C_o[6][2][1]   |     4.467 | SLOW    |     2.320 | FAST    |
B_i[1][2][1]   | C_o[6][2][2]   |     4.686 | SLOW    |     2.433 | FAST    |
B_i[1][2][1]   | C_o[7][2][1]   |     4.498 | SLOW    |     2.340 | FAST    |
B_i[1][2][1]   | C_o[7][2][2]   |     4.696 | SLOW    |     2.440 | FAST    |
B_i[1][2][2]   | C_o[0][2][2]   |     4.644 | SLOW    |     2.423 | FAST    |
B_i[1][2][2]   | C_o[1][2][2]   |     4.644 | SLOW    |     2.423 | FAST    |
B_i[1][2][2]   | C_o[2][2][2]   |     4.644 | SLOW    |     2.423 | FAST    |
B_i[1][2][2]   | C_o[3][2][2]   |     4.644 | SLOW    |     2.423 | FAST    |
B_i[1][2][2]   | C_o[4][2][2]   |     4.644 | SLOW    |     2.423 | FAST    |
B_i[1][2][2]   | C_o[5][2][2]   |     4.644 | SLOW    |     2.423 | FAST    |
B_i[1][2][2]   | C_o[6][2][2]   |     4.644 | SLOW    |     2.423 | FAST    |
B_i[1][2][2]   | C_o[7][2][2]   |     4.644 | SLOW    |     2.423 | FAST    |
B_i[1][3][0]   | C_o[0][3][0]   |     4.477 | SLOW    |     2.326 | FAST    |
B_i[1][3][0]   | C_o[0][3][1]   |     4.697 | SLOW    |     2.320 | FAST    |
B_i[1][3][0]   | C_o[0][3][2]   |     4.702 | SLOW    |     2.386 | FAST    |
B_i[1][3][0]   | C_o[1][3][0]   |     4.477 | SLOW    |     2.326 | FAST    |
B_i[1][3][0]   | C_o[1][3][1]   |     4.697 | SLOW    |     2.334 | FAST    |
B_i[1][3][0]   | C_o[1][3][2]   |     4.702 | SLOW    |     2.386 | FAST    |
B_i[1][3][0]   | C_o[2][3][0]   |     4.477 | SLOW    |     2.326 | FAST    |
B_i[1][3][0]   | C_o[2][3][1]   |     4.697 | SLOW    |     2.320 | FAST    |
B_i[1][3][0]   | C_o[2][3][2]   |     4.702 | SLOW    |     2.386 | FAST    |
B_i[1][3][0]   | C_o[3][3][0]   |     4.477 | SLOW    |     2.326 | FAST    |
B_i[1][3][0]   | C_o[3][3][1]   |     4.697 | SLOW    |     2.334 | FAST    |
B_i[1][3][0]   | C_o[3][3][2]   |     4.702 | SLOW    |     2.386 | FAST    |
B_i[1][3][0]   | C_o[4][3][0]   |     4.477 | SLOW    |     2.326 | FAST    |
B_i[1][3][0]   | C_o[4][3][1]   |     4.697 | SLOW    |     2.320 | FAST    |
B_i[1][3][0]   | C_o[4][3][2]   |     4.702 | SLOW    |     2.386 | FAST    |
B_i[1][3][0]   | C_o[5][3][0]   |     4.477 | SLOW    |     2.326 | FAST    |
B_i[1][3][0]   | C_o[5][3][1]   |     4.697 | SLOW    |     2.334 | FAST    |
B_i[1][3][0]   | C_o[5][3][2]   |     4.702 | SLOW    |     2.386 | FAST    |
B_i[1][3][0]   | C_o[6][3][0]   |     4.477 | SLOW    |     2.326 | FAST    |
B_i[1][3][0]   | C_o[6][3][1]   |     4.697 | SLOW    |     2.320 | FAST    |
B_i[1][3][0]   | C_o[6][3][2]   |     4.702 | SLOW    |     2.386 | FAST    |
B_i[1][3][0]   | C_o[7][3][0]   |     4.477 | SLOW    |     2.326 | FAST    |
B_i[1][3][0]   | C_o[7][3][1]   |     4.697 | SLOW    |     2.334 | FAST    |
B_i[1][3][0]   | C_o[7][3][2]   |     4.702 | SLOW    |     2.386 | FAST    |
B_i[1][3][1]   | C_o[0][3][1]   |     4.467 | SLOW    |     2.320 | FAST    |
B_i[1][3][1]   | C_o[0][3][2]   |     4.686 | SLOW    |     2.433 | FAST    |
B_i[1][3][1]   | C_o[1][3][1]   |     4.498 | SLOW    |     2.340 | FAST    |
B_i[1][3][1]   | C_o[1][3][2]   |     4.696 | SLOW    |     2.440 | FAST    |
B_i[1][3][1]   | C_o[2][3][1]   |     4.467 | SLOW    |     2.320 | FAST    |
B_i[1][3][1]   | C_o[2][3][2]   |     4.686 | SLOW    |     2.433 | FAST    |
B_i[1][3][1]   | C_o[3][3][1]   |     4.498 | SLOW    |     2.340 | FAST    |
B_i[1][3][1]   | C_o[3][3][2]   |     4.696 | SLOW    |     2.440 | FAST    |
B_i[1][3][1]   | C_o[4][3][1]   |     4.467 | SLOW    |     2.320 | FAST    |
B_i[1][3][1]   | C_o[4][3][2]   |     4.686 | SLOW    |     2.433 | FAST    |
B_i[1][3][1]   | C_o[5][3][1]   |     4.498 | SLOW    |     2.340 | FAST    |
B_i[1][3][1]   | C_o[5][3][2]   |     4.696 | SLOW    |     2.440 | FAST    |
B_i[1][3][1]   | C_o[6][3][1]   |     4.467 | SLOW    |     2.320 | FAST    |
B_i[1][3][1]   | C_o[6][3][2]   |     4.686 | SLOW    |     2.433 | FAST    |
B_i[1][3][1]   | C_o[7][3][1]   |     4.498 | SLOW    |     2.340 | FAST    |
B_i[1][3][1]   | C_o[7][3][2]   |     4.696 | SLOW    |     2.440 | FAST    |
B_i[1][3][2]   | C_o[0][3][2]   |     4.644 | SLOW    |     2.423 | FAST    |
B_i[1][3][2]   | C_o[1][3][2]   |     4.644 | SLOW    |     2.423 | FAST    |
B_i[1][3][2]   | C_o[2][3][2]   |     4.644 | SLOW    |     2.423 | FAST    |
B_i[1][3][2]   | C_o[3][3][2]   |     4.644 | SLOW    |     2.423 | FAST    |
B_i[1][3][2]   | C_o[4][3][2]   |     4.644 | SLOW    |     2.423 | FAST    |
B_i[1][3][2]   | C_o[5][3][2]   |     4.644 | SLOW    |     2.423 | FAST    |
B_i[1][3][2]   | C_o[6][3][2]   |     4.644 | SLOW    |     2.423 | FAST    |
B_i[1][3][2]   | C_o[7][3][2]   |     4.644 | SLOW    |     2.423 | FAST    |
B_i[1][4][0]   | C_o[0][4][0]   |     4.477 | SLOW    |     2.326 | FAST    |
B_i[1][4][0]   | C_o[0][4][1]   |     4.697 | SLOW    |     2.320 | FAST    |
B_i[1][4][0]   | C_o[0][4][2]   |     4.702 | SLOW    |     2.386 | FAST    |
B_i[1][4][0]   | C_o[1][4][0]   |     4.477 | SLOW    |     2.326 | FAST    |
B_i[1][4][0]   | C_o[1][4][1]   |     4.697 | SLOW    |     2.334 | FAST    |
B_i[1][4][0]   | C_o[1][4][2]   |     4.702 | SLOW    |     2.386 | FAST    |
B_i[1][4][0]   | C_o[2][4][0]   |     4.477 | SLOW    |     2.326 | FAST    |
B_i[1][4][0]   | C_o[2][4][1]   |     4.697 | SLOW    |     2.320 | FAST    |
B_i[1][4][0]   | C_o[2][4][2]   |     4.702 | SLOW    |     2.386 | FAST    |
B_i[1][4][0]   | C_o[3][4][0]   |     4.477 | SLOW    |     2.326 | FAST    |
B_i[1][4][0]   | C_o[3][4][1]   |     4.697 | SLOW    |     2.334 | FAST    |
B_i[1][4][0]   | C_o[3][4][2]   |     4.702 | SLOW    |     2.386 | FAST    |
B_i[1][4][0]   | C_o[4][4][0]   |     4.477 | SLOW    |     2.326 | FAST    |
B_i[1][4][0]   | C_o[4][4][1]   |     4.697 | SLOW    |     2.320 | FAST    |
B_i[1][4][0]   | C_o[4][4][2]   |     4.702 | SLOW    |     2.386 | FAST    |
B_i[1][4][0]   | C_o[5][4][0]   |     4.477 | SLOW    |     2.326 | FAST    |
B_i[1][4][0]   | C_o[5][4][1]   |     4.697 | SLOW    |     2.334 | FAST    |
B_i[1][4][0]   | C_o[5][4][2]   |     4.702 | SLOW    |     2.386 | FAST    |
B_i[1][4][0]   | C_o[6][4][0]   |     4.477 | SLOW    |     2.326 | FAST    |
B_i[1][4][0]   | C_o[6][4][1]   |     4.697 | SLOW    |     2.320 | FAST    |
B_i[1][4][0]   | C_o[6][4][2]   |     4.702 | SLOW    |     2.386 | FAST    |
B_i[1][4][0]   | C_o[7][4][0]   |     4.477 | SLOW    |     2.326 | FAST    |
B_i[1][4][0]   | C_o[7][4][1]   |     4.697 | SLOW    |     2.334 | FAST    |
B_i[1][4][0]   | C_o[7][4][2]   |     4.702 | SLOW    |     2.386 | FAST    |
B_i[1][4][1]   | C_o[0][4][1]   |     4.467 | SLOW    |     2.320 | FAST    |
B_i[1][4][1]   | C_o[0][4][2]   |     4.686 | SLOW    |     2.433 | FAST    |
B_i[1][4][1]   | C_o[1][4][1]   |     4.498 | SLOW    |     2.340 | FAST    |
B_i[1][4][1]   | C_o[1][4][2]   |     4.696 | SLOW    |     2.440 | FAST    |
B_i[1][4][1]   | C_o[2][4][1]   |     4.467 | SLOW    |     2.320 | FAST    |
B_i[1][4][1]   | C_o[2][4][2]   |     4.686 | SLOW    |     2.433 | FAST    |
B_i[1][4][1]   | C_o[3][4][1]   |     4.498 | SLOW    |     2.340 | FAST    |
B_i[1][4][1]   | C_o[3][4][2]   |     4.696 | SLOW    |     2.440 | FAST    |
B_i[1][4][1]   | C_o[4][4][1]   |     4.467 | SLOW    |     2.320 | FAST    |
B_i[1][4][1]   | C_o[4][4][2]   |     4.686 | SLOW    |     2.433 | FAST    |
B_i[1][4][1]   | C_o[5][4][1]   |     4.498 | SLOW    |     2.340 | FAST    |
B_i[1][4][1]   | C_o[5][4][2]   |     4.696 | SLOW    |     2.440 | FAST    |
B_i[1][4][1]   | C_o[6][4][1]   |     4.467 | SLOW    |     2.320 | FAST    |
B_i[1][4][1]   | C_o[6][4][2]   |     4.686 | SLOW    |     2.433 | FAST    |
B_i[1][4][1]   | C_o[7][4][1]   |     4.498 | SLOW    |     2.340 | FAST    |
B_i[1][4][1]   | C_o[7][4][2]   |     4.696 | SLOW    |     2.440 | FAST    |
B_i[1][4][2]   | C_o[0][4][2]   |     4.644 | SLOW    |     2.423 | FAST    |
B_i[1][4][2]   | C_o[1][4][2]   |     4.644 | SLOW    |     2.423 | FAST    |
B_i[1][4][2]   | C_o[2][4][2]   |     4.644 | SLOW    |     2.423 | FAST    |
B_i[1][4][2]   | C_o[3][4][2]   |     4.644 | SLOW    |     2.423 | FAST    |
B_i[1][4][2]   | C_o[4][4][2]   |     4.644 | SLOW    |     2.423 | FAST    |
B_i[1][4][2]   | C_o[5][4][2]   |     4.644 | SLOW    |     2.423 | FAST    |
B_i[1][4][2]   | C_o[6][4][2]   |     4.644 | SLOW    |     2.423 | FAST    |
B_i[1][4][2]   | C_o[7][4][2]   |     4.644 | SLOW    |     2.423 | FAST    |
B_i[1][5][0]   | C_o[0][5][0]   |     4.477 | SLOW    |     2.326 | FAST    |
B_i[1][5][0]   | C_o[0][5][1]   |     4.697 | SLOW    |     2.320 | FAST    |
B_i[1][5][0]   | C_o[0][5][2]   |     4.702 | SLOW    |     2.386 | FAST    |
B_i[1][5][0]   | C_o[1][5][0]   |     4.477 | SLOW    |     2.326 | FAST    |
B_i[1][5][0]   | C_o[1][5][1]   |     4.697 | SLOW    |     2.334 | FAST    |
B_i[1][5][0]   | C_o[1][5][2]   |     4.702 | SLOW    |     2.386 | FAST    |
B_i[1][5][0]   | C_o[2][5][0]   |     4.477 | SLOW    |     2.326 | FAST    |
B_i[1][5][0]   | C_o[2][5][1]   |     4.697 | SLOW    |     2.320 | FAST    |
B_i[1][5][0]   | C_o[2][5][2]   |     4.702 | SLOW    |     2.386 | FAST    |
B_i[1][5][0]   | C_o[3][5][0]   |     4.477 | SLOW    |     2.326 | FAST    |
B_i[1][5][0]   | C_o[3][5][1]   |     4.697 | SLOW    |     2.334 | FAST    |
B_i[1][5][0]   | C_o[3][5][2]   |     4.702 | SLOW    |     2.386 | FAST    |
B_i[1][5][0]   | C_o[4][5][0]   |     4.477 | SLOW    |     2.326 | FAST    |
B_i[1][5][0]   | C_o[4][5][1]   |     4.697 | SLOW    |     2.320 | FAST    |
B_i[1][5][0]   | C_o[4][5][2]   |     4.702 | SLOW    |     2.386 | FAST    |
B_i[1][5][0]   | C_o[5][5][0]   |     4.477 | SLOW    |     2.326 | FAST    |
B_i[1][5][0]   | C_o[5][5][1]   |     4.697 | SLOW    |     2.334 | FAST    |
B_i[1][5][0]   | C_o[5][5][2]   |     4.702 | SLOW    |     2.386 | FAST    |
B_i[1][5][0]   | C_o[6][5][0]   |     4.477 | SLOW    |     2.326 | FAST    |
B_i[1][5][0]   | C_o[6][5][1]   |     4.697 | SLOW    |     2.320 | FAST    |
B_i[1][5][0]   | C_o[6][5][2]   |     4.702 | SLOW    |     2.386 | FAST    |
B_i[1][5][0]   | C_o[7][5][0]   |     4.477 | SLOW    |     2.326 | FAST    |
B_i[1][5][0]   | C_o[7][5][1]   |     4.697 | SLOW    |     2.334 | FAST    |
B_i[1][5][0]   | C_o[7][5][2]   |     4.702 | SLOW    |     2.386 | FAST    |
B_i[1][5][1]   | C_o[0][5][1]   |     4.467 | SLOW    |     2.320 | FAST    |
B_i[1][5][1]   | C_o[0][5][2]   |     4.686 | SLOW    |     2.433 | FAST    |
B_i[1][5][1]   | C_o[1][5][1]   |     4.498 | SLOW    |     2.340 | FAST    |
B_i[1][5][1]   | C_o[1][5][2]   |     4.696 | SLOW    |     2.440 | FAST    |
B_i[1][5][1]   | C_o[2][5][1]   |     4.467 | SLOW    |     2.320 | FAST    |
B_i[1][5][1]   | C_o[2][5][2]   |     4.686 | SLOW    |     2.433 | FAST    |
B_i[1][5][1]   | C_o[3][5][1]   |     4.498 | SLOW    |     2.340 | FAST    |
B_i[1][5][1]   | C_o[3][5][2]   |     4.696 | SLOW    |     2.440 | FAST    |
B_i[1][5][1]   | C_o[4][5][1]   |     4.467 | SLOW    |     2.320 | FAST    |
B_i[1][5][1]   | C_o[4][5][2]   |     4.686 | SLOW    |     2.433 | FAST    |
B_i[1][5][1]   | C_o[5][5][1]   |     4.498 | SLOW    |     2.340 | FAST    |
B_i[1][5][1]   | C_o[5][5][2]   |     4.696 | SLOW    |     2.440 | FAST    |
B_i[1][5][1]   | C_o[6][5][1]   |     4.467 | SLOW    |     2.320 | FAST    |
B_i[1][5][1]   | C_o[6][5][2]   |     4.686 | SLOW    |     2.433 | FAST    |
B_i[1][5][1]   | C_o[7][5][1]   |     4.498 | SLOW    |     2.340 | FAST    |
B_i[1][5][1]   | C_o[7][5][2]   |     4.696 | SLOW    |     2.440 | FAST    |
B_i[1][5][2]   | C_o[0][5][2]   |     4.644 | SLOW    |     2.423 | FAST    |
B_i[1][5][2]   | C_o[1][5][2]   |     4.644 | SLOW    |     2.423 | FAST    |
B_i[1][5][2]   | C_o[2][5][2]   |     4.644 | SLOW    |     2.423 | FAST    |
B_i[1][5][2]   | C_o[3][5][2]   |     4.644 | SLOW    |     2.423 | FAST    |
B_i[1][5][2]   | C_o[4][5][2]   |     4.644 | SLOW    |     2.423 | FAST    |
B_i[1][5][2]   | C_o[5][5][2]   |     4.644 | SLOW    |     2.423 | FAST    |
B_i[1][5][2]   | C_o[6][5][2]   |     4.644 | SLOW    |     2.423 | FAST    |
B_i[1][5][2]   | C_o[7][5][2]   |     4.644 | SLOW    |     2.423 | FAST    |
B_i[1][6][0]   | C_o[0][6][0]   |     4.477 | SLOW    |     2.326 | FAST    |
B_i[1][6][0]   | C_o[0][6][1]   |     4.697 | SLOW    |     2.320 | FAST    |
B_i[1][6][0]   | C_o[0][6][2]   |     4.702 | SLOW    |     2.386 | FAST    |
B_i[1][6][0]   | C_o[1][6][0]   |     4.477 | SLOW    |     2.326 | FAST    |
B_i[1][6][0]   | C_o[1][6][1]   |     4.697 | SLOW    |     2.334 | FAST    |
B_i[1][6][0]   | C_o[1][6][2]   |     4.702 | SLOW    |     2.386 | FAST    |
B_i[1][6][0]   | C_o[2][6][0]   |     4.477 | SLOW    |     2.326 | FAST    |
B_i[1][6][0]   | C_o[2][6][1]   |     4.697 | SLOW    |     2.320 | FAST    |
B_i[1][6][0]   | C_o[2][6][2]   |     4.702 | SLOW    |     2.386 | FAST    |
B_i[1][6][0]   | C_o[3][6][0]   |     4.477 | SLOW    |     2.326 | FAST    |
B_i[1][6][0]   | C_o[3][6][1]   |     4.697 | SLOW    |     2.334 | FAST    |
B_i[1][6][0]   | C_o[3][6][2]   |     4.702 | SLOW    |     2.386 | FAST    |
B_i[1][6][0]   | C_o[4][6][0]   |     4.477 | SLOW    |     2.326 | FAST    |
B_i[1][6][0]   | C_o[4][6][1]   |     4.697 | SLOW    |     2.320 | FAST    |
B_i[1][6][0]   | C_o[4][6][2]   |     4.702 | SLOW    |     2.386 | FAST    |
B_i[1][6][0]   | C_o[5][6][0]   |     4.477 | SLOW    |     2.326 | FAST    |
B_i[1][6][0]   | C_o[5][6][1]   |     4.697 | SLOW    |     2.334 | FAST    |
B_i[1][6][0]   | C_o[5][6][2]   |     4.702 | SLOW    |     2.386 | FAST    |
B_i[1][6][0]   | C_o[6][6][0]   |     4.477 | SLOW    |     2.326 | FAST    |
B_i[1][6][0]   | C_o[6][6][1]   |     4.697 | SLOW    |     2.320 | FAST    |
B_i[1][6][0]   | C_o[6][6][2]   |     4.702 | SLOW    |     2.386 | FAST    |
B_i[1][6][0]   | C_o[7][6][0]   |     4.477 | SLOW    |     2.326 | FAST    |
B_i[1][6][0]   | C_o[7][6][1]   |     4.697 | SLOW    |     2.334 | FAST    |
B_i[1][6][0]   | C_o[7][6][2]   |     4.702 | SLOW    |     2.386 | FAST    |
B_i[1][6][1]   | C_o[0][6][1]   |     4.467 | SLOW    |     2.320 | FAST    |
B_i[1][6][1]   | C_o[0][6][2]   |     4.686 | SLOW    |     2.433 | FAST    |
B_i[1][6][1]   | C_o[1][6][1]   |     4.498 | SLOW    |     2.340 | FAST    |
B_i[1][6][1]   | C_o[1][6][2]   |     4.696 | SLOW    |     2.440 | FAST    |
B_i[1][6][1]   | C_o[2][6][1]   |     4.467 | SLOW    |     2.320 | FAST    |
B_i[1][6][1]   | C_o[2][6][2]   |     4.686 | SLOW    |     2.433 | FAST    |
B_i[1][6][1]   | C_o[3][6][1]   |     4.498 | SLOW    |     2.340 | FAST    |
B_i[1][6][1]   | C_o[3][6][2]   |     4.696 | SLOW    |     2.440 | FAST    |
B_i[1][6][1]   | C_o[4][6][1]   |     4.467 | SLOW    |     2.320 | FAST    |
B_i[1][6][1]   | C_o[4][6][2]   |     4.686 | SLOW    |     2.433 | FAST    |
B_i[1][6][1]   | C_o[5][6][1]   |     4.498 | SLOW    |     2.340 | FAST    |
B_i[1][6][1]   | C_o[5][6][2]   |     4.696 | SLOW    |     2.440 | FAST    |
B_i[1][6][1]   | C_o[6][6][1]   |     4.467 | SLOW    |     2.320 | FAST    |
B_i[1][6][1]   | C_o[6][6][2]   |     4.686 | SLOW    |     2.433 | FAST    |
B_i[1][6][1]   | C_o[7][6][1]   |     4.498 | SLOW    |     2.340 | FAST    |
B_i[1][6][1]   | C_o[7][6][2]   |     4.696 | SLOW    |     2.440 | FAST    |
B_i[1][6][2]   | C_o[0][6][2]   |     4.644 | SLOW    |     2.423 | FAST    |
B_i[1][6][2]   | C_o[1][6][2]   |     4.644 | SLOW    |     2.423 | FAST    |
B_i[1][6][2]   | C_o[2][6][2]   |     4.644 | SLOW    |     2.423 | FAST    |
B_i[1][6][2]   | C_o[3][6][2]   |     4.644 | SLOW    |     2.423 | FAST    |
B_i[1][6][2]   | C_o[4][6][2]   |     4.644 | SLOW    |     2.423 | FAST    |
B_i[1][6][2]   | C_o[5][6][2]   |     4.644 | SLOW    |     2.423 | FAST    |
B_i[1][6][2]   | C_o[6][6][2]   |     4.644 | SLOW    |     2.423 | FAST    |
B_i[1][6][2]   | C_o[7][6][2]   |     4.644 | SLOW    |     2.423 | FAST    |
B_i[1][7][0]   | C_o[0][7][0]   |     4.477 | SLOW    |     2.326 | FAST    |
B_i[1][7][0]   | C_o[0][7][1]   |     4.697 | SLOW    |     2.320 | FAST    |
B_i[1][7][0]   | C_o[0][7][2]   |     4.702 | SLOW    |     2.386 | FAST    |
B_i[1][7][0]   | C_o[1][7][0]   |     4.477 | SLOW    |     2.326 | FAST    |
B_i[1][7][0]   | C_o[1][7][1]   |     4.697 | SLOW    |     2.334 | FAST    |
B_i[1][7][0]   | C_o[1][7][2]   |     4.702 | SLOW    |     2.386 | FAST    |
B_i[1][7][0]   | C_o[2][7][0]   |     4.477 | SLOW    |     2.326 | FAST    |
B_i[1][7][0]   | C_o[2][7][1]   |     4.697 | SLOW    |     2.320 | FAST    |
B_i[1][7][0]   | C_o[2][7][2]   |     4.702 | SLOW    |     2.386 | FAST    |
B_i[1][7][0]   | C_o[3][7][0]   |     4.477 | SLOW    |     2.326 | FAST    |
B_i[1][7][0]   | C_o[3][7][1]   |     4.697 | SLOW    |     2.334 | FAST    |
B_i[1][7][0]   | C_o[3][7][2]   |     4.702 | SLOW    |     2.386 | FAST    |
B_i[1][7][0]   | C_o[4][7][0]   |     4.477 | SLOW    |     2.326 | FAST    |
B_i[1][7][0]   | C_o[4][7][1]   |     4.697 | SLOW    |     2.320 | FAST    |
B_i[1][7][0]   | C_o[4][7][2]   |     4.702 | SLOW    |     2.386 | FAST    |
B_i[1][7][0]   | C_o[5][7][0]   |     4.477 | SLOW    |     2.326 | FAST    |
B_i[1][7][0]   | C_o[5][7][1]   |     4.697 | SLOW    |     2.334 | FAST    |
B_i[1][7][0]   | C_o[5][7][2]   |     4.702 | SLOW    |     2.386 | FAST    |
B_i[1][7][0]   | C_o[6][7][0]   |     4.477 | SLOW    |     2.326 | FAST    |
B_i[1][7][0]   | C_o[6][7][1]   |     4.697 | SLOW    |     2.320 | FAST    |
B_i[1][7][0]   | C_o[6][7][2]   |     4.702 | SLOW    |     2.386 | FAST    |
B_i[1][7][0]   | C_o[7][7][0]   |     4.477 | SLOW    |     2.326 | FAST    |
B_i[1][7][0]   | C_o[7][7][1]   |     4.697 | SLOW    |     2.334 | FAST    |
B_i[1][7][0]   | C_o[7][7][2]   |     4.702 | SLOW    |     2.386 | FAST    |
B_i[1][7][1]   | C_o[0][7][1]   |     4.467 | SLOW    |     2.320 | FAST    |
B_i[1][7][1]   | C_o[0][7][2]   |     4.686 | SLOW    |     2.433 | FAST    |
B_i[1][7][1]   | C_o[1][7][1]   |     4.498 | SLOW    |     2.340 | FAST    |
B_i[1][7][1]   | C_o[1][7][2]   |     4.696 | SLOW    |     2.440 | FAST    |
B_i[1][7][1]   | C_o[2][7][1]   |     4.467 | SLOW    |     2.320 | FAST    |
B_i[1][7][1]   | C_o[2][7][2]   |     4.686 | SLOW    |     2.433 | FAST    |
B_i[1][7][1]   | C_o[3][7][1]   |     4.498 | SLOW    |     2.340 | FAST    |
B_i[1][7][1]   | C_o[3][7][2]   |     4.696 | SLOW    |     2.440 | FAST    |
B_i[1][7][1]   | C_o[4][7][1]   |     4.467 | SLOW    |     2.320 | FAST    |
B_i[1][7][1]   | C_o[4][7][2]   |     4.686 | SLOW    |     2.433 | FAST    |
B_i[1][7][1]   | C_o[5][7][1]   |     4.498 | SLOW    |     2.340 | FAST    |
B_i[1][7][1]   | C_o[5][7][2]   |     4.696 | SLOW    |     2.440 | FAST    |
B_i[1][7][1]   | C_o[6][7][1]   |     4.467 | SLOW    |     2.320 | FAST    |
B_i[1][7][1]   | C_o[6][7][2]   |     4.686 | SLOW    |     2.433 | FAST    |
B_i[1][7][1]   | C_o[7][7][1]   |     4.498 | SLOW    |     2.340 | FAST    |
B_i[1][7][1]   | C_o[7][7][2]   |     4.696 | SLOW    |     2.440 | FAST    |
B_i[1][7][2]   | C_o[0][7][2]   |     4.644 | SLOW    |     2.423 | FAST    |
B_i[1][7][2]   | C_o[1][7][2]   |     4.644 | SLOW    |     2.423 | FAST    |
B_i[1][7][2]   | C_o[2][7][2]   |     4.644 | SLOW    |     2.423 | FAST    |
B_i[1][7][2]   | C_o[3][7][2]   |     4.644 | SLOW    |     2.423 | FAST    |
B_i[1][7][2]   | C_o[4][7][2]   |     4.644 | SLOW    |     2.423 | FAST    |
B_i[1][7][2]   | C_o[5][7][2]   |     4.644 | SLOW    |     2.423 | FAST    |
B_i[1][7][2]   | C_o[6][7][2]   |     4.644 | SLOW    |     2.423 | FAST    |
B_i[1][7][2]   | C_o[7][7][2]   |     4.644 | SLOW    |     2.423 | FAST    |
B_i[2][0][0]   | C_o[0][0][0]   |     4.477 | SLOW    |     2.320 | FAST    |
B_i[2][0][0]   | C_o[0][0][1]   |     4.697 | SLOW    |     2.332 | FAST    |
B_i[2][0][0]   | C_o[0][0][2]   |     4.705 | SLOW    |     2.320 | FAST    |
B_i[2][0][0]   | C_o[1][0][0]   |     4.477 | SLOW    |     2.320 | FAST    |
B_i[2][0][0]   | C_o[1][0][1]   |     4.697 | SLOW    |     2.332 | FAST    |
B_i[2][0][0]   | C_o[1][0][2]   |     4.705 | SLOW    |     2.320 | FAST    |
B_i[2][0][0]   | C_o[2][0][0]   |     4.477 | SLOW    |     2.320 | FAST    |
B_i[2][0][0]   | C_o[2][0][1]   |     4.697 | SLOW    |     2.332 | FAST    |
B_i[2][0][0]   | C_o[2][0][2]   |     4.705 | SLOW    |     2.320 | FAST    |
B_i[2][0][0]   | C_o[3][0][0]   |     4.477 | SLOW    |     2.320 | FAST    |
B_i[2][0][0]   | C_o[3][0][1]   |     4.697 | SLOW    |     2.332 | FAST    |
B_i[2][0][0]   | C_o[3][0][2]   |     4.705 | SLOW    |     2.320 | FAST    |
B_i[2][0][0]   | C_o[4][0][0]   |     4.477 | SLOW    |     2.320 | FAST    |
B_i[2][0][0]   | C_o[4][0][1]   |     4.697 | SLOW    |     2.332 | FAST    |
B_i[2][0][0]   | C_o[4][0][2]   |     4.705 | SLOW    |     2.320 | FAST    |
B_i[2][0][0]   | C_o[5][0][0]   |     4.477 | SLOW    |     2.320 | FAST    |
B_i[2][0][0]   | C_o[5][0][1]   |     4.697 | SLOW    |     2.332 | FAST    |
B_i[2][0][0]   | C_o[5][0][2]   |     4.705 | SLOW    |     2.320 | FAST    |
B_i[2][0][0]   | C_o[6][0][0]   |     4.477 | SLOW    |     2.320 | FAST    |
B_i[2][0][0]   | C_o[6][0][1]   |     4.697 | SLOW    |     2.332 | FAST    |
B_i[2][0][0]   | C_o[6][0][2]   |     4.705 | SLOW    |     2.320 | FAST    |
B_i[2][0][0]   | C_o[7][0][0]   |     4.477 | SLOW    |     2.320 | FAST    |
B_i[2][0][0]   | C_o[7][0][1]   |     4.697 | SLOW    |     2.332 | FAST    |
B_i[2][0][0]   | C_o[7][0][2]   |     4.705 | SLOW    |     2.320 | FAST    |
B_i[2][0][1]   | C_o[0][0][1]   |     4.557 | SLOW    |     2.373 | FAST    |
B_i[2][0][1]   | C_o[0][0][2]   |     4.693 | SLOW    |     2.331 | FAST    |
B_i[2][0][1]   | C_o[1][0][1]   |     4.588 | SLOW    |     2.393 | FAST    |
B_i[2][0][1]   | C_o[1][0][2]   |     4.697 | SLOW    |     2.331 | FAST    |
B_i[2][0][1]   | C_o[2][0][1]   |     4.557 | SLOW    |     2.373 | FAST    |
B_i[2][0][1]   | C_o[2][0][2]   |     4.693 | SLOW    |     2.331 | FAST    |
B_i[2][0][1]   | C_o[3][0][1]   |     4.588 | SLOW    |     2.393 | FAST    |
B_i[2][0][1]   | C_o[3][0][2]   |     4.697 | SLOW    |     2.331 | FAST    |
B_i[2][0][1]   | C_o[4][0][1]   |     4.557 | SLOW    |     2.373 | FAST    |
B_i[2][0][1]   | C_o[4][0][2]   |     4.693 | SLOW    |     2.331 | FAST    |
B_i[2][0][1]   | C_o[5][0][1]   |     4.588 | SLOW    |     2.393 | FAST    |
B_i[2][0][1]   | C_o[5][0][2]   |     4.697 | SLOW    |     2.331 | FAST    |
B_i[2][0][1]   | C_o[6][0][1]   |     4.557 | SLOW    |     2.373 | FAST    |
B_i[2][0][1]   | C_o[6][0][2]   |     4.693 | SLOW    |     2.331 | FAST    |
B_i[2][0][1]   | C_o[7][0][1]   |     4.588 | SLOW    |     2.393 | FAST    |
B_i[2][0][1]   | C_o[7][0][2]   |     4.697 | SLOW    |     2.331 | FAST    |
B_i[2][0][2]   | C_o[0][0][2]   |     4.642 | SLOW    |     2.427 | FAST    |
B_i[2][0][2]   | C_o[1][0][2]   |     4.642 | SLOW    |     2.427 | FAST    |
B_i[2][0][2]   | C_o[2][0][2]   |     4.642 | SLOW    |     2.427 | FAST    |
B_i[2][0][2]   | C_o[3][0][2]   |     4.642 | SLOW    |     2.427 | FAST    |
B_i[2][0][2]   | C_o[4][0][2]   |     4.642 | SLOW    |     2.427 | FAST    |
B_i[2][0][2]   | C_o[5][0][2]   |     4.642 | SLOW    |     2.427 | FAST    |
B_i[2][0][2]   | C_o[6][0][2]   |     4.642 | SLOW    |     2.427 | FAST    |
B_i[2][0][2]   | C_o[7][0][2]   |     4.642 | SLOW    |     2.427 | FAST    |
B_i[2][1][0]   | C_o[0][1][0]   |     4.477 | SLOW    |     2.320 | FAST    |
B_i[2][1][0]   | C_o[0][1][1]   |     4.697 | SLOW    |     2.332 | FAST    |
B_i[2][1][0]   | C_o[0][1][2]   |     4.705 | SLOW    |     2.320 | FAST    |
B_i[2][1][0]   | C_o[1][1][0]   |     4.477 | SLOW    |     2.320 | FAST    |
B_i[2][1][0]   | C_o[1][1][1]   |     4.697 | SLOW    |     2.332 | FAST    |
B_i[2][1][0]   | C_o[1][1][2]   |     4.705 | SLOW    |     2.320 | FAST    |
B_i[2][1][0]   | C_o[2][1][0]   |     4.477 | SLOW    |     2.320 | FAST    |
B_i[2][1][0]   | C_o[2][1][1]   |     4.697 | SLOW    |     2.332 | FAST    |
B_i[2][1][0]   | C_o[2][1][2]   |     4.705 | SLOW    |     2.320 | FAST    |
B_i[2][1][0]   | C_o[3][1][0]   |     4.477 | SLOW    |     2.320 | FAST    |
B_i[2][1][0]   | C_o[3][1][1]   |     4.697 | SLOW    |     2.332 | FAST    |
B_i[2][1][0]   | C_o[3][1][2]   |     4.705 | SLOW    |     2.320 | FAST    |
B_i[2][1][0]   | C_o[4][1][0]   |     4.477 | SLOW    |     2.320 | FAST    |
B_i[2][1][0]   | C_o[4][1][1]   |     4.697 | SLOW    |     2.332 | FAST    |
B_i[2][1][0]   | C_o[4][1][2]   |     4.705 | SLOW    |     2.320 | FAST    |
B_i[2][1][0]   | C_o[5][1][0]   |     4.477 | SLOW    |     2.320 | FAST    |
B_i[2][1][0]   | C_o[5][1][1]   |     4.697 | SLOW    |     2.332 | FAST    |
B_i[2][1][0]   | C_o[5][1][2]   |     4.705 | SLOW    |     2.320 | FAST    |
B_i[2][1][0]   | C_o[6][1][0]   |     4.477 | SLOW    |     2.320 | FAST    |
B_i[2][1][0]   | C_o[6][1][1]   |     4.697 | SLOW    |     2.332 | FAST    |
B_i[2][1][0]   | C_o[6][1][2]   |     4.705 | SLOW    |     2.320 | FAST    |
B_i[2][1][0]   | C_o[7][1][0]   |     4.477 | SLOW    |     2.320 | FAST    |
B_i[2][1][0]   | C_o[7][1][1]   |     4.697 | SLOW    |     2.332 | FAST    |
B_i[2][1][0]   | C_o[7][1][2]   |     4.705 | SLOW    |     2.320 | FAST    |
B_i[2][1][1]   | C_o[0][1][1]   |     4.557 | SLOW    |     2.373 | FAST    |
B_i[2][1][1]   | C_o[0][1][2]   |     4.693 | SLOW    |     2.331 | FAST    |
B_i[2][1][1]   | C_o[1][1][1]   |     4.588 | SLOW    |     2.393 | FAST    |
B_i[2][1][1]   | C_o[1][1][2]   |     4.697 | SLOW    |     2.331 | FAST    |
B_i[2][1][1]   | C_o[2][1][1]   |     4.557 | SLOW    |     2.373 | FAST    |
B_i[2][1][1]   | C_o[2][1][2]   |     4.693 | SLOW    |     2.331 | FAST    |
B_i[2][1][1]   | C_o[3][1][1]   |     4.588 | SLOW    |     2.393 | FAST    |
B_i[2][1][1]   | C_o[3][1][2]   |     4.697 | SLOW    |     2.331 | FAST    |
B_i[2][1][1]   | C_o[4][1][1]   |     4.557 | SLOW    |     2.373 | FAST    |
B_i[2][1][1]   | C_o[4][1][2]   |     4.693 | SLOW    |     2.331 | FAST    |
B_i[2][1][1]   | C_o[5][1][1]   |     4.588 | SLOW    |     2.393 | FAST    |
B_i[2][1][1]   | C_o[5][1][2]   |     4.697 | SLOW    |     2.331 | FAST    |
B_i[2][1][1]   | C_o[6][1][1]   |     4.557 | SLOW    |     2.373 | FAST    |
B_i[2][1][1]   | C_o[6][1][2]   |     4.693 | SLOW    |     2.331 | FAST    |
B_i[2][1][1]   | C_o[7][1][1]   |     4.588 | SLOW    |     2.393 | FAST    |
B_i[2][1][1]   | C_o[7][1][2]   |     4.697 | SLOW    |     2.331 | FAST    |
B_i[2][1][2]   | C_o[0][1][2]   |     4.642 | SLOW    |     2.427 | FAST    |
B_i[2][1][2]   | C_o[1][1][2]   |     4.642 | SLOW    |     2.427 | FAST    |
B_i[2][1][2]   | C_o[2][1][2]   |     4.642 | SLOW    |     2.427 | FAST    |
B_i[2][1][2]   | C_o[3][1][2]   |     4.642 | SLOW    |     2.427 | FAST    |
B_i[2][1][2]   | C_o[4][1][2]   |     4.642 | SLOW    |     2.427 | FAST    |
B_i[2][1][2]   | C_o[5][1][2]   |     4.642 | SLOW    |     2.427 | FAST    |
B_i[2][1][2]   | C_o[6][1][2]   |     4.642 | SLOW    |     2.427 | FAST    |
B_i[2][1][2]   | C_o[7][1][2]   |     4.642 | SLOW    |     2.427 | FAST    |
B_i[2][2][0]   | C_o[0][2][0]   |     4.477 | SLOW    |     2.320 | FAST    |
B_i[2][2][0]   | C_o[0][2][1]   |     4.697 | SLOW    |     2.332 | FAST    |
B_i[2][2][0]   | C_o[0][2][2]   |     4.705 | SLOW    |     2.320 | FAST    |
B_i[2][2][0]   | C_o[1][2][0]   |     4.477 | SLOW    |     2.320 | FAST    |
B_i[2][2][0]   | C_o[1][2][1]   |     4.697 | SLOW    |     2.332 | FAST    |
B_i[2][2][0]   | C_o[1][2][2]   |     4.705 | SLOW    |     2.320 | FAST    |
B_i[2][2][0]   | C_o[2][2][0]   |     4.477 | SLOW    |     2.320 | FAST    |
B_i[2][2][0]   | C_o[2][2][1]   |     4.697 | SLOW    |     2.332 | FAST    |
B_i[2][2][0]   | C_o[2][2][2]   |     4.705 | SLOW    |     2.320 | FAST    |
B_i[2][2][0]   | C_o[3][2][0]   |     4.477 | SLOW    |     2.320 | FAST    |
B_i[2][2][0]   | C_o[3][2][1]   |     4.697 | SLOW    |     2.332 | FAST    |
B_i[2][2][0]   | C_o[3][2][2]   |     4.705 | SLOW    |     2.320 | FAST    |
B_i[2][2][0]   | C_o[4][2][0]   |     4.477 | SLOW    |     2.320 | FAST    |
B_i[2][2][0]   | C_o[4][2][1]   |     4.697 | SLOW    |     2.332 | FAST    |
B_i[2][2][0]   | C_o[4][2][2]   |     4.705 | SLOW    |     2.320 | FAST    |
B_i[2][2][0]   | C_o[5][2][0]   |     4.477 | SLOW    |     2.320 | FAST    |
B_i[2][2][0]   | C_o[5][2][1]   |     4.697 | SLOW    |     2.332 | FAST    |
B_i[2][2][0]   | C_o[5][2][2]   |     4.705 | SLOW    |     2.320 | FAST    |
B_i[2][2][0]   | C_o[6][2][0]   |     4.477 | SLOW    |     2.320 | FAST    |
B_i[2][2][0]   | C_o[6][2][1]   |     4.697 | SLOW    |     2.332 | FAST    |
B_i[2][2][0]   | C_o[6][2][2]   |     4.705 | SLOW    |     2.320 | FAST    |
B_i[2][2][0]   | C_o[7][2][0]   |     4.477 | SLOW    |     2.320 | FAST    |
B_i[2][2][0]   | C_o[7][2][1]   |     4.697 | SLOW    |     2.332 | FAST    |
B_i[2][2][0]   | C_o[7][2][2]   |     4.705 | SLOW    |     2.320 | FAST    |
B_i[2][2][1]   | C_o[0][2][1]   |     4.557 | SLOW    |     2.373 | FAST    |
B_i[2][2][1]   | C_o[0][2][2]   |     4.693 | SLOW    |     2.331 | FAST    |
B_i[2][2][1]   | C_o[1][2][1]   |     4.588 | SLOW    |     2.393 | FAST    |
B_i[2][2][1]   | C_o[1][2][2]   |     4.697 | SLOW    |     2.331 | FAST    |
B_i[2][2][1]   | C_o[2][2][1]   |     4.557 | SLOW    |     2.373 | FAST    |
B_i[2][2][1]   | C_o[2][2][2]   |     4.693 | SLOW    |     2.331 | FAST    |
B_i[2][2][1]   | C_o[3][2][1]   |     4.588 | SLOW    |     2.393 | FAST    |
B_i[2][2][1]   | C_o[3][2][2]   |     4.697 | SLOW    |     2.331 | FAST    |
B_i[2][2][1]   | C_o[4][2][1]   |     4.557 | SLOW    |     2.373 | FAST    |
B_i[2][2][1]   | C_o[4][2][2]   |     4.693 | SLOW    |     2.331 | FAST    |
B_i[2][2][1]   | C_o[5][2][1]   |     4.588 | SLOW    |     2.393 | FAST    |
B_i[2][2][1]   | C_o[5][2][2]   |     4.697 | SLOW    |     2.331 | FAST    |
B_i[2][2][1]   | C_o[6][2][1]   |     4.557 | SLOW    |     2.373 | FAST    |
B_i[2][2][1]   | C_o[6][2][2]   |     4.693 | SLOW    |     2.331 | FAST    |
B_i[2][2][1]   | C_o[7][2][1]   |     4.588 | SLOW    |     2.393 | FAST    |
B_i[2][2][1]   | C_o[7][2][2]   |     4.697 | SLOW    |     2.331 | FAST    |
B_i[2][2][2]   | C_o[0][2][2]   |     4.642 | SLOW    |     2.427 | FAST    |
B_i[2][2][2]   | C_o[1][2][2]   |     4.642 | SLOW    |     2.427 | FAST    |
B_i[2][2][2]   | C_o[2][2][2]   |     4.642 | SLOW    |     2.427 | FAST    |
B_i[2][2][2]   | C_o[3][2][2]   |     4.642 | SLOW    |     2.427 | FAST    |
B_i[2][2][2]   | C_o[4][2][2]   |     4.642 | SLOW    |     2.427 | FAST    |
B_i[2][2][2]   | C_o[5][2][2]   |     4.642 | SLOW    |     2.427 | FAST    |
B_i[2][2][2]   | C_o[6][2][2]   |     4.642 | SLOW    |     2.427 | FAST    |
B_i[2][2][2]   | C_o[7][2][2]   |     4.642 | SLOW    |     2.427 | FAST    |
B_i[2][3][0]   | C_o[0][3][0]   |     4.477 | SLOW    |     2.320 | FAST    |
B_i[2][3][0]   | C_o[0][3][1]   |     4.697 | SLOW    |     2.332 | FAST    |
B_i[2][3][0]   | C_o[0][3][2]   |     4.705 | SLOW    |     2.320 | FAST    |
B_i[2][3][0]   | C_o[1][3][0]   |     4.477 | SLOW    |     2.320 | FAST    |
B_i[2][3][0]   | C_o[1][3][1]   |     4.697 | SLOW    |     2.332 | FAST    |
B_i[2][3][0]   | C_o[1][3][2]   |     4.705 | SLOW    |     2.320 | FAST    |
B_i[2][3][0]   | C_o[2][3][0]   |     4.477 | SLOW    |     2.320 | FAST    |
B_i[2][3][0]   | C_o[2][3][1]   |     4.697 | SLOW    |     2.332 | FAST    |
B_i[2][3][0]   | C_o[2][3][2]   |     4.705 | SLOW    |     2.320 | FAST    |
B_i[2][3][0]   | C_o[3][3][0]   |     4.477 | SLOW    |     2.320 | FAST    |
B_i[2][3][0]   | C_o[3][3][1]   |     4.697 | SLOW    |     2.332 | FAST    |
B_i[2][3][0]   | C_o[3][3][2]   |     4.705 | SLOW    |     2.320 | FAST    |
B_i[2][3][0]   | C_o[4][3][0]   |     4.477 | SLOW    |     2.320 | FAST    |
B_i[2][3][0]   | C_o[4][3][1]   |     4.697 | SLOW    |     2.332 | FAST    |
B_i[2][3][0]   | C_o[4][3][2]   |     4.705 | SLOW    |     2.320 | FAST    |
B_i[2][3][0]   | C_o[5][3][0]   |     4.477 | SLOW    |     2.320 | FAST    |
B_i[2][3][0]   | C_o[5][3][1]   |     4.697 | SLOW    |     2.332 | FAST    |
B_i[2][3][0]   | C_o[5][3][2]   |     4.705 | SLOW    |     2.320 | FAST    |
B_i[2][3][0]   | C_o[6][3][0]   |     4.477 | SLOW    |     2.320 | FAST    |
B_i[2][3][0]   | C_o[6][3][1]   |     4.697 | SLOW    |     2.332 | FAST    |
B_i[2][3][0]   | C_o[6][3][2]   |     4.705 | SLOW    |     2.320 | FAST    |
B_i[2][3][0]   | C_o[7][3][0]   |     4.477 | SLOW    |     2.320 | FAST    |
B_i[2][3][0]   | C_o[7][3][1]   |     4.697 | SLOW    |     2.332 | FAST    |
B_i[2][3][0]   | C_o[7][3][2]   |     4.705 | SLOW    |     2.320 | FAST    |
B_i[2][3][1]   | C_o[0][3][1]   |     4.557 | SLOW    |     2.373 | FAST    |
B_i[2][3][1]   | C_o[0][3][2]   |     4.693 | SLOW    |     2.331 | FAST    |
B_i[2][3][1]   | C_o[1][3][1]   |     4.588 | SLOW    |     2.393 | FAST    |
B_i[2][3][1]   | C_o[1][3][2]   |     4.697 | SLOW    |     2.331 | FAST    |
B_i[2][3][1]   | C_o[2][3][1]   |     4.557 | SLOW    |     2.373 | FAST    |
B_i[2][3][1]   | C_o[2][3][2]   |     4.693 | SLOW    |     2.331 | FAST    |
B_i[2][3][1]   | C_o[3][3][1]   |     4.588 | SLOW    |     2.393 | FAST    |
B_i[2][3][1]   | C_o[3][3][2]   |     4.697 | SLOW    |     2.331 | FAST    |
B_i[2][3][1]   | C_o[4][3][1]   |     4.557 | SLOW    |     2.373 | FAST    |
B_i[2][3][1]   | C_o[4][3][2]   |     4.693 | SLOW    |     2.331 | FAST    |
B_i[2][3][1]   | C_o[5][3][1]   |     4.588 | SLOW    |     2.393 | FAST    |
B_i[2][3][1]   | C_o[5][3][2]   |     4.697 | SLOW    |     2.331 | FAST    |
B_i[2][3][1]   | C_o[6][3][1]   |     4.557 | SLOW    |     2.373 | FAST    |
B_i[2][3][1]   | C_o[6][3][2]   |     4.693 | SLOW    |     2.331 | FAST    |
B_i[2][3][1]   | C_o[7][3][1]   |     4.588 | SLOW    |     2.393 | FAST    |
B_i[2][3][1]   | C_o[7][3][2]   |     4.697 | SLOW    |     2.331 | FAST    |
B_i[2][3][2]   | C_o[0][3][2]   |     4.642 | SLOW    |     2.427 | FAST    |
B_i[2][3][2]   | C_o[1][3][2]   |     4.642 | SLOW    |     2.427 | FAST    |
B_i[2][3][2]   | C_o[2][3][2]   |     4.642 | SLOW    |     2.427 | FAST    |
B_i[2][3][2]   | C_o[3][3][2]   |     4.642 | SLOW    |     2.427 | FAST    |
B_i[2][3][2]   | C_o[4][3][2]   |     4.642 | SLOW    |     2.427 | FAST    |
B_i[2][3][2]   | C_o[5][3][2]   |     4.642 | SLOW    |     2.427 | FAST    |
B_i[2][3][2]   | C_o[6][3][2]   |     4.642 | SLOW    |     2.427 | FAST    |
B_i[2][3][2]   | C_o[7][3][2]   |     4.642 | SLOW    |     2.427 | FAST    |
B_i[2][4][0]   | C_o[0][4][0]   |     4.477 | SLOW    |     2.320 | FAST    |
B_i[2][4][0]   | C_o[0][4][1]   |     4.697 | SLOW    |     2.332 | FAST    |
B_i[2][4][0]   | C_o[0][4][2]   |     4.705 | SLOW    |     2.320 | FAST    |
B_i[2][4][0]   | C_o[1][4][0]   |     4.477 | SLOW    |     2.320 | FAST    |
B_i[2][4][0]   | C_o[1][4][1]   |     4.697 | SLOW    |     2.332 | FAST    |
B_i[2][4][0]   | C_o[1][4][2]   |     4.705 | SLOW    |     2.320 | FAST    |
B_i[2][4][0]   | C_o[2][4][0]   |     4.477 | SLOW    |     2.320 | FAST    |
B_i[2][4][0]   | C_o[2][4][1]   |     4.697 | SLOW    |     2.332 | FAST    |
B_i[2][4][0]   | C_o[2][4][2]   |     4.705 | SLOW    |     2.320 | FAST    |
B_i[2][4][0]   | C_o[3][4][0]   |     4.477 | SLOW    |     2.320 | FAST    |
B_i[2][4][0]   | C_o[3][4][1]   |     4.697 | SLOW    |     2.332 | FAST    |
B_i[2][4][0]   | C_o[3][4][2]   |     4.705 | SLOW    |     2.320 | FAST    |
B_i[2][4][0]   | C_o[4][4][0]   |     4.477 | SLOW    |     2.320 | FAST    |
B_i[2][4][0]   | C_o[4][4][1]   |     4.697 | SLOW    |     2.332 | FAST    |
B_i[2][4][0]   | C_o[4][4][2]   |     4.705 | SLOW    |     2.320 | FAST    |
B_i[2][4][0]   | C_o[5][4][0]   |     4.477 | SLOW    |     2.320 | FAST    |
B_i[2][4][0]   | C_o[5][4][1]   |     4.697 | SLOW    |     2.332 | FAST    |
B_i[2][4][0]   | C_o[5][4][2]   |     4.705 | SLOW    |     2.320 | FAST    |
B_i[2][4][0]   | C_o[6][4][0]   |     4.477 | SLOW    |     2.320 | FAST    |
B_i[2][4][0]   | C_o[6][4][1]   |     4.697 | SLOW    |     2.332 | FAST    |
B_i[2][4][0]   | C_o[6][4][2]   |     4.705 | SLOW    |     2.320 | FAST    |
B_i[2][4][0]   | C_o[7][4][0]   |     4.477 | SLOW    |     2.320 | FAST    |
B_i[2][4][0]   | C_o[7][4][1]   |     4.697 | SLOW    |     2.332 | FAST    |
B_i[2][4][0]   | C_o[7][4][2]   |     4.705 | SLOW    |     2.320 | FAST    |
B_i[2][4][1]   | C_o[0][4][1]   |     4.557 | SLOW    |     2.373 | FAST    |
B_i[2][4][1]   | C_o[0][4][2]   |     4.693 | SLOW    |     2.331 | FAST    |
B_i[2][4][1]   | C_o[1][4][1]   |     4.588 | SLOW    |     2.393 | FAST    |
B_i[2][4][1]   | C_o[1][4][2]   |     4.697 | SLOW    |     2.331 | FAST    |
B_i[2][4][1]   | C_o[2][4][1]   |     4.557 | SLOW    |     2.373 | FAST    |
B_i[2][4][1]   | C_o[2][4][2]   |     4.693 | SLOW    |     2.331 | FAST    |
B_i[2][4][1]   | C_o[3][4][1]   |     4.588 | SLOW    |     2.393 | FAST    |
B_i[2][4][1]   | C_o[3][4][2]   |     4.697 | SLOW    |     2.331 | FAST    |
B_i[2][4][1]   | C_o[4][4][1]   |     4.557 | SLOW    |     2.373 | FAST    |
B_i[2][4][1]   | C_o[4][4][2]   |     4.693 | SLOW    |     2.331 | FAST    |
B_i[2][4][1]   | C_o[5][4][1]   |     4.588 | SLOW    |     2.393 | FAST    |
B_i[2][4][1]   | C_o[5][4][2]   |     4.697 | SLOW    |     2.331 | FAST    |
B_i[2][4][1]   | C_o[6][4][1]   |     4.557 | SLOW    |     2.373 | FAST    |
B_i[2][4][1]   | C_o[6][4][2]   |     4.693 | SLOW    |     2.331 | FAST    |
B_i[2][4][1]   | C_o[7][4][1]   |     4.588 | SLOW    |     2.393 | FAST    |
B_i[2][4][1]   | C_o[7][4][2]   |     4.697 | SLOW    |     2.331 | FAST    |
B_i[2][4][2]   | C_o[0][4][2]   |     4.642 | SLOW    |     2.427 | FAST    |
B_i[2][4][2]   | C_o[1][4][2]   |     4.642 | SLOW    |     2.427 | FAST    |
B_i[2][4][2]   | C_o[2][4][2]   |     4.642 | SLOW    |     2.427 | FAST    |
B_i[2][4][2]   | C_o[3][4][2]   |     4.642 | SLOW    |     2.427 | FAST    |
B_i[2][4][2]   | C_o[4][4][2]   |     4.642 | SLOW    |     2.427 | FAST    |
B_i[2][4][2]   | C_o[5][4][2]   |     4.642 | SLOW    |     2.427 | FAST    |
B_i[2][4][2]   | C_o[6][4][2]   |     4.642 | SLOW    |     2.427 | FAST    |
B_i[2][4][2]   | C_o[7][4][2]   |     4.642 | SLOW    |     2.427 | FAST    |
B_i[2][5][0]   | C_o[0][5][0]   |     4.477 | SLOW    |     2.320 | FAST    |
B_i[2][5][0]   | C_o[0][5][1]   |     4.697 | SLOW    |     2.332 | FAST    |
B_i[2][5][0]   | C_o[0][5][2]   |     4.705 | SLOW    |     2.320 | FAST    |
B_i[2][5][0]   | C_o[1][5][0]   |     4.477 | SLOW    |     2.320 | FAST    |
B_i[2][5][0]   | C_o[1][5][1]   |     4.697 | SLOW    |     2.332 | FAST    |
B_i[2][5][0]   | C_o[1][5][2]   |     4.705 | SLOW    |     2.320 | FAST    |
B_i[2][5][0]   | C_o[2][5][0]   |     4.477 | SLOW    |     2.320 | FAST    |
B_i[2][5][0]   | C_o[2][5][1]   |     4.697 | SLOW    |     2.332 | FAST    |
B_i[2][5][0]   | C_o[2][5][2]   |     4.705 | SLOW    |     2.320 | FAST    |
B_i[2][5][0]   | C_o[3][5][0]   |     4.477 | SLOW    |     2.320 | FAST    |
B_i[2][5][0]   | C_o[3][5][1]   |     4.697 | SLOW    |     2.332 | FAST    |
B_i[2][5][0]   | C_o[3][5][2]   |     4.705 | SLOW    |     2.320 | FAST    |
B_i[2][5][0]   | C_o[4][5][0]   |     4.477 | SLOW    |     2.320 | FAST    |
B_i[2][5][0]   | C_o[4][5][1]   |     4.697 | SLOW    |     2.332 | FAST    |
B_i[2][5][0]   | C_o[4][5][2]   |     4.705 | SLOW    |     2.320 | FAST    |
B_i[2][5][0]   | C_o[5][5][0]   |     4.477 | SLOW    |     2.320 | FAST    |
B_i[2][5][0]   | C_o[5][5][1]   |     4.697 | SLOW    |     2.332 | FAST    |
B_i[2][5][0]   | C_o[5][5][2]   |     4.705 | SLOW    |     2.320 | FAST    |
B_i[2][5][0]   | C_o[6][5][0]   |     4.477 | SLOW    |     2.320 | FAST    |
B_i[2][5][0]   | C_o[6][5][1]   |     4.697 | SLOW    |     2.332 | FAST    |
B_i[2][5][0]   | C_o[6][5][2]   |     4.705 | SLOW    |     2.320 | FAST    |
B_i[2][5][0]   | C_o[7][5][0]   |     4.477 | SLOW    |     2.320 | FAST    |
B_i[2][5][0]   | C_o[7][5][1]   |     4.697 | SLOW    |     2.332 | FAST    |
B_i[2][5][0]   | C_o[7][5][2]   |     4.705 | SLOW    |     2.320 | FAST    |
B_i[2][5][1]   | C_o[0][5][1]   |     4.557 | SLOW    |     2.373 | FAST    |
B_i[2][5][1]   | C_o[0][5][2]   |     4.693 | SLOW    |     2.331 | FAST    |
B_i[2][5][1]   | C_o[1][5][1]   |     4.588 | SLOW    |     2.393 | FAST    |
B_i[2][5][1]   | C_o[1][5][2]   |     4.697 | SLOW    |     2.331 | FAST    |
B_i[2][5][1]   | C_o[2][5][1]   |     4.557 | SLOW    |     2.373 | FAST    |
B_i[2][5][1]   | C_o[2][5][2]   |     4.693 | SLOW    |     2.331 | FAST    |
B_i[2][5][1]   | C_o[3][5][1]   |     4.588 | SLOW    |     2.393 | FAST    |
B_i[2][5][1]   | C_o[3][5][2]   |     4.697 | SLOW    |     2.331 | FAST    |
B_i[2][5][1]   | C_o[4][5][1]   |     4.557 | SLOW    |     2.373 | FAST    |
B_i[2][5][1]   | C_o[4][5][2]   |     4.693 | SLOW    |     2.331 | FAST    |
B_i[2][5][1]   | C_o[5][5][1]   |     4.588 | SLOW    |     2.393 | FAST    |
B_i[2][5][1]   | C_o[5][5][2]   |     4.697 | SLOW    |     2.331 | FAST    |
B_i[2][5][1]   | C_o[6][5][1]   |     4.557 | SLOW    |     2.373 | FAST    |
B_i[2][5][1]   | C_o[6][5][2]   |     4.693 | SLOW    |     2.331 | FAST    |
B_i[2][5][1]   | C_o[7][5][1]   |     4.588 | SLOW    |     2.393 | FAST    |
B_i[2][5][1]   | C_o[7][5][2]   |     4.697 | SLOW    |     2.331 | FAST    |
B_i[2][5][2]   | C_o[0][5][2]   |     4.642 | SLOW    |     2.427 | FAST    |
B_i[2][5][2]   | C_o[1][5][2]   |     4.642 | SLOW    |     2.427 | FAST    |
B_i[2][5][2]   | C_o[2][5][2]   |     4.642 | SLOW    |     2.427 | FAST    |
B_i[2][5][2]   | C_o[3][5][2]   |     4.642 | SLOW    |     2.427 | FAST    |
B_i[2][5][2]   | C_o[4][5][2]   |     4.642 | SLOW    |     2.427 | FAST    |
B_i[2][5][2]   | C_o[5][5][2]   |     4.642 | SLOW    |     2.427 | FAST    |
B_i[2][5][2]   | C_o[6][5][2]   |     4.642 | SLOW    |     2.427 | FAST    |
B_i[2][5][2]   | C_o[7][5][2]   |     4.642 | SLOW    |     2.427 | FAST    |
B_i[2][6][0]   | C_o[0][6][0]   |     4.477 | SLOW    |     2.320 | FAST    |
B_i[2][6][0]   | C_o[0][6][1]   |     4.697 | SLOW    |     2.332 | FAST    |
B_i[2][6][0]   | C_o[0][6][2]   |     4.705 | SLOW    |     2.320 | FAST    |
B_i[2][6][0]   | C_o[1][6][0]   |     4.477 | SLOW    |     2.320 | FAST    |
B_i[2][6][0]   | C_o[1][6][1]   |     4.697 | SLOW    |     2.332 | FAST    |
B_i[2][6][0]   | C_o[1][6][2]   |     4.705 | SLOW    |     2.320 | FAST    |
B_i[2][6][0]   | C_o[2][6][0]   |     4.477 | SLOW    |     2.320 | FAST    |
B_i[2][6][0]   | C_o[2][6][1]   |     4.697 | SLOW    |     2.332 | FAST    |
B_i[2][6][0]   | C_o[2][6][2]   |     4.705 | SLOW    |     2.320 | FAST    |
B_i[2][6][0]   | C_o[3][6][0]   |     4.477 | SLOW    |     2.320 | FAST    |
B_i[2][6][0]   | C_o[3][6][1]   |     4.697 | SLOW    |     2.332 | FAST    |
B_i[2][6][0]   | C_o[3][6][2]   |     4.705 | SLOW    |     2.320 | FAST    |
B_i[2][6][0]   | C_o[4][6][0]   |     4.477 | SLOW    |     2.320 | FAST    |
B_i[2][6][0]   | C_o[4][6][1]   |     4.697 | SLOW    |     2.332 | FAST    |
B_i[2][6][0]   | C_o[4][6][2]   |     4.705 | SLOW    |     2.320 | FAST    |
B_i[2][6][0]   | C_o[5][6][0]   |     4.477 | SLOW    |     2.320 | FAST    |
B_i[2][6][0]   | C_o[5][6][1]   |     4.697 | SLOW    |     2.332 | FAST    |
B_i[2][6][0]   | C_o[5][6][2]   |     4.705 | SLOW    |     2.320 | FAST    |
B_i[2][6][0]   | C_o[6][6][0]   |     4.477 | SLOW    |     2.320 | FAST    |
B_i[2][6][0]   | C_o[6][6][1]   |     4.697 | SLOW    |     2.332 | FAST    |
B_i[2][6][0]   | C_o[6][6][2]   |     4.705 | SLOW    |     2.320 | FAST    |
B_i[2][6][0]   | C_o[7][6][0]   |     4.477 | SLOW    |     2.320 | FAST    |
B_i[2][6][0]   | C_o[7][6][1]   |     4.697 | SLOW    |     2.332 | FAST    |
B_i[2][6][0]   | C_o[7][6][2]   |     4.705 | SLOW    |     2.320 | FAST    |
B_i[2][6][1]   | C_o[0][6][1]   |     4.557 | SLOW    |     2.373 | FAST    |
B_i[2][6][1]   | C_o[0][6][2]   |     4.693 | SLOW    |     2.331 | FAST    |
B_i[2][6][1]   | C_o[1][6][1]   |     4.588 | SLOW    |     2.393 | FAST    |
B_i[2][6][1]   | C_o[1][6][2]   |     4.697 | SLOW    |     2.331 | FAST    |
B_i[2][6][1]   | C_o[2][6][1]   |     4.557 | SLOW    |     2.373 | FAST    |
B_i[2][6][1]   | C_o[2][6][2]   |     4.693 | SLOW    |     2.331 | FAST    |
B_i[2][6][1]   | C_o[3][6][1]   |     4.588 | SLOW    |     2.393 | FAST    |
B_i[2][6][1]   | C_o[3][6][2]   |     4.697 | SLOW    |     2.331 | FAST    |
B_i[2][6][1]   | C_o[4][6][1]   |     4.557 | SLOW    |     2.373 | FAST    |
B_i[2][6][1]   | C_o[4][6][2]   |     4.693 | SLOW    |     2.331 | FAST    |
B_i[2][6][1]   | C_o[5][6][1]   |     4.588 | SLOW    |     2.393 | FAST    |
B_i[2][6][1]   | C_o[5][6][2]   |     4.697 | SLOW    |     2.331 | FAST    |
B_i[2][6][1]   | C_o[6][6][1]   |     4.557 | SLOW    |     2.373 | FAST    |
B_i[2][6][1]   | C_o[6][6][2]   |     4.693 | SLOW    |     2.331 | FAST    |
B_i[2][6][1]   | C_o[7][6][1]   |     4.588 | SLOW    |     2.393 | FAST    |
B_i[2][6][1]   | C_o[7][6][2]   |     4.697 | SLOW    |     2.331 | FAST    |
B_i[2][6][2]   | C_o[0][6][2]   |     4.642 | SLOW    |     2.427 | FAST    |
B_i[2][6][2]   | C_o[1][6][2]   |     4.642 | SLOW    |     2.427 | FAST    |
B_i[2][6][2]   | C_o[2][6][2]   |     4.642 | SLOW    |     2.427 | FAST    |
B_i[2][6][2]   | C_o[3][6][2]   |     4.642 | SLOW    |     2.427 | FAST    |
B_i[2][6][2]   | C_o[4][6][2]   |     4.642 | SLOW    |     2.427 | FAST    |
B_i[2][6][2]   | C_o[5][6][2]   |     4.642 | SLOW    |     2.427 | FAST    |
B_i[2][6][2]   | C_o[6][6][2]   |     4.642 | SLOW    |     2.427 | FAST    |
B_i[2][6][2]   | C_o[7][6][2]   |     4.642 | SLOW    |     2.427 | FAST    |
B_i[2][7][0]   | C_o[0][7][0]   |     4.477 | SLOW    |     2.320 | FAST    |
B_i[2][7][0]   | C_o[0][7][1]   |     4.697 | SLOW    |     2.332 | FAST    |
B_i[2][7][0]   | C_o[0][7][2]   |     4.705 | SLOW    |     2.320 | FAST    |
B_i[2][7][0]   | C_o[1][7][0]   |     4.477 | SLOW    |     2.320 | FAST    |
B_i[2][7][0]   | C_o[1][7][1]   |     4.697 | SLOW    |     2.332 | FAST    |
B_i[2][7][0]   | C_o[1][7][2]   |     4.705 | SLOW    |     2.320 | FAST    |
B_i[2][7][0]   | C_o[2][7][0]   |     4.477 | SLOW    |     2.320 | FAST    |
B_i[2][7][0]   | C_o[2][7][1]   |     4.697 | SLOW    |     2.332 | FAST    |
B_i[2][7][0]   | C_o[2][7][2]   |     4.705 | SLOW    |     2.320 | FAST    |
B_i[2][7][0]   | C_o[3][7][0]   |     4.477 | SLOW    |     2.320 | FAST    |
B_i[2][7][0]   | C_o[3][7][1]   |     4.697 | SLOW    |     2.332 | FAST    |
B_i[2][7][0]   | C_o[3][7][2]   |     4.705 | SLOW    |     2.320 | FAST    |
B_i[2][7][0]   | C_o[4][7][0]   |     4.477 | SLOW    |     2.320 | FAST    |
B_i[2][7][0]   | C_o[4][7][1]   |     4.697 | SLOW    |     2.332 | FAST    |
B_i[2][7][0]   | C_o[4][7][2]   |     4.705 | SLOW    |     2.320 | FAST    |
B_i[2][7][0]   | C_o[5][7][0]   |     4.477 | SLOW    |     2.320 | FAST    |
B_i[2][7][0]   | C_o[5][7][1]   |     4.697 | SLOW    |     2.332 | FAST    |
B_i[2][7][0]   | C_o[5][7][2]   |     4.705 | SLOW    |     2.320 | FAST    |
B_i[2][7][0]   | C_o[6][7][0]   |     4.477 | SLOW    |     2.320 | FAST    |
B_i[2][7][0]   | C_o[6][7][1]   |     4.697 | SLOW    |     2.332 | FAST    |
B_i[2][7][0]   | C_o[6][7][2]   |     4.705 | SLOW    |     2.320 | FAST    |
B_i[2][7][0]   | C_o[7][7][0]   |     4.477 | SLOW    |     2.320 | FAST    |
B_i[2][7][0]   | C_o[7][7][1]   |     4.697 | SLOW    |     2.332 | FAST    |
B_i[2][7][0]   | C_o[7][7][2]   |     4.705 | SLOW    |     2.320 | FAST    |
B_i[2][7][1]   | C_o[0][7][1]   |     4.557 | SLOW    |     2.373 | FAST    |
B_i[2][7][1]   | C_o[0][7][2]   |     4.693 | SLOW    |     2.331 | FAST    |
B_i[2][7][1]   | C_o[1][7][1]   |     4.588 | SLOW    |     2.393 | FAST    |
B_i[2][7][1]   | C_o[1][7][2]   |     4.697 | SLOW    |     2.331 | FAST    |
B_i[2][7][1]   | C_o[2][7][1]   |     4.557 | SLOW    |     2.373 | FAST    |
B_i[2][7][1]   | C_o[2][7][2]   |     4.693 | SLOW    |     2.331 | FAST    |
B_i[2][7][1]   | C_o[3][7][1]   |     4.588 | SLOW    |     2.393 | FAST    |
B_i[2][7][1]   | C_o[3][7][2]   |     4.697 | SLOW    |     2.331 | FAST    |
B_i[2][7][1]   | C_o[4][7][1]   |     4.557 | SLOW    |     2.373 | FAST    |
B_i[2][7][1]   | C_o[4][7][2]   |     4.693 | SLOW    |     2.331 | FAST    |
B_i[2][7][1]   | C_o[5][7][1]   |     4.588 | SLOW    |     2.393 | FAST    |
B_i[2][7][1]   | C_o[5][7][2]   |     4.697 | SLOW    |     2.331 | FAST    |
B_i[2][7][1]   | C_o[6][7][1]   |     4.557 | SLOW    |     2.373 | FAST    |
B_i[2][7][1]   | C_o[6][7][2]   |     4.693 | SLOW    |     2.331 | FAST    |
B_i[2][7][1]   | C_o[7][7][1]   |     4.588 | SLOW    |     2.393 | FAST    |
B_i[2][7][1]   | C_o[7][7][2]   |     4.697 | SLOW    |     2.331 | FAST    |
B_i[2][7][2]   | C_o[0][7][2]   |     4.642 | SLOW    |     2.427 | FAST    |
B_i[2][7][2]   | C_o[1][7][2]   |     4.642 | SLOW    |     2.427 | FAST    |
B_i[2][7][2]   | C_o[2][7][2]   |     4.642 | SLOW    |     2.427 | FAST    |
B_i[2][7][2]   | C_o[3][7][2]   |     4.642 | SLOW    |     2.427 | FAST    |
B_i[2][7][2]   | C_o[4][7][2]   |     4.642 | SLOW    |     2.427 | FAST    |
B_i[2][7][2]   | C_o[5][7][2]   |     4.642 | SLOW    |     2.427 | FAST    |
B_i[2][7][2]   | C_o[6][7][2]   |     4.642 | SLOW    |     2.427 | FAST    |
B_i[2][7][2]   | C_o[7][7][2]   |     4.642 | SLOW    |     2.427 | FAST    |
B_i[3][0][0]   | C_o[0][0][0]   |     4.477 | SLOW    |     2.320 | FAST    |
B_i[3][0][0]   | C_o[0][0][1]   |     4.697 | SLOW    |     2.324 | FAST    |
B_i[3][0][0]   | C_o[0][0][2]   |     4.707 | SLOW    |     2.324 | FAST    |
B_i[3][0][0]   | C_o[1][0][0]   |     4.477 | SLOW    |     2.320 | FAST    |
B_i[3][0][0]   | C_o[1][0][1]   |     4.697 | SLOW    |     2.324 | FAST    |
B_i[3][0][0]   | C_o[1][0][2]   |     4.707 | SLOW    |     2.324 | FAST    |
B_i[3][0][0]   | C_o[2][0][0]   |     4.477 | SLOW    |     2.320 | FAST    |
B_i[3][0][0]   | C_o[2][0][1]   |     4.697 | SLOW    |     2.324 | FAST    |
B_i[3][0][0]   | C_o[2][0][2]   |     4.707 | SLOW    |     2.324 | FAST    |
B_i[3][0][0]   | C_o[3][0][0]   |     4.477 | SLOW    |     2.320 | FAST    |
B_i[3][0][0]   | C_o[3][0][1]   |     4.697 | SLOW    |     2.324 | FAST    |
B_i[3][0][0]   | C_o[3][0][2]   |     4.707 | SLOW    |     2.324 | FAST    |
B_i[3][0][0]   | C_o[4][0][0]   |     4.477 | SLOW    |     2.320 | FAST    |
B_i[3][0][0]   | C_o[4][0][1]   |     4.697 | SLOW    |     2.324 | FAST    |
B_i[3][0][0]   | C_o[4][0][2]   |     4.707 | SLOW    |     2.324 | FAST    |
B_i[3][0][0]   | C_o[5][0][0]   |     4.477 | SLOW    |     2.320 | FAST    |
B_i[3][0][0]   | C_o[5][0][1]   |     4.697 | SLOW    |     2.324 | FAST    |
B_i[3][0][0]   | C_o[5][0][2]   |     4.707 | SLOW    |     2.324 | FAST    |
B_i[3][0][0]   | C_o[6][0][0]   |     4.477 | SLOW    |     2.320 | FAST    |
B_i[3][0][0]   | C_o[6][0][1]   |     4.697 | SLOW    |     2.324 | FAST    |
B_i[3][0][0]   | C_o[6][0][2]   |     4.707 | SLOW    |     2.324 | FAST    |
B_i[3][0][0]   | C_o[7][0][0]   |     4.477 | SLOW    |     2.320 | FAST    |
B_i[3][0][0]   | C_o[7][0][1]   |     4.697 | SLOW    |     2.324 | FAST    |
B_i[3][0][0]   | C_o[7][0][2]   |     4.707 | SLOW    |     2.324 | FAST    |
B_i[3][0][1]   | C_o[0][0][1]   |     4.557 | SLOW    |     2.373 | FAST    |
B_i[3][0][1]   | C_o[0][0][2]   |     4.695 | SLOW    |     2.335 | FAST    |
B_i[3][0][1]   | C_o[1][0][1]   |     4.588 | SLOW    |     2.393 | FAST    |
B_i[3][0][1]   | C_o[1][0][2]   |     4.699 | SLOW    |     2.335 | FAST    |
B_i[3][0][1]   | C_o[2][0][1]   |     4.557 | SLOW    |     2.373 | FAST    |
B_i[3][0][1]   | C_o[2][0][2]   |     4.695 | SLOW    |     2.335 | FAST    |
B_i[3][0][1]   | C_o[3][0][1]   |     4.588 | SLOW    |     2.393 | FAST    |
B_i[3][0][1]   | C_o[3][0][2]   |     4.699 | SLOW    |     2.335 | FAST    |
B_i[3][0][1]   | C_o[4][0][1]   |     4.557 | SLOW    |     2.373 | FAST    |
B_i[3][0][1]   | C_o[4][0][2]   |     4.695 | SLOW    |     2.335 | FAST    |
B_i[3][0][1]   | C_o[5][0][1]   |     4.588 | SLOW    |     2.393 | FAST    |
B_i[3][0][1]   | C_o[5][0][2]   |     4.699 | SLOW    |     2.335 | FAST    |
B_i[3][0][1]   | C_o[6][0][1]   |     4.557 | SLOW    |     2.373 | FAST    |
B_i[3][0][1]   | C_o[6][0][2]   |     4.695 | SLOW    |     2.335 | FAST    |
B_i[3][0][1]   | C_o[7][0][1]   |     4.588 | SLOW    |     2.393 | FAST    |
B_i[3][0][1]   | C_o[7][0][2]   |     4.699 | SLOW    |     2.335 | FAST    |
B_i[3][0][2]   | C_o[0][0][2]   |     4.644 | SLOW    |     2.423 | FAST    |
B_i[3][0][2]   | C_o[1][0][2]   |     4.644 | SLOW    |     2.423 | FAST    |
B_i[3][0][2]   | C_o[2][0][2]   |     4.644 | SLOW    |     2.423 | FAST    |
B_i[3][0][2]   | C_o[3][0][2]   |     4.644 | SLOW    |     2.423 | FAST    |
B_i[3][0][2]   | C_o[4][0][2]   |     4.644 | SLOW    |     2.423 | FAST    |
B_i[3][0][2]   | C_o[5][0][2]   |     4.644 | SLOW    |     2.423 | FAST    |
B_i[3][0][2]   | C_o[6][0][2]   |     4.644 | SLOW    |     2.423 | FAST    |
B_i[3][0][2]   | C_o[7][0][2]   |     4.644 | SLOW    |     2.423 | FAST    |
B_i[3][1][0]   | C_o[0][1][0]   |     4.477 | SLOW    |     2.320 | FAST    |
B_i[3][1][0]   | C_o[0][1][1]   |     4.697 | SLOW    |     2.324 | FAST    |
B_i[3][1][0]   | C_o[0][1][2]   |     4.707 | SLOW    |     2.324 | FAST    |
B_i[3][1][0]   | C_o[1][1][0]   |     4.477 | SLOW    |     2.320 | FAST    |
B_i[3][1][0]   | C_o[1][1][1]   |     4.697 | SLOW    |     2.324 | FAST    |
B_i[3][1][0]   | C_o[1][1][2]   |     4.707 | SLOW    |     2.324 | FAST    |
B_i[3][1][0]   | C_o[2][1][0]   |     4.477 | SLOW    |     2.320 | FAST    |
B_i[3][1][0]   | C_o[2][1][1]   |     4.697 | SLOW    |     2.324 | FAST    |
B_i[3][1][0]   | C_o[2][1][2]   |     4.707 | SLOW    |     2.324 | FAST    |
B_i[3][1][0]   | C_o[3][1][0]   |     4.477 | SLOW    |     2.320 | FAST    |
B_i[3][1][0]   | C_o[3][1][1]   |     4.697 | SLOW    |     2.324 | FAST    |
B_i[3][1][0]   | C_o[3][1][2]   |     4.707 | SLOW    |     2.324 | FAST    |
B_i[3][1][0]   | C_o[4][1][0]   |     4.477 | SLOW    |     2.320 | FAST    |
B_i[3][1][0]   | C_o[4][1][1]   |     4.697 | SLOW    |     2.324 | FAST    |
B_i[3][1][0]   | C_o[4][1][2]   |     4.707 | SLOW    |     2.324 | FAST    |
B_i[3][1][0]   | C_o[5][1][0]   |     4.477 | SLOW    |     2.320 | FAST    |
B_i[3][1][0]   | C_o[5][1][1]   |     4.697 | SLOW    |     2.324 | FAST    |
B_i[3][1][0]   | C_o[5][1][2]   |     4.707 | SLOW    |     2.324 | FAST    |
B_i[3][1][0]   | C_o[6][1][0]   |     4.477 | SLOW    |     2.320 | FAST    |
B_i[3][1][0]   | C_o[6][1][1]   |     4.697 | SLOW    |     2.324 | FAST    |
B_i[3][1][0]   | C_o[6][1][2]   |     4.707 | SLOW    |     2.324 | FAST    |
B_i[3][1][0]   | C_o[7][1][0]   |     4.477 | SLOW    |     2.320 | FAST    |
B_i[3][1][0]   | C_o[7][1][1]   |     4.697 | SLOW    |     2.324 | FAST    |
B_i[3][1][0]   | C_o[7][1][2]   |     4.707 | SLOW    |     2.324 | FAST    |
B_i[3][1][1]   | C_o[0][1][1]   |     4.557 | SLOW    |     2.373 | FAST    |
B_i[3][1][1]   | C_o[0][1][2]   |     4.695 | SLOW    |     2.335 | FAST    |
B_i[3][1][1]   | C_o[1][1][1]   |     4.588 | SLOW    |     2.393 | FAST    |
B_i[3][1][1]   | C_o[1][1][2]   |     4.699 | SLOW    |     2.335 | FAST    |
B_i[3][1][1]   | C_o[2][1][1]   |     4.557 | SLOW    |     2.373 | FAST    |
B_i[3][1][1]   | C_o[2][1][2]   |     4.695 | SLOW    |     2.335 | FAST    |
B_i[3][1][1]   | C_o[3][1][1]   |     4.588 | SLOW    |     2.393 | FAST    |
B_i[3][1][1]   | C_o[3][1][2]   |     4.699 | SLOW    |     2.335 | FAST    |
B_i[3][1][1]   | C_o[4][1][1]   |     4.557 | SLOW    |     2.373 | FAST    |
B_i[3][1][1]   | C_o[4][1][2]   |     4.695 | SLOW    |     2.335 | FAST    |
B_i[3][1][1]   | C_o[5][1][1]   |     4.588 | SLOW    |     2.393 | FAST    |
B_i[3][1][1]   | C_o[5][1][2]   |     4.699 | SLOW    |     2.335 | FAST    |
B_i[3][1][1]   | C_o[6][1][1]   |     4.557 | SLOW    |     2.373 | FAST    |
B_i[3][1][1]   | C_o[6][1][2]   |     4.695 | SLOW    |     2.335 | FAST    |
B_i[3][1][1]   | C_o[7][1][1]   |     4.588 | SLOW    |     2.393 | FAST    |
B_i[3][1][1]   | C_o[7][1][2]   |     4.699 | SLOW    |     2.335 | FAST    |
B_i[3][1][2]   | C_o[0][1][2]   |     4.644 | SLOW    |     2.423 | FAST    |
B_i[3][1][2]   | C_o[1][1][2]   |     4.644 | SLOW    |     2.423 | FAST    |
B_i[3][1][2]   | C_o[2][1][2]   |     4.644 | SLOW    |     2.423 | FAST    |
B_i[3][1][2]   | C_o[3][1][2]   |     4.644 | SLOW    |     2.423 | FAST    |
B_i[3][1][2]   | C_o[4][1][2]   |     4.644 | SLOW    |     2.423 | FAST    |
B_i[3][1][2]   | C_o[5][1][2]   |     4.644 | SLOW    |     2.423 | FAST    |
B_i[3][1][2]   | C_o[6][1][2]   |     4.644 | SLOW    |     2.423 | FAST    |
B_i[3][1][2]   | C_o[7][1][2]   |     4.644 | SLOW    |     2.423 | FAST    |
B_i[3][2][0]   | C_o[0][2][0]   |     4.477 | SLOW    |     2.320 | FAST    |
B_i[3][2][0]   | C_o[0][2][1]   |     4.697 | SLOW    |     2.324 | FAST    |
B_i[3][2][0]   | C_o[0][2][2]   |     4.707 | SLOW    |     2.324 | FAST    |
B_i[3][2][0]   | C_o[1][2][0]   |     4.477 | SLOW    |     2.320 | FAST    |
B_i[3][2][0]   | C_o[1][2][1]   |     4.697 | SLOW    |     2.324 | FAST    |
B_i[3][2][0]   | C_o[1][2][2]   |     4.707 | SLOW    |     2.324 | FAST    |
B_i[3][2][0]   | C_o[2][2][0]   |     4.477 | SLOW    |     2.320 | FAST    |
B_i[3][2][0]   | C_o[2][2][1]   |     4.697 | SLOW    |     2.324 | FAST    |
B_i[3][2][0]   | C_o[2][2][2]   |     4.707 | SLOW    |     2.324 | FAST    |
B_i[3][2][0]   | C_o[3][2][0]   |     4.477 | SLOW    |     2.320 | FAST    |
B_i[3][2][0]   | C_o[3][2][1]   |     4.697 | SLOW    |     2.324 | FAST    |
B_i[3][2][0]   | C_o[3][2][2]   |     4.707 | SLOW    |     2.324 | FAST    |
B_i[3][2][0]   | C_o[4][2][0]   |     4.477 | SLOW    |     2.320 | FAST    |
B_i[3][2][0]   | C_o[4][2][1]   |     4.697 | SLOW    |     2.324 | FAST    |
B_i[3][2][0]   | C_o[4][2][2]   |     4.707 | SLOW    |     2.324 | FAST    |
B_i[3][2][0]   | C_o[5][2][0]   |     4.477 | SLOW    |     2.320 | FAST    |
B_i[3][2][0]   | C_o[5][2][1]   |     4.697 | SLOW    |     2.324 | FAST    |
B_i[3][2][0]   | C_o[5][2][2]   |     4.707 | SLOW    |     2.324 | FAST    |
B_i[3][2][0]   | C_o[6][2][0]   |     4.477 | SLOW    |     2.320 | FAST    |
B_i[3][2][0]   | C_o[6][2][1]   |     4.697 | SLOW    |     2.324 | FAST    |
B_i[3][2][0]   | C_o[6][2][2]   |     4.707 | SLOW    |     2.324 | FAST    |
B_i[3][2][0]   | C_o[7][2][0]   |     4.477 | SLOW    |     2.320 | FAST    |
B_i[3][2][0]   | C_o[7][2][1]   |     4.697 | SLOW    |     2.324 | FAST    |
B_i[3][2][0]   | C_o[7][2][2]   |     4.707 | SLOW    |     2.324 | FAST    |
B_i[3][2][1]   | C_o[0][2][1]   |     4.557 | SLOW    |     2.373 | FAST    |
B_i[3][2][1]   | C_o[0][2][2]   |     4.695 | SLOW    |     2.335 | FAST    |
B_i[3][2][1]   | C_o[1][2][1]   |     4.588 | SLOW    |     2.393 | FAST    |
B_i[3][2][1]   | C_o[1][2][2]   |     4.699 | SLOW    |     2.335 | FAST    |
B_i[3][2][1]   | C_o[2][2][1]   |     4.557 | SLOW    |     2.373 | FAST    |
B_i[3][2][1]   | C_o[2][2][2]   |     4.695 | SLOW    |     2.335 | FAST    |
B_i[3][2][1]   | C_o[3][2][1]   |     4.588 | SLOW    |     2.393 | FAST    |
B_i[3][2][1]   | C_o[3][2][2]   |     4.699 | SLOW    |     2.335 | FAST    |
B_i[3][2][1]   | C_o[4][2][1]   |     4.557 | SLOW    |     2.373 | FAST    |
B_i[3][2][1]   | C_o[4][2][2]   |     4.695 | SLOW    |     2.335 | FAST    |
B_i[3][2][1]   | C_o[5][2][1]   |     4.588 | SLOW    |     2.393 | FAST    |
B_i[3][2][1]   | C_o[5][2][2]   |     4.699 | SLOW    |     2.335 | FAST    |
B_i[3][2][1]   | C_o[6][2][1]   |     4.557 | SLOW    |     2.373 | FAST    |
B_i[3][2][1]   | C_o[6][2][2]   |     4.695 | SLOW    |     2.335 | FAST    |
B_i[3][2][1]   | C_o[7][2][1]   |     4.588 | SLOW    |     2.393 | FAST    |
B_i[3][2][1]   | C_o[7][2][2]   |     4.699 | SLOW    |     2.335 | FAST    |
B_i[3][2][2]   | C_o[0][2][2]   |     4.644 | SLOW    |     2.423 | FAST    |
B_i[3][2][2]   | C_o[1][2][2]   |     4.644 | SLOW    |     2.423 | FAST    |
B_i[3][2][2]   | C_o[2][2][2]   |     4.644 | SLOW    |     2.423 | FAST    |
B_i[3][2][2]   | C_o[3][2][2]   |     4.644 | SLOW    |     2.423 | FAST    |
B_i[3][2][2]   | C_o[4][2][2]   |     4.644 | SLOW    |     2.423 | FAST    |
B_i[3][2][2]   | C_o[5][2][2]   |     4.644 | SLOW    |     2.423 | FAST    |
B_i[3][2][2]   | C_o[6][2][2]   |     4.644 | SLOW    |     2.423 | FAST    |
B_i[3][2][2]   | C_o[7][2][2]   |     4.644 | SLOW    |     2.423 | FAST    |
B_i[3][3][0]   | C_o[0][3][0]   |     4.477 | SLOW    |     2.320 | FAST    |
B_i[3][3][0]   | C_o[0][3][1]   |     4.697 | SLOW    |     2.324 | FAST    |
B_i[3][3][0]   | C_o[0][3][2]   |     4.707 | SLOW    |     2.324 | FAST    |
B_i[3][3][0]   | C_o[1][3][0]   |     4.477 | SLOW    |     2.320 | FAST    |
B_i[3][3][0]   | C_o[1][3][1]   |     4.697 | SLOW    |     2.324 | FAST    |
B_i[3][3][0]   | C_o[1][3][2]   |     4.707 | SLOW    |     2.324 | FAST    |
B_i[3][3][0]   | C_o[2][3][0]   |     4.477 | SLOW    |     2.320 | FAST    |
B_i[3][3][0]   | C_o[2][3][1]   |     4.697 | SLOW    |     2.324 | FAST    |
B_i[3][3][0]   | C_o[2][3][2]   |     4.707 | SLOW    |     2.324 | FAST    |
B_i[3][3][0]   | C_o[3][3][0]   |     4.477 | SLOW    |     2.320 | FAST    |
B_i[3][3][0]   | C_o[3][3][1]   |     4.697 | SLOW    |     2.324 | FAST    |
B_i[3][3][0]   | C_o[3][3][2]   |     4.707 | SLOW    |     2.324 | FAST    |
B_i[3][3][0]   | C_o[4][3][0]   |     4.477 | SLOW    |     2.320 | FAST    |
B_i[3][3][0]   | C_o[4][3][1]   |     4.697 | SLOW    |     2.324 | FAST    |
B_i[3][3][0]   | C_o[4][3][2]   |     4.707 | SLOW    |     2.324 | FAST    |
B_i[3][3][0]   | C_o[5][3][0]   |     4.477 | SLOW    |     2.320 | FAST    |
B_i[3][3][0]   | C_o[5][3][1]   |     4.697 | SLOW    |     2.324 | FAST    |
B_i[3][3][0]   | C_o[5][3][2]   |     4.707 | SLOW    |     2.324 | FAST    |
B_i[3][3][0]   | C_o[6][3][0]   |     4.477 | SLOW    |     2.320 | FAST    |
B_i[3][3][0]   | C_o[6][3][1]   |     4.697 | SLOW    |     2.324 | FAST    |
B_i[3][3][0]   | C_o[6][3][2]   |     4.707 | SLOW    |     2.324 | FAST    |
B_i[3][3][0]   | C_o[7][3][0]   |     4.477 | SLOW    |     2.320 | FAST    |
B_i[3][3][0]   | C_o[7][3][1]   |     4.697 | SLOW    |     2.324 | FAST    |
B_i[3][3][0]   | C_o[7][3][2]   |     4.707 | SLOW    |     2.324 | FAST    |
B_i[3][3][1]   | C_o[0][3][1]   |     4.557 | SLOW    |     2.373 | FAST    |
B_i[3][3][1]   | C_o[0][3][2]   |     4.695 | SLOW    |     2.335 | FAST    |
B_i[3][3][1]   | C_o[1][3][1]   |     4.588 | SLOW    |     2.393 | FAST    |
B_i[3][3][1]   | C_o[1][3][2]   |     4.699 | SLOW    |     2.335 | FAST    |
B_i[3][3][1]   | C_o[2][3][1]   |     4.557 | SLOW    |     2.373 | FAST    |
B_i[3][3][1]   | C_o[2][3][2]   |     4.695 | SLOW    |     2.335 | FAST    |
B_i[3][3][1]   | C_o[3][3][1]   |     4.588 | SLOW    |     2.393 | FAST    |
B_i[3][3][1]   | C_o[3][3][2]   |     4.699 | SLOW    |     2.335 | FAST    |
B_i[3][3][1]   | C_o[4][3][1]   |     4.557 | SLOW    |     2.373 | FAST    |
B_i[3][3][1]   | C_o[4][3][2]   |     4.695 | SLOW    |     2.335 | FAST    |
B_i[3][3][1]   | C_o[5][3][1]   |     4.588 | SLOW    |     2.393 | FAST    |
B_i[3][3][1]   | C_o[5][3][2]   |     4.699 | SLOW    |     2.335 | FAST    |
B_i[3][3][1]   | C_o[6][3][1]   |     4.557 | SLOW    |     2.373 | FAST    |
B_i[3][3][1]   | C_o[6][3][2]   |     4.695 | SLOW    |     2.335 | FAST    |
B_i[3][3][1]   | C_o[7][3][1]   |     4.588 | SLOW    |     2.393 | FAST    |
B_i[3][3][1]   | C_o[7][3][2]   |     4.699 | SLOW    |     2.335 | FAST    |
B_i[3][3][2]   | C_o[0][3][2]   |     4.644 | SLOW    |     2.423 | FAST    |
B_i[3][3][2]   | C_o[1][3][2]   |     4.644 | SLOW    |     2.423 | FAST    |
B_i[3][3][2]   | C_o[2][3][2]   |     4.644 | SLOW    |     2.423 | FAST    |
B_i[3][3][2]   | C_o[3][3][2]   |     4.644 | SLOW    |     2.423 | FAST    |
B_i[3][3][2]   | C_o[4][3][2]   |     4.644 | SLOW    |     2.423 | FAST    |
B_i[3][3][2]   | C_o[5][3][2]   |     4.644 | SLOW    |     2.423 | FAST    |
B_i[3][3][2]   | C_o[6][3][2]   |     4.644 | SLOW    |     2.423 | FAST    |
B_i[3][3][2]   | C_o[7][3][2]   |     4.644 | SLOW    |     2.423 | FAST    |
B_i[3][4][0]   | C_o[0][4][0]   |     4.477 | SLOW    |     2.320 | FAST    |
B_i[3][4][0]   | C_o[0][4][1]   |     4.697 | SLOW    |     2.324 | FAST    |
B_i[3][4][0]   | C_o[0][4][2]   |     4.707 | SLOW    |     2.324 | FAST    |
B_i[3][4][0]   | C_o[1][4][0]   |     4.477 | SLOW    |     2.320 | FAST    |
B_i[3][4][0]   | C_o[1][4][1]   |     4.697 | SLOW    |     2.324 | FAST    |
B_i[3][4][0]   | C_o[1][4][2]   |     4.707 | SLOW    |     2.324 | FAST    |
B_i[3][4][0]   | C_o[2][4][0]   |     4.477 | SLOW    |     2.320 | FAST    |
B_i[3][4][0]   | C_o[2][4][1]   |     4.697 | SLOW    |     2.324 | FAST    |
B_i[3][4][0]   | C_o[2][4][2]   |     4.707 | SLOW    |     2.324 | FAST    |
B_i[3][4][0]   | C_o[3][4][0]   |     4.477 | SLOW    |     2.320 | FAST    |
B_i[3][4][0]   | C_o[3][4][1]   |     4.697 | SLOW    |     2.324 | FAST    |
B_i[3][4][0]   | C_o[3][4][2]   |     4.707 | SLOW    |     2.324 | FAST    |
B_i[3][4][0]   | C_o[4][4][0]   |     4.477 | SLOW    |     2.320 | FAST    |
B_i[3][4][0]   | C_o[4][4][1]   |     4.697 | SLOW    |     2.324 | FAST    |
B_i[3][4][0]   | C_o[4][4][2]   |     4.707 | SLOW    |     2.324 | FAST    |
B_i[3][4][0]   | C_o[5][4][0]   |     4.477 | SLOW    |     2.320 | FAST    |
B_i[3][4][0]   | C_o[5][4][1]   |     4.697 | SLOW    |     2.324 | FAST    |
B_i[3][4][0]   | C_o[5][4][2]   |     4.707 | SLOW    |     2.324 | FAST    |
B_i[3][4][0]   | C_o[6][4][0]   |     4.477 | SLOW    |     2.320 | FAST    |
B_i[3][4][0]   | C_o[6][4][1]   |     4.697 | SLOW    |     2.324 | FAST    |
B_i[3][4][0]   | C_o[6][4][2]   |     4.707 | SLOW    |     2.324 | FAST    |
B_i[3][4][0]   | C_o[7][4][0]   |     4.477 | SLOW    |     2.320 | FAST    |
B_i[3][4][0]   | C_o[7][4][1]   |     4.697 | SLOW    |     2.324 | FAST    |
B_i[3][4][0]   | C_o[7][4][2]   |     4.707 | SLOW    |     2.324 | FAST    |
B_i[3][4][1]   | C_o[0][4][1]   |     4.557 | SLOW    |     2.373 | FAST    |
B_i[3][4][1]   | C_o[0][4][2]   |     4.695 | SLOW    |     2.335 | FAST    |
B_i[3][4][1]   | C_o[1][4][1]   |     4.588 | SLOW    |     2.393 | FAST    |
B_i[3][4][1]   | C_o[1][4][2]   |     4.699 | SLOW    |     2.335 | FAST    |
B_i[3][4][1]   | C_o[2][4][1]   |     4.557 | SLOW    |     2.373 | FAST    |
B_i[3][4][1]   | C_o[2][4][2]   |     4.695 | SLOW    |     2.335 | FAST    |
B_i[3][4][1]   | C_o[3][4][1]   |     4.588 | SLOW    |     2.393 | FAST    |
B_i[3][4][1]   | C_o[3][4][2]   |     4.699 | SLOW    |     2.335 | FAST    |
B_i[3][4][1]   | C_o[4][4][1]   |     4.557 | SLOW    |     2.373 | FAST    |
B_i[3][4][1]   | C_o[4][4][2]   |     4.695 | SLOW    |     2.335 | FAST    |
B_i[3][4][1]   | C_o[5][4][1]   |     4.588 | SLOW    |     2.393 | FAST    |
B_i[3][4][1]   | C_o[5][4][2]   |     4.699 | SLOW    |     2.335 | FAST    |
B_i[3][4][1]   | C_o[6][4][1]   |     4.557 | SLOW    |     2.373 | FAST    |
B_i[3][4][1]   | C_o[6][4][2]   |     4.695 | SLOW    |     2.335 | FAST    |
B_i[3][4][1]   | C_o[7][4][1]   |     4.588 | SLOW    |     2.393 | FAST    |
B_i[3][4][1]   | C_o[7][4][2]   |     4.699 | SLOW    |     2.335 | FAST    |
B_i[3][4][2]   | C_o[0][4][2]   |     4.644 | SLOW    |     2.423 | FAST    |
B_i[3][4][2]   | C_o[1][4][2]   |     4.644 | SLOW    |     2.423 | FAST    |
B_i[3][4][2]   | C_o[2][4][2]   |     4.644 | SLOW    |     2.423 | FAST    |
B_i[3][4][2]   | C_o[3][4][2]   |     4.644 | SLOW    |     2.423 | FAST    |
B_i[3][4][2]   | C_o[4][4][2]   |     4.644 | SLOW    |     2.423 | FAST    |
B_i[3][4][2]   | C_o[5][4][2]   |     4.644 | SLOW    |     2.423 | FAST    |
B_i[3][4][2]   | C_o[6][4][2]   |     4.644 | SLOW    |     2.423 | FAST    |
B_i[3][4][2]   | C_o[7][4][2]   |     4.644 | SLOW    |     2.423 | FAST    |
B_i[3][5][0]   | C_o[0][5][0]   |     4.477 | SLOW    |     2.320 | FAST    |
B_i[3][5][0]   | C_o[0][5][1]   |     4.697 | SLOW    |     2.324 | FAST    |
B_i[3][5][0]   | C_o[0][5][2]   |     4.707 | SLOW    |     2.324 | FAST    |
B_i[3][5][0]   | C_o[1][5][0]   |     4.477 | SLOW    |     2.320 | FAST    |
B_i[3][5][0]   | C_o[1][5][1]   |     4.697 | SLOW    |     2.324 | FAST    |
B_i[3][5][0]   | C_o[1][5][2]   |     4.707 | SLOW    |     2.324 | FAST    |
B_i[3][5][0]   | C_o[2][5][0]   |     4.477 | SLOW    |     2.320 | FAST    |
B_i[3][5][0]   | C_o[2][5][1]   |     4.697 | SLOW    |     2.324 | FAST    |
B_i[3][5][0]   | C_o[2][5][2]   |     4.707 | SLOW    |     2.324 | FAST    |
B_i[3][5][0]   | C_o[3][5][0]   |     4.477 | SLOW    |     2.320 | FAST    |
B_i[3][5][0]   | C_o[3][5][1]   |     4.697 | SLOW    |     2.324 | FAST    |
B_i[3][5][0]   | C_o[3][5][2]   |     4.707 | SLOW    |     2.324 | FAST    |
B_i[3][5][0]   | C_o[4][5][0]   |     4.477 | SLOW    |     2.320 | FAST    |
B_i[3][5][0]   | C_o[4][5][1]   |     4.697 | SLOW    |     2.324 | FAST    |
B_i[3][5][0]   | C_o[4][5][2]   |     4.707 | SLOW    |     2.324 | FAST    |
B_i[3][5][0]   | C_o[5][5][0]   |     4.477 | SLOW    |     2.320 | FAST    |
B_i[3][5][0]   | C_o[5][5][1]   |     4.697 | SLOW    |     2.324 | FAST    |
B_i[3][5][0]   | C_o[5][5][2]   |     4.707 | SLOW    |     2.324 | FAST    |
B_i[3][5][0]   | C_o[6][5][0]   |     4.477 | SLOW    |     2.320 | FAST    |
B_i[3][5][0]   | C_o[6][5][1]   |     4.697 | SLOW    |     2.324 | FAST    |
B_i[3][5][0]   | C_o[6][5][2]   |     4.707 | SLOW    |     2.324 | FAST    |
B_i[3][5][0]   | C_o[7][5][0]   |     4.477 | SLOW    |     2.320 | FAST    |
B_i[3][5][0]   | C_o[7][5][1]   |     4.697 | SLOW    |     2.324 | FAST    |
B_i[3][5][0]   | C_o[7][5][2]   |     4.707 | SLOW    |     2.324 | FAST    |
B_i[3][5][1]   | C_o[0][5][1]   |     4.557 | SLOW    |     2.373 | FAST    |
B_i[3][5][1]   | C_o[0][5][2]   |     4.695 | SLOW    |     2.335 | FAST    |
B_i[3][5][1]   | C_o[1][5][1]   |     4.588 | SLOW    |     2.393 | FAST    |
B_i[3][5][1]   | C_o[1][5][2]   |     4.699 | SLOW    |     2.335 | FAST    |
B_i[3][5][1]   | C_o[2][5][1]   |     4.557 | SLOW    |     2.373 | FAST    |
B_i[3][5][1]   | C_o[2][5][2]   |     4.695 | SLOW    |     2.335 | FAST    |
B_i[3][5][1]   | C_o[3][5][1]   |     4.588 | SLOW    |     2.393 | FAST    |
B_i[3][5][1]   | C_o[3][5][2]   |     4.699 | SLOW    |     2.335 | FAST    |
B_i[3][5][1]   | C_o[4][5][1]   |     4.557 | SLOW    |     2.373 | FAST    |
B_i[3][5][1]   | C_o[4][5][2]   |     4.695 | SLOW    |     2.335 | FAST    |
B_i[3][5][1]   | C_o[5][5][1]   |     4.588 | SLOW    |     2.393 | FAST    |
B_i[3][5][1]   | C_o[5][5][2]   |     4.699 | SLOW    |     2.335 | FAST    |
B_i[3][5][1]   | C_o[6][5][1]   |     4.557 | SLOW    |     2.373 | FAST    |
B_i[3][5][1]   | C_o[6][5][2]   |     4.695 | SLOW    |     2.335 | FAST    |
B_i[3][5][1]   | C_o[7][5][1]   |     4.588 | SLOW    |     2.393 | FAST    |
B_i[3][5][1]   | C_o[7][5][2]   |     4.699 | SLOW    |     2.335 | FAST    |
B_i[3][5][2]   | C_o[0][5][2]   |     4.644 | SLOW    |     2.423 | FAST    |
B_i[3][5][2]   | C_o[1][5][2]   |     4.644 | SLOW    |     2.423 | FAST    |
B_i[3][5][2]   | C_o[2][5][2]   |     4.644 | SLOW    |     2.423 | FAST    |
B_i[3][5][2]   | C_o[3][5][2]   |     4.644 | SLOW    |     2.423 | FAST    |
B_i[3][5][2]   | C_o[4][5][2]   |     4.644 | SLOW    |     2.423 | FAST    |
B_i[3][5][2]   | C_o[5][5][2]   |     4.644 | SLOW    |     2.423 | FAST    |
B_i[3][5][2]   | C_o[6][5][2]   |     4.644 | SLOW    |     2.423 | FAST    |
B_i[3][5][2]   | C_o[7][5][2]   |     4.644 | SLOW    |     2.423 | FAST    |
B_i[3][6][0]   | C_o[0][6][0]   |     4.477 | SLOW    |     2.320 | FAST    |
B_i[3][6][0]   | C_o[0][6][1]   |     4.697 | SLOW    |     2.324 | FAST    |
B_i[3][6][0]   | C_o[0][6][2]   |     4.707 | SLOW    |     2.324 | FAST    |
B_i[3][6][0]   | C_o[1][6][0]   |     4.477 | SLOW    |     2.320 | FAST    |
B_i[3][6][0]   | C_o[1][6][1]   |     4.697 | SLOW    |     2.324 | FAST    |
B_i[3][6][0]   | C_o[1][6][2]   |     4.707 | SLOW    |     2.324 | FAST    |
B_i[3][6][0]   | C_o[2][6][0]   |     4.477 | SLOW    |     2.320 | FAST    |
B_i[3][6][0]   | C_o[2][6][1]   |     4.697 | SLOW    |     2.324 | FAST    |
B_i[3][6][0]   | C_o[2][6][2]   |     4.707 | SLOW    |     2.324 | FAST    |
B_i[3][6][0]   | C_o[3][6][0]   |     4.477 | SLOW    |     2.320 | FAST    |
B_i[3][6][0]   | C_o[3][6][1]   |     4.697 | SLOW    |     2.324 | FAST    |
B_i[3][6][0]   | C_o[3][6][2]   |     4.707 | SLOW    |     2.324 | FAST    |
B_i[3][6][0]   | C_o[4][6][0]   |     4.477 | SLOW    |     2.320 | FAST    |
B_i[3][6][0]   | C_o[4][6][1]   |     4.697 | SLOW    |     2.324 | FAST    |
B_i[3][6][0]   | C_o[4][6][2]   |     4.707 | SLOW    |     2.324 | FAST    |
B_i[3][6][0]   | C_o[5][6][0]   |     4.477 | SLOW    |     2.320 | FAST    |
B_i[3][6][0]   | C_o[5][6][1]   |     4.697 | SLOW    |     2.324 | FAST    |
B_i[3][6][0]   | C_o[5][6][2]   |     4.707 | SLOW    |     2.324 | FAST    |
B_i[3][6][0]   | C_o[6][6][0]   |     4.477 | SLOW    |     2.320 | FAST    |
B_i[3][6][0]   | C_o[6][6][1]   |     4.697 | SLOW    |     2.324 | FAST    |
B_i[3][6][0]   | C_o[6][6][2]   |     4.707 | SLOW    |     2.324 | FAST    |
B_i[3][6][0]   | C_o[7][6][0]   |     4.477 | SLOW    |     2.320 | FAST    |
B_i[3][6][0]   | C_o[7][6][1]   |     4.697 | SLOW    |     2.324 | FAST    |
B_i[3][6][0]   | C_o[7][6][2]   |     4.707 | SLOW    |     2.324 | FAST    |
B_i[3][6][1]   | C_o[0][6][1]   |     4.557 | SLOW    |     2.373 | FAST    |
B_i[3][6][1]   | C_o[0][6][2]   |     4.695 | SLOW    |     2.335 | FAST    |
B_i[3][6][1]   | C_o[1][6][1]   |     4.588 | SLOW    |     2.393 | FAST    |
B_i[3][6][1]   | C_o[1][6][2]   |     4.699 | SLOW    |     2.335 | FAST    |
B_i[3][6][1]   | C_o[2][6][1]   |     4.557 | SLOW    |     2.373 | FAST    |
B_i[3][6][1]   | C_o[2][6][2]   |     4.695 | SLOW    |     2.335 | FAST    |
B_i[3][6][1]   | C_o[3][6][1]   |     4.588 | SLOW    |     2.393 | FAST    |
B_i[3][6][1]   | C_o[3][6][2]   |     4.699 | SLOW    |     2.335 | FAST    |
B_i[3][6][1]   | C_o[4][6][1]   |     4.557 | SLOW    |     2.373 | FAST    |
B_i[3][6][1]   | C_o[4][6][2]   |     4.695 | SLOW    |     2.335 | FAST    |
B_i[3][6][1]   | C_o[5][6][1]   |     4.588 | SLOW    |     2.393 | FAST    |
B_i[3][6][1]   | C_o[5][6][2]   |     4.699 | SLOW    |     2.335 | FAST    |
B_i[3][6][1]   | C_o[6][6][1]   |     4.557 | SLOW    |     2.373 | FAST    |
B_i[3][6][1]   | C_o[6][6][2]   |     4.695 | SLOW    |     2.335 | FAST    |
B_i[3][6][1]   | C_o[7][6][1]   |     4.588 | SLOW    |     2.393 | FAST    |
B_i[3][6][1]   | C_o[7][6][2]   |     4.699 | SLOW    |     2.335 | FAST    |
B_i[3][6][2]   | C_o[0][6][2]   |     4.644 | SLOW    |     2.423 | FAST    |
B_i[3][6][2]   | C_o[1][6][2]   |     4.644 | SLOW    |     2.423 | FAST    |
B_i[3][6][2]   | C_o[2][6][2]   |     4.644 | SLOW    |     2.423 | FAST    |
B_i[3][6][2]   | C_o[3][6][2]   |     4.644 | SLOW    |     2.423 | FAST    |
B_i[3][6][2]   | C_o[4][6][2]   |     4.644 | SLOW    |     2.423 | FAST    |
B_i[3][6][2]   | C_o[5][6][2]   |     4.644 | SLOW    |     2.423 | FAST    |
B_i[3][6][2]   | C_o[6][6][2]   |     4.644 | SLOW    |     2.423 | FAST    |
B_i[3][6][2]   | C_o[7][6][2]   |     4.644 | SLOW    |     2.423 | FAST    |
B_i[3][7][0]   | C_o[0][7][0]   |     4.477 | SLOW    |     2.320 | FAST    |
B_i[3][7][0]   | C_o[0][7][1]   |     4.697 | SLOW    |     2.324 | FAST    |
B_i[3][7][0]   | C_o[0][7][2]   |     4.707 | SLOW    |     2.324 | FAST    |
B_i[3][7][0]   | C_o[1][7][0]   |     4.477 | SLOW    |     2.320 | FAST    |
B_i[3][7][0]   | C_o[1][7][1]   |     4.697 | SLOW    |     2.324 | FAST    |
B_i[3][7][0]   | C_o[1][7][2]   |     4.707 | SLOW    |     2.324 | FAST    |
B_i[3][7][0]   | C_o[2][7][0]   |     4.477 | SLOW    |     2.320 | FAST    |
B_i[3][7][0]   | C_o[2][7][1]   |     4.697 | SLOW    |     2.324 | FAST    |
B_i[3][7][0]   | C_o[2][7][2]   |     4.707 | SLOW    |     2.324 | FAST    |
B_i[3][7][0]   | C_o[3][7][0]   |     4.477 | SLOW    |     2.320 | FAST    |
B_i[3][7][0]   | C_o[3][7][1]   |     4.697 | SLOW    |     2.324 | FAST    |
B_i[3][7][0]   | C_o[3][7][2]   |     4.707 | SLOW    |     2.324 | FAST    |
B_i[3][7][0]   | C_o[4][7][0]   |     4.477 | SLOW    |     2.320 | FAST    |
B_i[3][7][0]   | C_o[4][7][1]   |     4.697 | SLOW    |     2.324 | FAST    |
B_i[3][7][0]   | C_o[4][7][2]   |     4.707 | SLOW    |     2.324 | FAST    |
B_i[3][7][0]   | C_o[5][7][0]   |     4.477 | SLOW    |     2.320 | FAST    |
B_i[3][7][0]   | C_o[5][7][1]   |     4.697 | SLOW    |     2.324 | FAST    |
B_i[3][7][0]   | C_o[5][7][2]   |     4.707 | SLOW    |     2.324 | FAST    |
B_i[3][7][0]   | C_o[6][7][0]   |     4.477 | SLOW    |     2.320 | FAST    |
B_i[3][7][0]   | C_o[6][7][1]   |     4.697 | SLOW    |     2.324 | FAST    |
B_i[3][7][0]   | C_o[6][7][2]   |     4.707 | SLOW    |     2.324 | FAST    |
B_i[3][7][0]   | C_o[7][7][0]   |     4.477 | SLOW    |     2.320 | FAST    |
B_i[3][7][0]   | C_o[7][7][1]   |     4.697 | SLOW    |     2.324 | FAST    |
B_i[3][7][0]   | C_o[7][7][2]   |     4.707 | SLOW    |     2.324 | FAST    |
B_i[3][7][1]   | C_o[0][7][1]   |     4.557 | SLOW    |     2.373 | FAST    |
B_i[3][7][1]   | C_o[0][7][2]   |     4.695 | SLOW    |     2.335 | FAST    |
B_i[3][7][1]   | C_o[1][7][1]   |     4.588 | SLOW    |     2.393 | FAST    |
B_i[3][7][1]   | C_o[1][7][2]   |     4.699 | SLOW    |     2.335 | FAST    |
B_i[3][7][1]   | C_o[2][7][1]   |     4.557 | SLOW    |     2.373 | FAST    |
B_i[3][7][1]   | C_o[2][7][2]   |     4.695 | SLOW    |     2.335 | FAST    |
B_i[3][7][1]   | C_o[3][7][1]   |     4.588 | SLOW    |     2.393 | FAST    |
B_i[3][7][1]   | C_o[3][7][2]   |     4.699 | SLOW    |     2.335 | FAST    |
B_i[3][7][1]   | C_o[4][7][1]   |     4.557 | SLOW    |     2.373 | FAST    |
B_i[3][7][1]   | C_o[4][7][2]   |     4.695 | SLOW    |     2.335 | FAST    |
B_i[3][7][1]   | C_o[5][7][1]   |     4.588 | SLOW    |     2.393 | FAST    |
B_i[3][7][1]   | C_o[5][7][2]   |     4.699 | SLOW    |     2.335 | FAST    |
B_i[3][7][1]   | C_o[6][7][1]   |     4.557 | SLOW    |     2.373 | FAST    |
B_i[3][7][1]   | C_o[6][7][2]   |     4.695 | SLOW    |     2.335 | FAST    |
B_i[3][7][1]   | C_o[7][7][1]   |     4.588 | SLOW    |     2.393 | FAST    |
B_i[3][7][1]   | C_o[7][7][2]   |     4.699 | SLOW    |     2.335 | FAST    |
B_i[3][7][2]   | C_o[0][7][2]   |     4.644 | SLOW    |     2.423 | FAST    |
B_i[3][7][2]   | C_o[1][7][2]   |     4.644 | SLOW    |     2.423 | FAST    |
B_i[3][7][2]   | C_o[2][7][2]   |     4.644 | SLOW    |     2.423 | FAST    |
B_i[3][7][2]   | C_o[3][7][2]   |     4.644 | SLOW    |     2.423 | FAST    |
B_i[3][7][2]   | C_o[4][7][2]   |     4.644 | SLOW    |     2.423 | FAST    |
B_i[3][7][2]   | C_o[5][7][2]   |     4.644 | SLOW    |     2.423 | FAST    |
B_i[3][7][2]   | C_o[6][7][2]   |     4.644 | SLOW    |     2.423 | FAST    |
B_i[3][7][2]   | C_o[7][7][2]   |     4.644 | SLOW    |     2.423 | FAST    |
S_A_i[0][0][0] | S_C_o[0][0][0] |     4.277 | SLOW    |     2.217 | FAST    |
S_A_i[0][0][0] | S_C_o[0][0][1] |     4.294 | SLOW    |     2.223 | FAST    |
S_A_i[0][0][0] | S_C_o[0][0][2] |     4.304 | SLOW    |     2.226 | FAST    |
S_A_i[0][0][0] | S_C_o[0][0][3] |     4.484 | SLOW    |     2.323 | FAST    |
S_A_i[0][0][0] | S_C_o[0][0][4] |     4.506 | SLOW    |     2.337 | FAST    |
S_A_i[0][0][0] | S_C_o[0][0][5] |     4.571 | SLOW    |     2.374 | FAST    |
S_A_i[0][0][0] | S_C_o[0][0][6] |     4.728 | SLOW    |     2.460 | FAST    |
S_A_i[0][0][0] | S_C_o[0][0][7] |     4.793 | SLOW    |     2.497 | FAST    |
S_A_i[0][0][0] | S_C_o[0][1][0] |     4.277 | SLOW    |     2.217 | FAST    |
S_A_i[0][0][0] | S_C_o[0][1][1] |     4.294 | SLOW    |     2.223 | FAST    |
S_A_i[0][0][0] | S_C_o[0][1][2] |     4.304 | SLOW    |     2.226 | FAST    |
S_A_i[0][0][0] | S_C_o[0][1][3] |     4.484 | SLOW    |     2.323 | FAST    |
S_A_i[0][0][0] | S_C_o[0][1][4] |     4.506 | SLOW    |     2.337 | FAST    |
S_A_i[0][0][0] | S_C_o[0][1][5] |     4.571 | SLOW    |     2.374 | FAST    |
S_A_i[0][0][0] | S_C_o[0][1][6] |     4.728 | SLOW    |     2.460 | FAST    |
S_A_i[0][0][0] | S_C_o[0][1][7] |     4.793 | SLOW    |     2.497 | FAST    |
S_A_i[0][0][0] | S_C_o[0][2][0] |     4.277 | SLOW    |     2.217 | FAST    |
S_A_i[0][0][0] | S_C_o[0][2][1] |     4.294 | SLOW    |     2.223 | FAST    |
S_A_i[0][0][0] | S_C_o[0][2][2] |     4.304 | SLOW    |     2.226 | FAST    |
S_A_i[0][0][0] | S_C_o[0][2][3] |     4.484 | SLOW    |     2.323 | FAST    |
S_A_i[0][0][0] | S_C_o[0][2][4] |     4.506 | SLOW    |     2.337 | FAST    |
S_A_i[0][0][0] | S_C_o[0][2][5] |     4.571 | SLOW    |     2.374 | FAST    |
S_A_i[0][0][0] | S_C_o[0][2][6] |     4.728 | SLOW    |     2.460 | FAST    |
S_A_i[0][0][0] | S_C_o[0][2][7] |     4.793 | SLOW    |     2.497 | FAST    |
S_A_i[0][0][0] | S_C_o[0][3][0] |     4.277 | SLOW    |     2.217 | FAST    |
S_A_i[0][0][0] | S_C_o[0][3][1] |     4.294 | SLOW    |     2.223 | FAST    |
S_A_i[0][0][0] | S_C_o[0][3][2] |     4.304 | SLOW    |     2.226 | FAST    |
S_A_i[0][0][0] | S_C_o[0][3][3] |     4.484 | SLOW    |     2.323 | FAST    |
S_A_i[0][0][0] | S_C_o[0][3][4] |     4.506 | SLOW    |     2.337 | FAST    |
S_A_i[0][0][0] | S_C_o[0][3][5] |     4.571 | SLOW    |     2.374 | FAST    |
S_A_i[0][0][0] | S_C_o[0][3][6] |     4.728 | SLOW    |     2.460 | FAST    |
S_A_i[0][0][0] | S_C_o[0][3][7] |     4.793 | SLOW    |     2.497 | FAST    |
S_A_i[0][0][0] | S_C_o[0][4][0] |     4.277 | SLOW    |     2.217 | FAST    |
S_A_i[0][0][0] | S_C_o[0][4][1] |     4.294 | SLOW    |     2.223 | FAST    |
S_A_i[0][0][0] | S_C_o[0][4][2] |     4.304 | SLOW    |     2.226 | FAST    |
S_A_i[0][0][0] | S_C_o[0][4][3] |     4.484 | SLOW    |     2.323 | FAST    |
S_A_i[0][0][0] | S_C_o[0][4][4] |     4.506 | SLOW    |     2.337 | FAST    |
S_A_i[0][0][0] | S_C_o[0][4][5] |     4.571 | SLOW    |     2.374 | FAST    |
S_A_i[0][0][0] | S_C_o[0][4][6] |     4.728 | SLOW    |     2.460 | FAST    |
S_A_i[0][0][0] | S_C_o[0][4][7] |     4.793 | SLOW    |     2.497 | FAST    |
S_A_i[0][0][0] | S_C_o[0][5][0] |     4.277 | SLOW    |     2.217 | FAST    |
S_A_i[0][0][0] | S_C_o[0][5][1] |     4.294 | SLOW    |     2.223 | FAST    |
S_A_i[0][0][0] | S_C_o[0][5][2] |     4.304 | SLOW    |     2.226 | FAST    |
S_A_i[0][0][0] | S_C_o[0][5][3] |     4.484 | SLOW    |     2.323 | FAST    |
S_A_i[0][0][0] | S_C_o[0][5][4] |     4.506 | SLOW    |     2.337 | FAST    |
S_A_i[0][0][0] | S_C_o[0][5][5] |     4.571 | SLOW    |     2.374 | FAST    |
S_A_i[0][0][0] | S_C_o[0][5][6] |     4.728 | SLOW    |     2.460 | FAST    |
S_A_i[0][0][0] | S_C_o[0][5][7] |     4.793 | SLOW    |     2.497 | FAST    |
S_A_i[0][0][0] | S_C_o[0][6][0] |     4.277 | SLOW    |     2.217 | FAST    |
S_A_i[0][0][0] | S_C_o[0][6][1] |     4.294 | SLOW    |     2.223 | FAST    |
S_A_i[0][0][0] | S_C_o[0][6][2] |     4.304 | SLOW    |     2.226 | FAST    |
S_A_i[0][0][0] | S_C_o[0][6][3] |     4.484 | SLOW    |     2.323 | FAST    |
S_A_i[0][0][0] | S_C_o[0][6][4] |     4.506 | SLOW    |     2.337 | FAST    |
S_A_i[0][0][0] | S_C_o[0][6][5] |     4.571 | SLOW    |     2.374 | FAST    |
S_A_i[0][0][0] | S_C_o[0][6][6] |     4.728 | SLOW    |     2.460 | FAST    |
S_A_i[0][0][0] | S_C_o[0][6][7] |     4.793 | SLOW    |     2.497 | FAST    |
S_A_i[0][0][0] | S_C_o[0][7][0] |     4.277 | SLOW    |     2.217 | FAST    |
S_A_i[0][0][0] | S_C_o[0][7][1] |     4.294 | SLOW    |     2.223 | FAST    |
S_A_i[0][0][0] | S_C_o[0][7][2] |     4.304 | SLOW    |     2.226 | FAST    |
S_A_i[0][0][0] | S_C_o[0][7][3] |     4.484 | SLOW    |     2.323 | FAST    |
S_A_i[0][0][0] | S_C_o[0][7][4] |     4.506 | SLOW    |     2.337 | FAST    |
S_A_i[0][0][0] | S_C_o[0][7][5] |     4.571 | SLOW    |     2.374 | FAST    |
S_A_i[0][0][0] | S_C_o[0][7][6] |     4.728 | SLOW    |     2.460 | FAST    |
S_A_i[0][0][0] | S_C_o[0][7][7] |     4.793 | SLOW    |     2.497 | FAST    |
S_A_i[0][0][1] | S_C_o[0][0][1] |     4.301 | SLOW    |     2.233 | FAST    |
S_A_i[0][0][1] | S_C_o[0][0][2] |     4.297 | SLOW    |     2.222 | FAST    |
S_A_i[0][0][1] | S_C_o[0][0][3] |     4.482 | SLOW    |     2.327 | FAST    |
S_A_i[0][0][1] | S_C_o[0][0][4] |     4.504 | SLOW    |     2.341 | FAST    |
S_A_i[0][0][1] | S_C_o[0][0][5] |     4.569 | SLOW    |     2.378 | FAST    |
S_A_i[0][0][1] | S_C_o[0][0][6] |     4.726 | SLOW    |     2.464 | FAST    |
S_A_i[0][0][1] | S_C_o[0][0][7] |     4.791 | SLOW    |     2.501 | FAST    |
S_A_i[0][0][1] | S_C_o[0][1][1] |     4.301 | SLOW    |     2.233 | FAST    |
S_A_i[0][0][1] | S_C_o[0][1][2] |     4.297 | SLOW    |     2.222 | FAST    |
S_A_i[0][0][1] | S_C_o[0][1][3] |     4.482 | SLOW    |     2.327 | FAST    |
S_A_i[0][0][1] | S_C_o[0][1][4] |     4.504 | SLOW    |     2.341 | FAST    |
S_A_i[0][0][1] | S_C_o[0][1][5] |     4.569 | SLOW    |     2.378 | FAST    |
S_A_i[0][0][1] | S_C_o[0][1][6] |     4.726 | SLOW    |     2.464 | FAST    |
S_A_i[0][0][1] | S_C_o[0][1][7] |     4.791 | SLOW    |     2.501 | FAST    |
S_A_i[0][0][1] | S_C_o[0][2][1] |     4.301 | SLOW    |     2.233 | FAST    |
S_A_i[0][0][1] | S_C_o[0][2][2] |     4.297 | SLOW    |     2.222 | FAST    |
S_A_i[0][0][1] | S_C_o[0][2][3] |     4.482 | SLOW    |     2.327 | FAST    |
S_A_i[0][0][1] | S_C_o[0][2][4] |     4.504 | SLOW    |     2.341 | FAST    |
S_A_i[0][0][1] | S_C_o[0][2][5] |     4.569 | SLOW    |     2.378 | FAST    |
S_A_i[0][0][1] | S_C_o[0][2][6] |     4.726 | SLOW    |     2.464 | FAST    |
S_A_i[0][0][1] | S_C_o[0][2][7] |     4.791 | SLOW    |     2.501 | FAST    |
S_A_i[0][0][1] | S_C_o[0][3][1] |     4.301 | SLOW    |     2.233 | FAST    |
S_A_i[0][0][1] | S_C_o[0][3][2] |     4.297 | SLOW    |     2.222 | FAST    |
S_A_i[0][0][1] | S_C_o[0][3][3] |     4.482 | SLOW    |     2.327 | FAST    |
S_A_i[0][0][1] | S_C_o[0][3][4] |     4.504 | SLOW    |     2.341 | FAST    |
S_A_i[0][0][1] | S_C_o[0][3][5] |     4.569 | SLOW    |     2.378 | FAST    |
S_A_i[0][0][1] | S_C_o[0][3][6] |     4.726 | SLOW    |     2.464 | FAST    |
S_A_i[0][0][1] | S_C_o[0][3][7] |     4.791 | SLOW    |     2.501 | FAST    |
S_A_i[0][0][1] | S_C_o[0][4][1] |     4.301 | SLOW    |     2.233 | FAST    |
S_A_i[0][0][1] | S_C_o[0][4][2] |     4.297 | SLOW    |     2.222 | FAST    |
S_A_i[0][0][1] | S_C_o[0][4][3] |     4.482 | SLOW    |     2.327 | FAST    |
S_A_i[0][0][1] | S_C_o[0][4][4] |     4.504 | SLOW    |     2.341 | FAST    |
S_A_i[0][0][1] | S_C_o[0][4][5] |     4.569 | SLOW    |     2.378 | FAST    |
S_A_i[0][0][1] | S_C_o[0][4][6] |     4.726 | SLOW    |     2.464 | FAST    |
S_A_i[0][0][1] | S_C_o[0][4][7] |     4.791 | SLOW    |     2.501 | FAST    |
S_A_i[0][0][1] | S_C_o[0][5][1] |     4.301 | SLOW    |     2.233 | FAST    |
S_A_i[0][0][1] | S_C_o[0][5][2] |     4.297 | SLOW    |     2.222 | FAST    |
S_A_i[0][0][1] | S_C_o[0][5][3] |     4.482 | SLOW    |     2.327 | FAST    |
S_A_i[0][0][1] | S_C_o[0][5][4] |     4.504 | SLOW    |     2.341 | FAST    |
S_A_i[0][0][1] | S_C_o[0][5][5] |     4.569 | SLOW    |     2.378 | FAST    |
S_A_i[0][0][1] | S_C_o[0][5][6] |     4.726 | SLOW    |     2.464 | FAST    |
S_A_i[0][0][1] | S_C_o[0][5][7] |     4.791 | SLOW    |     2.501 | FAST    |
S_A_i[0][0][1] | S_C_o[0][6][1] |     4.301 | SLOW    |     2.233 | FAST    |
S_A_i[0][0][1] | S_C_o[0][6][2] |     4.297 | SLOW    |     2.222 | FAST    |
S_A_i[0][0][1] | S_C_o[0][6][3] |     4.482 | SLOW    |     2.327 | FAST    |
S_A_i[0][0][1] | S_C_o[0][6][4] |     4.504 | SLOW    |     2.341 | FAST    |
S_A_i[0][0][1] | S_C_o[0][6][5] |     4.569 | SLOW    |     2.378 | FAST    |
S_A_i[0][0][1] | S_C_o[0][6][6] |     4.726 | SLOW    |     2.464 | FAST    |
S_A_i[0][0][1] | S_C_o[0][6][7] |     4.791 | SLOW    |     2.501 | FAST    |
S_A_i[0][0][1] | S_C_o[0][7][1] |     4.301 | SLOW    |     2.233 | FAST    |
S_A_i[0][0][1] | S_C_o[0][7][2] |     4.297 | SLOW    |     2.222 | FAST    |
S_A_i[0][0][1] | S_C_o[0][7][3] |     4.482 | SLOW    |     2.327 | FAST    |
S_A_i[0][0][1] | S_C_o[0][7][4] |     4.504 | SLOW    |     2.341 | FAST    |
S_A_i[0][0][1] | S_C_o[0][7][5] |     4.569 | SLOW    |     2.378 | FAST    |
S_A_i[0][0][1] | S_C_o[0][7][6] |     4.726 | SLOW    |     2.464 | FAST    |
S_A_i[0][0][1] | S_C_o[0][7][7] |     4.791 | SLOW    |     2.501 | FAST    |
S_A_i[0][0][2] | S_C_o[0][0][2] |     4.261 | SLOW    |     2.209 | FAST    |
S_A_i[0][0][2] | S_C_o[0][0][3] |     4.500 | SLOW    |     2.332 | FAST    |
S_A_i[0][0][2] | S_C_o[0][0][4] |     4.522 | SLOW    |     2.346 | FAST    |
S_A_i[0][0][2] | S_C_o[0][0][5] |     4.587 | SLOW    |     2.383 | FAST    |
S_A_i[0][0][2] | S_C_o[0][0][6] |     4.744 | SLOW    |     2.469 | FAST    |
S_A_i[0][0][2] | S_C_o[0][0][7] |     4.809 | SLOW    |     2.506 | FAST    |
S_A_i[0][0][2] | S_C_o[0][1][2] |     4.261 | SLOW    |     2.209 | FAST    |
S_A_i[0][0][2] | S_C_o[0][1][3] |     4.500 | SLOW    |     2.332 | FAST    |
S_A_i[0][0][2] | S_C_o[0][1][4] |     4.522 | SLOW    |     2.346 | FAST    |
S_A_i[0][0][2] | S_C_o[0][1][5] |     4.587 | SLOW    |     2.383 | FAST    |
S_A_i[0][0][2] | S_C_o[0][1][6] |     4.744 | SLOW    |     2.469 | FAST    |
S_A_i[0][0][2] | S_C_o[0][1][7] |     4.809 | SLOW    |     2.506 | FAST    |
S_A_i[0][0][2] | S_C_o[0][2][2] |     4.261 | SLOW    |     2.209 | FAST    |
S_A_i[0][0][2] | S_C_o[0][2][3] |     4.500 | SLOW    |     2.332 | FAST    |
S_A_i[0][0][2] | S_C_o[0][2][4] |     4.522 | SLOW    |     2.346 | FAST    |
S_A_i[0][0][2] | S_C_o[0][2][5] |     4.587 | SLOW    |     2.383 | FAST    |
S_A_i[0][0][2] | S_C_o[0][2][6] |     4.744 | SLOW    |     2.469 | FAST    |
S_A_i[0][0][2] | S_C_o[0][2][7] |     4.809 | SLOW    |     2.506 | FAST    |
S_A_i[0][0][2] | S_C_o[0][3][2] |     4.261 | SLOW    |     2.209 | FAST    |
S_A_i[0][0][2] | S_C_o[0][3][3] |     4.500 | SLOW    |     2.332 | FAST    |
S_A_i[0][0][2] | S_C_o[0][3][4] |     4.522 | SLOW    |     2.346 | FAST    |
S_A_i[0][0][2] | S_C_o[0][3][5] |     4.587 | SLOW    |     2.383 | FAST    |
S_A_i[0][0][2] | S_C_o[0][3][6] |     4.744 | SLOW    |     2.469 | FAST    |
S_A_i[0][0][2] | S_C_o[0][3][7] |     4.809 | SLOW    |     2.506 | FAST    |
S_A_i[0][0][2] | S_C_o[0][4][2] |     4.261 | SLOW    |     2.209 | FAST    |
S_A_i[0][0][2] | S_C_o[0][4][3] |     4.500 | SLOW    |     2.332 | FAST    |
S_A_i[0][0][2] | S_C_o[0][4][4] |     4.522 | SLOW    |     2.346 | FAST    |
S_A_i[0][0][2] | S_C_o[0][4][5] |     4.587 | SLOW    |     2.383 | FAST    |
S_A_i[0][0][2] | S_C_o[0][4][6] |     4.744 | SLOW    |     2.469 | FAST    |
S_A_i[0][0][2] | S_C_o[0][4][7] |     4.809 | SLOW    |     2.506 | FAST    |
S_A_i[0][0][2] | S_C_o[0][5][2] |     4.261 | SLOW    |     2.209 | FAST    |
S_A_i[0][0][2] | S_C_o[0][5][3] |     4.500 | SLOW    |     2.332 | FAST    |
S_A_i[0][0][2] | S_C_o[0][5][4] |     4.522 | SLOW    |     2.346 | FAST    |
S_A_i[0][0][2] | S_C_o[0][5][5] |     4.587 | SLOW    |     2.383 | FAST    |
S_A_i[0][0][2] | S_C_o[0][5][6] |     4.744 | SLOW    |     2.469 | FAST    |
S_A_i[0][0][2] | S_C_o[0][5][7] |     4.809 | SLOW    |     2.506 | FAST    |
S_A_i[0][0][2] | S_C_o[0][6][2] |     4.261 | SLOW    |     2.209 | FAST    |
S_A_i[0][0][2] | S_C_o[0][6][3] |     4.500 | SLOW    |     2.332 | FAST    |
S_A_i[0][0][2] | S_C_o[0][6][4] |     4.522 | SLOW    |     2.346 | FAST    |
S_A_i[0][0][2] | S_C_o[0][6][5] |     4.587 | SLOW    |     2.383 | FAST    |
S_A_i[0][0][2] | S_C_o[0][6][6] |     4.744 | SLOW    |     2.469 | FAST    |
S_A_i[0][0][2] | S_C_o[0][6][7] |     4.809 | SLOW    |     2.506 | FAST    |
S_A_i[0][0][2] | S_C_o[0][7][2] |     4.261 | SLOW    |     2.209 | FAST    |
S_A_i[0][0][2] | S_C_o[0][7][3] |     4.500 | SLOW    |     2.332 | FAST    |
S_A_i[0][0][2] | S_C_o[0][7][4] |     4.522 | SLOW    |     2.346 | FAST    |
S_A_i[0][0][2] | S_C_o[0][7][5] |     4.587 | SLOW    |     2.383 | FAST    |
S_A_i[0][0][2] | S_C_o[0][7][6] |     4.744 | SLOW    |     2.469 | FAST    |
S_A_i[0][0][2] | S_C_o[0][7][7] |     4.809 | SLOW    |     2.506 | FAST    |
S_A_i[0][0][3] | S_C_o[0][0][3] |     4.277 | SLOW    |     2.217 | FAST    |
S_A_i[0][0][3] | S_C_o[0][0][4] |     4.294 | SLOW    |     2.223 | FAST    |
S_A_i[0][0][3] | S_C_o[0][0][5] |     4.272 | SLOW    |     2.209 | FAST    |
S_A_i[0][0][3] | S_C_o[0][0][6] |     4.530 | SLOW    |     2.360 | FAST    |
S_A_i[0][0][3] | S_C_o[0][0][7] |     4.595 | SLOW    |     2.397 | FAST    |
S_A_i[0][0][3] | S_C_o[0][1][3] |     4.277 | SLOW    |     2.217 | FAST    |
S_A_i[0][0][3] | S_C_o[0][1][4] |     4.294 | SLOW    |     2.223 | FAST    |
S_A_i[0][0][3] | S_C_o[0][1][5] |     4.272 | SLOW    |     2.209 | FAST    |
S_A_i[0][0][3] | S_C_o[0][1][6] |     4.530 | SLOW    |     2.360 | FAST    |
S_A_i[0][0][3] | S_C_o[0][1][7] |     4.595 | SLOW    |     2.397 | FAST    |
S_A_i[0][0][3] | S_C_o[0][2][3] |     4.277 | SLOW    |     2.217 | FAST    |
S_A_i[0][0][3] | S_C_o[0][2][4] |     4.294 | SLOW    |     2.223 | FAST    |
S_A_i[0][0][3] | S_C_o[0][2][5] |     4.272 | SLOW    |     2.209 | FAST    |
S_A_i[0][0][3] | S_C_o[0][2][6] |     4.530 | SLOW    |     2.360 | FAST    |
S_A_i[0][0][3] | S_C_o[0][2][7] |     4.595 | SLOW    |     2.397 | FAST    |
S_A_i[0][0][3] | S_C_o[0][3][3] |     4.277 | SLOW    |     2.217 | FAST    |
S_A_i[0][0][3] | S_C_o[0][3][4] |     4.294 | SLOW    |     2.223 | FAST    |
S_A_i[0][0][3] | S_C_o[0][3][5] |     4.272 | SLOW    |     2.209 | FAST    |
S_A_i[0][0][3] | S_C_o[0][3][6] |     4.530 | SLOW    |     2.360 | FAST    |
S_A_i[0][0][3] | S_C_o[0][3][7] |     4.595 | SLOW    |     2.397 | FAST    |
S_A_i[0][0][3] | S_C_o[0][4][3] |     4.277 | SLOW    |     2.217 | FAST    |
S_A_i[0][0][3] | S_C_o[0][4][4] |     4.294 | SLOW    |     2.223 | FAST    |
S_A_i[0][0][3] | S_C_o[0][4][5] |     4.272 | SLOW    |     2.209 | FAST    |
S_A_i[0][0][3] | S_C_o[0][4][6] |     4.530 | SLOW    |     2.360 | FAST    |
S_A_i[0][0][3] | S_C_o[0][4][7] |     4.595 | SLOW    |     2.397 | FAST    |
S_A_i[0][0][3] | S_C_o[0][5][3] |     4.277 | SLOW    |     2.217 | FAST    |
S_A_i[0][0][3] | S_C_o[0][5][4] |     4.294 | SLOW    |     2.223 | FAST    |
S_A_i[0][0][3] | S_C_o[0][5][5] |     4.272 | SLOW    |     2.209 | FAST    |
S_A_i[0][0][3] | S_C_o[0][5][6] |     4.530 | SLOW    |     2.360 | FAST    |
S_A_i[0][0][3] | S_C_o[0][5][7] |     4.595 | SLOW    |     2.397 | FAST    |
S_A_i[0][0][3] | S_C_o[0][6][3] |     4.277 | SLOW    |     2.217 | FAST    |
S_A_i[0][0][3] | S_C_o[0][6][4] |     4.294 | SLOW    |     2.223 | FAST    |
S_A_i[0][0][3] | S_C_o[0][6][5] |     4.272 | SLOW    |     2.209 | FAST    |
S_A_i[0][0][3] | S_C_o[0][6][6] |     4.530 | SLOW    |     2.360 | FAST    |
S_A_i[0][0][3] | S_C_o[0][6][7] |     4.595 | SLOW    |     2.397 | FAST    |
S_A_i[0][0][3] | S_C_o[0][7][3] |     4.277 | SLOW    |     2.217 | FAST    |
S_A_i[0][0][3] | S_C_o[0][7][4] |     4.294 | SLOW    |     2.223 | FAST    |
S_A_i[0][0][3] | S_C_o[0][7][5] |     4.272 | SLOW    |     2.209 | FAST    |
S_A_i[0][0][3] | S_C_o[0][7][6] |     4.530 | SLOW    |     2.360 | FAST    |
S_A_i[0][0][3] | S_C_o[0][7][7] |     4.595 | SLOW    |     2.397 | FAST    |
S_A_i[0][0][4] | S_C_o[0][0][4] |     4.301 | SLOW    |     2.233 | FAST    |
S_A_i[0][0][4] | S_C_o[0][0][5] |     4.297 | SLOW    |     2.222 | FAST    |
S_A_i[0][0][4] | S_C_o[0][0][6] |     4.509 | SLOW    |     2.342 | FAST    |
S_A_i[0][0][4] | S_C_o[0][0][7] |     4.574 | SLOW    |     2.379 | FAST    |
S_A_i[0][0][4] | S_C_o[0][1][4] |     4.301 | SLOW    |     2.233 | FAST    |
S_A_i[0][0][4] | S_C_o[0][1][5] |     4.297 | SLOW    |     2.222 | FAST    |
S_A_i[0][0][4] | S_C_o[0][1][6] |     4.509 | SLOW    |     2.342 | FAST    |
S_A_i[0][0][4] | S_C_o[0][1][7] |     4.574 | SLOW    |     2.379 | FAST    |
S_A_i[0][0][4] | S_C_o[0][2][4] |     4.301 | SLOW    |     2.233 | FAST    |
S_A_i[0][0][4] | S_C_o[0][2][5] |     4.297 | SLOW    |     2.222 | FAST    |
S_A_i[0][0][4] | S_C_o[0][2][6] |     4.509 | SLOW    |     2.342 | FAST    |
S_A_i[0][0][4] | S_C_o[0][2][7] |     4.574 | SLOW    |     2.379 | FAST    |
S_A_i[0][0][4] | S_C_o[0][3][4] |     4.301 | SLOW    |     2.233 | FAST    |
S_A_i[0][0][4] | S_C_o[0][3][5] |     4.297 | SLOW    |     2.222 | FAST    |
S_A_i[0][0][4] | S_C_o[0][3][6] |     4.509 | SLOW    |     2.342 | FAST    |
S_A_i[0][0][4] | S_C_o[0][3][7] |     4.574 | SLOW    |     2.379 | FAST    |
S_A_i[0][0][4] | S_C_o[0][4][4] |     4.301 | SLOW    |     2.233 | FAST    |
S_A_i[0][0][4] | S_C_o[0][4][5] |     4.297 | SLOW    |     2.222 | FAST    |
S_A_i[0][0][4] | S_C_o[0][4][6] |     4.509 | SLOW    |     2.342 | FAST    |
S_A_i[0][0][4] | S_C_o[0][4][7] |     4.574 | SLOW    |     2.379 | FAST    |
S_A_i[0][0][4] | S_C_o[0][5][4] |     4.301 | SLOW    |     2.233 | FAST    |
S_A_i[0][0][4] | S_C_o[0][5][5] |     4.297 | SLOW    |     2.222 | FAST    |
S_A_i[0][0][4] | S_C_o[0][5][6] |     4.509 | SLOW    |     2.342 | FAST    |
S_A_i[0][0][4] | S_C_o[0][5][7] |     4.574 | SLOW    |     2.379 | FAST    |
S_A_i[0][0][4] | S_C_o[0][6][4] |     4.301 | SLOW    |     2.233 | FAST    |
S_A_i[0][0][4] | S_C_o[0][6][5] |     4.297 | SLOW    |     2.222 | FAST    |
S_A_i[0][0][4] | S_C_o[0][6][6] |     4.509 | SLOW    |     2.342 | FAST    |
S_A_i[0][0][4] | S_C_o[0][6][7] |     4.574 | SLOW    |     2.379 | FAST    |
S_A_i[0][0][4] | S_C_o[0][7][4] |     4.301 | SLOW    |     2.233 | FAST    |
S_A_i[0][0][4] | S_C_o[0][7][5] |     4.297 | SLOW    |     2.222 | FAST    |
S_A_i[0][0][4] | S_C_o[0][7][6] |     4.509 | SLOW    |     2.342 | FAST    |
S_A_i[0][0][4] | S_C_o[0][7][7] |     4.574 | SLOW    |     2.379 | FAST    |
S_A_i[0][0][5] | S_C_o[0][0][5] |     4.468 | SLOW    |     2.326 | FAST    |
S_A_i[0][0][5] | S_C_o[0][0][6] |     4.287 | SLOW    |     2.219 | FAST    |
S_A_i[0][0][5] | S_C_o[0][0][7] |     4.297 | SLOW    |     2.222 | FAST    |
S_A_i[0][0][5] | S_C_o[0][1][5] |     4.468 | SLOW    |     2.326 | FAST    |
S_A_i[0][0][5] | S_C_o[0][1][6] |     4.287 | SLOW    |     2.219 | FAST    |
S_A_i[0][0][5] | S_C_o[0][1][7] |     4.297 | SLOW    |     2.222 | FAST    |
S_A_i[0][0][5] | S_C_o[0][2][5] |     4.468 | SLOW    |     2.326 | FAST    |
S_A_i[0][0][5] | S_C_o[0][2][6] |     4.287 | SLOW    |     2.219 | FAST    |
S_A_i[0][0][5] | S_C_o[0][2][7] |     4.297 | SLOW    |     2.222 | FAST    |
S_A_i[0][0][5] | S_C_o[0][3][5] |     4.468 | SLOW    |     2.326 | FAST    |
S_A_i[0][0][5] | S_C_o[0][3][6] |     4.287 | SLOW    |     2.219 | FAST    |
S_A_i[0][0][5] | S_C_o[0][3][7] |     4.297 | SLOW    |     2.222 | FAST    |
S_A_i[0][0][5] | S_C_o[0][4][5] |     4.468 | SLOW    |     2.326 | FAST    |
S_A_i[0][0][5] | S_C_o[0][4][6] |     4.287 | SLOW    |     2.219 | FAST    |
S_A_i[0][0][5] | S_C_o[0][4][7] |     4.297 | SLOW    |     2.222 | FAST    |
S_A_i[0][0][5] | S_C_o[0][5][5] |     4.468 | SLOW    |     2.326 | FAST    |
S_A_i[0][0][5] | S_C_o[0][5][6] |     4.287 | SLOW    |     2.219 | FAST    |
S_A_i[0][0][5] | S_C_o[0][5][7] |     4.297 | SLOW    |     2.222 | FAST    |
S_A_i[0][0][5] | S_C_o[0][6][5] |     4.468 | SLOW    |     2.326 | FAST    |
S_A_i[0][0][5] | S_C_o[0][6][6] |     4.287 | SLOW    |     2.219 | FAST    |
S_A_i[0][0][5] | S_C_o[0][6][7] |     4.297 | SLOW    |     2.222 | FAST    |
S_A_i[0][0][5] | S_C_o[0][7][5] |     4.468 | SLOW    |     2.326 | FAST    |
S_A_i[0][0][5] | S_C_o[0][7][6] |     4.287 | SLOW    |     2.219 | FAST    |
S_A_i[0][0][5] | S_C_o[0][7][7] |     4.297 | SLOW    |     2.222 | FAST    |
S_A_i[0][0][6] | S_C_o[0][0][6] |     4.292 | SLOW    |     2.229 | FAST    |
S_A_i[0][0][6] | S_C_o[0][0][7] |     4.256 | SLOW    |     2.201 | FAST    |
S_A_i[0][0][6] | S_C_o[0][1][6] |     4.292 | SLOW    |     2.229 | FAST    |
S_A_i[0][0][6] | S_C_o[0][1][7] |     4.256 | SLOW    |     2.201 | FAST    |
S_A_i[0][0][6] | S_C_o[0][2][6] |     4.292 | SLOW    |     2.229 | FAST    |
S_A_i[0][0][6] | S_C_o[0][2][7] |     4.256 | SLOW    |     2.201 | FAST    |
S_A_i[0][0][6] | S_C_o[0][3][6] |     4.292 | SLOW    |     2.229 | FAST    |
S_A_i[0][0][6] | S_C_o[0][3][7] |     4.256 | SLOW    |     2.201 | FAST    |
S_A_i[0][0][6] | S_C_o[0][4][6] |     4.292 | SLOW    |     2.229 | FAST    |
S_A_i[0][0][6] | S_C_o[0][4][7] |     4.256 | SLOW    |     2.201 | FAST    |
S_A_i[0][0][6] | S_C_o[0][5][6] |     4.292 | SLOW    |     2.229 | FAST    |
S_A_i[0][0][6] | S_C_o[0][5][7] |     4.256 | SLOW    |     2.201 | FAST    |
S_A_i[0][0][6] | S_C_o[0][6][6] |     4.292 | SLOW    |     2.229 | FAST    |
S_A_i[0][0][6] | S_C_o[0][6][7] |     4.256 | SLOW    |     2.201 | FAST    |
S_A_i[0][0][6] | S_C_o[0][7][6] |     4.292 | SLOW    |     2.229 | FAST    |
S_A_i[0][0][6] | S_C_o[0][7][7] |     4.256 | SLOW    |     2.201 | FAST    |
S_A_i[0][0][7] | S_C_o[0][0][7] |     4.444 | SLOW    |     2.314 | FAST    |
S_A_i[0][0][7] | S_C_o[0][1][7] |     4.444 | SLOW    |     2.314 | FAST    |
S_A_i[0][0][7] | S_C_o[0][2][7] |     4.444 | SLOW    |     2.314 | FAST    |
S_A_i[0][0][7] | S_C_o[0][3][7] |     4.444 | SLOW    |     2.314 | FAST    |
S_A_i[0][0][7] | S_C_o[0][4][7] |     4.444 | SLOW    |     2.314 | FAST    |
S_A_i[0][0][7] | S_C_o[0][5][7] |     4.444 | SLOW    |     2.314 | FAST    |
S_A_i[0][0][7] | S_C_o[0][6][7] |     4.444 | SLOW    |     2.314 | FAST    |
S_A_i[0][0][7] | S_C_o[0][7][7] |     4.444 | SLOW    |     2.314 | FAST    |
S_A_i[1][0][0] | S_C_o[1][0][0] |     4.277 | SLOW    |     2.217 | FAST    |
S_A_i[1][0][0] | S_C_o[1][0][1] |     4.294 | SLOW    |     2.223 | FAST    |
S_A_i[1][0][0] | S_C_o[1][0][2] |     4.304 | SLOW    |     2.226 | FAST    |
S_A_i[1][0][0] | S_C_o[1][0][3] |     4.484 | SLOW    |     2.323 | FAST    |
S_A_i[1][0][0] | S_C_o[1][0][4] |     4.506 | SLOW    |     2.337 | FAST    |
S_A_i[1][0][0] | S_C_o[1][0][5] |     4.571 | SLOW    |     2.374 | FAST    |
S_A_i[1][0][0] | S_C_o[1][0][6] |     4.728 | SLOW    |     2.460 | FAST    |
S_A_i[1][0][0] | S_C_o[1][0][7] |     4.793 | SLOW    |     2.497 | FAST    |
S_A_i[1][0][0] | S_C_o[1][1][0] |     4.277 | SLOW    |     2.217 | FAST    |
S_A_i[1][0][0] | S_C_o[1][1][1] |     4.294 | SLOW    |     2.223 | FAST    |
S_A_i[1][0][0] | S_C_o[1][1][2] |     4.304 | SLOW    |     2.226 | FAST    |
S_A_i[1][0][0] | S_C_o[1][1][3] |     4.484 | SLOW    |     2.323 | FAST    |
S_A_i[1][0][0] | S_C_o[1][1][4] |     4.506 | SLOW    |     2.337 | FAST    |
S_A_i[1][0][0] | S_C_o[1][1][5] |     4.571 | SLOW    |     2.374 | FAST    |
S_A_i[1][0][0] | S_C_o[1][1][6] |     4.728 | SLOW    |     2.460 | FAST    |
S_A_i[1][0][0] | S_C_o[1][1][7] |     4.793 | SLOW    |     2.497 | FAST    |
S_A_i[1][0][0] | S_C_o[1][2][0] |     4.277 | SLOW    |     2.217 | FAST    |
S_A_i[1][0][0] | S_C_o[1][2][1] |     4.294 | SLOW    |     2.223 | FAST    |
S_A_i[1][0][0] | S_C_o[1][2][2] |     4.304 | SLOW    |     2.226 | FAST    |
S_A_i[1][0][0] | S_C_o[1][2][3] |     4.484 | SLOW    |     2.323 | FAST    |
S_A_i[1][0][0] | S_C_o[1][2][4] |     4.506 | SLOW    |     2.337 | FAST    |
S_A_i[1][0][0] | S_C_o[1][2][5] |     4.571 | SLOW    |     2.374 | FAST    |
S_A_i[1][0][0] | S_C_o[1][2][6] |     4.728 | SLOW    |     2.460 | FAST    |
S_A_i[1][0][0] | S_C_o[1][2][7] |     4.793 | SLOW    |     2.497 | FAST    |
S_A_i[1][0][0] | S_C_o[1][3][0] |     4.277 | SLOW    |     2.217 | FAST    |
S_A_i[1][0][0] | S_C_o[1][3][1] |     4.294 | SLOW    |     2.223 | FAST    |
S_A_i[1][0][0] | S_C_o[1][3][2] |     4.304 | SLOW    |     2.226 | FAST    |
S_A_i[1][0][0] | S_C_o[1][3][3] |     4.484 | SLOW    |     2.323 | FAST    |
S_A_i[1][0][0] | S_C_o[1][3][4] |     4.506 | SLOW    |     2.337 | FAST    |
S_A_i[1][0][0] | S_C_o[1][3][5] |     4.571 | SLOW    |     2.374 | FAST    |
S_A_i[1][0][0] | S_C_o[1][3][6] |     4.728 | SLOW    |     2.460 | FAST    |
S_A_i[1][0][0] | S_C_o[1][3][7] |     4.793 | SLOW    |     2.497 | FAST    |
S_A_i[1][0][0] | S_C_o[1][4][0] |     4.277 | SLOW    |     2.217 | FAST    |
S_A_i[1][0][0] | S_C_o[1][4][1] |     4.294 | SLOW    |     2.223 | FAST    |
S_A_i[1][0][0] | S_C_o[1][4][2] |     4.304 | SLOW    |     2.226 | FAST    |
S_A_i[1][0][0] | S_C_o[1][4][3] |     4.484 | SLOW    |     2.323 | FAST    |
S_A_i[1][0][0] | S_C_o[1][4][4] |     4.506 | SLOW    |     2.337 | FAST    |
S_A_i[1][0][0] | S_C_o[1][4][5] |     4.571 | SLOW    |     2.374 | FAST    |
S_A_i[1][0][0] | S_C_o[1][4][6] |     4.728 | SLOW    |     2.460 | FAST    |
S_A_i[1][0][0] | S_C_o[1][4][7] |     4.793 | SLOW    |     2.497 | FAST    |
S_A_i[1][0][0] | S_C_o[1][5][0] |     4.277 | SLOW    |     2.217 | FAST    |
S_A_i[1][0][0] | S_C_o[1][5][1] |     4.294 | SLOW    |     2.223 | FAST    |
S_A_i[1][0][0] | S_C_o[1][5][2] |     4.304 | SLOW    |     2.226 | FAST    |
S_A_i[1][0][0] | S_C_o[1][5][3] |     4.484 | SLOW    |     2.323 | FAST    |
S_A_i[1][0][0] | S_C_o[1][5][4] |     4.506 | SLOW    |     2.337 | FAST    |
S_A_i[1][0][0] | S_C_o[1][5][5] |     4.571 | SLOW    |     2.374 | FAST    |
S_A_i[1][0][0] | S_C_o[1][5][6] |     4.728 | SLOW    |     2.460 | FAST    |
S_A_i[1][0][0] | S_C_o[1][5][7] |     4.793 | SLOW    |     2.497 | FAST    |
S_A_i[1][0][0] | S_C_o[1][6][0] |     4.277 | SLOW    |     2.217 | FAST    |
S_A_i[1][0][0] | S_C_o[1][6][1] |     4.294 | SLOW    |     2.223 | FAST    |
S_A_i[1][0][0] | S_C_o[1][6][2] |     4.304 | SLOW    |     2.226 | FAST    |
S_A_i[1][0][0] | S_C_o[1][6][3] |     4.484 | SLOW    |     2.323 | FAST    |
S_A_i[1][0][0] | S_C_o[1][6][4] |     4.506 | SLOW    |     2.337 | FAST    |
S_A_i[1][0][0] | S_C_o[1][6][5] |     4.571 | SLOW    |     2.374 | FAST    |
S_A_i[1][0][0] | S_C_o[1][6][6] |     4.728 | SLOW    |     2.460 | FAST    |
S_A_i[1][0][0] | S_C_o[1][6][7] |     4.793 | SLOW    |     2.497 | FAST    |
S_A_i[1][0][0] | S_C_o[1][7][0] |     4.277 | SLOW    |     2.217 | FAST    |
S_A_i[1][0][0] | S_C_o[1][7][1] |     4.294 | SLOW    |     2.223 | FAST    |
S_A_i[1][0][0] | S_C_o[1][7][2] |     4.304 | SLOW    |     2.226 | FAST    |
S_A_i[1][0][0] | S_C_o[1][7][3] |     4.484 | SLOW    |     2.323 | FAST    |
S_A_i[1][0][0] | S_C_o[1][7][4] |     4.506 | SLOW    |     2.337 | FAST    |
S_A_i[1][0][0] | S_C_o[1][7][5] |     4.571 | SLOW    |     2.374 | FAST    |
S_A_i[1][0][0] | S_C_o[1][7][6] |     4.728 | SLOW    |     2.460 | FAST    |
S_A_i[1][0][0] | S_C_o[1][7][7] |     4.793 | SLOW    |     2.497 | FAST    |
S_A_i[1][0][1] | S_C_o[1][0][1] |     4.301 | SLOW    |     2.233 | FAST    |
S_A_i[1][0][1] | S_C_o[1][0][2] |     4.297 | SLOW    |     2.222 | FAST    |
S_A_i[1][0][1] | S_C_o[1][0][3] |     4.482 | SLOW    |     2.327 | FAST    |
S_A_i[1][0][1] | S_C_o[1][0][4] |     4.504 | SLOW    |     2.341 | FAST    |
S_A_i[1][0][1] | S_C_o[1][0][5] |     4.569 | SLOW    |     2.378 | FAST    |
S_A_i[1][0][1] | S_C_o[1][0][6] |     4.726 | SLOW    |     2.464 | FAST    |
S_A_i[1][0][1] | S_C_o[1][0][7] |     4.791 | SLOW    |     2.501 | FAST    |
S_A_i[1][0][1] | S_C_o[1][1][1] |     4.301 | SLOW    |     2.233 | FAST    |
S_A_i[1][0][1] | S_C_o[1][1][2] |     4.297 | SLOW    |     2.222 | FAST    |
S_A_i[1][0][1] | S_C_o[1][1][3] |     4.482 | SLOW    |     2.327 | FAST    |
S_A_i[1][0][1] | S_C_o[1][1][4] |     4.504 | SLOW    |     2.341 | FAST    |
S_A_i[1][0][1] | S_C_o[1][1][5] |     4.569 | SLOW    |     2.378 | FAST    |
S_A_i[1][0][1] | S_C_o[1][1][6] |     4.726 | SLOW    |     2.464 | FAST    |
S_A_i[1][0][1] | S_C_o[1][1][7] |     4.791 | SLOW    |     2.501 | FAST    |
S_A_i[1][0][1] | S_C_o[1][2][1] |     4.301 | SLOW    |     2.233 | FAST    |
S_A_i[1][0][1] | S_C_o[1][2][2] |     4.297 | SLOW    |     2.222 | FAST    |
S_A_i[1][0][1] | S_C_o[1][2][3] |     4.482 | SLOW    |     2.327 | FAST    |
S_A_i[1][0][1] | S_C_o[1][2][4] |     4.504 | SLOW    |     2.341 | FAST    |
S_A_i[1][0][1] | S_C_o[1][2][5] |     4.569 | SLOW    |     2.378 | FAST    |
S_A_i[1][0][1] | S_C_o[1][2][6] |     4.726 | SLOW    |     2.464 | FAST    |
S_A_i[1][0][1] | S_C_o[1][2][7] |     4.791 | SLOW    |     2.501 | FAST    |
S_A_i[1][0][1] | S_C_o[1][3][1] |     4.301 | SLOW    |     2.233 | FAST    |
S_A_i[1][0][1] | S_C_o[1][3][2] |     4.297 | SLOW    |     2.222 | FAST    |
S_A_i[1][0][1] | S_C_o[1][3][3] |     4.482 | SLOW    |     2.327 | FAST    |
S_A_i[1][0][1] | S_C_o[1][3][4] |     4.504 | SLOW    |     2.341 | FAST    |
S_A_i[1][0][1] | S_C_o[1][3][5] |     4.569 | SLOW    |     2.378 | FAST    |
S_A_i[1][0][1] | S_C_o[1][3][6] |     4.726 | SLOW    |     2.464 | FAST    |
S_A_i[1][0][1] | S_C_o[1][3][7] |     4.791 | SLOW    |     2.501 | FAST    |
S_A_i[1][0][1] | S_C_o[1][4][1] |     4.301 | SLOW    |     2.233 | FAST    |
S_A_i[1][0][1] | S_C_o[1][4][2] |     4.297 | SLOW    |     2.222 | FAST    |
S_A_i[1][0][1] | S_C_o[1][4][3] |     4.482 | SLOW    |     2.327 | FAST    |
S_A_i[1][0][1] | S_C_o[1][4][4] |     4.504 | SLOW    |     2.341 | FAST    |
S_A_i[1][0][1] | S_C_o[1][4][5] |     4.569 | SLOW    |     2.378 | FAST    |
S_A_i[1][0][1] | S_C_o[1][4][6] |     4.726 | SLOW    |     2.464 | FAST    |
S_A_i[1][0][1] | S_C_o[1][4][7] |     4.791 | SLOW    |     2.501 | FAST    |
S_A_i[1][0][1] | S_C_o[1][5][1] |     4.301 | SLOW    |     2.233 | FAST    |
S_A_i[1][0][1] | S_C_o[1][5][2] |     4.297 | SLOW    |     2.222 | FAST    |
S_A_i[1][0][1] | S_C_o[1][5][3] |     4.482 | SLOW    |     2.327 | FAST    |
S_A_i[1][0][1] | S_C_o[1][5][4] |     4.504 | SLOW    |     2.341 | FAST    |
S_A_i[1][0][1] | S_C_o[1][5][5] |     4.569 | SLOW    |     2.378 | FAST    |
S_A_i[1][0][1] | S_C_o[1][5][6] |     4.726 | SLOW    |     2.464 | FAST    |
S_A_i[1][0][1] | S_C_o[1][5][7] |     4.791 | SLOW    |     2.501 | FAST    |
S_A_i[1][0][1] | S_C_o[1][6][1] |     4.301 | SLOW    |     2.233 | FAST    |
S_A_i[1][0][1] | S_C_o[1][6][2] |     4.297 | SLOW    |     2.222 | FAST    |
S_A_i[1][0][1] | S_C_o[1][6][3] |     4.482 | SLOW    |     2.327 | FAST    |
S_A_i[1][0][1] | S_C_o[1][6][4] |     4.504 | SLOW    |     2.341 | FAST    |
S_A_i[1][0][1] | S_C_o[1][6][5] |     4.569 | SLOW    |     2.378 | FAST    |
S_A_i[1][0][1] | S_C_o[1][6][6] |     4.726 | SLOW    |     2.464 | FAST    |
S_A_i[1][0][1] | S_C_o[1][6][7] |     4.791 | SLOW    |     2.501 | FAST    |
S_A_i[1][0][1] | S_C_o[1][7][1] |     4.301 | SLOW    |     2.233 | FAST    |
S_A_i[1][0][1] | S_C_o[1][7][2] |     4.297 | SLOW    |     2.222 | FAST    |
S_A_i[1][0][1] | S_C_o[1][7][3] |     4.482 | SLOW    |     2.327 | FAST    |
S_A_i[1][0][1] | S_C_o[1][7][4] |     4.504 | SLOW    |     2.341 | FAST    |
S_A_i[1][0][1] | S_C_o[1][7][5] |     4.569 | SLOW    |     2.378 | FAST    |
S_A_i[1][0][1] | S_C_o[1][7][6] |     4.726 | SLOW    |     2.464 | FAST    |
S_A_i[1][0][1] | S_C_o[1][7][7] |     4.791 | SLOW    |     2.501 | FAST    |
S_A_i[1][0][2] | S_C_o[1][0][2] |     4.261 | SLOW    |     2.209 | FAST    |
S_A_i[1][0][2] | S_C_o[1][0][3] |     4.500 | SLOW    |     2.332 | FAST    |
S_A_i[1][0][2] | S_C_o[1][0][4] |     4.522 | SLOW    |     2.346 | FAST    |
S_A_i[1][0][2] | S_C_o[1][0][5] |     4.587 | SLOW    |     2.383 | FAST    |
S_A_i[1][0][2] | S_C_o[1][0][6] |     4.744 | SLOW    |     2.469 | FAST    |
S_A_i[1][0][2] | S_C_o[1][0][7] |     4.809 | SLOW    |     2.506 | FAST    |
S_A_i[1][0][2] | S_C_o[1][1][2] |     4.261 | SLOW    |     2.209 | FAST    |
S_A_i[1][0][2] | S_C_o[1][1][3] |     4.500 | SLOW    |     2.332 | FAST    |
S_A_i[1][0][2] | S_C_o[1][1][4] |     4.522 | SLOW    |     2.346 | FAST    |
S_A_i[1][0][2] | S_C_o[1][1][5] |     4.587 | SLOW    |     2.383 | FAST    |
S_A_i[1][0][2] | S_C_o[1][1][6] |     4.744 | SLOW    |     2.469 | FAST    |
S_A_i[1][0][2] | S_C_o[1][1][7] |     4.809 | SLOW    |     2.506 | FAST    |
S_A_i[1][0][2] | S_C_o[1][2][2] |     4.261 | SLOW    |     2.209 | FAST    |
S_A_i[1][0][2] | S_C_o[1][2][3] |     4.500 | SLOW    |     2.332 | FAST    |
S_A_i[1][0][2] | S_C_o[1][2][4] |     4.522 | SLOW    |     2.346 | FAST    |
S_A_i[1][0][2] | S_C_o[1][2][5] |     4.587 | SLOW    |     2.383 | FAST    |
S_A_i[1][0][2] | S_C_o[1][2][6] |     4.744 | SLOW    |     2.469 | FAST    |
S_A_i[1][0][2] | S_C_o[1][2][7] |     4.809 | SLOW    |     2.506 | FAST    |
S_A_i[1][0][2] | S_C_o[1][3][2] |     4.261 | SLOW    |     2.209 | FAST    |
S_A_i[1][0][2] | S_C_o[1][3][3] |     4.500 | SLOW    |     2.332 | FAST    |
S_A_i[1][0][2] | S_C_o[1][3][4] |     4.522 | SLOW    |     2.346 | FAST    |
S_A_i[1][0][2] | S_C_o[1][3][5] |     4.587 | SLOW    |     2.383 | FAST    |
S_A_i[1][0][2] | S_C_o[1][3][6] |     4.744 | SLOW    |     2.469 | FAST    |
S_A_i[1][0][2] | S_C_o[1][3][7] |     4.809 | SLOW    |     2.506 | FAST    |
S_A_i[1][0][2] | S_C_o[1][4][2] |     4.261 | SLOW    |     2.209 | FAST    |
S_A_i[1][0][2] | S_C_o[1][4][3] |     4.500 | SLOW    |     2.332 | FAST    |
S_A_i[1][0][2] | S_C_o[1][4][4] |     4.522 | SLOW    |     2.346 | FAST    |
S_A_i[1][0][2] | S_C_o[1][4][5] |     4.587 | SLOW    |     2.383 | FAST    |
S_A_i[1][0][2] | S_C_o[1][4][6] |     4.744 | SLOW    |     2.469 | FAST    |
S_A_i[1][0][2] | S_C_o[1][4][7] |     4.809 | SLOW    |     2.506 | FAST    |
S_A_i[1][0][2] | S_C_o[1][5][2] |     4.261 | SLOW    |     2.209 | FAST    |
S_A_i[1][0][2] | S_C_o[1][5][3] |     4.500 | SLOW    |     2.332 | FAST    |
S_A_i[1][0][2] | S_C_o[1][5][4] |     4.522 | SLOW    |     2.346 | FAST    |
S_A_i[1][0][2] | S_C_o[1][5][5] |     4.587 | SLOW    |     2.383 | FAST    |
S_A_i[1][0][2] | S_C_o[1][5][6] |     4.744 | SLOW    |     2.469 | FAST    |
S_A_i[1][0][2] | S_C_o[1][5][7] |     4.809 | SLOW    |     2.506 | FAST    |
S_A_i[1][0][2] | S_C_o[1][6][2] |     4.261 | SLOW    |     2.209 | FAST    |
S_A_i[1][0][2] | S_C_o[1][6][3] |     4.500 | SLOW    |     2.332 | FAST    |
S_A_i[1][0][2] | S_C_o[1][6][4] |     4.522 | SLOW    |     2.346 | FAST    |
S_A_i[1][0][2] | S_C_o[1][6][5] |     4.587 | SLOW    |     2.383 | FAST    |
S_A_i[1][0][2] | S_C_o[1][6][6] |     4.744 | SLOW    |     2.469 | FAST    |
S_A_i[1][0][2] | S_C_o[1][6][7] |     4.809 | SLOW    |     2.506 | FAST    |
S_A_i[1][0][2] | S_C_o[1][7][2] |     4.261 | SLOW    |     2.209 | FAST    |
S_A_i[1][0][2] | S_C_o[1][7][3] |     4.500 | SLOW    |     2.332 | FAST    |
S_A_i[1][0][2] | S_C_o[1][7][4] |     4.522 | SLOW    |     2.346 | FAST    |
S_A_i[1][0][2] | S_C_o[1][7][5] |     4.587 | SLOW    |     2.383 | FAST    |
S_A_i[1][0][2] | S_C_o[1][7][6] |     4.744 | SLOW    |     2.469 | FAST    |
S_A_i[1][0][2] | S_C_o[1][7][7] |     4.809 | SLOW    |     2.506 | FAST    |
S_A_i[1][0][3] | S_C_o[1][0][3] |     4.277 | SLOW    |     2.217 | FAST    |
S_A_i[1][0][3] | S_C_o[1][0][4] |     4.294 | SLOW    |     2.223 | FAST    |
S_A_i[1][0][3] | S_C_o[1][0][5] |     4.272 | SLOW    |     2.209 | FAST    |
S_A_i[1][0][3] | S_C_o[1][0][6] |     4.530 | SLOW    |     2.360 | FAST    |
S_A_i[1][0][3] | S_C_o[1][0][7] |     4.595 | SLOW    |     2.397 | FAST    |
S_A_i[1][0][3] | S_C_o[1][1][3] |     4.277 | SLOW    |     2.217 | FAST    |
S_A_i[1][0][3] | S_C_o[1][1][4] |     4.294 | SLOW    |     2.223 | FAST    |
S_A_i[1][0][3] | S_C_o[1][1][5] |     4.272 | SLOW    |     2.209 | FAST    |
S_A_i[1][0][3] | S_C_o[1][1][6] |     4.530 | SLOW    |     2.360 | FAST    |
S_A_i[1][0][3] | S_C_o[1][1][7] |     4.595 | SLOW    |     2.397 | FAST    |
S_A_i[1][0][3] | S_C_o[1][2][3] |     4.277 | SLOW    |     2.217 | FAST    |
S_A_i[1][0][3] | S_C_o[1][2][4] |     4.294 | SLOW    |     2.223 | FAST    |
S_A_i[1][0][3] | S_C_o[1][2][5] |     4.272 | SLOW    |     2.209 | FAST    |
S_A_i[1][0][3] | S_C_o[1][2][6] |     4.530 | SLOW    |     2.360 | FAST    |
S_A_i[1][0][3] | S_C_o[1][2][7] |     4.595 | SLOW    |     2.397 | FAST    |
S_A_i[1][0][3] | S_C_o[1][3][3] |     4.277 | SLOW    |     2.217 | FAST    |
S_A_i[1][0][3] | S_C_o[1][3][4] |     4.294 | SLOW    |     2.223 | FAST    |
S_A_i[1][0][3] | S_C_o[1][3][5] |     4.272 | SLOW    |     2.209 | FAST    |
S_A_i[1][0][3] | S_C_o[1][3][6] |     4.530 | SLOW    |     2.360 | FAST    |
S_A_i[1][0][3] | S_C_o[1][3][7] |     4.595 | SLOW    |     2.397 | FAST    |
S_A_i[1][0][3] | S_C_o[1][4][3] |     4.277 | SLOW    |     2.217 | FAST    |
S_A_i[1][0][3] | S_C_o[1][4][4] |     4.294 | SLOW    |     2.223 | FAST    |
S_A_i[1][0][3] | S_C_o[1][4][5] |     4.272 | SLOW    |     2.209 | FAST    |
S_A_i[1][0][3] | S_C_o[1][4][6] |     4.530 | SLOW    |     2.360 | FAST    |
S_A_i[1][0][3] | S_C_o[1][4][7] |     4.595 | SLOW    |     2.397 | FAST    |
S_A_i[1][0][3] | S_C_o[1][5][3] |     4.277 | SLOW    |     2.217 | FAST    |
S_A_i[1][0][3] | S_C_o[1][5][4] |     4.294 | SLOW    |     2.223 | FAST    |
S_A_i[1][0][3] | S_C_o[1][5][5] |     4.272 | SLOW    |     2.209 | FAST    |
S_A_i[1][0][3] | S_C_o[1][5][6] |     4.530 | SLOW    |     2.360 | FAST    |
S_A_i[1][0][3] | S_C_o[1][5][7] |     4.595 | SLOW    |     2.397 | FAST    |
S_A_i[1][0][3] | S_C_o[1][6][3] |     4.277 | SLOW    |     2.217 | FAST    |
S_A_i[1][0][3] | S_C_o[1][6][4] |     4.294 | SLOW    |     2.223 | FAST    |
S_A_i[1][0][3] | S_C_o[1][6][5] |     4.272 | SLOW    |     2.209 | FAST    |
S_A_i[1][0][3] | S_C_o[1][6][6] |     4.530 | SLOW    |     2.360 | FAST    |
S_A_i[1][0][3] | S_C_o[1][6][7] |     4.595 | SLOW    |     2.397 | FAST    |
S_A_i[1][0][3] | S_C_o[1][7][3] |     4.277 | SLOW    |     2.217 | FAST    |
S_A_i[1][0][3] | S_C_o[1][7][4] |     4.294 | SLOW    |     2.223 | FAST    |
S_A_i[1][0][3] | S_C_o[1][7][5] |     4.272 | SLOW    |     2.209 | FAST    |
S_A_i[1][0][3] | S_C_o[1][7][6] |     4.530 | SLOW    |     2.360 | FAST    |
S_A_i[1][0][3] | S_C_o[1][7][7] |     4.595 | SLOW    |     2.397 | FAST    |
S_A_i[1][0][4] | S_C_o[1][0][4] |     4.301 | SLOW    |     2.233 | FAST    |
S_A_i[1][0][4] | S_C_o[1][0][5] |     4.297 | SLOW    |     2.222 | FAST    |
S_A_i[1][0][4] | S_C_o[1][0][6] |     4.509 | SLOW    |     2.342 | FAST    |
S_A_i[1][0][4] | S_C_o[1][0][7] |     4.574 | SLOW    |     2.379 | FAST    |
S_A_i[1][0][4] | S_C_o[1][1][4] |     4.301 | SLOW    |     2.233 | FAST    |
S_A_i[1][0][4] | S_C_o[1][1][5] |     4.297 | SLOW    |     2.222 | FAST    |
S_A_i[1][0][4] | S_C_o[1][1][6] |     4.509 | SLOW    |     2.342 | FAST    |
S_A_i[1][0][4] | S_C_o[1][1][7] |     4.574 | SLOW    |     2.379 | FAST    |
S_A_i[1][0][4] | S_C_o[1][2][4] |     4.301 | SLOW    |     2.233 | FAST    |
S_A_i[1][0][4] | S_C_o[1][2][5] |     4.297 | SLOW    |     2.222 | FAST    |
S_A_i[1][0][4] | S_C_o[1][2][6] |     4.509 | SLOW    |     2.342 | FAST    |
S_A_i[1][0][4] | S_C_o[1][2][7] |     4.574 | SLOW    |     2.379 | FAST    |
S_A_i[1][0][4] | S_C_o[1][3][4] |     4.301 | SLOW    |     2.233 | FAST    |
S_A_i[1][0][4] | S_C_o[1][3][5] |     4.297 | SLOW    |     2.222 | FAST    |
S_A_i[1][0][4] | S_C_o[1][3][6] |     4.509 | SLOW    |     2.342 | FAST    |
S_A_i[1][0][4] | S_C_o[1][3][7] |     4.574 | SLOW    |     2.379 | FAST    |
S_A_i[1][0][4] | S_C_o[1][4][4] |     4.301 | SLOW    |     2.233 | FAST    |
S_A_i[1][0][4] | S_C_o[1][4][5] |     4.297 | SLOW    |     2.222 | FAST    |
S_A_i[1][0][4] | S_C_o[1][4][6] |     4.509 | SLOW    |     2.342 | FAST    |
S_A_i[1][0][4] | S_C_o[1][4][7] |     4.574 | SLOW    |     2.379 | FAST    |
S_A_i[1][0][4] | S_C_o[1][5][4] |     4.301 | SLOW    |     2.233 | FAST    |
S_A_i[1][0][4] | S_C_o[1][5][5] |     4.297 | SLOW    |     2.222 | FAST    |
S_A_i[1][0][4] | S_C_o[1][5][6] |     4.509 | SLOW    |     2.342 | FAST    |
S_A_i[1][0][4] | S_C_o[1][5][7] |     4.574 | SLOW    |     2.379 | FAST    |
S_A_i[1][0][4] | S_C_o[1][6][4] |     4.301 | SLOW    |     2.233 | FAST    |
S_A_i[1][0][4] | S_C_o[1][6][5] |     4.297 | SLOW    |     2.222 | FAST    |
S_A_i[1][0][4] | S_C_o[1][6][6] |     4.509 | SLOW    |     2.342 | FAST    |
S_A_i[1][0][4] | S_C_o[1][6][7] |     4.574 | SLOW    |     2.379 | FAST    |
S_A_i[1][0][4] | S_C_o[1][7][4] |     4.301 | SLOW    |     2.233 | FAST    |
S_A_i[1][0][4] | S_C_o[1][7][5] |     4.297 | SLOW    |     2.222 | FAST    |
S_A_i[1][0][4] | S_C_o[1][7][6] |     4.509 | SLOW    |     2.342 | FAST    |
S_A_i[1][0][4] | S_C_o[1][7][7] |     4.574 | SLOW    |     2.379 | FAST    |
S_A_i[1][0][5] | S_C_o[1][0][5] |     4.468 | SLOW    |     2.326 | FAST    |
S_A_i[1][0][5] | S_C_o[1][0][6] |     4.287 | SLOW    |     2.219 | FAST    |
S_A_i[1][0][5] | S_C_o[1][0][7] |     4.297 | SLOW    |     2.222 | FAST    |
S_A_i[1][0][5] | S_C_o[1][1][5] |     4.468 | SLOW    |     2.326 | FAST    |
S_A_i[1][0][5] | S_C_o[1][1][6] |     4.287 | SLOW    |     2.219 | FAST    |
S_A_i[1][0][5] | S_C_o[1][1][7] |     4.297 | SLOW    |     2.222 | FAST    |
S_A_i[1][0][5] | S_C_o[1][2][5] |     4.468 | SLOW    |     2.326 | FAST    |
S_A_i[1][0][5] | S_C_o[1][2][6] |     4.287 | SLOW    |     2.219 | FAST    |
S_A_i[1][0][5] | S_C_o[1][2][7] |     4.297 | SLOW    |     2.222 | FAST    |
S_A_i[1][0][5] | S_C_o[1][3][5] |     4.468 | SLOW    |     2.326 | FAST    |
S_A_i[1][0][5] | S_C_o[1][3][6] |     4.287 | SLOW    |     2.219 | FAST    |
S_A_i[1][0][5] | S_C_o[1][3][7] |     4.297 | SLOW    |     2.222 | FAST    |
S_A_i[1][0][5] | S_C_o[1][4][5] |     4.468 | SLOW    |     2.326 | FAST    |
S_A_i[1][0][5] | S_C_o[1][4][6] |     4.287 | SLOW    |     2.219 | FAST    |
S_A_i[1][0][5] | S_C_o[1][4][7] |     4.297 | SLOW    |     2.222 | FAST    |
S_A_i[1][0][5] | S_C_o[1][5][5] |     4.468 | SLOW    |     2.326 | FAST    |
S_A_i[1][0][5] | S_C_o[1][5][6] |     4.287 | SLOW    |     2.219 | FAST    |
S_A_i[1][0][5] | S_C_o[1][5][7] |     4.297 | SLOW    |     2.222 | FAST    |
S_A_i[1][0][5] | S_C_o[1][6][5] |     4.468 | SLOW    |     2.326 | FAST    |
S_A_i[1][0][5] | S_C_o[1][6][6] |     4.287 | SLOW    |     2.219 | FAST    |
S_A_i[1][0][5] | S_C_o[1][6][7] |     4.297 | SLOW    |     2.222 | FAST    |
S_A_i[1][0][5] | S_C_o[1][7][5] |     4.468 | SLOW    |     2.326 | FAST    |
S_A_i[1][0][5] | S_C_o[1][7][6] |     4.287 | SLOW    |     2.219 | FAST    |
S_A_i[1][0][5] | S_C_o[1][7][7] |     4.297 | SLOW    |     2.222 | FAST    |
S_A_i[1][0][6] | S_C_o[1][0][6] |     4.292 | SLOW    |     2.229 | FAST    |
S_A_i[1][0][6] | S_C_o[1][0][7] |     4.256 | SLOW    |     2.201 | FAST    |
S_A_i[1][0][6] | S_C_o[1][1][6] |     4.292 | SLOW    |     2.229 | FAST    |
S_A_i[1][0][6] | S_C_o[1][1][7] |     4.256 | SLOW    |     2.201 | FAST    |
S_A_i[1][0][6] | S_C_o[1][2][6] |     4.292 | SLOW    |     2.229 | FAST    |
S_A_i[1][0][6] | S_C_o[1][2][7] |     4.256 | SLOW    |     2.201 | FAST    |
S_A_i[1][0][6] | S_C_o[1][3][6] |     4.292 | SLOW    |     2.229 | FAST    |
S_A_i[1][0][6] | S_C_o[1][3][7] |     4.256 | SLOW    |     2.201 | FAST    |
S_A_i[1][0][6] | S_C_o[1][4][6] |     4.292 | SLOW    |     2.229 | FAST    |
S_A_i[1][0][6] | S_C_o[1][4][7] |     4.256 | SLOW    |     2.201 | FAST    |
S_A_i[1][0][6] | S_C_o[1][5][6] |     4.292 | SLOW    |     2.229 | FAST    |
S_A_i[1][0][6] | S_C_o[1][5][7] |     4.256 | SLOW    |     2.201 | FAST    |
S_A_i[1][0][6] | S_C_o[1][6][6] |     4.292 | SLOW    |     2.229 | FAST    |
S_A_i[1][0][6] | S_C_o[1][6][7] |     4.256 | SLOW    |     2.201 | FAST    |
S_A_i[1][0][6] | S_C_o[1][7][6] |     4.292 | SLOW    |     2.229 | FAST    |
S_A_i[1][0][6] | S_C_o[1][7][7] |     4.256 | SLOW    |     2.201 | FAST    |
S_A_i[1][0][7] | S_C_o[1][0][7] |     4.444 | SLOW    |     2.314 | FAST    |
S_A_i[1][0][7] | S_C_o[1][1][7] |     4.444 | SLOW    |     2.314 | FAST    |
S_A_i[1][0][7] | S_C_o[1][2][7] |     4.444 | SLOW    |     2.314 | FAST    |
S_A_i[1][0][7] | S_C_o[1][3][7] |     4.444 | SLOW    |     2.314 | FAST    |
S_A_i[1][0][7] | S_C_o[1][4][7] |     4.444 | SLOW    |     2.314 | FAST    |
S_A_i[1][0][7] | S_C_o[1][5][7] |     4.444 | SLOW    |     2.314 | FAST    |
S_A_i[1][0][7] | S_C_o[1][6][7] |     4.444 | SLOW    |     2.314 | FAST    |
S_A_i[1][0][7] | S_C_o[1][7][7] |     4.444 | SLOW    |     2.314 | FAST    |
S_A_i[2][0][0] | S_C_o[2][0][0] |     4.277 | SLOW    |     2.217 | FAST    |
S_A_i[2][0][0] | S_C_o[2][0][1] |     4.294 | SLOW    |     2.223 | FAST    |
S_A_i[2][0][0] | S_C_o[2][0][2] |     4.304 | SLOW    |     2.226 | FAST    |
S_A_i[2][0][0] | S_C_o[2][0][3] |     4.484 | SLOW    |     2.323 | FAST    |
S_A_i[2][0][0] | S_C_o[2][0][4] |     4.506 | SLOW    |     2.337 | FAST    |
S_A_i[2][0][0] | S_C_o[2][0][5] |     4.571 | SLOW    |     2.374 | FAST    |
S_A_i[2][0][0] | S_C_o[2][0][6] |     4.728 | SLOW    |     2.460 | FAST    |
S_A_i[2][0][0] | S_C_o[2][0][7] |     4.793 | SLOW    |     2.497 | FAST    |
S_A_i[2][0][0] | S_C_o[2][1][0] |     4.277 | SLOW    |     2.217 | FAST    |
S_A_i[2][0][0] | S_C_o[2][1][1] |     4.294 | SLOW    |     2.223 | FAST    |
S_A_i[2][0][0] | S_C_o[2][1][2] |     4.304 | SLOW    |     2.226 | FAST    |
S_A_i[2][0][0] | S_C_o[2][1][3] |     4.484 | SLOW    |     2.323 | FAST    |
S_A_i[2][0][0] | S_C_o[2][1][4] |     4.506 | SLOW    |     2.337 | FAST    |
S_A_i[2][0][0] | S_C_o[2][1][5] |     4.571 | SLOW    |     2.374 | FAST    |
S_A_i[2][0][0] | S_C_o[2][1][6] |     4.728 | SLOW    |     2.460 | FAST    |
S_A_i[2][0][0] | S_C_o[2][1][7] |     4.793 | SLOW    |     2.497 | FAST    |
S_A_i[2][0][0] | S_C_o[2][2][0] |     4.277 | SLOW    |     2.217 | FAST    |
S_A_i[2][0][0] | S_C_o[2][2][1] |     4.294 | SLOW    |     2.223 | FAST    |
S_A_i[2][0][0] | S_C_o[2][2][2] |     4.304 | SLOW    |     2.226 | FAST    |
S_A_i[2][0][0] | S_C_o[2][2][3] |     4.484 | SLOW    |     2.323 | FAST    |
S_A_i[2][0][0] | S_C_o[2][2][4] |     4.506 | SLOW    |     2.337 | FAST    |
S_A_i[2][0][0] | S_C_o[2][2][5] |     4.571 | SLOW    |     2.374 | FAST    |
S_A_i[2][0][0] | S_C_o[2][2][6] |     4.728 | SLOW    |     2.460 | FAST    |
S_A_i[2][0][0] | S_C_o[2][2][7] |     4.793 | SLOW    |     2.497 | FAST    |
S_A_i[2][0][0] | S_C_o[2][3][0] |     4.277 | SLOW    |     2.217 | FAST    |
S_A_i[2][0][0] | S_C_o[2][3][1] |     4.294 | SLOW    |     2.223 | FAST    |
S_A_i[2][0][0] | S_C_o[2][3][2] |     4.304 | SLOW    |     2.226 | FAST    |
S_A_i[2][0][0] | S_C_o[2][3][3] |     4.484 | SLOW    |     2.323 | FAST    |
S_A_i[2][0][0] | S_C_o[2][3][4] |     4.506 | SLOW    |     2.337 | FAST    |
S_A_i[2][0][0] | S_C_o[2][3][5] |     4.571 | SLOW    |     2.374 | FAST    |
S_A_i[2][0][0] | S_C_o[2][3][6] |     4.728 | SLOW    |     2.460 | FAST    |
S_A_i[2][0][0] | S_C_o[2][3][7] |     4.793 | SLOW    |     2.497 | FAST    |
S_A_i[2][0][0] | S_C_o[2][4][0] |     4.277 | SLOW    |     2.217 | FAST    |
S_A_i[2][0][0] | S_C_o[2][4][1] |     4.294 | SLOW    |     2.223 | FAST    |
S_A_i[2][0][0] | S_C_o[2][4][2] |     4.304 | SLOW    |     2.226 | FAST    |
S_A_i[2][0][0] | S_C_o[2][4][3] |     4.484 | SLOW    |     2.323 | FAST    |
S_A_i[2][0][0] | S_C_o[2][4][4] |     4.506 | SLOW    |     2.337 | FAST    |
S_A_i[2][0][0] | S_C_o[2][4][5] |     4.571 | SLOW    |     2.374 | FAST    |
S_A_i[2][0][0] | S_C_o[2][4][6] |     4.728 | SLOW    |     2.460 | FAST    |
S_A_i[2][0][0] | S_C_o[2][4][7] |     4.793 | SLOW    |     2.497 | FAST    |
S_A_i[2][0][0] | S_C_o[2][5][0] |     4.277 | SLOW    |     2.217 | FAST    |
S_A_i[2][0][0] | S_C_o[2][5][1] |     4.294 | SLOW    |     2.223 | FAST    |
S_A_i[2][0][0] | S_C_o[2][5][2] |     4.304 | SLOW    |     2.226 | FAST    |
S_A_i[2][0][0] | S_C_o[2][5][3] |     4.484 | SLOW    |     2.323 | FAST    |
S_A_i[2][0][0] | S_C_o[2][5][4] |     4.506 | SLOW    |     2.337 | FAST    |
S_A_i[2][0][0] | S_C_o[2][5][5] |     4.571 | SLOW    |     2.374 | FAST    |
S_A_i[2][0][0] | S_C_o[2][5][6] |     4.728 | SLOW    |     2.460 | FAST    |
S_A_i[2][0][0] | S_C_o[2][5][7] |     4.793 | SLOW    |     2.497 | FAST    |
S_A_i[2][0][0] | S_C_o[2][6][0] |     4.277 | SLOW    |     2.217 | FAST    |
S_A_i[2][0][0] | S_C_o[2][6][1] |     4.294 | SLOW    |     2.223 | FAST    |
S_A_i[2][0][0] | S_C_o[2][6][2] |     4.304 | SLOW    |     2.226 | FAST    |
S_A_i[2][0][0] | S_C_o[2][6][3] |     4.484 | SLOW    |     2.323 | FAST    |
S_A_i[2][0][0] | S_C_o[2][6][4] |     4.506 | SLOW    |     2.337 | FAST    |
S_A_i[2][0][0] | S_C_o[2][6][5] |     4.571 | SLOW    |     2.374 | FAST    |
S_A_i[2][0][0] | S_C_o[2][6][6] |     4.728 | SLOW    |     2.460 | FAST    |
S_A_i[2][0][0] | S_C_o[2][6][7] |     4.793 | SLOW    |     2.497 | FAST    |
S_A_i[2][0][0] | S_C_o[2][7][0] |     4.277 | SLOW    |     2.217 | FAST    |
S_A_i[2][0][0] | S_C_o[2][7][1] |     4.294 | SLOW    |     2.223 | FAST    |
S_A_i[2][0][0] | S_C_o[2][7][2] |     4.304 | SLOW    |     2.226 | FAST    |
S_A_i[2][0][0] | S_C_o[2][7][3] |     4.484 | SLOW    |     2.323 | FAST    |
S_A_i[2][0][0] | S_C_o[2][7][4] |     4.506 | SLOW    |     2.337 | FAST    |
S_A_i[2][0][0] | S_C_o[2][7][5] |     4.571 | SLOW    |     2.374 | FAST    |
S_A_i[2][0][0] | S_C_o[2][7][6] |     4.728 | SLOW    |     2.460 | FAST    |
S_A_i[2][0][0] | S_C_o[2][7][7] |     4.793 | SLOW    |     2.497 | FAST    |
S_A_i[2][0][1] | S_C_o[2][0][1] |     4.301 | SLOW    |     2.233 | FAST    |
S_A_i[2][0][1] | S_C_o[2][0][2] |     4.297 | SLOW    |     2.222 | FAST    |
S_A_i[2][0][1] | S_C_o[2][0][3] |     4.482 | SLOW    |     2.327 | FAST    |
S_A_i[2][0][1] | S_C_o[2][0][4] |     4.504 | SLOW    |     2.341 | FAST    |
S_A_i[2][0][1] | S_C_o[2][0][5] |     4.569 | SLOW    |     2.378 | FAST    |
S_A_i[2][0][1] | S_C_o[2][0][6] |     4.726 | SLOW    |     2.464 | FAST    |
S_A_i[2][0][1] | S_C_o[2][0][7] |     4.791 | SLOW    |     2.501 | FAST    |
S_A_i[2][0][1] | S_C_o[2][1][1] |     4.301 | SLOW    |     2.233 | FAST    |
S_A_i[2][0][1] | S_C_o[2][1][2] |     4.297 | SLOW    |     2.222 | FAST    |
S_A_i[2][0][1] | S_C_o[2][1][3] |     4.482 | SLOW    |     2.327 | FAST    |
S_A_i[2][0][1] | S_C_o[2][1][4] |     4.504 | SLOW    |     2.341 | FAST    |
S_A_i[2][0][1] | S_C_o[2][1][5] |     4.569 | SLOW    |     2.378 | FAST    |
S_A_i[2][0][1] | S_C_o[2][1][6] |     4.726 | SLOW    |     2.464 | FAST    |
S_A_i[2][0][1] | S_C_o[2][1][7] |     4.791 | SLOW    |     2.501 | FAST    |
S_A_i[2][0][1] | S_C_o[2][2][1] |     4.301 | SLOW    |     2.233 | FAST    |
S_A_i[2][0][1] | S_C_o[2][2][2] |     4.297 | SLOW    |     2.222 | FAST    |
S_A_i[2][0][1] | S_C_o[2][2][3] |     4.482 | SLOW    |     2.327 | FAST    |
S_A_i[2][0][1] | S_C_o[2][2][4] |     4.504 | SLOW    |     2.341 | FAST    |
S_A_i[2][0][1] | S_C_o[2][2][5] |     4.569 | SLOW    |     2.378 | FAST    |
S_A_i[2][0][1] | S_C_o[2][2][6] |     4.726 | SLOW    |     2.464 | FAST    |
S_A_i[2][0][1] | S_C_o[2][2][7] |     4.791 | SLOW    |     2.501 | FAST    |
S_A_i[2][0][1] | S_C_o[2][3][1] |     4.301 | SLOW    |     2.233 | FAST    |
S_A_i[2][0][1] | S_C_o[2][3][2] |     4.297 | SLOW    |     2.222 | FAST    |
S_A_i[2][0][1] | S_C_o[2][3][3] |     4.482 | SLOW    |     2.327 | FAST    |
S_A_i[2][0][1] | S_C_o[2][3][4] |     4.504 | SLOW    |     2.341 | FAST    |
S_A_i[2][0][1] | S_C_o[2][3][5] |     4.569 | SLOW    |     2.378 | FAST    |
S_A_i[2][0][1] | S_C_o[2][3][6] |     4.726 | SLOW    |     2.464 | FAST    |
S_A_i[2][0][1] | S_C_o[2][3][7] |     4.791 | SLOW    |     2.501 | FAST    |
S_A_i[2][0][1] | S_C_o[2][4][1] |     4.301 | SLOW    |     2.233 | FAST    |
S_A_i[2][0][1] | S_C_o[2][4][2] |     4.297 | SLOW    |     2.222 | FAST    |
S_A_i[2][0][1] | S_C_o[2][4][3] |     4.482 | SLOW    |     2.327 | FAST    |
S_A_i[2][0][1] | S_C_o[2][4][4] |     4.504 | SLOW    |     2.341 | FAST    |
S_A_i[2][0][1] | S_C_o[2][4][5] |     4.569 | SLOW    |     2.378 | FAST    |
S_A_i[2][0][1] | S_C_o[2][4][6] |     4.726 | SLOW    |     2.464 | FAST    |
S_A_i[2][0][1] | S_C_o[2][4][7] |     4.791 | SLOW    |     2.501 | FAST    |
S_A_i[2][0][1] | S_C_o[2][5][1] |     4.301 | SLOW    |     2.233 | FAST    |
S_A_i[2][0][1] | S_C_o[2][5][2] |     4.297 | SLOW    |     2.222 | FAST    |
S_A_i[2][0][1] | S_C_o[2][5][3] |     4.482 | SLOW    |     2.327 | FAST    |
S_A_i[2][0][1] | S_C_o[2][5][4] |     4.504 | SLOW    |     2.341 | FAST    |
S_A_i[2][0][1] | S_C_o[2][5][5] |     4.569 | SLOW    |     2.378 | FAST    |
S_A_i[2][0][1] | S_C_o[2][5][6] |     4.726 | SLOW    |     2.464 | FAST    |
S_A_i[2][0][1] | S_C_o[2][5][7] |     4.791 | SLOW    |     2.501 | FAST    |
S_A_i[2][0][1] | S_C_o[2][6][1] |     4.301 | SLOW    |     2.233 | FAST    |
S_A_i[2][0][1] | S_C_o[2][6][2] |     4.297 | SLOW    |     2.222 | FAST    |
S_A_i[2][0][1] | S_C_o[2][6][3] |     4.482 | SLOW    |     2.327 | FAST    |
S_A_i[2][0][1] | S_C_o[2][6][4] |     4.504 | SLOW    |     2.341 | FAST    |
S_A_i[2][0][1] | S_C_o[2][6][5] |     4.569 | SLOW    |     2.378 | FAST    |
S_A_i[2][0][1] | S_C_o[2][6][6] |     4.726 | SLOW    |     2.464 | FAST    |
S_A_i[2][0][1] | S_C_o[2][6][7] |     4.791 | SLOW    |     2.501 | FAST    |
S_A_i[2][0][1] | S_C_o[2][7][1] |     4.301 | SLOW    |     2.233 | FAST    |
S_A_i[2][0][1] | S_C_o[2][7][2] |     4.297 | SLOW    |     2.222 | FAST    |
S_A_i[2][0][1] | S_C_o[2][7][3] |     4.482 | SLOW    |     2.327 | FAST    |
S_A_i[2][0][1] | S_C_o[2][7][4] |     4.504 | SLOW    |     2.341 | FAST    |
S_A_i[2][0][1] | S_C_o[2][7][5] |     4.569 | SLOW    |     2.378 | FAST    |
S_A_i[2][0][1] | S_C_o[2][7][6] |     4.726 | SLOW    |     2.464 | FAST    |
S_A_i[2][0][1] | S_C_o[2][7][7] |     4.791 | SLOW    |     2.501 | FAST    |
S_A_i[2][0][2] | S_C_o[2][0][2] |     4.261 | SLOW    |     2.209 | FAST    |
S_A_i[2][0][2] | S_C_o[2][0][3] |     4.500 | SLOW    |     2.332 | FAST    |
S_A_i[2][0][2] | S_C_o[2][0][4] |     4.522 | SLOW    |     2.346 | FAST    |
S_A_i[2][0][2] | S_C_o[2][0][5] |     4.587 | SLOW    |     2.383 | FAST    |
S_A_i[2][0][2] | S_C_o[2][0][6] |     4.744 | SLOW    |     2.469 | FAST    |
S_A_i[2][0][2] | S_C_o[2][0][7] |     4.809 | SLOW    |     2.506 | FAST    |
S_A_i[2][0][2] | S_C_o[2][1][2] |     4.261 | SLOW    |     2.209 | FAST    |
S_A_i[2][0][2] | S_C_o[2][1][3] |     4.500 | SLOW    |     2.332 | FAST    |
S_A_i[2][0][2] | S_C_o[2][1][4] |     4.522 | SLOW    |     2.346 | FAST    |
S_A_i[2][0][2] | S_C_o[2][1][5] |     4.587 | SLOW    |     2.383 | FAST    |
S_A_i[2][0][2] | S_C_o[2][1][6] |     4.744 | SLOW    |     2.469 | FAST    |
S_A_i[2][0][2] | S_C_o[2][1][7] |     4.809 | SLOW    |     2.506 | FAST    |
S_A_i[2][0][2] | S_C_o[2][2][2] |     4.261 | SLOW    |     2.209 | FAST    |
S_A_i[2][0][2] | S_C_o[2][2][3] |     4.500 | SLOW    |     2.332 | FAST    |
S_A_i[2][0][2] | S_C_o[2][2][4] |     4.522 | SLOW    |     2.346 | FAST    |
S_A_i[2][0][2] | S_C_o[2][2][5] |     4.587 | SLOW    |     2.383 | FAST    |
S_A_i[2][0][2] | S_C_o[2][2][6] |     4.744 | SLOW    |     2.469 | FAST    |
S_A_i[2][0][2] | S_C_o[2][2][7] |     4.809 | SLOW    |     2.506 | FAST    |
S_A_i[2][0][2] | S_C_o[2][3][2] |     4.261 | SLOW    |     2.209 | FAST    |
S_A_i[2][0][2] | S_C_o[2][3][3] |     4.500 | SLOW    |     2.332 | FAST    |
S_A_i[2][0][2] | S_C_o[2][3][4] |     4.522 | SLOW    |     2.346 | FAST    |
S_A_i[2][0][2] | S_C_o[2][3][5] |     4.587 | SLOW    |     2.383 | FAST    |
S_A_i[2][0][2] | S_C_o[2][3][6] |     4.744 | SLOW    |     2.469 | FAST    |
S_A_i[2][0][2] | S_C_o[2][3][7] |     4.809 | SLOW    |     2.506 | FAST    |
S_A_i[2][0][2] | S_C_o[2][4][2] |     4.261 | SLOW    |     2.209 | FAST    |
S_A_i[2][0][2] | S_C_o[2][4][3] |     4.500 | SLOW    |     2.332 | FAST    |
S_A_i[2][0][2] | S_C_o[2][4][4] |     4.522 | SLOW    |     2.346 | FAST    |
S_A_i[2][0][2] | S_C_o[2][4][5] |     4.587 | SLOW    |     2.383 | FAST    |
S_A_i[2][0][2] | S_C_o[2][4][6] |     4.744 | SLOW    |     2.469 | FAST    |
S_A_i[2][0][2] | S_C_o[2][4][7] |     4.809 | SLOW    |     2.506 | FAST    |
S_A_i[2][0][2] | S_C_o[2][5][2] |     4.261 | SLOW    |     2.209 | FAST    |
S_A_i[2][0][2] | S_C_o[2][5][3] |     4.500 | SLOW    |     2.332 | FAST    |
S_A_i[2][0][2] | S_C_o[2][5][4] |     4.522 | SLOW    |     2.346 | FAST    |
S_A_i[2][0][2] | S_C_o[2][5][5] |     4.587 | SLOW    |     2.383 | FAST    |
S_A_i[2][0][2] | S_C_o[2][5][6] |     4.744 | SLOW    |     2.469 | FAST    |
S_A_i[2][0][2] | S_C_o[2][5][7] |     4.809 | SLOW    |     2.506 | FAST    |
S_A_i[2][0][2] | S_C_o[2][6][2] |     4.261 | SLOW    |     2.209 | FAST    |
S_A_i[2][0][2] | S_C_o[2][6][3] |     4.500 | SLOW    |     2.332 | FAST    |
S_A_i[2][0][2] | S_C_o[2][6][4] |     4.522 | SLOW    |     2.346 | FAST    |
S_A_i[2][0][2] | S_C_o[2][6][5] |     4.587 | SLOW    |     2.383 | FAST    |
S_A_i[2][0][2] | S_C_o[2][6][6] |     4.744 | SLOW    |     2.469 | FAST    |
S_A_i[2][0][2] | S_C_o[2][6][7] |     4.809 | SLOW    |     2.506 | FAST    |
S_A_i[2][0][2] | S_C_o[2][7][2] |     4.261 | SLOW    |     2.209 | FAST    |
S_A_i[2][0][2] | S_C_o[2][7][3] |     4.500 | SLOW    |     2.332 | FAST    |
S_A_i[2][0][2] | S_C_o[2][7][4] |     4.522 | SLOW    |     2.346 | FAST    |
S_A_i[2][0][2] | S_C_o[2][7][5] |     4.587 | SLOW    |     2.383 | FAST    |
S_A_i[2][0][2] | S_C_o[2][7][6] |     4.744 | SLOW    |     2.469 | FAST    |
S_A_i[2][0][2] | S_C_o[2][7][7] |     4.809 | SLOW    |     2.506 | FAST    |
S_A_i[2][0][3] | S_C_o[2][0][3] |     4.277 | SLOW    |     2.217 | FAST    |
S_A_i[2][0][3] | S_C_o[2][0][4] |     4.294 | SLOW    |     2.223 | FAST    |
S_A_i[2][0][3] | S_C_o[2][0][5] |     4.272 | SLOW    |     2.209 | FAST    |
S_A_i[2][0][3] | S_C_o[2][0][6] |     4.530 | SLOW    |     2.360 | FAST    |
S_A_i[2][0][3] | S_C_o[2][0][7] |     4.595 | SLOW    |     2.397 | FAST    |
S_A_i[2][0][3] | S_C_o[2][1][3] |     4.277 | SLOW    |     2.217 | FAST    |
S_A_i[2][0][3] | S_C_o[2][1][4] |     4.294 | SLOW    |     2.223 | FAST    |
S_A_i[2][0][3] | S_C_o[2][1][5] |     4.272 | SLOW    |     2.209 | FAST    |
S_A_i[2][0][3] | S_C_o[2][1][6] |     4.530 | SLOW    |     2.360 | FAST    |
S_A_i[2][0][3] | S_C_o[2][1][7] |     4.595 | SLOW    |     2.397 | FAST    |
S_A_i[2][0][3] | S_C_o[2][2][3] |     4.277 | SLOW    |     2.217 | FAST    |
S_A_i[2][0][3] | S_C_o[2][2][4] |     4.294 | SLOW    |     2.223 | FAST    |
S_A_i[2][0][3] | S_C_o[2][2][5] |     4.272 | SLOW    |     2.209 | FAST    |
S_A_i[2][0][3] | S_C_o[2][2][6] |     4.530 | SLOW    |     2.360 | FAST    |
S_A_i[2][0][3] | S_C_o[2][2][7] |     4.595 | SLOW    |     2.397 | FAST    |
S_A_i[2][0][3] | S_C_o[2][3][3] |     4.277 | SLOW    |     2.217 | FAST    |
S_A_i[2][0][3] | S_C_o[2][3][4] |     4.294 | SLOW    |     2.223 | FAST    |
S_A_i[2][0][3] | S_C_o[2][3][5] |     4.272 | SLOW    |     2.209 | FAST    |
S_A_i[2][0][3] | S_C_o[2][3][6] |     4.530 | SLOW    |     2.360 | FAST    |
S_A_i[2][0][3] | S_C_o[2][3][7] |     4.595 | SLOW    |     2.397 | FAST    |
S_A_i[2][0][3] | S_C_o[2][4][3] |     4.277 | SLOW    |     2.217 | FAST    |
S_A_i[2][0][3] | S_C_o[2][4][4] |     4.294 | SLOW    |     2.223 | FAST    |
S_A_i[2][0][3] | S_C_o[2][4][5] |     4.272 | SLOW    |     2.209 | FAST    |
S_A_i[2][0][3] | S_C_o[2][4][6] |     4.530 | SLOW    |     2.360 | FAST    |
S_A_i[2][0][3] | S_C_o[2][4][7] |     4.595 | SLOW    |     2.397 | FAST    |
S_A_i[2][0][3] | S_C_o[2][5][3] |     4.277 | SLOW    |     2.217 | FAST    |
S_A_i[2][0][3] | S_C_o[2][5][4] |     4.294 | SLOW    |     2.223 | FAST    |
S_A_i[2][0][3] | S_C_o[2][5][5] |     4.272 | SLOW    |     2.209 | FAST    |
S_A_i[2][0][3] | S_C_o[2][5][6] |     4.530 | SLOW    |     2.360 | FAST    |
S_A_i[2][0][3] | S_C_o[2][5][7] |     4.595 | SLOW    |     2.397 | FAST    |
S_A_i[2][0][3] | S_C_o[2][6][3] |     4.277 | SLOW    |     2.217 | FAST    |
S_A_i[2][0][3] | S_C_o[2][6][4] |     4.294 | SLOW    |     2.223 | FAST    |
S_A_i[2][0][3] | S_C_o[2][6][5] |     4.272 | SLOW    |     2.209 | FAST    |
S_A_i[2][0][3] | S_C_o[2][6][6] |     4.530 | SLOW    |     2.360 | FAST    |
S_A_i[2][0][3] | S_C_o[2][6][7] |     4.595 | SLOW    |     2.397 | FAST    |
S_A_i[2][0][3] | S_C_o[2][7][3] |     4.277 | SLOW    |     2.217 | FAST    |
S_A_i[2][0][3] | S_C_o[2][7][4] |     4.294 | SLOW    |     2.223 | FAST    |
S_A_i[2][0][3] | S_C_o[2][7][5] |     4.272 | SLOW    |     2.209 | FAST    |
S_A_i[2][0][3] | S_C_o[2][7][6] |     4.530 | SLOW    |     2.360 | FAST    |
S_A_i[2][0][3] | S_C_o[2][7][7] |     4.595 | SLOW    |     2.397 | FAST    |
S_A_i[2][0][4] | S_C_o[2][0][4] |     4.301 | SLOW    |     2.233 | FAST    |
S_A_i[2][0][4] | S_C_o[2][0][5] |     4.297 | SLOW    |     2.222 | FAST    |
S_A_i[2][0][4] | S_C_o[2][0][6] |     4.509 | SLOW    |     2.342 | FAST    |
S_A_i[2][0][4] | S_C_o[2][0][7] |     4.574 | SLOW    |     2.379 | FAST    |
S_A_i[2][0][4] | S_C_o[2][1][4] |     4.301 | SLOW    |     2.233 | FAST    |
S_A_i[2][0][4] | S_C_o[2][1][5] |     4.297 | SLOW    |     2.222 | FAST    |
S_A_i[2][0][4] | S_C_o[2][1][6] |     4.509 | SLOW    |     2.342 | FAST    |
S_A_i[2][0][4] | S_C_o[2][1][7] |     4.574 | SLOW    |     2.379 | FAST    |
S_A_i[2][0][4] | S_C_o[2][2][4] |     4.301 | SLOW    |     2.233 | FAST    |
S_A_i[2][0][4] | S_C_o[2][2][5] |     4.297 | SLOW    |     2.222 | FAST    |
S_A_i[2][0][4] | S_C_o[2][2][6] |     4.509 | SLOW    |     2.342 | FAST    |
S_A_i[2][0][4] | S_C_o[2][2][7] |     4.574 | SLOW    |     2.379 | FAST    |
S_A_i[2][0][4] | S_C_o[2][3][4] |     4.301 | SLOW    |     2.233 | FAST    |
S_A_i[2][0][4] | S_C_o[2][3][5] |     4.297 | SLOW    |     2.222 | FAST    |
S_A_i[2][0][4] | S_C_o[2][3][6] |     4.509 | SLOW    |     2.342 | FAST    |
S_A_i[2][0][4] | S_C_o[2][3][7] |     4.574 | SLOW    |     2.379 | FAST    |
S_A_i[2][0][4] | S_C_o[2][4][4] |     4.301 | SLOW    |     2.233 | FAST    |
S_A_i[2][0][4] | S_C_o[2][4][5] |     4.297 | SLOW    |     2.222 | FAST    |
S_A_i[2][0][4] | S_C_o[2][4][6] |     4.509 | SLOW    |     2.342 | FAST    |
S_A_i[2][0][4] | S_C_o[2][4][7] |     4.574 | SLOW    |     2.379 | FAST    |
S_A_i[2][0][4] | S_C_o[2][5][4] |     4.301 | SLOW    |     2.233 | FAST    |
S_A_i[2][0][4] | S_C_o[2][5][5] |     4.297 | SLOW    |     2.222 | FAST    |
S_A_i[2][0][4] | S_C_o[2][5][6] |     4.509 | SLOW    |     2.342 | FAST    |
S_A_i[2][0][4] | S_C_o[2][5][7] |     4.574 | SLOW    |     2.379 | FAST    |
S_A_i[2][0][4] | S_C_o[2][6][4] |     4.301 | SLOW    |     2.233 | FAST    |
S_A_i[2][0][4] | S_C_o[2][6][5] |     4.297 | SLOW    |     2.222 | FAST    |
S_A_i[2][0][4] | S_C_o[2][6][6] |     4.509 | SLOW    |     2.342 | FAST    |
S_A_i[2][0][4] | S_C_o[2][6][7] |     4.574 | SLOW    |     2.379 | FAST    |
S_A_i[2][0][4] | S_C_o[2][7][4] |     4.301 | SLOW    |     2.233 | FAST    |
S_A_i[2][0][4] | S_C_o[2][7][5] |     4.297 | SLOW    |     2.222 | FAST    |
S_A_i[2][0][4] | S_C_o[2][7][6] |     4.509 | SLOW    |     2.342 | FAST    |
S_A_i[2][0][4] | S_C_o[2][7][7] |     4.574 | SLOW    |     2.379 | FAST    |
S_A_i[2][0][5] | S_C_o[2][0][5] |     4.468 | SLOW    |     2.326 | FAST    |
S_A_i[2][0][5] | S_C_o[2][0][6] |     4.287 | SLOW    |     2.219 | FAST    |
S_A_i[2][0][5] | S_C_o[2][0][7] |     4.297 | SLOW    |     2.222 | FAST    |
S_A_i[2][0][5] | S_C_o[2][1][5] |     4.468 | SLOW    |     2.326 | FAST    |
S_A_i[2][0][5] | S_C_o[2][1][6] |     4.287 | SLOW    |     2.219 | FAST    |
S_A_i[2][0][5] | S_C_o[2][1][7] |     4.297 | SLOW    |     2.222 | FAST    |
S_A_i[2][0][5] | S_C_o[2][2][5] |     4.468 | SLOW    |     2.326 | FAST    |
S_A_i[2][0][5] | S_C_o[2][2][6] |     4.287 | SLOW    |     2.219 | FAST    |
S_A_i[2][0][5] | S_C_o[2][2][7] |     4.297 | SLOW    |     2.222 | FAST    |
S_A_i[2][0][5] | S_C_o[2][3][5] |     4.468 | SLOW    |     2.326 | FAST    |
S_A_i[2][0][5] | S_C_o[2][3][6] |     4.287 | SLOW    |     2.219 | FAST    |
S_A_i[2][0][5] | S_C_o[2][3][7] |     4.297 | SLOW    |     2.222 | FAST    |
S_A_i[2][0][5] | S_C_o[2][4][5] |     4.468 | SLOW    |     2.326 | FAST    |
S_A_i[2][0][5] | S_C_o[2][4][6] |     4.287 | SLOW    |     2.219 | FAST    |
S_A_i[2][0][5] | S_C_o[2][4][7] |     4.297 | SLOW    |     2.222 | FAST    |
S_A_i[2][0][5] | S_C_o[2][5][5] |     4.468 | SLOW    |     2.326 | FAST    |
S_A_i[2][0][5] | S_C_o[2][5][6] |     4.287 | SLOW    |     2.219 | FAST    |
S_A_i[2][0][5] | S_C_o[2][5][7] |     4.297 | SLOW    |     2.222 | FAST    |
S_A_i[2][0][5] | S_C_o[2][6][5] |     4.468 | SLOW    |     2.326 | FAST    |
S_A_i[2][0][5] | S_C_o[2][6][6] |     4.287 | SLOW    |     2.219 | FAST    |
S_A_i[2][0][5] | S_C_o[2][6][7] |     4.297 | SLOW    |     2.222 | FAST    |
S_A_i[2][0][5] | S_C_o[2][7][5] |     4.468 | SLOW    |     2.326 | FAST    |
S_A_i[2][0][5] | S_C_o[2][7][6] |     4.287 | SLOW    |     2.219 | FAST    |
S_A_i[2][0][5] | S_C_o[2][7][7] |     4.297 | SLOW    |     2.222 | FAST    |
S_A_i[2][0][6] | S_C_o[2][0][6] |     4.292 | SLOW    |     2.229 | FAST    |
S_A_i[2][0][6] | S_C_o[2][0][7] |     4.256 | SLOW    |     2.201 | FAST    |
S_A_i[2][0][6] | S_C_o[2][1][6] |     4.292 | SLOW    |     2.229 | FAST    |
S_A_i[2][0][6] | S_C_o[2][1][7] |     4.256 | SLOW    |     2.201 | FAST    |
S_A_i[2][0][6] | S_C_o[2][2][6] |     4.292 | SLOW    |     2.229 | FAST    |
S_A_i[2][0][6] | S_C_o[2][2][7] |     4.256 | SLOW    |     2.201 | FAST    |
S_A_i[2][0][6] | S_C_o[2][3][6] |     4.292 | SLOW    |     2.229 | FAST    |
S_A_i[2][0][6] | S_C_o[2][3][7] |     4.256 | SLOW    |     2.201 | FAST    |
S_A_i[2][0][6] | S_C_o[2][4][6] |     4.292 | SLOW    |     2.229 | FAST    |
S_A_i[2][0][6] | S_C_o[2][4][7] |     4.256 | SLOW    |     2.201 | FAST    |
S_A_i[2][0][6] | S_C_o[2][5][6] |     4.292 | SLOW    |     2.229 | FAST    |
S_A_i[2][0][6] | S_C_o[2][5][7] |     4.256 | SLOW    |     2.201 | FAST    |
S_A_i[2][0][6] | S_C_o[2][6][6] |     4.292 | SLOW    |     2.229 | FAST    |
S_A_i[2][0][6] | S_C_o[2][6][7] |     4.256 | SLOW    |     2.201 | FAST    |
S_A_i[2][0][6] | S_C_o[2][7][6] |     4.292 | SLOW    |     2.229 | FAST    |
S_A_i[2][0][6] | S_C_o[2][7][7] |     4.256 | SLOW    |     2.201 | FAST    |
S_A_i[2][0][7] | S_C_o[2][0][7] |     4.444 | SLOW    |     2.314 | FAST    |
S_A_i[2][0][7] | S_C_o[2][1][7] |     4.444 | SLOW    |     2.314 | FAST    |
S_A_i[2][0][7] | S_C_o[2][2][7] |     4.444 | SLOW    |     2.314 | FAST    |
S_A_i[2][0][7] | S_C_o[2][3][7] |     4.444 | SLOW    |     2.314 | FAST    |
S_A_i[2][0][7] | S_C_o[2][4][7] |     4.444 | SLOW    |     2.314 | FAST    |
S_A_i[2][0][7] | S_C_o[2][5][7] |     4.444 | SLOW    |     2.314 | FAST    |
S_A_i[2][0][7] | S_C_o[2][6][7] |     4.444 | SLOW    |     2.314 | FAST    |
S_A_i[2][0][7] | S_C_o[2][7][7] |     4.444 | SLOW    |     2.314 | FAST    |
S_A_i[3][0][0] | S_C_o[3][0][0] |     4.277 | SLOW    |     2.217 | FAST    |
S_A_i[3][0][0] | S_C_o[3][0][1] |     4.294 | SLOW    |     2.223 | FAST    |
S_A_i[3][0][0] | S_C_o[3][0][2] |     4.304 | SLOW    |     2.226 | FAST    |
S_A_i[3][0][0] | S_C_o[3][0][3] |     4.484 | SLOW    |     2.323 | FAST    |
S_A_i[3][0][0] | S_C_o[3][0][4] |     4.506 | SLOW    |     2.337 | FAST    |
S_A_i[3][0][0] | S_C_o[3][0][5] |     4.571 | SLOW    |     2.374 | FAST    |
S_A_i[3][0][0] | S_C_o[3][0][6] |     4.728 | SLOW    |     2.460 | FAST    |
S_A_i[3][0][0] | S_C_o[3][0][7] |     4.793 | SLOW    |     2.497 | FAST    |
S_A_i[3][0][0] | S_C_o[3][1][0] |     4.277 | SLOW    |     2.217 | FAST    |
S_A_i[3][0][0] | S_C_o[3][1][1] |     4.294 | SLOW    |     2.223 | FAST    |
S_A_i[3][0][0] | S_C_o[3][1][2] |     4.304 | SLOW    |     2.226 | FAST    |
S_A_i[3][0][0] | S_C_o[3][1][3] |     4.484 | SLOW    |     2.323 | FAST    |
S_A_i[3][0][0] | S_C_o[3][1][4] |     4.506 | SLOW    |     2.337 | FAST    |
S_A_i[3][0][0] | S_C_o[3][1][5] |     4.571 | SLOW    |     2.374 | FAST    |
S_A_i[3][0][0] | S_C_o[3][1][6] |     4.728 | SLOW    |     2.460 | FAST    |
S_A_i[3][0][0] | S_C_o[3][1][7] |     4.793 | SLOW    |     2.497 | FAST    |
S_A_i[3][0][0] | S_C_o[3][2][0] |     4.277 | SLOW    |     2.217 | FAST    |
S_A_i[3][0][0] | S_C_o[3][2][1] |     4.294 | SLOW    |     2.223 | FAST    |
S_A_i[3][0][0] | S_C_o[3][2][2] |     4.304 | SLOW    |     2.226 | FAST    |
S_A_i[3][0][0] | S_C_o[3][2][3] |     4.484 | SLOW    |     2.323 | FAST    |
S_A_i[3][0][0] | S_C_o[3][2][4] |     4.506 | SLOW    |     2.337 | FAST    |
S_A_i[3][0][0] | S_C_o[3][2][5] |     4.571 | SLOW    |     2.374 | FAST    |
S_A_i[3][0][0] | S_C_o[3][2][6] |     4.728 | SLOW    |     2.460 | FAST    |
S_A_i[3][0][0] | S_C_o[3][2][7] |     4.793 | SLOW    |     2.497 | FAST    |
S_A_i[3][0][0] | S_C_o[3][3][0] |     4.277 | SLOW    |     2.217 | FAST    |
S_A_i[3][0][0] | S_C_o[3][3][1] |     4.294 | SLOW    |     2.223 | FAST    |
S_A_i[3][0][0] | S_C_o[3][3][2] |     4.304 | SLOW    |     2.226 | FAST    |
S_A_i[3][0][0] | S_C_o[3][3][3] |     4.484 | SLOW    |     2.323 | FAST    |
S_A_i[3][0][0] | S_C_o[3][3][4] |     4.506 | SLOW    |     2.337 | FAST    |
S_A_i[3][0][0] | S_C_o[3][3][5] |     4.571 | SLOW    |     2.374 | FAST    |
S_A_i[3][0][0] | S_C_o[3][3][6] |     4.728 | SLOW    |     2.460 | FAST    |
S_A_i[3][0][0] | S_C_o[3][3][7] |     4.793 | SLOW    |     2.497 | FAST    |
S_A_i[3][0][0] | S_C_o[3][4][0] |     4.277 | SLOW    |     2.217 | FAST    |
S_A_i[3][0][0] | S_C_o[3][4][1] |     4.294 | SLOW    |     2.223 | FAST    |
S_A_i[3][0][0] | S_C_o[3][4][2] |     4.304 | SLOW    |     2.226 | FAST    |
S_A_i[3][0][0] | S_C_o[3][4][3] |     4.484 | SLOW    |     2.323 | FAST    |
S_A_i[3][0][0] | S_C_o[3][4][4] |     4.506 | SLOW    |     2.337 | FAST    |
S_A_i[3][0][0] | S_C_o[3][4][5] |     4.571 | SLOW    |     2.374 | FAST    |
S_A_i[3][0][0] | S_C_o[3][4][6] |     4.728 | SLOW    |     2.460 | FAST    |
S_A_i[3][0][0] | S_C_o[3][4][7] |     4.793 | SLOW    |     2.497 | FAST    |
S_A_i[3][0][0] | S_C_o[3][5][0] |     4.277 | SLOW    |     2.217 | FAST    |
S_A_i[3][0][0] | S_C_o[3][5][1] |     4.294 | SLOW    |     2.223 | FAST    |
S_A_i[3][0][0] | S_C_o[3][5][2] |     4.304 | SLOW    |     2.226 | FAST    |
S_A_i[3][0][0] | S_C_o[3][5][3] |     4.484 | SLOW    |     2.323 | FAST    |
S_A_i[3][0][0] | S_C_o[3][5][4] |     4.506 | SLOW    |     2.337 | FAST    |
S_A_i[3][0][0] | S_C_o[3][5][5] |     4.571 | SLOW    |     2.374 | FAST    |
S_A_i[3][0][0] | S_C_o[3][5][6] |     4.728 | SLOW    |     2.460 | FAST    |
S_A_i[3][0][0] | S_C_o[3][5][7] |     4.793 | SLOW    |     2.497 | FAST    |
S_A_i[3][0][0] | S_C_o[3][6][0] |     4.277 | SLOW    |     2.217 | FAST    |
S_A_i[3][0][0] | S_C_o[3][6][1] |     4.294 | SLOW    |     2.223 | FAST    |
S_A_i[3][0][0] | S_C_o[3][6][2] |     4.304 | SLOW    |     2.226 | FAST    |
S_A_i[3][0][0] | S_C_o[3][6][3] |     4.484 | SLOW    |     2.323 | FAST    |
S_A_i[3][0][0] | S_C_o[3][6][4] |     4.506 | SLOW    |     2.337 | FAST    |
S_A_i[3][0][0] | S_C_o[3][6][5] |     4.571 | SLOW    |     2.374 | FAST    |
S_A_i[3][0][0] | S_C_o[3][6][6] |     4.728 | SLOW    |     2.460 | FAST    |
S_A_i[3][0][0] | S_C_o[3][6][7] |     4.793 | SLOW    |     2.497 | FAST    |
S_A_i[3][0][0] | S_C_o[3][7][0] |     4.277 | SLOW    |     2.217 | FAST    |
S_A_i[3][0][0] | S_C_o[3][7][1] |     4.294 | SLOW    |     2.223 | FAST    |
S_A_i[3][0][0] | S_C_o[3][7][2] |     4.304 | SLOW    |     2.226 | FAST    |
S_A_i[3][0][0] | S_C_o[3][7][3] |     4.484 | SLOW    |     2.323 | FAST    |
S_A_i[3][0][0] | S_C_o[3][7][4] |     4.506 | SLOW    |     2.337 | FAST    |
S_A_i[3][0][0] | S_C_o[3][7][5] |     4.571 | SLOW    |     2.374 | FAST    |
S_A_i[3][0][0] | S_C_o[3][7][6] |     4.728 | SLOW    |     2.460 | FAST    |
S_A_i[3][0][0] | S_C_o[3][7][7] |     4.793 | SLOW    |     2.497 | FAST    |
S_A_i[3][0][1] | S_C_o[3][0][1] |     4.301 | SLOW    |     2.233 | FAST    |
S_A_i[3][0][1] | S_C_o[3][0][2] |     4.297 | SLOW    |     2.222 | FAST    |
S_A_i[3][0][1] | S_C_o[3][0][3] |     4.482 | SLOW    |     2.327 | FAST    |
S_A_i[3][0][1] | S_C_o[3][0][4] |     4.504 | SLOW    |     2.341 | FAST    |
S_A_i[3][0][1] | S_C_o[3][0][5] |     4.569 | SLOW    |     2.378 | FAST    |
S_A_i[3][0][1] | S_C_o[3][0][6] |     4.726 | SLOW    |     2.464 | FAST    |
S_A_i[3][0][1] | S_C_o[3][0][7] |     4.791 | SLOW    |     2.501 | FAST    |
S_A_i[3][0][1] | S_C_o[3][1][1] |     4.301 | SLOW    |     2.233 | FAST    |
S_A_i[3][0][1] | S_C_o[3][1][2] |     4.297 | SLOW    |     2.222 | FAST    |
S_A_i[3][0][1] | S_C_o[3][1][3] |     4.482 | SLOW    |     2.327 | FAST    |
S_A_i[3][0][1] | S_C_o[3][1][4] |     4.504 | SLOW    |     2.341 | FAST    |
S_A_i[3][0][1] | S_C_o[3][1][5] |     4.569 | SLOW    |     2.378 | FAST    |
S_A_i[3][0][1] | S_C_o[3][1][6] |     4.726 | SLOW    |     2.464 | FAST    |
S_A_i[3][0][1] | S_C_o[3][1][7] |     4.791 | SLOW    |     2.501 | FAST    |
S_A_i[3][0][1] | S_C_o[3][2][1] |     4.301 | SLOW    |     2.233 | FAST    |
S_A_i[3][0][1] | S_C_o[3][2][2] |     4.297 | SLOW    |     2.222 | FAST    |
S_A_i[3][0][1] | S_C_o[3][2][3] |     4.482 | SLOW    |     2.327 | FAST    |
S_A_i[3][0][1] | S_C_o[3][2][4] |     4.504 | SLOW    |     2.341 | FAST    |
S_A_i[3][0][1] | S_C_o[3][2][5] |     4.569 | SLOW    |     2.378 | FAST    |
S_A_i[3][0][1] | S_C_o[3][2][6] |     4.726 | SLOW    |     2.464 | FAST    |
S_A_i[3][0][1] | S_C_o[3][2][7] |     4.791 | SLOW    |     2.501 | FAST    |
S_A_i[3][0][1] | S_C_o[3][3][1] |     4.301 | SLOW    |     2.233 | FAST    |
S_A_i[3][0][1] | S_C_o[3][3][2] |     4.297 | SLOW    |     2.222 | FAST    |
S_A_i[3][0][1] | S_C_o[3][3][3] |     4.482 | SLOW    |     2.327 | FAST    |
S_A_i[3][0][1] | S_C_o[3][3][4] |     4.504 | SLOW    |     2.341 | FAST    |
S_A_i[3][0][1] | S_C_o[3][3][5] |     4.569 | SLOW    |     2.378 | FAST    |
S_A_i[3][0][1] | S_C_o[3][3][6] |     4.726 | SLOW    |     2.464 | FAST    |
S_A_i[3][0][1] | S_C_o[3][3][7] |     4.791 | SLOW    |     2.501 | FAST    |
S_A_i[3][0][1] | S_C_o[3][4][1] |     4.301 | SLOW    |     2.233 | FAST    |
S_A_i[3][0][1] | S_C_o[3][4][2] |     4.297 | SLOW    |     2.222 | FAST    |
S_A_i[3][0][1] | S_C_o[3][4][3] |     4.482 | SLOW    |     2.327 | FAST    |
S_A_i[3][0][1] | S_C_o[3][4][4] |     4.504 | SLOW    |     2.341 | FAST    |
S_A_i[3][0][1] | S_C_o[3][4][5] |     4.569 | SLOW    |     2.378 | FAST    |
S_A_i[3][0][1] | S_C_o[3][4][6] |     4.726 | SLOW    |     2.464 | FAST    |
S_A_i[3][0][1] | S_C_o[3][4][7] |     4.791 | SLOW    |     2.501 | FAST    |
S_A_i[3][0][1] | S_C_o[3][5][1] |     4.301 | SLOW    |     2.233 | FAST    |
S_A_i[3][0][1] | S_C_o[3][5][2] |     4.297 | SLOW    |     2.222 | FAST    |
S_A_i[3][0][1] | S_C_o[3][5][3] |     4.482 | SLOW    |     2.327 | FAST    |
S_A_i[3][0][1] | S_C_o[3][5][4] |     4.504 | SLOW    |     2.341 | FAST    |
S_A_i[3][0][1] | S_C_o[3][5][5] |     4.569 | SLOW    |     2.378 | FAST    |
S_A_i[3][0][1] | S_C_o[3][5][6] |     4.726 | SLOW    |     2.464 | FAST    |
S_A_i[3][0][1] | S_C_o[3][5][7] |     4.791 | SLOW    |     2.501 | FAST    |
S_A_i[3][0][1] | S_C_o[3][6][1] |     4.301 | SLOW    |     2.233 | FAST    |
S_A_i[3][0][1] | S_C_o[3][6][2] |     4.297 | SLOW    |     2.222 | FAST    |
S_A_i[3][0][1] | S_C_o[3][6][3] |     4.482 | SLOW    |     2.327 | FAST    |
S_A_i[3][0][1] | S_C_o[3][6][4] |     4.504 | SLOW    |     2.341 | FAST    |
S_A_i[3][0][1] | S_C_o[3][6][5] |     4.569 | SLOW    |     2.378 | FAST    |
S_A_i[3][0][1] | S_C_o[3][6][6] |     4.726 | SLOW    |     2.464 | FAST    |
S_A_i[3][0][1] | S_C_o[3][6][7] |     4.791 | SLOW    |     2.501 | FAST    |
S_A_i[3][0][1] | S_C_o[3][7][1] |     4.301 | SLOW    |     2.233 | FAST    |
S_A_i[3][0][1] | S_C_o[3][7][2] |     4.297 | SLOW    |     2.222 | FAST    |
S_A_i[3][0][1] | S_C_o[3][7][3] |     4.482 | SLOW    |     2.327 | FAST    |
S_A_i[3][0][1] | S_C_o[3][7][4] |     4.504 | SLOW    |     2.341 | FAST    |
S_A_i[3][0][1] | S_C_o[3][7][5] |     4.569 | SLOW    |     2.378 | FAST    |
S_A_i[3][0][1] | S_C_o[3][7][6] |     4.726 | SLOW    |     2.464 | FAST    |
S_A_i[3][0][1] | S_C_o[3][7][7] |     4.791 | SLOW    |     2.501 | FAST    |
S_A_i[3][0][2] | S_C_o[3][0][2] |     4.261 | SLOW    |     2.209 | FAST    |
S_A_i[3][0][2] | S_C_o[3][0][3] |     4.500 | SLOW    |     2.332 | FAST    |
S_A_i[3][0][2] | S_C_o[3][0][4] |     4.522 | SLOW    |     2.346 | FAST    |
S_A_i[3][0][2] | S_C_o[3][0][5] |     4.587 | SLOW    |     2.383 | FAST    |
S_A_i[3][0][2] | S_C_o[3][0][6] |     4.744 | SLOW    |     2.469 | FAST    |
S_A_i[3][0][2] | S_C_o[3][0][7] |     4.809 | SLOW    |     2.506 | FAST    |
S_A_i[3][0][2] | S_C_o[3][1][2] |     4.261 | SLOW    |     2.209 | FAST    |
S_A_i[3][0][2] | S_C_o[3][1][3] |     4.500 | SLOW    |     2.332 | FAST    |
S_A_i[3][0][2] | S_C_o[3][1][4] |     4.522 | SLOW    |     2.346 | FAST    |
S_A_i[3][0][2] | S_C_o[3][1][5] |     4.587 | SLOW    |     2.383 | FAST    |
S_A_i[3][0][2] | S_C_o[3][1][6] |     4.744 | SLOW    |     2.469 | FAST    |
S_A_i[3][0][2] | S_C_o[3][1][7] |     4.809 | SLOW    |     2.506 | FAST    |
S_A_i[3][0][2] | S_C_o[3][2][2] |     4.261 | SLOW    |     2.209 | FAST    |
S_A_i[3][0][2] | S_C_o[3][2][3] |     4.500 | SLOW    |     2.332 | FAST    |
S_A_i[3][0][2] | S_C_o[3][2][4] |     4.522 | SLOW    |     2.346 | FAST    |
S_A_i[3][0][2] | S_C_o[3][2][5] |     4.587 | SLOW    |     2.383 | FAST    |
S_A_i[3][0][2] | S_C_o[3][2][6] |     4.744 | SLOW    |     2.469 | FAST    |
S_A_i[3][0][2] | S_C_o[3][2][7] |     4.809 | SLOW    |     2.506 | FAST    |
S_A_i[3][0][2] | S_C_o[3][3][2] |     4.261 | SLOW    |     2.209 | FAST    |
S_A_i[3][0][2] | S_C_o[3][3][3] |     4.500 | SLOW    |     2.332 | FAST    |
S_A_i[3][0][2] | S_C_o[3][3][4] |     4.522 | SLOW    |     2.346 | FAST    |
S_A_i[3][0][2] | S_C_o[3][3][5] |     4.587 | SLOW    |     2.383 | FAST    |
S_A_i[3][0][2] | S_C_o[3][3][6] |     4.744 | SLOW    |     2.469 | FAST    |
S_A_i[3][0][2] | S_C_o[3][3][7] |     4.809 | SLOW    |     2.506 | FAST    |
S_A_i[3][0][2] | S_C_o[3][4][2] |     4.261 | SLOW    |     2.209 | FAST    |
S_A_i[3][0][2] | S_C_o[3][4][3] |     4.500 | SLOW    |     2.332 | FAST    |
S_A_i[3][0][2] | S_C_o[3][4][4] |     4.522 | SLOW    |     2.346 | FAST    |
S_A_i[3][0][2] | S_C_o[3][4][5] |     4.587 | SLOW    |     2.383 | FAST    |
S_A_i[3][0][2] | S_C_o[3][4][6] |     4.744 | SLOW    |     2.469 | FAST    |
S_A_i[3][0][2] | S_C_o[3][4][7] |     4.809 | SLOW    |     2.506 | FAST    |
S_A_i[3][0][2] | S_C_o[3][5][2] |     4.261 | SLOW    |     2.209 | FAST    |
S_A_i[3][0][2] | S_C_o[3][5][3] |     4.500 | SLOW    |     2.332 | FAST    |
S_A_i[3][0][2] | S_C_o[3][5][4] |     4.522 | SLOW    |     2.346 | FAST    |
S_A_i[3][0][2] | S_C_o[3][5][5] |     4.587 | SLOW    |     2.383 | FAST    |
S_A_i[3][0][2] | S_C_o[3][5][6] |     4.744 | SLOW    |     2.469 | FAST    |
S_A_i[3][0][2] | S_C_o[3][5][7] |     4.809 | SLOW    |     2.506 | FAST    |
S_A_i[3][0][2] | S_C_o[3][6][2] |     4.261 | SLOW    |     2.209 | FAST    |
S_A_i[3][0][2] | S_C_o[3][6][3] |     4.500 | SLOW    |     2.332 | FAST    |
S_A_i[3][0][2] | S_C_o[3][6][4] |     4.522 | SLOW    |     2.346 | FAST    |
S_A_i[3][0][2] | S_C_o[3][6][5] |     4.587 | SLOW    |     2.383 | FAST    |
S_A_i[3][0][2] | S_C_o[3][6][6] |     4.744 | SLOW    |     2.469 | FAST    |
S_A_i[3][0][2] | S_C_o[3][6][7] |     4.809 | SLOW    |     2.506 | FAST    |
S_A_i[3][0][2] | S_C_o[3][7][2] |     4.261 | SLOW    |     2.209 | FAST    |
S_A_i[3][0][2] | S_C_o[3][7][3] |     4.500 | SLOW    |     2.332 | FAST    |
S_A_i[3][0][2] | S_C_o[3][7][4] |     4.522 | SLOW    |     2.346 | FAST    |
S_A_i[3][0][2] | S_C_o[3][7][5] |     4.587 | SLOW    |     2.383 | FAST    |
S_A_i[3][0][2] | S_C_o[3][7][6] |     4.744 | SLOW    |     2.469 | FAST    |
S_A_i[3][0][2] | S_C_o[3][7][7] |     4.809 | SLOW    |     2.506 | FAST    |
S_A_i[3][0][3] | S_C_o[3][0][3] |     4.277 | SLOW    |     2.217 | FAST    |
S_A_i[3][0][3] | S_C_o[3][0][4] |     4.294 | SLOW    |     2.223 | FAST    |
S_A_i[3][0][3] | S_C_o[3][0][5] |     4.272 | SLOW    |     2.209 | FAST    |
S_A_i[3][0][3] | S_C_o[3][0][6] |     4.530 | SLOW    |     2.360 | FAST    |
S_A_i[3][0][3] | S_C_o[3][0][7] |     4.595 | SLOW    |     2.397 | FAST    |
S_A_i[3][0][3] | S_C_o[3][1][3] |     4.277 | SLOW    |     2.217 | FAST    |
S_A_i[3][0][3] | S_C_o[3][1][4] |     4.294 | SLOW    |     2.223 | FAST    |
S_A_i[3][0][3] | S_C_o[3][1][5] |     4.272 | SLOW    |     2.209 | FAST    |
S_A_i[3][0][3] | S_C_o[3][1][6] |     4.530 | SLOW    |     2.360 | FAST    |
S_A_i[3][0][3] | S_C_o[3][1][7] |     4.595 | SLOW    |     2.397 | FAST    |
S_A_i[3][0][3] | S_C_o[3][2][3] |     4.277 | SLOW    |     2.217 | FAST    |
S_A_i[3][0][3] | S_C_o[3][2][4] |     4.294 | SLOW    |     2.223 | FAST    |
S_A_i[3][0][3] | S_C_o[3][2][5] |     4.272 | SLOW    |     2.209 | FAST    |
S_A_i[3][0][3] | S_C_o[3][2][6] |     4.530 | SLOW    |     2.360 | FAST    |
S_A_i[3][0][3] | S_C_o[3][2][7] |     4.595 | SLOW    |     2.397 | FAST    |
S_A_i[3][0][3] | S_C_o[3][3][3] |     4.277 | SLOW    |     2.217 | FAST    |
S_A_i[3][0][3] | S_C_o[3][3][4] |     4.294 | SLOW    |     2.223 | FAST    |
S_A_i[3][0][3] | S_C_o[3][3][5] |     4.272 | SLOW    |     2.209 | FAST    |
S_A_i[3][0][3] | S_C_o[3][3][6] |     4.530 | SLOW    |     2.360 | FAST    |
S_A_i[3][0][3] | S_C_o[3][3][7] |     4.595 | SLOW    |     2.397 | FAST    |
S_A_i[3][0][3] | S_C_o[3][4][3] |     4.277 | SLOW    |     2.217 | FAST    |
S_A_i[3][0][3] | S_C_o[3][4][4] |     4.294 | SLOW    |     2.223 | FAST    |
S_A_i[3][0][3] | S_C_o[3][4][5] |     4.272 | SLOW    |     2.209 | FAST    |
S_A_i[3][0][3] | S_C_o[3][4][6] |     4.530 | SLOW    |     2.360 | FAST    |
S_A_i[3][0][3] | S_C_o[3][4][7] |     4.595 | SLOW    |     2.397 | FAST    |
S_A_i[3][0][3] | S_C_o[3][5][3] |     4.277 | SLOW    |     2.217 | FAST    |
S_A_i[3][0][3] | S_C_o[3][5][4] |     4.294 | SLOW    |     2.223 | FAST    |
S_A_i[3][0][3] | S_C_o[3][5][5] |     4.272 | SLOW    |     2.209 | FAST    |
S_A_i[3][0][3] | S_C_o[3][5][6] |     4.530 | SLOW    |     2.360 | FAST    |
S_A_i[3][0][3] | S_C_o[3][5][7] |     4.595 | SLOW    |     2.397 | FAST    |
S_A_i[3][0][3] | S_C_o[3][6][3] |     4.277 | SLOW    |     2.217 | FAST    |
S_A_i[3][0][3] | S_C_o[3][6][4] |     4.294 | SLOW    |     2.223 | FAST    |
S_A_i[3][0][3] | S_C_o[3][6][5] |     4.272 | SLOW    |     2.209 | FAST    |
S_A_i[3][0][3] | S_C_o[3][6][6] |     4.530 | SLOW    |     2.360 | FAST    |
S_A_i[3][0][3] | S_C_o[3][6][7] |     4.595 | SLOW    |     2.397 | FAST    |
S_A_i[3][0][3] | S_C_o[3][7][3] |     4.277 | SLOW    |     2.217 | FAST    |
S_A_i[3][0][3] | S_C_o[3][7][4] |     4.294 | SLOW    |     2.223 | FAST    |
S_A_i[3][0][3] | S_C_o[3][7][5] |     4.272 | SLOW    |     2.209 | FAST    |
S_A_i[3][0][3] | S_C_o[3][7][6] |     4.530 | SLOW    |     2.360 | FAST    |
S_A_i[3][0][3] | S_C_o[3][7][7] |     4.595 | SLOW    |     2.397 | FAST    |
S_A_i[3][0][4] | S_C_o[3][0][4] |     4.301 | SLOW    |     2.233 | FAST    |
S_A_i[3][0][4] | S_C_o[3][0][5] |     4.297 | SLOW    |     2.222 | FAST    |
S_A_i[3][0][4] | S_C_o[3][0][6] |     4.509 | SLOW    |     2.342 | FAST    |
S_A_i[3][0][4] | S_C_o[3][0][7] |     4.574 | SLOW    |     2.379 | FAST    |
S_A_i[3][0][4] | S_C_o[3][1][4] |     4.301 | SLOW    |     2.233 | FAST    |
S_A_i[3][0][4] | S_C_o[3][1][5] |     4.297 | SLOW    |     2.222 | FAST    |
S_A_i[3][0][4] | S_C_o[3][1][6] |     4.509 | SLOW    |     2.342 | FAST    |
S_A_i[3][0][4] | S_C_o[3][1][7] |     4.574 | SLOW    |     2.379 | FAST    |
S_A_i[3][0][4] | S_C_o[3][2][4] |     4.301 | SLOW    |     2.233 | FAST    |
S_A_i[3][0][4] | S_C_o[3][2][5] |     4.297 | SLOW    |     2.222 | FAST    |
S_A_i[3][0][4] | S_C_o[3][2][6] |     4.509 | SLOW    |     2.342 | FAST    |
S_A_i[3][0][4] | S_C_o[3][2][7] |     4.574 | SLOW    |     2.379 | FAST    |
S_A_i[3][0][4] | S_C_o[3][3][4] |     4.301 | SLOW    |     2.233 | FAST    |
S_A_i[3][0][4] | S_C_o[3][3][5] |     4.297 | SLOW    |     2.222 | FAST    |
S_A_i[3][0][4] | S_C_o[3][3][6] |     4.509 | SLOW    |     2.342 | FAST    |
S_A_i[3][0][4] | S_C_o[3][3][7] |     4.574 | SLOW    |     2.379 | FAST    |
S_A_i[3][0][4] | S_C_o[3][4][4] |     4.301 | SLOW    |     2.233 | FAST    |
S_A_i[3][0][4] | S_C_o[3][4][5] |     4.297 | SLOW    |     2.222 | FAST    |
S_A_i[3][0][4] | S_C_o[3][4][6] |     4.509 | SLOW    |     2.342 | FAST    |
S_A_i[3][0][4] | S_C_o[3][4][7] |     4.574 | SLOW    |     2.379 | FAST    |
S_A_i[3][0][4] | S_C_o[3][5][4] |     4.301 | SLOW    |     2.233 | FAST    |
S_A_i[3][0][4] | S_C_o[3][5][5] |     4.297 | SLOW    |     2.222 | FAST    |
S_A_i[3][0][4] | S_C_o[3][5][6] |     4.509 | SLOW    |     2.342 | FAST    |
S_A_i[3][0][4] | S_C_o[3][5][7] |     4.574 | SLOW    |     2.379 | FAST    |
S_A_i[3][0][4] | S_C_o[3][6][4] |     4.301 | SLOW    |     2.233 | FAST    |
S_A_i[3][0][4] | S_C_o[3][6][5] |     4.297 | SLOW    |     2.222 | FAST    |
S_A_i[3][0][4] | S_C_o[3][6][6] |     4.509 | SLOW    |     2.342 | FAST    |
S_A_i[3][0][4] | S_C_o[3][6][7] |     4.574 | SLOW    |     2.379 | FAST    |
S_A_i[3][0][4] | S_C_o[3][7][4] |     4.301 | SLOW    |     2.233 | FAST    |
S_A_i[3][0][4] | S_C_o[3][7][5] |     4.297 | SLOW    |     2.222 | FAST    |
S_A_i[3][0][4] | S_C_o[3][7][6] |     4.509 | SLOW    |     2.342 | FAST    |
S_A_i[3][0][4] | S_C_o[3][7][7] |     4.574 | SLOW    |     2.379 | FAST    |
S_A_i[3][0][5] | S_C_o[3][0][5] |     4.468 | SLOW    |     2.326 | FAST    |
S_A_i[3][0][5] | S_C_o[3][0][6] |     4.287 | SLOW    |     2.219 | FAST    |
S_A_i[3][0][5] | S_C_o[3][0][7] |     4.297 | SLOW    |     2.222 | FAST    |
S_A_i[3][0][5] | S_C_o[3][1][5] |     4.468 | SLOW    |     2.326 | FAST    |
S_A_i[3][0][5] | S_C_o[3][1][6] |     4.287 | SLOW    |     2.219 | FAST    |
S_A_i[3][0][5] | S_C_o[3][1][7] |     4.297 | SLOW    |     2.222 | FAST    |
S_A_i[3][0][5] | S_C_o[3][2][5] |     4.468 | SLOW    |     2.326 | FAST    |
S_A_i[3][0][5] | S_C_o[3][2][6] |     4.287 | SLOW    |     2.219 | FAST    |
S_A_i[3][0][5] | S_C_o[3][2][7] |     4.297 | SLOW    |     2.222 | FAST    |
S_A_i[3][0][5] | S_C_o[3][3][5] |     4.468 | SLOW    |     2.326 | FAST    |
S_A_i[3][0][5] | S_C_o[3][3][6] |     4.287 | SLOW    |     2.219 | FAST    |
S_A_i[3][0][5] | S_C_o[3][3][7] |     4.297 | SLOW    |     2.222 | FAST    |
S_A_i[3][0][5] | S_C_o[3][4][5] |     4.468 | SLOW    |     2.326 | FAST    |
S_A_i[3][0][5] | S_C_o[3][4][6] |     4.287 | SLOW    |     2.219 | FAST    |
S_A_i[3][0][5] | S_C_o[3][4][7] |     4.297 | SLOW    |     2.222 | FAST    |
S_A_i[3][0][5] | S_C_o[3][5][5] |     4.468 | SLOW    |     2.326 | FAST    |
S_A_i[3][0][5] | S_C_o[3][5][6] |     4.287 | SLOW    |     2.219 | FAST    |
S_A_i[3][0][5] | S_C_o[3][5][7] |     4.297 | SLOW    |     2.222 | FAST    |
S_A_i[3][0][5] | S_C_o[3][6][5] |     4.468 | SLOW    |     2.326 | FAST    |
S_A_i[3][0][5] | S_C_o[3][6][6] |     4.287 | SLOW    |     2.219 | FAST    |
S_A_i[3][0][5] | S_C_o[3][6][7] |     4.297 | SLOW    |     2.222 | FAST    |
S_A_i[3][0][5] | S_C_o[3][7][5] |     4.468 | SLOW    |     2.326 | FAST    |
S_A_i[3][0][5] | S_C_o[3][7][6] |     4.287 | SLOW    |     2.219 | FAST    |
S_A_i[3][0][5] | S_C_o[3][7][7] |     4.297 | SLOW    |     2.222 | FAST    |
S_A_i[3][0][6] | S_C_o[3][0][6] |     4.292 | SLOW    |     2.229 | FAST    |
S_A_i[3][0][6] | S_C_o[3][0][7] |     4.256 | SLOW    |     2.201 | FAST    |
S_A_i[3][0][6] | S_C_o[3][1][6] |     4.292 | SLOW    |     2.229 | FAST    |
S_A_i[3][0][6] | S_C_o[3][1][7] |     4.256 | SLOW    |     2.201 | FAST    |
S_A_i[3][0][6] | S_C_o[3][2][6] |     4.292 | SLOW    |     2.229 | FAST    |
S_A_i[3][0][6] | S_C_o[3][2][7] |     4.256 | SLOW    |     2.201 | FAST    |
S_A_i[3][0][6] | S_C_o[3][3][6] |     4.292 | SLOW    |     2.229 | FAST    |
S_A_i[3][0][6] | S_C_o[3][3][7] |     4.256 | SLOW    |     2.201 | FAST    |
S_A_i[3][0][6] | S_C_o[3][4][6] |     4.292 | SLOW    |     2.229 | FAST    |
S_A_i[3][0][6] | S_C_o[3][4][7] |     4.256 | SLOW    |     2.201 | FAST    |
S_A_i[3][0][6] | S_C_o[3][5][6] |     4.292 | SLOW    |     2.229 | FAST    |
S_A_i[3][0][6] | S_C_o[3][5][7] |     4.256 | SLOW    |     2.201 | FAST    |
S_A_i[3][0][6] | S_C_o[3][6][6] |     4.292 | SLOW    |     2.229 | FAST    |
S_A_i[3][0][6] | S_C_o[3][6][7] |     4.256 | SLOW    |     2.201 | FAST    |
S_A_i[3][0][6] | S_C_o[3][7][6] |     4.292 | SLOW    |     2.229 | FAST    |
S_A_i[3][0][6] | S_C_o[3][7][7] |     4.256 | SLOW    |     2.201 | FAST    |
S_A_i[3][0][7] | S_C_o[3][0][7] |     4.444 | SLOW    |     2.314 | FAST    |
S_A_i[3][0][7] | S_C_o[3][1][7] |     4.444 | SLOW    |     2.314 | FAST    |
S_A_i[3][0][7] | S_C_o[3][2][7] |     4.444 | SLOW    |     2.314 | FAST    |
S_A_i[3][0][7] | S_C_o[3][3][7] |     4.444 | SLOW    |     2.314 | FAST    |
S_A_i[3][0][7] | S_C_o[3][4][7] |     4.444 | SLOW    |     2.314 | FAST    |
S_A_i[3][0][7] | S_C_o[3][5][7] |     4.444 | SLOW    |     2.314 | FAST    |
S_A_i[3][0][7] | S_C_o[3][6][7] |     4.444 | SLOW    |     2.314 | FAST    |
S_A_i[3][0][7] | S_C_o[3][7][7] |     4.444 | SLOW    |     2.314 | FAST    |
S_A_i[4][0][0] | S_C_o[4][0][0] |     4.277 | SLOW    |     2.217 | FAST    |
S_A_i[4][0][0] | S_C_o[4][0][1] |     4.294 | SLOW    |     2.223 | FAST    |
S_A_i[4][0][0] | S_C_o[4][0][2] |     4.304 | SLOW    |     2.226 | FAST    |
S_A_i[4][0][0] | S_C_o[4][0][3] |     4.484 | SLOW    |     2.323 | FAST    |
S_A_i[4][0][0] | S_C_o[4][0][4] |     4.506 | SLOW    |     2.337 | FAST    |
S_A_i[4][0][0] | S_C_o[4][0][5] |     4.571 | SLOW    |     2.374 | FAST    |
S_A_i[4][0][0] | S_C_o[4][0][6] |     4.728 | SLOW    |     2.460 | FAST    |
S_A_i[4][0][0] | S_C_o[4][0][7] |     4.793 | SLOW    |     2.497 | FAST    |
S_A_i[4][0][0] | S_C_o[4][1][0] |     4.277 | SLOW    |     2.217 | FAST    |
S_A_i[4][0][0] | S_C_o[4][1][1] |     4.294 | SLOW    |     2.223 | FAST    |
S_A_i[4][0][0] | S_C_o[4][1][2] |     4.304 | SLOW    |     2.226 | FAST    |
S_A_i[4][0][0] | S_C_o[4][1][3] |     4.484 | SLOW    |     2.323 | FAST    |
S_A_i[4][0][0] | S_C_o[4][1][4] |     4.506 | SLOW    |     2.337 | FAST    |
S_A_i[4][0][0] | S_C_o[4][1][5] |     4.571 | SLOW    |     2.374 | FAST    |
S_A_i[4][0][0] | S_C_o[4][1][6] |     4.728 | SLOW    |     2.460 | FAST    |
S_A_i[4][0][0] | S_C_o[4][1][7] |     4.793 | SLOW    |     2.497 | FAST    |
S_A_i[4][0][0] | S_C_o[4][2][0] |     4.277 | SLOW    |     2.217 | FAST    |
S_A_i[4][0][0] | S_C_o[4][2][1] |     4.294 | SLOW    |     2.223 | FAST    |
S_A_i[4][0][0] | S_C_o[4][2][2] |     4.304 | SLOW    |     2.226 | FAST    |
S_A_i[4][0][0] | S_C_o[4][2][3] |     4.484 | SLOW    |     2.323 | FAST    |
S_A_i[4][0][0] | S_C_o[4][2][4] |     4.506 | SLOW    |     2.337 | FAST    |
S_A_i[4][0][0] | S_C_o[4][2][5] |     4.571 | SLOW    |     2.374 | FAST    |
S_A_i[4][0][0] | S_C_o[4][2][6] |     4.728 | SLOW    |     2.460 | FAST    |
S_A_i[4][0][0] | S_C_o[4][2][7] |     4.793 | SLOW    |     2.497 | FAST    |
S_A_i[4][0][0] | S_C_o[4][3][0] |     4.277 | SLOW    |     2.217 | FAST    |
S_A_i[4][0][0] | S_C_o[4][3][1] |     4.294 | SLOW    |     2.223 | FAST    |
S_A_i[4][0][0] | S_C_o[4][3][2] |     4.304 | SLOW    |     2.226 | FAST    |
S_A_i[4][0][0] | S_C_o[4][3][3] |     4.484 | SLOW    |     2.323 | FAST    |
S_A_i[4][0][0] | S_C_o[4][3][4] |     4.506 | SLOW    |     2.337 | FAST    |
S_A_i[4][0][0] | S_C_o[4][3][5] |     4.571 | SLOW    |     2.374 | FAST    |
S_A_i[4][0][0] | S_C_o[4][3][6] |     4.728 | SLOW    |     2.460 | FAST    |
S_A_i[4][0][0] | S_C_o[4][3][7] |     4.793 | SLOW    |     2.497 | FAST    |
S_A_i[4][0][0] | S_C_o[4][4][0] |     4.277 | SLOW    |     2.217 | FAST    |
S_A_i[4][0][0] | S_C_o[4][4][1] |     4.294 | SLOW    |     2.223 | FAST    |
S_A_i[4][0][0] | S_C_o[4][4][2] |     4.304 | SLOW    |     2.226 | FAST    |
S_A_i[4][0][0] | S_C_o[4][4][3] |     4.484 | SLOW    |     2.323 | FAST    |
S_A_i[4][0][0] | S_C_o[4][4][4] |     4.506 | SLOW    |     2.337 | FAST    |
S_A_i[4][0][0] | S_C_o[4][4][5] |     4.571 | SLOW    |     2.374 | FAST    |
S_A_i[4][0][0] | S_C_o[4][4][6] |     4.728 | SLOW    |     2.460 | FAST    |
S_A_i[4][0][0] | S_C_o[4][4][7] |     4.793 | SLOW    |     2.497 | FAST    |
S_A_i[4][0][0] | S_C_o[4][5][0] |     4.277 | SLOW    |     2.217 | FAST    |
S_A_i[4][0][0] | S_C_o[4][5][1] |     4.294 | SLOW    |     2.223 | FAST    |
S_A_i[4][0][0] | S_C_o[4][5][2] |     4.304 | SLOW    |     2.226 | FAST    |
S_A_i[4][0][0] | S_C_o[4][5][3] |     4.484 | SLOW    |     2.323 | FAST    |
S_A_i[4][0][0] | S_C_o[4][5][4] |     4.506 | SLOW    |     2.337 | FAST    |
S_A_i[4][0][0] | S_C_o[4][5][5] |     4.571 | SLOW    |     2.374 | FAST    |
S_A_i[4][0][0] | S_C_o[4][5][6] |     4.728 | SLOW    |     2.460 | FAST    |
S_A_i[4][0][0] | S_C_o[4][5][7] |     4.793 | SLOW    |     2.497 | FAST    |
S_A_i[4][0][0] | S_C_o[4][6][0] |     4.277 | SLOW    |     2.217 | FAST    |
S_A_i[4][0][0] | S_C_o[4][6][1] |     4.294 | SLOW    |     2.223 | FAST    |
S_A_i[4][0][0] | S_C_o[4][6][2] |     4.304 | SLOW    |     2.226 | FAST    |
S_A_i[4][0][0] | S_C_o[4][6][3] |     4.484 | SLOW    |     2.323 | FAST    |
S_A_i[4][0][0] | S_C_o[4][6][4] |     4.506 | SLOW    |     2.337 | FAST    |
S_A_i[4][0][0] | S_C_o[4][6][5] |     4.571 | SLOW    |     2.374 | FAST    |
S_A_i[4][0][0] | S_C_o[4][6][6] |     4.728 | SLOW    |     2.460 | FAST    |
S_A_i[4][0][0] | S_C_o[4][6][7] |     4.793 | SLOW    |     2.497 | FAST    |
S_A_i[4][0][0] | S_C_o[4][7][0] |     4.277 | SLOW    |     2.217 | FAST    |
S_A_i[4][0][0] | S_C_o[4][7][1] |     4.294 | SLOW    |     2.223 | FAST    |
S_A_i[4][0][0] | S_C_o[4][7][2] |     4.304 | SLOW    |     2.226 | FAST    |
S_A_i[4][0][0] | S_C_o[4][7][3] |     4.484 | SLOW    |     2.323 | FAST    |
S_A_i[4][0][0] | S_C_o[4][7][4] |     4.506 | SLOW    |     2.337 | FAST    |
S_A_i[4][0][0] | S_C_o[4][7][5] |     4.571 | SLOW    |     2.374 | FAST    |
S_A_i[4][0][0] | S_C_o[4][7][6] |     4.728 | SLOW    |     2.460 | FAST    |
S_A_i[4][0][0] | S_C_o[4][7][7] |     4.793 | SLOW    |     2.497 | FAST    |
S_A_i[4][0][1] | S_C_o[4][0][1] |     4.301 | SLOW    |     2.233 | FAST    |
S_A_i[4][0][1] | S_C_o[4][0][2] |     4.297 | SLOW    |     2.222 | FAST    |
S_A_i[4][0][1] | S_C_o[4][0][3] |     4.482 | SLOW    |     2.327 | FAST    |
S_A_i[4][0][1] | S_C_o[4][0][4] |     4.504 | SLOW    |     2.341 | FAST    |
S_A_i[4][0][1] | S_C_o[4][0][5] |     4.569 | SLOW    |     2.378 | FAST    |
S_A_i[4][0][1] | S_C_o[4][0][6] |     4.726 | SLOW    |     2.464 | FAST    |
S_A_i[4][0][1] | S_C_o[4][0][7] |     4.791 | SLOW    |     2.501 | FAST    |
S_A_i[4][0][1] | S_C_o[4][1][1] |     4.301 | SLOW    |     2.233 | FAST    |
S_A_i[4][0][1] | S_C_o[4][1][2] |     4.297 | SLOW    |     2.222 | FAST    |
S_A_i[4][0][1] | S_C_o[4][1][3] |     4.482 | SLOW    |     2.327 | FAST    |
S_A_i[4][0][1] | S_C_o[4][1][4] |     4.504 | SLOW    |     2.341 | FAST    |
S_A_i[4][0][1] | S_C_o[4][1][5] |     4.569 | SLOW    |     2.378 | FAST    |
S_A_i[4][0][1] | S_C_o[4][1][6] |     4.726 | SLOW    |     2.464 | FAST    |
S_A_i[4][0][1] | S_C_o[4][1][7] |     4.791 | SLOW    |     2.501 | FAST    |
S_A_i[4][0][1] | S_C_o[4][2][1] |     4.301 | SLOW    |     2.233 | FAST    |
S_A_i[4][0][1] | S_C_o[4][2][2] |     4.297 | SLOW    |     2.222 | FAST    |
S_A_i[4][0][1] | S_C_o[4][2][3] |     4.482 | SLOW    |     2.327 | FAST    |
S_A_i[4][0][1] | S_C_o[4][2][4] |     4.504 | SLOW    |     2.341 | FAST    |
S_A_i[4][0][1] | S_C_o[4][2][5] |     4.569 | SLOW    |     2.378 | FAST    |
S_A_i[4][0][1] | S_C_o[4][2][6] |     4.726 | SLOW    |     2.464 | FAST    |
S_A_i[4][0][1] | S_C_o[4][2][7] |     4.791 | SLOW    |     2.501 | FAST    |
S_A_i[4][0][1] | S_C_o[4][3][1] |     4.301 | SLOW    |     2.233 | FAST    |
S_A_i[4][0][1] | S_C_o[4][3][2] |     4.297 | SLOW    |     2.222 | FAST    |
S_A_i[4][0][1] | S_C_o[4][3][3] |     4.482 | SLOW    |     2.327 | FAST    |
S_A_i[4][0][1] | S_C_o[4][3][4] |     4.504 | SLOW    |     2.341 | FAST    |
S_A_i[4][0][1] | S_C_o[4][3][5] |     4.569 | SLOW    |     2.378 | FAST    |
S_A_i[4][0][1] | S_C_o[4][3][6] |     4.726 | SLOW    |     2.464 | FAST    |
S_A_i[4][0][1] | S_C_o[4][3][7] |     4.791 | SLOW    |     2.501 | FAST    |
S_A_i[4][0][1] | S_C_o[4][4][1] |     4.301 | SLOW    |     2.233 | FAST    |
S_A_i[4][0][1] | S_C_o[4][4][2] |     4.297 | SLOW    |     2.222 | FAST    |
S_A_i[4][0][1] | S_C_o[4][4][3] |     4.482 | SLOW    |     2.327 | FAST    |
S_A_i[4][0][1] | S_C_o[4][4][4] |     4.504 | SLOW    |     2.341 | FAST    |
S_A_i[4][0][1] | S_C_o[4][4][5] |     4.569 | SLOW    |     2.378 | FAST    |
S_A_i[4][0][1] | S_C_o[4][4][6] |     4.726 | SLOW    |     2.464 | FAST    |
S_A_i[4][0][1] | S_C_o[4][4][7] |     4.791 | SLOW    |     2.501 | FAST    |
S_A_i[4][0][1] | S_C_o[4][5][1] |     4.301 | SLOW    |     2.233 | FAST    |
S_A_i[4][0][1] | S_C_o[4][5][2] |     4.297 | SLOW    |     2.222 | FAST    |
S_A_i[4][0][1] | S_C_o[4][5][3] |     4.482 | SLOW    |     2.327 | FAST    |
S_A_i[4][0][1] | S_C_o[4][5][4] |     4.504 | SLOW    |     2.341 | FAST    |
S_A_i[4][0][1] | S_C_o[4][5][5] |     4.569 | SLOW    |     2.378 | FAST    |
S_A_i[4][0][1] | S_C_o[4][5][6] |     4.726 | SLOW    |     2.464 | FAST    |
S_A_i[4][0][1] | S_C_o[4][5][7] |     4.791 | SLOW    |     2.501 | FAST    |
S_A_i[4][0][1] | S_C_o[4][6][1] |     4.301 | SLOW    |     2.233 | FAST    |
S_A_i[4][0][1] | S_C_o[4][6][2] |     4.297 | SLOW    |     2.222 | FAST    |
S_A_i[4][0][1] | S_C_o[4][6][3] |     4.482 | SLOW    |     2.327 | FAST    |
S_A_i[4][0][1] | S_C_o[4][6][4] |     4.504 | SLOW    |     2.341 | FAST    |
S_A_i[4][0][1] | S_C_o[4][6][5] |     4.569 | SLOW    |     2.378 | FAST    |
S_A_i[4][0][1] | S_C_o[4][6][6] |     4.726 | SLOW    |     2.464 | FAST    |
S_A_i[4][0][1] | S_C_o[4][6][7] |     4.791 | SLOW    |     2.501 | FAST    |
S_A_i[4][0][1] | S_C_o[4][7][1] |     4.301 | SLOW    |     2.233 | FAST    |
S_A_i[4][0][1] | S_C_o[4][7][2] |     4.297 | SLOW    |     2.222 | FAST    |
S_A_i[4][0][1] | S_C_o[4][7][3] |     4.482 | SLOW    |     2.327 | FAST    |
S_A_i[4][0][1] | S_C_o[4][7][4] |     4.504 | SLOW    |     2.341 | FAST    |
S_A_i[4][0][1] | S_C_o[4][7][5] |     4.569 | SLOW    |     2.378 | FAST    |
S_A_i[4][0][1] | S_C_o[4][7][6] |     4.726 | SLOW    |     2.464 | FAST    |
S_A_i[4][0][1] | S_C_o[4][7][7] |     4.791 | SLOW    |     2.501 | FAST    |
S_A_i[4][0][2] | S_C_o[4][0][2] |     4.261 | SLOW    |     2.209 | FAST    |
S_A_i[4][0][2] | S_C_o[4][0][3] |     4.500 | SLOW    |     2.332 | FAST    |
S_A_i[4][0][2] | S_C_o[4][0][4] |     4.522 | SLOW    |     2.346 | FAST    |
S_A_i[4][0][2] | S_C_o[4][0][5] |     4.587 | SLOW    |     2.383 | FAST    |
S_A_i[4][0][2] | S_C_o[4][0][6] |     4.744 | SLOW    |     2.469 | FAST    |
S_A_i[4][0][2] | S_C_o[4][0][7] |     4.809 | SLOW    |     2.506 | FAST    |
S_A_i[4][0][2] | S_C_o[4][1][2] |     4.261 | SLOW    |     2.209 | FAST    |
S_A_i[4][0][2] | S_C_o[4][1][3] |     4.500 | SLOW    |     2.332 | FAST    |
S_A_i[4][0][2] | S_C_o[4][1][4] |     4.522 | SLOW    |     2.346 | FAST    |
S_A_i[4][0][2] | S_C_o[4][1][5] |     4.587 | SLOW    |     2.383 | FAST    |
S_A_i[4][0][2] | S_C_o[4][1][6] |     4.744 | SLOW    |     2.469 | FAST    |
S_A_i[4][0][2] | S_C_o[4][1][7] |     4.809 | SLOW    |     2.506 | FAST    |
S_A_i[4][0][2] | S_C_o[4][2][2] |     4.261 | SLOW    |     2.209 | FAST    |
S_A_i[4][0][2] | S_C_o[4][2][3] |     4.500 | SLOW    |     2.332 | FAST    |
S_A_i[4][0][2] | S_C_o[4][2][4] |     4.522 | SLOW    |     2.346 | FAST    |
S_A_i[4][0][2] | S_C_o[4][2][5] |     4.587 | SLOW    |     2.383 | FAST    |
S_A_i[4][0][2] | S_C_o[4][2][6] |     4.744 | SLOW    |     2.469 | FAST    |
S_A_i[4][0][2] | S_C_o[4][2][7] |     4.809 | SLOW    |     2.506 | FAST    |
S_A_i[4][0][2] | S_C_o[4][3][2] |     4.261 | SLOW    |     2.209 | FAST    |
S_A_i[4][0][2] | S_C_o[4][3][3] |     4.500 | SLOW    |     2.332 | FAST    |
S_A_i[4][0][2] | S_C_o[4][3][4] |     4.522 | SLOW    |     2.346 | FAST    |
S_A_i[4][0][2] | S_C_o[4][3][5] |     4.587 | SLOW    |     2.383 | FAST    |
S_A_i[4][0][2] | S_C_o[4][3][6] |     4.744 | SLOW    |     2.469 | FAST    |
S_A_i[4][0][2] | S_C_o[4][3][7] |     4.809 | SLOW    |     2.506 | FAST    |
S_A_i[4][0][2] | S_C_o[4][4][2] |     4.261 | SLOW    |     2.209 | FAST    |
S_A_i[4][0][2] | S_C_o[4][4][3] |     4.500 | SLOW    |     2.332 | FAST    |
S_A_i[4][0][2] | S_C_o[4][4][4] |     4.522 | SLOW    |     2.346 | FAST    |
S_A_i[4][0][2] | S_C_o[4][4][5] |     4.587 | SLOW    |     2.383 | FAST    |
S_A_i[4][0][2] | S_C_o[4][4][6] |     4.744 | SLOW    |     2.469 | FAST    |
S_A_i[4][0][2] | S_C_o[4][4][7] |     4.809 | SLOW    |     2.506 | FAST    |
S_A_i[4][0][2] | S_C_o[4][5][2] |     4.261 | SLOW    |     2.209 | FAST    |
S_A_i[4][0][2] | S_C_o[4][5][3] |     4.500 | SLOW    |     2.332 | FAST    |
S_A_i[4][0][2] | S_C_o[4][5][4] |     4.522 | SLOW    |     2.346 | FAST    |
S_A_i[4][0][2] | S_C_o[4][5][5] |     4.587 | SLOW    |     2.383 | FAST    |
S_A_i[4][0][2] | S_C_o[4][5][6] |     4.744 | SLOW    |     2.469 | FAST    |
S_A_i[4][0][2] | S_C_o[4][5][7] |     4.809 | SLOW    |     2.506 | FAST    |
S_A_i[4][0][2] | S_C_o[4][6][2] |     4.261 | SLOW    |     2.209 | FAST    |
S_A_i[4][0][2] | S_C_o[4][6][3] |     4.500 | SLOW    |     2.332 | FAST    |
S_A_i[4][0][2] | S_C_o[4][6][4] |     4.522 | SLOW    |     2.346 | FAST    |
S_A_i[4][0][2] | S_C_o[4][6][5] |     4.587 | SLOW    |     2.383 | FAST    |
S_A_i[4][0][2] | S_C_o[4][6][6] |     4.744 | SLOW    |     2.469 | FAST    |
S_A_i[4][0][2] | S_C_o[4][6][7] |     4.809 | SLOW    |     2.506 | FAST    |
S_A_i[4][0][2] | S_C_o[4][7][2] |     4.261 | SLOW    |     2.209 | FAST    |
S_A_i[4][0][2] | S_C_o[4][7][3] |     4.500 | SLOW    |     2.332 | FAST    |
S_A_i[4][0][2] | S_C_o[4][7][4] |     4.522 | SLOW    |     2.346 | FAST    |
S_A_i[4][0][2] | S_C_o[4][7][5] |     4.587 | SLOW    |     2.383 | FAST    |
S_A_i[4][0][2] | S_C_o[4][7][6] |     4.744 | SLOW    |     2.469 | FAST    |
S_A_i[4][0][2] | S_C_o[4][7][7] |     4.809 | SLOW    |     2.506 | FAST    |
S_A_i[4][0][3] | S_C_o[4][0][3] |     4.277 | SLOW    |     2.217 | FAST    |
S_A_i[4][0][3] | S_C_o[4][0][4] |     4.294 | SLOW    |     2.223 | FAST    |
S_A_i[4][0][3] | S_C_o[4][0][5] |     4.272 | SLOW    |     2.209 | FAST    |
S_A_i[4][0][3] | S_C_o[4][0][6] |     4.530 | SLOW    |     2.360 | FAST    |
S_A_i[4][0][3] | S_C_o[4][0][7] |     4.595 | SLOW    |     2.397 | FAST    |
S_A_i[4][0][3] | S_C_o[4][1][3] |     4.277 | SLOW    |     2.217 | FAST    |
S_A_i[4][0][3] | S_C_o[4][1][4] |     4.294 | SLOW    |     2.223 | FAST    |
S_A_i[4][0][3] | S_C_o[4][1][5] |     4.272 | SLOW    |     2.209 | FAST    |
S_A_i[4][0][3] | S_C_o[4][1][6] |     4.530 | SLOW    |     2.360 | FAST    |
S_A_i[4][0][3] | S_C_o[4][1][7] |     4.595 | SLOW    |     2.397 | FAST    |
S_A_i[4][0][3] | S_C_o[4][2][3] |     4.277 | SLOW    |     2.217 | FAST    |
S_A_i[4][0][3] | S_C_o[4][2][4] |     4.294 | SLOW    |     2.223 | FAST    |
S_A_i[4][0][3] | S_C_o[4][2][5] |     4.272 | SLOW    |     2.209 | FAST    |
S_A_i[4][0][3] | S_C_o[4][2][6] |     4.530 | SLOW    |     2.360 | FAST    |
S_A_i[4][0][3] | S_C_o[4][2][7] |     4.595 | SLOW    |     2.397 | FAST    |
S_A_i[4][0][3] | S_C_o[4][3][3] |     4.277 | SLOW    |     2.217 | FAST    |
S_A_i[4][0][3] | S_C_o[4][3][4] |     4.294 | SLOW    |     2.223 | FAST    |
S_A_i[4][0][3] | S_C_o[4][3][5] |     4.272 | SLOW    |     2.209 | FAST    |
S_A_i[4][0][3] | S_C_o[4][3][6] |     4.530 | SLOW    |     2.360 | FAST    |
S_A_i[4][0][3] | S_C_o[4][3][7] |     4.595 | SLOW    |     2.397 | FAST    |
S_A_i[4][0][3] | S_C_o[4][4][3] |     4.277 | SLOW    |     2.217 | FAST    |
S_A_i[4][0][3] | S_C_o[4][4][4] |     4.294 | SLOW    |     2.223 | FAST    |
S_A_i[4][0][3] | S_C_o[4][4][5] |     4.272 | SLOW    |     2.209 | FAST    |
S_A_i[4][0][3] | S_C_o[4][4][6] |     4.530 | SLOW    |     2.360 | FAST    |
S_A_i[4][0][3] | S_C_o[4][4][7] |     4.595 | SLOW    |     2.397 | FAST    |
S_A_i[4][0][3] | S_C_o[4][5][3] |     4.277 | SLOW    |     2.217 | FAST    |
S_A_i[4][0][3] | S_C_o[4][5][4] |     4.294 | SLOW    |     2.223 | FAST    |
S_A_i[4][0][3] | S_C_o[4][5][5] |     4.272 | SLOW    |     2.209 | FAST    |
S_A_i[4][0][3] | S_C_o[4][5][6] |     4.530 | SLOW    |     2.360 | FAST    |
S_A_i[4][0][3] | S_C_o[4][5][7] |     4.595 | SLOW    |     2.397 | FAST    |
S_A_i[4][0][3] | S_C_o[4][6][3] |     4.277 | SLOW    |     2.217 | FAST    |
S_A_i[4][0][3] | S_C_o[4][6][4] |     4.294 | SLOW    |     2.223 | FAST    |
S_A_i[4][0][3] | S_C_o[4][6][5] |     4.272 | SLOW    |     2.209 | FAST    |
S_A_i[4][0][3] | S_C_o[4][6][6] |     4.530 | SLOW    |     2.360 | FAST    |
S_A_i[4][0][3] | S_C_o[4][6][7] |     4.595 | SLOW    |     2.397 | FAST    |
S_A_i[4][0][3] | S_C_o[4][7][3] |     4.277 | SLOW    |     2.217 | FAST    |
S_A_i[4][0][3] | S_C_o[4][7][4] |     4.294 | SLOW    |     2.223 | FAST    |
S_A_i[4][0][3] | S_C_o[4][7][5] |     4.272 | SLOW    |     2.209 | FAST    |
S_A_i[4][0][3] | S_C_o[4][7][6] |     4.530 | SLOW    |     2.360 | FAST    |
S_A_i[4][0][3] | S_C_o[4][7][7] |     4.595 | SLOW    |     2.397 | FAST    |
S_A_i[4][0][4] | S_C_o[4][0][4] |     4.301 | SLOW    |     2.233 | FAST    |
S_A_i[4][0][4] | S_C_o[4][0][5] |     4.297 | SLOW    |     2.222 | FAST    |
S_A_i[4][0][4] | S_C_o[4][0][6] |     4.509 | SLOW    |     2.342 | FAST    |
S_A_i[4][0][4] | S_C_o[4][0][7] |     4.574 | SLOW    |     2.379 | FAST    |
S_A_i[4][0][4] | S_C_o[4][1][4] |     4.301 | SLOW    |     2.233 | FAST    |
S_A_i[4][0][4] | S_C_o[4][1][5] |     4.297 | SLOW    |     2.222 | FAST    |
S_A_i[4][0][4] | S_C_o[4][1][6] |     4.509 | SLOW    |     2.342 | FAST    |
S_A_i[4][0][4] | S_C_o[4][1][7] |     4.574 | SLOW    |     2.379 | FAST    |
S_A_i[4][0][4] | S_C_o[4][2][4] |     4.301 | SLOW    |     2.233 | FAST    |
S_A_i[4][0][4] | S_C_o[4][2][5] |     4.297 | SLOW    |     2.222 | FAST    |
S_A_i[4][0][4] | S_C_o[4][2][6] |     4.509 | SLOW    |     2.342 | FAST    |
S_A_i[4][0][4] | S_C_o[4][2][7] |     4.574 | SLOW    |     2.379 | FAST    |
S_A_i[4][0][4] | S_C_o[4][3][4] |     4.301 | SLOW    |     2.233 | FAST    |
S_A_i[4][0][4] | S_C_o[4][3][5] |     4.297 | SLOW    |     2.222 | FAST    |
S_A_i[4][0][4] | S_C_o[4][3][6] |     4.509 | SLOW    |     2.342 | FAST    |
S_A_i[4][0][4] | S_C_o[4][3][7] |     4.574 | SLOW    |     2.379 | FAST    |
S_A_i[4][0][4] | S_C_o[4][4][4] |     4.301 | SLOW    |     2.233 | FAST    |
S_A_i[4][0][4] | S_C_o[4][4][5] |     4.297 | SLOW    |     2.222 | FAST    |
S_A_i[4][0][4] | S_C_o[4][4][6] |     4.509 | SLOW    |     2.342 | FAST    |
S_A_i[4][0][4] | S_C_o[4][4][7] |     4.574 | SLOW    |     2.379 | FAST    |
S_A_i[4][0][4] | S_C_o[4][5][4] |     4.301 | SLOW    |     2.233 | FAST    |
S_A_i[4][0][4] | S_C_o[4][5][5] |     4.297 | SLOW    |     2.222 | FAST    |
S_A_i[4][0][4] | S_C_o[4][5][6] |     4.509 | SLOW    |     2.342 | FAST    |
S_A_i[4][0][4] | S_C_o[4][5][7] |     4.574 | SLOW    |     2.379 | FAST    |
S_A_i[4][0][4] | S_C_o[4][6][4] |     4.301 | SLOW    |     2.233 | FAST    |
S_A_i[4][0][4] | S_C_o[4][6][5] |     4.297 | SLOW    |     2.222 | FAST    |
S_A_i[4][0][4] | S_C_o[4][6][6] |     4.509 | SLOW    |     2.342 | FAST    |
S_A_i[4][0][4] | S_C_o[4][6][7] |     4.574 | SLOW    |     2.379 | FAST    |
S_A_i[4][0][4] | S_C_o[4][7][4] |     4.301 | SLOW    |     2.233 | FAST    |
S_A_i[4][0][4] | S_C_o[4][7][5] |     4.297 | SLOW    |     2.222 | FAST    |
S_A_i[4][0][4] | S_C_o[4][7][6] |     4.509 | SLOW    |     2.342 | FAST    |
S_A_i[4][0][4] | S_C_o[4][7][7] |     4.574 | SLOW    |     2.379 | FAST    |
S_A_i[4][0][5] | S_C_o[4][0][5] |     4.468 | SLOW    |     2.326 | FAST    |
S_A_i[4][0][5] | S_C_o[4][0][6] |     4.287 | SLOW    |     2.219 | FAST    |
S_A_i[4][0][5] | S_C_o[4][0][7] |     4.297 | SLOW    |     2.222 | FAST    |
S_A_i[4][0][5] | S_C_o[4][1][5] |     4.468 | SLOW    |     2.326 | FAST    |
S_A_i[4][0][5] | S_C_o[4][1][6] |     4.287 | SLOW    |     2.219 | FAST    |
S_A_i[4][0][5] | S_C_o[4][1][7] |     4.297 | SLOW    |     2.222 | FAST    |
S_A_i[4][0][5] | S_C_o[4][2][5] |     4.468 | SLOW    |     2.326 | FAST    |
S_A_i[4][0][5] | S_C_o[4][2][6] |     4.287 | SLOW    |     2.219 | FAST    |
S_A_i[4][0][5] | S_C_o[4][2][7] |     4.297 | SLOW    |     2.222 | FAST    |
S_A_i[4][0][5] | S_C_o[4][3][5] |     4.468 | SLOW    |     2.326 | FAST    |
S_A_i[4][0][5] | S_C_o[4][3][6] |     4.287 | SLOW    |     2.219 | FAST    |
S_A_i[4][0][5] | S_C_o[4][3][7] |     4.297 | SLOW    |     2.222 | FAST    |
S_A_i[4][0][5] | S_C_o[4][4][5] |     4.468 | SLOW    |     2.326 | FAST    |
S_A_i[4][0][5] | S_C_o[4][4][6] |     4.287 | SLOW    |     2.219 | FAST    |
S_A_i[4][0][5] | S_C_o[4][4][7] |     4.297 | SLOW    |     2.222 | FAST    |
S_A_i[4][0][5] | S_C_o[4][5][5] |     4.468 | SLOW    |     2.326 | FAST    |
S_A_i[4][0][5] | S_C_o[4][5][6] |     4.287 | SLOW    |     2.219 | FAST    |
S_A_i[4][0][5] | S_C_o[4][5][7] |     4.297 | SLOW    |     2.222 | FAST    |
S_A_i[4][0][5] | S_C_o[4][6][5] |     4.468 | SLOW    |     2.326 | FAST    |
S_A_i[4][0][5] | S_C_o[4][6][6] |     4.287 | SLOW    |     2.219 | FAST    |
S_A_i[4][0][5] | S_C_o[4][6][7] |     4.297 | SLOW    |     2.222 | FAST    |
S_A_i[4][0][5] | S_C_o[4][7][5] |     4.468 | SLOW    |     2.326 | FAST    |
S_A_i[4][0][5] | S_C_o[4][7][6] |     4.287 | SLOW    |     2.219 | FAST    |
S_A_i[4][0][5] | S_C_o[4][7][7] |     4.297 | SLOW    |     2.222 | FAST    |
S_A_i[4][0][6] | S_C_o[4][0][6] |     4.292 | SLOW    |     2.229 | FAST    |
S_A_i[4][0][6] | S_C_o[4][0][7] |     4.256 | SLOW    |     2.201 | FAST    |
S_A_i[4][0][6] | S_C_o[4][1][6] |     4.292 | SLOW    |     2.229 | FAST    |
S_A_i[4][0][6] | S_C_o[4][1][7] |     4.256 | SLOW    |     2.201 | FAST    |
S_A_i[4][0][6] | S_C_o[4][2][6] |     4.292 | SLOW    |     2.229 | FAST    |
S_A_i[4][0][6] | S_C_o[4][2][7] |     4.256 | SLOW    |     2.201 | FAST    |
S_A_i[4][0][6] | S_C_o[4][3][6] |     4.292 | SLOW    |     2.229 | FAST    |
S_A_i[4][0][6] | S_C_o[4][3][7] |     4.256 | SLOW    |     2.201 | FAST    |
S_A_i[4][0][6] | S_C_o[4][4][6] |     4.292 | SLOW    |     2.229 | FAST    |
S_A_i[4][0][6] | S_C_o[4][4][7] |     4.256 | SLOW    |     2.201 | FAST    |
S_A_i[4][0][6] | S_C_o[4][5][6] |     4.292 | SLOW    |     2.229 | FAST    |
S_A_i[4][0][6] | S_C_o[4][5][7] |     4.256 | SLOW    |     2.201 | FAST    |
S_A_i[4][0][6] | S_C_o[4][6][6] |     4.292 | SLOW    |     2.229 | FAST    |
S_A_i[4][0][6] | S_C_o[4][6][7] |     4.256 | SLOW    |     2.201 | FAST    |
S_A_i[4][0][6] | S_C_o[4][7][6] |     4.292 | SLOW    |     2.229 | FAST    |
S_A_i[4][0][6] | S_C_o[4][7][7] |     4.256 | SLOW    |     2.201 | FAST    |
S_A_i[4][0][7] | S_C_o[4][0][7] |     4.444 | SLOW    |     2.314 | FAST    |
S_A_i[4][0][7] | S_C_o[4][1][7] |     4.444 | SLOW    |     2.314 | FAST    |
S_A_i[4][0][7] | S_C_o[4][2][7] |     4.444 | SLOW    |     2.314 | FAST    |
S_A_i[4][0][7] | S_C_o[4][3][7] |     4.444 | SLOW    |     2.314 | FAST    |
S_A_i[4][0][7] | S_C_o[4][4][7] |     4.444 | SLOW    |     2.314 | FAST    |
S_A_i[4][0][7] | S_C_o[4][5][7] |     4.444 | SLOW    |     2.314 | FAST    |
S_A_i[4][0][7] | S_C_o[4][6][7] |     4.444 | SLOW    |     2.314 | FAST    |
S_A_i[4][0][7] | S_C_o[4][7][7] |     4.444 | SLOW    |     2.314 | FAST    |
S_A_i[5][0][0] | S_C_o[5][0][0] |     4.277 | SLOW    |     2.217 | FAST    |
S_A_i[5][0][0] | S_C_o[5][0][1] |     4.294 | SLOW    |     2.223 | FAST    |
S_A_i[5][0][0] | S_C_o[5][0][2] |     4.304 | SLOW    |     2.226 | FAST    |
S_A_i[5][0][0] | S_C_o[5][0][3] |     4.484 | SLOW    |     2.323 | FAST    |
S_A_i[5][0][0] | S_C_o[5][0][4] |     4.506 | SLOW    |     2.337 | FAST    |
S_A_i[5][0][0] | S_C_o[5][0][5] |     4.571 | SLOW    |     2.374 | FAST    |
S_A_i[5][0][0] | S_C_o[5][0][6] |     4.728 | SLOW    |     2.460 | FAST    |
S_A_i[5][0][0] | S_C_o[5][0][7] |     4.793 | SLOW    |     2.497 | FAST    |
S_A_i[5][0][0] | S_C_o[5][1][0] |     4.277 | SLOW    |     2.217 | FAST    |
S_A_i[5][0][0] | S_C_o[5][1][1] |     4.294 | SLOW    |     2.223 | FAST    |
S_A_i[5][0][0] | S_C_o[5][1][2] |     4.304 | SLOW    |     2.226 | FAST    |
S_A_i[5][0][0] | S_C_o[5][1][3] |     4.484 | SLOW    |     2.323 | FAST    |
S_A_i[5][0][0] | S_C_o[5][1][4] |     4.506 | SLOW    |     2.337 | FAST    |
S_A_i[5][0][0] | S_C_o[5][1][5] |     4.571 | SLOW    |     2.374 | FAST    |
S_A_i[5][0][0] | S_C_o[5][1][6] |     4.728 | SLOW    |     2.460 | FAST    |
S_A_i[5][0][0] | S_C_o[5][1][7] |     4.793 | SLOW    |     2.497 | FAST    |
S_A_i[5][0][0] | S_C_o[5][2][0] |     4.277 | SLOW    |     2.217 | FAST    |
S_A_i[5][0][0] | S_C_o[5][2][1] |     4.294 | SLOW    |     2.223 | FAST    |
S_A_i[5][0][0] | S_C_o[5][2][2] |     4.304 | SLOW    |     2.226 | FAST    |
S_A_i[5][0][0] | S_C_o[5][2][3] |     4.484 | SLOW    |     2.323 | FAST    |
S_A_i[5][0][0] | S_C_o[5][2][4] |     4.506 | SLOW    |     2.337 | FAST    |
S_A_i[5][0][0] | S_C_o[5][2][5] |     4.571 | SLOW    |     2.374 | FAST    |
S_A_i[5][0][0] | S_C_o[5][2][6] |     4.728 | SLOW    |     2.460 | FAST    |
S_A_i[5][0][0] | S_C_o[5][2][7] |     4.793 | SLOW    |     2.497 | FAST    |
S_A_i[5][0][0] | S_C_o[5][3][0] |     4.277 | SLOW    |     2.217 | FAST    |
S_A_i[5][0][0] | S_C_o[5][3][1] |     4.294 | SLOW    |     2.223 | FAST    |
S_A_i[5][0][0] | S_C_o[5][3][2] |     4.304 | SLOW    |     2.226 | FAST    |
S_A_i[5][0][0] | S_C_o[5][3][3] |     4.484 | SLOW    |     2.323 | FAST    |
S_A_i[5][0][0] | S_C_o[5][3][4] |     4.506 | SLOW    |     2.337 | FAST    |
S_A_i[5][0][0] | S_C_o[5][3][5] |     4.571 | SLOW    |     2.374 | FAST    |
S_A_i[5][0][0] | S_C_o[5][3][6] |     4.728 | SLOW    |     2.460 | FAST    |
S_A_i[5][0][0] | S_C_o[5][3][7] |     4.793 | SLOW    |     2.497 | FAST    |
S_A_i[5][0][0] | S_C_o[5][4][0] |     4.277 | SLOW    |     2.217 | FAST    |
S_A_i[5][0][0] | S_C_o[5][4][1] |     4.294 | SLOW    |     2.223 | FAST    |
S_A_i[5][0][0] | S_C_o[5][4][2] |     4.304 | SLOW    |     2.226 | FAST    |
S_A_i[5][0][0] | S_C_o[5][4][3] |     4.484 | SLOW    |     2.323 | FAST    |
S_A_i[5][0][0] | S_C_o[5][4][4] |     4.506 | SLOW    |     2.337 | FAST    |
S_A_i[5][0][0] | S_C_o[5][4][5] |     4.571 | SLOW    |     2.374 | FAST    |
S_A_i[5][0][0] | S_C_o[5][4][6] |     4.728 | SLOW    |     2.460 | FAST    |
S_A_i[5][0][0] | S_C_o[5][4][7] |     4.793 | SLOW    |     2.497 | FAST    |
S_A_i[5][0][0] | S_C_o[5][5][0] |     4.277 | SLOW    |     2.217 | FAST    |
S_A_i[5][0][0] | S_C_o[5][5][1] |     4.294 | SLOW    |     2.223 | FAST    |
S_A_i[5][0][0] | S_C_o[5][5][2] |     4.304 | SLOW    |     2.226 | FAST    |
S_A_i[5][0][0] | S_C_o[5][5][3] |     4.484 | SLOW    |     2.323 | FAST    |
S_A_i[5][0][0] | S_C_o[5][5][4] |     4.506 | SLOW    |     2.337 | FAST    |
S_A_i[5][0][0] | S_C_o[5][5][5] |     4.571 | SLOW    |     2.374 | FAST    |
S_A_i[5][0][0] | S_C_o[5][5][6] |     4.728 | SLOW    |     2.460 | FAST    |
S_A_i[5][0][0] | S_C_o[5][5][7] |     4.793 | SLOW    |     2.497 | FAST    |
S_A_i[5][0][0] | S_C_o[5][6][0] |     4.277 | SLOW    |     2.217 | FAST    |
S_A_i[5][0][0] | S_C_o[5][6][1] |     4.294 | SLOW    |     2.223 | FAST    |
S_A_i[5][0][0] | S_C_o[5][6][2] |     4.304 | SLOW    |     2.226 | FAST    |
S_A_i[5][0][0] | S_C_o[5][6][3] |     4.484 | SLOW    |     2.323 | FAST    |
S_A_i[5][0][0] | S_C_o[5][6][4] |     4.506 | SLOW    |     2.337 | FAST    |
S_A_i[5][0][0] | S_C_o[5][6][5] |     4.571 | SLOW    |     2.374 | FAST    |
S_A_i[5][0][0] | S_C_o[5][6][6] |     4.728 | SLOW    |     2.460 | FAST    |
S_A_i[5][0][0] | S_C_o[5][6][7] |     4.793 | SLOW    |     2.497 | FAST    |
S_A_i[5][0][0] | S_C_o[5][7][0] |     4.277 | SLOW    |     2.217 | FAST    |
S_A_i[5][0][0] | S_C_o[5][7][1] |     4.294 | SLOW    |     2.223 | FAST    |
S_A_i[5][0][0] | S_C_o[5][7][2] |     4.304 | SLOW    |     2.226 | FAST    |
S_A_i[5][0][0] | S_C_o[5][7][3] |     4.484 | SLOW    |     2.323 | FAST    |
S_A_i[5][0][0] | S_C_o[5][7][4] |     4.506 | SLOW    |     2.337 | FAST    |
S_A_i[5][0][0] | S_C_o[5][7][5] |     4.571 | SLOW    |     2.374 | FAST    |
S_A_i[5][0][0] | S_C_o[5][7][6] |     4.728 | SLOW    |     2.460 | FAST    |
S_A_i[5][0][0] | S_C_o[5][7][7] |     4.793 | SLOW    |     2.497 | FAST    |
S_A_i[5][0][1] | S_C_o[5][0][1] |     4.301 | SLOW    |     2.233 | FAST    |
S_A_i[5][0][1] | S_C_o[5][0][2] |     4.297 | SLOW    |     2.222 | FAST    |
S_A_i[5][0][1] | S_C_o[5][0][3] |     4.482 | SLOW    |     2.327 | FAST    |
S_A_i[5][0][1] | S_C_o[5][0][4] |     4.504 | SLOW    |     2.341 | FAST    |
S_A_i[5][0][1] | S_C_o[5][0][5] |     4.569 | SLOW    |     2.378 | FAST    |
S_A_i[5][0][1] | S_C_o[5][0][6] |     4.726 | SLOW    |     2.464 | FAST    |
S_A_i[5][0][1] | S_C_o[5][0][7] |     4.791 | SLOW    |     2.501 | FAST    |
S_A_i[5][0][1] | S_C_o[5][1][1] |     4.301 | SLOW    |     2.233 | FAST    |
S_A_i[5][0][1] | S_C_o[5][1][2] |     4.297 | SLOW    |     2.222 | FAST    |
S_A_i[5][0][1] | S_C_o[5][1][3] |     4.482 | SLOW    |     2.327 | FAST    |
S_A_i[5][0][1] | S_C_o[5][1][4] |     4.504 | SLOW    |     2.341 | FAST    |
S_A_i[5][0][1] | S_C_o[5][1][5] |     4.569 | SLOW    |     2.378 | FAST    |
S_A_i[5][0][1] | S_C_o[5][1][6] |     4.726 | SLOW    |     2.464 | FAST    |
S_A_i[5][0][1] | S_C_o[5][1][7] |     4.791 | SLOW    |     2.501 | FAST    |
S_A_i[5][0][1] | S_C_o[5][2][1] |     4.301 | SLOW    |     2.233 | FAST    |
S_A_i[5][0][1] | S_C_o[5][2][2] |     4.297 | SLOW    |     2.222 | FAST    |
S_A_i[5][0][1] | S_C_o[5][2][3] |     4.482 | SLOW    |     2.327 | FAST    |
S_A_i[5][0][1] | S_C_o[5][2][4] |     4.504 | SLOW    |     2.341 | FAST    |
S_A_i[5][0][1] | S_C_o[5][2][5] |     4.569 | SLOW    |     2.378 | FAST    |
S_A_i[5][0][1] | S_C_o[5][2][6] |     4.726 | SLOW    |     2.464 | FAST    |
S_A_i[5][0][1] | S_C_o[5][2][7] |     4.791 | SLOW    |     2.501 | FAST    |
S_A_i[5][0][1] | S_C_o[5][3][1] |     4.301 | SLOW    |     2.233 | FAST    |
S_A_i[5][0][1] | S_C_o[5][3][2] |     4.297 | SLOW    |     2.222 | FAST    |
S_A_i[5][0][1] | S_C_o[5][3][3] |     4.482 | SLOW    |     2.327 | FAST    |
S_A_i[5][0][1] | S_C_o[5][3][4] |     4.504 | SLOW    |     2.341 | FAST    |
S_A_i[5][0][1] | S_C_o[5][3][5] |     4.569 | SLOW    |     2.378 | FAST    |
S_A_i[5][0][1] | S_C_o[5][3][6] |     4.726 | SLOW    |     2.464 | FAST    |
S_A_i[5][0][1] | S_C_o[5][3][7] |     4.791 | SLOW    |     2.501 | FAST    |
S_A_i[5][0][1] | S_C_o[5][4][1] |     4.301 | SLOW    |     2.233 | FAST    |
S_A_i[5][0][1] | S_C_o[5][4][2] |     4.297 | SLOW    |     2.222 | FAST    |
S_A_i[5][0][1] | S_C_o[5][4][3] |     4.482 | SLOW    |     2.327 | FAST    |
S_A_i[5][0][1] | S_C_o[5][4][4] |     4.504 | SLOW    |     2.341 | FAST    |
S_A_i[5][0][1] | S_C_o[5][4][5] |     4.569 | SLOW    |     2.378 | FAST    |
S_A_i[5][0][1] | S_C_o[5][4][6] |     4.726 | SLOW    |     2.464 | FAST    |
S_A_i[5][0][1] | S_C_o[5][4][7] |     4.791 | SLOW    |     2.501 | FAST    |
S_A_i[5][0][1] | S_C_o[5][5][1] |     4.301 | SLOW    |     2.233 | FAST    |
S_A_i[5][0][1] | S_C_o[5][5][2] |     4.297 | SLOW    |     2.222 | FAST    |
S_A_i[5][0][1] | S_C_o[5][5][3] |     4.482 | SLOW    |     2.327 | FAST    |
S_A_i[5][0][1] | S_C_o[5][5][4] |     4.504 | SLOW    |     2.341 | FAST    |
S_A_i[5][0][1] | S_C_o[5][5][5] |     4.569 | SLOW    |     2.378 | FAST    |
S_A_i[5][0][1] | S_C_o[5][5][6] |     4.726 | SLOW    |     2.464 | FAST    |
S_A_i[5][0][1] | S_C_o[5][5][7] |     4.791 | SLOW    |     2.501 | FAST    |
S_A_i[5][0][1] | S_C_o[5][6][1] |     4.301 | SLOW    |     2.233 | FAST    |
S_A_i[5][0][1] | S_C_o[5][6][2] |     4.297 | SLOW    |     2.222 | FAST    |
S_A_i[5][0][1] | S_C_o[5][6][3] |     4.482 | SLOW    |     2.327 | FAST    |
S_A_i[5][0][1] | S_C_o[5][6][4] |     4.504 | SLOW    |     2.341 | FAST    |
S_A_i[5][0][1] | S_C_o[5][6][5] |     4.569 | SLOW    |     2.378 | FAST    |
S_A_i[5][0][1] | S_C_o[5][6][6] |     4.726 | SLOW    |     2.464 | FAST    |
S_A_i[5][0][1] | S_C_o[5][6][7] |     4.791 | SLOW    |     2.501 | FAST    |
S_A_i[5][0][1] | S_C_o[5][7][1] |     4.301 | SLOW    |     2.233 | FAST    |
S_A_i[5][0][1] | S_C_o[5][7][2] |     4.297 | SLOW    |     2.222 | FAST    |
S_A_i[5][0][1] | S_C_o[5][7][3] |     4.482 | SLOW    |     2.327 | FAST    |
S_A_i[5][0][1] | S_C_o[5][7][4] |     4.504 | SLOW    |     2.341 | FAST    |
S_A_i[5][0][1] | S_C_o[5][7][5] |     4.569 | SLOW    |     2.378 | FAST    |
S_A_i[5][0][1] | S_C_o[5][7][6] |     4.726 | SLOW    |     2.464 | FAST    |
S_A_i[5][0][1] | S_C_o[5][7][7] |     4.791 | SLOW    |     2.501 | FAST    |
S_A_i[5][0][2] | S_C_o[5][0][2] |     4.261 | SLOW    |     2.209 | FAST    |
S_A_i[5][0][2] | S_C_o[5][0][3] |     4.500 | SLOW    |     2.332 | FAST    |
S_A_i[5][0][2] | S_C_o[5][0][4] |     4.522 | SLOW    |     2.346 | FAST    |
S_A_i[5][0][2] | S_C_o[5][0][5] |     4.587 | SLOW    |     2.383 | FAST    |
S_A_i[5][0][2] | S_C_o[5][0][6] |     4.744 | SLOW    |     2.469 | FAST    |
S_A_i[5][0][2] | S_C_o[5][0][7] |     4.809 | SLOW    |     2.506 | FAST    |
S_A_i[5][0][2] | S_C_o[5][1][2] |     4.261 | SLOW    |     2.209 | FAST    |
S_A_i[5][0][2] | S_C_o[5][1][3] |     4.500 | SLOW    |     2.332 | FAST    |
S_A_i[5][0][2] | S_C_o[5][1][4] |     4.522 | SLOW    |     2.346 | FAST    |
S_A_i[5][0][2] | S_C_o[5][1][5] |     4.587 | SLOW    |     2.383 | FAST    |
S_A_i[5][0][2] | S_C_o[5][1][6] |     4.744 | SLOW    |     2.469 | FAST    |
S_A_i[5][0][2] | S_C_o[5][1][7] |     4.809 | SLOW    |     2.506 | FAST    |
S_A_i[5][0][2] | S_C_o[5][2][2] |     4.261 | SLOW    |     2.209 | FAST    |
S_A_i[5][0][2] | S_C_o[5][2][3] |     4.500 | SLOW    |     2.332 | FAST    |
S_A_i[5][0][2] | S_C_o[5][2][4] |     4.522 | SLOW    |     2.346 | FAST    |
S_A_i[5][0][2] | S_C_o[5][2][5] |     4.587 | SLOW    |     2.383 | FAST    |
S_A_i[5][0][2] | S_C_o[5][2][6] |     4.744 | SLOW    |     2.469 | FAST    |
S_A_i[5][0][2] | S_C_o[5][2][7] |     4.809 | SLOW    |     2.506 | FAST    |
S_A_i[5][0][2] | S_C_o[5][3][2] |     4.261 | SLOW    |     2.209 | FAST    |
S_A_i[5][0][2] | S_C_o[5][3][3] |     4.500 | SLOW    |     2.332 | FAST    |
S_A_i[5][0][2] | S_C_o[5][3][4] |     4.522 | SLOW    |     2.346 | FAST    |
S_A_i[5][0][2] | S_C_o[5][3][5] |     4.587 | SLOW    |     2.383 | FAST    |
S_A_i[5][0][2] | S_C_o[5][3][6] |     4.744 | SLOW    |     2.469 | FAST    |
S_A_i[5][0][2] | S_C_o[5][3][7] |     4.809 | SLOW    |     2.506 | FAST    |
S_A_i[5][0][2] | S_C_o[5][4][2] |     4.261 | SLOW    |     2.209 | FAST    |
S_A_i[5][0][2] | S_C_o[5][4][3] |     4.500 | SLOW    |     2.332 | FAST    |
S_A_i[5][0][2] | S_C_o[5][4][4] |     4.522 | SLOW    |     2.346 | FAST    |
S_A_i[5][0][2] | S_C_o[5][4][5] |     4.587 | SLOW    |     2.383 | FAST    |
S_A_i[5][0][2] | S_C_o[5][4][6] |     4.744 | SLOW    |     2.469 | FAST    |
S_A_i[5][0][2] | S_C_o[5][4][7] |     4.809 | SLOW    |     2.506 | FAST    |
S_A_i[5][0][2] | S_C_o[5][5][2] |     4.261 | SLOW    |     2.209 | FAST    |
S_A_i[5][0][2] | S_C_o[5][5][3] |     4.500 | SLOW    |     2.332 | FAST    |
S_A_i[5][0][2] | S_C_o[5][5][4] |     4.522 | SLOW    |     2.346 | FAST    |
S_A_i[5][0][2] | S_C_o[5][5][5] |     4.587 | SLOW    |     2.383 | FAST    |
S_A_i[5][0][2] | S_C_o[5][5][6] |     4.744 | SLOW    |     2.469 | FAST    |
S_A_i[5][0][2] | S_C_o[5][5][7] |     4.809 | SLOW    |     2.506 | FAST    |
S_A_i[5][0][2] | S_C_o[5][6][2] |     4.261 | SLOW    |     2.209 | FAST    |
S_A_i[5][0][2] | S_C_o[5][6][3] |     4.500 | SLOW    |     2.332 | FAST    |
S_A_i[5][0][2] | S_C_o[5][6][4] |     4.522 | SLOW    |     2.346 | FAST    |
S_A_i[5][0][2] | S_C_o[5][6][5] |     4.587 | SLOW    |     2.383 | FAST    |
S_A_i[5][0][2] | S_C_o[5][6][6] |     4.744 | SLOW    |     2.469 | FAST    |
S_A_i[5][0][2] | S_C_o[5][6][7] |     4.809 | SLOW    |     2.506 | FAST    |
S_A_i[5][0][2] | S_C_o[5][7][2] |     4.261 | SLOW    |     2.209 | FAST    |
S_A_i[5][0][2] | S_C_o[5][7][3] |     4.500 | SLOW    |     2.332 | FAST    |
S_A_i[5][0][2] | S_C_o[5][7][4] |     4.522 | SLOW    |     2.346 | FAST    |
S_A_i[5][0][2] | S_C_o[5][7][5] |     4.587 | SLOW    |     2.383 | FAST    |
S_A_i[5][0][2] | S_C_o[5][7][6] |     4.744 | SLOW    |     2.469 | FAST    |
S_A_i[5][0][2] | S_C_o[5][7][7] |     4.809 | SLOW    |     2.506 | FAST    |
S_A_i[5][0][3] | S_C_o[5][0][3] |     4.277 | SLOW    |     2.217 | FAST    |
S_A_i[5][0][3] | S_C_o[5][0][4] |     4.294 | SLOW    |     2.223 | FAST    |
S_A_i[5][0][3] | S_C_o[5][0][5] |     4.272 | SLOW    |     2.209 | FAST    |
S_A_i[5][0][3] | S_C_o[5][0][6] |     4.530 | SLOW    |     2.360 | FAST    |
S_A_i[5][0][3] | S_C_o[5][0][7] |     4.595 | SLOW    |     2.397 | FAST    |
S_A_i[5][0][3] | S_C_o[5][1][3] |     4.277 | SLOW    |     2.217 | FAST    |
S_A_i[5][0][3] | S_C_o[5][1][4] |     4.294 | SLOW    |     2.223 | FAST    |
S_A_i[5][0][3] | S_C_o[5][1][5] |     4.272 | SLOW    |     2.209 | FAST    |
S_A_i[5][0][3] | S_C_o[5][1][6] |     4.530 | SLOW    |     2.360 | FAST    |
S_A_i[5][0][3] | S_C_o[5][1][7] |     4.595 | SLOW    |     2.397 | FAST    |
S_A_i[5][0][3] | S_C_o[5][2][3] |     4.277 | SLOW    |     2.217 | FAST    |
S_A_i[5][0][3] | S_C_o[5][2][4] |     4.294 | SLOW    |     2.223 | FAST    |
S_A_i[5][0][3] | S_C_o[5][2][5] |     4.272 | SLOW    |     2.209 | FAST    |
S_A_i[5][0][3] | S_C_o[5][2][6] |     4.530 | SLOW    |     2.360 | FAST    |
S_A_i[5][0][3] | S_C_o[5][2][7] |     4.595 | SLOW    |     2.397 | FAST    |
S_A_i[5][0][3] | S_C_o[5][3][3] |     4.277 | SLOW    |     2.217 | FAST    |
S_A_i[5][0][3] | S_C_o[5][3][4] |     4.294 | SLOW    |     2.223 | FAST    |
S_A_i[5][0][3] | S_C_o[5][3][5] |     4.272 | SLOW    |     2.209 | FAST    |
S_A_i[5][0][3] | S_C_o[5][3][6] |     4.530 | SLOW    |     2.360 | FAST    |
S_A_i[5][0][3] | S_C_o[5][3][7] |     4.595 | SLOW    |     2.397 | FAST    |
S_A_i[5][0][3] | S_C_o[5][4][3] |     4.277 | SLOW    |     2.217 | FAST    |
S_A_i[5][0][3] | S_C_o[5][4][4] |     4.294 | SLOW    |     2.223 | FAST    |
S_A_i[5][0][3] | S_C_o[5][4][5] |     4.272 | SLOW    |     2.209 | FAST    |
S_A_i[5][0][3] | S_C_o[5][4][6] |     4.530 | SLOW    |     2.360 | FAST    |
S_A_i[5][0][3] | S_C_o[5][4][7] |     4.595 | SLOW    |     2.397 | FAST    |
S_A_i[5][0][3] | S_C_o[5][5][3] |     4.277 | SLOW    |     2.217 | FAST    |
S_A_i[5][0][3] | S_C_o[5][5][4] |     4.294 | SLOW    |     2.223 | FAST    |
S_A_i[5][0][3] | S_C_o[5][5][5] |     4.272 | SLOW    |     2.209 | FAST    |
S_A_i[5][0][3] | S_C_o[5][5][6] |     4.530 | SLOW    |     2.360 | FAST    |
S_A_i[5][0][3] | S_C_o[5][5][7] |     4.595 | SLOW    |     2.397 | FAST    |
S_A_i[5][0][3] | S_C_o[5][6][3] |     4.277 | SLOW    |     2.217 | FAST    |
S_A_i[5][0][3] | S_C_o[5][6][4] |     4.294 | SLOW    |     2.223 | FAST    |
S_A_i[5][0][3] | S_C_o[5][6][5] |     4.272 | SLOW    |     2.209 | FAST    |
S_A_i[5][0][3] | S_C_o[5][6][6] |     4.530 | SLOW    |     2.360 | FAST    |
S_A_i[5][0][3] | S_C_o[5][6][7] |     4.595 | SLOW    |     2.397 | FAST    |
S_A_i[5][0][3] | S_C_o[5][7][3] |     4.277 | SLOW    |     2.217 | FAST    |
S_A_i[5][0][3] | S_C_o[5][7][4] |     4.294 | SLOW    |     2.223 | FAST    |
S_A_i[5][0][3] | S_C_o[5][7][5] |     4.272 | SLOW    |     2.209 | FAST    |
S_A_i[5][0][3] | S_C_o[5][7][6] |     4.530 | SLOW    |     2.360 | FAST    |
S_A_i[5][0][3] | S_C_o[5][7][7] |     4.595 | SLOW    |     2.397 | FAST    |
S_A_i[5][0][4] | S_C_o[5][0][4] |     4.301 | SLOW    |     2.233 | FAST    |
S_A_i[5][0][4] | S_C_o[5][0][5] |     4.297 | SLOW    |     2.222 | FAST    |
S_A_i[5][0][4] | S_C_o[5][0][6] |     4.509 | SLOW    |     2.342 | FAST    |
S_A_i[5][0][4] | S_C_o[5][0][7] |     4.574 | SLOW    |     2.379 | FAST    |
S_A_i[5][0][4] | S_C_o[5][1][4] |     4.301 | SLOW    |     2.233 | FAST    |
S_A_i[5][0][4] | S_C_o[5][1][5] |     4.297 | SLOW    |     2.222 | FAST    |
S_A_i[5][0][4] | S_C_o[5][1][6] |     4.509 | SLOW    |     2.342 | FAST    |
S_A_i[5][0][4] | S_C_o[5][1][7] |     4.574 | SLOW    |     2.379 | FAST    |
S_A_i[5][0][4] | S_C_o[5][2][4] |     4.301 | SLOW    |     2.233 | FAST    |
S_A_i[5][0][4] | S_C_o[5][2][5] |     4.297 | SLOW    |     2.222 | FAST    |
S_A_i[5][0][4] | S_C_o[5][2][6] |     4.509 | SLOW    |     2.342 | FAST    |
S_A_i[5][0][4] | S_C_o[5][2][7] |     4.574 | SLOW    |     2.379 | FAST    |
S_A_i[5][0][4] | S_C_o[5][3][4] |     4.301 | SLOW    |     2.233 | FAST    |
S_A_i[5][0][4] | S_C_o[5][3][5] |     4.297 | SLOW    |     2.222 | FAST    |
S_A_i[5][0][4] | S_C_o[5][3][6] |     4.509 | SLOW    |     2.342 | FAST    |
S_A_i[5][0][4] | S_C_o[5][3][7] |     4.574 | SLOW    |     2.379 | FAST    |
S_A_i[5][0][4] | S_C_o[5][4][4] |     4.301 | SLOW    |     2.233 | FAST    |
S_A_i[5][0][4] | S_C_o[5][4][5] |     4.297 | SLOW    |     2.222 | FAST    |
S_A_i[5][0][4] | S_C_o[5][4][6] |     4.509 | SLOW    |     2.342 | FAST    |
S_A_i[5][0][4] | S_C_o[5][4][7] |     4.574 | SLOW    |     2.379 | FAST    |
S_A_i[5][0][4] | S_C_o[5][5][4] |     4.301 | SLOW    |     2.233 | FAST    |
S_A_i[5][0][4] | S_C_o[5][5][5] |     4.297 | SLOW    |     2.222 | FAST    |
S_A_i[5][0][4] | S_C_o[5][5][6] |     4.509 | SLOW    |     2.342 | FAST    |
S_A_i[5][0][4] | S_C_o[5][5][7] |     4.574 | SLOW    |     2.379 | FAST    |
S_A_i[5][0][4] | S_C_o[5][6][4] |     4.301 | SLOW    |     2.233 | FAST    |
S_A_i[5][0][4] | S_C_o[5][6][5] |     4.297 | SLOW    |     2.222 | FAST    |
S_A_i[5][0][4] | S_C_o[5][6][6] |     4.509 | SLOW    |     2.342 | FAST    |
S_A_i[5][0][4] | S_C_o[5][6][7] |     4.574 | SLOW    |     2.379 | FAST    |
S_A_i[5][0][4] | S_C_o[5][7][4] |     4.301 | SLOW    |     2.233 | FAST    |
S_A_i[5][0][4] | S_C_o[5][7][5] |     4.297 | SLOW    |     2.222 | FAST    |
S_A_i[5][0][4] | S_C_o[5][7][6] |     4.509 | SLOW    |     2.342 | FAST    |
S_A_i[5][0][4] | S_C_o[5][7][7] |     4.574 | SLOW    |     2.379 | FAST    |
S_A_i[5][0][5] | S_C_o[5][0][5] |     4.468 | SLOW    |     2.326 | FAST    |
S_A_i[5][0][5] | S_C_o[5][0][6] |     4.287 | SLOW    |     2.219 | FAST    |
S_A_i[5][0][5] | S_C_o[5][0][7] |     4.297 | SLOW    |     2.222 | FAST    |
S_A_i[5][0][5] | S_C_o[5][1][5] |     4.468 | SLOW    |     2.326 | FAST    |
S_A_i[5][0][5] | S_C_o[5][1][6] |     4.287 | SLOW    |     2.219 | FAST    |
S_A_i[5][0][5] | S_C_o[5][1][7] |     4.297 | SLOW    |     2.222 | FAST    |
S_A_i[5][0][5] | S_C_o[5][2][5] |     4.468 | SLOW    |     2.326 | FAST    |
S_A_i[5][0][5] | S_C_o[5][2][6] |     4.287 | SLOW    |     2.219 | FAST    |
S_A_i[5][0][5] | S_C_o[5][2][7] |     4.297 | SLOW    |     2.222 | FAST    |
S_A_i[5][0][5] | S_C_o[5][3][5] |     4.468 | SLOW    |     2.326 | FAST    |
S_A_i[5][0][5] | S_C_o[5][3][6] |     4.287 | SLOW    |     2.219 | FAST    |
S_A_i[5][0][5] | S_C_o[5][3][7] |     4.297 | SLOW    |     2.222 | FAST    |
S_A_i[5][0][5] | S_C_o[5][4][5] |     4.468 | SLOW    |     2.326 | FAST    |
S_A_i[5][0][5] | S_C_o[5][4][6] |     4.287 | SLOW    |     2.219 | FAST    |
S_A_i[5][0][5] | S_C_o[5][4][7] |     4.297 | SLOW    |     2.222 | FAST    |
S_A_i[5][0][5] | S_C_o[5][5][5] |     4.468 | SLOW    |     2.326 | FAST    |
S_A_i[5][0][5] | S_C_o[5][5][6] |     4.287 | SLOW    |     2.219 | FAST    |
S_A_i[5][0][5] | S_C_o[5][5][7] |     4.297 | SLOW    |     2.222 | FAST    |
S_A_i[5][0][5] | S_C_o[5][6][5] |     4.468 | SLOW    |     2.326 | FAST    |
S_A_i[5][0][5] | S_C_o[5][6][6] |     4.287 | SLOW    |     2.219 | FAST    |
S_A_i[5][0][5] | S_C_o[5][6][7] |     4.297 | SLOW    |     2.222 | FAST    |
S_A_i[5][0][5] | S_C_o[5][7][5] |     4.468 | SLOW    |     2.326 | FAST    |
S_A_i[5][0][5] | S_C_o[5][7][6] |     4.287 | SLOW    |     2.219 | FAST    |
S_A_i[5][0][5] | S_C_o[5][7][7] |     4.297 | SLOW    |     2.222 | FAST    |
S_A_i[5][0][6] | S_C_o[5][0][6] |     4.292 | SLOW    |     2.229 | FAST    |
S_A_i[5][0][6] | S_C_o[5][0][7] |     4.256 | SLOW    |     2.201 | FAST    |
S_A_i[5][0][6] | S_C_o[5][1][6] |     4.292 | SLOW    |     2.229 | FAST    |
S_A_i[5][0][6] | S_C_o[5][1][7] |     4.256 | SLOW    |     2.201 | FAST    |
S_A_i[5][0][6] | S_C_o[5][2][6] |     4.292 | SLOW    |     2.229 | FAST    |
S_A_i[5][0][6] | S_C_o[5][2][7] |     4.256 | SLOW    |     2.201 | FAST    |
S_A_i[5][0][6] | S_C_o[5][3][6] |     4.292 | SLOW    |     2.229 | FAST    |
S_A_i[5][0][6] | S_C_o[5][3][7] |     4.256 | SLOW    |     2.201 | FAST    |
S_A_i[5][0][6] | S_C_o[5][4][6] |     4.292 | SLOW    |     2.229 | FAST    |
S_A_i[5][0][6] | S_C_o[5][4][7] |     4.256 | SLOW    |     2.201 | FAST    |
S_A_i[5][0][6] | S_C_o[5][5][6] |     4.292 | SLOW    |     2.229 | FAST    |
S_A_i[5][0][6] | S_C_o[5][5][7] |     4.256 | SLOW    |     2.201 | FAST    |
S_A_i[5][0][6] | S_C_o[5][6][6] |     4.292 | SLOW    |     2.229 | FAST    |
S_A_i[5][0][6] | S_C_o[5][6][7] |     4.256 | SLOW    |     2.201 | FAST    |
S_A_i[5][0][6] | S_C_o[5][7][6] |     4.292 | SLOW    |     2.229 | FAST    |
S_A_i[5][0][6] | S_C_o[5][7][7] |     4.256 | SLOW    |     2.201 | FAST    |
S_A_i[5][0][7] | S_C_o[5][0][7] |     4.444 | SLOW    |     2.314 | FAST    |
S_A_i[5][0][7] | S_C_o[5][1][7] |     4.444 | SLOW    |     2.314 | FAST    |
S_A_i[5][0][7] | S_C_o[5][2][7] |     4.444 | SLOW    |     2.314 | FAST    |
S_A_i[5][0][7] | S_C_o[5][3][7] |     4.444 | SLOW    |     2.314 | FAST    |
S_A_i[5][0][7] | S_C_o[5][4][7] |     4.444 | SLOW    |     2.314 | FAST    |
S_A_i[5][0][7] | S_C_o[5][5][7] |     4.444 | SLOW    |     2.314 | FAST    |
S_A_i[5][0][7] | S_C_o[5][6][7] |     4.444 | SLOW    |     2.314 | FAST    |
S_A_i[5][0][7] | S_C_o[5][7][7] |     4.444 | SLOW    |     2.314 | FAST    |
S_A_i[6][0][0] | S_C_o[6][0][0] |     4.277 | SLOW    |     2.217 | FAST    |
S_A_i[6][0][0] | S_C_o[6][0][1] |     4.294 | SLOW    |     2.223 | FAST    |
S_A_i[6][0][0] | S_C_o[6][0][2] |     4.304 | SLOW    |     2.226 | FAST    |
S_A_i[6][0][0] | S_C_o[6][0][3] |     4.484 | SLOW    |     2.323 | FAST    |
S_A_i[6][0][0] | S_C_o[6][0][4] |     4.506 | SLOW    |     2.337 | FAST    |
S_A_i[6][0][0] | S_C_o[6][0][5] |     4.571 | SLOW    |     2.374 | FAST    |
S_A_i[6][0][0] | S_C_o[6][0][6] |     4.728 | SLOW    |     2.460 | FAST    |
S_A_i[6][0][0] | S_C_o[6][0][7] |     4.793 | SLOW    |     2.497 | FAST    |
S_A_i[6][0][0] | S_C_o[6][1][0] |     4.277 | SLOW    |     2.217 | FAST    |
S_A_i[6][0][0] | S_C_o[6][1][1] |     4.294 | SLOW    |     2.223 | FAST    |
S_A_i[6][0][0] | S_C_o[6][1][2] |     4.304 | SLOW    |     2.226 | FAST    |
S_A_i[6][0][0] | S_C_o[6][1][3] |     4.484 | SLOW    |     2.323 | FAST    |
S_A_i[6][0][0] | S_C_o[6][1][4] |     4.506 | SLOW    |     2.337 | FAST    |
S_A_i[6][0][0] | S_C_o[6][1][5] |     4.571 | SLOW    |     2.374 | FAST    |
S_A_i[6][0][0] | S_C_o[6][1][6] |     4.728 | SLOW    |     2.460 | FAST    |
S_A_i[6][0][0] | S_C_o[6][1][7] |     4.793 | SLOW    |     2.497 | FAST    |
S_A_i[6][0][0] | S_C_o[6][2][0] |     4.277 | SLOW    |     2.217 | FAST    |
S_A_i[6][0][0] | S_C_o[6][2][1] |     4.294 | SLOW    |     2.223 | FAST    |
S_A_i[6][0][0] | S_C_o[6][2][2] |     4.304 | SLOW    |     2.226 | FAST    |
S_A_i[6][0][0] | S_C_o[6][2][3] |     4.484 | SLOW    |     2.323 | FAST    |
S_A_i[6][0][0] | S_C_o[6][2][4] |     4.506 | SLOW    |     2.337 | FAST    |
S_A_i[6][0][0] | S_C_o[6][2][5] |     4.571 | SLOW    |     2.374 | FAST    |
S_A_i[6][0][0] | S_C_o[6][2][6] |     4.728 | SLOW    |     2.460 | FAST    |
S_A_i[6][0][0] | S_C_o[6][2][7] |     4.793 | SLOW    |     2.497 | FAST    |
S_A_i[6][0][0] | S_C_o[6][3][0] |     4.277 | SLOW    |     2.217 | FAST    |
S_A_i[6][0][0] | S_C_o[6][3][1] |     4.294 | SLOW    |     2.223 | FAST    |
S_A_i[6][0][0] | S_C_o[6][3][2] |     4.304 | SLOW    |     2.226 | FAST    |
S_A_i[6][0][0] | S_C_o[6][3][3] |     4.484 | SLOW    |     2.323 | FAST    |
S_A_i[6][0][0] | S_C_o[6][3][4] |     4.506 | SLOW    |     2.337 | FAST    |
S_A_i[6][0][0] | S_C_o[6][3][5] |     4.571 | SLOW    |     2.374 | FAST    |
S_A_i[6][0][0] | S_C_o[6][3][6] |     4.728 | SLOW    |     2.460 | FAST    |
S_A_i[6][0][0] | S_C_o[6][3][7] |     4.793 | SLOW    |     2.497 | FAST    |
S_A_i[6][0][0] | S_C_o[6][4][0] |     4.277 | SLOW    |     2.217 | FAST    |
S_A_i[6][0][0] | S_C_o[6][4][1] |     4.294 | SLOW    |     2.223 | FAST    |
S_A_i[6][0][0] | S_C_o[6][4][2] |     4.304 | SLOW    |     2.226 | FAST    |
S_A_i[6][0][0] | S_C_o[6][4][3] |     4.484 | SLOW    |     2.323 | FAST    |
S_A_i[6][0][0] | S_C_o[6][4][4] |     4.506 | SLOW    |     2.337 | FAST    |
S_A_i[6][0][0] | S_C_o[6][4][5] |     4.571 | SLOW    |     2.374 | FAST    |
S_A_i[6][0][0] | S_C_o[6][4][6] |     4.728 | SLOW    |     2.460 | FAST    |
S_A_i[6][0][0] | S_C_o[6][4][7] |     4.793 | SLOW    |     2.497 | FAST    |
S_A_i[6][0][0] | S_C_o[6][5][0] |     4.277 | SLOW    |     2.217 | FAST    |
S_A_i[6][0][0] | S_C_o[6][5][1] |     4.294 | SLOW    |     2.223 | FAST    |
S_A_i[6][0][0] | S_C_o[6][5][2] |     4.304 | SLOW    |     2.226 | FAST    |
S_A_i[6][0][0] | S_C_o[6][5][3] |     4.484 | SLOW    |     2.323 | FAST    |
S_A_i[6][0][0] | S_C_o[6][5][4] |     4.506 | SLOW    |     2.337 | FAST    |
S_A_i[6][0][0] | S_C_o[6][5][5] |     4.571 | SLOW    |     2.374 | FAST    |
S_A_i[6][0][0] | S_C_o[6][5][6] |     4.728 | SLOW    |     2.460 | FAST    |
S_A_i[6][0][0] | S_C_o[6][5][7] |     4.793 | SLOW    |     2.497 | FAST    |
S_A_i[6][0][0] | S_C_o[6][6][0] |     4.277 | SLOW    |     2.217 | FAST    |
S_A_i[6][0][0] | S_C_o[6][6][1] |     4.294 | SLOW    |     2.223 | FAST    |
S_A_i[6][0][0] | S_C_o[6][6][2] |     4.304 | SLOW    |     2.226 | FAST    |
S_A_i[6][0][0] | S_C_o[6][6][3] |     4.484 | SLOW    |     2.323 | FAST    |
S_A_i[6][0][0] | S_C_o[6][6][4] |     4.506 | SLOW    |     2.337 | FAST    |
S_A_i[6][0][0] | S_C_o[6][6][5] |     4.571 | SLOW    |     2.374 | FAST    |
S_A_i[6][0][0] | S_C_o[6][6][6] |     4.728 | SLOW    |     2.460 | FAST    |
S_A_i[6][0][0] | S_C_o[6][6][7] |     4.793 | SLOW    |     2.497 | FAST    |
S_A_i[6][0][0] | S_C_o[6][7][0] |     4.277 | SLOW    |     2.217 | FAST    |
S_A_i[6][0][0] | S_C_o[6][7][1] |     4.294 | SLOW    |     2.223 | FAST    |
S_A_i[6][0][0] | S_C_o[6][7][2] |     4.304 | SLOW    |     2.226 | FAST    |
S_A_i[6][0][0] | S_C_o[6][7][3] |     4.484 | SLOW    |     2.323 | FAST    |
S_A_i[6][0][0] | S_C_o[6][7][4] |     4.506 | SLOW    |     2.337 | FAST    |
S_A_i[6][0][0] | S_C_o[6][7][5] |     4.571 | SLOW    |     2.374 | FAST    |
S_A_i[6][0][0] | S_C_o[6][7][6] |     4.728 | SLOW    |     2.460 | FAST    |
S_A_i[6][0][0] | S_C_o[6][7][7] |     4.793 | SLOW    |     2.497 | FAST    |
S_A_i[6][0][1] | S_C_o[6][0][1] |     4.301 | SLOW    |     2.233 | FAST    |
S_A_i[6][0][1] | S_C_o[6][0][2] |     4.297 | SLOW    |     2.222 | FAST    |
S_A_i[6][0][1] | S_C_o[6][0][3] |     4.482 | SLOW    |     2.327 | FAST    |
S_A_i[6][0][1] | S_C_o[6][0][4] |     4.504 | SLOW    |     2.341 | FAST    |
S_A_i[6][0][1] | S_C_o[6][0][5] |     4.569 | SLOW    |     2.378 | FAST    |
S_A_i[6][0][1] | S_C_o[6][0][6] |     4.726 | SLOW    |     2.464 | FAST    |
S_A_i[6][0][1] | S_C_o[6][0][7] |     4.791 | SLOW    |     2.501 | FAST    |
S_A_i[6][0][1] | S_C_o[6][1][1] |     4.301 | SLOW    |     2.233 | FAST    |
S_A_i[6][0][1] | S_C_o[6][1][2] |     4.297 | SLOW    |     2.222 | FAST    |
S_A_i[6][0][1] | S_C_o[6][1][3] |     4.482 | SLOW    |     2.327 | FAST    |
S_A_i[6][0][1] | S_C_o[6][1][4] |     4.504 | SLOW    |     2.341 | FAST    |
S_A_i[6][0][1] | S_C_o[6][1][5] |     4.569 | SLOW    |     2.378 | FAST    |
S_A_i[6][0][1] | S_C_o[6][1][6] |     4.726 | SLOW    |     2.464 | FAST    |
S_A_i[6][0][1] | S_C_o[6][1][7] |     4.791 | SLOW    |     2.501 | FAST    |
S_A_i[6][0][1] | S_C_o[6][2][1] |     4.301 | SLOW    |     2.233 | FAST    |
S_A_i[6][0][1] | S_C_o[6][2][2] |     4.297 | SLOW    |     2.222 | FAST    |
S_A_i[6][0][1] | S_C_o[6][2][3] |     4.482 | SLOW    |     2.327 | FAST    |
S_A_i[6][0][1] | S_C_o[6][2][4] |     4.504 | SLOW    |     2.341 | FAST    |
S_A_i[6][0][1] | S_C_o[6][2][5] |     4.569 | SLOW    |     2.378 | FAST    |
S_A_i[6][0][1] | S_C_o[6][2][6] |     4.726 | SLOW    |     2.464 | FAST    |
S_A_i[6][0][1] | S_C_o[6][2][7] |     4.791 | SLOW    |     2.501 | FAST    |
S_A_i[6][0][1] | S_C_o[6][3][1] |     4.301 | SLOW    |     2.233 | FAST    |
S_A_i[6][0][1] | S_C_o[6][3][2] |     4.297 | SLOW    |     2.222 | FAST    |
S_A_i[6][0][1] | S_C_o[6][3][3] |     4.482 | SLOW    |     2.327 | FAST    |
S_A_i[6][0][1] | S_C_o[6][3][4] |     4.504 | SLOW    |     2.341 | FAST    |
S_A_i[6][0][1] | S_C_o[6][3][5] |     4.569 | SLOW    |     2.378 | FAST    |
S_A_i[6][0][1] | S_C_o[6][3][6] |     4.726 | SLOW    |     2.464 | FAST    |
S_A_i[6][0][1] | S_C_o[6][3][7] |     4.791 | SLOW    |     2.501 | FAST    |
S_A_i[6][0][1] | S_C_o[6][4][1] |     4.301 | SLOW    |     2.233 | FAST    |
S_A_i[6][0][1] | S_C_o[6][4][2] |     4.297 | SLOW    |     2.222 | FAST    |
S_A_i[6][0][1] | S_C_o[6][4][3] |     4.482 | SLOW    |     2.327 | FAST    |
S_A_i[6][0][1] | S_C_o[6][4][4] |     4.504 | SLOW    |     2.341 | FAST    |
S_A_i[6][0][1] | S_C_o[6][4][5] |     4.569 | SLOW    |     2.378 | FAST    |
S_A_i[6][0][1] | S_C_o[6][4][6] |     4.726 | SLOW    |     2.464 | FAST    |
S_A_i[6][0][1] | S_C_o[6][4][7] |     4.791 | SLOW    |     2.501 | FAST    |
S_A_i[6][0][1] | S_C_o[6][5][1] |     4.301 | SLOW    |     2.233 | FAST    |
S_A_i[6][0][1] | S_C_o[6][5][2] |     4.297 | SLOW    |     2.222 | FAST    |
S_A_i[6][0][1] | S_C_o[6][5][3] |     4.482 | SLOW    |     2.327 | FAST    |
S_A_i[6][0][1] | S_C_o[6][5][4] |     4.504 | SLOW    |     2.341 | FAST    |
S_A_i[6][0][1] | S_C_o[6][5][5] |     4.569 | SLOW    |     2.378 | FAST    |
S_A_i[6][0][1] | S_C_o[6][5][6] |     4.726 | SLOW    |     2.464 | FAST    |
S_A_i[6][0][1] | S_C_o[6][5][7] |     4.791 | SLOW    |     2.501 | FAST    |
S_A_i[6][0][1] | S_C_o[6][6][1] |     4.301 | SLOW    |     2.233 | FAST    |
S_A_i[6][0][1] | S_C_o[6][6][2] |     4.297 | SLOW    |     2.222 | FAST    |
S_A_i[6][0][1] | S_C_o[6][6][3] |     4.482 | SLOW    |     2.327 | FAST    |
S_A_i[6][0][1] | S_C_o[6][6][4] |     4.504 | SLOW    |     2.341 | FAST    |
S_A_i[6][0][1] | S_C_o[6][6][5] |     4.569 | SLOW    |     2.378 | FAST    |
S_A_i[6][0][1] | S_C_o[6][6][6] |     4.726 | SLOW    |     2.464 | FAST    |
S_A_i[6][0][1] | S_C_o[6][6][7] |     4.791 | SLOW    |     2.501 | FAST    |
S_A_i[6][0][1] | S_C_o[6][7][1] |     4.301 | SLOW    |     2.233 | FAST    |
S_A_i[6][0][1] | S_C_o[6][7][2] |     4.297 | SLOW    |     2.222 | FAST    |
S_A_i[6][0][1] | S_C_o[6][7][3] |     4.482 | SLOW    |     2.327 | FAST    |
S_A_i[6][0][1] | S_C_o[6][7][4] |     4.504 | SLOW    |     2.341 | FAST    |
S_A_i[6][0][1] | S_C_o[6][7][5] |     4.569 | SLOW    |     2.378 | FAST    |
S_A_i[6][0][1] | S_C_o[6][7][6] |     4.726 | SLOW    |     2.464 | FAST    |
S_A_i[6][0][1] | S_C_o[6][7][7] |     4.791 | SLOW    |     2.501 | FAST    |
S_A_i[6][0][2] | S_C_o[6][0][2] |     4.261 | SLOW    |     2.209 | FAST    |
S_A_i[6][0][2] | S_C_o[6][0][3] |     4.500 | SLOW    |     2.332 | FAST    |
S_A_i[6][0][2] | S_C_o[6][0][4] |     4.522 | SLOW    |     2.346 | FAST    |
S_A_i[6][0][2] | S_C_o[6][0][5] |     4.587 | SLOW    |     2.383 | FAST    |
S_A_i[6][0][2] | S_C_o[6][0][6] |     4.744 | SLOW    |     2.469 | FAST    |
S_A_i[6][0][2] | S_C_o[6][0][7] |     4.809 | SLOW    |     2.506 | FAST    |
S_A_i[6][0][2] | S_C_o[6][1][2] |     4.261 | SLOW    |     2.209 | FAST    |
S_A_i[6][0][2] | S_C_o[6][1][3] |     4.500 | SLOW    |     2.332 | FAST    |
S_A_i[6][0][2] | S_C_o[6][1][4] |     4.522 | SLOW    |     2.346 | FAST    |
S_A_i[6][0][2] | S_C_o[6][1][5] |     4.587 | SLOW    |     2.383 | FAST    |
S_A_i[6][0][2] | S_C_o[6][1][6] |     4.744 | SLOW    |     2.469 | FAST    |
S_A_i[6][0][2] | S_C_o[6][1][7] |     4.809 | SLOW    |     2.506 | FAST    |
S_A_i[6][0][2] | S_C_o[6][2][2] |     4.261 | SLOW    |     2.209 | FAST    |
S_A_i[6][0][2] | S_C_o[6][2][3] |     4.500 | SLOW    |     2.332 | FAST    |
S_A_i[6][0][2] | S_C_o[6][2][4] |     4.522 | SLOW    |     2.346 | FAST    |
S_A_i[6][0][2] | S_C_o[6][2][5] |     4.587 | SLOW    |     2.383 | FAST    |
S_A_i[6][0][2] | S_C_o[6][2][6] |     4.744 | SLOW    |     2.469 | FAST    |
S_A_i[6][0][2] | S_C_o[6][2][7] |     4.809 | SLOW    |     2.506 | FAST    |
S_A_i[6][0][2] | S_C_o[6][3][2] |     4.261 | SLOW    |     2.209 | FAST    |
S_A_i[6][0][2] | S_C_o[6][3][3] |     4.500 | SLOW    |     2.332 | FAST    |
S_A_i[6][0][2] | S_C_o[6][3][4] |     4.522 | SLOW    |     2.346 | FAST    |
S_A_i[6][0][2] | S_C_o[6][3][5] |     4.587 | SLOW    |     2.383 | FAST    |
S_A_i[6][0][2] | S_C_o[6][3][6] |     4.744 | SLOW    |     2.469 | FAST    |
S_A_i[6][0][2] | S_C_o[6][3][7] |     4.809 | SLOW    |     2.506 | FAST    |
S_A_i[6][0][2] | S_C_o[6][4][2] |     4.261 | SLOW    |     2.209 | FAST    |
S_A_i[6][0][2] | S_C_o[6][4][3] |     4.500 | SLOW    |     2.332 | FAST    |
S_A_i[6][0][2] | S_C_o[6][4][4] |     4.522 | SLOW    |     2.346 | FAST    |
S_A_i[6][0][2] | S_C_o[6][4][5] |     4.587 | SLOW    |     2.383 | FAST    |
S_A_i[6][0][2] | S_C_o[6][4][6] |     4.744 | SLOW    |     2.469 | FAST    |
S_A_i[6][0][2] | S_C_o[6][4][7] |     4.809 | SLOW    |     2.506 | FAST    |
S_A_i[6][0][2] | S_C_o[6][5][2] |     4.261 | SLOW    |     2.209 | FAST    |
S_A_i[6][0][2] | S_C_o[6][5][3] |     4.500 | SLOW    |     2.332 | FAST    |
S_A_i[6][0][2] | S_C_o[6][5][4] |     4.522 | SLOW    |     2.346 | FAST    |
S_A_i[6][0][2] | S_C_o[6][5][5] |     4.587 | SLOW    |     2.383 | FAST    |
S_A_i[6][0][2] | S_C_o[6][5][6] |     4.744 | SLOW    |     2.469 | FAST    |
S_A_i[6][0][2] | S_C_o[6][5][7] |     4.809 | SLOW    |     2.506 | FAST    |
S_A_i[6][0][2] | S_C_o[6][6][2] |     4.261 | SLOW    |     2.209 | FAST    |
S_A_i[6][0][2] | S_C_o[6][6][3] |     4.500 | SLOW    |     2.332 | FAST    |
S_A_i[6][0][2] | S_C_o[6][6][4] |     4.522 | SLOW    |     2.346 | FAST    |
S_A_i[6][0][2] | S_C_o[6][6][5] |     4.587 | SLOW    |     2.383 | FAST    |
S_A_i[6][0][2] | S_C_o[6][6][6] |     4.744 | SLOW    |     2.469 | FAST    |
S_A_i[6][0][2] | S_C_o[6][6][7] |     4.809 | SLOW    |     2.506 | FAST    |
S_A_i[6][0][2] | S_C_o[6][7][2] |     4.261 | SLOW    |     2.209 | FAST    |
S_A_i[6][0][2] | S_C_o[6][7][3] |     4.500 | SLOW    |     2.332 | FAST    |
S_A_i[6][0][2] | S_C_o[6][7][4] |     4.522 | SLOW    |     2.346 | FAST    |
S_A_i[6][0][2] | S_C_o[6][7][5] |     4.587 | SLOW    |     2.383 | FAST    |
S_A_i[6][0][2] | S_C_o[6][7][6] |     4.744 | SLOW    |     2.469 | FAST    |
S_A_i[6][0][2] | S_C_o[6][7][7] |     4.809 | SLOW    |     2.506 | FAST    |
S_A_i[6][0][3] | S_C_o[6][0][3] |     4.277 | SLOW    |     2.217 | FAST    |
S_A_i[6][0][3] | S_C_o[6][0][4] |     4.294 | SLOW    |     2.223 | FAST    |
S_A_i[6][0][3] | S_C_o[6][0][5] |     4.272 | SLOW    |     2.209 | FAST    |
S_A_i[6][0][3] | S_C_o[6][0][6] |     4.530 | SLOW    |     2.360 | FAST    |
S_A_i[6][0][3] | S_C_o[6][0][7] |     4.595 | SLOW    |     2.397 | FAST    |
S_A_i[6][0][3] | S_C_o[6][1][3] |     4.277 | SLOW    |     2.217 | FAST    |
S_A_i[6][0][3] | S_C_o[6][1][4] |     4.294 | SLOW    |     2.223 | FAST    |
S_A_i[6][0][3] | S_C_o[6][1][5] |     4.272 | SLOW    |     2.209 | FAST    |
S_A_i[6][0][3] | S_C_o[6][1][6] |     4.530 | SLOW    |     2.360 | FAST    |
S_A_i[6][0][3] | S_C_o[6][1][7] |     4.595 | SLOW    |     2.397 | FAST    |
S_A_i[6][0][3] | S_C_o[6][2][3] |     4.277 | SLOW    |     2.217 | FAST    |
S_A_i[6][0][3] | S_C_o[6][2][4] |     4.294 | SLOW    |     2.223 | FAST    |
S_A_i[6][0][3] | S_C_o[6][2][5] |     4.272 | SLOW    |     2.209 | FAST    |
S_A_i[6][0][3] | S_C_o[6][2][6] |     4.530 | SLOW    |     2.360 | FAST    |
S_A_i[6][0][3] | S_C_o[6][2][7] |     4.595 | SLOW    |     2.397 | FAST    |
S_A_i[6][0][3] | S_C_o[6][3][3] |     4.277 | SLOW    |     2.217 | FAST    |
S_A_i[6][0][3] | S_C_o[6][3][4] |     4.294 | SLOW    |     2.223 | FAST    |
S_A_i[6][0][3] | S_C_o[6][3][5] |     4.272 | SLOW    |     2.209 | FAST    |
S_A_i[6][0][3] | S_C_o[6][3][6] |     4.530 | SLOW    |     2.360 | FAST    |
S_A_i[6][0][3] | S_C_o[6][3][7] |     4.595 | SLOW    |     2.397 | FAST    |
S_A_i[6][0][3] | S_C_o[6][4][3] |     4.277 | SLOW    |     2.217 | FAST    |
S_A_i[6][0][3] | S_C_o[6][4][4] |     4.294 | SLOW    |     2.223 | FAST    |
S_A_i[6][0][3] | S_C_o[6][4][5] |     4.272 | SLOW    |     2.209 | FAST    |
S_A_i[6][0][3] | S_C_o[6][4][6] |     4.530 | SLOW    |     2.360 | FAST    |
S_A_i[6][0][3] | S_C_o[6][4][7] |     4.595 | SLOW    |     2.397 | FAST    |
S_A_i[6][0][3] | S_C_o[6][5][3] |     4.277 | SLOW    |     2.217 | FAST    |
S_A_i[6][0][3] | S_C_o[6][5][4] |     4.294 | SLOW    |     2.223 | FAST    |
S_A_i[6][0][3] | S_C_o[6][5][5] |     4.272 | SLOW    |     2.209 | FAST    |
S_A_i[6][0][3] | S_C_o[6][5][6] |     4.530 | SLOW    |     2.360 | FAST    |
S_A_i[6][0][3] | S_C_o[6][5][7] |     4.595 | SLOW    |     2.397 | FAST    |
S_A_i[6][0][3] | S_C_o[6][6][3] |     4.277 | SLOW    |     2.217 | FAST    |
S_A_i[6][0][3] | S_C_o[6][6][4] |     4.294 | SLOW    |     2.223 | FAST    |
S_A_i[6][0][3] | S_C_o[6][6][5] |     4.272 | SLOW    |     2.209 | FAST    |
S_A_i[6][0][3] | S_C_o[6][6][6] |     4.530 | SLOW    |     2.360 | FAST    |
S_A_i[6][0][3] | S_C_o[6][6][7] |     4.595 | SLOW    |     2.397 | FAST    |
S_A_i[6][0][3] | S_C_o[6][7][3] |     4.277 | SLOW    |     2.217 | FAST    |
S_A_i[6][0][3] | S_C_o[6][7][4] |     4.294 | SLOW    |     2.223 | FAST    |
S_A_i[6][0][3] | S_C_o[6][7][5] |     4.272 | SLOW    |     2.209 | FAST    |
S_A_i[6][0][3] | S_C_o[6][7][6] |     4.530 | SLOW    |     2.360 | FAST    |
S_A_i[6][0][3] | S_C_o[6][7][7] |     4.595 | SLOW    |     2.397 | FAST    |
S_A_i[6][0][4] | S_C_o[6][0][4] |     4.301 | SLOW    |     2.233 | FAST    |
S_A_i[6][0][4] | S_C_o[6][0][5] |     4.297 | SLOW    |     2.222 | FAST    |
S_A_i[6][0][4] | S_C_o[6][0][6] |     4.509 | SLOW    |     2.342 | FAST    |
S_A_i[6][0][4] | S_C_o[6][0][7] |     4.574 | SLOW    |     2.379 | FAST    |
S_A_i[6][0][4] | S_C_o[6][1][4] |     4.301 | SLOW    |     2.233 | FAST    |
S_A_i[6][0][4] | S_C_o[6][1][5] |     4.297 | SLOW    |     2.222 | FAST    |
S_A_i[6][0][4] | S_C_o[6][1][6] |     4.509 | SLOW    |     2.342 | FAST    |
S_A_i[6][0][4] | S_C_o[6][1][7] |     4.574 | SLOW    |     2.379 | FAST    |
S_A_i[6][0][4] | S_C_o[6][2][4] |     4.301 | SLOW    |     2.233 | FAST    |
S_A_i[6][0][4] | S_C_o[6][2][5] |     4.297 | SLOW    |     2.222 | FAST    |
S_A_i[6][0][4] | S_C_o[6][2][6] |     4.509 | SLOW    |     2.342 | FAST    |
S_A_i[6][0][4] | S_C_o[6][2][7] |     4.574 | SLOW    |     2.379 | FAST    |
S_A_i[6][0][4] | S_C_o[6][3][4] |     4.301 | SLOW    |     2.233 | FAST    |
S_A_i[6][0][4] | S_C_o[6][3][5] |     4.297 | SLOW    |     2.222 | FAST    |
S_A_i[6][0][4] | S_C_o[6][3][6] |     4.509 | SLOW    |     2.342 | FAST    |
S_A_i[6][0][4] | S_C_o[6][3][7] |     4.574 | SLOW    |     2.379 | FAST    |
S_A_i[6][0][4] | S_C_o[6][4][4] |     4.301 | SLOW    |     2.233 | FAST    |
S_A_i[6][0][4] | S_C_o[6][4][5] |     4.297 | SLOW    |     2.222 | FAST    |
S_A_i[6][0][4] | S_C_o[6][4][6] |     4.509 | SLOW    |     2.342 | FAST    |
S_A_i[6][0][4] | S_C_o[6][4][7] |     4.574 | SLOW    |     2.379 | FAST    |
S_A_i[6][0][4] | S_C_o[6][5][4] |     4.301 | SLOW    |     2.233 | FAST    |
S_A_i[6][0][4] | S_C_o[6][5][5] |     4.297 | SLOW    |     2.222 | FAST    |
S_A_i[6][0][4] | S_C_o[6][5][6] |     4.509 | SLOW    |     2.342 | FAST    |
S_A_i[6][0][4] | S_C_o[6][5][7] |     4.574 | SLOW    |     2.379 | FAST    |
S_A_i[6][0][4] | S_C_o[6][6][4] |     4.301 | SLOW    |     2.233 | FAST    |
S_A_i[6][0][4] | S_C_o[6][6][5] |     4.297 | SLOW    |     2.222 | FAST    |
S_A_i[6][0][4] | S_C_o[6][6][6] |     4.509 | SLOW    |     2.342 | FAST    |
S_A_i[6][0][4] | S_C_o[6][6][7] |     4.574 | SLOW    |     2.379 | FAST    |
S_A_i[6][0][4] | S_C_o[6][7][4] |     4.301 | SLOW    |     2.233 | FAST    |
S_A_i[6][0][4] | S_C_o[6][7][5] |     4.297 | SLOW    |     2.222 | FAST    |
S_A_i[6][0][4] | S_C_o[6][7][6] |     4.509 | SLOW    |     2.342 | FAST    |
S_A_i[6][0][4] | S_C_o[6][7][7] |     4.574 | SLOW    |     2.379 | FAST    |
S_A_i[6][0][5] | S_C_o[6][0][5] |     4.468 | SLOW    |     2.326 | FAST    |
S_A_i[6][0][5] | S_C_o[6][0][6] |     4.287 | SLOW    |     2.219 | FAST    |
S_A_i[6][0][5] | S_C_o[6][0][7] |     4.297 | SLOW    |     2.222 | FAST    |
S_A_i[6][0][5] | S_C_o[6][1][5] |     4.468 | SLOW    |     2.326 | FAST    |
S_A_i[6][0][5] | S_C_o[6][1][6] |     4.287 | SLOW    |     2.219 | FAST    |
S_A_i[6][0][5] | S_C_o[6][1][7] |     4.297 | SLOW    |     2.222 | FAST    |
S_A_i[6][0][5] | S_C_o[6][2][5] |     4.468 | SLOW    |     2.326 | FAST    |
S_A_i[6][0][5] | S_C_o[6][2][6] |     4.287 | SLOW    |     2.219 | FAST    |
S_A_i[6][0][5] | S_C_o[6][2][7] |     4.297 | SLOW    |     2.222 | FAST    |
S_A_i[6][0][5] | S_C_o[6][3][5] |     4.468 | SLOW    |     2.326 | FAST    |
S_A_i[6][0][5] | S_C_o[6][3][6] |     4.287 | SLOW    |     2.219 | FAST    |
S_A_i[6][0][5] | S_C_o[6][3][7] |     4.297 | SLOW    |     2.222 | FAST    |
S_A_i[6][0][5] | S_C_o[6][4][5] |     4.468 | SLOW    |     2.326 | FAST    |
S_A_i[6][0][5] | S_C_o[6][4][6] |     4.287 | SLOW    |     2.219 | FAST    |
S_A_i[6][0][5] | S_C_o[6][4][7] |     4.297 | SLOW    |     2.222 | FAST    |
S_A_i[6][0][5] | S_C_o[6][5][5] |     4.468 | SLOW    |     2.326 | FAST    |
S_A_i[6][0][5] | S_C_o[6][5][6] |     4.287 | SLOW    |     2.219 | FAST    |
S_A_i[6][0][5] | S_C_o[6][5][7] |     4.297 | SLOW    |     2.222 | FAST    |
S_A_i[6][0][5] | S_C_o[6][6][5] |     4.468 | SLOW    |     2.326 | FAST    |
S_A_i[6][0][5] | S_C_o[6][6][6] |     4.287 | SLOW    |     2.219 | FAST    |
S_A_i[6][0][5] | S_C_o[6][6][7] |     4.297 | SLOW    |     2.222 | FAST    |
S_A_i[6][0][5] | S_C_o[6][7][5] |     4.468 | SLOW    |     2.326 | FAST    |
S_A_i[6][0][5] | S_C_o[6][7][6] |     4.287 | SLOW    |     2.219 | FAST    |
S_A_i[6][0][5] | S_C_o[6][7][7] |     4.297 | SLOW    |     2.222 | FAST    |
S_A_i[6][0][6] | S_C_o[6][0][6] |     4.292 | SLOW    |     2.229 | FAST    |
S_A_i[6][0][6] | S_C_o[6][0][7] |     4.256 | SLOW    |     2.201 | FAST    |
S_A_i[6][0][6] | S_C_o[6][1][6] |     4.292 | SLOW    |     2.229 | FAST    |
S_A_i[6][0][6] | S_C_o[6][1][7] |     4.256 | SLOW    |     2.201 | FAST    |
S_A_i[6][0][6] | S_C_o[6][2][6] |     4.292 | SLOW    |     2.229 | FAST    |
S_A_i[6][0][6] | S_C_o[6][2][7] |     4.256 | SLOW    |     2.201 | FAST    |
S_A_i[6][0][6] | S_C_o[6][3][6] |     4.292 | SLOW    |     2.229 | FAST    |
S_A_i[6][0][6] | S_C_o[6][3][7] |     4.256 | SLOW    |     2.201 | FAST    |
S_A_i[6][0][6] | S_C_o[6][4][6] |     4.292 | SLOW    |     2.229 | FAST    |
S_A_i[6][0][6] | S_C_o[6][4][7] |     4.256 | SLOW    |     2.201 | FAST    |
S_A_i[6][0][6] | S_C_o[6][5][6] |     4.292 | SLOW    |     2.229 | FAST    |
S_A_i[6][0][6] | S_C_o[6][5][7] |     4.256 | SLOW    |     2.201 | FAST    |
S_A_i[6][0][6] | S_C_o[6][6][6] |     4.292 | SLOW    |     2.229 | FAST    |
S_A_i[6][0][6] | S_C_o[6][6][7] |     4.256 | SLOW    |     2.201 | FAST    |
S_A_i[6][0][6] | S_C_o[6][7][6] |     4.292 | SLOW    |     2.229 | FAST    |
S_A_i[6][0][6] | S_C_o[6][7][7] |     4.256 | SLOW    |     2.201 | FAST    |
S_A_i[6][0][7] | S_C_o[6][0][7] |     4.444 | SLOW    |     2.314 | FAST    |
S_A_i[6][0][7] | S_C_o[6][1][7] |     4.444 | SLOW    |     2.314 | FAST    |
S_A_i[6][0][7] | S_C_o[6][2][7] |     4.444 | SLOW    |     2.314 | FAST    |
S_A_i[6][0][7] | S_C_o[6][3][7] |     4.444 | SLOW    |     2.314 | FAST    |
S_A_i[6][0][7] | S_C_o[6][4][7] |     4.444 | SLOW    |     2.314 | FAST    |
S_A_i[6][0][7] | S_C_o[6][5][7] |     4.444 | SLOW    |     2.314 | FAST    |
S_A_i[6][0][7] | S_C_o[6][6][7] |     4.444 | SLOW    |     2.314 | FAST    |
S_A_i[6][0][7] | S_C_o[6][7][7] |     4.444 | SLOW    |     2.314 | FAST    |
S_A_i[7][0][0] | S_C_o[7][0][0] |     4.277 | SLOW    |     2.217 | FAST    |
S_A_i[7][0][0] | S_C_o[7][0][1] |     4.294 | SLOW    |     2.223 | FAST    |
S_A_i[7][0][0] | S_C_o[7][0][2] |     4.304 | SLOW    |     2.226 | FAST    |
S_A_i[7][0][0] | S_C_o[7][0][3] |     4.484 | SLOW    |     2.323 | FAST    |
S_A_i[7][0][0] | S_C_o[7][0][4] |     4.506 | SLOW    |     2.337 | FAST    |
S_A_i[7][0][0] | S_C_o[7][0][5] |     4.571 | SLOW    |     2.374 | FAST    |
S_A_i[7][0][0] | S_C_o[7][0][6] |     4.728 | SLOW    |     2.460 | FAST    |
S_A_i[7][0][0] | S_C_o[7][0][7] |     4.793 | SLOW    |     2.497 | FAST    |
S_A_i[7][0][0] | S_C_o[7][1][0] |     4.277 | SLOW    |     2.217 | FAST    |
S_A_i[7][0][0] | S_C_o[7][1][1] |     4.294 | SLOW    |     2.223 | FAST    |
S_A_i[7][0][0] | S_C_o[7][1][2] |     4.304 | SLOW    |     2.226 | FAST    |
S_A_i[7][0][0] | S_C_o[7][1][3] |     4.484 | SLOW    |     2.323 | FAST    |
S_A_i[7][0][0] | S_C_o[7][1][4] |     4.506 | SLOW    |     2.337 | FAST    |
S_A_i[7][0][0] | S_C_o[7][1][5] |     4.571 | SLOW    |     2.374 | FAST    |
S_A_i[7][0][0] | S_C_o[7][1][6] |     4.728 | SLOW    |     2.460 | FAST    |
S_A_i[7][0][0] | S_C_o[7][1][7] |     4.793 | SLOW    |     2.497 | FAST    |
S_A_i[7][0][0] | S_C_o[7][2][0] |     4.277 | SLOW    |     2.217 | FAST    |
S_A_i[7][0][0] | S_C_o[7][2][1] |     4.294 | SLOW    |     2.223 | FAST    |
S_A_i[7][0][0] | S_C_o[7][2][2] |     4.304 | SLOW    |     2.226 | FAST    |
S_A_i[7][0][0] | S_C_o[7][2][3] |     4.484 | SLOW    |     2.323 | FAST    |
S_A_i[7][0][0] | S_C_o[7][2][4] |     4.506 | SLOW    |     2.337 | FAST    |
S_A_i[7][0][0] | S_C_o[7][2][5] |     4.571 | SLOW    |     2.374 | FAST    |
S_A_i[7][0][0] | S_C_o[7][2][6] |     4.728 | SLOW    |     2.460 | FAST    |
S_A_i[7][0][0] | S_C_o[7][2][7] |     4.793 | SLOW    |     2.497 | FAST    |
S_A_i[7][0][0] | S_C_o[7][3][0] |     4.277 | SLOW    |     2.217 | FAST    |
S_A_i[7][0][0] | S_C_o[7][3][1] |     4.294 | SLOW    |     2.223 | FAST    |
S_A_i[7][0][0] | S_C_o[7][3][2] |     4.304 | SLOW    |     2.226 | FAST    |
S_A_i[7][0][0] | S_C_o[7][3][3] |     4.484 | SLOW    |     2.323 | FAST    |
S_A_i[7][0][0] | S_C_o[7][3][4] |     4.506 | SLOW    |     2.337 | FAST    |
S_A_i[7][0][0] | S_C_o[7][3][5] |     4.571 | SLOW    |     2.374 | FAST    |
S_A_i[7][0][0] | S_C_o[7][3][6] |     4.728 | SLOW    |     2.460 | FAST    |
S_A_i[7][0][0] | S_C_o[7][3][7] |     4.793 | SLOW    |     2.497 | FAST    |
S_A_i[7][0][0] | S_C_o[7][4][0] |     4.277 | SLOW    |     2.217 | FAST    |
S_A_i[7][0][0] | S_C_o[7][4][1] |     4.294 | SLOW    |     2.223 | FAST    |
S_A_i[7][0][0] | S_C_o[7][4][2] |     4.304 | SLOW    |     2.226 | FAST    |
S_A_i[7][0][0] | S_C_o[7][4][3] |     4.484 | SLOW    |     2.323 | FAST    |
S_A_i[7][0][0] | S_C_o[7][4][4] |     4.506 | SLOW    |     2.337 | FAST    |
S_A_i[7][0][0] | S_C_o[7][4][5] |     4.571 | SLOW    |     2.374 | FAST    |
S_A_i[7][0][0] | S_C_o[7][4][6] |     4.728 | SLOW    |     2.460 | FAST    |
S_A_i[7][0][0] | S_C_o[7][4][7] |     4.793 | SLOW    |     2.497 | FAST    |
S_A_i[7][0][0] | S_C_o[7][5][0] |     4.277 | SLOW    |     2.217 | FAST    |
S_A_i[7][0][0] | S_C_o[7][5][1] |     4.294 | SLOW    |     2.223 | FAST    |
S_A_i[7][0][0] | S_C_o[7][5][2] |     4.304 | SLOW    |     2.226 | FAST    |
S_A_i[7][0][0] | S_C_o[7][5][3] |     4.484 | SLOW    |     2.323 | FAST    |
S_A_i[7][0][0] | S_C_o[7][5][4] |     4.506 | SLOW    |     2.337 | FAST    |
S_A_i[7][0][0] | S_C_o[7][5][5] |     4.571 | SLOW    |     2.374 | FAST    |
S_A_i[7][0][0] | S_C_o[7][5][6] |     4.728 | SLOW    |     2.460 | FAST    |
S_A_i[7][0][0] | S_C_o[7][5][7] |     4.793 | SLOW    |     2.497 | FAST    |
S_A_i[7][0][0] | S_C_o[7][6][0] |     4.277 | SLOW    |     2.217 | FAST    |
S_A_i[7][0][0] | S_C_o[7][6][1] |     4.294 | SLOW    |     2.223 | FAST    |
S_A_i[7][0][0] | S_C_o[7][6][2] |     4.304 | SLOW    |     2.226 | FAST    |
S_A_i[7][0][0] | S_C_o[7][6][3] |     4.484 | SLOW    |     2.323 | FAST    |
S_A_i[7][0][0] | S_C_o[7][6][4] |     4.506 | SLOW    |     2.337 | FAST    |
S_A_i[7][0][0] | S_C_o[7][6][5] |     4.571 | SLOW    |     2.374 | FAST    |
S_A_i[7][0][0] | S_C_o[7][6][6] |     4.728 | SLOW    |     2.460 | FAST    |
S_A_i[7][0][0] | S_C_o[7][6][7] |     4.793 | SLOW    |     2.497 | FAST    |
S_A_i[7][0][0] | S_C_o[7][7][0] |     4.277 | SLOW    |     2.217 | FAST    |
S_A_i[7][0][0] | S_C_o[7][7][1] |     4.294 | SLOW    |     2.223 | FAST    |
S_A_i[7][0][0] | S_C_o[7][7][2] |     4.304 | SLOW    |     2.226 | FAST    |
S_A_i[7][0][0] | S_C_o[7][7][3] |     4.484 | SLOW    |     2.323 | FAST    |
S_A_i[7][0][0] | S_C_o[7][7][4] |     4.506 | SLOW    |     2.337 | FAST    |
S_A_i[7][0][0] | S_C_o[7][7][5] |     4.571 | SLOW    |     2.374 | FAST    |
S_A_i[7][0][0] | S_C_o[7][7][6] |     4.728 | SLOW    |     2.460 | FAST    |
S_A_i[7][0][0] | S_C_o[7][7][7] |     4.793 | SLOW    |     2.497 | FAST    |
S_A_i[7][0][1] | S_C_o[7][0][1] |     4.301 | SLOW    |     2.233 | FAST    |
S_A_i[7][0][1] | S_C_o[7][0][2] |     4.297 | SLOW    |     2.222 | FAST    |
S_A_i[7][0][1] | S_C_o[7][0][3] |     4.482 | SLOW    |     2.327 | FAST    |
S_A_i[7][0][1] | S_C_o[7][0][4] |     4.504 | SLOW    |     2.341 | FAST    |
S_A_i[7][0][1] | S_C_o[7][0][5] |     4.569 | SLOW    |     2.378 | FAST    |
S_A_i[7][0][1] | S_C_o[7][0][6] |     4.726 | SLOW    |     2.464 | FAST    |
S_A_i[7][0][1] | S_C_o[7][0][7] |     4.791 | SLOW    |     2.501 | FAST    |
S_A_i[7][0][1] | S_C_o[7][1][1] |     4.301 | SLOW    |     2.233 | FAST    |
S_A_i[7][0][1] | S_C_o[7][1][2] |     4.297 | SLOW    |     2.222 | FAST    |
S_A_i[7][0][1] | S_C_o[7][1][3] |     4.482 | SLOW    |     2.327 | FAST    |
S_A_i[7][0][1] | S_C_o[7][1][4] |     4.504 | SLOW    |     2.341 | FAST    |
S_A_i[7][0][1] | S_C_o[7][1][5] |     4.569 | SLOW    |     2.378 | FAST    |
S_A_i[7][0][1] | S_C_o[7][1][6] |     4.726 | SLOW    |     2.464 | FAST    |
S_A_i[7][0][1] | S_C_o[7][1][7] |     4.791 | SLOW    |     2.501 | FAST    |
S_A_i[7][0][1] | S_C_o[7][2][1] |     4.301 | SLOW    |     2.233 | FAST    |
S_A_i[7][0][1] | S_C_o[7][2][2] |     4.297 | SLOW    |     2.222 | FAST    |
S_A_i[7][0][1] | S_C_o[7][2][3] |     4.482 | SLOW    |     2.327 | FAST    |
S_A_i[7][0][1] | S_C_o[7][2][4] |     4.504 | SLOW    |     2.341 | FAST    |
S_A_i[7][0][1] | S_C_o[7][2][5] |     4.569 | SLOW    |     2.378 | FAST    |
S_A_i[7][0][1] | S_C_o[7][2][6] |     4.726 | SLOW    |     2.464 | FAST    |
S_A_i[7][0][1] | S_C_o[7][2][7] |     4.791 | SLOW    |     2.501 | FAST    |
S_A_i[7][0][1] | S_C_o[7][3][1] |     4.301 | SLOW    |     2.233 | FAST    |
S_A_i[7][0][1] | S_C_o[7][3][2] |     4.297 | SLOW    |     2.222 | FAST    |
S_A_i[7][0][1] | S_C_o[7][3][3] |     4.482 | SLOW    |     2.327 | FAST    |
S_A_i[7][0][1] | S_C_o[7][3][4] |     4.504 | SLOW    |     2.341 | FAST    |
S_A_i[7][0][1] | S_C_o[7][3][5] |     4.569 | SLOW    |     2.378 | FAST    |
S_A_i[7][0][1] | S_C_o[7][3][6] |     4.726 | SLOW    |     2.464 | FAST    |
S_A_i[7][0][1] | S_C_o[7][3][7] |     4.791 | SLOW    |     2.501 | FAST    |
S_A_i[7][0][1] | S_C_o[7][4][1] |     4.301 | SLOW    |     2.233 | FAST    |
S_A_i[7][0][1] | S_C_o[7][4][2] |     4.297 | SLOW    |     2.222 | FAST    |
S_A_i[7][0][1] | S_C_o[7][4][3] |     4.482 | SLOW    |     2.327 | FAST    |
S_A_i[7][0][1] | S_C_o[7][4][4] |     4.504 | SLOW    |     2.341 | FAST    |
S_A_i[7][0][1] | S_C_o[7][4][5] |     4.569 | SLOW    |     2.378 | FAST    |
S_A_i[7][0][1] | S_C_o[7][4][6] |     4.726 | SLOW    |     2.464 | FAST    |
S_A_i[7][0][1] | S_C_o[7][4][7] |     4.791 | SLOW    |     2.501 | FAST    |
S_A_i[7][0][1] | S_C_o[7][5][1] |     4.301 | SLOW    |     2.233 | FAST    |
S_A_i[7][0][1] | S_C_o[7][5][2] |     4.297 | SLOW    |     2.222 | FAST    |
S_A_i[7][0][1] | S_C_o[7][5][3] |     4.482 | SLOW    |     2.327 | FAST    |
S_A_i[7][0][1] | S_C_o[7][5][4] |     4.504 | SLOW    |     2.341 | FAST    |
S_A_i[7][0][1] | S_C_o[7][5][5] |     4.569 | SLOW    |     2.378 | FAST    |
S_A_i[7][0][1] | S_C_o[7][5][6] |     4.726 | SLOW    |     2.464 | FAST    |
S_A_i[7][0][1] | S_C_o[7][5][7] |     4.791 | SLOW    |     2.501 | FAST    |
S_A_i[7][0][1] | S_C_o[7][6][1] |     4.301 | SLOW    |     2.233 | FAST    |
S_A_i[7][0][1] | S_C_o[7][6][2] |     4.297 | SLOW    |     2.222 | FAST    |
S_A_i[7][0][1] | S_C_o[7][6][3] |     4.482 | SLOW    |     2.327 | FAST    |
S_A_i[7][0][1] | S_C_o[7][6][4] |     4.504 | SLOW    |     2.341 | FAST    |
S_A_i[7][0][1] | S_C_o[7][6][5] |     4.569 | SLOW    |     2.378 | FAST    |
S_A_i[7][0][1] | S_C_o[7][6][6] |     4.726 | SLOW    |     2.464 | FAST    |
S_A_i[7][0][1] | S_C_o[7][6][7] |     4.791 | SLOW    |     2.501 | FAST    |
S_A_i[7][0][1] | S_C_o[7][7][1] |     4.301 | SLOW    |     2.233 | FAST    |
S_A_i[7][0][1] | S_C_o[7][7][2] |     4.297 | SLOW    |     2.222 | FAST    |
S_A_i[7][0][1] | S_C_o[7][7][3] |     4.482 | SLOW    |     2.327 | FAST    |
S_A_i[7][0][1] | S_C_o[7][7][4] |     4.504 | SLOW    |     2.341 | FAST    |
S_A_i[7][0][1] | S_C_o[7][7][5] |     4.569 | SLOW    |     2.378 | FAST    |
S_A_i[7][0][1] | S_C_o[7][7][6] |     4.726 | SLOW    |     2.464 | FAST    |
S_A_i[7][0][1] | S_C_o[7][7][7] |     4.791 | SLOW    |     2.501 | FAST    |
S_A_i[7][0][2] | S_C_o[7][0][2] |     4.261 | SLOW    |     2.209 | FAST    |
S_A_i[7][0][2] | S_C_o[7][0][3] |     4.500 | SLOW    |     2.332 | FAST    |
S_A_i[7][0][2] | S_C_o[7][0][4] |     4.522 | SLOW    |     2.346 | FAST    |
S_A_i[7][0][2] | S_C_o[7][0][5] |     4.587 | SLOW    |     2.383 | FAST    |
S_A_i[7][0][2] | S_C_o[7][0][6] |     4.744 | SLOW    |     2.469 | FAST    |
S_A_i[7][0][2] | S_C_o[7][0][7] |     4.809 | SLOW    |     2.506 | FAST    |
S_A_i[7][0][2] | S_C_o[7][1][2] |     4.261 | SLOW    |     2.209 | FAST    |
S_A_i[7][0][2] | S_C_o[7][1][3] |     4.500 | SLOW    |     2.332 | FAST    |
S_A_i[7][0][2] | S_C_o[7][1][4] |     4.522 | SLOW    |     2.346 | FAST    |
S_A_i[7][0][2] | S_C_o[7][1][5] |     4.587 | SLOW    |     2.383 | FAST    |
S_A_i[7][0][2] | S_C_o[7][1][6] |     4.744 | SLOW    |     2.469 | FAST    |
S_A_i[7][0][2] | S_C_o[7][1][7] |     4.809 | SLOW    |     2.506 | FAST    |
S_A_i[7][0][2] | S_C_o[7][2][2] |     4.261 | SLOW    |     2.209 | FAST    |
S_A_i[7][0][2] | S_C_o[7][2][3] |     4.500 | SLOW    |     2.332 | FAST    |
S_A_i[7][0][2] | S_C_o[7][2][4] |     4.522 | SLOW    |     2.346 | FAST    |
S_A_i[7][0][2] | S_C_o[7][2][5] |     4.587 | SLOW    |     2.383 | FAST    |
S_A_i[7][0][2] | S_C_o[7][2][6] |     4.744 | SLOW    |     2.469 | FAST    |
S_A_i[7][0][2] | S_C_o[7][2][7] |     4.809 | SLOW    |     2.506 | FAST    |
S_A_i[7][0][2] | S_C_o[7][3][2] |     4.261 | SLOW    |     2.209 | FAST    |
S_A_i[7][0][2] | S_C_o[7][3][3] |     4.500 | SLOW    |     2.332 | FAST    |
S_A_i[7][0][2] | S_C_o[7][3][4] |     4.522 | SLOW    |     2.346 | FAST    |
S_A_i[7][0][2] | S_C_o[7][3][5] |     4.587 | SLOW    |     2.383 | FAST    |
S_A_i[7][0][2] | S_C_o[7][3][6] |     4.744 | SLOW    |     2.469 | FAST    |
S_A_i[7][0][2] | S_C_o[7][3][7] |     4.809 | SLOW    |     2.506 | FAST    |
S_A_i[7][0][2] | S_C_o[7][4][2] |     4.261 | SLOW    |     2.209 | FAST    |
S_A_i[7][0][2] | S_C_o[7][4][3] |     4.500 | SLOW    |     2.332 | FAST    |
S_A_i[7][0][2] | S_C_o[7][4][4] |     4.522 | SLOW    |     2.346 | FAST    |
S_A_i[7][0][2] | S_C_o[7][4][5] |     4.587 | SLOW    |     2.383 | FAST    |
S_A_i[7][0][2] | S_C_o[7][4][6] |     4.744 | SLOW    |     2.469 | FAST    |
S_A_i[7][0][2] | S_C_o[7][4][7] |     4.809 | SLOW    |     2.506 | FAST    |
S_A_i[7][0][2] | S_C_o[7][5][2] |     4.261 | SLOW    |     2.209 | FAST    |
S_A_i[7][0][2] | S_C_o[7][5][3] |     4.500 | SLOW    |     2.332 | FAST    |
S_A_i[7][0][2] | S_C_o[7][5][4] |     4.522 | SLOW    |     2.346 | FAST    |
S_A_i[7][0][2] | S_C_o[7][5][5] |     4.587 | SLOW    |     2.383 | FAST    |
S_A_i[7][0][2] | S_C_o[7][5][6] |     4.744 | SLOW    |     2.469 | FAST    |
S_A_i[7][0][2] | S_C_o[7][5][7] |     4.809 | SLOW    |     2.506 | FAST    |
S_A_i[7][0][2] | S_C_o[7][6][2] |     4.261 | SLOW    |     2.209 | FAST    |
S_A_i[7][0][2] | S_C_o[7][6][3] |     4.500 | SLOW    |     2.332 | FAST    |
S_A_i[7][0][2] | S_C_o[7][6][4] |     4.522 | SLOW    |     2.346 | FAST    |
S_A_i[7][0][2] | S_C_o[7][6][5] |     4.587 | SLOW    |     2.383 | FAST    |
S_A_i[7][0][2] | S_C_o[7][6][6] |     4.744 | SLOW    |     2.469 | FAST    |
S_A_i[7][0][2] | S_C_o[7][6][7] |     4.809 | SLOW    |     2.506 | FAST    |
S_A_i[7][0][2] | S_C_o[7][7][2] |     4.261 | SLOW    |     2.209 | FAST    |
S_A_i[7][0][2] | S_C_o[7][7][3] |     4.500 | SLOW    |     2.332 | FAST    |
S_A_i[7][0][2] | S_C_o[7][7][4] |     4.522 | SLOW    |     2.346 | FAST    |
S_A_i[7][0][2] | S_C_o[7][7][5] |     4.587 | SLOW    |     2.383 | FAST    |
S_A_i[7][0][2] | S_C_o[7][7][6] |     4.744 | SLOW    |     2.469 | FAST    |
S_A_i[7][0][2] | S_C_o[7][7][7] |     4.809 | SLOW    |     2.506 | FAST    |
S_A_i[7][0][3] | S_C_o[7][0][3] |     4.277 | SLOW    |     2.217 | FAST    |
S_A_i[7][0][3] | S_C_o[7][0][4] |     4.294 | SLOW    |     2.223 | FAST    |
S_A_i[7][0][3] | S_C_o[7][0][5] |     4.272 | SLOW    |     2.209 | FAST    |
S_A_i[7][0][3] | S_C_o[7][0][6] |     4.530 | SLOW    |     2.360 | FAST    |
S_A_i[7][0][3] | S_C_o[7][0][7] |     4.595 | SLOW    |     2.397 | FAST    |
S_A_i[7][0][3] | S_C_o[7][1][3] |     4.277 | SLOW    |     2.217 | FAST    |
S_A_i[7][0][3] | S_C_o[7][1][4] |     4.294 | SLOW    |     2.223 | FAST    |
S_A_i[7][0][3] | S_C_o[7][1][5] |     4.272 | SLOW    |     2.209 | FAST    |
S_A_i[7][0][3] | S_C_o[7][1][6] |     4.530 | SLOW    |     2.360 | FAST    |
S_A_i[7][0][3] | S_C_o[7][1][7] |     4.595 | SLOW    |     2.397 | FAST    |
S_A_i[7][0][3] | S_C_o[7][2][3] |     4.277 | SLOW    |     2.217 | FAST    |
S_A_i[7][0][3] | S_C_o[7][2][4] |     4.294 | SLOW    |     2.223 | FAST    |
S_A_i[7][0][3] | S_C_o[7][2][5] |     4.272 | SLOW    |     2.209 | FAST    |
S_A_i[7][0][3] | S_C_o[7][2][6] |     4.530 | SLOW    |     2.360 | FAST    |
S_A_i[7][0][3] | S_C_o[7][2][7] |     4.595 | SLOW    |     2.397 | FAST    |
S_A_i[7][0][3] | S_C_o[7][3][3] |     4.277 | SLOW    |     2.217 | FAST    |
S_A_i[7][0][3] | S_C_o[7][3][4] |     4.294 | SLOW    |     2.223 | FAST    |
S_A_i[7][0][3] | S_C_o[7][3][5] |     4.272 | SLOW    |     2.209 | FAST    |
S_A_i[7][0][3] | S_C_o[7][3][6] |     4.530 | SLOW    |     2.360 | FAST    |
S_A_i[7][0][3] | S_C_o[7][3][7] |     4.595 | SLOW    |     2.397 | FAST    |
S_A_i[7][0][3] | S_C_o[7][4][3] |     4.277 | SLOW    |     2.217 | FAST    |
S_A_i[7][0][3] | S_C_o[7][4][4] |     4.294 | SLOW    |     2.223 | FAST    |
S_A_i[7][0][3] | S_C_o[7][4][5] |     4.272 | SLOW    |     2.209 | FAST    |
S_A_i[7][0][3] | S_C_o[7][4][6] |     4.530 | SLOW    |     2.360 | FAST    |
S_A_i[7][0][3] | S_C_o[7][4][7] |     4.595 | SLOW    |     2.397 | FAST    |
S_A_i[7][0][3] | S_C_o[7][5][3] |     4.277 | SLOW    |     2.217 | FAST    |
S_A_i[7][0][3] | S_C_o[7][5][4] |     4.294 | SLOW    |     2.223 | FAST    |
S_A_i[7][0][3] | S_C_o[7][5][5] |     4.272 | SLOW    |     2.209 | FAST    |
S_A_i[7][0][3] | S_C_o[7][5][6] |     4.530 | SLOW    |     2.360 | FAST    |
S_A_i[7][0][3] | S_C_o[7][5][7] |     4.595 | SLOW    |     2.397 | FAST    |
S_A_i[7][0][3] | S_C_o[7][6][3] |     4.277 | SLOW    |     2.217 | FAST    |
S_A_i[7][0][3] | S_C_o[7][6][4] |     4.294 | SLOW    |     2.223 | FAST    |
S_A_i[7][0][3] | S_C_o[7][6][5] |     4.272 | SLOW    |     2.209 | FAST    |
S_A_i[7][0][3] | S_C_o[7][6][6] |     4.530 | SLOW    |     2.360 | FAST    |
S_A_i[7][0][3] | S_C_o[7][6][7] |     4.595 | SLOW    |     2.397 | FAST    |
S_A_i[7][0][3] | S_C_o[7][7][3] |     4.277 | SLOW    |     2.217 | FAST    |
S_A_i[7][0][3] | S_C_o[7][7][4] |     4.294 | SLOW    |     2.223 | FAST    |
S_A_i[7][0][3] | S_C_o[7][7][5] |     4.272 | SLOW    |     2.209 | FAST    |
S_A_i[7][0][3] | S_C_o[7][7][6] |     4.530 | SLOW    |     2.360 | FAST    |
S_A_i[7][0][3] | S_C_o[7][7][7] |     4.595 | SLOW    |     2.397 | FAST    |
S_A_i[7][0][4] | S_C_o[7][0][4] |     4.301 | SLOW    |     2.233 | FAST    |
S_A_i[7][0][4] | S_C_o[7][0][5] |     4.297 | SLOW    |     2.222 | FAST    |
S_A_i[7][0][4] | S_C_o[7][0][6] |     4.509 | SLOW    |     2.342 | FAST    |
S_A_i[7][0][4] | S_C_o[7][0][7] |     4.574 | SLOW    |     2.379 | FAST    |
S_A_i[7][0][4] | S_C_o[7][1][4] |     4.301 | SLOW    |     2.233 | FAST    |
S_A_i[7][0][4] | S_C_o[7][1][5] |     4.297 | SLOW    |     2.222 | FAST    |
S_A_i[7][0][4] | S_C_o[7][1][6] |     4.509 | SLOW    |     2.342 | FAST    |
S_A_i[7][0][4] | S_C_o[7][1][7] |     4.574 | SLOW    |     2.379 | FAST    |
S_A_i[7][0][4] | S_C_o[7][2][4] |     4.301 | SLOW    |     2.233 | FAST    |
S_A_i[7][0][4] | S_C_o[7][2][5] |     4.297 | SLOW    |     2.222 | FAST    |
S_A_i[7][0][4] | S_C_o[7][2][6] |     4.509 | SLOW    |     2.342 | FAST    |
S_A_i[7][0][4] | S_C_o[7][2][7] |     4.574 | SLOW    |     2.379 | FAST    |
S_A_i[7][0][4] | S_C_o[7][3][4] |     4.301 | SLOW    |     2.233 | FAST    |
S_A_i[7][0][4] | S_C_o[7][3][5] |     4.297 | SLOW    |     2.222 | FAST    |
S_A_i[7][0][4] | S_C_o[7][3][6] |     4.509 | SLOW    |     2.342 | FAST    |
S_A_i[7][0][4] | S_C_o[7][3][7] |     4.574 | SLOW    |     2.379 | FAST    |
S_A_i[7][0][4] | S_C_o[7][4][4] |     4.301 | SLOW    |     2.233 | FAST    |
S_A_i[7][0][4] | S_C_o[7][4][5] |     4.297 | SLOW    |     2.222 | FAST    |
S_A_i[7][0][4] | S_C_o[7][4][6] |     4.509 | SLOW    |     2.342 | FAST    |
S_A_i[7][0][4] | S_C_o[7][4][7] |     4.574 | SLOW    |     2.379 | FAST    |
S_A_i[7][0][4] | S_C_o[7][5][4] |     4.301 | SLOW    |     2.233 | FAST    |
S_A_i[7][0][4] | S_C_o[7][5][5] |     4.297 | SLOW    |     2.222 | FAST    |
S_A_i[7][0][4] | S_C_o[7][5][6] |     4.509 | SLOW    |     2.342 | FAST    |
S_A_i[7][0][4] | S_C_o[7][5][7] |     4.574 | SLOW    |     2.379 | FAST    |
S_A_i[7][0][4] | S_C_o[7][6][4] |     4.301 | SLOW    |     2.233 | FAST    |
S_A_i[7][0][4] | S_C_o[7][6][5] |     4.297 | SLOW    |     2.222 | FAST    |
S_A_i[7][0][4] | S_C_o[7][6][6] |     4.509 | SLOW    |     2.342 | FAST    |
S_A_i[7][0][4] | S_C_o[7][6][7] |     4.574 | SLOW    |     2.379 | FAST    |
S_A_i[7][0][4] | S_C_o[7][7][4] |     4.301 | SLOW    |     2.233 | FAST    |
S_A_i[7][0][4] | S_C_o[7][7][5] |     4.297 | SLOW    |     2.222 | FAST    |
S_A_i[7][0][4] | S_C_o[7][7][6] |     4.509 | SLOW    |     2.342 | FAST    |
S_A_i[7][0][4] | S_C_o[7][7][7] |     4.574 | SLOW    |     2.379 | FAST    |
S_A_i[7][0][5] | S_C_o[7][0][5] |     4.468 | SLOW    |     2.326 | FAST    |
S_A_i[7][0][5] | S_C_o[7][0][6] |     4.287 | SLOW    |     2.219 | FAST    |
S_A_i[7][0][5] | S_C_o[7][0][7] |     4.297 | SLOW    |     2.222 | FAST    |
S_A_i[7][0][5] | S_C_o[7][1][5] |     4.468 | SLOW    |     2.326 | FAST    |
S_A_i[7][0][5] | S_C_o[7][1][6] |     4.287 | SLOW    |     2.219 | FAST    |
S_A_i[7][0][5] | S_C_o[7][1][7] |     4.297 | SLOW    |     2.222 | FAST    |
S_A_i[7][0][5] | S_C_o[7][2][5] |     4.468 | SLOW    |     2.326 | FAST    |
S_A_i[7][0][5] | S_C_o[7][2][6] |     4.287 | SLOW    |     2.219 | FAST    |
S_A_i[7][0][5] | S_C_o[7][2][7] |     4.297 | SLOW    |     2.222 | FAST    |
S_A_i[7][0][5] | S_C_o[7][3][5] |     4.468 | SLOW    |     2.326 | FAST    |
S_A_i[7][0][5] | S_C_o[7][3][6] |     4.287 | SLOW    |     2.219 | FAST    |
S_A_i[7][0][5] | S_C_o[7][3][7] |     4.297 | SLOW    |     2.222 | FAST    |
S_A_i[7][0][5] | S_C_o[7][4][5] |     4.468 | SLOW    |     2.326 | FAST    |
S_A_i[7][0][5] | S_C_o[7][4][6] |     4.287 | SLOW    |     2.219 | FAST    |
S_A_i[7][0][5] | S_C_o[7][4][7] |     4.297 | SLOW    |     2.222 | FAST    |
S_A_i[7][0][5] | S_C_o[7][5][5] |     4.468 | SLOW    |     2.326 | FAST    |
S_A_i[7][0][5] | S_C_o[7][5][6] |     4.287 | SLOW    |     2.219 | FAST    |
S_A_i[7][0][5] | S_C_o[7][5][7] |     4.297 | SLOW    |     2.222 | FAST    |
S_A_i[7][0][5] | S_C_o[7][6][5] |     4.468 | SLOW    |     2.326 | FAST    |
S_A_i[7][0][5] | S_C_o[7][6][6] |     4.287 | SLOW    |     2.219 | FAST    |
S_A_i[7][0][5] | S_C_o[7][6][7] |     4.297 | SLOW    |     2.222 | FAST    |
S_A_i[7][0][5] | S_C_o[7][7][5] |     4.468 | SLOW    |     2.326 | FAST    |
S_A_i[7][0][5] | S_C_o[7][7][6] |     4.287 | SLOW    |     2.219 | FAST    |
S_A_i[7][0][5] | S_C_o[7][7][7] |     4.297 | SLOW    |     2.222 | FAST    |
S_A_i[7][0][6] | S_C_o[7][0][6] |     4.292 | SLOW    |     2.229 | FAST    |
S_A_i[7][0][6] | S_C_o[7][0][7] |     4.256 | SLOW    |     2.201 | FAST    |
S_A_i[7][0][6] | S_C_o[7][1][6] |     4.292 | SLOW    |     2.229 | FAST    |
S_A_i[7][0][6] | S_C_o[7][1][7] |     4.256 | SLOW    |     2.201 | FAST    |
S_A_i[7][0][6] | S_C_o[7][2][6] |     4.292 | SLOW    |     2.229 | FAST    |
S_A_i[7][0][6] | S_C_o[7][2][7] |     4.256 | SLOW    |     2.201 | FAST    |
S_A_i[7][0][6] | S_C_o[7][3][6] |     4.292 | SLOW    |     2.229 | FAST    |
S_A_i[7][0][6] | S_C_o[7][3][7] |     4.256 | SLOW    |     2.201 | FAST    |
S_A_i[7][0][6] | S_C_o[7][4][6] |     4.292 | SLOW    |     2.229 | FAST    |
S_A_i[7][0][6] | S_C_o[7][4][7] |     4.256 | SLOW    |     2.201 | FAST    |
S_A_i[7][0][6] | S_C_o[7][5][6] |     4.292 | SLOW    |     2.229 | FAST    |
S_A_i[7][0][6] | S_C_o[7][5][7] |     4.256 | SLOW    |     2.201 | FAST    |
S_A_i[7][0][6] | S_C_o[7][6][6] |     4.292 | SLOW    |     2.229 | FAST    |
S_A_i[7][0][6] | S_C_o[7][6][7] |     4.256 | SLOW    |     2.201 | FAST    |
S_A_i[7][0][6] | S_C_o[7][7][6] |     4.292 | SLOW    |     2.229 | FAST    |
S_A_i[7][0][6] | S_C_o[7][7][7] |     4.256 | SLOW    |     2.201 | FAST    |
S_A_i[7][0][7] | S_C_o[7][0][7] |     4.444 | SLOW    |     2.314 | FAST    |
S_A_i[7][0][7] | S_C_o[7][1][7] |     4.444 | SLOW    |     2.314 | FAST    |
S_A_i[7][0][7] | S_C_o[7][2][7] |     4.444 | SLOW    |     2.314 | FAST    |
S_A_i[7][0][7] | S_C_o[7][3][7] |     4.444 | SLOW    |     2.314 | FAST    |
S_A_i[7][0][7] | S_C_o[7][4][7] |     4.444 | SLOW    |     2.314 | FAST    |
S_A_i[7][0][7] | S_C_o[7][5][7] |     4.444 | SLOW    |     2.314 | FAST    |
S_A_i[7][0][7] | S_C_o[7][6][7] |     4.444 | SLOW    |     2.314 | FAST    |
S_A_i[7][0][7] | S_C_o[7][7][7] |     4.444 | SLOW    |     2.314 | FAST    |
S_B_i[0][0][0] | S_C_o[0][0][0] |     4.277 | SLOW    |     2.217 | FAST    |
S_B_i[0][0][0] | S_C_o[0][0][1] |     4.294 | SLOW    |     2.223 | FAST    |
S_B_i[0][0][0] | S_C_o[0][0][2] |     4.272 | SLOW    |     2.209 | FAST    |
S_B_i[0][0][0] | S_C_o[0][0][3] |     4.516 | SLOW    |     2.340 | FAST    |
S_B_i[0][0][0] | S_C_o[0][0][4] |     4.538 | SLOW    |     2.354 | FAST    |
S_B_i[0][0][0] | S_C_o[0][0][5] |     4.603 | SLOW    |     2.391 | FAST    |
S_B_i[0][0][0] | S_C_o[0][0][6] |     4.760 | SLOW    |     2.477 | FAST    |
S_B_i[0][0][0] | S_C_o[0][0][7] |     4.825 | SLOW    |     2.514 | FAST    |
S_B_i[0][0][0] | S_C_o[1][0][0] |     4.277 | SLOW    |     2.217 | FAST    |
S_B_i[0][0][0] | S_C_o[1][0][1] |     4.294 | SLOW    |     2.223 | FAST    |
S_B_i[0][0][0] | S_C_o[1][0][2] |     4.272 | SLOW    |     2.209 | FAST    |
S_B_i[0][0][0] | S_C_o[1][0][3] |     4.516 | SLOW    |     2.340 | FAST    |
S_B_i[0][0][0] | S_C_o[1][0][4] |     4.538 | SLOW    |     2.354 | FAST    |
S_B_i[0][0][0] | S_C_o[1][0][5] |     4.603 | SLOW    |     2.391 | FAST    |
S_B_i[0][0][0] | S_C_o[1][0][6] |     4.760 | SLOW    |     2.477 | FAST    |
S_B_i[0][0][0] | S_C_o[1][0][7] |     4.825 | SLOW    |     2.514 | FAST    |
S_B_i[0][0][0] | S_C_o[2][0][0] |     4.277 | SLOW    |     2.217 | FAST    |
S_B_i[0][0][0] | S_C_o[2][0][1] |     4.294 | SLOW    |     2.223 | FAST    |
S_B_i[0][0][0] | S_C_o[2][0][2] |     4.272 | SLOW    |     2.209 | FAST    |
S_B_i[0][0][0] | S_C_o[2][0][3] |     4.516 | SLOW    |     2.340 | FAST    |
S_B_i[0][0][0] | S_C_o[2][0][4] |     4.538 | SLOW    |     2.354 | FAST    |
S_B_i[0][0][0] | S_C_o[2][0][5] |     4.603 | SLOW    |     2.391 | FAST    |
S_B_i[0][0][0] | S_C_o[2][0][6] |     4.760 | SLOW    |     2.477 | FAST    |
S_B_i[0][0][0] | S_C_o[2][0][7] |     4.825 | SLOW    |     2.514 | FAST    |
S_B_i[0][0][0] | S_C_o[3][0][0] |     4.277 | SLOW    |     2.217 | FAST    |
S_B_i[0][0][0] | S_C_o[3][0][1] |     4.294 | SLOW    |     2.223 | FAST    |
S_B_i[0][0][0] | S_C_o[3][0][2] |     4.272 | SLOW    |     2.209 | FAST    |
S_B_i[0][0][0] | S_C_o[3][0][3] |     4.516 | SLOW    |     2.340 | FAST    |
S_B_i[0][0][0] | S_C_o[3][0][4] |     4.538 | SLOW    |     2.354 | FAST    |
S_B_i[0][0][0] | S_C_o[3][0][5] |     4.603 | SLOW    |     2.391 | FAST    |
S_B_i[0][0][0] | S_C_o[3][0][6] |     4.760 | SLOW    |     2.477 | FAST    |
S_B_i[0][0][0] | S_C_o[3][0][7] |     4.825 | SLOW    |     2.514 | FAST    |
S_B_i[0][0][0] | S_C_o[4][0][0] |     4.277 | SLOW    |     2.217 | FAST    |
S_B_i[0][0][0] | S_C_o[4][0][1] |     4.294 | SLOW    |     2.223 | FAST    |
S_B_i[0][0][0] | S_C_o[4][0][2] |     4.272 | SLOW    |     2.209 | FAST    |
S_B_i[0][0][0] | S_C_o[4][0][3] |     4.516 | SLOW    |     2.340 | FAST    |
S_B_i[0][0][0] | S_C_o[4][0][4] |     4.538 | SLOW    |     2.354 | FAST    |
S_B_i[0][0][0] | S_C_o[4][0][5] |     4.603 | SLOW    |     2.391 | FAST    |
S_B_i[0][0][0] | S_C_o[4][0][6] |     4.760 | SLOW    |     2.477 | FAST    |
S_B_i[0][0][0] | S_C_o[4][0][7] |     4.825 | SLOW    |     2.514 | FAST    |
S_B_i[0][0][0] | S_C_o[5][0][0] |     4.277 | SLOW    |     2.217 | FAST    |
S_B_i[0][0][0] | S_C_o[5][0][1] |     4.294 | SLOW    |     2.223 | FAST    |
S_B_i[0][0][0] | S_C_o[5][0][2] |     4.272 | SLOW    |     2.209 | FAST    |
S_B_i[0][0][0] | S_C_o[5][0][3] |     4.516 | SLOW    |     2.340 | FAST    |
S_B_i[0][0][0] | S_C_o[5][0][4] |     4.538 | SLOW    |     2.354 | FAST    |
S_B_i[0][0][0] | S_C_o[5][0][5] |     4.603 | SLOW    |     2.391 | FAST    |
S_B_i[0][0][0] | S_C_o[5][0][6] |     4.760 | SLOW    |     2.477 | FAST    |
S_B_i[0][0][0] | S_C_o[5][0][7] |     4.825 | SLOW    |     2.514 | FAST    |
S_B_i[0][0][0] | S_C_o[6][0][0] |     4.277 | SLOW    |     2.217 | FAST    |
S_B_i[0][0][0] | S_C_o[6][0][1] |     4.294 | SLOW    |     2.223 | FAST    |
S_B_i[0][0][0] | S_C_o[6][0][2] |     4.272 | SLOW    |     2.209 | FAST    |
S_B_i[0][0][0] | S_C_o[6][0][3] |     4.516 | SLOW    |     2.340 | FAST    |
S_B_i[0][0][0] | S_C_o[6][0][4] |     4.538 | SLOW    |     2.354 | FAST    |
S_B_i[0][0][0] | S_C_o[6][0][5] |     4.603 | SLOW    |     2.391 | FAST    |
S_B_i[0][0][0] | S_C_o[6][0][6] |     4.760 | SLOW    |     2.477 | FAST    |
S_B_i[0][0][0] | S_C_o[6][0][7] |     4.825 | SLOW    |     2.514 | FAST    |
S_B_i[0][0][0] | S_C_o[7][0][0] |     4.277 | SLOW    |     2.217 | FAST    |
S_B_i[0][0][0] | S_C_o[7][0][1] |     4.294 | SLOW    |     2.223 | FAST    |
S_B_i[0][0][0] | S_C_o[7][0][2] |     4.272 | SLOW    |     2.209 | FAST    |
S_B_i[0][0][0] | S_C_o[7][0][3] |     4.516 | SLOW    |     2.340 | FAST    |
S_B_i[0][0][0] | S_C_o[7][0][4] |     4.538 | SLOW    |     2.354 | FAST    |
S_B_i[0][0][0] | S_C_o[7][0][5] |     4.603 | SLOW    |     2.391 | FAST    |
S_B_i[0][0][0] | S_C_o[7][0][6] |     4.760 | SLOW    |     2.477 | FAST    |
S_B_i[0][0][0] | S_C_o[7][0][7] |     4.825 | SLOW    |     2.514 | FAST    |
S_B_i[0][0][1] | S_C_o[0][0][1] |     4.301 | SLOW    |     2.233 | FAST    |
S_B_i[0][0][1] | S_C_o[0][0][2] |     4.265 | SLOW    |     2.205 | FAST    |
S_B_i[0][0][1] | S_C_o[0][0][3] |     4.482 | SLOW    |     2.327 | FAST    |
S_B_i[0][0][1] | S_C_o[0][0][4] |     4.504 | SLOW    |     2.341 | FAST    |
S_B_i[0][0][1] | S_C_o[0][0][5] |     4.569 | SLOW    |     2.378 | FAST    |
S_B_i[0][0][1] | S_C_o[0][0][6] |     4.726 | SLOW    |     2.464 | FAST    |
S_B_i[0][0][1] | S_C_o[0][0][7] |     4.791 | SLOW    |     2.501 | FAST    |
S_B_i[0][0][1] | S_C_o[1][0][1] |     4.301 | SLOW    |     2.233 | FAST    |
S_B_i[0][0][1] | S_C_o[1][0][2] |     4.265 | SLOW    |     2.205 | FAST    |
S_B_i[0][0][1] | S_C_o[1][0][3] |     4.482 | SLOW    |     2.327 | FAST    |
S_B_i[0][0][1] | S_C_o[1][0][4] |     4.504 | SLOW    |     2.341 | FAST    |
S_B_i[0][0][1] | S_C_o[1][0][5] |     4.569 | SLOW    |     2.378 | FAST    |
S_B_i[0][0][1] | S_C_o[1][0][6] |     4.726 | SLOW    |     2.464 | FAST    |
S_B_i[0][0][1] | S_C_o[1][0][7] |     4.791 | SLOW    |     2.501 | FAST    |
S_B_i[0][0][1] | S_C_o[2][0][1] |     4.301 | SLOW    |     2.233 | FAST    |
S_B_i[0][0][1] | S_C_o[2][0][2] |     4.265 | SLOW    |     2.205 | FAST    |
S_B_i[0][0][1] | S_C_o[2][0][3] |     4.482 | SLOW    |     2.327 | FAST    |
S_B_i[0][0][1] | S_C_o[2][0][4] |     4.504 | SLOW    |     2.341 | FAST    |
S_B_i[0][0][1] | S_C_o[2][0][5] |     4.569 | SLOW    |     2.378 | FAST    |
S_B_i[0][0][1] | S_C_o[2][0][6] |     4.726 | SLOW    |     2.464 | FAST    |
S_B_i[0][0][1] | S_C_o[2][0][7] |     4.791 | SLOW    |     2.501 | FAST    |
S_B_i[0][0][1] | S_C_o[3][0][1] |     4.301 | SLOW    |     2.233 | FAST    |
S_B_i[0][0][1] | S_C_o[3][0][2] |     4.265 | SLOW    |     2.205 | FAST    |
S_B_i[0][0][1] | S_C_o[3][0][3] |     4.482 | SLOW    |     2.327 | FAST    |
S_B_i[0][0][1] | S_C_o[3][0][4] |     4.504 | SLOW    |     2.341 | FAST    |
S_B_i[0][0][1] | S_C_o[3][0][5] |     4.569 | SLOW    |     2.378 | FAST    |
S_B_i[0][0][1] | S_C_o[3][0][6] |     4.726 | SLOW    |     2.464 | FAST    |
S_B_i[0][0][1] | S_C_o[3][0][7] |     4.791 | SLOW    |     2.501 | FAST    |
S_B_i[0][0][1] | S_C_o[4][0][1] |     4.301 | SLOW    |     2.233 | FAST    |
S_B_i[0][0][1] | S_C_o[4][0][2] |     4.265 | SLOW    |     2.205 | FAST    |
S_B_i[0][0][1] | S_C_o[4][0][3] |     4.482 | SLOW    |     2.327 | FAST    |
S_B_i[0][0][1] | S_C_o[4][0][4] |     4.504 | SLOW    |     2.341 | FAST    |
S_B_i[0][0][1] | S_C_o[4][0][5] |     4.569 | SLOW    |     2.378 | FAST    |
S_B_i[0][0][1] | S_C_o[4][0][6] |     4.726 | SLOW    |     2.464 | FAST    |
S_B_i[0][0][1] | S_C_o[4][0][7] |     4.791 | SLOW    |     2.501 | FAST    |
S_B_i[0][0][1] | S_C_o[5][0][1] |     4.301 | SLOW    |     2.233 | FAST    |
S_B_i[0][0][1] | S_C_o[5][0][2] |     4.265 | SLOW    |     2.205 | FAST    |
S_B_i[0][0][1] | S_C_o[5][0][3] |     4.482 | SLOW    |     2.327 | FAST    |
S_B_i[0][0][1] | S_C_o[5][0][4] |     4.504 | SLOW    |     2.341 | FAST    |
S_B_i[0][0][1] | S_C_o[5][0][5] |     4.569 | SLOW    |     2.378 | FAST    |
S_B_i[0][0][1] | S_C_o[5][0][6] |     4.726 | SLOW    |     2.464 | FAST    |
S_B_i[0][0][1] | S_C_o[5][0][7] |     4.791 | SLOW    |     2.501 | FAST    |
S_B_i[0][0][1] | S_C_o[6][0][1] |     4.301 | SLOW    |     2.233 | FAST    |
S_B_i[0][0][1] | S_C_o[6][0][2] |     4.265 | SLOW    |     2.205 | FAST    |
S_B_i[0][0][1] | S_C_o[6][0][3] |     4.482 | SLOW    |     2.327 | FAST    |
S_B_i[0][0][1] | S_C_o[6][0][4] |     4.504 | SLOW    |     2.341 | FAST    |
S_B_i[0][0][1] | S_C_o[6][0][5] |     4.569 | SLOW    |     2.378 | FAST    |
S_B_i[0][0][1] | S_C_o[6][0][6] |     4.726 | SLOW    |     2.464 | FAST    |
S_B_i[0][0][1] | S_C_o[6][0][7] |     4.791 | SLOW    |     2.501 | FAST    |
S_B_i[0][0][1] | S_C_o[7][0][1] |     4.301 | SLOW    |     2.233 | FAST    |
S_B_i[0][0][1] | S_C_o[7][0][2] |     4.265 | SLOW    |     2.205 | FAST    |
S_B_i[0][0][1] | S_C_o[7][0][3] |     4.482 | SLOW    |     2.327 | FAST    |
S_B_i[0][0][1] | S_C_o[7][0][4] |     4.504 | SLOW    |     2.341 | FAST    |
S_B_i[0][0][1] | S_C_o[7][0][5] |     4.569 | SLOW    |     2.378 | FAST    |
S_B_i[0][0][1] | S_C_o[7][0][6] |     4.726 | SLOW    |     2.464 | FAST    |
S_B_i[0][0][1] | S_C_o[7][0][7] |     4.791 | SLOW    |     2.501 | FAST    |
S_B_i[0][0][2] | S_C_o[0][0][2] |     4.261 | SLOW    |     2.209 | FAST    |
S_B_i[0][0][2] | S_C_o[0][0][3] |     4.468 | SLOW    |     2.315 | FAST    |
S_B_i[0][0][2] | S_C_o[0][0][4] |     4.490 | SLOW    |     2.329 | FAST    |
S_B_i[0][0][2] | S_C_o[0][0][5] |     4.555 | SLOW    |     2.366 | FAST    |
S_B_i[0][0][2] | S_C_o[0][0][6] |     4.712 | SLOW    |     2.452 | FAST    |
S_B_i[0][0][2] | S_C_o[0][0][7] |     4.777 | SLOW    |     2.489 | FAST    |
S_B_i[0][0][2] | S_C_o[1][0][2] |     4.261 | SLOW    |     2.209 | FAST    |
S_B_i[0][0][2] | S_C_o[1][0][3] |     4.468 | SLOW    |     2.315 | FAST    |
S_B_i[0][0][2] | S_C_o[1][0][4] |     4.490 | SLOW    |     2.329 | FAST    |
S_B_i[0][0][2] | S_C_o[1][0][5] |     4.555 | SLOW    |     2.366 | FAST    |
S_B_i[0][0][2] | S_C_o[1][0][6] |     4.712 | SLOW    |     2.452 | FAST    |
S_B_i[0][0][2] | S_C_o[1][0][7] |     4.777 | SLOW    |     2.489 | FAST    |
S_B_i[0][0][2] | S_C_o[2][0][2] |     4.261 | SLOW    |     2.209 | FAST    |
S_B_i[0][0][2] | S_C_o[2][0][3] |     4.468 | SLOW    |     2.315 | FAST    |
S_B_i[0][0][2] | S_C_o[2][0][4] |     4.490 | SLOW    |     2.329 | FAST    |
S_B_i[0][0][2] | S_C_o[2][0][5] |     4.555 | SLOW    |     2.366 | FAST    |
S_B_i[0][0][2] | S_C_o[2][0][6] |     4.712 | SLOW    |     2.452 | FAST    |
S_B_i[0][0][2] | S_C_o[2][0][7] |     4.777 | SLOW    |     2.489 | FAST    |
S_B_i[0][0][2] | S_C_o[3][0][2] |     4.261 | SLOW    |     2.209 | FAST    |
S_B_i[0][0][2] | S_C_o[3][0][3] |     4.468 | SLOW    |     2.315 | FAST    |
S_B_i[0][0][2] | S_C_o[3][0][4] |     4.490 | SLOW    |     2.329 | FAST    |
S_B_i[0][0][2] | S_C_o[3][0][5] |     4.555 | SLOW    |     2.366 | FAST    |
S_B_i[0][0][2] | S_C_o[3][0][6] |     4.712 | SLOW    |     2.452 | FAST    |
S_B_i[0][0][2] | S_C_o[3][0][7] |     4.777 | SLOW    |     2.489 | FAST    |
S_B_i[0][0][2] | S_C_o[4][0][2] |     4.261 | SLOW    |     2.209 | FAST    |
S_B_i[0][0][2] | S_C_o[4][0][3] |     4.468 | SLOW    |     2.315 | FAST    |
S_B_i[0][0][2] | S_C_o[4][0][4] |     4.490 | SLOW    |     2.329 | FAST    |
S_B_i[0][0][2] | S_C_o[4][0][5] |     4.555 | SLOW    |     2.366 | FAST    |
S_B_i[0][0][2] | S_C_o[4][0][6] |     4.712 | SLOW    |     2.452 | FAST    |
S_B_i[0][0][2] | S_C_o[4][0][7] |     4.777 | SLOW    |     2.489 | FAST    |
S_B_i[0][0][2] | S_C_o[5][0][2] |     4.261 | SLOW    |     2.209 | FAST    |
S_B_i[0][0][2] | S_C_o[5][0][3] |     4.468 | SLOW    |     2.315 | FAST    |
S_B_i[0][0][2] | S_C_o[5][0][4] |     4.490 | SLOW    |     2.329 | FAST    |
S_B_i[0][0][2] | S_C_o[5][0][5] |     4.555 | SLOW    |     2.366 | FAST    |
S_B_i[0][0][2] | S_C_o[5][0][6] |     4.712 | SLOW    |     2.452 | FAST    |
S_B_i[0][0][2] | S_C_o[5][0][7] |     4.777 | SLOW    |     2.489 | FAST    |
S_B_i[0][0][2] | S_C_o[6][0][2] |     4.261 | SLOW    |     2.209 | FAST    |
S_B_i[0][0][2] | S_C_o[6][0][3] |     4.468 | SLOW    |     2.315 | FAST    |
S_B_i[0][0][2] | S_C_o[6][0][4] |     4.490 | SLOW    |     2.329 | FAST    |
S_B_i[0][0][2] | S_C_o[6][0][5] |     4.555 | SLOW    |     2.366 | FAST    |
S_B_i[0][0][2] | S_C_o[6][0][6] |     4.712 | SLOW    |     2.452 | FAST    |
S_B_i[0][0][2] | S_C_o[6][0][7] |     4.777 | SLOW    |     2.489 | FAST    |
S_B_i[0][0][2] | S_C_o[7][0][2] |     4.261 | SLOW    |     2.209 | FAST    |
S_B_i[0][0][2] | S_C_o[7][0][3] |     4.468 | SLOW    |     2.315 | FAST    |
S_B_i[0][0][2] | S_C_o[7][0][4] |     4.490 | SLOW    |     2.329 | FAST    |
S_B_i[0][0][2] | S_C_o[7][0][5] |     4.555 | SLOW    |     2.366 | FAST    |
S_B_i[0][0][2] | S_C_o[7][0][6] |     4.712 | SLOW    |     2.452 | FAST    |
S_B_i[0][0][2] | S_C_o[7][0][7] |     4.777 | SLOW    |     2.489 | FAST    |
S_B_i[0][0][3] | S_C_o[0][0][3] |     4.277 | SLOW    |     2.217 | FAST    |
S_B_i[0][0][3] | S_C_o[0][0][4] |     4.294 | SLOW    |     2.223 | FAST    |
S_B_i[0][0][3] | S_C_o[0][0][5] |     4.277 | SLOW    |     2.217 | FAST    |
S_B_i[0][0][3] | S_C_o[0][0][6] |     4.530 | SLOW    |     2.360 | FAST    |
S_B_i[0][0][3] | S_C_o[0][0][7] |     4.595 | SLOW    |     2.397 | FAST    |
S_B_i[0][0][3] | S_C_o[1][0][3] |     4.277 | SLOW    |     2.217 | FAST    |
S_B_i[0][0][3] | S_C_o[1][0][4] |     4.294 | SLOW    |     2.223 | FAST    |
S_B_i[0][0][3] | S_C_o[1][0][5] |     4.277 | SLOW    |     2.217 | FAST    |
S_B_i[0][0][3] | S_C_o[1][0][6] |     4.530 | SLOW    |     2.360 | FAST    |
S_B_i[0][0][3] | S_C_o[1][0][7] |     4.595 | SLOW    |     2.397 | FAST    |
S_B_i[0][0][3] | S_C_o[2][0][3] |     4.277 | SLOW    |     2.217 | FAST    |
S_B_i[0][0][3] | S_C_o[2][0][4] |     4.294 | SLOW    |     2.223 | FAST    |
S_B_i[0][0][3] | S_C_o[2][0][5] |     4.277 | SLOW    |     2.217 | FAST    |
S_B_i[0][0][3] | S_C_o[2][0][6] |     4.530 | SLOW    |     2.360 | FAST    |
S_B_i[0][0][3] | S_C_o[2][0][7] |     4.595 | SLOW    |     2.397 | FAST    |
S_B_i[0][0][3] | S_C_o[3][0][3] |     4.277 | SLOW    |     2.217 | FAST    |
S_B_i[0][0][3] | S_C_o[3][0][4] |     4.294 | SLOW    |     2.223 | FAST    |
S_B_i[0][0][3] | S_C_o[3][0][5] |     4.277 | SLOW    |     2.217 | FAST    |
S_B_i[0][0][3] | S_C_o[3][0][6] |     4.530 | SLOW    |     2.360 | FAST    |
S_B_i[0][0][3] | S_C_o[3][0][7] |     4.595 | SLOW    |     2.397 | FAST    |
S_B_i[0][0][3] | S_C_o[4][0][3] |     4.277 | SLOW    |     2.217 | FAST    |
S_B_i[0][0][3] | S_C_o[4][0][4] |     4.294 | SLOW    |     2.223 | FAST    |
S_B_i[0][0][3] | S_C_o[4][0][5] |     4.277 | SLOW    |     2.217 | FAST    |
S_B_i[0][0][3] | S_C_o[4][0][6] |     4.530 | SLOW    |     2.360 | FAST    |
S_B_i[0][0][3] | S_C_o[4][0][7] |     4.595 | SLOW    |     2.397 | FAST    |
S_B_i[0][0][3] | S_C_o[5][0][3] |     4.277 | SLOW    |     2.217 | FAST    |
S_B_i[0][0][3] | S_C_o[5][0][4] |     4.294 | SLOW    |     2.223 | FAST    |
S_B_i[0][0][3] | S_C_o[5][0][5] |     4.277 | SLOW    |     2.217 | FAST    |
S_B_i[0][0][3] | S_C_o[5][0][6] |     4.530 | SLOW    |     2.360 | FAST    |
S_B_i[0][0][3] | S_C_o[5][0][7] |     4.595 | SLOW    |     2.397 | FAST    |
S_B_i[0][0][3] | S_C_o[6][0][3] |     4.277 | SLOW    |     2.217 | FAST    |
S_B_i[0][0][3] | S_C_o[6][0][4] |     4.294 | SLOW    |     2.223 | FAST    |
S_B_i[0][0][3] | S_C_o[6][0][5] |     4.277 | SLOW    |     2.217 | FAST    |
S_B_i[0][0][3] | S_C_o[6][0][6] |     4.530 | SLOW    |     2.360 | FAST    |
S_B_i[0][0][3] | S_C_o[6][0][7] |     4.595 | SLOW    |     2.397 | FAST    |
S_B_i[0][0][3] | S_C_o[7][0][3] |     4.277 | SLOW    |     2.217 | FAST    |
S_B_i[0][0][3] | S_C_o[7][0][4] |     4.294 | SLOW    |     2.223 | FAST    |
S_B_i[0][0][3] | S_C_o[7][0][5] |     4.277 | SLOW    |     2.217 | FAST    |
S_B_i[0][0][3] | S_C_o[7][0][6] |     4.530 | SLOW    |     2.360 | FAST    |
S_B_i[0][0][3] | S_C_o[7][0][7] |     4.595 | SLOW    |     2.397 | FAST    |
S_B_i[0][0][4] | S_C_o[0][0][4] |     4.301 | SLOW    |     2.233 | FAST    |
S_B_i[0][0][4] | S_C_o[0][0][5] |     4.265 | SLOW    |     2.205 | FAST    |
S_B_i[0][0][4] | S_C_o[0][0][6] |     4.509 | SLOW    |     2.342 | FAST    |
S_B_i[0][0][4] | S_C_o[0][0][7] |     4.574 | SLOW    |     2.379 | FAST    |
S_B_i[0][0][4] | S_C_o[1][0][4] |     4.301 | SLOW    |     2.233 | FAST    |
S_B_i[0][0][4] | S_C_o[1][0][5] |     4.265 | SLOW    |     2.205 | FAST    |
S_B_i[0][0][4] | S_C_o[1][0][6] |     4.509 | SLOW    |     2.342 | FAST    |
S_B_i[0][0][4] | S_C_o[1][0][7] |     4.574 | SLOW    |     2.379 | FAST    |
S_B_i[0][0][4] | S_C_o[2][0][4] |     4.301 | SLOW    |     2.233 | FAST    |
S_B_i[0][0][4] | S_C_o[2][0][5] |     4.265 | SLOW    |     2.205 | FAST    |
S_B_i[0][0][4] | S_C_o[2][0][6] |     4.509 | SLOW    |     2.342 | FAST    |
S_B_i[0][0][4] | S_C_o[2][0][7] |     4.574 | SLOW    |     2.379 | FAST    |
S_B_i[0][0][4] | S_C_o[3][0][4] |     4.301 | SLOW    |     2.233 | FAST    |
S_B_i[0][0][4] | S_C_o[3][0][5] |     4.265 | SLOW    |     2.205 | FAST    |
S_B_i[0][0][4] | S_C_o[3][0][6] |     4.509 | SLOW    |     2.342 | FAST    |
S_B_i[0][0][4] | S_C_o[3][0][7] |     4.574 | SLOW    |     2.379 | FAST    |
S_B_i[0][0][4] | S_C_o[4][0][4] |     4.301 | SLOW    |     2.233 | FAST    |
S_B_i[0][0][4] | S_C_o[4][0][5] |     4.265 | SLOW    |     2.205 | FAST    |
S_B_i[0][0][4] | S_C_o[4][0][6] |     4.509 | SLOW    |     2.342 | FAST    |
S_B_i[0][0][4] | S_C_o[4][0][7] |     4.574 | SLOW    |     2.379 | FAST    |
S_B_i[0][0][4] | S_C_o[5][0][4] |     4.301 | SLOW    |     2.233 | FAST    |
S_B_i[0][0][4] | S_C_o[5][0][5] |     4.265 | SLOW    |     2.205 | FAST    |
S_B_i[0][0][4] | S_C_o[5][0][6] |     4.509 | SLOW    |     2.342 | FAST    |
S_B_i[0][0][4] | S_C_o[5][0][7] |     4.574 | SLOW    |     2.379 | FAST    |
S_B_i[0][0][4] | S_C_o[6][0][4] |     4.301 | SLOW    |     2.233 | FAST    |
S_B_i[0][0][4] | S_C_o[6][0][5] |     4.265 | SLOW    |     2.205 | FAST    |
S_B_i[0][0][4] | S_C_o[6][0][6] |     4.509 | SLOW    |     2.342 | FAST    |
S_B_i[0][0][4] | S_C_o[6][0][7] |     4.574 | SLOW    |     2.379 | FAST    |
S_B_i[0][0][4] | S_C_o[7][0][4] |     4.301 | SLOW    |     2.233 | FAST    |
S_B_i[0][0][4] | S_C_o[7][0][5] |     4.265 | SLOW    |     2.205 | FAST    |
S_B_i[0][0][4] | S_C_o[7][0][6] |     4.509 | SLOW    |     2.342 | FAST    |
S_B_i[0][0][4] | S_C_o[7][0][7] |     4.574 | SLOW    |     2.379 | FAST    |
S_B_i[0][0][5] | S_C_o[0][0][5] |     4.468 | SLOW    |     2.326 | FAST    |
S_B_i[0][0][5] | S_C_o[0][0][6] |     4.287 | SLOW    |     2.219 | FAST    |
S_B_i[0][0][5] | S_C_o[0][0][7] |     4.265 | SLOW    |     2.205 | FAST    |
S_B_i[0][0][5] | S_C_o[1][0][5] |     4.468 | SLOW    |     2.326 | FAST    |
S_B_i[0][0][5] | S_C_o[1][0][6] |     4.287 | SLOW    |     2.219 | FAST    |
S_B_i[0][0][5] | S_C_o[1][0][7] |     4.265 | SLOW    |     2.205 | FAST    |
S_B_i[0][0][5] | S_C_o[2][0][5] |     4.468 | SLOW    |     2.326 | FAST    |
S_B_i[0][0][5] | S_C_o[2][0][6] |     4.287 | SLOW    |     2.219 | FAST    |
S_B_i[0][0][5] | S_C_o[2][0][7] |     4.265 | SLOW    |     2.205 | FAST    |
S_B_i[0][0][5] | S_C_o[3][0][5] |     4.468 | SLOW    |     2.326 | FAST    |
S_B_i[0][0][5] | S_C_o[3][0][6] |     4.287 | SLOW    |     2.219 | FAST    |
S_B_i[0][0][5] | S_C_o[3][0][7] |     4.265 | SLOW    |     2.205 | FAST    |
S_B_i[0][0][5] | S_C_o[4][0][5] |     4.468 | SLOW    |     2.326 | FAST    |
S_B_i[0][0][5] | S_C_o[4][0][6] |     4.287 | SLOW    |     2.219 | FAST    |
S_B_i[0][0][5] | S_C_o[4][0][7] |     4.265 | SLOW    |     2.205 | FAST    |
S_B_i[0][0][5] | S_C_o[5][0][5] |     4.468 | SLOW    |     2.326 | FAST    |
S_B_i[0][0][5] | S_C_o[5][0][6] |     4.287 | SLOW    |     2.219 | FAST    |
S_B_i[0][0][5] | S_C_o[5][0][7] |     4.265 | SLOW    |     2.205 | FAST    |
S_B_i[0][0][5] | S_C_o[6][0][5] |     4.468 | SLOW    |     2.326 | FAST    |
S_B_i[0][0][5] | S_C_o[6][0][6] |     4.287 | SLOW    |     2.219 | FAST    |
S_B_i[0][0][5] | S_C_o[6][0][7] |     4.265 | SLOW    |     2.205 | FAST    |
S_B_i[0][0][5] | S_C_o[7][0][5] |     4.468 | SLOW    |     2.326 | FAST    |
S_B_i[0][0][5] | S_C_o[7][0][6] |     4.287 | SLOW    |     2.219 | FAST    |
S_B_i[0][0][5] | S_C_o[7][0][7] |     4.265 | SLOW    |     2.205 | FAST    |
S_B_i[0][0][6] | S_C_o[0][0][6] |     4.292 | SLOW    |     2.229 | FAST    |
S_B_i[0][0][6] | S_C_o[0][0][7] |     4.261 | SLOW    |     2.209 | FAST    |
S_B_i[0][0][6] | S_C_o[1][0][6] |     4.292 | SLOW    |     2.229 | FAST    |
S_B_i[0][0][6] | S_C_o[1][0][7] |     4.261 | SLOW    |     2.209 | FAST    |
S_B_i[0][0][6] | S_C_o[2][0][6] |     4.292 | SLOW    |     2.229 | FAST    |
S_B_i[0][0][6] | S_C_o[2][0][7] |     4.261 | SLOW    |     2.209 | FAST    |
S_B_i[0][0][6] | S_C_o[3][0][6] |     4.292 | SLOW    |     2.229 | FAST    |
S_B_i[0][0][6] | S_C_o[3][0][7] |     4.261 | SLOW    |     2.209 | FAST    |
S_B_i[0][0][6] | S_C_o[4][0][6] |     4.292 | SLOW    |     2.229 | FAST    |
S_B_i[0][0][6] | S_C_o[4][0][7] |     4.261 | SLOW    |     2.209 | FAST    |
S_B_i[0][0][6] | S_C_o[5][0][6] |     4.292 | SLOW    |     2.229 | FAST    |
S_B_i[0][0][6] | S_C_o[5][0][7] |     4.261 | SLOW    |     2.209 | FAST    |
S_B_i[0][0][6] | S_C_o[6][0][6] |     4.292 | SLOW    |     2.229 | FAST    |
S_B_i[0][0][6] | S_C_o[6][0][7] |     4.261 | SLOW    |     2.209 | FAST    |
S_B_i[0][0][6] | S_C_o[7][0][6] |     4.292 | SLOW    |     2.229 | FAST    |
S_B_i[0][0][6] | S_C_o[7][0][7] |     4.261 | SLOW    |     2.209 | FAST    |
S_B_i[0][0][7] | S_C_o[0][0][7] |     4.444 | SLOW    |     2.314 | FAST    |
S_B_i[0][0][7] | S_C_o[1][0][7] |     4.444 | SLOW    |     2.314 | FAST    |
S_B_i[0][0][7] | S_C_o[2][0][7] |     4.444 | SLOW    |     2.314 | FAST    |
S_B_i[0][0][7] | S_C_o[3][0][7] |     4.444 | SLOW    |     2.314 | FAST    |
S_B_i[0][0][7] | S_C_o[4][0][7] |     4.444 | SLOW    |     2.314 | FAST    |
S_B_i[0][0][7] | S_C_o[5][0][7] |     4.444 | SLOW    |     2.314 | FAST    |
S_B_i[0][0][7] | S_C_o[6][0][7] |     4.444 | SLOW    |     2.314 | FAST    |
S_B_i[0][0][7] | S_C_o[7][0][7] |     4.444 | SLOW    |     2.314 | FAST    |
S_B_i[0][1][0] | S_C_o[0][1][0] |     4.277 | SLOW    |     2.217 | FAST    |
S_B_i[0][1][0] | S_C_o[0][1][1] |     4.294 | SLOW    |     2.223 | FAST    |
S_B_i[0][1][0] | S_C_o[0][1][2] |     4.272 | SLOW    |     2.209 | FAST    |
S_B_i[0][1][0] | S_C_o[0][1][3] |     4.516 | SLOW    |     2.340 | FAST    |
S_B_i[0][1][0] | S_C_o[0][1][4] |     4.538 | SLOW    |     2.354 | FAST    |
S_B_i[0][1][0] | S_C_o[0][1][5] |     4.603 | SLOW    |     2.391 | FAST    |
S_B_i[0][1][0] | S_C_o[0][1][6] |     4.760 | SLOW    |     2.477 | FAST    |
S_B_i[0][1][0] | S_C_o[0][1][7] |     4.825 | SLOW    |     2.514 | FAST    |
S_B_i[0][1][0] | S_C_o[1][1][0] |     4.277 | SLOW    |     2.217 | FAST    |
S_B_i[0][1][0] | S_C_o[1][1][1] |     4.294 | SLOW    |     2.223 | FAST    |
S_B_i[0][1][0] | S_C_o[1][1][2] |     4.272 | SLOW    |     2.209 | FAST    |
S_B_i[0][1][0] | S_C_o[1][1][3] |     4.516 | SLOW    |     2.340 | FAST    |
S_B_i[0][1][0] | S_C_o[1][1][4] |     4.538 | SLOW    |     2.354 | FAST    |
S_B_i[0][1][0] | S_C_o[1][1][5] |     4.603 | SLOW    |     2.391 | FAST    |
S_B_i[0][1][0] | S_C_o[1][1][6] |     4.760 | SLOW    |     2.477 | FAST    |
S_B_i[0][1][0] | S_C_o[1][1][7] |     4.825 | SLOW    |     2.514 | FAST    |
S_B_i[0][1][0] | S_C_o[2][1][0] |     4.277 | SLOW    |     2.217 | FAST    |
S_B_i[0][1][0] | S_C_o[2][1][1] |     4.294 | SLOW    |     2.223 | FAST    |
S_B_i[0][1][0] | S_C_o[2][1][2] |     4.272 | SLOW    |     2.209 | FAST    |
S_B_i[0][1][0] | S_C_o[2][1][3] |     4.516 | SLOW    |     2.340 | FAST    |
S_B_i[0][1][0] | S_C_o[2][1][4] |     4.538 | SLOW    |     2.354 | FAST    |
S_B_i[0][1][0] | S_C_o[2][1][5] |     4.603 | SLOW    |     2.391 | FAST    |
S_B_i[0][1][0] | S_C_o[2][1][6] |     4.760 | SLOW    |     2.477 | FAST    |
S_B_i[0][1][0] | S_C_o[2][1][7] |     4.825 | SLOW    |     2.514 | FAST    |
S_B_i[0][1][0] | S_C_o[3][1][0] |     4.277 | SLOW    |     2.217 | FAST    |
S_B_i[0][1][0] | S_C_o[3][1][1] |     4.294 | SLOW    |     2.223 | FAST    |
S_B_i[0][1][0] | S_C_o[3][1][2] |     4.272 | SLOW    |     2.209 | FAST    |
S_B_i[0][1][0] | S_C_o[3][1][3] |     4.516 | SLOW    |     2.340 | FAST    |
S_B_i[0][1][0] | S_C_o[3][1][4] |     4.538 | SLOW    |     2.354 | FAST    |
S_B_i[0][1][0] | S_C_o[3][1][5] |     4.603 | SLOW    |     2.391 | FAST    |
S_B_i[0][1][0] | S_C_o[3][1][6] |     4.760 | SLOW    |     2.477 | FAST    |
S_B_i[0][1][0] | S_C_o[3][1][7] |     4.825 | SLOW    |     2.514 | FAST    |
S_B_i[0][1][0] | S_C_o[4][1][0] |     4.277 | SLOW    |     2.217 | FAST    |
S_B_i[0][1][0] | S_C_o[4][1][1] |     4.294 | SLOW    |     2.223 | FAST    |
S_B_i[0][1][0] | S_C_o[4][1][2] |     4.272 | SLOW    |     2.209 | FAST    |
S_B_i[0][1][0] | S_C_o[4][1][3] |     4.516 | SLOW    |     2.340 | FAST    |
S_B_i[0][1][0] | S_C_o[4][1][4] |     4.538 | SLOW    |     2.354 | FAST    |
S_B_i[0][1][0] | S_C_o[4][1][5] |     4.603 | SLOW    |     2.391 | FAST    |
S_B_i[0][1][0] | S_C_o[4][1][6] |     4.760 | SLOW    |     2.477 | FAST    |
S_B_i[0][1][0] | S_C_o[4][1][7] |     4.825 | SLOW    |     2.514 | FAST    |
S_B_i[0][1][0] | S_C_o[5][1][0] |     4.277 | SLOW    |     2.217 | FAST    |
S_B_i[0][1][0] | S_C_o[5][1][1] |     4.294 | SLOW    |     2.223 | FAST    |
S_B_i[0][1][0] | S_C_o[5][1][2] |     4.272 | SLOW    |     2.209 | FAST    |
S_B_i[0][1][0] | S_C_o[5][1][3] |     4.516 | SLOW    |     2.340 | FAST    |
S_B_i[0][1][0] | S_C_o[5][1][4] |     4.538 | SLOW    |     2.354 | FAST    |
S_B_i[0][1][0] | S_C_o[5][1][5] |     4.603 | SLOW    |     2.391 | FAST    |
S_B_i[0][1][0] | S_C_o[5][1][6] |     4.760 | SLOW    |     2.477 | FAST    |
S_B_i[0][1][0] | S_C_o[5][1][7] |     4.825 | SLOW    |     2.514 | FAST    |
S_B_i[0][1][0] | S_C_o[6][1][0] |     4.277 | SLOW    |     2.217 | FAST    |
S_B_i[0][1][0] | S_C_o[6][1][1] |     4.294 | SLOW    |     2.223 | FAST    |
S_B_i[0][1][0] | S_C_o[6][1][2] |     4.272 | SLOW    |     2.209 | FAST    |
S_B_i[0][1][0] | S_C_o[6][1][3] |     4.516 | SLOW    |     2.340 | FAST    |
S_B_i[0][1][0] | S_C_o[6][1][4] |     4.538 | SLOW    |     2.354 | FAST    |
S_B_i[0][1][0] | S_C_o[6][1][5] |     4.603 | SLOW    |     2.391 | FAST    |
S_B_i[0][1][0] | S_C_o[6][1][6] |     4.760 | SLOW    |     2.477 | FAST    |
S_B_i[0][1][0] | S_C_o[6][1][7] |     4.825 | SLOW    |     2.514 | FAST    |
S_B_i[0][1][0] | S_C_o[7][1][0] |     4.277 | SLOW    |     2.217 | FAST    |
S_B_i[0][1][0] | S_C_o[7][1][1] |     4.294 | SLOW    |     2.223 | FAST    |
S_B_i[0][1][0] | S_C_o[7][1][2] |     4.272 | SLOW    |     2.209 | FAST    |
S_B_i[0][1][0] | S_C_o[7][1][3] |     4.516 | SLOW    |     2.340 | FAST    |
S_B_i[0][1][0] | S_C_o[7][1][4] |     4.538 | SLOW    |     2.354 | FAST    |
S_B_i[0][1][0] | S_C_o[7][1][5] |     4.603 | SLOW    |     2.391 | FAST    |
S_B_i[0][1][0] | S_C_o[7][1][6] |     4.760 | SLOW    |     2.477 | FAST    |
S_B_i[0][1][0] | S_C_o[7][1][7] |     4.825 | SLOW    |     2.514 | FAST    |
S_B_i[0][1][1] | S_C_o[0][1][1] |     4.301 | SLOW    |     2.233 | FAST    |
S_B_i[0][1][1] | S_C_o[0][1][2] |     4.265 | SLOW    |     2.205 | FAST    |
S_B_i[0][1][1] | S_C_o[0][1][3] |     4.482 | SLOW    |     2.327 | FAST    |
S_B_i[0][1][1] | S_C_o[0][1][4] |     4.504 | SLOW    |     2.341 | FAST    |
S_B_i[0][1][1] | S_C_o[0][1][5] |     4.569 | SLOW    |     2.378 | FAST    |
S_B_i[0][1][1] | S_C_o[0][1][6] |     4.726 | SLOW    |     2.464 | FAST    |
S_B_i[0][1][1] | S_C_o[0][1][7] |     4.791 | SLOW    |     2.501 | FAST    |
S_B_i[0][1][1] | S_C_o[1][1][1] |     4.301 | SLOW    |     2.233 | FAST    |
S_B_i[0][1][1] | S_C_o[1][1][2] |     4.265 | SLOW    |     2.205 | FAST    |
S_B_i[0][1][1] | S_C_o[1][1][3] |     4.482 | SLOW    |     2.327 | FAST    |
S_B_i[0][1][1] | S_C_o[1][1][4] |     4.504 | SLOW    |     2.341 | FAST    |
S_B_i[0][1][1] | S_C_o[1][1][5] |     4.569 | SLOW    |     2.378 | FAST    |
S_B_i[0][1][1] | S_C_o[1][1][6] |     4.726 | SLOW    |     2.464 | FAST    |
S_B_i[0][1][1] | S_C_o[1][1][7] |     4.791 | SLOW    |     2.501 | FAST    |
S_B_i[0][1][1] | S_C_o[2][1][1] |     4.301 | SLOW    |     2.233 | FAST    |
S_B_i[0][1][1] | S_C_o[2][1][2] |     4.265 | SLOW    |     2.205 | FAST    |
S_B_i[0][1][1] | S_C_o[2][1][3] |     4.482 | SLOW    |     2.327 | FAST    |
S_B_i[0][1][1] | S_C_o[2][1][4] |     4.504 | SLOW    |     2.341 | FAST    |
S_B_i[0][1][1] | S_C_o[2][1][5] |     4.569 | SLOW    |     2.378 | FAST    |
S_B_i[0][1][1] | S_C_o[2][1][6] |     4.726 | SLOW    |     2.464 | FAST    |
S_B_i[0][1][1] | S_C_o[2][1][7] |     4.791 | SLOW    |     2.501 | FAST    |
S_B_i[0][1][1] | S_C_o[3][1][1] |     4.301 | SLOW    |     2.233 | FAST    |
S_B_i[0][1][1] | S_C_o[3][1][2] |     4.265 | SLOW    |     2.205 | FAST    |
S_B_i[0][1][1] | S_C_o[3][1][3] |     4.482 | SLOW    |     2.327 | FAST    |
S_B_i[0][1][1] | S_C_o[3][1][4] |     4.504 | SLOW    |     2.341 | FAST    |
S_B_i[0][1][1] | S_C_o[3][1][5] |     4.569 | SLOW    |     2.378 | FAST    |
S_B_i[0][1][1] | S_C_o[3][1][6] |     4.726 | SLOW    |     2.464 | FAST    |
S_B_i[0][1][1] | S_C_o[3][1][7] |     4.791 | SLOW    |     2.501 | FAST    |
S_B_i[0][1][1] | S_C_o[4][1][1] |     4.301 | SLOW    |     2.233 | FAST    |
S_B_i[0][1][1] | S_C_o[4][1][2] |     4.265 | SLOW    |     2.205 | FAST    |
S_B_i[0][1][1] | S_C_o[4][1][3] |     4.482 | SLOW    |     2.327 | FAST    |
S_B_i[0][1][1] | S_C_o[4][1][4] |     4.504 | SLOW    |     2.341 | FAST    |
S_B_i[0][1][1] | S_C_o[4][1][5] |     4.569 | SLOW    |     2.378 | FAST    |
S_B_i[0][1][1] | S_C_o[4][1][6] |     4.726 | SLOW    |     2.464 | FAST    |
S_B_i[0][1][1] | S_C_o[4][1][7] |     4.791 | SLOW    |     2.501 | FAST    |
S_B_i[0][1][1] | S_C_o[5][1][1] |     4.301 | SLOW    |     2.233 | FAST    |
S_B_i[0][1][1] | S_C_o[5][1][2] |     4.265 | SLOW    |     2.205 | FAST    |
S_B_i[0][1][1] | S_C_o[5][1][3] |     4.482 | SLOW    |     2.327 | FAST    |
S_B_i[0][1][1] | S_C_o[5][1][4] |     4.504 | SLOW    |     2.341 | FAST    |
S_B_i[0][1][1] | S_C_o[5][1][5] |     4.569 | SLOW    |     2.378 | FAST    |
S_B_i[0][1][1] | S_C_o[5][1][6] |     4.726 | SLOW    |     2.464 | FAST    |
S_B_i[0][1][1] | S_C_o[5][1][7] |     4.791 | SLOW    |     2.501 | FAST    |
S_B_i[0][1][1] | S_C_o[6][1][1] |     4.301 | SLOW    |     2.233 | FAST    |
S_B_i[0][1][1] | S_C_o[6][1][2] |     4.265 | SLOW    |     2.205 | FAST    |
S_B_i[0][1][1] | S_C_o[6][1][3] |     4.482 | SLOW    |     2.327 | FAST    |
S_B_i[0][1][1] | S_C_o[6][1][4] |     4.504 | SLOW    |     2.341 | FAST    |
S_B_i[0][1][1] | S_C_o[6][1][5] |     4.569 | SLOW    |     2.378 | FAST    |
S_B_i[0][1][1] | S_C_o[6][1][6] |     4.726 | SLOW    |     2.464 | FAST    |
S_B_i[0][1][1] | S_C_o[6][1][7] |     4.791 | SLOW    |     2.501 | FAST    |
S_B_i[0][1][1] | S_C_o[7][1][1] |     4.301 | SLOW    |     2.233 | FAST    |
S_B_i[0][1][1] | S_C_o[7][1][2] |     4.265 | SLOW    |     2.205 | FAST    |
S_B_i[0][1][1] | S_C_o[7][1][3] |     4.482 | SLOW    |     2.327 | FAST    |
S_B_i[0][1][1] | S_C_o[7][1][4] |     4.504 | SLOW    |     2.341 | FAST    |
S_B_i[0][1][1] | S_C_o[7][1][5] |     4.569 | SLOW    |     2.378 | FAST    |
S_B_i[0][1][1] | S_C_o[7][1][6] |     4.726 | SLOW    |     2.464 | FAST    |
S_B_i[0][1][1] | S_C_o[7][1][7] |     4.791 | SLOW    |     2.501 | FAST    |
S_B_i[0][1][2] | S_C_o[0][1][2] |     4.261 | SLOW    |     2.209 | FAST    |
S_B_i[0][1][2] | S_C_o[0][1][3] |     4.468 | SLOW    |     2.315 | FAST    |
S_B_i[0][1][2] | S_C_o[0][1][4] |     4.490 | SLOW    |     2.329 | FAST    |
S_B_i[0][1][2] | S_C_o[0][1][5] |     4.555 | SLOW    |     2.366 | FAST    |
S_B_i[0][1][2] | S_C_o[0][1][6] |     4.712 | SLOW    |     2.452 | FAST    |
S_B_i[0][1][2] | S_C_o[0][1][7] |     4.777 | SLOW    |     2.489 | FAST    |
S_B_i[0][1][2] | S_C_o[1][1][2] |     4.261 | SLOW    |     2.209 | FAST    |
S_B_i[0][1][2] | S_C_o[1][1][3] |     4.468 | SLOW    |     2.315 | FAST    |
S_B_i[0][1][2] | S_C_o[1][1][4] |     4.490 | SLOW    |     2.329 | FAST    |
S_B_i[0][1][2] | S_C_o[1][1][5] |     4.555 | SLOW    |     2.366 | FAST    |
S_B_i[0][1][2] | S_C_o[1][1][6] |     4.712 | SLOW    |     2.452 | FAST    |
S_B_i[0][1][2] | S_C_o[1][1][7] |     4.777 | SLOW    |     2.489 | FAST    |
S_B_i[0][1][2] | S_C_o[2][1][2] |     4.261 | SLOW    |     2.209 | FAST    |
S_B_i[0][1][2] | S_C_o[2][1][3] |     4.468 | SLOW    |     2.315 | FAST    |
S_B_i[0][1][2] | S_C_o[2][1][4] |     4.490 | SLOW    |     2.329 | FAST    |
S_B_i[0][1][2] | S_C_o[2][1][5] |     4.555 | SLOW    |     2.366 | FAST    |
S_B_i[0][1][2] | S_C_o[2][1][6] |     4.712 | SLOW    |     2.452 | FAST    |
S_B_i[0][1][2] | S_C_o[2][1][7] |     4.777 | SLOW    |     2.489 | FAST    |
S_B_i[0][1][2] | S_C_o[3][1][2] |     4.261 | SLOW    |     2.209 | FAST    |
S_B_i[0][1][2] | S_C_o[3][1][3] |     4.468 | SLOW    |     2.315 | FAST    |
S_B_i[0][1][2] | S_C_o[3][1][4] |     4.490 | SLOW    |     2.329 | FAST    |
S_B_i[0][1][2] | S_C_o[3][1][5] |     4.555 | SLOW    |     2.366 | FAST    |
S_B_i[0][1][2] | S_C_o[3][1][6] |     4.712 | SLOW    |     2.452 | FAST    |
S_B_i[0][1][2] | S_C_o[3][1][7] |     4.777 | SLOW    |     2.489 | FAST    |
S_B_i[0][1][2] | S_C_o[4][1][2] |     4.261 | SLOW    |     2.209 | FAST    |
S_B_i[0][1][2] | S_C_o[4][1][3] |     4.468 | SLOW    |     2.315 | FAST    |
S_B_i[0][1][2] | S_C_o[4][1][4] |     4.490 | SLOW    |     2.329 | FAST    |
S_B_i[0][1][2] | S_C_o[4][1][5] |     4.555 | SLOW    |     2.366 | FAST    |
S_B_i[0][1][2] | S_C_o[4][1][6] |     4.712 | SLOW    |     2.452 | FAST    |
S_B_i[0][1][2] | S_C_o[4][1][7] |     4.777 | SLOW    |     2.489 | FAST    |
S_B_i[0][1][2] | S_C_o[5][1][2] |     4.261 | SLOW    |     2.209 | FAST    |
S_B_i[0][1][2] | S_C_o[5][1][3] |     4.468 | SLOW    |     2.315 | FAST    |
S_B_i[0][1][2] | S_C_o[5][1][4] |     4.490 | SLOW    |     2.329 | FAST    |
S_B_i[0][1][2] | S_C_o[5][1][5] |     4.555 | SLOW    |     2.366 | FAST    |
S_B_i[0][1][2] | S_C_o[5][1][6] |     4.712 | SLOW    |     2.452 | FAST    |
S_B_i[0][1][2] | S_C_o[5][1][7] |     4.777 | SLOW    |     2.489 | FAST    |
S_B_i[0][1][2] | S_C_o[6][1][2] |     4.261 | SLOW    |     2.209 | FAST    |
S_B_i[0][1][2] | S_C_o[6][1][3] |     4.468 | SLOW    |     2.315 | FAST    |
S_B_i[0][1][2] | S_C_o[6][1][4] |     4.490 | SLOW    |     2.329 | FAST    |
S_B_i[0][1][2] | S_C_o[6][1][5] |     4.555 | SLOW    |     2.366 | FAST    |
S_B_i[0][1][2] | S_C_o[6][1][6] |     4.712 | SLOW    |     2.452 | FAST    |
S_B_i[0][1][2] | S_C_o[6][1][7] |     4.777 | SLOW    |     2.489 | FAST    |
S_B_i[0][1][2] | S_C_o[7][1][2] |     4.261 | SLOW    |     2.209 | FAST    |
S_B_i[0][1][2] | S_C_o[7][1][3] |     4.468 | SLOW    |     2.315 | FAST    |
S_B_i[0][1][2] | S_C_o[7][1][4] |     4.490 | SLOW    |     2.329 | FAST    |
S_B_i[0][1][2] | S_C_o[7][1][5] |     4.555 | SLOW    |     2.366 | FAST    |
S_B_i[0][1][2] | S_C_o[7][1][6] |     4.712 | SLOW    |     2.452 | FAST    |
S_B_i[0][1][2] | S_C_o[7][1][7] |     4.777 | SLOW    |     2.489 | FAST    |
S_B_i[0][1][3] | S_C_o[0][1][3] |     4.277 | SLOW    |     2.217 | FAST    |
S_B_i[0][1][3] | S_C_o[0][1][4] |     4.294 | SLOW    |     2.223 | FAST    |
S_B_i[0][1][3] | S_C_o[0][1][5] |     4.277 | SLOW    |     2.217 | FAST    |
S_B_i[0][1][3] | S_C_o[0][1][6] |     4.530 | SLOW    |     2.360 | FAST    |
S_B_i[0][1][3] | S_C_o[0][1][7] |     4.595 | SLOW    |     2.397 | FAST    |
S_B_i[0][1][3] | S_C_o[1][1][3] |     4.277 | SLOW    |     2.217 | FAST    |
S_B_i[0][1][3] | S_C_o[1][1][4] |     4.294 | SLOW    |     2.223 | FAST    |
S_B_i[0][1][3] | S_C_o[1][1][5] |     4.277 | SLOW    |     2.217 | FAST    |
S_B_i[0][1][3] | S_C_o[1][1][6] |     4.530 | SLOW    |     2.360 | FAST    |
S_B_i[0][1][3] | S_C_o[1][1][7] |     4.595 | SLOW    |     2.397 | FAST    |
S_B_i[0][1][3] | S_C_o[2][1][3] |     4.277 | SLOW    |     2.217 | FAST    |
S_B_i[0][1][3] | S_C_o[2][1][4] |     4.294 | SLOW    |     2.223 | FAST    |
S_B_i[0][1][3] | S_C_o[2][1][5] |     4.277 | SLOW    |     2.217 | FAST    |
S_B_i[0][1][3] | S_C_o[2][1][6] |     4.530 | SLOW    |     2.360 | FAST    |
S_B_i[0][1][3] | S_C_o[2][1][7] |     4.595 | SLOW    |     2.397 | FAST    |
S_B_i[0][1][3] | S_C_o[3][1][3] |     4.277 | SLOW    |     2.217 | FAST    |
S_B_i[0][1][3] | S_C_o[3][1][4] |     4.294 | SLOW    |     2.223 | FAST    |
S_B_i[0][1][3] | S_C_o[3][1][5] |     4.277 | SLOW    |     2.217 | FAST    |
S_B_i[0][1][3] | S_C_o[3][1][6] |     4.530 | SLOW    |     2.360 | FAST    |
S_B_i[0][1][3] | S_C_o[3][1][7] |     4.595 | SLOW    |     2.397 | FAST    |
S_B_i[0][1][3] | S_C_o[4][1][3] |     4.277 | SLOW    |     2.217 | FAST    |
S_B_i[0][1][3] | S_C_o[4][1][4] |     4.294 | SLOW    |     2.223 | FAST    |
S_B_i[0][1][3] | S_C_o[4][1][5] |     4.277 | SLOW    |     2.217 | FAST    |
S_B_i[0][1][3] | S_C_o[4][1][6] |     4.530 | SLOW    |     2.360 | FAST    |
S_B_i[0][1][3] | S_C_o[4][1][7] |     4.595 | SLOW    |     2.397 | FAST    |
S_B_i[0][1][3] | S_C_o[5][1][3] |     4.277 | SLOW    |     2.217 | FAST    |
S_B_i[0][1][3] | S_C_o[5][1][4] |     4.294 | SLOW    |     2.223 | FAST    |
S_B_i[0][1][3] | S_C_o[5][1][5] |     4.277 | SLOW    |     2.217 | FAST    |
S_B_i[0][1][3] | S_C_o[5][1][6] |     4.530 | SLOW    |     2.360 | FAST    |
S_B_i[0][1][3] | S_C_o[5][1][7] |     4.595 | SLOW    |     2.397 | FAST    |
S_B_i[0][1][3] | S_C_o[6][1][3] |     4.277 | SLOW    |     2.217 | FAST    |
S_B_i[0][1][3] | S_C_o[6][1][4] |     4.294 | SLOW    |     2.223 | FAST    |
S_B_i[0][1][3] | S_C_o[6][1][5] |     4.277 | SLOW    |     2.217 | FAST    |
S_B_i[0][1][3] | S_C_o[6][1][6] |     4.530 | SLOW    |     2.360 | FAST    |
S_B_i[0][1][3] | S_C_o[6][1][7] |     4.595 | SLOW    |     2.397 | FAST    |
S_B_i[0][1][3] | S_C_o[7][1][3] |     4.277 | SLOW    |     2.217 | FAST    |
S_B_i[0][1][3] | S_C_o[7][1][4] |     4.294 | SLOW    |     2.223 | FAST    |
S_B_i[0][1][3] | S_C_o[7][1][5] |     4.277 | SLOW    |     2.217 | FAST    |
S_B_i[0][1][3] | S_C_o[7][1][6] |     4.530 | SLOW    |     2.360 | FAST    |
S_B_i[0][1][3] | S_C_o[7][1][7] |     4.595 | SLOW    |     2.397 | FAST    |
S_B_i[0][1][4] | S_C_o[0][1][4] |     4.301 | SLOW    |     2.233 | FAST    |
S_B_i[0][1][4] | S_C_o[0][1][5] |     4.265 | SLOW    |     2.205 | FAST    |
S_B_i[0][1][4] | S_C_o[0][1][6] |     4.509 | SLOW    |     2.342 | FAST    |
S_B_i[0][1][4] | S_C_o[0][1][7] |     4.574 | SLOW    |     2.379 | FAST    |
S_B_i[0][1][4] | S_C_o[1][1][4] |     4.301 | SLOW    |     2.233 | FAST    |
S_B_i[0][1][4] | S_C_o[1][1][5] |     4.265 | SLOW    |     2.205 | FAST    |
S_B_i[0][1][4] | S_C_o[1][1][6] |     4.509 | SLOW    |     2.342 | FAST    |
S_B_i[0][1][4] | S_C_o[1][1][7] |     4.574 | SLOW    |     2.379 | FAST    |
S_B_i[0][1][4] | S_C_o[2][1][4] |     4.301 | SLOW    |     2.233 | FAST    |
S_B_i[0][1][4] | S_C_o[2][1][5] |     4.265 | SLOW    |     2.205 | FAST    |
S_B_i[0][1][4] | S_C_o[2][1][6] |     4.509 | SLOW    |     2.342 | FAST    |
S_B_i[0][1][4] | S_C_o[2][1][7] |     4.574 | SLOW    |     2.379 | FAST    |
S_B_i[0][1][4] | S_C_o[3][1][4] |     4.301 | SLOW    |     2.233 | FAST    |
S_B_i[0][1][4] | S_C_o[3][1][5] |     4.265 | SLOW    |     2.205 | FAST    |
S_B_i[0][1][4] | S_C_o[3][1][6] |     4.509 | SLOW    |     2.342 | FAST    |
S_B_i[0][1][4] | S_C_o[3][1][7] |     4.574 | SLOW    |     2.379 | FAST    |
S_B_i[0][1][4] | S_C_o[4][1][4] |     4.301 | SLOW    |     2.233 | FAST    |
S_B_i[0][1][4] | S_C_o[4][1][5] |     4.265 | SLOW    |     2.205 | FAST    |
S_B_i[0][1][4] | S_C_o[4][1][6] |     4.509 | SLOW    |     2.342 | FAST    |
S_B_i[0][1][4] | S_C_o[4][1][7] |     4.574 | SLOW    |     2.379 | FAST    |
S_B_i[0][1][4] | S_C_o[5][1][4] |     4.301 | SLOW    |     2.233 | FAST    |
S_B_i[0][1][4] | S_C_o[5][1][5] |     4.265 | SLOW    |     2.205 | FAST    |
S_B_i[0][1][4] | S_C_o[5][1][6] |     4.509 | SLOW    |     2.342 | FAST    |
S_B_i[0][1][4] | S_C_o[5][1][7] |     4.574 | SLOW    |     2.379 | FAST    |
S_B_i[0][1][4] | S_C_o[6][1][4] |     4.301 | SLOW    |     2.233 | FAST    |
S_B_i[0][1][4] | S_C_o[6][1][5] |     4.265 | SLOW    |     2.205 | FAST    |
S_B_i[0][1][4] | S_C_o[6][1][6] |     4.509 | SLOW    |     2.342 | FAST    |
S_B_i[0][1][4] | S_C_o[6][1][7] |     4.574 | SLOW    |     2.379 | FAST    |
S_B_i[0][1][4] | S_C_o[7][1][4] |     4.301 | SLOW    |     2.233 | FAST    |
S_B_i[0][1][4] | S_C_o[7][1][5] |     4.265 | SLOW    |     2.205 | FAST    |
S_B_i[0][1][4] | S_C_o[7][1][6] |     4.509 | SLOW    |     2.342 | FAST    |
S_B_i[0][1][4] | S_C_o[7][1][7] |     4.574 | SLOW    |     2.379 | FAST    |
S_B_i[0][1][5] | S_C_o[0][1][5] |     4.468 | SLOW    |     2.326 | FAST    |
S_B_i[0][1][5] | S_C_o[0][1][6] |     4.287 | SLOW    |     2.219 | FAST    |
S_B_i[0][1][5] | S_C_o[0][1][7] |     4.265 | SLOW    |     2.205 | FAST    |
S_B_i[0][1][5] | S_C_o[1][1][5] |     4.468 | SLOW    |     2.326 | FAST    |
S_B_i[0][1][5] | S_C_o[1][1][6] |     4.287 | SLOW    |     2.219 | FAST    |
S_B_i[0][1][5] | S_C_o[1][1][7] |     4.265 | SLOW    |     2.205 | FAST    |
S_B_i[0][1][5] | S_C_o[2][1][5] |     4.468 | SLOW    |     2.326 | FAST    |
S_B_i[0][1][5] | S_C_o[2][1][6] |     4.287 | SLOW    |     2.219 | FAST    |
S_B_i[0][1][5] | S_C_o[2][1][7] |     4.265 | SLOW    |     2.205 | FAST    |
S_B_i[0][1][5] | S_C_o[3][1][5] |     4.468 | SLOW    |     2.326 | FAST    |
S_B_i[0][1][5] | S_C_o[3][1][6] |     4.287 | SLOW    |     2.219 | FAST    |
S_B_i[0][1][5] | S_C_o[3][1][7] |     4.265 | SLOW    |     2.205 | FAST    |
S_B_i[0][1][5] | S_C_o[4][1][5] |     4.468 | SLOW    |     2.326 | FAST    |
S_B_i[0][1][5] | S_C_o[4][1][6] |     4.287 | SLOW    |     2.219 | FAST    |
S_B_i[0][1][5] | S_C_o[4][1][7] |     4.265 | SLOW    |     2.205 | FAST    |
S_B_i[0][1][5] | S_C_o[5][1][5] |     4.468 | SLOW    |     2.326 | FAST    |
S_B_i[0][1][5] | S_C_o[5][1][6] |     4.287 | SLOW    |     2.219 | FAST    |
S_B_i[0][1][5] | S_C_o[5][1][7] |     4.265 | SLOW    |     2.205 | FAST    |
S_B_i[0][1][5] | S_C_o[6][1][5] |     4.468 | SLOW    |     2.326 | FAST    |
S_B_i[0][1][5] | S_C_o[6][1][6] |     4.287 | SLOW    |     2.219 | FAST    |
S_B_i[0][1][5] | S_C_o[6][1][7] |     4.265 | SLOW    |     2.205 | FAST    |
S_B_i[0][1][5] | S_C_o[7][1][5] |     4.468 | SLOW    |     2.326 | FAST    |
S_B_i[0][1][5] | S_C_o[7][1][6] |     4.287 | SLOW    |     2.219 | FAST    |
S_B_i[0][1][5] | S_C_o[7][1][7] |     4.265 | SLOW    |     2.205 | FAST    |
S_B_i[0][1][6] | S_C_o[0][1][6] |     4.292 | SLOW    |     2.229 | FAST    |
S_B_i[0][1][6] | S_C_o[0][1][7] |     4.261 | SLOW    |     2.209 | FAST    |
S_B_i[0][1][6] | S_C_o[1][1][6] |     4.292 | SLOW    |     2.229 | FAST    |
S_B_i[0][1][6] | S_C_o[1][1][7] |     4.261 | SLOW    |     2.209 | FAST    |
S_B_i[0][1][6] | S_C_o[2][1][6] |     4.292 | SLOW    |     2.229 | FAST    |
S_B_i[0][1][6] | S_C_o[2][1][7] |     4.261 | SLOW    |     2.209 | FAST    |
S_B_i[0][1][6] | S_C_o[3][1][6] |     4.292 | SLOW    |     2.229 | FAST    |
S_B_i[0][1][6] | S_C_o[3][1][7] |     4.261 | SLOW    |     2.209 | FAST    |
S_B_i[0][1][6] | S_C_o[4][1][6] |     4.292 | SLOW    |     2.229 | FAST    |
S_B_i[0][1][6] | S_C_o[4][1][7] |     4.261 | SLOW    |     2.209 | FAST    |
S_B_i[0][1][6] | S_C_o[5][1][6] |     4.292 | SLOW    |     2.229 | FAST    |
S_B_i[0][1][6] | S_C_o[5][1][7] |     4.261 | SLOW    |     2.209 | FAST    |
S_B_i[0][1][6] | S_C_o[6][1][6] |     4.292 | SLOW    |     2.229 | FAST    |
S_B_i[0][1][6] | S_C_o[6][1][7] |     4.261 | SLOW    |     2.209 | FAST    |
S_B_i[0][1][6] | S_C_o[7][1][6] |     4.292 | SLOW    |     2.229 | FAST    |
S_B_i[0][1][6] | S_C_o[7][1][7] |     4.261 | SLOW    |     2.209 | FAST    |
S_B_i[0][1][7] | S_C_o[0][1][7] |     4.444 | SLOW    |     2.314 | FAST    |
S_B_i[0][1][7] | S_C_o[1][1][7] |     4.444 | SLOW    |     2.314 | FAST    |
S_B_i[0][1][7] | S_C_o[2][1][7] |     4.444 | SLOW    |     2.314 | FAST    |
S_B_i[0][1][7] | S_C_o[3][1][7] |     4.444 | SLOW    |     2.314 | FAST    |
S_B_i[0][1][7] | S_C_o[4][1][7] |     4.444 | SLOW    |     2.314 | FAST    |
S_B_i[0][1][7] | S_C_o[5][1][7] |     4.444 | SLOW    |     2.314 | FAST    |
S_B_i[0][1][7] | S_C_o[6][1][7] |     4.444 | SLOW    |     2.314 | FAST    |
S_B_i[0][1][7] | S_C_o[7][1][7] |     4.444 | SLOW    |     2.314 | FAST    |
S_B_i[0][2][0] | S_C_o[0][2][0] |     4.277 | SLOW    |     2.217 | FAST    |
S_B_i[0][2][0] | S_C_o[0][2][1] |     4.294 | SLOW    |     2.223 | FAST    |
S_B_i[0][2][0] | S_C_o[0][2][2] |     4.272 | SLOW    |     2.209 | FAST    |
S_B_i[0][2][0] | S_C_o[0][2][3] |     4.516 | SLOW    |     2.340 | FAST    |
S_B_i[0][2][0] | S_C_o[0][2][4] |     4.538 | SLOW    |     2.354 | FAST    |
S_B_i[0][2][0] | S_C_o[0][2][5] |     4.603 | SLOW    |     2.391 | FAST    |
S_B_i[0][2][0] | S_C_o[0][2][6] |     4.760 | SLOW    |     2.477 | FAST    |
S_B_i[0][2][0] | S_C_o[0][2][7] |     4.825 | SLOW    |     2.514 | FAST    |
S_B_i[0][2][0] | S_C_o[1][2][0] |     4.277 | SLOW    |     2.217 | FAST    |
S_B_i[0][2][0] | S_C_o[1][2][1] |     4.294 | SLOW    |     2.223 | FAST    |
S_B_i[0][2][0] | S_C_o[1][2][2] |     4.272 | SLOW    |     2.209 | FAST    |
S_B_i[0][2][0] | S_C_o[1][2][3] |     4.516 | SLOW    |     2.340 | FAST    |
S_B_i[0][2][0] | S_C_o[1][2][4] |     4.538 | SLOW    |     2.354 | FAST    |
S_B_i[0][2][0] | S_C_o[1][2][5] |     4.603 | SLOW    |     2.391 | FAST    |
S_B_i[0][2][0] | S_C_o[1][2][6] |     4.760 | SLOW    |     2.477 | FAST    |
S_B_i[0][2][0] | S_C_o[1][2][7] |     4.825 | SLOW    |     2.514 | FAST    |
S_B_i[0][2][0] | S_C_o[2][2][0] |     4.277 | SLOW    |     2.217 | FAST    |
S_B_i[0][2][0] | S_C_o[2][2][1] |     4.294 | SLOW    |     2.223 | FAST    |
S_B_i[0][2][0] | S_C_o[2][2][2] |     4.272 | SLOW    |     2.209 | FAST    |
S_B_i[0][2][0] | S_C_o[2][2][3] |     4.516 | SLOW    |     2.340 | FAST    |
S_B_i[0][2][0] | S_C_o[2][2][4] |     4.538 | SLOW    |     2.354 | FAST    |
S_B_i[0][2][0] | S_C_o[2][2][5] |     4.603 | SLOW    |     2.391 | FAST    |
S_B_i[0][2][0] | S_C_o[2][2][6] |     4.760 | SLOW    |     2.477 | FAST    |
S_B_i[0][2][0] | S_C_o[2][2][7] |     4.825 | SLOW    |     2.514 | FAST    |
S_B_i[0][2][0] | S_C_o[3][2][0] |     4.277 | SLOW    |     2.217 | FAST    |
S_B_i[0][2][0] | S_C_o[3][2][1] |     4.294 | SLOW    |     2.223 | FAST    |
S_B_i[0][2][0] | S_C_o[3][2][2] |     4.272 | SLOW    |     2.209 | FAST    |
S_B_i[0][2][0] | S_C_o[3][2][3] |     4.516 | SLOW    |     2.340 | FAST    |
S_B_i[0][2][0] | S_C_o[3][2][4] |     4.538 | SLOW    |     2.354 | FAST    |
S_B_i[0][2][0] | S_C_o[3][2][5] |     4.603 | SLOW    |     2.391 | FAST    |
S_B_i[0][2][0] | S_C_o[3][2][6] |     4.760 | SLOW    |     2.477 | FAST    |
S_B_i[0][2][0] | S_C_o[3][2][7] |     4.825 | SLOW    |     2.514 | FAST    |
S_B_i[0][2][0] | S_C_o[4][2][0] |     4.277 | SLOW    |     2.217 | FAST    |
S_B_i[0][2][0] | S_C_o[4][2][1] |     4.294 | SLOW    |     2.223 | FAST    |
S_B_i[0][2][0] | S_C_o[4][2][2] |     4.272 | SLOW    |     2.209 | FAST    |
S_B_i[0][2][0] | S_C_o[4][2][3] |     4.516 | SLOW    |     2.340 | FAST    |
S_B_i[0][2][0] | S_C_o[4][2][4] |     4.538 | SLOW    |     2.354 | FAST    |
S_B_i[0][2][0] | S_C_o[4][2][5] |     4.603 | SLOW    |     2.391 | FAST    |
S_B_i[0][2][0] | S_C_o[4][2][6] |     4.760 | SLOW    |     2.477 | FAST    |
S_B_i[0][2][0] | S_C_o[4][2][7] |     4.825 | SLOW    |     2.514 | FAST    |
S_B_i[0][2][0] | S_C_o[5][2][0] |     4.277 | SLOW    |     2.217 | FAST    |
S_B_i[0][2][0] | S_C_o[5][2][1] |     4.294 | SLOW    |     2.223 | FAST    |
S_B_i[0][2][0] | S_C_o[5][2][2] |     4.272 | SLOW    |     2.209 | FAST    |
S_B_i[0][2][0] | S_C_o[5][2][3] |     4.516 | SLOW    |     2.340 | FAST    |
S_B_i[0][2][0] | S_C_o[5][2][4] |     4.538 | SLOW    |     2.354 | FAST    |
S_B_i[0][2][0] | S_C_o[5][2][5] |     4.603 | SLOW    |     2.391 | FAST    |
S_B_i[0][2][0] | S_C_o[5][2][6] |     4.760 | SLOW    |     2.477 | FAST    |
S_B_i[0][2][0] | S_C_o[5][2][7] |     4.825 | SLOW    |     2.514 | FAST    |
S_B_i[0][2][0] | S_C_o[6][2][0] |     4.277 | SLOW    |     2.217 | FAST    |
S_B_i[0][2][0] | S_C_o[6][2][1] |     4.294 | SLOW    |     2.223 | FAST    |
S_B_i[0][2][0] | S_C_o[6][2][2] |     4.272 | SLOW    |     2.209 | FAST    |
S_B_i[0][2][0] | S_C_o[6][2][3] |     4.516 | SLOW    |     2.340 | FAST    |
S_B_i[0][2][0] | S_C_o[6][2][4] |     4.538 | SLOW    |     2.354 | FAST    |
S_B_i[0][2][0] | S_C_o[6][2][5] |     4.603 | SLOW    |     2.391 | FAST    |
S_B_i[0][2][0] | S_C_o[6][2][6] |     4.760 | SLOW    |     2.477 | FAST    |
S_B_i[0][2][0] | S_C_o[6][2][7] |     4.825 | SLOW    |     2.514 | FAST    |
S_B_i[0][2][0] | S_C_o[7][2][0] |     4.277 | SLOW    |     2.217 | FAST    |
S_B_i[0][2][0] | S_C_o[7][2][1] |     4.294 | SLOW    |     2.223 | FAST    |
S_B_i[0][2][0] | S_C_o[7][2][2] |     4.272 | SLOW    |     2.209 | FAST    |
S_B_i[0][2][0] | S_C_o[7][2][3] |     4.516 | SLOW    |     2.340 | FAST    |
S_B_i[0][2][0] | S_C_o[7][2][4] |     4.538 | SLOW    |     2.354 | FAST    |
S_B_i[0][2][0] | S_C_o[7][2][5] |     4.603 | SLOW    |     2.391 | FAST    |
S_B_i[0][2][0] | S_C_o[7][2][6] |     4.760 | SLOW    |     2.477 | FAST    |
S_B_i[0][2][0] | S_C_o[7][2][7] |     4.825 | SLOW    |     2.514 | FAST    |
S_B_i[0][2][1] | S_C_o[0][2][1] |     4.301 | SLOW    |     2.233 | FAST    |
S_B_i[0][2][1] | S_C_o[0][2][2] |     4.265 | SLOW    |     2.205 | FAST    |
S_B_i[0][2][1] | S_C_o[0][2][3] |     4.482 | SLOW    |     2.327 | FAST    |
S_B_i[0][2][1] | S_C_o[0][2][4] |     4.504 | SLOW    |     2.341 | FAST    |
S_B_i[0][2][1] | S_C_o[0][2][5] |     4.569 | SLOW    |     2.378 | FAST    |
S_B_i[0][2][1] | S_C_o[0][2][6] |     4.726 | SLOW    |     2.464 | FAST    |
S_B_i[0][2][1] | S_C_o[0][2][7] |     4.791 | SLOW    |     2.501 | FAST    |
S_B_i[0][2][1] | S_C_o[1][2][1] |     4.301 | SLOW    |     2.233 | FAST    |
S_B_i[0][2][1] | S_C_o[1][2][2] |     4.265 | SLOW    |     2.205 | FAST    |
S_B_i[0][2][1] | S_C_o[1][2][3] |     4.482 | SLOW    |     2.327 | FAST    |
S_B_i[0][2][1] | S_C_o[1][2][4] |     4.504 | SLOW    |     2.341 | FAST    |
S_B_i[0][2][1] | S_C_o[1][2][5] |     4.569 | SLOW    |     2.378 | FAST    |
S_B_i[0][2][1] | S_C_o[1][2][6] |     4.726 | SLOW    |     2.464 | FAST    |
S_B_i[0][2][1] | S_C_o[1][2][7] |     4.791 | SLOW    |     2.501 | FAST    |
S_B_i[0][2][1] | S_C_o[2][2][1] |     4.301 | SLOW    |     2.233 | FAST    |
S_B_i[0][2][1] | S_C_o[2][2][2] |     4.265 | SLOW    |     2.205 | FAST    |
S_B_i[0][2][1] | S_C_o[2][2][3] |     4.482 | SLOW    |     2.327 | FAST    |
S_B_i[0][2][1] | S_C_o[2][2][4] |     4.504 | SLOW    |     2.341 | FAST    |
S_B_i[0][2][1] | S_C_o[2][2][5] |     4.569 | SLOW    |     2.378 | FAST    |
S_B_i[0][2][1] | S_C_o[2][2][6] |     4.726 | SLOW    |     2.464 | FAST    |
S_B_i[0][2][1] | S_C_o[2][2][7] |     4.791 | SLOW    |     2.501 | FAST    |
S_B_i[0][2][1] | S_C_o[3][2][1] |     4.301 | SLOW    |     2.233 | FAST    |
S_B_i[0][2][1] | S_C_o[3][2][2] |     4.265 | SLOW    |     2.205 | FAST    |
S_B_i[0][2][1] | S_C_o[3][2][3] |     4.482 | SLOW    |     2.327 | FAST    |
S_B_i[0][2][1] | S_C_o[3][2][4] |     4.504 | SLOW    |     2.341 | FAST    |
S_B_i[0][2][1] | S_C_o[3][2][5] |     4.569 | SLOW    |     2.378 | FAST    |
S_B_i[0][2][1] | S_C_o[3][2][6] |     4.726 | SLOW    |     2.464 | FAST    |
S_B_i[0][2][1] | S_C_o[3][2][7] |     4.791 | SLOW    |     2.501 | FAST    |
S_B_i[0][2][1] | S_C_o[4][2][1] |     4.301 | SLOW    |     2.233 | FAST    |
S_B_i[0][2][1] | S_C_o[4][2][2] |     4.265 | SLOW    |     2.205 | FAST    |
S_B_i[0][2][1] | S_C_o[4][2][3] |     4.482 | SLOW    |     2.327 | FAST    |
S_B_i[0][2][1] | S_C_o[4][2][4] |     4.504 | SLOW    |     2.341 | FAST    |
S_B_i[0][2][1] | S_C_o[4][2][5] |     4.569 | SLOW    |     2.378 | FAST    |
S_B_i[0][2][1] | S_C_o[4][2][6] |     4.726 | SLOW    |     2.464 | FAST    |
S_B_i[0][2][1] | S_C_o[4][2][7] |     4.791 | SLOW    |     2.501 | FAST    |
S_B_i[0][2][1] | S_C_o[5][2][1] |     4.301 | SLOW    |     2.233 | FAST    |
S_B_i[0][2][1] | S_C_o[5][2][2] |     4.265 | SLOW    |     2.205 | FAST    |
S_B_i[0][2][1] | S_C_o[5][2][3] |     4.482 | SLOW    |     2.327 | FAST    |
S_B_i[0][2][1] | S_C_o[5][2][4] |     4.504 | SLOW    |     2.341 | FAST    |
S_B_i[0][2][1] | S_C_o[5][2][5] |     4.569 | SLOW    |     2.378 | FAST    |
S_B_i[0][2][1] | S_C_o[5][2][6] |     4.726 | SLOW    |     2.464 | FAST    |
S_B_i[0][2][1] | S_C_o[5][2][7] |     4.791 | SLOW    |     2.501 | FAST    |
S_B_i[0][2][1] | S_C_o[6][2][1] |     4.301 | SLOW    |     2.233 | FAST    |
S_B_i[0][2][1] | S_C_o[6][2][2] |     4.265 | SLOW    |     2.205 | FAST    |
S_B_i[0][2][1] | S_C_o[6][2][3] |     4.482 | SLOW    |     2.327 | FAST    |
S_B_i[0][2][1] | S_C_o[6][2][4] |     4.504 | SLOW    |     2.341 | FAST    |
S_B_i[0][2][1] | S_C_o[6][2][5] |     4.569 | SLOW    |     2.378 | FAST    |
S_B_i[0][2][1] | S_C_o[6][2][6] |     4.726 | SLOW    |     2.464 | FAST    |
S_B_i[0][2][1] | S_C_o[6][2][7] |     4.791 | SLOW    |     2.501 | FAST    |
S_B_i[0][2][1] | S_C_o[7][2][1] |     4.301 | SLOW    |     2.233 | FAST    |
S_B_i[0][2][1] | S_C_o[7][2][2] |     4.265 | SLOW    |     2.205 | FAST    |
S_B_i[0][2][1] | S_C_o[7][2][3] |     4.482 | SLOW    |     2.327 | FAST    |
S_B_i[0][2][1] | S_C_o[7][2][4] |     4.504 | SLOW    |     2.341 | FAST    |
S_B_i[0][2][1] | S_C_o[7][2][5] |     4.569 | SLOW    |     2.378 | FAST    |
S_B_i[0][2][1] | S_C_o[7][2][6] |     4.726 | SLOW    |     2.464 | FAST    |
S_B_i[0][2][1] | S_C_o[7][2][7] |     4.791 | SLOW    |     2.501 | FAST    |
S_B_i[0][2][2] | S_C_o[0][2][2] |     4.261 | SLOW    |     2.209 | FAST    |
S_B_i[0][2][2] | S_C_o[0][2][3] |     4.468 | SLOW    |     2.315 | FAST    |
S_B_i[0][2][2] | S_C_o[0][2][4] |     4.490 | SLOW    |     2.329 | FAST    |
S_B_i[0][2][2] | S_C_o[0][2][5] |     4.555 | SLOW    |     2.366 | FAST    |
S_B_i[0][2][2] | S_C_o[0][2][6] |     4.712 | SLOW    |     2.452 | FAST    |
S_B_i[0][2][2] | S_C_o[0][2][7] |     4.777 | SLOW    |     2.489 | FAST    |
S_B_i[0][2][2] | S_C_o[1][2][2] |     4.261 | SLOW    |     2.209 | FAST    |
S_B_i[0][2][2] | S_C_o[1][2][3] |     4.468 | SLOW    |     2.315 | FAST    |
S_B_i[0][2][2] | S_C_o[1][2][4] |     4.490 | SLOW    |     2.329 | FAST    |
S_B_i[0][2][2] | S_C_o[1][2][5] |     4.555 | SLOW    |     2.366 | FAST    |
S_B_i[0][2][2] | S_C_o[1][2][6] |     4.712 | SLOW    |     2.452 | FAST    |
S_B_i[0][2][2] | S_C_o[1][2][7] |     4.777 | SLOW    |     2.489 | FAST    |
S_B_i[0][2][2] | S_C_o[2][2][2] |     4.261 | SLOW    |     2.209 | FAST    |
S_B_i[0][2][2] | S_C_o[2][2][3] |     4.468 | SLOW    |     2.315 | FAST    |
S_B_i[0][2][2] | S_C_o[2][2][4] |     4.490 | SLOW    |     2.329 | FAST    |
S_B_i[0][2][2] | S_C_o[2][2][5] |     4.555 | SLOW    |     2.366 | FAST    |
S_B_i[0][2][2] | S_C_o[2][2][6] |     4.712 | SLOW    |     2.452 | FAST    |
S_B_i[0][2][2] | S_C_o[2][2][7] |     4.777 | SLOW    |     2.489 | FAST    |
S_B_i[0][2][2] | S_C_o[3][2][2] |     4.261 | SLOW    |     2.209 | FAST    |
S_B_i[0][2][2] | S_C_o[3][2][3] |     4.468 | SLOW    |     2.315 | FAST    |
S_B_i[0][2][2] | S_C_o[3][2][4] |     4.490 | SLOW    |     2.329 | FAST    |
S_B_i[0][2][2] | S_C_o[3][2][5] |     4.555 | SLOW    |     2.366 | FAST    |
S_B_i[0][2][2] | S_C_o[3][2][6] |     4.712 | SLOW    |     2.452 | FAST    |
S_B_i[0][2][2] | S_C_o[3][2][7] |     4.777 | SLOW    |     2.489 | FAST    |
S_B_i[0][2][2] | S_C_o[4][2][2] |     4.261 | SLOW    |     2.209 | FAST    |
S_B_i[0][2][2] | S_C_o[4][2][3] |     4.468 | SLOW    |     2.315 | FAST    |
S_B_i[0][2][2] | S_C_o[4][2][4] |     4.490 | SLOW    |     2.329 | FAST    |
S_B_i[0][2][2] | S_C_o[4][2][5] |     4.555 | SLOW    |     2.366 | FAST    |
S_B_i[0][2][2] | S_C_o[4][2][6] |     4.712 | SLOW    |     2.452 | FAST    |
S_B_i[0][2][2] | S_C_o[4][2][7] |     4.777 | SLOW    |     2.489 | FAST    |
S_B_i[0][2][2] | S_C_o[5][2][2] |     4.261 | SLOW    |     2.209 | FAST    |
S_B_i[0][2][2] | S_C_o[5][2][3] |     4.468 | SLOW    |     2.315 | FAST    |
S_B_i[0][2][2] | S_C_o[5][2][4] |     4.490 | SLOW    |     2.329 | FAST    |
S_B_i[0][2][2] | S_C_o[5][2][5] |     4.555 | SLOW    |     2.366 | FAST    |
S_B_i[0][2][2] | S_C_o[5][2][6] |     4.712 | SLOW    |     2.452 | FAST    |
S_B_i[0][2][2] | S_C_o[5][2][7] |     4.777 | SLOW    |     2.489 | FAST    |
S_B_i[0][2][2] | S_C_o[6][2][2] |     4.261 | SLOW    |     2.209 | FAST    |
S_B_i[0][2][2] | S_C_o[6][2][3] |     4.468 | SLOW    |     2.315 | FAST    |
S_B_i[0][2][2] | S_C_o[6][2][4] |     4.490 | SLOW    |     2.329 | FAST    |
S_B_i[0][2][2] | S_C_o[6][2][5] |     4.555 | SLOW    |     2.366 | FAST    |
S_B_i[0][2][2] | S_C_o[6][2][6] |     4.712 | SLOW    |     2.452 | FAST    |
S_B_i[0][2][2] | S_C_o[6][2][7] |     4.777 | SLOW    |     2.489 | FAST    |
S_B_i[0][2][2] | S_C_o[7][2][2] |     4.261 | SLOW    |     2.209 | FAST    |
S_B_i[0][2][2] | S_C_o[7][2][3] |     4.468 | SLOW    |     2.315 | FAST    |
S_B_i[0][2][2] | S_C_o[7][2][4] |     4.490 | SLOW    |     2.329 | FAST    |
S_B_i[0][2][2] | S_C_o[7][2][5] |     4.555 | SLOW    |     2.366 | FAST    |
S_B_i[0][2][2] | S_C_o[7][2][6] |     4.712 | SLOW    |     2.452 | FAST    |
S_B_i[0][2][2] | S_C_o[7][2][7] |     4.777 | SLOW    |     2.489 | FAST    |
S_B_i[0][2][3] | S_C_o[0][2][3] |     4.277 | SLOW    |     2.217 | FAST    |
S_B_i[0][2][3] | S_C_o[0][2][4] |     4.294 | SLOW    |     2.223 | FAST    |
S_B_i[0][2][3] | S_C_o[0][2][5] |     4.277 | SLOW    |     2.217 | FAST    |
S_B_i[0][2][3] | S_C_o[0][2][6] |     4.530 | SLOW    |     2.360 | FAST    |
S_B_i[0][2][3] | S_C_o[0][2][7] |     4.595 | SLOW    |     2.397 | FAST    |
S_B_i[0][2][3] | S_C_o[1][2][3] |     4.277 | SLOW    |     2.217 | FAST    |
S_B_i[0][2][3] | S_C_o[1][2][4] |     4.294 | SLOW    |     2.223 | FAST    |
S_B_i[0][2][3] | S_C_o[1][2][5] |     4.277 | SLOW    |     2.217 | FAST    |
S_B_i[0][2][3] | S_C_o[1][2][6] |     4.530 | SLOW    |     2.360 | FAST    |
S_B_i[0][2][3] | S_C_o[1][2][7] |     4.595 | SLOW    |     2.397 | FAST    |
S_B_i[0][2][3] | S_C_o[2][2][3] |     4.277 | SLOW    |     2.217 | FAST    |
S_B_i[0][2][3] | S_C_o[2][2][4] |     4.294 | SLOW    |     2.223 | FAST    |
S_B_i[0][2][3] | S_C_o[2][2][5] |     4.277 | SLOW    |     2.217 | FAST    |
S_B_i[0][2][3] | S_C_o[2][2][6] |     4.530 | SLOW    |     2.360 | FAST    |
S_B_i[0][2][3] | S_C_o[2][2][7] |     4.595 | SLOW    |     2.397 | FAST    |
S_B_i[0][2][3] | S_C_o[3][2][3] |     4.277 | SLOW    |     2.217 | FAST    |
S_B_i[0][2][3] | S_C_o[3][2][4] |     4.294 | SLOW    |     2.223 | FAST    |
S_B_i[0][2][3] | S_C_o[3][2][5] |     4.277 | SLOW    |     2.217 | FAST    |
S_B_i[0][2][3] | S_C_o[3][2][6] |     4.530 | SLOW    |     2.360 | FAST    |
S_B_i[0][2][3] | S_C_o[3][2][7] |     4.595 | SLOW    |     2.397 | FAST    |
S_B_i[0][2][3] | S_C_o[4][2][3] |     4.277 | SLOW    |     2.217 | FAST    |
S_B_i[0][2][3] | S_C_o[4][2][4] |     4.294 | SLOW    |     2.223 | FAST    |
S_B_i[0][2][3] | S_C_o[4][2][5] |     4.277 | SLOW    |     2.217 | FAST    |
S_B_i[0][2][3] | S_C_o[4][2][6] |     4.530 | SLOW    |     2.360 | FAST    |
S_B_i[0][2][3] | S_C_o[4][2][7] |     4.595 | SLOW    |     2.397 | FAST    |
S_B_i[0][2][3] | S_C_o[5][2][3] |     4.277 | SLOW    |     2.217 | FAST    |
S_B_i[0][2][3] | S_C_o[5][2][4] |     4.294 | SLOW    |     2.223 | FAST    |
S_B_i[0][2][3] | S_C_o[5][2][5] |     4.277 | SLOW    |     2.217 | FAST    |
S_B_i[0][2][3] | S_C_o[5][2][6] |     4.530 | SLOW    |     2.360 | FAST    |
S_B_i[0][2][3] | S_C_o[5][2][7] |     4.595 | SLOW    |     2.397 | FAST    |
S_B_i[0][2][3] | S_C_o[6][2][3] |     4.277 | SLOW    |     2.217 | FAST    |
S_B_i[0][2][3] | S_C_o[6][2][4] |     4.294 | SLOW    |     2.223 | FAST    |
S_B_i[0][2][3] | S_C_o[6][2][5] |     4.277 | SLOW    |     2.217 | FAST    |
S_B_i[0][2][3] | S_C_o[6][2][6] |     4.530 | SLOW    |     2.360 | FAST    |
S_B_i[0][2][3] | S_C_o[6][2][7] |     4.595 | SLOW    |     2.397 | FAST    |
S_B_i[0][2][3] | S_C_o[7][2][3] |     4.277 | SLOW    |     2.217 | FAST    |
S_B_i[0][2][3] | S_C_o[7][2][4] |     4.294 | SLOW    |     2.223 | FAST    |
S_B_i[0][2][3] | S_C_o[7][2][5] |     4.277 | SLOW    |     2.217 | FAST    |
S_B_i[0][2][3] | S_C_o[7][2][6] |     4.530 | SLOW    |     2.360 | FAST    |
S_B_i[0][2][3] | S_C_o[7][2][7] |     4.595 | SLOW    |     2.397 | FAST    |
S_B_i[0][2][4] | S_C_o[0][2][4] |     4.301 | SLOW    |     2.233 | FAST    |
S_B_i[0][2][4] | S_C_o[0][2][5] |     4.265 | SLOW    |     2.205 | FAST    |
S_B_i[0][2][4] | S_C_o[0][2][6] |     4.509 | SLOW    |     2.342 | FAST    |
S_B_i[0][2][4] | S_C_o[0][2][7] |     4.574 | SLOW    |     2.379 | FAST    |
S_B_i[0][2][4] | S_C_o[1][2][4] |     4.301 | SLOW    |     2.233 | FAST    |
S_B_i[0][2][4] | S_C_o[1][2][5] |     4.265 | SLOW    |     2.205 | FAST    |
S_B_i[0][2][4] | S_C_o[1][2][6] |     4.509 | SLOW    |     2.342 | FAST    |
S_B_i[0][2][4] | S_C_o[1][2][7] |     4.574 | SLOW    |     2.379 | FAST    |
S_B_i[0][2][4] | S_C_o[2][2][4] |     4.301 | SLOW    |     2.233 | FAST    |
S_B_i[0][2][4] | S_C_o[2][2][5] |     4.265 | SLOW    |     2.205 | FAST    |
S_B_i[0][2][4] | S_C_o[2][2][6] |     4.509 | SLOW    |     2.342 | FAST    |
S_B_i[0][2][4] | S_C_o[2][2][7] |     4.574 | SLOW    |     2.379 | FAST    |
S_B_i[0][2][4] | S_C_o[3][2][4] |     4.301 | SLOW    |     2.233 | FAST    |
S_B_i[0][2][4] | S_C_o[3][2][5] |     4.265 | SLOW    |     2.205 | FAST    |
S_B_i[0][2][4] | S_C_o[3][2][6] |     4.509 | SLOW    |     2.342 | FAST    |
S_B_i[0][2][4] | S_C_o[3][2][7] |     4.574 | SLOW    |     2.379 | FAST    |
S_B_i[0][2][4] | S_C_o[4][2][4] |     4.301 | SLOW    |     2.233 | FAST    |
S_B_i[0][2][4] | S_C_o[4][2][5] |     4.265 | SLOW    |     2.205 | FAST    |
S_B_i[0][2][4] | S_C_o[4][2][6] |     4.509 | SLOW    |     2.342 | FAST    |
S_B_i[0][2][4] | S_C_o[4][2][7] |     4.574 | SLOW    |     2.379 | FAST    |
S_B_i[0][2][4] | S_C_o[5][2][4] |     4.301 | SLOW    |     2.233 | FAST    |
S_B_i[0][2][4] | S_C_o[5][2][5] |     4.265 | SLOW    |     2.205 | FAST    |
S_B_i[0][2][4] | S_C_o[5][2][6] |     4.509 | SLOW    |     2.342 | FAST    |
S_B_i[0][2][4] | S_C_o[5][2][7] |     4.574 | SLOW    |     2.379 | FAST    |
S_B_i[0][2][4] | S_C_o[6][2][4] |     4.301 | SLOW    |     2.233 | FAST    |
S_B_i[0][2][4] | S_C_o[6][2][5] |     4.265 | SLOW    |     2.205 | FAST    |
S_B_i[0][2][4] | S_C_o[6][2][6] |     4.509 | SLOW    |     2.342 | FAST    |
S_B_i[0][2][4] | S_C_o[6][2][7] |     4.574 | SLOW    |     2.379 | FAST    |
S_B_i[0][2][4] | S_C_o[7][2][4] |     4.301 | SLOW    |     2.233 | FAST    |
S_B_i[0][2][4] | S_C_o[7][2][5] |     4.265 | SLOW    |     2.205 | FAST    |
S_B_i[0][2][4] | S_C_o[7][2][6] |     4.509 | SLOW    |     2.342 | FAST    |
S_B_i[0][2][4] | S_C_o[7][2][7] |     4.574 | SLOW    |     2.379 | FAST    |
S_B_i[0][2][5] | S_C_o[0][2][5] |     4.468 | SLOW    |     2.326 | FAST    |
S_B_i[0][2][5] | S_C_o[0][2][6] |     4.287 | SLOW    |     2.219 | FAST    |
S_B_i[0][2][5] | S_C_o[0][2][7] |     4.265 | SLOW    |     2.205 | FAST    |
S_B_i[0][2][5] | S_C_o[1][2][5] |     4.468 | SLOW    |     2.326 | FAST    |
S_B_i[0][2][5] | S_C_o[1][2][6] |     4.287 | SLOW    |     2.219 | FAST    |
S_B_i[0][2][5] | S_C_o[1][2][7] |     4.265 | SLOW    |     2.205 | FAST    |
S_B_i[0][2][5] | S_C_o[2][2][5] |     4.468 | SLOW    |     2.326 | FAST    |
S_B_i[0][2][5] | S_C_o[2][2][6] |     4.287 | SLOW    |     2.219 | FAST    |
S_B_i[0][2][5] | S_C_o[2][2][7] |     4.265 | SLOW    |     2.205 | FAST    |
S_B_i[0][2][5] | S_C_o[3][2][5] |     4.468 | SLOW    |     2.326 | FAST    |
S_B_i[0][2][5] | S_C_o[3][2][6] |     4.287 | SLOW    |     2.219 | FAST    |
S_B_i[0][2][5] | S_C_o[3][2][7] |     4.265 | SLOW    |     2.205 | FAST    |
S_B_i[0][2][5] | S_C_o[4][2][5] |     4.468 | SLOW    |     2.326 | FAST    |
S_B_i[0][2][5] | S_C_o[4][2][6] |     4.287 | SLOW    |     2.219 | FAST    |
S_B_i[0][2][5] | S_C_o[4][2][7] |     4.265 | SLOW    |     2.205 | FAST    |
S_B_i[0][2][5] | S_C_o[5][2][5] |     4.468 | SLOW    |     2.326 | FAST    |
S_B_i[0][2][5] | S_C_o[5][2][6] |     4.287 | SLOW    |     2.219 | FAST    |
S_B_i[0][2][5] | S_C_o[5][2][7] |     4.265 | SLOW    |     2.205 | FAST    |
S_B_i[0][2][5] | S_C_o[6][2][5] |     4.468 | SLOW    |     2.326 | FAST    |
S_B_i[0][2][5] | S_C_o[6][2][6] |     4.287 | SLOW    |     2.219 | FAST    |
S_B_i[0][2][5] | S_C_o[6][2][7] |     4.265 | SLOW    |     2.205 | FAST    |
S_B_i[0][2][5] | S_C_o[7][2][5] |     4.468 | SLOW    |     2.326 | FAST    |
S_B_i[0][2][5] | S_C_o[7][2][6] |     4.287 | SLOW    |     2.219 | FAST    |
S_B_i[0][2][5] | S_C_o[7][2][7] |     4.265 | SLOW    |     2.205 | FAST    |
S_B_i[0][2][6] | S_C_o[0][2][6] |     4.292 | SLOW    |     2.229 | FAST    |
S_B_i[0][2][6] | S_C_o[0][2][7] |     4.261 | SLOW    |     2.209 | FAST    |
S_B_i[0][2][6] | S_C_o[1][2][6] |     4.292 | SLOW    |     2.229 | FAST    |
S_B_i[0][2][6] | S_C_o[1][2][7] |     4.261 | SLOW    |     2.209 | FAST    |
S_B_i[0][2][6] | S_C_o[2][2][6] |     4.292 | SLOW    |     2.229 | FAST    |
S_B_i[0][2][6] | S_C_o[2][2][7] |     4.261 | SLOW    |     2.209 | FAST    |
S_B_i[0][2][6] | S_C_o[3][2][6] |     4.292 | SLOW    |     2.229 | FAST    |
S_B_i[0][2][6] | S_C_o[3][2][7] |     4.261 | SLOW    |     2.209 | FAST    |
S_B_i[0][2][6] | S_C_o[4][2][6] |     4.292 | SLOW    |     2.229 | FAST    |
S_B_i[0][2][6] | S_C_o[4][2][7] |     4.261 | SLOW    |     2.209 | FAST    |
S_B_i[0][2][6] | S_C_o[5][2][6] |     4.292 | SLOW    |     2.229 | FAST    |
S_B_i[0][2][6] | S_C_o[5][2][7] |     4.261 | SLOW    |     2.209 | FAST    |
S_B_i[0][2][6] | S_C_o[6][2][6] |     4.292 | SLOW    |     2.229 | FAST    |
S_B_i[0][2][6] | S_C_o[6][2][7] |     4.261 | SLOW    |     2.209 | FAST    |
S_B_i[0][2][6] | S_C_o[7][2][6] |     4.292 | SLOW    |     2.229 | FAST    |
S_B_i[0][2][6] | S_C_o[7][2][7] |     4.261 | SLOW    |     2.209 | FAST    |
S_B_i[0][2][7] | S_C_o[0][2][7] |     4.444 | SLOW    |     2.314 | FAST    |
S_B_i[0][2][7] | S_C_o[1][2][7] |     4.444 | SLOW    |     2.314 | FAST    |
S_B_i[0][2][7] | S_C_o[2][2][7] |     4.444 | SLOW    |     2.314 | FAST    |
S_B_i[0][2][7] | S_C_o[3][2][7] |     4.444 | SLOW    |     2.314 | FAST    |
S_B_i[0][2][7] | S_C_o[4][2][7] |     4.444 | SLOW    |     2.314 | FAST    |
S_B_i[0][2][7] | S_C_o[5][2][7] |     4.444 | SLOW    |     2.314 | FAST    |
S_B_i[0][2][7] | S_C_o[6][2][7] |     4.444 | SLOW    |     2.314 | FAST    |
S_B_i[0][2][7] | S_C_o[7][2][7] |     4.444 | SLOW    |     2.314 | FAST    |
S_B_i[0][3][0] | S_C_o[0][3][0] |     4.277 | SLOW    |     2.217 | FAST    |
S_B_i[0][3][0] | S_C_o[0][3][1] |     4.294 | SLOW    |     2.223 | FAST    |
S_B_i[0][3][0] | S_C_o[0][3][2] |     4.272 | SLOW    |     2.209 | FAST    |
S_B_i[0][3][0] | S_C_o[0][3][3] |     4.516 | SLOW    |     2.340 | FAST    |
S_B_i[0][3][0] | S_C_o[0][3][4] |     4.538 | SLOW    |     2.354 | FAST    |
S_B_i[0][3][0] | S_C_o[0][3][5] |     4.603 | SLOW    |     2.391 | FAST    |
S_B_i[0][3][0] | S_C_o[0][3][6] |     4.760 | SLOW    |     2.477 | FAST    |
S_B_i[0][3][0] | S_C_o[0][3][7] |     4.825 | SLOW    |     2.514 | FAST    |
S_B_i[0][3][0] | S_C_o[1][3][0] |     4.277 | SLOW    |     2.217 | FAST    |
S_B_i[0][3][0] | S_C_o[1][3][1] |     4.294 | SLOW    |     2.223 | FAST    |
S_B_i[0][3][0] | S_C_o[1][3][2] |     4.272 | SLOW    |     2.209 | FAST    |
S_B_i[0][3][0] | S_C_o[1][3][3] |     4.516 | SLOW    |     2.340 | FAST    |
S_B_i[0][3][0] | S_C_o[1][3][4] |     4.538 | SLOW    |     2.354 | FAST    |
S_B_i[0][3][0] | S_C_o[1][3][5] |     4.603 | SLOW    |     2.391 | FAST    |
S_B_i[0][3][0] | S_C_o[1][3][6] |     4.760 | SLOW    |     2.477 | FAST    |
S_B_i[0][3][0] | S_C_o[1][3][7] |     4.825 | SLOW    |     2.514 | FAST    |
S_B_i[0][3][0] | S_C_o[2][3][0] |     4.277 | SLOW    |     2.217 | FAST    |
S_B_i[0][3][0] | S_C_o[2][3][1] |     4.294 | SLOW    |     2.223 | FAST    |
S_B_i[0][3][0] | S_C_o[2][3][2] |     4.272 | SLOW    |     2.209 | FAST    |
S_B_i[0][3][0] | S_C_o[2][3][3] |     4.516 | SLOW    |     2.340 | FAST    |
S_B_i[0][3][0] | S_C_o[2][3][4] |     4.538 | SLOW    |     2.354 | FAST    |
S_B_i[0][3][0] | S_C_o[2][3][5] |     4.603 | SLOW    |     2.391 | FAST    |
S_B_i[0][3][0] | S_C_o[2][3][6] |     4.760 | SLOW    |     2.477 | FAST    |
S_B_i[0][3][0] | S_C_o[2][3][7] |     4.825 | SLOW    |     2.514 | FAST    |
S_B_i[0][3][0] | S_C_o[3][3][0] |     4.277 | SLOW    |     2.217 | FAST    |
S_B_i[0][3][0] | S_C_o[3][3][1] |     4.294 | SLOW    |     2.223 | FAST    |
S_B_i[0][3][0] | S_C_o[3][3][2] |     4.272 | SLOW    |     2.209 | FAST    |
S_B_i[0][3][0] | S_C_o[3][3][3] |     4.516 | SLOW    |     2.340 | FAST    |
S_B_i[0][3][0] | S_C_o[3][3][4] |     4.538 | SLOW    |     2.354 | FAST    |
S_B_i[0][3][0] | S_C_o[3][3][5] |     4.603 | SLOW    |     2.391 | FAST    |
S_B_i[0][3][0] | S_C_o[3][3][6] |     4.760 | SLOW    |     2.477 | FAST    |
S_B_i[0][3][0] | S_C_o[3][3][7] |     4.825 | SLOW    |     2.514 | FAST    |
S_B_i[0][3][0] | S_C_o[4][3][0] |     4.277 | SLOW    |     2.217 | FAST    |
S_B_i[0][3][0] | S_C_o[4][3][1] |     4.294 | SLOW    |     2.223 | FAST    |
S_B_i[0][3][0] | S_C_o[4][3][2] |     4.272 | SLOW    |     2.209 | FAST    |
S_B_i[0][3][0] | S_C_o[4][3][3] |     4.516 | SLOW    |     2.340 | FAST    |
S_B_i[0][3][0] | S_C_o[4][3][4] |     4.538 | SLOW    |     2.354 | FAST    |
S_B_i[0][3][0] | S_C_o[4][3][5] |     4.603 | SLOW    |     2.391 | FAST    |
S_B_i[0][3][0] | S_C_o[4][3][6] |     4.760 | SLOW    |     2.477 | FAST    |
S_B_i[0][3][0] | S_C_o[4][3][7] |     4.825 | SLOW    |     2.514 | FAST    |
S_B_i[0][3][0] | S_C_o[5][3][0] |     4.277 | SLOW    |     2.217 | FAST    |
S_B_i[0][3][0] | S_C_o[5][3][1] |     4.294 | SLOW    |     2.223 | FAST    |
S_B_i[0][3][0] | S_C_o[5][3][2] |     4.272 | SLOW    |     2.209 | FAST    |
S_B_i[0][3][0] | S_C_o[5][3][3] |     4.516 | SLOW    |     2.340 | FAST    |
S_B_i[0][3][0] | S_C_o[5][3][4] |     4.538 | SLOW    |     2.354 | FAST    |
S_B_i[0][3][0] | S_C_o[5][3][5] |     4.603 | SLOW    |     2.391 | FAST    |
S_B_i[0][3][0] | S_C_o[5][3][6] |     4.760 | SLOW    |     2.477 | FAST    |
S_B_i[0][3][0] | S_C_o[5][3][7] |     4.825 | SLOW    |     2.514 | FAST    |
S_B_i[0][3][0] | S_C_o[6][3][0] |     4.277 | SLOW    |     2.217 | FAST    |
S_B_i[0][3][0] | S_C_o[6][3][1] |     4.294 | SLOW    |     2.223 | FAST    |
S_B_i[0][3][0] | S_C_o[6][3][2] |     4.272 | SLOW    |     2.209 | FAST    |
S_B_i[0][3][0] | S_C_o[6][3][3] |     4.516 | SLOW    |     2.340 | FAST    |
S_B_i[0][3][0] | S_C_o[6][3][4] |     4.538 | SLOW    |     2.354 | FAST    |
S_B_i[0][3][0] | S_C_o[6][3][5] |     4.603 | SLOW    |     2.391 | FAST    |
S_B_i[0][3][0] | S_C_o[6][3][6] |     4.760 | SLOW    |     2.477 | FAST    |
S_B_i[0][3][0] | S_C_o[6][3][7] |     4.825 | SLOW    |     2.514 | FAST    |
S_B_i[0][3][0] | S_C_o[7][3][0] |     4.277 | SLOW    |     2.217 | FAST    |
S_B_i[0][3][0] | S_C_o[7][3][1] |     4.294 | SLOW    |     2.223 | FAST    |
S_B_i[0][3][0] | S_C_o[7][3][2] |     4.272 | SLOW    |     2.209 | FAST    |
S_B_i[0][3][0] | S_C_o[7][3][3] |     4.516 | SLOW    |     2.340 | FAST    |
S_B_i[0][3][0] | S_C_o[7][3][4] |     4.538 | SLOW    |     2.354 | FAST    |
S_B_i[0][3][0] | S_C_o[7][3][5] |     4.603 | SLOW    |     2.391 | FAST    |
S_B_i[0][3][0] | S_C_o[7][3][6] |     4.760 | SLOW    |     2.477 | FAST    |
S_B_i[0][3][0] | S_C_o[7][3][7] |     4.825 | SLOW    |     2.514 | FAST    |
S_B_i[0][3][1] | S_C_o[0][3][1] |     4.301 | SLOW    |     2.233 | FAST    |
S_B_i[0][3][1] | S_C_o[0][3][2] |     4.265 | SLOW    |     2.205 | FAST    |
S_B_i[0][3][1] | S_C_o[0][3][3] |     4.482 | SLOW    |     2.327 | FAST    |
S_B_i[0][3][1] | S_C_o[0][3][4] |     4.504 | SLOW    |     2.341 | FAST    |
S_B_i[0][3][1] | S_C_o[0][3][5] |     4.569 | SLOW    |     2.378 | FAST    |
S_B_i[0][3][1] | S_C_o[0][3][6] |     4.726 | SLOW    |     2.464 | FAST    |
S_B_i[0][3][1] | S_C_o[0][3][7] |     4.791 | SLOW    |     2.501 | FAST    |
S_B_i[0][3][1] | S_C_o[1][3][1] |     4.301 | SLOW    |     2.233 | FAST    |
S_B_i[0][3][1] | S_C_o[1][3][2] |     4.265 | SLOW    |     2.205 | FAST    |
S_B_i[0][3][1] | S_C_o[1][3][3] |     4.482 | SLOW    |     2.327 | FAST    |
S_B_i[0][3][1] | S_C_o[1][3][4] |     4.504 | SLOW    |     2.341 | FAST    |
S_B_i[0][3][1] | S_C_o[1][3][5] |     4.569 | SLOW    |     2.378 | FAST    |
S_B_i[0][3][1] | S_C_o[1][3][6] |     4.726 | SLOW    |     2.464 | FAST    |
S_B_i[0][3][1] | S_C_o[1][3][7] |     4.791 | SLOW    |     2.501 | FAST    |
S_B_i[0][3][1] | S_C_o[2][3][1] |     4.301 | SLOW    |     2.233 | FAST    |
S_B_i[0][3][1] | S_C_o[2][3][2] |     4.265 | SLOW    |     2.205 | FAST    |
S_B_i[0][3][1] | S_C_o[2][3][3] |     4.482 | SLOW    |     2.327 | FAST    |
S_B_i[0][3][1] | S_C_o[2][3][4] |     4.504 | SLOW    |     2.341 | FAST    |
S_B_i[0][3][1] | S_C_o[2][3][5] |     4.569 | SLOW    |     2.378 | FAST    |
S_B_i[0][3][1] | S_C_o[2][3][6] |     4.726 | SLOW    |     2.464 | FAST    |
S_B_i[0][3][1] | S_C_o[2][3][7] |     4.791 | SLOW    |     2.501 | FAST    |
S_B_i[0][3][1] | S_C_o[3][3][1] |     4.301 | SLOW    |     2.233 | FAST    |
S_B_i[0][3][1] | S_C_o[3][3][2] |     4.265 | SLOW    |     2.205 | FAST    |
S_B_i[0][3][1] | S_C_o[3][3][3] |     4.482 | SLOW    |     2.327 | FAST    |
S_B_i[0][3][1] | S_C_o[3][3][4] |     4.504 | SLOW    |     2.341 | FAST    |
S_B_i[0][3][1] | S_C_o[3][3][5] |     4.569 | SLOW    |     2.378 | FAST    |
S_B_i[0][3][1] | S_C_o[3][3][6] |     4.726 | SLOW    |     2.464 | FAST    |
S_B_i[0][3][1] | S_C_o[3][3][7] |     4.791 | SLOW    |     2.501 | FAST    |
S_B_i[0][3][1] | S_C_o[4][3][1] |     4.301 | SLOW    |     2.233 | FAST    |
S_B_i[0][3][1] | S_C_o[4][3][2] |     4.265 | SLOW    |     2.205 | FAST    |
S_B_i[0][3][1] | S_C_o[4][3][3] |     4.482 | SLOW    |     2.327 | FAST    |
S_B_i[0][3][1] | S_C_o[4][3][4] |     4.504 | SLOW    |     2.341 | FAST    |
S_B_i[0][3][1] | S_C_o[4][3][5] |     4.569 | SLOW    |     2.378 | FAST    |
S_B_i[0][3][1] | S_C_o[4][3][6] |     4.726 | SLOW    |     2.464 | FAST    |
S_B_i[0][3][1] | S_C_o[4][3][7] |     4.791 | SLOW    |     2.501 | FAST    |
S_B_i[0][3][1] | S_C_o[5][3][1] |     4.301 | SLOW    |     2.233 | FAST    |
S_B_i[0][3][1] | S_C_o[5][3][2] |     4.265 | SLOW    |     2.205 | FAST    |
S_B_i[0][3][1] | S_C_o[5][3][3] |     4.482 | SLOW    |     2.327 | FAST    |
S_B_i[0][3][1] | S_C_o[5][3][4] |     4.504 | SLOW    |     2.341 | FAST    |
S_B_i[0][3][1] | S_C_o[5][3][5] |     4.569 | SLOW    |     2.378 | FAST    |
S_B_i[0][3][1] | S_C_o[5][3][6] |     4.726 | SLOW    |     2.464 | FAST    |
S_B_i[0][3][1] | S_C_o[5][3][7] |     4.791 | SLOW    |     2.501 | FAST    |
S_B_i[0][3][1] | S_C_o[6][3][1] |     4.301 | SLOW    |     2.233 | FAST    |
S_B_i[0][3][1] | S_C_o[6][3][2] |     4.265 | SLOW    |     2.205 | FAST    |
S_B_i[0][3][1] | S_C_o[6][3][3] |     4.482 | SLOW    |     2.327 | FAST    |
S_B_i[0][3][1] | S_C_o[6][3][4] |     4.504 | SLOW    |     2.341 | FAST    |
S_B_i[0][3][1] | S_C_o[6][3][5] |     4.569 | SLOW    |     2.378 | FAST    |
S_B_i[0][3][1] | S_C_o[6][3][6] |     4.726 | SLOW    |     2.464 | FAST    |
S_B_i[0][3][1] | S_C_o[6][3][7] |     4.791 | SLOW    |     2.501 | FAST    |
S_B_i[0][3][1] | S_C_o[7][3][1] |     4.301 | SLOW    |     2.233 | FAST    |
S_B_i[0][3][1] | S_C_o[7][3][2] |     4.265 | SLOW    |     2.205 | FAST    |
S_B_i[0][3][1] | S_C_o[7][3][3] |     4.482 | SLOW    |     2.327 | FAST    |
S_B_i[0][3][1] | S_C_o[7][3][4] |     4.504 | SLOW    |     2.341 | FAST    |
S_B_i[0][3][1] | S_C_o[7][3][5] |     4.569 | SLOW    |     2.378 | FAST    |
S_B_i[0][3][1] | S_C_o[7][3][6] |     4.726 | SLOW    |     2.464 | FAST    |
S_B_i[0][3][1] | S_C_o[7][3][7] |     4.791 | SLOW    |     2.501 | FAST    |
S_B_i[0][3][2] | S_C_o[0][3][2] |     4.261 | SLOW    |     2.209 | FAST    |
S_B_i[0][3][2] | S_C_o[0][3][3] |     4.468 | SLOW    |     2.315 | FAST    |
S_B_i[0][3][2] | S_C_o[0][3][4] |     4.490 | SLOW    |     2.329 | FAST    |
S_B_i[0][3][2] | S_C_o[0][3][5] |     4.555 | SLOW    |     2.366 | FAST    |
S_B_i[0][3][2] | S_C_o[0][3][6] |     4.712 | SLOW    |     2.452 | FAST    |
S_B_i[0][3][2] | S_C_o[0][3][7] |     4.777 | SLOW    |     2.489 | FAST    |
S_B_i[0][3][2] | S_C_o[1][3][2] |     4.261 | SLOW    |     2.209 | FAST    |
S_B_i[0][3][2] | S_C_o[1][3][3] |     4.468 | SLOW    |     2.315 | FAST    |
S_B_i[0][3][2] | S_C_o[1][3][4] |     4.490 | SLOW    |     2.329 | FAST    |
S_B_i[0][3][2] | S_C_o[1][3][5] |     4.555 | SLOW    |     2.366 | FAST    |
S_B_i[0][3][2] | S_C_o[1][3][6] |     4.712 | SLOW    |     2.452 | FAST    |
S_B_i[0][3][2] | S_C_o[1][3][7] |     4.777 | SLOW    |     2.489 | FAST    |
S_B_i[0][3][2] | S_C_o[2][3][2] |     4.261 | SLOW    |     2.209 | FAST    |
S_B_i[0][3][2] | S_C_o[2][3][3] |     4.468 | SLOW    |     2.315 | FAST    |
S_B_i[0][3][2] | S_C_o[2][3][4] |     4.490 | SLOW    |     2.329 | FAST    |
S_B_i[0][3][2] | S_C_o[2][3][5] |     4.555 | SLOW    |     2.366 | FAST    |
S_B_i[0][3][2] | S_C_o[2][3][6] |     4.712 | SLOW    |     2.452 | FAST    |
S_B_i[0][3][2] | S_C_o[2][3][7] |     4.777 | SLOW    |     2.489 | FAST    |
S_B_i[0][3][2] | S_C_o[3][3][2] |     4.261 | SLOW    |     2.209 | FAST    |
S_B_i[0][3][2] | S_C_o[3][3][3] |     4.468 | SLOW    |     2.315 | FAST    |
S_B_i[0][3][2] | S_C_o[3][3][4] |     4.490 | SLOW    |     2.329 | FAST    |
S_B_i[0][3][2] | S_C_o[3][3][5] |     4.555 | SLOW    |     2.366 | FAST    |
S_B_i[0][3][2] | S_C_o[3][3][6] |     4.712 | SLOW    |     2.452 | FAST    |
S_B_i[0][3][2] | S_C_o[3][3][7] |     4.777 | SLOW    |     2.489 | FAST    |
S_B_i[0][3][2] | S_C_o[4][3][2] |     4.261 | SLOW    |     2.209 | FAST    |
S_B_i[0][3][2] | S_C_o[4][3][3] |     4.468 | SLOW    |     2.315 | FAST    |
S_B_i[0][3][2] | S_C_o[4][3][4] |     4.490 | SLOW    |     2.329 | FAST    |
S_B_i[0][3][2] | S_C_o[4][3][5] |     4.555 | SLOW    |     2.366 | FAST    |
S_B_i[0][3][2] | S_C_o[4][3][6] |     4.712 | SLOW    |     2.452 | FAST    |
S_B_i[0][3][2] | S_C_o[4][3][7] |     4.777 | SLOW    |     2.489 | FAST    |
S_B_i[0][3][2] | S_C_o[5][3][2] |     4.261 | SLOW    |     2.209 | FAST    |
S_B_i[0][3][2] | S_C_o[5][3][3] |     4.468 | SLOW    |     2.315 | FAST    |
S_B_i[0][3][2] | S_C_o[5][3][4] |     4.490 | SLOW    |     2.329 | FAST    |
S_B_i[0][3][2] | S_C_o[5][3][5] |     4.555 | SLOW    |     2.366 | FAST    |
S_B_i[0][3][2] | S_C_o[5][3][6] |     4.712 | SLOW    |     2.452 | FAST    |
S_B_i[0][3][2] | S_C_o[5][3][7] |     4.777 | SLOW    |     2.489 | FAST    |
S_B_i[0][3][2] | S_C_o[6][3][2] |     4.261 | SLOW    |     2.209 | FAST    |
S_B_i[0][3][2] | S_C_o[6][3][3] |     4.468 | SLOW    |     2.315 | FAST    |
S_B_i[0][3][2] | S_C_o[6][3][4] |     4.490 | SLOW    |     2.329 | FAST    |
S_B_i[0][3][2] | S_C_o[6][3][5] |     4.555 | SLOW    |     2.366 | FAST    |
S_B_i[0][3][2] | S_C_o[6][3][6] |     4.712 | SLOW    |     2.452 | FAST    |
S_B_i[0][3][2] | S_C_o[6][3][7] |     4.777 | SLOW    |     2.489 | FAST    |
S_B_i[0][3][2] | S_C_o[7][3][2] |     4.261 | SLOW    |     2.209 | FAST    |
S_B_i[0][3][2] | S_C_o[7][3][3] |     4.468 | SLOW    |     2.315 | FAST    |
S_B_i[0][3][2] | S_C_o[7][3][4] |     4.490 | SLOW    |     2.329 | FAST    |
S_B_i[0][3][2] | S_C_o[7][3][5] |     4.555 | SLOW    |     2.366 | FAST    |
S_B_i[0][3][2] | S_C_o[7][3][6] |     4.712 | SLOW    |     2.452 | FAST    |
S_B_i[0][3][2] | S_C_o[7][3][7] |     4.777 | SLOW    |     2.489 | FAST    |
S_B_i[0][3][3] | S_C_o[0][3][3] |     4.277 | SLOW    |     2.217 | FAST    |
S_B_i[0][3][3] | S_C_o[0][3][4] |     4.294 | SLOW    |     2.223 | FAST    |
S_B_i[0][3][3] | S_C_o[0][3][5] |     4.277 | SLOW    |     2.217 | FAST    |
S_B_i[0][3][3] | S_C_o[0][3][6] |     4.530 | SLOW    |     2.360 | FAST    |
S_B_i[0][3][3] | S_C_o[0][3][7] |     4.595 | SLOW    |     2.397 | FAST    |
S_B_i[0][3][3] | S_C_o[1][3][3] |     4.277 | SLOW    |     2.217 | FAST    |
S_B_i[0][3][3] | S_C_o[1][3][4] |     4.294 | SLOW    |     2.223 | FAST    |
S_B_i[0][3][3] | S_C_o[1][3][5] |     4.277 | SLOW    |     2.217 | FAST    |
S_B_i[0][3][3] | S_C_o[1][3][6] |     4.530 | SLOW    |     2.360 | FAST    |
S_B_i[0][3][3] | S_C_o[1][3][7] |     4.595 | SLOW    |     2.397 | FAST    |
S_B_i[0][3][3] | S_C_o[2][3][3] |     4.277 | SLOW    |     2.217 | FAST    |
S_B_i[0][3][3] | S_C_o[2][3][4] |     4.294 | SLOW    |     2.223 | FAST    |
S_B_i[0][3][3] | S_C_o[2][3][5] |     4.277 | SLOW    |     2.217 | FAST    |
S_B_i[0][3][3] | S_C_o[2][3][6] |     4.530 | SLOW    |     2.360 | FAST    |
S_B_i[0][3][3] | S_C_o[2][3][7] |     4.595 | SLOW    |     2.397 | FAST    |
S_B_i[0][3][3] | S_C_o[3][3][3] |     4.277 | SLOW    |     2.217 | FAST    |
S_B_i[0][3][3] | S_C_o[3][3][4] |     4.294 | SLOW    |     2.223 | FAST    |
S_B_i[0][3][3] | S_C_o[3][3][5] |     4.277 | SLOW    |     2.217 | FAST    |
S_B_i[0][3][3] | S_C_o[3][3][6] |     4.530 | SLOW    |     2.360 | FAST    |
S_B_i[0][3][3] | S_C_o[3][3][7] |     4.595 | SLOW    |     2.397 | FAST    |
S_B_i[0][3][3] | S_C_o[4][3][3] |     4.277 | SLOW    |     2.217 | FAST    |
S_B_i[0][3][3] | S_C_o[4][3][4] |     4.294 | SLOW    |     2.223 | FAST    |
S_B_i[0][3][3] | S_C_o[4][3][5] |     4.277 | SLOW    |     2.217 | FAST    |
S_B_i[0][3][3] | S_C_o[4][3][6] |     4.530 | SLOW    |     2.360 | FAST    |
S_B_i[0][3][3] | S_C_o[4][3][7] |     4.595 | SLOW    |     2.397 | FAST    |
S_B_i[0][3][3] | S_C_o[5][3][3] |     4.277 | SLOW    |     2.217 | FAST    |
S_B_i[0][3][3] | S_C_o[5][3][4] |     4.294 | SLOW    |     2.223 | FAST    |
S_B_i[0][3][3] | S_C_o[5][3][5] |     4.277 | SLOW    |     2.217 | FAST    |
S_B_i[0][3][3] | S_C_o[5][3][6] |     4.530 | SLOW    |     2.360 | FAST    |
S_B_i[0][3][3] | S_C_o[5][3][7] |     4.595 | SLOW    |     2.397 | FAST    |
S_B_i[0][3][3] | S_C_o[6][3][3] |     4.277 | SLOW    |     2.217 | FAST    |
S_B_i[0][3][3] | S_C_o[6][3][4] |     4.294 | SLOW    |     2.223 | FAST    |
S_B_i[0][3][3] | S_C_o[6][3][5] |     4.277 | SLOW    |     2.217 | FAST    |
S_B_i[0][3][3] | S_C_o[6][3][6] |     4.530 | SLOW    |     2.360 | FAST    |
S_B_i[0][3][3] | S_C_o[6][3][7] |     4.595 | SLOW    |     2.397 | FAST    |
S_B_i[0][3][3] | S_C_o[7][3][3] |     4.277 | SLOW    |     2.217 | FAST    |
S_B_i[0][3][3] | S_C_o[7][3][4] |     4.294 | SLOW    |     2.223 | FAST    |
S_B_i[0][3][3] | S_C_o[7][3][5] |     4.277 | SLOW    |     2.217 | FAST    |
S_B_i[0][3][3] | S_C_o[7][3][6] |     4.530 | SLOW    |     2.360 | FAST    |
S_B_i[0][3][3] | S_C_o[7][3][7] |     4.595 | SLOW    |     2.397 | FAST    |
S_B_i[0][3][4] | S_C_o[0][3][4] |     4.301 | SLOW    |     2.233 | FAST    |
S_B_i[0][3][4] | S_C_o[0][3][5] |     4.265 | SLOW    |     2.205 | FAST    |
S_B_i[0][3][4] | S_C_o[0][3][6] |     4.509 | SLOW    |     2.342 | FAST    |
S_B_i[0][3][4] | S_C_o[0][3][7] |     4.574 | SLOW    |     2.379 | FAST    |
S_B_i[0][3][4] | S_C_o[1][3][4] |     4.301 | SLOW    |     2.233 | FAST    |
S_B_i[0][3][4] | S_C_o[1][3][5] |     4.265 | SLOW    |     2.205 | FAST    |
S_B_i[0][3][4] | S_C_o[1][3][6] |     4.509 | SLOW    |     2.342 | FAST    |
S_B_i[0][3][4] | S_C_o[1][3][7] |     4.574 | SLOW    |     2.379 | FAST    |
S_B_i[0][3][4] | S_C_o[2][3][4] |     4.301 | SLOW    |     2.233 | FAST    |
S_B_i[0][3][4] | S_C_o[2][3][5] |     4.265 | SLOW    |     2.205 | FAST    |
S_B_i[0][3][4] | S_C_o[2][3][6] |     4.509 | SLOW    |     2.342 | FAST    |
S_B_i[0][3][4] | S_C_o[2][3][7] |     4.574 | SLOW    |     2.379 | FAST    |
S_B_i[0][3][4] | S_C_o[3][3][4] |     4.301 | SLOW    |     2.233 | FAST    |
S_B_i[0][3][4] | S_C_o[3][3][5] |     4.265 | SLOW    |     2.205 | FAST    |
S_B_i[0][3][4] | S_C_o[3][3][6] |     4.509 | SLOW    |     2.342 | FAST    |
S_B_i[0][3][4] | S_C_o[3][3][7] |     4.574 | SLOW    |     2.379 | FAST    |
S_B_i[0][3][4] | S_C_o[4][3][4] |     4.301 | SLOW    |     2.233 | FAST    |
S_B_i[0][3][4] | S_C_o[4][3][5] |     4.265 | SLOW    |     2.205 | FAST    |
S_B_i[0][3][4] | S_C_o[4][3][6] |     4.509 | SLOW    |     2.342 | FAST    |
S_B_i[0][3][4] | S_C_o[4][3][7] |     4.574 | SLOW    |     2.379 | FAST    |
S_B_i[0][3][4] | S_C_o[5][3][4] |     4.301 | SLOW    |     2.233 | FAST    |
S_B_i[0][3][4] | S_C_o[5][3][5] |     4.265 | SLOW    |     2.205 | FAST    |
S_B_i[0][3][4] | S_C_o[5][3][6] |     4.509 | SLOW    |     2.342 | FAST    |
S_B_i[0][3][4] | S_C_o[5][3][7] |     4.574 | SLOW    |     2.379 | FAST    |
S_B_i[0][3][4] | S_C_o[6][3][4] |     4.301 | SLOW    |     2.233 | FAST    |
S_B_i[0][3][4] | S_C_o[6][3][5] |     4.265 | SLOW    |     2.205 | FAST    |
S_B_i[0][3][4] | S_C_o[6][3][6] |     4.509 | SLOW    |     2.342 | FAST    |
S_B_i[0][3][4] | S_C_o[6][3][7] |     4.574 | SLOW    |     2.379 | FAST    |
S_B_i[0][3][4] | S_C_o[7][3][4] |     4.301 | SLOW    |     2.233 | FAST    |
S_B_i[0][3][4] | S_C_o[7][3][5] |     4.265 | SLOW    |     2.205 | FAST    |
S_B_i[0][3][4] | S_C_o[7][3][6] |     4.509 | SLOW    |     2.342 | FAST    |
S_B_i[0][3][4] | S_C_o[7][3][7] |     4.574 | SLOW    |     2.379 | FAST    |
S_B_i[0][3][5] | S_C_o[0][3][5] |     4.468 | SLOW    |     2.326 | FAST    |
S_B_i[0][3][5] | S_C_o[0][3][6] |     4.287 | SLOW    |     2.219 | FAST    |
S_B_i[0][3][5] | S_C_o[0][3][7] |     4.265 | SLOW    |     2.205 | FAST    |
S_B_i[0][3][5] | S_C_o[1][3][5] |     4.468 | SLOW    |     2.326 | FAST    |
S_B_i[0][3][5] | S_C_o[1][3][6] |     4.287 | SLOW    |     2.219 | FAST    |
S_B_i[0][3][5] | S_C_o[1][3][7] |     4.265 | SLOW    |     2.205 | FAST    |
S_B_i[0][3][5] | S_C_o[2][3][5] |     4.468 | SLOW    |     2.326 | FAST    |
S_B_i[0][3][5] | S_C_o[2][3][6] |     4.287 | SLOW    |     2.219 | FAST    |
S_B_i[0][3][5] | S_C_o[2][3][7] |     4.265 | SLOW    |     2.205 | FAST    |
S_B_i[0][3][5] | S_C_o[3][3][5] |     4.468 | SLOW    |     2.326 | FAST    |
S_B_i[0][3][5] | S_C_o[3][3][6] |     4.287 | SLOW    |     2.219 | FAST    |
S_B_i[0][3][5] | S_C_o[3][3][7] |     4.265 | SLOW    |     2.205 | FAST    |
S_B_i[0][3][5] | S_C_o[4][3][5] |     4.468 | SLOW    |     2.326 | FAST    |
S_B_i[0][3][5] | S_C_o[4][3][6] |     4.287 | SLOW    |     2.219 | FAST    |
S_B_i[0][3][5] | S_C_o[4][3][7] |     4.265 | SLOW    |     2.205 | FAST    |
S_B_i[0][3][5] | S_C_o[5][3][5] |     4.468 | SLOW    |     2.326 | FAST    |
S_B_i[0][3][5] | S_C_o[5][3][6] |     4.287 | SLOW    |     2.219 | FAST    |
S_B_i[0][3][5] | S_C_o[5][3][7] |     4.265 | SLOW    |     2.205 | FAST    |
S_B_i[0][3][5] | S_C_o[6][3][5] |     4.468 | SLOW    |     2.326 | FAST    |
S_B_i[0][3][5] | S_C_o[6][3][6] |     4.287 | SLOW    |     2.219 | FAST    |
S_B_i[0][3][5] | S_C_o[6][3][7] |     4.265 | SLOW    |     2.205 | FAST    |
S_B_i[0][3][5] | S_C_o[7][3][5] |     4.468 | SLOW    |     2.326 | FAST    |
S_B_i[0][3][5] | S_C_o[7][3][6] |     4.287 | SLOW    |     2.219 | FAST    |
S_B_i[0][3][5] | S_C_o[7][3][7] |     4.265 | SLOW    |     2.205 | FAST    |
S_B_i[0][3][6] | S_C_o[0][3][6] |     4.292 | SLOW    |     2.229 | FAST    |
S_B_i[0][3][6] | S_C_o[0][3][7] |     4.261 | SLOW    |     2.209 | FAST    |
S_B_i[0][3][6] | S_C_o[1][3][6] |     4.292 | SLOW    |     2.229 | FAST    |
S_B_i[0][3][6] | S_C_o[1][3][7] |     4.261 | SLOW    |     2.209 | FAST    |
S_B_i[0][3][6] | S_C_o[2][3][6] |     4.292 | SLOW    |     2.229 | FAST    |
S_B_i[0][3][6] | S_C_o[2][3][7] |     4.261 | SLOW    |     2.209 | FAST    |
S_B_i[0][3][6] | S_C_o[3][3][6] |     4.292 | SLOW    |     2.229 | FAST    |
S_B_i[0][3][6] | S_C_o[3][3][7] |     4.261 | SLOW    |     2.209 | FAST    |
S_B_i[0][3][6] | S_C_o[4][3][6] |     4.292 | SLOW    |     2.229 | FAST    |
S_B_i[0][3][6] | S_C_o[4][3][7] |     4.261 | SLOW    |     2.209 | FAST    |
S_B_i[0][3][6] | S_C_o[5][3][6] |     4.292 | SLOW    |     2.229 | FAST    |
S_B_i[0][3][6] | S_C_o[5][3][7] |     4.261 | SLOW    |     2.209 | FAST    |
S_B_i[0][3][6] | S_C_o[6][3][6] |     4.292 | SLOW    |     2.229 | FAST    |
S_B_i[0][3][6] | S_C_o[6][3][7] |     4.261 | SLOW    |     2.209 | FAST    |
S_B_i[0][3][6] | S_C_o[7][3][6] |     4.292 | SLOW    |     2.229 | FAST    |
S_B_i[0][3][6] | S_C_o[7][3][7] |     4.261 | SLOW    |     2.209 | FAST    |
S_B_i[0][3][7] | S_C_o[0][3][7] |     4.444 | SLOW    |     2.314 | FAST    |
S_B_i[0][3][7] | S_C_o[1][3][7] |     4.444 | SLOW    |     2.314 | FAST    |
S_B_i[0][3][7] | S_C_o[2][3][7] |     4.444 | SLOW    |     2.314 | FAST    |
S_B_i[0][3][7] | S_C_o[3][3][7] |     4.444 | SLOW    |     2.314 | FAST    |
S_B_i[0][3][7] | S_C_o[4][3][7] |     4.444 | SLOW    |     2.314 | FAST    |
S_B_i[0][3][7] | S_C_o[5][3][7] |     4.444 | SLOW    |     2.314 | FAST    |
S_B_i[0][3][7] | S_C_o[6][3][7] |     4.444 | SLOW    |     2.314 | FAST    |
S_B_i[0][3][7] | S_C_o[7][3][7] |     4.444 | SLOW    |     2.314 | FAST    |
S_B_i[0][4][0] | S_C_o[0][4][0] |     4.277 | SLOW    |     2.217 | FAST    |
S_B_i[0][4][0] | S_C_o[0][4][1] |     4.294 | SLOW    |     2.223 | FAST    |
S_B_i[0][4][0] | S_C_o[0][4][2] |     4.272 | SLOW    |     2.209 | FAST    |
S_B_i[0][4][0] | S_C_o[0][4][3] |     4.516 | SLOW    |     2.340 | FAST    |
S_B_i[0][4][0] | S_C_o[0][4][4] |     4.538 | SLOW    |     2.354 | FAST    |
S_B_i[0][4][0] | S_C_o[0][4][5] |     4.603 | SLOW    |     2.391 | FAST    |
S_B_i[0][4][0] | S_C_o[0][4][6] |     4.760 | SLOW    |     2.477 | FAST    |
S_B_i[0][4][0] | S_C_o[0][4][7] |     4.825 | SLOW    |     2.514 | FAST    |
S_B_i[0][4][0] | S_C_o[1][4][0] |     4.277 | SLOW    |     2.217 | FAST    |
S_B_i[0][4][0] | S_C_o[1][4][1] |     4.294 | SLOW    |     2.223 | FAST    |
S_B_i[0][4][0] | S_C_o[1][4][2] |     4.272 | SLOW    |     2.209 | FAST    |
S_B_i[0][4][0] | S_C_o[1][4][3] |     4.516 | SLOW    |     2.340 | FAST    |
S_B_i[0][4][0] | S_C_o[1][4][4] |     4.538 | SLOW    |     2.354 | FAST    |
S_B_i[0][4][0] | S_C_o[1][4][5] |     4.603 | SLOW    |     2.391 | FAST    |
S_B_i[0][4][0] | S_C_o[1][4][6] |     4.760 | SLOW    |     2.477 | FAST    |
S_B_i[0][4][0] | S_C_o[1][4][7] |     4.825 | SLOW    |     2.514 | FAST    |
S_B_i[0][4][0] | S_C_o[2][4][0] |     4.277 | SLOW    |     2.217 | FAST    |
S_B_i[0][4][0] | S_C_o[2][4][1] |     4.294 | SLOW    |     2.223 | FAST    |
S_B_i[0][4][0] | S_C_o[2][4][2] |     4.272 | SLOW    |     2.209 | FAST    |
S_B_i[0][4][0] | S_C_o[2][4][3] |     4.516 | SLOW    |     2.340 | FAST    |
S_B_i[0][4][0] | S_C_o[2][4][4] |     4.538 | SLOW    |     2.354 | FAST    |
S_B_i[0][4][0] | S_C_o[2][4][5] |     4.603 | SLOW    |     2.391 | FAST    |
S_B_i[0][4][0] | S_C_o[2][4][6] |     4.760 | SLOW    |     2.477 | FAST    |
S_B_i[0][4][0] | S_C_o[2][4][7] |     4.825 | SLOW    |     2.514 | FAST    |
S_B_i[0][4][0] | S_C_o[3][4][0] |     4.277 | SLOW    |     2.217 | FAST    |
S_B_i[0][4][0] | S_C_o[3][4][1] |     4.294 | SLOW    |     2.223 | FAST    |
S_B_i[0][4][0] | S_C_o[3][4][2] |     4.272 | SLOW    |     2.209 | FAST    |
S_B_i[0][4][0] | S_C_o[3][4][3] |     4.516 | SLOW    |     2.340 | FAST    |
S_B_i[0][4][0] | S_C_o[3][4][4] |     4.538 | SLOW    |     2.354 | FAST    |
S_B_i[0][4][0] | S_C_o[3][4][5] |     4.603 | SLOW    |     2.391 | FAST    |
S_B_i[0][4][0] | S_C_o[3][4][6] |     4.760 | SLOW    |     2.477 | FAST    |
S_B_i[0][4][0] | S_C_o[3][4][7] |     4.825 | SLOW    |     2.514 | FAST    |
S_B_i[0][4][0] | S_C_o[4][4][0] |     4.277 | SLOW    |     2.217 | FAST    |
S_B_i[0][4][0] | S_C_o[4][4][1] |     4.294 | SLOW    |     2.223 | FAST    |
S_B_i[0][4][0] | S_C_o[4][4][2] |     4.272 | SLOW    |     2.209 | FAST    |
S_B_i[0][4][0] | S_C_o[4][4][3] |     4.516 | SLOW    |     2.340 | FAST    |
S_B_i[0][4][0] | S_C_o[4][4][4] |     4.538 | SLOW    |     2.354 | FAST    |
S_B_i[0][4][0] | S_C_o[4][4][5] |     4.603 | SLOW    |     2.391 | FAST    |
S_B_i[0][4][0] | S_C_o[4][4][6] |     4.760 | SLOW    |     2.477 | FAST    |
S_B_i[0][4][0] | S_C_o[4][4][7] |     4.825 | SLOW    |     2.514 | FAST    |
S_B_i[0][4][0] | S_C_o[5][4][0] |     4.277 | SLOW    |     2.217 | FAST    |
S_B_i[0][4][0] | S_C_o[5][4][1] |     4.294 | SLOW    |     2.223 | FAST    |
S_B_i[0][4][0] | S_C_o[5][4][2] |     4.272 | SLOW    |     2.209 | FAST    |
S_B_i[0][4][0] | S_C_o[5][4][3] |     4.516 | SLOW    |     2.340 | FAST    |
S_B_i[0][4][0] | S_C_o[5][4][4] |     4.538 | SLOW    |     2.354 | FAST    |
S_B_i[0][4][0] | S_C_o[5][4][5] |     4.603 | SLOW    |     2.391 | FAST    |
S_B_i[0][4][0] | S_C_o[5][4][6] |     4.760 | SLOW    |     2.477 | FAST    |
S_B_i[0][4][0] | S_C_o[5][4][7] |     4.825 | SLOW    |     2.514 | FAST    |
S_B_i[0][4][0] | S_C_o[6][4][0] |     4.277 | SLOW    |     2.217 | FAST    |
S_B_i[0][4][0] | S_C_o[6][4][1] |     4.294 | SLOW    |     2.223 | FAST    |
S_B_i[0][4][0] | S_C_o[6][4][2] |     4.272 | SLOW    |     2.209 | FAST    |
S_B_i[0][4][0] | S_C_o[6][4][3] |     4.516 | SLOW    |     2.340 | FAST    |
S_B_i[0][4][0] | S_C_o[6][4][4] |     4.538 | SLOW    |     2.354 | FAST    |
S_B_i[0][4][0] | S_C_o[6][4][5] |     4.603 | SLOW    |     2.391 | FAST    |
S_B_i[0][4][0] | S_C_o[6][4][6] |     4.760 | SLOW    |     2.477 | FAST    |
S_B_i[0][4][0] | S_C_o[6][4][7] |     4.825 | SLOW    |     2.514 | FAST    |
S_B_i[0][4][0] | S_C_o[7][4][0] |     4.277 | SLOW    |     2.217 | FAST    |
S_B_i[0][4][0] | S_C_o[7][4][1] |     4.294 | SLOW    |     2.223 | FAST    |
S_B_i[0][4][0] | S_C_o[7][4][2] |     4.272 | SLOW    |     2.209 | FAST    |
S_B_i[0][4][0] | S_C_o[7][4][3] |     4.516 | SLOW    |     2.340 | FAST    |
S_B_i[0][4][0] | S_C_o[7][4][4] |     4.538 | SLOW    |     2.354 | FAST    |
S_B_i[0][4][0] | S_C_o[7][4][5] |     4.603 | SLOW    |     2.391 | FAST    |
S_B_i[0][4][0] | S_C_o[7][4][6] |     4.760 | SLOW    |     2.477 | FAST    |
S_B_i[0][4][0] | S_C_o[7][4][7] |     4.825 | SLOW    |     2.514 | FAST    |
S_B_i[0][4][1] | S_C_o[0][4][1] |     4.301 | SLOW    |     2.233 | FAST    |
S_B_i[0][4][1] | S_C_o[0][4][2] |     4.265 | SLOW    |     2.205 | FAST    |
S_B_i[0][4][1] | S_C_o[0][4][3] |     4.482 | SLOW    |     2.327 | FAST    |
S_B_i[0][4][1] | S_C_o[0][4][4] |     4.504 | SLOW    |     2.341 | FAST    |
S_B_i[0][4][1] | S_C_o[0][4][5] |     4.569 | SLOW    |     2.378 | FAST    |
S_B_i[0][4][1] | S_C_o[0][4][6] |     4.726 | SLOW    |     2.464 | FAST    |
S_B_i[0][4][1] | S_C_o[0][4][7] |     4.791 | SLOW    |     2.501 | FAST    |
S_B_i[0][4][1] | S_C_o[1][4][1] |     4.301 | SLOW    |     2.233 | FAST    |
S_B_i[0][4][1] | S_C_o[1][4][2] |     4.265 | SLOW    |     2.205 | FAST    |
S_B_i[0][4][1] | S_C_o[1][4][3] |     4.482 | SLOW    |     2.327 | FAST    |
S_B_i[0][4][1] | S_C_o[1][4][4] |     4.504 | SLOW    |     2.341 | FAST    |
S_B_i[0][4][1] | S_C_o[1][4][5] |     4.569 | SLOW    |     2.378 | FAST    |
S_B_i[0][4][1] | S_C_o[1][4][6] |     4.726 | SLOW    |     2.464 | FAST    |
S_B_i[0][4][1] | S_C_o[1][4][7] |     4.791 | SLOW    |     2.501 | FAST    |
S_B_i[0][4][1] | S_C_o[2][4][1] |     4.301 | SLOW    |     2.233 | FAST    |
S_B_i[0][4][1] | S_C_o[2][4][2] |     4.265 | SLOW    |     2.205 | FAST    |
S_B_i[0][4][1] | S_C_o[2][4][3] |     4.482 | SLOW    |     2.327 | FAST    |
S_B_i[0][4][1] | S_C_o[2][4][4] |     4.504 | SLOW    |     2.341 | FAST    |
S_B_i[0][4][1] | S_C_o[2][4][5] |     4.569 | SLOW    |     2.378 | FAST    |
S_B_i[0][4][1] | S_C_o[2][4][6] |     4.726 | SLOW    |     2.464 | FAST    |
S_B_i[0][4][1] | S_C_o[2][4][7] |     4.791 | SLOW    |     2.501 | FAST    |
S_B_i[0][4][1] | S_C_o[3][4][1] |     4.301 | SLOW    |     2.233 | FAST    |
S_B_i[0][4][1] | S_C_o[3][4][2] |     4.265 | SLOW    |     2.205 | FAST    |
S_B_i[0][4][1] | S_C_o[3][4][3] |     4.482 | SLOW    |     2.327 | FAST    |
S_B_i[0][4][1] | S_C_o[3][4][4] |     4.504 | SLOW    |     2.341 | FAST    |
S_B_i[0][4][1] | S_C_o[3][4][5] |     4.569 | SLOW    |     2.378 | FAST    |
S_B_i[0][4][1] | S_C_o[3][4][6] |     4.726 | SLOW    |     2.464 | FAST    |
S_B_i[0][4][1] | S_C_o[3][4][7] |     4.791 | SLOW    |     2.501 | FAST    |
S_B_i[0][4][1] | S_C_o[4][4][1] |     4.301 | SLOW    |     2.233 | FAST    |
S_B_i[0][4][1] | S_C_o[4][4][2] |     4.265 | SLOW    |     2.205 | FAST    |
S_B_i[0][4][1] | S_C_o[4][4][3] |     4.482 | SLOW    |     2.327 | FAST    |
S_B_i[0][4][1] | S_C_o[4][4][4] |     4.504 | SLOW    |     2.341 | FAST    |
S_B_i[0][4][1] | S_C_o[4][4][5] |     4.569 | SLOW    |     2.378 | FAST    |
S_B_i[0][4][1] | S_C_o[4][4][6] |     4.726 | SLOW    |     2.464 | FAST    |
S_B_i[0][4][1] | S_C_o[4][4][7] |     4.791 | SLOW    |     2.501 | FAST    |
S_B_i[0][4][1] | S_C_o[5][4][1] |     4.301 | SLOW    |     2.233 | FAST    |
S_B_i[0][4][1] | S_C_o[5][4][2] |     4.265 | SLOW    |     2.205 | FAST    |
S_B_i[0][4][1] | S_C_o[5][4][3] |     4.482 | SLOW    |     2.327 | FAST    |
S_B_i[0][4][1] | S_C_o[5][4][4] |     4.504 | SLOW    |     2.341 | FAST    |
S_B_i[0][4][1] | S_C_o[5][4][5] |     4.569 | SLOW    |     2.378 | FAST    |
S_B_i[0][4][1] | S_C_o[5][4][6] |     4.726 | SLOW    |     2.464 | FAST    |
S_B_i[0][4][1] | S_C_o[5][4][7] |     4.791 | SLOW    |     2.501 | FAST    |
S_B_i[0][4][1] | S_C_o[6][4][1] |     4.301 | SLOW    |     2.233 | FAST    |
S_B_i[0][4][1] | S_C_o[6][4][2] |     4.265 | SLOW    |     2.205 | FAST    |
S_B_i[0][4][1] | S_C_o[6][4][3] |     4.482 | SLOW    |     2.327 | FAST    |
S_B_i[0][4][1] | S_C_o[6][4][4] |     4.504 | SLOW    |     2.341 | FAST    |
S_B_i[0][4][1] | S_C_o[6][4][5] |     4.569 | SLOW    |     2.378 | FAST    |
S_B_i[0][4][1] | S_C_o[6][4][6] |     4.726 | SLOW    |     2.464 | FAST    |
S_B_i[0][4][1] | S_C_o[6][4][7] |     4.791 | SLOW    |     2.501 | FAST    |
S_B_i[0][4][1] | S_C_o[7][4][1] |     4.301 | SLOW    |     2.233 | FAST    |
S_B_i[0][4][1] | S_C_o[7][4][2] |     4.265 | SLOW    |     2.205 | FAST    |
S_B_i[0][4][1] | S_C_o[7][4][3] |     4.482 | SLOW    |     2.327 | FAST    |
S_B_i[0][4][1] | S_C_o[7][4][4] |     4.504 | SLOW    |     2.341 | FAST    |
S_B_i[0][4][1] | S_C_o[7][4][5] |     4.569 | SLOW    |     2.378 | FAST    |
S_B_i[0][4][1] | S_C_o[7][4][6] |     4.726 | SLOW    |     2.464 | FAST    |
S_B_i[0][4][1] | S_C_o[7][4][7] |     4.791 | SLOW    |     2.501 | FAST    |
S_B_i[0][4][2] | S_C_o[0][4][2] |     4.261 | SLOW    |     2.209 | FAST    |
S_B_i[0][4][2] | S_C_o[0][4][3] |     4.468 | SLOW    |     2.315 | FAST    |
S_B_i[0][4][2] | S_C_o[0][4][4] |     4.490 | SLOW    |     2.329 | FAST    |
S_B_i[0][4][2] | S_C_o[0][4][5] |     4.555 | SLOW    |     2.366 | FAST    |
S_B_i[0][4][2] | S_C_o[0][4][6] |     4.712 | SLOW    |     2.452 | FAST    |
S_B_i[0][4][2] | S_C_o[0][4][7] |     4.777 | SLOW    |     2.489 | FAST    |
S_B_i[0][4][2] | S_C_o[1][4][2] |     4.261 | SLOW    |     2.209 | FAST    |
S_B_i[0][4][2] | S_C_o[1][4][3] |     4.468 | SLOW    |     2.315 | FAST    |
S_B_i[0][4][2] | S_C_o[1][4][4] |     4.490 | SLOW    |     2.329 | FAST    |
S_B_i[0][4][2] | S_C_o[1][4][5] |     4.555 | SLOW    |     2.366 | FAST    |
S_B_i[0][4][2] | S_C_o[1][4][6] |     4.712 | SLOW    |     2.452 | FAST    |
S_B_i[0][4][2] | S_C_o[1][4][7] |     4.777 | SLOW    |     2.489 | FAST    |
S_B_i[0][4][2] | S_C_o[2][4][2] |     4.261 | SLOW    |     2.209 | FAST    |
S_B_i[0][4][2] | S_C_o[2][4][3] |     4.468 | SLOW    |     2.315 | FAST    |
S_B_i[0][4][2] | S_C_o[2][4][4] |     4.490 | SLOW    |     2.329 | FAST    |
S_B_i[0][4][2] | S_C_o[2][4][5] |     4.555 | SLOW    |     2.366 | FAST    |
S_B_i[0][4][2] | S_C_o[2][4][6] |     4.712 | SLOW    |     2.452 | FAST    |
S_B_i[0][4][2] | S_C_o[2][4][7] |     4.777 | SLOW    |     2.489 | FAST    |
S_B_i[0][4][2] | S_C_o[3][4][2] |     4.261 | SLOW    |     2.209 | FAST    |
S_B_i[0][4][2] | S_C_o[3][4][3] |     4.468 | SLOW    |     2.315 | FAST    |
S_B_i[0][4][2] | S_C_o[3][4][4] |     4.490 | SLOW    |     2.329 | FAST    |
S_B_i[0][4][2] | S_C_o[3][4][5] |     4.555 | SLOW    |     2.366 | FAST    |
S_B_i[0][4][2] | S_C_o[3][4][6] |     4.712 | SLOW    |     2.452 | FAST    |
S_B_i[0][4][2] | S_C_o[3][4][7] |     4.777 | SLOW    |     2.489 | FAST    |
S_B_i[0][4][2] | S_C_o[4][4][2] |     4.261 | SLOW    |     2.209 | FAST    |
S_B_i[0][4][2] | S_C_o[4][4][3] |     4.468 | SLOW    |     2.315 | FAST    |
S_B_i[0][4][2] | S_C_o[4][4][4] |     4.490 | SLOW    |     2.329 | FAST    |
S_B_i[0][4][2] | S_C_o[4][4][5] |     4.555 | SLOW    |     2.366 | FAST    |
S_B_i[0][4][2] | S_C_o[4][4][6] |     4.712 | SLOW    |     2.452 | FAST    |
S_B_i[0][4][2] | S_C_o[4][4][7] |     4.777 | SLOW    |     2.489 | FAST    |
S_B_i[0][4][2] | S_C_o[5][4][2] |     4.261 | SLOW    |     2.209 | FAST    |
S_B_i[0][4][2] | S_C_o[5][4][3] |     4.468 | SLOW    |     2.315 | FAST    |
S_B_i[0][4][2] | S_C_o[5][4][4] |     4.490 | SLOW    |     2.329 | FAST    |
S_B_i[0][4][2] | S_C_o[5][4][5] |     4.555 | SLOW    |     2.366 | FAST    |
S_B_i[0][4][2] | S_C_o[5][4][6] |     4.712 | SLOW    |     2.452 | FAST    |
S_B_i[0][4][2] | S_C_o[5][4][7] |     4.777 | SLOW    |     2.489 | FAST    |
S_B_i[0][4][2] | S_C_o[6][4][2] |     4.261 | SLOW    |     2.209 | FAST    |
S_B_i[0][4][2] | S_C_o[6][4][3] |     4.468 | SLOW    |     2.315 | FAST    |
S_B_i[0][4][2] | S_C_o[6][4][4] |     4.490 | SLOW    |     2.329 | FAST    |
S_B_i[0][4][2] | S_C_o[6][4][5] |     4.555 | SLOW    |     2.366 | FAST    |
S_B_i[0][4][2] | S_C_o[6][4][6] |     4.712 | SLOW    |     2.452 | FAST    |
S_B_i[0][4][2] | S_C_o[6][4][7] |     4.777 | SLOW    |     2.489 | FAST    |
S_B_i[0][4][2] | S_C_o[7][4][2] |     4.261 | SLOW    |     2.209 | FAST    |
S_B_i[0][4][2] | S_C_o[7][4][3] |     4.468 | SLOW    |     2.315 | FAST    |
S_B_i[0][4][2] | S_C_o[7][4][4] |     4.490 | SLOW    |     2.329 | FAST    |
S_B_i[0][4][2] | S_C_o[7][4][5] |     4.555 | SLOW    |     2.366 | FAST    |
S_B_i[0][4][2] | S_C_o[7][4][6] |     4.712 | SLOW    |     2.452 | FAST    |
S_B_i[0][4][2] | S_C_o[7][4][7] |     4.777 | SLOW    |     2.489 | FAST    |
S_B_i[0][4][3] | S_C_o[0][4][3] |     4.277 | SLOW    |     2.217 | FAST    |
S_B_i[0][4][3] | S_C_o[0][4][4] |     4.294 | SLOW    |     2.223 | FAST    |
S_B_i[0][4][3] | S_C_o[0][4][5] |     4.277 | SLOW    |     2.217 | FAST    |
S_B_i[0][4][3] | S_C_o[0][4][6] |     4.530 | SLOW    |     2.360 | FAST    |
S_B_i[0][4][3] | S_C_o[0][4][7] |     4.595 | SLOW    |     2.397 | FAST    |
S_B_i[0][4][3] | S_C_o[1][4][3] |     4.277 | SLOW    |     2.217 | FAST    |
S_B_i[0][4][3] | S_C_o[1][4][4] |     4.294 | SLOW    |     2.223 | FAST    |
S_B_i[0][4][3] | S_C_o[1][4][5] |     4.277 | SLOW    |     2.217 | FAST    |
S_B_i[0][4][3] | S_C_o[1][4][6] |     4.530 | SLOW    |     2.360 | FAST    |
S_B_i[0][4][3] | S_C_o[1][4][7] |     4.595 | SLOW    |     2.397 | FAST    |
S_B_i[0][4][3] | S_C_o[2][4][3] |     4.277 | SLOW    |     2.217 | FAST    |
S_B_i[0][4][3] | S_C_o[2][4][4] |     4.294 | SLOW    |     2.223 | FAST    |
S_B_i[0][4][3] | S_C_o[2][4][5] |     4.277 | SLOW    |     2.217 | FAST    |
S_B_i[0][4][3] | S_C_o[2][4][6] |     4.530 | SLOW    |     2.360 | FAST    |
S_B_i[0][4][3] | S_C_o[2][4][7] |     4.595 | SLOW    |     2.397 | FAST    |
S_B_i[0][4][3] | S_C_o[3][4][3] |     4.277 | SLOW    |     2.217 | FAST    |
S_B_i[0][4][3] | S_C_o[3][4][4] |     4.294 | SLOW    |     2.223 | FAST    |
S_B_i[0][4][3] | S_C_o[3][4][5] |     4.277 | SLOW    |     2.217 | FAST    |
S_B_i[0][4][3] | S_C_o[3][4][6] |     4.530 | SLOW    |     2.360 | FAST    |
S_B_i[0][4][3] | S_C_o[3][4][7] |     4.595 | SLOW    |     2.397 | FAST    |
S_B_i[0][4][3] | S_C_o[4][4][3] |     4.277 | SLOW    |     2.217 | FAST    |
S_B_i[0][4][3] | S_C_o[4][4][4] |     4.294 | SLOW    |     2.223 | FAST    |
S_B_i[0][4][3] | S_C_o[4][4][5] |     4.277 | SLOW    |     2.217 | FAST    |
S_B_i[0][4][3] | S_C_o[4][4][6] |     4.530 | SLOW    |     2.360 | FAST    |
S_B_i[0][4][3] | S_C_o[4][4][7] |     4.595 | SLOW    |     2.397 | FAST    |
S_B_i[0][4][3] | S_C_o[5][4][3] |     4.277 | SLOW    |     2.217 | FAST    |
S_B_i[0][4][3] | S_C_o[5][4][4] |     4.294 | SLOW    |     2.223 | FAST    |
S_B_i[0][4][3] | S_C_o[5][4][5] |     4.277 | SLOW    |     2.217 | FAST    |
S_B_i[0][4][3] | S_C_o[5][4][6] |     4.530 | SLOW    |     2.360 | FAST    |
S_B_i[0][4][3] | S_C_o[5][4][7] |     4.595 | SLOW    |     2.397 | FAST    |
S_B_i[0][4][3] | S_C_o[6][4][3] |     4.277 | SLOW    |     2.217 | FAST    |
S_B_i[0][4][3] | S_C_o[6][4][4] |     4.294 | SLOW    |     2.223 | FAST    |
S_B_i[0][4][3] | S_C_o[6][4][5] |     4.277 | SLOW    |     2.217 | FAST    |
S_B_i[0][4][3] | S_C_o[6][4][6] |     4.530 | SLOW    |     2.360 | FAST    |
S_B_i[0][4][3] | S_C_o[6][4][7] |     4.595 | SLOW    |     2.397 | FAST    |
S_B_i[0][4][3] | S_C_o[7][4][3] |     4.277 | SLOW    |     2.217 | FAST    |
S_B_i[0][4][3] | S_C_o[7][4][4] |     4.294 | SLOW    |     2.223 | FAST    |
S_B_i[0][4][3] | S_C_o[7][4][5] |     4.277 | SLOW    |     2.217 | FAST    |
S_B_i[0][4][3] | S_C_o[7][4][6] |     4.530 | SLOW    |     2.360 | FAST    |
S_B_i[0][4][3] | S_C_o[7][4][7] |     4.595 | SLOW    |     2.397 | FAST    |
S_B_i[0][4][4] | S_C_o[0][4][4] |     4.301 | SLOW    |     2.233 | FAST    |
S_B_i[0][4][4] | S_C_o[0][4][5] |     4.265 | SLOW    |     2.205 | FAST    |
S_B_i[0][4][4] | S_C_o[0][4][6] |     4.509 | SLOW    |     2.342 | FAST    |
S_B_i[0][4][4] | S_C_o[0][4][7] |     4.574 | SLOW    |     2.379 | FAST    |
S_B_i[0][4][4] | S_C_o[1][4][4] |     4.301 | SLOW    |     2.233 | FAST    |
S_B_i[0][4][4] | S_C_o[1][4][5] |     4.265 | SLOW    |     2.205 | FAST    |
S_B_i[0][4][4] | S_C_o[1][4][6] |     4.509 | SLOW    |     2.342 | FAST    |
S_B_i[0][4][4] | S_C_o[1][4][7] |     4.574 | SLOW    |     2.379 | FAST    |
S_B_i[0][4][4] | S_C_o[2][4][4] |     4.301 | SLOW    |     2.233 | FAST    |
S_B_i[0][4][4] | S_C_o[2][4][5] |     4.265 | SLOW    |     2.205 | FAST    |
S_B_i[0][4][4] | S_C_o[2][4][6] |     4.509 | SLOW    |     2.342 | FAST    |
S_B_i[0][4][4] | S_C_o[2][4][7] |     4.574 | SLOW    |     2.379 | FAST    |
S_B_i[0][4][4] | S_C_o[3][4][4] |     4.301 | SLOW    |     2.233 | FAST    |
S_B_i[0][4][4] | S_C_o[3][4][5] |     4.265 | SLOW    |     2.205 | FAST    |
S_B_i[0][4][4] | S_C_o[3][4][6] |     4.509 | SLOW    |     2.342 | FAST    |
S_B_i[0][4][4] | S_C_o[3][4][7] |     4.574 | SLOW    |     2.379 | FAST    |
S_B_i[0][4][4] | S_C_o[4][4][4] |     4.301 | SLOW    |     2.233 | FAST    |
S_B_i[0][4][4] | S_C_o[4][4][5] |     4.265 | SLOW    |     2.205 | FAST    |
S_B_i[0][4][4] | S_C_o[4][4][6] |     4.509 | SLOW    |     2.342 | FAST    |
S_B_i[0][4][4] | S_C_o[4][4][7] |     4.574 | SLOW    |     2.379 | FAST    |
S_B_i[0][4][4] | S_C_o[5][4][4] |     4.301 | SLOW    |     2.233 | FAST    |
S_B_i[0][4][4] | S_C_o[5][4][5] |     4.265 | SLOW    |     2.205 | FAST    |
S_B_i[0][4][4] | S_C_o[5][4][6] |     4.509 | SLOW    |     2.342 | FAST    |
S_B_i[0][4][4] | S_C_o[5][4][7] |     4.574 | SLOW    |     2.379 | FAST    |
S_B_i[0][4][4] | S_C_o[6][4][4] |     4.301 | SLOW    |     2.233 | FAST    |
S_B_i[0][4][4] | S_C_o[6][4][5] |     4.265 | SLOW    |     2.205 | FAST    |
S_B_i[0][4][4] | S_C_o[6][4][6] |     4.509 | SLOW    |     2.342 | FAST    |
S_B_i[0][4][4] | S_C_o[6][4][7] |     4.574 | SLOW    |     2.379 | FAST    |
S_B_i[0][4][4] | S_C_o[7][4][4] |     4.301 | SLOW    |     2.233 | FAST    |
S_B_i[0][4][4] | S_C_o[7][4][5] |     4.265 | SLOW    |     2.205 | FAST    |
S_B_i[0][4][4] | S_C_o[7][4][6] |     4.509 | SLOW    |     2.342 | FAST    |
S_B_i[0][4][4] | S_C_o[7][4][7] |     4.574 | SLOW    |     2.379 | FAST    |
S_B_i[0][4][5] | S_C_o[0][4][5] |     4.468 | SLOW    |     2.326 | FAST    |
S_B_i[0][4][5] | S_C_o[0][4][6] |     4.287 | SLOW    |     2.219 | FAST    |
S_B_i[0][4][5] | S_C_o[0][4][7] |     4.265 | SLOW    |     2.205 | FAST    |
S_B_i[0][4][5] | S_C_o[1][4][5] |     4.468 | SLOW    |     2.326 | FAST    |
S_B_i[0][4][5] | S_C_o[1][4][6] |     4.287 | SLOW    |     2.219 | FAST    |
S_B_i[0][4][5] | S_C_o[1][4][7] |     4.265 | SLOW    |     2.205 | FAST    |
S_B_i[0][4][5] | S_C_o[2][4][5] |     4.468 | SLOW    |     2.326 | FAST    |
S_B_i[0][4][5] | S_C_o[2][4][6] |     4.287 | SLOW    |     2.219 | FAST    |
S_B_i[0][4][5] | S_C_o[2][4][7] |     4.265 | SLOW    |     2.205 | FAST    |
S_B_i[0][4][5] | S_C_o[3][4][5] |     4.468 | SLOW    |     2.326 | FAST    |
S_B_i[0][4][5] | S_C_o[3][4][6] |     4.287 | SLOW    |     2.219 | FAST    |
S_B_i[0][4][5] | S_C_o[3][4][7] |     4.265 | SLOW    |     2.205 | FAST    |
S_B_i[0][4][5] | S_C_o[4][4][5] |     4.468 | SLOW    |     2.326 | FAST    |
S_B_i[0][4][5] | S_C_o[4][4][6] |     4.287 | SLOW    |     2.219 | FAST    |
S_B_i[0][4][5] | S_C_o[4][4][7] |     4.265 | SLOW    |     2.205 | FAST    |
S_B_i[0][4][5] | S_C_o[5][4][5] |     4.468 | SLOW    |     2.326 | FAST    |
S_B_i[0][4][5] | S_C_o[5][4][6] |     4.287 | SLOW    |     2.219 | FAST    |
S_B_i[0][4][5] | S_C_o[5][4][7] |     4.265 | SLOW    |     2.205 | FAST    |
S_B_i[0][4][5] | S_C_o[6][4][5] |     4.468 | SLOW    |     2.326 | FAST    |
S_B_i[0][4][5] | S_C_o[6][4][6] |     4.287 | SLOW    |     2.219 | FAST    |
S_B_i[0][4][5] | S_C_o[6][4][7] |     4.265 | SLOW    |     2.205 | FAST    |
S_B_i[0][4][5] | S_C_o[7][4][5] |     4.468 | SLOW    |     2.326 | FAST    |
S_B_i[0][4][5] | S_C_o[7][4][6] |     4.287 | SLOW    |     2.219 | FAST    |
S_B_i[0][4][5] | S_C_o[7][4][7] |     4.265 | SLOW    |     2.205 | FAST    |
S_B_i[0][4][6] | S_C_o[0][4][6] |     4.292 | SLOW    |     2.229 | FAST    |
S_B_i[0][4][6] | S_C_o[0][4][7] |     4.261 | SLOW    |     2.209 | FAST    |
S_B_i[0][4][6] | S_C_o[1][4][6] |     4.292 | SLOW    |     2.229 | FAST    |
S_B_i[0][4][6] | S_C_o[1][4][7] |     4.261 | SLOW    |     2.209 | FAST    |
S_B_i[0][4][6] | S_C_o[2][4][6] |     4.292 | SLOW    |     2.229 | FAST    |
S_B_i[0][4][6] | S_C_o[2][4][7] |     4.261 | SLOW    |     2.209 | FAST    |
S_B_i[0][4][6] | S_C_o[3][4][6] |     4.292 | SLOW    |     2.229 | FAST    |
S_B_i[0][4][6] | S_C_o[3][4][7] |     4.261 | SLOW    |     2.209 | FAST    |
S_B_i[0][4][6] | S_C_o[4][4][6] |     4.292 | SLOW    |     2.229 | FAST    |
S_B_i[0][4][6] | S_C_o[4][4][7] |     4.261 | SLOW    |     2.209 | FAST    |
S_B_i[0][4][6] | S_C_o[5][4][6] |     4.292 | SLOW    |     2.229 | FAST    |
S_B_i[0][4][6] | S_C_o[5][4][7] |     4.261 | SLOW    |     2.209 | FAST    |
S_B_i[0][4][6] | S_C_o[6][4][6] |     4.292 | SLOW    |     2.229 | FAST    |
S_B_i[0][4][6] | S_C_o[6][4][7] |     4.261 | SLOW    |     2.209 | FAST    |
S_B_i[0][4][6] | S_C_o[7][4][6] |     4.292 | SLOW    |     2.229 | FAST    |
S_B_i[0][4][6] | S_C_o[7][4][7] |     4.261 | SLOW    |     2.209 | FAST    |
S_B_i[0][4][7] | S_C_o[0][4][7] |     4.444 | SLOW    |     2.314 | FAST    |
S_B_i[0][4][7] | S_C_o[1][4][7] |     4.444 | SLOW    |     2.314 | FAST    |
S_B_i[0][4][7] | S_C_o[2][4][7] |     4.444 | SLOW    |     2.314 | FAST    |
S_B_i[0][4][7] | S_C_o[3][4][7] |     4.444 | SLOW    |     2.314 | FAST    |
S_B_i[0][4][7] | S_C_o[4][4][7] |     4.444 | SLOW    |     2.314 | FAST    |
S_B_i[0][4][7] | S_C_o[5][4][7] |     4.444 | SLOW    |     2.314 | FAST    |
S_B_i[0][4][7] | S_C_o[6][4][7] |     4.444 | SLOW    |     2.314 | FAST    |
S_B_i[0][4][7] | S_C_o[7][4][7] |     4.444 | SLOW    |     2.314 | FAST    |
S_B_i[0][5][0] | S_C_o[0][5][0] |     4.277 | SLOW    |     2.217 | FAST    |
S_B_i[0][5][0] | S_C_o[0][5][1] |     4.294 | SLOW    |     2.223 | FAST    |
S_B_i[0][5][0] | S_C_o[0][5][2] |     4.272 | SLOW    |     2.209 | FAST    |
S_B_i[0][5][0] | S_C_o[0][5][3] |     4.516 | SLOW    |     2.340 | FAST    |
S_B_i[0][5][0] | S_C_o[0][5][4] |     4.538 | SLOW    |     2.354 | FAST    |
S_B_i[0][5][0] | S_C_o[0][5][5] |     4.603 | SLOW    |     2.391 | FAST    |
S_B_i[0][5][0] | S_C_o[0][5][6] |     4.760 | SLOW    |     2.477 | FAST    |
S_B_i[0][5][0] | S_C_o[0][5][7] |     4.825 | SLOW    |     2.514 | FAST    |
S_B_i[0][5][0] | S_C_o[1][5][0] |     4.277 | SLOW    |     2.217 | FAST    |
S_B_i[0][5][0] | S_C_o[1][5][1] |     4.294 | SLOW    |     2.223 | FAST    |
S_B_i[0][5][0] | S_C_o[1][5][2] |     4.272 | SLOW    |     2.209 | FAST    |
S_B_i[0][5][0] | S_C_o[1][5][3] |     4.516 | SLOW    |     2.340 | FAST    |
S_B_i[0][5][0] | S_C_o[1][5][4] |     4.538 | SLOW    |     2.354 | FAST    |
S_B_i[0][5][0] | S_C_o[1][5][5] |     4.603 | SLOW    |     2.391 | FAST    |
S_B_i[0][5][0] | S_C_o[1][5][6] |     4.760 | SLOW    |     2.477 | FAST    |
S_B_i[0][5][0] | S_C_o[1][5][7] |     4.825 | SLOW    |     2.514 | FAST    |
S_B_i[0][5][0] | S_C_o[2][5][0] |     4.277 | SLOW    |     2.217 | FAST    |
S_B_i[0][5][0] | S_C_o[2][5][1] |     4.294 | SLOW    |     2.223 | FAST    |
S_B_i[0][5][0] | S_C_o[2][5][2] |     4.272 | SLOW    |     2.209 | FAST    |
S_B_i[0][5][0] | S_C_o[2][5][3] |     4.516 | SLOW    |     2.340 | FAST    |
S_B_i[0][5][0] | S_C_o[2][5][4] |     4.538 | SLOW    |     2.354 | FAST    |
S_B_i[0][5][0] | S_C_o[2][5][5] |     4.603 | SLOW    |     2.391 | FAST    |
S_B_i[0][5][0] | S_C_o[2][5][6] |     4.760 | SLOW    |     2.477 | FAST    |
S_B_i[0][5][0] | S_C_o[2][5][7] |     4.825 | SLOW    |     2.514 | FAST    |
S_B_i[0][5][0] | S_C_o[3][5][0] |     4.277 | SLOW    |     2.217 | FAST    |
S_B_i[0][5][0] | S_C_o[3][5][1] |     4.294 | SLOW    |     2.223 | FAST    |
S_B_i[0][5][0] | S_C_o[3][5][2] |     4.272 | SLOW    |     2.209 | FAST    |
S_B_i[0][5][0] | S_C_o[3][5][3] |     4.516 | SLOW    |     2.340 | FAST    |
S_B_i[0][5][0] | S_C_o[3][5][4] |     4.538 | SLOW    |     2.354 | FAST    |
S_B_i[0][5][0] | S_C_o[3][5][5] |     4.603 | SLOW    |     2.391 | FAST    |
S_B_i[0][5][0] | S_C_o[3][5][6] |     4.760 | SLOW    |     2.477 | FAST    |
S_B_i[0][5][0] | S_C_o[3][5][7] |     4.825 | SLOW    |     2.514 | FAST    |
S_B_i[0][5][0] | S_C_o[4][5][0] |     4.277 | SLOW    |     2.217 | FAST    |
S_B_i[0][5][0] | S_C_o[4][5][1] |     4.294 | SLOW    |     2.223 | FAST    |
S_B_i[0][5][0] | S_C_o[4][5][2] |     4.272 | SLOW    |     2.209 | FAST    |
S_B_i[0][5][0] | S_C_o[4][5][3] |     4.516 | SLOW    |     2.340 | FAST    |
S_B_i[0][5][0] | S_C_o[4][5][4] |     4.538 | SLOW    |     2.354 | FAST    |
S_B_i[0][5][0] | S_C_o[4][5][5] |     4.603 | SLOW    |     2.391 | FAST    |
S_B_i[0][5][0] | S_C_o[4][5][6] |     4.760 | SLOW    |     2.477 | FAST    |
S_B_i[0][5][0] | S_C_o[4][5][7] |     4.825 | SLOW    |     2.514 | FAST    |
S_B_i[0][5][0] | S_C_o[5][5][0] |     4.277 | SLOW    |     2.217 | FAST    |
S_B_i[0][5][0] | S_C_o[5][5][1] |     4.294 | SLOW    |     2.223 | FAST    |
S_B_i[0][5][0] | S_C_o[5][5][2] |     4.272 | SLOW    |     2.209 | FAST    |
S_B_i[0][5][0] | S_C_o[5][5][3] |     4.516 | SLOW    |     2.340 | FAST    |
S_B_i[0][5][0] | S_C_o[5][5][4] |     4.538 | SLOW    |     2.354 | FAST    |
S_B_i[0][5][0] | S_C_o[5][5][5] |     4.603 | SLOW    |     2.391 | FAST    |
S_B_i[0][5][0] | S_C_o[5][5][6] |     4.760 | SLOW    |     2.477 | FAST    |
S_B_i[0][5][0] | S_C_o[5][5][7] |     4.825 | SLOW    |     2.514 | FAST    |
S_B_i[0][5][0] | S_C_o[6][5][0] |     4.277 | SLOW    |     2.217 | FAST    |
S_B_i[0][5][0] | S_C_o[6][5][1] |     4.294 | SLOW    |     2.223 | FAST    |
S_B_i[0][5][0] | S_C_o[6][5][2] |     4.272 | SLOW    |     2.209 | FAST    |
S_B_i[0][5][0] | S_C_o[6][5][3] |     4.516 | SLOW    |     2.340 | FAST    |
S_B_i[0][5][0] | S_C_o[6][5][4] |     4.538 | SLOW    |     2.354 | FAST    |
S_B_i[0][5][0] | S_C_o[6][5][5] |     4.603 | SLOW    |     2.391 | FAST    |
S_B_i[0][5][0] | S_C_o[6][5][6] |     4.760 | SLOW    |     2.477 | FAST    |
S_B_i[0][5][0] | S_C_o[6][5][7] |     4.825 | SLOW    |     2.514 | FAST    |
S_B_i[0][5][0] | S_C_o[7][5][0] |     4.277 | SLOW    |     2.217 | FAST    |
S_B_i[0][5][0] | S_C_o[7][5][1] |     4.294 | SLOW    |     2.223 | FAST    |
S_B_i[0][5][0] | S_C_o[7][5][2] |     4.272 | SLOW    |     2.209 | FAST    |
S_B_i[0][5][0] | S_C_o[7][5][3] |     4.516 | SLOW    |     2.340 | FAST    |
S_B_i[0][5][0] | S_C_o[7][5][4] |     4.538 | SLOW    |     2.354 | FAST    |
S_B_i[0][5][0] | S_C_o[7][5][5] |     4.603 | SLOW    |     2.391 | FAST    |
S_B_i[0][5][0] | S_C_o[7][5][6] |     4.760 | SLOW    |     2.477 | FAST    |
S_B_i[0][5][0] | S_C_o[7][5][7] |     4.825 | SLOW    |     2.514 | FAST    |
S_B_i[0][5][1] | S_C_o[0][5][1] |     4.301 | SLOW    |     2.233 | FAST    |
S_B_i[0][5][1] | S_C_o[0][5][2] |     4.265 | SLOW    |     2.205 | FAST    |
S_B_i[0][5][1] | S_C_o[0][5][3] |     4.482 | SLOW    |     2.327 | FAST    |
S_B_i[0][5][1] | S_C_o[0][5][4] |     4.504 | SLOW    |     2.341 | FAST    |
S_B_i[0][5][1] | S_C_o[0][5][5] |     4.569 | SLOW    |     2.378 | FAST    |
S_B_i[0][5][1] | S_C_o[0][5][6] |     4.726 | SLOW    |     2.464 | FAST    |
S_B_i[0][5][1] | S_C_o[0][5][7] |     4.791 | SLOW    |     2.501 | FAST    |
S_B_i[0][5][1] | S_C_o[1][5][1] |     4.301 | SLOW    |     2.233 | FAST    |
S_B_i[0][5][1] | S_C_o[1][5][2] |     4.265 | SLOW    |     2.205 | FAST    |
S_B_i[0][5][1] | S_C_o[1][5][3] |     4.482 | SLOW    |     2.327 | FAST    |
S_B_i[0][5][1] | S_C_o[1][5][4] |     4.504 | SLOW    |     2.341 | FAST    |
S_B_i[0][5][1] | S_C_o[1][5][5] |     4.569 | SLOW    |     2.378 | FAST    |
S_B_i[0][5][1] | S_C_o[1][5][6] |     4.726 | SLOW    |     2.464 | FAST    |
S_B_i[0][5][1] | S_C_o[1][5][7] |     4.791 | SLOW    |     2.501 | FAST    |
S_B_i[0][5][1] | S_C_o[2][5][1] |     4.301 | SLOW    |     2.233 | FAST    |
S_B_i[0][5][1] | S_C_o[2][5][2] |     4.265 | SLOW    |     2.205 | FAST    |
S_B_i[0][5][1] | S_C_o[2][5][3] |     4.482 | SLOW    |     2.327 | FAST    |
S_B_i[0][5][1] | S_C_o[2][5][4] |     4.504 | SLOW    |     2.341 | FAST    |
S_B_i[0][5][1] | S_C_o[2][5][5] |     4.569 | SLOW    |     2.378 | FAST    |
S_B_i[0][5][1] | S_C_o[2][5][6] |     4.726 | SLOW    |     2.464 | FAST    |
S_B_i[0][5][1] | S_C_o[2][5][7] |     4.791 | SLOW    |     2.501 | FAST    |
S_B_i[0][5][1] | S_C_o[3][5][1] |     4.301 | SLOW    |     2.233 | FAST    |
S_B_i[0][5][1] | S_C_o[3][5][2] |     4.265 | SLOW    |     2.205 | FAST    |
S_B_i[0][5][1] | S_C_o[3][5][3] |     4.482 | SLOW    |     2.327 | FAST    |
S_B_i[0][5][1] | S_C_o[3][5][4] |     4.504 | SLOW    |     2.341 | FAST    |
S_B_i[0][5][1] | S_C_o[3][5][5] |     4.569 | SLOW    |     2.378 | FAST    |
S_B_i[0][5][1] | S_C_o[3][5][6] |     4.726 | SLOW    |     2.464 | FAST    |
S_B_i[0][5][1] | S_C_o[3][5][7] |     4.791 | SLOW    |     2.501 | FAST    |
S_B_i[0][5][1] | S_C_o[4][5][1] |     4.301 | SLOW    |     2.233 | FAST    |
S_B_i[0][5][1] | S_C_o[4][5][2] |     4.265 | SLOW    |     2.205 | FAST    |
S_B_i[0][5][1] | S_C_o[4][5][3] |     4.482 | SLOW    |     2.327 | FAST    |
S_B_i[0][5][1] | S_C_o[4][5][4] |     4.504 | SLOW    |     2.341 | FAST    |
S_B_i[0][5][1] | S_C_o[4][5][5] |     4.569 | SLOW    |     2.378 | FAST    |
S_B_i[0][5][1] | S_C_o[4][5][6] |     4.726 | SLOW    |     2.464 | FAST    |
S_B_i[0][5][1] | S_C_o[4][5][7] |     4.791 | SLOW    |     2.501 | FAST    |
S_B_i[0][5][1] | S_C_o[5][5][1] |     4.301 | SLOW    |     2.233 | FAST    |
S_B_i[0][5][1] | S_C_o[5][5][2] |     4.265 | SLOW    |     2.205 | FAST    |
S_B_i[0][5][1] | S_C_o[5][5][3] |     4.482 | SLOW    |     2.327 | FAST    |
S_B_i[0][5][1] | S_C_o[5][5][4] |     4.504 | SLOW    |     2.341 | FAST    |
S_B_i[0][5][1] | S_C_o[5][5][5] |     4.569 | SLOW    |     2.378 | FAST    |
S_B_i[0][5][1] | S_C_o[5][5][6] |     4.726 | SLOW    |     2.464 | FAST    |
S_B_i[0][5][1] | S_C_o[5][5][7] |     4.791 | SLOW    |     2.501 | FAST    |
S_B_i[0][5][1] | S_C_o[6][5][1] |     4.301 | SLOW    |     2.233 | FAST    |
S_B_i[0][5][1] | S_C_o[6][5][2] |     4.265 | SLOW    |     2.205 | FAST    |
S_B_i[0][5][1] | S_C_o[6][5][3] |     4.482 | SLOW    |     2.327 | FAST    |
S_B_i[0][5][1] | S_C_o[6][5][4] |     4.504 | SLOW    |     2.341 | FAST    |
S_B_i[0][5][1] | S_C_o[6][5][5] |     4.569 | SLOW    |     2.378 | FAST    |
S_B_i[0][5][1] | S_C_o[6][5][6] |     4.726 | SLOW    |     2.464 | FAST    |
S_B_i[0][5][1] | S_C_o[6][5][7] |     4.791 | SLOW    |     2.501 | FAST    |
S_B_i[0][5][1] | S_C_o[7][5][1] |     4.301 | SLOW    |     2.233 | FAST    |
S_B_i[0][5][1] | S_C_o[7][5][2] |     4.265 | SLOW    |     2.205 | FAST    |
S_B_i[0][5][1] | S_C_o[7][5][3] |     4.482 | SLOW    |     2.327 | FAST    |
S_B_i[0][5][1] | S_C_o[7][5][4] |     4.504 | SLOW    |     2.341 | FAST    |
S_B_i[0][5][1] | S_C_o[7][5][5] |     4.569 | SLOW    |     2.378 | FAST    |
S_B_i[0][5][1] | S_C_o[7][5][6] |     4.726 | SLOW    |     2.464 | FAST    |
S_B_i[0][5][1] | S_C_o[7][5][7] |     4.791 | SLOW    |     2.501 | FAST    |
S_B_i[0][5][2] | S_C_o[0][5][2] |     4.261 | SLOW    |     2.209 | FAST    |
S_B_i[0][5][2] | S_C_o[0][5][3] |     4.468 | SLOW    |     2.315 | FAST    |
S_B_i[0][5][2] | S_C_o[0][5][4] |     4.490 | SLOW    |     2.329 | FAST    |
S_B_i[0][5][2] | S_C_o[0][5][5] |     4.555 | SLOW    |     2.366 | FAST    |
S_B_i[0][5][2] | S_C_o[0][5][6] |     4.712 | SLOW    |     2.452 | FAST    |
S_B_i[0][5][2] | S_C_o[0][5][7] |     4.777 | SLOW    |     2.489 | FAST    |
S_B_i[0][5][2] | S_C_o[1][5][2] |     4.261 | SLOW    |     2.209 | FAST    |
S_B_i[0][5][2] | S_C_o[1][5][3] |     4.468 | SLOW    |     2.315 | FAST    |
S_B_i[0][5][2] | S_C_o[1][5][4] |     4.490 | SLOW    |     2.329 | FAST    |
S_B_i[0][5][2] | S_C_o[1][5][5] |     4.555 | SLOW    |     2.366 | FAST    |
S_B_i[0][5][2] | S_C_o[1][5][6] |     4.712 | SLOW    |     2.452 | FAST    |
S_B_i[0][5][2] | S_C_o[1][5][7] |     4.777 | SLOW    |     2.489 | FAST    |
S_B_i[0][5][2] | S_C_o[2][5][2] |     4.261 | SLOW    |     2.209 | FAST    |
S_B_i[0][5][2] | S_C_o[2][5][3] |     4.468 | SLOW    |     2.315 | FAST    |
S_B_i[0][5][2] | S_C_o[2][5][4] |     4.490 | SLOW    |     2.329 | FAST    |
S_B_i[0][5][2] | S_C_o[2][5][5] |     4.555 | SLOW    |     2.366 | FAST    |
S_B_i[0][5][2] | S_C_o[2][5][6] |     4.712 | SLOW    |     2.452 | FAST    |
S_B_i[0][5][2] | S_C_o[2][5][7] |     4.777 | SLOW    |     2.489 | FAST    |
S_B_i[0][5][2] | S_C_o[3][5][2] |     4.261 | SLOW    |     2.209 | FAST    |
S_B_i[0][5][2] | S_C_o[3][5][3] |     4.468 | SLOW    |     2.315 | FAST    |
S_B_i[0][5][2] | S_C_o[3][5][4] |     4.490 | SLOW    |     2.329 | FAST    |
S_B_i[0][5][2] | S_C_o[3][5][5] |     4.555 | SLOW    |     2.366 | FAST    |
S_B_i[0][5][2] | S_C_o[3][5][6] |     4.712 | SLOW    |     2.452 | FAST    |
S_B_i[0][5][2] | S_C_o[3][5][7] |     4.777 | SLOW    |     2.489 | FAST    |
S_B_i[0][5][2] | S_C_o[4][5][2] |     4.261 | SLOW    |     2.209 | FAST    |
S_B_i[0][5][2] | S_C_o[4][5][3] |     4.468 | SLOW    |     2.315 | FAST    |
S_B_i[0][5][2] | S_C_o[4][5][4] |     4.490 | SLOW    |     2.329 | FAST    |
S_B_i[0][5][2] | S_C_o[4][5][5] |     4.555 | SLOW    |     2.366 | FAST    |
S_B_i[0][5][2] | S_C_o[4][5][6] |     4.712 | SLOW    |     2.452 | FAST    |
S_B_i[0][5][2] | S_C_o[4][5][7] |     4.777 | SLOW    |     2.489 | FAST    |
S_B_i[0][5][2] | S_C_o[5][5][2] |     4.261 | SLOW    |     2.209 | FAST    |
S_B_i[0][5][2] | S_C_o[5][5][3] |     4.468 | SLOW    |     2.315 | FAST    |
S_B_i[0][5][2] | S_C_o[5][5][4] |     4.490 | SLOW    |     2.329 | FAST    |
S_B_i[0][5][2] | S_C_o[5][5][5] |     4.555 | SLOW    |     2.366 | FAST    |
S_B_i[0][5][2] | S_C_o[5][5][6] |     4.712 | SLOW    |     2.452 | FAST    |
S_B_i[0][5][2] | S_C_o[5][5][7] |     4.777 | SLOW    |     2.489 | FAST    |
S_B_i[0][5][2] | S_C_o[6][5][2] |     4.261 | SLOW    |     2.209 | FAST    |
S_B_i[0][5][2] | S_C_o[6][5][3] |     4.468 | SLOW    |     2.315 | FAST    |
S_B_i[0][5][2] | S_C_o[6][5][4] |     4.490 | SLOW    |     2.329 | FAST    |
S_B_i[0][5][2] | S_C_o[6][5][5] |     4.555 | SLOW    |     2.366 | FAST    |
S_B_i[0][5][2] | S_C_o[6][5][6] |     4.712 | SLOW    |     2.452 | FAST    |
S_B_i[0][5][2] | S_C_o[6][5][7] |     4.777 | SLOW    |     2.489 | FAST    |
S_B_i[0][5][2] | S_C_o[7][5][2] |     4.261 | SLOW    |     2.209 | FAST    |
S_B_i[0][5][2] | S_C_o[7][5][3] |     4.468 | SLOW    |     2.315 | FAST    |
S_B_i[0][5][2] | S_C_o[7][5][4] |     4.490 | SLOW    |     2.329 | FAST    |
S_B_i[0][5][2] | S_C_o[7][5][5] |     4.555 | SLOW    |     2.366 | FAST    |
S_B_i[0][5][2] | S_C_o[7][5][6] |     4.712 | SLOW    |     2.452 | FAST    |
S_B_i[0][5][2] | S_C_o[7][5][7] |     4.777 | SLOW    |     2.489 | FAST    |
S_B_i[0][5][3] | S_C_o[0][5][3] |     4.277 | SLOW    |     2.217 | FAST    |
S_B_i[0][5][3] | S_C_o[0][5][4] |     4.294 | SLOW    |     2.223 | FAST    |
S_B_i[0][5][3] | S_C_o[0][5][5] |     4.277 | SLOW    |     2.217 | FAST    |
S_B_i[0][5][3] | S_C_o[0][5][6] |     4.530 | SLOW    |     2.360 | FAST    |
S_B_i[0][5][3] | S_C_o[0][5][7] |     4.595 | SLOW    |     2.397 | FAST    |
S_B_i[0][5][3] | S_C_o[1][5][3] |     4.277 | SLOW    |     2.217 | FAST    |
S_B_i[0][5][3] | S_C_o[1][5][4] |     4.294 | SLOW    |     2.223 | FAST    |
S_B_i[0][5][3] | S_C_o[1][5][5] |     4.277 | SLOW    |     2.217 | FAST    |
S_B_i[0][5][3] | S_C_o[1][5][6] |     4.530 | SLOW    |     2.360 | FAST    |
S_B_i[0][5][3] | S_C_o[1][5][7] |     4.595 | SLOW    |     2.397 | FAST    |
S_B_i[0][5][3] | S_C_o[2][5][3] |     4.277 | SLOW    |     2.217 | FAST    |
S_B_i[0][5][3] | S_C_o[2][5][4] |     4.294 | SLOW    |     2.223 | FAST    |
S_B_i[0][5][3] | S_C_o[2][5][5] |     4.277 | SLOW    |     2.217 | FAST    |
S_B_i[0][5][3] | S_C_o[2][5][6] |     4.530 | SLOW    |     2.360 | FAST    |
S_B_i[0][5][3] | S_C_o[2][5][7] |     4.595 | SLOW    |     2.397 | FAST    |
S_B_i[0][5][3] | S_C_o[3][5][3] |     4.277 | SLOW    |     2.217 | FAST    |
S_B_i[0][5][3] | S_C_o[3][5][4] |     4.294 | SLOW    |     2.223 | FAST    |
S_B_i[0][5][3] | S_C_o[3][5][5] |     4.277 | SLOW    |     2.217 | FAST    |
S_B_i[0][5][3] | S_C_o[3][5][6] |     4.530 | SLOW    |     2.360 | FAST    |
S_B_i[0][5][3] | S_C_o[3][5][7] |     4.595 | SLOW    |     2.397 | FAST    |
S_B_i[0][5][3] | S_C_o[4][5][3] |     4.277 | SLOW    |     2.217 | FAST    |
S_B_i[0][5][3] | S_C_o[4][5][4] |     4.294 | SLOW    |     2.223 | FAST    |
S_B_i[0][5][3] | S_C_o[4][5][5] |     4.277 | SLOW    |     2.217 | FAST    |
S_B_i[0][5][3] | S_C_o[4][5][6] |     4.530 | SLOW    |     2.360 | FAST    |
S_B_i[0][5][3] | S_C_o[4][5][7] |     4.595 | SLOW    |     2.397 | FAST    |
S_B_i[0][5][3] | S_C_o[5][5][3] |     4.277 | SLOW    |     2.217 | FAST    |
S_B_i[0][5][3] | S_C_o[5][5][4] |     4.294 | SLOW    |     2.223 | FAST    |
S_B_i[0][5][3] | S_C_o[5][5][5] |     4.277 | SLOW    |     2.217 | FAST    |
S_B_i[0][5][3] | S_C_o[5][5][6] |     4.530 | SLOW    |     2.360 | FAST    |
S_B_i[0][5][3] | S_C_o[5][5][7] |     4.595 | SLOW    |     2.397 | FAST    |
S_B_i[0][5][3] | S_C_o[6][5][3] |     4.277 | SLOW    |     2.217 | FAST    |
S_B_i[0][5][3] | S_C_o[6][5][4] |     4.294 | SLOW    |     2.223 | FAST    |
S_B_i[0][5][3] | S_C_o[6][5][5] |     4.277 | SLOW    |     2.217 | FAST    |
S_B_i[0][5][3] | S_C_o[6][5][6] |     4.530 | SLOW    |     2.360 | FAST    |
S_B_i[0][5][3] | S_C_o[6][5][7] |     4.595 | SLOW    |     2.397 | FAST    |
S_B_i[0][5][3] | S_C_o[7][5][3] |     4.277 | SLOW    |     2.217 | FAST    |
S_B_i[0][5][3] | S_C_o[7][5][4] |     4.294 | SLOW    |     2.223 | FAST    |
S_B_i[0][5][3] | S_C_o[7][5][5] |     4.277 | SLOW    |     2.217 | FAST    |
S_B_i[0][5][3] | S_C_o[7][5][6] |     4.530 | SLOW    |     2.360 | FAST    |
S_B_i[0][5][3] | S_C_o[7][5][7] |     4.595 | SLOW    |     2.397 | FAST    |
S_B_i[0][5][4] | S_C_o[0][5][4] |     4.301 | SLOW    |     2.233 | FAST    |
S_B_i[0][5][4] | S_C_o[0][5][5] |     4.265 | SLOW    |     2.205 | FAST    |
S_B_i[0][5][4] | S_C_o[0][5][6] |     4.509 | SLOW    |     2.342 | FAST    |
S_B_i[0][5][4] | S_C_o[0][5][7] |     4.574 | SLOW    |     2.379 | FAST    |
S_B_i[0][5][4] | S_C_o[1][5][4] |     4.301 | SLOW    |     2.233 | FAST    |
S_B_i[0][5][4] | S_C_o[1][5][5] |     4.265 | SLOW    |     2.205 | FAST    |
S_B_i[0][5][4] | S_C_o[1][5][6] |     4.509 | SLOW    |     2.342 | FAST    |
S_B_i[0][5][4] | S_C_o[1][5][7] |     4.574 | SLOW    |     2.379 | FAST    |
S_B_i[0][5][4] | S_C_o[2][5][4] |     4.301 | SLOW    |     2.233 | FAST    |
S_B_i[0][5][4] | S_C_o[2][5][5] |     4.265 | SLOW    |     2.205 | FAST    |
S_B_i[0][5][4] | S_C_o[2][5][6] |     4.509 | SLOW    |     2.342 | FAST    |
S_B_i[0][5][4] | S_C_o[2][5][7] |     4.574 | SLOW    |     2.379 | FAST    |
S_B_i[0][5][4] | S_C_o[3][5][4] |     4.301 | SLOW    |     2.233 | FAST    |
S_B_i[0][5][4] | S_C_o[3][5][5] |     4.265 | SLOW    |     2.205 | FAST    |
S_B_i[0][5][4] | S_C_o[3][5][6] |     4.509 | SLOW    |     2.342 | FAST    |
S_B_i[0][5][4] | S_C_o[3][5][7] |     4.574 | SLOW    |     2.379 | FAST    |
S_B_i[0][5][4] | S_C_o[4][5][4] |     4.301 | SLOW    |     2.233 | FAST    |
S_B_i[0][5][4] | S_C_o[4][5][5] |     4.265 | SLOW    |     2.205 | FAST    |
S_B_i[0][5][4] | S_C_o[4][5][6] |     4.509 | SLOW    |     2.342 | FAST    |
S_B_i[0][5][4] | S_C_o[4][5][7] |     4.574 | SLOW    |     2.379 | FAST    |
S_B_i[0][5][4] | S_C_o[5][5][4] |     4.301 | SLOW    |     2.233 | FAST    |
S_B_i[0][5][4] | S_C_o[5][5][5] |     4.265 | SLOW    |     2.205 | FAST    |
S_B_i[0][5][4] | S_C_o[5][5][6] |     4.509 | SLOW    |     2.342 | FAST    |
S_B_i[0][5][4] | S_C_o[5][5][7] |     4.574 | SLOW    |     2.379 | FAST    |
S_B_i[0][5][4] | S_C_o[6][5][4] |     4.301 | SLOW    |     2.233 | FAST    |
S_B_i[0][5][4] | S_C_o[6][5][5] |     4.265 | SLOW    |     2.205 | FAST    |
S_B_i[0][5][4] | S_C_o[6][5][6] |     4.509 | SLOW    |     2.342 | FAST    |
S_B_i[0][5][4] | S_C_o[6][5][7] |     4.574 | SLOW    |     2.379 | FAST    |
S_B_i[0][5][4] | S_C_o[7][5][4] |     4.301 | SLOW    |     2.233 | FAST    |
S_B_i[0][5][4] | S_C_o[7][5][5] |     4.265 | SLOW    |     2.205 | FAST    |
S_B_i[0][5][4] | S_C_o[7][5][6] |     4.509 | SLOW    |     2.342 | FAST    |
S_B_i[0][5][4] | S_C_o[7][5][7] |     4.574 | SLOW    |     2.379 | FAST    |
S_B_i[0][5][5] | S_C_o[0][5][5] |     4.468 | SLOW    |     2.326 | FAST    |
S_B_i[0][5][5] | S_C_o[0][5][6] |     4.287 | SLOW    |     2.219 | FAST    |
S_B_i[0][5][5] | S_C_o[0][5][7] |     4.265 | SLOW    |     2.205 | FAST    |
S_B_i[0][5][5] | S_C_o[1][5][5] |     4.468 | SLOW    |     2.326 | FAST    |
S_B_i[0][5][5] | S_C_o[1][5][6] |     4.287 | SLOW    |     2.219 | FAST    |
S_B_i[0][5][5] | S_C_o[1][5][7] |     4.265 | SLOW    |     2.205 | FAST    |
S_B_i[0][5][5] | S_C_o[2][5][5] |     4.468 | SLOW    |     2.326 | FAST    |
S_B_i[0][5][5] | S_C_o[2][5][6] |     4.287 | SLOW    |     2.219 | FAST    |
S_B_i[0][5][5] | S_C_o[2][5][7] |     4.265 | SLOW    |     2.205 | FAST    |
S_B_i[0][5][5] | S_C_o[3][5][5] |     4.468 | SLOW    |     2.326 | FAST    |
S_B_i[0][5][5] | S_C_o[3][5][6] |     4.287 | SLOW    |     2.219 | FAST    |
S_B_i[0][5][5] | S_C_o[3][5][7] |     4.265 | SLOW    |     2.205 | FAST    |
S_B_i[0][5][5] | S_C_o[4][5][5] |     4.468 | SLOW    |     2.326 | FAST    |
S_B_i[0][5][5] | S_C_o[4][5][6] |     4.287 | SLOW    |     2.219 | FAST    |
S_B_i[0][5][5] | S_C_o[4][5][7] |     4.265 | SLOW    |     2.205 | FAST    |
S_B_i[0][5][5] | S_C_o[5][5][5] |     4.468 | SLOW    |     2.326 | FAST    |
S_B_i[0][5][5] | S_C_o[5][5][6] |     4.287 | SLOW    |     2.219 | FAST    |
S_B_i[0][5][5] | S_C_o[5][5][7] |     4.265 | SLOW    |     2.205 | FAST    |
S_B_i[0][5][5] | S_C_o[6][5][5] |     4.468 | SLOW    |     2.326 | FAST    |
S_B_i[0][5][5] | S_C_o[6][5][6] |     4.287 | SLOW    |     2.219 | FAST    |
S_B_i[0][5][5] | S_C_o[6][5][7] |     4.265 | SLOW    |     2.205 | FAST    |
S_B_i[0][5][5] | S_C_o[7][5][5] |     4.468 | SLOW    |     2.326 | FAST    |
S_B_i[0][5][5] | S_C_o[7][5][6] |     4.287 | SLOW    |     2.219 | FAST    |
S_B_i[0][5][5] | S_C_o[7][5][7] |     4.265 | SLOW    |     2.205 | FAST    |
S_B_i[0][5][6] | S_C_o[0][5][6] |     4.292 | SLOW    |     2.229 | FAST    |
S_B_i[0][5][6] | S_C_o[0][5][7] |     4.261 | SLOW    |     2.209 | FAST    |
S_B_i[0][5][6] | S_C_o[1][5][6] |     4.292 | SLOW    |     2.229 | FAST    |
S_B_i[0][5][6] | S_C_o[1][5][7] |     4.261 | SLOW    |     2.209 | FAST    |
S_B_i[0][5][6] | S_C_o[2][5][6] |     4.292 | SLOW    |     2.229 | FAST    |
S_B_i[0][5][6] | S_C_o[2][5][7] |     4.261 | SLOW    |     2.209 | FAST    |
S_B_i[0][5][6] | S_C_o[3][5][6] |     4.292 | SLOW    |     2.229 | FAST    |
S_B_i[0][5][6] | S_C_o[3][5][7] |     4.261 | SLOW    |     2.209 | FAST    |
S_B_i[0][5][6] | S_C_o[4][5][6] |     4.292 | SLOW    |     2.229 | FAST    |
S_B_i[0][5][6] | S_C_o[4][5][7] |     4.261 | SLOW    |     2.209 | FAST    |
S_B_i[0][5][6] | S_C_o[5][5][6] |     4.292 | SLOW    |     2.229 | FAST    |
S_B_i[0][5][6] | S_C_o[5][5][7] |     4.261 | SLOW    |     2.209 | FAST    |
S_B_i[0][5][6] | S_C_o[6][5][6] |     4.292 | SLOW    |     2.229 | FAST    |
S_B_i[0][5][6] | S_C_o[6][5][7] |     4.261 | SLOW    |     2.209 | FAST    |
S_B_i[0][5][6] | S_C_o[7][5][6] |     4.292 | SLOW    |     2.229 | FAST    |
S_B_i[0][5][6] | S_C_o[7][5][7] |     4.261 | SLOW    |     2.209 | FAST    |
S_B_i[0][5][7] | S_C_o[0][5][7] |     4.444 | SLOW    |     2.314 | FAST    |
S_B_i[0][5][7] | S_C_o[1][5][7] |     4.444 | SLOW    |     2.314 | FAST    |
S_B_i[0][5][7] | S_C_o[2][5][7] |     4.444 | SLOW    |     2.314 | FAST    |
S_B_i[0][5][7] | S_C_o[3][5][7] |     4.444 | SLOW    |     2.314 | FAST    |
S_B_i[0][5][7] | S_C_o[4][5][7] |     4.444 | SLOW    |     2.314 | FAST    |
S_B_i[0][5][7] | S_C_o[5][5][7] |     4.444 | SLOW    |     2.314 | FAST    |
S_B_i[0][5][7] | S_C_o[6][5][7] |     4.444 | SLOW    |     2.314 | FAST    |
S_B_i[0][5][7] | S_C_o[7][5][7] |     4.444 | SLOW    |     2.314 | FAST    |
S_B_i[0][6][0] | S_C_o[0][6][0] |     4.277 | SLOW    |     2.217 | FAST    |
S_B_i[0][6][0] | S_C_o[0][6][1] |     4.294 | SLOW    |     2.223 | FAST    |
S_B_i[0][6][0] | S_C_o[0][6][2] |     4.272 | SLOW    |     2.209 | FAST    |
S_B_i[0][6][0] | S_C_o[0][6][3] |     4.516 | SLOW    |     2.340 | FAST    |
S_B_i[0][6][0] | S_C_o[0][6][4] |     4.538 | SLOW    |     2.354 | FAST    |
S_B_i[0][6][0] | S_C_o[0][6][5] |     4.603 | SLOW    |     2.391 | FAST    |
S_B_i[0][6][0] | S_C_o[0][6][6] |     4.760 | SLOW    |     2.477 | FAST    |
S_B_i[0][6][0] | S_C_o[0][6][7] |     4.825 | SLOW    |     2.514 | FAST    |
S_B_i[0][6][0] | S_C_o[1][6][0] |     4.277 | SLOW    |     2.217 | FAST    |
S_B_i[0][6][0] | S_C_o[1][6][1] |     4.294 | SLOW    |     2.223 | FAST    |
S_B_i[0][6][0] | S_C_o[1][6][2] |     4.272 | SLOW    |     2.209 | FAST    |
S_B_i[0][6][0] | S_C_o[1][6][3] |     4.516 | SLOW    |     2.340 | FAST    |
S_B_i[0][6][0] | S_C_o[1][6][4] |     4.538 | SLOW    |     2.354 | FAST    |
S_B_i[0][6][0] | S_C_o[1][6][5] |     4.603 | SLOW    |     2.391 | FAST    |
S_B_i[0][6][0] | S_C_o[1][6][6] |     4.760 | SLOW    |     2.477 | FAST    |
S_B_i[0][6][0] | S_C_o[1][6][7] |     4.825 | SLOW    |     2.514 | FAST    |
S_B_i[0][6][0] | S_C_o[2][6][0] |     4.277 | SLOW    |     2.217 | FAST    |
S_B_i[0][6][0] | S_C_o[2][6][1] |     4.294 | SLOW    |     2.223 | FAST    |
S_B_i[0][6][0] | S_C_o[2][6][2] |     4.272 | SLOW    |     2.209 | FAST    |
S_B_i[0][6][0] | S_C_o[2][6][3] |     4.516 | SLOW    |     2.340 | FAST    |
S_B_i[0][6][0] | S_C_o[2][6][4] |     4.538 | SLOW    |     2.354 | FAST    |
S_B_i[0][6][0] | S_C_o[2][6][5] |     4.603 | SLOW    |     2.391 | FAST    |
S_B_i[0][6][0] | S_C_o[2][6][6] |     4.760 | SLOW    |     2.477 | FAST    |
S_B_i[0][6][0] | S_C_o[2][6][7] |     4.825 | SLOW    |     2.514 | FAST    |
S_B_i[0][6][0] | S_C_o[3][6][0] |     4.277 | SLOW    |     2.217 | FAST    |
S_B_i[0][6][0] | S_C_o[3][6][1] |     4.294 | SLOW    |     2.223 | FAST    |
S_B_i[0][6][0] | S_C_o[3][6][2] |     4.272 | SLOW    |     2.209 | FAST    |
S_B_i[0][6][0] | S_C_o[3][6][3] |     4.516 | SLOW    |     2.340 | FAST    |
S_B_i[0][6][0] | S_C_o[3][6][4] |     4.538 | SLOW    |     2.354 | FAST    |
S_B_i[0][6][0] | S_C_o[3][6][5] |     4.603 | SLOW    |     2.391 | FAST    |
S_B_i[0][6][0] | S_C_o[3][6][6] |     4.760 | SLOW    |     2.477 | FAST    |
S_B_i[0][6][0] | S_C_o[3][6][7] |     4.825 | SLOW    |     2.514 | FAST    |
S_B_i[0][6][0] | S_C_o[4][6][0] |     4.277 | SLOW    |     2.217 | FAST    |
S_B_i[0][6][0] | S_C_o[4][6][1] |     4.294 | SLOW    |     2.223 | FAST    |
S_B_i[0][6][0] | S_C_o[4][6][2] |     4.272 | SLOW    |     2.209 | FAST    |
S_B_i[0][6][0] | S_C_o[4][6][3] |     4.516 | SLOW    |     2.340 | FAST    |
S_B_i[0][6][0] | S_C_o[4][6][4] |     4.538 | SLOW    |     2.354 | FAST    |
S_B_i[0][6][0] | S_C_o[4][6][5] |     4.603 | SLOW    |     2.391 | FAST    |
S_B_i[0][6][0] | S_C_o[4][6][6] |     4.760 | SLOW    |     2.477 | FAST    |
S_B_i[0][6][0] | S_C_o[4][6][7] |     4.825 | SLOW    |     2.514 | FAST    |
S_B_i[0][6][0] | S_C_o[5][6][0] |     4.277 | SLOW    |     2.217 | FAST    |
S_B_i[0][6][0] | S_C_o[5][6][1] |     4.294 | SLOW    |     2.223 | FAST    |
S_B_i[0][6][0] | S_C_o[5][6][2] |     4.272 | SLOW    |     2.209 | FAST    |
S_B_i[0][6][0] | S_C_o[5][6][3] |     4.516 | SLOW    |     2.340 | FAST    |
S_B_i[0][6][0] | S_C_o[5][6][4] |     4.538 | SLOW    |     2.354 | FAST    |
S_B_i[0][6][0] | S_C_o[5][6][5] |     4.603 | SLOW    |     2.391 | FAST    |
S_B_i[0][6][0] | S_C_o[5][6][6] |     4.760 | SLOW    |     2.477 | FAST    |
S_B_i[0][6][0] | S_C_o[5][6][7] |     4.825 | SLOW    |     2.514 | FAST    |
S_B_i[0][6][0] | S_C_o[6][6][0] |     4.277 | SLOW    |     2.217 | FAST    |
S_B_i[0][6][0] | S_C_o[6][6][1] |     4.294 | SLOW    |     2.223 | FAST    |
S_B_i[0][6][0] | S_C_o[6][6][2] |     4.272 | SLOW    |     2.209 | FAST    |
S_B_i[0][6][0] | S_C_o[6][6][3] |     4.516 | SLOW    |     2.340 | FAST    |
S_B_i[0][6][0] | S_C_o[6][6][4] |     4.538 | SLOW    |     2.354 | FAST    |
S_B_i[0][6][0] | S_C_o[6][6][5] |     4.603 | SLOW    |     2.391 | FAST    |
S_B_i[0][6][0] | S_C_o[6][6][6] |     4.760 | SLOW    |     2.477 | FAST    |
S_B_i[0][6][0] | S_C_o[6][6][7] |     4.825 | SLOW    |     2.514 | FAST    |
S_B_i[0][6][0] | S_C_o[7][6][0] |     4.277 | SLOW    |     2.217 | FAST    |
S_B_i[0][6][0] | S_C_o[7][6][1] |     4.294 | SLOW    |     2.223 | FAST    |
S_B_i[0][6][0] | S_C_o[7][6][2] |     4.272 | SLOW    |     2.209 | FAST    |
S_B_i[0][6][0] | S_C_o[7][6][3] |     4.516 | SLOW    |     2.340 | FAST    |
S_B_i[0][6][0] | S_C_o[7][6][4] |     4.538 | SLOW    |     2.354 | FAST    |
S_B_i[0][6][0] | S_C_o[7][6][5] |     4.603 | SLOW    |     2.391 | FAST    |
S_B_i[0][6][0] | S_C_o[7][6][6] |     4.760 | SLOW    |     2.477 | FAST    |
S_B_i[0][6][0] | S_C_o[7][6][7] |     4.825 | SLOW    |     2.514 | FAST    |
S_B_i[0][6][1] | S_C_o[0][6][1] |     4.301 | SLOW    |     2.233 | FAST    |
S_B_i[0][6][1] | S_C_o[0][6][2] |     4.265 | SLOW    |     2.205 | FAST    |
S_B_i[0][6][1] | S_C_o[0][6][3] |     4.482 | SLOW    |     2.327 | FAST    |
S_B_i[0][6][1] | S_C_o[0][6][4] |     4.504 | SLOW    |     2.341 | FAST    |
S_B_i[0][6][1] | S_C_o[0][6][5] |     4.569 | SLOW    |     2.378 | FAST    |
S_B_i[0][6][1] | S_C_o[0][6][6] |     4.726 | SLOW    |     2.464 | FAST    |
S_B_i[0][6][1] | S_C_o[0][6][7] |     4.791 | SLOW    |     2.501 | FAST    |
S_B_i[0][6][1] | S_C_o[1][6][1] |     4.301 | SLOW    |     2.233 | FAST    |
S_B_i[0][6][1] | S_C_o[1][6][2] |     4.265 | SLOW    |     2.205 | FAST    |
S_B_i[0][6][1] | S_C_o[1][6][3] |     4.482 | SLOW    |     2.327 | FAST    |
S_B_i[0][6][1] | S_C_o[1][6][4] |     4.504 | SLOW    |     2.341 | FAST    |
S_B_i[0][6][1] | S_C_o[1][6][5] |     4.569 | SLOW    |     2.378 | FAST    |
S_B_i[0][6][1] | S_C_o[1][6][6] |     4.726 | SLOW    |     2.464 | FAST    |
S_B_i[0][6][1] | S_C_o[1][6][7] |     4.791 | SLOW    |     2.501 | FAST    |
S_B_i[0][6][1] | S_C_o[2][6][1] |     4.301 | SLOW    |     2.233 | FAST    |
S_B_i[0][6][1] | S_C_o[2][6][2] |     4.265 | SLOW    |     2.205 | FAST    |
S_B_i[0][6][1] | S_C_o[2][6][3] |     4.482 | SLOW    |     2.327 | FAST    |
S_B_i[0][6][1] | S_C_o[2][6][4] |     4.504 | SLOW    |     2.341 | FAST    |
S_B_i[0][6][1] | S_C_o[2][6][5] |     4.569 | SLOW    |     2.378 | FAST    |
S_B_i[0][6][1] | S_C_o[2][6][6] |     4.726 | SLOW    |     2.464 | FAST    |
S_B_i[0][6][1] | S_C_o[2][6][7] |     4.791 | SLOW    |     2.501 | FAST    |
S_B_i[0][6][1] | S_C_o[3][6][1] |     4.301 | SLOW    |     2.233 | FAST    |
S_B_i[0][6][1] | S_C_o[3][6][2] |     4.265 | SLOW    |     2.205 | FAST    |
S_B_i[0][6][1] | S_C_o[3][6][3] |     4.482 | SLOW    |     2.327 | FAST    |
S_B_i[0][6][1] | S_C_o[3][6][4] |     4.504 | SLOW    |     2.341 | FAST    |
S_B_i[0][6][1] | S_C_o[3][6][5] |     4.569 | SLOW    |     2.378 | FAST    |
S_B_i[0][6][1] | S_C_o[3][6][6] |     4.726 | SLOW    |     2.464 | FAST    |
S_B_i[0][6][1] | S_C_o[3][6][7] |     4.791 | SLOW    |     2.501 | FAST    |
S_B_i[0][6][1] | S_C_o[4][6][1] |     4.301 | SLOW    |     2.233 | FAST    |
S_B_i[0][6][1] | S_C_o[4][6][2] |     4.265 | SLOW    |     2.205 | FAST    |
S_B_i[0][6][1] | S_C_o[4][6][3] |     4.482 | SLOW    |     2.327 | FAST    |
S_B_i[0][6][1] | S_C_o[4][6][4] |     4.504 | SLOW    |     2.341 | FAST    |
S_B_i[0][6][1] | S_C_o[4][6][5] |     4.569 | SLOW    |     2.378 | FAST    |
S_B_i[0][6][1] | S_C_o[4][6][6] |     4.726 | SLOW    |     2.464 | FAST    |
S_B_i[0][6][1] | S_C_o[4][6][7] |     4.791 | SLOW    |     2.501 | FAST    |
S_B_i[0][6][1] | S_C_o[5][6][1] |     4.301 | SLOW    |     2.233 | FAST    |
S_B_i[0][6][1] | S_C_o[5][6][2] |     4.265 | SLOW    |     2.205 | FAST    |
S_B_i[0][6][1] | S_C_o[5][6][3] |     4.482 | SLOW    |     2.327 | FAST    |
S_B_i[0][6][1] | S_C_o[5][6][4] |     4.504 | SLOW    |     2.341 | FAST    |
S_B_i[0][6][1] | S_C_o[5][6][5] |     4.569 | SLOW    |     2.378 | FAST    |
S_B_i[0][6][1] | S_C_o[5][6][6] |     4.726 | SLOW    |     2.464 | FAST    |
S_B_i[0][6][1] | S_C_o[5][6][7] |     4.791 | SLOW    |     2.501 | FAST    |
S_B_i[0][6][1] | S_C_o[6][6][1] |     4.301 | SLOW    |     2.233 | FAST    |
S_B_i[0][6][1] | S_C_o[6][6][2] |     4.265 | SLOW    |     2.205 | FAST    |
S_B_i[0][6][1] | S_C_o[6][6][3] |     4.482 | SLOW    |     2.327 | FAST    |
S_B_i[0][6][1] | S_C_o[6][6][4] |     4.504 | SLOW    |     2.341 | FAST    |
S_B_i[0][6][1] | S_C_o[6][6][5] |     4.569 | SLOW    |     2.378 | FAST    |
S_B_i[0][6][1] | S_C_o[6][6][6] |     4.726 | SLOW    |     2.464 | FAST    |
S_B_i[0][6][1] | S_C_o[6][6][7] |     4.791 | SLOW    |     2.501 | FAST    |
S_B_i[0][6][1] | S_C_o[7][6][1] |     4.301 | SLOW    |     2.233 | FAST    |
S_B_i[0][6][1] | S_C_o[7][6][2] |     4.265 | SLOW    |     2.205 | FAST    |
S_B_i[0][6][1] | S_C_o[7][6][3] |     4.482 | SLOW    |     2.327 | FAST    |
S_B_i[0][6][1] | S_C_o[7][6][4] |     4.504 | SLOW    |     2.341 | FAST    |
S_B_i[0][6][1] | S_C_o[7][6][5] |     4.569 | SLOW    |     2.378 | FAST    |
S_B_i[0][6][1] | S_C_o[7][6][6] |     4.726 | SLOW    |     2.464 | FAST    |
S_B_i[0][6][1] | S_C_o[7][6][7] |     4.791 | SLOW    |     2.501 | FAST    |
S_B_i[0][6][2] | S_C_o[0][6][2] |     4.261 | SLOW    |     2.209 | FAST    |
S_B_i[0][6][2] | S_C_o[0][6][3] |     4.468 | SLOW    |     2.315 | FAST    |
S_B_i[0][6][2] | S_C_o[0][6][4] |     4.490 | SLOW    |     2.329 | FAST    |
S_B_i[0][6][2] | S_C_o[0][6][5] |     4.555 | SLOW    |     2.366 | FAST    |
S_B_i[0][6][2] | S_C_o[0][6][6] |     4.712 | SLOW    |     2.452 | FAST    |
S_B_i[0][6][2] | S_C_o[0][6][7] |     4.777 | SLOW    |     2.489 | FAST    |
S_B_i[0][6][2] | S_C_o[1][6][2] |     4.261 | SLOW    |     2.209 | FAST    |
S_B_i[0][6][2] | S_C_o[1][6][3] |     4.468 | SLOW    |     2.315 | FAST    |
S_B_i[0][6][2] | S_C_o[1][6][4] |     4.490 | SLOW    |     2.329 | FAST    |
S_B_i[0][6][2] | S_C_o[1][6][5] |     4.555 | SLOW    |     2.366 | FAST    |
S_B_i[0][6][2] | S_C_o[1][6][6] |     4.712 | SLOW    |     2.452 | FAST    |
S_B_i[0][6][2] | S_C_o[1][6][7] |     4.777 | SLOW    |     2.489 | FAST    |
S_B_i[0][6][2] | S_C_o[2][6][2] |     4.261 | SLOW    |     2.209 | FAST    |
S_B_i[0][6][2] | S_C_o[2][6][3] |     4.468 | SLOW    |     2.315 | FAST    |
S_B_i[0][6][2] | S_C_o[2][6][4] |     4.490 | SLOW    |     2.329 | FAST    |
S_B_i[0][6][2] | S_C_o[2][6][5] |     4.555 | SLOW    |     2.366 | FAST    |
S_B_i[0][6][2] | S_C_o[2][6][6] |     4.712 | SLOW    |     2.452 | FAST    |
S_B_i[0][6][2] | S_C_o[2][6][7] |     4.777 | SLOW    |     2.489 | FAST    |
S_B_i[0][6][2] | S_C_o[3][6][2] |     4.261 | SLOW    |     2.209 | FAST    |
S_B_i[0][6][2] | S_C_o[3][6][3] |     4.468 | SLOW    |     2.315 | FAST    |
S_B_i[0][6][2] | S_C_o[3][6][4] |     4.490 | SLOW    |     2.329 | FAST    |
S_B_i[0][6][2] | S_C_o[3][6][5] |     4.555 | SLOW    |     2.366 | FAST    |
S_B_i[0][6][2] | S_C_o[3][6][6] |     4.712 | SLOW    |     2.452 | FAST    |
S_B_i[0][6][2] | S_C_o[3][6][7] |     4.777 | SLOW    |     2.489 | FAST    |
S_B_i[0][6][2] | S_C_o[4][6][2] |     4.261 | SLOW    |     2.209 | FAST    |
S_B_i[0][6][2] | S_C_o[4][6][3] |     4.468 | SLOW    |     2.315 | FAST    |
S_B_i[0][6][2] | S_C_o[4][6][4] |     4.490 | SLOW    |     2.329 | FAST    |
S_B_i[0][6][2] | S_C_o[4][6][5] |     4.555 | SLOW    |     2.366 | FAST    |
S_B_i[0][6][2] | S_C_o[4][6][6] |     4.712 | SLOW    |     2.452 | FAST    |
S_B_i[0][6][2] | S_C_o[4][6][7] |     4.777 | SLOW    |     2.489 | FAST    |
S_B_i[0][6][2] | S_C_o[5][6][2] |     4.261 | SLOW    |     2.209 | FAST    |
S_B_i[0][6][2] | S_C_o[5][6][3] |     4.468 | SLOW    |     2.315 | FAST    |
S_B_i[0][6][2] | S_C_o[5][6][4] |     4.490 | SLOW    |     2.329 | FAST    |
S_B_i[0][6][2] | S_C_o[5][6][5] |     4.555 | SLOW    |     2.366 | FAST    |
S_B_i[0][6][2] | S_C_o[5][6][6] |     4.712 | SLOW    |     2.452 | FAST    |
S_B_i[0][6][2] | S_C_o[5][6][7] |     4.777 | SLOW    |     2.489 | FAST    |
S_B_i[0][6][2] | S_C_o[6][6][2] |     4.261 | SLOW    |     2.209 | FAST    |
S_B_i[0][6][2] | S_C_o[6][6][3] |     4.468 | SLOW    |     2.315 | FAST    |
S_B_i[0][6][2] | S_C_o[6][6][4] |     4.490 | SLOW    |     2.329 | FAST    |
S_B_i[0][6][2] | S_C_o[6][6][5] |     4.555 | SLOW    |     2.366 | FAST    |
S_B_i[0][6][2] | S_C_o[6][6][6] |     4.712 | SLOW    |     2.452 | FAST    |
S_B_i[0][6][2] | S_C_o[6][6][7] |     4.777 | SLOW    |     2.489 | FAST    |
S_B_i[0][6][2] | S_C_o[7][6][2] |     4.261 | SLOW    |     2.209 | FAST    |
S_B_i[0][6][2] | S_C_o[7][6][3] |     4.468 | SLOW    |     2.315 | FAST    |
S_B_i[0][6][2] | S_C_o[7][6][4] |     4.490 | SLOW    |     2.329 | FAST    |
S_B_i[0][6][2] | S_C_o[7][6][5] |     4.555 | SLOW    |     2.366 | FAST    |
S_B_i[0][6][2] | S_C_o[7][6][6] |     4.712 | SLOW    |     2.452 | FAST    |
S_B_i[0][6][2] | S_C_o[7][6][7] |     4.777 | SLOW    |     2.489 | FAST    |
S_B_i[0][6][3] | S_C_o[0][6][3] |     4.277 | SLOW    |     2.217 | FAST    |
S_B_i[0][6][3] | S_C_o[0][6][4] |     4.294 | SLOW    |     2.223 | FAST    |
S_B_i[0][6][3] | S_C_o[0][6][5] |     4.277 | SLOW    |     2.217 | FAST    |
S_B_i[0][6][3] | S_C_o[0][6][6] |     4.530 | SLOW    |     2.360 | FAST    |
S_B_i[0][6][3] | S_C_o[0][6][7] |     4.595 | SLOW    |     2.397 | FAST    |
S_B_i[0][6][3] | S_C_o[1][6][3] |     4.277 | SLOW    |     2.217 | FAST    |
S_B_i[0][6][3] | S_C_o[1][6][4] |     4.294 | SLOW    |     2.223 | FAST    |
S_B_i[0][6][3] | S_C_o[1][6][5] |     4.277 | SLOW    |     2.217 | FAST    |
S_B_i[0][6][3] | S_C_o[1][6][6] |     4.530 | SLOW    |     2.360 | FAST    |
S_B_i[0][6][3] | S_C_o[1][6][7] |     4.595 | SLOW    |     2.397 | FAST    |
S_B_i[0][6][3] | S_C_o[2][6][3] |     4.277 | SLOW    |     2.217 | FAST    |
S_B_i[0][6][3] | S_C_o[2][6][4] |     4.294 | SLOW    |     2.223 | FAST    |
S_B_i[0][6][3] | S_C_o[2][6][5] |     4.277 | SLOW    |     2.217 | FAST    |
S_B_i[0][6][3] | S_C_o[2][6][6] |     4.530 | SLOW    |     2.360 | FAST    |
S_B_i[0][6][3] | S_C_o[2][6][7] |     4.595 | SLOW    |     2.397 | FAST    |
S_B_i[0][6][3] | S_C_o[3][6][3] |     4.277 | SLOW    |     2.217 | FAST    |
S_B_i[0][6][3] | S_C_o[3][6][4] |     4.294 | SLOW    |     2.223 | FAST    |
S_B_i[0][6][3] | S_C_o[3][6][5] |     4.277 | SLOW    |     2.217 | FAST    |
S_B_i[0][6][3] | S_C_o[3][6][6] |     4.530 | SLOW    |     2.360 | FAST    |
S_B_i[0][6][3] | S_C_o[3][6][7] |     4.595 | SLOW    |     2.397 | FAST    |
S_B_i[0][6][3] | S_C_o[4][6][3] |     4.277 | SLOW    |     2.217 | FAST    |
S_B_i[0][6][3] | S_C_o[4][6][4] |     4.294 | SLOW    |     2.223 | FAST    |
S_B_i[0][6][3] | S_C_o[4][6][5] |     4.277 | SLOW    |     2.217 | FAST    |
S_B_i[0][6][3] | S_C_o[4][6][6] |     4.530 | SLOW    |     2.360 | FAST    |
S_B_i[0][6][3] | S_C_o[4][6][7] |     4.595 | SLOW    |     2.397 | FAST    |
S_B_i[0][6][3] | S_C_o[5][6][3] |     4.277 | SLOW    |     2.217 | FAST    |
S_B_i[0][6][3] | S_C_o[5][6][4] |     4.294 | SLOW    |     2.223 | FAST    |
S_B_i[0][6][3] | S_C_o[5][6][5] |     4.277 | SLOW    |     2.217 | FAST    |
S_B_i[0][6][3] | S_C_o[5][6][6] |     4.530 | SLOW    |     2.360 | FAST    |
S_B_i[0][6][3] | S_C_o[5][6][7] |     4.595 | SLOW    |     2.397 | FAST    |
S_B_i[0][6][3] | S_C_o[6][6][3] |     4.277 | SLOW    |     2.217 | FAST    |
S_B_i[0][6][3] | S_C_o[6][6][4] |     4.294 | SLOW    |     2.223 | FAST    |
S_B_i[0][6][3] | S_C_o[6][6][5] |     4.277 | SLOW    |     2.217 | FAST    |
S_B_i[0][6][3] | S_C_o[6][6][6] |     4.530 | SLOW    |     2.360 | FAST    |
S_B_i[0][6][3] | S_C_o[6][6][7] |     4.595 | SLOW    |     2.397 | FAST    |
S_B_i[0][6][3] | S_C_o[7][6][3] |     4.277 | SLOW    |     2.217 | FAST    |
S_B_i[0][6][3] | S_C_o[7][6][4] |     4.294 | SLOW    |     2.223 | FAST    |
S_B_i[0][6][3] | S_C_o[7][6][5] |     4.277 | SLOW    |     2.217 | FAST    |
S_B_i[0][6][3] | S_C_o[7][6][6] |     4.530 | SLOW    |     2.360 | FAST    |
S_B_i[0][6][3] | S_C_o[7][6][7] |     4.595 | SLOW    |     2.397 | FAST    |
S_B_i[0][6][4] | S_C_o[0][6][4] |     4.301 | SLOW    |     2.233 | FAST    |
S_B_i[0][6][4] | S_C_o[0][6][5] |     4.265 | SLOW    |     2.205 | FAST    |
S_B_i[0][6][4] | S_C_o[0][6][6] |     4.509 | SLOW    |     2.342 | FAST    |
S_B_i[0][6][4] | S_C_o[0][6][7] |     4.574 | SLOW    |     2.379 | FAST    |
S_B_i[0][6][4] | S_C_o[1][6][4] |     4.301 | SLOW    |     2.233 | FAST    |
S_B_i[0][6][4] | S_C_o[1][6][5] |     4.265 | SLOW    |     2.205 | FAST    |
S_B_i[0][6][4] | S_C_o[1][6][6] |     4.509 | SLOW    |     2.342 | FAST    |
S_B_i[0][6][4] | S_C_o[1][6][7] |     4.574 | SLOW    |     2.379 | FAST    |
S_B_i[0][6][4] | S_C_o[2][6][4] |     4.301 | SLOW    |     2.233 | FAST    |
S_B_i[0][6][4] | S_C_o[2][6][5] |     4.265 | SLOW    |     2.205 | FAST    |
S_B_i[0][6][4] | S_C_o[2][6][6] |     4.509 | SLOW    |     2.342 | FAST    |
S_B_i[0][6][4] | S_C_o[2][6][7] |     4.574 | SLOW    |     2.379 | FAST    |
S_B_i[0][6][4] | S_C_o[3][6][4] |     4.301 | SLOW    |     2.233 | FAST    |
S_B_i[0][6][4] | S_C_o[3][6][5] |     4.265 | SLOW    |     2.205 | FAST    |
S_B_i[0][6][4] | S_C_o[3][6][6] |     4.509 | SLOW    |     2.342 | FAST    |
S_B_i[0][6][4] | S_C_o[3][6][7] |     4.574 | SLOW    |     2.379 | FAST    |
S_B_i[0][6][4] | S_C_o[4][6][4] |     4.301 | SLOW    |     2.233 | FAST    |
S_B_i[0][6][4] | S_C_o[4][6][5] |     4.265 | SLOW    |     2.205 | FAST    |
S_B_i[0][6][4] | S_C_o[4][6][6] |     4.509 | SLOW    |     2.342 | FAST    |
S_B_i[0][6][4] | S_C_o[4][6][7] |     4.574 | SLOW    |     2.379 | FAST    |
S_B_i[0][6][4] | S_C_o[5][6][4] |     4.301 | SLOW    |     2.233 | FAST    |
S_B_i[0][6][4] | S_C_o[5][6][5] |     4.265 | SLOW    |     2.205 | FAST    |
S_B_i[0][6][4] | S_C_o[5][6][6] |     4.509 | SLOW    |     2.342 | FAST    |
S_B_i[0][6][4] | S_C_o[5][6][7] |     4.574 | SLOW    |     2.379 | FAST    |
S_B_i[0][6][4] | S_C_o[6][6][4] |     4.301 | SLOW    |     2.233 | FAST    |
S_B_i[0][6][4] | S_C_o[6][6][5] |     4.265 | SLOW    |     2.205 | FAST    |
S_B_i[0][6][4] | S_C_o[6][6][6] |     4.509 | SLOW    |     2.342 | FAST    |
S_B_i[0][6][4] | S_C_o[6][6][7] |     4.574 | SLOW    |     2.379 | FAST    |
S_B_i[0][6][4] | S_C_o[7][6][4] |     4.301 | SLOW    |     2.233 | FAST    |
S_B_i[0][6][4] | S_C_o[7][6][5] |     4.265 | SLOW    |     2.205 | FAST    |
S_B_i[0][6][4] | S_C_o[7][6][6] |     4.509 | SLOW    |     2.342 | FAST    |
S_B_i[0][6][4] | S_C_o[7][6][7] |     4.574 | SLOW    |     2.379 | FAST    |
S_B_i[0][6][5] | S_C_o[0][6][5] |     4.468 | SLOW    |     2.326 | FAST    |
S_B_i[0][6][5] | S_C_o[0][6][6] |     4.287 | SLOW    |     2.219 | FAST    |
S_B_i[0][6][5] | S_C_o[0][6][7] |     4.265 | SLOW    |     2.205 | FAST    |
S_B_i[0][6][5] | S_C_o[1][6][5] |     4.468 | SLOW    |     2.326 | FAST    |
S_B_i[0][6][5] | S_C_o[1][6][6] |     4.287 | SLOW    |     2.219 | FAST    |
S_B_i[0][6][5] | S_C_o[1][6][7] |     4.265 | SLOW    |     2.205 | FAST    |
S_B_i[0][6][5] | S_C_o[2][6][5] |     4.468 | SLOW    |     2.326 | FAST    |
S_B_i[0][6][5] | S_C_o[2][6][6] |     4.287 | SLOW    |     2.219 | FAST    |
S_B_i[0][6][5] | S_C_o[2][6][7] |     4.265 | SLOW    |     2.205 | FAST    |
S_B_i[0][6][5] | S_C_o[3][6][5] |     4.468 | SLOW    |     2.326 | FAST    |
S_B_i[0][6][5] | S_C_o[3][6][6] |     4.287 | SLOW    |     2.219 | FAST    |
S_B_i[0][6][5] | S_C_o[3][6][7] |     4.265 | SLOW    |     2.205 | FAST    |
S_B_i[0][6][5] | S_C_o[4][6][5] |     4.468 | SLOW    |     2.326 | FAST    |
S_B_i[0][6][5] | S_C_o[4][6][6] |     4.287 | SLOW    |     2.219 | FAST    |
S_B_i[0][6][5] | S_C_o[4][6][7] |     4.265 | SLOW    |     2.205 | FAST    |
S_B_i[0][6][5] | S_C_o[5][6][5] |     4.468 | SLOW    |     2.326 | FAST    |
S_B_i[0][6][5] | S_C_o[5][6][6] |     4.287 | SLOW    |     2.219 | FAST    |
S_B_i[0][6][5] | S_C_o[5][6][7] |     4.265 | SLOW    |     2.205 | FAST    |
S_B_i[0][6][5] | S_C_o[6][6][5] |     4.468 | SLOW    |     2.326 | FAST    |
S_B_i[0][6][5] | S_C_o[6][6][6] |     4.287 | SLOW    |     2.219 | FAST    |
S_B_i[0][6][5] | S_C_o[6][6][7] |     4.265 | SLOW    |     2.205 | FAST    |
S_B_i[0][6][5] | S_C_o[7][6][5] |     4.468 | SLOW    |     2.326 | FAST    |
S_B_i[0][6][5] | S_C_o[7][6][6] |     4.287 | SLOW    |     2.219 | FAST    |
S_B_i[0][6][5] | S_C_o[7][6][7] |     4.265 | SLOW    |     2.205 | FAST    |
S_B_i[0][6][6] | S_C_o[0][6][6] |     4.292 | SLOW    |     2.229 | FAST    |
S_B_i[0][6][6] | S_C_o[0][6][7] |     4.261 | SLOW    |     2.209 | FAST    |
S_B_i[0][6][6] | S_C_o[1][6][6] |     4.292 | SLOW    |     2.229 | FAST    |
S_B_i[0][6][6] | S_C_o[1][6][7] |     4.261 | SLOW    |     2.209 | FAST    |
S_B_i[0][6][6] | S_C_o[2][6][6] |     4.292 | SLOW    |     2.229 | FAST    |
S_B_i[0][6][6] | S_C_o[2][6][7] |     4.261 | SLOW    |     2.209 | FAST    |
S_B_i[0][6][6] | S_C_o[3][6][6] |     4.292 | SLOW    |     2.229 | FAST    |
S_B_i[0][6][6] | S_C_o[3][6][7] |     4.261 | SLOW    |     2.209 | FAST    |
S_B_i[0][6][6] | S_C_o[4][6][6] |     4.292 | SLOW    |     2.229 | FAST    |
S_B_i[0][6][6] | S_C_o[4][6][7] |     4.261 | SLOW    |     2.209 | FAST    |
S_B_i[0][6][6] | S_C_o[5][6][6] |     4.292 | SLOW    |     2.229 | FAST    |
S_B_i[0][6][6] | S_C_o[5][6][7] |     4.261 | SLOW    |     2.209 | FAST    |
S_B_i[0][6][6] | S_C_o[6][6][6] |     4.292 | SLOW    |     2.229 | FAST    |
S_B_i[0][6][6] | S_C_o[6][6][7] |     4.261 | SLOW    |     2.209 | FAST    |
S_B_i[0][6][6] | S_C_o[7][6][6] |     4.292 | SLOW    |     2.229 | FAST    |
S_B_i[0][6][6] | S_C_o[7][6][7] |     4.261 | SLOW    |     2.209 | FAST    |
S_B_i[0][6][7] | S_C_o[0][6][7] |     4.444 | SLOW    |     2.314 | FAST    |
S_B_i[0][6][7] | S_C_o[1][6][7] |     4.444 | SLOW    |     2.314 | FAST    |
S_B_i[0][6][7] | S_C_o[2][6][7] |     4.444 | SLOW    |     2.314 | FAST    |
S_B_i[0][6][7] | S_C_o[3][6][7] |     4.444 | SLOW    |     2.314 | FAST    |
S_B_i[0][6][7] | S_C_o[4][6][7] |     4.444 | SLOW    |     2.314 | FAST    |
S_B_i[0][6][7] | S_C_o[5][6][7] |     4.444 | SLOW    |     2.314 | FAST    |
S_B_i[0][6][7] | S_C_o[6][6][7] |     4.444 | SLOW    |     2.314 | FAST    |
S_B_i[0][6][7] | S_C_o[7][6][7] |     4.444 | SLOW    |     2.314 | FAST    |
S_B_i[0][7][0] | S_C_o[0][7][0] |     4.277 | SLOW    |     2.217 | FAST    |
S_B_i[0][7][0] | S_C_o[0][7][1] |     4.294 | SLOW    |     2.223 | FAST    |
S_B_i[0][7][0] | S_C_o[0][7][2] |     4.272 | SLOW    |     2.209 | FAST    |
S_B_i[0][7][0] | S_C_o[0][7][3] |     4.516 | SLOW    |     2.340 | FAST    |
S_B_i[0][7][0] | S_C_o[0][7][4] |     4.538 | SLOW    |     2.354 | FAST    |
S_B_i[0][7][0] | S_C_o[0][7][5] |     4.603 | SLOW    |     2.391 | FAST    |
S_B_i[0][7][0] | S_C_o[0][7][6] |     4.760 | SLOW    |     2.477 | FAST    |
S_B_i[0][7][0] | S_C_o[0][7][7] |     4.825 | SLOW    |     2.514 | FAST    |
S_B_i[0][7][0] | S_C_o[1][7][0] |     4.277 | SLOW    |     2.217 | FAST    |
S_B_i[0][7][0] | S_C_o[1][7][1] |     4.294 | SLOW    |     2.223 | FAST    |
S_B_i[0][7][0] | S_C_o[1][7][2] |     4.272 | SLOW    |     2.209 | FAST    |
S_B_i[0][7][0] | S_C_o[1][7][3] |     4.516 | SLOW    |     2.340 | FAST    |
S_B_i[0][7][0] | S_C_o[1][7][4] |     4.538 | SLOW    |     2.354 | FAST    |
S_B_i[0][7][0] | S_C_o[1][7][5] |     4.603 | SLOW    |     2.391 | FAST    |
S_B_i[0][7][0] | S_C_o[1][7][6] |     4.760 | SLOW    |     2.477 | FAST    |
S_B_i[0][7][0] | S_C_o[1][7][7] |     4.825 | SLOW    |     2.514 | FAST    |
S_B_i[0][7][0] | S_C_o[2][7][0] |     4.277 | SLOW    |     2.217 | FAST    |
S_B_i[0][7][0] | S_C_o[2][7][1] |     4.294 | SLOW    |     2.223 | FAST    |
S_B_i[0][7][0] | S_C_o[2][7][2] |     4.272 | SLOW    |     2.209 | FAST    |
S_B_i[0][7][0] | S_C_o[2][7][3] |     4.516 | SLOW    |     2.340 | FAST    |
S_B_i[0][7][0] | S_C_o[2][7][4] |     4.538 | SLOW    |     2.354 | FAST    |
S_B_i[0][7][0] | S_C_o[2][7][5] |     4.603 | SLOW    |     2.391 | FAST    |
S_B_i[0][7][0] | S_C_o[2][7][6] |     4.760 | SLOW    |     2.477 | FAST    |
S_B_i[0][7][0] | S_C_o[2][7][7] |     4.825 | SLOW    |     2.514 | FAST    |
S_B_i[0][7][0] | S_C_o[3][7][0] |     4.277 | SLOW    |     2.217 | FAST    |
S_B_i[0][7][0] | S_C_o[3][7][1] |     4.294 | SLOW    |     2.223 | FAST    |
S_B_i[0][7][0] | S_C_o[3][7][2] |     4.272 | SLOW    |     2.209 | FAST    |
S_B_i[0][7][0] | S_C_o[3][7][3] |     4.516 | SLOW    |     2.340 | FAST    |
S_B_i[0][7][0] | S_C_o[3][7][4] |     4.538 | SLOW    |     2.354 | FAST    |
S_B_i[0][7][0] | S_C_o[3][7][5] |     4.603 | SLOW    |     2.391 | FAST    |
S_B_i[0][7][0] | S_C_o[3][7][6] |     4.760 | SLOW    |     2.477 | FAST    |
S_B_i[0][7][0] | S_C_o[3][7][7] |     4.825 | SLOW    |     2.514 | FAST    |
S_B_i[0][7][0] | S_C_o[4][7][0] |     4.277 | SLOW    |     2.217 | FAST    |
S_B_i[0][7][0] | S_C_o[4][7][1] |     4.294 | SLOW    |     2.223 | FAST    |
S_B_i[0][7][0] | S_C_o[4][7][2] |     4.272 | SLOW    |     2.209 | FAST    |
S_B_i[0][7][0] | S_C_o[4][7][3] |     4.516 | SLOW    |     2.340 | FAST    |
S_B_i[0][7][0] | S_C_o[4][7][4] |     4.538 | SLOW    |     2.354 | FAST    |
S_B_i[0][7][0] | S_C_o[4][7][5] |     4.603 | SLOW    |     2.391 | FAST    |
S_B_i[0][7][0] | S_C_o[4][7][6] |     4.760 | SLOW    |     2.477 | FAST    |
S_B_i[0][7][0] | S_C_o[4][7][7] |     4.825 | SLOW    |     2.514 | FAST    |
S_B_i[0][7][0] | S_C_o[5][7][0] |     4.277 | SLOW    |     2.217 | FAST    |
S_B_i[0][7][0] | S_C_o[5][7][1] |     4.294 | SLOW    |     2.223 | FAST    |
S_B_i[0][7][0] | S_C_o[5][7][2] |     4.272 | SLOW    |     2.209 | FAST    |
S_B_i[0][7][0] | S_C_o[5][7][3] |     4.516 | SLOW    |     2.340 | FAST    |
S_B_i[0][7][0] | S_C_o[5][7][4] |     4.538 | SLOW    |     2.354 | FAST    |
S_B_i[0][7][0] | S_C_o[5][7][5] |     4.603 | SLOW    |     2.391 | FAST    |
S_B_i[0][7][0] | S_C_o[5][7][6] |     4.760 | SLOW    |     2.477 | FAST    |
S_B_i[0][7][0] | S_C_o[5][7][7] |     4.825 | SLOW    |     2.514 | FAST    |
S_B_i[0][7][0] | S_C_o[6][7][0] |     4.277 | SLOW    |     2.217 | FAST    |
S_B_i[0][7][0] | S_C_o[6][7][1] |     4.294 | SLOW    |     2.223 | FAST    |
S_B_i[0][7][0] | S_C_o[6][7][2] |     4.272 | SLOW    |     2.209 | FAST    |
S_B_i[0][7][0] | S_C_o[6][7][3] |     4.516 | SLOW    |     2.340 | FAST    |
S_B_i[0][7][0] | S_C_o[6][7][4] |     4.538 | SLOW    |     2.354 | FAST    |
S_B_i[0][7][0] | S_C_o[6][7][5] |     4.603 | SLOW    |     2.391 | FAST    |
S_B_i[0][7][0] | S_C_o[6][7][6] |     4.760 | SLOW    |     2.477 | FAST    |
S_B_i[0][7][0] | S_C_o[6][7][7] |     4.825 | SLOW    |     2.514 | FAST    |
S_B_i[0][7][0] | S_C_o[7][7][0] |     4.277 | SLOW    |     2.217 | FAST    |
S_B_i[0][7][0] | S_C_o[7][7][1] |     4.294 | SLOW    |     2.223 | FAST    |
S_B_i[0][7][0] | S_C_o[7][7][2] |     4.272 | SLOW    |     2.209 | FAST    |
S_B_i[0][7][0] | S_C_o[7][7][3] |     4.516 | SLOW    |     2.340 | FAST    |
S_B_i[0][7][0] | S_C_o[7][7][4] |     4.538 | SLOW    |     2.354 | FAST    |
S_B_i[0][7][0] | S_C_o[7][7][5] |     4.603 | SLOW    |     2.391 | FAST    |
S_B_i[0][7][0] | S_C_o[7][7][6] |     4.760 | SLOW    |     2.477 | FAST    |
S_B_i[0][7][0] | S_C_o[7][7][7] |     4.825 | SLOW    |     2.514 | FAST    |
S_B_i[0][7][1] | S_C_o[0][7][1] |     4.301 | SLOW    |     2.233 | FAST    |
S_B_i[0][7][1] | S_C_o[0][7][2] |     4.265 | SLOW    |     2.205 | FAST    |
S_B_i[0][7][1] | S_C_o[0][7][3] |     4.482 | SLOW    |     2.327 | FAST    |
S_B_i[0][7][1] | S_C_o[0][7][4] |     4.504 | SLOW    |     2.341 | FAST    |
S_B_i[0][7][1] | S_C_o[0][7][5] |     4.569 | SLOW    |     2.378 | FAST    |
S_B_i[0][7][1] | S_C_o[0][7][6] |     4.726 | SLOW    |     2.464 | FAST    |
S_B_i[0][7][1] | S_C_o[0][7][7] |     4.791 | SLOW    |     2.501 | FAST    |
S_B_i[0][7][1] | S_C_o[1][7][1] |     4.301 | SLOW    |     2.233 | FAST    |
S_B_i[0][7][1] | S_C_o[1][7][2] |     4.265 | SLOW    |     2.205 | FAST    |
S_B_i[0][7][1] | S_C_o[1][7][3] |     4.482 | SLOW    |     2.327 | FAST    |
S_B_i[0][7][1] | S_C_o[1][7][4] |     4.504 | SLOW    |     2.341 | FAST    |
S_B_i[0][7][1] | S_C_o[1][7][5] |     4.569 | SLOW    |     2.378 | FAST    |
S_B_i[0][7][1] | S_C_o[1][7][6] |     4.726 | SLOW    |     2.464 | FAST    |
S_B_i[0][7][1] | S_C_o[1][7][7] |     4.791 | SLOW    |     2.501 | FAST    |
S_B_i[0][7][1] | S_C_o[2][7][1] |     4.301 | SLOW    |     2.233 | FAST    |
S_B_i[0][7][1] | S_C_o[2][7][2] |     4.265 | SLOW    |     2.205 | FAST    |
S_B_i[0][7][1] | S_C_o[2][7][3] |     4.482 | SLOW    |     2.327 | FAST    |
S_B_i[0][7][1] | S_C_o[2][7][4] |     4.504 | SLOW    |     2.341 | FAST    |
S_B_i[0][7][1] | S_C_o[2][7][5] |     4.569 | SLOW    |     2.378 | FAST    |
S_B_i[0][7][1] | S_C_o[2][7][6] |     4.726 | SLOW    |     2.464 | FAST    |
S_B_i[0][7][1] | S_C_o[2][7][7] |     4.791 | SLOW    |     2.501 | FAST    |
S_B_i[0][7][1] | S_C_o[3][7][1] |     4.301 | SLOW    |     2.233 | FAST    |
S_B_i[0][7][1] | S_C_o[3][7][2] |     4.265 | SLOW    |     2.205 | FAST    |
S_B_i[0][7][1] | S_C_o[3][7][3] |     4.482 | SLOW    |     2.327 | FAST    |
S_B_i[0][7][1] | S_C_o[3][7][4] |     4.504 | SLOW    |     2.341 | FAST    |
S_B_i[0][7][1] | S_C_o[3][7][5] |     4.569 | SLOW    |     2.378 | FAST    |
S_B_i[0][7][1] | S_C_o[3][7][6] |     4.726 | SLOW    |     2.464 | FAST    |
S_B_i[0][7][1] | S_C_o[3][7][7] |     4.791 | SLOW    |     2.501 | FAST    |
S_B_i[0][7][1] | S_C_o[4][7][1] |     4.301 | SLOW    |     2.233 | FAST    |
S_B_i[0][7][1] | S_C_o[4][7][2] |     4.265 | SLOW    |     2.205 | FAST    |
S_B_i[0][7][1] | S_C_o[4][7][3] |     4.482 | SLOW    |     2.327 | FAST    |
S_B_i[0][7][1] | S_C_o[4][7][4] |     4.504 | SLOW    |     2.341 | FAST    |
S_B_i[0][7][1] | S_C_o[4][7][5] |     4.569 | SLOW    |     2.378 | FAST    |
S_B_i[0][7][1] | S_C_o[4][7][6] |     4.726 | SLOW    |     2.464 | FAST    |
S_B_i[0][7][1] | S_C_o[4][7][7] |     4.791 | SLOW    |     2.501 | FAST    |
S_B_i[0][7][1] | S_C_o[5][7][1] |     4.301 | SLOW    |     2.233 | FAST    |
S_B_i[0][7][1] | S_C_o[5][7][2] |     4.265 | SLOW    |     2.205 | FAST    |
S_B_i[0][7][1] | S_C_o[5][7][3] |     4.482 | SLOW    |     2.327 | FAST    |
S_B_i[0][7][1] | S_C_o[5][7][4] |     4.504 | SLOW    |     2.341 | FAST    |
S_B_i[0][7][1] | S_C_o[5][7][5] |     4.569 | SLOW    |     2.378 | FAST    |
S_B_i[0][7][1] | S_C_o[5][7][6] |     4.726 | SLOW    |     2.464 | FAST    |
S_B_i[0][7][1] | S_C_o[5][7][7] |     4.791 | SLOW    |     2.501 | FAST    |
S_B_i[0][7][1] | S_C_o[6][7][1] |     4.301 | SLOW    |     2.233 | FAST    |
S_B_i[0][7][1] | S_C_o[6][7][2] |     4.265 | SLOW    |     2.205 | FAST    |
S_B_i[0][7][1] | S_C_o[6][7][3] |     4.482 | SLOW    |     2.327 | FAST    |
S_B_i[0][7][1] | S_C_o[6][7][4] |     4.504 | SLOW    |     2.341 | FAST    |
S_B_i[0][7][1] | S_C_o[6][7][5] |     4.569 | SLOW    |     2.378 | FAST    |
S_B_i[0][7][1] | S_C_o[6][7][6] |     4.726 | SLOW    |     2.464 | FAST    |
S_B_i[0][7][1] | S_C_o[6][7][7] |     4.791 | SLOW    |     2.501 | FAST    |
S_B_i[0][7][1] | S_C_o[7][7][1] |     4.301 | SLOW    |     2.233 | FAST    |
S_B_i[0][7][1] | S_C_o[7][7][2] |     4.265 | SLOW    |     2.205 | FAST    |
S_B_i[0][7][1] | S_C_o[7][7][3] |     4.482 | SLOW    |     2.327 | FAST    |
S_B_i[0][7][1] | S_C_o[7][7][4] |     4.504 | SLOW    |     2.341 | FAST    |
S_B_i[0][7][1] | S_C_o[7][7][5] |     4.569 | SLOW    |     2.378 | FAST    |
S_B_i[0][7][1] | S_C_o[7][7][6] |     4.726 | SLOW    |     2.464 | FAST    |
S_B_i[0][7][1] | S_C_o[7][7][7] |     4.791 | SLOW    |     2.501 | FAST    |
S_B_i[0][7][2] | S_C_o[0][7][2] |     4.261 | SLOW    |     2.209 | FAST    |
S_B_i[0][7][2] | S_C_o[0][7][3] |     4.468 | SLOW    |     2.315 | FAST    |
S_B_i[0][7][2] | S_C_o[0][7][4] |     4.490 | SLOW    |     2.329 | FAST    |
S_B_i[0][7][2] | S_C_o[0][7][5] |     4.555 | SLOW    |     2.366 | FAST    |
S_B_i[0][7][2] | S_C_o[0][7][6] |     4.712 | SLOW    |     2.452 | FAST    |
S_B_i[0][7][2] | S_C_o[0][7][7] |     4.777 | SLOW    |     2.489 | FAST    |
S_B_i[0][7][2] | S_C_o[1][7][2] |     4.261 | SLOW    |     2.209 | FAST    |
S_B_i[0][7][2] | S_C_o[1][7][3] |     4.468 | SLOW    |     2.315 | FAST    |
S_B_i[0][7][2] | S_C_o[1][7][4] |     4.490 | SLOW    |     2.329 | FAST    |
S_B_i[0][7][2] | S_C_o[1][7][5] |     4.555 | SLOW    |     2.366 | FAST    |
S_B_i[0][7][2] | S_C_o[1][7][6] |     4.712 | SLOW    |     2.452 | FAST    |
S_B_i[0][7][2] | S_C_o[1][7][7] |     4.777 | SLOW    |     2.489 | FAST    |
S_B_i[0][7][2] | S_C_o[2][7][2] |     4.261 | SLOW    |     2.209 | FAST    |
S_B_i[0][7][2] | S_C_o[2][7][3] |     4.468 | SLOW    |     2.315 | FAST    |
S_B_i[0][7][2] | S_C_o[2][7][4] |     4.490 | SLOW    |     2.329 | FAST    |
S_B_i[0][7][2] | S_C_o[2][7][5] |     4.555 | SLOW    |     2.366 | FAST    |
S_B_i[0][7][2] | S_C_o[2][7][6] |     4.712 | SLOW    |     2.452 | FAST    |
S_B_i[0][7][2] | S_C_o[2][7][7] |     4.777 | SLOW    |     2.489 | FAST    |
S_B_i[0][7][2] | S_C_o[3][7][2] |     4.261 | SLOW    |     2.209 | FAST    |
S_B_i[0][7][2] | S_C_o[3][7][3] |     4.468 | SLOW    |     2.315 | FAST    |
S_B_i[0][7][2] | S_C_o[3][7][4] |     4.490 | SLOW    |     2.329 | FAST    |
S_B_i[0][7][2] | S_C_o[3][7][5] |     4.555 | SLOW    |     2.366 | FAST    |
S_B_i[0][7][2] | S_C_o[3][7][6] |     4.712 | SLOW    |     2.452 | FAST    |
S_B_i[0][7][2] | S_C_o[3][7][7] |     4.777 | SLOW    |     2.489 | FAST    |
S_B_i[0][7][2] | S_C_o[4][7][2] |     4.261 | SLOW    |     2.209 | FAST    |
S_B_i[0][7][2] | S_C_o[4][7][3] |     4.468 | SLOW    |     2.315 | FAST    |
S_B_i[0][7][2] | S_C_o[4][7][4] |     4.490 | SLOW    |     2.329 | FAST    |
S_B_i[0][7][2] | S_C_o[4][7][5] |     4.555 | SLOW    |     2.366 | FAST    |
S_B_i[0][7][2] | S_C_o[4][7][6] |     4.712 | SLOW    |     2.452 | FAST    |
S_B_i[0][7][2] | S_C_o[4][7][7] |     4.777 | SLOW    |     2.489 | FAST    |
S_B_i[0][7][2] | S_C_o[5][7][2] |     4.261 | SLOW    |     2.209 | FAST    |
S_B_i[0][7][2] | S_C_o[5][7][3] |     4.468 | SLOW    |     2.315 | FAST    |
S_B_i[0][7][2] | S_C_o[5][7][4] |     4.490 | SLOW    |     2.329 | FAST    |
S_B_i[0][7][2] | S_C_o[5][7][5] |     4.555 | SLOW    |     2.366 | FAST    |
S_B_i[0][7][2] | S_C_o[5][7][6] |     4.712 | SLOW    |     2.452 | FAST    |
S_B_i[0][7][2] | S_C_o[5][7][7] |     4.777 | SLOW    |     2.489 | FAST    |
S_B_i[0][7][2] | S_C_o[6][7][2] |     4.261 | SLOW    |     2.209 | FAST    |
S_B_i[0][7][2] | S_C_o[6][7][3] |     4.468 | SLOW    |     2.315 | FAST    |
S_B_i[0][7][2] | S_C_o[6][7][4] |     4.490 | SLOW    |     2.329 | FAST    |
S_B_i[0][7][2] | S_C_o[6][7][5] |     4.555 | SLOW    |     2.366 | FAST    |
S_B_i[0][7][2] | S_C_o[6][7][6] |     4.712 | SLOW    |     2.452 | FAST    |
S_B_i[0][7][2] | S_C_o[6][7][7] |     4.777 | SLOW    |     2.489 | FAST    |
S_B_i[0][7][2] | S_C_o[7][7][2] |     4.261 | SLOW    |     2.209 | FAST    |
S_B_i[0][7][2] | S_C_o[7][7][3] |     4.468 | SLOW    |     2.315 | FAST    |
S_B_i[0][7][2] | S_C_o[7][7][4] |     4.490 | SLOW    |     2.329 | FAST    |
S_B_i[0][7][2] | S_C_o[7][7][5] |     4.555 | SLOW    |     2.366 | FAST    |
S_B_i[0][7][2] | S_C_o[7][7][6] |     4.712 | SLOW    |     2.452 | FAST    |
S_B_i[0][7][2] | S_C_o[7][7][7] |     4.777 | SLOW    |     2.489 | FAST    |
S_B_i[0][7][3] | S_C_o[0][7][3] |     4.277 | SLOW    |     2.217 | FAST    |
S_B_i[0][7][3] | S_C_o[0][7][4] |     4.294 | SLOW    |     2.223 | FAST    |
S_B_i[0][7][3] | S_C_o[0][7][5] |     4.277 | SLOW    |     2.217 | FAST    |
S_B_i[0][7][3] | S_C_o[0][7][6] |     4.530 | SLOW    |     2.360 | FAST    |
S_B_i[0][7][3] | S_C_o[0][7][7] |     4.595 | SLOW    |     2.397 | FAST    |
S_B_i[0][7][3] | S_C_o[1][7][3] |     4.277 | SLOW    |     2.217 | FAST    |
S_B_i[0][7][3] | S_C_o[1][7][4] |     4.294 | SLOW    |     2.223 | FAST    |
S_B_i[0][7][3] | S_C_o[1][7][5] |     4.277 | SLOW    |     2.217 | FAST    |
S_B_i[0][7][3] | S_C_o[1][7][6] |     4.530 | SLOW    |     2.360 | FAST    |
S_B_i[0][7][3] | S_C_o[1][7][7] |     4.595 | SLOW    |     2.397 | FAST    |
S_B_i[0][7][3] | S_C_o[2][7][3] |     4.277 | SLOW    |     2.217 | FAST    |
S_B_i[0][7][3] | S_C_o[2][7][4] |     4.294 | SLOW    |     2.223 | FAST    |
S_B_i[0][7][3] | S_C_o[2][7][5] |     4.277 | SLOW    |     2.217 | FAST    |
S_B_i[0][7][3] | S_C_o[2][7][6] |     4.530 | SLOW    |     2.360 | FAST    |
S_B_i[0][7][3] | S_C_o[2][7][7] |     4.595 | SLOW    |     2.397 | FAST    |
S_B_i[0][7][3] | S_C_o[3][7][3] |     4.277 | SLOW    |     2.217 | FAST    |
S_B_i[0][7][3] | S_C_o[3][7][4] |     4.294 | SLOW    |     2.223 | FAST    |
S_B_i[0][7][3] | S_C_o[3][7][5] |     4.277 | SLOW    |     2.217 | FAST    |
S_B_i[0][7][3] | S_C_o[3][7][6] |     4.530 | SLOW    |     2.360 | FAST    |
S_B_i[0][7][3] | S_C_o[3][7][7] |     4.595 | SLOW    |     2.397 | FAST    |
S_B_i[0][7][3] | S_C_o[4][7][3] |     4.277 | SLOW    |     2.217 | FAST    |
S_B_i[0][7][3] | S_C_o[4][7][4] |     4.294 | SLOW    |     2.223 | FAST    |
S_B_i[0][7][3] | S_C_o[4][7][5] |     4.277 | SLOW    |     2.217 | FAST    |
S_B_i[0][7][3] | S_C_o[4][7][6] |     4.530 | SLOW    |     2.360 | FAST    |
S_B_i[0][7][3] | S_C_o[4][7][7] |     4.595 | SLOW    |     2.397 | FAST    |
S_B_i[0][7][3] | S_C_o[5][7][3] |     4.277 | SLOW    |     2.217 | FAST    |
S_B_i[0][7][3] | S_C_o[5][7][4] |     4.294 | SLOW    |     2.223 | FAST    |
S_B_i[0][7][3] | S_C_o[5][7][5] |     4.277 | SLOW    |     2.217 | FAST    |
S_B_i[0][7][3] | S_C_o[5][7][6] |     4.530 | SLOW    |     2.360 | FAST    |
S_B_i[0][7][3] | S_C_o[5][7][7] |     4.595 | SLOW    |     2.397 | FAST    |
S_B_i[0][7][3] | S_C_o[6][7][3] |     4.277 | SLOW    |     2.217 | FAST    |
S_B_i[0][7][3] | S_C_o[6][7][4] |     4.294 | SLOW    |     2.223 | FAST    |
S_B_i[0][7][3] | S_C_o[6][7][5] |     4.277 | SLOW    |     2.217 | FAST    |
S_B_i[0][7][3] | S_C_o[6][7][6] |     4.530 | SLOW    |     2.360 | FAST    |
S_B_i[0][7][3] | S_C_o[6][7][7] |     4.595 | SLOW    |     2.397 | FAST    |
S_B_i[0][7][3] | S_C_o[7][7][3] |     4.277 | SLOW    |     2.217 | FAST    |
S_B_i[0][7][3] | S_C_o[7][7][4] |     4.294 | SLOW    |     2.223 | FAST    |
S_B_i[0][7][3] | S_C_o[7][7][5] |     4.277 | SLOW    |     2.217 | FAST    |
S_B_i[0][7][3] | S_C_o[7][7][6] |     4.530 | SLOW    |     2.360 | FAST    |
S_B_i[0][7][3] | S_C_o[7][7][7] |     4.595 | SLOW    |     2.397 | FAST    |
S_B_i[0][7][4] | S_C_o[0][7][4] |     4.301 | SLOW    |     2.233 | FAST    |
S_B_i[0][7][4] | S_C_o[0][7][5] |     4.265 | SLOW    |     2.205 | FAST    |
S_B_i[0][7][4] | S_C_o[0][7][6] |     4.509 | SLOW    |     2.342 | FAST    |
S_B_i[0][7][4] | S_C_o[0][7][7] |     4.574 | SLOW    |     2.379 | FAST    |
S_B_i[0][7][4] | S_C_o[1][7][4] |     4.301 | SLOW    |     2.233 | FAST    |
S_B_i[0][7][4] | S_C_o[1][7][5] |     4.265 | SLOW    |     2.205 | FAST    |
S_B_i[0][7][4] | S_C_o[1][7][6] |     4.509 | SLOW    |     2.342 | FAST    |
S_B_i[0][7][4] | S_C_o[1][7][7] |     4.574 | SLOW    |     2.379 | FAST    |
S_B_i[0][7][4] | S_C_o[2][7][4] |     4.301 | SLOW    |     2.233 | FAST    |
S_B_i[0][7][4] | S_C_o[2][7][5] |     4.265 | SLOW    |     2.205 | FAST    |
S_B_i[0][7][4] | S_C_o[2][7][6] |     4.509 | SLOW    |     2.342 | FAST    |
S_B_i[0][7][4] | S_C_o[2][7][7] |     4.574 | SLOW    |     2.379 | FAST    |
S_B_i[0][7][4] | S_C_o[3][7][4] |     4.301 | SLOW    |     2.233 | FAST    |
S_B_i[0][7][4] | S_C_o[3][7][5] |     4.265 | SLOW    |     2.205 | FAST    |
S_B_i[0][7][4] | S_C_o[3][7][6] |     4.509 | SLOW    |     2.342 | FAST    |
S_B_i[0][7][4] | S_C_o[3][7][7] |     4.574 | SLOW    |     2.379 | FAST    |
S_B_i[0][7][4] | S_C_o[4][7][4] |     4.301 | SLOW    |     2.233 | FAST    |
S_B_i[0][7][4] | S_C_o[4][7][5] |     4.265 | SLOW    |     2.205 | FAST    |
S_B_i[0][7][4] | S_C_o[4][7][6] |     4.509 | SLOW    |     2.342 | FAST    |
S_B_i[0][7][4] | S_C_o[4][7][7] |     4.574 | SLOW    |     2.379 | FAST    |
S_B_i[0][7][4] | S_C_o[5][7][4] |     4.301 | SLOW    |     2.233 | FAST    |
S_B_i[0][7][4] | S_C_o[5][7][5] |     4.265 | SLOW    |     2.205 | FAST    |
S_B_i[0][7][4] | S_C_o[5][7][6] |     4.509 | SLOW    |     2.342 | FAST    |
S_B_i[0][7][4] | S_C_o[5][7][7] |     4.574 | SLOW    |     2.379 | FAST    |
S_B_i[0][7][4] | S_C_o[6][7][4] |     4.301 | SLOW    |     2.233 | FAST    |
S_B_i[0][7][4] | S_C_o[6][7][5] |     4.265 | SLOW    |     2.205 | FAST    |
S_B_i[0][7][4] | S_C_o[6][7][6] |     4.509 | SLOW    |     2.342 | FAST    |
S_B_i[0][7][4] | S_C_o[6][7][7] |     4.574 | SLOW    |     2.379 | FAST    |
S_B_i[0][7][4] | S_C_o[7][7][4] |     4.301 | SLOW    |     2.233 | FAST    |
S_B_i[0][7][4] | S_C_o[7][7][5] |     4.265 | SLOW    |     2.205 | FAST    |
S_B_i[0][7][4] | S_C_o[7][7][6] |     4.509 | SLOW    |     2.342 | FAST    |
S_B_i[0][7][4] | S_C_o[7][7][7] |     4.574 | SLOW    |     2.379 | FAST    |
S_B_i[0][7][5] | S_C_o[0][7][5] |     4.468 | SLOW    |     2.326 | FAST    |
S_B_i[0][7][5] | S_C_o[0][7][6] |     4.287 | SLOW    |     2.219 | FAST    |
S_B_i[0][7][5] | S_C_o[0][7][7] |     4.265 | SLOW    |     2.205 | FAST    |
S_B_i[0][7][5] | S_C_o[1][7][5] |     4.468 | SLOW    |     2.326 | FAST    |
S_B_i[0][7][5] | S_C_o[1][7][6] |     4.287 | SLOW    |     2.219 | FAST    |
S_B_i[0][7][5] | S_C_o[1][7][7] |     4.265 | SLOW    |     2.205 | FAST    |
S_B_i[0][7][5] | S_C_o[2][7][5] |     4.468 | SLOW    |     2.326 | FAST    |
S_B_i[0][7][5] | S_C_o[2][7][6] |     4.287 | SLOW    |     2.219 | FAST    |
S_B_i[0][7][5] | S_C_o[2][7][7] |     4.265 | SLOW    |     2.205 | FAST    |
S_B_i[0][7][5] | S_C_o[3][7][5] |     4.468 | SLOW    |     2.326 | FAST    |
S_B_i[0][7][5] | S_C_o[3][7][6] |     4.287 | SLOW    |     2.219 | FAST    |
S_B_i[0][7][5] | S_C_o[3][7][7] |     4.265 | SLOW    |     2.205 | FAST    |
S_B_i[0][7][5] | S_C_o[4][7][5] |     4.468 | SLOW    |     2.326 | FAST    |
S_B_i[0][7][5] | S_C_o[4][7][6] |     4.287 | SLOW    |     2.219 | FAST    |
S_B_i[0][7][5] | S_C_o[4][7][7] |     4.265 | SLOW    |     2.205 | FAST    |
S_B_i[0][7][5] | S_C_o[5][7][5] |     4.468 | SLOW    |     2.326 | FAST    |
S_B_i[0][7][5] | S_C_o[5][7][6] |     4.287 | SLOW    |     2.219 | FAST    |
S_B_i[0][7][5] | S_C_o[5][7][7] |     4.265 | SLOW    |     2.205 | FAST    |
S_B_i[0][7][5] | S_C_o[6][7][5] |     4.468 | SLOW    |     2.326 | FAST    |
S_B_i[0][7][5] | S_C_o[6][7][6] |     4.287 | SLOW    |     2.219 | FAST    |
S_B_i[0][7][5] | S_C_o[6][7][7] |     4.265 | SLOW    |     2.205 | FAST    |
S_B_i[0][7][5] | S_C_o[7][7][5] |     4.468 | SLOW    |     2.326 | FAST    |
S_B_i[0][7][5] | S_C_o[7][7][6] |     4.287 | SLOW    |     2.219 | FAST    |
S_B_i[0][7][5] | S_C_o[7][7][7] |     4.265 | SLOW    |     2.205 | FAST    |
S_B_i[0][7][6] | S_C_o[0][7][6] |     4.292 | SLOW    |     2.229 | FAST    |
S_B_i[0][7][6] | S_C_o[0][7][7] |     4.261 | SLOW    |     2.209 | FAST    |
S_B_i[0][7][6] | S_C_o[1][7][6] |     4.292 | SLOW    |     2.229 | FAST    |
S_B_i[0][7][6] | S_C_o[1][7][7] |     4.261 | SLOW    |     2.209 | FAST    |
S_B_i[0][7][6] | S_C_o[2][7][6] |     4.292 | SLOW    |     2.229 | FAST    |
S_B_i[0][7][6] | S_C_o[2][7][7] |     4.261 | SLOW    |     2.209 | FAST    |
S_B_i[0][7][6] | S_C_o[3][7][6] |     4.292 | SLOW    |     2.229 | FAST    |
S_B_i[0][7][6] | S_C_o[3][7][7] |     4.261 | SLOW    |     2.209 | FAST    |
S_B_i[0][7][6] | S_C_o[4][7][6] |     4.292 | SLOW    |     2.229 | FAST    |
S_B_i[0][7][6] | S_C_o[4][7][7] |     4.261 | SLOW    |     2.209 | FAST    |
S_B_i[0][7][6] | S_C_o[5][7][6] |     4.292 | SLOW    |     2.229 | FAST    |
S_B_i[0][7][6] | S_C_o[5][7][7] |     4.261 | SLOW    |     2.209 | FAST    |
S_B_i[0][7][6] | S_C_o[6][7][6] |     4.292 | SLOW    |     2.229 | FAST    |
S_B_i[0][7][6] | S_C_o[6][7][7] |     4.261 | SLOW    |     2.209 | FAST    |
S_B_i[0][7][6] | S_C_o[7][7][6] |     4.292 | SLOW    |     2.229 | FAST    |
S_B_i[0][7][6] | S_C_o[7][7][7] |     4.261 | SLOW    |     2.209 | FAST    |
S_B_i[0][7][7] | S_C_o[0][7][7] |     4.444 | SLOW    |     2.314 | FAST    |
S_B_i[0][7][7] | S_C_o[1][7][7] |     4.444 | SLOW    |     2.314 | FAST    |
S_B_i[0][7][7] | S_C_o[2][7][7] |     4.444 | SLOW    |     2.314 | FAST    |
S_B_i[0][7][7] | S_C_o[3][7][7] |     4.444 | SLOW    |     2.314 | FAST    |
S_B_i[0][7][7] | S_C_o[4][7][7] |     4.444 | SLOW    |     2.314 | FAST    |
S_B_i[0][7][7] | S_C_o[5][7][7] |     4.444 | SLOW    |     2.314 | FAST    |
S_B_i[0][7][7] | S_C_o[6][7][7] |     4.444 | SLOW    |     2.314 | FAST    |
S_B_i[0][7][7] | S_C_o[7][7][7] |     4.444 | SLOW    |     2.314 | FAST    |
---------------+----------------+-----------+---------+-----------+---------+



