Copyright 1986-2022 Xilinx, Inc. All Rights Reserved. Copyright 2022-2024 Advanced Micro Devices, Inc. All Rights Reserved.
---------------------------------------------------------------------------------------------------------------------------------------------------------------------------------------------------------------------------------------------------------------------------------------
| Tool Version      : Vivado v.2024.2 (lin64) Build 5239630 Fri Nov 08 22:34:34 MST 2024
| Date              : Thu Jan 15 19:51:26 2026
| Host              : ee-kraken running 64-bit Red Hat Enterprise Linux 9.5 (Plow)
| Command           : report_timing_summary -datasheet -file ./src/attention/synth_output_matmul/matmul_fp_S_q_4_S_kv_4_d_kq_4_d_v_4_k_4_scale_width_8_M1_E_0_M1_M_8_M2_E_0_M2_M_8_M3_E_0_M3_M_8_ACCUM_METHOD_KULISCH_KULISCH_KULISCH_DSP_auto_auto_auto_time_20260115_1948_timing.rpt
| Design            : matmul_fp
| Device            : xcv80-lsva4737
| Speed File        : -2MHP  PRODUCTION 2.04 2024-08-06
| Design State      : Synthesized
| Temperature Grade : E
---------------------------------------------------------------------------------------------------------------------------------------------------------------------------------------------------------------------------------------------------------------------------------------

Timing Summary Report

------------------------------------------------------------------------------------------------
| Timer Settings
| --------------
------------------------------------------------------------------------------------------------

  Enable Multi Corner Analysis               :  Yes
  Enable Pessimism Removal                   :  Yes
  Pessimism Removal Resolution               :  Nearest Common Node
  Enable Input Delay Default Clock           :  No
  Enable Preset / Clear Arcs                 :  No
  Disable Flight Delays                      :  No
  Ignore I/O Paths                           :  No
  Timing Early Launch at Borrowing Latches   :  No
  Borrow Time for Max Delay Exceptions       :  Yes
  Merge Timing Exceptions                    :  Yes
  Inter-SLR Compensation                     :  Conservative

  Corner  Analyze    Analyze    
  Name    Max Paths  Min Paths  
  ------  ---------  ---------  
  Slow    Yes        Yes        
  Fast    Yes        Yes        


------------------------------------------------------------------------------------------------
| Report Methodology
| ------------------
------------------------------------------------------------------------------------------------

No report available as report_methodology has not been run prior. Run report_methodology on the current design for the summary of methodology violations.



check_timing report

Table of Contents
-----------------
1. checking no_clock (0)
2. checking constant_clock (0)
3. checking pulse_width_clock (0)
4. checking unconstrained_internal_endpoints (0)
5. checking no_input_delay (0)
6. checking no_output_delay (0)
7. checking multiple_clock (0)
8. checking generated_clocks (0)
9. checking loops (0)
10. checking partial_input_delay (0)
11. checking partial_output_delay (0)
12. checking latch_loops (0)

1. checking no_clock (0)
------------------------
 There are 0 register/latch pins with no clock.


2. checking constant_clock (0)
------------------------------
 There are 0 register/latch pins with constant_clock.


3. checking pulse_width_clock (0)
---------------------------------
 There are 0 register/latch pins which need pulse_width check


4. checking unconstrained_internal_endpoints (0)
------------------------------------------------
 There are 0 pins that are not constrained for maximum delay.

 There are 0 pins that are not constrained for maximum delay due to constant clock.


5. checking no_input_delay (0)
------------------------------
 There are 0 input ports with no input delay specified.

 There are 0 input ports with no input delay but user has a false path constraint.


6. checking no_output_delay (0)
-------------------------------
 There are 0 ports with no output delay specified.

 There are 0 ports with no output delay but user has a false path constraint

 There are 0 ports with no output delay but with a timing clock defined on it or propagating through it


7. checking multiple_clock (0)
------------------------------
 There are 0 register/latch pins with multiple clocks.


8. checking generated_clocks (0)
--------------------------------
 There are 0 generated clocks that are not connected to a clock source.


9. checking loops (0)
---------------------
 There are 0 combinational loops in the design.


10. checking partial_input_delay (0)
------------------------------------
 There are 0 input ports with partial input delay specified.


11. checking partial_output_delay (0)
-------------------------------------
 There are 0 ports with partial output delay specified.


12. checking latch_loops (0)
----------------------------
 There are 0 combinational latch loops in the design through latch input



------------------------------------------------------------------------------------------------
| Design Timing Summary
| ---------------------
------------------------------------------------------------------------------------------------

    WNS(ns)      TNS(ns)  TNS Failing Endpoints  TNS Total Endpoints      WHS(ns)      THS(ns)  THS Failing Endpoints  THS Total Endpoints     WPWS(ns)     TPWS(ns)  TPWS Failing Endpoints  TPWS Total Endpoints  
    -------      -------  ---------------------  -------------------      -------      -------  ---------------------  -------------------     --------     --------  ----------------------  --------------------  
         NA           NA                     NA                   NA           NA           NA                     NA                   NA           NA           NA                      NA                    NA  


All user specified timing constraints are met.


------------------------------------------------------------------------------------------------
| Clock Summary
| -------------
------------------------------------------------------------------------------------------------

Clock  Waveform(ns)         Period(ns)      Frequency(MHz)
-----  ------------         ----------      --------------
i_clk  {0.000 2.500}        5.000           200.000         


------------------------------------------------------------------------------------------------
| Intra Clock Table
| -----------------
------------------------------------------------------------------------------------------------

Clock             WNS(ns)      TNS(ns)  TNS Failing Endpoints  TNS Total Endpoints      WHS(ns)      THS(ns)  THS Failing Endpoints  THS Total Endpoints     WPWS(ns)     TPWS(ns)  TPWS Failing Endpoints  TPWS Total Endpoints  
-----             -------      -------  ---------------------  -------------------      -------      -------  ---------------------  -------------------     --------     --------  ----------------------  --------------------  


------------------------------------------------------------------------------------------------
| Inter Clock Table
| -----------------
------------------------------------------------------------------------------------------------

From Clock    To Clock          WNS(ns)      TNS(ns)  TNS Failing Endpoints  TNS Total Endpoints      WHS(ns)      THS(ns)  THS Failing Endpoints  THS Total Endpoints  
----------    --------          -------      -------  ---------------------  -------------------      -------      -------  ---------------------  -------------------  


------------------------------------------------------------------------------------------------
| Other Path Groups Table
| -----------------------
------------------------------------------------------------------------------------------------

Path Group    From Clock    To Clock          WNS(ns)      TNS(ns)  TNS Failing Endpoints  TNS Total Endpoints      WHS(ns)      THS(ns)  THS Failing Endpoints  THS Total Endpoints  
----------    ----------    --------          -------      -------  ---------------------  -------------------      -------      -------  ---------------------  -------------------  


------------------------------------------------------------------------------------------------
| Timing Details
| --------------
------------------------------------------------------------------------------------------------


------------------------------------------------------------------------------------------------
| Data sheet
| ----------
------------------------------------------------------------------------------------------------

Combinational Delays

---------------+----------------+-----------+---------+-----------+---------+
From           | To             |   Max     | Process |   Min     | Process |
Port           | Port           | Delay(ns) | Corner  | Delay(ns) | Corner  |
---------------+----------------+-----------+---------+-----------+---------+
A_i[0][0][0]   | C_o[0][0][0]   |     4.618 | SLOW    |     2.395 | FAST    |
A_i[0][0][0]   | C_o[0][0][1]   |     4.925 | SLOW    |     2.422 | FAST    |
A_i[0][0][0]   | C_o[0][0][2]   |     5.114 | SLOW    |     2.464 | FAST    |
A_i[0][0][0]   | C_o[0][0][3]   |     5.309 | SLOW    |     2.492 | FAST    |
A_i[0][0][0]   | C_o[0][0][4]   |     5.499 | SLOW    |     2.486 | FAST    |
A_i[0][0][0]   | C_o[0][0][5]   |     5.569 | SLOW    |     2.514 | FAST    |
A_i[0][0][0]   | C_o[0][0][6]   |     5.669 | SLOW    |     2.502 | FAST    |
A_i[0][0][0]   | C_o[0][0][7]   |     5.732 | SLOW    |     2.530 | FAST    |
A_i[0][0][0]   | C_o[0][0][8]   |     6.166 | SLOW    |     2.569 | FAST    |
A_i[0][0][0]   | C_o[0][1][0]   |     4.618 | SLOW    |     2.395 | FAST    |
A_i[0][0][0]   | C_o[0][1][1]   |     4.925 | SLOW    |     2.422 | FAST    |
A_i[0][0][0]   | C_o[0][1][2]   |     5.114 | SLOW    |     2.464 | FAST    |
A_i[0][0][0]   | C_o[0][1][3]   |     5.309 | SLOW    |     2.492 | FAST    |
A_i[0][0][0]   | C_o[0][1][4]   |     5.499 | SLOW    |     2.486 | FAST    |
A_i[0][0][0]   | C_o[0][1][5]   |     5.569 | SLOW    |     2.514 | FAST    |
A_i[0][0][0]   | C_o[0][1][6]   |     5.669 | SLOW    |     2.502 | FAST    |
A_i[0][0][0]   | C_o[0][1][7]   |     5.732 | SLOW    |     2.530 | FAST    |
A_i[0][0][0]   | C_o[0][1][8]   |     6.166 | SLOW    |     2.569 | FAST    |
A_i[0][0][0]   | C_o[0][2][0]   |     4.618 | SLOW    |     2.395 | FAST    |
A_i[0][0][0]   | C_o[0][2][1]   |     4.925 | SLOW    |     2.422 | FAST    |
A_i[0][0][0]   | C_o[0][2][2]   |     5.114 | SLOW    |     2.464 | FAST    |
A_i[0][0][0]   | C_o[0][2][3]   |     5.309 | SLOW    |     2.492 | FAST    |
A_i[0][0][0]   | C_o[0][2][4]   |     5.499 | SLOW    |     2.486 | FAST    |
A_i[0][0][0]   | C_o[0][2][5]   |     5.569 | SLOW    |     2.514 | FAST    |
A_i[0][0][0]   | C_o[0][2][6]   |     5.669 | SLOW    |     2.502 | FAST    |
A_i[0][0][0]   | C_o[0][2][7]   |     5.732 | SLOW    |     2.530 | FAST    |
A_i[0][0][0]   | C_o[0][2][8]   |     6.166 | SLOW    |     2.569 | FAST    |
A_i[0][0][0]   | C_o[0][3][0]   |     4.618 | SLOW    |     2.395 | FAST    |
A_i[0][0][0]   | C_o[0][3][1]   |     4.925 | SLOW    |     2.422 | FAST    |
A_i[0][0][0]   | C_o[0][3][2]   |     5.114 | SLOW    |     2.464 | FAST    |
A_i[0][0][0]   | C_o[0][3][3]   |     5.309 | SLOW    |     2.492 | FAST    |
A_i[0][0][0]   | C_o[0][3][4]   |     5.499 | SLOW    |     2.486 | FAST    |
A_i[0][0][0]   | C_o[0][3][5]   |     5.569 | SLOW    |     2.514 | FAST    |
A_i[0][0][0]   | C_o[0][3][6]   |     5.669 | SLOW    |     2.502 | FAST    |
A_i[0][0][0]   | C_o[0][3][7]   |     5.732 | SLOW    |     2.530 | FAST    |
A_i[0][0][0]   | C_o[0][3][8]   |     6.166 | SLOW    |     2.569 | FAST    |
A_i[0][0][1]   | C_o[0][0][1]   |     5.033 | SLOW    |     2.623 | FAST    |
A_i[0][0][1]   | C_o[0][0][2]   |     5.164 | SLOW    |     2.563 | FAST    |
A_i[0][0][1]   | C_o[0][0][3]   |     5.302 | SLOW    |     2.591 | FAST    |
A_i[0][0][1]   | C_o[0][0][4]   |     5.492 | SLOW    |     2.562 | FAST    |
A_i[0][0][1]   | C_o[0][0][5]   |     5.562 | SLOW    |     2.578 | FAST    |
A_i[0][0][1]   | C_o[0][0][6]   |     5.660 | SLOW    |     2.604 | FAST    |
A_i[0][0][1]   | C_o[0][0][7]   |     5.723 | SLOW    |     2.632 | FAST    |
A_i[0][0][1]   | C_o[0][0][8]   |     6.137 | SLOW    |     2.635 | FAST    |
A_i[0][0][1]   | C_o[0][1][1]   |     5.033 | SLOW    |     2.623 | FAST    |
A_i[0][0][1]   | C_o[0][1][2]   |     5.164 | SLOW    |     2.563 | FAST    |
A_i[0][0][1]   | C_o[0][1][3]   |     5.302 | SLOW    |     2.591 | FAST    |
A_i[0][0][1]   | C_o[0][1][4]   |     5.492 | SLOW    |     2.562 | FAST    |
A_i[0][0][1]   | C_o[0][1][5]   |     5.562 | SLOW    |     2.578 | FAST    |
A_i[0][0][1]   | C_o[0][1][6]   |     5.660 | SLOW    |     2.604 | FAST    |
A_i[0][0][1]   | C_o[0][1][7]   |     5.723 | SLOW    |     2.632 | FAST    |
A_i[0][0][1]   | C_o[0][1][8]   |     6.137 | SLOW    |     2.635 | FAST    |
A_i[0][0][1]   | C_o[0][2][1]   |     5.033 | SLOW    |     2.623 | FAST    |
A_i[0][0][1]   | C_o[0][2][2]   |     5.164 | SLOW    |     2.563 | FAST    |
A_i[0][0][1]   | C_o[0][2][3]   |     5.302 | SLOW    |     2.591 | FAST    |
A_i[0][0][1]   | C_o[0][2][4]   |     5.492 | SLOW    |     2.562 | FAST    |
A_i[0][0][1]   | C_o[0][2][5]   |     5.562 | SLOW    |     2.578 | FAST    |
A_i[0][0][1]   | C_o[0][2][6]   |     5.660 | SLOW    |     2.604 | FAST    |
A_i[0][0][1]   | C_o[0][2][7]   |     5.723 | SLOW    |     2.632 | FAST    |
A_i[0][0][1]   | C_o[0][2][8]   |     6.137 | SLOW    |     2.635 | FAST    |
A_i[0][0][1]   | C_o[0][3][1]   |     5.033 | SLOW    |     2.623 | FAST    |
A_i[0][0][1]   | C_o[0][3][2]   |     5.164 | SLOW    |     2.563 | FAST    |
A_i[0][0][1]   | C_o[0][3][3]   |     5.302 | SLOW    |     2.591 | FAST    |
A_i[0][0][1]   | C_o[0][3][4]   |     5.492 | SLOW    |     2.562 | FAST    |
A_i[0][0][1]   | C_o[0][3][5]   |     5.562 | SLOW    |     2.578 | FAST    |
A_i[0][0][1]   | C_o[0][3][6]   |     5.660 | SLOW    |     2.604 | FAST    |
A_i[0][0][1]   | C_o[0][3][7]   |     5.723 | SLOW    |     2.632 | FAST    |
A_i[0][0][1]   | C_o[0][3][8]   |     6.137 | SLOW    |     2.635 | FAST    |
A_i[0][0][2]   | C_o[0][0][2]   |     4.766 | SLOW    |     2.474 | FAST    |
A_i[0][0][2]   | C_o[0][0][3]   |     5.066 | SLOW    |     2.479 | FAST    |
A_i[0][0][2]   | C_o[0][0][4]   |     5.311 | SLOW    |     2.506 | FAST    |
A_i[0][0][2]   | C_o[0][0][5]   |     5.503 | SLOW    |     2.534 | FAST    |
A_i[0][0][2]   | C_o[0][0][6]   |     5.662 | SLOW    |     2.524 | FAST    |
A_i[0][0][2]   | C_o[0][0][7]   |     5.725 | SLOW    |     2.552 | FAST    |
A_i[0][0][2]   | C_o[0][0][8]   |     6.159 | SLOW    |     2.555 | FAST    |
A_i[0][0][2]   | C_o[0][1][2]   |     4.766 | SLOW    |     2.474 | FAST    |
A_i[0][0][2]   | C_o[0][1][3]   |     5.066 | SLOW    |     2.479 | FAST    |
A_i[0][0][2]   | C_o[0][1][4]   |     5.311 | SLOW    |     2.506 | FAST    |
A_i[0][0][2]   | C_o[0][1][5]   |     5.503 | SLOW    |     2.534 | FAST    |
A_i[0][0][2]   | C_o[0][1][6]   |     5.662 | SLOW    |     2.524 | FAST    |
A_i[0][0][2]   | C_o[0][1][7]   |     5.725 | SLOW    |     2.552 | FAST    |
A_i[0][0][2]   | C_o[0][1][8]   |     6.159 | SLOW    |     2.555 | FAST    |
A_i[0][0][2]   | C_o[0][2][2]   |     4.766 | SLOW    |     2.474 | FAST    |
A_i[0][0][2]   | C_o[0][2][3]   |     5.066 | SLOW    |     2.479 | FAST    |
A_i[0][0][2]   | C_o[0][2][4]   |     5.311 | SLOW    |     2.506 | FAST    |
A_i[0][0][2]   | C_o[0][2][5]   |     5.503 | SLOW    |     2.534 | FAST    |
A_i[0][0][2]   | C_o[0][2][6]   |     5.662 | SLOW    |     2.524 | FAST    |
A_i[0][0][2]   | C_o[0][2][7]   |     5.725 | SLOW    |     2.552 | FAST    |
A_i[0][0][2]   | C_o[0][2][8]   |     6.159 | SLOW    |     2.555 | FAST    |
A_i[0][0][2]   | C_o[0][3][2]   |     4.766 | SLOW    |     2.474 | FAST    |
A_i[0][0][2]   | C_o[0][3][3]   |     5.066 | SLOW    |     2.479 | FAST    |
A_i[0][0][2]   | C_o[0][3][4]   |     5.311 | SLOW    |     2.506 | FAST    |
A_i[0][0][2]   | C_o[0][3][5]   |     5.503 | SLOW    |     2.534 | FAST    |
A_i[0][0][2]   | C_o[0][3][6]   |     5.662 | SLOW    |     2.524 | FAST    |
A_i[0][0][2]   | C_o[0][3][7]   |     5.725 | SLOW    |     2.552 | FAST    |
A_i[0][0][2]   | C_o[0][3][8]   |     6.159 | SLOW    |     2.555 | FAST    |
A_i[0][0][3]   | C_o[0][0][3]   |     4.824 | SLOW    |     2.511 | FAST    |
A_i[0][0][3]   | C_o[0][0][4]   |     5.071 | SLOW    |     2.568 | FAST    |
A_i[0][0][3]   | C_o[0][0][5]   |     5.315 | SLOW    |     2.596 | FAST    |
A_i[0][0][3]   | C_o[0][0][6]   |     5.515 | SLOW    |     2.584 | FAST    |
A_i[0][0][3]   | C_o[0][0][7]   |     5.683 | SLOW    |     2.612 | FAST    |
A_i[0][0][3]   | C_o[0][0][8]   |     6.157 | SLOW    |     2.616 | FAST    |
A_i[0][0][3]   | C_o[0][1][3]   |     4.824 | SLOW    |     2.511 | FAST    |
A_i[0][0][3]   | C_o[0][1][4]   |     5.071 | SLOW    |     2.568 | FAST    |
A_i[0][0][3]   | C_o[0][1][5]   |     5.315 | SLOW    |     2.596 | FAST    |
A_i[0][0][3]   | C_o[0][1][6]   |     5.515 | SLOW    |     2.584 | FAST    |
A_i[0][0][3]   | C_o[0][1][7]   |     5.683 | SLOW    |     2.612 | FAST    |
A_i[0][0][3]   | C_o[0][1][8]   |     6.157 | SLOW    |     2.616 | FAST    |
A_i[0][0][3]   | C_o[0][2][3]   |     4.824 | SLOW    |     2.511 | FAST    |
A_i[0][0][3]   | C_o[0][2][4]   |     5.071 | SLOW    |     2.568 | FAST    |
A_i[0][0][3]   | C_o[0][2][5]   |     5.315 | SLOW    |     2.596 | FAST    |
A_i[0][0][3]   | C_o[0][2][6]   |     5.515 | SLOW    |     2.584 | FAST    |
A_i[0][0][3]   | C_o[0][2][7]   |     5.683 | SLOW    |     2.612 | FAST    |
A_i[0][0][3]   | C_o[0][2][8]   |     6.157 | SLOW    |     2.616 | FAST    |
A_i[0][0][3]   | C_o[0][3][3]   |     4.824 | SLOW    |     2.511 | FAST    |
A_i[0][0][3]   | C_o[0][3][4]   |     5.071 | SLOW    |     2.568 | FAST    |
A_i[0][0][3]   | C_o[0][3][5]   |     5.315 | SLOW    |     2.596 | FAST    |
A_i[0][0][3]   | C_o[0][3][6]   |     5.515 | SLOW    |     2.584 | FAST    |
A_i[0][0][3]   | C_o[0][3][7]   |     5.683 | SLOW    |     2.612 | FAST    |
A_i[0][0][3]   | C_o[0][3][8]   |     6.157 | SLOW    |     2.616 | FAST    |
A_i[0][0][4]   | C_o[0][0][4]   |     5.055 | SLOW    |     2.636 | FAST    |
A_i[0][0][4]   | C_o[0][0][5]   |     5.446 | SLOW    |     2.612 | FAST    |
A_i[0][0][4]   | C_o[0][0][6]   |     5.691 | SLOW    |     2.658 | FAST    |
A_i[0][0][4]   | C_o[0][0][7]   |     5.859 | SLOW    |     2.686 | FAST    |
A_i[0][0][4]   | C_o[0][0][8]   |     6.197 | SLOW    |     2.689 | FAST    |
A_i[0][0][4]   | C_o[0][1][4]   |     5.055 | SLOW    |     2.636 | FAST    |
A_i[0][0][4]   | C_o[0][1][5]   |     5.477 | SLOW    |     2.612 | FAST    |
A_i[0][0][4]   | C_o[0][1][6]   |     5.722 | SLOW    |     2.658 | FAST    |
A_i[0][0][4]   | C_o[0][1][7]   |     5.890 | SLOW    |     2.686 | FAST    |
A_i[0][0][4]   | C_o[0][1][8]   |     6.228 | SLOW    |     2.689 | FAST    |
A_i[0][0][4]   | C_o[0][2][4]   |     5.055 | SLOW    |     2.636 | FAST    |
A_i[0][0][4]   | C_o[0][2][5]   |     5.446 | SLOW    |     2.612 | FAST    |
A_i[0][0][4]   | C_o[0][2][6]   |     5.691 | SLOW    |     2.658 | FAST    |
A_i[0][0][4]   | C_o[0][2][7]   |     5.859 | SLOW    |     2.686 | FAST    |
A_i[0][0][4]   | C_o[0][2][8]   |     6.197 | SLOW    |     2.689 | FAST    |
A_i[0][0][4]   | C_o[0][3][4]   |     5.055 | SLOW    |     2.636 | FAST    |
A_i[0][0][4]   | C_o[0][3][5]   |     5.477 | SLOW    |     2.612 | FAST    |
A_i[0][0][4]   | C_o[0][3][6]   |     5.722 | SLOW    |     2.658 | FAST    |
A_i[0][0][4]   | C_o[0][3][7]   |     5.890 | SLOW    |     2.686 | FAST    |
A_i[0][0][4]   | C_o[0][3][8]   |     6.228 | SLOW    |     2.689 | FAST    |
A_i[0][0][5]   | C_o[0][0][5]   |     5.237 | SLOW    |     2.735 | FAST    |
A_i[0][0][5]   | C_o[0][0][6]   |     5.482 | SLOW    |     2.651 | FAST    |
A_i[0][0][5]   | C_o[0][0][7]   |     5.650 | SLOW    |     2.679 | FAST    |
A_i[0][0][5]   | C_o[0][0][8]   |     6.146 | SLOW    |     2.688 | FAST    |
A_i[0][0][5]   | C_o[0][1][5]   |     5.237 | SLOW    |     2.735 | FAST    |
A_i[0][0][5]   | C_o[0][1][6]   |     5.482 | SLOW    |     2.651 | FAST    |
A_i[0][0][5]   | C_o[0][1][7]   |     5.650 | SLOW    |     2.679 | FAST    |
A_i[0][0][5]   | C_o[0][1][8]   |     6.146 | SLOW    |     2.688 | FAST    |
A_i[0][0][5]   | C_o[0][2][5]   |     5.237 | SLOW    |     2.735 | FAST    |
A_i[0][0][5]   | C_o[0][2][6]   |     5.482 | SLOW    |     2.651 | FAST    |
A_i[0][0][5]   | C_o[0][2][7]   |     5.650 | SLOW    |     2.679 | FAST    |
A_i[0][0][5]   | C_o[0][2][8]   |     6.146 | SLOW    |     2.688 | FAST    |
A_i[0][0][5]   | C_o[0][3][5]   |     5.237 | SLOW    |     2.735 | FAST    |
A_i[0][0][5]   | C_o[0][3][6]   |     5.482 | SLOW    |     2.651 | FAST    |
A_i[0][0][5]   | C_o[0][3][7]   |     5.650 | SLOW    |     2.679 | FAST    |
A_i[0][0][5]   | C_o[0][3][8]   |     6.146 | SLOW    |     2.688 | FAST    |
A_i[0][0][6]   | C_o[0][0][6]   |     5.021 | SLOW    |     2.616 | FAST    |
A_i[0][0][6]   | C_o[0][0][7]   |     5.272 | SLOW    |     2.575 | FAST    |
A_i[0][0][6]   | C_o[0][0][8]   |     5.905 | SLOW    |     2.574 | FAST    |
A_i[0][0][6]   | C_o[0][1][6]   |     5.021 | SLOW    |     2.616 | FAST    |
A_i[0][0][6]   | C_o[0][1][7]   |     5.272 | SLOW    |     2.575 | FAST    |
A_i[0][0][6]   | C_o[0][1][8]   |     5.905 | SLOW    |     2.574 | FAST    |
A_i[0][0][6]   | C_o[0][2][6]   |     5.021 | SLOW    |     2.616 | FAST    |
A_i[0][0][6]   | C_o[0][2][7]   |     5.272 | SLOW    |     2.575 | FAST    |
A_i[0][0][6]   | C_o[0][2][8]   |     5.905 | SLOW    |     2.574 | FAST    |
A_i[0][0][6]   | C_o[0][3][6]   |     5.021 | SLOW    |     2.616 | FAST    |
A_i[0][0][6]   | C_o[0][3][7]   |     5.272 | SLOW    |     2.575 | FAST    |
A_i[0][0][6]   | C_o[0][3][8]   |     5.905 | SLOW    |     2.574 | FAST    |
A_i[0][0][7]   | C_o[0][0][7]   |     5.069 | SLOW    |     2.648 | FAST    |
A_i[0][0][7]   | C_o[0][0][8]   |     5.746 | SLOW    |     2.647 | FAST    |
A_i[0][0][7]   | C_o[0][1][7]   |     5.069 | SLOW    |     2.648 | FAST    |
A_i[0][0][7]   | C_o[0][1][8]   |     5.746 | SLOW    |     2.647 | FAST    |
A_i[0][0][7]   | C_o[0][2][7]   |     5.069 | SLOW    |     2.648 | FAST    |
A_i[0][0][7]   | C_o[0][2][8]   |     5.746 | SLOW    |     2.647 | FAST    |
A_i[0][0][7]   | C_o[0][3][7]   |     5.069 | SLOW    |     2.648 | FAST    |
A_i[0][0][7]   | C_o[0][3][8]   |     5.746 | SLOW    |     2.647 | FAST    |
A_i[0][0][8]   | C_o[0][0][8]   |     5.721 | SLOW    |     3.008 | FAST    |
A_i[0][0][8]   | C_o[0][1][8]   |     5.721 | SLOW    |     3.008 | FAST    |
A_i[0][0][8]   | C_o[0][2][8]   |     5.721 | SLOW    |     3.008 | FAST    |
A_i[0][0][8]   | C_o[0][3][8]   |     5.721 | SLOW    |     3.008 | FAST    |
A_i[0][1][0]   | C_o[0][0][0]   |     4.748 | SLOW    |     2.461 | FAST    |
A_i[0][1][0]   | C_o[0][0][1]   |     4.952 | SLOW    |     2.459 | FAST    |
A_i[0][1][0]   | C_o[0][0][2]   |     5.279 | SLOW    |     2.505 | FAST    |
A_i[0][1][0]   | C_o[0][0][3]   |     5.500 | SLOW    |     2.533 | FAST    |
A_i[0][1][0]   | C_o[0][0][4]   |     5.690 | SLOW    |     2.527 | FAST    |
A_i[0][1][0]   | C_o[0][0][5]   |     5.760 | SLOW    |     2.555 | FAST    |
A_i[0][1][0]   | C_o[0][0][6]   |     5.860 | SLOW    |     2.543 | FAST    |
A_i[0][1][0]   | C_o[0][0][7]   |     5.923 | SLOW    |     2.571 | FAST    |
A_i[0][1][0]   | C_o[0][0][8]   |     6.221 | SLOW    |     2.630 | FAST    |
A_i[0][1][0]   | C_o[0][1][0]   |     4.748 | SLOW    |     2.461 | FAST    |
A_i[0][1][0]   | C_o[0][1][1]   |     4.952 | SLOW    |     2.459 | FAST    |
A_i[0][1][0]   | C_o[0][1][2]   |     5.279 | SLOW    |     2.505 | FAST    |
A_i[0][1][0]   | C_o[0][1][3]   |     5.500 | SLOW    |     2.533 | FAST    |
A_i[0][1][0]   | C_o[0][1][4]   |     5.690 | SLOW    |     2.527 | FAST    |
A_i[0][1][0]   | C_o[0][1][5]   |     5.760 | SLOW    |     2.555 | FAST    |
A_i[0][1][0]   | C_o[0][1][6]   |     5.860 | SLOW    |     2.543 | FAST    |
A_i[0][1][0]   | C_o[0][1][7]   |     5.923 | SLOW    |     2.571 | FAST    |
A_i[0][1][0]   | C_o[0][1][8]   |     6.221 | SLOW    |     2.630 | FAST    |
A_i[0][1][0]   | C_o[0][2][0]   |     4.748 | SLOW    |     2.461 | FAST    |
A_i[0][1][0]   | C_o[0][2][1]   |     4.952 | SLOW    |     2.459 | FAST    |
A_i[0][1][0]   | C_o[0][2][2]   |     5.279 | SLOW    |     2.505 | FAST    |
A_i[0][1][0]   | C_o[0][2][3]   |     5.500 | SLOW    |     2.533 | FAST    |
A_i[0][1][0]   | C_o[0][2][4]   |     5.690 | SLOW    |     2.527 | FAST    |
A_i[0][1][0]   | C_o[0][2][5]   |     5.760 | SLOW    |     2.555 | FAST    |
A_i[0][1][0]   | C_o[0][2][6]   |     5.860 | SLOW    |     2.543 | FAST    |
A_i[0][1][0]   | C_o[0][2][7]   |     5.923 | SLOW    |     2.571 | FAST    |
A_i[0][1][0]   | C_o[0][2][8]   |     6.221 | SLOW    |     2.630 | FAST    |
A_i[0][1][0]   | C_o[0][3][0]   |     4.748 | SLOW    |     2.461 | FAST    |
A_i[0][1][0]   | C_o[0][3][1]   |     4.952 | SLOW    |     2.459 | FAST    |
A_i[0][1][0]   | C_o[0][3][2]   |     5.279 | SLOW    |     2.505 | FAST    |
A_i[0][1][0]   | C_o[0][3][3]   |     5.500 | SLOW    |     2.533 | FAST    |
A_i[0][1][0]   | C_o[0][3][4]   |     5.690 | SLOW    |     2.527 | FAST    |
A_i[0][1][0]   | C_o[0][3][5]   |     5.760 | SLOW    |     2.555 | FAST    |
A_i[0][1][0]   | C_o[0][3][6]   |     5.860 | SLOW    |     2.543 | FAST    |
A_i[0][1][0]   | C_o[0][3][7]   |     5.923 | SLOW    |     2.571 | FAST    |
A_i[0][1][0]   | C_o[0][3][8]   |     6.221 | SLOW    |     2.630 | FAST    |
A_i[0][1][1]   | C_o[0][0][1]   |     5.060 | SLOW    |     2.632 | FAST    |
A_i[0][1][1]   | C_o[0][0][2]   |     5.272 | SLOW    |     2.568 | FAST    |
A_i[0][1][1]   | C_o[0][0][3]   |     5.493 | SLOW    |     2.596 | FAST    |
A_i[0][1][1]   | C_o[0][0][4]   |     5.683 | SLOW    |     2.623 | FAST    |
A_i[0][1][1]   | C_o[0][0][5]   |     5.753 | SLOW    |     2.610 | FAST    |
A_i[0][1][1]   | C_o[0][0][6]   |     5.851 | SLOW    |     2.624 | FAST    |
A_i[0][1][1]   | C_o[0][0][7]   |     5.914 | SLOW    |     2.652 | FAST    |
A_i[0][1][1]   | C_o[0][0][8]   |     6.192 | SLOW    |     2.694 | FAST    |
A_i[0][1][1]   | C_o[0][1][1]   |     5.060 | SLOW    |     2.632 | FAST    |
A_i[0][1][1]   | C_o[0][1][2]   |     5.272 | SLOW    |     2.568 | FAST    |
A_i[0][1][1]   | C_o[0][1][3]   |     5.493 | SLOW    |     2.596 | FAST    |
A_i[0][1][1]   | C_o[0][1][4]   |     5.683 | SLOW    |     2.623 | FAST    |
A_i[0][1][1]   | C_o[0][1][5]   |     5.753 | SLOW    |     2.610 | FAST    |
A_i[0][1][1]   | C_o[0][1][6]   |     5.851 | SLOW    |     2.624 | FAST    |
A_i[0][1][1]   | C_o[0][1][7]   |     5.914 | SLOW    |     2.652 | FAST    |
A_i[0][1][1]   | C_o[0][1][8]   |     6.192 | SLOW    |     2.694 | FAST    |
A_i[0][1][1]   | C_o[0][2][1]   |     5.060 | SLOW    |     2.632 | FAST    |
A_i[0][1][1]   | C_o[0][2][2]   |     5.272 | SLOW    |     2.568 | FAST    |
A_i[0][1][1]   | C_o[0][2][3]   |     5.493 | SLOW    |     2.596 | FAST    |
A_i[0][1][1]   | C_o[0][2][4]   |     5.683 | SLOW    |     2.623 | FAST    |
A_i[0][1][1]   | C_o[0][2][5]   |     5.753 | SLOW    |     2.610 | FAST    |
A_i[0][1][1]   | C_o[0][2][6]   |     5.851 | SLOW    |     2.624 | FAST    |
A_i[0][1][1]   | C_o[0][2][7]   |     5.914 | SLOW    |     2.652 | FAST    |
A_i[0][1][1]   | C_o[0][2][8]   |     6.192 | SLOW    |     2.694 | FAST    |
A_i[0][1][1]   | C_o[0][3][1]   |     5.060 | SLOW    |     2.632 | FAST    |
A_i[0][1][1]   | C_o[0][3][2]   |     5.272 | SLOW    |     2.568 | FAST    |
A_i[0][1][1]   | C_o[0][3][3]   |     5.493 | SLOW    |     2.596 | FAST    |
A_i[0][1][1]   | C_o[0][3][4]   |     5.683 | SLOW    |     2.623 | FAST    |
A_i[0][1][1]   | C_o[0][3][5]   |     5.753 | SLOW    |     2.610 | FAST    |
A_i[0][1][1]   | C_o[0][3][6]   |     5.851 | SLOW    |     2.624 | FAST    |
A_i[0][1][1]   | C_o[0][3][7]   |     5.914 | SLOW    |     2.652 | FAST    |
A_i[0][1][1]   | C_o[0][3][8]   |     6.192 | SLOW    |     2.694 | FAST    |
A_i[0][1][2]   | C_o[0][0][2]   |     4.931 | SLOW    |     2.564 | FAST    |
A_i[0][1][2]   | C_o[0][0][3]   |     5.295 | SLOW    |     2.498 | FAST    |
A_i[0][1][2]   | C_o[0][0][4]   |     5.502 | SLOW    |     2.525 | FAST    |
A_i[0][1][2]   | C_o[0][0][5]   |     5.694 | SLOW    |     2.554 | FAST    |
A_i[0][1][2]   | C_o[0][0][6]   |     5.853 | SLOW    |     2.570 | FAST    |
A_i[0][1][2]   | C_o[0][0][7]   |     5.916 | SLOW    |     2.595 | FAST    |
A_i[0][1][2]   | C_o[0][0][8]   |     6.214 | SLOW    |     2.614 | FAST    |
A_i[0][1][2]   | C_o[0][1][2]   |     4.931 | SLOW    |     2.564 | FAST    |
A_i[0][1][2]   | C_o[0][1][3]   |     5.295 | SLOW    |     2.498 | FAST    |
A_i[0][1][2]   | C_o[0][1][4]   |     5.502 | SLOW    |     2.525 | FAST    |
A_i[0][1][2]   | C_o[0][1][5]   |     5.694 | SLOW    |     2.554 | FAST    |
A_i[0][1][2]   | C_o[0][1][6]   |     5.853 | SLOW    |     2.570 | FAST    |
A_i[0][1][2]   | C_o[0][1][7]   |     5.916 | SLOW    |     2.595 | FAST    |
A_i[0][1][2]   | C_o[0][1][8]   |     6.214 | SLOW    |     2.614 | FAST    |
A_i[0][1][2]   | C_o[0][2][2]   |     4.931 | SLOW    |     2.564 | FAST    |
A_i[0][1][2]   | C_o[0][2][3]   |     5.295 | SLOW    |     2.498 | FAST    |
A_i[0][1][2]   | C_o[0][2][4]   |     5.502 | SLOW    |     2.525 | FAST    |
A_i[0][1][2]   | C_o[0][2][5]   |     5.694 | SLOW    |     2.554 | FAST    |
A_i[0][1][2]   | C_o[0][2][6]   |     5.853 | SLOW    |     2.570 | FAST    |
A_i[0][1][2]   | C_o[0][2][7]   |     5.916 | SLOW    |     2.595 | FAST    |
A_i[0][1][2]   | C_o[0][2][8]   |     6.214 | SLOW    |     2.614 | FAST    |
A_i[0][1][2]   | C_o[0][3][2]   |     4.931 | SLOW    |     2.564 | FAST    |
A_i[0][1][2]   | C_o[0][3][3]   |     5.295 | SLOW    |     2.498 | FAST    |
A_i[0][1][2]   | C_o[0][3][4]   |     5.502 | SLOW    |     2.525 | FAST    |
A_i[0][1][2]   | C_o[0][3][5]   |     5.694 | SLOW    |     2.554 | FAST    |
A_i[0][1][2]   | C_o[0][3][6]   |     5.853 | SLOW    |     2.570 | FAST    |
A_i[0][1][2]   | C_o[0][3][7]   |     5.916 | SLOW    |     2.595 | FAST    |
A_i[0][1][2]   | C_o[0][3][8]   |     6.214 | SLOW    |     2.614 | FAST    |
A_i[0][1][3]   | C_o[0][0][3]   |     5.053 | SLOW    |     2.636 | FAST    |
A_i[0][1][3]   | C_o[0][0][4]   |     5.299 | SLOW    |     2.557 | FAST    |
A_i[0][1][3]   | C_o[0][0][5]   |     5.506 | SLOW    |     2.586 | FAST    |
A_i[0][1][3]   | C_o[0][0][6]   |     5.706 | SLOW    |     2.604 | FAST    |
A_i[0][1][3]   | C_o[0][0][7]   |     5.868 | SLOW    |     2.632 | FAST    |
A_i[0][1][3]   | C_o[0][0][8]   |     6.206 | SLOW    |     2.675 | FAST    |
A_i[0][1][3]   | C_o[0][1][3]   |     5.053 | SLOW    |     2.636 | FAST    |
A_i[0][1][3]   | C_o[0][1][4]   |     5.299 | SLOW    |     2.557 | FAST    |
A_i[0][1][3]   | C_o[0][1][5]   |     5.506 | SLOW    |     2.586 | FAST    |
A_i[0][1][3]   | C_o[0][1][6]   |     5.706 | SLOW    |     2.604 | FAST    |
A_i[0][1][3]   | C_o[0][1][7]   |     5.868 | SLOW    |     2.632 | FAST    |
A_i[0][1][3]   | C_o[0][1][8]   |     6.206 | SLOW    |     2.675 | FAST    |
A_i[0][1][3]   | C_o[0][2][3]   |     5.053 | SLOW    |     2.636 | FAST    |
A_i[0][1][3]   | C_o[0][2][4]   |     5.299 | SLOW    |     2.557 | FAST    |
A_i[0][1][3]   | C_o[0][2][5]   |     5.506 | SLOW    |     2.586 | FAST    |
A_i[0][1][3]   | C_o[0][2][6]   |     5.706 | SLOW    |     2.604 | FAST    |
A_i[0][1][3]   | C_o[0][2][7]   |     5.868 | SLOW    |     2.632 | FAST    |
A_i[0][1][3]   | C_o[0][2][8]   |     6.206 | SLOW    |     2.675 | FAST    |
A_i[0][1][3]   | C_o[0][3][3]   |     5.053 | SLOW    |     2.636 | FAST    |
A_i[0][1][3]   | C_o[0][3][4]   |     5.299 | SLOW    |     2.557 | FAST    |
A_i[0][1][3]   | C_o[0][3][5]   |     5.506 | SLOW    |     2.586 | FAST    |
A_i[0][1][3]   | C_o[0][3][6]   |     5.706 | SLOW    |     2.604 | FAST    |
A_i[0][1][3]   | C_o[0][3][7]   |     5.868 | SLOW    |     2.632 | FAST    |
A_i[0][1][3]   | C_o[0][3][8]   |     6.206 | SLOW    |     2.675 | FAST    |
A_i[0][1][4]   | C_o[0][0][4]   |     5.283 | SLOW    |     2.761 | FAST    |
A_i[0][1][4]   | C_o[0][0][5]   |     5.677 | SLOW    |     2.684 | FAST    |
A_i[0][1][4]   | C_o[0][0][6]   |     5.882 | SLOW    |     2.658 | FAST    |
A_i[0][1][4]   | C_o[0][0][7]   |     6.044 | SLOW    |     2.686 | FAST    |
A_i[0][1][4]   | C_o[0][0][8]   |     6.382 | SLOW    |     2.748 | FAST    |
A_i[0][1][4]   | C_o[0][1][4]   |     5.283 | SLOW    |     2.761 | FAST    |
A_i[0][1][4]   | C_o[0][1][5]   |     5.708 | SLOW    |     2.684 | FAST    |
A_i[0][1][4]   | C_o[0][1][6]   |     5.913 | SLOW    |     2.658 | FAST    |
A_i[0][1][4]   | C_o[0][1][7]   |     6.075 | SLOW    |     2.686 | FAST    |
A_i[0][1][4]   | C_o[0][1][8]   |     6.413 | SLOW    |     2.748 | FAST    |
A_i[0][1][4]   | C_o[0][2][4]   |     5.283 | SLOW    |     2.761 | FAST    |
A_i[0][1][4]   | C_o[0][2][5]   |     5.677 | SLOW    |     2.684 | FAST    |
A_i[0][1][4]   | C_o[0][2][6]   |     5.882 | SLOW    |     2.658 | FAST    |
A_i[0][1][4]   | C_o[0][2][7]   |     6.044 | SLOW    |     2.686 | FAST    |
A_i[0][1][4]   | C_o[0][2][8]   |     6.382 | SLOW    |     2.748 | FAST    |
A_i[0][1][4]   | C_o[0][3][4]   |     5.283 | SLOW    |     2.761 | FAST    |
A_i[0][1][4]   | C_o[0][3][5]   |     5.708 | SLOW    |     2.684 | FAST    |
A_i[0][1][4]   | C_o[0][3][6]   |     5.913 | SLOW    |     2.658 | FAST    |
A_i[0][1][4]   | C_o[0][3][7]   |     6.075 | SLOW    |     2.686 | FAST    |
A_i[0][1][4]   | C_o[0][3][8]   |     6.413 | SLOW    |     2.748 | FAST    |
A_i[0][1][5]   | C_o[0][0][5]   |     5.468 | SLOW    |     2.860 | FAST    |
A_i[0][1][5]   | C_o[0][0][6]   |     5.673 | SLOW    |     2.773 | FAST    |
A_i[0][1][5]   | C_o[0][0][7]   |     5.835 | SLOW    |     2.722 | FAST    |
A_i[0][1][5]   | C_o[0][0][8]   |     6.173 | SLOW    |     2.747 | FAST    |
A_i[0][1][5]   | C_o[0][1][5]   |     5.468 | SLOW    |     2.860 | FAST    |
A_i[0][1][5]   | C_o[0][1][6]   |     5.673 | SLOW    |     2.773 | FAST    |
A_i[0][1][5]   | C_o[0][1][7]   |     5.835 | SLOW    |     2.722 | FAST    |
A_i[0][1][5]   | C_o[0][1][8]   |     6.173 | SLOW    |     2.747 | FAST    |
A_i[0][1][5]   | C_o[0][2][5]   |     5.468 | SLOW    |     2.860 | FAST    |
A_i[0][1][5]   | C_o[0][2][6]   |     5.673 | SLOW    |     2.773 | FAST    |
A_i[0][1][5]   | C_o[0][2][7]   |     5.835 | SLOW    |     2.722 | FAST    |
A_i[0][1][5]   | C_o[0][2][8]   |     6.173 | SLOW    |     2.747 | FAST    |
A_i[0][1][5]   | C_o[0][3][5]   |     5.468 | SLOW    |     2.860 | FAST    |
A_i[0][1][5]   | C_o[0][3][6]   |     5.673 | SLOW    |     2.773 | FAST    |
A_i[0][1][5]   | C_o[0][3][7]   |     5.835 | SLOW    |     2.722 | FAST    |
A_i[0][1][5]   | C_o[0][3][8]   |     6.173 | SLOW    |     2.747 | FAST    |
A_i[0][1][6]   | C_o[0][0][6]   |     5.244 | SLOW    |     2.738 | FAST    |
A_i[0][1][6]   | C_o[0][0][7]   |     5.487 | SLOW    |     2.687 | FAST    |
A_i[0][1][6]   | C_o[0][0][8]   |     5.920 | SLOW    |     2.633 | FAST    |
A_i[0][1][6]   | C_o[0][1][6]   |     5.244 | SLOW    |     2.738 | FAST    |
A_i[0][1][6]   | C_o[0][1][7]   |     5.487 | SLOW    |     2.687 | FAST    |
A_i[0][1][6]   | C_o[0][1][8]   |     5.920 | SLOW    |     2.633 | FAST    |
A_i[0][1][6]   | C_o[0][2][6]   |     5.244 | SLOW    |     2.738 | FAST    |
A_i[0][1][6]   | C_o[0][2][7]   |     5.487 | SLOW    |     2.687 | FAST    |
A_i[0][1][6]   | C_o[0][2][8]   |     5.920 | SLOW    |     2.633 | FAST    |
A_i[0][1][6]   | C_o[0][3][6]   |     5.244 | SLOW    |     2.738 | FAST    |
A_i[0][1][6]   | C_o[0][3][7]   |     5.487 | SLOW    |     2.687 | FAST    |
A_i[0][1][6]   | C_o[0][3][8]   |     5.920 | SLOW    |     2.633 | FAST    |
A_i[0][1][7]   | C_o[0][0][7]   |     5.293 | SLOW    |     2.770 | FAST    |
A_i[0][1][7]   | C_o[0][0][8]   |     5.761 | SLOW    |     2.706 | FAST    |
A_i[0][1][7]   | C_o[0][1][7]   |     5.293 | SLOW    |     2.770 | FAST    |
A_i[0][1][7]   | C_o[0][1][8]   |     5.761 | SLOW    |     2.706 | FAST    |
A_i[0][1][7]   | C_o[0][2][7]   |     5.293 | SLOW    |     2.770 | FAST    |
A_i[0][1][7]   | C_o[0][2][8]   |     5.761 | SLOW    |     2.706 | FAST    |
A_i[0][1][7]   | C_o[0][3][7]   |     5.293 | SLOW    |     2.770 | FAST    |
A_i[0][1][7]   | C_o[0][3][8]   |     5.761 | SLOW    |     2.706 | FAST    |
A_i[0][1][8]   | C_o[0][0][8]   |     5.736 | SLOW    |     3.012 | FAST    |
A_i[0][1][8]   | C_o[0][1][8]   |     5.736 | SLOW    |     3.012 | FAST    |
A_i[0][1][8]   | C_o[0][2][8]   |     5.736 | SLOW    |     3.012 | FAST    |
A_i[0][1][8]   | C_o[0][3][8]   |     5.736 | SLOW    |     3.012 | FAST    |
A_i[0][2][0]   | C_o[0][0][0]   |     4.729 | SLOW    |     2.459 | FAST    |
A_i[0][2][0]   | C_o[0][0][1]   |     4.937 | SLOW    |     2.481 | FAST    |
A_i[0][2][0]   | C_o[0][0][2]   |     5.294 | SLOW    |     2.506 | FAST    |
A_i[0][2][0]   | C_o[0][0][3]   |     5.515 | SLOW    |     2.534 | FAST    |
A_i[0][2][0]   | C_o[0][0][4]   |     5.705 | SLOW    |     2.550 | FAST    |
A_i[0][2][0]   | C_o[0][0][5]   |     5.775 | SLOW    |     2.571 | FAST    |
A_i[0][2][0]   | C_o[0][0][6]   |     5.875 | SLOW    |     2.566 | FAST    |
A_i[0][2][0]   | C_o[0][0][7]   |     5.938 | SLOW    |     2.594 | FAST    |
A_i[0][2][0]   | C_o[0][0][8]   |     6.236 | SLOW    |     2.630 | FAST    |
A_i[0][2][0]   | C_o[0][1][0]   |     4.729 | SLOW    |     2.459 | FAST    |
A_i[0][2][0]   | C_o[0][1][1]   |     4.937 | SLOW    |     2.481 | FAST    |
A_i[0][2][0]   | C_o[0][1][2]   |     5.294 | SLOW    |     2.506 | FAST    |
A_i[0][2][0]   | C_o[0][1][3]   |     5.515 | SLOW    |     2.534 | FAST    |
A_i[0][2][0]   | C_o[0][1][4]   |     5.705 | SLOW    |     2.550 | FAST    |
A_i[0][2][0]   | C_o[0][1][5]   |     5.775 | SLOW    |     2.571 | FAST    |
A_i[0][2][0]   | C_o[0][1][6]   |     5.875 | SLOW    |     2.566 | FAST    |
A_i[0][2][0]   | C_o[0][1][7]   |     5.938 | SLOW    |     2.594 | FAST    |
A_i[0][2][0]   | C_o[0][1][8]   |     6.236 | SLOW    |     2.630 | FAST    |
A_i[0][2][0]   | C_o[0][2][0]   |     4.729 | SLOW    |     2.459 | FAST    |
A_i[0][2][0]   | C_o[0][2][1]   |     4.937 | SLOW    |     2.481 | FAST    |
A_i[0][2][0]   | C_o[0][2][2]   |     5.294 | SLOW    |     2.506 | FAST    |
A_i[0][2][0]   | C_o[0][2][3]   |     5.515 | SLOW    |     2.534 | FAST    |
A_i[0][2][0]   | C_o[0][2][4]   |     5.705 | SLOW    |     2.550 | FAST    |
A_i[0][2][0]   | C_o[0][2][5]   |     5.775 | SLOW    |     2.571 | FAST    |
A_i[0][2][0]   | C_o[0][2][6]   |     5.875 | SLOW    |     2.566 | FAST    |
A_i[0][2][0]   | C_o[0][2][7]   |     5.938 | SLOW    |     2.594 | FAST    |
A_i[0][2][0]   | C_o[0][2][8]   |     6.236 | SLOW    |     2.630 | FAST    |
A_i[0][2][0]   | C_o[0][3][0]   |     4.729 | SLOW    |     2.459 | FAST    |
A_i[0][2][0]   | C_o[0][3][1]   |     4.937 | SLOW    |     2.481 | FAST    |
A_i[0][2][0]   | C_o[0][3][2]   |     5.294 | SLOW    |     2.506 | FAST    |
A_i[0][2][0]   | C_o[0][3][3]   |     5.515 | SLOW    |     2.534 | FAST    |
A_i[0][2][0]   | C_o[0][3][4]   |     5.705 | SLOW    |     2.550 | FAST    |
A_i[0][2][0]   | C_o[0][3][5]   |     5.775 | SLOW    |     2.571 | FAST    |
A_i[0][2][0]   | C_o[0][3][6]   |     5.875 | SLOW    |     2.566 | FAST    |
A_i[0][2][0]   | C_o[0][3][7]   |     5.938 | SLOW    |     2.594 | FAST    |
A_i[0][2][0]   | C_o[0][3][8]   |     6.236 | SLOW    |     2.630 | FAST    |
A_i[0][2][1]   | C_o[0][0][1]   |     5.045 | SLOW    |     2.628 | FAST    |
A_i[0][2][1]   | C_o[0][0][2]   |     5.287 | SLOW    |     2.564 | FAST    |
A_i[0][2][1]   | C_o[0][0][3]   |     5.508 | SLOW    |     2.592 | FAST    |
A_i[0][2][1]   | C_o[0][0][4]   |     5.698 | SLOW    |     2.619 | FAST    |
A_i[0][2][1]   | C_o[0][0][5]   |     5.768 | SLOW    |     2.610 | FAST    |
A_i[0][2][1]   | C_o[0][0][6]   |     5.866 | SLOW    |     2.624 | FAST    |
A_i[0][2][1]   | C_o[0][0][7]   |     5.929 | SLOW    |     2.652 | FAST    |
A_i[0][2][1]   | C_o[0][0][8]   |     6.207 | SLOW    |     2.694 | FAST    |
A_i[0][2][1]   | C_o[0][1][1]   |     5.045 | SLOW    |     2.628 | FAST    |
A_i[0][2][1]   | C_o[0][1][2]   |     5.287 | SLOW    |     2.564 | FAST    |
A_i[0][2][1]   | C_o[0][1][3]   |     5.508 | SLOW    |     2.592 | FAST    |
A_i[0][2][1]   | C_o[0][1][4]   |     5.698 | SLOW    |     2.619 | FAST    |
A_i[0][2][1]   | C_o[0][1][5]   |     5.768 | SLOW    |     2.610 | FAST    |
A_i[0][2][1]   | C_o[0][1][6]   |     5.866 | SLOW    |     2.624 | FAST    |
A_i[0][2][1]   | C_o[0][1][7]   |     5.929 | SLOW    |     2.652 | FAST    |
A_i[0][2][1]   | C_o[0][1][8]   |     6.207 | SLOW    |     2.694 | FAST    |
A_i[0][2][1]   | C_o[0][2][1]   |     5.045 | SLOW    |     2.628 | FAST    |
A_i[0][2][1]   | C_o[0][2][2]   |     5.287 | SLOW    |     2.564 | FAST    |
A_i[0][2][1]   | C_o[0][2][3]   |     5.508 | SLOW    |     2.592 | FAST    |
A_i[0][2][1]   | C_o[0][2][4]   |     5.698 | SLOW    |     2.619 | FAST    |
A_i[0][2][1]   | C_o[0][2][5]   |     5.768 | SLOW    |     2.610 | FAST    |
A_i[0][2][1]   | C_o[0][2][6]   |     5.866 | SLOW    |     2.624 | FAST    |
A_i[0][2][1]   | C_o[0][2][7]   |     5.929 | SLOW    |     2.652 | FAST    |
A_i[0][2][1]   | C_o[0][2][8]   |     6.207 | SLOW    |     2.694 | FAST    |
A_i[0][2][1]   | C_o[0][3][1]   |     5.045 | SLOW    |     2.628 | FAST    |
A_i[0][2][1]   | C_o[0][3][2]   |     5.287 | SLOW    |     2.564 | FAST    |
A_i[0][2][1]   | C_o[0][3][3]   |     5.508 | SLOW    |     2.592 | FAST    |
A_i[0][2][1]   | C_o[0][3][4]   |     5.698 | SLOW    |     2.619 | FAST    |
A_i[0][2][1]   | C_o[0][3][5]   |     5.768 | SLOW    |     2.610 | FAST    |
A_i[0][2][1]   | C_o[0][3][6]   |     5.866 | SLOW    |     2.624 | FAST    |
A_i[0][2][1]   | C_o[0][3][7]   |     5.929 | SLOW    |     2.652 | FAST    |
A_i[0][2][1]   | C_o[0][3][8]   |     6.207 | SLOW    |     2.694 | FAST    |
A_i[0][2][2]   | C_o[0][0][2]   |     4.946 | SLOW    |     2.568 | FAST    |
A_i[0][2][2]   | C_o[0][0][3]   |     5.310 | SLOW    |     2.498 | FAST    |
A_i[0][2][2]   | C_o[0][0][4]   |     5.517 | SLOW    |     2.525 | FAST    |
A_i[0][2][2]   | C_o[0][0][5]   |     5.709 | SLOW    |     2.554 | FAST    |
A_i[0][2][2]   | C_o[0][0][6]   |     5.868 | SLOW    |     2.570 | FAST    |
A_i[0][2][2]   | C_o[0][0][7]   |     5.931 | SLOW    |     2.595 | FAST    |
A_i[0][2][2]   | C_o[0][0][8]   |     6.229 | SLOW    |     2.614 | FAST    |
A_i[0][2][2]   | C_o[0][1][2]   |     4.946 | SLOW    |     2.568 | FAST    |
A_i[0][2][2]   | C_o[0][1][3]   |     5.310 | SLOW    |     2.498 | FAST    |
A_i[0][2][2]   | C_o[0][1][4]   |     5.517 | SLOW    |     2.525 | FAST    |
A_i[0][2][2]   | C_o[0][1][5]   |     5.709 | SLOW    |     2.554 | FAST    |
A_i[0][2][2]   | C_o[0][1][6]   |     5.868 | SLOW    |     2.570 | FAST    |
A_i[0][2][2]   | C_o[0][1][7]   |     5.931 | SLOW    |     2.595 | FAST    |
A_i[0][2][2]   | C_o[0][1][8]   |     6.229 | SLOW    |     2.614 | FAST    |
A_i[0][2][2]   | C_o[0][2][2]   |     4.946 | SLOW    |     2.568 | FAST    |
A_i[0][2][2]   | C_o[0][2][3]   |     5.310 | SLOW    |     2.498 | FAST    |
A_i[0][2][2]   | C_o[0][2][4]   |     5.517 | SLOW    |     2.525 | FAST    |
A_i[0][2][2]   | C_o[0][2][5]   |     5.709 | SLOW    |     2.554 | FAST    |
A_i[0][2][2]   | C_o[0][2][6]   |     5.868 | SLOW    |     2.570 | FAST    |
A_i[0][2][2]   | C_o[0][2][7]   |     5.931 | SLOW    |     2.595 | FAST    |
A_i[0][2][2]   | C_o[0][2][8]   |     6.229 | SLOW    |     2.614 | FAST    |
A_i[0][2][2]   | C_o[0][3][2]   |     4.946 | SLOW    |     2.568 | FAST    |
A_i[0][2][2]   | C_o[0][3][3]   |     5.310 | SLOW    |     2.498 | FAST    |
A_i[0][2][2]   | C_o[0][3][4]   |     5.517 | SLOW    |     2.525 | FAST    |
A_i[0][2][2]   | C_o[0][3][5]   |     5.709 | SLOW    |     2.554 | FAST    |
A_i[0][2][2]   | C_o[0][3][6]   |     5.868 | SLOW    |     2.570 | FAST    |
A_i[0][2][2]   | C_o[0][3][7]   |     5.931 | SLOW    |     2.595 | FAST    |
A_i[0][2][2]   | C_o[0][3][8]   |     6.229 | SLOW    |     2.614 | FAST    |
A_i[0][2][3]   | C_o[0][0][3]   |     5.068 | SLOW    |     2.640 | FAST    |
A_i[0][2][3]   | C_o[0][0][4]   |     5.314 | SLOW    |     2.557 | FAST    |
A_i[0][2][3]   | C_o[0][0][5]   |     5.521 | SLOW    |     2.586 | FAST    |
A_i[0][2][3]   | C_o[0][0][6]   |     5.721 | SLOW    |     2.604 | FAST    |
A_i[0][2][3]   | C_o[0][0][7]   |     5.883 | SLOW    |     2.632 | FAST    |
A_i[0][2][3]   | C_o[0][0][8]   |     6.221 | SLOW    |     2.675 | FAST    |
A_i[0][2][3]   | C_o[0][1][3]   |     5.068 | SLOW    |     2.640 | FAST    |
A_i[0][2][3]   | C_o[0][1][4]   |     5.314 | SLOW    |     2.557 | FAST    |
A_i[0][2][3]   | C_o[0][1][5]   |     5.521 | SLOW    |     2.586 | FAST    |
A_i[0][2][3]   | C_o[0][1][6]   |     5.721 | SLOW    |     2.604 | FAST    |
A_i[0][2][3]   | C_o[0][1][7]   |     5.883 | SLOW    |     2.632 | FAST    |
A_i[0][2][3]   | C_o[0][1][8]   |     6.221 | SLOW    |     2.675 | FAST    |
A_i[0][2][3]   | C_o[0][2][3]   |     5.068 | SLOW    |     2.640 | FAST    |
A_i[0][2][3]   | C_o[0][2][4]   |     5.314 | SLOW    |     2.557 | FAST    |
A_i[0][2][3]   | C_o[0][2][5]   |     5.521 | SLOW    |     2.586 | FAST    |
A_i[0][2][3]   | C_o[0][2][6]   |     5.721 | SLOW    |     2.604 | FAST    |
A_i[0][2][3]   | C_o[0][2][7]   |     5.883 | SLOW    |     2.632 | FAST    |
A_i[0][2][3]   | C_o[0][2][8]   |     6.221 | SLOW    |     2.675 | FAST    |
A_i[0][2][3]   | C_o[0][3][3]   |     5.068 | SLOW    |     2.640 | FAST    |
A_i[0][2][3]   | C_o[0][3][4]   |     5.314 | SLOW    |     2.557 | FAST    |
A_i[0][2][3]   | C_o[0][3][5]   |     5.521 | SLOW    |     2.586 | FAST    |
A_i[0][2][3]   | C_o[0][3][6]   |     5.721 | SLOW    |     2.604 | FAST    |
A_i[0][2][3]   | C_o[0][3][7]   |     5.883 | SLOW    |     2.632 | FAST    |
A_i[0][2][3]   | C_o[0][3][8]   |     6.221 | SLOW    |     2.675 | FAST    |
A_i[0][2][4]   | C_o[0][0][4]   |     5.298 | SLOW    |     2.765 | FAST    |
A_i[0][2][4]   | C_o[0][0][5]   |     5.692 | SLOW    |     2.684 | FAST    |
A_i[0][2][4]   | C_o[0][0][6]   |     5.897 | SLOW    |     2.658 | FAST    |
A_i[0][2][4]   | C_o[0][0][7]   |     6.059 | SLOW    |     2.686 | FAST    |
A_i[0][2][4]   | C_o[0][0][8]   |     6.397 | SLOW    |     2.748 | FAST    |
A_i[0][2][4]   | C_o[0][1][4]   |     5.298 | SLOW    |     2.765 | FAST    |
A_i[0][2][4]   | C_o[0][1][5]   |     5.723 | SLOW    |     2.684 | FAST    |
A_i[0][2][4]   | C_o[0][1][6]   |     5.928 | SLOW    |     2.658 | FAST    |
A_i[0][2][4]   | C_o[0][1][7]   |     6.090 | SLOW    |     2.686 | FAST    |
A_i[0][2][4]   | C_o[0][1][8]   |     6.428 | SLOW    |     2.748 | FAST    |
A_i[0][2][4]   | C_o[0][2][4]   |     5.298 | SLOW    |     2.765 | FAST    |
A_i[0][2][4]   | C_o[0][2][5]   |     5.692 | SLOW    |     2.684 | FAST    |
A_i[0][2][4]   | C_o[0][2][6]   |     5.897 | SLOW    |     2.658 | FAST    |
A_i[0][2][4]   | C_o[0][2][7]   |     6.059 | SLOW    |     2.686 | FAST    |
A_i[0][2][4]   | C_o[0][2][8]   |     6.397 | SLOW    |     2.748 | FAST    |
A_i[0][2][4]   | C_o[0][3][4]   |     5.298 | SLOW    |     2.765 | FAST    |
A_i[0][2][4]   | C_o[0][3][5]   |     5.723 | SLOW    |     2.684 | FAST    |
A_i[0][2][4]   | C_o[0][3][6]   |     5.928 | SLOW    |     2.658 | FAST    |
A_i[0][2][4]   | C_o[0][3][7]   |     6.090 | SLOW    |     2.686 | FAST    |
A_i[0][2][4]   | C_o[0][3][8]   |     6.428 | SLOW    |     2.748 | FAST    |
A_i[0][2][5]   | C_o[0][0][5]   |     5.483 | SLOW    |     2.864 | FAST    |
A_i[0][2][5]   | C_o[0][0][6]   |     5.688 | SLOW    |     2.777 | FAST    |
A_i[0][2][5]   | C_o[0][0][7]   |     5.850 | SLOW    |     2.722 | FAST    |
A_i[0][2][5]   | C_o[0][0][8]   |     6.188 | SLOW    |     2.747 | FAST    |
A_i[0][2][5]   | C_o[0][1][5]   |     5.483 | SLOW    |     2.864 | FAST    |
A_i[0][2][5]   | C_o[0][1][6]   |     5.688 | SLOW    |     2.777 | FAST    |
A_i[0][2][5]   | C_o[0][1][7]   |     5.850 | SLOW    |     2.722 | FAST    |
A_i[0][2][5]   | C_o[0][1][8]   |     6.188 | SLOW    |     2.747 | FAST    |
A_i[0][2][5]   | C_o[0][2][5]   |     5.483 | SLOW    |     2.864 | FAST    |
A_i[0][2][5]   | C_o[0][2][6]   |     5.688 | SLOW    |     2.777 | FAST    |
A_i[0][2][5]   | C_o[0][2][7]   |     5.850 | SLOW    |     2.722 | FAST    |
A_i[0][2][5]   | C_o[0][2][8]   |     6.188 | SLOW    |     2.747 | FAST    |
A_i[0][2][5]   | C_o[0][3][5]   |     5.483 | SLOW    |     2.864 | FAST    |
A_i[0][2][5]   | C_o[0][3][6]   |     5.688 | SLOW    |     2.777 | FAST    |
A_i[0][2][5]   | C_o[0][3][7]   |     5.850 | SLOW    |     2.722 | FAST    |
A_i[0][2][5]   | C_o[0][3][8]   |     6.188 | SLOW    |     2.747 | FAST    |
A_i[0][2][6]   | C_o[0][0][6]   |     5.259 | SLOW    |     2.742 | FAST    |
A_i[0][2][6]   | C_o[0][0][7]   |     5.502 | SLOW    |     2.687 | FAST    |
A_i[0][2][6]   | C_o[0][0][8]   |     5.905 | SLOW    |     2.633 | FAST    |
A_i[0][2][6]   | C_o[0][1][6]   |     5.259 | SLOW    |     2.742 | FAST    |
A_i[0][2][6]   | C_o[0][1][7]   |     5.502 | SLOW    |     2.687 | FAST    |
A_i[0][2][6]   | C_o[0][1][8]   |     5.905 | SLOW    |     2.633 | FAST    |
A_i[0][2][6]   | C_o[0][2][6]   |     5.259 | SLOW    |     2.742 | FAST    |
A_i[0][2][6]   | C_o[0][2][7]   |     5.502 | SLOW    |     2.687 | FAST    |
A_i[0][2][6]   | C_o[0][2][8]   |     5.905 | SLOW    |     2.633 | FAST    |
A_i[0][2][6]   | C_o[0][3][6]   |     5.259 | SLOW    |     2.742 | FAST    |
A_i[0][2][6]   | C_o[0][3][7]   |     5.502 | SLOW    |     2.687 | FAST    |
A_i[0][2][6]   | C_o[0][3][8]   |     5.905 | SLOW    |     2.633 | FAST    |
A_i[0][2][7]   | C_o[0][0][7]   |     5.308 | SLOW    |     2.774 | FAST    |
A_i[0][2][7]   | C_o[0][0][8]   |     5.746 | SLOW    |     2.706 | FAST    |
A_i[0][2][7]   | C_o[0][1][7]   |     5.308 | SLOW    |     2.774 | FAST    |
A_i[0][2][7]   | C_o[0][1][8]   |     5.746 | SLOW    |     2.706 | FAST    |
A_i[0][2][7]   | C_o[0][2][7]   |     5.308 | SLOW    |     2.774 | FAST    |
A_i[0][2][7]   | C_o[0][2][8]   |     5.746 | SLOW    |     2.706 | FAST    |
A_i[0][2][7]   | C_o[0][3][7]   |     5.308 | SLOW    |     2.774 | FAST    |
A_i[0][2][7]   | C_o[0][3][8]   |     5.746 | SLOW    |     2.706 | FAST    |
A_i[0][2][8]   | C_o[0][0][8]   |     5.721 | SLOW    |     3.008 | FAST    |
A_i[0][2][8]   | C_o[0][1][8]   |     5.721 | SLOW    |     3.008 | FAST    |
A_i[0][2][8]   | C_o[0][2][8]   |     5.721 | SLOW    |     3.008 | FAST    |
A_i[0][2][8]   | C_o[0][3][8]   |     5.721 | SLOW    |     3.008 | FAST    |
A_i[0][3][0]   | C_o[0][0][0]   |     4.777 | SLOW    |     2.481 | FAST    |
A_i[0][3][0]   | C_o[0][0][1]   |     4.952 | SLOW    |     2.401 | FAST    |
A_i[0][3][0]   | C_o[0][0][2]   |     5.279 | SLOW    |     2.446 | FAST    |
A_i[0][3][0]   | C_o[0][0][3]   |     5.500 | SLOW    |     2.474 | FAST    |
A_i[0][3][0]   | C_o[0][0][4]   |     5.690 | SLOW    |     2.468 | FAST    |
A_i[0][3][0]   | C_o[0][0][5]   |     5.760 | SLOW    |     2.496 | FAST    |
A_i[0][3][0]   | C_o[0][0][6]   |     5.860 | SLOW    |     2.484 | FAST    |
A_i[0][3][0]   | C_o[0][0][7]   |     5.923 | SLOW    |     2.512 | FAST    |
A_i[0][3][0]   | C_o[0][0][8]   |     6.221 | SLOW    |     2.571 | FAST    |
A_i[0][3][0]   | C_o[0][1][0]   |     4.777 | SLOW    |     2.481 | FAST    |
A_i[0][3][0]   | C_o[0][1][1]   |     4.952 | SLOW    |     2.401 | FAST    |
A_i[0][3][0]   | C_o[0][1][2]   |     5.279 | SLOW    |     2.446 | FAST    |
A_i[0][3][0]   | C_o[0][1][3]   |     5.500 | SLOW    |     2.474 | FAST    |
A_i[0][3][0]   | C_o[0][1][4]   |     5.690 | SLOW    |     2.468 | FAST    |
A_i[0][3][0]   | C_o[0][1][5]   |     5.760 | SLOW    |     2.496 | FAST    |
A_i[0][3][0]   | C_o[0][1][6]   |     5.860 | SLOW    |     2.484 | FAST    |
A_i[0][3][0]   | C_o[0][1][7]   |     5.923 | SLOW    |     2.512 | FAST    |
A_i[0][3][0]   | C_o[0][1][8]   |     6.221 | SLOW    |     2.571 | FAST    |
A_i[0][3][0]   | C_o[0][2][0]   |     4.777 | SLOW    |     2.481 | FAST    |
A_i[0][3][0]   | C_o[0][2][1]   |     4.952 | SLOW    |     2.401 | FAST    |
A_i[0][3][0]   | C_o[0][2][2]   |     5.279 | SLOW    |     2.446 | FAST    |
A_i[0][3][0]   | C_o[0][2][3]   |     5.500 | SLOW    |     2.474 | FAST    |
A_i[0][3][0]   | C_o[0][2][4]   |     5.690 | SLOW    |     2.468 | FAST    |
A_i[0][3][0]   | C_o[0][2][5]   |     5.760 | SLOW    |     2.496 | FAST    |
A_i[0][3][0]   | C_o[0][2][6]   |     5.860 | SLOW    |     2.484 | FAST    |
A_i[0][3][0]   | C_o[0][2][7]   |     5.923 | SLOW    |     2.512 | FAST    |
A_i[0][3][0]   | C_o[0][2][8]   |     6.221 | SLOW    |     2.571 | FAST    |
A_i[0][3][0]   | C_o[0][3][0]   |     4.777 | SLOW    |     2.481 | FAST    |
A_i[0][3][0]   | C_o[0][3][1]   |     4.952 | SLOW    |     2.401 | FAST    |
A_i[0][3][0]   | C_o[0][3][2]   |     5.279 | SLOW    |     2.446 | FAST    |
A_i[0][3][0]   | C_o[0][3][3]   |     5.500 | SLOW    |     2.474 | FAST    |
A_i[0][3][0]   | C_o[0][3][4]   |     5.690 | SLOW    |     2.468 | FAST    |
A_i[0][3][0]   | C_o[0][3][5]   |     5.760 | SLOW    |     2.496 | FAST    |
A_i[0][3][0]   | C_o[0][3][6]   |     5.860 | SLOW    |     2.484 | FAST    |
A_i[0][3][0]   | C_o[0][3][7]   |     5.923 | SLOW    |     2.512 | FAST    |
A_i[0][3][0]   | C_o[0][3][8]   |     6.221 | SLOW    |     2.571 | FAST    |
A_i[0][3][1]   | C_o[0][0][1]   |     5.060 | SLOW    |     2.632 | FAST    |
A_i[0][3][1]   | C_o[0][0][2]   |     5.272 | SLOW    |     2.564 | FAST    |
A_i[0][3][1]   | C_o[0][0][3]   |     5.493 | SLOW    |     2.592 | FAST    |
A_i[0][3][1]   | C_o[0][0][4]   |     5.683 | SLOW    |     2.619 | FAST    |
A_i[0][3][1]   | C_o[0][0][5]   |     5.753 | SLOW    |     2.614 | FAST    |
A_i[0][3][1]   | C_o[0][0][6]   |     5.851 | SLOW    |     2.628 | FAST    |
A_i[0][3][1]   | C_o[0][0][7]   |     5.914 | SLOW    |     2.656 | FAST    |
A_i[0][3][1]   | C_o[0][0][8]   |     6.192 | SLOW    |     2.696 | FAST    |
A_i[0][3][1]   | C_o[0][1][1]   |     5.060 | SLOW    |     2.632 | FAST    |
A_i[0][3][1]   | C_o[0][1][2]   |     5.272 | SLOW    |     2.564 | FAST    |
A_i[0][3][1]   | C_o[0][1][3]   |     5.493 | SLOW    |     2.592 | FAST    |
A_i[0][3][1]   | C_o[0][1][4]   |     5.683 | SLOW    |     2.619 | FAST    |
A_i[0][3][1]   | C_o[0][1][5]   |     5.753 | SLOW    |     2.614 | FAST    |
A_i[0][3][1]   | C_o[0][1][6]   |     5.851 | SLOW    |     2.628 | FAST    |
A_i[0][3][1]   | C_o[0][1][7]   |     5.914 | SLOW    |     2.656 | FAST    |
A_i[0][3][1]   | C_o[0][1][8]   |     6.192 | SLOW    |     2.696 | FAST    |
A_i[0][3][1]   | C_o[0][2][1]   |     5.060 | SLOW    |     2.632 | FAST    |
A_i[0][3][1]   | C_o[0][2][2]   |     5.272 | SLOW    |     2.564 | FAST    |
A_i[0][3][1]   | C_o[0][2][3]   |     5.493 | SLOW    |     2.592 | FAST    |
A_i[0][3][1]   | C_o[0][2][4]   |     5.683 | SLOW    |     2.619 | FAST    |
A_i[0][3][1]   | C_o[0][2][5]   |     5.753 | SLOW    |     2.614 | FAST    |
A_i[0][3][1]   | C_o[0][2][6]   |     5.851 | SLOW    |     2.628 | FAST    |
A_i[0][3][1]   | C_o[0][2][7]   |     5.914 | SLOW    |     2.656 | FAST    |
A_i[0][3][1]   | C_o[0][2][8]   |     6.192 | SLOW    |     2.696 | FAST    |
A_i[0][3][1]   | C_o[0][3][1]   |     5.060 | SLOW    |     2.632 | FAST    |
A_i[0][3][1]   | C_o[0][3][2]   |     5.272 | SLOW    |     2.564 | FAST    |
A_i[0][3][1]   | C_o[0][3][3]   |     5.493 | SLOW    |     2.592 | FAST    |
A_i[0][3][1]   | C_o[0][3][4]   |     5.683 | SLOW    |     2.619 | FAST    |
A_i[0][3][1]   | C_o[0][3][5]   |     5.753 | SLOW    |     2.614 | FAST    |
A_i[0][3][1]   | C_o[0][3][6]   |     5.851 | SLOW    |     2.628 | FAST    |
A_i[0][3][1]   | C_o[0][3][7]   |     5.914 | SLOW    |     2.656 | FAST    |
A_i[0][3][1]   | C_o[0][3][8]   |     6.192 | SLOW    |     2.696 | FAST    |
A_i[0][3][2]   | C_o[0][0][2]   |     4.931 | SLOW    |     2.564 | FAST    |
A_i[0][3][2]   | C_o[0][0][3]   |     5.295 | SLOW    |     2.502 | FAST    |
A_i[0][3][2]   | C_o[0][0][4]   |     5.502 | SLOW    |     2.529 | FAST    |
A_i[0][3][2]   | C_o[0][0][5]   |     5.694 | SLOW    |     2.558 | FAST    |
A_i[0][3][2]   | C_o[0][0][6]   |     5.853 | SLOW    |     2.574 | FAST    |
A_i[0][3][2]   | C_o[0][0][7]   |     5.916 | SLOW    |     2.593 | FAST    |
A_i[0][3][2]   | C_o[0][0][8]   |     6.214 | SLOW    |     2.616 | FAST    |
A_i[0][3][2]   | C_o[0][1][2]   |     4.931 | SLOW    |     2.564 | FAST    |
A_i[0][3][2]   | C_o[0][1][3]   |     5.295 | SLOW    |     2.502 | FAST    |
A_i[0][3][2]   | C_o[0][1][4]   |     5.502 | SLOW    |     2.529 | FAST    |
A_i[0][3][2]   | C_o[0][1][5]   |     5.694 | SLOW    |     2.558 | FAST    |
A_i[0][3][2]   | C_o[0][1][6]   |     5.853 | SLOW    |     2.574 | FAST    |
A_i[0][3][2]   | C_o[0][1][7]   |     5.916 | SLOW    |     2.593 | FAST    |
A_i[0][3][2]   | C_o[0][1][8]   |     6.214 | SLOW    |     2.616 | FAST    |
A_i[0][3][2]   | C_o[0][2][2]   |     4.931 | SLOW    |     2.564 | FAST    |
A_i[0][3][2]   | C_o[0][2][3]   |     5.295 | SLOW    |     2.502 | FAST    |
A_i[0][3][2]   | C_o[0][2][4]   |     5.502 | SLOW    |     2.529 | FAST    |
A_i[0][3][2]   | C_o[0][2][5]   |     5.694 | SLOW    |     2.558 | FAST    |
A_i[0][3][2]   | C_o[0][2][6]   |     5.853 | SLOW    |     2.574 | FAST    |
A_i[0][3][2]   | C_o[0][2][7]   |     5.916 | SLOW    |     2.593 | FAST    |
A_i[0][3][2]   | C_o[0][2][8]   |     6.214 | SLOW    |     2.616 | FAST    |
A_i[0][3][2]   | C_o[0][3][2]   |     4.931 | SLOW    |     2.564 | FAST    |
A_i[0][3][2]   | C_o[0][3][3]   |     5.295 | SLOW    |     2.502 | FAST    |
A_i[0][3][2]   | C_o[0][3][4]   |     5.502 | SLOW    |     2.529 | FAST    |
A_i[0][3][2]   | C_o[0][3][5]   |     5.694 | SLOW    |     2.558 | FAST    |
A_i[0][3][2]   | C_o[0][3][6]   |     5.853 | SLOW    |     2.574 | FAST    |
A_i[0][3][2]   | C_o[0][3][7]   |     5.916 | SLOW    |     2.593 | FAST    |
A_i[0][3][2]   | C_o[0][3][8]   |     6.214 | SLOW    |     2.616 | FAST    |
A_i[0][3][3]   | C_o[0][0][3]   |     5.053 | SLOW    |     2.636 | FAST    |
A_i[0][3][3]   | C_o[0][0][4]   |     5.299 | SLOW    |     2.561 | FAST    |
A_i[0][3][3]   | C_o[0][0][5]   |     5.506 | SLOW    |     2.590 | FAST    |
A_i[0][3][3]   | C_o[0][0][6]   |     5.706 | SLOW    |     2.608 | FAST    |
A_i[0][3][3]   | C_o[0][0][7]   |     5.868 | SLOW    |     2.636 | FAST    |
A_i[0][3][3]   | C_o[0][0][8]   |     6.206 | SLOW    |     2.677 | FAST    |
A_i[0][3][3]   | C_o[0][1][3]   |     5.053 | SLOW    |     2.636 | FAST    |
A_i[0][3][3]   | C_o[0][1][4]   |     5.299 | SLOW    |     2.561 | FAST    |
A_i[0][3][3]   | C_o[0][1][5]   |     5.506 | SLOW    |     2.590 | FAST    |
A_i[0][3][3]   | C_o[0][1][6]   |     5.706 | SLOW    |     2.608 | FAST    |
A_i[0][3][3]   | C_o[0][1][7]   |     5.868 | SLOW    |     2.636 | FAST    |
A_i[0][3][3]   | C_o[0][1][8]   |     6.206 | SLOW    |     2.677 | FAST    |
A_i[0][3][3]   | C_o[0][2][3]   |     5.053 | SLOW    |     2.636 | FAST    |
A_i[0][3][3]   | C_o[0][2][4]   |     5.299 | SLOW    |     2.561 | FAST    |
A_i[0][3][3]   | C_o[0][2][5]   |     5.506 | SLOW    |     2.590 | FAST    |
A_i[0][3][3]   | C_o[0][2][6]   |     5.706 | SLOW    |     2.608 | FAST    |
A_i[0][3][3]   | C_o[0][2][7]   |     5.868 | SLOW    |     2.636 | FAST    |
A_i[0][3][3]   | C_o[0][2][8]   |     6.206 | SLOW    |     2.677 | FAST    |
A_i[0][3][3]   | C_o[0][3][3]   |     5.053 | SLOW    |     2.636 | FAST    |
A_i[0][3][3]   | C_o[0][3][4]   |     5.299 | SLOW    |     2.561 | FAST    |
A_i[0][3][3]   | C_o[0][3][5]   |     5.506 | SLOW    |     2.590 | FAST    |
A_i[0][3][3]   | C_o[0][3][6]   |     5.706 | SLOW    |     2.608 | FAST    |
A_i[0][3][3]   | C_o[0][3][7]   |     5.868 | SLOW    |     2.636 | FAST    |
A_i[0][3][3]   | C_o[0][3][8]   |     6.206 | SLOW    |     2.677 | FAST    |
A_i[0][3][4]   | C_o[0][0][4]   |     5.283 | SLOW    |     2.761 | FAST    |
A_i[0][3][4]   | C_o[0][0][5]   |     5.677 | SLOW    |     2.688 | FAST    |
A_i[0][3][4]   | C_o[0][0][6]   |     5.882 | SLOW    |     2.662 | FAST    |
A_i[0][3][4]   | C_o[0][0][7]   |     6.044 | SLOW    |     2.690 | FAST    |
A_i[0][3][4]   | C_o[0][0][8]   |     6.382 | SLOW    |     2.750 | FAST    |
A_i[0][3][4]   | C_o[0][1][4]   |     5.283 | SLOW    |     2.761 | FAST    |
A_i[0][3][4]   | C_o[0][1][5]   |     5.708 | SLOW    |     2.688 | FAST    |
A_i[0][3][4]   | C_o[0][1][6]   |     5.913 | SLOW    |     2.662 | FAST    |
A_i[0][3][4]   | C_o[0][1][7]   |     6.075 | SLOW    |     2.690 | FAST    |
A_i[0][3][4]   | C_o[0][1][8]   |     6.413 | SLOW    |     2.750 | FAST    |
A_i[0][3][4]   | C_o[0][2][4]   |     5.283 | SLOW    |     2.761 | FAST    |
A_i[0][3][4]   | C_o[0][2][5]   |     5.677 | SLOW    |     2.688 | FAST    |
A_i[0][3][4]   | C_o[0][2][6]   |     5.882 | SLOW    |     2.662 | FAST    |
A_i[0][3][4]   | C_o[0][2][7]   |     6.044 | SLOW    |     2.690 | FAST    |
A_i[0][3][4]   | C_o[0][2][8]   |     6.382 | SLOW    |     2.750 | FAST    |
A_i[0][3][4]   | C_o[0][3][4]   |     5.283 | SLOW    |     2.761 | FAST    |
A_i[0][3][4]   | C_o[0][3][5]   |     5.708 | SLOW    |     2.688 | FAST    |
A_i[0][3][4]   | C_o[0][3][6]   |     5.913 | SLOW    |     2.662 | FAST    |
A_i[0][3][4]   | C_o[0][3][7]   |     6.075 | SLOW    |     2.690 | FAST    |
A_i[0][3][4]   | C_o[0][3][8]   |     6.413 | SLOW    |     2.750 | FAST    |
A_i[0][3][5]   | C_o[0][0][5]   |     5.468 | SLOW    |     2.860 | FAST    |
A_i[0][3][5]   | C_o[0][0][6]   |     5.673 | SLOW    |     2.773 | FAST    |
A_i[0][3][5]   | C_o[0][0][7]   |     5.835 | SLOW    |     2.720 | FAST    |
A_i[0][3][5]   | C_o[0][0][8]   |     6.173 | SLOW    |     2.749 | FAST    |
A_i[0][3][5]   | C_o[0][1][5]   |     5.468 | SLOW    |     2.860 | FAST    |
A_i[0][3][5]   | C_o[0][1][6]   |     5.673 | SLOW    |     2.773 | FAST    |
A_i[0][3][5]   | C_o[0][1][7]   |     5.835 | SLOW    |     2.720 | FAST    |
A_i[0][3][5]   | C_o[0][1][8]   |     6.173 | SLOW    |     2.749 | FAST    |
A_i[0][3][5]   | C_o[0][2][5]   |     5.468 | SLOW    |     2.860 | FAST    |
A_i[0][3][5]   | C_o[0][2][6]   |     5.673 | SLOW    |     2.773 | FAST    |
A_i[0][3][5]   | C_o[0][2][7]   |     5.835 | SLOW    |     2.720 | FAST    |
A_i[0][3][5]   | C_o[0][2][8]   |     6.173 | SLOW    |     2.749 | FAST    |
A_i[0][3][5]   | C_o[0][3][5]   |     5.468 | SLOW    |     2.860 | FAST    |
A_i[0][3][5]   | C_o[0][3][6]   |     5.673 | SLOW    |     2.773 | FAST    |
A_i[0][3][5]   | C_o[0][3][7]   |     5.835 | SLOW    |     2.720 | FAST    |
A_i[0][3][5]   | C_o[0][3][8]   |     6.173 | SLOW    |     2.749 | FAST    |
A_i[0][3][6]   | C_o[0][0][6]   |     5.244 | SLOW    |     2.738 | FAST    |
A_i[0][3][6]   | C_o[0][0][7]   |     5.487 | SLOW    |     2.685 | FAST    |
A_i[0][3][6]   | C_o[0][0][8]   |     5.920 | SLOW    |     2.635 | FAST    |
A_i[0][3][6]   | C_o[0][1][6]   |     5.244 | SLOW    |     2.738 | FAST    |
A_i[0][3][6]   | C_o[0][1][7]   |     5.487 | SLOW    |     2.685 | FAST    |
A_i[0][3][6]   | C_o[0][1][8]   |     5.920 | SLOW    |     2.635 | FAST    |
A_i[0][3][6]   | C_o[0][2][6]   |     5.244 | SLOW    |     2.738 | FAST    |
A_i[0][3][6]   | C_o[0][2][7]   |     5.487 | SLOW    |     2.685 | FAST    |
A_i[0][3][6]   | C_o[0][2][8]   |     5.920 | SLOW    |     2.635 | FAST    |
A_i[0][3][6]   | C_o[0][3][6]   |     5.244 | SLOW    |     2.738 | FAST    |
A_i[0][3][6]   | C_o[0][3][7]   |     5.487 | SLOW    |     2.685 | FAST    |
A_i[0][3][6]   | C_o[0][3][8]   |     5.920 | SLOW    |     2.635 | FAST    |
A_i[0][3][7]   | C_o[0][0][7]   |     5.293 | SLOW    |     2.770 | FAST    |
A_i[0][3][7]   | C_o[0][0][8]   |     5.761 | SLOW    |     2.708 | FAST    |
A_i[0][3][7]   | C_o[0][1][7]   |     5.293 | SLOW    |     2.770 | FAST    |
A_i[0][3][7]   | C_o[0][1][8]   |     5.761 | SLOW    |     2.708 | FAST    |
A_i[0][3][7]   | C_o[0][2][7]   |     5.293 | SLOW    |     2.770 | FAST    |
A_i[0][3][7]   | C_o[0][2][8]   |     5.761 | SLOW    |     2.708 | FAST    |
A_i[0][3][7]   | C_o[0][3][7]   |     5.293 | SLOW    |     2.770 | FAST    |
A_i[0][3][7]   | C_o[0][3][8]   |     5.761 | SLOW    |     2.708 | FAST    |
A_i[0][3][8]   | C_o[0][0][8]   |     5.736 | SLOW    |     3.012 | FAST    |
A_i[0][3][8]   | C_o[0][1][8]   |     5.736 | SLOW    |     3.012 | FAST    |
A_i[0][3][8]   | C_o[0][2][8]   |     5.736 | SLOW    |     3.012 | FAST    |
A_i[0][3][8]   | C_o[0][3][8]   |     5.736 | SLOW    |     3.012 | FAST    |
A_i[1][0][0]   | C_o[1][0][0]   |     4.618 | SLOW    |     2.395 | FAST    |
A_i[1][0][0]   | C_o[1][0][1]   |     4.925 | SLOW    |     2.422 | FAST    |
A_i[1][0][0]   | C_o[1][0][2]   |     5.114 | SLOW    |     2.464 | FAST    |
A_i[1][0][0]   | C_o[1][0][3]   |     5.309 | SLOW    |     2.492 | FAST    |
A_i[1][0][0]   | C_o[1][0][4]   |     5.499 | SLOW    |     2.486 | FAST    |
A_i[1][0][0]   | C_o[1][0][5]   |     5.569 | SLOW    |     2.514 | FAST    |
A_i[1][0][0]   | C_o[1][0][6]   |     5.669 | SLOW    |     2.502 | FAST    |
A_i[1][0][0]   | C_o[1][0][7]   |     5.732 | SLOW    |     2.530 | FAST    |
A_i[1][0][0]   | C_o[1][0][8]   |     6.166 | SLOW    |     2.569 | FAST    |
A_i[1][0][0]   | C_o[1][1][0]   |     4.618 | SLOW    |     2.395 | FAST    |
A_i[1][0][0]   | C_o[1][1][1]   |     4.925 | SLOW    |     2.422 | FAST    |
A_i[1][0][0]   | C_o[1][1][2]   |     5.114 | SLOW    |     2.464 | FAST    |
A_i[1][0][0]   | C_o[1][1][3]   |     5.309 | SLOW    |     2.492 | FAST    |
A_i[1][0][0]   | C_o[1][1][4]   |     5.499 | SLOW    |     2.486 | FAST    |
A_i[1][0][0]   | C_o[1][1][5]   |     5.569 | SLOW    |     2.514 | FAST    |
A_i[1][0][0]   | C_o[1][1][6]   |     5.669 | SLOW    |     2.502 | FAST    |
A_i[1][0][0]   | C_o[1][1][7]   |     5.732 | SLOW    |     2.530 | FAST    |
A_i[1][0][0]   | C_o[1][1][8]   |     6.166 | SLOW    |     2.569 | FAST    |
A_i[1][0][0]   | C_o[1][2][0]   |     4.618 | SLOW    |     2.395 | FAST    |
A_i[1][0][0]   | C_o[1][2][1]   |     4.925 | SLOW    |     2.422 | FAST    |
A_i[1][0][0]   | C_o[1][2][2]   |     5.114 | SLOW    |     2.464 | FAST    |
A_i[1][0][0]   | C_o[1][2][3]   |     5.309 | SLOW    |     2.492 | FAST    |
A_i[1][0][0]   | C_o[1][2][4]   |     5.499 | SLOW    |     2.486 | FAST    |
A_i[1][0][0]   | C_o[1][2][5]   |     5.569 | SLOW    |     2.514 | FAST    |
A_i[1][0][0]   | C_o[1][2][6]   |     5.669 | SLOW    |     2.502 | FAST    |
A_i[1][0][0]   | C_o[1][2][7]   |     5.732 | SLOW    |     2.530 | FAST    |
A_i[1][0][0]   | C_o[1][2][8]   |     6.166 | SLOW    |     2.569 | FAST    |
A_i[1][0][0]   | C_o[1][3][0]   |     4.618 | SLOW    |     2.395 | FAST    |
A_i[1][0][0]   | C_o[1][3][1]   |     4.925 | SLOW    |     2.422 | FAST    |
A_i[1][0][0]   | C_o[1][3][2]   |     5.114 | SLOW    |     2.464 | FAST    |
A_i[1][0][0]   | C_o[1][3][3]   |     5.309 | SLOW    |     2.492 | FAST    |
A_i[1][0][0]   | C_o[1][3][4]   |     5.499 | SLOW    |     2.486 | FAST    |
A_i[1][0][0]   | C_o[1][3][5]   |     5.569 | SLOW    |     2.514 | FAST    |
A_i[1][0][0]   | C_o[1][3][6]   |     5.669 | SLOW    |     2.502 | FAST    |
A_i[1][0][0]   | C_o[1][3][7]   |     5.732 | SLOW    |     2.530 | FAST    |
A_i[1][0][0]   | C_o[1][3][8]   |     6.166 | SLOW    |     2.569 | FAST    |
A_i[1][0][1]   | C_o[1][0][1]   |     5.033 | SLOW    |     2.623 | FAST    |
A_i[1][0][1]   | C_o[1][0][2]   |     5.164 | SLOW    |     2.563 | FAST    |
A_i[1][0][1]   | C_o[1][0][3]   |     5.302 | SLOW    |     2.591 | FAST    |
A_i[1][0][1]   | C_o[1][0][4]   |     5.492 | SLOW    |     2.562 | FAST    |
A_i[1][0][1]   | C_o[1][0][5]   |     5.562 | SLOW    |     2.578 | FAST    |
A_i[1][0][1]   | C_o[1][0][6]   |     5.660 | SLOW    |     2.604 | FAST    |
A_i[1][0][1]   | C_o[1][0][7]   |     5.723 | SLOW    |     2.632 | FAST    |
A_i[1][0][1]   | C_o[1][0][8]   |     6.137 | SLOW    |     2.635 | FAST    |
A_i[1][0][1]   | C_o[1][1][1]   |     5.033 | SLOW    |     2.623 | FAST    |
A_i[1][0][1]   | C_o[1][1][2]   |     5.164 | SLOW    |     2.563 | FAST    |
A_i[1][0][1]   | C_o[1][1][3]   |     5.302 | SLOW    |     2.591 | FAST    |
A_i[1][0][1]   | C_o[1][1][4]   |     5.492 | SLOW    |     2.562 | FAST    |
A_i[1][0][1]   | C_o[1][1][5]   |     5.562 | SLOW    |     2.578 | FAST    |
A_i[1][0][1]   | C_o[1][1][6]   |     5.660 | SLOW    |     2.604 | FAST    |
A_i[1][0][1]   | C_o[1][1][7]   |     5.723 | SLOW    |     2.632 | FAST    |
A_i[1][0][1]   | C_o[1][1][8]   |     6.137 | SLOW    |     2.635 | FAST    |
A_i[1][0][1]   | C_o[1][2][1]   |     5.033 | SLOW    |     2.623 | FAST    |
A_i[1][0][1]   | C_o[1][2][2]   |     5.164 | SLOW    |     2.563 | FAST    |
A_i[1][0][1]   | C_o[1][2][3]   |     5.302 | SLOW    |     2.591 | FAST    |
A_i[1][0][1]   | C_o[1][2][4]   |     5.492 | SLOW    |     2.562 | FAST    |
A_i[1][0][1]   | C_o[1][2][5]   |     5.562 | SLOW    |     2.578 | FAST    |
A_i[1][0][1]   | C_o[1][2][6]   |     5.660 | SLOW    |     2.604 | FAST    |
A_i[1][0][1]   | C_o[1][2][7]   |     5.723 | SLOW    |     2.632 | FAST    |
A_i[1][0][1]   | C_o[1][2][8]   |     6.137 | SLOW    |     2.635 | FAST    |
A_i[1][0][1]   | C_o[1][3][1]   |     5.033 | SLOW    |     2.623 | FAST    |
A_i[1][0][1]   | C_o[1][3][2]   |     5.164 | SLOW    |     2.563 | FAST    |
A_i[1][0][1]   | C_o[1][3][3]   |     5.302 | SLOW    |     2.591 | FAST    |
A_i[1][0][1]   | C_o[1][3][4]   |     5.492 | SLOW    |     2.562 | FAST    |
A_i[1][0][1]   | C_o[1][3][5]   |     5.562 | SLOW    |     2.578 | FAST    |
A_i[1][0][1]   | C_o[1][3][6]   |     5.660 | SLOW    |     2.604 | FAST    |
A_i[1][0][1]   | C_o[1][3][7]   |     5.723 | SLOW    |     2.632 | FAST    |
A_i[1][0][1]   | C_o[1][3][8]   |     6.137 | SLOW    |     2.635 | FAST    |
A_i[1][0][2]   | C_o[1][0][2]   |     4.766 | SLOW    |     2.474 | FAST    |
A_i[1][0][2]   | C_o[1][0][3]   |     5.066 | SLOW    |     2.479 | FAST    |
A_i[1][0][2]   | C_o[1][0][4]   |     5.311 | SLOW    |     2.506 | FAST    |
A_i[1][0][2]   | C_o[1][0][5]   |     5.503 | SLOW    |     2.534 | FAST    |
A_i[1][0][2]   | C_o[1][0][6]   |     5.662 | SLOW    |     2.524 | FAST    |
A_i[1][0][2]   | C_o[1][0][7]   |     5.725 | SLOW    |     2.552 | FAST    |
A_i[1][0][2]   | C_o[1][0][8]   |     6.159 | SLOW    |     2.555 | FAST    |
A_i[1][0][2]   | C_o[1][1][2]   |     4.766 | SLOW    |     2.474 | FAST    |
A_i[1][0][2]   | C_o[1][1][3]   |     5.066 | SLOW    |     2.479 | FAST    |
A_i[1][0][2]   | C_o[1][1][4]   |     5.311 | SLOW    |     2.506 | FAST    |
A_i[1][0][2]   | C_o[1][1][5]   |     5.503 | SLOW    |     2.534 | FAST    |
A_i[1][0][2]   | C_o[1][1][6]   |     5.662 | SLOW    |     2.524 | FAST    |
A_i[1][0][2]   | C_o[1][1][7]   |     5.725 | SLOW    |     2.552 | FAST    |
A_i[1][0][2]   | C_o[1][1][8]   |     6.159 | SLOW    |     2.555 | FAST    |
A_i[1][0][2]   | C_o[1][2][2]   |     4.766 | SLOW    |     2.474 | FAST    |
A_i[1][0][2]   | C_o[1][2][3]   |     5.066 | SLOW    |     2.479 | FAST    |
A_i[1][0][2]   | C_o[1][2][4]   |     5.311 | SLOW    |     2.506 | FAST    |
A_i[1][0][2]   | C_o[1][2][5]   |     5.503 | SLOW    |     2.534 | FAST    |
A_i[1][0][2]   | C_o[1][2][6]   |     5.662 | SLOW    |     2.524 | FAST    |
A_i[1][0][2]   | C_o[1][2][7]   |     5.725 | SLOW    |     2.552 | FAST    |
A_i[1][0][2]   | C_o[1][2][8]   |     6.159 | SLOW    |     2.555 | FAST    |
A_i[1][0][2]   | C_o[1][3][2]   |     4.766 | SLOW    |     2.474 | FAST    |
A_i[1][0][2]   | C_o[1][3][3]   |     5.066 | SLOW    |     2.479 | FAST    |
A_i[1][0][2]   | C_o[1][3][4]   |     5.311 | SLOW    |     2.506 | FAST    |
A_i[1][0][2]   | C_o[1][3][5]   |     5.503 | SLOW    |     2.534 | FAST    |
A_i[1][0][2]   | C_o[1][3][6]   |     5.662 | SLOW    |     2.524 | FAST    |
A_i[1][0][2]   | C_o[1][3][7]   |     5.725 | SLOW    |     2.552 | FAST    |
A_i[1][0][2]   | C_o[1][3][8]   |     6.159 | SLOW    |     2.555 | FAST    |
A_i[1][0][3]   | C_o[1][0][3]   |     4.824 | SLOW    |     2.511 | FAST    |
A_i[1][0][3]   | C_o[1][0][4]   |     5.071 | SLOW    |     2.568 | FAST    |
A_i[1][0][3]   | C_o[1][0][5]   |     5.315 | SLOW    |     2.596 | FAST    |
A_i[1][0][3]   | C_o[1][0][6]   |     5.515 | SLOW    |     2.584 | FAST    |
A_i[1][0][3]   | C_o[1][0][7]   |     5.683 | SLOW    |     2.612 | FAST    |
A_i[1][0][3]   | C_o[1][0][8]   |     6.157 | SLOW    |     2.616 | FAST    |
A_i[1][0][3]   | C_o[1][1][3]   |     4.824 | SLOW    |     2.511 | FAST    |
A_i[1][0][3]   | C_o[1][1][4]   |     5.071 | SLOW    |     2.568 | FAST    |
A_i[1][0][3]   | C_o[1][1][5]   |     5.315 | SLOW    |     2.596 | FAST    |
A_i[1][0][3]   | C_o[1][1][6]   |     5.515 | SLOW    |     2.584 | FAST    |
A_i[1][0][3]   | C_o[1][1][7]   |     5.683 | SLOW    |     2.612 | FAST    |
A_i[1][0][3]   | C_o[1][1][8]   |     6.157 | SLOW    |     2.616 | FAST    |
A_i[1][0][3]   | C_o[1][2][3]   |     4.824 | SLOW    |     2.511 | FAST    |
A_i[1][0][3]   | C_o[1][2][4]   |     5.071 | SLOW    |     2.568 | FAST    |
A_i[1][0][3]   | C_o[1][2][5]   |     5.315 | SLOW    |     2.596 | FAST    |
A_i[1][0][3]   | C_o[1][2][6]   |     5.515 | SLOW    |     2.584 | FAST    |
A_i[1][0][3]   | C_o[1][2][7]   |     5.683 | SLOW    |     2.612 | FAST    |
A_i[1][0][3]   | C_o[1][2][8]   |     6.157 | SLOW    |     2.616 | FAST    |
A_i[1][0][3]   | C_o[1][3][3]   |     4.824 | SLOW    |     2.511 | FAST    |
A_i[1][0][3]   | C_o[1][3][4]   |     5.071 | SLOW    |     2.568 | FAST    |
A_i[1][0][3]   | C_o[1][3][5]   |     5.315 | SLOW    |     2.596 | FAST    |
A_i[1][0][3]   | C_o[1][3][6]   |     5.515 | SLOW    |     2.584 | FAST    |
A_i[1][0][3]   | C_o[1][3][7]   |     5.683 | SLOW    |     2.612 | FAST    |
A_i[1][0][3]   | C_o[1][3][8]   |     6.157 | SLOW    |     2.616 | FAST    |
A_i[1][0][4]   | C_o[1][0][4]   |     5.055 | SLOW    |     2.636 | FAST    |
A_i[1][0][4]   | C_o[1][0][5]   |     5.446 | SLOW    |     2.612 | FAST    |
A_i[1][0][4]   | C_o[1][0][6]   |     5.691 | SLOW    |     2.658 | FAST    |
A_i[1][0][4]   | C_o[1][0][7]   |     5.859 | SLOW    |     2.686 | FAST    |
A_i[1][0][4]   | C_o[1][0][8]   |     6.197 | SLOW    |     2.689 | FAST    |
A_i[1][0][4]   | C_o[1][1][4]   |     5.055 | SLOW    |     2.636 | FAST    |
A_i[1][0][4]   | C_o[1][1][5]   |     5.477 | SLOW    |     2.612 | FAST    |
A_i[1][0][4]   | C_o[1][1][6]   |     5.722 | SLOW    |     2.658 | FAST    |
A_i[1][0][4]   | C_o[1][1][7]   |     5.890 | SLOW    |     2.686 | FAST    |
A_i[1][0][4]   | C_o[1][1][8]   |     6.228 | SLOW    |     2.689 | FAST    |
A_i[1][0][4]   | C_o[1][2][4]   |     5.055 | SLOW    |     2.636 | FAST    |
A_i[1][0][4]   | C_o[1][2][5]   |     5.446 | SLOW    |     2.612 | FAST    |
A_i[1][0][4]   | C_o[1][2][6]   |     5.691 | SLOW    |     2.658 | FAST    |
A_i[1][0][4]   | C_o[1][2][7]   |     5.859 | SLOW    |     2.686 | FAST    |
A_i[1][0][4]   | C_o[1][2][8]   |     6.197 | SLOW    |     2.689 | FAST    |
A_i[1][0][4]   | C_o[1][3][4]   |     5.055 | SLOW    |     2.636 | FAST    |
A_i[1][0][4]   | C_o[1][3][5]   |     5.477 | SLOW    |     2.612 | FAST    |
A_i[1][0][4]   | C_o[1][3][6]   |     5.722 | SLOW    |     2.658 | FAST    |
A_i[1][0][4]   | C_o[1][3][7]   |     5.890 | SLOW    |     2.686 | FAST    |
A_i[1][0][4]   | C_o[1][3][8]   |     6.228 | SLOW    |     2.689 | FAST    |
A_i[1][0][5]   | C_o[1][0][5]   |     5.237 | SLOW    |     2.735 | FAST    |
A_i[1][0][5]   | C_o[1][0][6]   |     5.482 | SLOW    |     2.651 | FAST    |
A_i[1][0][5]   | C_o[1][0][7]   |     5.650 | SLOW    |     2.679 | FAST    |
A_i[1][0][5]   | C_o[1][0][8]   |     6.146 | SLOW    |     2.688 | FAST    |
A_i[1][0][5]   | C_o[1][1][5]   |     5.237 | SLOW    |     2.735 | FAST    |
A_i[1][0][5]   | C_o[1][1][6]   |     5.482 | SLOW    |     2.651 | FAST    |
A_i[1][0][5]   | C_o[1][1][7]   |     5.650 | SLOW    |     2.679 | FAST    |
A_i[1][0][5]   | C_o[1][1][8]   |     6.146 | SLOW    |     2.688 | FAST    |
A_i[1][0][5]   | C_o[1][2][5]   |     5.237 | SLOW    |     2.735 | FAST    |
A_i[1][0][5]   | C_o[1][2][6]   |     5.482 | SLOW    |     2.651 | FAST    |
A_i[1][0][5]   | C_o[1][2][7]   |     5.650 | SLOW    |     2.679 | FAST    |
A_i[1][0][5]   | C_o[1][2][8]   |     6.146 | SLOW    |     2.688 | FAST    |
A_i[1][0][5]   | C_o[1][3][5]   |     5.237 | SLOW    |     2.735 | FAST    |
A_i[1][0][5]   | C_o[1][3][6]   |     5.482 | SLOW    |     2.651 | FAST    |
A_i[1][0][5]   | C_o[1][3][7]   |     5.650 | SLOW    |     2.679 | FAST    |
A_i[1][0][5]   | C_o[1][3][8]   |     6.146 | SLOW    |     2.688 | FAST    |
A_i[1][0][6]   | C_o[1][0][6]   |     5.021 | SLOW    |     2.616 | FAST    |
A_i[1][0][6]   | C_o[1][0][7]   |     5.272 | SLOW    |     2.575 | FAST    |
A_i[1][0][6]   | C_o[1][0][8]   |     5.905 | SLOW    |     2.574 | FAST    |
A_i[1][0][6]   | C_o[1][1][6]   |     5.021 | SLOW    |     2.616 | FAST    |
A_i[1][0][6]   | C_o[1][1][7]   |     5.272 | SLOW    |     2.575 | FAST    |
A_i[1][0][6]   | C_o[1][1][8]   |     5.905 | SLOW    |     2.574 | FAST    |
A_i[1][0][6]   | C_o[1][2][6]   |     5.021 | SLOW    |     2.616 | FAST    |
A_i[1][0][6]   | C_o[1][2][7]   |     5.272 | SLOW    |     2.575 | FAST    |
A_i[1][0][6]   | C_o[1][2][8]   |     5.905 | SLOW    |     2.574 | FAST    |
A_i[1][0][6]   | C_o[1][3][6]   |     5.021 | SLOW    |     2.616 | FAST    |
A_i[1][0][6]   | C_o[1][3][7]   |     5.272 | SLOW    |     2.575 | FAST    |
A_i[1][0][6]   | C_o[1][3][8]   |     5.905 | SLOW    |     2.574 | FAST    |
A_i[1][0][7]   | C_o[1][0][7]   |     5.069 | SLOW    |     2.648 | FAST    |
A_i[1][0][7]   | C_o[1][0][8]   |     5.746 | SLOW    |     2.647 | FAST    |
A_i[1][0][7]   | C_o[1][1][7]   |     5.069 | SLOW    |     2.648 | FAST    |
A_i[1][0][7]   | C_o[1][1][8]   |     5.746 | SLOW    |     2.647 | FAST    |
A_i[1][0][7]   | C_o[1][2][7]   |     5.069 | SLOW    |     2.648 | FAST    |
A_i[1][0][7]   | C_o[1][2][8]   |     5.746 | SLOW    |     2.647 | FAST    |
A_i[1][0][7]   | C_o[1][3][7]   |     5.069 | SLOW    |     2.648 | FAST    |
A_i[1][0][7]   | C_o[1][3][8]   |     5.746 | SLOW    |     2.647 | FAST    |
A_i[1][0][8]   | C_o[1][0][8]   |     5.721 | SLOW    |     3.008 | FAST    |
A_i[1][0][8]   | C_o[1][1][8]   |     5.721 | SLOW    |     3.008 | FAST    |
A_i[1][0][8]   | C_o[1][2][8]   |     5.721 | SLOW    |     3.008 | FAST    |
A_i[1][0][8]   | C_o[1][3][8]   |     5.721 | SLOW    |     3.008 | FAST    |
A_i[1][1][0]   | C_o[1][0][0]   |     4.748 | SLOW    |     2.461 | FAST    |
A_i[1][1][0]   | C_o[1][0][1]   |     4.952 | SLOW    |     2.459 | FAST    |
A_i[1][1][0]   | C_o[1][0][2]   |     5.279 | SLOW    |     2.505 | FAST    |
A_i[1][1][0]   | C_o[1][0][3]   |     5.500 | SLOW    |     2.533 | FAST    |
A_i[1][1][0]   | C_o[1][0][4]   |     5.690 | SLOW    |     2.527 | FAST    |
A_i[1][1][0]   | C_o[1][0][5]   |     5.760 | SLOW    |     2.555 | FAST    |
A_i[1][1][0]   | C_o[1][0][6]   |     5.860 | SLOW    |     2.543 | FAST    |
A_i[1][1][0]   | C_o[1][0][7]   |     5.923 | SLOW    |     2.571 | FAST    |
A_i[1][1][0]   | C_o[1][0][8]   |     6.221 | SLOW    |     2.630 | FAST    |
A_i[1][1][0]   | C_o[1][1][0]   |     4.748 | SLOW    |     2.461 | FAST    |
A_i[1][1][0]   | C_o[1][1][1]   |     4.952 | SLOW    |     2.459 | FAST    |
A_i[1][1][0]   | C_o[1][1][2]   |     5.279 | SLOW    |     2.505 | FAST    |
A_i[1][1][0]   | C_o[1][1][3]   |     5.500 | SLOW    |     2.533 | FAST    |
A_i[1][1][0]   | C_o[1][1][4]   |     5.690 | SLOW    |     2.527 | FAST    |
A_i[1][1][0]   | C_o[1][1][5]   |     5.760 | SLOW    |     2.555 | FAST    |
A_i[1][1][0]   | C_o[1][1][6]   |     5.860 | SLOW    |     2.543 | FAST    |
A_i[1][1][0]   | C_o[1][1][7]   |     5.923 | SLOW    |     2.571 | FAST    |
A_i[1][1][0]   | C_o[1][1][8]   |     6.221 | SLOW    |     2.630 | FAST    |
A_i[1][1][0]   | C_o[1][2][0]   |     4.748 | SLOW    |     2.461 | FAST    |
A_i[1][1][0]   | C_o[1][2][1]   |     4.952 | SLOW    |     2.459 | FAST    |
A_i[1][1][0]   | C_o[1][2][2]   |     5.279 | SLOW    |     2.505 | FAST    |
A_i[1][1][0]   | C_o[1][2][3]   |     5.500 | SLOW    |     2.533 | FAST    |
A_i[1][1][0]   | C_o[1][2][4]   |     5.690 | SLOW    |     2.527 | FAST    |
A_i[1][1][0]   | C_o[1][2][5]   |     5.760 | SLOW    |     2.555 | FAST    |
A_i[1][1][0]   | C_o[1][2][6]   |     5.860 | SLOW    |     2.543 | FAST    |
A_i[1][1][0]   | C_o[1][2][7]   |     5.923 | SLOW    |     2.571 | FAST    |
A_i[1][1][0]   | C_o[1][2][8]   |     6.221 | SLOW    |     2.630 | FAST    |
A_i[1][1][0]   | C_o[1][3][0]   |     4.748 | SLOW    |     2.461 | FAST    |
A_i[1][1][0]   | C_o[1][3][1]   |     4.952 | SLOW    |     2.459 | FAST    |
A_i[1][1][0]   | C_o[1][3][2]   |     5.279 | SLOW    |     2.505 | FAST    |
A_i[1][1][0]   | C_o[1][3][3]   |     5.500 | SLOW    |     2.533 | FAST    |
A_i[1][1][0]   | C_o[1][3][4]   |     5.690 | SLOW    |     2.527 | FAST    |
A_i[1][1][0]   | C_o[1][3][5]   |     5.760 | SLOW    |     2.555 | FAST    |
A_i[1][1][0]   | C_o[1][3][6]   |     5.860 | SLOW    |     2.543 | FAST    |
A_i[1][1][0]   | C_o[1][3][7]   |     5.923 | SLOW    |     2.571 | FAST    |
A_i[1][1][0]   | C_o[1][3][8]   |     6.221 | SLOW    |     2.630 | FAST    |
A_i[1][1][1]   | C_o[1][0][1]   |     5.060 | SLOW    |     2.632 | FAST    |
A_i[1][1][1]   | C_o[1][0][2]   |     5.272 | SLOW    |     2.568 | FAST    |
A_i[1][1][1]   | C_o[1][0][3]   |     5.493 | SLOW    |     2.596 | FAST    |
A_i[1][1][1]   | C_o[1][0][4]   |     5.683 | SLOW    |     2.623 | FAST    |
A_i[1][1][1]   | C_o[1][0][5]   |     5.753 | SLOW    |     2.610 | FAST    |
A_i[1][1][1]   | C_o[1][0][6]   |     5.851 | SLOW    |     2.624 | FAST    |
A_i[1][1][1]   | C_o[1][0][7]   |     5.914 | SLOW    |     2.652 | FAST    |
A_i[1][1][1]   | C_o[1][0][8]   |     6.192 | SLOW    |     2.694 | FAST    |
A_i[1][1][1]   | C_o[1][1][1]   |     5.060 | SLOW    |     2.632 | FAST    |
A_i[1][1][1]   | C_o[1][1][2]   |     5.272 | SLOW    |     2.568 | FAST    |
A_i[1][1][1]   | C_o[1][1][3]   |     5.493 | SLOW    |     2.596 | FAST    |
A_i[1][1][1]   | C_o[1][1][4]   |     5.683 | SLOW    |     2.623 | FAST    |
A_i[1][1][1]   | C_o[1][1][5]   |     5.753 | SLOW    |     2.610 | FAST    |
A_i[1][1][1]   | C_o[1][1][6]   |     5.851 | SLOW    |     2.624 | FAST    |
A_i[1][1][1]   | C_o[1][1][7]   |     5.914 | SLOW    |     2.652 | FAST    |
A_i[1][1][1]   | C_o[1][1][8]   |     6.192 | SLOW    |     2.694 | FAST    |
A_i[1][1][1]   | C_o[1][2][1]   |     5.060 | SLOW    |     2.632 | FAST    |
A_i[1][1][1]   | C_o[1][2][2]   |     5.272 | SLOW    |     2.568 | FAST    |
A_i[1][1][1]   | C_o[1][2][3]   |     5.493 | SLOW    |     2.596 | FAST    |
A_i[1][1][1]   | C_o[1][2][4]   |     5.683 | SLOW    |     2.623 | FAST    |
A_i[1][1][1]   | C_o[1][2][5]   |     5.753 | SLOW    |     2.610 | FAST    |
A_i[1][1][1]   | C_o[1][2][6]   |     5.851 | SLOW    |     2.624 | FAST    |
A_i[1][1][1]   | C_o[1][2][7]   |     5.914 | SLOW    |     2.652 | FAST    |
A_i[1][1][1]   | C_o[1][2][8]   |     6.192 | SLOW    |     2.694 | FAST    |
A_i[1][1][1]   | C_o[1][3][1]   |     5.060 | SLOW    |     2.632 | FAST    |
A_i[1][1][1]   | C_o[1][3][2]   |     5.272 | SLOW    |     2.568 | FAST    |
A_i[1][1][1]   | C_o[1][3][3]   |     5.493 | SLOW    |     2.596 | FAST    |
A_i[1][1][1]   | C_o[1][3][4]   |     5.683 | SLOW    |     2.623 | FAST    |
A_i[1][1][1]   | C_o[1][3][5]   |     5.753 | SLOW    |     2.610 | FAST    |
A_i[1][1][1]   | C_o[1][3][6]   |     5.851 | SLOW    |     2.624 | FAST    |
A_i[1][1][1]   | C_o[1][3][7]   |     5.914 | SLOW    |     2.652 | FAST    |
A_i[1][1][1]   | C_o[1][3][8]   |     6.192 | SLOW    |     2.694 | FAST    |
A_i[1][1][2]   | C_o[1][0][2]   |     4.931 | SLOW    |     2.564 | FAST    |
A_i[1][1][2]   | C_o[1][0][3]   |     5.295 | SLOW    |     2.498 | FAST    |
A_i[1][1][2]   | C_o[1][0][4]   |     5.502 | SLOW    |     2.525 | FAST    |
A_i[1][1][2]   | C_o[1][0][5]   |     5.694 | SLOW    |     2.554 | FAST    |
A_i[1][1][2]   | C_o[1][0][6]   |     5.853 | SLOW    |     2.570 | FAST    |
A_i[1][1][2]   | C_o[1][0][7]   |     5.916 | SLOW    |     2.595 | FAST    |
A_i[1][1][2]   | C_o[1][0][8]   |     6.214 | SLOW    |     2.614 | FAST    |
A_i[1][1][2]   | C_o[1][1][2]   |     4.931 | SLOW    |     2.564 | FAST    |
A_i[1][1][2]   | C_o[1][1][3]   |     5.295 | SLOW    |     2.498 | FAST    |
A_i[1][1][2]   | C_o[1][1][4]   |     5.502 | SLOW    |     2.525 | FAST    |
A_i[1][1][2]   | C_o[1][1][5]   |     5.694 | SLOW    |     2.554 | FAST    |
A_i[1][1][2]   | C_o[1][1][6]   |     5.853 | SLOW    |     2.570 | FAST    |
A_i[1][1][2]   | C_o[1][1][7]   |     5.916 | SLOW    |     2.595 | FAST    |
A_i[1][1][2]   | C_o[1][1][8]   |     6.214 | SLOW    |     2.614 | FAST    |
A_i[1][1][2]   | C_o[1][2][2]   |     4.931 | SLOW    |     2.564 | FAST    |
A_i[1][1][2]   | C_o[1][2][3]   |     5.295 | SLOW    |     2.498 | FAST    |
A_i[1][1][2]   | C_o[1][2][4]   |     5.502 | SLOW    |     2.525 | FAST    |
A_i[1][1][2]   | C_o[1][2][5]   |     5.694 | SLOW    |     2.554 | FAST    |
A_i[1][1][2]   | C_o[1][2][6]   |     5.853 | SLOW    |     2.570 | FAST    |
A_i[1][1][2]   | C_o[1][2][7]   |     5.916 | SLOW    |     2.595 | FAST    |
A_i[1][1][2]   | C_o[1][2][8]   |     6.214 | SLOW    |     2.614 | FAST    |
A_i[1][1][2]   | C_o[1][3][2]   |     4.931 | SLOW    |     2.564 | FAST    |
A_i[1][1][2]   | C_o[1][3][3]   |     5.295 | SLOW    |     2.498 | FAST    |
A_i[1][1][2]   | C_o[1][3][4]   |     5.502 | SLOW    |     2.525 | FAST    |
A_i[1][1][2]   | C_o[1][3][5]   |     5.694 | SLOW    |     2.554 | FAST    |
A_i[1][1][2]   | C_o[1][3][6]   |     5.853 | SLOW    |     2.570 | FAST    |
A_i[1][1][2]   | C_o[1][3][7]   |     5.916 | SLOW    |     2.595 | FAST    |
A_i[1][1][2]   | C_o[1][3][8]   |     6.214 | SLOW    |     2.614 | FAST    |
A_i[1][1][3]   | C_o[1][0][3]   |     5.053 | SLOW    |     2.636 | FAST    |
A_i[1][1][3]   | C_o[1][0][4]   |     5.299 | SLOW    |     2.557 | FAST    |
A_i[1][1][3]   | C_o[1][0][5]   |     5.506 | SLOW    |     2.586 | FAST    |
A_i[1][1][3]   | C_o[1][0][6]   |     5.706 | SLOW    |     2.604 | FAST    |
A_i[1][1][3]   | C_o[1][0][7]   |     5.868 | SLOW    |     2.632 | FAST    |
A_i[1][1][3]   | C_o[1][0][8]   |     6.206 | SLOW    |     2.675 | FAST    |
A_i[1][1][3]   | C_o[1][1][3]   |     5.053 | SLOW    |     2.636 | FAST    |
A_i[1][1][3]   | C_o[1][1][4]   |     5.299 | SLOW    |     2.557 | FAST    |
A_i[1][1][3]   | C_o[1][1][5]   |     5.506 | SLOW    |     2.586 | FAST    |
A_i[1][1][3]   | C_o[1][1][6]   |     5.706 | SLOW    |     2.604 | FAST    |
A_i[1][1][3]   | C_o[1][1][7]   |     5.868 | SLOW    |     2.632 | FAST    |
A_i[1][1][3]   | C_o[1][1][8]   |     6.206 | SLOW    |     2.675 | FAST    |
A_i[1][1][3]   | C_o[1][2][3]   |     5.053 | SLOW    |     2.636 | FAST    |
A_i[1][1][3]   | C_o[1][2][4]   |     5.299 | SLOW    |     2.557 | FAST    |
A_i[1][1][3]   | C_o[1][2][5]   |     5.506 | SLOW    |     2.586 | FAST    |
A_i[1][1][3]   | C_o[1][2][6]   |     5.706 | SLOW    |     2.604 | FAST    |
A_i[1][1][3]   | C_o[1][2][7]   |     5.868 | SLOW    |     2.632 | FAST    |
A_i[1][1][3]   | C_o[1][2][8]   |     6.206 | SLOW    |     2.675 | FAST    |
A_i[1][1][3]   | C_o[1][3][3]   |     5.053 | SLOW    |     2.636 | FAST    |
A_i[1][1][3]   | C_o[1][3][4]   |     5.299 | SLOW    |     2.557 | FAST    |
A_i[1][1][3]   | C_o[1][3][5]   |     5.506 | SLOW    |     2.586 | FAST    |
A_i[1][1][3]   | C_o[1][3][6]   |     5.706 | SLOW    |     2.604 | FAST    |
A_i[1][1][3]   | C_o[1][3][7]   |     5.868 | SLOW    |     2.632 | FAST    |
A_i[1][1][3]   | C_o[1][3][8]   |     6.206 | SLOW    |     2.675 | FAST    |
A_i[1][1][4]   | C_o[1][0][4]   |     5.283 | SLOW    |     2.761 | FAST    |
A_i[1][1][4]   | C_o[1][0][5]   |     5.677 | SLOW    |     2.684 | FAST    |
A_i[1][1][4]   | C_o[1][0][6]   |     5.882 | SLOW    |     2.658 | FAST    |
A_i[1][1][4]   | C_o[1][0][7]   |     6.044 | SLOW    |     2.686 | FAST    |
A_i[1][1][4]   | C_o[1][0][8]   |     6.382 | SLOW    |     2.748 | FAST    |
A_i[1][1][4]   | C_o[1][1][4]   |     5.283 | SLOW    |     2.761 | FAST    |
A_i[1][1][4]   | C_o[1][1][5]   |     5.708 | SLOW    |     2.684 | FAST    |
A_i[1][1][4]   | C_o[1][1][6]   |     5.913 | SLOW    |     2.658 | FAST    |
A_i[1][1][4]   | C_o[1][1][7]   |     6.075 | SLOW    |     2.686 | FAST    |
A_i[1][1][4]   | C_o[1][1][8]   |     6.413 | SLOW    |     2.748 | FAST    |
A_i[1][1][4]   | C_o[1][2][4]   |     5.283 | SLOW    |     2.761 | FAST    |
A_i[1][1][4]   | C_o[1][2][5]   |     5.677 | SLOW    |     2.684 | FAST    |
A_i[1][1][4]   | C_o[1][2][6]   |     5.882 | SLOW    |     2.658 | FAST    |
A_i[1][1][4]   | C_o[1][2][7]   |     6.044 | SLOW    |     2.686 | FAST    |
A_i[1][1][4]   | C_o[1][2][8]   |     6.382 | SLOW    |     2.748 | FAST    |
A_i[1][1][4]   | C_o[1][3][4]   |     5.283 | SLOW    |     2.761 | FAST    |
A_i[1][1][4]   | C_o[1][3][5]   |     5.708 | SLOW    |     2.684 | FAST    |
A_i[1][1][4]   | C_o[1][3][6]   |     5.913 | SLOW    |     2.658 | FAST    |
A_i[1][1][4]   | C_o[1][3][7]   |     6.075 | SLOW    |     2.686 | FAST    |
A_i[1][1][4]   | C_o[1][3][8]   |     6.413 | SLOW    |     2.748 | FAST    |
A_i[1][1][5]   | C_o[1][0][5]   |     5.468 | SLOW    |     2.860 | FAST    |
A_i[1][1][5]   | C_o[1][0][6]   |     5.673 | SLOW    |     2.773 | FAST    |
A_i[1][1][5]   | C_o[1][0][7]   |     5.835 | SLOW    |     2.722 | FAST    |
A_i[1][1][5]   | C_o[1][0][8]   |     6.173 | SLOW    |     2.747 | FAST    |
A_i[1][1][5]   | C_o[1][1][5]   |     5.468 | SLOW    |     2.860 | FAST    |
A_i[1][1][5]   | C_o[1][1][6]   |     5.673 | SLOW    |     2.773 | FAST    |
A_i[1][1][5]   | C_o[1][1][7]   |     5.835 | SLOW    |     2.722 | FAST    |
A_i[1][1][5]   | C_o[1][1][8]   |     6.173 | SLOW    |     2.747 | FAST    |
A_i[1][1][5]   | C_o[1][2][5]   |     5.468 | SLOW    |     2.860 | FAST    |
A_i[1][1][5]   | C_o[1][2][6]   |     5.673 | SLOW    |     2.773 | FAST    |
A_i[1][1][5]   | C_o[1][2][7]   |     5.835 | SLOW    |     2.722 | FAST    |
A_i[1][1][5]   | C_o[1][2][8]   |     6.173 | SLOW    |     2.747 | FAST    |
A_i[1][1][5]   | C_o[1][3][5]   |     5.468 | SLOW    |     2.860 | FAST    |
A_i[1][1][5]   | C_o[1][3][6]   |     5.673 | SLOW    |     2.773 | FAST    |
A_i[1][1][5]   | C_o[1][3][7]   |     5.835 | SLOW    |     2.722 | FAST    |
A_i[1][1][5]   | C_o[1][3][8]   |     6.173 | SLOW    |     2.747 | FAST    |
A_i[1][1][6]   | C_o[1][0][6]   |     5.244 | SLOW    |     2.738 | FAST    |
A_i[1][1][6]   | C_o[1][0][7]   |     5.487 | SLOW    |     2.687 | FAST    |
A_i[1][1][6]   | C_o[1][0][8]   |     5.920 | SLOW    |     2.633 | FAST    |
A_i[1][1][6]   | C_o[1][1][6]   |     5.244 | SLOW    |     2.738 | FAST    |
A_i[1][1][6]   | C_o[1][1][7]   |     5.487 | SLOW    |     2.687 | FAST    |
A_i[1][1][6]   | C_o[1][1][8]   |     5.920 | SLOW    |     2.633 | FAST    |
A_i[1][1][6]   | C_o[1][2][6]   |     5.244 | SLOW    |     2.738 | FAST    |
A_i[1][1][6]   | C_o[1][2][7]   |     5.487 | SLOW    |     2.687 | FAST    |
A_i[1][1][6]   | C_o[1][2][8]   |     5.920 | SLOW    |     2.633 | FAST    |
A_i[1][1][6]   | C_o[1][3][6]   |     5.244 | SLOW    |     2.738 | FAST    |
A_i[1][1][6]   | C_o[1][3][7]   |     5.487 | SLOW    |     2.687 | FAST    |
A_i[1][1][6]   | C_o[1][3][8]   |     5.920 | SLOW    |     2.633 | FAST    |
A_i[1][1][7]   | C_o[1][0][7]   |     5.293 | SLOW    |     2.770 | FAST    |
A_i[1][1][7]   | C_o[1][0][8]   |     5.761 | SLOW    |     2.706 | FAST    |
A_i[1][1][7]   | C_o[1][1][7]   |     5.293 | SLOW    |     2.770 | FAST    |
A_i[1][1][7]   | C_o[1][1][8]   |     5.783 | SLOW    |     2.706 | FAST    |
A_i[1][1][7]   | C_o[1][2][7]   |     5.293 | SLOW    |     2.770 | FAST    |
A_i[1][1][7]   | C_o[1][2][8]   |     5.783 | SLOW    |     2.706 | FAST    |
A_i[1][1][7]   | C_o[1][3][7]   |     5.293 | SLOW    |     2.770 | FAST    |
A_i[1][1][7]   | C_o[1][3][8]   |     5.783 | SLOW    |     2.706 | FAST    |
A_i[1][1][8]   | C_o[1][0][8]   |     5.736 | SLOW    |     3.012 | FAST    |
A_i[1][1][8]   | C_o[1][1][8]   |     5.758 | SLOW    |     3.026 | FAST    |
A_i[1][1][8]   | C_o[1][2][8]   |     5.758 | SLOW    |     3.026 | FAST    |
A_i[1][1][8]   | C_o[1][3][8]   |     5.758 | SLOW    |     3.026 | FAST    |
A_i[1][2][0]   | C_o[1][0][0]   |     4.729 | SLOW    |     2.459 | FAST    |
A_i[1][2][0]   | C_o[1][0][1]   |     4.937 | SLOW    |     2.481 | FAST    |
A_i[1][2][0]   | C_o[1][0][2]   |     5.294 | SLOW    |     2.506 | FAST    |
A_i[1][2][0]   | C_o[1][0][3]   |     5.515 | SLOW    |     2.534 | FAST    |
A_i[1][2][0]   | C_o[1][0][4]   |     5.705 | SLOW    |     2.550 | FAST    |
A_i[1][2][0]   | C_o[1][0][5]   |     5.775 | SLOW    |     2.571 | FAST    |
A_i[1][2][0]   | C_o[1][0][6]   |     5.875 | SLOW    |     2.566 | FAST    |
A_i[1][2][0]   | C_o[1][0][7]   |     5.938 | SLOW    |     2.594 | FAST    |
A_i[1][2][0]   | C_o[1][0][8]   |     6.236 | SLOW    |     2.630 | FAST    |
A_i[1][2][0]   | C_o[1][1][0]   |     4.729 | SLOW    |     2.459 | FAST    |
A_i[1][2][0]   | C_o[1][1][1]   |     4.937 | SLOW    |     2.481 | FAST    |
A_i[1][2][0]   | C_o[1][1][2]   |     5.294 | SLOW    |     2.506 | FAST    |
A_i[1][2][0]   | C_o[1][1][3]   |     5.515 | SLOW    |     2.534 | FAST    |
A_i[1][2][0]   | C_o[1][1][4]   |     5.705 | SLOW    |     2.550 | FAST    |
A_i[1][2][0]   | C_o[1][1][5]   |     5.775 | SLOW    |     2.571 | FAST    |
A_i[1][2][0]   | C_o[1][1][6]   |     5.875 | SLOW    |     2.566 | FAST    |
A_i[1][2][0]   | C_o[1][1][7]   |     5.938 | SLOW    |     2.594 | FAST    |
A_i[1][2][0]   | C_o[1][1][8]   |     6.236 | SLOW    |     2.630 | FAST    |
A_i[1][2][0]   | C_o[1][2][0]   |     4.729 | SLOW    |     2.459 | FAST    |
A_i[1][2][0]   | C_o[1][2][1]   |     4.937 | SLOW    |     2.481 | FAST    |
A_i[1][2][0]   | C_o[1][2][2]   |     5.294 | SLOW    |     2.506 | FAST    |
A_i[1][2][0]   | C_o[1][2][3]   |     5.515 | SLOW    |     2.534 | FAST    |
A_i[1][2][0]   | C_o[1][2][4]   |     5.705 | SLOW    |     2.550 | FAST    |
A_i[1][2][0]   | C_o[1][2][5]   |     5.775 | SLOW    |     2.571 | FAST    |
A_i[1][2][0]   | C_o[1][2][6]   |     5.875 | SLOW    |     2.566 | FAST    |
A_i[1][2][0]   | C_o[1][2][7]   |     5.938 | SLOW    |     2.594 | FAST    |
A_i[1][2][0]   | C_o[1][2][8]   |     6.236 | SLOW    |     2.630 | FAST    |
A_i[1][2][0]   | C_o[1][3][0]   |     4.729 | SLOW    |     2.459 | FAST    |
A_i[1][2][0]   | C_o[1][3][1]   |     4.937 | SLOW    |     2.481 | FAST    |
A_i[1][2][0]   | C_o[1][3][2]   |     5.294 | SLOW    |     2.506 | FAST    |
A_i[1][2][0]   | C_o[1][3][3]   |     5.515 | SLOW    |     2.534 | FAST    |
A_i[1][2][0]   | C_o[1][3][4]   |     5.705 | SLOW    |     2.550 | FAST    |
A_i[1][2][0]   | C_o[1][3][5]   |     5.775 | SLOW    |     2.571 | FAST    |
A_i[1][2][0]   | C_o[1][3][6]   |     5.875 | SLOW    |     2.566 | FAST    |
A_i[1][2][0]   | C_o[1][3][7]   |     5.938 | SLOW    |     2.594 | FAST    |
A_i[1][2][0]   | C_o[1][3][8]   |     6.236 | SLOW    |     2.630 | FAST    |
A_i[1][2][1]   | C_o[1][0][1]   |     5.045 | SLOW    |     2.628 | FAST    |
A_i[1][2][1]   | C_o[1][0][2]   |     5.287 | SLOW    |     2.564 | FAST    |
A_i[1][2][1]   | C_o[1][0][3]   |     5.508 | SLOW    |     2.592 | FAST    |
A_i[1][2][1]   | C_o[1][0][4]   |     5.698 | SLOW    |     2.619 | FAST    |
A_i[1][2][1]   | C_o[1][0][5]   |     5.768 | SLOW    |     2.610 | FAST    |
A_i[1][2][1]   | C_o[1][0][6]   |     5.866 | SLOW    |     2.624 | FAST    |
A_i[1][2][1]   | C_o[1][0][7]   |     5.929 | SLOW    |     2.652 | FAST    |
A_i[1][2][1]   | C_o[1][0][8]   |     6.207 | SLOW    |     2.694 | FAST    |
A_i[1][2][1]   | C_o[1][1][1]   |     5.045 | SLOW    |     2.628 | FAST    |
A_i[1][2][1]   | C_o[1][1][2]   |     5.287 | SLOW    |     2.564 | FAST    |
A_i[1][2][1]   | C_o[1][1][3]   |     5.508 | SLOW    |     2.592 | FAST    |
A_i[1][2][1]   | C_o[1][1][4]   |     5.698 | SLOW    |     2.619 | FAST    |
A_i[1][2][1]   | C_o[1][1][5]   |     5.768 | SLOW    |     2.610 | FAST    |
A_i[1][2][1]   | C_o[1][1][6]   |     5.866 | SLOW    |     2.624 | FAST    |
A_i[1][2][1]   | C_o[1][1][7]   |     5.929 | SLOW    |     2.652 | FAST    |
A_i[1][2][1]   | C_o[1][1][8]   |     6.207 | SLOW    |     2.694 | FAST    |
A_i[1][2][1]   | C_o[1][2][1]   |     5.045 | SLOW    |     2.628 | FAST    |
A_i[1][2][1]   | C_o[1][2][2]   |     5.287 | SLOW    |     2.564 | FAST    |
A_i[1][2][1]   | C_o[1][2][3]   |     5.508 | SLOW    |     2.592 | FAST    |
A_i[1][2][1]   | C_o[1][2][4]   |     5.698 | SLOW    |     2.619 | FAST    |
A_i[1][2][1]   | C_o[1][2][5]   |     5.768 | SLOW    |     2.610 | FAST    |
A_i[1][2][1]   | C_o[1][2][6]   |     5.866 | SLOW    |     2.624 | FAST    |
A_i[1][2][1]   | C_o[1][2][7]   |     5.929 | SLOW    |     2.652 | FAST    |
A_i[1][2][1]   | C_o[1][2][8]   |     6.207 | SLOW    |     2.694 | FAST    |
A_i[1][2][1]   | C_o[1][3][1]   |     5.045 | SLOW    |     2.628 | FAST    |
A_i[1][2][1]   | C_o[1][3][2]   |     5.287 | SLOW    |     2.564 | FAST    |
A_i[1][2][1]   | C_o[1][3][3]   |     5.508 | SLOW    |     2.592 | FAST    |
A_i[1][2][1]   | C_o[1][3][4]   |     5.698 | SLOW    |     2.619 | FAST    |
A_i[1][2][1]   | C_o[1][3][5]   |     5.768 | SLOW    |     2.610 | FAST    |
A_i[1][2][1]   | C_o[1][3][6]   |     5.866 | SLOW    |     2.624 | FAST    |
A_i[1][2][1]   | C_o[1][3][7]   |     5.929 | SLOW    |     2.652 | FAST    |
A_i[1][2][1]   | C_o[1][3][8]   |     6.207 | SLOW    |     2.694 | FAST    |
A_i[1][2][2]   | C_o[1][0][2]   |     4.946 | SLOW    |     2.568 | FAST    |
A_i[1][2][2]   | C_o[1][0][3]   |     5.310 | SLOW    |     2.498 | FAST    |
A_i[1][2][2]   | C_o[1][0][4]   |     5.517 | SLOW    |     2.525 | FAST    |
A_i[1][2][2]   | C_o[1][0][5]   |     5.709 | SLOW    |     2.554 | FAST    |
A_i[1][2][2]   | C_o[1][0][6]   |     5.868 | SLOW    |     2.570 | FAST    |
A_i[1][2][2]   | C_o[1][0][7]   |     5.931 | SLOW    |     2.595 | FAST    |
A_i[1][2][2]   | C_o[1][0][8]   |     6.229 | SLOW    |     2.614 | FAST    |
A_i[1][2][2]   | C_o[1][1][2]   |     4.946 | SLOW    |     2.568 | FAST    |
A_i[1][2][2]   | C_o[1][1][3]   |     5.310 | SLOW    |     2.498 | FAST    |
A_i[1][2][2]   | C_o[1][1][4]   |     5.517 | SLOW    |     2.525 | FAST    |
A_i[1][2][2]   | C_o[1][1][5]   |     5.709 | SLOW    |     2.554 | FAST    |
A_i[1][2][2]   | C_o[1][1][6]   |     5.868 | SLOW    |     2.570 | FAST    |
A_i[1][2][2]   | C_o[1][1][7]   |     5.931 | SLOW    |     2.595 | FAST    |
A_i[1][2][2]   | C_o[1][1][8]   |     6.229 | SLOW    |     2.614 | FAST    |
A_i[1][2][2]   | C_o[1][2][2]   |     4.946 | SLOW    |     2.568 | FAST    |
A_i[1][2][2]   | C_o[1][2][3]   |     5.310 | SLOW    |     2.498 | FAST    |
A_i[1][2][2]   | C_o[1][2][4]   |     5.517 | SLOW    |     2.525 | FAST    |
A_i[1][2][2]   | C_o[1][2][5]   |     5.709 | SLOW    |     2.554 | FAST    |
A_i[1][2][2]   | C_o[1][2][6]   |     5.868 | SLOW    |     2.570 | FAST    |
A_i[1][2][2]   | C_o[1][2][7]   |     5.931 | SLOW    |     2.595 | FAST    |
A_i[1][2][2]   | C_o[1][2][8]   |     6.229 | SLOW    |     2.614 | FAST    |
A_i[1][2][2]   | C_o[1][3][2]   |     4.946 | SLOW    |     2.568 | FAST    |
A_i[1][2][2]   | C_o[1][3][3]   |     5.310 | SLOW    |     2.498 | FAST    |
A_i[1][2][2]   | C_o[1][3][4]   |     5.517 | SLOW    |     2.525 | FAST    |
A_i[1][2][2]   | C_o[1][3][5]   |     5.709 | SLOW    |     2.554 | FAST    |
A_i[1][2][2]   | C_o[1][3][6]   |     5.868 | SLOW    |     2.570 | FAST    |
A_i[1][2][2]   | C_o[1][3][7]   |     5.931 | SLOW    |     2.595 | FAST    |
A_i[1][2][2]   | C_o[1][3][8]   |     6.229 | SLOW    |     2.614 | FAST    |
A_i[1][2][3]   | C_o[1][0][3]   |     5.068 | SLOW    |     2.640 | FAST    |
A_i[1][2][3]   | C_o[1][0][4]   |     5.314 | SLOW    |     2.557 | FAST    |
A_i[1][2][3]   | C_o[1][0][5]   |     5.521 | SLOW    |     2.586 | FAST    |
A_i[1][2][3]   | C_o[1][0][6]   |     5.721 | SLOW    |     2.604 | FAST    |
A_i[1][2][3]   | C_o[1][0][7]   |     5.883 | SLOW    |     2.632 | FAST    |
A_i[1][2][3]   | C_o[1][0][8]   |     6.221 | SLOW    |     2.675 | FAST    |
A_i[1][2][3]   | C_o[1][1][3]   |     5.068 | SLOW    |     2.640 | FAST    |
A_i[1][2][3]   | C_o[1][1][4]   |     5.314 | SLOW    |     2.557 | FAST    |
A_i[1][2][3]   | C_o[1][1][5]   |     5.521 | SLOW    |     2.586 | FAST    |
A_i[1][2][3]   | C_o[1][1][6]   |     5.721 | SLOW    |     2.604 | FAST    |
A_i[1][2][3]   | C_o[1][1][7]   |     5.883 | SLOW    |     2.632 | FAST    |
A_i[1][2][3]   | C_o[1][1][8]   |     6.221 | SLOW    |     2.675 | FAST    |
A_i[1][2][3]   | C_o[1][2][3]   |     5.068 | SLOW    |     2.640 | FAST    |
A_i[1][2][3]   | C_o[1][2][4]   |     5.314 | SLOW    |     2.557 | FAST    |
A_i[1][2][3]   | C_o[1][2][5]   |     5.521 | SLOW    |     2.586 | FAST    |
A_i[1][2][3]   | C_o[1][2][6]   |     5.721 | SLOW    |     2.604 | FAST    |
A_i[1][2][3]   | C_o[1][2][7]   |     5.883 | SLOW    |     2.632 | FAST    |
A_i[1][2][3]   | C_o[1][2][8]   |     6.221 | SLOW    |     2.675 | FAST    |
A_i[1][2][3]   | C_o[1][3][3]   |     5.068 | SLOW    |     2.640 | FAST    |
A_i[1][2][3]   | C_o[1][3][4]   |     5.314 | SLOW    |     2.557 | FAST    |
A_i[1][2][3]   | C_o[1][3][5]   |     5.521 | SLOW    |     2.586 | FAST    |
A_i[1][2][3]   | C_o[1][3][6]   |     5.721 | SLOW    |     2.604 | FAST    |
A_i[1][2][3]   | C_o[1][3][7]   |     5.883 | SLOW    |     2.632 | FAST    |
A_i[1][2][3]   | C_o[1][3][8]   |     6.221 | SLOW    |     2.675 | FAST    |
A_i[1][2][4]   | C_o[1][0][4]   |     5.298 | SLOW    |     2.765 | FAST    |
A_i[1][2][4]   | C_o[1][0][5]   |     5.692 | SLOW    |     2.684 | FAST    |
A_i[1][2][4]   | C_o[1][0][6]   |     5.897 | SLOW    |     2.658 | FAST    |
A_i[1][2][4]   | C_o[1][0][7]   |     6.059 | SLOW    |     2.686 | FAST    |
A_i[1][2][4]   | C_o[1][0][8]   |     6.397 | SLOW    |     2.748 | FAST    |
A_i[1][2][4]   | C_o[1][1][4]   |     5.298 | SLOW    |     2.765 | FAST    |
A_i[1][2][4]   | C_o[1][1][5]   |     5.723 | SLOW    |     2.684 | FAST    |
A_i[1][2][4]   | C_o[1][1][6]   |     5.928 | SLOW    |     2.658 | FAST    |
A_i[1][2][4]   | C_o[1][1][7]   |     6.090 | SLOW    |     2.686 | FAST    |
A_i[1][2][4]   | C_o[1][1][8]   |     6.428 | SLOW    |     2.748 | FAST    |
A_i[1][2][4]   | C_o[1][2][4]   |     5.298 | SLOW    |     2.765 | FAST    |
A_i[1][2][4]   | C_o[1][2][5]   |     5.692 | SLOW    |     2.684 | FAST    |
A_i[1][2][4]   | C_o[1][2][6]   |     5.897 | SLOW    |     2.658 | FAST    |
A_i[1][2][4]   | C_o[1][2][7]   |     6.059 | SLOW    |     2.686 | FAST    |
A_i[1][2][4]   | C_o[1][2][8]   |     6.397 | SLOW    |     2.748 | FAST    |
A_i[1][2][4]   | C_o[1][3][4]   |     5.298 | SLOW    |     2.765 | FAST    |
A_i[1][2][4]   | C_o[1][3][5]   |     5.723 | SLOW    |     2.684 | FAST    |
A_i[1][2][4]   | C_o[1][3][6]   |     5.928 | SLOW    |     2.658 | FAST    |
A_i[1][2][4]   | C_o[1][3][7]   |     6.090 | SLOW    |     2.686 | FAST    |
A_i[1][2][4]   | C_o[1][3][8]   |     6.428 | SLOW    |     2.748 | FAST    |
A_i[1][2][5]   | C_o[1][0][5]   |     5.483 | SLOW    |     2.864 | FAST    |
A_i[1][2][5]   | C_o[1][0][6]   |     5.688 | SLOW    |     2.777 | FAST    |
A_i[1][2][5]   | C_o[1][0][7]   |     5.850 | SLOW    |     2.722 | FAST    |
A_i[1][2][5]   | C_o[1][0][8]   |     6.188 | SLOW    |     2.747 | FAST    |
A_i[1][2][5]   | C_o[1][1][5]   |     5.483 | SLOW    |     2.864 | FAST    |
A_i[1][2][5]   | C_o[1][1][6]   |     5.688 | SLOW    |     2.777 | FAST    |
A_i[1][2][5]   | C_o[1][1][7]   |     5.850 | SLOW    |     2.722 | FAST    |
A_i[1][2][5]   | C_o[1][1][8]   |     6.188 | SLOW    |     2.747 | FAST    |
A_i[1][2][5]   | C_o[1][2][5]   |     5.483 | SLOW    |     2.864 | FAST    |
A_i[1][2][5]   | C_o[1][2][6]   |     5.688 | SLOW    |     2.777 | FAST    |
A_i[1][2][5]   | C_o[1][2][7]   |     5.850 | SLOW    |     2.722 | FAST    |
A_i[1][2][5]   | C_o[1][2][8]   |     6.188 | SLOW    |     2.747 | FAST    |
A_i[1][2][5]   | C_o[1][3][5]   |     5.483 | SLOW    |     2.864 | FAST    |
A_i[1][2][5]   | C_o[1][3][6]   |     5.688 | SLOW    |     2.777 | FAST    |
A_i[1][2][5]   | C_o[1][3][7]   |     5.850 | SLOW    |     2.722 | FAST    |
A_i[1][2][5]   | C_o[1][3][8]   |     6.188 | SLOW    |     2.747 | FAST    |
A_i[1][2][6]   | C_o[1][0][6]   |     5.259 | SLOW    |     2.742 | FAST    |
A_i[1][2][6]   | C_o[1][0][7]   |     5.502 | SLOW    |     2.687 | FAST    |
A_i[1][2][6]   | C_o[1][0][8]   |     5.905 | SLOW    |     2.633 | FAST    |
A_i[1][2][6]   | C_o[1][1][6]   |     5.259 | SLOW    |     2.742 | FAST    |
A_i[1][2][6]   | C_o[1][1][7]   |     5.502 | SLOW    |     2.687 | FAST    |
A_i[1][2][6]   | C_o[1][1][8]   |     5.905 | SLOW    |     2.633 | FAST    |
A_i[1][2][6]   | C_o[1][2][6]   |     5.259 | SLOW    |     2.742 | FAST    |
A_i[1][2][6]   | C_o[1][2][7]   |     5.502 | SLOW    |     2.687 | FAST    |
A_i[1][2][6]   | C_o[1][2][8]   |     5.905 | SLOW    |     2.633 | FAST    |
A_i[1][2][6]   | C_o[1][3][6]   |     5.259 | SLOW    |     2.742 | FAST    |
A_i[1][2][6]   | C_o[1][3][7]   |     5.502 | SLOW    |     2.687 | FAST    |
A_i[1][2][6]   | C_o[1][3][8]   |     5.905 | SLOW    |     2.633 | FAST    |
A_i[1][2][7]   | C_o[1][0][7]   |     5.308 | SLOW    |     2.774 | FAST    |
A_i[1][2][7]   | C_o[1][0][8]   |     5.746 | SLOW    |     2.706 | FAST    |
A_i[1][2][7]   | C_o[1][1][7]   |     5.308 | SLOW    |     2.774 | FAST    |
A_i[1][2][7]   | C_o[1][1][8]   |     5.746 | SLOW    |     2.706 | FAST    |
A_i[1][2][7]   | C_o[1][2][7]   |     5.308 | SLOW    |     2.774 | FAST    |
A_i[1][2][7]   | C_o[1][2][8]   |     5.746 | SLOW    |     2.706 | FAST    |
A_i[1][2][7]   | C_o[1][3][7]   |     5.308 | SLOW    |     2.774 | FAST    |
A_i[1][2][7]   | C_o[1][3][8]   |     5.746 | SLOW    |     2.706 | FAST    |
A_i[1][2][8]   | C_o[1][0][8]   |     5.721 | SLOW    |     3.008 | FAST    |
A_i[1][2][8]   | C_o[1][1][8]   |     5.721 | SLOW    |     3.008 | FAST    |
A_i[1][2][8]   | C_o[1][2][8]   |     5.721 | SLOW    |     3.008 | FAST    |
A_i[1][2][8]   | C_o[1][3][8]   |     5.721 | SLOW    |     3.008 | FAST    |
A_i[1][3][0]   | C_o[1][0][0]   |     4.777 | SLOW    |     2.481 | FAST    |
A_i[1][3][0]   | C_o[1][0][1]   |     4.952 | SLOW    |     2.401 | FAST    |
A_i[1][3][0]   | C_o[1][0][2]   |     5.279 | SLOW    |     2.446 | FAST    |
A_i[1][3][0]   | C_o[1][0][3]   |     5.500 | SLOW    |     2.474 | FAST    |
A_i[1][3][0]   | C_o[1][0][4]   |     5.690 | SLOW    |     2.468 | FAST    |
A_i[1][3][0]   | C_o[1][0][5]   |     5.760 | SLOW    |     2.496 | FAST    |
A_i[1][3][0]   | C_o[1][0][6]   |     5.860 | SLOW    |     2.484 | FAST    |
A_i[1][3][0]   | C_o[1][0][7]   |     5.923 | SLOW    |     2.512 | FAST    |
A_i[1][3][0]   | C_o[1][0][8]   |     6.221 | SLOW    |     2.571 | FAST    |
A_i[1][3][0]   | C_o[1][1][0]   |     4.777 | SLOW    |     2.481 | FAST    |
A_i[1][3][0]   | C_o[1][1][1]   |     4.952 | SLOW    |     2.401 | FAST    |
A_i[1][3][0]   | C_o[1][1][2]   |     5.279 | SLOW    |     2.446 | FAST    |
A_i[1][3][0]   | C_o[1][1][3]   |     5.500 | SLOW    |     2.474 | FAST    |
A_i[1][3][0]   | C_o[1][1][4]   |     5.690 | SLOW    |     2.468 | FAST    |
A_i[1][3][0]   | C_o[1][1][5]   |     5.760 | SLOW    |     2.496 | FAST    |
A_i[1][3][0]   | C_o[1][1][6]   |     5.860 | SLOW    |     2.484 | FAST    |
A_i[1][3][0]   | C_o[1][1][7]   |     5.923 | SLOW    |     2.512 | FAST    |
A_i[1][3][0]   | C_o[1][1][8]   |     6.221 | SLOW    |     2.571 | FAST    |
A_i[1][3][0]   | C_o[1][2][0]   |     4.777 | SLOW    |     2.481 | FAST    |
A_i[1][3][0]   | C_o[1][2][1]   |     4.952 | SLOW    |     2.401 | FAST    |
A_i[1][3][0]   | C_o[1][2][2]   |     5.279 | SLOW    |     2.446 | FAST    |
A_i[1][3][0]   | C_o[1][2][3]   |     5.500 | SLOW    |     2.474 | FAST    |
A_i[1][3][0]   | C_o[1][2][4]   |     5.690 | SLOW    |     2.468 | FAST    |
A_i[1][3][0]   | C_o[1][2][5]   |     5.760 | SLOW    |     2.496 | FAST    |
A_i[1][3][0]   | C_o[1][2][6]   |     5.860 | SLOW    |     2.484 | FAST    |
A_i[1][3][0]   | C_o[1][2][7]   |     5.923 | SLOW    |     2.512 | FAST    |
A_i[1][3][0]   | C_o[1][2][8]   |     6.221 | SLOW    |     2.571 | FAST    |
A_i[1][3][0]   | C_o[1][3][0]   |     4.777 | SLOW    |     2.481 | FAST    |
A_i[1][3][0]   | C_o[1][3][1]   |     4.952 | SLOW    |     2.401 | FAST    |
A_i[1][3][0]   | C_o[1][3][2]   |     5.279 | SLOW    |     2.446 | FAST    |
A_i[1][3][0]   | C_o[1][3][3]   |     5.500 | SLOW    |     2.474 | FAST    |
A_i[1][3][0]   | C_o[1][3][4]   |     5.690 | SLOW    |     2.468 | FAST    |
A_i[1][3][0]   | C_o[1][3][5]   |     5.760 | SLOW    |     2.496 | FAST    |
A_i[1][3][0]   | C_o[1][3][6]   |     5.860 | SLOW    |     2.484 | FAST    |
A_i[1][3][0]   | C_o[1][3][7]   |     5.923 | SLOW    |     2.512 | FAST    |
A_i[1][3][0]   | C_o[1][3][8]   |     6.221 | SLOW    |     2.571 | FAST    |
A_i[1][3][1]   | C_o[1][0][1]   |     5.060 | SLOW    |     2.632 | FAST    |
A_i[1][3][1]   | C_o[1][0][2]   |     5.272 | SLOW    |     2.564 | FAST    |
A_i[1][3][1]   | C_o[1][0][3]   |     5.493 | SLOW    |     2.592 | FAST    |
A_i[1][3][1]   | C_o[1][0][4]   |     5.683 | SLOW    |     2.619 | FAST    |
A_i[1][3][1]   | C_o[1][0][5]   |     5.753 | SLOW    |     2.614 | FAST    |
A_i[1][3][1]   | C_o[1][0][6]   |     5.851 | SLOW    |     2.628 | FAST    |
A_i[1][3][1]   | C_o[1][0][7]   |     5.914 | SLOW    |     2.656 | FAST    |
A_i[1][3][1]   | C_o[1][0][8]   |     6.192 | SLOW    |     2.696 | FAST    |
A_i[1][3][1]   | C_o[1][1][1]   |     5.060 | SLOW    |     2.632 | FAST    |
A_i[1][3][1]   | C_o[1][1][2]   |     5.272 | SLOW    |     2.564 | FAST    |
A_i[1][3][1]   | C_o[1][1][3]   |     5.493 | SLOW    |     2.592 | FAST    |
A_i[1][3][1]   | C_o[1][1][4]   |     5.683 | SLOW    |     2.619 | FAST    |
A_i[1][3][1]   | C_o[1][1][5]   |     5.753 | SLOW    |     2.614 | FAST    |
A_i[1][3][1]   | C_o[1][1][6]   |     5.851 | SLOW    |     2.628 | FAST    |
A_i[1][3][1]   | C_o[1][1][7]   |     5.914 | SLOW    |     2.656 | FAST    |
A_i[1][3][1]   | C_o[1][1][8]   |     6.192 | SLOW    |     2.696 | FAST    |
A_i[1][3][1]   | C_o[1][2][1]   |     5.060 | SLOW    |     2.632 | FAST    |
A_i[1][3][1]   | C_o[1][2][2]   |     5.272 | SLOW    |     2.564 | FAST    |
A_i[1][3][1]   | C_o[1][2][3]   |     5.493 | SLOW    |     2.592 | FAST    |
A_i[1][3][1]   | C_o[1][2][4]   |     5.683 | SLOW    |     2.619 | FAST    |
A_i[1][3][1]   | C_o[1][2][5]   |     5.753 | SLOW    |     2.614 | FAST    |
A_i[1][3][1]   | C_o[1][2][6]   |     5.851 | SLOW    |     2.628 | FAST    |
A_i[1][3][1]   | C_o[1][2][7]   |     5.914 | SLOW    |     2.656 | FAST    |
A_i[1][3][1]   | C_o[1][2][8]   |     6.192 | SLOW    |     2.696 | FAST    |
A_i[1][3][1]   | C_o[1][3][1]   |     5.060 | SLOW    |     2.632 | FAST    |
A_i[1][3][1]   | C_o[1][3][2]   |     5.272 | SLOW    |     2.564 | FAST    |
A_i[1][3][1]   | C_o[1][3][3]   |     5.493 | SLOW    |     2.592 | FAST    |
A_i[1][3][1]   | C_o[1][3][4]   |     5.683 | SLOW    |     2.619 | FAST    |
A_i[1][3][1]   | C_o[1][3][5]   |     5.753 | SLOW    |     2.614 | FAST    |
A_i[1][3][1]   | C_o[1][3][6]   |     5.851 | SLOW    |     2.628 | FAST    |
A_i[1][3][1]   | C_o[1][3][7]   |     5.914 | SLOW    |     2.656 | FAST    |
A_i[1][3][1]   | C_o[1][3][8]   |     6.192 | SLOW    |     2.696 | FAST    |
A_i[1][3][2]   | C_o[1][0][2]   |     4.931 | SLOW    |     2.564 | FAST    |
A_i[1][3][2]   | C_o[1][0][3]   |     5.295 | SLOW    |     2.502 | FAST    |
A_i[1][3][2]   | C_o[1][0][4]   |     5.502 | SLOW    |     2.529 | FAST    |
A_i[1][3][2]   | C_o[1][0][5]   |     5.694 | SLOW    |     2.558 | FAST    |
A_i[1][3][2]   | C_o[1][0][6]   |     5.853 | SLOW    |     2.574 | FAST    |
A_i[1][3][2]   | C_o[1][0][7]   |     5.916 | SLOW    |     2.593 | FAST    |
A_i[1][3][2]   | C_o[1][0][8]   |     6.214 | SLOW    |     2.616 | FAST    |
A_i[1][3][2]   | C_o[1][1][2]   |     4.931 | SLOW    |     2.564 | FAST    |
A_i[1][3][2]   | C_o[1][1][3]   |     5.295 | SLOW    |     2.502 | FAST    |
A_i[1][3][2]   | C_o[1][1][4]   |     5.502 | SLOW    |     2.529 | FAST    |
A_i[1][3][2]   | C_o[1][1][5]   |     5.694 | SLOW    |     2.558 | FAST    |
A_i[1][3][2]   | C_o[1][1][6]   |     5.853 | SLOW    |     2.574 | FAST    |
A_i[1][3][2]   | C_o[1][1][7]   |     5.916 | SLOW    |     2.593 | FAST    |
A_i[1][3][2]   | C_o[1][1][8]   |     6.214 | SLOW    |     2.616 | FAST    |
A_i[1][3][2]   | C_o[1][2][2]   |     4.931 | SLOW    |     2.564 | FAST    |
A_i[1][3][2]   | C_o[1][2][3]   |     5.295 | SLOW    |     2.502 | FAST    |
A_i[1][3][2]   | C_o[1][2][4]   |     5.502 | SLOW    |     2.529 | FAST    |
A_i[1][3][2]   | C_o[1][2][5]   |     5.694 | SLOW    |     2.558 | FAST    |
A_i[1][3][2]   | C_o[1][2][6]   |     5.853 | SLOW    |     2.574 | FAST    |
A_i[1][3][2]   | C_o[1][2][7]   |     5.916 | SLOW    |     2.593 | FAST    |
A_i[1][3][2]   | C_o[1][2][8]   |     6.214 | SLOW    |     2.616 | FAST    |
A_i[1][3][2]   | C_o[1][3][2]   |     4.931 | SLOW    |     2.564 | FAST    |
A_i[1][3][2]   | C_o[1][3][3]   |     5.295 | SLOW    |     2.502 | FAST    |
A_i[1][3][2]   | C_o[1][3][4]   |     5.502 | SLOW    |     2.529 | FAST    |
A_i[1][3][2]   | C_o[1][3][5]   |     5.694 | SLOW    |     2.558 | FAST    |
A_i[1][3][2]   | C_o[1][3][6]   |     5.853 | SLOW    |     2.574 | FAST    |
A_i[1][3][2]   | C_o[1][3][7]   |     5.916 | SLOW    |     2.593 | FAST    |
A_i[1][3][2]   | C_o[1][3][8]   |     6.214 | SLOW    |     2.616 | FAST    |
A_i[1][3][3]   | C_o[1][0][3]   |     5.053 | SLOW    |     2.636 | FAST    |
A_i[1][3][3]   | C_o[1][0][4]   |     5.299 | SLOW    |     2.561 | FAST    |
A_i[1][3][3]   | C_o[1][0][5]   |     5.506 | SLOW    |     2.590 | FAST    |
A_i[1][3][3]   | C_o[1][0][6]   |     5.706 | SLOW    |     2.608 | FAST    |
A_i[1][3][3]   | C_o[1][0][7]   |     5.868 | SLOW    |     2.636 | FAST    |
A_i[1][3][3]   | C_o[1][0][8]   |     6.206 | SLOW    |     2.677 | FAST    |
A_i[1][3][3]   | C_o[1][1][3]   |     5.053 | SLOW    |     2.636 | FAST    |
A_i[1][3][3]   | C_o[1][1][4]   |     5.299 | SLOW    |     2.561 | FAST    |
A_i[1][3][3]   | C_o[1][1][5]   |     5.506 | SLOW    |     2.590 | FAST    |
A_i[1][3][3]   | C_o[1][1][6]   |     5.706 | SLOW    |     2.608 | FAST    |
A_i[1][3][3]   | C_o[1][1][7]   |     5.868 | SLOW    |     2.636 | FAST    |
A_i[1][3][3]   | C_o[1][1][8]   |     6.206 | SLOW    |     2.677 | FAST    |
A_i[1][3][3]   | C_o[1][2][3]   |     5.053 | SLOW    |     2.636 | FAST    |
A_i[1][3][3]   | C_o[1][2][4]   |     5.299 | SLOW    |     2.561 | FAST    |
A_i[1][3][3]   | C_o[1][2][5]   |     5.506 | SLOW    |     2.590 | FAST    |
A_i[1][3][3]   | C_o[1][2][6]   |     5.706 | SLOW    |     2.608 | FAST    |
A_i[1][3][3]   | C_o[1][2][7]   |     5.868 | SLOW    |     2.636 | FAST    |
A_i[1][3][3]   | C_o[1][2][8]   |     6.206 | SLOW    |     2.677 | FAST    |
A_i[1][3][3]   | C_o[1][3][3]   |     5.053 | SLOW    |     2.636 | FAST    |
A_i[1][3][3]   | C_o[1][3][4]   |     5.299 | SLOW    |     2.561 | FAST    |
A_i[1][3][3]   | C_o[1][3][5]   |     5.506 | SLOW    |     2.590 | FAST    |
A_i[1][3][3]   | C_o[1][3][6]   |     5.706 | SLOW    |     2.608 | FAST    |
A_i[1][3][3]   | C_o[1][3][7]   |     5.868 | SLOW    |     2.636 | FAST    |
A_i[1][3][3]   | C_o[1][3][8]   |     6.206 | SLOW    |     2.677 | FAST    |
A_i[1][3][4]   | C_o[1][0][4]   |     5.283 | SLOW    |     2.761 | FAST    |
A_i[1][3][4]   | C_o[1][0][5]   |     5.677 | SLOW    |     2.688 | FAST    |
A_i[1][3][4]   | C_o[1][0][6]   |     5.882 | SLOW    |     2.662 | FAST    |
A_i[1][3][4]   | C_o[1][0][7]   |     6.044 | SLOW    |     2.690 | FAST    |
A_i[1][3][4]   | C_o[1][0][8]   |     6.382 | SLOW    |     2.750 | FAST    |
A_i[1][3][4]   | C_o[1][1][4]   |     5.283 | SLOW    |     2.761 | FAST    |
A_i[1][3][4]   | C_o[1][1][5]   |     5.708 | SLOW    |     2.688 | FAST    |
A_i[1][3][4]   | C_o[1][1][6]   |     5.913 | SLOW    |     2.662 | FAST    |
A_i[1][3][4]   | C_o[1][1][7]   |     6.075 | SLOW    |     2.690 | FAST    |
A_i[1][3][4]   | C_o[1][1][8]   |     6.413 | SLOW    |     2.750 | FAST    |
A_i[1][3][4]   | C_o[1][2][4]   |     5.283 | SLOW    |     2.761 | FAST    |
A_i[1][3][4]   | C_o[1][2][5]   |     5.677 | SLOW    |     2.688 | FAST    |
A_i[1][3][4]   | C_o[1][2][6]   |     5.882 | SLOW    |     2.662 | FAST    |
A_i[1][3][4]   | C_o[1][2][7]   |     6.044 | SLOW    |     2.690 | FAST    |
A_i[1][3][4]   | C_o[1][2][8]   |     6.382 | SLOW    |     2.750 | FAST    |
A_i[1][3][4]   | C_o[1][3][4]   |     5.283 | SLOW    |     2.761 | FAST    |
A_i[1][3][4]   | C_o[1][3][5]   |     5.708 | SLOW    |     2.688 | FAST    |
A_i[1][3][4]   | C_o[1][3][6]   |     5.913 | SLOW    |     2.662 | FAST    |
A_i[1][3][4]   | C_o[1][3][7]   |     6.075 | SLOW    |     2.690 | FAST    |
A_i[1][3][4]   | C_o[1][3][8]   |     6.413 | SLOW    |     2.750 | FAST    |
A_i[1][3][5]   | C_o[1][0][5]   |     5.468 | SLOW    |     2.860 | FAST    |
A_i[1][3][5]   | C_o[1][0][6]   |     5.673 | SLOW    |     2.773 | FAST    |
A_i[1][3][5]   | C_o[1][0][7]   |     5.835 | SLOW    |     2.720 | FAST    |
A_i[1][3][5]   | C_o[1][0][8]   |     6.173 | SLOW    |     2.749 | FAST    |
A_i[1][3][5]   | C_o[1][1][5]   |     5.468 | SLOW    |     2.860 | FAST    |
A_i[1][3][5]   | C_o[1][1][6]   |     5.673 | SLOW    |     2.773 | FAST    |
A_i[1][3][5]   | C_o[1][1][7]   |     5.835 | SLOW    |     2.720 | FAST    |
A_i[1][3][5]   | C_o[1][1][8]   |     6.173 | SLOW    |     2.749 | FAST    |
A_i[1][3][5]   | C_o[1][2][5]   |     5.468 | SLOW    |     2.860 | FAST    |
A_i[1][3][5]   | C_o[1][2][6]   |     5.673 | SLOW    |     2.773 | FAST    |
A_i[1][3][5]   | C_o[1][2][7]   |     5.835 | SLOW    |     2.720 | FAST    |
A_i[1][3][5]   | C_o[1][2][8]   |     6.173 | SLOW    |     2.749 | FAST    |
A_i[1][3][5]   | C_o[1][3][5]   |     5.468 | SLOW    |     2.860 | FAST    |
A_i[1][3][5]   | C_o[1][3][6]   |     5.673 | SLOW    |     2.773 | FAST    |
A_i[1][3][5]   | C_o[1][3][7]   |     5.835 | SLOW    |     2.720 | FAST    |
A_i[1][3][5]   | C_o[1][3][8]   |     6.173 | SLOW    |     2.749 | FAST    |
A_i[1][3][6]   | C_o[1][0][6]   |     5.244 | SLOW    |     2.738 | FAST    |
A_i[1][3][6]   | C_o[1][0][7]   |     5.487 | SLOW    |     2.685 | FAST    |
A_i[1][3][6]   | C_o[1][0][8]   |     5.920 | SLOW    |     2.635 | FAST    |
A_i[1][3][6]   | C_o[1][1][6]   |     5.244 | SLOW    |     2.738 | FAST    |
A_i[1][3][6]   | C_o[1][1][7]   |     5.487 | SLOW    |     2.685 | FAST    |
A_i[1][3][6]   | C_o[1][1][8]   |     5.920 | SLOW    |     2.635 | FAST    |
A_i[1][3][6]   | C_o[1][2][6]   |     5.244 | SLOW    |     2.738 | FAST    |
A_i[1][3][6]   | C_o[1][2][7]   |     5.487 | SLOW    |     2.685 | FAST    |
A_i[1][3][6]   | C_o[1][2][8]   |     5.920 | SLOW    |     2.635 | FAST    |
A_i[1][3][6]   | C_o[1][3][6]   |     5.244 | SLOW    |     2.738 | FAST    |
A_i[1][3][6]   | C_o[1][3][7]   |     5.487 | SLOW    |     2.685 | FAST    |
A_i[1][3][6]   | C_o[1][3][8]   |     5.920 | SLOW    |     2.635 | FAST    |
A_i[1][3][7]   | C_o[1][0][7]   |     5.293 | SLOW    |     2.770 | FAST    |
A_i[1][3][7]   | C_o[1][0][8]   |     5.761 | SLOW    |     2.708 | FAST    |
A_i[1][3][7]   | C_o[1][1][7]   |     5.293 | SLOW    |     2.770 | FAST    |
A_i[1][3][7]   | C_o[1][1][8]   |     5.783 | SLOW    |     2.708 | FAST    |
A_i[1][3][7]   | C_o[1][2][7]   |     5.293 | SLOW    |     2.770 | FAST    |
A_i[1][3][7]   | C_o[1][2][8]   |     5.783 | SLOW    |     2.708 | FAST    |
A_i[1][3][7]   | C_o[1][3][7]   |     5.293 | SLOW    |     2.770 | FAST    |
A_i[1][3][7]   | C_o[1][3][8]   |     5.783 | SLOW    |     2.708 | FAST    |
A_i[1][3][8]   | C_o[1][0][8]   |     5.736 | SLOW    |     3.012 | FAST    |
A_i[1][3][8]   | C_o[1][1][8]   |     5.758 | SLOW    |     3.026 | FAST    |
A_i[1][3][8]   | C_o[1][2][8]   |     5.758 | SLOW    |     3.026 | FAST    |
A_i[1][3][8]   | C_o[1][3][8]   |     5.758 | SLOW    |     3.026 | FAST    |
A_i[2][0][0]   | C_o[2][0][0]   |     4.618 | SLOW    |     2.395 | FAST    |
A_i[2][0][0]   | C_o[2][0][1]   |     4.925 | SLOW    |     2.422 | FAST    |
A_i[2][0][0]   | C_o[2][0][2]   |     5.114 | SLOW    |     2.464 | FAST    |
A_i[2][0][0]   | C_o[2][0][3]   |     5.309 | SLOW    |     2.492 | FAST    |
A_i[2][0][0]   | C_o[2][0][4]   |     5.499 | SLOW    |     2.486 | FAST    |
A_i[2][0][0]   | C_o[2][0][5]   |     5.569 | SLOW    |     2.514 | FAST    |
A_i[2][0][0]   | C_o[2][0][6]   |     5.669 | SLOW    |     2.502 | FAST    |
A_i[2][0][0]   | C_o[2][0][7]   |     5.732 | SLOW    |     2.530 | FAST    |
A_i[2][0][0]   | C_o[2][0][8]   |     6.166 | SLOW    |     2.569 | FAST    |
A_i[2][0][0]   | C_o[2][1][0]   |     4.618 | SLOW    |     2.395 | FAST    |
A_i[2][0][0]   | C_o[2][1][1]   |     4.925 | SLOW    |     2.422 | FAST    |
A_i[2][0][0]   | C_o[2][1][2]   |     5.114 | SLOW    |     2.464 | FAST    |
A_i[2][0][0]   | C_o[2][1][3]   |     5.309 | SLOW    |     2.492 | FAST    |
A_i[2][0][0]   | C_o[2][1][4]   |     5.499 | SLOW    |     2.486 | FAST    |
A_i[2][0][0]   | C_o[2][1][5]   |     5.569 | SLOW    |     2.514 | FAST    |
A_i[2][0][0]   | C_o[2][1][6]   |     5.669 | SLOW    |     2.502 | FAST    |
A_i[2][0][0]   | C_o[2][1][7]   |     5.732 | SLOW    |     2.530 | FAST    |
A_i[2][0][0]   | C_o[2][1][8]   |     6.166 | SLOW    |     2.569 | FAST    |
A_i[2][0][0]   | C_o[2][2][0]   |     4.618 | SLOW    |     2.395 | FAST    |
A_i[2][0][0]   | C_o[2][2][1]   |     4.925 | SLOW    |     2.422 | FAST    |
A_i[2][0][0]   | C_o[2][2][2]   |     5.114 | SLOW    |     2.464 | FAST    |
A_i[2][0][0]   | C_o[2][2][3]   |     5.309 | SLOW    |     2.492 | FAST    |
A_i[2][0][0]   | C_o[2][2][4]   |     5.499 | SLOW    |     2.486 | FAST    |
A_i[2][0][0]   | C_o[2][2][5]   |     5.569 | SLOW    |     2.514 | FAST    |
A_i[2][0][0]   | C_o[2][2][6]   |     5.669 | SLOW    |     2.502 | FAST    |
A_i[2][0][0]   | C_o[2][2][7]   |     5.732 | SLOW    |     2.530 | FAST    |
A_i[2][0][0]   | C_o[2][2][8]   |     6.166 | SLOW    |     2.569 | FAST    |
A_i[2][0][0]   | C_o[2][3][0]   |     4.618 | SLOW    |     2.395 | FAST    |
A_i[2][0][0]   | C_o[2][3][1]   |     4.925 | SLOW    |     2.422 | FAST    |
A_i[2][0][0]   | C_o[2][3][2]   |     5.114 | SLOW    |     2.464 | FAST    |
A_i[2][0][0]   | C_o[2][3][3]   |     5.309 | SLOW    |     2.492 | FAST    |
A_i[2][0][0]   | C_o[2][3][4]   |     5.499 | SLOW    |     2.486 | FAST    |
A_i[2][0][0]   | C_o[2][3][5]   |     5.569 | SLOW    |     2.514 | FAST    |
A_i[2][0][0]   | C_o[2][3][6]   |     5.669 | SLOW    |     2.502 | FAST    |
A_i[2][0][0]   | C_o[2][3][7]   |     5.732 | SLOW    |     2.530 | FAST    |
A_i[2][0][0]   | C_o[2][3][8]   |     6.166 | SLOW    |     2.569 | FAST    |
A_i[2][0][1]   | C_o[2][0][1]   |     5.033 | SLOW    |     2.623 | FAST    |
A_i[2][0][1]   | C_o[2][0][2]   |     5.164 | SLOW    |     2.563 | FAST    |
A_i[2][0][1]   | C_o[2][0][3]   |     5.302 | SLOW    |     2.591 | FAST    |
A_i[2][0][1]   | C_o[2][0][4]   |     5.492 | SLOW    |     2.562 | FAST    |
A_i[2][0][1]   | C_o[2][0][5]   |     5.562 | SLOW    |     2.578 | FAST    |
A_i[2][0][1]   | C_o[2][0][6]   |     5.660 | SLOW    |     2.604 | FAST    |
A_i[2][0][1]   | C_o[2][0][7]   |     5.723 | SLOW    |     2.632 | FAST    |
A_i[2][0][1]   | C_o[2][0][8]   |     6.137 | SLOW    |     2.635 | FAST    |
A_i[2][0][1]   | C_o[2][1][1]   |     5.033 | SLOW    |     2.623 | FAST    |
A_i[2][0][1]   | C_o[2][1][2]   |     5.164 | SLOW    |     2.563 | FAST    |
A_i[2][0][1]   | C_o[2][1][3]   |     5.302 | SLOW    |     2.591 | FAST    |
A_i[2][0][1]   | C_o[2][1][4]   |     5.492 | SLOW    |     2.562 | FAST    |
A_i[2][0][1]   | C_o[2][1][5]   |     5.562 | SLOW    |     2.578 | FAST    |
A_i[2][0][1]   | C_o[2][1][6]   |     5.660 | SLOW    |     2.604 | FAST    |
A_i[2][0][1]   | C_o[2][1][7]   |     5.723 | SLOW    |     2.632 | FAST    |
A_i[2][0][1]   | C_o[2][1][8]   |     6.137 | SLOW    |     2.635 | FAST    |
A_i[2][0][1]   | C_o[2][2][1]   |     5.033 | SLOW    |     2.623 | FAST    |
A_i[2][0][1]   | C_o[2][2][2]   |     5.164 | SLOW    |     2.563 | FAST    |
A_i[2][0][1]   | C_o[2][2][3]   |     5.302 | SLOW    |     2.591 | FAST    |
A_i[2][0][1]   | C_o[2][2][4]   |     5.492 | SLOW    |     2.562 | FAST    |
A_i[2][0][1]   | C_o[2][2][5]   |     5.562 | SLOW    |     2.578 | FAST    |
A_i[2][0][1]   | C_o[2][2][6]   |     5.660 | SLOW    |     2.604 | FAST    |
A_i[2][0][1]   | C_o[2][2][7]   |     5.723 | SLOW    |     2.632 | FAST    |
A_i[2][0][1]   | C_o[2][2][8]   |     6.137 | SLOW    |     2.635 | FAST    |
A_i[2][0][1]   | C_o[2][3][1]   |     5.033 | SLOW    |     2.623 | FAST    |
A_i[2][0][1]   | C_o[2][3][2]   |     5.164 | SLOW    |     2.563 | FAST    |
A_i[2][0][1]   | C_o[2][3][3]   |     5.302 | SLOW    |     2.591 | FAST    |
A_i[2][0][1]   | C_o[2][3][4]   |     5.492 | SLOW    |     2.562 | FAST    |
A_i[2][0][1]   | C_o[2][3][5]   |     5.562 | SLOW    |     2.578 | FAST    |
A_i[2][0][1]   | C_o[2][3][6]   |     5.660 | SLOW    |     2.604 | FAST    |
A_i[2][0][1]   | C_o[2][3][7]   |     5.723 | SLOW    |     2.632 | FAST    |
A_i[2][0][1]   | C_o[2][3][8]   |     6.137 | SLOW    |     2.635 | FAST    |
A_i[2][0][2]   | C_o[2][0][2]   |     4.766 | SLOW    |     2.474 | FAST    |
A_i[2][0][2]   | C_o[2][0][3]   |     5.066 | SLOW    |     2.479 | FAST    |
A_i[2][0][2]   | C_o[2][0][4]   |     5.311 | SLOW    |     2.506 | FAST    |
A_i[2][0][2]   | C_o[2][0][5]   |     5.503 | SLOW    |     2.534 | FAST    |
A_i[2][0][2]   | C_o[2][0][6]   |     5.662 | SLOW    |     2.524 | FAST    |
A_i[2][0][2]   | C_o[2][0][7]   |     5.725 | SLOW    |     2.552 | FAST    |
A_i[2][0][2]   | C_o[2][0][8]   |     6.159 | SLOW    |     2.555 | FAST    |
A_i[2][0][2]   | C_o[2][1][2]   |     4.766 | SLOW    |     2.474 | FAST    |
A_i[2][0][2]   | C_o[2][1][3]   |     5.066 | SLOW    |     2.479 | FAST    |
A_i[2][0][2]   | C_o[2][1][4]   |     5.311 | SLOW    |     2.506 | FAST    |
A_i[2][0][2]   | C_o[2][1][5]   |     5.503 | SLOW    |     2.534 | FAST    |
A_i[2][0][2]   | C_o[2][1][6]   |     5.662 | SLOW    |     2.524 | FAST    |
A_i[2][0][2]   | C_o[2][1][7]   |     5.725 | SLOW    |     2.552 | FAST    |
A_i[2][0][2]   | C_o[2][1][8]   |     6.159 | SLOW    |     2.555 | FAST    |
A_i[2][0][2]   | C_o[2][2][2]   |     4.766 | SLOW    |     2.474 | FAST    |
A_i[2][0][2]   | C_o[2][2][3]   |     5.066 | SLOW    |     2.479 | FAST    |
A_i[2][0][2]   | C_o[2][2][4]   |     5.311 | SLOW    |     2.506 | FAST    |
A_i[2][0][2]   | C_o[2][2][5]   |     5.503 | SLOW    |     2.534 | FAST    |
A_i[2][0][2]   | C_o[2][2][6]   |     5.662 | SLOW    |     2.524 | FAST    |
A_i[2][0][2]   | C_o[2][2][7]   |     5.725 | SLOW    |     2.552 | FAST    |
A_i[2][0][2]   | C_o[2][2][8]   |     6.159 | SLOW    |     2.555 | FAST    |
A_i[2][0][2]   | C_o[2][3][2]   |     4.766 | SLOW    |     2.474 | FAST    |
A_i[2][0][2]   | C_o[2][3][3]   |     5.066 | SLOW    |     2.479 | FAST    |
A_i[2][0][2]   | C_o[2][3][4]   |     5.311 | SLOW    |     2.506 | FAST    |
A_i[2][0][2]   | C_o[2][3][5]   |     5.503 | SLOW    |     2.534 | FAST    |
A_i[2][0][2]   | C_o[2][3][6]   |     5.662 | SLOW    |     2.524 | FAST    |
A_i[2][0][2]   | C_o[2][3][7]   |     5.725 | SLOW    |     2.552 | FAST    |
A_i[2][0][2]   | C_o[2][3][8]   |     6.159 | SLOW    |     2.555 | FAST    |
A_i[2][0][3]   | C_o[2][0][3]   |     4.824 | SLOW    |     2.511 | FAST    |
A_i[2][0][3]   | C_o[2][0][4]   |     5.071 | SLOW    |     2.568 | FAST    |
A_i[2][0][3]   | C_o[2][0][5]   |     5.315 | SLOW    |     2.596 | FAST    |
A_i[2][0][3]   | C_o[2][0][6]   |     5.515 | SLOW    |     2.584 | FAST    |
A_i[2][0][3]   | C_o[2][0][7]   |     5.683 | SLOW    |     2.612 | FAST    |
A_i[2][0][3]   | C_o[2][0][8]   |     6.157 | SLOW    |     2.616 | FAST    |
A_i[2][0][3]   | C_o[2][1][3]   |     4.824 | SLOW    |     2.511 | FAST    |
A_i[2][0][3]   | C_o[2][1][4]   |     5.071 | SLOW    |     2.568 | FAST    |
A_i[2][0][3]   | C_o[2][1][5]   |     5.315 | SLOW    |     2.596 | FAST    |
A_i[2][0][3]   | C_o[2][1][6]   |     5.515 | SLOW    |     2.584 | FAST    |
A_i[2][0][3]   | C_o[2][1][7]   |     5.683 | SLOW    |     2.612 | FAST    |
A_i[2][0][3]   | C_o[2][1][8]   |     6.157 | SLOW    |     2.616 | FAST    |
A_i[2][0][3]   | C_o[2][2][3]   |     4.824 | SLOW    |     2.511 | FAST    |
A_i[2][0][3]   | C_o[2][2][4]   |     5.071 | SLOW    |     2.568 | FAST    |
A_i[2][0][3]   | C_o[2][2][5]   |     5.315 | SLOW    |     2.596 | FAST    |
A_i[2][0][3]   | C_o[2][2][6]   |     5.515 | SLOW    |     2.584 | FAST    |
A_i[2][0][3]   | C_o[2][2][7]   |     5.683 | SLOW    |     2.612 | FAST    |
A_i[2][0][3]   | C_o[2][2][8]   |     6.157 | SLOW    |     2.616 | FAST    |
A_i[2][0][3]   | C_o[2][3][3]   |     4.824 | SLOW    |     2.511 | FAST    |
A_i[2][0][3]   | C_o[2][3][4]   |     5.071 | SLOW    |     2.568 | FAST    |
A_i[2][0][3]   | C_o[2][3][5]   |     5.315 | SLOW    |     2.596 | FAST    |
A_i[2][0][3]   | C_o[2][3][6]   |     5.515 | SLOW    |     2.584 | FAST    |
A_i[2][0][3]   | C_o[2][3][7]   |     5.683 | SLOW    |     2.612 | FAST    |
A_i[2][0][3]   | C_o[2][3][8]   |     6.157 | SLOW    |     2.616 | FAST    |
A_i[2][0][4]   | C_o[2][0][4]   |     5.055 | SLOW    |     2.636 | FAST    |
A_i[2][0][4]   | C_o[2][0][5]   |     5.446 | SLOW    |     2.612 | FAST    |
A_i[2][0][4]   | C_o[2][0][6]   |     5.691 | SLOW    |     2.658 | FAST    |
A_i[2][0][4]   | C_o[2][0][7]   |     5.859 | SLOW    |     2.686 | FAST    |
A_i[2][0][4]   | C_o[2][0][8]   |     6.197 | SLOW    |     2.689 | FAST    |
A_i[2][0][4]   | C_o[2][1][4]   |     5.055 | SLOW    |     2.636 | FAST    |
A_i[2][0][4]   | C_o[2][1][5]   |     5.477 | SLOW    |     2.612 | FAST    |
A_i[2][0][4]   | C_o[2][1][6]   |     5.722 | SLOW    |     2.658 | FAST    |
A_i[2][0][4]   | C_o[2][1][7]   |     5.890 | SLOW    |     2.686 | FAST    |
A_i[2][0][4]   | C_o[2][1][8]   |     6.228 | SLOW    |     2.689 | FAST    |
A_i[2][0][4]   | C_o[2][2][4]   |     5.055 | SLOW    |     2.636 | FAST    |
A_i[2][0][4]   | C_o[2][2][5]   |     5.446 | SLOW    |     2.612 | FAST    |
A_i[2][0][4]   | C_o[2][2][6]   |     5.691 | SLOW    |     2.658 | FAST    |
A_i[2][0][4]   | C_o[2][2][7]   |     5.859 | SLOW    |     2.686 | FAST    |
A_i[2][0][4]   | C_o[2][2][8]   |     6.197 | SLOW    |     2.689 | FAST    |
A_i[2][0][4]   | C_o[2][3][4]   |     5.055 | SLOW    |     2.636 | FAST    |
A_i[2][0][4]   | C_o[2][3][5]   |     5.477 | SLOW    |     2.612 | FAST    |
A_i[2][0][4]   | C_o[2][3][6]   |     5.722 | SLOW    |     2.658 | FAST    |
A_i[2][0][4]   | C_o[2][3][7]   |     5.890 | SLOW    |     2.686 | FAST    |
A_i[2][0][4]   | C_o[2][3][8]   |     6.228 | SLOW    |     2.689 | FAST    |
A_i[2][0][5]   | C_o[2][0][5]   |     5.237 | SLOW    |     2.735 | FAST    |
A_i[2][0][5]   | C_o[2][0][6]   |     5.482 | SLOW    |     2.651 | FAST    |
A_i[2][0][5]   | C_o[2][0][7]   |     5.650 | SLOW    |     2.679 | FAST    |
A_i[2][0][5]   | C_o[2][0][8]   |     6.146 | SLOW    |     2.688 | FAST    |
A_i[2][0][5]   | C_o[2][1][5]   |     5.237 | SLOW    |     2.735 | FAST    |
A_i[2][0][5]   | C_o[2][1][6]   |     5.482 | SLOW    |     2.651 | FAST    |
A_i[2][0][5]   | C_o[2][1][7]   |     5.650 | SLOW    |     2.679 | FAST    |
A_i[2][0][5]   | C_o[2][1][8]   |     6.146 | SLOW    |     2.688 | FAST    |
A_i[2][0][5]   | C_o[2][2][5]   |     5.237 | SLOW    |     2.735 | FAST    |
A_i[2][0][5]   | C_o[2][2][6]   |     5.482 | SLOW    |     2.651 | FAST    |
A_i[2][0][5]   | C_o[2][2][7]   |     5.650 | SLOW    |     2.679 | FAST    |
A_i[2][0][5]   | C_o[2][2][8]   |     6.146 | SLOW    |     2.688 | FAST    |
A_i[2][0][5]   | C_o[2][3][5]   |     5.237 | SLOW    |     2.735 | FAST    |
A_i[2][0][5]   | C_o[2][3][6]   |     5.482 | SLOW    |     2.651 | FAST    |
A_i[2][0][5]   | C_o[2][3][7]   |     5.650 | SLOW    |     2.679 | FAST    |
A_i[2][0][5]   | C_o[2][3][8]   |     6.146 | SLOW    |     2.688 | FAST    |
A_i[2][0][6]   | C_o[2][0][6]   |     5.021 | SLOW    |     2.616 | FAST    |
A_i[2][0][6]   | C_o[2][0][7]   |     5.272 | SLOW    |     2.575 | FAST    |
A_i[2][0][6]   | C_o[2][0][8]   |     5.905 | SLOW    |     2.574 | FAST    |
A_i[2][0][6]   | C_o[2][1][6]   |     5.021 | SLOW    |     2.616 | FAST    |
A_i[2][0][6]   | C_o[2][1][7]   |     5.272 | SLOW    |     2.575 | FAST    |
A_i[2][0][6]   | C_o[2][1][8]   |     5.905 | SLOW    |     2.574 | FAST    |
A_i[2][0][6]   | C_o[2][2][6]   |     5.021 | SLOW    |     2.616 | FAST    |
A_i[2][0][6]   | C_o[2][2][7]   |     5.272 | SLOW    |     2.575 | FAST    |
A_i[2][0][6]   | C_o[2][2][8]   |     5.905 | SLOW    |     2.574 | FAST    |
A_i[2][0][6]   | C_o[2][3][6]   |     5.021 | SLOW    |     2.616 | FAST    |
A_i[2][0][6]   | C_o[2][3][7]   |     5.272 | SLOW    |     2.575 | FAST    |
A_i[2][0][6]   | C_o[2][3][8]   |     5.905 | SLOW    |     2.574 | FAST    |
A_i[2][0][7]   | C_o[2][0][7]   |     5.069 | SLOW    |     2.648 | FAST    |
A_i[2][0][7]   | C_o[2][0][8]   |     5.746 | SLOW    |     2.647 | FAST    |
A_i[2][0][7]   | C_o[2][1][7]   |     5.069 | SLOW    |     2.648 | FAST    |
A_i[2][0][7]   | C_o[2][1][8]   |     5.746 | SLOW    |     2.647 | FAST    |
A_i[2][0][7]   | C_o[2][2][7]   |     5.069 | SLOW    |     2.648 | FAST    |
A_i[2][0][7]   | C_o[2][2][8]   |     5.746 | SLOW    |     2.647 | FAST    |
A_i[2][0][7]   | C_o[2][3][7]   |     5.069 | SLOW    |     2.648 | FAST    |
A_i[2][0][7]   | C_o[2][3][8]   |     5.746 | SLOW    |     2.647 | FAST    |
A_i[2][0][8]   | C_o[2][0][8]   |     5.721 | SLOW    |     3.008 | FAST    |
A_i[2][0][8]   | C_o[2][1][8]   |     5.721 | SLOW    |     3.008 | FAST    |
A_i[2][0][8]   | C_o[2][2][8]   |     5.721 | SLOW    |     3.008 | FAST    |
A_i[2][0][8]   | C_o[2][3][8]   |     5.721 | SLOW    |     3.008 | FAST    |
A_i[2][1][0]   | C_o[2][0][0]   |     4.748 | SLOW    |     2.461 | FAST    |
A_i[2][1][0]   | C_o[2][0][1]   |     4.952 | SLOW    |     2.459 | FAST    |
A_i[2][1][0]   | C_o[2][0][2]   |     5.279 | SLOW    |     2.505 | FAST    |
A_i[2][1][0]   | C_o[2][0][3]   |     5.500 | SLOW    |     2.533 | FAST    |
A_i[2][1][0]   | C_o[2][0][4]   |     5.690 | SLOW    |     2.527 | FAST    |
A_i[2][1][0]   | C_o[2][0][5]   |     5.760 | SLOW    |     2.555 | FAST    |
A_i[2][1][0]   | C_o[2][0][6]   |     5.860 | SLOW    |     2.543 | FAST    |
A_i[2][1][0]   | C_o[2][0][7]   |     5.923 | SLOW    |     2.571 | FAST    |
A_i[2][1][0]   | C_o[2][0][8]   |     6.221 | SLOW    |     2.630 | FAST    |
A_i[2][1][0]   | C_o[2][1][0]   |     4.748 | SLOW    |     2.461 | FAST    |
A_i[2][1][0]   | C_o[2][1][1]   |     4.952 | SLOW    |     2.459 | FAST    |
A_i[2][1][0]   | C_o[2][1][2]   |     5.279 | SLOW    |     2.505 | FAST    |
A_i[2][1][0]   | C_o[2][1][3]   |     5.500 | SLOW    |     2.533 | FAST    |
A_i[2][1][0]   | C_o[2][1][4]   |     5.690 | SLOW    |     2.527 | FAST    |
A_i[2][1][0]   | C_o[2][1][5]   |     5.760 | SLOW    |     2.555 | FAST    |
A_i[2][1][0]   | C_o[2][1][6]   |     5.860 | SLOW    |     2.543 | FAST    |
A_i[2][1][0]   | C_o[2][1][7]   |     5.923 | SLOW    |     2.571 | FAST    |
A_i[2][1][0]   | C_o[2][1][8]   |     6.221 | SLOW    |     2.630 | FAST    |
A_i[2][1][0]   | C_o[2][2][0]   |     4.748 | SLOW    |     2.461 | FAST    |
A_i[2][1][0]   | C_o[2][2][1]   |     4.952 | SLOW    |     2.459 | FAST    |
A_i[2][1][0]   | C_o[2][2][2]   |     5.279 | SLOW    |     2.505 | FAST    |
A_i[2][1][0]   | C_o[2][2][3]   |     5.500 | SLOW    |     2.533 | FAST    |
A_i[2][1][0]   | C_o[2][2][4]   |     5.690 | SLOW    |     2.527 | FAST    |
A_i[2][1][0]   | C_o[2][2][5]   |     5.760 | SLOW    |     2.555 | FAST    |
A_i[2][1][0]   | C_o[2][2][6]   |     5.860 | SLOW    |     2.543 | FAST    |
A_i[2][1][0]   | C_o[2][2][7]   |     5.923 | SLOW    |     2.571 | FAST    |
A_i[2][1][0]   | C_o[2][2][8]   |     6.221 | SLOW    |     2.630 | FAST    |
A_i[2][1][0]   | C_o[2][3][0]   |     4.748 | SLOW    |     2.461 | FAST    |
A_i[2][1][0]   | C_o[2][3][1]   |     4.952 | SLOW    |     2.459 | FAST    |
A_i[2][1][0]   | C_o[2][3][2]   |     5.279 | SLOW    |     2.505 | FAST    |
A_i[2][1][0]   | C_o[2][3][3]   |     5.500 | SLOW    |     2.533 | FAST    |
A_i[2][1][0]   | C_o[2][3][4]   |     5.690 | SLOW    |     2.527 | FAST    |
A_i[2][1][0]   | C_o[2][3][5]   |     5.760 | SLOW    |     2.555 | FAST    |
A_i[2][1][0]   | C_o[2][3][6]   |     5.860 | SLOW    |     2.543 | FAST    |
A_i[2][1][0]   | C_o[2][3][7]   |     5.923 | SLOW    |     2.571 | FAST    |
A_i[2][1][0]   | C_o[2][3][8]   |     6.221 | SLOW    |     2.630 | FAST    |
A_i[2][1][1]   | C_o[2][0][1]   |     5.060 | SLOW    |     2.632 | FAST    |
A_i[2][1][1]   | C_o[2][0][2]   |     5.272 | SLOW    |     2.568 | FAST    |
A_i[2][1][1]   | C_o[2][0][3]   |     5.493 | SLOW    |     2.596 | FAST    |
A_i[2][1][1]   | C_o[2][0][4]   |     5.683 | SLOW    |     2.623 | FAST    |
A_i[2][1][1]   | C_o[2][0][5]   |     5.753 | SLOW    |     2.610 | FAST    |
A_i[2][1][1]   | C_o[2][0][6]   |     5.851 | SLOW    |     2.624 | FAST    |
A_i[2][1][1]   | C_o[2][0][7]   |     5.914 | SLOW    |     2.652 | FAST    |
A_i[2][1][1]   | C_o[2][0][8]   |     6.192 | SLOW    |     2.694 | FAST    |
A_i[2][1][1]   | C_o[2][1][1]   |     5.060 | SLOW    |     2.632 | FAST    |
A_i[2][1][1]   | C_o[2][1][2]   |     5.272 | SLOW    |     2.568 | FAST    |
A_i[2][1][1]   | C_o[2][1][3]   |     5.493 | SLOW    |     2.596 | FAST    |
A_i[2][1][1]   | C_o[2][1][4]   |     5.683 | SLOW    |     2.623 | FAST    |
A_i[2][1][1]   | C_o[2][1][5]   |     5.753 | SLOW    |     2.610 | FAST    |
A_i[2][1][1]   | C_o[2][1][6]   |     5.851 | SLOW    |     2.624 | FAST    |
A_i[2][1][1]   | C_o[2][1][7]   |     5.914 | SLOW    |     2.652 | FAST    |
A_i[2][1][1]   | C_o[2][1][8]   |     6.192 | SLOW    |     2.694 | FAST    |
A_i[2][1][1]   | C_o[2][2][1]   |     5.060 | SLOW    |     2.632 | FAST    |
A_i[2][1][1]   | C_o[2][2][2]   |     5.272 | SLOW    |     2.568 | FAST    |
A_i[2][1][1]   | C_o[2][2][3]   |     5.493 | SLOW    |     2.596 | FAST    |
A_i[2][1][1]   | C_o[2][2][4]   |     5.683 | SLOW    |     2.623 | FAST    |
A_i[2][1][1]   | C_o[2][2][5]   |     5.753 | SLOW    |     2.610 | FAST    |
A_i[2][1][1]   | C_o[2][2][6]   |     5.851 | SLOW    |     2.624 | FAST    |
A_i[2][1][1]   | C_o[2][2][7]   |     5.914 | SLOW    |     2.652 | FAST    |
A_i[2][1][1]   | C_o[2][2][8]   |     6.192 | SLOW    |     2.694 | FAST    |
A_i[2][1][1]   | C_o[2][3][1]   |     5.060 | SLOW    |     2.632 | FAST    |
A_i[2][1][1]   | C_o[2][3][2]   |     5.272 | SLOW    |     2.568 | FAST    |
A_i[2][1][1]   | C_o[2][3][3]   |     5.493 | SLOW    |     2.596 | FAST    |
A_i[2][1][1]   | C_o[2][3][4]   |     5.683 | SLOW    |     2.623 | FAST    |
A_i[2][1][1]   | C_o[2][3][5]   |     5.753 | SLOW    |     2.610 | FAST    |
A_i[2][1][1]   | C_o[2][3][6]   |     5.851 | SLOW    |     2.624 | FAST    |
A_i[2][1][1]   | C_o[2][3][7]   |     5.914 | SLOW    |     2.652 | FAST    |
A_i[2][1][1]   | C_o[2][3][8]   |     6.192 | SLOW    |     2.694 | FAST    |
A_i[2][1][2]   | C_o[2][0][2]   |     4.931 | SLOW    |     2.564 | FAST    |
A_i[2][1][2]   | C_o[2][0][3]   |     5.295 | SLOW    |     2.498 | FAST    |
A_i[2][1][2]   | C_o[2][0][4]   |     5.502 | SLOW    |     2.525 | FAST    |
A_i[2][1][2]   | C_o[2][0][5]   |     5.694 | SLOW    |     2.554 | FAST    |
A_i[2][1][2]   | C_o[2][0][6]   |     5.853 | SLOW    |     2.570 | FAST    |
A_i[2][1][2]   | C_o[2][0][7]   |     5.916 | SLOW    |     2.595 | FAST    |
A_i[2][1][2]   | C_o[2][0][8]   |     6.214 | SLOW    |     2.614 | FAST    |
A_i[2][1][2]   | C_o[2][1][2]   |     4.931 | SLOW    |     2.564 | FAST    |
A_i[2][1][2]   | C_o[2][1][3]   |     5.295 | SLOW    |     2.498 | FAST    |
A_i[2][1][2]   | C_o[2][1][4]   |     5.502 | SLOW    |     2.525 | FAST    |
A_i[2][1][2]   | C_o[2][1][5]   |     5.694 | SLOW    |     2.554 | FAST    |
A_i[2][1][2]   | C_o[2][1][6]   |     5.853 | SLOW    |     2.570 | FAST    |
A_i[2][1][2]   | C_o[2][1][7]   |     5.916 | SLOW    |     2.595 | FAST    |
A_i[2][1][2]   | C_o[2][1][8]   |     6.214 | SLOW    |     2.614 | FAST    |
A_i[2][1][2]   | C_o[2][2][2]   |     4.931 | SLOW    |     2.564 | FAST    |
A_i[2][1][2]   | C_o[2][2][3]   |     5.295 | SLOW    |     2.498 | FAST    |
A_i[2][1][2]   | C_o[2][2][4]   |     5.502 | SLOW    |     2.525 | FAST    |
A_i[2][1][2]   | C_o[2][2][5]   |     5.694 | SLOW    |     2.554 | FAST    |
A_i[2][1][2]   | C_o[2][2][6]   |     5.853 | SLOW    |     2.570 | FAST    |
A_i[2][1][2]   | C_o[2][2][7]   |     5.916 | SLOW    |     2.595 | FAST    |
A_i[2][1][2]   | C_o[2][2][8]   |     6.214 | SLOW    |     2.614 | FAST    |
A_i[2][1][2]   | C_o[2][3][2]   |     4.931 | SLOW    |     2.564 | FAST    |
A_i[2][1][2]   | C_o[2][3][3]   |     5.295 | SLOW    |     2.498 | FAST    |
A_i[2][1][2]   | C_o[2][3][4]   |     5.502 | SLOW    |     2.525 | FAST    |
A_i[2][1][2]   | C_o[2][3][5]   |     5.694 | SLOW    |     2.554 | FAST    |
A_i[2][1][2]   | C_o[2][3][6]   |     5.853 | SLOW    |     2.570 | FAST    |
A_i[2][1][2]   | C_o[2][3][7]   |     5.916 | SLOW    |     2.595 | FAST    |
A_i[2][1][2]   | C_o[2][3][8]   |     6.214 | SLOW    |     2.614 | FAST    |
A_i[2][1][3]   | C_o[2][0][3]   |     5.053 | SLOW    |     2.636 | FAST    |
A_i[2][1][3]   | C_o[2][0][4]   |     5.299 | SLOW    |     2.557 | FAST    |
A_i[2][1][3]   | C_o[2][0][5]   |     5.506 | SLOW    |     2.586 | FAST    |
A_i[2][1][3]   | C_o[2][0][6]   |     5.706 | SLOW    |     2.604 | FAST    |
A_i[2][1][3]   | C_o[2][0][7]   |     5.868 | SLOW    |     2.632 | FAST    |
A_i[2][1][3]   | C_o[2][0][8]   |     6.206 | SLOW    |     2.675 | FAST    |
A_i[2][1][3]   | C_o[2][1][3]   |     5.053 | SLOW    |     2.636 | FAST    |
A_i[2][1][3]   | C_o[2][1][4]   |     5.299 | SLOW    |     2.557 | FAST    |
A_i[2][1][3]   | C_o[2][1][5]   |     5.506 | SLOW    |     2.586 | FAST    |
A_i[2][1][3]   | C_o[2][1][6]   |     5.706 | SLOW    |     2.604 | FAST    |
A_i[2][1][3]   | C_o[2][1][7]   |     5.868 | SLOW    |     2.632 | FAST    |
A_i[2][1][3]   | C_o[2][1][8]   |     6.206 | SLOW    |     2.675 | FAST    |
A_i[2][1][3]   | C_o[2][2][3]   |     5.053 | SLOW    |     2.636 | FAST    |
A_i[2][1][3]   | C_o[2][2][4]   |     5.299 | SLOW    |     2.557 | FAST    |
A_i[2][1][3]   | C_o[2][2][5]   |     5.506 | SLOW    |     2.586 | FAST    |
A_i[2][1][3]   | C_o[2][2][6]   |     5.706 | SLOW    |     2.604 | FAST    |
A_i[2][1][3]   | C_o[2][2][7]   |     5.868 | SLOW    |     2.632 | FAST    |
A_i[2][1][3]   | C_o[2][2][8]   |     6.206 | SLOW    |     2.675 | FAST    |
A_i[2][1][3]   | C_o[2][3][3]   |     5.053 | SLOW    |     2.636 | FAST    |
A_i[2][1][3]   | C_o[2][3][4]   |     5.299 | SLOW    |     2.557 | FAST    |
A_i[2][1][3]   | C_o[2][3][5]   |     5.506 | SLOW    |     2.586 | FAST    |
A_i[2][1][3]   | C_o[2][3][6]   |     5.706 | SLOW    |     2.604 | FAST    |
A_i[2][1][3]   | C_o[2][3][7]   |     5.868 | SLOW    |     2.632 | FAST    |
A_i[2][1][3]   | C_o[2][3][8]   |     6.206 | SLOW    |     2.675 | FAST    |
A_i[2][1][4]   | C_o[2][0][4]   |     5.283 | SLOW    |     2.761 | FAST    |
A_i[2][1][4]   | C_o[2][0][5]   |     5.677 | SLOW    |     2.684 | FAST    |
A_i[2][1][4]   | C_o[2][0][6]   |     5.882 | SLOW    |     2.658 | FAST    |
A_i[2][1][4]   | C_o[2][0][7]   |     6.044 | SLOW    |     2.686 | FAST    |
A_i[2][1][4]   | C_o[2][0][8]   |     6.382 | SLOW    |     2.748 | FAST    |
A_i[2][1][4]   | C_o[2][1][4]   |     5.283 | SLOW    |     2.761 | FAST    |
A_i[2][1][4]   | C_o[2][1][5]   |     5.708 | SLOW    |     2.684 | FAST    |
A_i[2][1][4]   | C_o[2][1][6]   |     5.913 | SLOW    |     2.658 | FAST    |
A_i[2][1][4]   | C_o[2][1][7]   |     6.075 | SLOW    |     2.686 | FAST    |
A_i[2][1][4]   | C_o[2][1][8]   |     6.413 | SLOW    |     2.748 | FAST    |
A_i[2][1][4]   | C_o[2][2][4]   |     5.283 | SLOW    |     2.761 | FAST    |
A_i[2][1][4]   | C_o[2][2][5]   |     5.677 | SLOW    |     2.684 | FAST    |
A_i[2][1][4]   | C_o[2][2][6]   |     5.882 | SLOW    |     2.658 | FAST    |
A_i[2][1][4]   | C_o[2][2][7]   |     6.044 | SLOW    |     2.686 | FAST    |
A_i[2][1][4]   | C_o[2][2][8]   |     6.382 | SLOW    |     2.748 | FAST    |
A_i[2][1][4]   | C_o[2][3][4]   |     5.283 | SLOW    |     2.761 | FAST    |
A_i[2][1][4]   | C_o[2][3][5]   |     5.708 | SLOW    |     2.684 | FAST    |
A_i[2][1][4]   | C_o[2][3][6]   |     5.913 | SLOW    |     2.658 | FAST    |
A_i[2][1][4]   | C_o[2][3][7]   |     6.075 | SLOW    |     2.686 | FAST    |
A_i[2][1][4]   | C_o[2][3][8]   |     6.413 | SLOW    |     2.748 | FAST    |
A_i[2][1][5]   | C_o[2][0][5]   |     5.468 | SLOW    |     2.860 | FAST    |
A_i[2][1][5]   | C_o[2][0][6]   |     5.673 | SLOW    |     2.773 | FAST    |
A_i[2][1][5]   | C_o[2][0][7]   |     5.835 | SLOW    |     2.722 | FAST    |
A_i[2][1][5]   | C_o[2][0][8]   |     6.173 | SLOW    |     2.747 | FAST    |
A_i[2][1][5]   | C_o[2][1][5]   |     5.468 | SLOW    |     2.860 | FAST    |
A_i[2][1][5]   | C_o[2][1][6]   |     5.673 | SLOW    |     2.773 | FAST    |
A_i[2][1][5]   | C_o[2][1][7]   |     5.835 | SLOW    |     2.722 | FAST    |
A_i[2][1][5]   | C_o[2][1][8]   |     6.173 | SLOW    |     2.747 | FAST    |
A_i[2][1][5]   | C_o[2][2][5]   |     5.468 | SLOW    |     2.860 | FAST    |
A_i[2][1][5]   | C_o[2][2][6]   |     5.673 | SLOW    |     2.773 | FAST    |
A_i[2][1][5]   | C_o[2][2][7]   |     5.835 | SLOW    |     2.722 | FAST    |
A_i[2][1][5]   | C_o[2][2][8]   |     6.173 | SLOW    |     2.747 | FAST    |
A_i[2][1][5]   | C_o[2][3][5]   |     5.468 | SLOW    |     2.860 | FAST    |
A_i[2][1][5]   | C_o[2][3][6]   |     5.673 | SLOW    |     2.773 | FAST    |
A_i[2][1][5]   | C_o[2][3][7]   |     5.835 | SLOW    |     2.722 | FAST    |
A_i[2][1][5]   | C_o[2][3][8]   |     6.173 | SLOW    |     2.747 | FAST    |
A_i[2][1][6]   | C_o[2][0][6]   |     5.244 | SLOW    |     2.738 | FAST    |
A_i[2][1][6]   | C_o[2][0][7]   |     5.487 | SLOW    |     2.687 | FAST    |
A_i[2][1][6]   | C_o[2][0][8]   |     5.920 | SLOW    |     2.633 | FAST    |
A_i[2][1][6]   | C_o[2][1][6]   |     5.244 | SLOW    |     2.738 | FAST    |
A_i[2][1][6]   | C_o[2][1][7]   |     5.487 | SLOW    |     2.687 | FAST    |
A_i[2][1][6]   | C_o[2][1][8]   |     5.920 | SLOW    |     2.633 | FAST    |
A_i[2][1][6]   | C_o[2][2][6]   |     5.244 | SLOW    |     2.738 | FAST    |
A_i[2][1][6]   | C_o[2][2][7]   |     5.487 | SLOW    |     2.687 | FAST    |
A_i[2][1][6]   | C_o[2][2][8]   |     5.920 | SLOW    |     2.633 | FAST    |
A_i[2][1][6]   | C_o[2][3][6]   |     5.244 | SLOW    |     2.738 | FAST    |
A_i[2][1][6]   | C_o[2][3][7]   |     5.487 | SLOW    |     2.687 | FAST    |
A_i[2][1][6]   | C_o[2][3][8]   |     5.920 | SLOW    |     2.633 | FAST    |
A_i[2][1][7]   | C_o[2][0][7]   |     5.293 | SLOW    |     2.770 | FAST    |
A_i[2][1][7]   | C_o[2][0][8]   |     5.761 | SLOW    |     2.706 | FAST    |
A_i[2][1][7]   | C_o[2][1][7]   |     5.293 | SLOW    |     2.770 | FAST    |
A_i[2][1][7]   | C_o[2][1][8]   |     5.783 | SLOW    |     2.706 | FAST    |
A_i[2][1][7]   | C_o[2][2][7]   |     5.293 | SLOW    |     2.770 | FAST    |
A_i[2][1][7]   | C_o[2][2][8]   |     5.783 | SLOW    |     2.706 | FAST    |
A_i[2][1][7]   | C_o[2][3][7]   |     5.293 | SLOW    |     2.770 | FAST    |
A_i[2][1][7]   | C_o[2][3][8]   |     5.783 | SLOW    |     2.706 | FAST    |
A_i[2][1][8]   | C_o[2][0][8]   |     5.736 | SLOW    |     3.012 | FAST    |
A_i[2][1][8]   | C_o[2][1][8]   |     5.758 | SLOW    |     3.026 | FAST    |
A_i[2][1][8]   | C_o[2][2][8]   |     5.758 | SLOW    |     3.026 | FAST    |
A_i[2][1][8]   | C_o[2][3][8]   |     5.758 | SLOW    |     3.026 | FAST    |
A_i[2][2][0]   | C_o[2][0][0]   |     4.729 | SLOW    |     2.459 | FAST    |
A_i[2][2][0]   | C_o[2][0][1]   |     4.937 | SLOW    |     2.481 | FAST    |
A_i[2][2][0]   | C_o[2][0][2]   |     5.294 | SLOW    |     2.506 | FAST    |
A_i[2][2][0]   | C_o[2][0][3]   |     5.515 | SLOW    |     2.534 | FAST    |
A_i[2][2][0]   | C_o[2][0][4]   |     5.705 | SLOW    |     2.550 | FAST    |
A_i[2][2][0]   | C_o[2][0][5]   |     5.775 | SLOW    |     2.571 | FAST    |
A_i[2][2][0]   | C_o[2][0][6]   |     5.875 | SLOW    |     2.566 | FAST    |
A_i[2][2][0]   | C_o[2][0][7]   |     5.938 | SLOW    |     2.594 | FAST    |
A_i[2][2][0]   | C_o[2][0][8]   |     6.236 | SLOW    |     2.630 | FAST    |
A_i[2][2][0]   | C_o[2][1][0]   |     4.729 | SLOW    |     2.459 | FAST    |
A_i[2][2][0]   | C_o[2][1][1]   |     4.937 | SLOW    |     2.481 | FAST    |
A_i[2][2][0]   | C_o[2][1][2]   |     5.294 | SLOW    |     2.506 | FAST    |
A_i[2][2][0]   | C_o[2][1][3]   |     5.515 | SLOW    |     2.534 | FAST    |
A_i[2][2][0]   | C_o[2][1][4]   |     5.705 | SLOW    |     2.550 | FAST    |
A_i[2][2][0]   | C_o[2][1][5]   |     5.775 | SLOW    |     2.571 | FAST    |
A_i[2][2][0]   | C_o[2][1][6]   |     5.875 | SLOW    |     2.566 | FAST    |
A_i[2][2][0]   | C_o[2][1][7]   |     5.938 | SLOW    |     2.594 | FAST    |
A_i[2][2][0]   | C_o[2][1][8]   |     6.236 | SLOW    |     2.630 | FAST    |
A_i[2][2][0]   | C_o[2][2][0]   |     4.729 | SLOW    |     2.459 | FAST    |
A_i[2][2][0]   | C_o[2][2][1]   |     4.937 | SLOW    |     2.481 | FAST    |
A_i[2][2][0]   | C_o[2][2][2]   |     5.294 | SLOW    |     2.506 | FAST    |
A_i[2][2][0]   | C_o[2][2][3]   |     5.515 | SLOW    |     2.534 | FAST    |
A_i[2][2][0]   | C_o[2][2][4]   |     5.705 | SLOW    |     2.550 | FAST    |
A_i[2][2][0]   | C_o[2][2][5]   |     5.775 | SLOW    |     2.571 | FAST    |
A_i[2][2][0]   | C_o[2][2][6]   |     5.875 | SLOW    |     2.566 | FAST    |
A_i[2][2][0]   | C_o[2][2][7]   |     5.938 | SLOW    |     2.594 | FAST    |
A_i[2][2][0]   | C_o[2][2][8]   |     6.236 | SLOW    |     2.630 | FAST    |
A_i[2][2][0]   | C_o[2][3][0]   |     4.729 | SLOW    |     2.459 | FAST    |
A_i[2][2][0]   | C_o[2][3][1]   |     4.937 | SLOW    |     2.481 | FAST    |
A_i[2][2][0]   | C_o[2][3][2]   |     5.294 | SLOW    |     2.506 | FAST    |
A_i[2][2][0]   | C_o[2][3][3]   |     5.515 | SLOW    |     2.534 | FAST    |
A_i[2][2][0]   | C_o[2][3][4]   |     5.705 | SLOW    |     2.550 | FAST    |
A_i[2][2][0]   | C_o[2][3][5]   |     5.775 | SLOW    |     2.571 | FAST    |
A_i[2][2][0]   | C_o[2][3][6]   |     5.875 | SLOW    |     2.566 | FAST    |
A_i[2][2][0]   | C_o[2][3][7]   |     5.938 | SLOW    |     2.594 | FAST    |
A_i[2][2][0]   | C_o[2][3][8]   |     6.236 | SLOW    |     2.630 | FAST    |
A_i[2][2][1]   | C_o[2][0][1]   |     5.045 | SLOW    |     2.628 | FAST    |
A_i[2][2][1]   | C_o[2][0][2]   |     5.287 | SLOW    |     2.564 | FAST    |
A_i[2][2][1]   | C_o[2][0][3]   |     5.508 | SLOW    |     2.592 | FAST    |
A_i[2][2][1]   | C_o[2][0][4]   |     5.698 | SLOW    |     2.619 | FAST    |
A_i[2][2][1]   | C_o[2][0][5]   |     5.768 | SLOW    |     2.610 | FAST    |
A_i[2][2][1]   | C_o[2][0][6]   |     5.866 | SLOW    |     2.624 | FAST    |
A_i[2][2][1]   | C_o[2][0][7]   |     5.929 | SLOW    |     2.652 | FAST    |
A_i[2][2][1]   | C_o[2][0][8]   |     6.207 | SLOW    |     2.694 | FAST    |
A_i[2][2][1]   | C_o[2][1][1]   |     5.045 | SLOW    |     2.628 | FAST    |
A_i[2][2][1]   | C_o[2][1][2]   |     5.287 | SLOW    |     2.564 | FAST    |
A_i[2][2][1]   | C_o[2][1][3]   |     5.508 | SLOW    |     2.592 | FAST    |
A_i[2][2][1]   | C_o[2][1][4]   |     5.698 | SLOW    |     2.619 | FAST    |
A_i[2][2][1]   | C_o[2][1][5]   |     5.768 | SLOW    |     2.610 | FAST    |
A_i[2][2][1]   | C_o[2][1][6]   |     5.866 | SLOW    |     2.624 | FAST    |
A_i[2][2][1]   | C_o[2][1][7]   |     5.929 | SLOW    |     2.652 | FAST    |
A_i[2][2][1]   | C_o[2][1][8]   |     6.207 | SLOW    |     2.694 | FAST    |
A_i[2][2][1]   | C_o[2][2][1]   |     5.045 | SLOW    |     2.628 | FAST    |
A_i[2][2][1]   | C_o[2][2][2]   |     5.287 | SLOW    |     2.564 | FAST    |
A_i[2][2][1]   | C_o[2][2][3]   |     5.508 | SLOW    |     2.592 | FAST    |
A_i[2][2][1]   | C_o[2][2][4]   |     5.698 | SLOW    |     2.619 | FAST    |
A_i[2][2][1]   | C_o[2][2][5]   |     5.768 | SLOW    |     2.610 | FAST    |
A_i[2][2][1]   | C_o[2][2][6]   |     5.866 | SLOW    |     2.624 | FAST    |
A_i[2][2][1]   | C_o[2][2][7]   |     5.929 | SLOW    |     2.652 | FAST    |
A_i[2][2][1]   | C_o[2][2][8]   |     6.207 | SLOW    |     2.694 | FAST    |
A_i[2][2][1]   | C_o[2][3][1]   |     5.045 | SLOW    |     2.628 | FAST    |
A_i[2][2][1]   | C_o[2][3][2]   |     5.287 | SLOW    |     2.564 | FAST    |
A_i[2][2][1]   | C_o[2][3][3]   |     5.508 | SLOW    |     2.592 | FAST    |
A_i[2][2][1]   | C_o[2][3][4]   |     5.698 | SLOW    |     2.619 | FAST    |
A_i[2][2][1]   | C_o[2][3][5]   |     5.768 | SLOW    |     2.610 | FAST    |
A_i[2][2][1]   | C_o[2][3][6]   |     5.866 | SLOW    |     2.624 | FAST    |
A_i[2][2][1]   | C_o[2][3][7]   |     5.929 | SLOW    |     2.652 | FAST    |
A_i[2][2][1]   | C_o[2][3][8]   |     6.207 | SLOW    |     2.694 | FAST    |
A_i[2][2][2]   | C_o[2][0][2]   |     4.946 | SLOW    |     2.568 | FAST    |
A_i[2][2][2]   | C_o[2][0][3]   |     5.310 | SLOW    |     2.498 | FAST    |
A_i[2][2][2]   | C_o[2][0][4]   |     5.517 | SLOW    |     2.525 | FAST    |
A_i[2][2][2]   | C_o[2][0][5]   |     5.709 | SLOW    |     2.554 | FAST    |
A_i[2][2][2]   | C_o[2][0][6]   |     5.868 | SLOW    |     2.570 | FAST    |
A_i[2][2][2]   | C_o[2][0][7]   |     5.931 | SLOW    |     2.595 | FAST    |
A_i[2][2][2]   | C_o[2][0][8]   |     6.229 | SLOW    |     2.614 | FAST    |
A_i[2][2][2]   | C_o[2][1][2]   |     4.946 | SLOW    |     2.568 | FAST    |
A_i[2][2][2]   | C_o[2][1][3]   |     5.310 | SLOW    |     2.498 | FAST    |
A_i[2][2][2]   | C_o[2][1][4]   |     5.517 | SLOW    |     2.525 | FAST    |
A_i[2][2][2]   | C_o[2][1][5]   |     5.709 | SLOW    |     2.554 | FAST    |
A_i[2][2][2]   | C_o[2][1][6]   |     5.868 | SLOW    |     2.570 | FAST    |
A_i[2][2][2]   | C_o[2][1][7]   |     5.931 | SLOW    |     2.595 | FAST    |
A_i[2][2][2]   | C_o[2][1][8]   |     6.229 | SLOW    |     2.614 | FAST    |
A_i[2][2][2]   | C_o[2][2][2]   |     4.946 | SLOW    |     2.568 | FAST    |
A_i[2][2][2]   | C_o[2][2][3]   |     5.310 | SLOW    |     2.498 | FAST    |
A_i[2][2][2]   | C_o[2][2][4]   |     5.517 | SLOW    |     2.525 | FAST    |
A_i[2][2][2]   | C_o[2][2][5]   |     5.709 | SLOW    |     2.554 | FAST    |
A_i[2][2][2]   | C_o[2][2][6]   |     5.868 | SLOW    |     2.570 | FAST    |
A_i[2][2][2]   | C_o[2][2][7]   |     5.931 | SLOW    |     2.595 | FAST    |
A_i[2][2][2]   | C_o[2][2][8]   |     6.229 | SLOW    |     2.614 | FAST    |
A_i[2][2][2]   | C_o[2][3][2]   |     4.946 | SLOW    |     2.568 | FAST    |
A_i[2][2][2]   | C_o[2][3][3]   |     5.310 | SLOW    |     2.498 | FAST    |
A_i[2][2][2]   | C_o[2][3][4]   |     5.517 | SLOW    |     2.525 | FAST    |
A_i[2][2][2]   | C_o[2][3][5]   |     5.709 | SLOW    |     2.554 | FAST    |
A_i[2][2][2]   | C_o[2][3][6]   |     5.868 | SLOW    |     2.570 | FAST    |
A_i[2][2][2]   | C_o[2][3][7]   |     5.931 | SLOW    |     2.595 | FAST    |
A_i[2][2][2]   | C_o[2][3][8]   |     6.229 | SLOW    |     2.614 | FAST    |
A_i[2][2][3]   | C_o[2][0][3]   |     5.068 | SLOW    |     2.640 | FAST    |
A_i[2][2][3]   | C_o[2][0][4]   |     5.314 | SLOW    |     2.557 | FAST    |
A_i[2][2][3]   | C_o[2][0][5]   |     5.521 | SLOW    |     2.586 | FAST    |
A_i[2][2][3]   | C_o[2][0][6]   |     5.721 | SLOW    |     2.604 | FAST    |
A_i[2][2][3]   | C_o[2][0][7]   |     5.883 | SLOW    |     2.632 | FAST    |
A_i[2][2][3]   | C_o[2][0][8]   |     6.221 | SLOW    |     2.675 | FAST    |
A_i[2][2][3]   | C_o[2][1][3]   |     5.068 | SLOW    |     2.640 | FAST    |
A_i[2][2][3]   | C_o[2][1][4]   |     5.314 | SLOW    |     2.557 | FAST    |
A_i[2][2][3]   | C_o[2][1][5]   |     5.521 | SLOW    |     2.586 | FAST    |
A_i[2][2][3]   | C_o[2][1][6]   |     5.721 | SLOW    |     2.604 | FAST    |
A_i[2][2][3]   | C_o[2][1][7]   |     5.883 | SLOW    |     2.632 | FAST    |
A_i[2][2][3]   | C_o[2][1][8]   |     6.221 | SLOW    |     2.675 | FAST    |
A_i[2][2][3]   | C_o[2][2][3]   |     5.068 | SLOW    |     2.640 | FAST    |
A_i[2][2][3]   | C_o[2][2][4]   |     5.314 | SLOW    |     2.557 | FAST    |
A_i[2][2][3]   | C_o[2][2][5]   |     5.521 | SLOW    |     2.586 | FAST    |
A_i[2][2][3]   | C_o[2][2][6]   |     5.721 | SLOW    |     2.604 | FAST    |
A_i[2][2][3]   | C_o[2][2][7]   |     5.883 | SLOW    |     2.632 | FAST    |
A_i[2][2][3]   | C_o[2][2][8]   |     6.221 | SLOW    |     2.675 | FAST    |
A_i[2][2][3]   | C_o[2][3][3]   |     5.068 | SLOW    |     2.640 | FAST    |
A_i[2][2][3]   | C_o[2][3][4]   |     5.314 | SLOW    |     2.557 | FAST    |
A_i[2][2][3]   | C_o[2][3][5]   |     5.521 | SLOW    |     2.586 | FAST    |
A_i[2][2][3]   | C_o[2][3][6]   |     5.721 | SLOW    |     2.604 | FAST    |
A_i[2][2][3]   | C_o[2][3][7]   |     5.883 | SLOW    |     2.632 | FAST    |
A_i[2][2][3]   | C_o[2][3][8]   |     6.221 | SLOW    |     2.675 | FAST    |
A_i[2][2][4]   | C_o[2][0][4]   |     5.298 | SLOW    |     2.765 | FAST    |
A_i[2][2][4]   | C_o[2][0][5]   |     5.692 | SLOW    |     2.684 | FAST    |
A_i[2][2][4]   | C_o[2][0][6]   |     5.897 | SLOW    |     2.658 | FAST    |
A_i[2][2][4]   | C_o[2][0][7]   |     6.059 | SLOW    |     2.686 | FAST    |
A_i[2][2][4]   | C_o[2][0][8]   |     6.397 | SLOW    |     2.748 | FAST    |
A_i[2][2][4]   | C_o[2][1][4]   |     5.298 | SLOW    |     2.765 | FAST    |
A_i[2][2][4]   | C_o[2][1][5]   |     5.723 | SLOW    |     2.684 | FAST    |
A_i[2][2][4]   | C_o[2][1][6]   |     5.928 | SLOW    |     2.658 | FAST    |
A_i[2][2][4]   | C_o[2][1][7]   |     6.090 | SLOW    |     2.686 | FAST    |
A_i[2][2][4]   | C_o[2][1][8]   |     6.428 | SLOW    |     2.748 | FAST    |
A_i[2][2][4]   | C_o[2][2][4]   |     5.298 | SLOW    |     2.765 | FAST    |
A_i[2][2][4]   | C_o[2][2][5]   |     5.692 | SLOW    |     2.684 | FAST    |
A_i[2][2][4]   | C_o[2][2][6]   |     5.897 | SLOW    |     2.658 | FAST    |
A_i[2][2][4]   | C_o[2][2][7]   |     6.059 | SLOW    |     2.686 | FAST    |
A_i[2][2][4]   | C_o[2][2][8]   |     6.397 | SLOW    |     2.748 | FAST    |
A_i[2][2][4]   | C_o[2][3][4]   |     5.298 | SLOW    |     2.765 | FAST    |
A_i[2][2][4]   | C_o[2][3][5]   |     5.723 | SLOW    |     2.684 | FAST    |
A_i[2][2][4]   | C_o[2][3][6]   |     5.928 | SLOW    |     2.658 | FAST    |
A_i[2][2][4]   | C_o[2][3][7]   |     6.090 | SLOW    |     2.686 | FAST    |
A_i[2][2][4]   | C_o[2][3][8]   |     6.428 | SLOW    |     2.748 | FAST    |
A_i[2][2][5]   | C_o[2][0][5]   |     5.483 | SLOW    |     2.864 | FAST    |
A_i[2][2][5]   | C_o[2][0][6]   |     5.688 | SLOW    |     2.777 | FAST    |
A_i[2][2][5]   | C_o[2][0][7]   |     5.850 | SLOW    |     2.722 | FAST    |
A_i[2][2][5]   | C_o[2][0][8]   |     6.188 | SLOW    |     2.747 | FAST    |
A_i[2][2][5]   | C_o[2][1][5]   |     5.483 | SLOW    |     2.864 | FAST    |
A_i[2][2][5]   | C_o[2][1][6]   |     5.688 | SLOW    |     2.777 | FAST    |
A_i[2][2][5]   | C_o[2][1][7]   |     5.850 | SLOW    |     2.722 | FAST    |
A_i[2][2][5]   | C_o[2][1][8]   |     6.188 | SLOW    |     2.747 | FAST    |
A_i[2][2][5]   | C_o[2][2][5]   |     5.483 | SLOW    |     2.864 | FAST    |
A_i[2][2][5]   | C_o[2][2][6]   |     5.688 | SLOW    |     2.777 | FAST    |
A_i[2][2][5]   | C_o[2][2][7]   |     5.850 | SLOW    |     2.722 | FAST    |
A_i[2][2][5]   | C_o[2][2][8]   |     6.188 | SLOW    |     2.747 | FAST    |
A_i[2][2][5]   | C_o[2][3][5]   |     5.483 | SLOW    |     2.864 | FAST    |
A_i[2][2][5]   | C_o[2][3][6]   |     5.688 | SLOW    |     2.777 | FAST    |
A_i[2][2][5]   | C_o[2][3][7]   |     5.850 | SLOW    |     2.722 | FAST    |
A_i[2][2][5]   | C_o[2][3][8]   |     6.188 | SLOW    |     2.747 | FAST    |
A_i[2][2][6]   | C_o[2][0][6]   |     5.259 | SLOW    |     2.742 | FAST    |
A_i[2][2][6]   | C_o[2][0][7]   |     5.502 | SLOW    |     2.687 | FAST    |
A_i[2][2][6]   | C_o[2][0][8]   |     5.905 | SLOW    |     2.633 | FAST    |
A_i[2][2][6]   | C_o[2][1][6]   |     5.259 | SLOW    |     2.742 | FAST    |
A_i[2][2][6]   | C_o[2][1][7]   |     5.502 | SLOW    |     2.687 | FAST    |
A_i[2][2][6]   | C_o[2][1][8]   |     5.905 | SLOW    |     2.633 | FAST    |
A_i[2][2][6]   | C_o[2][2][6]   |     5.259 | SLOW    |     2.742 | FAST    |
A_i[2][2][6]   | C_o[2][2][7]   |     5.502 | SLOW    |     2.687 | FAST    |
A_i[2][2][6]   | C_o[2][2][8]   |     5.905 | SLOW    |     2.633 | FAST    |
A_i[2][2][6]   | C_o[2][3][6]   |     5.259 | SLOW    |     2.742 | FAST    |
A_i[2][2][6]   | C_o[2][3][7]   |     5.502 | SLOW    |     2.687 | FAST    |
A_i[2][2][6]   | C_o[2][3][8]   |     5.905 | SLOW    |     2.633 | FAST    |
A_i[2][2][7]   | C_o[2][0][7]   |     5.308 | SLOW    |     2.774 | FAST    |
A_i[2][2][7]   | C_o[2][0][8]   |     5.746 | SLOW    |     2.706 | FAST    |
A_i[2][2][7]   | C_o[2][1][7]   |     5.308 | SLOW    |     2.774 | FAST    |
A_i[2][2][7]   | C_o[2][1][8]   |     5.746 | SLOW    |     2.706 | FAST    |
A_i[2][2][7]   | C_o[2][2][7]   |     5.308 | SLOW    |     2.774 | FAST    |
A_i[2][2][7]   | C_o[2][2][8]   |     5.746 | SLOW    |     2.706 | FAST    |
A_i[2][2][7]   | C_o[2][3][7]   |     5.308 | SLOW    |     2.774 | FAST    |
A_i[2][2][7]   | C_o[2][3][8]   |     5.746 | SLOW    |     2.706 | FAST    |
A_i[2][2][8]   | C_o[2][0][8]   |     5.721 | SLOW    |     3.008 | FAST    |
A_i[2][2][8]   | C_o[2][1][8]   |     5.721 | SLOW    |     3.008 | FAST    |
A_i[2][2][8]   | C_o[2][2][8]   |     5.721 | SLOW    |     3.008 | FAST    |
A_i[2][2][8]   | C_o[2][3][8]   |     5.721 | SLOW    |     3.008 | FAST    |
A_i[2][3][0]   | C_o[2][0][0]   |     4.777 | SLOW    |     2.481 | FAST    |
A_i[2][3][0]   | C_o[2][0][1]   |     4.952 | SLOW    |     2.401 | FAST    |
A_i[2][3][0]   | C_o[2][0][2]   |     5.279 | SLOW    |     2.446 | FAST    |
A_i[2][3][0]   | C_o[2][0][3]   |     5.500 | SLOW    |     2.474 | FAST    |
A_i[2][3][0]   | C_o[2][0][4]   |     5.690 | SLOW    |     2.468 | FAST    |
A_i[2][3][0]   | C_o[2][0][5]   |     5.760 | SLOW    |     2.496 | FAST    |
A_i[2][3][0]   | C_o[2][0][6]   |     5.860 | SLOW    |     2.484 | FAST    |
A_i[2][3][0]   | C_o[2][0][7]   |     5.923 | SLOW    |     2.512 | FAST    |
A_i[2][3][0]   | C_o[2][0][8]   |     6.221 | SLOW    |     2.571 | FAST    |
A_i[2][3][0]   | C_o[2][1][0]   |     4.777 | SLOW    |     2.481 | FAST    |
A_i[2][3][0]   | C_o[2][1][1]   |     4.952 | SLOW    |     2.401 | FAST    |
A_i[2][3][0]   | C_o[2][1][2]   |     5.279 | SLOW    |     2.446 | FAST    |
A_i[2][3][0]   | C_o[2][1][3]   |     5.500 | SLOW    |     2.474 | FAST    |
A_i[2][3][0]   | C_o[2][1][4]   |     5.690 | SLOW    |     2.468 | FAST    |
A_i[2][3][0]   | C_o[2][1][5]   |     5.760 | SLOW    |     2.496 | FAST    |
A_i[2][3][0]   | C_o[2][1][6]   |     5.860 | SLOW    |     2.484 | FAST    |
A_i[2][3][0]   | C_o[2][1][7]   |     5.923 | SLOW    |     2.512 | FAST    |
A_i[2][3][0]   | C_o[2][1][8]   |     6.221 | SLOW    |     2.571 | FAST    |
A_i[2][3][0]   | C_o[2][2][0]   |     4.777 | SLOW    |     2.481 | FAST    |
A_i[2][3][0]   | C_o[2][2][1]   |     4.952 | SLOW    |     2.401 | FAST    |
A_i[2][3][0]   | C_o[2][2][2]   |     5.279 | SLOW    |     2.446 | FAST    |
A_i[2][3][0]   | C_o[2][2][3]   |     5.500 | SLOW    |     2.474 | FAST    |
A_i[2][3][0]   | C_o[2][2][4]   |     5.690 | SLOW    |     2.468 | FAST    |
A_i[2][3][0]   | C_o[2][2][5]   |     5.760 | SLOW    |     2.496 | FAST    |
A_i[2][3][0]   | C_o[2][2][6]   |     5.860 | SLOW    |     2.484 | FAST    |
A_i[2][3][0]   | C_o[2][2][7]   |     5.923 | SLOW    |     2.512 | FAST    |
A_i[2][3][0]   | C_o[2][2][8]   |     6.221 | SLOW    |     2.571 | FAST    |
A_i[2][3][0]   | C_o[2][3][0]   |     4.777 | SLOW    |     2.481 | FAST    |
A_i[2][3][0]   | C_o[2][3][1]   |     4.952 | SLOW    |     2.401 | FAST    |
A_i[2][3][0]   | C_o[2][3][2]   |     5.279 | SLOW    |     2.446 | FAST    |
A_i[2][3][0]   | C_o[2][3][3]   |     5.500 | SLOW    |     2.474 | FAST    |
A_i[2][3][0]   | C_o[2][3][4]   |     5.690 | SLOW    |     2.468 | FAST    |
A_i[2][3][0]   | C_o[2][3][5]   |     5.760 | SLOW    |     2.496 | FAST    |
A_i[2][3][0]   | C_o[2][3][6]   |     5.860 | SLOW    |     2.484 | FAST    |
A_i[2][3][0]   | C_o[2][3][7]   |     5.923 | SLOW    |     2.512 | FAST    |
A_i[2][3][0]   | C_o[2][3][8]   |     6.221 | SLOW    |     2.571 | FAST    |
A_i[2][3][1]   | C_o[2][0][1]   |     5.060 | SLOW    |     2.632 | FAST    |
A_i[2][3][1]   | C_o[2][0][2]   |     5.272 | SLOW    |     2.564 | FAST    |
A_i[2][3][1]   | C_o[2][0][3]   |     5.493 | SLOW    |     2.592 | FAST    |
A_i[2][3][1]   | C_o[2][0][4]   |     5.683 | SLOW    |     2.619 | FAST    |
A_i[2][3][1]   | C_o[2][0][5]   |     5.753 | SLOW    |     2.614 | FAST    |
A_i[2][3][1]   | C_o[2][0][6]   |     5.851 | SLOW    |     2.628 | FAST    |
A_i[2][3][1]   | C_o[2][0][7]   |     5.914 | SLOW    |     2.656 | FAST    |
A_i[2][3][1]   | C_o[2][0][8]   |     6.192 | SLOW    |     2.696 | FAST    |
A_i[2][3][1]   | C_o[2][1][1]   |     5.060 | SLOW    |     2.632 | FAST    |
A_i[2][3][1]   | C_o[2][1][2]   |     5.272 | SLOW    |     2.564 | FAST    |
A_i[2][3][1]   | C_o[2][1][3]   |     5.493 | SLOW    |     2.592 | FAST    |
A_i[2][3][1]   | C_o[2][1][4]   |     5.683 | SLOW    |     2.619 | FAST    |
A_i[2][3][1]   | C_o[2][1][5]   |     5.753 | SLOW    |     2.614 | FAST    |
A_i[2][3][1]   | C_o[2][1][6]   |     5.851 | SLOW    |     2.628 | FAST    |
A_i[2][3][1]   | C_o[2][1][7]   |     5.914 | SLOW    |     2.656 | FAST    |
A_i[2][3][1]   | C_o[2][1][8]   |     6.192 | SLOW    |     2.696 | FAST    |
A_i[2][3][1]   | C_o[2][2][1]   |     5.060 | SLOW    |     2.632 | FAST    |
A_i[2][3][1]   | C_o[2][2][2]   |     5.272 | SLOW    |     2.564 | FAST    |
A_i[2][3][1]   | C_o[2][2][3]   |     5.493 | SLOW    |     2.592 | FAST    |
A_i[2][3][1]   | C_o[2][2][4]   |     5.683 | SLOW    |     2.619 | FAST    |
A_i[2][3][1]   | C_o[2][2][5]   |     5.753 | SLOW    |     2.614 | FAST    |
A_i[2][3][1]   | C_o[2][2][6]   |     5.851 | SLOW    |     2.628 | FAST    |
A_i[2][3][1]   | C_o[2][2][7]   |     5.914 | SLOW    |     2.656 | FAST    |
A_i[2][3][1]   | C_o[2][2][8]   |     6.192 | SLOW    |     2.696 | FAST    |
A_i[2][3][1]   | C_o[2][3][1]   |     5.060 | SLOW    |     2.632 | FAST    |
A_i[2][3][1]   | C_o[2][3][2]   |     5.272 | SLOW    |     2.564 | FAST    |
A_i[2][3][1]   | C_o[2][3][3]   |     5.493 | SLOW    |     2.592 | FAST    |
A_i[2][3][1]   | C_o[2][3][4]   |     5.683 | SLOW    |     2.619 | FAST    |
A_i[2][3][1]   | C_o[2][3][5]   |     5.753 | SLOW    |     2.614 | FAST    |
A_i[2][3][1]   | C_o[2][3][6]   |     5.851 | SLOW    |     2.628 | FAST    |
A_i[2][3][1]   | C_o[2][3][7]   |     5.914 | SLOW    |     2.656 | FAST    |
A_i[2][3][1]   | C_o[2][3][8]   |     6.192 | SLOW    |     2.696 | FAST    |
A_i[2][3][2]   | C_o[2][0][2]   |     4.931 | SLOW    |     2.564 | FAST    |
A_i[2][3][2]   | C_o[2][0][3]   |     5.295 | SLOW    |     2.502 | FAST    |
A_i[2][3][2]   | C_o[2][0][4]   |     5.502 | SLOW    |     2.529 | FAST    |
A_i[2][3][2]   | C_o[2][0][5]   |     5.694 | SLOW    |     2.558 | FAST    |
A_i[2][3][2]   | C_o[2][0][6]   |     5.853 | SLOW    |     2.574 | FAST    |
A_i[2][3][2]   | C_o[2][0][7]   |     5.916 | SLOW    |     2.593 | FAST    |
A_i[2][3][2]   | C_o[2][0][8]   |     6.214 | SLOW    |     2.616 | FAST    |
A_i[2][3][2]   | C_o[2][1][2]   |     4.931 | SLOW    |     2.564 | FAST    |
A_i[2][3][2]   | C_o[2][1][3]   |     5.295 | SLOW    |     2.502 | FAST    |
A_i[2][3][2]   | C_o[2][1][4]   |     5.502 | SLOW    |     2.529 | FAST    |
A_i[2][3][2]   | C_o[2][1][5]   |     5.694 | SLOW    |     2.558 | FAST    |
A_i[2][3][2]   | C_o[2][1][6]   |     5.853 | SLOW    |     2.574 | FAST    |
A_i[2][3][2]   | C_o[2][1][7]   |     5.916 | SLOW    |     2.593 | FAST    |
A_i[2][3][2]   | C_o[2][1][8]   |     6.214 | SLOW    |     2.616 | FAST    |
A_i[2][3][2]   | C_o[2][2][2]   |     4.931 | SLOW    |     2.564 | FAST    |
A_i[2][3][2]   | C_o[2][2][3]   |     5.295 | SLOW    |     2.502 | FAST    |
A_i[2][3][2]   | C_o[2][2][4]   |     5.502 | SLOW    |     2.529 | FAST    |
A_i[2][3][2]   | C_o[2][2][5]   |     5.694 | SLOW    |     2.558 | FAST    |
A_i[2][3][2]   | C_o[2][2][6]   |     5.853 | SLOW    |     2.574 | FAST    |
A_i[2][3][2]   | C_o[2][2][7]   |     5.916 | SLOW    |     2.593 | FAST    |
A_i[2][3][2]   | C_o[2][2][8]   |     6.214 | SLOW    |     2.616 | FAST    |
A_i[2][3][2]   | C_o[2][3][2]   |     4.931 | SLOW    |     2.564 | FAST    |
A_i[2][3][2]   | C_o[2][3][3]   |     5.295 | SLOW    |     2.502 | FAST    |
A_i[2][3][2]   | C_o[2][3][4]   |     5.502 | SLOW    |     2.529 | FAST    |
A_i[2][3][2]   | C_o[2][3][5]   |     5.694 | SLOW    |     2.558 | FAST    |
A_i[2][3][2]   | C_o[2][3][6]   |     5.853 | SLOW    |     2.574 | FAST    |
A_i[2][3][2]   | C_o[2][3][7]   |     5.916 | SLOW    |     2.593 | FAST    |
A_i[2][3][2]   | C_o[2][3][8]   |     6.214 | SLOW    |     2.616 | FAST    |
A_i[2][3][3]   | C_o[2][0][3]   |     5.053 | SLOW    |     2.636 | FAST    |
A_i[2][3][3]   | C_o[2][0][4]   |     5.299 | SLOW    |     2.561 | FAST    |
A_i[2][3][3]   | C_o[2][0][5]   |     5.506 | SLOW    |     2.590 | FAST    |
A_i[2][3][3]   | C_o[2][0][6]   |     5.706 | SLOW    |     2.608 | FAST    |
A_i[2][3][3]   | C_o[2][0][7]   |     5.868 | SLOW    |     2.636 | FAST    |
A_i[2][3][3]   | C_o[2][0][8]   |     6.206 | SLOW    |     2.677 | FAST    |
A_i[2][3][3]   | C_o[2][1][3]   |     5.053 | SLOW    |     2.636 | FAST    |
A_i[2][3][3]   | C_o[2][1][4]   |     5.299 | SLOW    |     2.561 | FAST    |
A_i[2][3][3]   | C_o[2][1][5]   |     5.506 | SLOW    |     2.590 | FAST    |
A_i[2][3][3]   | C_o[2][1][6]   |     5.706 | SLOW    |     2.608 | FAST    |
A_i[2][3][3]   | C_o[2][1][7]   |     5.868 | SLOW    |     2.636 | FAST    |
A_i[2][3][3]   | C_o[2][1][8]   |     6.206 | SLOW    |     2.677 | FAST    |
A_i[2][3][3]   | C_o[2][2][3]   |     5.053 | SLOW    |     2.636 | FAST    |
A_i[2][3][3]   | C_o[2][2][4]   |     5.299 | SLOW    |     2.561 | FAST    |
A_i[2][3][3]   | C_o[2][2][5]   |     5.506 | SLOW    |     2.590 | FAST    |
A_i[2][3][3]   | C_o[2][2][6]   |     5.706 | SLOW    |     2.608 | FAST    |
A_i[2][3][3]   | C_o[2][2][7]   |     5.868 | SLOW    |     2.636 | FAST    |
A_i[2][3][3]   | C_o[2][2][8]   |     6.206 | SLOW    |     2.677 | FAST    |
A_i[2][3][3]   | C_o[2][3][3]   |     5.053 | SLOW    |     2.636 | FAST    |
A_i[2][3][3]   | C_o[2][3][4]   |     5.299 | SLOW    |     2.561 | FAST    |
A_i[2][3][3]   | C_o[2][3][5]   |     5.506 | SLOW    |     2.590 | FAST    |
A_i[2][3][3]   | C_o[2][3][6]   |     5.706 | SLOW    |     2.608 | FAST    |
A_i[2][3][3]   | C_o[2][3][7]   |     5.868 | SLOW    |     2.636 | FAST    |
A_i[2][3][3]   | C_o[2][3][8]   |     6.206 | SLOW    |     2.677 | FAST    |
A_i[2][3][4]   | C_o[2][0][4]   |     5.283 | SLOW    |     2.761 | FAST    |
A_i[2][3][4]   | C_o[2][0][5]   |     5.677 | SLOW    |     2.688 | FAST    |
A_i[2][3][4]   | C_o[2][0][6]   |     5.882 | SLOW    |     2.662 | FAST    |
A_i[2][3][4]   | C_o[2][0][7]   |     6.044 | SLOW    |     2.690 | FAST    |
A_i[2][3][4]   | C_o[2][0][8]   |     6.382 | SLOW    |     2.750 | FAST    |
A_i[2][3][4]   | C_o[2][1][4]   |     5.283 | SLOW    |     2.761 | FAST    |
A_i[2][3][4]   | C_o[2][1][5]   |     5.708 | SLOW    |     2.688 | FAST    |
A_i[2][3][4]   | C_o[2][1][6]   |     5.913 | SLOW    |     2.662 | FAST    |
A_i[2][3][4]   | C_o[2][1][7]   |     6.075 | SLOW    |     2.690 | FAST    |
A_i[2][3][4]   | C_o[2][1][8]   |     6.413 | SLOW    |     2.750 | FAST    |
A_i[2][3][4]   | C_o[2][2][4]   |     5.283 | SLOW    |     2.761 | FAST    |
A_i[2][3][4]   | C_o[2][2][5]   |     5.677 | SLOW    |     2.688 | FAST    |
A_i[2][3][4]   | C_o[2][2][6]   |     5.882 | SLOW    |     2.662 | FAST    |
A_i[2][3][4]   | C_o[2][2][7]   |     6.044 | SLOW    |     2.690 | FAST    |
A_i[2][3][4]   | C_o[2][2][8]   |     6.382 | SLOW    |     2.750 | FAST    |
A_i[2][3][4]   | C_o[2][3][4]   |     5.283 | SLOW    |     2.761 | FAST    |
A_i[2][3][4]   | C_o[2][3][5]   |     5.708 | SLOW    |     2.688 | FAST    |
A_i[2][3][4]   | C_o[2][3][6]   |     5.913 | SLOW    |     2.662 | FAST    |
A_i[2][3][4]   | C_o[2][3][7]   |     6.075 | SLOW    |     2.690 | FAST    |
A_i[2][3][4]   | C_o[2][3][8]   |     6.413 | SLOW    |     2.750 | FAST    |
A_i[2][3][5]   | C_o[2][0][5]   |     5.468 | SLOW    |     2.860 | FAST    |
A_i[2][3][5]   | C_o[2][0][6]   |     5.673 | SLOW    |     2.773 | FAST    |
A_i[2][3][5]   | C_o[2][0][7]   |     5.835 | SLOW    |     2.720 | FAST    |
A_i[2][3][5]   | C_o[2][0][8]   |     6.173 | SLOW    |     2.749 | FAST    |
A_i[2][3][5]   | C_o[2][1][5]   |     5.468 | SLOW    |     2.860 | FAST    |
A_i[2][3][5]   | C_o[2][1][6]   |     5.673 | SLOW    |     2.773 | FAST    |
A_i[2][3][5]   | C_o[2][1][7]   |     5.835 | SLOW    |     2.720 | FAST    |
A_i[2][3][5]   | C_o[2][1][8]   |     6.173 | SLOW    |     2.749 | FAST    |
A_i[2][3][5]   | C_o[2][2][5]   |     5.468 | SLOW    |     2.860 | FAST    |
A_i[2][3][5]   | C_o[2][2][6]   |     5.673 | SLOW    |     2.773 | FAST    |
A_i[2][3][5]   | C_o[2][2][7]   |     5.835 | SLOW    |     2.720 | FAST    |
A_i[2][3][5]   | C_o[2][2][8]   |     6.173 | SLOW    |     2.749 | FAST    |
A_i[2][3][5]   | C_o[2][3][5]   |     5.468 | SLOW    |     2.860 | FAST    |
A_i[2][3][5]   | C_o[2][3][6]   |     5.673 | SLOW    |     2.773 | FAST    |
A_i[2][3][5]   | C_o[2][3][7]   |     5.835 | SLOW    |     2.720 | FAST    |
A_i[2][3][5]   | C_o[2][3][8]   |     6.173 | SLOW    |     2.749 | FAST    |
A_i[2][3][6]   | C_o[2][0][6]   |     5.244 | SLOW    |     2.738 | FAST    |
A_i[2][3][6]   | C_o[2][0][7]   |     5.487 | SLOW    |     2.685 | FAST    |
A_i[2][3][6]   | C_o[2][0][8]   |     5.920 | SLOW    |     2.635 | FAST    |
A_i[2][3][6]   | C_o[2][1][6]   |     5.244 | SLOW    |     2.738 | FAST    |
A_i[2][3][6]   | C_o[2][1][7]   |     5.487 | SLOW    |     2.685 | FAST    |
A_i[2][3][6]   | C_o[2][1][8]   |     5.920 | SLOW    |     2.635 | FAST    |
A_i[2][3][6]   | C_o[2][2][6]   |     5.244 | SLOW    |     2.738 | FAST    |
A_i[2][3][6]   | C_o[2][2][7]   |     5.487 | SLOW    |     2.685 | FAST    |
A_i[2][3][6]   | C_o[2][2][8]   |     5.920 | SLOW    |     2.635 | FAST    |
A_i[2][3][6]   | C_o[2][3][6]   |     5.244 | SLOW    |     2.738 | FAST    |
A_i[2][3][6]   | C_o[2][3][7]   |     5.487 | SLOW    |     2.685 | FAST    |
A_i[2][3][6]   | C_o[2][3][8]   |     5.920 | SLOW    |     2.635 | FAST    |
A_i[2][3][7]   | C_o[2][0][7]   |     5.293 | SLOW    |     2.770 | FAST    |
A_i[2][3][7]   | C_o[2][0][8]   |     5.761 | SLOW    |     2.708 | FAST    |
A_i[2][3][7]   | C_o[2][1][7]   |     5.293 | SLOW    |     2.770 | FAST    |
A_i[2][3][7]   | C_o[2][1][8]   |     5.783 | SLOW    |     2.708 | FAST    |
A_i[2][3][7]   | C_o[2][2][7]   |     5.293 | SLOW    |     2.770 | FAST    |
A_i[2][3][7]   | C_o[2][2][8]   |     5.783 | SLOW    |     2.708 | FAST    |
A_i[2][3][7]   | C_o[2][3][7]   |     5.293 | SLOW    |     2.770 | FAST    |
A_i[2][3][7]   | C_o[2][3][8]   |     5.783 | SLOW    |     2.708 | FAST    |
A_i[2][3][8]   | C_o[2][0][8]   |     5.736 | SLOW    |     3.012 | FAST    |
A_i[2][3][8]   | C_o[2][1][8]   |     5.758 | SLOW    |     3.026 | FAST    |
A_i[2][3][8]   | C_o[2][2][8]   |     5.758 | SLOW    |     3.026 | FAST    |
A_i[2][3][8]   | C_o[2][3][8]   |     5.758 | SLOW    |     3.026 | FAST    |
A_i[3][0][0]   | C_o[3][0][0]   |     4.618 | SLOW    |     2.395 | FAST    |
A_i[3][0][0]   | C_o[3][0][1]   |     4.925 | SLOW    |     2.422 | FAST    |
A_i[3][0][0]   | C_o[3][0][2]   |     5.114 | SLOW    |     2.464 | FAST    |
A_i[3][0][0]   | C_o[3][0][3]   |     5.309 | SLOW    |     2.492 | FAST    |
A_i[3][0][0]   | C_o[3][0][4]   |     5.499 | SLOW    |     2.486 | FAST    |
A_i[3][0][0]   | C_o[3][0][5]   |     5.569 | SLOW    |     2.514 | FAST    |
A_i[3][0][0]   | C_o[3][0][6]   |     5.669 | SLOW    |     2.502 | FAST    |
A_i[3][0][0]   | C_o[3][0][7]   |     5.732 | SLOW    |     2.530 | FAST    |
A_i[3][0][0]   | C_o[3][0][8]   |     6.166 | SLOW    |     2.569 | FAST    |
A_i[3][0][0]   | C_o[3][1][0]   |     4.618 | SLOW    |     2.395 | FAST    |
A_i[3][0][0]   | C_o[3][1][1]   |     4.925 | SLOW    |     2.422 | FAST    |
A_i[3][0][0]   | C_o[3][1][2]   |     5.114 | SLOW    |     2.464 | FAST    |
A_i[3][0][0]   | C_o[3][1][3]   |     5.309 | SLOW    |     2.492 | FAST    |
A_i[3][0][0]   | C_o[3][1][4]   |     5.499 | SLOW    |     2.486 | FAST    |
A_i[3][0][0]   | C_o[3][1][5]   |     5.569 | SLOW    |     2.514 | FAST    |
A_i[3][0][0]   | C_o[3][1][6]   |     5.669 | SLOW    |     2.502 | FAST    |
A_i[3][0][0]   | C_o[3][1][7]   |     5.732 | SLOW    |     2.530 | FAST    |
A_i[3][0][0]   | C_o[3][1][8]   |     6.166 | SLOW    |     2.569 | FAST    |
A_i[3][0][0]   | C_o[3][2][0]   |     4.618 | SLOW    |     2.395 | FAST    |
A_i[3][0][0]   | C_o[3][2][1]   |     4.925 | SLOW    |     2.422 | FAST    |
A_i[3][0][0]   | C_o[3][2][2]   |     5.114 | SLOW    |     2.464 | FAST    |
A_i[3][0][0]   | C_o[3][2][3]   |     5.309 | SLOW    |     2.492 | FAST    |
A_i[3][0][0]   | C_o[3][2][4]   |     5.499 | SLOW    |     2.486 | FAST    |
A_i[3][0][0]   | C_o[3][2][5]   |     5.569 | SLOW    |     2.514 | FAST    |
A_i[3][0][0]   | C_o[3][2][6]   |     5.669 | SLOW    |     2.502 | FAST    |
A_i[3][0][0]   | C_o[3][2][7]   |     5.732 | SLOW    |     2.530 | FAST    |
A_i[3][0][0]   | C_o[3][2][8]   |     6.166 | SLOW    |     2.569 | FAST    |
A_i[3][0][0]   | C_o[3][3][0]   |     4.618 | SLOW    |     2.395 | FAST    |
A_i[3][0][0]   | C_o[3][3][1]   |     4.925 | SLOW    |     2.422 | FAST    |
A_i[3][0][0]   | C_o[3][3][2]   |     5.114 | SLOW    |     2.464 | FAST    |
A_i[3][0][0]   | C_o[3][3][3]   |     5.309 | SLOW    |     2.492 | FAST    |
A_i[3][0][0]   | C_o[3][3][4]   |     5.499 | SLOW    |     2.486 | FAST    |
A_i[3][0][0]   | C_o[3][3][5]   |     5.569 | SLOW    |     2.514 | FAST    |
A_i[3][0][0]   | C_o[3][3][6]   |     5.669 | SLOW    |     2.502 | FAST    |
A_i[3][0][0]   | C_o[3][3][7]   |     5.732 | SLOW    |     2.530 | FAST    |
A_i[3][0][0]   | C_o[3][3][8]   |     6.166 | SLOW    |     2.569 | FAST    |
A_i[3][0][1]   | C_o[3][0][1]   |     5.033 | SLOW    |     2.623 | FAST    |
A_i[3][0][1]   | C_o[3][0][2]   |     5.164 | SLOW    |     2.563 | FAST    |
A_i[3][0][1]   | C_o[3][0][3]   |     5.302 | SLOW    |     2.591 | FAST    |
A_i[3][0][1]   | C_o[3][0][4]   |     5.492 | SLOW    |     2.562 | FAST    |
A_i[3][0][1]   | C_o[3][0][5]   |     5.562 | SLOW    |     2.578 | FAST    |
A_i[3][0][1]   | C_o[3][0][6]   |     5.660 | SLOW    |     2.604 | FAST    |
A_i[3][0][1]   | C_o[3][0][7]   |     5.723 | SLOW    |     2.632 | FAST    |
A_i[3][0][1]   | C_o[3][0][8]   |     6.137 | SLOW    |     2.635 | FAST    |
A_i[3][0][1]   | C_o[3][1][1]   |     5.033 | SLOW    |     2.623 | FAST    |
A_i[3][0][1]   | C_o[3][1][2]   |     5.164 | SLOW    |     2.563 | FAST    |
A_i[3][0][1]   | C_o[3][1][3]   |     5.302 | SLOW    |     2.591 | FAST    |
A_i[3][0][1]   | C_o[3][1][4]   |     5.492 | SLOW    |     2.562 | FAST    |
A_i[3][0][1]   | C_o[3][1][5]   |     5.562 | SLOW    |     2.578 | FAST    |
A_i[3][0][1]   | C_o[3][1][6]   |     5.660 | SLOW    |     2.604 | FAST    |
A_i[3][0][1]   | C_o[3][1][7]   |     5.723 | SLOW    |     2.632 | FAST    |
A_i[3][0][1]   | C_o[3][1][8]   |     6.137 | SLOW    |     2.635 | FAST    |
A_i[3][0][1]   | C_o[3][2][1]   |     5.033 | SLOW    |     2.623 | FAST    |
A_i[3][0][1]   | C_o[3][2][2]   |     5.164 | SLOW    |     2.563 | FAST    |
A_i[3][0][1]   | C_o[3][2][3]   |     5.302 | SLOW    |     2.591 | FAST    |
A_i[3][0][1]   | C_o[3][2][4]   |     5.492 | SLOW    |     2.562 | FAST    |
A_i[3][0][1]   | C_o[3][2][5]   |     5.562 | SLOW    |     2.578 | FAST    |
A_i[3][0][1]   | C_o[3][2][6]   |     5.660 | SLOW    |     2.604 | FAST    |
A_i[3][0][1]   | C_o[3][2][7]   |     5.723 | SLOW    |     2.632 | FAST    |
A_i[3][0][1]   | C_o[3][2][8]   |     6.137 | SLOW    |     2.635 | FAST    |
A_i[3][0][1]   | C_o[3][3][1]   |     5.033 | SLOW    |     2.623 | FAST    |
A_i[3][0][1]   | C_o[3][3][2]   |     5.164 | SLOW    |     2.563 | FAST    |
A_i[3][0][1]   | C_o[3][3][3]   |     5.302 | SLOW    |     2.591 | FAST    |
A_i[3][0][1]   | C_o[3][3][4]   |     5.492 | SLOW    |     2.562 | FAST    |
A_i[3][0][1]   | C_o[3][3][5]   |     5.562 | SLOW    |     2.578 | FAST    |
A_i[3][0][1]   | C_o[3][3][6]   |     5.660 | SLOW    |     2.604 | FAST    |
A_i[3][0][1]   | C_o[3][3][7]   |     5.723 | SLOW    |     2.632 | FAST    |
A_i[3][0][1]   | C_o[3][3][8]   |     6.137 | SLOW    |     2.635 | FAST    |
A_i[3][0][2]   | C_o[3][0][2]   |     4.766 | SLOW    |     2.474 | FAST    |
A_i[3][0][2]   | C_o[3][0][3]   |     5.066 | SLOW    |     2.479 | FAST    |
A_i[3][0][2]   | C_o[3][0][4]   |     5.311 | SLOW    |     2.506 | FAST    |
A_i[3][0][2]   | C_o[3][0][5]   |     5.503 | SLOW    |     2.534 | FAST    |
A_i[3][0][2]   | C_o[3][0][6]   |     5.662 | SLOW    |     2.524 | FAST    |
A_i[3][0][2]   | C_o[3][0][7]   |     5.725 | SLOW    |     2.552 | FAST    |
A_i[3][0][2]   | C_o[3][0][8]   |     6.159 | SLOW    |     2.555 | FAST    |
A_i[3][0][2]   | C_o[3][1][2]   |     4.766 | SLOW    |     2.474 | FAST    |
A_i[3][0][2]   | C_o[3][1][3]   |     5.066 | SLOW    |     2.479 | FAST    |
A_i[3][0][2]   | C_o[3][1][4]   |     5.311 | SLOW    |     2.506 | FAST    |
A_i[3][0][2]   | C_o[3][1][5]   |     5.503 | SLOW    |     2.534 | FAST    |
A_i[3][0][2]   | C_o[3][1][6]   |     5.662 | SLOW    |     2.524 | FAST    |
A_i[3][0][2]   | C_o[3][1][7]   |     5.725 | SLOW    |     2.552 | FAST    |
A_i[3][0][2]   | C_o[3][1][8]   |     6.159 | SLOW    |     2.555 | FAST    |
A_i[3][0][2]   | C_o[3][2][2]   |     4.766 | SLOW    |     2.474 | FAST    |
A_i[3][0][2]   | C_o[3][2][3]   |     5.066 | SLOW    |     2.479 | FAST    |
A_i[3][0][2]   | C_o[3][2][4]   |     5.311 | SLOW    |     2.506 | FAST    |
A_i[3][0][2]   | C_o[3][2][5]   |     5.503 | SLOW    |     2.534 | FAST    |
A_i[3][0][2]   | C_o[3][2][6]   |     5.662 | SLOW    |     2.524 | FAST    |
A_i[3][0][2]   | C_o[3][2][7]   |     5.725 | SLOW    |     2.552 | FAST    |
A_i[3][0][2]   | C_o[3][2][8]   |     6.159 | SLOW    |     2.555 | FAST    |
A_i[3][0][2]   | C_o[3][3][2]   |     4.766 | SLOW    |     2.474 | FAST    |
A_i[3][0][2]   | C_o[3][3][3]   |     5.066 | SLOW    |     2.479 | FAST    |
A_i[3][0][2]   | C_o[3][3][4]   |     5.311 | SLOW    |     2.506 | FAST    |
A_i[3][0][2]   | C_o[3][3][5]   |     5.503 | SLOW    |     2.534 | FAST    |
A_i[3][0][2]   | C_o[3][3][6]   |     5.662 | SLOW    |     2.524 | FAST    |
A_i[3][0][2]   | C_o[3][3][7]   |     5.725 | SLOW    |     2.552 | FAST    |
A_i[3][0][2]   | C_o[3][3][8]   |     6.159 | SLOW    |     2.555 | FAST    |
A_i[3][0][3]   | C_o[3][0][3]   |     4.824 | SLOW    |     2.511 | FAST    |
A_i[3][0][3]   | C_o[3][0][4]   |     5.071 | SLOW    |     2.568 | FAST    |
A_i[3][0][3]   | C_o[3][0][5]   |     5.315 | SLOW    |     2.596 | FAST    |
A_i[3][0][3]   | C_o[3][0][6]   |     5.515 | SLOW    |     2.584 | FAST    |
A_i[3][0][3]   | C_o[3][0][7]   |     5.683 | SLOW    |     2.612 | FAST    |
A_i[3][0][3]   | C_o[3][0][8]   |     6.157 | SLOW    |     2.616 | FAST    |
A_i[3][0][3]   | C_o[3][1][3]   |     4.824 | SLOW    |     2.511 | FAST    |
A_i[3][0][3]   | C_o[3][1][4]   |     5.071 | SLOW    |     2.568 | FAST    |
A_i[3][0][3]   | C_o[3][1][5]   |     5.315 | SLOW    |     2.596 | FAST    |
A_i[3][0][3]   | C_o[3][1][6]   |     5.515 | SLOW    |     2.584 | FAST    |
A_i[3][0][3]   | C_o[3][1][7]   |     5.683 | SLOW    |     2.612 | FAST    |
A_i[3][0][3]   | C_o[3][1][8]   |     6.157 | SLOW    |     2.616 | FAST    |
A_i[3][0][3]   | C_o[3][2][3]   |     4.824 | SLOW    |     2.511 | FAST    |
A_i[3][0][3]   | C_o[3][2][4]   |     5.071 | SLOW    |     2.568 | FAST    |
A_i[3][0][3]   | C_o[3][2][5]   |     5.315 | SLOW    |     2.596 | FAST    |
A_i[3][0][3]   | C_o[3][2][6]   |     5.515 | SLOW    |     2.584 | FAST    |
A_i[3][0][3]   | C_o[3][2][7]   |     5.683 | SLOW    |     2.612 | FAST    |
A_i[3][0][3]   | C_o[3][2][8]   |     6.157 | SLOW    |     2.616 | FAST    |
A_i[3][0][3]   | C_o[3][3][3]   |     4.824 | SLOW    |     2.511 | FAST    |
A_i[3][0][3]   | C_o[3][3][4]   |     5.071 | SLOW    |     2.568 | FAST    |
A_i[3][0][3]   | C_o[3][3][5]   |     5.315 | SLOW    |     2.596 | FAST    |
A_i[3][0][3]   | C_o[3][3][6]   |     5.515 | SLOW    |     2.584 | FAST    |
A_i[3][0][3]   | C_o[3][3][7]   |     5.683 | SLOW    |     2.612 | FAST    |
A_i[3][0][3]   | C_o[3][3][8]   |     6.157 | SLOW    |     2.616 | FAST    |
A_i[3][0][4]   | C_o[3][0][4]   |     5.055 | SLOW    |     2.636 | FAST    |
A_i[3][0][4]   | C_o[3][0][5]   |     5.446 | SLOW    |     2.612 | FAST    |
A_i[3][0][4]   | C_o[3][0][6]   |     5.691 | SLOW    |     2.658 | FAST    |
A_i[3][0][4]   | C_o[3][0][7]   |     5.859 | SLOW    |     2.686 | FAST    |
A_i[3][0][4]   | C_o[3][0][8]   |     6.197 | SLOW    |     2.689 | FAST    |
A_i[3][0][4]   | C_o[3][1][4]   |     5.055 | SLOW    |     2.636 | FAST    |
A_i[3][0][4]   | C_o[3][1][5]   |     5.477 | SLOW    |     2.612 | FAST    |
A_i[3][0][4]   | C_o[3][1][6]   |     5.722 | SLOW    |     2.658 | FAST    |
A_i[3][0][4]   | C_o[3][1][7]   |     5.890 | SLOW    |     2.686 | FAST    |
A_i[3][0][4]   | C_o[3][1][8]   |     6.228 | SLOW    |     2.689 | FAST    |
A_i[3][0][4]   | C_o[3][2][4]   |     5.055 | SLOW    |     2.636 | FAST    |
A_i[3][0][4]   | C_o[3][2][5]   |     5.446 | SLOW    |     2.612 | FAST    |
A_i[3][0][4]   | C_o[3][2][6]   |     5.691 | SLOW    |     2.658 | FAST    |
A_i[3][0][4]   | C_o[3][2][7]   |     5.859 | SLOW    |     2.686 | FAST    |
A_i[3][0][4]   | C_o[3][2][8]   |     6.197 | SLOW    |     2.689 | FAST    |
A_i[3][0][4]   | C_o[3][3][4]   |     5.055 | SLOW    |     2.636 | FAST    |
A_i[3][0][4]   | C_o[3][3][5]   |     5.477 | SLOW    |     2.612 | FAST    |
A_i[3][0][4]   | C_o[3][3][6]   |     5.722 | SLOW    |     2.658 | FAST    |
A_i[3][0][4]   | C_o[3][3][7]   |     5.890 | SLOW    |     2.686 | FAST    |
A_i[3][0][4]   | C_o[3][3][8]   |     6.228 | SLOW    |     2.689 | FAST    |
A_i[3][0][5]   | C_o[3][0][5]   |     5.237 | SLOW    |     2.735 | FAST    |
A_i[3][0][5]   | C_o[3][0][6]   |     5.482 | SLOW    |     2.651 | FAST    |
A_i[3][0][5]   | C_o[3][0][7]   |     5.650 | SLOW    |     2.679 | FAST    |
A_i[3][0][5]   | C_o[3][0][8]   |     6.146 | SLOW    |     2.688 | FAST    |
A_i[3][0][5]   | C_o[3][1][5]   |     5.237 | SLOW    |     2.735 | FAST    |
A_i[3][0][5]   | C_o[3][1][6]   |     5.482 | SLOW    |     2.651 | FAST    |
A_i[3][0][5]   | C_o[3][1][7]   |     5.650 | SLOW    |     2.679 | FAST    |
A_i[3][0][5]   | C_o[3][1][8]   |     6.146 | SLOW    |     2.688 | FAST    |
A_i[3][0][5]   | C_o[3][2][5]   |     5.237 | SLOW    |     2.735 | FAST    |
A_i[3][0][5]   | C_o[3][2][6]   |     5.482 | SLOW    |     2.651 | FAST    |
A_i[3][0][5]   | C_o[3][2][7]   |     5.650 | SLOW    |     2.679 | FAST    |
A_i[3][0][5]   | C_o[3][2][8]   |     6.146 | SLOW    |     2.688 | FAST    |
A_i[3][0][5]   | C_o[3][3][5]   |     5.237 | SLOW    |     2.735 | FAST    |
A_i[3][0][5]   | C_o[3][3][6]   |     5.482 | SLOW    |     2.651 | FAST    |
A_i[3][0][5]   | C_o[3][3][7]   |     5.650 | SLOW    |     2.679 | FAST    |
A_i[3][0][5]   | C_o[3][3][8]   |     6.146 | SLOW    |     2.688 | FAST    |
A_i[3][0][6]   | C_o[3][0][6]   |     5.021 | SLOW    |     2.616 | FAST    |
A_i[3][0][6]   | C_o[3][0][7]   |     5.272 | SLOW    |     2.575 | FAST    |
A_i[3][0][6]   | C_o[3][0][8]   |     5.905 | SLOW    |     2.574 | FAST    |
A_i[3][0][6]   | C_o[3][1][6]   |     5.021 | SLOW    |     2.616 | FAST    |
A_i[3][0][6]   | C_o[3][1][7]   |     5.272 | SLOW    |     2.575 | FAST    |
A_i[3][0][6]   | C_o[3][1][8]   |     5.905 | SLOW    |     2.574 | FAST    |
A_i[3][0][6]   | C_o[3][2][6]   |     5.021 | SLOW    |     2.616 | FAST    |
A_i[3][0][6]   | C_o[3][2][7]   |     5.272 | SLOW    |     2.575 | FAST    |
A_i[3][0][6]   | C_o[3][2][8]   |     5.905 | SLOW    |     2.574 | FAST    |
A_i[3][0][6]   | C_o[3][3][6]   |     5.021 | SLOW    |     2.616 | FAST    |
A_i[3][0][6]   | C_o[3][3][7]   |     5.272 | SLOW    |     2.575 | FAST    |
A_i[3][0][6]   | C_o[3][3][8]   |     5.905 | SLOW    |     2.574 | FAST    |
A_i[3][0][7]   | C_o[3][0][7]   |     5.069 | SLOW    |     2.648 | FAST    |
A_i[3][0][7]   | C_o[3][0][8]   |     5.746 | SLOW    |     2.647 | FAST    |
A_i[3][0][7]   | C_o[3][1][7]   |     5.069 | SLOW    |     2.648 | FAST    |
A_i[3][0][7]   | C_o[3][1][8]   |     5.746 | SLOW    |     2.647 | FAST    |
A_i[3][0][7]   | C_o[3][2][7]   |     5.069 | SLOW    |     2.648 | FAST    |
A_i[3][0][7]   | C_o[3][2][8]   |     5.746 | SLOW    |     2.647 | FAST    |
A_i[3][0][7]   | C_o[3][3][7]   |     5.069 | SLOW    |     2.648 | FAST    |
A_i[3][0][7]   | C_o[3][3][8]   |     5.746 | SLOW    |     2.647 | FAST    |
A_i[3][0][8]   | C_o[3][0][8]   |     5.721 | SLOW    |     3.008 | FAST    |
A_i[3][0][8]   | C_o[3][1][8]   |     5.721 | SLOW    |     3.008 | FAST    |
A_i[3][0][8]   | C_o[3][2][8]   |     5.721 | SLOW    |     3.008 | FAST    |
A_i[3][0][8]   | C_o[3][3][8]   |     5.721 | SLOW    |     3.008 | FAST    |
A_i[3][1][0]   | C_o[3][0][0]   |     4.748 | SLOW    |     2.461 | FAST    |
A_i[3][1][0]   | C_o[3][0][1]   |     4.952 | SLOW    |     2.459 | FAST    |
A_i[3][1][0]   | C_o[3][0][2]   |     5.279 | SLOW    |     2.505 | FAST    |
A_i[3][1][0]   | C_o[3][0][3]   |     5.500 | SLOW    |     2.533 | FAST    |
A_i[3][1][0]   | C_o[3][0][4]   |     5.690 | SLOW    |     2.527 | FAST    |
A_i[3][1][0]   | C_o[3][0][5]   |     5.760 | SLOW    |     2.555 | FAST    |
A_i[3][1][0]   | C_o[3][0][6]   |     5.860 | SLOW    |     2.543 | FAST    |
A_i[3][1][0]   | C_o[3][0][7]   |     5.923 | SLOW    |     2.571 | FAST    |
A_i[3][1][0]   | C_o[3][0][8]   |     6.221 | SLOW    |     2.630 | FAST    |
A_i[3][1][0]   | C_o[3][1][0]   |     4.748 | SLOW    |     2.461 | FAST    |
A_i[3][1][0]   | C_o[3][1][1]   |     4.952 | SLOW    |     2.459 | FAST    |
A_i[3][1][0]   | C_o[3][1][2]   |     5.279 | SLOW    |     2.505 | FAST    |
A_i[3][1][0]   | C_o[3][1][3]   |     5.500 | SLOW    |     2.533 | FAST    |
A_i[3][1][0]   | C_o[3][1][4]   |     5.690 | SLOW    |     2.527 | FAST    |
A_i[3][1][0]   | C_o[3][1][5]   |     5.760 | SLOW    |     2.555 | FAST    |
A_i[3][1][0]   | C_o[3][1][6]   |     5.860 | SLOW    |     2.543 | FAST    |
A_i[3][1][0]   | C_o[3][1][7]   |     5.923 | SLOW    |     2.571 | FAST    |
A_i[3][1][0]   | C_o[3][1][8]   |     6.221 | SLOW    |     2.630 | FAST    |
A_i[3][1][0]   | C_o[3][2][0]   |     4.748 | SLOW    |     2.461 | FAST    |
A_i[3][1][0]   | C_o[3][2][1]   |     4.952 | SLOW    |     2.459 | FAST    |
A_i[3][1][0]   | C_o[3][2][2]   |     5.279 | SLOW    |     2.505 | FAST    |
A_i[3][1][0]   | C_o[3][2][3]   |     5.500 | SLOW    |     2.533 | FAST    |
A_i[3][1][0]   | C_o[3][2][4]   |     5.690 | SLOW    |     2.527 | FAST    |
A_i[3][1][0]   | C_o[3][2][5]   |     5.760 | SLOW    |     2.555 | FAST    |
A_i[3][1][0]   | C_o[3][2][6]   |     5.860 | SLOW    |     2.543 | FAST    |
A_i[3][1][0]   | C_o[3][2][7]   |     5.923 | SLOW    |     2.571 | FAST    |
A_i[3][1][0]   | C_o[3][2][8]   |     6.221 | SLOW    |     2.630 | FAST    |
A_i[3][1][0]   | C_o[3][3][0]   |     4.748 | SLOW    |     2.461 | FAST    |
A_i[3][1][0]   | C_o[3][3][1]   |     4.952 | SLOW    |     2.459 | FAST    |
A_i[3][1][0]   | C_o[3][3][2]   |     5.279 | SLOW    |     2.505 | FAST    |
A_i[3][1][0]   | C_o[3][3][3]   |     5.500 | SLOW    |     2.533 | FAST    |
A_i[3][1][0]   | C_o[3][3][4]   |     5.690 | SLOW    |     2.527 | FAST    |
A_i[3][1][0]   | C_o[3][3][5]   |     5.760 | SLOW    |     2.555 | FAST    |
A_i[3][1][0]   | C_o[3][3][6]   |     5.860 | SLOW    |     2.543 | FAST    |
A_i[3][1][0]   | C_o[3][3][7]   |     5.923 | SLOW    |     2.571 | FAST    |
A_i[3][1][0]   | C_o[3][3][8]   |     6.221 | SLOW    |     2.630 | FAST    |
A_i[3][1][1]   | C_o[3][0][1]   |     5.060 | SLOW    |     2.632 | FAST    |
A_i[3][1][1]   | C_o[3][0][2]   |     5.272 | SLOW    |     2.568 | FAST    |
A_i[3][1][1]   | C_o[3][0][3]   |     5.493 | SLOW    |     2.596 | FAST    |
A_i[3][1][1]   | C_o[3][0][4]   |     5.683 | SLOW    |     2.623 | FAST    |
A_i[3][1][1]   | C_o[3][0][5]   |     5.753 | SLOW    |     2.610 | FAST    |
A_i[3][1][1]   | C_o[3][0][6]   |     5.851 | SLOW    |     2.624 | FAST    |
A_i[3][1][1]   | C_o[3][0][7]   |     5.914 | SLOW    |     2.652 | FAST    |
A_i[3][1][1]   | C_o[3][0][8]   |     6.192 | SLOW    |     2.694 | FAST    |
A_i[3][1][1]   | C_o[3][1][1]   |     5.060 | SLOW    |     2.632 | FAST    |
A_i[3][1][1]   | C_o[3][1][2]   |     5.272 | SLOW    |     2.568 | FAST    |
A_i[3][1][1]   | C_o[3][1][3]   |     5.493 | SLOW    |     2.596 | FAST    |
A_i[3][1][1]   | C_o[3][1][4]   |     5.683 | SLOW    |     2.623 | FAST    |
A_i[3][1][1]   | C_o[3][1][5]   |     5.753 | SLOW    |     2.610 | FAST    |
A_i[3][1][1]   | C_o[3][1][6]   |     5.851 | SLOW    |     2.624 | FAST    |
A_i[3][1][1]   | C_o[3][1][7]   |     5.914 | SLOW    |     2.652 | FAST    |
A_i[3][1][1]   | C_o[3][1][8]   |     6.192 | SLOW    |     2.694 | FAST    |
A_i[3][1][1]   | C_o[3][2][1]   |     5.060 | SLOW    |     2.632 | FAST    |
A_i[3][1][1]   | C_o[3][2][2]   |     5.272 | SLOW    |     2.568 | FAST    |
A_i[3][1][1]   | C_o[3][2][3]   |     5.493 | SLOW    |     2.596 | FAST    |
A_i[3][1][1]   | C_o[3][2][4]   |     5.683 | SLOW    |     2.623 | FAST    |
A_i[3][1][1]   | C_o[3][2][5]   |     5.753 | SLOW    |     2.610 | FAST    |
A_i[3][1][1]   | C_o[3][2][6]   |     5.851 | SLOW    |     2.624 | FAST    |
A_i[3][1][1]   | C_o[3][2][7]   |     5.914 | SLOW    |     2.652 | FAST    |
A_i[3][1][1]   | C_o[3][2][8]   |     6.192 | SLOW    |     2.694 | FAST    |
A_i[3][1][1]   | C_o[3][3][1]   |     5.060 | SLOW    |     2.632 | FAST    |
A_i[3][1][1]   | C_o[3][3][2]   |     5.272 | SLOW    |     2.568 | FAST    |
A_i[3][1][1]   | C_o[3][3][3]   |     5.493 | SLOW    |     2.596 | FAST    |
A_i[3][1][1]   | C_o[3][3][4]   |     5.683 | SLOW    |     2.623 | FAST    |
A_i[3][1][1]   | C_o[3][3][5]   |     5.753 | SLOW    |     2.610 | FAST    |
A_i[3][1][1]   | C_o[3][3][6]   |     5.851 | SLOW    |     2.624 | FAST    |
A_i[3][1][1]   | C_o[3][3][7]   |     5.914 | SLOW    |     2.652 | FAST    |
A_i[3][1][1]   | C_o[3][3][8]   |     6.192 | SLOW    |     2.694 | FAST    |
A_i[3][1][2]   | C_o[3][0][2]   |     4.931 | SLOW    |     2.564 | FAST    |
A_i[3][1][2]   | C_o[3][0][3]   |     5.295 | SLOW    |     2.498 | FAST    |
A_i[3][1][2]   | C_o[3][0][4]   |     5.502 | SLOW    |     2.525 | FAST    |
A_i[3][1][2]   | C_o[3][0][5]   |     5.694 | SLOW    |     2.554 | FAST    |
A_i[3][1][2]   | C_o[3][0][6]   |     5.853 | SLOW    |     2.570 | FAST    |
A_i[3][1][2]   | C_o[3][0][7]   |     5.916 | SLOW    |     2.595 | FAST    |
A_i[3][1][2]   | C_o[3][0][8]   |     6.214 | SLOW    |     2.614 | FAST    |
A_i[3][1][2]   | C_o[3][1][2]   |     4.931 | SLOW    |     2.564 | FAST    |
A_i[3][1][2]   | C_o[3][1][3]   |     5.295 | SLOW    |     2.498 | FAST    |
A_i[3][1][2]   | C_o[3][1][4]   |     5.502 | SLOW    |     2.525 | FAST    |
A_i[3][1][2]   | C_o[3][1][5]   |     5.694 | SLOW    |     2.554 | FAST    |
A_i[3][1][2]   | C_o[3][1][6]   |     5.853 | SLOW    |     2.570 | FAST    |
A_i[3][1][2]   | C_o[3][1][7]   |     5.916 | SLOW    |     2.595 | FAST    |
A_i[3][1][2]   | C_o[3][1][8]   |     6.214 | SLOW    |     2.614 | FAST    |
A_i[3][1][2]   | C_o[3][2][2]   |     4.931 | SLOW    |     2.564 | FAST    |
A_i[3][1][2]   | C_o[3][2][3]   |     5.295 | SLOW    |     2.498 | FAST    |
A_i[3][1][2]   | C_o[3][2][4]   |     5.502 | SLOW    |     2.525 | FAST    |
A_i[3][1][2]   | C_o[3][2][5]   |     5.694 | SLOW    |     2.554 | FAST    |
A_i[3][1][2]   | C_o[3][2][6]   |     5.853 | SLOW    |     2.570 | FAST    |
A_i[3][1][2]   | C_o[3][2][7]   |     5.916 | SLOW    |     2.595 | FAST    |
A_i[3][1][2]   | C_o[3][2][8]   |     6.214 | SLOW    |     2.614 | FAST    |
A_i[3][1][2]   | C_o[3][3][2]   |     4.931 | SLOW    |     2.564 | FAST    |
A_i[3][1][2]   | C_o[3][3][3]   |     5.295 | SLOW    |     2.498 | FAST    |
A_i[3][1][2]   | C_o[3][3][4]   |     5.502 | SLOW    |     2.525 | FAST    |
A_i[3][1][2]   | C_o[3][3][5]   |     5.694 | SLOW    |     2.554 | FAST    |
A_i[3][1][2]   | C_o[3][3][6]   |     5.853 | SLOW    |     2.570 | FAST    |
A_i[3][1][2]   | C_o[3][3][7]   |     5.916 | SLOW    |     2.595 | FAST    |
A_i[3][1][2]   | C_o[3][3][8]   |     6.214 | SLOW    |     2.614 | FAST    |
A_i[3][1][3]   | C_o[3][0][3]   |     5.053 | SLOW    |     2.636 | FAST    |
A_i[3][1][3]   | C_o[3][0][4]   |     5.299 | SLOW    |     2.557 | FAST    |
A_i[3][1][3]   | C_o[3][0][5]   |     5.506 | SLOW    |     2.586 | FAST    |
A_i[3][1][3]   | C_o[3][0][6]   |     5.706 | SLOW    |     2.604 | FAST    |
A_i[3][1][3]   | C_o[3][0][7]   |     5.868 | SLOW    |     2.632 | FAST    |
A_i[3][1][3]   | C_o[3][0][8]   |     6.206 | SLOW    |     2.675 | FAST    |
A_i[3][1][3]   | C_o[3][1][3]   |     5.053 | SLOW    |     2.636 | FAST    |
A_i[3][1][3]   | C_o[3][1][4]   |     5.299 | SLOW    |     2.557 | FAST    |
A_i[3][1][3]   | C_o[3][1][5]   |     5.506 | SLOW    |     2.586 | FAST    |
A_i[3][1][3]   | C_o[3][1][6]   |     5.706 | SLOW    |     2.604 | FAST    |
A_i[3][1][3]   | C_o[3][1][7]   |     5.868 | SLOW    |     2.632 | FAST    |
A_i[3][1][3]   | C_o[3][1][8]   |     6.206 | SLOW    |     2.675 | FAST    |
A_i[3][1][3]   | C_o[3][2][3]   |     5.053 | SLOW    |     2.636 | FAST    |
A_i[3][1][3]   | C_o[3][2][4]   |     5.299 | SLOW    |     2.557 | FAST    |
A_i[3][1][3]   | C_o[3][2][5]   |     5.506 | SLOW    |     2.586 | FAST    |
A_i[3][1][3]   | C_o[3][2][6]   |     5.706 | SLOW    |     2.604 | FAST    |
A_i[3][1][3]   | C_o[3][2][7]   |     5.868 | SLOW    |     2.632 | FAST    |
A_i[3][1][3]   | C_o[3][2][8]   |     6.206 | SLOW    |     2.675 | FAST    |
A_i[3][1][3]   | C_o[3][3][3]   |     5.053 | SLOW    |     2.636 | FAST    |
A_i[3][1][3]   | C_o[3][3][4]   |     5.299 | SLOW    |     2.557 | FAST    |
A_i[3][1][3]   | C_o[3][3][5]   |     5.506 | SLOW    |     2.586 | FAST    |
A_i[3][1][3]   | C_o[3][3][6]   |     5.706 | SLOW    |     2.604 | FAST    |
A_i[3][1][3]   | C_o[3][3][7]   |     5.868 | SLOW    |     2.632 | FAST    |
A_i[3][1][3]   | C_o[3][3][8]   |     6.206 | SLOW    |     2.675 | FAST    |
A_i[3][1][4]   | C_o[3][0][4]   |     5.283 | SLOW    |     2.761 | FAST    |
A_i[3][1][4]   | C_o[3][0][5]   |     5.677 | SLOW    |     2.684 | FAST    |
A_i[3][1][4]   | C_o[3][0][6]   |     5.882 | SLOW    |     2.658 | FAST    |
A_i[3][1][4]   | C_o[3][0][7]   |     6.044 | SLOW    |     2.686 | FAST    |
A_i[3][1][4]   | C_o[3][0][8]   |     6.382 | SLOW    |     2.748 | FAST    |
A_i[3][1][4]   | C_o[3][1][4]   |     5.283 | SLOW    |     2.761 | FAST    |
A_i[3][1][4]   | C_o[3][1][5]   |     5.708 | SLOW    |     2.684 | FAST    |
A_i[3][1][4]   | C_o[3][1][6]   |     5.913 | SLOW    |     2.658 | FAST    |
A_i[3][1][4]   | C_o[3][1][7]   |     6.075 | SLOW    |     2.686 | FAST    |
A_i[3][1][4]   | C_o[3][1][8]   |     6.413 | SLOW    |     2.748 | FAST    |
A_i[3][1][4]   | C_o[3][2][4]   |     5.283 | SLOW    |     2.761 | FAST    |
A_i[3][1][4]   | C_o[3][2][5]   |     5.677 | SLOW    |     2.684 | FAST    |
A_i[3][1][4]   | C_o[3][2][6]   |     5.882 | SLOW    |     2.658 | FAST    |
A_i[3][1][4]   | C_o[3][2][7]   |     6.044 | SLOW    |     2.686 | FAST    |
A_i[3][1][4]   | C_o[3][2][8]   |     6.382 | SLOW    |     2.748 | FAST    |
A_i[3][1][4]   | C_o[3][3][4]   |     5.283 | SLOW    |     2.761 | FAST    |
A_i[3][1][4]   | C_o[3][3][5]   |     5.708 | SLOW    |     2.684 | FAST    |
A_i[3][1][4]   | C_o[3][3][6]   |     5.913 | SLOW    |     2.658 | FAST    |
A_i[3][1][4]   | C_o[3][3][7]   |     6.075 | SLOW    |     2.686 | FAST    |
A_i[3][1][4]   | C_o[3][3][8]   |     6.413 | SLOW    |     2.748 | FAST    |
A_i[3][1][5]   | C_o[3][0][5]   |     5.468 | SLOW    |     2.860 | FAST    |
A_i[3][1][5]   | C_o[3][0][6]   |     5.673 | SLOW    |     2.773 | FAST    |
A_i[3][1][5]   | C_o[3][0][7]   |     5.835 | SLOW    |     2.722 | FAST    |
A_i[3][1][5]   | C_o[3][0][8]   |     6.173 | SLOW    |     2.747 | FAST    |
A_i[3][1][5]   | C_o[3][1][5]   |     5.468 | SLOW    |     2.860 | FAST    |
A_i[3][1][5]   | C_o[3][1][6]   |     5.673 | SLOW    |     2.773 | FAST    |
A_i[3][1][5]   | C_o[3][1][7]   |     5.835 | SLOW    |     2.722 | FAST    |
A_i[3][1][5]   | C_o[3][1][8]   |     6.173 | SLOW    |     2.747 | FAST    |
A_i[3][1][5]   | C_o[3][2][5]   |     5.468 | SLOW    |     2.860 | FAST    |
A_i[3][1][5]   | C_o[3][2][6]   |     5.673 | SLOW    |     2.773 | FAST    |
A_i[3][1][5]   | C_o[3][2][7]   |     5.835 | SLOW    |     2.722 | FAST    |
A_i[3][1][5]   | C_o[3][2][8]   |     6.173 | SLOW    |     2.747 | FAST    |
A_i[3][1][5]   | C_o[3][3][5]   |     5.468 | SLOW    |     2.860 | FAST    |
A_i[3][1][5]   | C_o[3][3][6]   |     5.673 | SLOW    |     2.773 | FAST    |
A_i[3][1][5]   | C_o[3][3][7]   |     5.835 | SLOW    |     2.722 | FAST    |
A_i[3][1][5]   | C_o[3][3][8]   |     6.173 | SLOW    |     2.747 | FAST    |
A_i[3][1][6]   | C_o[3][0][6]   |     5.244 | SLOW    |     2.738 | FAST    |
A_i[3][1][6]   | C_o[3][0][7]   |     5.487 | SLOW    |     2.687 | FAST    |
A_i[3][1][6]   | C_o[3][0][8]   |     5.920 | SLOW    |     2.633 | FAST    |
A_i[3][1][6]   | C_o[3][1][6]   |     5.244 | SLOW    |     2.738 | FAST    |
A_i[3][1][6]   | C_o[3][1][7]   |     5.487 | SLOW    |     2.687 | FAST    |
A_i[3][1][6]   | C_o[3][1][8]   |     5.920 | SLOW    |     2.633 | FAST    |
A_i[3][1][6]   | C_o[3][2][6]   |     5.244 | SLOW    |     2.738 | FAST    |
A_i[3][1][6]   | C_o[3][2][7]   |     5.487 | SLOW    |     2.687 | FAST    |
A_i[3][1][6]   | C_o[3][2][8]   |     5.920 | SLOW    |     2.633 | FAST    |
A_i[3][1][6]   | C_o[3][3][6]   |     5.244 | SLOW    |     2.738 | FAST    |
A_i[3][1][6]   | C_o[3][3][7]   |     5.487 | SLOW    |     2.687 | FAST    |
A_i[3][1][6]   | C_o[3][3][8]   |     5.920 | SLOW    |     2.633 | FAST    |
A_i[3][1][7]   | C_o[3][0][7]   |     5.293 | SLOW    |     2.770 | FAST    |
A_i[3][1][7]   | C_o[3][0][8]   |     5.761 | SLOW    |     2.706 | FAST    |
A_i[3][1][7]   | C_o[3][1][7]   |     5.293 | SLOW    |     2.770 | FAST    |
A_i[3][1][7]   | C_o[3][1][8]   |     5.783 | SLOW    |     2.706 | FAST    |
A_i[3][1][7]   | C_o[3][2][7]   |     5.293 | SLOW    |     2.770 | FAST    |
A_i[3][1][7]   | C_o[3][2][8]   |     5.783 | SLOW    |     2.706 | FAST    |
A_i[3][1][7]   | C_o[3][3][7]   |     5.293 | SLOW    |     2.770 | FAST    |
A_i[3][1][7]   | C_o[3][3][8]   |     5.783 | SLOW    |     2.706 | FAST    |
A_i[3][1][8]   | C_o[3][0][8]   |     5.736 | SLOW    |     3.012 | FAST    |
A_i[3][1][8]   | C_o[3][1][8]   |     5.758 | SLOW    |     3.026 | FAST    |
A_i[3][1][8]   | C_o[3][2][8]   |     5.758 | SLOW    |     3.026 | FAST    |
A_i[3][1][8]   | C_o[3][3][8]   |     5.758 | SLOW    |     3.026 | FAST    |
A_i[3][2][0]   | C_o[3][0][0]   |     4.729 | SLOW    |     2.459 | FAST    |
A_i[3][2][0]   | C_o[3][0][1]   |     4.937 | SLOW    |     2.481 | FAST    |
A_i[3][2][0]   | C_o[3][0][2]   |     5.294 | SLOW    |     2.506 | FAST    |
A_i[3][2][0]   | C_o[3][0][3]   |     5.515 | SLOW    |     2.534 | FAST    |
A_i[3][2][0]   | C_o[3][0][4]   |     5.705 | SLOW    |     2.550 | FAST    |
A_i[3][2][0]   | C_o[3][0][5]   |     5.775 | SLOW    |     2.571 | FAST    |
A_i[3][2][0]   | C_o[3][0][6]   |     5.875 | SLOW    |     2.566 | FAST    |
A_i[3][2][0]   | C_o[3][0][7]   |     5.938 | SLOW    |     2.594 | FAST    |
A_i[3][2][0]   | C_o[3][0][8]   |     6.236 | SLOW    |     2.630 | FAST    |
A_i[3][2][0]   | C_o[3][1][0]   |     4.729 | SLOW    |     2.459 | FAST    |
A_i[3][2][0]   | C_o[3][1][1]   |     4.937 | SLOW    |     2.481 | FAST    |
A_i[3][2][0]   | C_o[3][1][2]   |     5.294 | SLOW    |     2.506 | FAST    |
A_i[3][2][0]   | C_o[3][1][3]   |     5.515 | SLOW    |     2.534 | FAST    |
A_i[3][2][0]   | C_o[3][1][4]   |     5.705 | SLOW    |     2.550 | FAST    |
A_i[3][2][0]   | C_o[3][1][5]   |     5.775 | SLOW    |     2.571 | FAST    |
A_i[3][2][0]   | C_o[3][1][6]   |     5.875 | SLOW    |     2.566 | FAST    |
A_i[3][2][0]   | C_o[3][1][7]   |     5.938 | SLOW    |     2.594 | FAST    |
A_i[3][2][0]   | C_o[3][1][8]   |     6.236 | SLOW    |     2.630 | FAST    |
A_i[3][2][0]   | C_o[3][2][0]   |     4.729 | SLOW    |     2.459 | FAST    |
A_i[3][2][0]   | C_o[3][2][1]   |     4.937 | SLOW    |     2.481 | FAST    |
A_i[3][2][0]   | C_o[3][2][2]   |     5.294 | SLOW    |     2.506 | FAST    |
A_i[3][2][0]   | C_o[3][2][3]   |     5.515 | SLOW    |     2.534 | FAST    |
A_i[3][2][0]   | C_o[3][2][4]   |     5.705 | SLOW    |     2.550 | FAST    |
A_i[3][2][0]   | C_o[3][2][5]   |     5.775 | SLOW    |     2.571 | FAST    |
A_i[3][2][0]   | C_o[3][2][6]   |     5.875 | SLOW    |     2.566 | FAST    |
A_i[3][2][0]   | C_o[3][2][7]   |     5.938 | SLOW    |     2.594 | FAST    |
A_i[3][2][0]   | C_o[3][2][8]   |     6.236 | SLOW    |     2.630 | FAST    |
A_i[3][2][0]   | C_o[3][3][0]   |     4.729 | SLOW    |     2.459 | FAST    |
A_i[3][2][0]   | C_o[3][3][1]   |     4.937 | SLOW    |     2.481 | FAST    |
A_i[3][2][0]   | C_o[3][3][2]   |     5.294 | SLOW    |     2.506 | FAST    |
A_i[3][2][0]   | C_o[3][3][3]   |     5.515 | SLOW    |     2.534 | FAST    |
A_i[3][2][0]   | C_o[3][3][4]   |     5.705 | SLOW    |     2.550 | FAST    |
A_i[3][2][0]   | C_o[3][3][5]   |     5.775 | SLOW    |     2.571 | FAST    |
A_i[3][2][0]   | C_o[3][3][6]   |     5.875 | SLOW    |     2.566 | FAST    |
A_i[3][2][0]   | C_o[3][3][7]   |     5.938 | SLOW    |     2.594 | FAST    |
A_i[3][2][0]   | C_o[3][3][8]   |     6.236 | SLOW    |     2.630 | FAST    |
A_i[3][2][1]   | C_o[3][0][1]   |     5.045 | SLOW    |     2.628 | FAST    |
A_i[3][2][1]   | C_o[3][0][2]   |     5.287 | SLOW    |     2.564 | FAST    |
A_i[3][2][1]   | C_o[3][0][3]   |     5.508 | SLOW    |     2.592 | FAST    |
A_i[3][2][1]   | C_o[3][0][4]   |     5.698 | SLOW    |     2.619 | FAST    |
A_i[3][2][1]   | C_o[3][0][5]   |     5.768 | SLOW    |     2.610 | FAST    |
A_i[3][2][1]   | C_o[3][0][6]   |     5.866 | SLOW    |     2.624 | FAST    |
A_i[3][2][1]   | C_o[3][0][7]   |     5.929 | SLOW    |     2.652 | FAST    |
A_i[3][2][1]   | C_o[3][0][8]   |     6.207 | SLOW    |     2.694 | FAST    |
A_i[3][2][1]   | C_o[3][1][1]   |     5.045 | SLOW    |     2.628 | FAST    |
A_i[3][2][1]   | C_o[3][1][2]   |     5.287 | SLOW    |     2.564 | FAST    |
A_i[3][2][1]   | C_o[3][1][3]   |     5.508 | SLOW    |     2.592 | FAST    |
A_i[3][2][1]   | C_o[3][1][4]   |     5.698 | SLOW    |     2.619 | FAST    |
A_i[3][2][1]   | C_o[3][1][5]   |     5.768 | SLOW    |     2.610 | FAST    |
A_i[3][2][1]   | C_o[3][1][6]   |     5.866 | SLOW    |     2.624 | FAST    |
A_i[3][2][1]   | C_o[3][1][7]   |     5.929 | SLOW    |     2.652 | FAST    |
A_i[3][2][1]   | C_o[3][1][8]   |     6.207 | SLOW    |     2.694 | FAST    |
A_i[3][2][1]   | C_o[3][2][1]   |     5.045 | SLOW    |     2.628 | FAST    |
A_i[3][2][1]   | C_o[3][2][2]   |     5.287 | SLOW    |     2.564 | FAST    |
A_i[3][2][1]   | C_o[3][2][3]   |     5.508 | SLOW    |     2.592 | FAST    |
A_i[3][2][1]   | C_o[3][2][4]   |     5.698 | SLOW    |     2.619 | FAST    |
A_i[3][2][1]   | C_o[3][2][5]   |     5.768 | SLOW    |     2.610 | FAST    |
A_i[3][2][1]   | C_o[3][2][6]   |     5.866 | SLOW    |     2.624 | FAST    |
A_i[3][2][1]   | C_o[3][2][7]   |     5.929 | SLOW    |     2.652 | FAST    |
A_i[3][2][1]   | C_o[3][2][8]   |     6.207 | SLOW    |     2.694 | FAST    |
A_i[3][2][1]   | C_o[3][3][1]   |     5.045 | SLOW    |     2.628 | FAST    |
A_i[3][2][1]   | C_o[3][3][2]   |     5.287 | SLOW    |     2.564 | FAST    |
A_i[3][2][1]   | C_o[3][3][3]   |     5.508 | SLOW    |     2.592 | FAST    |
A_i[3][2][1]   | C_o[3][3][4]   |     5.698 | SLOW    |     2.619 | FAST    |
A_i[3][2][1]   | C_o[3][3][5]   |     5.768 | SLOW    |     2.610 | FAST    |
A_i[3][2][1]   | C_o[3][3][6]   |     5.866 | SLOW    |     2.624 | FAST    |
A_i[3][2][1]   | C_o[3][3][7]   |     5.929 | SLOW    |     2.652 | FAST    |
A_i[3][2][1]   | C_o[3][3][8]   |     6.207 | SLOW    |     2.694 | FAST    |
A_i[3][2][2]   | C_o[3][0][2]   |     4.946 | SLOW    |     2.568 | FAST    |
A_i[3][2][2]   | C_o[3][0][3]   |     5.310 | SLOW    |     2.498 | FAST    |
A_i[3][2][2]   | C_o[3][0][4]   |     5.517 | SLOW    |     2.525 | FAST    |
A_i[3][2][2]   | C_o[3][0][5]   |     5.709 | SLOW    |     2.554 | FAST    |
A_i[3][2][2]   | C_o[3][0][6]   |     5.868 | SLOW    |     2.570 | FAST    |
A_i[3][2][2]   | C_o[3][0][7]   |     5.931 | SLOW    |     2.595 | FAST    |
A_i[3][2][2]   | C_o[3][0][8]   |     6.229 | SLOW    |     2.614 | FAST    |
A_i[3][2][2]   | C_o[3][1][2]   |     4.946 | SLOW    |     2.568 | FAST    |
A_i[3][2][2]   | C_o[3][1][3]   |     5.310 | SLOW    |     2.498 | FAST    |
A_i[3][2][2]   | C_o[3][1][4]   |     5.517 | SLOW    |     2.525 | FAST    |
A_i[3][2][2]   | C_o[3][1][5]   |     5.709 | SLOW    |     2.554 | FAST    |
A_i[3][2][2]   | C_o[3][1][6]   |     5.868 | SLOW    |     2.570 | FAST    |
A_i[3][2][2]   | C_o[3][1][7]   |     5.931 | SLOW    |     2.595 | FAST    |
A_i[3][2][2]   | C_o[3][1][8]   |     6.229 | SLOW    |     2.614 | FAST    |
A_i[3][2][2]   | C_o[3][2][2]   |     4.946 | SLOW    |     2.568 | FAST    |
A_i[3][2][2]   | C_o[3][2][3]   |     5.310 | SLOW    |     2.498 | FAST    |
A_i[3][2][2]   | C_o[3][2][4]   |     5.517 | SLOW    |     2.525 | FAST    |
A_i[3][2][2]   | C_o[3][2][5]   |     5.709 | SLOW    |     2.554 | FAST    |
A_i[3][2][2]   | C_o[3][2][6]   |     5.868 | SLOW    |     2.570 | FAST    |
A_i[3][2][2]   | C_o[3][2][7]   |     5.931 | SLOW    |     2.595 | FAST    |
A_i[3][2][2]   | C_o[3][2][8]   |     6.229 | SLOW    |     2.614 | FAST    |
A_i[3][2][2]   | C_o[3][3][2]   |     4.946 | SLOW    |     2.568 | FAST    |
A_i[3][2][2]   | C_o[3][3][3]   |     5.310 | SLOW    |     2.498 | FAST    |
A_i[3][2][2]   | C_o[3][3][4]   |     5.517 | SLOW    |     2.525 | FAST    |
A_i[3][2][2]   | C_o[3][3][5]   |     5.709 | SLOW    |     2.554 | FAST    |
A_i[3][2][2]   | C_o[3][3][6]   |     5.868 | SLOW    |     2.570 | FAST    |
A_i[3][2][2]   | C_o[3][3][7]   |     5.931 | SLOW    |     2.595 | FAST    |
A_i[3][2][2]   | C_o[3][3][8]   |     6.229 | SLOW    |     2.614 | FAST    |
A_i[3][2][3]   | C_o[3][0][3]   |     5.068 | SLOW    |     2.640 | FAST    |
A_i[3][2][3]   | C_o[3][0][4]   |     5.314 | SLOW    |     2.557 | FAST    |
A_i[3][2][3]   | C_o[3][0][5]   |     5.521 | SLOW    |     2.586 | FAST    |
A_i[3][2][3]   | C_o[3][0][6]   |     5.721 | SLOW    |     2.604 | FAST    |
A_i[3][2][3]   | C_o[3][0][7]   |     5.883 | SLOW    |     2.632 | FAST    |
A_i[3][2][3]   | C_o[3][0][8]   |     6.221 | SLOW    |     2.675 | FAST    |
A_i[3][2][3]   | C_o[3][1][3]   |     5.068 | SLOW    |     2.640 | FAST    |
A_i[3][2][3]   | C_o[3][1][4]   |     5.314 | SLOW    |     2.557 | FAST    |
A_i[3][2][3]   | C_o[3][1][5]   |     5.521 | SLOW    |     2.586 | FAST    |
A_i[3][2][3]   | C_o[3][1][6]   |     5.721 | SLOW    |     2.604 | FAST    |
A_i[3][2][3]   | C_o[3][1][7]   |     5.883 | SLOW    |     2.632 | FAST    |
A_i[3][2][3]   | C_o[3][1][8]   |     6.221 | SLOW    |     2.675 | FAST    |
A_i[3][2][3]   | C_o[3][2][3]   |     5.068 | SLOW    |     2.640 | FAST    |
A_i[3][2][3]   | C_o[3][2][4]   |     5.314 | SLOW    |     2.557 | FAST    |
A_i[3][2][3]   | C_o[3][2][5]   |     5.521 | SLOW    |     2.586 | FAST    |
A_i[3][2][3]   | C_o[3][2][6]   |     5.721 | SLOW    |     2.604 | FAST    |
A_i[3][2][3]   | C_o[3][2][7]   |     5.883 | SLOW    |     2.632 | FAST    |
A_i[3][2][3]   | C_o[3][2][8]   |     6.221 | SLOW    |     2.675 | FAST    |
A_i[3][2][3]   | C_o[3][3][3]   |     5.068 | SLOW    |     2.640 | FAST    |
A_i[3][2][3]   | C_o[3][3][4]   |     5.314 | SLOW    |     2.557 | FAST    |
A_i[3][2][3]   | C_o[3][3][5]   |     5.521 | SLOW    |     2.586 | FAST    |
A_i[3][2][3]   | C_o[3][3][6]   |     5.721 | SLOW    |     2.604 | FAST    |
A_i[3][2][3]   | C_o[3][3][7]   |     5.883 | SLOW    |     2.632 | FAST    |
A_i[3][2][3]   | C_o[3][3][8]   |     6.221 | SLOW    |     2.675 | FAST    |
A_i[3][2][4]   | C_o[3][0][4]   |     5.298 | SLOW    |     2.765 | FAST    |
A_i[3][2][4]   | C_o[3][0][5]   |     5.692 | SLOW    |     2.684 | FAST    |
A_i[3][2][4]   | C_o[3][0][6]   |     5.897 | SLOW    |     2.658 | FAST    |
A_i[3][2][4]   | C_o[3][0][7]   |     6.059 | SLOW    |     2.686 | FAST    |
A_i[3][2][4]   | C_o[3][0][8]   |     6.397 | SLOW    |     2.748 | FAST    |
A_i[3][2][4]   | C_o[3][1][4]   |     5.298 | SLOW    |     2.765 | FAST    |
A_i[3][2][4]   | C_o[3][1][5]   |     5.723 | SLOW    |     2.684 | FAST    |
A_i[3][2][4]   | C_o[3][1][6]   |     5.928 | SLOW    |     2.658 | FAST    |
A_i[3][2][4]   | C_o[3][1][7]   |     6.090 | SLOW    |     2.686 | FAST    |
A_i[3][2][4]   | C_o[3][1][8]   |     6.428 | SLOW    |     2.748 | FAST    |
A_i[3][2][4]   | C_o[3][2][4]   |     5.298 | SLOW    |     2.765 | FAST    |
A_i[3][2][4]   | C_o[3][2][5]   |     5.692 | SLOW    |     2.684 | FAST    |
A_i[3][2][4]   | C_o[3][2][6]   |     5.897 | SLOW    |     2.658 | FAST    |
A_i[3][2][4]   | C_o[3][2][7]   |     6.059 | SLOW    |     2.686 | FAST    |
A_i[3][2][4]   | C_o[3][2][8]   |     6.397 | SLOW    |     2.748 | FAST    |
A_i[3][2][4]   | C_o[3][3][4]   |     5.298 | SLOW    |     2.765 | FAST    |
A_i[3][2][4]   | C_o[3][3][5]   |     5.723 | SLOW    |     2.684 | FAST    |
A_i[3][2][4]   | C_o[3][3][6]   |     5.928 | SLOW    |     2.658 | FAST    |
A_i[3][2][4]   | C_o[3][3][7]   |     6.090 | SLOW    |     2.686 | FAST    |
A_i[3][2][4]   | C_o[3][3][8]   |     6.428 | SLOW    |     2.748 | FAST    |
A_i[3][2][5]   | C_o[3][0][5]   |     5.483 | SLOW    |     2.864 | FAST    |
A_i[3][2][5]   | C_o[3][0][6]   |     5.688 | SLOW    |     2.777 | FAST    |
A_i[3][2][5]   | C_o[3][0][7]   |     5.850 | SLOW    |     2.722 | FAST    |
A_i[3][2][5]   | C_o[3][0][8]   |     6.188 | SLOW    |     2.747 | FAST    |
A_i[3][2][5]   | C_o[3][1][5]   |     5.483 | SLOW    |     2.864 | FAST    |
A_i[3][2][5]   | C_o[3][1][6]   |     5.688 | SLOW    |     2.777 | FAST    |
A_i[3][2][5]   | C_o[3][1][7]   |     5.850 | SLOW    |     2.722 | FAST    |
A_i[3][2][5]   | C_o[3][1][8]   |     6.188 | SLOW    |     2.747 | FAST    |
A_i[3][2][5]   | C_o[3][2][5]   |     5.483 | SLOW    |     2.864 | FAST    |
A_i[3][2][5]   | C_o[3][2][6]   |     5.688 | SLOW    |     2.777 | FAST    |
A_i[3][2][5]   | C_o[3][2][7]   |     5.850 | SLOW    |     2.722 | FAST    |
A_i[3][2][5]   | C_o[3][2][8]   |     6.188 | SLOW    |     2.747 | FAST    |
A_i[3][2][5]   | C_o[3][3][5]   |     5.483 | SLOW    |     2.864 | FAST    |
A_i[3][2][5]   | C_o[3][3][6]   |     5.688 | SLOW    |     2.777 | FAST    |
A_i[3][2][5]   | C_o[3][3][7]   |     5.850 | SLOW    |     2.722 | FAST    |
A_i[3][2][5]   | C_o[3][3][8]   |     6.188 | SLOW    |     2.747 | FAST    |
A_i[3][2][6]   | C_o[3][0][6]   |     5.259 | SLOW    |     2.742 | FAST    |
A_i[3][2][6]   | C_o[3][0][7]   |     5.502 | SLOW    |     2.687 | FAST    |
A_i[3][2][6]   | C_o[3][0][8]   |     5.905 | SLOW    |     2.633 | FAST    |
A_i[3][2][6]   | C_o[3][1][6]   |     5.259 | SLOW    |     2.742 | FAST    |
A_i[3][2][6]   | C_o[3][1][7]   |     5.502 | SLOW    |     2.687 | FAST    |
A_i[3][2][6]   | C_o[3][1][8]   |     5.905 | SLOW    |     2.633 | FAST    |
A_i[3][2][6]   | C_o[3][2][6]   |     5.259 | SLOW    |     2.742 | FAST    |
A_i[3][2][6]   | C_o[3][2][7]   |     5.502 | SLOW    |     2.687 | FAST    |
A_i[3][2][6]   | C_o[3][2][8]   |     5.905 | SLOW    |     2.633 | FAST    |
A_i[3][2][6]   | C_o[3][3][6]   |     5.259 | SLOW    |     2.742 | FAST    |
A_i[3][2][6]   | C_o[3][3][7]   |     5.502 | SLOW    |     2.687 | FAST    |
A_i[3][2][6]   | C_o[3][3][8]   |     5.905 | SLOW    |     2.633 | FAST    |
A_i[3][2][7]   | C_o[3][0][7]   |     5.308 | SLOW    |     2.774 | FAST    |
A_i[3][2][7]   | C_o[3][0][8]   |     5.746 | SLOW    |     2.706 | FAST    |
A_i[3][2][7]   | C_o[3][1][7]   |     5.308 | SLOW    |     2.774 | FAST    |
A_i[3][2][7]   | C_o[3][1][8]   |     5.746 | SLOW    |     2.706 | FAST    |
A_i[3][2][7]   | C_o[3][2][7]   |     5.308 | SLOW    |     2.774 | FAST    |
A_i[3][2][7]   | C_o[3][2][8]   |     5.746 | SLOW    |     2.706 | FAST    |
A_i[3][2][7]   | C_o[3][3][7]   |     5.308 | SLOW    |     2.774 | FAST    |
A_i[3][2][7]   | C_o[3][3][8]   |     5.746 | SLOW    |     2.706 | FAST    |
A_i[3][2][8]   | C_o[3][0][8]   |     5.721 | SLOW    |     3.008 | FAST    |
A_i[3][2][8]   | C_o[3][1][8]   |     5.721 | SLOW    |     3.008 | FAST    |
A_i[3][2][8]   | C_o[3][2][8]   |     5.721 | SLOW    |     3.008 | FAST    |
A_i[3][2][8]   | C_o[3][3][8]   |     5.721 | SLOW    |     3.008 | FAST    |
A_i[3][3][0]   | C_o[3][0][0]   |     4.777 | SLOW    |     2.481 | FAST    |
A_i[3][3][0]   | C_o[3][0][1]   |     4.952 | SLOW    |     2.401 | FAST    |
A_i[3][3][0]   | C_o[3][0][2]   |     5.279 | SLOW    |     2.446 | FAST    |
A_i[3][3][0]   | C_o[3][0][3]   |     5.500 | SLOW    |     2.474 | FAST    |
A_i[3][3][0]   | C_o[3][0][4]   |     5.690 | SLOW    |     2.468 | FAST    |
A_i[3][3][0]   | C_o[3][0][5]   |     5.760 | SLOW    |     2.496 | FAST    |
A_i[3][3][0]   | C_o[3][0][6]   |     5.860 | SLOW    |     2.484 | FAST    |
A_i[3][3][0]   | C_o[3][0][7]   |     5.923 | SLOW    |     2.512 | FAST    |
A_i[3][3][0]   | C_o[3][0][8]   |     6.221 | SLOW    |     2.571 | FAST    |
A_i[3][3][0]   | C_o[3][1][0]   |     4.777 | SLOW    |     2.481 | FAST    |
A_i[3][3][0]   | C_o[3][1][1]   |     4.952 | SLOW    |     2.401 | FAST    |
A_i[3][3][0]   | C_o[3][1][2]   |     5.279 | SLOW    |     2.446 | FAST    |
A_i[3][3][0]   | C_o[3][1][3]   |     5.500 | SLOW    |     2.474 | FAST    |
A_i[3][3][0]   | C_o[3][1][4]   |     5.690 | SLOW    |     2.468 | FAST    |
A_i[3][3][0]   | C_o[3][1][5]   |     5.760 | SLOW    |     2.496 | FAST    |
A_i[3][3][0]   | C_o[3][1][6]   |     5.860 | SLOW    |     2.484 | FAST    |
A_i[3][3][0]   | C_o[3][1][7]   |     5.923 | SLOW    |     2.512 | FAST    |
A_i[3][3][0]   | C_o[3][1][8]   |     6.221 | SLOW    |     2.571 | FAST    |
A_i[3][3][0]   | C_o[3][2][0]   |     4.777 | SLOW    |     2.481 | FAST    |
A_i[3][3][0]   | C_o[3][2][1]   |     4.952 | SLOW    |     2.401 | FAST    |
A_i[3][3][0]   | C_o[3][2][2]   |     5.279 | SLOW    |     2.446 | FAST    |
A_i[3][3][0]   | C_o[3][2][3]   |     5.500 | SLOW    |     2.474 | FAST    |
A_i[3][3][0]   | C_o[3][2][4]   |     5.690 | SLOW    |     2.468 | FAST    |
A_i[3][3][0]   | C_o[3][2][5]   |     5.760 | SLOW    |     2.496 | FAST    |
A_i[3][3][0]   | C_o[3][2][6]   |     5.860 | SLOW    |     2.484 | FAST    |
A_i[3][3][0]   | C_o[3][2][7]   |     5.923 | SLOW    |     2.512 | FAST    |
A_i[3][3][0]   | C_o[3][2][8]   |     6.221 | SLOW    |     2.571 | FAST    |
A_i[3][3][0]   | C_o[3][3][0]   |     4.777 | SLOW    |     2.481 | FAST    |
A_i[3][3][0]   | C_o[3][3][1]   |     4.952 | SLOW    |     2.401 | FAST    |
A_i[3][3][0]   | C_o[3][3][2]   |     5.279 | SLOW    |     2.446 | FAST    |
A_i[3][3][0]   | C_o[3][3][3]   |     5.500 | SLOW    |     2.474 | FAST    |
A_i[3][3][0]   | C_o[3][3][4]   |     5.690 | SLOW    |     2.468 | FAST    |
A_i[3][3][0]   | C_o[3][3][5]   |     5.760 | SLOW    |     2.496 | FAST    |
A_i[3][3][0]   | C_o[3][3][6]   |     5.860 | SLOW    |     2.484 | FAST    |
A_i[3][3][0]   | C_o[3][3][7]   |     5.923 | SLOW    |     2.512 | FAST    |
A_i[3][3][0]   | C_o[3][3][8]   |     6.221 | SLOW    |     2.571 | FAST    |
A_i[3][3][1]   | C_o[3][0][1]   |     5.060 | SLOW    |     2.632 | FAST    |
A_i[3][3][1]   | C_o[3][0][2]   |     5.272 | SLOW    |     2.564 | FAST    |
A_i[3][3][1]   | C_o[3][0][3]   |     5.493 | SLOW    |     2.592 | FAST    |
A_i[3][3][1]   | C_o[3][0][4]   |     5.683 | SLOW    |     2.619 | FAST    |
A_i[3][3][1]   | C_o[3][0][5]   |     5.753 | SLOW    |     2.614 | FAST    |
A_i[3][3][1]   | C_o[3][0][6]   |     5.851 | SLOW    |     2.628 | FAST    |
A_i[3][3][1]   | C_o[3][0][7]   |     5.914 | SLOW    |     2.656 | FAST    |
A_i[3][3][1]   | C_o[3][0][8]   |     6.192 | SLOW    |     2.696 | FAST    |
A_i[3][3][1]   | C_o[3][1][1]   |     5.060 | SLOW    |     2.632 | FAST    |
A_i[3][3][1]   | C_o[3][1][2]   |     5.272 | SLOW    |     2.564 | FAST    |
A_i[3][3][1]   | C_o[3][1][3]   |     5.493 | SLOW    |     2.592 | FAST    |
A_i[3][3][1]   | C_o[3][1][4]   |     5.683 | SLOW    |     2.619 | FAST    |
A_i[3][3][1]   | C_o[3][1][5]   |     5.753 | SLOW    |     2.614 | FAST    |
A_i[3][3][1]   | C_o[3][1][6]   |     5.851 | SLOW    |     2.628 | FAST    |
A_i[3][3][1]   | C_o[3][1][7]   |     5.914 | SLOW    |     2.656 | FAST    |
A_i[3][3][1]   | C_o[3][1][8]   |     6.192 | SLOW    |     2.696 | FAST    |
A_i[3][3][1]   | C_o[3][2][1]   |     5.060 | SLOW    |     2.632 | FAST    |
A_i[3][3][1]   | C_o[3][2][2]   |     5.272 | SLOW    |     2.564 | FAST    |
A_i[3][3][1]   | C_o[3][2][3]   |     5.493 | SLOW    |     2.592 | FAST    |
A_i[3][3][1]   | C_o[3][2][4]   |     5.683 | SLOW    |     2.619 | FAST    |
A_i[3][3][1]   | C_o[3][2][5]   |     5.753 | SLOW    |     2.614 | FAST    |
A_i[3][3][1]   | C_o[3][2][6]   |     5.851 | SLOW    |     2.628 | FAST    |
A_i[3][3][1]   | C_o[3][2][7]   |     5.914 | SLOW    |     2.656 | FAST    |
A_i[3][3][1]   | C_o[3][2][8]   |     6.192 | SLOW    |     2.696 | FAST    |
A_i[3][3][1]   | C_o[3][3][1]   |     5.060 | SLOW    |     2.632 | FAST    |
A_i[3][3][1]   | C_o[3][3][2]   |     5.272 | SLOW    |     2.564 | FAST    |
A_i[3][3][1]   | C_o[3][3][3]   |     5.493 | SLOW    |     2.592 | FAST    |
A_i[3][3][1]   | C_o[3][3][4]   |     5.683 | SLOW    |     2.619 | FAST    |
A_i[3][3][1]   | C_o[3][3][5]   |     5.753 | SLOW    |     2.614 | FAST    |
A_i[3][3][1]   | C_o[3][3][6]   |     5.851 | SLOW    |     2.628 | FAST    |
A_i[3][3][1]   | C_o[3][3][7]   |     5.914 | SLOW    |     2.656 | FAST    |
A_i[3][3][1]   | C_o[3][3][8]   |     6.192 | SLOW    |     2.696 | FAST    |
A_i[3][3][2]   | C_o[3][0][2]   |     4.931 | SLOW    |     2.564 | FAST    |
A_i[3][3][2]   | C_o[3][0][3]   |     5.295 | SLOW    |     2.502 | FAST    |
A_i[3][3][2]   | C_o[3][0][4]   |     5.502 | SLOW    |     2.529 | FAST    |
A_i[3][3][2]   | C_o[3][0][5]   |     5.694 | SLOW    |     2.558 | FAST    |
A_i[3][3][2]   | C_o[3][0][6]   |     5.853 | SLOW    |     2.574 | FAST    |
A_i[3][3][2]   | C_o[3][0][7]   |     5.916 | SLOW    |     2.593 | FAST    |
A_i[3][3][2]   | C_o[3][0][8]   |     6.214 | SLOW    |     2.616 | FAST    |
A_i[3][3][2]   | C_o[3][1][2]   |     4.931 | SLOW    |     2.564 | FAST    |
A_i[3][3][2]   | C_o[3][1][3]   |     5.295 | SLOW    |     2.502 | FAST    |
A_i[3][3][2]   | C_o[3][1][4]   |     5.502 | SLOW    |     2.529 | FAST    |
A_i[3][3][2]   | C_o[3][1][5]   |     5.694 | SLOW    |     2.558 | FAST    |
A_i[3][3][2]   | C_o[3][1][6]   |     5.853 | SLOW    |     2.574 | FAST    |
A_i[3][3][2]   | C_o[3][1][7]   |     5.916 | SLOW    |     2.593 | FAST    |
A_i[3][3][2]   | C_o[3][1][8]   |     6.214 | SLOW    |     2.616 | FAST    |
A_i[3][3][2]   | C_o[3][2][2]   |     4.931 | SLOW    |     2.564 | FAST    |
A_i[3][3][2]   | C_o[3][2][3]   |     5.295 | SLOW    |     2.502 | FAST    |
A_i[3][3][2]   | C_o[3][2][4]   |     5.502 | SLOW    |     2.529 | FAST    |
A_i[3][3][2]   | C_o[3][2][5]   |     5.694 | SLOW    |     2.558 | FAST    |
A_i[3][3][2]   | C_o[3][2][6]   |     5.853 | SLOW    |     2.574 | FAST    |
A_i[3][3][2]   | C_o[3][2][7]   |     5.916 | SLOW    |     2.593 | FAST    |
A_i[3][3][2]   | C_o[3][2][8]   |     6.214 | SLOW    |     2.616 | FAST    |
A_i[3][3][2]   | C_o[3][3][2]   |     4.931 | SLOW    |     2.564 | FAST    |
A_i[3][3][2]   | C_o[3][3][3]   |     5.295 | SLOW    |     2.502 | FAST    |
A_i[3][3][2]   | C_o[3][3][4]   |     5.502 | SLOW    |     2.529 | FAST    |
A_i[3][3][2]   | C_o[3][3][5]   |     5.694 | SLOW    |     2.558 | FAST    |
A_i[3][3][2]   | C_o[3][3][6]   |     5.853 | SLOW    |     2.574 | FAST    |
A_i[3][3][2]   | C_o[3][3][7]   |     5.916 | SLOW    |     2.593 | FAST    |
A_i[3][3][2]   | C_o[3][3][8]   |     6.214 | SLOW    |     2.616 | FAST    |
A_i[3][3][3]   | C_o[3][0][3]   |     5.053 | SLOW    |     2.636 | FAST    |
A_i[3][3][3]   | C_o[3][0][4]   |     5.299 | SLOW    |     2.561 | FAST    |
A_i[3][3][3]   | C_o[3][0][5]   |     5.506 | SLOW    |     2.590 | FAST    |
A_i[3][3][3]   | C_o[3][0][6]   |     5.706 | SLOW    |     2.608 | FAST    |
A_i[3][3][3]   | C_o[3][0][7]   |     5.868 | SLOW    |     2.636 | FAST    |
A_i[3][3][3]   | C_o[3][0][8]   |     6.206 | SLOW    |     2.677 | FAST    |
A_i[3][3][3]   | C_o[3][1][3]   |     5.053 | SLOW    |     2.636 | FAST    |
A_i[3][3][3]   | C_o[3][1][4]   |     5.299 | SLOW    |     2.561 | FAST    |
A_i[3][3][3]   | C_o[3][1][5]   |     5.506 | SLOW    |     2.590 | FAST    |
A_i[3][3][3]   | C_o[3][1][6]   |     5.706 | SLOW    |     2.608 | FAST    |
A_i[3][3][3]   | C_o[3][1][7]   |     5.868 | SLOW    |     2.636 | FAST    |
A_i[3][3][3]   | C_o[3][1][8]   |     6.206 | SLOW    |     2.677 | FAST    |
A_i[3][3][3]   | C_o[3][2][3]   |     5.053 | SLOW    |     2.636 | FAST    |
A_i[3][3][3]   | C_o[3][2][4]   |     5.299 | SLOW    |     2.561 | FAST    |
A_i[3][3][3]   | C_o[3][2][5]   |     5.506 | SLOW    |     2.590 | FAST    |
A_i[3][3][3]   | C_o[3][2][6]   |     5.706 | SLOW    |     2.608 | FAST    |
A_i[3][3][3]   | C_o[3][2][7]   |     5.868 | SLOW    |     2.636 | FAST    |
A_i[3][3][3]   | C_o[3][2][8]   |     6.206 | SLOW    |     2.677 | FAST    |
A_i[3][3][3]   | C_o[3][3][3]   |     5.053 | SLOW    |     2.636 | FAST    |
A_i[3][3][3]   | C_o[3][3][4]   |     5.299 | SLOW    |     2.561 | FAST    |
A_i[3][3][3]   | C_o[3][3][5]   |     5.506 | SLOW    |     2.590 | FAST    |
A_i[3][3][3]   | C_o[3][3][6]   |     5.706 | SLOW    |     2.608 | FAST    |
A_i[3][3][3]   | C_o[3][3][7]   |     5.868 | SLOW    |     2.636 | FAST    |
A_i[3][3][3]   | C_o[3][3][8]   |     6.206 | SLOW    |     2.677 | FAST    |
A_i[3][3][4]   | C_o[3][0][4]   |     5.283 | SLOW    |     2.761 | FAST    |
A_i[3][3][4]   | C_o[3][0][5]   |     5.677 | SLOW    |     2.688 | FAST    |
A_i[3][3][4]   | C_o[3][0][6]   |     5.882 | SLOW    |     2.662 | FAST    |
A_i[3][3][4]   | C_o[3][0][7]   |     6.044 | SLOW    |     2.690 | FAST    |
A_i[3][3][4]   | C_o[3][0][8]   |     6.382 | SLOW    |     2.750 | FAST    |
A_i[3][3][4]   | C_o[3][1][4]   |     5.283 | SLOW    |     2.761 | FAST    |
A_i[3][3][4]   | C_o[3][1][5]   |     5.708 | SLOW    |     2.688 | FAST    |
A_i[3][3][4]   | C_o[3][1][6]   |     5.913 | SLOW    |     2.662 | FAST    |
A_i[3][3][4]   | C_o[3][1][7]   |     6.075 | SLOW    |     2.690 | FAST    |
A_i[3][3][4]   | C_o[3][1][8]   |     6.413 | SLOW    |     2.750 | FAST    |
A_i[3][3][4]   | C_o[3][2][4]   |     5.283 | SLOW    |     2.761 | FAST    |
A_i[3][3][4]   | C_o[3][2][5]   |     5.677 | SLOW    |     2.688 | FAST    |
A_i[3][3][4]   | C_o[3][2][6]   |     5.882 | SLOW    |     2.662 | FAST    |
A_i[3][3][4]   | C_o[3][2][7]   |     6.044 | SLOW    |     2.690 | FAST    |
A_i[3][3][4]   | C_o[3][2][8]   |     6.382 | SLOW    |     2.750 | FAST    |
A_i[3][3][4]   | C_o[3][3][4]   |     5.283 | SLOW    |     2.761 | FAST    |
A_i[3][3][4]   | C_o[3][3][5]   |     5.708 | SLOW    |     2.688 | FAST    |
A_i[3][3][4]   | C_o[3][3][6]   |     5.913 | SLOW    |     2.662 | FAST    |
A_i[3][3][4]   | C_o[3][3][7]   |     6.075 | SLOW    |     2.690 | FAST    |
A_i[3][3][4]   | C_o[3][3][8]   |     6.413 | SLOW    |     2.750 | FAST    |
A_i[3][3][5]   | C_o[3][0][5]   |     5.468 | SLOW    |     2.860 | FAST    |
A_i[3][3][5]   | C_o[3][0][6]   |     5.673 | SLOW    |     2.773 | FAST    |
A_i[3][3][5]   | C_o[3][0][7]   |     5.835 | SLOW    |     2.720 | FAST    |
A_i[3][3][5]   | C_o[3][0][8]   |     6.173 | SLOW    |     2.749 | FAST    |
A_i[3][3][5]   | C_o[3][1][5]   |     5.468 | SLOW    |     2.860 | FAST    |
A_i[3][3][5]   | C_o[3][1][6]   |     5.673 | SLOW    |     2.773 | FAST    |
A_i[3][3][5]   | C_o[3][1][7]   |     5.835 | SLOW    |     2.720 | FAST    |
A_i[3][3][5]   | C_o[3][1][8]   |     6.173 | SLOW    |     2.749 | FAST    |
A_i[3][3][5]   | C_o[3][2][5]   |     5.468 | SLOW    |     2.860 | FAST    |
A_i[3][3][5]   | C_o[3][2][6]   |     5.673 | SLOW    |     2.773 | FAST    |
A_i[3][3][5]   | C_o[3][2][7]   |     5.835 | SLOW    |     2.720 | FAST    |
A_i[3][3][5]   | C_o[3][2][8]   |     6.173 | SLOW    |     2.749 | FAST    |
A_i[3][3][5]   | C_o[3][3][5]   |     5.468 | SLOW    |     2.860 | FAST    |
A_i[3][3][5]   | C_o[3][3][6]   |     5.673 | SLOW    |     2.773 | FAST    |
A_i[3][3][5]   | C_o[3][3][7]   |     5.835 | SLOW    |     2.720 | FAST    |
A_i[3][3][5]   | C_o[3][3][8]   |     6.173 | SLOW    |     2.749 | FAST    |
A_i[3][3][6]   | C_o[3][0][6]   |     5.244 | SLOW    |     2.738 | FAST    |
A_i[3][3][6]   | C_o[3][0][7]   |     5.487 | SLOW    |     2.685 | FAST    |
A_i[3][3][6]   | C_o[3][0][8]   |     5.920 | SLOW    |     2.635 | FAST    |
A_i[3][3][6]   | C_o[3][1][6]   |     5.244 | SLOW    |     2.738 | FAST    |
A_i[3][3][6]   | C_o[3][1][7]   |     5.487 | SLOW    |     2.685 | FAST    |
A_i[3][3][6]   | C_o[3][1][8]   |     5.920 | SLOW    |     2.635 | FAST    |
A_i[3][3][6]   | C_o[3][2][6]   |     5.244 | SLOW    |     2.738 | FAST    |
A_i[3][3][6]   | C_o[3][2][7]   |     5.487 | SLOW    |     2.685 | FAST    |
A_i[3][3][6]   | C_o[3][2][8]   |     5.920 | SLOW    |     2.635 | FAST    |
A_i[3][3][6]   | C_o[3][3][6]   |     5.244 | SLOW    |     2.738 | FAST    |
A_i[3][3][6]   | C_o[3][3][7]   |     5.487 | SLOW    |     2.685 | FAST    |
A_i[3][3][6]   | C_o[3][3][8]   |     5.920 | SLOW    |     2.635 | FAST    |
A_i[3][3][7]   | C_o[3][0][7]   |     5.293 | SLOW    |     2.770 | FAST    |
A_i[3][3][7]   | C_o[3][0][8]   |     5.761 | SLOW    |     2.708 | FAST    |
A_i[3][3][7]   | C_o[3][1][7]   |     5.293 | SLOW    |     2.770 | FAST    |
A_i[3][3][7]   | C_o[3][1][8]   |     5.783 | SLOW    |     2.708 | FAST    |
A_i[3][3][7]   | C_o[3][2][7]   |     5.293 | SLOW    |     2.770 | FAST    |
A_i[3][3][7]   | C_o[3][2][8]   |     5.783 | SLOW    |     2.708 | FAST    |
A_i[3][3][7]   | C_o[3][3][7]   |     5.293 | SLOW    |     2.770 | FAST    |
A_i[3][3][7]   | C_o[3][3][8]   |     5.783 | SLOW    |     2.708 | FAST    |
A_i[3][3][8]   | C_o[3][0][8]   |     5.736 | SLOW    |     3.012 | FAST    |
A_i[3][3][8]   | C_o[3][1][8]   |     5.758 | SLOW    |     3.026 | FAST    |
A_i[3][3][8]   | C_o[3][2][8]   |     5.758 | SLOW    |     3.026 | FAST    |
A_i[3][3][8]   | C_o[3][3][8]   |     5.758 | SLOW    |     3.026 | FAST    |
B_i[0][0][0]   | C_o[0][0][0]   |     4.652 | SLOW    |     2.413 | FAST    |
B_i[0][0][0]   | C_o[0][0][1]   |     5.037 | SLOW    |     2.440 | FAST    |
B_i[0][0][0]   | C_o[0][0][2]   |     5.168 | SLOW    |     2.482 | FAST    |
B_i[0][0][0]   | C_o[0][0][3]   |     5.230 | SLOW    |     2.472 | FAST    |
B_i[0][0][0]   | C_o[0][0][4]   |     5.399 | SLOW    |     2.504 | FAST    |
B_i[0][0][0]   | C_o[0][0][5]   |     5.469 | SLOW    |     2.532 | FAST    |
B_i[0][0][0]   | C_o[0][0][6]   |     5.538 | SLOW    |     2.520 | FAST    |
B_i[0][0][0]   | C_o[0][0][7]   |     5.706 | SLOW    |     2.548 | FAST    |
B_i[0][0][0]   | C_o[0][0][8]   |     6.044 | SLOW    |     2.577 | FAST    |
B_i[0][0][0]   | C_o[1][0][0]   |     4.652 | SLOW    |     2.413 | FAST    |
B_i[0][0][0]   | C_o[1][0][1]   |     5.037 | SLOW    |     2.440 | FAST    |
B_i[0][0][0]   | C_o[1][0][2]   |     5.168 | SLOW    |     2.482 | FAST    |
B_i[0][0][0]   | C_o[1][0][3]   |     5.230 | SLOW    |     2.472 | FAST    |
B_i[0][0][0]   | C_o[1][0][4]   |     5.399 | SLOW    |     2.504 | FAST    |
B_i[0][0][0]   | C_o[1][0][5]   |     5.469 | SLOW    |     2.532 | FAST    |
B_i[0][0][0]   | C_o[1][0][6]   |     5.538 | SLOW    |     2.520 | FAST    |
B_i[0][0][0]   | C_o[1][0][7]   |     5.706 | SLOW    |     2.548 | FAST    |
B_i[0][0][0]   | C_o[1][0][8]   |     6.044 | SLOW    |     2.577 | FAST    |
B_i[0][0][0]   | C_o[2][0][0]   |     4.652 | SLOW    |     2.413 | FAST    |
B_i[0][0][0]   | C_o[2][0][1]   |     5.037 | SLOW    |     2.440 | FAST    |
B_i[0][0][0]   | C_o[2][0][2]   |     5.168 | SLOW    |     2.482 | FAST    |
B_i[0][0][0]   | C_o[2][0][3]   |     5.230 | SLOW    |     2.472 | FAST    |
B_i[0][0][0]   | C_o[2][0][4]   |     5.399 | SLOW    |     2.504 | FAST    |
B_i[0][0][0]   | C_o[2][0][5]   |     5.469 | SLOW    |     2.532 | FAST    |
B_i[0][0][0]   | C_o[2][0][6]   |     5.538 | SLOW    |     2.520 | FAST    |
B_i[0][0][0]   | C_o[2][0][7]   |     5.706 | SLOW    |     2.548 | FAST    |
B_i[0][0][0]   | C_o[2][0][8]   |     6.044 | SLOW    |     2.577 | FAST    |
B_i[0][0][0]   | C_o[3][0][0]   |     4.652 | SLOW    |     2.413 | FAST    |
B_i[0][0][0]   | C_o[3][0][1]   |     5.037 | SLOW    |     2.440 | FAST    |
B_i[0][0][0]   | C_o[3][0][2]   |     5.168 | SLOW    |     2.482 | FAST    |
B_i[0][0][0]   | C_o[3][0][3]   |     5.230 | SLOW    |     2.472 | FAST    |
B_i[0][0][0]   | C_o[3][0][4]   |     5.399 | SLOW    |     2.504 | FAST    |
B_i[0][0][0]   | C_o[3][0][5]   |     5.469 | SLOW    |     2.532 | FAST    |
B_i[0][0][0]   | C_o[3][0][6]   |     5.538 | SLOW    |     2.520 | FAST    |
B_i[0][0][0]   | C_o[3][0][7]   |     5.706 | SLOW    |     2.548 | FAST    |
B_i[0][0][0]   | C_o[3][0][8]   |     6.044 | SLOW    |     2.577 | FAST    |
B_i[0][0][1]   | C_o[0][0][1]   |     4.951 | SLOW    |     2.579 | FAST    |
B_i[0][0][1]   | C_o[0][0][2]   |     5.105 | SLOW    |     2.519 | FAST    |
B_i[0][0][1]   | C_o[0][0][3]   |     5.300 | SLOW    |     2.544 | FAST    |
B_i[0][0][1]   | C_o[0][0][4]   |     5.490 | SLOW    |     2.538 | FAST    |
B_i[0][0][1]   | C_o[0][0][5]   |     5.560 | SLOW    |     2.566 | FAST    |
B_i[0][0][1]   | C_o[0][0][6]   |     5.705 | SLOW    |     2.555 | FAST    |
B_i[0][0][1]   | C_o[0][0][7]   |     5.873 | SLOW    |     2.583 | FAST    |
B_i[0][0][1]   | C_o[0][0][8]   |     6.211 | SLOW    |     2.586 | FAST    |
B_i[0][0][1]   | C_o[1][0][1]   |     4.951 | SLOW    |     2.579 | FAST    |
B_i[0][0][1]   | C_o[1][0][2]   |     5.105 | SLOW    |     2.519 | FAST    |
B_i[0][0][1]   | C_o[1][0][3]   |     5.300 | SLOW    |     2.544 | FAST    |
B_i[0][0][1]   | C_o[1][0][4]   |     5.490 | SLOW    |     2.538 | FAST    |
B_i[0][0][1]   | C_o[1][0][5]   |     5.560 | SLOW    |     2.566 | FAST    |
B_i[0][0][1]   | C_o[1][0][6]   |     5.705 | SLOW    |     2.555 | FAST    |
B_i[0][0][1]   | C_o[1][0][7]   |     5.873 | SLOW    |     2.583 | FAST    |
B_i[0][0][1]   | C_o[1][0][8]   |     6.211 | SLOW    |     2.586 | FAST    |
B_i[0][0][1]   | C_o[2][0][1]   |     4.951 | SLOW    |     2.579 | FAST    |
B_i[0][0][1]   | C_o[2][0][2]   |     5.105 | SLOW    |     2.519 | FAST    |
B_i[0][0][1]   | C_o[2][0][3]   |     5.300 | SLOW    |     2.544 | FAST    |
B_i[0][0][1]   | C_o[2][0][4]   |     5.490 | SLOW    |     2.538 | FAST    |
B_i[0][0][1]   | C_o[2][0][5]   |     5.560 | SLOW    |     2.566 | FAST    |
B_i[0][0][1]   | C_o[2][0][6]   |     5.705 | SLOW    |     2.555 | FAST    |
B_i[0][0][1]   | C_o[2][0][7]   |     5.873 | SLOW    |     2.583 | FAST    |
B_i[0][0][1]   | C_o[2][0][8]   |     6.211 | SLOW    |     2.586 | FAST    |
B_i[0][0][1]   | C_o[3][0][1]   |     4.951 | SLOW    |     2.579 | FAST    |
B_i[0][0][1]   | C_o[3][0][2]   |     5.105 | SLOW    |     2.519 | FAST    |
B_i[0][0][1]   | C_o[3][0][3]   |     5.300 | SLOW    |     2.544 | FAST    |
B_i[0][0][1]   | C_o[3][0][4]   |     5.490 | SLOW    |     2.538 | FAST    |
B_i[0][0][1]   | C_o[3][0][5]   |     5.560 | SLOW    |     2.566 | FAST    |
B_i[0][0][1]   | C_o[3][0][6]   |     5.705 | SLOW    |     2.555 | FAST    |
B_i[0][0][1]   | C_o[3][0][7]   |     5.873 | SLOW    |     2.583 | FAST    |
B_i[0][0][1]   | C_o[3][0][8]   |     6.211 | SLOW    |     2.586 | FAST    |
B_i[0][0][2]   | C_o[0][0][2]   |     5.110 | SLOW    |     2.669 | FAST    |
B_i[0][0][2]   | C_o[0][0][3]   |     5.305 | SLOW    |     2.576 | FAST    |
B_i[0][0][2]   | C_o[0][0][4]   |     5.495 | SLOW    |     2.578 | FAST    |
B_i[0][0][2]   | C_o[0][0][5]   |     5.565 | SLOW    |     2.569 | FAST    |
B_i[0][0][2]   | C_o[0][0][6]   |     5.663 | SLOW    |     2.614 | FAST    |
B_i[0][0][2]   | C_o[0][0][7]   |     5.726 | SLOW    |     2.642 | FAST    |
B_i[0][0][2]   | C_o[0][0][8]   |     6.133 | SLOW    |     2.645 | FAST    |
B_i[0][0][2]   | C_o[1][0][2]   |     5.110 | SLOW    |     2.669 | FAST    |
B_i[0][0][2]   | C_o[1][0][3]   |     5.305 | SLOW    |     2.576 | FAST    |
B_i[0][0][2]   | C_o[1][0][4]   |     5.495 | SLOW    |     2.578 | FAST    |
B_i[0][0][2]   | C_o[1][0][5]   |     5.565 | SLOW    |     2.569 | FAST    |
B_i[0][0][2]   | C_o[1][0][6]   |     5.663 | SLOW    |     2.614 | FAST    |
B_i[0][0][2]   | C_o[1][0][7]   |     5.726 | SLOW    |     2.642 | FAST    |
B_i[0][0][2]   | C_o[1][0][8]   |     6.133 | SLOW    |     2.645 | FAST    |
B_i[0][0][2]   | C_o[2][0][2]   |     5.110 | SLOW    |     2.669 | FAST    |
B_i[0][0][2]   | C_o[2][0][3]   |     5.305 | SLOW    |     2.576 | FAST    |
B_i[0][0][2]   | C_o[2][0][4]   |     5.495 | SLOW    |     2.578 | FAST    |
B_i[0][0][2]   | C_o[2][0][5]   |     5.565 | SLOW    |     2.569 | FAST    |
B_i[0][0][2]   | C_o[2][0][6]   |     5.663 | SLOW    |     2.614 | FAST    |
B_i[0][0][2]   | C_o[2][0][7]   |     5.726 | SLOW    |     2.642 | FAST    |
B_i[0][0][2]   | C_o[2][0][8]   |     6.133 | SLOW    |     2.645 | FAST    |
B_i[0][0][2]   | C_o[3][0][2]   |     5.110 | SLOW    |     2.669 | FAST    |
B_i[0][0][2]   | C_o[3][0][3]   |     5.305 | SLOW    |     2.576 | FAST    |
B_i[0][0][2]   | C_o[3][0][4]   |     5.495 | SLOW    |     2.578 | FAST    |
B_i[0][0][2]   | C_o[3][0][5]   |     5.565 | SLOW    |     2.569 | FAST    |
B_i[0][0][2]   | C_o[3][0][6]   |     5.663 | SLOW    |     2.614 | FAST    |
B_i[0][0][2]   | C_o[3][0][7]   |     5.726 | SLOW    |     2.642 | FAST    |
B_i[0][0][2]   | C_o[3][0][8]   |     6.133 | SLOW    |     2.645 | FAST    |
B_i[0][0][3]   | C_o[0][0][3]   |     5.030 | SLOW    |     2.622 | FAST    |
B_i[0][0][3]   | C_o[0][0][4]   |     5.275 | SLOW    |     2.557 | FAST    |
B_i[0][0][3]   | C_o[0][0][5]   |     5.467 | SLOW    |     2.573 | FAST    |
B_i[0][0][3]   | C_o[0][0][6]   |     5.626 | SLOW    |     2.604 | FAST    |
B_i[0][0][3]   | C_o[0][0][7]   |     5.689 | SLOW    |     2.632 | FAST    |
B_i[0][0][3]   | C_o[0][0][8]   |     6.128 | SLOW    |     2.636 | FAST    |
B_i[0][0][3]   | C_o[1][0][3]   |     5.030 | SLOW    |     2.622 | FAST    |
B_i[0][0][3]   | C_o[1][0][4]   |     5.275 | SLOW    |     2.557 | FAST    |
B_i[0][0][3]   | C_o[1][0][5]   |     5.467 | SLOW    |     2.573 | FAST    |
B_i[0][0][3]   | C_o[1][0][6]   |     5.626 | SLOW    |     2.604 | FAST    |
B_i[0][0][3]   | C_o[1][0][7]   |     5.689 | SLOW    |     2.632 | FAST    |
B_i[0][0][3]   | C_o[1][0][8]   |     6.128 | SLOW    |     2.636 | FAST    |
B_i[0][0][3]   | C_o[2][0][3]   |     5.030 | SLOW    |     2.622 | FAST    |
B_i[0][0][3]   | C_o[2][0][4]   |     5.275 | SLOW    |     2.557 | FAST    |
B_i[0][0][3]   | C_o[2][0][5]   |     5.467 | SLOW    |     2.573 | FAST    |
B_i[0][0][3]   | C_o[2][0][6]   |     5.626 | SLOW    |     2.604 | FAST    |
B_i[0][0][3]   | C_o[2][0][7]   |     5.689 | SLOW    |     2.632 | FAST    |
B_i[0][0][3]   | C_o[2][0][8]   |     6.128 | SLOW    |     2.636 | FAST    |
B_i[0][0][3]   | C_o[3][0][3]   |     5.030 | SLOW    |     2.622 | FAST    |
B_i[0][0][3]   | C_o[3][0][4]   |     5.275 | SLOW    |     2.557 | FAST    |
B_i[0][0][3]   | C_o[3][0][5]   |     5.467 | SLOW    |     2.573 | FAST    |
B_i[0][0][3]   | C_o[3][0][6]   |     5.626 | SLOW    |     2.604 | FAST    |
B_i[0][0][3]   | C_o[3][0][7]   |     5.689 | SLOW    |     2.632 | FAST    |
B_i[0][0][3]   | C_o[3][0][8]   |     6.128 | SLOW    |     2.636 | FAST    |
B_i[0][0][4]   | C_o[0][0][4]   |     5.041 | SLOW    |     2.625 | FAST    |
B_i[0][0][4]   | C_o[0][0][5]   |     5.285 | SLOW    |     2.563 | FAST    |
B_i[0][0][4]   | C_o[0][0][6]   |     5.488 | SLOW    |     2.608 | FAST    |
B_i[0][0][4]   | C_o[0][0][7]   |     5.656 | SLOW    |     2.636 | FAST    |
B_i[0][0][4]   | C_o[0][0][8]   |     6.151 | SLOW    |     2.639 | FAST    |
B_i[0][0][4]   | C_o[1][0][4]   |     5.041 | SLOW    |     2.625 | FAST    |
B_i[0][0][4]   | C_o[1][0][5]   |     5.285 | SLOW    |     2.563 | FAST    |
B_i[0][0][4]   | C_o[1][0][6]   |     5.488 | SLOW    |     2.608 | FAST    |
B_i[0][0][4]   | C_o[1][0][7]   |     5.656 | SLOW    |     2.636 | FAST    |
B_i[0][0][4]   | C_o[1][0][8]   |     6.151 | SLOW    |     2.639 | FAST    |
B_i[0][0][4]   | C_o[2][0][4]   |     5.041 | SLOW    |     2.625 | FAST    |
B_i[0][0][4]   | C_o[2][0][5]   |     5.285 | SLOW    |     2.563 | FAST    |
B_i[0][0][4]   | C_o[2][0][6]   |     5.488 | SLOW    |     2.608 | FAST    |
B_i[0][0][4]   | C_o[2][0][7]   |     5.656 | SLOW    |     2.636 | FAST    |
B_i[0][0][4]   | C_o[2][0][8]   |     6.151 | SLOW    |     2.639 | FAST    |
B_i[0][0][4]   | C_o[3][0][4]   |     5.041 | SLOW    |     2.625 | FAST    |
B_i[0][0][4]   | C_o[3][0][5]   |     5.285 | SLOW    |     2.563 | FAST    |
B_i[0][0][4]   | C_o[3][0][6]   |     5.488 | SLOW    |     2.608 | FAST    |
B_i[0][0][4]   | C_o[3][0][7]   |     5.656 | SLOW    |     2.636 | FAST    |
B_i[0][0][4]   | C_o[3][0][8]   |     6.151 | SLOW    |     2.639 | FAST    |
B_i[0][0][5]   | C_o[0][0][5]   |     5.232 | SLOW    |     2.737 | FAST    |
B_i[0][0][5]   | C_o[0][0][6]   |     5.477 | SLOW    |     2.672 | FAST    |
B_i[0][0][5]   | C_o[0][0][7]   |     5.645 | SLOW    |     2.700 | FAST    |
B_i[0][0][5]   | C_o[0][0][8]   |     6.118 | SLOW    |     2.703 | FAST    |
B_i[0][0][5]   | C_o[1][0][5]   |     5.232 | SLOW    |     2.737 | FAST    |
B_i[0][0][5]   | C_o[1][0][6]   |     5.477 | SLOW    |     2.672 | FAST    |
B_i[0][0][5]   | C_o[1][0][7]   |     5.645 | SLOW    |     2.700 | FAST    |
B_i[0][0][5]   | C_o[1][0][8]   |     6.118 | SLOW    |     2.703 | FAST    |
B_i[0][0][5]   | C_o[2][0][5]   |     5.232 | SLOW    |     2.737 | FAST    |
B_i[0][0][5]   | C_o[2][0][6]   |     5.477 | SLOW    |     2.672 | FAST    |
B_i[0][0][5]   | C_o[2][0][7]   |     5.645 | SLOW    |     2.700 | FAST    |
B_i[0][0][5]   | C_o[2][0][8]   |     6.118 | SLOW    |     2.703 | FAST    |
B_i[0][0][5]   | C_o[3][0][5]   |     5.232 | SLOW    |     2.737 | FAST    |
B_i[0][0][5]   | C_o[3][0][6]   |     5.477 | SLOW    |     2.672 | FAST    |
B_i[0][0][5]   | C_o[3][0][7]   |     5.645 | SLOW    |     2.700 | FAST    |
B_i[0][0][5]   | C_o[3][0][8]   |     6.118 | SLOW    |     2.703 | FAST    |
B_i[0][0][6]   | C_o[0][0][6]   |     5.221 | SLOW    |     2.725 | FAST    |
B_i[0][0][6]   | C_o[0][0][7]   |     5.472 | SLOW    |     2.694 | FAST    |
B_i[0][0][6]   | C_o[0][0][8]   |     6.105 | SLOW    |     2.693 | FAST    |
B_i[0][0][6]   | C_o[1][0][6]   |     5.221 | SLOW    |     2.725 | FAST    |
B_i[0][0][6]   | C_o[1][0][7]   |     5.472 | SLOW    |     2.694 | FAST    |
B_i[0][0][6]   | C_o[1][0][8]   |     6.105 | SLOW    |     2.693 | FAST    |
B_i[0][0][6]   | C_o[2][0][6]   |     5.221 | SLOW    |     2.725 | FAST    |
B_i[0][0][6]   | C_o[2][0][7]   |     5.472 | SLOW    |     2.694 | FAST    |
B_i[0][0][6]   | C_o[2][0][8]   |     6.105 | SLOW    |     2.693 | FAST    |
B_i[0][0][6]   | C_o[3][0][6]   |     5.221 | SLOW    |     2.725 | FAST    |
B_i[0][0][6]   | C_o[3][0][7]   |     5.472 | SLOW    |     2.694 | FAST    |
B_i[0][0][6]   | C_o[3][0][8]   |     6.105 | SLOW    |     2.693 | FAST    |
B_i[0][0][7]   | C_o[0][0][7]   |     5.237 | SLOW    |     2.740 | FAST    |
B_i[0][0][7]   | C_o[0][0][8]   |     5.881 | SLOW    |     2.739 | FAST    |
B_i[0][0][7]   | C_o[1][0][7]   |     5.237 | SLOW    |     2.740 | FAST    |
B_i[0][0][7]   | C_o[1][0][8]   |     5.881 | SLOW    |     2.739 | FAST    |
B_i[0][0][7]   | C_o[2][0][7]   |     5.237 | SLOW    |     2.740 | FAST    |
B_i[0][0][7]   | C_o[2][0][8]   |     5.881 | SLOW    |     2.739 | FAST    |
B_i[0][0][7]   | C_o[3][0][7]   |     5.237 | SLOW    |     2.740 | FAST    |
B_i[0][0][7]   | C_o[3][0][8]   |     5.881 | SLOW    |     2.739 | FAST    |
B_i[0][0][8]   | C_o[0][0][8]   |     5.687 | SLOW    |     2.995 | FAST    |
B_i[0][0][8]   | C_o[1][0][8]   |     5.687 | SLOW    |     2.995 | FAST    |
B_i[0][0][8]   | C_o[2][0][8]   |     5.687 | SLOW    |     2.995 | FAST    |
B_i[0][0][8]   | C_o[3][0][8]   |     5.687 | SLOW    |     2.995 | FAST    |
B_i[0][1][0]   | C_o[0][1][0]   |     4.652 | SLOW    |     2.413 | FAST    |
B_i[0][1][0]   | C_o[0][1][1]   |     5.037 | SLOW    |     2.440 | FAST    |
B_i[0][1][0]   | C_o[0][1][2]   |     5.168 | SLOW    |     2.482 | FAST    |
B_i[0][1][0]   | C_o[0][1][3]   |     5.230 | SLOW    |     2.472 | FAST    |
B_i[0][1][0]   | C_o[0][1][4]   |     5.399 | SLOW    |     2.504 | FAST    |
B_i[0][1][0]   | C_o[0][1][5]   |     5.469 | SLOW    |     2.532 | FAST    |
B_i[0][1][0]   | C_o[0][1][6]   |     5.538 | SLOW    |     2.520 | FAST    |
B_i[0][1][0]   | C_o[0][1][7]   |     5.706 | SLOW    |     2.548 | FAST    |
B_i[0][1][0]   | C_o[0][1][8]   |     6.044 | SLOW    |     2.577 | FAST    |
B_i[0][1][0]   | C_o[1][1][0]   |     4.652 | SLOW    |     2.413 | FAST    |
B_i[0][1][0]   | C_o[1][1][1]   |     5.037 | SLOW    |     2.440 | FAST    |
B_i[0][1][0]   | C_o[1][1][2]   |     5.168 | SLOW    |     2.482 | FAST    |
B_i[0][1][0]   | C_o[1][1][3]   |     5.230 | SLOW    |     2.472 | FAST    |
B_i[0][1][0]   | C_o[1][1][4]   |     5.399 | SLOW    |     2.504 | FAST    |
B_i[0][1][0]   | C_o[1][1][5]   |     5.469 | SLOW    |     2.532 | FAST    |
B_i[0][1][0]   | C_o[1][1][6]   |     5.538 | SLOW    |     2.520 | FAST    |
B_i[0][1][0]   | C_o[1][1][7]   |     5.706 | SLOW    |     2.548 | FAST    |
B_i[0][1][0]   | C_o[1][1][8]   |     6.044 | SLOW    |     2.577 | FAST    |
B_i[0][1][0]   | C_o[2][1][0]   |     4.652 | SLOW    |     2.413 | FAST    |
B_i[0][1][0]   | C_o[2][1][1]   |     5.037 | SLOW    |     2.440 | FAST    |
B_i[0][1][0]   | C_o[2][1][2]   |     5.168 | SLOW    |     2.482 | FAST    |
B_i[0][1][0]   | C_o[2][1][3]   |     5.230 | SLOW    |     2.472 | FAST    |
B_i[0][1][0]   | C_o[2][1][4]   |     5.399 | SLOW    |     2.504 | FAST    |
B_i[0][1][0]   | C_o[2][1][5]   |     5.469 | SLOW    |     2.532 | FAST    |
B_i[0][1][0]   | C_o[2][1][6]   |     5.538 | SLOW    |     2.520 | FAST    |
B_i[0][1][0]   | C_o[2][1][7]   |     5.706 | SLOW    |     2.548 | FAST    |
B_i[0][1][0]   | C_o[2][1][8]   |     6.044 | SLOW    |     2.577 | FAST    |
B_i[0][1][0]   | C_o[3][1][0]   |     4.652 | SLOW    |     2.413 | FAST    |
B_i[0][1][0]   | C_o[3][1][1]   |     5.037 | SLOW    |     2.440 | FAST    |
B_i[0][1][0]   | C_o[3][1][2]   |     5.168 | SLOW    |     2.482 | FAST    |
B_i[0][1][0]   | C_o[3][1][3]   |     5.230 | SLOW    |     2.472 | FAST    |
B_i[0][1][0]   | C_o[3][1][4]   |     5.399 | SLOW    |     2.504 | FAST    |
B_i[0][1][0]   | C_o[3][1][5]   |     5.469 | SLOW    |     2.532 | FAST    |
B_i[0][1][0]   | C_o[3][1][6]   |     5.538 | SLOW    |     2.520 | FAST    |
B_i[0][1][0]   | C_o[3][1][7]   |     5.706 | SLOW    |     2.548 | FAST    |
B_i[0][1][0]   | C_o[3][1][8]   |     6.044 | SLOW    |     2.577 | FAST    |
B_i[0][1][1]   | C_o[0][1][1]   |     4.951 | SLOW    |     2.579 | FAST    |
B_i[0][1][1]   | C_o[0][1][2]   |     5.105 | SLOW    |     2.519 | FAST    |
B_i[0][1][1]   | C_o[0][1][3]   |     5.300 | SLOW    |     2.544 | FAST    |
B_i[0][1][1]   | C_o[0][1][4]   |     5.490 | SLOW    |     2.538 | FAST    |
B_i[0][1][1]   | C_o[0][1][5]   |     5.560 | SLOW    |     2.566 | FAST    |
B_i[0][1][1]   | C_o[0][1][6]   |     5.736 | SLOW    |     2.555 | FAST    |
B_i[0][1][1]   | C_o[0][1][7]   |     5.904 | SLOW    |     2.583 | FAST    |
B_i[0][1][1]   | C_o[0][1][8]   |     6.242 | SLOW    |     2.586 | FAST    |
B_i[0][1][1]   | C_o[1][1][1]   |     4.951 | SLOW    |     2.579 | FAST    |
B_i[0][1][1]   | C_o[1][1][2]   |     5.105 | SLOW    |     2.519 | FAST    |
B_i[0][1][1]   | C_o[1][1][3]   |     5.300 | SLOW    |     2.544 | FAST    |
B_i[0][1][1]   | C_o[1][1][4]   |     5.490 | SLOW    |     2.538 | FAST    |
B_i[0][1][1]   | C_o[1][1][5]   |     5.560 | SLOW    |     2.566 | FAST    |
B_i[0][1][1]   | C_o[1][1][6]   |     5.736 | SLOW    |     2.555 | FAST    |
B_i[0][1][1]   | C_o[1][1][7]   |     5.904 | SLOW    |     2.583 | FAST    |
B_i[0][1][1]   | C_o[1][1][8]   |     6.242 | SLOW    |     2.586 | FAST    |
B_i[0][1][1]   | C_o[2][1][1]   |     4.951 | SLOW    |     2.579 | FAST    |
B_i[0][1][1]   | C_o[2][1][2]   |     5.105 | SLOW    |     2.519 | FAST    |
B_i[0][1][1]   | C_o[2][1][3]   |     5.300 | SLOW    |     2.544 | FAST    |
B_i[0][1][1]   | C_o[2][1][4]   |     5.490 | SLOW    |     2.538 | FAST    |
B_i[0][1][1]   | C_o[2][1][5]   |     5.560 | SLOW    |     2.566 | FAST    |
B_i[0][1][1]   | C_o[2][1][6]   |     5.736 | SLOW    |     2.555 | FAST    |
B_i[0][1][1]   | C_o[2][1][7]   |     5.904 | SLOW    |     2.583 | FAST    |
B_i[0][1][1]   | C_o[2][1][8]   |     6.242 | SLOW    |     2.586 | FAST    |
B_i[0][1][1]   | C_o[3][1][1]   |     4.951 | SLOW    |     2.579 | FAST    |
B_i[0][1][1]   | C_o[3][1][2]   |     5.105 | SLOW    |     2.519 | FAST    |
B_i[0][1][1]   | C_o[3][1][3]   |     5.300 | SLOW    |     2.544 | FAST    |
B_i[0][1][1]   | C_o[3][1][4]   |     5.490 | SLOW    |     2.538 | FAST    |
B_i[0][1][1]   | C_o[3][1][5]   |     5.560 | SLOW    |     2.566 | FAST    |
B_i[0][1][1]   | C_o[3][1][6]   |     5.736 | SLOW    |     2.555 | FAST    |
B_i[0][1][1]   | C_o[3][1][7]   |     5.904 | SLOW    |     2.583 | FAST    |
B_i[0][1][1]   | C_o[3][1][8]   |     6.242 | SLOW    |     2.586 | FAST    |
B_i[0][1][2]   | C_o[0][1][2]   |     5.110 | SLOW    |     2.669 | FAST    |
B_i[0][1][2]   | C_o[0][1][3]   |     5.305 | SLOW    |     2.576 | FAST    |
B_i[0][1][2]   | C_o[0][1][4]   |     5.495 | SLOW    |     2.578 | FAST    |
B_i[0][1][2]   | C_o[0][1][5]   |     5.565 | SLOW    |     2.569 | FAST    |
B_i[0][1][2]   | C_o[0][1][6]   |     5.663 | SLOW    |     2.614 | FAST    |
B_i[0][1][2]   | C_o[0][1][7]   |     5.726 | SLOW    |     2.642 | FAST    |
B_i[0][1][2]   | C_o[0][1][8]   |     6.133 | SLOW    |     2.645 | FAST    |
B_i[0][1][2]   | C_o[1][1][2]   |     5.110 | SLOW    |     2.669 | FAST    |
B_i[0][1][2]   | C_o[1][1][3]   |     5.305 | SLOW    |     2.576 | FAST    |
B_i[0][1][2]   | C_o[1][1][4]   |     5.495 | SLOW    |     2.578 | FAST    |
B_i[0][1][2]   | C_o[1][1][5]   |     5.565 | SLOW    |     2.569 | FAST    |
B_i[0][1][2]   | C_o[1][1][6]   |     5.663 | SLOW    |     2.614 | FAST    |
B_i[0][1][2]   | C_o[1][1][7]   |     5.726 | SLOW    |     2.642 | FAST    |
B_i[0][1][2]   | C_o[1][1][8]   |     6.133 | SLOW    |     2.645 | FAST    |
B_i[0][1][2]   | C_o[2][1][2]   |     5.110 | SLOW    |     2.669 | FAST    |
B_i[0][1][2]   | C_o[2][1][3]   |     5.305 | SLOW    |     2.576 | FAST    |
B_i[0][1][2]   | C_o[2][1][4]   |     5.495 | SLOW    |     2.578 | FAST    |
B_i[0][1][2]   | C_o[2][1][5]   |     5.565 | SLOW    |     2.569 | FAST    |
B_i[0][1][2]   | C_o[2][1][6]   |     5.663 | SLOW    |     2.614 | FAST    |
B_i[0][1][2]   | C_o[2][1][7]   |     5.726 | SLOW    |     2.642 | FAST    |
B_i[0][1][2]   | C_o[2][1][8]   |     6.133 | SLOW    |     2.645 | FAST    |
B_i[0][1][2]   | C_o[3][1][2]   |     5.110 | SLOW    |     2.669 | FAST    |
B_i[0][1][2]   | C_o[3][1][3]   |     5.305 | SLOW    |     2.576 | FAST    |
B_i[0][1][2]   | C_o[3][1][4]   |     5.495 | SLOW    |     2.578 | FAST    |
B_i[0][1][2]   | C_o[3][1][5]   |     5.565 | SLOW    |     2.569 | FAST    |
B_i[0][1][2]   | C_o[3][1][6]   |     5.663 | SLOW    |     2.614 | FAST    |
B_i[0][1][2]   | C_o[3][1][7]   |     5.726 | SLOW    |     2.642 | FAST    |
B_i[0][1][2]   | C_o[3][1][8]   |     6.133 | SLOW    |     2.645 | FAST    |
B_i[0][1][3]   | C_o[0][1][3]   |     5.030 | SLOW    |     2.622 | FAST    |
B_i[0][1][3]   | C_o[0][1][4]   |     5.275 | SLOW    |     2.557 | FAST    |
B_i[0][1][3]   | C_o[0][1][5]   |     5.467 | SLOW    |     2.573 | FAST    |
B_i[0][1][3]   | C_o[0][1][6]   |     5.626 | SLOW    |     2.604 | FAST    |
B_i[0][1][3]   | C_o[0][1][7]   |     5.689 | SLOW    |     2.632 | FAST    |
B_i[0][1][3]   | C_o[0][1][8]   |     6.128 | SLOW    |     2.636 | FAST    |
B_i[0][1][3]   | C_o[1][1][3]   |     5.030 | SLOW    |     2.622 | FAST    |
B_i[0][1][3]   | C_o[1][1][4]   |     5.275 | SLOW    |     2.557 | FAST    |
B_i[0][1][3]   | C_o[1][1][5]   |     5.467 | SLOW    |     2.573 | FAST    |
B_i[0][1][3]   | C_o[1][1][6]   |     5.626 | SLOW    |     2.604 | FAST    |
B_i[0][1][3]   | C_o[1][1][7]   |     5.689 | SLOW    |     2.632 | FAST    |
B_i[0][1][3]   | C_o[1][1][8]   |     6.128 | SLOW    |     2.636 | FAST    |
B_i[0][1][3]   | C_o[2][1][3]   |     5.030 | SLOW    |     2.622 | FAST    |
B_i[0][1][3]   | C_o[2][1][4]   |     5.275 | SLOW    |     2.557 | FAST    |
B_i[0][1][3]   | C_o[2][1][5]   |     5.467 | SLOW    |     2.573 | FAST    |
B_i[0][1][3]   | C_o[2][1][6]   |     5.626 | SLOW    |     2.604 | FAST    |
B_i[0][1][3]   | C_o[2][1][7]   |     5.689 | SLOW    |     2.632 | FAST    |
B_i[0][1][3]   | C_o[2][1][8]   |     6.128 | SLOW    |     2.636 | FAST    |
B_i[0][1][3]   | C_o[3][1][3]   |     5.030 | SLOW    |     2.622 | FAST    |
B_i[0][1][3]   | C_o[3][1][4]   |     5.275 | SLOW    |     2.557 | FAST    |
B_i[0][1][3]   | C_o[3][1][5]   |     5.467 | SLOW    |     2.573 | FAST    |
B_i[0][1][3]   | C_o[3][1][6]   |     5.626 | SLOW    |     2.604 | FAST    |
B_i[0][1][3]   | C_o[3][1][7]   |     5.689 | SLOW    |     2.632 | FAST    |
B_i[0][1][3]   | C_o[3][1][8]   |     6.128 | SLOW    |     2.636 | FAST    |
B_i[0][1][4]   | C_o[0][1][4]   |     5.041 | SLOW    |     2.625 | FAST    |
B_i[0][1][4]   | C_o[0][1][5]   |     5.285 | SLOW    |     2.563 | FAST    |
B_i[0][1][4]   | C_o[0][1][6]   |     5.488 | SLOW    |     2.608 | FAST    |
B_i[0][1][4]   | C_o[0][1][7]   |     5.656 | SLOW    |     2.636 | FAST    |
B_i[0][1][4]   | C_o[0][1][8]   |     6.151 | SLOW    |     2.639 | FAST    |
B_i[0][1][4]   | C_o[1][1][4]   |     5.041 | SLOW    |     2.625 | FAST    |
B_i[0][1][4]   | C_o[1][1][5]   |     5.285 | SLOW    |     2.563 | FAST    |
B_i[0][1][4]   | C_o[1][1][6]   |     5.488 | SLOW    |     2.608 | FAST    |
B_i[0][1][4]   | C_o[1][1][7]   |     5.656 | SLOW    |     2.636 | FAST    |
B_i[0][1][4]   | C_o[1][1][8]   |     6.151 | SLOW    |     2.639 | FAST    |
B_i[0][1][4]   | C_o[2][1][4]   |     5.041 | SLOW    |     2.625 | FAST    |
B_i[0][1][4]   | C_o[2][1][5]   |     5.285 | SLOW    |     2.563 | FAST    |
B_i[0][1][4]   | C_o[2][1][6]   |     5.488 | SLOW    |     2.608 | FAST    |
B_i[0][1][4]   | C_o[2][1][7]   |     5.656 | SLOW    |     2.636 | FAST    |
B_i[0][1][4]   | C_o[2][1][8]   |     6.151 | SLOW    |     2.639 | FAST    |
B_i[0][1][4]   | C_o[3][1][4]   |     5.041 | SLOW    |     2.625 | FAST    |
B_i[0][1][4]   | C_o[3][1][5]   |     5.285 | SLOW    |     2.563 | FAST    |
B_i[0][1][4]   | C_o[3][1][6]   |     5.488 | SLOW    |     2.608 | FAST    |
B_i[0][1][4]   | C_o[3][1][7]   |     5.656 | SLOW    |     2.636 | FAST    |
B_i[0][1][4]   | C_o[3][1][8]   |     6.151 | SLOW    |     2.639 | FAST    |
B_i[0][1][5]   | C_o[0][1][5]   |     5.232 | SLOW    |     2.737 | FAST    |
B_i[0][1][5]   | C_o[0][1][6]   |     5.477 | SLOW    |     2.672 | FAST    |
B_i[0][1][5]   | C_o[0][1][7]   |     5.645 | SLOW    |     2.700 | FAST    |
B_i[0][1][5]   | C_o[0][1][8]   |     6.118 | SLOW    |     2.703 | FAST    |
B_i[0][1][5]   | C_o[1][1][5]   |     5.232 | SLOW    |     2.737 | FAST    |
B_i[0][1][5]   | C_o[1][1][6]   |     5.477 | SLOW    |     2.672 | FAST    |
B_i[0][1][5]   | C_o[1][1][7]   |     5.645 | SLOW    |     2.700 | FAST    |
B_i[0][1][5]   | C_o[1][1][8]   |     6.118 | SLOW    |     2.703 | FAST    |
B_i[0][1][5]   | C_o[2][1][5]   |     5.232 | SLOW    |     2.737 | FAST    |
B_i[0][1][5]   | C_o[2][1][6]   |     5.477 | SLOW    |     2.672 | FAST    |
B_i[0][1][5]   | C_o[2][1][7]   |     5.645 | SLOW    |     2.700 | FAST    |
B_i[0][1][5]   | C_o[2][1][8]   |     6.118 | SLOW    |     2.703 | FAST    |
B_i[0][1][5]   | C_o[3][1][5]   |     5.232 | SLOW    |     2.737 | FAST    |
B_i[0][1][5]   | C_o[3][1][6]   |     5.477 | SLOW    |     2.672 | FAST    |
B_i[0][1][5]   | C_o[3][1][7]   |     5.645 | SLOW    |     2.700 | FAST    |
B_i[0][1][5]   | C_o[3][1][8]   |     6.118 | SLOW    |     2.703 | FAST    |
B_i[0][1][6]   | C_o[0][1][6]   |     5.221 | SLOW    |     2.725 | FAST    |
B_i[0][1][6]   | C_o[0][1][7]   |     5.472 | SLOW    |     2.694 | FAST    |
B_i[0][1][6]   | C_o[0][1][8]   |     6.105 | SLOW    |     2.693 | FAST    |
B_i[0][1][6]   | C_o[1][1][6]   |     5.221 | SLOW    |     2.725 | FAST    |
B_i[0][1][6]   | C_o[1][1][7]   |     5.472 | SLOW    |     2.694 | FAST    |
B_i[0][1][6]   | C_o[1][1][8]   |     6.105 | SLOW    |     2.693 | FAST    |
B_i[0][1][6]   | C_o[2][1][6]   |     5.221 | SLOW    |     2.725 | FAST    |
B_i[0][1][6]   | C_o[2][1][7]   |     5.472 | SLOW    |     2.694 | FAST    |
B_i[0][1][6]   | C_o[2][1][8]   |     6.105 | SLOW    |     2.693 | FAST    |
B_i[0][1][6]   | C_o[3][1][6]   |     5.221 | SLOW    |     2.725 | FAST    |
B_i[0][1][6]   | C_o[3][1][7]   |     5.472 | SLOW    |     2.694 | FAST    |
B_i[0][1][6]   | C_o[3][1][8]   |     6.105 | SLOW    |     2.693 | FAST    |
B_i[0][1][7]   | C_o[0][1][7]   |     5.237 | SLOW    |     2.740 | FAST    |
B_i[0][1][7]   | C_o[0][1][8]   |     5.881 | SLOW    |     2.739 | FAST    |
B_i[0][1][7]   | C_o[1][1][7]   |     5.237 | SLOW    |     2.740 | FAST    |
B_i[0][1][7]   | C_o[1][1][8]   |     5.881 | SLOW    |     2.739 | FAST    |
B_i[0][1][7]   | C_o[2][1][7]   |     5.237 | SLOW    |     2.740 | FAST    |
B_i[0][1][7]   | C_o[2][1][8]   |     5.881 | SLOW    |     2.739 | FAST    |
B_i[0][1][7]   | C_o[3][1][7]   |     5.237 | SLOW    |     2.740 | FAST    |
B_i[0][1][7]   | C_o[3][1][8]   |     5.881 | SLOW    |     2.739 | FAST    |
B_i[0][1][8]   | C_o[0][1][8]   |     5.687 | SLOW    |     2.995 | FAST    |
B_i[0][1][8]   | C_o[1][1][8]   |     5.687 | SLOW    |     2.995 | FAST    |
B_i[0][1][8]   | C_o[2][1][8]   |     5.687 | SLOW    |     2.995 | FAST    |
B_i[0][1][8]   | C_o[3][1][8]   |     5.687 | SLOW    |     2.995 | FAST    |
B_i[0][2][0]   | C_o[0][2][0]   |     4.652 | SLOW    |     2.413 | FAST    |
B_i[0][2][0]   | C_o[0][2][1]   |     5.037 | SLOW    |     2.440 | FAST    |
B_i[0][2][0]   | C_o[0][2][2]   |     5.168 | SLOW    |     2.482 | FAST    |
B_i[0][2][0]   | C_o[0][2][3]   |     5.230 | SLOW    |     2.472 | FAST    |
B_i[0][2][0]   | C_o[0][2][4]   |     5.399 | SLOW    |     2.504 | FAST    |
B_i[0][2][0]   | C_o[0][2][5]   |     5.469 | SLOW    |     2.532 | FAST    |
B_i[0][2][0]   | C_o[0][2][6]   |     5.538 | SLOW    |     2.520 | FAST    |
B_i[0][2][0]   | C_o[0][2][7]   |     5.706 | SLOW    |     2.548 | FAST    |
B_i[0][2][0]   | C_o[0][2][8]   |     6.044 | SLOW    |     2.577 | FAST    |
B_i[0][2][0]   | C_o[1][2][0]   |     4.652 | SLOW    |     2.413 | FAST    |
B_i[0][2][0]   | C_o[1][2][1]   |     5.037 | SLOW    |     2.440 | FAST    |
B_i[0][2][0]   | C_o[1][2][2]   |     5.168 | SLOW    |     2.482 | FAST    |
B_i[0][2][0]   | C_o[1][2][3]   |     5.230 | SLOW    |     2.472 | FAST    |
B_i[0][2][0]   | C_o[1][2][4]   |     5.399 | SLOW    |     2.504 | FAST    |
B_i[0][2][0]   | C_o[1][2][5]   |     5.469 | SLOW    |     2.532 | FAST    |
B_i[0][2][0]   | C_o[1][2][6]   |     5.538 | SLOW    |     2.520 | FAST    |
B_i[0][2][0]   | C_o[1][2][7]   |     5.706 | SLOW    |     2.548 | FAST    |
B_i[0][2][0]   | C_o[1][2][8]   |     6.044 | SLOW    |     2.577 | FAST    |
B_i[0][2][0]   | C_o[2][2][0]   |     4.652 | SLOW    |     2.413 | FAST    |
B_i[0][2][0]   | C_o[2][2][1]   |     5.037 | SLOW    |     2.440 | FAST    |
B_i[0][2][0]   | C_o[2][2][2]   |     5.168 | SLOW    |     2.482 | FAST    |
B_i[0][2][0]   | C_o[2][2][3]   |     5.230 | SLOW    |     2.472 | FAST    |
B_i[0][2][0]   | C_o[2][2][4]   |     5.399 | SLOW    |     2.504 | FAST    |
B_i[0][2][0]   | C_o[2][2][5]   |     5.469 | SLOW    |     2.532 | FAST    |
B_i[0][2][0]   | C_o[2][2][6]   |     5.538 | SLOW    |     2.520 | FAST    |
B_i[0][2][0]   | C_o[2][2][7]   |     5.706 | SLOW    |     2.548 | FAST    |
B_i[0][2][0]   | C_o[2][2][8]   |     6.044 | SLOW    |     2.577 | FAST    |
B_i[0][2][0]   | C_o[3][2][0]   |     4.652 | SLOW    |     2.413 | FAST    |
B_i[0][2][0]   | C_o[3][2][1]   |     5.037 | SLOW    |     2.440 | FAST    |
B_i[0][2][0]   | C_o[3][2][2]   |     5.168 | SLOW    |     2.482 | FAST    |
B_i[0][2][0]   | C_o[3][2][3]   |     5.230 | SLOW    |     2.472 | FAST    |
B_i[0][2][0]   | C_o[3][2][4]   |     5.399 | SLOW    |     2.504 | FAST    |
B_i[0][2][0]   | C_o[3][2][5]   |     5.469 | SLOW    |     2.532 | FAST    |
B_i[0][2][0]   | C_o[3][2][6]   |     5.538 | SLOW    |     2.520 | FAST    |
B_i[0][2][0]   | C_o[3][2][7]   |     5.706 | SLOW    |     2.548 | FAST    |
B_i[0][2][0]   | C_o[3][2][8]   |     6.044 | SLOW    |     2.577 | FAST    |
B_i[0][2][1]   | C_o[0][2][1]   |     4.951 | SLOW    |     2.579 | FAST    |
B_i[0][2][1]   | C_o[0][2][2]   |     5.105 | SLOW    |     2.519 | FAST    |
B_i[0][2][1]   | C_o[0][2][3]   |     5.300 | SLOW    |     2.544 | FAST    |
B_i[0][2][1]   | C_o[0][2][4]   |     5.490 | SLOW    |     2.538 | FAST    |
B_i[0][2][1]   | C_o[0][2][5]   |     5.560 | SLOW    |     2.566 | FAST    |
B_i[0][2][1]   | C_o[0][2][6]   |     5.705 | SLOW    |     2.555 | FAST    |
B_i[0][2][1]   | C_o[0][2][7]   |     5.873 | SLOW    |     2.583 | FAST    |
B_i[0][2][1]   | C_o[0][2][8]   |     6.211 | SLOW    |     2.586 | FAST    |
B_i[0][2][1]   | C_o[1][2][1]   |     4.951 | SLOW    |     2.579 | FAST    |
B_i[0][2][1]   | C_o[1][2][2]   |     5.105 | SLOW    |     2.519 | FAST    |
B_i[0][2][1]   | C_o[1][2][3]   |     5.300 | SLOW    |     2.544 | FAST    |
B_i[0][2][1]   | C_o[1][2][4]   |     5.490 | SLOW    |     2.538 | FAST    |
B_i[0][2][1]   | C_o[1][2][5]   |     5.560 | SLOW    |     2.566 | FAST    |
B_i[0][2][1]   | C_o[1][2][6]   |     5.705 | SLOW    |     2.555 | FAST    |
B_i[0][2][1]   | C_o[1][2][7]   |     5.873 | SLOW    |     2.583 | FAST    |
B_i[0][2][1]   | C_o[1][2][8]   |     6.211 | SLOW    |     2.586 | FAST    |
B_i[0][2][1]   | C_o[2][2][1]   |     4.951 | SLOW    |     2.579 | FAST    |
B_i[0][2][1]   | C_o[2][2][2]   |     5.105 | SLOW    |     2.519 | FAST    |
B_i[0][2][1]   | C_o[2][2][3]   |     5.300 | SLOW    |     2.544 | FAST    |
B_i[0][2][1]   | C_o[2][2][4]   |     5.490 | SLOW    |     2.538 | FAST    |
B_i[0][2][1]   | C_o[2][2][5]   |     5.560 | SLOW    |     2.566 | FAST    |
B_i[0][2][1]   | C_o[2][2][6]   |     5.705 | SLOW    |     2.555 | FAST    |
B_i[0][2][1]   | C_o[2][2][7]   |     5.873 | SLOW    |     2.583 | FAST    |
B_i[0][2][1]   | C_o[2][2][8]   |     6.211 | SLOW    |     2.586 | FAST    |
B_i[0][2][1]   | C_o[3][2][1]   |     4.951 | SLOW    |     2.579 | FAST    |
B_i[0][2][1]   | C_o[3][2][2]   |     5.105 | SLOW    |     2.519 | FAST    |
B_i[0][2][1]   | C_o[3][2][3]   |     5.300 | SLOW    |     2.544 | FAST    |
B_i[0][2][1]   | C_o[3][2][4]   |     5.490 | SLOW    |     2.538 | FAST    |
B_i[0][2][1]   | C_o[3][2][5]   |     5.560 | SLOW    |     2.566 | FAST    |
B_i[0][2][1]   | C_o[3][2][6]   |     5.705 | SLOW    |     2.555 | FAST    |
B_i[0][2][1]   | C_o[3][2][7]   |     5.873 | SLOW    |     2.583 | FAST    |
B_i[0][2][1]   | C_o[3][2][8]   |     6.211 | SLOW    |     2.586 | FAST    |
B_i[0][2][2]   | C_o[0][2][2]   |     5.110 | SLOW    |     2.669 | FAST    |
B_i[0][2][2]   | C_o[0][2][3]   |     5.305 | SLOW    |     2.576 | FAST    |
B_i[0][2][2]   | C_o[0][2][4]   |     5.495 | SLOW    |     2.578 | FAST    |
B_i[0][2][2]   | C_o[0][2][5]   |     5.565 | SLOW    |     2.569 | FAST    |
B_i[0][2][2]   | C_o[0][2][6]   |     5.663 | SLOW    |     2.614 | FAST    |
B_i[0][2][2]   | C_o[0][2][7]   |     5.726 | SLOW    |     2.642 | FAST    |
B_i[0][2][2]   | C_o[0][2][8]   |     6.133 | SLOW    |     2.645 | FAST    |
B_i[0][2][2]   | C_o[1][2][2]   |     5.110 | SLOW    |     2.669 | FAST    |
B_i[0][2][2]   | C_o[1][2][3]   |     5.305 | SLOW    |     2.576 | FAST    |
B_i[0][2][2]   | C_o[1][2][4]   |     5.495 | SLOW    |     2.578 | FAST    |
B_i[0][2][2]   | C_o[1][2][5]   |     5.565 | SLOW    |     2.569 | FAST    |
B_i[0][2][2]   | C_o[1][2][6]   |     5.663 | SLOW    |     2.614 | FAST    |
B_i[0][2][2]   | C_o[1][2][7]   |     5.726 | SLOW    |     2.642 | FAST    |
B_i[0][2][2]   | C_o[1][2][8]   |     6.133 | SLOW    |     2.645 | FAST    |
B_i[0][2][2]   | C_o[2][2][2]   |     5.110 | SLOW    |     2.669 | FAST    |
B_i[0][2][2]   | C_o[2][2][3]   |     5.305 | SLOW    |     2.576 | FAST    |
B_i[0][2][2]   | C_o[2][2][4]   |     5.495 | SLOW    |     2.578 | FAST    |
B_i[0][2][2]   | C_o[2][2][5]   |     5.565 | SLOW    |     2.569 | FAST    |
B_i[0][2][2]   | C_o[2][2][6]   |     5.663 | SLOW    |     2.614 | FAST    |
B_i[0][2][2]   | C_o[2][2][7]   |     5.726 | SLOW    |     2.642 | FAST    |
B_i[0][2][2]   | C_o[2][2][8]   |     6.133 | SLOW    |     2.645 | FAST    |
B_i[0][2][2]   | C_o[3][2][2]   |     5.110 | SLOW    |     2.669 | FAST    |
B_i[0][2][2]   | C_o[3][2][3]   |     5.305 | SLOW    |     2.576 | FAST    |
B_i[0][2][2]   | C_o[3][2][4]   |     5.495 | SLOW    |     2.578 | FAST    |
B_i[0][2][2]   | C_o[3][2][5]   |     5.565 | SLOW    |     2.569 | FAST    |
B_i[0][2][2]   | C_o[3][2][6]   |     5.663 | SLOW    |     2.614 | FAST    |
B_i[0][2][2]   | C_o[3][2][7]   |     5.726 | SLOW    |     2.642 | FAST    |
B_i[0][2][2]   | C_o[3][2][8]   |     6.133 | SLOW    |     2.645 | FAST    |
B_i[0][2][3]   | C_o[0][2][3]   |     5.030 | SLOW    |     2.622 | FAST    |
B_i[0][2][3]   | C_o[0][2][4]   |     5.275 | SLOW    |     2.557 | FAST    |
B_i[0][2][3]   | C_o[0][2][5]   |     5.467 | SLOW    |     2.573 | FAST    |
B_i[0][2][3]   | C_o[0][2][6]   |     5.626 | SLOW    |     2.604 | FAST    |
B_i[0][2][3]   | C_o[0][2][7]   |     5.689 | SLOW    |     2.632 | FAST    |
B_i[0][2][3]   | C_o[0][2][8]   |     6.128 | SLOW    |     2.636 | FAST    |
B_i[0][2][3]   | C_o[1][2][3]   |     5.030 | SLOW    |     2.622 | FAST    |
B_i[0][2][3]   | C_o[1][2][4]   |     5.275 | SLOW    |     2.557 | FAST    |
B_i[0][2][3]   | C_o[1][2][5]   |     5.467 | SLOW    |     2.573 | FAST    |
B_i[0][2][3]   | C_o[1][2][6]   |     5.626 | SLOW    |     2.604 | FAST    |
B_i[0][2][3]   | C_o[1][2][7]   |     5.689 | SLOW    |     2.632 | FAST    |
B_i[0][2][3]   | C_o[1][2][8]   |     6.128 | SLOW    |     2.636 | FAST    |
B_i[0][2][3]   | C_o[2][2][3]   |     5.030 | SLOW    |     2.622 | FAST    |
B_i[0][2][3]   | C_o[2][2][4]   |     5.275 | SLOW    |     2.557 | FAST    |
B_i[0][2][3]   | C_o[2][2][5]   |     5.467 | SLOW    |     2.573 | FAST    |
B_i[0][2][3]   | C_o[2][2][6]   |     5.626 | SLOW    |     2.604 | FAST    |
B_i[0][2][3]   | C_o[2][2][7]   |     5.689 | SLOW    |     2.632 | FAST    |
B_i[0][2][3]   | C_o[2][2][8]   |     6.128 | SLOW    |     2.636 | FAST    |
B_i[0][2][3]   | C_o[3][2][3]   |     5.030 | SLOW    |     2.622 | FAST    |
B_i[0][2][3]   | C_o[3][2][4]   |     5.275 | SLOW    |     2.557 | FAST    |
B_i[0][2][3]   | C_o[3][2][5]   |     5.467 | SLOW    |     2.573 | FAST    |
B_i[0][2][3]   | C_o[3][2][6]   |     5.626 | SLOW    |     2.604 | FAST    |
B_i[0][2][3]   | C_o[3][2][7]   |     5.689 | SLOW    |     2.632 | FAST    |
B_i[0][2][3]   | C_o[3][2][8]   |     6.128 | SLOW    |     2.636 | FAST    |
B_i[0][2][4]   | C_o[0][2][4]   |     5.041 | SLOW    |     2.625 | FAST    |
B_i[0][2][4]   | C_o[0][2][5]   |     5.285 | SLOW    |     2.563 | FAST    |
B_i[0][2][4]   | C_o[0][2][6]   |     5.488 | SLOW    |     2.608 | FAST    |
B_i[0][2][4]   | C_o[0][2][7]   |     5.656 | SLOW    |     2.636 | FAST    |
B_i[0][2][4]   | C_o[0][2][8]   |     6.151 | SLOW    |     2.639 | FAST    |
B_i[0][2][4]   | C_o[1][2][4]   |     5.041 | SLOW    |     2.625 | FAST    |
B_i[0][2][4]   | C_o[1][2][5]   |     5.285 | SLOW    |     2.563 | FAST    |
B_i[0][2][4]   | C_o[1][2][6]   |     5.488 | SLOW    |     2.608 | FAST    |
B_i[0][2][4]   | C_o[1][2][7]   |     5.656 | SLOW    |     2.636 | FAST    |
B_i[0][2][4]   | C_o[1][2][8]   |     6.151 | SLOW    |     2.639 | FAST    |
B_i[0][2][4]   | C_o[2][2][4]   |     5.041 | SLOW    |     2.625 | FAST    |
B_i[0][2][4]   | C_o[2][2][5]   |     5.285 | SLOW    |     2.563 | FAST    |
B_i[0][2][4]   | C_o[2][2][6]   |     5.488 | SLOW    |     2.608 | FAST    |
B_i[0][2][4]   | C_o[2][2][7]   |     5.656 | SLOW    |     2.636 | FAST    |
B_i[0][2][4]   | C_o[2][2][8]   |     6.151 | SLOW    |     2.639 | FAST    |
B_i[0][2][4]   | C_o[3][2][4]   |     5.041 | SLOW    |     2.625 | FAST    |
B_i[0][2][4]   | C_o[3][2][5]   |     5.285 | SLOW    |     2.563 | FAST    |
B_i[0][2][4]   | C_o[3][2][6]   |     5.488 | SLOW    |     2.608 | FAST    |
B_i[0][2][4]   | C_o[3][2][7]   |     5.656 | SLOW    |     2.636 | FAST    |
B_i[0][2][4]   | C_o[3][2][8]   |     6.151 | SLOW    |     2.639 | FAST    |
B_i[0][2][5]   | C_o[0][2][5]   |     5.232 | SLOW    |     2.737 | FAST    |
B_i[0][2][5]   | C_o[0][2][6]   |     5.477 | SLOW    |     2.672 | FAST    |
B_i[0][2][5]   | C_o[0][2][7]   |     5.645 | SLOW    |     2.700 | FAST    |
B_i[0][2][5]   | C_o[0][2][8]   |     6.118 | SLOW    |     2.703 | FAST    |
B_i[0][2][5]   | C_o[1][2][5]   |     5.232 | SLOW    |     2.737 | FAST    |
B_i[0][2][5]   | C_o[1][2][6]   |     5.477 | SLOW    |     2.672 | FAST    |
B_i[0][2][5]   | C_o[1][2][7]   |     5.645 | SLOW    |     2.700 | FAST    |
B_i[0][2][5]   | C_o[1][2][8]   |     6.118 | SLOW    |     2.703 | FAST    |
B_i[0][2][5]   | C_o[2][2][5]   |     5.232 | SLOW    |     2.737 | FAST    |
B_i[0][2][5]   | C_o[2][2][6]   |     5.477 | SLOW    |     2.672 | FAST    |
B_i[0][2][5]   | C_o[2][2][7]   |     5.645 | SLOW    |     2.700 | FAST    |
B_i[0][2][5]   | C_o[2][2][8]   |     6.118 | SLOW    |     2.703 | FAST    |
B_i[0][2][5]   | C_o[3][2][5]   |     5.232 | SLOW    |     2.737 | FAST    |
B_i[0][2][5]   | C_o[3][2][6]   |     5.477 | SLOW    |     2.672 | FAST    |
B_i[0][2][5]   | C_o[3][2][7]   |     5.645 | SLOW    |     2.700 | FAST    |
B_i[0][2][5]   | C_o[3][2][8]   |     6.118 | SLOW    |     2.703 | FAST    |
B_i[0][2][6]   | C_o[0][2][6]   |     5.221 | SLOW    |     2.725 | FAST    |
B_i[0][2][6]   | C_o[0][2][7]   |     5.472 | SLOW    |     2.694 | FAST    |
B_i[0][2][6]   | C_o[0][2][8]   |     6.105 | SLOW    |     2.693 | FAST    |
B_i[0][2][6]   | C_o[1][2][6]   |     5.221 | SLOW    |     2.725 | FAST    |
B_i[0][2][6]   | C_o[1][2][7]   |     5.472 | SLOW    |     2.694 | FAST    |
B_i[0][2][6]   | C_o[1][2][8]   |     6.105 | SLOW    |     2.693 | FAST    |
B_i[0][2][6]   | C_o[2][2][6]   |     5.221 | SLOW    |     2.725 | FAST    |
B_i[0][2][6]   | C_o[2][2][7]   |     5.472 | SLOW    |     2.694 | FAST    |
B_i[0][2][6]   | C_o[2][2][8]   |     6.105 | SLOW    |     2.693 | FAST    |
B_i[0][2][6]   | C_o[3][2][6]   |     5.221 | SLOW    |     2.725 | FAST    |
B_i[0][2][6]   | C_o[3][2][7]   |     5.472 | SLOW    |     2.694 | FAST    |
B_i[0][2][6]   | C_o[3][2][8]   |     6.105 | SLOW    |     2.693 | FAST    |
B_i[0][2][7]   | C_o[0][2][7]   |     5.237 | SLOW    |     2.740 | FAST    |
B_i[0][2][7]   | C_o[0][2][8]   |     5.881 | SLOW    |     2.739 | FAST    |
B_i[0][2][7]   | C_o[1][2][7]   |     5.237 | SLOW    |     2.740 | FAST    |
B_i[0][2][7]   | C_o[1][2][8]   |     5.881 | SLOW    |     2.739 | FAST    |
B_i[0][2][7]   | C_o[2][2][7]   |     5.237 | SLOW    |     2.740 | FAST    |
B_i[0][2][7]   | C_o[2][2][8]   |     5.881 | SLOW    |     2.739 | FAST    |
B_i[0][2][7]   | C_o[3][2][7]   |     5.237 | SLOW    |     2.740 | FAST    |
B_i[0][2][7]   | C_o[3][2][8]   |     5.881 | SLOW    |     2.739 | FAST    |
B_i[0][2][8]   | C_o[0][2][8]   |     5.687 | SLOW    |     2.995 | FAST    |
B_i[0][2][8]   | C_o[1][2][8]   |     5.687 | SLOW    |     2.995 | FAST    |
B_i[0][2][8]   | C_o[2][2][8]   |     5.687 | SLOW    |     2.995 | FAST    |
B_i[0][2][8]   | C_o[3][2][8]   |     5.687 | SLOW    |     2.995 | FAST    |
B_i[0][3][0]   | C_o[0][3][0]   |     4.652 | SLOW    |     2.413 | FAST    |
B_i[0][3][0]   | C_o[0][3][1]   |     5.037 | SLOW    |     2.440 | FAST    |
B_i[0][3][0]   | C_o[0][3][2]   |     5.168 | SLOW    |     2.482 | FAST    |
B_i[0][3][0]   | C_o[0][3][3]   |     5.230 | SLOW    |     2.472 | FAST    |
B_i[0][3][0]   | C_o[0][3][4]   |     5.399 | SLOW    |     2.504 | FAST    |
B_i[0][3][0]   | C_o[0][3][5]   |     5.469 | SLOW    |     2.532 | FAST    |
B_i[0][3][0]   | C_o[0][3][6]   |     5.538 | SLOW    |     2.520 | FAST    |
B_i[0][3][0]   | C_o[0][3][7]   |     5.706 | SLOW    |     2.548 | FAST    |
B_i[0][3][0]   | C_o[0][3][8]   |     6.044 | SLOW    |     2.577 | FAST    |
B_i[0][3][0]   | C_o[1][3][0]   |     4.652 | SLOW    |     2.413 | FAST    |
B_i[0][3][0]   | C_o[1][3][1]   |     5.037 | SLOW    |     2.440 | FAST    |
B_i[0][3][0]   | C_o[1][3][2]   |     5.168 | SLOW    |     2.482 | FAST    |
B_i[0][3][0]   | C_o[1][3][3]   |     5.230 | SLOW    |     2.472 | FAST    |
B_i[0][3][0]   | C_o[1][3][4]   |     5.399 | SLOW    |     2.504 | FAST    |
B_i[0][3][0]   | C_o[1][3][5]   |     5.469 | SLOW    |     2.532 | FAST    |
B_i[0][3][0]   | C_o[1][3][6]   |     5.538 | SLOW    |     2.520 | FAST    |
B_i[0][3][0]   | C_o[1][3][7]   |     5.706 | SLOW    |     2.548 | FAST    |
B_i[0][3][0]   | C_o[1][3][8]   |     6.044 | SLOW    |     2.577 | FAST    |
B_i[0][3][0]   | C_o[2][3][0]   |     4.652 | SLOW    |     2.413 | FAST    |
B_i[0][3][0]   | C_o[2][3][1]   |     5.037 | SLOW    |     2.440 | FAST    |
B_i[0][3][0]   | C_o[2][3][2]   |     5.168 | SLOW    |     2.482 | FAST    |
B_i[0][3][0]   | C_o[2][3][3]   |     5.230 | SLOW    |     2.472 | FAST    |
B_i[0][3][0]   | C_o[2][3][4]   |     5.399 | SLOW    |     2.504 | FAST    |
B_i[0][3][0]   | C_o[2][3][5]   |     5.469 | SLOW    |     2.532 | FAST    |
B_i[0][3][0]   | C_o[2][3][6]   |     5.538 | SLOW    |     2.520 | FAST    |
B_i[0][3][0]   | C_o[2][3][7]   |     5.706 | SLOW    |     2.548 | FAST    |
B_i[0][3][0]   | C_o[2][3][8]   |     6.044 | SLOW    |     2.577 | FAST    |
B_i[0][3][0]   | C_o[3][3][0]   |     4.652 | SLOW    |     2.413 | FAST    |
B_i[0][3][0]   | C_o[3][3][1]   |     5.037 | SLOW    |     2.440 | FAST    |
B_i[0][3][0]   | C_o[3][3][2]   |     5.168 | SLOW    |     2.482 | FAST    |
B_i[0][3][0]   | C_o[3][3][3]   |     5.230 | SLOW    |     2.472 | FAST    |
B_i[0][3][0]   | C_o[3][3][4]   |     5.399 | SLOW    |     2.504 | FAST    |
B_i[0][3][0]   | C_o[3][3][5]   |     5.469 | SLOW    |     2.532 | FAST    |
B_i[0][3][0]   | C_o[3][3][6]   |     5.538 | SLOW    |     2.520 | FAST    |
B_i[0][3][0]   | C_o[3][3][7]   |     5.706 | SLOW    |     2.548 | FAST    |
B_i[0][3][0]   | C_o[3][3][8]   |     6.044 | SLOW    |     2.577 | FAST    |
B_i[0][3][1]   | C_o[0][3][1]   |     4.951 | SLOW    |     2.579 | FAST    |
B_i[0][3][1]   | C_o[0][3][2]   |     5.105 | SLOW    |     2.519 | FAST    |
B_i[0][3][1]   | C_o[0][3][3]   |     5.300 | SLOW    |     2.544 | FAST    |
B_i[0][3][1]   | C_o[0][3][4]   |     5.490 | SLOW    |     2.538 | FAST    |
B_i[0][3][1]   | C_o[0][3][5]   |     5.560 | SLOW    |     2.566 | FAST    |
B_i[0][3][1]   | C_o[0][3][6]   |     5.736 | SLOW    |     2.555 | FAST    |
B_i[0][3][1]   | C_o[0][3][7]   |     5.904 | SLOW    |     2.583 | FAST    |
B_i[0][3][1]   | C_o[0][3][8]   |     6.242 | SLOW    |     2.586 | FAST    |
B_i[0][3][1]   | C_o[1][3][1]   |     4.951 | SLOW    |     2.579 | FAST    |
B_i[0][3][1]   | C_o[1][3][2]   |     5.105 | SLOW    |     2.519 | FAST    |
B_i[0][3][1]   | C_o[1][3][3]   |     5.300 | SLOW    |     2.544 | FAST    |
B_i[0][3][1]   | C_o[1][3][4]   |     5.490 | SLOW    |     2.538 | FAST    |
B_i[0][3][1]   | C_o[1][3][5]   |     5.560 | SLOW    |     2.566 | FAST    |
B_i[0][3][1]   | C_o[1][3][6]   |     5.736 | SLOW    |     2.555 | FAST    |
B_i[0][3][1]   | C_o[1][3][7]   |     5.904 | SLOW    |     2.583 | FAST    |
B_i[0][3][1]   | C_o[1][3][8]   |     6.242 | SLOW    |     2.586 | FAST    |
B_i[0][3][1]   | C_o[2][3][1]   |     4.951 | SLOW    |     2.579 | FAST    |
B_i[0][3][1]   | C_o[2][3][2]   |     5.105 | SLOW    |     2.519 | FAST    |
B_i[0][3][1]   | C_o[2][3][3]   |     5.300 | SLOW    |     2.544 | FAST    |
B_i[0][3][1]   | C_o[2][3][4]   |     5.490 | SLOW    |     2.538 | FAST    |
B_i[0][3][1]   | C_o[2][3][5]   |     5.560 | SLOW    |     2.566 | FAST    |
B_i[0][3][1]   | C_o[2][3][6]   |     5.736 | SLOW    |     2.555 | FAST    |
B_i[0][3][1]   | C_o[2][3][7]   |     5.904 | SLOW    |     2.583 | FAST    |
B_i[0][3][1]   | C_o[2][3][8]   |     6.242 | SLOW    |     2.586 | FAST    |
B_i[0][3][1]   | C_o[3][3][1]   |     4.951 | SLOW    |     2.579 | FAST    |
B_i[0][3][1]   | C_o[3][3][2]   |     5.105 | SLOW    |     2.519 | FAST    |
B_i[0][3][1]   | C_o[3][3][3]   |     5.300 | SLOW    |     2.544 | FAST    |
B_i[0][3][1]   | C_o[3][3][4]   |     5.490 | SLOW    |     2.538 | FAST    |
B_i[0][3][1]   | C_o[3][3][5]   |     5.560 | SLOW    |     2.566 | FAST    |
B_i[0][3][1]   | C_o[3][3][6]   |     5.736 | SLOW    |     2.555 | FAST    |
B_i[0][3][1]   | C_o[3][3][7]   |     5.904 | SLOW    |     2.583 | FAST    |
B_i[0][3][1]   | C_o[3][3][8]   |     6.242 | SLOW    |     2.586 | FAST    |
B_i[0][3][2]   | C_o[0][3][2]   |     5.110 | SLOW    |     2.669 | FAST    |
B_i[0][3][2]   | C_o[0][3][3]   |     5.305 | SLOW    |     2.576 | FAST    |
B_i[0][3][2]   | C_o[0][3][4]   |     5.495 | SLOW    |     2.578 | FAST    |
B_i[0][3][2]   | C_o[0][3][5]   |     5.565 | SLOW    |     2.569 | FAST    |
B_i[0][3][2]   | C_o[0][3][6]   |     5.663 | SLOW    |     2.614 | FAST    |
B_i[0][3][2]   | C_o[0][3][7]   |     5.726 | SLOW    |     2.642 | FAST    |
B_i[0][3][2]   | C_o[0][3][8]   |     6.133 | SLOW    |     2.645 | FAST    |
B_i[0][3][2]   | C_o[1][3][2]   |     5.110 | SLOW    |     2.669 | FAST    |
B_i[0][3][2]   | C_o[1][3][3]   |     5.305 | SLOW    |     2.576 | FAST    |
B_i[0][3][2]   | C_o[1][3][4]   |     5.495 | SLOW    |     2.578 | FAST    |
B_i[0][3][2]   | C_o[1][3][5]   |     5.565 | SLOW    |     2.569 | FAST    |
B_i[0][3][2]   | C_o[1][3][6]   |     5.663 | SLOW    |     2.614 | FAST    |
B_i[0][3][2]   | C_o[1][3][7]   |     5.726 | SLOW    |     2.642 | FAST    |
B_i[0][3][2]   | C_o[1][3][8]   |     6.133 | SLOW    |     2.645 | FAST    |
B_i[0][3][2]   | C_o[2][3][2]   |     5.110 | SLOW    |     2.669 | FAST    |
B_i[0][3][2]   | C_o[2][3][3]   |     5.305 | SLOW    |     2.576 | FAST    |
B_i[0][3][2]   | C_o[2][3][4]   |     5.495 | SLOW    |     2.578 | FAST    |
B_i[0][3][2]   | C_o[2][3][5]   |     5.565 | SLOW    |     2.569 | FAST    |
B_i[0][3][2]   | C_o[2][3][6]   |     5.663 | SLOW    |     2.614 | FAST    |
B_i[0][3][2]   | C_o[2][3][7]   |     5.726 | SLOW    |     2.642 | FAST    |
B_i[0][3][2]   | C_o[2][3][8]   |     6.133 | SLOW    |     2.645 | FAST    |
B_i[0][3][2]   | C_o[3][3][2]   |     5.110 | SLOW    |     2.669 | FAST    |
B_i[0][3][2]   | C_o[3][3][3]   |     5.305 | SLOW    |     2.576 | FAST    |
B_i[0][3][2]   | C_o[3][3][4]   |     5.495 | SLOW    |     2.578 | FAST    |
B_i[0][3][2]   | C_o[3][3][5]   |     5.565 | SLOW    |     2.569 | FAST    |
B_i[0][3][2]   | C_o[3][3][6]   |     5.663 | SLOW    |     2.614 | FAST    |
B_i[0][3][2]   | C_o[3][3][7]   |     5.726 | SLOW    |     2.642 | FAST    |
B_i[0][3][2]   | C_o[3][3][8]   |     6.133 | SLOW    |     2.645 | FAST    |
B_i[0][3][3]   | C_o[0][3][3]   |     5.030 | SLOW    |     2.622 | FAST    |
B_i[0][3][3]   | C_o[0][3][4]   |     5.275 | SLOW    |     2.557 | FAST    |
B_i[0][3][3]   | C_o[0][3][5]   |     5.467 | SLOW    |     2.573 | FAST    |
B_i[0][3][3]   | C_o[0][3][6]   |     5.626 | SLOW    |     2.604 | FAST    |
B_i[0][3][3]   | C_o[0][3][7]   |     5.689 | SLOW    |     2.632 | FAST    |
B_i[0][3][3]   | C_o[0][3][8]   |     6.128 | SLOW    |     2.636 | FAST    |
B_i[0][3][3]   | C_o[1][3][3]   |     5.030 | SLOW    |     2.622 | FAST    |
B_i[0][3][3]   | C_o[1][3][4]   |     5.275 | SLOW    |     2.557 | FAST    |
B_i[0][3][3]   | C_o[1][3][5]   |     5.467 | SLOW    |     2.573 | FAST    |
B_i[0][3][3]   | C_o[1][3][6]   |     5.626 | SLOW    |     2.604 | FAST    |
B_i[0][3][3]   | C_o[1][3][7]   |     5.689 | SLOW    |     2.632 | FAST    |
B_i[0][3][3]   | C_o[1][3][8]   |     6.128 | SLOW    |     2.636 | FAST    |
B_i[0][3][3]   | C_o[2][3][3]   |     5.030 | SLOW    |     2.622 | FAST    |
B_i[0][3][3]   | C_o[2][3][4]   |     5.275 | SLOW    |     2.557 | FAST    |
B_i[0][3][3]   | C_o[2][3][5]   |     5.467 | SLOW    |     2.573 | FAST    |
B_i[0][3][3]   | C_o[2][3][6]   |     5.626 | SLOW    |     2.604 | FAST    |
B_i[0][3][3]   | C_o[2][3][7]   |     5.689 | SLOW    |     2.632 | FAST    |
B_i[0][3][3]   | C_o[2][3][8]   |     6.128 | SLOW    |     2.636 | FAST    |
B_i[0][3][3]   | C_o[3][3][3]   |     5.030 | SLOW    |     2.622 | FAST    |
B_i[0][3][3]   | C_o[3][3][4]   |     5.275 | SLOW    |     2.557 | FAST    |
B_i[0][3][3]   | C_o[3][3][5]   |     5.467 | SLOW    |     2.573 | FAST    |
B_i[0][3][3]   | C_o[3][3][6]   |     5.626 | SLOW    |     2.604 | FAST    |
B_i[0][3][3]   | C_o[3][3][7]   |     5.689 | SLOW    |     2.632 | FAST    |
B_i[0][3][3]   | C_o[3][3][8]   |     6.128 | SLOW    |     2.636 | FAST    |
B_i[0][3][4]   | C_o[0][3][4]   |     5.041 | SLOW    |     2.625 | FAST    |
B_i[0][3][4]   | C_o[0][3][5]   |     5.285 | SLOW    |     2.563 | FAST    |
B_i[0][3][4]   | C_o[0][3][6]   |     5.488 | SLOW    |     2.608 | FAST    |
B_i[0][3][4]   | C_o[0][3][7]   |     5.656 | SLOW    |     2.636 | FAST    |
B_i[0][3][4]   | C_o[0][3][8]   |     6.151 | SLOW    |     2.639 | FAST    |
B_i[0][3][4]   | C_o[1][3][4]   |     5.041 | SLOW    |     2.625 | FAST    |
B_i[0][3][4]   | C_o[1][3][5]   |     5.285 | SLOW    |     2.563 | FAST    |
B_i[0][3][4]   | C_o[1][3][6]   |     5.488 | SLOW    |     2.608 | FAST    |
B_i[0][3][4]   | C_o[1][3][7]   |     5.656 | SLOW    |     2.636 | FAST    |
B_i[0][3][4]   | C_o[1][3][8]   |     6.151 | SLOW    |     2.639 | FAST    |
B_i[0][3][4]   | C_o[2][3][4]   |     5.041 | SLOW    |     2.625 | FAST    |
B_i[0][3][4]   | C_o[2][3][5]   |     5.285 | SLOW    |     2.563 | FAST    |
B_i[0][3][4]   | C_o[2][3][6]   |     5.488 | SLOW    |     2.608 | FAST    |
B_i[0][3][4]   | C_o[2][3][7]   |     5.656 | SLOW    |     2.636 | FAST    |
B_i[0][3][4]   | C_o[2][3][8]   |     6.151 | SLOW    |     2.639 | FAST    |
B_i[0][3][4]   | C_o[3][3][4]   |     5.041 | SLOW    |     2.625 | FAST    |
B_i[0][3][4]   | C_o[3][3][5]   |     5.285 | SLOW    |     2.563 | FAST    |
B_i[0][3][4]   | C_o[3][3][6]   |     5.488 | SLOW    |     2.608 | FAST    |
B_i[0][3][4]   | C_o[3][3][7]   |     5.656 | SLOW    |     2.636 | FAST    |
B_i[0][3][4]   | C_o[3][3][8]   |     6.151 | SLOW    |     2.639 | FAST    |
B_i[0][3][5]   | C_o[0][3][5]   |     5.232 | SLOW    |     2.737 | FAST    |
B_i[0][3][5]   | C_o[0][3][6]   |     5.477 | SLOW    |     2.672 | FAST    |
B_i[0][3][5]   | C_o[0][3][7]   |     5.645 | SLOW    |     2.700 | FAST    |
B_i[0][3][5]   | C_o[0][3][8]   |     6.118 | SLOW    |     2.703 | FAST    |
B_i[0][3][5]   | C_o[1][3][5]   |     5.232 | SLOW    |     2.737 | FAST    |
B_i[0][3][5]   | C_o[1][3][6]   |     5.477 | SLOW    |     2.672 | FAST    |
B_i[0][3][5]   | C_o[1][3][7]   |     5.645 | SLOW    |     2.700 | FAST    |
B_i[0][3][5]   | C_o[1][3][8]   |     6.118 | SLOW    |     2.703 | FAST    |
B_i[0][3][5]   | C_o[2][3][5]   |     5.232 | SLOW    |     2.737 | FAST    |
B_i[0][3][5]   | C_o[2][3][6]   |     5.477 | SLOW    |     2.672 | FAST    |
B_i[0][3][5]   | C_o[2][3][7]   |     5.645 | SLOW    |     2.700 | FAST    |
B_i[0][3][5]   | C_o[2][3][8]   |     6.118 | SLOW    |     2.703 | FAST    |
B_i[0][3][5]   | C_o[3][3][5]   |     5.232 | SLOW    |     2.737 | FAST    |
B_i[0][3][5]   | C_o[3][3][6]   |     5.477 | SLOW    |     2.672 | FAST    |
B_i[0][3][5]   | C_o[3][3][7]   |     5.645 | SLOW    |     2.700 | FAST    |
B_i[0][3][5]   | C_o[3][3][8]   |     6.118 | SLOW    |     2.703 | FAST    |
B_i[0][3][6]   | C_o[0][3][6]   |     5.221 | SLOW    |     2.725 | FAST    |
B_i[0][3][6]   | C_o[0][3][7]   |     5.472 | SLOW    |     2.694 | FAST    |
B_i[0][3][6]   | C_o[0][3][8]   |     6.105 | SLOW    |     2.693 | FAST    |
B_i[0][3][6]   | C_o[1][3][6]   |     5.221 | SLOW    |     2.725 | FAST    |
B_i[0][3][6]   | C_o[1][3][7]   |     5.472 | SLOW    |     2.694 | FAST    |
B_i[0][3][6]   | C_o[1][3][8]   |     6.105 | SLOW    |     2.693 | FAST    |
B_i[0][3][6]   | C_o[2][3][6]   |     5.221 | SLOW    |     2.725 | FAST    |
B_i[0][3][6]   | C_o[2][3][7]   |     5.472 | SLOW    |     2.694 | FAST    |
B_i[0][3][6]   | C_o[2][3][8]   |     6.105 | SLOW    |     2.693 | FAST    |
B_i[0][3][6]   | C_o[3][3][6]   |     5.221 | SLOW    |     2.725 | FAST    |
B_i[0][3][6]   | C_o[3][3][7]   |     5.472 | SLOW    |     2.694 | FAST    |
B_i[0][3][6]   | C_o[3][3][8]   |     6.105 | SLOW    |     2.693 | FAST    |
B_i[0][3][7]   | C_o[0][3][7]   |     5.237 | SLOW    |     2.740 | FAST    |
B_i[0][3][7]   | C_o[0][3][8]   |     5.881 | SLOW    |     2.739 | FAST    |
B_i[0][3][7]   | C_o[1][3][7]   |     5.237 | SLOW    |     2.740 | FAST    |
B_i[0][3][7]   | C_o[1][3][8]   |     5.881 | SLOW    |     2.739 | FAST    |
B_i[0][3][7]   | C_o[2][3][7]   |     5.237 | SLOW    |     2.740 | FAST    |
B_i[0][3][7]   | C_o[2][3][8]   |     5.881 | SLOW    |     2.739 | FAST    |
B_i[0][3][7]   | C_o[3][3][7]   |     5.237 | SLOW    |     2.740 | FAST    |
B_i[0][3][7]   | C_o[3][3][8]   |     5.881 | SLOW    |     2.739 | FAST    |
B_i[0][3][8]   | C_o[0][3][8]   |     5.687 | SLOW    |     2.995 | FAST    |
B_i[0][3][8]   | C_o[1][3][8]   |     5.687 | SLOW    |     2.995 | FAST    |
B_i[0][3][8]   | C_o[2][3][8]   |     5.687 | SLOW    |     2.995 | FAST    |
B_i[0][3][8]   | C_o[3][3][8]   |     5.687 | SLOW    |     2.995 | FAST    |
B_i[1][0][0]   | C_o[0][0][0]   |     4.782 | SLOW    |     2.479 | FAST    |
B_i[1][0][0]   | C_o[0][0][1]   |     5.064 | SLOW    |     2.477 | FAST    |
B_i[1][0][0]   | C_o[0][0][2]   |     5.195 | SLOW    |     2.523 | FAST    |
B_i[1][0][0]   | C_o[0][0][3]   |     5.400 | SLOW    |     2.519 | FAST    |
B_i[1][0][0]   | C_o[0][0][4]   |     5.590 | SLOW    |     2.518 | FAST    |
B_i[1][0][0]   | C_o[0][0][5]   |     5.660 | SLOW    |     2.547 | FAST    |
B_i[1][0][0]   | C_o[0][0][6]   |     5.729 | SLOW    |     2.561 | FAST    |
B_i[1][0][0]   | C_o[0][0][7]   |     5.891 | SLOW    |     2.589 | FAST    |
B_i[1][0][0]   | C_o[0][0][8]   |     6.229 | SLOW    |     2.636 | FAST    |
B_i[1][0][0]   | C_o[1][0][0]   |     4.782 | SLOW    |     2.479 | FAST    |
B_i[1][0][0]   | C_o[1][0][1]   |     5.064 | SLOW    |     2.477 | FAST    |
B_i[1][0][0]   | C_o[1][0][2]   |     5.195 | SLOW    |     2.523 | FAST    |
B_i[1][0][0]   | C_o[1][0][3]   |     5.400 | SLOW    |     2.519 | FAST    |
B_i[1][0][0]   | C_o[1][0][4]   |     5.590 | SLOW    |     2.518 | FAST    |
B_i[1][0][0]   | C_o[1][0][5]   |     5.660 | SLOW    |     2.547 | FAST    |
B_i[1][0][0]   | C_o[1][0][6]   |     5.729 | SLOW    |     2.561 | FAST    |
B_i[1][0][0]   | C_o[1][0][7]   |     5.891 | SLOW    |     2.589 | FAST    |
B_i[1][0][0]   | C_o[1][0][8]   |     6.229 | SLOW    |     2.636 | FAST    |
B_i[1][0][0]   | C_o[2][0][0]   |     4.782 | SLOW    |     2.479 | FAST    |
B_i[1][0][0]   | C_o[2][0][1]   |     5.064 | SLOW    |     2.477 | FAST    |
B_i[1][0][0]   | C_o[2][0][2]   |     5.195 | SLOW    |     2.523 | FAST    |
B_i[1][0][0]   | C_o[2][0][3]   |     5.400 | SLOW    |     2.519 | FAST    |
B_i[1][0][0]   | C_o[2][0][4]   |     5.590 | SLOW    |     2.518 | FAST    |
B_i[1][0][0]   | C_o[2][0][5]   |     5.660 | SLOW    |     2.547 | FAST    |
B_i[1][0][0]   | C_o[2][0][6]   |     5.729 | SLOW    |     2.561 | FAST    |
B_i[1][0][0]   | C_o[2][0][7]   |     5.891 | SLOW    |     2.589 | FAST    |
B_i[1][0][0]   | C_o[2][0][8]   |     6.229 | SLOW    |     2.636 | FAST    |
B_i[1][0][0]   | C_o[3][0][0]   |     4.782 | SLOW    |     2.479 | FAST    |
B_i[1][0][0]   | C_o[3][0][1]   |     5.064 | SLOW    |     2.477 | FAST    |
B_i[1][0][0]   | C_o[3][0][2]   |     5.195 | SLOW    |     2.523 | FAST    |
B_i[1][0][0]   | C_o[3][0][3]   |     5.400 | SLOW    |     2.519 | FAST    |
B_i[1][0][0]   | C_o[3][0][4]   |     5.590 | SLOW    |     2.518 | FAST    |
B_i[1][0][0]   | C_o[3][0][5]   |     5.660 | SLOW    |     2.547 | FAST    |
B_i[1][0][0]   | C_o[3][0][6]   |     5.729 | SLOW    |     2.561 | FAST    |
B_i[1][0][0]   | C_o[3][0][7]   |     5.891 | SLOW    |     2.589 | FAST    |
B_i[1][0][0]   | C_o[3][0][8]   |     6.229 | SLOW    |     2.636 | FAST    |
B_i[1][0][1]   | C_o[0][0][1]   |     4.978 | SLOW    |     2.588 | FAST    |
B_i[1][0][1]   | C_o[0][0][2]   |     5.270 | SLOW    |     2.524 | FAST    |
B_i[1][0][1]   | C_o[0][0][3]   |     5.491 | SLOW    |     2.552 | FAST    |
B_i[1][0][1]   | C_o[0][0][4]   |     5.681 | SLOW    |     2.579 | FAST    |
B_i[1][0][1]   | C_o[0][0][5]   |     5.751 | SLOW    |     2.586 | FAST    |
B_i[1][0][1]   | C_o[0][0][6]   |     5.896 | SLOW    |     2.596 | FAST    |
B_i[1][0][1]   | C_o[0][0][7]   |     6.058 | SLOW    |     2.624 | FAST    |
B_i[1][0][1]   | C_o[0][0][8]   |     6.396 | SLOW    |     2.645 | FAST    |
B_i[1][0][1]   | C_o[1][0][1]   |     4.978 | SLOW    |     2.588 | FAST    |
B_i[1][0][1]   | C_o[1][0][2]   |     5.270 | SLOW    |     2.524 | FAST    |
B_i[1][0][1]   | C_o[1][0][3]   |     5.491 | SLOW    |     2.552 | FAST    |
B_i[1][0][1]   | C_o[1][0][4]   |     5.681 | SLOW    |     2.579 | FAST    |
B_i[1][0][1]   | C_o[1][0][5]   |     5.751 | SLOW    |     2.586 | FAST    |
B_i[1][0][1]   | C_o[1][0][6]   |     5.896 | SLOW    |     2.596 | FAST    |
B_i[1][0][1]   | C_o[1][0][7]   |     6.058 | SLOW    |     2.624 | FAST    |
B_i[1][0][1]   | C_o[1][0][8]   |     6.396 | SLOW    |     2.645 | FAST    |
B_i[1][0][1]   | C_o[2][0][1]   |     4.978 | SLOW    |     2.588 | FAST    |
B_i[1][0][1]   | C_o[2][0][2]   |     5.270 | SLOW    |     2.524 | FAST    |
B_i[1][0][1]   | C_o[2][0][3]   |     5.491 | SLOW    |     2.552 | FAST    |
B_i[1][0][1]   | C_o[2][0][4]   |     5.681 | SLOW    |     2.579 | FAST    |
B_i[1][0][1]   | C_o[2][0][5]   |     5.751 | SLOW    |     2.586 | FAST    |
B_i[1][0][1]   | C_o[2][0][6]   |     5.896 | SLOW    |     2.596 | FAST    |
B_i[1][0][1]   | C_o[2][0][7]   |     6.058 | SLOW    |     2.624 | FAST    |
B_i[1][0][1]   | C_o[2][0][8]   |     6.396 | SLOW    |     2.645 | FAST    |
B_i[1][0][1]   | C_o[3][0][1]   |     4.978 | SLOW    |     2.588 | FAST    |
B_i[1][0][1]   | C_o[3][0][2]   |     5.270 | SLOW    |     2.524 | FAST    |
B_i[1][0][1]   | C_o[3][0][3]   |     5.491 | SLOW    |     2.552 | FAST    |
B_i[1][0][1]   | C_o[3][0][4]   |     5.681 | SLOW    |     2.579 | FAST    |
B_i[1][0][1]   | C_o[3][0][5]   |     5.751 | SLOW    |     2.586 | FAST    |
B_i[1][0][1]   | C_o[3][0][6]   |     5.896 | SLOW    |     2.596 | FAST    |
B_i[1][0][1]   | C_o[3][0][7]   |     6.058 | SLOW    |     2.624 | FAST    |
B_i[1][0][1]   | C_o[3][0][8]   |     6.396 | SLOW    |     2.645 | FAST    |
B_i[1][0][2]   | C_o[0][0][2]   |     5.275 | SLOW    |     2.759 | FAST    |
B_i[1][0][2]   | C_o[0][0][3]   |     5.496 | SLOW    |     2.693 | FAST    |
B_i[1][0][2]   | C_o[0][0][4]   |     5.686 | SLOW    |     2.622 | FAST    |
B_i[1][0][2]   | C_o[0][0][5]   |     5.756 | SLOW    |     2.626 | FAST    |
B_i[1][0][2]   | C_o[0][0][6]   |     5.854 | SLOW    |     2.615 | FAST    |
B_i[1][0][2]   | C_o[0][0][7]   |     5.917 | SLOW    |     2.643 | FAST    |
B_i[1][0][2]   | C_o[0][0][8]   |     6.192 | SLOW    |     2.704 | FAST    |
B_i[1][0][2]   | C_o[1][0][2]   |     5.275 | SLOW    |     2.759 | FAST    |
B_i[1][0][2]   | C_o[1][0][3]   |     5.496 | SLOW    |     2.693 | FAST    |
B_i[1][0][2]   | C_o[1][0][4]   |     5.686 | SLOW    |     2.622 | FAST    |
B_i[1][0][2]   | C_o[1][0][5]   |     5.756 | SLOW    |     2.626 | FAST    |
B_i[1][0][2]   | C_o[1][0][6]   |     5.854 | SLOW    |     2.615 | FAST    |
B_i[1][0][2]   | C_o[1][0][7]   |     5.917 | SLOW    |     2.643 | FAST    |
B_i[1][0][2]   | C_o[1][0][8]   |     6.192 | SLOW    |     2.704 | FAST    |
B_i[1][0][2]   | C_o[2][0][2]   |     5.275 | SLOW    |     2.759 | FAST    |
B_i[1][0][2]   | C_o[2][0][3]   |     5.496 | SLOW    |     2.693 | FAST    |
B_i[1][0][2]   | C_o[2][0][4]   |     5.686 | SLOW    |     2.622 | FAST    |
B_i[1][0][2]   | C_o[2][0][5]   |     5.756 | SLOW    |     2.626 | FAST    |
B_i[1][0][2]   | C_o[2][0][6]   |     5.854 | SLOW    |     2.615 | FAST    |
B_i[1][0][2]   | C_o[2][0][7]   |     5.917 | SLOW    |     2.643 | FAST    |
B_i[1][0][2]   | C_o[2][0][8]   |     6.192 | SLOW    |     2.704 | FAST    |
B_i[1][0][2]   | C_o[3][0][2]   |     5.275 | SLOW    |     2.759 | FAST    |
B_i[1][0][2]   | C_o[3][0][3]   |     5.496 | SLOW    |     2.693 | FAST    |
B_i[1][0][2]   | C_o[3][0][4]   |     5.686 | SLOW    |     2.622 | FAST    |
B_i[1][0][2]   | C_o[3][0][5]   |     5.756 | SLOW    |     2.626 | FAST    |
B_i[1][0][2]   | C_o[3][0][6]   |     5.854 | SLOW    |     2.615 | FAST    |
B_i[1][0][2]   | C_o[3][0][7]   |     5.917 | SLOW    |     2.643 | FAST    |
B_i[1][0][2]   | C_o[3][0][8]   |     6.192 | SLOW    |     2.704 | FAST    |
B_i[1][0][3]   | C_o[0][0][3]   |     5.259 | SLOW    |     2.747 | FAST    |
B_i[1][0][3]   | C_o[0][0][4]   |     5.466 | SLOW    |     2.668 | FAST    |
B_i[1][0][3]   | C_o[0][0][5]   |     5.658 | SLOW    |     2.605 | FAST    |
B_i[1][0][3]   | C_o[0][0][6]   |     5.817 | SLOW    |     2.619 | FAST    |
B_i[1][0][3]   | C_o[0][0][7]   |     5.880 | SLOW    |     2.647 | FAST    |
B_i[1][0][3]   | C_o[0][0][8]   |     6.198 | SLOW    |     2.695 | FAST    |
B_i[1][0][3]   | C_o[1][0][3]   |     5.259 | SLOW    |     2.747 | FAST    |
B_i[1][0][3]   | C_o[1][0][4]   |     5.466 | SLOW    |     2.668 | FAST    |
B_i[1][0][3]   | C_o[1][0][5]   |     5.658 | SLOW    |     2.605 | FAST    |
B_i[1][0][3]   | C_o[1][0][6]   |     5.817 | SLOW    |     2.619 | FAST    |
B_i[1][0][3]   | C_o[1][0][7]   |     5.880 | SLOW    |     2.647 | FAST    |
B_i[1][0][3]   | C_o[1][0][8]   |     6.198 | SLOW    |     2.695 | FAST    |
B_i[1][0][3]   | C_o[2][0][3]   |     5.259 | SLOW    |     2.747 | FAST    |
B_i[1][0][3]   | C_o[2][0][4]   |     5.466 | SLOW    |     2.668 | FAST    |
B_i[1][0][3]   | C_o[2][0][5]   |     5.658 | SLOW    |     2.605 | FAST    |
B_i[1][0][3]   | C_o[2][0][6]   |     5.817 | SLOW    |     2.619 | FAST    |
B_i[1][0][3]   | C_o[2][0][7]   |     5.880 | SLOW    |     2.647 | FAST    |
B_i[1][0][3]   | C_o[2][0][8]   |     6.198 | SLOW    |     2.695 | FAST    |
B_i[1][0][3]   | C_o[3][0][3]   |     5.259 | SLOW    |     2.747 | FAST    |
B_i[1][0][3]   | C_o[3][0][4]   |     5.466 | SLOW    |     2.668 | FAST    |
B_i[1][0][3]   | C_o[3][0][5]   |     5.658 | SLOW    |     2.605 | FAST    |
B_i[1][0][3]   | C_o[3][0][6]   |     5.817 | SLOW    |     2.619 | FAST    |
B_i[1][0][3]   | C_o[3][0][7]   |     5.880 | SLOW    |     2.647 | FAST    |
B_i[1][0][3]   | C_o[3][0][8]   |     6.198 | SLOW    |     2.695 | FAST    |
B_i[1][0][4]   | C_o[0][0][4]   |     5.269 | SLOW    |     2.750 | FAST    |
B_i[1][0][4]   | C_o[0][0][5]   |     5.476 | SLOW    |     2.673 | FAST    |
B_i[1][0][4]   | C_o[0][0][6]   |     5.679 | SLOW    |     2.609 | FAST    |
B_i[1][0][4]   | C_o[0][0][7]   |     5.841 | SLOW    |     2.637 | FAST    |
B_i[1][0][4]   | C_o[0][0][8]   |     6.179 | SLOW    |     2.698 | FAST    |
B_i[1][0][4]   | C_o[1][0][4]   |     5.269 | SLOW    |     2.750 | FAST    |
B_i[1][0][4]   | C_o[1][0][5]   |     5.476 | SLOW    |     2.673 | FAST    |
B_i[1][0][4]   | C_o[1][0][6]   |     5.679 | SLOW    |     2.609 | FAST    |
B_i[1][0][4]   | C_o[1][0][7]   |     5.841 | SLOW    |     2.637 | FAST    |
B_i[1][0][4]   | C_o[1][0][8]   |     6.179 | SLOW    |     2.698 | FAST    |
B_i[1][0][4]   | C_o[2][0][4]   |     5.269 | SLOW    |     2.750 | FAST    |
B_i[1][0][4]   | C_o[2][0][5]   |     5.476 | SLOW    |     2.673 | FAST    |
B_i[1][0][4]   | C_o[2][0][6]   |     5.679 | SLOW    |     2.609 | FAST    |
B_i[1][0][4]   | C_o[2][0][7]   |     5.841 | SLOW    |     2.637 | FAST    |
B_i[1][0][4]   | C_o[2][0][8]   |     6.179 | SLOW    |     2.698 | FAST    |
B_i[1][0][4]   | C_o[3][0][4]   |     5.269 | SLOW    |     2.750 | FAST    |
B_i[1][0][4]   | C_o[3][0][5]   |     5.476 | SLOW    |     2.673 | FAST    |
B_i[1][0][4]   | C_o[3][0][6]   |     5.679 | SLOW    |     2.609 | FAST    |
B_i[1][0][4]   | C_o[3][0][7]   |     5.841 | SLOW    |     2.637 | FAST    |
B_i[1][0][4]   | C_o[3][0][8]   |     6.179 | SLOW    |     2.698 | FAST    |
B_i[1][0][5]   | C_o[0][0][5]   |     5.463 | SLOW    |     2.862 | FAST    |
B_i[1][0][5]   | C_o[0][0][6]   |     5.668 | SLOW    |     2.783 | FAST    |
B_i[1][0][5]   | C_o[0][0][7]   |     5.830 | SLOW    |     2.743 | FAST    |
B_i[1][0][5]   | C_o[0][0][8]   |     6.168 | SLOW    |     2.762 | FAST    |
B_i[1][0][5]   | C_o[1][0][5]   |     5.463 | SLOW    |     2.862 | FAST    |
B_i[1][0][5]   | C_o[1][0][6]   |     5.668 | SLOW    |     2.783 | FAST    |
B_i[1][0][5]   | C_o[1][0][7]   |     5.830 | SLOW    |     2.743 | FAST    |
B_i[1][0][5]   | C_o[1][0][8]   |     6.168 | SLOW    |     2.762 | FAST    |
B_i[1][0][5]   | C_o[2][0][5]   |     5.463 | SLOW    |     2.862 | FAST    |
B_i[1][0][5]   | C_o[2][0][6]   |     5.668 | SLOW    |     2.783 | FAST    |
B_i[1][0][5]   | C_o[2][0][7]   |     5.830 | SLOW    |     2.743 | FAST    |
B_i[1][0][5]   | C_o[2][0][8]   |     6.168 | SLOW    |     2.762 | FAST    |
B_i[1][0][5]   | C_o[3][0][5]   |     5.463 | SLOW    |     2.862 | FAST    |
B_i[1][0][5]   | C_o[3][0][6]   |     5.668 | SLOW    |     2.783 | FAST    |
B_i[1][0][5]   | C_o[3][0][7]   |     5.830 | SLOW    |     2.743 | FAST    |
B_i[1][0][5]   | C_o[3][0][8]   |     6.168 | SLOW    |     2.762 | FAST    |
B_i[1][0][6]   | C_o[0][0][6]   |     5.444 | SLOW    |     2.847 | FAST    |
B_i[1][0][6]   | C_o[0][0][7]   |     5.687 | SLOW    |     2.796 | FAST    |
B_i[1][0][6]   | C_o[0][0][8]   |     6.120 | SLOW    |     2.752 | FAST    |
B_i[1][0][6]   | C_o[1][0][6]   |     5.444 | SLOW    |     2.847 | FAST    |
B_i[1][0][6]   | C_o[1][0][7]   |     5.687 | SLOW    |     2.796 | FAST    |
B_i[1][0][6]   | C_o[1][0][8]   |     6.120 | SLOW    |     2.752 | FAST    |
B_i[1][0][6]   | C_o[2][0][6]   |     5.444 | SLOW    |     2.847 | FAST    |
B_i[1][0][6]   | C_o[2][0][7]   |     5.687 | SLOW    |     2.796 | FAST    |
B_i[1][0][6]   | C_o[2][0][8]   |     6.120 | SLOW    |     2.752 | FAST    |
B_i[1][0][6]   | C_o[3][0][6]   |     5.444 | SLOW    |     2.847 | FAST    |
B_i[1][0][6]   | C_o[3][0][7]   |     5.687 | SLOW    |     2.796 | FAST    |
B_i[1][0][6]   | C_o[3][0][8]   |     6.120 | SLOW    |     2.752 | FAST    |
B_i[1][0][7]   | C_o[0][0][7]   |     5.461 | SLOW    |     2.862 | FAST    |
B_i[1][0][7]   | C_o[0][0][8]   |     5.896 | SLOW    |     2.798 | FAST    |
B_i[1][0][7]   | C_o[1][0][7]   |     5.461 | SLOW    |     2.862 | FAST    |
B_i[1][0][7]   | C_o[1][0][8]   |     5.896 | SLOW    |     2.798 | FAST    |
B_i[1][0][7]   | C_o[2][0][7]   |     5.461 | SLOW    |     2.862 | FAST    |
B_i[1][0][7]   | C_o[2][0][8]   |     5.896 | SLOW    |     2.798 | FAST    |
B_i[1][0][7]   | C_o[3][0][7]   |     5.461 | SLOW    |     2.862 | FAST    |
B_i[1][0][7]   | C_o[3][0][8]   |     5.896 | SLOW    |     2.798 | FAST    |
B_i[1][0][8]   | C_o[0][0][8]   |     5.702 | SLOW    |     2.999 | FAST    |
B_i[1][0][8]   | C_o[1][0][8]   |     5.702 | SLOW    |     2.999 | FAST    |
B_i[1][0][8]   | C_o[2][0][8]   |     5.702 | SLOW    |     2.999 | FAST    |
B_i[1][0][8]   | C_o[3][0][8]   |     5.702 | SLOW    |     2.999 | FAST    |
B_i[1][1][0]   | C_o[0][1][0]   |     4.782 | SLOW    |     2.479 | FAST    |
B_i[1][1][0]   | C_o[0][1][1]   |     5.064 | SLOW    |     2.477 | FAST    |
B_i[1][1][0]   | C_o[0][1][2]   |     5.195 | SLOW    |     2.523 | FAST    |
B_i[1][1][0]   | C_o[0][1][3]   |     5.400 | SLOW    |     2.519 | FAST    |
B_i[1][1][0]   | C_o[0][1][4]   |     5.590 | SLOW    |     2.518 | FAST    |
B_i[1][1][0]   | C_o[0][1][5]   |     5.660 | SLOW    |     2.547 | FAST    |
B_i[1][1][0]   | C_o[0][1][6]   |     5.729 | SLOW    |     2.561 | FAST    |
B_i[1][1][0]   | C_o[0][1][7]   |     5.891 | SLOW    |     2.589 | FAST    |
B_i[1][1][0]   | C_o[0][1][8]   |     6.229 | SLOW    |     2.636 | FAST    |
B_i[1][1][0]   | C_o[1][1][0]   |     4.782 | SLOW    |     2.479 | FAST    |
B_i[1][1][0]   | C_o[1][1][1]   |     5.064 | SLOW    |     2.477 | FAST    |
B_i[1][1][0]   | C_o[1][1][2]   |     5.195 | SLOW    |     2.523 | FAST    |
B_i[1][1][0]   | C_o[1][1][3]   |     5.400 | SLOW    |     2.519 | FAST    |
B_i[1][1][0]   | C_o[1][1][4]   |     5.590 | SLOW    |     2.518 | FAST    |
B_i[1][1][0]   | C_o[1][1][5]   |     5.660 | SLOW    |     2.547 | FAST    |
B_i[1][1][0]   | C_o[1][1][6]   |     5.729 | SLOW    |     2.561 | FAST    |
B_i[1][1][0]   | C_o[1][1][7]   |     5.891 | SLOW    |     2.589 | FAST    |
B_i[1][1][0]   | C_o[1][1][8]   |     6.229 | SLOW    |     2.636 | FAST    |
B_i[1][1][0]   | C_o[2][1][0]   |     4.782 | SLOW    |     2.479 | FAST    |
B_i[1][1][0]   | C_o[2][1][1]   |     5.064 | SLOW    |     2.477 | FAST    |
B_i[1][1][0]   | C_o[2][1][2]   |     5.195 | SLOW    |     2.523 | FAST    |
B_i[1][1][0]   | C_o[2][1][3]   |     5.400 | SLOW    |     2.519 | FAST    |
B_i[1][1][0]   | C_o[2][1][4]   |     5.590 | SLOW    |     2.518 | FAST    |
B_i[1][1][0]   | C_o[2][1][5]   |     5.660 | SLOW    |     2.547 | FAST    |
B_i[1][1][0]   | C_o[2][1][6]   |     5.729 | SLOW    |     2.561 | FAST    |
B_i[1][1][0]   | C_o[2][1][7]   |     5.891 | SLOW    |     2.589 | FAST    |
B_i[1][1][0]   | C_o[2][1][8]   |     6.229 | SLOW    |     2.636 | FAST    |
B_i[1][1][0]   | C_o[3][1][0]   |     4.782 | SLOW    |     2.479 | FAST    |
B_i[1][1][0]   | C_o[3][1][1]   |     5.064 | SLOW    |     2.477 | FAST    |
B_i[1][1][0]   | C_o[3][1][2]   |     5.195 | SLOW    |     2.523 | FAST    |
B_i[1][1][0]   | C_o[3][1][3]   |     5.400 | SLOW    |     2.519 | FAST    |
B_i[1][1][0]   | C_o[3][1][4]   |     5.590 | SLOW    |     2.518 | FAST    |
B_i[1][1][0]   | C_o[3][1][5]   |     5.660 | SLOW    |     2.547 | FAST    |
B_i[1][1][0]   | C_o[3][1][6]   |     5.729 | SLOW    |     2.561 | FAST    |
B_i[1][1][0]   | C_o[3][1][7]   |     5.891 | SLOW    |     2.589 | FAST    |
B_i[1][1][0]   | C_o[3][1][8]   |     6.229 | SLOW    |     2.636 | FAST    |
B_i[1][1][1]   | C_o[0][1][1]   |     4.978 | SLOW    |     2.588 | FAST    |
B_i[1][1][1]   | C_o[0][1][2]   |     5.270 | SLOW    |     2.524 | FAST    |
B_i[1][1][1]   | C_o[0][1][3]   |     5.491 | SLOW    |     2.552 | FAST    |
B_i[1][1][1]   | C_o[0][1][4]   |     5.681 | SLOW    |     2.579 | FAST    |
B_i[1][1][1]   | C_o[0][1][5]   |     5.751 | SLOW    |     2.586 | FAST    |
B_i[1][1][1]   | C_o[0][1][6]   |     5.927 | SLOW    |     2.596 | FAST    |
B_i[1][1][1]   | C_o[0][1][7]   |     6.089 | SLOW    |     2.624 | FAST    |
B_i[1][1][1]   | C_o[0][1][8]   |     6.427 | SLOW    |     2.645 | FAST    |
B_i[1][1][1]   | C_o[1][1][1]   |     4.978 | SLOW    |     2.588 | FAST    |
B_i[1][1][1]   | C_o[1][1][2]   |     5.270 | SLOW    |     2.524 | FAST    |
B_i[1][1][1]   | C_o[1][1][3]   |     5.491 | SLOW    |     2.552 | FAST    |
B_i[1][1][1]   | C_o[1][1][4]   |     5.681 | SLOW    |     2.579 | FAST    |
B_i[1][1][1]   | C_o[1][1][5]   |     5.751 | SLOW    |     2.586 | FAST    |
B_i[1][1][1]   | C_o[1][1][6]   |     5.927 | SLOW    |     2.596 | FAST    |
B_i[1][1][1]   | C_o[1][1][7]   |     6.089 | SLOW    |     2.624 | FAST    |
B_i[1][1][1]   | C_o[1][1][8]   |     6.427 | SLOW    |     2.645 | FAST    |
B_i[1][1][1]   | C_o[2][1][1]   |     4.978 | SLOW    |     2.588 | FAST    |
B_i[1][1][1]   | C_o[2][1][2]   |     5.270 | SLOW    |     2.524 | FAST    |
B_i[1][1][1]   | C_o[2][1][3]   |     5.491 | SLOW    |     2.552 | FAST    |
B_i[1][1][1]   | C_o[2][1][4]   |     5.681 | SLOW    |     2.579 | FAST    |
B_i[1][1][1]   | C_o[2][1][5]   |     5.751 | SLOW    |     2.586 | FAST    |
B_i[1][1][1]   | C_o[2][1][6]   |     5.927 | SLOW    |     2.596 | FAST    |
B_i[1][1][1]   | C_o[2][1][7]   |     6.089 | SLOW    |     2.624 | FAST    |
B_i[1][1][1]   | C_o[2][1][8]   |     6.427 | SLOW    |     2.645 | FAST    |
B_i[1][1][1]   | C_o[3][1][1]   |     4.978 | SLOW    |     2.588 | FAST    |
B_i[1][1][1]   | C_o[3][1][2]   |     5.270 | SLOW    |     2.524 | FAST    |
B_i[1][1][1]   | C_o[3][1][3]   |     5.491 | SLOW    |     2.552 | FAST    |
B_i[1][1][1]   | C_o[3][1][4]   |     5.681 | SLOW    |     2.579 | FAST    |
B_i[1][1][1]   | C_o[3][1][5]   |     5.751 | SLOW    |     2.586 | FAST    |
B_i[1][1][1]   | C_o[3][1][6]   |     5.927 | SLOW    |     2.596 | FAST    |
B_i[1][1][1]   | C_o[3][1][7]   |     6.089 | SLOW    |     2.624 | FAST    |
B_i[1][1][1]   | C_o[3][1][8]   |     6.427 | SLOW    |     2.645 | FAST    |
B_i[1][1][2]   | C_o[0][1][2]   |     5.275 | SLOW    |     2.759 | FAST    |
B_i[1][1][2]   | C_o[0][1][3]   |     5.496 | SLOW    |     2.693 | FAST    |
B_i[1][1][2]   | C_o[0][1][4]   |     5.686 | SLOW    |     2.622 | FAST    |
B_i[1][1][2]   | C_o[0][1][5]   |     5.756 | SLOW    |     2.626 | FAST    |
B_i[1][1][2]   | C_o[0][1][6]   |     5.854 | SLOW    |     2.615 | FAST    |
B_i[1][1][2]   | C_o[0][1][7]   |     5.917 | SLOW    |     2.643 | FAST    |
B_i[1][1][2]   | C_o[0][1][8]   |     6.192 | SLOW    |     2.704 | FAST    |
B_i[1][1][2]   | C_o[1][1][2]   |     5.275 | SLOW    |     2.759 | FAST    |
B_i[1][1][2]   | C_o[1][1][3]   |     5.496 | SLOW    |     2.693 | FAST    |
B_i[1][1][2]   | C_o[1][1][4]   |     5.686 | SLOW    |     2.622 | FAST    |
B_i[1][1][2]   | C_o[1][1][5]   |     5.756 | SLOW    |     2.626 | FAST    |
B_i[1][1][2]   | C_o[1][1][6]   |     5.854 | SLOW    |     2.615 | FAST    |
B_i[1][1][2]   | C_o[1][1][7]   |     5.917 | SLOW    |     2.643 | FAST    |
B_i[1][1][2]   | C_o[1][1][8]   |     6.192 | SLOW    |     2.704 | FAST    |
B_i[1][1][2]   | C_o[2][1][2]   |     5.275 | SLOW    |     2.759 | FAST    |
B_i[1][1][2]   | C_o[2][1][3]   |     5.496 | SLOW    |     2.693 | FAST    |
B_i[1][1][2]   | C_o[2][1][4]   |     5.686 | SLOW    |     2.622 | FAST    |
B_i[1][1][2]   | C_o[2][1][5]   |     5.756 | SLOW    |     2.626 | FAST    |
B_i[1][1][2]   | C_o[2][1][6]   |     5.854 | SLOW    |     2.615 | FAST    |
B_i[1][1][2]   | C_o[2][1][7]   |     5.917 | SLOW    |     2.643 | FAST    |
B_i[1][1][2]   | C_o[2][1][8]   |     6.192 | SLOW    |     2.704 | FAST    |
B_i[1][1][2]   | C_o[3][1][2]   |     5.275 | SLOW    |     2.759 | FAST    |
B_i[1][1][2]   | C_o[3][1][3]   |     5.496 | SLOW    |     2.693 | FAST    |
B_i[1][1][2]   | C_o[3][1][4]   |     5.686 | SLOW    |     2.622 | FAST    |
B_i[1][1][2]   | C_o[3][1][5]   |     5.756 | SLOW    |     2.626 | FAST    |
B_i[1][1][2]   | C_o[3][1][6]   |     5.854 | SLOW    |     2.615 | FAST    |
B_i[1][1][2]   | C_o[3][1][7]   |     5.917 | SLOW    |     2.643 | FAST    |
B_i[1][1][2]   | C_o[3][1][8]   |     6.192 | SLOW    |     2.704 | FAST    |
B_i[1][1][3]   | C_o[0][1][3]   |     5.259 | SLOW    |     2.747 | FAST    |
B_i[1][1][3]   | C_o[0][1][4]   |     5.466 | SLOW    |     2.668 | FAST    |
B_i[1][1][3]   | C_o[0][1][5]   |     5.658 | SLOW    |     2.605 | FAST    |
B_i[1][1][3]   | C_o[0][1][6]   |     5.817 | SLOW    |     2.619 | FAST    |
B_i[1][1][3]   | C_o[0][1][7]   |     5.880 | SLOW    |     2.647 | FAST    |
B_i[1][1][3]   | C_o[0][1][8]   |     6.198 | SLOW    |     2.695 | FAST    |
B_i[1][1][3]   | C_o[1][1][3]   |     5.259 | SLOW    |     2.747 | FAST    |
B_i[1][1][3]   | C_o[1][1][4]   |     5.466 | SLOW    |     2.668 | FAST    |
B_i[1][1][3]   | C_o[1][1][5]   |     5.658 | SLOW    |     2.605 | FAST    |
B_i[1][1][3]   | C_o[1][1][6]   |     5.817 | SLOW    |     2.619 | FAST    |
B_i[1][1][3]   | C_o[1][1][7]   |     5.880 | SLOW    |     2.647 | FAST    |
B_i[1][1][3]   | C_o[1][1][8]   |     6.198 | SLOW    |     2.695 | FAST    |
B_i[1][1][3]   | C_o[2][1][3]   |     5.259 | SLOW    |     2.747 | FAST    |
B_i[1][1][3]   | C_o[2][1][4]   |     5.466 | SLOW    |     2.668 | FAST    |
B_i[1][1][3]   | C_o[2][1][5]   |     5.658 | SLOW    |     2.605 | FAST    |
B_i[1][1][3]   | C_o[2][1][6]   |     5.817 | SLOW    |     2.619 | FAST    |
B_i[1][1][3]   | C_o[2][1][7]   |     5.880 | SLOW    |     2.647 | FAST    |
B_i[1][1][3]   | C_o[2][1][8]   |     6.198 | SLOW    |     2.695 | FAST    |
B_i[1][1][3]   | C_o[3][1][3]   |     5.259 | SLOW    |     2.747 | FAST    |
B_i[1][1][3]   | C_o[3][1][4]   |     5.466 | SLOW    |     2.668 | FAST    |
B_i[1][1][3]   | C_o[3][1][5]   |     5.658 | SLOW    |     2.605 | FAST    |
B_i[1][1][3]   | C_o[3][1][6]   |     5.817 | SLOW    |     2.619 | FAST    |
B_i[1][1][3]   | C_o[3][1][7]   |     5.880 | SLOW    |     2.647 | FAST    |
B_i[1][1][3]   | C_o[3][1][8]   |     6.198 | SLOW    |     2.695 | FAST    |
B_i[1][1][4]   | C_o[0][1][4]   |     5.269 | SLOW    |     2.750 | FAST    |
B_i[1][1][4]   | C_o[0][1][5]   |     5.476 | SLOW    |     2.673 | FAST    |
B_i[1][1][4]   | C_o[0][1][6]   |     5.679 | SLOW    |     2.609 | FAST    |
B_i[1][1][4]   | C_o[0][1][7]   |     5.841 | SLOW    |     2.637 | FAST    |
B_i[1][1][4]   | C_o[0][1][8]   |     6.179 | SLOW    |     2.698 | FAST    |
B_i[1][1][4]   | C_o[1][1][4]   |     5.269 | SLOW    |     2.750 | FAST    |
B_i[1][1][4]   | C_o[1][1][5]   |     5.476 | SLOW    |     2.673 | FAST    |
B_i[1][1][4]   | C_o[1][1][6]   |     5.679 | SLOW    |     2.609 | FAST    |
B_i[1][1][4]   | C_o[1][1][7]   |     5.841 | SLOW    |     2.637 | FAST    |
B_i[1][1][4]   | C_o[1][1][8]   |     6.179 | SLOW    |     2.698 | FAST    |
B_i[1][1][4]   | C_o[2][1][4]   |     5.269 | SLOW    |     2.750 | FAST    |
B_i[1][1][4]   | C_o[2][1][5]   |     5.476 | SLOW    |     2.673 | FAST    |
B_i[1][1][4]   | C_o[2][1][6]   |     5.679 | SLOW    |     2.609 | FAST    |
B_i[1][1][4]   | C_o[2][1][7]   |     5.841 | SLOW    |     2.637 | FAST    |
B_i[1][1][4]   | C_o[2][1][8]   |     6.179 | SLOW    |     2.698 | FAST    |
B_i[1][1][4]   | C_o[3][1][4]   |     5.269 | SLOW    |     2.750 | FAST    |
B_i[1][1][4]   | C_o[3][1][5]   |     5.476 | SLOW    |     2.673 | FAST    |
B_i[1][1][4]   | C_o[3][1][6]   |     5.679 | SLOW    |     2.609 | FAST    |
B_i[1][1][4]   | C_o[3][1][7]   |     5.841 | SLOW    |     2.637 | FAST    |
B_i[1][1][4]   | C_o[3][1][8]   |     6.179 | SLOW    |     2.698 | FAST    |
B_i[1][1][5]   | C_o[0][1][5]   |     5.463 | SLOW    |     2.862 | FAST    |
B_i[1][1][5]   | C_o[0][1][6]   |     5.668 | SLOW    |     2.783 | FAST    |
B_i[1][1][5]   | C_o[0][1][7]   |     5.830 | SLOW    |     2.743 | FAST    |
B_i[1][1][5]   | C_o[0][1][8]   |     6.168 | SLOW    |     2.762 | FAST    |
B_i[1][1][5]   | C_o[1][1][5]   |     5.463 | SLOW    |     2.862 | FAST    |
B_i[1][1][5]   | C_o[1][1][6]   |     5.668 | SLOW    |     2.783 | FAST    |
B_i[1][1][5]   | C_o[1][1][7]   |     5.830 | SLOW    |     2.743 | FAST    |
B_i[1][1][5]   | C_o[1][1][8]   |     6.168 | SLOW    |     2.762 | FAST    |
B_i[1][1][5]   | C_o[2][1][5]   |     5.463 | SLOW    |     2.862 | FAST    |
B_i[1][1][5]   | C_o[2][1][6]   |     5.668 | SLOW    |     2.783 | FAST    |
B_i[1][1][5]   | C_o[2][1][7]   |     5.830 | SLOW    |     2.743 | FAST    |
B_i[1][1][5]   | C_o[2][1][8]   |     6.168 | SLOW    |     2.762 | FAST    |
B_i[1][1][5]   | C_o[3][1][5]   |     5.463 | SLOW    |     2.862 | FAST    |
B_i[1][1][5]   | C_o[3][1][6]   |     5.668 | SLOW    |     2.783 | FAST    |
B_i[1][1][5]   | C_o[3][1][7]   |     5.830 | SLOW    |     2.743 | FAST    |
B_i[1][1][5]   | C_o[3][1][8]   |     6.168 | SLOW    |     2.762 | FAST    |
B_i[1][1][6]   | C_o[0][1][6]   |     5.444 | SLOW    |     2.847 | FAST    |
B_i[1][1][6]   | C_o[0][1][7]   |     5.687 | SLOW    |     2.796 | FAST    |
B_i[1][1][6]   | C_o[0][1][8]   |     6.120 | SLOW    |     2.752 | FAST    |
B_i[1][1][6]   | C_o[1][1][6]   |     5.444 | SLOW    |     2.847 | FAST    |
B_i[1][1][6]   | C_o[1][1][7]   |     5.687 | SLOW    |     2.796 | FAST    |
B_i[1][1][6]   | C_o[1][1][8]   |     6.120 | SLOW    |     2.752 | FAST    |
B_i[1][1][6]   | C_o[2][1][6]   |     5.444 | SLOW    |     2.847 | FAST    |
B_i[1][1][6]   | C_o[2][1][7]   |     5.687 | SLOW    |     2.796 | FAST    |
B_i[1][1][6]   | C_o[2][1][8]   |     6.120 | SLOW    |     2.752 | FAST    |
B_i[1][1][6]   | C_o[3][1][6]   |     5.444 | SLOW    |     2.847 | FAST    |
B_i[1][1][6]   | C_o[3][1][7]   |     5.687 | SLOW    |     2.796 | FAST    |
B_i[1][1][6]   | C_o[3][1][8]   |     6.120 | SLOW    |     2.752 | FAST    |
B_i[1][1][7]   | C_o[0][1][7]   |     5.461 | SLOW    |     2.862 | FAST    |
B_i[1][1][7]   | C_o[0][1][8]   |     5.896 | SLOW    |     2.798 | FAST    |
B_i[1][1][7]   | C_o[1][1][7]   |     5.461 | SLOW    |     2.862 | FAST    |
B_i[1][1][7]   | C_o[1][1][8]   |     5.896 | SLOW    |     2.798 | FAST    |
B_i[1][1][7]   | C_o[2][1][7]   |     5.461 | SLOW    |     2.862 | FAST    |
B_i[1][1][7]   | C_o[2][1][8]   |     5.896 | SLOW    |     2.798 | FAST    |
B_i[1][1][7]   | C_o[3][1][7]   |     5.461 | SLOW    |     2.862 | FAST    |
B_i[1][1][7]   | C_o[3][1][8]   |     5.896 | SLOW    |     2.798 | FAST    |
B_i[1][1][8]   | C_o[0][1][8]   |     5.702 | SLOW    |     2.999 | FAST    |
B_i[1][1][8]   | C_o[1][1][8]   |     5.724 | SLOW    |     3.013 | FAST    |
B_i[1][1][8]   | C_o[2][1][8]   |     5.724 | SLOW    |     3.013 | FAST    |
B_i[1][1][8]   | C_o[3][1][8]   |     5.724 | SLOW    |     3.013 | FAST    |
B_i[1][2][0]   | C_o[0][2][0]   |     4.782 | SLOW    |     2.479 | FAST    |
B_i[1][2][0]   | C_o[0][2][1]   |     5.064 | SLOW    |     2.477 | FAST    |
B_i[1][2][0]   | C_o[0][2][2]   |     5.195 | SLOW    |     2.523 | FAST    |
B_i[1][2][0]   | C_o[0][2][3]   |     5.400 | SLOW    |     2.519 | FAST    |
B_i[1][2][0]   | C_o[0][2][4]   |     5.590 | SLOW    |     2.518 | FAST    |
B_i[1][2][0]   | C_o[0][2][5]   |     5.660 | SLOW    |     2.547 | FAST    |
B_i[1][2][0]   | C_o[0][2][6]   |     5.729 | SLOW    |     2.561 | FAST    |
B_i[1][2][0]   | C_o[0][2][7]   |     5.891 | SLOW    |     2.589 | FAST    |
B_i[1][2][0]   | C_o[0][2][8]   |     6.229 | SLOW    |     2.636 | FAST    |
B_i[1][2][0]   | C_o[1][2][0]   |     4.782 | SLOW    |     2.479 | FAST    |
B_i[1][2][0]   | C_o[1][2][1]   |     5.064 | SLOW    |     2.477 | FAST    |
B_i[1][2][0]   | C_o[1][2][2]   |     5.195 | SLOW    |     2.523 | FAST    |
B_i[1][2][0]   | C_o[1][2][3]   |     5.400 | SLOW    |     2.519 | FAST    |
B_i[1][2][0]   | C_o[1][2][4]   |     5.590 | SLOW    |     2.518 | FAST    |
B_i[1][2][0]   | C_o[1][2][5]   |     5.660 | SLOW    |     2.547 | FAST    |
B_i[1][2][0]   | C_o[1][2][6]   |     5.729 | SLOW    |     2.561 | FAST    |
B_i[1][2][0]   | C_o[1][2][7]   |     5.891 | SLOW    |     2.589 | FAST    |
B_i[1][2][0]   | C_o[1][2][8]   |     6.229 | SLOW    |     2.636 | FAST    |
B_i[1][2][0]   | C_o[2][2][0]   |     4.782 | SLOW    |     2.479 | FAST    |
B_i[1][2][0]   | C_o[2][2][1]   |     5.064 | SLOW    |     2.477 | FAST    |
B_i[1][2][0]   | C_o[2][2][2]   |     5.195 | SLOW    |     2.523 | FAST    |
B_i[1][2][0]   | C_o[2][2][3]   |     5.400 | SLOW    |     2.519 | FAST    |
B_i[1][2][0]   | C_o[2][2][4]   |     5.590 | SLOW    |     2.518 | FAST    |
B_i[1][2][0]   | C_o[2][2][5]   |     5.660 | SLOW    |     2.547 | FAST    |
B_i[1][2][0]   | C_o[2][2][6]   |     5.729 | SLOW    |     2.561 | FAST    |
B_i[1][2][0]   | C_o[2][2][7]   |     5.891 | SLOW    |     2.589 | FAST    |
B_i[1][2][0]   | C_o[2][2][8]   |     6.229 | SLOW    |     2.636 | FAST    |
B_i[1][2][0]   | C_o[3][2][0]   |     4.782 | SLOW    |     2.479 | FAST    |
B_i[1][2][0]   | C_o[3][2][1]   |     5.064 | SLOW    |     2.477 | FAST    |
B_i[1][2][0]   | C_o[3][2][2]   |     5.195 | SLOW    |     2.523 | FAST    |
B_i[1][2][0]   | C_o[3][2][3]   |     5.400 | SLOW    |     2.519 | FAST    |
B_i[1][2][0]   | C_o[3][2][4]   |     5.590 | SLOW    |     2.518 | FAST    |
B_i[1][2][0]   | C_o[3][2][5]   |     5.660 | SLOW    |     2.547 | FAST    |
B_i[1][2][0]   | C_o[3][2][6]   |     5.729 | SLOW    |     2.561 | FAST    |
B_i[1][2][0]   | C_o[3][2][7]   |     5.891 | SLOW    |     2.589 | FAST    |
B_i[1][2][0]   | C_o[3][2][8]   |     6.229 | SLOW    |     2.636 | FAST    |
B_i[1][2][1]   | C_o[0][2][1]   |     4.978 | SLOW    |     2.588 | FAST    |
B_i[1][2][1]   | C_o[0][2][2]   |     5.270 | SLOW    |     2.524 | FAST    |
B_i[1][2][1]   | C_o[0][2][3]   |     5.491 | SLOW    |     2.552 | FAST    |
B_i[1][2][1]   | C_o[0][2][4]   |     5.681 | SLOW    |     2.579 | FAST    |
B_i[1][2][1]   | C_o[0][2][5]   |     5.751 | SLOW    |     2.586 | FAST    |
B_i[1][2][1]   | C_o[0][2][6]   |     5.896 | SLOW    |     2.596 | FAST    |
B_i[1][2][1]   | C_o[0][2][7]   |     6.058 | SLOW    |     2.624 | FAST    |
B_i[1][2][1]   | C_o[0][2][8]   |     6.396 | SLOW    |     2.645 | FAST    |
B_i[1][2][1]   | C_o[1][2][1]   |     4.978 | SLOW    |     2.588 | FAST    |
B_i[1][2][1]   | C_o[1][2][2]   |     5.270 | SLOW    |     2.524 | FAST    |
B_i[1][2][1]   | C_o[1][2][3]   |     5.491 | SLOW    |     2.552 | FAST    |
B_i[1][2][1]   | C_o[1][2][4]   |     5.681 | SLOW    |     2.579 | FAST    |
B_i[1][2][1]   | C_o[1][2][5]   |     5.751 | SLOW    |     2.586 | FAST    |
B_i[1][2][1]   | C_o[1][2][6]   |     5.896 | SLOW    |     2.596 | FAST    |
B_i[1][2][1]   | C_o[1][2][7]   |     6.058 | SLOW    |     2.624 | FAST    |
B_i[1][2][1]   | C_o[1][2][8]   |     6.396 | SLOW    |     2.645 | FAST    |
B_i[1][2][1]   | C_o[2][2][1]   |     4.978 | SLOW    |     2.588 | FAST    |
B_i[1][2][1]   | C_o[2][2][2]   |     5.270 | SLOW    |     2.524 | FAST    |
B_i[1][2][1]   | C_o[2][2][3]   |     5.491 | SLOW    |     2.552 | FAST    |
B_i[1][2][1]   | C_o[2][2][4]   |     5.681 | SLOW    |     2.579 | FAST    |
B_i[1][2][1]   | C_o[2][2][5]   |     5.751 | SLOW    |     2.586 | FAST    |
B_i[1][2][1]   | C_o[2][2][6]   |     5.896 | SLOW    |     2.596 | FAST    |
B_i[1][2][1]   | C_o[2][2][7]   |     6.058 | SLOW    |     2.624 | FAST    |
B_i[1][2][1]   | C_o[2][2][8]   |     6.396 | SLOW    |     2.645 | FAST    |
B_i[1][2][1]   | C_o[3][2][1]   |     4.978 | SLOW    |     2.588 | FAST    |
B_i[1][2][1]   | C_o[3][2][2]   |     5.270 | SLOW    |     2.524 | FAST    |
B_i[1][2][1]   | C_o[3][2][3]   |     5.491 | SLOW    |     2.552 | FAST    |
B_i[1][2][1]   | C_o[3][2][4]   |     5.681 | SLOW    |     2.579 | FAST    |
B_i[1][2][1]   | C_o[3][2][5]   |     5.751 | SLOW    |     2.586 | FAST    |
B_i[1][2][1]   | C_o[3][2][6]   |     5.896 | SLOW    |     2.596 | FAST    |
B_i[1][2][1]   | C_o[3][2][7]   |     6.058 | SLOW    |     2.624 | FAST    |
B_i[1][2][1]   | C_o[3][2][8]   |     6.396 | SLOW    |     2.645 | FAST    |
B_i[1][2][2]   | C_o[0][2][2]   |     5.275 | SLOW    |     2.759 | FAST    |
B_i[1][2][2]   | C_o[0][2][3]   |     5.496 | SLOW    |     2.693 | FAST    |
B_i[1][2][2]   | C_o[0][2][4]   |     5.686 | SLOW    |     2.622 | FAST    |
B_i[1][2][2]   | C_o[0][2][5]   |     5.756 | SLOW    |     2.626 | FAST    |
B_i[1][2][2]   | C_o[0][2][6]   |     5.854 | SLOW    |     2.615 | FAST    |
B_i[1][2][2]   | C_o[0][2][7]   |     5.917 | SLOW    |     2.643 | FAST    |
B_i[1][2][2]   | C_o[0][2][8]   |     6.192 | SLOW    |     2.704 | FAST    |
B_i[1][2][2]   | C_o[1][2][2]   |     5.275 | SLOW    |     2.759 | FAST    |
B_i[1][2][2]   | C_o[1][2][3]   |     5.496 | SLOW    |     2.693 | FAST    |
B_i[1][2][2]   | C_o[1][2][4]   |     5.686 | SLOW    |     2.622 | FAST    |
B_i[1][2][2]   | C_o[1][2][5]   |     5.756 | SLOW    |     2.626 | FAST    |
B_i[1][2][2]   | C_o[1][2][6]   |     5.854 | SLOW    |     2.615 | FAST    |
B_i[1][2][2]   | C_o[1][2][7]   |     5.917 | SLOW    |     2.643 | FAST    |
B_i[1][2][2]   | C_o[1][2][8]   |     6.192 | SLOW    |     2.704 | FAST    |
B_i[1][2][2]   | C_o[2][2][2]   |     5.275 | SLOW    |     2.759 | FAST    |
B_i[1][2][2]   | C_o[2][2][3]   |     5.496 | SLOW    |     2.693 | FAST    |
B_i[1][2][2]   | C_o[2][2][4]   |     5.686 | SLOW    |     2.622 | FAST    |
B_i[1][2][2]   | C_o[2][2][5]   |     5.756 | SLOW    |     2.626 | FAST    |
B_i[1][2][2]   | C_o[2][2][6]   |     5.854 | SLOW    |     2.615 | FAST    |
B_i[1][2][2]   | C_o[2][2][7]   |     5.917 | SLOW    |     2.643 | FAST    |
B_i[1][2][2]   | C_o[2][2][8]   |     6.192 | SLOW    |     2.704 | FAST    |
B_i[1][2][2]   | C_o[3][2][2]   |     5.275 | SLOW    |     2.759 | FAST    |
B_i[1][2][2]   | C_o[3][2][3]   |     5.496 | SLOW    |     2.693 | FAST    |
B_i[1][2][2]   | C_o[3][2][4]   |     5.686 | SLOW    |     2.622 | FAST    |
B_i[1][2][2]   | C_o[3][2][5]   |     5.756 | SLOW    |     2.626 | FAST    |
B_i[1][2][2]   | C_o[3][2][6]   |     5.854 | SLOW    |     2.615 | FAST    |
B_i[1][2][2]   | C_o[3][2][7]   |     5.917 | SLOW    |     2.643 | FAST    |
B_i[1][2][2]   | C_o[3][2][8]   |     6.192 | SLOW    |     2.704 | FAST    |
B_i[1][2][3]   | C_o[0][2][3]   |     5.259 | SLOW    |     2.747 | FAST    |
B_i[1][2][3]   | C_o[0][2][4]   |     5.466 | SLOW    |     2.668 | FAST    |
B_i[1][2][3]   | C_o[0][2][5]   |     5.658 | SLOW    |     2.605 | FAST    |
B_i[1][2][3]   | C_o[0][2][6]   |     5.817 | SLOW    |     2.619 | FAST    |
B_i[1][2][3]   | C_o[0][2][7]   |     5.880 | SLOW    |     2.647 | FAST    |
B_i[1][2][3]   | C_o[0][2][8]   |     6.198 | SLOW    |     2.695 | FAST    |
B_i[1][2][3]   | C_o[1][2][3]   |     5.259 | SLOW    |     2.747 | FAST    |
B_i[1][2][3]   | C_o[1][2][4]   |     5.466 | SLOW    |     2.668 | FAST    |
B_i[1][2][3]   | C_o[1][2][5]   |     5.658 | SLOW    |     2.605 | FAST    |
B_i[1][2][3]   | C_o[1][2][6]   |     5.817 | SLOW    |     2.619 | FAST    |
B_i[1][2][3]   | C_o[1][2][7]   |     5.880 | SLOW    |     2.647 | FAST    |
B_i[1][2][3]   | C_o[1][2][8]   |     6.198 | SLOW    |     2.695 | FAST    |
B_i[1][2][3]   | C_o[2][2][3]   |     5.259 | SLOW    |     2.747 | FAST    |
B_i[1][2][3]   | C_o[2][2][4]   |     5.466 | SLOW    |     2.668 | FAST    |
B_i[1][2][3]   | C_o[2][2][5]   |     5.658 | SLOW    |     2.605 | FAST    |
B_i[1][2][3]   | C_o[2][2][6]   |     5.817 | SLOW    |     2.619 | FAST    |
B_i[1][2][3]   | C_o[2][2][7]   |     5.880 | SLOW    |     2.647 | FAST    |
B_i[1][2][3]   | C_o[2][2][8]   |     6.198 | SLOW    |     2.695 | FAST    |
B_i[1][2][3]   | C_o[3][2][3]   |     5.259 | SLOW    |     2.747 | FAST    |
B_i[1][2][3]   | C_o[3][2][4]   |     5.466 | SLOW    |     2.668 | FAST    |
B_i[1][2][3]   | C_o[3][2][5]   |     5.658 | SLOW    |     2.605 | FAST    |
B_i[1][2][3]   | C_o[3][2][6]   |     5.817 | SLOW    |     2.619 | FAST    |
B_i[1][2][3]   | C_o[3][2][7]   |     5.880 | SLOW    |     2.647 | FAST    |
B_i[1][2][3]   | C_o[3][2][8]   |     6.198 | SLOW    |     2.695 | FAST    |
B_i[1][2][4]   | C_o[0][2][4]   |     5.269 | SLOW    |     2.750 | FAST    |
B_i[1][2][4]   | C_o[0][2][5]   |     5.476 | SLOW    |     2.673 | FAST    |
B_i[1][2][4]   | C_o[0][2][6]   |     5.679 | SLOW    |     2.609 | FAST    |
B_i[1][2][4]   | C_o[0][2][7]   |     5.841 | SLOW    |     2.637 | FAST    |
B_i[1][2][4]   | C_o[0][2][8]   |     6.179 | SLOW    |     2.698 | FAST    |
B_i[1][2][4]   | C_o[1][2][4]   |     5.269 | SLOW    |     2.750 | FAST    |
B_i[1][2][4]   | C_o[1][2][5]   |     5.476 | SLOW    |     2.673 | FAST    |
B_i[1][2][4]   | C_o[1][2][6]   |     5.679 | SLOW    |     2.609 | FAST    |
B_i[1][2][4]   | C_o[1][2][7]   |     5.841 | SLOW    |     2.637 | FAST    |
B_i[1][2][4]   | C_o[1][2][8]   |     6.179 | SLOW    |     2.698 | FAST    |
B_i[1][2][4]   | C_o[2][2][4]   |     5.269 | SLOW    |     2.750 | FAST    |
B_i[1][2][4]   | C_o[2][2][5]   |     5.476 | SLOW    |     2.673 | FAST    |
B_i[1][2][4]   | C_o[2][2][6]   |     5.679 | SLOW    |     2.609 | FAST    |
B_i[1][2][4]   | C_o[2][2][7]   |     5.841 | SLOW    |     2.637 | FAST    |
B_i[1][2][4]   | C_o[2][2][8]   |     6.179 | SLOW    |     2.698 | FAST    |
B_i[1][2][4]   | C_o[3][2][4]   |     5.269 | SLOW    |     2.750 | FAST    |
B_i[1][2][4]   | C_o[3][2][5]   |     5.476 | SLOW    |     2.673 | FAST    |
B_i[1][2][4]   | C_o[3][2][6]   |     5.679 | SLOW    |     2.609 | FAST    |
B_i[1][2][4]   | C_o[3][2][7]   |     5.841 | SLOW    |     2.637 | FAST    |
B_i[1][2][4]   | C_o[3][2][8]   |     6.179 | SLOW    |     2.698 | FAST    |
B_i[1][2][5]   | C_o[0][2][5]   |     5.463 | SLOW    |     2.862 | FAST    |
B_i[1][2][5]   | C_o[0][2][6]   |     5.668 | SLOW    |     2.783 | FAST    |
B_i[1][2][5]   | C_o[0][2][7]   |     5.830 | SLOW    |     2.743 | FAST    |
B_i[1][2][5]   | C_o[0][2][8]   |     6.168 | SLOW    |     2.762 | FAST    |
B_i[1][2][5]   | C_o[1][2][5]   |     5.463 | SLOW    |     2.862 | FAST    |
B_i[1][2][5]   | C_o[1][2][6]   |     5.668 | SLOW    |     2.783 | FAST    |
B_i[1][2][5]   | C_o[1][2][7]   |     5.830 | SLOW    |     2.743 | FAST    |
B_i[1][2][5]   | C_o[1][2][8]   |     6.168 | SLOW    |     2.762 | FAST    |
B_i[1][2][5]   | C_o[2][2][5]   |     5.463 | SLOW    |     2.862 | FAST    |
B_i[1][2][5]   | C_o[2][2][6]   |     5.668 | SLOW    |     2.783 | FAST    |
B_i[1][2][5]   | C_o[2][2][7]   |     5.830 | SLOW    |     2.743 | FAST    |
B_i[1][2][5]   | C_o[2][2][8]   |     6.168 | SLOW    |     2.762 | FAST    |
B_i[1][2][5]   | C_o[3][2][5]   |     5.463 | SLOW    |     2.862 | FAST    |
B_i[1][2][5]   | C_o[3][2][6]   |     5.668 | SLOW    |     2.783 | FAST    |
B_i[1][2][5]   | C_o[3][2][7]   |     5.830 | SLOW    |     2.743 | FAST    |
B_i[1][2][5]   | C_o[3][2][8]   |     6.168 | SLOW    |     2.762 | FAST    |
B_i[1][2][6]   | C_o[0][2][6]   |     5.444 | SLOW    |     2.847 | FAST    |
B_i[1][2][6]   | C_o[0][2][7]   |     5.687 | SLOW    |     2.796 | FAST    |
B_i[1][2][6]   | C_o[0][2][8]   |     6.120 | SLOW    |     2.752 | FAST    |
B_i[1][2][6]   | C_o[1][2][6]   |     5.444 | SLOW    |     2.847 | FAST    |
B_i[1][2][6]   | C_o[1][2][7]   |     5.687 | SLOW    |     2.796 | FAST    |
B_i[1][2][6]   | C_o[1][2][8]   |     6.120 | SLOW    |     2.752 | FAST    |
B_i[1][2][6]   | C_o[2][2][6]   |     5.444 | SLOW    |     2.847 | FAST    |
B_i[1][2][6]   | C_o[2][2][7]   |     5.687 | SLOW    |     2.796 | FAST    |
B_i[1][2][6]   | C_o[2][2][8]   |     6.120 | SLOW    |     2.752 | FAST    |
B_i[1][2][6]   | C_o[3][2][6]   |     5.444 | SLOW    |     2.847 | FAST    |
B_i[1][2][6]   | C_o[3][2][7]   |     5.687 | SLOW    |     2.796 | FAST    |
B_i[1][2][6]   | C_o[3][2][8]   |     6.120 | SLOW    |     2.752 | FAST    |
B_i[1][2][7]   | C_o[0][2][7]   |     5.461 | SLOW    |     2.862 | FAST    |
B_i[1][2][7]   | C_o[0][2][8]   |     5.896 | SLOW    |     2.798 | FAST    |
B_i[1][2][7]   | C_o[1][2][7]   |     5.461 | SLOW    |     2.862 | FAST    |
B_i[1][2][7]   | C_o[1][2][8]   |     5.896 | SLOW    |     2.798 | FAST    |
B_i[1][2][7]   | C_o[2][2][7]   |     5.461 | SLOW    |     2.862 | FAST    |
B_i[1][2][7]   | C_o[2][2][8]   |     5.896 | SLOW    |     2.798 | FAST    |
B_i[1][2][7]   | C_o[3][2][7]   |     5.461 | SLOW    |     2.862 | FAST    |
B_i[1][2][7]   | C_o[3][2][8]   |     5.896 | SLOW    |     2.798 | FAST    |
B_i[1][2][8]   | C_o[0][2][8]   |     5.702 | SLOW    |     2.999 | FAST    |
B_i[1][2][8]   | C_o[1][2][8]   |     5.724 | SLOW    |     3.013 | FAST    |
B_i[1][2][8]   | C_o[2][2][8]   |     5.724 | SLOW    |     3.013 | FAST    |
B_i[1][2][8]   | C_o[3][2][8]   |     5.724 | SLOW    |     3.013 | FAST    |
B_i[1][3][0]   | C_o[0][3][0]   |     4.782 | SLOW    |     2.479 | FAST    |
B_i[1][3][0]   | C_o[0][3][1]   |     5.064 | SLOW    |     2.477 | FAST    |
B_i[1][3][0]   | C_o[0][3][2]   |     5.195 | SLOW    |     2.523 | FAST    |
B_i[1][3][0]   | C_o[0][3][3]   |     5.400 | SLOW    |     2.519 | FAST    |
B_i[1][3][0]   | C_o[0][3][4]   |     5.590 | SLOW    |     2.518 | FAST    |
B_i[1][3][0]   | C_o[0][3][5]   |     5.660 | SLOW    |     2.547 | FAST    |
B_i[1][3][0]   | C_o[0][3][6]   |     5.729 | SLOW    |     2.561 | FAST    |
B_i[1][3][0]   | C_o[0][3][7]   |     5.891 | SLOW    |     2.589 | FAST    |
B_i[1][3][0]   | C_o[0][3][8]   |     6.229 | SLOW    |     2.636 | FAST    |
B_i[1][3][0]   | C_o[1][3][0]   |     4.782 | SLOW    |     2.479 | FAST    |
B_i[1][3][0]   | C_o[1][3][1]   |     5.064 | SLOW    |     2.477 | FAST    |
B_i[1][3][0]   | C_o[1][3][2]   |     5.195 | SLOW    |     2.523 | FAST    |
B_i[1][3][0]   | C_o[1][3][3]   |     5.400 | SLOW    |     2.519 | FAST    |
B_i[1][3][0]   | C_o[1][3][4]   |     5.590 | SLOW    |     2.518 | FAST    |
B_i[1][3][0]   | C_o[1][3][5]   |     5.660 | SLOW    |     2.547 | FAST    |
B_i[1][3][0]   | C_o[1][3][6]   |     5.729 | SLOW    |     2.561 | FAST    |
B_i[1][3][0]   | C_o[1][3][7]   |     5.891 | SLOW    |     2.589 | FAST    |
B_i[1][3][0]   | C_o[1][3][8]   |     6.229 | SLOW    |     2.636 | FAST    |
B_i[1][3][0]   | C_o[2][3][0]   |     4.782 | SLOW    |     2.479 | FAST    |
B_i[1][3][0]   | C_o[2][3][1]   |     5.064 | SLOW    |     2.477 | FAST    |
B_i[1][3][0]   | C_o[2][3][2]   |     5.195 | SLOW    |     2.523 | FAST    |
B_i[1][3][0]   | C_o[2][3][3]   |     5.400 | SLOW    |     2.519 | FAST    |
B_i[1][3][0]   | C_o[2][3][4]   |     5.590 | SLOW    |     2.518 | FAST    |
B_i[1][3][0]   | C_o[2][3][5]   |     5.660 | SLOW    |     2.547 | FAST    |
B_i[1][3][0]   | C_o[2][3][6]   |     5.729 | SLOW    |     2.561 | FAST    |
B_i[1][3][0]   | C_o[2][3][7]   |     5.891 | SLOW    |     2.589 | FAST    |
B_i[1][3][0]   | C_o[2][3][8]   |     6.229 | SLOW    |     2.636 | FAST    |
B_i[1][3][0]   | C_o[3][3][0]   |     4.782 | SLOW    |     2.479 | FAST    |
B_i[1][3][0]   | C_o[3][3][1]   |     5.064 | SLOW    |     2.477 | FAST    |
B_i[1][3][0]   | C_o[3][3][2]   |     5.195 | SLOW    |     2.523 | FAST    |
B_i[1][3][0]   | C_o[3][3][3]   |     5.400 | SLOW    |     2.519 | FAST    |
B_i[1][3][0]   | C_o[3][3][4]   |     5.590 | SLOW    |     2.518 | FAST    |
B_i[1][3][0]   | C_o[3][3][5]   |     5.660 | SLOW    |     2.547 | FAST    |
B_i[1][3][0]   | C_o[3][3][6]   |     5.729 | SLOW    |     2.561 | FAST    |
B_i[1][3][0]   | C_o[3][3][7]   |     5.891 | SLOW    |     2.589 | FAST    |
B_i[1][3][0]   | C_o[3][3][8]   |     6.229 | SLOW    |     2.636 | FAST    |
B_i[1][3][1]   | C_o[0][3][1]   |     4.978 | SLOW    |     2.588 | FAST    |
B_i[1][3][1]   | C_o[0][3][2]   |     5.270 | SLOW    |     2.524 | FAST    |
B_i[1][3][1]   | C_o[0][3][3]   |     5.491 | SLOW    |     2.552 | FAST    |
B_i[1][3][1]   | C_o[0][3][4]   |     5.681 | SLOW    |     2.579 | FAST    |
B_i[1][3][1]   | C_o[0][3][5]   |     5.751 | SLOW    |     2.586 | FAST    |
B_i[1][3][1]   | C_o[0][3][6]   |     5.927 | SLOW    |     2.596 | FAST    |
B_i[1][3][1]   | C_o[0][3][7]   |     6.089 | SLOW    |     2.624 | FAST    |
B_i[1][3][1]   | C_o[0][3][8]   |     6.427 | SLOW    |     2.645 | FAST    |
B_i[1][3][1]   | C_o[1][3][1]   |     4.978 | SLOW    |     2.588 | FAST    |
B_i[1][3][1]   | C_o[1][3][2]   |     5.270 | SLOW    |     2.524 | FAST    |
B_i[1][3][1]   | C_o[1][3][3]   |     5.491 | SLOW    |     2.552 | FAST    |
B_i[1][3][1]   | C_o[1][3][4]   |     5.681 | SLOW    |     2.579 | FAST    |
B_i[1][3][1]   | C_o[1][3][5]   |     5.751 | SLOW    |     2.586 | FAST    |
B_i[1][3][1]   | C_o[1][3][6]   |     5.927 | SLOW    |     2.596 | FAST    |
B_i[1][3][1]   | C_o[1][3][7]   |     6.089 | SLOW    |     2.624 | FAST    |
B_i[1][3][1]   | C_o[1][3][8]   |     6.427 | SLOW    |     2.645 | FAST    |
B_i[1][3][1]   | C_o[2][3][1]   |     4.978 | SLOW    |     2.588 | FAST    |
B_i[1][3][1]   | C_o[2][3][2]   |     5.270 | SLOW    |     2.524 | FAST    |
B_i[1][3][1]   | C_o[2][3][3]   |     5.491 | SLOW    |     2.552 | FAST    |
B_i[1][3][1]   | C_o[2][3][4]   |     5.681 | SLOW    |     2.579 | FAST    |
B_i[1][3][1]   | C_o[2][3][5]   |     5.751 | SLOW    |     2.586 | FAST    |
B_i[1][3][1]   | C_o[2][3][6]   |     5.927 | SLOW    |     2.596 | FAST    |
B_i[1][3][1]   | C_o[2][3][7]   |     6.089 | SLOW    |     2.624 | FAST    |
B_i[1][3][1]   | C_o[2][3][8]   |     6.427 | SLOW    |     2.645 | FAST    |
B_i[1][3][1]   | C_o[3][3][1]   |     4.978 | SLOW    |     2.588 | FAST    |
B_i[1][3][1]   | C_o[3][3][2]   |     5.270 | SLOW    |     2.524 | FAST    |
B_i[1][3][1]   | C_o[3][3][3]   |     5.491 | SLOW    |     2.552 | FAST    |
B_i[1][3][1]   | C_o[3][3][4]   |     5.681 | SLOW    |     2.579 | FAST    |
B_i[1][3][1]   | C_o[3][3][5]   |     5.751 | SLOW    |     2.586 | FAST    |
B_i[1][3][1]   | C_o[3][3][6]   |     5.927 | SLOW    |     2.596 | FAST    |
B_i[1][3][1]   | C_o[3][3][7]   |     6.089 | SLOW    |     2.624 | FAST    |
B_i[1][3][1]   | C_o[3][3][8]   |     6.427 | SLOW    |     2.645 | FAST    |
B_i[1][3][2]   | C_o[0][3][2]   |     5.275 | SLOW    |     2.759 | FAST    |
B_i[1][3][2]   | C_o[0][3][3]   |     5.496 | SLOW    |     2.693 | FAST    |
B_i[1][3][2]   | C_o[0][3][4]   |     5.686 | SLOW    |     2.622 | FAST    |
B_i[1][3][2]   | C_o[0][3][5]   |     5.756 | SLOW    |     2.626 | FAST    |
B_i[1][3][2]   | C_o[0][3][6]   |     5.854 | SLOW    |     2.615 | FAST    |
B_i[1][3][2]   | C_o[0][3][7]   |     5.917 | SLOW    |     2.643 | FAST    |
B_i[1][3][2]   | C_o[0][3][8]   |     6.192 | SLOW    |     2.704 | FAST    |
B_i[1][3][2]   | C_o[1][3][2]   |     5.275 | SLOW    |     2.759 | FAST    |
B_i[1][3][2]   | C_o[1][3][3]   |     5.496 | SLOW    |     2.693 | FAST    |
B_i[1][3][2]   | C_o[1][3][4]   |     5.686 | SLOW    |     2.622 | FAST    |
B_i[1][3][2]   | C_o[1][3][5]   |     5.756 | SLOW    |     2.626 | FAST    |
B_i[1][3][2]   | C_o[1][3][6]   |     5.854 | SLOW    |     2.615 | FAST    |
B_i[1][3][2]   | C_o[1][3][7]   |     5.917 | SLOW    |     2.643 | FAST    |
B_i[1][3][2]   | C_o[1][3][8]   |     6.192 | SLOW    |     2.704 | FAST    |
B_i[1][3][2]   | C_o[2][3][2]   |     5.275 | SLOW    |     2.759 | FAST    |
B_i[1][3][2]   | C_o[2][3][3]   |     5.496 | SLOW    |     2.693 | FAST    |
B_i[1][3][2]   | C_o[2][3][4]   |     5.686 | SLOW    |     2.622 | FAST    |
B_i[1][3][2]   | C_o[2][3][5]   |     5.756 | SLOW    |     2.626 | FAST    |
B_i[1][3][2]   | C_o[2][3][6]   |     5.854 | SLOW    |     2.615 | FAST    |
B_i[1][3][2]   | C_o[2][3][7]   |     5.917 | SLOW    |     2.643 | FAST    |
B_i[1][3][2]   | C_o[2][3][8]   |     6.192 | SLOW    |     2.704 | FAST    |
B_i[1][3][2]   | C_o[3][3][2]   |     5.275 | SLOW    |     2.759 | FAST    |
B_i[1][3][2]   | C_o[3][3][3]   |     5.496 | SLOW    |     2.693 | FAST    |
B_i[1][3][2]   | C_o[3][3][4]   |     5.686 | SLOW    |     2.622 | FAST    |
B_i[1][3][2]   | C_o[3][3][5]   |     5.756 | SLOW    |     2.626 | FAST    |
B_i[1][3][2]   | C_o[3][3][6]   |     5.854 | SLOW    |     2.615 | FAST    |
B_i[1][3][2]   | C_o[3][3][7]   |     5.917 | SLOW    |     2.643 | FAST    |
B_i[1][3][2]   | C_o[3][3][8]   |     6.192 | SLOW    |     2.704 | FAST    |
B_i[1][3][3]   | C_o[0][3][3]   |     5.259 | SLOW    |     2.747 | FAST    |
B_i[1][3][3]   | C_o[0][3][4]   |     5.466 | SLOW    |     2.668 | FAST    |
B_i[1][3][3]   | C_o[0][3][5]   |     5.658 | SLOW    |     2.605 | FAST    |
B_i[1][3][3]   | C_o[0][3][6]   |     5.817 | SLOW    |     2.619 | FAST    |
B_i[1][3][3]   | C_o[0][3][7]   |     5.880 | SLOW    |     2.647 | FAST    |
B_i[1][3][3]   | C_o[0][3][8]   |     6.198 | SLOW    |     2.695 | FAST    |
B_i[1][3][3]   | C_o[1][3][3]   |     5.259 | SLOW    |     2.747 | FAST    |
B_i[1][3][3]   | C_o[1][3][4]   |     5.466 | SLOW    |     2.668 | FAST    |
B_i[1][3][3]   | C_o[1][3][5]   |     5.658 | SLOW    |     2.605 | FAST    |
B_i[1][3][3]   | C_o[1][3][6]   |     5.817 | SLOW    |     2.619 | FAST    |
B_i[1][3][3]   | C_o[1][3][7]   |     5.880 | SLOW    |     2.647 | FAST    |
B_i[1][3][3]   | C_o[1][3][8]   |     6.198 | SLOW    |     2.695 | FAST    |
B_i[1][3][3]   | C_o[2][3][3]   |     5.259 | SLOW    |     2.747 | FAST    |
B_i[1][3][3]   | C_o[2][3][4]   |     5.466 | SLOW    |     2.668 | FAST    |
B_i[1][3][3]   | C_o[2][3][5]   |     5.658 | SLOW    |     2.605 | FAST    |
B_i[1][3][3]   | C_o[2][3][6]   |     5.817 | SLOW    |     2.619 | FAST    |
B_i[1][3][3]   | C_o[2][3][7]   |     5.880 | SLOW    |     2.647 | FAST    |
B_i[1][3][3]   | C_o[2][3][8]   |     6.198 | SLOW    |     2.695 | FAST    |
B_i[1][3][3]   | C_o[3][3][3]   |     5.259 | SLOW    |     2.747 | FAST    |
B_i[1][3][3]   | C_o[3][3][4]   |     5.466 | SLOW    |     2.668 | FAST    |
B_i[1][3][3]   | C_o[3][3][5]   |     5.658 | SLOW    |     2.605 | FAST    |
B_i[1][3][3]   | C_o[3][3][6]   |     5.817 | SLOW    |     2.619 | FAST    |
B_i[1][3][3]   | C_o[3][3][7]   |     5.880 | SLOW    |     2.647 | FAST    |
B_i[1][3][3]   | C_o[3][3][8]   |     6.198 | SLOW    |     2.695 | FAST    |
B_i[1][3][4]   | C_o[0][3][4]   |     5.269 | SLOW    |     2.750 | FAST    |
B_i[1][3][4]   | C_o[0][3][5]   |     5.476 | SLOW    |     2.673 | FAST    |
B_i[1][3][4]   | C_o[0][3][6]   |     5.679 | SLOW    |     2.609 | FAST    |
B_i[1][3][4]   | C_o[0][3][7]   |     5.841 | SLOW    |     2.637 | FAST    |
B_i[1][3][4]   | C_o[0][3][8]   |     6.179 | SLOW    |     2.698 | FAST    |
B_i[1][3][4]   | C_o[1][3][4]   |     5.269 | SLOW    |     2.750 | FAST    |
B_i[1][3][4]   | C_o[1][3][5]   |     5.476 | SLOW    |     2.673 | FAST    |
B_i[1][3][4]   | C_o[1][3][6]   |     5.679 | SLOW    |     2.609 | FAST    |
B_i[1][3][4]   | C_o[1][3][7]   |     5.841 | SLOW    |     2.637 | FAST    |
B_i[1][3][4]   | C_o[1][3][8]   |     6.179 | SLOW    |     2.698 | FAST    |
B_i[1][3][4]   | C_o[2][3][4]   |     5.269 | SLOW    |     2.750 | FAST    |
B_i[1][3][4]   | C_o[2][3][5]   |     5.476 | SLOW    |     2.673 | FAST    |
B_i[1][3][4]   | C_o[2][3][6]   |     5.679 | SLOW    |     2.609 | FAST    |
B_i[1][3][4]   | C_o[2][3][7]   |     5.841 | SLOW    |     2.637 | FAST    |
B_i[1][3][4]   | C_o[2][3][8]   |     6.179 | SLOW    |     2.698 | FAST    |
B_i[1][3][4]   | C_o[3][3][4]   |     5.269 | SLOW    |     2.750 | FAST    |
B_i[1][3][4]   | C_o[3][3][5]   |     5.476 | SLOW    |     2.673 | FAST    |
B_i[1][3][4]   | C_o[3][3][6]   |     5.679 | SLOW    |     2.609 | FAST    |
B_i[1][3][4]   | C_o[3][3][7]   |     5.841 | SLOW    |     2.637 | FAST    |
B_i[1][3][4]   | C_o[3][3][8]   |     6.179 | SLOW    |     2.698 | FAST    |
B_i[1][3][5]   | C_o[0][3][5]   |     5.463 | SLOW    |     2.862 | FAST    |
B_i[1][3][5]   | C_o[0][3][6]   |     5.668 | SLOW    |     2.783 | FAST    |
B_i[1][3][5]   | C_o[0][3][7]   |     5.830 | SLOW    |     2.743 | FAST    |
B_i[1][3][5]   | C_o[0][3][8]   |     6.168 | SLOW    |     2.762 | FAST    |
B_i[1][3][5]   | C_o[1][3][5]   |     5.463 | SLOW    |     2.862 | FAST    |
B_i[1][3][5]   | C_o[1][3][6]   |     5.668 | SLOW    |     2.783 | FAST    |
B_i[1][3][5]   | C_o[1][3][7]   |     5.830 | SLOW    |     2.743 | FAST    |
B_i[1][3][5]   | C_o[1][3][8]   |     6.168 | SLOW    |     2.762 | FAST    |
B_i[1][3][5]   | C_o[2][3][5]   |     5.463 | SLOW    |     2.862 | FAST    |
B_i[1][3][5]   | C_o[2][3][6]   |     5.668 | SLOW    |     2.783 | FAST    |
B_i[1][3][5]   | C_o[2][3][7]   |     5.830 | SLOW    |     2.743 | FAST    |
B_i[1][3][5]   | C_o[2][3][8]   |     6.168 | SLOW    |     2.762 | FAST    |
B_i[1][3][5]   | C_o[3][3][5]   |     5.463 | SLOW    |     2.862 | FAST    |
B_i[1][3][5]   | C_o[3][3][6]   |     5.668 | SLOW    |     2.783 | FAST    |
B_i[1][3][5]   | C_o[3][3][7]   |     5.830 | SLOW    |     2.743 | FAST    |
B_i[1][3][5]   | C_o[3][3][8]   |     6.168 | SLOW    |     2.762 | FAST    |
B_i[1][3][6]   | C_o[0][3][6]   |     5.444 | SLOW    |     2.847 | FAST    |
B_i[1][3][6]   | C_o[0][3][7]   |     5.687 | SLOW    |     2.796 | FAST    |
B_i[1][3][6]   | C_o[0][3][8]   |     6.120 | SLOW    |     2.752 | FAST    |
B_i[1][3][6]   | C_o[1][3][6]   |     5.444 | SLOW    |     2.847 | FAST    |
B_i[1][3][6]   | C_o[1][3][7]   |     5.687 | SLOW    |     2.796 | FAST    |
B_i[1][3][6]   | C_o[1][3][8]   |     6.120 | SLOW    |     2.752 | FAST    |
B_i[1][3][6]   | C_o[2][3][6]   |     5.444 | SLOW    |     2.847 | FAST    |
B_i[1][3][6]   | C_o[2][3][7]   |     5.687 | SLOW    |     2.796 | FAST    |
B_i[1][3][6]   | C_o[2][3][8]   |     6.120 | SLOW    |     2.752 | FAST    |
B_i[1][3][6]   | C_o[3][3][6]   |     5.444 | SLOW    |     2.847 | FAST    |
B_i[1][3][6]   | C_o[3][3][7]   |     5.687 | SLOW    |     2.796 | FAST    |
B_i[1][3][6]   | C_o[3][3][8]   |     6.120 | SLOW    |     2.752 | FAST    |
B_i[1][3][7]   | C_o[0][3][7]   |     5.461 | SLOW    |     2.862 | FAST    |
B_i[1][3][7]   | C_o[0][3][8]   |     5.896 | SLOW    |     2.798 | FAST    |
B_i[1][3][7]   | C_o[1][3][7]   |     5.461 | SLOW    |     2.862 | FAST    |
B_i[1][3][7]   | C_o[1][3][8]   |     5.896 | SLOW    |     2.798 | FAST    |
B_i[1][3][7]   | C_o[2][3][7]   |     5.461 | SLOW    |     2.862 | FAST    |
B_i[1][3][7]   | C_o[2][3][8]   |     5.896 | SLOW    |     2.798 | FAST    |
B_i[1][3][7]   | C_o[3][3][7]   |     5.461 | SLOW    |     2.862 | FAST    |
B_i[1][3][7]   | C_o[3][3][8]   |     5.896 | SLOW    |     2.798 | FAST    |
B_i[1][3][8]   | C_o[0][3][8]   |     5.702 | SLOW    |     2.999 | FAST    |
B_i[1][3][8]   | C_o[1][3][8]   |     5.724 | SLOW    |     3.013 | FAST    |
B_i[1][3][8]   | C_o[2][3][8]   |     5.724 | SLOW    |     3.013 | FAST    |
B_i[1][3][8]   | C_o[3][3][8]   |     5.724 | SLOW    |     3.013 | FAST    |
B_i[2][0][0]   | C_o[0][0][0]   |     4.763 | SLOW    |     2.477 | FAST    |
B_i[2][0][0]   | C_o[0][0][1]   |     5.049 | SLOW    |     2.499 | FAST    |
B_i[2][0][0]   | C_o[0][0][2]   |     5.194 | SLOW    |     2.546 | FAST    |
B_i[2][0][0]   | C_o[0][0][3]   |     5.415 | SLOW    |     2.519 | FAST    |
B_i[2][0][0]   | C_o[0][0][4]   |     5.605 | SLOW    |     2.518 | FAST    |
B_i[2][0][0]   | C_o[0][0][5]   |     5.675 | SLOW    |     2.547 | FAST    |
B_i[2][0][0]   | C_o[0][0][6]   |     5.744 | SLOW    |     2.565 | FAST    |
B_i[2][0][0]   | C_o[0][0][7]   |     5.906 | SLOW    |     2.593 | FAST    |
B_i[2][0][0]   | C_o[0][0][8]   |     6.244 | SLOW    |     2.636 | FAST    |
B_i[2][0][0]   | C_o[1][0][0]   |     4.763 | SLOW    |     2.477 | FAST    |
B_i[2][0][0]   | C_o[1][0][1]   |     5.049 | SLOW    |     2.499 | FAST    |
B_i[2][0][0]   | C_o[1][0][2]   |     5.194 | SLOW    |     2.546 | FAST    |
B_i[2][0][0]   | C_o[1][0][3]   |     5.415 | SLOW    |     2.519 | FAST    |
B_i[2][0][0]   | C_o[1][0][4]   |     5.605 | SLOW    |     2.518 | FAST    |
B_i[2][0][0]   | C_o[1][0][5]   |     5.675 | SLOW    |     2.547 | FAST    |
B_i[2][0][0]   | C_o[1][0][6]   |     5.744 | SLOW    |     2.565 | FAST    |
B_i[2][0][0]   | C_o[1][0][7]   |     5.906 | SLOW    |     2.593 | FAST    |
B_i[2][0][0]   | C_o[1][0][8]   |     6.244 | SLOW    |     2.636 | FAST    |
B_i[2][0][0]   | C_o[2][0][0]   |     4.763 | SLOW    |     2.477 | FAST    |
B_i[2][0][0]   | C_o[2][0][1]   |     5.049 | SLOW    |     2.499 | FAST    |
B_i[2][0][0]   | C_o[2][0][2]   |     5.194 | SLOW    |     2.546 | FAST    |
B_i[2][0][0]   | C_o[2][0][3]   |     5.415 | SLOW    |     2.519 | FAST    |
B_i[2][0][0]   | C_o[2][0][4]   |     5.605 | SLOW    |     2.518 | FAST    |
B_i[2][0][0]   | C_o[2][0][5]   |     5.675 | SLOW    |     2.547 | FAST    |
B_i[2][0][0]   | C_o[2][0][6]   |     5.744 | SLOW    |     2.565 | FAST    |
B_i[2][0][0]   | C_o[2][0][7]   |     5.906 | SLOW    |     2.593 | FAST    |
B_i[2][0][0]   | C_o[2][0][8]   |     6.244 | SLOW    |     2.636 | FAST    |
B_i[2][0][0]   | C_o[3][0][0]   |     4.763 | SLOW    |     2.477 | FAST    |
B_i[2][0][0]   | C_o[3][0][1]   |     5.049 | SLOW    |     2.499 | FAST    |
B_i[2][0][0]   | C_o[3][0][2]   |     5.194 | SLOW    |     2.546 | FAST    |
B_i[2][0][0]   | C_o[3][0][3]   |     5.415 | SLOW    |     2.519 | FAST    |
B_i[2][0][0]   | C_o[3][0][4]   |     5.605 | SLOW    |     2.518 | FAST    |
B_i[2][0][0]   | C_o[3][0][5]   |     5.675 | SLOW    |     2.547 | FAST    |
B_i[2][0][0]   | C_o[3][0][6]   |     5.744 | SLOW    |     2.565 | FAST    |
B_i[2][0][0]   | C_o[3][0][7]   |     5.906 | SLOW    |     2.593 | FAST    |
B_i[2][0][0]   | C_o[3][0][8]   |     6.244 | SLOW    |     2.636 | FAST    |
B_i[2][0][1]   | C_o[0][0][1]   |     4.963 | SLOW    |     2.584 | FAST    |
B_i[2][0][1]   | C_o[0][0][2]   |     5.285 | SLOW    |     2.520 | FAST    |
B_i[2][0][1]   | C_o[0][0][3]   |     5.506 | SLOW    |     2.548 | FAST    |
B_i[2][0][1]   | C_o[0][0][4]   |     5.696 | SLOW    |     2.575 | FAST    |
B_i[2][0][1]   | C_o[0][0][5]   |     5.766 | SLOW    |     2.586 | FAST    |
B_i[2][0][1]   | C_o[0][0][6]   |     5.911 | SLOW    |     2.592 | FAST    |
B_i[2][0][1]   | C_o[0][0][7]   |     6.073 | SLOW    |     2.620 | FAST    |
B_i[2][0][1]   | C_o[0][0][8]   |     6.411 | SLOW    |     2.645 | FAST    |
B_i[2][0][1]   | C_o[1][0][1]   |     4.963 | SLOW    |     2.584 | FAST    |
B_i[2][0][1]   | C_o[1][0][2]   |     5.285 | SLOW    |     2.520 | FAST    |
B_i[2][0][1]   | C_o[1][0][3]   |     5.506 | SLOW    |     2.548 | FAST    |
B_i[2][0][1]   | C_o[1][0][4]   |     5.696 | SLOW    |     2.575 | FAST    |
B_i[2][0][1]   | C_o[1][0][5]   |     5.766 | SLOW    |     2.586 | FAST    |
B_i[2][0][1]   | C_o[1][0][6]   |     5.911 | SLOW    |     2.592 | FAST    |
B_i[2][0][1]   | C_o[1][0][7]   |     6.073 | SLOW    |     2.620 | FAST    |
B_i[2][0][1]   | C_o[1][0][8]   |     6.411 | SLOW    |     2.645 | FAST    |
B_i[2][0][1]   | C_o[2][0][1]   |     4.963 | SLOW    |     2.584 | FAST    |
B_i[2][0][1]   | C_o[2][0][2]   |     5.285 | SLOW    |     2.520 | FAST    |
B_i[2][0][1]   | C_o[2][0][3]   |     5.506 | SLOW    |     2.548 | FAST    |
B_i[2][0][1]   | C_o[2][0][4]   |     5.696 | SLOW    |     2.575 | FAST    |
B_i[2][0][1]   | C_o[2][0][5]   |     5.766 | SLOW    |     2.586 | FAST    |
B_i[2][0][1]   | C_o[2][0][6]   |     5.911 | SLOW    |     2.592 | FAST    |
B_i[2][0][1]   | C_o[2][0][7]   |     6.073 | SLOW    |     2.620 | FAST    |
B_i[2][0][1]   | C_o[2][0][8]   |     6.411 | SLOW    |     2.645 | FAST    |
B_i[2][0][1]   | C_o[3][0][1]   |     4.963 | SLOW    |     2.584 | FAST    |
B_i[2][0][1]   | C_o[3][0][2]   |     5.285 | SLOW    |     2.520 | FAST    |
B_i[2][0][1]   | C_o[3][0][3]   |     5.506 | SLOW    |     2.548 | FAST    |
B_i[2][0][1]   | C_o[3][0][4]   |     5.696 | SLOW    |     2.575 | FAST    |
B_i[2][0][1]   | C_o[3][0][5]   |     5.766 | SLOW    |     2.586 | FAST    |
B_i[2][0][1]   | C_o[3][0][6]   |     5.911 | SLOW    |     2.592 | FAST    |
B_i[2][0][1]   | C_o[3][0][7]   |     6.073 | SLOW    |     2.620 | FAST    |
B_i[2][0][1]   | C_o[3][0][8]   |     6.411 | SLOW    |     2.645 | FAST    |
B_i[2][0][2]   | C_o[0][0][2]   |     5.290 | SLOW    |     2.763 | FAST    |
B_i[2][0][2]   | C_o[0][0][3]   |     5.511 | SLOW    |     2.693 | FAST    |
B_i[2][0][2]   | C_o[0][0][4]   |     5.701 | SLOW    |     2.622 | FAST    |
B_i[2][0][2]   | C_o[0][0][5]   |     5.771 | SLOW    |     2.626 | FAST    |
B_i[2][0][2]   | C_o[0][0][6]   |     5.869 | SLOW    |     2.615 | FAST    |
B_i[2][0][2]   | C_o[0][0][7]   |     5.932 | SLOW    |     2.643 | FAST    |
B_i[2][0][2]   | C_o[0][0][8]   |     6.207 | SLOW    |     2.704 | FAST    |
B_i[2][0][2]   | C_o[1][0][2]   |     5.290 | SLOW    |     2.763 | FAST    |
B_i[2][0][2]   | C_o[1][0][3]   |     5.511 | SLOW    |     2.693 | FAST    |
B_i[2][0][2]   | C_o[1][0][4]   |     5.701 | SLOW    |     2.622 | FAST    |
B_i[2][0][2]   | C_o[1][0][5]   |     5.771 | SLOW    |     2.626 | FAST    |
B_i[2][0][2]   | C_o[1][0][6]   |     5.869 | SLOW    |     2.615 | FAST    |
B_i[2][0][2]   | C_o[1][0][7]   |     5.932 | SLOW    |     2.643 | FAST    |
B_i[2][0][2]   | C_o[1][0][8]   |     6.207 | SLOW    |     2.704 | FAST    |
B_i[2][0][2]   | C_o[2][0][2]   |     5.290 | SLOW    |     2.763 | FAST    |
B_i[2][0][2]   | C_o[2][0][3]   |     5.511 | SLOW    |     2.693 | FAST    |
B_i[2][0][2]   | C_o[2][0][4]   |     5.701 | SLOW    |     2.622 | FAST    |
B_i[2][0][2]   | C_o[2][0][5]   |     5.771 | SLOW    |     2.626 | FAST    |
B_i[2][0][2]   | C_o[2][0][6]   |     5.869 | SLOW    |     2.615 | FAST    |
B_i[2][0][2]   | C_o[2][0][7]   |     5.932 | SLOW    |     2.643 | FAST    |
B_i[2][0][2]   | C_o[2][0][8]   |     6.207 | SLOW    |     2.704 | FAST    |
B_i[2][0][2]   | C_o[3][0][2]   |     5.290 | SLOW    |     2.763 | FAST    |
B_i[2][0][2]   | C_o[3][0][3]   |     5.511 | SLOW    |     2.693 | FAST    |
B_i[2][0][2]   | C_o[3][0][4]   |     5.701 | SLOW    |     2.622 | FAST    |
B_i[2][0][2]   | C_o[3][0][5]   |     5.771 | SLOW    |     2.626 | FAST    |
B_i[2][0][2]   | C_o[3][0][6]   |     5.869 | SLOW    |     2.615 | FAST    |
B_i[2][0][2]   | C_o[3][0][7]   |     5.932 | SLOW    |     2.643 | FAST    |
B_i[2][0][2]   | C_o[3][0][8]   |     6.207 | SLOW    |     2.704 | FAST    |
B_i[2][0][3]   | C_o[0][0][3]   |     5.274 | SLOW    |     2.751 | FAST    |
B_i[2][0][3]   | C_o[0][0][4]   |     5.481 | SLOW    |     2.668 | FAST    |
B_i[2][0][3]   | C_o[0][0][5]   |     5.673 | SLOW    |     2.605 | FAST    |
B_i[2][0][3]   | C_o[0][0][6]   |     5.832 | SLOW    |     2.619 | FAST    |
B_i[2][0][3]   | C_o[0][0][7]   |     5.895 | SLOW    |     2.647 | FAST    |
B_i[2][0][3]   | C_o[0][0][8]   |     6.213 | SLOW    |     2.695 | FAST    |
B_i[2][0][3]   | C_o[1][0][3]   |     5.274 | SLOW    |     2.751 | FAST    |
B_i[2][0][3]   | C_o[1][0][4]   |     5.481 | SLOW    |     2.668 | FAST    |
B_i[2][0][3]   | C_o[1][0][5]   |     5.673 | SLOW    |     2.605 | FAST    |
B_i[2][0][3]   | C_o[1][0][6]   |     5.832 | SLOW    |     2.619 | FAST    |
B_i[2][0][3]   | C_o[1][0][7]   |     5.895 | SLOW    |     2.647 | FAST    |
B_i[2][0][3]   | C_o[1][0][8]   |     6.213 | SLOW    |     2.695 | FAST    |
B_i[2][0][3]   | C_o[2][0][3]   |     5.274 | SLOW    |     2.751 | FAST    |
B_i[2][0][3]   | C_o[2][0][4]   |     5.481 | SLOW    |     2.668 | FAST    |
B_i[2][0][3]   | C_o[2][0][5]   |     5.673 | SLOW    |     2.605 | FAST    |
B_i[2][0][3]   | C_o[2][0][6]   |     5.832 | SLOW    |     2.619 | FAST    |
B_i[2][0][3]   | C_o[2][0][7]   |     5.895 | SLOW    |     2.647 | FAST    |
B_i[2][0][3]   | C_o[2][0][8]   |     6.213 | SLOW    |     2.695 | FAST    |
B_i[2][0][3]   | C_o[3][0][3]   |     5.274 | SLOW    |     2.751 | FAST    |
B_i[2][0][3]   | C_o[3][0][4]   |     5.481 | SLOW    |     2.668 | FAST    |
B_i[2][0][3]   | C_o[3][0][5]   |     5.673 | SLOW    |     2.605 | FAST    |
B_i[2][0][3]   | C_o[3][0][6]   |     5.832 | SLOW    |     2.619 | FAST    |
B_i[2][0][3]   | C_o[3][0][7]   |     5.895 | SLOW    |     2.647 | FAST    |
B_i[2][0][3]   | C_o[3][0][8]   |     6.213 | SLOW    |     2.695 | FAST    |
B_i[2][0][4]   | C_o[0][0][4]   |     5.284 | SLOW    |     2.754 | FAST    |
B_i[2][0][4]   | C_o[0][0][5]   |     5.491 | SLOW    |     2.673 | FAST    |
B_i[2][0][4]   | C_o[0][0][6]   |     5.694 | SLOW    |     2.609 | FAST    |
B_i[2][0][4]   | C_o[0][0][7]   |     5.856 | SLOW    |     2.637 | FAST    |
B_i[2][0][4]   | C_o[0][0][8]   |     6.194 | SLOW    |     2.698 | FAST    |
B_i[2][0][4]   | C_o[1][0][4]   |     5.284 | SLOW    |     2.754 | FAST    |
B_i[2][0][4]   | C_o[1][0][5]   |     5.491 | SLOW    |     2.673 | FAST    |
B_i[2][0][4]   | C_o[1][0][6]   |     5.694 | SLOW    |     2.609 | FAST    |
B_i[2][0][4]   | C_o[1][0][7]   |     5.856 | SLOW    |     2.637 | FAST    |
B_i[2][0][4]   | C_o[1][0][8]   |     6.194 | SLOW    |     2.698 | FAST    |
B_i[2][0][4]   | C_o[2][0][4]   |     5.284 | SLOW    |     2.754 | FAST    |
B_i[2][0][4]   | C_o[2][0][5]   |     5.491 | SLOW    |     2.673 | FAST    |
B_i[2][0][4]   | C_o[2][0][6]   |     5.694 | SLOW    |     2.609 | FAST    |
B_i[2][0][4]   | C_o[2][0][7]   |     5.856 | SLOW    |     2.637 | FAST    |
B_i[2][0][4]   | C_o[2][0][8]   |     6.194 | SLOW    |     2.698 | FAST    |
B_i[2][0][4]   | C_o[3][0][4]   |     5.284 | SLOW    |     2.754 | FAST    |
B_i[2][0][4]   | C_o[3][0][5]   |     5.491 | SLOW    |     2.673 | FAST    |
B_i[2][0][4]   | C_o[3][0][6]   |     5.694 | SLOW    |     2.609 | FAST    |
B_i[2][0][4]   | C_o[3][0][7]   |     5.856 | SLOW    |     2.637 | FAST    |
B_i[2][0][4]   | C_o[3][0][8]   |     6.194 | SLOW    |     2.698 | FAST    |
B_i[2][0][5]   | C_o[0][0][5]   |     5.478 | SLOW    |     2.866 | FAST    |
B_i[2][0][5]   | C_o[0][0][6]   |     5.683 | SLOW    |     2.783 | FAST    |
B_i[2][0][5]   | C_o[0][0][7]   |     5.845 | SLOW    |     2.743 | FAST    |
B_i[2][0][5]   | C_o[0][0][8]   |     6.183 | SLOW    |     2.762 | FAST    |
B_i[2][0][5]   | C_o[1][0][5]   |     5.478 | SLOW    |     2.866 | FAST    |
B_i[2][0][5]   | C_o[1][0][6]   |     5.683 | SLOW    |     2.783 | FAST    |
B_i[2][0][5]   | C_o[1][0][7]   |     5.845 | SLOW    |     2.743 | FAST    |
B_i[2][0][5]   | C_o[1][0][8]   |     6.183 | SLOW    |     2.762 | FAST    |
B_i[2][0][5]   | C_o[2][0][5]   |     5.478 | SLOW    |     2.866 | FAST    |
B_i[2][0][5]   | C_o[2][0][6]   |     5.683 | SLOW    |     2.783 | FAST    |
B_i[2][0][5]   | C_o[2][0][7]   |     5.845 | SLOW    |     2.743 | FAST    |
B_i[2][0][5]   | C_o[2][0][8]   |     6.183 | SLOW    |     2.762 | FAST    |
B_i[2][0][5]   | C_o[3][0][5]   |     5.478 | SLOW    |     2.866 | FAST    |
B_i[2][0][5]   | C_o[3][0][6]   |     5.683 | SLOW    |     2.783 | FAST    |
B_i[2][0][5]   | C_o[3][0][7]   |     5.845 | SLOW    |     2.743 | FAST    |
B_i[2][0][5]   | C_o[3][0][8]   |     6.183 | SLOW    |     2.762 | FAST    |
B_i[2][0][6]   | C_o[0][0][6]   |     5.459 | SLOW    |     2.851 | FAST    |
B_i[2][0][6]   | C_o[0][0][7]   |     5.702 | SLOW    |     2.796 | FAST    |
B_i[2][0][6]   | C_o[0][0][8]   |     6.105 | SLOW    |     2.752 | FAST    |
B_i[2][0][6]   | C_o[1][0][6]   |     5.459 | SLOW    |     2.851 | FAST    |
B_i[2][0][6]   | C_o[1][0][7]   |     5.702 | SLOW    |     2.796 | FAST    |
B_i[2][0][6]   | C_o[1][0][8]   |     6.105 | SLOW    |     2.752 | FAST    |
B_i[2][0][6]   | C_o[2][0][6]   |     5.459 | SLOW    |     2.851 | FAST    |
B_i[2][0][6]   | C_o[2][0][7]   |     5.702 | SLOW    |     2.796 | FAST    |
B_i[2][0][6]   | C_o[2][0][8]   |     6.105 | SLOW    |     2.752 | FAST    |
B_i[2][0][6]   | C_o[3][0][6]   |     5.459 | SLOW    |     2.851 | FAST    |
B_i[2][0][6]   | C_o[3][0][7]   |     5.702 | SLOW    |     2.796 | FAST    |
B_i[2][0][6]   | C_o[3][0][8]   |     6.105 | SLOW    |     2.752 | FAST    |
B_i[2][0][7]   | C_o[0][0][7]   |     5.476 | SLOW    |     2.866 | FAST    |
B_i[2][0][7]   | C_o[0][0][8]   |     5.881 | SLOW    |     2.798 | FAST    |
B_i[2][0][7]   | C_o[1][0][7]   |     5.476 | SLOW    |     2.866 | FAST    |
B_i[2][0][7]   | C_o[1][0][8]   |     5.881 | SLOW    |     2.798 | FAST    |
B_i[2][0][7]   | C_o[2][0][7]   |     5.476 | SLOW    |     2.866 | FAST    |
B_i[2][0][7]   | C_o[2][0][8]   |     5.881 | SLOW    |     2.798 | FAST    |
B_i[2][0][7]   | C_o[3][0][7]   |     5.476 | SLOW    |     2.866 | FAST    |
B_i[2][0][7]   | C_o[3][0][8]   |     5.881 | SLOW    |     2.798 | FAST    |
B_i[2][0][8]   | C_o[0][0][8]   |     5.687 | SLOW    |     2.995 | FAST    |
B_i[2][0][8]   | C_o[1][0][8]   |     5.687 | SLOW    |     2.995 | FAST    |
B_i[2][0][8]   | C_o[2][0][8]   |     5.687 | SLOW    |     2.995 | FAST    |
B_i[2][0][8]   | C_o[3][0][8]   |     5.687 | SLOW    |     2.995 | FAST    |
B_i[2][1][0]   | C_o[0][1][0]   |     4.763 | SLOW    |     2.477 | FAST    |
B_i[2][1][0]   | C_o[0][1][1]   |     5.049 | SLOW    |     2.499 | FAST    |
B_i[2][1][0]   | C_o[0][1][2]   |     5.194 | SLOW    |     2.546 | FAST    |
B_i[2][1][0]   | C_o[0][1][3]   |     5.415 | SLOW    |     2.519 | FAST    |
B_i[2][1][0]   | C_o[0][1][4]   |     5.605 | SLOW    |     2.518 | FAST    |
B_i[2][1][0]   | C_o[0][1][5]   |     5.675 | SLOW    |     2.547 | FAST    |
B_i[2][1][0]   | C_o[0][1][6]   |     5.744 | SLOW    |     2.565 | FAST    |
B_i[2][1][0]   | C_o[0][1][7]   |     5.906 | SLOW    |     2.593 | FAST    |
B_i[2][1][0]   | C_o[0][1][8]   |     6.244 | SLOW    |     2.636 | FAST    |
B_i[2][1][0]   | C_o[1][1][0]   |     4.763 | SLOW    |     2.477 | FAST    |
B_i[2][1][0]   | C_o[1][1][1]   |     5.049 | SLOW    |     2.499 | FAST    |
B_i[2][1][0]   | C_o[1][1][2]   |     5.194 | SLOW    |     2.546 | FAST    |
B_i[2][1][0]   | C_o[1][1][3]   |     5.415 | SLOW    |     2.519 | FAST    |
B_i[2][1][0]   | C_o[1][1][4]   |     5.605 | SLOW    |     2.518 | FAST    |
B_i[2][1][0]   | C_o[1][1][5]   |     5.675 | SLOW    |     2.547 | FAST    |
B_i[2][1][0]   | C_o[1][1][6]   |     5.744 | SLOW    |     2.565 | FAST    |
B_i[2][1][0]   | C_o[1][1][7]   |     5.906 | SLOW    |     2.593 | FAST    |
B_i[2][1][0]   | C_o[1][1][8]   |     6.244 | SLOW    |     2.636 | FAST    |
B_i[2][1][0]   | C_o[2][1][0]   |     4.763 | SLOW    |     2.477 | FAST    |
B_i[2][1][0]   | C_o[2][1][1]   |     5.049 | SLOW    |     2.499 | FAST    |
B_i[2][1][0]   | C_o[2][1][2]   |     5.194 | SLOW    |     2.546 | FAST    |
B_i[2][1][0]   | C_o[2][1][3]   |     5.415 | SLOW    |     2.519 | FAST    |
B_i[2][1][0]   | C_o[2][1][4]   |     5.605 | SLOW    |     2.518 | FAST    |
B_i[2][1][0]   | C_o[2][1][5]   |     5.675 | SLOW    |     2.547 | FAST    |
B_i[2][1][0]   | C_o[2][1][6]   |     5.744 | SLOW    |     2.565 | FAST    |
B_i[2][1][0]   | C_o[2][1][7]   |     5.906 | SLOW    |     2.593 | FAST    |
B_i[2][1][0]   | C_o[2][1][8]   |     6.244 | SLOW    |     2.636 | FAST    |
B_i[2][1][0]   | C_o[3][1][0]   |     4.763 | SLOW    |     2.477 | FAST    |
B_i[2][1][0]   | C_o[3][1][1]   |     5.049 | SLOW    |     2.499 | FAST    |
B_i[2][1][0]   | C_o[3][1][2]   |     5.194 | SLOW    |     2.546 | FAST    |
B_i[2][1][0]   | C_o[3][1][3]   |     5.415 | SLOW    |     2.519 | FAST    |
B_i[2][1][0]   | C_o[3][1][4]   |     5.605 | SLOW    |     2.518 | FAST    |
B_i[2][1][0]   | C_o[3][1][5]   |     5.675 | SLOW    |     2.547 | FAST    |
B_i[2][1][0]   | C_o[3][1][6]   |     5.744 | SLOW    |     2.565 | FAST    |
B_i[2][1][0]   | C_o[3][1][7]   |     5.906 | SLOW    |     2.593 | FAST    |
B_i[2][1][0]   | C_o[3][1][8]   |     6.244 | SLOW    |     2.636 | FAST    |
B_i[2][1][1]   | C_o[0][1][1]   |     4.963 | SLOW    |     2.584 | FAST    |
B_i[2][1][1]   | C_o[0][1][2]   |     5.285 | SLOW    |     2.520 | FAST    |
B_i[2][1][1]   | C_o[0][1][3]   |     5.506 | SLOW    |     2.548 | FAST    |
B_i[2][1][1]   | C_o[0][1][4]   |     5.696 | SLOW    |     2.575 | FAST    |
B_i[2][1][1]   | C_o[0][1][5]   |     5.766 | SLOW    |     2.586 | FAST    |
B_i[2][1][1]   | C_o[0][1][6]   |     5.942 | SLOW    |     2.592 | FAST    |
B_i[2][1][1]   | C_o[0][1][7]   |     6.104 | SLOW    |     2.620 | FAST    |
B_i[2][1][1]   | C_o[0][1][8]   |     6.442 | SLOW    |     2.645 | FAST    |
B_i[2][1][1]   | C_o[1][1][1]   |     4.963 | SLOW    |     2.584 | FAST    |
B_i[2][1][1]   | C_o[1][1][2]   |     5.285 | SLOW    |     2.520 | FAST    |
B_i[2][1][1]   | C_o[1][1][3]   |     5.506 | SLOW    |     2.548 | FAST    |
B_i[2][1][1]   | C_o[1][1][4]   |     5.696 | SLOW    |     2.575 | FAST    |
B_i[2][1][1]   | C_o[1][1][5]   |     5.766 | SLOW    |     2.586 | FAST    |
B_i[2][1][1]   | C_o[1][1][6]   |     5.942 | SLOW    |     2.592 | FAST    |
B_i[2][1][1]   | C_o[1][1][7]   |     6.104 | SLOW    |     2.620 | FAST    |
B_i[2][1][1]   | C_o[1][1][8]   |     6.442 | SLOW    |     2.645 | FAST    |
B_i[2][1][1]   | C_o[2][1][1]   |     4.963 | SLOW    |     2.584 | FAST    |
B_i[2][1][1]   | C_o[2][1][2]   |     5.285 | SLOW    |     2.520 | FAST    |
B_i[2][1][1]   | C_o[2][1][3]   |     5.506 | SLOW    |     2.548 | FAST    |
B_i[2][1][1]   | C_o[2][1][4]   |     5.696 | SLOW    |     2.575 | FAST    |
B_i[2][1][1]   | C_o[2][1][5]   |     5.766 | SLOW    |     2.586 | FAST    |
B_i[2][1][1]   | C_o[2][1][6]   |     5.942 | SLOW    |     2.592 | FAST    |
B_i[2][1][1]   | C_o[2][1][7]   |     6.104 | SLOW    |     2.620 | FAST    |
B_i[2][1][1]   | C_o[2][1][8]   |     6.442 | SLOW    |     2.645 | FAST    |
B_i[2][1][1]   | C_o[3][1][1]   |     4.963 | SLOW    |     2.584 | FAST    |
B_i[2][1][1]   | C_o[3][1][2]   |     5.285 | SLOW    |     2.520 | FAST    |
B_i[2][1][1]   | C_o[3][1][3]   |     5.506 | SLOW    |     2.548 | FAST    |
B_i[2][1][1]   | C_o[3][1][4]   |     5.696 | SLOW    |     2.575 | FAST    |
B_i[2][1][1]   | C_o[3][1][5]   |     5.766 | SLOW    |     2.586 | FAST    |
B_i[2][1][1]   | C_o[3][1][6]   |     5.942 | SLOW    |     2.592 | FAST    |
B_i[2][1][1]   | C_o[3][1][7]   |     6.104 | SLOW    |     2.620 | FAST    |
B_i[2][1][1]   | C_o[3][1][8]   |     6.442 | SLOW    |     2.645 | FAST    |
B_i[2][1][2]   | C_o[0][1][2]   |     5.290 | SLOW    |     2.763 | FAST    |
B_i[2][1][2]   | C_o[0][1][3]   |     5.511 | SLOW    |     2.693 | FAST    |
B_i[2][1][2]   | C_o[0][1][4]   |     5.701 | SLOW    |     2.622 | FAST    |
B_i[2][1][2]   | C_o[0][1][5]   |     5.771 | SLOW    |     2.626 | FAST    |
B_i[2][1][2]   | C_o[0][1][6]   |     5.869 | SLOW    |     2.615 | FAST    |
B_i[2][1][2]   | C_o[0][1][7]   |     5.932 | SLOW    |     2.643 | FAST    |
B_i[2][1][2]   | C_o[0][1][8]   |     6.207 | SLOW    |     2.704 | FAST    |
B_i[2][1][2]   | C_o[1][1][2]   |     5.290 | SLOW    |     2.763 | FAST    |
B_i[2][1][2]   | C_o[1][1][3]   |     5.511 | SLOW    |     2.693 | FAST    |
B_i[2][1][2]   | C_o[1][1][4]   |     5.701 | SLOW    |     2.622 | FAST    |
B_i[2][1][2]   | C_o[1][1][5]   |     5.771 | SLOW    |     2.626 | FAST    |
B_i[2][1][2]   | C_o[1][1][6]   |     5.869 | SLOW    |     2.615 | FAST    |
B_i[2][1][2]   | C_o[1][1][7]   |     5.932 | SLOW    |     2.643 | FAST    |
B_i[2][1][2]   | C_o[1][1][8]   |     6.207 | SLOW    |     2.704 | FAST    |
B_i[2][1][2]   | C_o[2][1][2]   |     5.290 | SLOW    |     2.763 | FAST    |
B_i[2][1][2]   | C_o[2][1][3]   |     5.511 | SLOW    |     2.693 | FAST    |
B_i[2][1][2]   | C_o[2][1][4]   |     5.701 | SLOW    |     2.622 | FAST    |
B_i[2][1][2]   | C_o[2][1][5]   |     5.771 | SLOW    |     2.626 | FAST    |
B_i[2][1][2]   | C_o[2][1][6]   |     5.869 | SLOW    |     2.615 | FAST    |
B_i[2][1][2]   | C_o[2][1][7]   |     5.932 | SLOW    |     2.643 | FAST    |
B_i[2][1][2]   | C_o[2][1][8]   |     6.207 | SLOW    |     2.704 | FAST    |
B_i[2][1][2]   | C_o[3][1][2]   |     5.290 | SLOW    |     2.763 | FAST    |
B_i[2][1][2]   | C_o[3][1][3]   |     5.511 | SLOW    |     2.693 | FAST    |
B_i[2][1][2]   | C_o[3][1][4]   |     5.701 | SLOW    |     2.622 | FAST    |
B_i[2][1][2]   | C_o[3][1][5]   |     5.771 | SLOW    |     2.626 | FAST    |
B_i[2][1][2]   | C_o[3][1][6]   |     5.869 | SLOW    |     2.615 | FAST    |
B_i[2][1][2]   | C_o[3][1][7]   |     5.932 | SLOW    |     2.643 | FAST    |
B_i[2][1][2]   | C_o[3][1][8]   |     6.207 | SLOW    |     2.704 | FAST    |
B_i[2][1][3]   | C_o[0][1][3]   |     5.274 | SLOW    |     2.751 | FAST    |
B_i[2][1][3]   | C_o[0][1][4]   |     5.481 | SLOW    |     2.668 | FAST    |
B_i[2][1][3]   | C_o[0][1][5]   |     5.673 | SLOW    |     2.605 | FAST    |
B_i[2][1][3]   | C_o[0][1][6]   |     5.832 | SLOW    |     2.619 | FAST    |
B_i[2][1][3]   | C_o[0][1][7]   |     5.895 | SLOW    |     2.647 | FAST    |
B_i[2][1][3]   | C_o[0][1][8]   |     6.213 | SLOW    |     2.695 | FAST    |
B_i[2][1][3]   | C_o[1][1][3]   |     5.274 | SLOW    |     2.751 | FAST    |
B_i[2][1][3]   | C_o[1][1][4]   |     5.481 | SLOW    |     2.668 | FAST    |
B_i[2][1][3]   | C_o[1][1][5]   |     5.673 | SLOW    |     2.605 | FAST    |
B_i[2][1][3]   | C_o[1][1][6]   |     5.832 | SLOW    |     2.619 | FAST    |
B_i[2][1][3]   | C_o[1][1][7]   |     5.895 | SLOW    |     2.647 | FAST    |
B_i[2][1][3]   | C_o[1][1][8]   |     6.213 | SLOW    |     2.695 | FAST    |
B_i[2][1][3]   | C_o[2][1][3]   |     5.274 | SLOW    |     2.751 | FAST    |
B_i[2][1][3]   | C_o[2][1][4]   |     5.481 | SLOW    |     2.668 | FAST    |
B_i[2][1][3]   | C_o[2][1][5]   |     5.673 | SLOW    |     2.605 | FAST    |
B_i[2][1][3]   | C_o[2][1][6]   |     5.832 | SLOW    |     2.619 | FAST    |
B_i[2][1][3]   | C_o[2][1][7]   |     5.895 | SLOW    |     2.647 | FAST    |
B_i[2][1][3]   | C_o[2][1][8]   |     6.213 | SLOW    |     2.695 | FAST    |
B_i[2][1][3]   | C_o[3][1][3]   |     5.274 | SLOW    |     2.751 | FAST    |
B_i[2][1][3]   | C_o[3][1][4]   |     5.481 | SLOW    |     2.668 | FAST    |
B_i[2][1][3]   | C_o[3][1][5]   |     5.673 | SLOW    |     2.605 | FAST    |
B_i[2][1][3]   | C_o[3][1][6]   |     5.832 | SLOW    |     2.619 | FAST    |
B_i[2][1][3]   | C_o[3][1][7]   |     5.895 | SLOW    |     2.647 | FAST    |
B_i[2][1][3]   | C_o[3][1][8]   |     6.213 | SLOW    |     2.695 | FAST    |
B_i[2][1][4]   | C_o[0][1][4]   |     5.284 | SLOW    |     2.754 | FAST    |
B_i[2][1][4]   | C_o[0][1][5]   |     5.491 | SLOW    |     2.673 | FAST    |
B_i[2][1][4]   | C_o[0][1][6]   |     5.694 | SLOW    |     2.609 | FAST    |
B_i[2][1][4]   | C_o[0][1][7]   |     5.856 | SLOW    |     2.637 | FAST    |
B_i[2][1][4]   | C_o[0][1][8]   |     6.194 | SLOW    |     2.698 | FAST    |
B_i[2][1][4]   | C_o[1][1][4]   |     5.284 | SLOW    |     2.754 | FAST    |
B_i[2][1][4]   | C_o[1][1][5]   |     5.491 | SLOW    |     2.673 | FAST    |
B_i[2][1][4]   | C_o[1][1][6]   |     5.694 | SLOW    |     2.609 | FAST    |
B_i[2][1][4]   | C_o[1][1][7]   |     5.856 | SLOW    |     2.637 | FAST    |
B_i[2][1][4]   | C_o[1][1][8]   |     6.194 | SLOW    |     2.698 | FAST    |
B_i[2][1][4]   | C_o[2][1][4]   |     5.284 | SLOW    |     2.754 | FAST    |
B_i[2][1][4]   | C_o[2][1][5]   |     5.491 | SLOW    |     2.673 | FAST    |
B_i[2][1][4]   | C_o[2][1][6]   |     5.694 | SLOW    |     2.609 | FAST    |
B_i[2][1][4]   | C_o[2][1][7]   |     5.856 | SLOW    |     2.637 | FAST    |
B_i[2][1][4]   | C_o[2][1][8]   |     6.194 | SLOW    |     2.698 | FAST    |
B_i[2][1][4]   | C_o[3][1][4]   |     5.284 | SLOW    |     2.754 | FAST    |
B_i[2][1][4]   | C_o[3][1][5]   |     5.491 | SLOW    |     2.673 | FAST    |
B_i[2][1][4]   | C_o[3][1][6]   |     5.694 | SLOW    |     2.609 | FAST    |
B_i[2][1][4]   | C_o[3][1][7]   |     5.856 | SLOW    |     2.637 | FAST    |
B_i[2][1][4]   | C_o[3][1][8]   |     6.194 | SLOW    |     2.698 | FAST    |
B_i[2][1][5]   | C_o[0][1][5]   |     5.478 | SLOW    |     2.866 | FAST    |
B_i[2][1][5]   | C_o[0][1][6]   |     5.683 | SLOW    |     2.783 | FAST    |
B_i[2][1][5]   | C_o[0][1][7]   |     5.845 | SLOW    |     2.743 | FAST    |
B_i[2][1][5]   | C_o[0][1][8]   |     6.183 | SLOW    |     2.762 | FAST    |
B_i[2][1][5]   | C_o[1][1][5]   |     5.478 | SLOW    |     2.866 | FAST    |
B_i[2][1][5]   | C_o[1][1][6]   |     5.683 | SLOW    |     2.783 | FAST    |
B_i[2][1][5]   | C_o[1][1][7]   |     5.845 | SLOW    |     2.743 | FAST    |
B_i[2][1][5]   | C_o[1][1][8]   |     6.183 | SLOW    |     2.762 | FAST    |
B_i[2][1][5]   | C_o[2][1][5]   |     5.478 | SLOW    |     2.866 | FAST    |
B_i[2][1][5]   | C_o[2][1][6]   |     5.683 | SLOW    |     2.783 | FAST    |
B_i[2][1][5]   | C_o[2][1][7]   |     5.845 | SLOW    |     2.743 | FAST    |
B_i[2][1][5]   | C_o[2][1][8]   |     6.183 | SLOW    |     2.762 | FAST    |
B_i[2][1][5]   | C_o[3][1][5]   |     5.478 | SLOW    |     2.866 | FAST    |
B_i[2][1][5]   | C_o[3][1][6]   |     5.683 | SLOW    |     2.783 | FAST    |
B_i[2][1][5]   | C_o[3][1][7]   |     5.845 | SLOW    |     2.743 | FAST    |
B_i[2][1][5]   | C_o[3][1][8]   |     6.183 | SLOW    |     2.762 | FAST    |
B_i[2][1][6]   | C_o[0][1][6]   |     5.459 | SLOW    |     2.851 | FAST    |
B_i[2][1][6]   | C_o[0][1][7]   |     5.702 | SLOW    |     2.796 | FAST    |
B_i[2][1][6]   | C_o[0][1][8]   |     6.105 | SLOW    |     2.752 | FAST    |
B_i[2][1][6]   | C_o[1][1][6]   |     5.459 | SLOW    |     2.851 | FAST    |
B_i[2][1][6]   | C_o[1][1][7]   |     5.702 | SLOW    |     2.796 | FAST    |
B_i[2][1][6]   | C_o[1][1][8]   |     6.105 | SLOW    |     2.752 | FAST    |
B_i[2][1][6]   | C_o[2][1][6]   |     5.459 | SLOW    |     2.851 | FAST    |
B_i[2][1][6]   | C_o[2][1][7]   |     5.702 | SLOW    |     2.796 | FAST    |
B_i[2][1][6]   | C_o[2][1][8]   |     6.105 | SLOW    |     2.752 | FAST    |
B_i[2][1][6]   | C_o[3][1][6]   |     5.459 | SLOW    |     2.851 | FAST    |
B_i[2][1][6]   | C_o[3][1][7]   |     5.702 | SLOW    |     2.796 | FAST    |
B_i[2][1][6]   | C_o[3][1][8]   |     6.105 | SLOW    |     2.752 | FAST    |
B_i[2][1][7]   | C_o[0][1][7]   |     5.476 | SLOW    |     2.866 | FAST    |
B_i[2][1][7]   | C_o[0][1][8]   |     5.881 | SLOW    |     2.798 | FAST    |
B_i[2][1][7]   | C_o[1][1][7]   |     5.476 | SLOW    |     2.866 | FAST    |
B_i[2][1][7]   | C_o[1][1][8]   |     5.881 | SLOW    |     2.798 | FAST    |
B_i[2][1][7]   | C_o[2][1][7]   |     5.476 | SLOW    |     2.866 | FAST    |
B_i[2][1][7]   | C_o[2][1][8]   |     5.881 | SLOW    |     2.798 | FAST    |
B_i[2][1][7]   | C_o[3][1][7]   |     5.476 | SLOW    |     2.866 | FAST    |
B_i[2][1][7]   | C_o[3][1][8]   |     5.881 | SLOW    |     2.798 | FAST    |
B_i[2][1][8]   | C_o[0][1][8]   |     5.687 | SLOW    |     2.995 | FAST    |
B_i[2][1][8]   | C_o[1][1][8]   |     5.687 | SLOW    |     2.995 | FAST    |
B_i[2][1][8]   | C_o[2][1][8]   |     5.687 | SLOW    |     2.995 | FAST    |
B_i[2][1][8]   | C_o[3][1][8]   |     5.687 | SLOW    |     2.995 | FAST    |
B_i[2][2][0]   | C_o[0][2][0]   |     4.763 | SLOW    |     2.477 | FAST    |
B_i[2][2][0]   | C_o[0][2][1]   |     5.049 | SLOW    |     2.499 | FAST    |
B_i[2][2][0]   | C_o[0][2][2]   |     5.194 | SLOW    |     2.546 | FAST    |
B_i[2][2][0]   | C_o[0][2][3]   |     5.415 | SLOW    |     2.519 | FAST    |
B_i[2][2][0]   | C_o[0][2][4]   |     5.605 | SLOW    |     2.518 | FAST    |
B_i[2][2][0]   | C_o[0][2][5]   |     5.675 | SLOW    |     2.547 | FAST    |
B_i[2][2][0]   | C_o[0][2][6]   |     5.744 | SLOW    |     2.565 | FAST    |
B_i[2][2][0]   | C_o[0][2][7]   |     5.906 | SLOW    |     2.593 | FAST    |
B_i[2][2][0]   | C_o[0][2][8]   |     6.244 | SLOW    |     2.636 | FAST    |
B_i[2][2][0]   | C_o[1][2][0]   |     4.763 | SLOW    |     2.477 | FAST    |
B_i[2][2][0]   | C_o[1][2][1]   |     5.049 | SLOW    |     2.499 | FAST    |
B_i[2][2][0]   | C_o[1][2][2]   |     5.194 | SLOW    |     2.546 | FAST    |
B_i[2][2][0]   | C_o[1][2][3]   |     5.415 | SLOW    |     2.519 | FAST    |
B_i[2][2][0]   | C_o[1][2][4]   |     5.605 | SLOW    |     2.518 | FAST    |
B_i[2][2][0]   | C_o[1][2][5]   |     5.675 | SLOW    |     2.547 | FAST    |
B_i[2][2][0]   | C_o[1][2][6]   |     5.744 | SLOW    |     2.565 | FAST    |
B_i[2][2][0]   | C_o[1][2][7]   |     5.906 | SLOW    |     2.593 | FAST    |
B_i[2][2][0]   | C_o[1][2][8]   |     6.244 | SLOW    |     2.636 | FAST    |
B_i[2][2][0]   | C_o[2][2][0]   |     4.763 | SLOW    |     2.477 | FAST    |
B_i[2][2][0]   | C_o[2][2][1]   |     5.049 | SLOW    |     2.499 | FAST    |
B_i[2][2][0]   | C_o[2][2][2]   |     5.194 | SLOW    |     2.546 | FAST    |
B_i[2][2][0]   | C_o[2][2][3]   |     5.415 | SLOW    |     2.519 | FAST    |
B_i[2][2][0]   | C_o[2][2][4]   |     5.605 | SLOW    |     2.518 | FAST    |
B_i[2][2][0]   | C_o[2][2][5]   |     5.675 | SLOW    |     2.547 | FAST    |
B_i[2][2][0]   | C_o[2][2][6]   |     5.744 | SLOW    |     2.565 | FAST    |
B_i[2][2][0]   | C_o[2][2][7]   |     5.906 | SLOW    |     2.593 | FAST    |
B_i[2][2][0]   | C_o[2][2][8]   |     6.244 | SLOW    |     2.636 | FAST    |
B_i[2][2][0]   | C_o[3][2][0]   |     4.763 | SLOW    |     2.477 | FAST    |
B_i[2][2][0]   | C_o[3][2][1]   |     5.049 | SLOW    |     2.499 | FAST    |
B_i[2][2][0]   | C_o[3][2][2]   |     5.194 | SLOW    |     2.546 | FAST    |
B_i[2][2][0]   | C_o[3][2][3]   |     5.415 | SLOW    |     2.519 | FAST    |
B_i[2][2][0]   | C_o[3][2][4]   |     5.605 | SLOW    |     2.518 | FAST    |
B_i[2][2][0]   | C_o[3][2][5]   |     5.675 | SLOW    |     2.547 | FAST    |
B_i[2][2][0]   | C_o[3][2][6]   |     5.744 | SLOW    |     2.565 | FAST    |
B_i[2][2][0]   | C_o[3][2][7]   |     5.906 | SLOW    |     2.593 | FAST    |
B_i[2][2][0]   | C_o[3][2][8]   |     6.244 | SLOW    |     2.636 | FAST    |
B_i[2][2][1]   | C_o[0][2][1]   |     4.963 | SLOW    |     2.584 | FAST    |
B_i[2][2][1]   | C_o[0][2][2]   |     5.285 | SLOW    |     2.520 | FAST    |
B_i[2][2][1]   | C_o[0][2][3]   |     5.506 | SLOW    |     2.548 | FAST    |
B_i[2][2][1]   | C_o[0][2][4]   |     5.696 | SLOW    |     2.575 | FAST    |
B_i[2][2][1]   | C_o[0][2][5]   |     5.766 | SLOW    |     2.586 | FAST    |
B_i[2][2][1]   | C_o[0][2][6]   |     5.911 | SLOW    |     2.592 | FAST    |
B_i[2][2][1]   | C_o[0][2][7]   |     6.073 | SLOW    |     2.620 | FAST    |
B_i[2][2][1]   | C_o[0][2][8]   |     6.411 | SLOW    |     2.645 | FAST    |
B_i[2][2][1]   | C_o[1][2][1]   |     4.963 | SLOW    |     2.584 | FAST    |
B_i[2][2][1]   | C_o[1][2][2]   |     5.285 | SLOW    |     2.520 | FAST    |
B_i[2][2][1]   | C_o[1][2][3]   |     5.506 | SLOW    |     2.548 | FAST    |
B_i[2][2][1]   | C_o[1][2][4]   |     5.696 | SLOW    |     2.575 | FAST    |
B_i[2][2][1]   | C_o[1][2][5]   |     5.766 | SLOW    |     2.586 | FAST    |
B_i[2][2][1]   | C_o[1][2][6]   |     5.911 | SLOW    |     2.592 | FAST    |
B_i[2][2][1]   | C_o[1][2][7]   |     6.073 | SLOW    |     2.620 | FAST    |
B_i[2][2][1]   | C_o[1][2][8]   |     6.411 | SLOW    |     2.645 | FAST    |
B_i[2][2][1]   | C_o[2][2][1]   |     4.963 | SLOW    |     2.584 | FAST    |
B_i[2][2][1]   | C_o[2][2][2]   |     5.285 | SLOW    |     2.520 | FAST    |
B_i[2][2][1]   | C_o[2][2][3]   |     5.506 | SLOW    |     2.548 | FAST    |
B_i[2][2][1]   | C_o[2][2][4]   |     5.696 | SLOW    |     2.575 | FAST    |
B_i[2][2][1]   | C_o[2][2][5]   |     5.766 | SLOW    |     2.586 | FAST    |
B_i[2][2][1]   | C_o[2][2][6]   |     5.911 | SLOW    |     2.592 | FAST    |
B_i[2][2][1]   | C_o[2][2][7]   |     6.073 | SLOW    |     2.620 | FAST    |
B_i[2][2][1]   | C_o[2][2][8]   |     6.411 | SLOW    |     2.645 | FAST    |
B_i[2][2][1]   | C_o[3][2][1]   |     4.963 | SLOW    |     2.584 | FAST    |
B_i[2][2][1]   | C_o[3][2][2]   |     5.285 | SLOW    |     2.520 | FAST    |
B_i[2][2][1]   | C_o[3][2][3]   |     5.506 | SLOW    |     2.548 | FAST    |
B_i[2][2][1]   | C_o[3][2][4]   |     5.696 | SLOW    |     2.575 | FAST    |
B_i[2][2][1]   | C_o[3][2][5]   |     5.766 | SLOW    |     2.586 | FAST    |
B_i[2][2][1]   | C_o[3][2][6]   |     5.911 | SLOW    |     2.592 | FAST    |
B_i[2][2][1]   | C_o[3][2][7]   |     6.073 | SLOW    |     2.620 | FAST    |
B_i[2][2][1]   | C_o[3][2][8]   |     6.411 | SLOW    |     2.645 | FAST    |
B_i[2][2][2]   | C_o[0][2][2]   |     5.290 | SLOW    |     2.763 | FAST    |
B_i[2][2][2]   | C_o[0][2][3]   |     5.511 | SLOW    |     2.693 | FAST    |
B_i[2][2][2]   | C_o[0][2][4]   |     5.701 | SLOW    |     2.622 | FAST    |
B_i[2][2][2]   | C_o[0][2][5]   |     5.771 | SLOW    |     2.626 | FAST    |
B_i[2][2][2]   | C_o[0][2][6]   |     5.869 | SLOW    |     2.615 | FAST    |
B_i[2][2][2]   | C_o[0][2][7]   |     5.932 | SLOW    |     2.643 | FAST    |
B_i[2][2][2]   | C_o[0][2][8]   |     6.207 | SLOW    |     2.704 | FAST    |
B_i[2][2][2]   | C_o[1][2][2]   |     5.290 | SLOW    |     2.763 | FAST    |
B_i[2][2][2]   | C_o[1][2][3]   |     5.511 | SLOW    |     2.693 | FAST    |
B_i[2][2][2]   | C_o[1][2][4]   |     5.701 | SLOW    |     2.622 | FAST    |
B_i[2][2][2]   | C_o[1][2][5]   |     5.771 | SLOW    |     2.626 | FAST    |
B_i[2][2][2]   | C_o[1][2][6]   |     5.869 | SLOW    |     2.615 | FAST    |
B_i[2][2][2]   | C_o[1][2][7]   |     5.932 | SLOW    |     2.643 | FAST    |
B_i[2][2][2]   | C_o[1][2][8]   |     6.207 | SLOW    |     2.704 | FAST    |
B_i[2][2][2]   | C_o[2][2][2]   |     5.290 | SLOW    |     2.763 | FAST    |
B_i[2][2][2]   | C_o[2][2][3]   |     5.511 | SLOW    |     2.693 | FAST    |
B_i[2][2][2]   | C_o[2][2][4]   |     5.701 | SLOW    |     2.622 | FAST    |
B_i[2][2][2]   | C_o[2][2][5]   |     5.771 | SLOW    |     2.626 | FAST    |
B_i[2][2][2]   | C_o[2][2][6]   |     5.869 | SLOW    |     2.615 | FAST    |
B_i[2][2][2]   | C_o[2][2][7]   |     5.932 | SLOW    |     2.643 | FAST    |
B_i[2][2][2]   | C_o[2][2][8]   |     6.207 | SLOW    |     2.704 | FAST    |
B_i[2][2][2]   | C_o[3][2][2]   |     5.290 | SLOW    |     2.763 | FAST    |
B_i[2][2][2]   | C_o[3][2][3]   |     5.511 | SLOW    |     2.693 | FAST    |
B_i[2][2][2]   | C_o[3][2][4]   |     5.701 | SLOW    |     2.622 | FAST    |
B_i[2][2][2]   | C_o[3][2][5]   |     5.771 | SLOW    |     2.626 | FAST    |
B_i[2][2][2]   | C_o[3][2][6]   |     5.869 | SLOW    |     2.615 | FAST    |
B_i[2][2][2]   | C_o[3][2][7]   |     5.932 | SLOW    |     2.643 | FAST    |
B_i[2][2][2]   | C_o[3][2][8]   |     6.207 | SLOW    |     2.704 | FAST    |
B_i[2][2][3]   | C_o[0][2][3]   |     5.274 | SLOW    |     2.751 | FAST    |
B_i[2][2][3]   | C_o[0][2][4]   |     5.481 | SLOW    |     2.668 | FAST    |
B_i[2][2][3]   | C_o[0][2][5]   |     5.673 | SLOW    |     2.605 | FAST    |
B_i[2][2][3]   | C_o[0][2][6]   |     5.832 | SLOW    |     2.619 | FAST    |
B_i[2][2][3]   | C_o[0][2][7]   |     5.895 | SLOW    |     2.647 | FAST    |
B_i[2][2][3]   | C_o[0][2][8]   |     6.213 | SLOW    |     2.695 | FAST    |
B_i[2][2][3]   | C_o[1][2][3]   |     5.274 | SLOW    |     2.751 | FAST    |
B_i[2][2][3]   | C_o[1][2][4]   |     5.481 | SLOW    |     2.668 | FAST    |
B_i[2][2][3]   | C_o[1][2][5]   |     5.673 | SLOW    |     2.605 | FAST    |
B_i[2][2][3]   | C_o[1][2][6]   |     5.832 | SLOW    |     2.619 | FAST    |
B_i[2][2][3]   | C_o[1][2][7]   |     5.895 | SLOW    |     2.647 | FAST    |
B_i[2][2][3]   | C_o[1][2][8]   |     6.213 | SLOW    |     2.695 | FAST    |
B_i[2][2][3]   | C_o[2][2][3]   |     5.274 | SLOW    |     2.751 | FAST    |
B_i[2][2][3]   | C_o[2][2][4]   |     5.481 | SLOW    |     2.668 | FAST    |
B_i[2][2][3]   | C_o[2][2][5]   |     5.673 | SLOW    |     2.605 | FAST    |
B_i[2][2][3]   | C_o[2][2][6]   |     5.832 | SLOW    |     2.619 | FAST    |
B_i[2][2][3]   | C_o[2][2][7]   |     5.895 | SLOW    |     2.647 | FAST    |
B_i[2][2][3]   | C_o[2][2][8]   |     6.213 | SLOW    |     2.695 | FAST    |
B_i[2][2][3]   | C_o[3][2][3]   |     5.274 | SLOW    |     2.751 | FAST    |
B_i[2][2][3]   | C_o[3][2][4]   |     5.481 | SLOW    |     2.668 | FAST    |
B_i[2][2][3]   | C_o[3][2][5]   |     5.673 | SLOW    |     2.605 | FAST    |
B_i[2][2][3]   | C_o[3][2][6]   |     5.832 | SLOW    |     2.619 | FAST    |
B_i[2][2][3]   | C_o[3][2][7]   |     5.895 | SLOW    |     2.647 | FAST    |
B_i[2][2][3]   | C_o[3][2][8]   |     6.213 | SLOW    |     2.695 | FAST    |
B_i[2][2][4]   | C_o[0][2][4]   |     5.284 | SLOW    |     2.754 | FAST    |
B_i[2][2][4]   | C_o[0][2][5]   |     5.491 | SLOW    |     2.673 | FAST    |
B_i[2][2][4]   | C_o[0][2][6]   |     5.694 | SLOW    |     2.609 | FAST    |
B_i[2][2][4]   | C_o[0][2][7]   |     5.856 | SLOW    |     2.637 | FAST    |
B_i[2][2][4]   | C_o[0][2][8]   |     6.194 | SLOW    |     2.698 | FAST    |
B_i[2][2][4]   | C_o[1][2][4]   |     5.284 | SLOW    |     2.754 | FAST    |
B_i[2][2][4]   | C_o[1][2][5]   |     5.491 | SLOW    |     2.673 | FAST    |
B_i[2][2][4]   | C_o[1][2][6]   |     5.694 | SLOW    |     2.609 | FAST    |
B_i[2][2][4]   | C_o[1][2][7]   |     5.856 | SLOW    |     2.637 | FAST    |
B_i[2][2][4]   | C_o[1][2][8]   |     6.194 | SLOW    |     2.698 | FAST    |
B_i[2][2][4]   | C_o[2][2][4]   |     5.284 | SLOW    |     2.754 | FAST    |
B_i[2][2][4]   | C_o[2][2][5]   |     5.491 | SLOW    |     2.673 | FAST    |
B_i[2][2][4]   | C_o[2][2][6]   |     5.694 | SLOW    |     2.609 | FAST    |
B_i[2][2][4]   | C_o[2][2][7]   |     5.856 | SLOW    |     2.637 | FAST    |
B_i[2][2][4]   | C_o[2][2][8]   |     6.194 | SLOW    |     2.698 | FAST    |
B_i[2][2][4]   | C_o[3][2][4]   |     5.284 | SLOW    |     2.754 | FAST    |
B_i[2][2][4]   | C_o[3][2][5]   |     5.491 | SLOW    |     2.673 | FAST    |
B_i[2][2][4]   | C_o[3][2][6]   |     5.694 | SLOW    |     2.609 | FAST    |
B_i[2][2][4]   | C_o[3][2][7]   |     5.856 | SLOW    |     2.637 | FAST    |
B_i[2][2][4]   | C_o[3][2][8]   |     6.194 | SLOW    |     2.698 | FAST    |
B_i[2][2][5]   | C_o[0][2][5]   |     5.478 | SLOW    |     2.866 | FAST    |
B_i[2][2][5]   | C_o[0][2][6]   |     5.683 | SLOW    |     2.783 | FAST    |
B_i[2][2][5]   | C_o[0][2][7]   |     5.845 | SLOW    |     2.743 | FAST    |
B_i[2][2][5]   | C_o[0][2][8]   |     6.183 | SLOW    |     2.762 | FAST    |
B_i[2][2][5]   | C_o[1][2][5]   |     5.478 | SLOW    |     2.866 | FAST    |
B_i[2][2][5]   | C_o[1][2][6]   |     5.683 | SLOW    |     2.783 | FAST    |
B_i[2][2][5]   | C_o[1][2][7]   |     5.845 | SLOW    |     2.743 | FAST    |
B_i[2][2][5]   | C_o[1][2][8]   |     6.183 | SLOW    |     2.762 | FAST    |
B_i[2][2][5]   | C_o[2][2][5]   |     5.478 | SLOW    |     2.866 | FAST    |
B_i[2][2][5]   | C_o[2][2][6]   |     5.683 | SLOW    |     2.783 | FAST    |
B_i[2][2][5]   | C_o[2][2][7]   |     5.845 | SLOW    |     2.743 | FAST    |
B_i[2][2][5]   | C_o[2][2][8]   |     6.183 | SLOW    |     2.762 | FAST    |
B_i[2][2][5]   | C_o[3][2][5]   |     5.478 | SLOW    |     2.866 | FAST    |
B_i[2][2][5]   | C_o[3][2][6]   |     5.683 | SLOW    |     2.783 | FAST    |
B_i[2][2][5]   | C_o[3][2][7]   |     5.845 | SLOW    |     2.743 | FAST    |
B_i[2][2][5]   | C_o[3][2][8]   |     6.183 | SLOW    |     2.762 | FAST    |
B_i[2][2][6]   | C_o[0][2][6]   |     5.459 | SLOW    |     2.851 | FAST    |
B_i[2][2][6]   | C_o[0][2][7]   |     5.702 | SLOW    |     2.796 | FAST    |
B_i[2][2][6]   | C_o[0][2][8]   |     6.105 | SLOW    |     2.752 | FAST    |
B_i[2][2][6]   | C_o[1][2][6]   |     5.459 | SLOW    |     2.851 | FAST    |
B_i[2][2][6]   | C_o[1][2][7]   |     5.702 | SLOW    |     2.796 | FAST    |
B_i[2][2][6]   | C_o[1][2][8]   |     6.105 | SLOW    |     2.752 | FAST    |
B_i[2][2][6]   | C_o[2][2][6]   |     5.459 | SLOW    |     2.851 | FAST    |
B_i[2][2][6]   | C_o[2][2][7]   |     5.702 | SLOW    |     2.796 | FAST    |
B_i[2][2][6]   | C_o[2][2][8]   |     6.105 | SLOW    |     2.752 | FAST    |
B_i[2][2][6]   | C_o[3][2][6]   |     5.459 | SLOW    |     2.851 | FAST    |
B_i[2][2][6]   | C_o[3][2][7]   |     5.702 | SLOW    |     2.796 | FAST    |
B_i[2][2][6]   | C_o[3][2][8]   |     6.105 | SLOW    |     2.752 | FAST    |
B_i[2][2][7]   | C_o[0][2][7]   |     5.476 | SLOW    |     2.866 | FAST    |
B_i[2][2][7]   | C_o[0][2][8]   |     5.881 | SLOW    |     2.798 | FAST    |
B_i[2][2][7]   | C_o[1][2][7]   |     5.476 | SLOW    |     2.866 | FAST    |
B_i[2][2][7]   | C_o[1][2][8]   |     5.881 | SLOW    |     2.798 | FAST    |
B_i[2][2][7]   | C_o[2][2][7]   |     5.476 | SLOW    |     2.866 | FAST    |
B_i[2][2][7]   | C_o[2][2][8]   |     5.881 | SLOW    |     2.798 | FAST    |
B_i[2][2][7]   | C_o[3][2][7]   |     5.476 | SLOW    |     2.866 | FAST    |
B_i[2][2][7]   | C_o[3][2][8]   |     5.881 | SLOW    |     2.798 | FAST    |
B_i[2][2][8]   | C_o[0][2][8]   |     5.687 | SLOW    |     2.995 | FAST    |
B_i[2][2][8]   | C_o[1][2][8]   |     5.687 | SLOW    |     2.995 | FAST    |
B_i[2][2][8]   | C_o[2][2][8]   |     5.687 | SLOW    |     2.995 | FAST    |
B_i[2][2][8]   | C_o[3][2][8]   |     5.687 | SLOW    |     2.995 | FAST    |
B_i[2][3][0]   | C_o[0][3][0]   |     4.763 | SLOW    |     2.477 | FAST    |
B_i[2][3][0]   | C_o[0][3][1]   |     5.049 | SLOW    |     2.499 | FAST    |
B_i[2][3][0]   | C_o[0][3][2]   |     5.194 | SLOW    |     2.546 | FAST    |
B_i[2][3][0]   | C_o[0][3][3]   |     5.415 | SLOW    |     2.519 | FAST    |
B_i[2][3][0]   | C_o[0][3][4]   |     5.605 | SLOW    |     2.518 | FAST    |
B_i[2][3][0]   | C_o[0][3][5]   |     5.675 | SLOW    |     2.547 | FAST    |
B_i[2][3][0]   | C_o[0][3][6]   |     5.744 | SLOW    |     2.565 | FAST    |
B_i[2][3][0]   | C_o[0][3][7]   |     5.906 | SLOW    |     2.593 | FAST    |
B_i[2][3][0]   | C_o[0][3][8]   |     6.244 | SLOW    |     2.636 | FAST    |
B_i[2][3][0]   | C_o[1][3][0]   |     4.763 | SLOW    |     2.477 | FAST    |
B_i[2][3][0]   | C_o[1][3][1]   |     5.049 | SLOW    |     2.499 | FAST    |
B_i[2][3][0]   | C_o[1][3][2]   |     5.194 | SLOW    |     2.546 | FAST    |
B_i[2][3][0]   | C_o[1][3][3]   |     5.415 | SLOW    |     2.519 | FAST    |
B_i[2][3][0]   | C_o[1][3][4]   |     5.605 | SLOW    |     2.518 | FAST    |
B_i[2][3][0]   | C_o[1][3][5]   |     5.675 | SLOW    |     2.547 | FAST    |
B_i[2][3][0]   | C_o[1][3][6]   |     5.744 | SLOW    |     2.565 | FAST    |
B_i[2][3][0]   | C_o[1][3][7]   |     5.906 | SLOW    |     2.593 | FAST    |
B_i[2][3][0]   | C_o[1][3][8]   |     6.244 | SLOW    |     2.636 | FAST    |
B_i[2][3][0]   | C_o[2][3][0]   |     4.763 | SLOW    |     2.477 | FAST    |
B_i[2][3][0]   | C_o[2][3][1]   |     5.049 | SLOW    |     2.499 | FAST    |
B_i[2][3][0]   | C_o[2][3][2]   |     5.194 | SLOW    |     2.546 | FAST    |
B_i[2][3][0]   | C_o[2][3][3]   |     5.415 | SLOW    |     2.519 | FAST    |
B_i[2][3][0]   | C_o[2][3][4]   |     5.605 | SLOW    |     2.518 | FAST    |
B_i[2][3][0]   | C_o[2][3][5]   |     5.675 | SLOW    |     2.547 | FAST    |
B_i[2][3][0]   | C_o[2][3][6]   |     5.744 | SLOW    |     2.565 | FAST    |
B_i[2][3][0]   | C_o[2][3][7]   |     5.906 | SLOW    |     2.593 | FAST    |
B_i[2][3][0]   | C_o[2][3][8]   |     6.244 | SLOW    |     2.636 | FAST    |
B_i[2][3][0]   | C_o[3][3][0]   |     4.763 | SLOW    |     2.477 | FAST    |
B_i[2][3][0]   | C_o[3][3][1]   |     5.049 | SLOW    |     2.499 | FAST    |
B_i[2][3][0]   | C_o[3][3][2]   |     5.194 | SLOW    |     2.546 | FAST    |
B_i[2][3][0]   | C_o[3][3][3]   |     5.415 | SLOW    |     2.519 | FAST    |
B_i[2][3][0]   | C_o[3][3][4]   |     5.605 | SLOW    |     2.518 | FAST    |
B_i[2][3][0]   | C_o[3][3][5]   |     5.675 | SLOW    |     2.547 | FAST    |
B_i[2][3][0]   | C_o[3][3][6]   |     5.744 | SLOW    |     2.565 | FAST    |
B_i[2][3][0]   | C_o[3][3][7]   |     5.906 | SLOW    |     2.593 | FAST    |
B_i[2][3][0]   | C_o[3][3][8]   |     6.244 | SLOW    |     2.636 | FAST    |
B_i[2][3][1]   | C_o[0][3][1]   |     4.963 | SLOW    |     2.584 | FAST    |
B_i[2][3][1]   | C_o[0][3][2]   |     5.285 | SLOW    |     2.520 | FAST    |
B_i[2][3][1]   | C_o[0][3][3]   |     5.506 | SLOW    |     2.548 | FAST    |
B_i[2][3][1]   | C_o[0][3][4]   |     5.696 | SLOW    |     2.575 | FAST    |
B_i[2][3][1]   | C_o[0][3][5]   |     5.766 | SLOW    |     2.586 | FAST    |
B_i[2][3][1]   | C_o[0][3][6]   |     5.942 | SLOW    |     2.592 | FAST    |
B_i[2][3][1]   | C_o[0][3][7]   |     6.104 | SLOW    |     2.620 | FAST    |
B_i[2][3][1]   | C_o[0][3][8]   |     6.442 | SLOW    |     2.645 | FAST    |
B_i[2][3][1]   | C_o[1][3][1]   |     4.963 | SLOW    |     2.584 | FAST    |
B_i[2][3][1]   | C_o[1][3][2]   |     5.285 | SLOW    |     2.520 | FAST    |
B_i[2][3][1]   | C_o[1][3][3]   |     5.506 | SLOW    |     2.548 | FAST    |
B_i[2][3][1]   | C_o[1][3][4]   |     5.696 | SLOW    |     2.575 | FAST    |
B_i[2][3][1]   | C_o[1][3][5]   |     5.766 | SLOW    |     2.586 | FAST    |
B_i[2][3][1]   | C_o[1][3][6]   |     5.942 | SLOW    |     2.592 | FAST    |
B_i[2][3][1]   | C_o[1][3][7]   |     6.104 | SLOW    |     2.620 | FAST    |
B_i[2][3][1]   | C_o[1][3][8]   |     6.442 | SLOW    |     2.645 | FAST    |
B_i[2][3][1]   | C_o[2][3][1]   |     4.963 | SLOW    |     2.584 | FAST    |
B_i[2][3][1]   | C_o[2][3][2]   |     5.285 | SLOW    |     2.520 | FAST    |
B_i[2][3][1]   | C_o[2][3][3]   |     5.506 | SLOW    |     2.548 | FAST    |
B_i[2][3][1]   | C_o[2][3][4]   |     5.696 | SLOW    |     2.575 | FAST    |
B_i[2][3][1]   | C_o[2][3][5]   |     5.766 | SLOW    |     2.586 | FAST    |
B_i[2][3][1]   | C_o[2][3][6]   |     5.942 | SLOW    |     2.592 | FAST    |
B_i[2][3][1]   | C_o[2][3][7]   |     6.104 | SLOW    |     2.620 | FAST    |
B_i[2][3][1]   | C_o[2][3][8]   |     6.442 | SLOW    |     2.645 | FAST    |
B_i[2][3][1]   | C_o[3][3][1]   |     4.963 | SLOW    |     2.584 | FAST    |
B_i[2][3][1]   | C_o[3][3][2]   |     5.285 | SLOW    |     2.520 | FAST    |
B_i[2][3][1]   | C_o[3][3][3]   |     5.506 | SLOW    |     2.548 | FAST    |
B_i[2][3][1]   | C_o[3][3][4]   |     5.696 | SLOW    |     2.575 | FAST    |
B_i[2][3][1]   | C_o[3][3][5]   |     5.766 | SLOW    |     2.586 | FAST    |
B_i[2][3][1]   | C_o[3][3][6]   |     5.942 | SLOW    |     2.592 | FAST    |
B_i[2][3][1]   | C_o[3][3][7]   |     6.104 | SLOW    |     2.620 | FAST    |
B_i[2][3][1]   | C_o[3][3][8]   |     6.442 | SLOW    |     2.645 | FAST    |
B_i[2][3][2]   | C_o[0][3][2]   |     5.290 | SLOW    |     2.763 | FAST    |
B_i[2][3][2]   | C_o[0][3][3]   |     5.511 | SLOW    |     2.693 | FAST    |
B_i[2][3][2]   | C_o[0][3][4]   |     5.701 | SLOW    |     2.622 | FAST    |
B_i[2][3][2]   | C_o[0][3][5]   |     5.771 | SLOW    |     2.626 | FAST    |
B_i[2][3][2]   | C_o[0][3][6]   |     5.869 | SLOW    |     2.615 | FAST    |
B_i[2][3][2]   | C_o[0][3][7]   |     5.932 | SLOW    |     2.643 | FAST    |
B_i[2][3][2]   | C_o[0][3][8]   |     6.207 | SLOW    |     2.704 | FAST    |
B_i[2][3][2]   | C_o[1][3][2]   |     5.290 | SLOW    |     2.763 | FAST    |
B_i[2][3][2]   | C_o[1][3][3]   |     5.511 | SLOW    |     2.693 | FAST    |
B_i[2][3][2]   | C_o[1][3][4]   |     5.701 | SLOW    |     2.622 | FAST    |
B_i[2][3][2]   | C_o[1][3][5]   |     5.771 | SLOW    |     2.626 | FAST    |
B_i[2][3][2]   | C_o[1][3][6]   |     5.869 | SLOW    |     2.615 | FAST    |
B_i[2][3][2]   | C_o[1][3][7]   |     5.932 | SLOW    |     2.643 | FAST    |
B_i[2][3][2]   | C_o[1][3][8]   |     6.207 | SLOW    |     2.704 | FAST    |
B_i[2][3][2]   | C_o[2][3][2]   |     5.290 | SLOW    |     2.763 | FAST    |
B_i[2][3][2]   | C_o[2][3][3]   |     5.511 | SLOW    |     2.693 | FAST    |
B_i[2][3][2]   | C_o[2][3][4]   |     5.701 | SLOW    |     2.622 | FAST    |
B_i[2][3][2]   | C_o[2][3][5]   |     5.771 | SLOW    |     2.626 | FAST    |
B_i[2][3][2]   | C_o[2][3][6]   |     5.869 | SLOW    |     2.615 | FAST    |
B_i[2][3][2]   | C_o[2][3][7]   |     5.932 | SLOW    |     2.643 | FAST    |
B_i[2][3][2]   | C_o[2][3][8]   |     6.207 | SLOW    |     2.704 | FAST    |
B_i[2][3][2]   | C_o[3][3][2]   |     5.290 | SLOW    |     2.763 | FAST    |
B_i[2][3][2]   | C_o[3][3][3]   |     5.511 | SLOW    |     2.693 | FAST    |
B_i[2][3][2]   | C_o[3][3][4]   |     5.701 | SLOW    |     2.622 | FAST    |
B_i[2][3][2]   | C_o[3][3][5]   |     5.771 | SLOW    |     2.626 | FAST    |
B_i[2][3][2]   | C_o[3][3][6]   |     5.869 | SLOW    |     2.615 | FAST    |
B_i[2][3][2]   | C_o[3][3][7]   |     5.932 | SLOW    |     2.643 | FAST    |
B_i[2][3][2]   | C_o[3][3][8]   |     6.207 | SLOW    |     2.704 | FAST    |
B_i[2][3][3]   | C_o[0][3][3]   |     5.274 | SLOW    |     2.751 | FAST    |
B_i[2][3][3]   | C_o[0][3][4]   |     5.481 | SLOW    |     2.668 | FAST    |
B_i[2][3][3]   | C_o[0][3][5]   |     5.673 | SLOW    |     2.605 | FAST    |
B_i[2][3][3]   | C_o[0][3][6]   |     5.832 | SLOW    |     2.619 | FAST    |
B_i[2][3][3]   | C_o[0][3][7]   |     5.895 | SLOW    |     2.647 | FAST    |
B_i[2][3][3]   | C_o[0][3][8]   |     6.213 | SLOW    |     2.695 | FAST    |
B_i[2][3][3]   | C_o[1][3][3]   |     5.274 | SLOW    |     2.751 | FAST    |
B_i[2][3][3]   | C_o[1][3][4]   |     5.481 | SLOW    |     2.668 | FAST    |
B_i[2][3][3]   | C_o[1][3][5]   |     5.673 | SLOW    |     2.605 | FAST    |
B_i[2][3][3]   | C_o[1][3][6]   |     5.832 | SLOW    |     2.619 | FAST    |
B_i[2][3][3]   | C_o[1][3][7]   |     5.895 | SLOW    |     2.647 | FAST    |
B_i[2][3][3]   | C_o[1][3][8]   |     6.213 | SLOW    |     2.695 | FAST    |
B_i[2][3][3]   | C_o[2][3][3]   |     5.274 | SLOW    |     2.751 | FAST    |
B_i[2][3][3]   | C_o[2][3][4]   |     5.481 | SLOW    |     2.668 | FAST    |
B_i[2][3][3]   | C_o[2][3][5]   |     5.673 | SLOW    |     2.605 | FAST    |
B_i[2][3][3]   | C_o[2][3][6]   |     5.832 | SLOW    |     2.619 | FAST    |
B_i[2][3][3]   | C_o[2][3][7]   |     5.895 | SLOW    |     2.647 | FAST    |
B_i[2][3][3]   | C_o[2][3][8]   |     6.213 | SLOW    |     2.695 | FAST    |
B_i[2][3][3]   | C_o[3][3][3]   |     5.274 | SLOW    |     2.751 | FAST    |
B_i[2][3][3]   | C_o[3][3][4]   |     5.481 | SLOW    |     2.668 | FAST    |
B_i[2][3][3]   | C_o[3][3][5]   |     5.673 | SLOW    |     2.605 | FAST    |
B_i[2][3][3]   | C_o[3][3][6]   |     5.832 | SLOW    |     2.619 | FAST    |
B_i[2][3][3]   | C_o[3][3][7]   |     5.895 | SLOW    |     2.647 | FAST    |
B_i[2][3][3]   | C_o[3][3][8]   |     6.213 | SLOW    |     2.695 | FAST    |
B_i[2][3][4]   | C_o[0][3][4]   |     5.284 | SLOW    |     2.754 | FAST    |
B_i[2][3][4]   | C_o[0][3][5]   |     5.491 | SLOW    |     2.673 | FAST    |
B_i[2][3][4]   | C_o[0][3][6]   |     5.694 | SLOW    |     2.609 | FAST    |
B_i[2][3][4]   | C_o[0][3][7]   |     5.856 | SLOW    |     2.637 | FAST    |
B_i[2][3][4]   | C_o[0][3][8]   |     6.194 | SLOW    |     2.698 | FAST    |
B_i[2][3][4]   | C_o[1][3][4]   |     5.284 | SLOW    |     2.754 | FAST    |
B_i[2][3][4]   | C_o[1][3][5]   |     5.491 | SLOW    |     2.673 | FAST    |
B_i[2][3][4]   | C_o[1][3][6]   |     5.694 | SLOW    |     2.609 | FAST    |
B_i[2][3][4]   | C_o[1][3][7]   |     5.856 | SLOW    |     2.637 | FAST    |
B_i[2][3][4]   | C_o[1][3][8]   |     6.194 | SLOW    |     2.698 | FAST    |
B_i[2][3][4]   | C_o[2][3][4]   |     5.284 | SLOW    |     2.754 | FAST    |
B_i[2][3][4]   | C_o[2][3][5]   |     5.491 | SLOW    |     2.673 | FAST    |
B_i[2][3][4]   | C_o[2][3][6]   |     5.694 | SLOW    |     2.609 | FAST    |
B_i[2][3][4]   | C_o[2][3][7]   |     5.856 | SLOW    |     2.637 | FAST    |
B_i[2][3][4]   | C_o[2][3][8]   |     6.194 | SLOW    |     2.698 | FAST    |
B_i[2][3][4]   | C_o[3][3][4]   |     5.284 | SLOW    |     2.754 | FAST    |
B_i[2][3][4]   | C_o[3][3][5]   |     5.491 | SLOW    |     2.673 | FAST    |
B_i[2][3][4]   | C_o[3][3][6]   |     5.694 | SLOW    |     2.609 | FAST    |
B_i[2][3][4]   | C_o[3][3][7]   |     5.856 | SLOW    |     2.637 | FAST    |
B_i[2][3][4]   | C_o[3][3][8]   |     6.194 | SLOW    |     2.698 | FAST    |
B_i[2][3][5]   | C_o[0][3][5]   |     5.478 | SLOW    |     2.866 | FAST    |
B_i[2][3][5]   | C_o[0][3][6]   |     5.683 | SLOW    |     2.783 | FAST    |
B_i[2][3][5]   | C_o[0][3][7]   |     5.845 | SLOW    |     2.743 | FAST    |
B_i[2][3][5]   | C_o[0][3][8]   |     6.183 | SLOW    |     2.762 | FAST    |
B_i[2][3][5]   | C_o[1][3][5]   |     5.478 | SLOW    |     2.866 | FAST    |
B_i[2][3][5]   | C_o[1][3][6]   |     5.683 | SLOW    |     2.783 | FAST    |
B_i[2][3][5]   | C_o[1][3][7]   |     5.845 | SLOW    |     2.743 | FAST    |
B_i[2][3][5]   | C_o[1][3][8]   |     6.183 | SLOW    |     2.762 | FAST    |
B_i[2][3][5]   | C_o[2][3][5]   |     5.478 | SLOW    |     2.866 | FAST    |
B_i[2][3][5]   | C_o[2][3][6]   |     5.683 | SLOW    |     2.783 | FAST    |
B_i[2][3][5]   | C_o[2][3][7]   |     5.845 | SLOW    |     2.743 | FAST    |
B_i[2][3][5]   | C_o[2][3][8]   |     6.183 | SLOW    |     2.762 | FAST    |
B_i[2][3][5]   | C_o[3][3][5]   |     5.478 | SLOW    |     2.866 | FAST    |
B_i[2][3][5]   | C_o[3][3][6]   |     5.683 | SLOW    |     2.783 | FAST    |
B_i[2][3][5]   | C_o[3][3][7]   |     5.845 | SLOW    |     2.743 | FAST    |
B_i[2][3][5]   | C_o[3][3][8]   |     6.183 | SLOW    |     2.762 | FAST    |
B_i[2][3][6]   | C_o[0][3][6]   |     5.459 | SLOW    |     2.851 | FAST    |
B_i[2][3][6]   | C_o[0][3][7]   |     5.702 | SLOW    |     2.796 | FAST    |
B_i[2][3][6]   | C_o[0][3][8]   |     6.105 | SLOW    |     2.752 | FAST    |
B_i[2][3][6]   | C_o[1][3][6]   |     5.459 | SLOW    |     2.851 | FAST    |
B_i[2][3][6]   | C_o[1][3][7]   |     5.702 | SLOW    |     2.796 | FAST    |
B_i[2][3][6]   | C_o[1][3][8]   |     6.105 | SLOW    |     2.752 | FAST    |
B_i[2][3][6]   | C_o[2][3][6]   |     5.459 | SLOW    |     2.851 | FAST    |
B_i[2][3][6]   | C_o[2][3][7]   |     5.702 | SLOW    |     2.796 | FAST    |
B_i[2][3][6]   | C_o[2][3][8]   |     6.105 | SLOW    |     2.752 | FAST    |
B_i[2][3][6]   | C_o[3][3][6]   |     5.459 | SLOW    |     2.851 | FAST    |
B_i[2][3][6]   | C_o[3][3][7]   |     5.702 | SLOW    |     2.796 | FAST    |
B_i[2][3][6]   | C_o[3][3][8]   |     6.105 | SLOW    |     2.752 | FAST    |
B_i[2][3][7]   | C_o[0][3][7]   |     5.476 | SLOW    |     2.866 | FAST    |
B_i[2][3][7]   | C_o[0][3][8]   |     5.881 | SLOW    |     2.798 | FAST    |
B_i[2][3][7]   | C_o[1][3][7]   |     5.476 | SLOW    |     2.866 | FAST    |
B_i[2][3][7]   | C_o[1][3][8]   |     5.881 | SLOW    |     2.798 | FAST    |
B_i[2][3][7]   | C_o[2][3][7]   |     5.476 | SLOW    |     2.866 | FAST    |
B_i[2][3][7]   | C_o[2][3][8]   |     5.881 | SLOW    |     2.798 | FAST    |
B_i[2][3][7]   | C_o[3][3][7]   |     5.476 | SLOW    |     2.866 | FAST    |
B_i[2][3][7]   | C_o[3][3][8]   |     5.881 | SLOW    |     2.798 | FAST    |
B_i[2][3][8]   | C_o[0][3][8]   |     5.687 | SLOW    |     2.995 | FAST    |
B_i[2][3][8]   | C_o[1][3][8]   |     5.687 | SLOW    |     2.995 | FAST    |
B_i[2][3][8]   | C_o[2][3][8]   |     5.687 | SLOW    |     2.995 | FAST    |
B_i[2][3][8]   | C_o[3][3][8]   |     5.687 | SLOW    |     2.995 | FAST    |
B_i[3][0][0]   | C_o[0][0][0]   |     4.811 | SLOW    |     2.499 | FAST    |
B_i[3][0][0]   | C_o[0][0][1]   |     5.064 | SLOW    |     2.419 | FAST    |
B_i[3][0][0]   | C_o[0][0][2]   |     5.195 | SLOW    |     2.464 | FAST    |
B_i[3][0][0]   | C_o[0][0][3]   |     5.400 | SLOW    |     2.492 | FAST    |
B_i[3][0][0]   | C_o[0][0][4]   |     5.590 | SLOW    |     2.486 | FAST    |
B_i[3][0][0]   | C_o[0][0][5]   |     5.660 | SLOW    |     2.514 | FAST    |
B_i[3][0][0]   | C_o[0][0][6]   |     5.729 | SLOW    |     2.502 | FAST    |
B_i[3][0][0]   | C_o[0][0][7]   |     5.891 | SLOW    |     2.530 | FAST    |
B_i[3][0][0]   | C_o[0][0][8]   |     6.229 | SLOW    |     2.589 | FAST    |
B_i[3][0][0]   | C_o[1][0][0]   |     4.811 | SLOW    |     2.499 | FAST    |
B_i[3][0][0]   | C_o[1][0][1]   |     5.064 | SLOW    |     2.419 | FAST    |
B_i[3][0][0]   | C_o[1][0][2]   |     5.195 | SLOW    |     2.464 | FAST    |
B_i[3][0][0]   | C_o[1][0][3]   |     5.400 | SLOW    |     2.492 | FAST    |
B_i[3][0][0]   | C_o[1][0][4]   |     5.590 | SLOW    |     2.486 | FAST    |
B_i[3][0][0]   | C_o[1][0][5]   |     5.660 | SLOW    |     2.514 | FAST    |
B_i[3][0][0]   | C_o[1][0][6]   |     5.729 | SLOW    |     2.502 | FAST    |
B_i[3][0][0]   | C_o[1][0][7]   |     5.891 | SLOW    |     2.530 | FAST    |
B_i[3][0][0]   | C_o[1][0][8]   |     6.229 | SLOW    |     2.589 | FAST    |
B_i[3][0][0]   | C_o[2][0][0]   |     4.811 | SLOW    |     2.499 | FAST    |
B_i[3][0][0]   | C_o[2][0][1]   |     5.064 | SLOW    |     2.419 | FAST    |
B_i[3][0][0]   | C_o[2][0][2]   |     5.195 | SLOW    |     2.464 | FAST    |
B_i[3][0][0]   | C_o[2][0][3]   |     5.400 | SLOW    |     2.492 | FAST    |
B_i[3][0][0]   | C_o[2][0][4]   |     5.590 | SLOW    |     2.486 | FAST    |
B_i[3][0][0]   | C_o[2][0][5]   |     5.660 | SLOW    |     2.514 | FAST    |
B_i[3][0][0]   | C_o[2][0][6]   |     5.729 | SLOW    |     2.502 | FAST    |
B_i[3][0][0]   | C_o[2][0][7]   |     5.891 | SLOW    |     2.530 | FAST    |
B_i[3][0][0]   | C_o[2][0][8]   |     6.229 | SLOW    |     2.589 | FAST    |
B_i[3][0][0]   | C_o[3][0][0]   |     4.811 | SLOW    |     2.499 | FAST    |
B_i[3][0][0]   | C_o[3][0][1]   |     5.064 | SLOW    |     2.419 | FAST    |
B_i[3][0][0]   | C_o[3][0][2]   |     5.195 | SLOW    |     2.464 | FAST    |
B_i[3][0][0]   | C_o[3][0][3]   |     5.400 | SLOW    |     2.492 | FAST    |
B_i[3][0][0]   | C_o[3][0][4]   |     5.590 | SLOW    |     2.486 | FAST    |
B_i[3][0][0]   | C_o[3][0][5]   |     5.660 | SLOW    |     2.514 | FAST    |
B_i[3][0][0]   | C_o[3][0][6]   |     5.729 | SLOW    |     2.502 | FAST    |
B_i[3][0][0]   | C_o[3][0][7]   |     5.891 | SLOW    |     2.530 | FAST    |
B_i[3][0][0]   | C_o[3][0][8]   |     6.229 | SLOW    |     2.589 | FAST    |
B_i[3][0][1]   | C_o[0][0][1]   |     4.978 | SLOW    |     2.588 | FAST    |
B_i[3][0][1]   | C_o[0][0][2]   |     5.270 | SLOW    |     2.520 | FAST    |
B_i[3][0][1]   | C_o[0][0][3]   |     5.491 | SLOW    |     2.548 | FAST    |
B_i[3][0][1]   | C_o[0][0][4]   |     5.681 | SLOW    |     2.575 | FAST    |
B_i[3][0][1]   | C_o[0][0][5]   |     5.751 | SLOW    |     2.590 | FAST    |
B_i[3][0][1]   | C_o[0][0][6]   |     5.896 | SLOW    |     2.592 | FAST    |
B_i[3][0][1]   | C_o[0][0][7]   |     6.058 | SLOW    |     2.620 | FAST    |
B_i[3][0][1]   | C_o[0][0][8]   |     6.396 | SLOW    |     2.647 | FAST    |
B_i[3][0][1]   | C_o[1][0][1]   |     4.978 | SLOW    |     2.588 | FAST    |
B_i[3][0][1]   | C_o[1][0][2]   |     5.270 | SLOW    |     2.520 | FAST    |
B_i[3][0][1]   | C_o[1][0][3]   |     5.491 | SLOW    |     2.548 | FAST    |
B_i[3][0][1]   | C_o[1][0][4]   |     5.681 | SLOW    |     2.575 | FAST    |
B_i[3][0][1]   | C_o[1][0][5]   |     5.751 | SLOW    |     2.590 | FAST    |
B_i[3][0][1]   | C_o[1][0][6]   |     5.896 | SLOW    |     2.592 | FAST    |
B_i[3][0][1]   | C_o[1][0][7]   |     6.058 | SLOW    |     2.620 | FAST    |
B_i[3][0][1]   | C_o[1][0][8]   |     6.396 | SLOW    |     2.647 | FAST    |
B_i[3][0][1]   | C_o[2][0][1]   |     4.978 | SLOW    |     2.588 | FAST    |
B_i[3][0][1]   | C_o[2][0][2]   |     5.270 | SLOW    |     2.520 | FAST    |
B_i[3][0][1]   | C_o[2][0][3]   |     5.491 | SLOW    |     2.548 | FAST    |
B_i[3][0][1]   | C_o[2][0][4]   |     5.681 | SLOW    |     2.575 | FAST    |
B_i[3][0][1]   | C_o[2][0][5]   |     5.751 | SLOW    |     2.590 | FAST    |
B_i[3][0][1]   | C_o[2][0][6]   |     5.896 | SLOW    |     2.592 | FAST    |
B_i[3][0][1]   | C_o[2][0][7]   |     6.058 | SLOW    |     2.620 | FAST    |
B_i[3][0][1]   | C_o[2][0][8]   |     6.396 | SLOW    |     2.647 | FAST    |
B_i[3][0][1]   | C_o[3][0][1]   |     4.978 | SLOW    |     2.588 | FAST    |
B_i[3][0][1]   | C_o[3][0][2]   |     5.270 | SLOW    |     2.520 | FAST    |
B_i[3][0][1]   | C_o[3][0][3]   |     5.491 | SLOW    |     2.548 | FAST    |
B_i[3][0][1]   | C_o[3][0][4]   |     5.681 | SLOW    |     2.575 | FAST    |
B_i[3][0][1]   | C_o[3][0][5]   |     5.751 | SLOW    |     2.590 | FAST    |
B_i[3][0][1]   | C_o[3][0][6]   |     5.896 | SLOW    |     2.592 | FAST    |
B_i[3][0][1]   | C_o[3][0][7]   |     6.058 | SLOW    |     2.620 | FAST    |
B_i[3][0][1]   | C_o[3][0][8]   |     6.396 | SLOW    |     2.647 | FAST    |
B_i[3][0][2]   | C_o[0][0][2]   |     5.275 | SLOW    |     2.759 | FAST    |
B_i[3][0][2]   | C_o[0][0][3]   |     5.496 | SLOW    |     2.697 | FAST    |
B_i[3][0][2]   | C_o[0][0][4]   |     5.686 | SLOW    |     2.626 | FAST    |
B_i[3][0][2]   | C_o[0][0][5]   |     5.756 | SLOW    |     2.630 | FAST    |
B_i[3][0][2]   | C_o[0][0][6]   |     5.854 | SLOW    |     2.619 | FAST    |
B_i[3][0][2]   | C_o[0][0][7]   |     5.917 | SLOW    |     2.647 | FAST    |
B_i[3][0][2]   | C_o[0][0][8]   |     6.192 | SLOW    |     2.706 | FAST    |
B_i[3][0][2]   | C_o[1][0][2]   |     5.275 | SLOW    |     2.759 | FAST    |
B_i[3][0][2]   | C_o[1][0][3]   |     5.496 | SLOW    |     2.697 | FAST    |
B_i[3][0][2]   | C_o[1][0][4]   |     5.686 | SLOW    |     2.626 | FAST    |
B_i[3][0][2]   | C_o[1][0][5]   |     5.756 | SLOW    |     2.630 | FAST    |
B_i[3][0][2]   | C_o[1][0][6]   |     5.854 | SLOW    |     2.619 | FAST    |
B_i[3][0][2]   | C_o[1][0][7]   |     5.917 | SLOW    |     2.647 | FAST    |
B_i[3][0][2]   | C_o[1][0][8]   |     6.192 | SLOW    |     2.706 | FAST    |
B_i[3][0][2]   | C_o[2][0][2]   |     5.275 | SLOW    |     2.759 | FAST    |
B_i[3][0][2]   | C_o[2][0][3]   |     5.496 | SLOW    |     2.697 | FAST    |
B_i[3][0][2]   | C_o[2][0][4]   |     5.686 | SLOW    |     2.626 | FAST    |
B_i[3][0][2]   | C_o[2][0][5]   |     5.756 | SLOW    |     2.630 | FAST    |
B_i[3][0][2]   | C_o[2][0][6]   |     5.854 | SLOW    |     2.619 | FAST    |
B_i[3][0][2]   | C_o[2][0][7]   |     5.917 | SLOW    |     2.647 | FAST    |
B_i[3][0][2]   | C_o[2][0][8]   |     6.192 | SLOW    |     2.706 | FAST    |
B_i[3][0][2]   | C_o[3][0][2]   |     5.275 | SLOW    |     2.759 | FAST    |
B_i[3][0][2]   | C_o[3][0][3]   |     5.496 | SLOW    |     2.697 | FAST    |
B_i[3][0][2]   | C_o[3][0][4]   |     5.686 | SLOW    |     2.626 | FAST    |
B_i[3][0][2]   | C_o[3][0][5]   |     5.756 | SLOW    |     2.630 | FAST    |
B_i[3][0][2]   | C_o[3][0][6]   |     5.854 | SLOW    |     2.619 | FAST    |
B_i[3][0][2]   | C_o[3][0][7]   |     5.917 | SLOW    |     2.647 | FAST    |
B_i[3][0][2]   | C_o[3][0][8]   |     6.192 | SLOW    |     2.706 | FAST    |
B_i[3][0][3]   | C_o[0][0][3]   |     5.259 | SLOW    |     2.747 | FAST    |
B_i[3][0][3]   | C_o[0][0][4]   |     5.466 | SLOW    |     2.672 | FAST    |
B_i[3][0][3]   | C_o[0][0][5]   |     5.658 | SLOW    |     2.609 | FAST    |
B_i[3][0][3]   | C_o[0][0][6]   |     5.817 | SLOW    |     2.623 | FAST    |
B_i[3][0][3]   | C_o[0][0][7]   |     5.880 | SLOW    |     2.651 | FAST    |
B_i[3][0][3]   | C_o[0][0][8]   |     6.198 | SLOW    |     2.697 | FAST    |
B_i[3][0][3]   | C_o[1][0][3]   |     5.259 | SLOW    |     2.747 | FAST    |
B_i[3][0][3]   | C_o[1][0][4]   |     5.466 | SLOW    |     2.672 | FAST    |
B_i[3][0][3]   | C_o[1][0][5]   |     5.658 | SLOW    |     2.609 | FAST    |
B_i[3][0][3]   | C_o[1][0][6]   |     5.817 | SLOW    |     2.623 | FAST    |
B_i[3][0][3]   | C_o[1][0][7]   |     5.880 | SLOW    |     2.651 | FAST    |
B_i[3][0][3]   | C_o[1][0][8]   |     6.198 | SLOW    |     2.697 | FAST    |
B_i[3][0][3]   | C_o[2][0][3]   |     5.259 | SLOW    |     2.747 | FAST    |
B_i[3][0][3]   | C_o[2][0][4]   |     5.466 | SLOW    |     2.672 | FAST    |
B_i[3][0][3]   | C_o[2][0][5]   |     5.658 | SLOW    |     2.609 | FAST    |
B_i[3][0][3]   | C_o[2][0][6]   |     5.817 | SLOW    |     2.623 | FAST    |
B_i[3][0][3]   | C_o[2][0][7]   |     5.880 | SLOW    |     2.651 | FAST    |
B_i[3][0][3]   | C_o[2][0][8]   |     6.198 | SLOW    |     2.697 | FAST    |
B_i[3][0][3]   | C_o[3][0][3]   |     5.259 | SLOW    |     2.747 | FAST    |
B_i[3][0][3]   | C_o[3][0][4]   |     5.466 | SLOW    |     2.672 | FAST    |
B_i[3][0][3]   | C_o[3][0][5]   |     5.658 | SLOW    |     2.609 | FAST    |
B_i[3][0][3]   | C_o[3][0][6]   |     5.817 | SLOW    |     2.623 | FAST    |
B_i[3][0][3]   | C_o[3][0][7]   |     5.880 | SLOW    |     2.651 | FAST    |
B_i[3][0][3]   | C_o[3][0][8]   |     6.198 | SLOW    |     2.697 | FAST    |
B_i[3][0][4]   | C_o[0][0][4]   |     5.269 | SLOW    |     2.750 | FAST    |
B_i[3][0][4]   | C_o[0][0][5]   |     5.476 | SLOW    |     2.677 | FAST    |
B_i[3][0][4]   | C_o[0][0][6]   |     5.679 | SLOW    |     2.613 | FAST    |
B_i[3][0][4]   | C_o[0][0][7]   |     5.841 | SLOW    |     2.641 | FAST    |
B_i[3][0][4]   | C_o[0][0][8]   |     6.179 | SLOW    |     2.700 | FAST    |
B_i[3][0][4]   | C_o[1][0][4]   |     5.269 | SLOW    |     2.750 | FAST    |
B_i[3][0][4]   | C_o[1][0][5]   |     5.476 | SLOW    |     2.677 | FAST    |
B_i[3][0][4]   | C_o[1][0][6]   |     5.679 | SLOW    |     2.613 | FAST    |
B_i[3][0][4]   | C_o[1][0][7]   |     5.841 | SLOW    |     2.641 | FAST    |
B_i[3][0][4]   | C_o[1][0][8]   |     6.179 | SLOW    |     2.700 | FAST    |
B_i[3][0][4]   | C_o[2][0][4]   |     5.269 | SLOW    |     2.750 | FAST    |
B_i[3][0][4]   | C_o[2][0][5]   |     5.476 | SLOW    |     2.677 | FAST    |
B_i[3][0][4]   | C_o[2][0][6]   |     5.679 | SLOW    |     2.613 | FAST    |
B_i[3][0][4]   | C_o[2][0][7]   |     5.841 | SLOW    |     2.641 | FAST    |
B_i[3][0][4]   | C_o[2][0][8]   |     6.179 | SLOW    |     2.700 | FAST    |
B_i[3][0][4]   | C_o[3][0][4]   |     5.269 | SLOW    |     2.750 | FAST    |
B_i[3][0][4]   | C_o[3][0][5]   |     5.476 | SLOW    |     2.677 | FAST    |
B_i[3][0][4]   | C_o[3][0][6]   |     5.679 | SLOW    |     2.613 | FAST    |
B_i[3][0][4]   | C_o[3][0][7]   |     5.841 | SLOW    |     2.641 | FAST    |
B_i[3][0][4]   | C_o[3][0][8]   |     6.179 | SLOW    |     2.700 | FAST    |
B_i[3][0][5]   | C_o[0][0][5]   |     5.463 | SLOW    |     2.862 | FAST    |
B_i[3][0][5]   | C_o[0][0][6]   |     5.668 | SLOW    |     2.787 | FAST    |
B_i[3][0][5]   | C_o[0][0][7]   |     5.830 | SLOW    |     2.741 | FAST    |
B_i[3][0][5]   | C_o[0][0][8]   |     6.168 | SLOW    |     2.764 | FAST    |
B_i[3][0][5]   | C_o[1][0][5]   |     5.463 | SLOW    |     2.862 | FAST    |
B_i[3][0][5]   | C_o[1][0][6]   |     5.668 | SLOW    |     2.787 | FAST    |
B_i[3][0][5]   | C_o[1][0][7]   |     5.830 | SLOW    |     2.741 | FAST    |
B_i[3][0][5]   | C_o[1][0][8]   |     6.168 | SLOW    |     2.764 | FAST    |
B_i[3][0][5]   | C_o[2][0][5]   |     5.463 | SLOW    |     2.862 | FAST    |
B_i[3][0][5]   | C_o[2][0][6]   |     5.668 | SLOW    |     2.787 | FAST    |
B_i[3][0][5]   | C_o[2][0][7]   |     5.830 | SLOW    |     2.741 | FAST    |
B_i[3][0][5]   | C_o[2][0][8]   |     6.168 | SLOW    |     2.764 | FAST    |
B_i[3][0][5]   | C_o[3][0][5]   |     5.463 | SLOW    |     2.862 | FAST    |
B_i[3][0][5]   | C_o[3][0][6]   |     5.668 | SLOW    |     2.787 | FAST    |
B_i[3][0][5]   | C_o[3][0][7]   |     5.830 | SLOW    |     2.741 | FAST    |
B_i[3][0][5]   | C_o[3][0][8]   |     6.168 | SLOW    |     2.764 | FAST    |
B_i[3][0][6]   | C_o[0][0][6]   |     5.444 | SLOW    |     2.847 | FAST    |
B_i[3][0][6]   | C_o[0][0][7]   |     5.687 | SLOW    |     2.794 | FAST    |
B_i[3][0][6]   | C_o[0][0][8]   |     6.120 | SLOW    |     2.754 | FAST    |
B_i[3][0][6]   | C_o[1][0][6]   |     5.444 | SLOW    |     2.847 | FAST    |
B_i[3][0][6]   | C_o[1][0][7]   |     5.687 | SLOW    |     2.794 | FAST    |
B_i[3][0][6]   | C_o[1][0][8]   |     6.120 | SLOW    |     2.754 | FAST    |
B_i[3][0][6]   | C_o[2][0][6]   |     5.444 | SLOW    |     2.847 | FAST    |
B_i[3][0][6]   | C_o[2][0][7]   |     5.687 | SLOW    |     2.794 | FAST    |
B_i[3][0][6]   | C_o[2][0][8]   |     6.120 | SLOW    |     2.754 | FAST    |
B_i[3][0][6]   | C_o[3][0][6]   |     5.444 | SLOW    |     2.847 | FAST    |
B_i[3][0][6]   | C_o[3][0][7]   |     5.687 | SLOW    |     2.794 | FAST    |
B_i[3][0][6]   | C_o[3][0][8]   |     6.120 | SLOW    |     2.754 | FAST    |
B_i[3][0][7]   | C_o[0][0][7]   |     5.461 | SLOW    |     2.862 | FAST    |
B_i[3][0][7]   | C_o[0][0][8]   |     5.896 | SLOW    |     2.800 | FAST    |
B_i[3][0][7]   | C_o[1][0][7]   |     5.461 | SLOW    |     2.862 | FAST    |
B_i[3][0][7]   | C_o[1][0][8]   |     5.896 | SLOW    |     2.800 | FAST    |
B_i[3][0][7]   | C_o[2][0][7]   |     5.461 | SLOW    |     2.862 | FAST    |
B_i[3][0][7]   | C_o[2][0][8]   |     5.896 | SLOW    |     2.800 | FAST    |
B_i[3][0][7]   | C_o[3][0][7]   |     5.461 | SLOW    |     2.862 | FAST    |
B_i[3][0][7]   | C_o[3][0][8]   |     5.896 | SLOW    |     2.800 | FAST    |
B_i[3][0][8]   | C_o[0][0][8]   |     5.702 | SLOW    |     2.999 | FAST    |
B_i[3][0][8]   | C_o[1][0][8]   |     5.702 | SLOW    |     2.999 | FAST    |
B_i[3][0][8]   | C_o[2][0][8]   |     5.702 | SLOW    |     2.999 | FAST    |
B_i[3][0][8]   | C_o[3][0][8]   |     5.702 | SLOW    |     2.999 | FAST    |
B_i[3][1][0]   | C_o[0][1][0]   |     4.811 | SLOW    |     2.499 | FAST    |
B_i[3][1][0]   | C_o[0][1][1]   |     5.064 | SLOW    |     2.419 | FAST    |
B_i[3][1][0]   | C_o[0][1][2]   |     5.195 | SLOW    |     2.464 | FAST    |
B_i[3][1][0]   | C_o[0][1][3]   |     5.400 | SLOW    |     2.492 | FAST    |
B_i[3][1][0]   | C_o[0][1][4]   |     5.590 | SLOW    |     2.486 | FAST    |
B_i[3][1][0]   | C_o[0][1][5]   |     5.660 | SLOW    |     2.514 | FAST    |
B_i[3][1][0]   | C_o[0][1][6]   |     5.729 | SLOW    |     2.502 | FAST    |
B_i[3][1][0]   | C_o[0][1][7]   |     5.891 | SLOW    |     2.530 | FAST    |
B_i[3][1][0]   | C_o[0][1][8]   |     6.229 | SLOW    |     2.589 | FAST    |
B_i[3][1][0]   | C_o[1][1][0]   |     4.811 | SLOW    |     2.499 | FAST    |
B_i[3][1][0]   | C_o[1][1][1]   |     5.064 | SLOW    |     2.419 | FAST    |
B_i[3][1][0]   | C_o[1][1][2]   |     5.195 | SLOW    |     2.464 | FAST    |
B_i[3][1][0]   | C_o[1][1][3]   |     5.400 | SLOW    |     2.492 | FAST    |
B_i[3][1][0]   | C_o[1][1][4]   |     5.590 | SLOW    |     2.486 | FAST    |
B_i[3][1][0]   | C_o[1][1][5]   |     5.660 | SLOW    |     2.514 | FAST    |
B_i[3][1][0]   | C_o[1][1][6]   |     5.729 | SLOW    |     2.502 | FAST    |
B_i[3][1][0]   | C_o[1][1][7]   |     5.891 | SLOW    |     2.530 | FAST    |
B_i[3][1][0]   | C_o[1][1][8]   |     6.229 | SLOW    |     2.589 | FAST    |
B_i[3][1][0]   | C_o[2][1][0]   |     4.811 | SLOW    |     2.499 | FAST    |
B_i[3][1][0]   | C_o[2][1][1]   |     5.064 | SLOW    |     2.419 | FAST    |
B_i[3][1][0]   | C_o[2][1][2]   |     5.195 | SLOW    |     2.464 | FAST    |
B_i[3][1][0]   | C_o[2][1][3]   |     5.400 | SLOW    |     2.492 | FAST    |
B_i[3][1][0]   | C_o[2][1][4]   |     5.590 | SLOW    |     2.486 | FAST    |
B_i[3][1][0]   | C_o[2][1][5]   |     5.660 | SLOW    |     2.514 | FAST    |
B_i[3][1][0]   | C_o[2][1][6]   |     5.729 | SLOW    |     2.502 | FAST    |
B_i[3][1][0]   | C_o[2][1][7]   |     5.891 | SLOW    |     2.530 | FAST    |
B_i[3][1][0]   | C_o[2][1][8]   |     6.229 | SLOW    |     2.589 | FAST    |
B_i[3][1][0]   | C_o[3][1][0]   |     4.811 | SLOW    |     2.499 | FAST    |
B_i[3][1][0]   | C_o[3][1][1]   |     5.064 | SLOW    |     2.419 | FAST    |
B_i[3][1][0]   | C_o[3][1][2]   |     5.195 | SLOW    |     2.464 | FAST    |
B_i[3][1][0]   | C_o[3][1][3]   |     5.400 | SLOW    |     2.492 | FAST    |
B_i[3][1][0]   | C_o[3][1][4]   |     5.590 | SLOW    |     2.486 | FAST    |
B_i[3][1][0]   | C_o[3][1][5]   |     5.660 | SLOW    |     2.514 | FAST    |
B_i[3][1][0]   | C_o[3][1][6]   |     5.729 | SLOW    |     2.502 | FAST    |
B_i[3][1][0]   | C_o[3][1][7]   |     5.891 | SLOW    |     2.530 | FAST    |
B_i[3][1][0]   | C_o[3][1][8]   |     6.229 | SLOW    |     2.589 | FAST    |
B_i[3][1][1]   | C_o[0][1][1]   |     4.978 | SLOW    |     2.588 | FAST    |
B_i[3][1][1]   | C_o[0][1][2]   |     5.270 | SLOW    |     2.520 | FAST    |
B_i[3][1][1]   | C_o[0][1][3]   |     5.491 | SLOW    |     2.548 | FAST    |
B_i[3][1][1]   | C_o[0][1][4]   |     5.681 | SLOW    |     2.575 | FAST    |
B_i[3][1][1]   | C_o[0][1][5]   |     5.751 | SLOW    |     2.590 | FAST    |
B_i[3][1][1]   | C_o[0][1][6]   |     5.927 | SLOW    |     2.592 | FAST    |
B_i[3][1][1]   | C_o[0][1][7]   |     6.089 | SLOW    |     2.620 | FAST    |
B_i[3][1][1]   | C_o[0][1][8]   |     6.427 | SLOW    |     2.647 | FAST    |
B_i[3][1][1]   | C_o[1][1][1]   |     4.978 | SLOW    |     2.588 | FAST    |
B_i[3][1][1]   | C_o[1][1][2]   |     5.270 | SLOW    |     2.520 | FAST    |
B_i[3][1][1]   | C_o[1][1][3]   |     5.491 | SLOW    |     2.548 | FAST    |
B_i[3][1][1]   | C_o[1][1][4]   |     5.681 | SLOW    |     2.575 | FAST    |
B_i[3][1][1]   | C_o[1][1][5]   |     5.751 | SLOW    |     2.590 | FAST    |
B_i[3][1][1]   | C_o[1][1][6]   |     5.927 | SLOW    |     2.592 | FAST    |
B_i[3][1][1]   | C_o[1][1][7]   |     6.089 | SLOW    |     2.620 | FAST    |
B_i[3][1][1]   | C_o[1][1][8]   |     6.427 | SLOW    |     2.647 | FAST    |
B_i[3][1][1]   | C_o[2][1][1]   |     4.978 | SLOW    |     2.588 | FAST    |
B_i[3][1][1]   | C_o[2][1][2]   |     5.270 | SLOW    |     2.520 | FAST    |
B_i[3][1][1]   | C_o[2][1][3]   |     5.491 | SLOW    |     2.548 | FAST    |
B_i[3][1][1]   | C_o[2][1][4]   |     5.681 | SLOW    |     2.575 | FAST    |
B_i[3][1][1]   | C_o[2][1][5]   |     5.751 | SLOW    |     2.590 | FAST    |
B_i[3][1][1]   | C_o[2][1][6]   |     5.927 | SLOW    |     2.592 | FAST    |
B_i[3][1][1]   | C_o[2][1][7]   |     6.089 | SLOW    |     2.620 | FAST    |
B_i[3][1][1]   | C_o[2][1][8]   |     6.427 | SLOW    |     2.647 | FAST    |
B_i[3][1][1]   | C_o[3][1][1]   |     4.978 | SLOW    |     2.588 | FAST    |
B_i[3][1][1]   | C_o[3][1][2]   |     5.270 | SLOW    |     2.520 | FAST    |
B_i[3][1][1]   | C_o[3][1][3]   |     5.491 | SLOW    |     2.548 | FAST    |
B_i[3][1][1]   | C_o[3][1][4]   |     5.681 | SLOW    |     2.575 | FAST    |
B_i[3][1][1]   | C_o[3][1][5]   |     5.751 | SLOW    |     2.590 | FAST    |
B_i[3][1][1]   | C_o[3][1][6]   |     5.927 | SLOW    |     2.592 | FAST    |
B_i[3][1][1]   | C_o[3][1][7]   |     6.089 | SLOW    |     2.620 | FAST    |
B_i[3][1][1]   | C_o[3][1][8]   |     6.427 | SLOW    |     2.647 | FAST    |
B_i[3][1][2]   | C_o[0][1][2]   |     5.275 | SLOW    |     2.759 | FAST    |
B_i[3][1][2]   | C_o[0][1][3]   |     5.496 | SLOW    |     2.697 | FAST    |
B_i[3][1][2]   | C_o[0][1][4]   |     5.686 | SLOW    |     2.626 | FAST    |
B_i[3][1][2]   | C_o[0][1][5]   |     5.756 | SLOW    |     2.630 | FAST    |
B_i[3][1][2]   | C_o[0][1][6]   |     5.854 | SLOW    |     2.619 | FAST    |
B_i[3][1][2]   | C_o[0][1][7]   |     5.917 | SLOW    |     2.647 | FAST    |
B_i[3][1][2]   | C_o[0][1][8]   |     6.192 | SLOW    |     2.706 | FAST    |
B_i[3][1][2]   | C_o[1][1][2]   |     5.275 | SLOW    |     2.759 | FAST    |
B_i[3][1][2]   | C_o[1][1][3]   |     5.496 | SLOW    |     2.697 | FAST    |
B_i[3][1][2]   | C_o[1][1][4]   |     5.686 | SLOW    |     2.626 | FAST    |
B_i[3][1][2]   | C_o[1][1][5]   |     5.756 | SLOW    |     2.630 | FAST    |
B_i[3][1][2]   | C_o[1][1][6]   |     5.854 | SLOW    |     2.619 | FAST    |
B_i[3][1][2]   | C_o[1][1][7]   |     5.917 | SLOW    |     2.647 | FAST    |
B_i[3][1][2]   | C_o[1][1][8]   |     6.192 | SLOW    |     2.706 | FAST    |
B_i[3][1][2]   | C_o[2][1][2]   |     5.275 | SLOW    |     2.759 | FAST    |
B_i[3][1][2]   | C_o[2][1][3]   |     5.496 | SLOW    |     2.697 | FAST    |
B_i[3][1][2]   | C_o[2][1][4]   |     5.686 | SLOW    |     2.626 | FAST    |
B_i[3][1][2]   | C_o[2][1][5]   |     5.756 | SLOW    |     2.630 | FAST    |
B_i[3][1][2]   | C_o[2][1][6]   |     5.854 | SLOW    |     2.619 | FAST    |
B_i[3][1][2]   | C_o[2][1][7]   |     5.917 | SLOW    |     2.647 | FAST    |
B_i[3][1][2]   | C_o[2][1][8]   |     6.192 | SLOW    |     2.706 | FAST    |
B_i[3][1][2]   | C_o[3][1][2]   |     5.275 | SLOW    |     2.759 | FAST    |
B_i[3][1][2]   | C_o[3][1][3]   |     5.496 | SLOW    |     2.697 | FAST    |
B_i[3][1][2]   | C_o[3][1][4]   |     5.686 | SLOW    |     2.626 | FAST    |
B_i[3][1][2]   | C_o[3][1][5]   |     5.756 | SLOW    |     2.630 | FAST    |
B_i[3][1][2]   | C_o[3][1][6]   |     5.854 | SLOW    |     2.619 | FAST    |
B_i[3][1][2]   | C_o[3][1][7]   |     5.917 | SLOW    |     2.647 | FAST    |
B_i[3][1][2]   | C_o[3][1][8]   |     6.192 | SLOW    |     2.706 | FAST    |
B_i[3][1][3]   | C_o[0][1][3]   |     5.259 | SLOW    |     2.747 | FAST    |
B_i[3][1][3]   | C_o[0][1][4]   |     5.466 | SLOW    |     2.672 | FAST    |
B_i[3][1][3]   | C_o[0][1][5]   |     5.658 | SLOW    |     2.609 | FAST    |
B_i[3][1][3]   | C_o[0][1][6]   |     5.817 | SLOW    |     2.623 | FAST    |
B_i[3][1][3]   | C_o[0][1][7]   |     5.880 | SLOW    |     2.651 | FAST    |
B_i[3][1][3]   | C_o[0][1][8]   |     6.198 | SLOW    |     2.697 | FAST    |
B_i[3][1][3]   | C_o[1][1][3]   |     5.259 | SLOW    |     2.747 | FAST    |
B_i[3][1][3]   | C_o[1][1][4]   |     5.466 | SLOW    |     2.672 | FAST    |
B_i[3][1][3]   | C_o[1][1][5]   |     5.658 | SLOW    |     2.609 | FAST    |
B_i[3][1][3]   | C_o[1][1][6]   |     5.817 | SLOW    |     2.623 | FAST    |
B_i[3][1][3]   | C_o[1][1][7]   |     5.880 | SLOW    |     2.651 | FAST    |
B_i[3][1][3]   | C_o[1][1][8]   |     6.198 | SLOW    |     2.697 | FAST    |
B_i[3][1][3]   | C_o[2][1][3]   |     5.259 | SLOW    |     2.747 | FAST    |
B_i[3][1][3]   | C_o[2][1][4]   |     5.466 | SLOW    |     2.672 | FAST    |
B_i[3][1][3]   | C_o[2][1][5]   |     5.658 | SLOW    |     2.609 | FAST    |
B_i[3][1][3]   | C_o[2][1][6]   |     5.817 | SLOW    |     2.623 | FAST    |
B_i[3][1][3]   | C_o[2][1][7]   |     5.880 | SLOW    |     2.651 | FAST    |
B_i[3][1][3]   | C_o[2][1][8]   |     6.198 | SLOW    |     2.697 | FAST    |
B_i[3][1][3]   | C_o[3][1][3]   |     5.259 | SLOW    |     2.747 | FAST    |
B_i[3][1][3]   | C_o[3][1][4]   |     5.466 | SLOW    |     2.672 | FAST    |
B_i[3][1][3]   | C_o[3][1][5]   |     5.658 | SLOW    |     2.609 | FAST    |
B_i[3][1][3]   | C_o[3][1][6]   |     5.817 | SLOW    |     2.623 | FAST    |
B_i[3][1][3]   | C_o[3][1][7]   |     5.880 | SLOW    |     2.651 | FAST    |
B_i[3][1][3]   | C_o[3][1][8]   |     6.198 | SLOW    |     2.697 | FAST    |
B_i[3][1][4]   | C_o[0][1][4]   |     5.269 | SLOW    |     2.750 | FAST    |
B_i[3][1][4]   | C_o[0][1][5]   |     5.476 | SLOW    |     2.677 | FAST    |
B_i[3][1][4]   | C_o[0][1][6]   |     5.679 | SLOW    |     2.613 | FAST    |
B_i[3][1][4]   | C_o[0][1][7]   |     5.841 | SLOW    |     2.641 | FAST    |
B_i[3][1][4]   | C_o[0][1][8]   |     6.179 | SLOW    |     2.700 | FAST    |
B_i[3][1][4]   | C_o[1][1][4]   |     5.269 | SLOW    |     2.750 | FAST    |
B_i[3][1][4]   | C_o[1][1][5]   |     5.476 | SLOW    |     2.677 | FAST    |
B_i[3][1][4]   | C_o[1][1][6]   |     5.679 | SLOW    |     2.613 | FAST    |
B_i[3][1][4]   | C_o[1][1][7]   |     5.841 | SLOW    |     2.641 | FAST    |
B_i[3][1][4]   | C_o[1][1][8]   |     6.179 | SLOW    |     2.700 | FAST    |
B_i[3][1][4]   | C_o[2][1][4]   |     5.269 | SLOW    |     2.750 | FAST    |
B_i[3][1][4]   | C_o[2][1][5]   |     5.476 | SLOW    |     2.677 | FAST    |
B_i[3][1][4]   | C_o[2][1][6]   |     5.679 | SLOW    |     2.613 | FAST    |
B_i[3][1][4]   | C_o[2][1][7]   |     5.841 | SLOW    |     2.641 | FAST    |
B_i[3][1][4]   | C_o[2][1][8]   |     6.179 | SLOW    |     2.700 | FAST    |
B_i[3][1][4]   | C_o[3][1][4]   |     5.269 | SLOW    |     2.750 | FAST    |
B_i[3][1][4]   | C_o[3][1][5]   |     5.476 | SLOW    |     2.677 | FAST    |
B_i[3][1][4]   | C_o[3][1][6]   |     5.679 | SLOW    |     2.613 | FAST    |
B_i[3][1][4]   | C_o[3][1][7]   |     5.841 | SLOW    |     2.641 | FAST    |
B_i[3][1][4]   | C_o[3][1][8]   |     6.179 | SLOW    |     2.700 | FAST    |
B_i[3][1][5]   | C_o[0][1][5]   |     5.463 | SLOW    |     2.862 | FAST    |
B_i[3][1][5]   | C_o[0][1][6]   |     5.668 | SLOW    |     2.787 | FAST    |
B_i[3][1][5]   | C_o[0][1][7]   |     5.830 | SLOW    |     2.741 | FAST    |
B_i[3][1][5]   | C_o[0][1][8]   |     6.168 | SLOW    |     2.764 | FAST    |
B_i[3][1][5]   | C_o[1][1][5]   |     5.463 | SLOW    |     2.862 | FAST    |
B_i[3][1][5]   | C_o[1][1][6]   |     5.668 | SLOW    |     2.787 | FAST    |
B_i[3][1][5]   | C_o[1][1][7]   |     5.830 | SLOW    |     2.741 | FAST    |
B_i[3][1][5]   | C_o[1][1][8]   |     6.168 | SLOW    |     2.764 | FAST    |
B_i[3][1][5]   | C_o[2][1][5]   |     5.463 | SLOW    |     2.862 | FAST    |
B_i[3][1][5]   | C_o[2][1][6]   |     5.668 | SLOW    |     2.787 | FAST    |
B_i[3][1][5]   | C_o[2][1][7]   |     5.830 | SLOW    |     2.741 | FAST    |
B_i[3][1][5]   | C_o[2][1][8]   |     6.168 | SLOW    |     2.764 | FAST    |
B_i[3][1][5]   | C_o[3][1][5]   |     5.463 | SLOW    |     2.862 | FAST    |
B_i[3][1][5]   | C_o[3][1][6]   |     5.668 | SLOW    |     2.787 | FAST    |
B_i[3][1][5]   | C_o[3][1][7]   |     5.830 | SLOW    |     2.741 | FAST    |
B_i[3][1][5]   | C_o[3][1][8]   |     6.168 | SLOW    |     2.764 | FAST    |
B_i[3][1][6]   | C_o[0][1][6]   |     5.444 | SLOW    |     2.847 | FAST    |
B_i[3][1][6]   | C_o[0][1][7]   |     5.687 | SLOW    |     2.794 | FAST    |
B_i[3][1][6]   | C_o[0][1][8]   |     6.120 | SLOW    |     2.754 | FAST    |
B_i[3][1][6]   | C_o[1][1][6]   |     5.444 | SLOW    |     2.847 | FAST    |
B_i[3][1][6]   | C_o[1][1][7]   |     5.687 | SLOW    |     2.794 | FAST    |
B_i[3][1][6]   | C_o[1][1][8]   |     6.120 | SLOW    |     2.754 | FAST    |
B_i[3][1][6]   | C_o[2][1][6]   |     5.444 | SLOW    |     2.847 | FAST    |
B_i[3][1][6]   | C_o[2][1][7]   |     5.687 | SLOW    |     2.794 | FAST    |
B_i[3][1][6]   | C_o[2][1][8]   |     6.120 | SLOW    |     2.754 | FAST    |
B_i[3][1][6]   | C_o[3][1][6]   |     5.444 | SLOW    |     2.847 | FAST    |
B_i[3][1][6]   | C_o[3][1][7]   |     5.687 | SLOW    |     2.794 | FAST    |
B_i[3][1][6]   | C_o[3][1][8]   |     6.120 | SLOW    |     2.754 | FAST    |
B_i[3][1][7]   | C_o[0][1][7]   |     5.461 | SLOW    |     2.862 | FAST    |
B_i[3][1][7]   | C_o[0][1][8]   |     5.896 | SLOW    |     2.800 | FAST    |
B_i[3][1][7]   | C_o[1][1][7]   |     5.461 | SLOW    |     2.862 | FAST    |
B_i[3][1][7]   | C_o[1][1][8]   |     5.896 | SLOW    |     2.800 | FAST    |
B_i[3][1][7]   | C_o[2][1][7]   |     5.461 | SLOW    |     2.862 | FAST    |
B_i[3][1][7]   | C_o[2][1][8]   |     5.896 | SLOW    |     2.800 | FAST    |
B_i[3][1][7]   | C_o[3][1][7]   |     5.461 | SLOW    |     2.862 | FAST    |
B_i[3][1][7]   | C_o[3][1][8]   |     5.896 | SLOW    |     2.800 | FAST    |
B_i[3][1][8]   | C_o[0][1][8]   |     5.702 | SLOW    |     2.999 | FAST    |
B_i[3][1][8]   | C_o[1][1][8]   |     5.724 | SLOW    |     3.013 | FAST    |
B_i[3][1][8]   | C_o[2][1][8]   |     5.724 | SLOW    |     3.013 | FAST    |
B_i[3][1][8]   | C_o[3][1][8]   |     5.724 | SLOW    |     3.013 | FAST    |
B_i[3][2][0]   | C_o[0][2][0]   |     4.811 | SLOW    |     2.499 | FAST    |
B_i[3][2][0]   | C_o[0][2][1]   |     5.064 | SLOW    |     2.419 | FAST    |
B_i[3][2][0]   | C_o[0][2][2]   |     5.195 | SLOW    |     2.464 | FAST    |
B_i[3][2][0]   | C_o[0][2][3]   |     5.400 | SLOW    |     2.492 | FAST    |
B_i[3][2][0]   | C_o[0][2][4]   |     5.590 | SLOW    |     2.486 | FAST    |
B_i[3][2][0]   | C_o[0][2][5]   |     5.660 | SLOW    |     2.514 | FAST    |
B_i[3][2][0]   | C_o[0][2][6]   |     5.729 | SLOW    |     2.502 | FAST    |
B_i[3][2][0]   | C_o[0][2][7]   |     5.891 | SLOW    |     2.530 | FAST    |
B_i[3][2][0]   | C_o[0][2][8]   |     6.229 | SLOW    |     2.589 | FAST    |
B_i[3][2][0]   | C_o[1][2][0]   |     4.811 | SLOW    |     2.499 | FAST    |
B_i[3][2][0]   | C_o[1][2][1]   |     5.064 | SLOW    |     2.419 | FAST    |
B_i[3][2][0]   | C_o[1][2][2]   |     5.195 | SLOW    |     2.464 | FAST    |
B_i[3][2][0]   | C_o[1][2][3]   |     5.400 | SLOW    |     2.492 | FAST    |
B_i[3][2][0]   | C_o[1][2][4]   |     5.590 | SLOW    |     2.486 | FAST    |
B_i[3][2][0]   | C_o[1][2][5]   |     5.660 | SLOW    |     2.514 | FAST    |
B_i[3][2][0]   | C_o[1][2][6]   |     5.729 | SLOW    |     2.502 | FAST    |
B_i[3][2][0]   | C_o[1][2][7]   |     5.891 | SLOW    |     2.530 | FAST    |
B_i[3][2][0]   | C_o[1][2][8]   |     6.229 | SLOW    |     2.589 | FAST    |
B_i[3][2][0]   | C_o[2][2][0]   |     4.811 | SLOW    |     2.499 | FAST    |
B_i[3][2][0]   | C_o[2][2][1]   |     5.064 | SLOW    |     2.419 | FAST    |
B_i[3][2][0]   | C_o[2][2][2]   |     5.195 | SLOW    |     2.464 | FAST    |
B_i[3][2][0]   | C_o[2][2][3]   |     5.400 | SLOW    |     2.492 | FAST    |
B_i[3][2][0]   | C_o[2][2][4]   |     5.590 | SLOW    |     2.486 | FAST    |
B_i[3][2][0]   | C_o[2][2][5]   |     5.660 | SLOW    |     2.514 | FAST    |
B_i[3][2][0]   | C_o[2][2][6]   |     5.729 | SLOW    |     2.502 | FAST    |
B_i[3][2][0]   | C_o[2][2][7]   |     5.891 | SLOW    |     2.530 | FAST    |
B_i[3][2][0]   | C_o[2][2][8]   |     6.229 | SLOW    |     2.589 | FAST    |
B_i[3][2][0]   | C_o[3][2][0]   |     4.811 | SLOW    |     2.499 | FAST    |
B_i[3][2][0]   | C_o[3][2][1]   |     5.064 | SLOW    |     2.419 | FAST    |
B_i[3][2][0]   | C_o[3][2][2]   |     5.195 | SLOW    |     2.464 | FAST    |
B_i[3][2][0]   | C_o[3][2][3]   |     5.400 | SLOW    |     2.492 | FAST    |
B_i[3][2][0]   | C_o[3][2][4]   |     5.590 | SLOW    |     2.486 | FAST    |
B_i[3][2][0]   | C_o[3][2][5]   |     5.660 | SLOW    |     2.514 | FAST    |
B_i[3][2][0]   | C_o[3][2][6]   |     5.729 | SLOW    |     2.502 | FAST    |
B_i[3][2][0]   | C_o[3][2][7]   |     5.891 | SLOW    |     2.530 | FAST    |
B_i[3][2][0]   | C_o[3][2][8]   |     6.229 | SLOW    |     2.589 | FAST    |
B_i[3][2][1]   | C_o[0][2][1]   |     4.978 | SLOW    |     2.588 | FAST    |
B_i[3][2][1]   | C_o[0][2][2]   |     5.270 | SLOW    |     2.520 | FAST    |
B_i[3][2][1]   | C_o[0][2][3]   |     5.491 | SLOW    |     2.548 | FAST    |
B_i[3][2][1]   | C_o[0][2][4]   |     5.681 | SLOW    |     2.575 | FAST    |
B_i[3][2][1]   | C_o[0][2][5]   |     5.751 | SLOW    |     2.590 | FAST    |
B_i[3][2][1]   | C_o[0][2][6]   |     5.896 | SLOW    |     2.592 | FAST    |
B_i[3][2][1]   | C_o[0][2][7]   |     6.058 | SLOW    |     2.620 | FAST    |
B_i[3][2][1]   | C_o[0][2][8]   |     6.396 | SLOW    |     2.647 | FAST    |
B_i[3][2][1]   | C_o[1][2][1]   |     4.978 | SLOW    |     2.588 | FAST    |
B_i[3][2][1]   | C_o[1][2][2]   |     5.270 | SLOW    |     2.520 | FAST    |
B_i[3][2][1]   | C_o[1][2][3]   |     5.491 | SLOW    |     2.548 | FAST    |
B_i[3][2][1]   | C_o[1][2][4]   |     5.681 | SLOW    |     2.575 | FAST    |
B_i[3][2][1]   | C_o[1][2][5]   |     5.751 | SLOW    |     2.590 | FAST    |
B_i[3][2][1]   | C_o[1][2][6]   |     5.896 | SLOW    |     2.592 | FAST    |
B_i[3][2][1]   | C_o[1][2][7]   |     6.058 | SLOW    |     2.620 | FAST    |
B_i[3][2][1]   | C_o[1][2][8]   |     6.396 | SLOW    |     2.647 | FAST    |
B_i[3][2][1]   | C_o[2][2][1]   |     4.978 | SLOW    |     2.588 | FAST    |
B_i[3][2][1]   | C_o[2][2][2]   |     5.270 | SLOW    |     2.520 | FAST    |
B_i[3][2][1]   | C_o[2][2][3]   |     5.491 | SLOW    |     2.548 | FAST    |
B_i[3][2][1]   | C_o[2][2][4]   |     5.681 | SLOW    |     2.575 | FAST    |
B_i[3][2][1]   | C_o[2][2][5]   |     5.751 | SLOW    |     2.590 | FAST    |
B_i[3][2][1]   | C_o[2][2][6]   |     5.896 | SLOW    |     2.592 | FAST    |
B_i[3][2][1]   | C_o[2][2][7]   |     6.058 | SLOW    |     2.620 | FAST    |
B_i[3][2][1]   | C_o[2][2][8]   |     6.396 | SLOW    |     2.647 | FAST    |
B_i[3][2][1]   | C_o[3][2][1]   |     4.978 | SLOW    |     2.588 | FAST    |
B_i[3][2][1]   | C_o[3][2][2]   |     5.270 | SLOW    |     2.520 | FAST    |
B_i[3][2][1]   | C_o[3][2][3]   |     5.491 | SLOW    |     2.548 | FAST    |
B_i[3][2][1]   | C_o[3][2][4]   |     5.681 | SLOW    |     2.575 | FAST    |
B_i[3][2][1]   | C_o[3][2][5]   |     5.751 | SLOW    |     2.590 | FAST    |
B_i[3][2][1]   | C_o[3][2][6]   |     5.896 | SLOW    |     2.592 | FAST    |
B_i[3][2][1]   | C_o[3][2][7]   |     6.058 | SLOW    |     2.620 | FAST    |
B_i[3][2][1]   | C_o[3][2][8]   |     6.396 | SLOW    |     2.647 | FAST    |
B_i[3][2][2]   | C_o[0][2][2]   |     5.275 | SLOW    |     2.759 | FAST    |
B_i[3][2][2]   | C_o[0][2][3]   |     5.496 | SLOW    |     2.697 | FAST    |
B_i[3][2][2]   | C_o[0][2][4]   |     5.686 | SLOW    |     2.626 | FAST    |
B_i[3][2][2]   | C_o[0][2][5]   |     5.756 | SLOW    |     2.630 | FAST    |
B_i[3][2][2]   | C_o[0][2][6]   |     5.854 | SLOW    |     2.619 | FAST    |
B_i[3][2][2]   | C_o[0][2][7]   |     5.917 | SLOW    |     2.647 | FAST    |
B_i[3][2][2]   | C_o[0][2][8]   |     6.192 | SLOW    |     2.706 | FAST    |
B_i[3][2][2]   | C_o[1][2][2]   |     5.275 | SLOW    |     2.759 | FAST    |
B_i[3][2][2]   | C_o[1][2][3]   |     5.496 | SLOW    |     2.697 | FAST    |
B_i[3][2][2]   | C_o[1][2][4]   |     5.686 | SLOW    |     2.626 | FAST    |
B_i[3][2][2]   | C_o[1][2][5]   |     5.756 | SLOW    |     2.630 | FAST    |
B_i[3][2][2]   | C_o[1][2][6]   |     5.854 | SLOW    |     2.619 | FAST    |
B_i[3][2][2]   | C_o[1][2][7]   |     5.917 | SLOW    |     2.647 | FAST    |
B_i[3][2][2]   | C_o[1][2][8]   |     6.192 | SLOW    |     2.706 | FAST    |
B_i[3][2][2]   | C_o[2][2][2]   |     5.275 | SLOW    |     2.759 | FAST    |
B_i[3][2][2]   | C_o[2][2][3]   |     5.496 | SLOW    |     2.697 | FAST    |
B_i[3][2][2]   | C_o[2][2][4]   |     5.686 | SLOW    |     2.626 | FAST    |
B_i[3][2][2]   | C_o[2][2][5]   |     5.756 | SLOW    |     2.630 | FAST    |
B_i[3][2][2]   | C_o[2][2][6]   |     5.854 | SLOW    |     2.619 | FAST    |
B_i[3][2][2]   | C_o[2][2][7]   |     5.917 | SLOW    |     2.647 | FAST    |
B_i[3][2][2]   | C_o[2][2][8]   |     6.192 | SLOW    |     2.706 | FAST    |
B_i[3][2][2]   | C_o[3][2][2]   |     5.275 | SLOW    |     2.759 | FAST    |
B_i[3][2][2]   | C_o[3][2][3]   |     5.496 | SLOW    |     2.697 | FAST    |
B_i[3][2][2]   | C_o[3][2][4]   |     5.686 | SLOW    |     2.626 | FAST    |
B_i[3][2][2]   | C_o[3][2][5]   |     5.756 | SLOW    |     2.630 | FAST    |
B_i[3][2][2]   | C_o[3][2][6]   |     5.854 | SLOW    |     2.619 | FAST    |
B_i[3][2][2]   | C_o[3][2][7]   |     5.917 | SLOW    |     2.647 | FAST    |
B_i[3][2][2]   | C_o[3][2][8]   |     6.192 | SLOW    |     2.706 | FAST    |
B_i[3][2][3]   | C_o[0][2][3]   |     5.259 | SLOW    |     2.747 | FAST    |
B_i[3][2][3]   | C_o[0][2][4]   |     5.466 | SLOW    |     2.672 | FAST    |
B_i[3][2][3]   | C_o[0][2][5]   |     5.658 | SLOW    |     2.609 | FAST    |
B_i[3][2][3]   | C_o[0][2][6]   |     5.817 | SLOW    |     2.623 | FAST    |
B_i[3][2][3]   | C_o[0][2][7]   |     5.880 | SLOW    |     2.651 | FAST    |
B_i[3][2][3]   | C_o[0][2][8]   |     6.198 | SLOW    |     2.697 | FAST    |
B_i[3][2][3]   | C_o[1][2][3]   |     5.259 | SLOW    |     2.747 | FAST    |
B_i[3][2][3]   | C_o[1][2][4]   |     5.466 | SLOW    |     2.672 | FAST    |
B_i[3][2][3]   | C_o[1][2][5]   |     5.658 | SLOW    |     2.609 | FAST    |
B_i[3][2][3]   | C_o[1][2][6]   |     5.817 | SLOW    |     2.623 | FAST    |
B_i[3][2][3]   | C_o[1][2][7]   |     5.880 | SLOW    |     2.651 | FAST    |
B_i[3][2][3]   | C_o[1][2][8]   |     6.198 | SLOW    |     2.697 | FAST    |
B_i[3][2][3]   | C_o[2][2][3]   |     5.259 | SLOW    |     2.747 | FAST    |
B_i[3][2][3]   | C_o[2][2][4]   |     5.466 | SLOW    |     2.672 | FAST    |
B_i[3][2][3]   | C_o[2][2][5]   |     5.658 | SLOW    |     2.609 | FAST    |
B_i[3][2][3]   | C_o[2][2][6]   |     5.817 | SLOW    |     2.623 | FAST    |
B_i[3][2][3]   | C_o[2][2][7]   |     5.880 | SLOW    |     2.651 | FAST    |
B_i[3][2][3]   | C_o[2][2][8]   |     6.198 | SLOW    |     2.697 | FAST    |
B_i[3][2][3]   | C_o[3][2][3]   |     5.259 | SLOW    |     2.747 | FAST    |
B_i[3][2][3]   | C_o[3][2][4]   |     5.466 | SLOW    |     2.672 | FAST    |
B_i[3][2][3]   | C_o[3][2][5]   |     5.658 | SLOW    |     2.609 | FAST    |
B_i[3][2][3]   | C_o[3][2][6]   |     5.817 | SLOW    |     2.623 | FAST    |
B_i[3][2][3]   | C_o[3][2][7]   |     5.880 | SLOW    |     2.651 | FAST    |
B_i[3][2][3]   | C_o[3][2][8]   |     6.198 | SLOW    |     2.697 | FAST    |
B_i[3][2][4]   | C_o[0][2][4]   |     5.269 | SLOW    |     2.750 | FAST    |
B_i[3][2][4]   | C_o[0][2][5]   |     5.476 | SLOW    |     2.677 | FAST    |
B_i[3][2][4]   | C_o[0][2][6]   |     5.679 | SLOW    |     2.613 | FAST    |
B_i[3][2][4]   | C_o[0][2][7]   |     5.841 | SLOW    |     2.641 | FAST    |
B_i[3][2][4]   | C_o[0][2][8]   |     6.179 | SLOW    |     2.700 | FAST    |
B_i[3][2][4]   | C_o[1][2][4]   |     5.269 | SLOW    |     2.750 | FAST    |
B_i[3][2][4]   | C_o[1][2][5]   |     5.476 | SLOW    |     2.677 | FAST    |
B_i[3][2][4]   | C_o[1][2][6]   |     5.679 | SLOW    |     2.613 | FAST    |
B_i[3][2][4]   | C_o[1][2][7]   |     5.841 | SLOW    |     2.641 | FAST    |
B_i[3][2][4]   | C_o[1][2][8]   |     6.179 | SLOW    |     2.700 | FAST    |
B_i[3][2][4]   | C_o[2][2][4]   |     5.269 | SLOW    |     2.750 | FAST    |
B_i[3][2][4]   | C_o[2][2][5]   |     5.476 | SLOW    |     2.677 | FAST    |
B_i[3][2][4]   | C_o[2][2][6]   |     5.679 | SLOW    |     2.613 | FAST    |
B_i[3][2][4]   | C_o[2][2][7]   |     5.841 | SLOW    |     2.641 | FAST    |
B_i[3][2][4]   | C_o[2][2][8]   |     6.179 | SLOW    |     2.700 | FAST    |
B_i[3][2][4]   | C_o[3][2][4]   |     5.269 | SLOW    |     2.750 | FAST    |
B_i[3][2][4]   | C_o[3][2][5]   |     5.476 | SLOW    |     2.677 | FAST    |
B_i[3][2][4]   | C_o[3][2][6]   |     5.679 | SLOW    |     2.613 | FAST    |
B_i[3][2][4]   | C_o[3][2][7]   |     5.841 | SLOW    |     2.641 | FAST    |
B_i[3][2][4]   | C_o[3][2][8]   |     6.179 | SLOW    |     2.700 | FAST    |
B_i[3][2][5]   | C_o[0][2][5]   |     5.463 | SLOW    |     2.862 | FAST    |
B_i[3][2][5]   | C_o[0][2][6]   |     5.668 | SLOW    |     2.787 | FAST    |
B_i[3][2][5]   | C_o[0][2][7]   |     5.830 | SLOW    |     2.741 | FAST    |
B_i[3][2][5]   | C_o[0][2][8]   |     6.168 | SLOW    |     2.764 | FAST    |
B_i[3][2][5]   | C_o[1][2][5]   |     5.463 | SLOW    |     2.862 | FAST    |
B_i[3][2][5]   | C_o[1][2][6]   |     5.668 | SLOW    |     2.787 | FAST    |
B_i[3][2][5]   | C_o[1][2][7]   |     5.830 | SLOW    |     2.741 | FAST    |
B_i[3][2][5]   | C_o[1][2][8]   |     6.168 | SLOW    |     2.764 | FAST    |
B_i[3][2][5]   | C_o[2][2][5]   |     5.463 | SLOW    |     2.862 | FAST    |
B_i[3][2][5]   | C_o[2][2][6]   |     5.668 | SLOW    |     2.787 | FAST    |
B_i[3][2][5]   | C_o[2][2][7]   |     5.830 | SLOW    |     2.741 | FAST    |
B_i[3][2][5]   | C_o[2][2][8]   |     6.168 | SLOW    |     2.764 | FAST    |
B_i[3][2][5]   | C_o[3][2][5]   |     5.463 | SLOW    |     2.862 | FAST    |
B_i[3][2][5]   | C_o[3][2][6]   |     5.668 | SLOW    |     2.787 | FAST    |
B_i[3][2][5]   | C_o[3][2][7]   |     5.830 | SLOW    |     2.741 | FAST    |
B_i[3][2][5]   | C_o[3][2][8]   |     6.168 | SLOW    |     2.764 | FAST    |
B_i[3][2][6]   | C_o[0][2][6]   |     5.444 | SLOW    |     2.847 | FAST    |
B_i[3][2][6]   | C_o[0][2][7]   |     5.687 | SLOW    |     2.794 | FAST    |
B_i[3][2][6]   | C_o[0][2][8]   |     6.120 | SLOW    |     2.754 | FAST    |
B_i[3][2][6]   | C_o[1][2][6]   |     5.444 | SLOW    |     2.847 | FAST    |
B_i[3][2][6]   | C_o[1][2][7]   |     5.687 | SLOW    |     2.794 | FAST    |
B_i[3][2][6]   | C_o[1][2][8]   |     6.120 | SLOW    |     2.754 | FAST    |
B_i[3][2][6]   | C_o[2][2][6]   |     5.444 | SLOW    |     2.847 | FAST    |
B_i[3][2][6]   | C_o[2][2][7]   |     5.687 | SLOW    |     2.794 | FAST    |
B_i[3][2][6]   | C_o[2][2][8]   |     6.120 | SLOW    |     2.754 | FAST    |
B_i[3][2][6]   | C_o[3][2][6]   |     5.444 | SLOW    |     2.847 | FAST    |
B_i[3][2][6]   | C_o[3][2][7]   |     5.687 | SLOW    |     2.794 | FAST    |
B_i[3][2][6]   | C_o[3][2][8]   |     6.120 | SLOW    |     2.754 | FAST    |
B_i[3][2][7]   | C_o[0][2][7]   |     5.461 | SLOW    |     2.862 | FAST    |
B_i[3][2][7]   | C_o[0][2][8]   |     5.896 | SLOW    |     2.800 | FAST    |
B_i[3][2][7]   | C_o[1][2][7]   |     5.461 | SLOW    |     2.862 | FAST    |
B_i[3][2][7]   | C_o[1][2][8]   |     5.896 | SLOW    |     2.800 | FAST    |
B_i[3][2][7]   | C_o[2][2][7]   |     5.461 | SLOW    |     2.862 | FAST    |
B_i[3][2][7]   | C_o[2][2][8]   |     5.896 | SLOW    |     2.800 | FAST    |
B_i[3][2][7]   | C_o[3][2][7]   |     5.461 | SLOW    |     2.862 | FAST    |
B_i[3][2][7]   | C_o[3][2][8]   |     5.896 | SLOW    |     2.800 | FAST    |
B_i[3][2][8]   | C_o[0][2][8]   |     5.702 | SLOW    |     2.999 | FAST    |
B_i[3][2][8]   | C_o[1][2][8]   |     5.724 | SLOW    |     3.013 | FAST    |
B_i[3][2][8]   | C_o[2][2][8]   |     5.724 | SLOW    |     3.013 | FAST    |
B_i[3][2][8]   | C_o[3][2][8]   |     5.724 | SLOW    |     3.013 | FAST    |
B_i[3][3][0]   | C_o[0][3][0]   |     4.811 | SLOW    |     2.499 | FAST    |
B_i[3][3][0]   | C_o[0][3][1]   |     5.064 | SLOW    |     2.419 | FAST    |
B_i[3][3][0]   | C_o[0][3][2]   |     5.195 | SLOW    |     2.464 | FAST    |
B_i[3][3][0]   | C_o[0][3][3]   |     5.400 | SLOW    |     2.492 | FAST    |
B_i[3][3][0]   | C_o[0][3][4]   |     5.590 | SLOW    |     2.486 | FAST    |
B_i[3][3][0]   | C_o[0][3][5]   |     5.660 | SLOW    |     2.514 | FAST    |
B_i[3][3][0]   | C_o[0][3][6]   |     5.729 | SLOW    |     2.502 | FAST    |
B_i[3][3][0]   | C_o[0][3][7]   |     5.891 | SLOW    |     2.530 | FAST    |
B_i[3][3][0]   | C_o[0][3][8]   |     6.229 | SLOW    |     2.589 | FAST    |
B_i[3][3][0]   | C_o[1][3][0]   |     4.811 | SLOW    |     2.499 | FAST    |
B_i[3][3][0]   | C_o[1][3][1]   |     5.064 | SLOW    |     2.419 | FAST    |
B_i[3][3][0]   | C_o[1][3][2]   |     5.195 | SLOW    |     2.464 | FAST    |
B_i[3][3][0]   | C_o[1][3][3]   |     5.400 | SLOW    |     2.492 | FAST    |
B_i[3][3][0]   | C_o[1][3][4]   |     5.590 | SLOW    |     2.486 | FAST    |
B_i[3][3][0]   | C_o[1][3][5]   |     5.660 | SLOW    |     2.514 | FAST    |
B_i[3][3][0]   | C_o[1][3][6]   |     5.729 | SLOW    |     2.502 | FAST    |
B_i[3][3][0]   | C_o[1][3][7]   |     5.891 | SLOW    |     2.530 | FAST    |
B_i[3][3][0]   | C_o[1][3][8]   |     6.229 | SLOW    |     2.589 | FAST    |
B_i[3][3][0]   | C_o[2][3][0]   |     4.811 | SLOW    |     2.499 | FAST    |
B_i[3][3][0]   | C_o[2][3][1]   |     5.064 | SLOW    |     2.419 | FAST    |
B_i[3][3][0]   | C_o[2][3][2]   |     5.195 | SLOW    |     2.464 | FAST    |
B_i[3][3][0]   | C_o[2][3][3]   |     5.400 | SLOW    |     2.492 | FAST    |
B_i[3][3][0]   | C_o[2][3][4]   |     5.590 | SLOW    |     2.486 | FAST    |
B_i[3][3][0]   | C_o[2][3][5]   |     5.660 | SLOW    |     2.514 | FAST    |
B_i[3][3][0]   | C_o[2][3][6]   |     5.729 | SLOW    |     2.502 | FAST    |
B_i[3][3][0]   | C_o[2][3][7]   |     5.891 | SLOW    |     2.530 | FAST    |
B_i[3][3][0]   | C_o[2][3][8]   |     6.229 | SLOW    |     2.589 | FAST    |
B_i[3][3][0]   | C_o[3][3][0]   |     4.811 | SLOW    |     2.499 | FAST    |
B_i[3][3][0]   | C_o[3][3][1]   |     5.064 | SLOW    |     2.419 | FAST    |
B_i[3][3][0]   | C_o[3][3][2]   |     5.195 | SLOW    |     2.464 | FAST    |
B_i[3][3][0]   | C_o[3][3][3]   |     5.400 | SLOW    |     2.492 | FAST    |
B_i[3][3][0]   | C_o[3][3][4]   |     5.590 | SLOW    |     2.486 | FAST    |
B_i[3][3][0]   | C_o[3][3][5]   |     5.660 | SLOW    |     2.514 | FAST    |
B_i[3][3][0]   | C_o[3][3][6]   |     5.729 | SLOW    |     2.502 | FAST    |
B_i[3][3][0]   | C_o[3][3][7]   |     5.891 | SLOW    |     2.530 | FAST    |
B_i[3][3][0]   | C_o[3][3][8]   |     6.229 | SLOW    |     2.589 | FAST    |
B_i[3][3][1]   | C_o[0][3][1]   |     4.978 | SLOW    |     2.588 | FAST    |
B_i[3][3][1]   | C_o[0][3][2]   |     5.270 | SLOW    |     2.520 | FAST    |
B_i[3][3][1]   | C_o[0][3][3]   |     5.491 | SLOW    |     2.548 | FAST    |
B_i[3][3][1]   | C_o[0][3][4]   |     5.681 | SLOW    |     2.575 | FAST    |
B_i[3][3][1]   | C_o[0][3][5]   |     5.751 | SLOW    |     2.590 | FAST    |
B_i[3][3][1]   | C_o[0][3][6]   |     5.927 | SLOW    |     2.592 | FAST    |
B_i[3][3][1]   | C_o[0][3][7]   |     6.089 | SLOW    |     2.620 | FAST    |
B_i[3][3][1]   | C_o[0][3][8]   |     6.427 | SLOW    |     2.647 | FAST    |
B_i[3][3][1]   | C_o[1][3][1]   |     4.978 | SLOW    |     2.588 | FAST    |
B_i[3][3][1]   | C_o[1][3][2]   |     5.270 | SLOW    |     2.520 | FAST    |
B_i[3][3][1]   | C_o[1][3][3]   |     5.491 | SLOW    |     2.548 | FAST    |
B_i[3][3][1]   | C_o[1][3][4]   |     5.681 | SLOW    |     2.575 | FAST    |
B_i[3][3][1]   | C_o[1][3][5]   |     5.751 | SLOW    |     2.590 | FAST    |
B_i[3][3][1]   | C_o[1][3][6]   |     5.927 | SLOW    |     2.592 | FAST    |
B_i[3][3][1]   | C_o[1][3][7]   |     6.089 | SLOW    |     2.620 | FAST    |
B_i[3][3][1]   | C_o[1][3][8]   |     6.427 | SLOW    |     2.647 | FAST    |
B_i[3][3][1]   | C_o[2][3][1]   |     4.978 | SLOW    |     2.588 | FAST    |
B_i[3][3][1]   | C_o[2][3][2]   |     5.270 | SLOW    |     2.520 | FAST    |
B_i[3][3][1]   | C_o[2][3][3]   |     5.491 | SLOW    |     2.548 | FAST    |
B_i[3][3][1]   | C_o[2][3][4]   |     5.681 | SLOW    |     2.575 | FAST    |
B_i[3][3][1]   | C_o[2][3][5]   |     5.751 | SLOW    |     2.590 | FAST    |
B_i[3][3][1]   | C_o[2][3][6]   |     5.927 | SLOW    |     2.592 | FAST    |
B_i[3][3][1]   | C_o[2][3][7]   |     6.089 | SLOW    |     2.620 | FAST    |
B_i[3][3][1]   | C_o[2][3][8]   |     6.427 | SLOW    |     2.647 | FAST    |
B_i[3][3][1]   | C_o[3][3][1]   |     4.978 | SLOW    |     2.588 | FAST    |
B_i[3][3][1]   | C_o[3][3][2]   |     5.270 | SLOW    |     2.520 | FAST    |
B_i[3][3][1]   | C_o[3][3][3]   |     5.491 | SLOW    |     2.548 | FAST    |
B_i[3][3][1]   | C_o[3][3][4]   |     5.681 | SLOW    |     2.575 | FAST    |
B_i[3][3][1]   | C_o[3][3][5]   |     5.751 | SLOW    |     2.590 | FAST    |
B_i[3][3][1]   | C_o[3][3][6]   |     5.927 | SLOW    |     2.592 | FAST    |
B_i[3][3][1]   | C_o[3][3][7]   |     6.089 | SLOW    |     2.620 | FAST    |
B_i[3][3][1]   | C_o[3][3][8]   |     6.427 | SLOW    |     2.647 | FAST    |
B_i[3][3][2]   | C_o[0][3][2]   |     5.275 | SLOW    |     2.759 | FAST    |
B_i[3][3][2]   | C_o[0][3][3]   |     5.496 | SLOW    |     2.697 | FAST    |
B_i[3][3][2]   | C_o[0][3][4]   |     5.686 | SLOW    |     2.626 | FAST    |
B_i[3][3][2]   | C_o[0][3][5]   |     5.756 | SLOW    |     2.630 | FAST    |
B_i[3][3][2]   | C_o[0][3][6]   |     5.854 | SLOW    |     2.619 | FAST    |
B_i[3][3][2]   | C_o[0][3][7]   |     5.917 | SLOW    |     2.647 | FAST    |
B_i[3][3][2]   | C_o[0][3][8]   |     6.192 | SLOW    |     2.706 | FAST    |
B_i[3][3][2]   | C_o[1][3][2]   |     5.275 | SLOW    |     2.759 | FAST    |
B_i[3][3][2]   | C_o[1][3][3]   |     5.496 | SLOW    |     2.697 | FAST    |
B_i[3][3][2]   | C_o[1][3][4]   |     5.686 | SLOW    |     2.626 | FAST    |
B_i[3][3][2]   | C_o[1][3][5]   |     5.756 | SLOW    |     2.630 | FAST    |
B_i[3][3][2]   | C_o[1][3][6]   |     5.854 | SLOW    |     2.619 | FAST    |
B_i[3][3][2]   | C_o[1][3][7]   |     5.917 | SLOW    |     2.647 | FAST    |
B_i[3][3][2]   | C_o[1][3][8]   |     6.192 | SLOW    |     2.706 | FAST    |
B_i[3][3][2]   | C_o[2][3][2]   |     5.275 | SLOW    |     2.759 | FAST    |
B_i[3][3][2]   | C_o[2][3][3]   |     5.496 | SLOW    |     2.697 | FAST    |
B_i[3][3][2]   | C_o[2][3][4]   |     5.686 | SLOW    |     2.626 | FAST    |
B_i[3][3][2]   | C_o[2][3][5]   |     5.756 | SLOW    |     2.630 | FAST    |
B_i[3][3][2]   | C_o[2][3][6]   |     5.854 | SLOW    |     2.619 | FAST    |
B_i[3][3][2]   | C_o[2][3][7]   |     5.917 | SLOW    |     2.647 | FAST    |
B_i[3][3][2]   | C_o[2][3][8]   |     6.192 | SLOW    |     2.706 | FAST    |
B_i[3][3][2]   | C_o[3][3][2]   |     5.275 | SLOW    |     2.759 | FAST    |
B_i[3][3][2]   | C_o[3][3][3]   |     5.496 | SLOW    |     2.697 | FAST    |
B_i[3][3][2]   | C_o[3][3][4]   |     5.686 | SLOW    |     2.626 | FAST    |
B_i[3][3][2]   | C_o[3][3][5]   |     5.756 | SLOW    |     2.630 | FAST    |
B_i[3][3][2]   | C_o[3][3][6]   |     5.854 | SLOW    |     2.619 | FAST    |
B_i[3][3][2]   | C_o[3][3][7]   |     5.917 | SLOW    |     2.647 | FAST    |
B_i[3][3][2]   | C_o[3][3][8]   |     6.192 | SLOW    |     2.706 | FAST    |
B_i[3][3][3]   | C_o[0][3][3]   |     5.259 | SLOW    |     2.747 | FAST    |
B_i[3][3][3]   | C_o[0][3][4]   |     5.466 | SLOW    |     2.672 | FAST    |
B_i[3][3][3]   | C_o[0][3][5]   |     5.658 | SLOW    |     2.609 | FAST    |
B_i[3][3][3]   | C_o[0][3][6]   |     5.817 | SLOW    |     2.623 | FAST    |
B_i[3][3][3]   | C_o[0][3][7]   |     5.880 | SLOW    |     2.651 | FAST    |
B_i[3][3][3]   | C_o[0][3][8]   |     6.198 | SLOW    |     2.697 | FAST    |
B_i[3][3][3]   | C_o[1][3][3]   |     5.259 | SLOW    |     2.747 | FAST    |
B_i[3][3][3]   | C_o[1][3][4]   |     5.466 | SLOW    |     2.672 | FAST    |
B_i[3][3][3]   | C_o[1][3][5]   |     5.658 | SLOW    |     2.609 | FAST    |
B_i[3][3][3]   | C_o[1][3][6]   |     5.817 | SLOW    |     2.623 | FAST    |
B_i[3][3][3]   | C_o[1][3][7]   |     5.880 | SLOW    |     2.651 | FAST    |
B_i[3][3][3]   | C_o[1][3][8]   |     6.198 | SLOW    |     2.697 | FAST    |
B_i[3][3][3]   | C_o[2][3][3]   |     5.259 | SLOW    |     2.747 | FAST    |
B_i[3][3][3]   | C_o[2][3][4]   |     5.466 | SLOW    |     2.672 | FAST    |
B_i[3][3][3]   | C_o[2][3][5]   |     5.658 | SLOW    |     2.609 | FAST    |
B_i[3][3][3]   | C_o[2][3][6]   |     5.817 | SLOW    |     2.623 | FAST    |
B_i[3][3][3]   | C_o[2][3][7]   |     5.880 | SLOW    |     2.651 | FAST    |
B_i[3][3][3]   | C_o[2][3][8]   |     6.198 | SLOW    |     2.697 | FAST    |
B_i[3][3][3]   | C_o[3][3][3]   |     5.259 | SLOW    |     2.747 | FAST    |
B_i[3][3][3]   | C_o[3][3][4]   |     5.466 | SLOW    |     2.672 | FAST    |
B_i[3][3][3]   | C_o[3][3][5]   |     5.658 | SLOW    |     2.609 | FAST    |
B_i[3][3][3]   | C_o[3][3][6]   |     5.817 | SLOW    |     2.623 | FAST    |
B_i[3][3][3]   | C_o[3][3][7]   |     5.880 | SLOW    |     2.651 | FAST    |
B_i[3][3][3]   | C_o[3][3][8]   |     6.198 | SLOW    |     2.697 | FAST    |
B_i[3][3][4]   | C_o[0][3][4]   |     5.269 | SLOW    |     2.750 | FAST    |
B_i[3][3][4]   | C_o[0][3][5]   |     5.476 | SLOW    |     2.677 | FAST    |
B_i[3][3][4]   | C_o[0][3][6]   |     5.679 | SLOW    |     2.613 | FAST    |
B_i[3][3][4]   | C_o[0][3][7]   |     5.841 | SLOW    |     2.641 | FAST    |
B_i[3][3][4]   | C_o[0][3][8]   |     6.179 | SLOW    |     2.700 | FAST    |
B_i[3][3][4]   | C_o[1][3][4]   |     5.269 | SLOW    |     2.750 | FAST    |
B_i[3][3][4]   | C_o[1][3][5]   |     5.476 | SLOW    |     2.677 | FAST    |
B_i[3][3][4]   | C_o[1][3][6]   |     5.679 | SLOW    |     2.613 | FAST    |
B_i[3][3][4]   | C_o[1][3][7]   |     5.841 | SLOW    |     2.641 | FAST    |
B_i[3][3][4]   | C_o[1][3][8]   |     6.179 | SLOW    |     2.700 | FAST    |
B_i[3][3][4]   | C_o[2][3][4]   |     5.269 | SLOW    |     2.750 | FAST    |
B_i[3][3][4]   | C_o[2][3][5]   |     5.476 | SLOW    |     2.677 | FAST    |
B_i[3][3][4]   | C_o[2][3][6]   |     5.679 | SLOW    |     2.613 | FAST    |
B_i[3][3][4]   | C_o[2][3][7]   |     5.841 | SLOW    |     2.641 | FAST    |
B_i[3][3][4]   | C_o[2][3][8]   |     6.179 | SLOW    |     2.700 | FAST    |
B_i[3][3][4]   | C_o[3][3][4]   |     5.269 | SLOW    |     2.750 | FAST    |
B_i[3][3][4]   | C_o[3][3][5]   |     5.476 | SLOW    |     2.677 | FAST    |
B_i[3][3][4]   | C_o[3][3][6]   |     5.679 | SLOW    |     2.613 | FAST    |
B_i[3][3][4]   | C_o[3][3][7]   |     5.841 | SLOW    |     2.641 | FAST    |
B_i[3][3][4]   | C_o[3][3][8]   |     6.179 | SLOW    |     2.700 | FAST    |
B_i[3][3][5]   | C_o[0][3][5]   |     5.463 | SLOW    |     2.862 | FAST    |
B_i[3][3][5]   | C_o[0][3][6]   |     5.668 | SLOW    |     2.787 | FAST    |
B_i[3][3][5]   | C_o[0][3][7]   |     5.830 | SLOW    |     2.741 | FAST    |
B_i[3][3][5]   | C_o[0][3][8]   |     6.168 | SLOW    |     2.764 | FAST    |
B_i[3][3][5]   | C_o[1][3][5]   |     5.463 | SLOW    |     2.862 | FAST    |
B_i[3][3][5]   | C_o[1][3][6]   |     5.668 | SLOW    |     2.787 | FAST    |
B_i[3][3][5]   | C_o[1][3][7]   |     5.830 | SLOW    |     2.741 | FAST    |
B_i[3][3][5]   | C_o[1][3][8]   |     6.168 | SLOW    |     2.764 | FAST    |
B_i[3][3][5]   | C_o[2][3][5]   |     5.463 | SLOW    |     2.862 | FAST    |
B_i[3][3][5]   | C_o[2][3][6]   |     5.668 | SLOW    |     2.787 | FAST    |
B_i[3][3][5]   | C_o[2][3][7]   |     5.830 | SLOW    |     2.741 | FAST    |
B_i[3][3][5]   | C_o[2][3][8]   |     6.168 | SLOW    |     2.764 | FAST    |
B_i[3][3][5]   | C_o[3][3][5]   |     5.463 | SLOW    |     2.862 | FAST    |
B_i[3][3][5]   | C_o[3][3][6]   |     5.668 | SLOW    |     2.787 | FAST    |
B_i[3][3][5]   | C_o[3][3][7]   |     5.830 | SLOW    |     2.741 | FAST    |
B_i[3][3][5]   | C_o[3][3][8]   |     6.168 | SLOW    |     2.764 | FAST    |
B_i[3][3][6]   | C_o[0][3][6]   |     5.444 | SLOW    |     2.847 | FAST    |
B_i[3][3][6]   | C_o[0][3][7]   |     5.687 | SLOW    |     2.794 | FAST    |
B_i[3][3][6]   | C_o[0][3][8]   |     6.120 | SLOW    |     2.754 | FAST    |
B_i[3][3][6]   | C_o[1][3][6]   |     5.444 | SLOW    |     2.847 | FAST    |
B_i[3][3][6]   | C_o[1][3][7]   |     5.687 | SLOW    |     2.794 | FAST    |
B_i[3][3][6]   | C_o[1][3][8]   |     6.120 | SLOW    |     2.754 | FAST    |
B_i[3][3][6]   | C_o[2][3][6]   |     5.444 | SLOW    |     2.847 | FAST    |
B_i[3][3][6]   | C_o[2][3][7]   |     5.687 | SLOW    |     2.794 | FAST    |
B_i[3][3][6]   | C_o[2][3][8]   |     6.120 | SLOW    |     2.754 | FAST    |
B_i[3][3][6]   | C_o[3][3][6]   |     5.444 | SLOW    |     2.847 | FAST    |
B_i[3][3][6]   | C_o[3][3][7]   |     5.687 | SLOW    |     2.794 | FAST    |
B_i[3][3][6]   | C_o[3][3][8]   |     6.120 | SLOW    |     2.754 | FAST    |
B_i[3][3][7]   | C_o[0][3][7]   |     5.461 | SLOW    |     2.862 | FAST    |
B_i[3][3][7]   | C_o[0][3][8]   |     5.896 | SLOW    |     2.800 | FAST    |
B_i[3][3][7]   | C_o[1][3][7]   |     5.461 | SLOW    |     2.862 | FAST    |
B_i[3][3][7]   | C_o[1][3][8]   |     5.896 | SLOW    |     2.800 | FAST    |
B_i[3][3][7]   | C_o[2][3][7]   |     5.461 | SLOW    |     2.862 | FAST    |
B_i[3][3][7]   | C_o[2][3][8]   |     5.896 | SLOW    |     2.800 | FAST    |
B_i[3][3][7]   | C_o[3][3][7]   |     5.461 | SLOW    |     2.862 | FAST    |
B_i[3][3][7]   | C_o[3][3][8]   |     5.896 | SLOW    |     2.800 | FAST    |
B_i[3][3][8]   | C_o[0][3][8]   |     5.702 | SLOW    |     2.999 | FAST    |
B_i[3][3][8]   | C_o[1][3][8]   |     5.724 | SLOW    |     3.013 | FAST    |
B_i[3][3][8]   | C_o[2][3][8]   |     5.724 | SLOW    |     3.013 | FAST    |
B_i[3][3][8]   | C_o[3][3][8]   |     5.724 | SLOW    |     3.013 | FAST    |
S_A_i[0][0][0] | S_C_o[0][0][0] |     4.261 | SLOW    |     2.209 | FAST    |
S_A_i[0][0][0] | S_C_o[0][0][1] |     4.278 | SLOW    |     2.215 | FAST    |
S_A_i[0][0][0] | S_C_o[0][0][2] |     4.288 | SLOW    |     2.218 | FAST    |
S_A_i[0][0][0] | S_C_o[0][0][3] |     4.462 | SLOW    |     2.312 | FAST    |
S_A_i[0][0][0] | S_C_o[0][0][4] |     4.462 | SLOW    |     2.312 | FAST    |
S_A_i[0][0][0] | S_C_o[0][0][5] |     4.684 | SLOW    |     2.435 | FAST    |
S_A_i[0][0][0] | S_C_o[0][0][6] |     4.913 | SLOW    |     2.568 | FAST    |
S_A_i[0][0][0] | S_C_o[0][0][7] |     4.935 | SLOW    |     2.582 | FAST    |
S_A_i[0][0][0] | S_C_o[0][1][0] |     4.261 | SLOW    |     2.209 | FAST    |
S_A_i[0][0][0] | S_C_o[0][1][1] |     4.278 | SLOW    |     2.215 | FAST    |
S_A_i[0][0][0] | S_C_o[0][1][2] |     4.288 | SLOW    |     2.218 | FAST    |
S_A_i[0][0][0] | S_C_o[0][1][3] |     4.462 | SLOW    |     2.312 | FAST    |
S_A_i[0][0][0] | S_C_o[0][1][4] |     4.462 | SLOW    |     2.312 | FAST    |
S_A_i[0][0][0] | S_C_o[0][1][5] |     4.684 | SLOW    |     2.435 | FAST    |
S_A_i[0][0][0] | S_C_o[0][1][6] |     4.913 | SLOW    |     2.568 | FAST    |
S_A_i[0][0][0] | S_C_o[0][1][7] |     4.935 | SLOW    |     2.582 | FAST    |
S_A_i[0][0][0] | S_C_o[0][2][0] |     4.261 | SLOW    |     2.209 | FAST    |
S_A_i[0][0][0] | S_C_o[0][2][1] |     4.278 | SLOW    |     2.215 | FAST    |
S_A_i[0][0][0] | S_C_o[0][2][2] |     4.288 | SLOW    |     2.218 | FAST    |
S_A_i[0][0][0] | S_C_o[0][2][3] |     4.462 | SLOW    |     2.312 | FAST    |
S_A_i[0][0][0] | S_C_o[0][2][4] |     4.462 | SLOW    |     2.312 | FAST    |
S_A_i[0][0][0] | S_C_o[0][2][5] |     4.684 | SLOW    |     2.435 | FAST    |
S_A_i[0][0][0] | S_C_o[0][2][6] |     4.913 | SLOW    |     2.568 | FAST    |
S_A_i[0][0][0] | S_C_o[0][2][7] |     4.935 | SLOW    |     2.582 | FAST    |
S_A_i[0][0][0] | S_C_o[0][3][0] |     4.261 | SLOW    |     2.209 | FAST    |
S_A_i[0][0][0] | S_C_o[0][3][1] |     4.278 | SLOW    |     2.215 | FAST    |
S_A_i[0][0][0] | S_C_o[0][3][2] |     4.288 | SLOW    |     2.218 | FAST    |
S_A_i[0][0][0] | S_C_o[0][3][3] |     4.462 | SLOW    |     2.312 | FAST    |
S_A_i[0][0][0] | S_C_o[0][3][4] |     4.462 | SLOW    |     2.312 | FAST    |
S_A_i[0][0][0] | S_C_o[0][3][5] |     4.684 | SLOW    |     2.435 | FAST    |
S_A_i[0][0][0] | S_C_o[0][3][6] |     4.913 | SLOW    |     2.568 | FAST    |
S_A_i[0][0][0] | S_C_o[0][3][7] |     4.935 | SLOW    |     2.582 | FAST    |
S_A_i[0][0][1] | S_C_o[0][0][1] |     4.286 | SLOW    |     2.226 | FAST    |
S_A_i[0][0][1] | S_C_o[0][0][2] |     4.282 | SLOW    |     2.215 | FAST    |
S_A_i[0][0][1] | S_C_o[0][0][3] |     4.461 | SLOW    |     2.317 | FAST    |
S_A_i[0][0][1] | S_C_o[0][0][4] |     4.461 | SLOW    |     2.317 | FAST    |
S_A_i[0][0][1] | S_C_o[0][0][5] |     4.683 | SLOW    |     2.440 | FAST    |
S_A_i[0][0][1] | S_C_o[0][0][6] |     4.912 | SLOW    |     2.573 | FAST    |
S_A_i[0][0][1] | S_C_o[0][0][7] |     4.934 | SLOW    |     2.587 | FAST    |
S_A_i[0][0][1] | S_C_o[0][1][1] |     4.286 | SLOW    |     2.226 | FAST    |
S_A_i[0][0][1] | S_C_o[0][1][2] |     4.282 | SLOW    |     2.215 | FAST    |
S_A_i[0][0][1] | S_C_o[0][1][3] |     4.461 | SLOW    |     2.317 | FAST    |
S_A_i[0][0][1] | S_C_o[0][1][4] |     4.461 | SLOW    |     2.317 | FAST    |
S_A_i[0][0][1] | S_C_o[0][1][5] |     4.683 | SLOW    |     2.440 | FAST    |
S_A_i[0][0][1] | S_C_o[0][1][6] |     4.912 | SLOW    |     2.573 | FAST    |
S_A_i[0][0][1] | S_C_o[0][1][7] |     4.934 | SLOW    |     2.587 | FAST    |
S_A_i[0][0][1] | S_C_o[0][2][1] |     4.286 | SLOW    |     2.226 | FAST    |
S_A_i[0][0][1] | S_C_o[0][2][2] |     4.282 | SLOW    |     2.215 | FAST    |
S_A_i[0][0][1] | S_C_o[0][2][3] |     4.461 | SLOW    |     2.317 | FAST    |
S_A_i[0][0][1] | S_C_o[0][2][4] |     4.461 | SLOW    |     2.317 | FAST    |
S_A_i[0][0][1] | S_C_o[0][2][5] |     4.683 | SLOW    |     2.440 | FAST    |
S_A_i[0][0][1] | S_C_o[0][2][6] |     4.912 | SLOW    |     2.573 | FAST    |
S_A_i[0][0][1] | S_C_o[0][2][7] |     4.934 | SLOW    |     2.587 | FAST    |
S_A_i[0][0][1] | S_C_o[0][3][1] |     4.286 | SLOW    |     2.226 | FAST    |
S_A_i[0][0][1] | S_C_o[0][3][2] |     4.282 | SLOW    |     2.215 | FAST    |
S_A_i[0][0][1] | S_C_o[0][3][3] |     4.461 | SLOW    |     2.317 | FAST    |
S_A_i[0][0][1] | S_C_o[0][3][4] |     4.461 | SLOW    |     2.317 | FAST    |
S_A_i[0][0][1] | S_C_o[0][3][5] |     4.683 | SLOW    |     2.440 | FAST    |
S_A_i[0][0][1] | S_C_o[0][3][6] |     4.912 | SLOW    |     2.573 | FAST    |
S_A_i[0][0][1] | S_C_o[0][3][7] |     4.934 | SLOW    |     2.587 | FAST    |
S_A_i[0][0][2] | S_C_o[0][0][2] |     4.246 | SLOW    |     2.201 | FAST    |
S_A_i[0][0][2] | S_C_o[0][0][3] |     4.479 | SLOW    |     2.321 | FAST    |
S_A_i[0][0][2] | S_C_o[0][0][4] |     4.479 | SLOW    |     2.321 | FAST    |
S_A_i[0][0][2] | S_C_o[0][0][5] |     4.701 | SLOW    |     2.444 | FAST    |
S_A_i[0][0][2] | S_C_o[0][0][6] |     4.930 | SLOW    |     2.577 | FAST    |
S_A_i[0][0][2] | S_C_o[0][0][7] |     4.952 | SLOW    |     2.591 | FAST    |
S_A_i[0][0][2] | S_C_o[0][1][2] |     4.246 | SLOW    |     2.201 | FAST    |
S_A_i[0][0][2] | S_C_o[0][1][3] |     4.479 | SLOW    |     2.321 | FAST    |
S_A_i[0][0][2] | S_C_o[0][1][4] |     4.479 | SLOW    |     2.321 | FAST    |
S_A_i[0][0][2] | S_C_o[0][1][5] |     4.701 | SLOW    |     2.444 | FAST    |
S_A_i[0][0][2] | S_C_o[0][1][6] |     4.930 | SLOW    |     2.577 | FAST    |
S_A_i[0][0][2] | S_C_o[0][1][7] |     4.952 | SLOW    |     2.591 | FAST    |
S_A_i[0][0][2] | S_C_o[0][2][2] |     4.246 | SLOW    |     2.201 | FAST    |
S_A_i[0][0][2] | S_C_o[0][2][3] |     4.479 | SLOW    |     2.321 | FAST    |
S_A_i[0][0][2] | S_C_o[0][2][4] |     4.479 | SLOW    |     2.321 | FAST    |
S_A_i[0][0][2] | S_C_o[0][2][5] |     4.701 | SLOW    |     2.444 | FAST    |
S_A_i[0][0][2] | S_C_o[0][2][6] |     4.930 | SLOW    |     2.577 | FAST    |
S_A_i[0][0][2] | S_C_o[0][2][7] |     4.952 | SLOW    |     2.591 | FAST    |
S_A_i[0][0][2] | S_C_o[0][3][2] |     4.246 | SLOW    |     2.201 | FAST    |
S_A_i[0][0][2] | S_C_o[0][3][3] |     4.479 | SLOW    |     2.321 | FAST    |
S_A_i[0][0][2] | S_C_o[0][3][4] |     4.479 | SLOW    |     2.321 | FAST    |
S_A_i[0][0][2] | S_C_o[0][3][5] |     4.701 | SLOW    |     2.444 | FAST    |
S_A_i[0][0][2] | S_C_o[0][3][6] |     4.930 | SLOW    |     2.577 | FAST    |
S_A_i[0][0][2] | S_C_o[0][3][7] |     4.952 | SLOW    |     2.591 | FAST    |
S_A_i[0][0][3] | S_C_o[0][0][3] |     4.255 | SLOW    |     2.206 | FAST    |
S_A_i[0][0][3] | S_C_o[0][0][4] |     4.250 | SLOW    |     2.198 | FAST    |
S_A_i[0][0][3] | S_C_o[0][0][5] |     4.486 | SLOW    |     2.335 | FAST    |
S_A_i[0][0][3] | S_C_o[0][0][6] |     4.715 | SLOW    |     2.468 | FAST    |
S_A_i[0][0][3] | S_C_o[0][0][7] |     4.737 | SLOW    |     2.482 | FAST    |
S_A_i[0][0][3] | S_C_o[0][1][3] |     4.255 | SLOW    |     2.206 | FAST    |
S_A_i[0][0][3] | S_C_o[0][1][4] |     4.250 | SLOW    |     2.198 | FAST    |
S_A_i[0][0][3] | S_C_o[0][1][5] |     4.486 | SLOW    |     2.335 | FAST    |
S_A_i[0][0][3] | S_C_o[0][1][6] |     4.715 | SLOW    |     2.468 | FAST    |
S_A_i[0][0][3] | S_C_o[0][1][7] |     4.737 | SLOW    |     2.482 | FAST    |
S_A_i[0][0][3] | S_C_o[0][2][3] |     4.255 | SLOW    |     2.206 | FAST    |
S_A_i[0][0][3] | S_C_o[0][2][4] |     4.250 | SLOW    |     2.198 | FAST    |
S_A_i[0][0][3] | S_C_o[0][2][5] |     4.486 | SLOW    |     2.335 | FAST    |
S_A_i[0][0][3] | S_C_o[0][2][6] |     4.715 | SLOW    |     2.468 | FAST    |
S_A_i[0][0][3] | S_C_o[0][2][7] |     4.737 | SLOW    |     2.482 | FAST    |
S_A_i[0][0][3] | S_C_o[0][3][3] |     4.255 | SLOW    |     2.206 | FAST    |
S_A_i[0][0][3] | S_C_o[0][3][4] |     4.250 | SLOW    |     2.198 | FAST    |
S_A_i[0][0][3] | S_C_o[0][3][5] |     4.486 | SLOW    |     2.335 | FAST    |
S_A_i[0][0][3] | S_C_o[0][3][6] |     4.715 | SLOW    |     2.468 | FAST    |
S_A_i[0][0][3] | S_C_o[0][3][7] |     4.737 | SLOW    |     2.482 | FAST    |
S_A_i[0][0][4] | S_C_o[0][0][4] |     4.246 | SLOW    |     2.201 | FAST    |
S_A_i[0][0][4] | S_C_o[0][0][5] |     4.463 | SLOW    |     2.316 | FAST    |
S_A_i[0][0][4] | S_C_o[0][0][6] |     4.692 | SLOW    |     2.449 | FAST    |
S_A_i[0][0][4] | S_C_o[0][0][7] |     4.714 | SLOW    |     2.463 | FAST    |
S_A_i[0][0][4] | S_C_o[0][1][4] |     4.246 | SLOW    |     2.201 | FAST    |
S_A_i[0][0][4] | S_C_o[0][1][5] |     4.463 | SLOW    |     2.316 | FAST    |
S_A_i[0][0][4] | S_C_o[0][1][6] |     4.692 | SLOW    |     2.449 | FAST    |
S_A_i[0][0][4] | S_C_o[0][1][7] |     4.714 | SLOW    |     2.463 | FAST    |
S_A_i[0][0][4] | S_C_o[0][2][4] |     4.246 | SLOW    |     2.201 | FAST    |
S_A_i[0][0][4] | S_C_o[0][2][5] |     4.463 | SLOW    |     2.316 | FAST    |
S_A_i[0][0][4] | S_C_o[0][2][6] |     4.692 | SLOW    |     2.449 | FAST    |
S_A_i[0][0][4] | S_C_o[0][2][7] |     4.714 | SLOW    |     2.463 | FAST    |
S_A_i[0][0][4] | S_C_o[0][3][4] |     4.246 | SLOW    |     2.201 | FAST    |
S_A_i[0][0][4] | S_C_o[0][3][5] |     4.463 | SLOW    |     2.316 | FAST    |
S_A_i[0][0][4] | S_C_o[0][3][6] |     4.692 | SLOW    |     2.449 | FAST    |
S_A_i[0][0][4] | S_C_o[0][3][7] |     4.714 | SLOW    |     2.463 | FAST    |
S_A_i[0][0][5] | S_C_o[0][0][5] |     4.246 | SLOW    |     2.201 | FAST    |
S_A_i[0][0][5] | S_C_o[0][0][6] |     4.477 | SLOW    |     2.330 | FAST    |
S_A_i[0][0][5] | S_C_o[0][0][7] |     4.499 | SLOW    |     2.344 | FAST    |
S_A_i[0][0][5] | S_C_o[0][1][5] |     4.246 | SLOW    |     2.201 | FAST    |
S_A_i[0][0][5] | S_C_o[0][1][6] |     4.477 | SLOW    |     2.330 | FAST    |
S_A_i[0][0][5] | S_C_o[0][1][7] |     4.499 | SLOW    |     2.344 | FAST    |
S_A_i[0][0][5] | S_C_o[0][2][5] |     4.246 | SLOW    |     2.201 | FAST    |
S_A_i[0][0][5] | S_C_o[0][2][6] |     4.477 | SLOW    |     2.330 | FAST    |
S_A_i[0][0][5] | S_C_o[0][2][7] |     4.499 | SLOW    |     2.344 | FAST    |
S_A_i[0][0][5] | S_C_o[0][3][5] |     4.246 | SLOW    |     2.201 | FAST    |
S_A_i[0][0][5] | S_C_o[0][3][6] |     4.477 | SLOW    |     2.330 | FAST    |
S_A_i[0][0][5] | S_C_o[0][3][7] |     4.499 | SLOW    |     2.344 | FAST    |
S_A_i[0][0][6] | S_C_o[0][0][6] |     4.246 | SLOW    |     2.201 | FAST    |
S_A_i[0][0][6] | S_C_o[0][0][7] |     4.263 | SLOW    |     2.207 | FAST    |
S_A_i[0][0][6] | S_C_o[0][1][6] |     4.246 | SLOW    |     2.201 | FAST    |
S_A_i[0][0][6] | S_C_o[0][1][7] |     4.263 | SLOW    |     2.207 | FAST    |
S_A_i[0][0][6] | S_C_o[0][2][6] |     4.246 | SLOW    |     2.201 | FAST    |
S_A_i[0][0][6] | S_C_o[0][2][7] |     4.263 | SLOW    |     2.207 | FAST    |
S_A_i[0][0][6] | S_C_o[0][3][6] |     4.246 | SLOW    |     2.201 | FAST    |
S_A_i[0][0][6] | S_C_o[0][3][7] |     4.263 | SLOW    |     2.207 | FAST    |
S_A_i[0][0][7] | S_C_o[0][0][7] |     4.261 | SLOW    |     2.213 | FAST    |
S_A_i[0][0][7] | S_C_o[0][1][7] |     4.261 | SLOW    |     2.213 | FAST    |
S_A_i[0][0][7] | S_C_o[0][2][7] |     4.261 | SLOW    |     2.213 | FAST    |
S_A_i[0][0][7] | S_C_o[0][3][7] |     4.261 | SLOW    |     2.213 | FAST    |
S_A_i[1][0][0] | S_C_o[1][0][0] |     4.261 | SLOW    |     2.209 | FAST    |
S_A_i[1][0][0] | S_C_o[1][0][1] |     4.278 | SLOW    |     2.215 | FAST    |
S_A_i[1][0][0] | S_C_o[1][0][2] |     4.288 | SLOW    |     2.218 | FAST    |
S_A_i[1][0][0] | S_C_o[1][0][3] |     4.462 | SLOW    |     2.312 | FAST    |
S_A_i[1][0][0] | S_C_o[1][0][4] |     4.462 | SLOW    |     2.312 | FAST    |
S_A_i[1][0][0] | S_C_o[1][0][5] |     4.684 | SLOW    |     2.435 | FAST    |
S_A_i[1][0][0] | S_C_o[1][0][6] |     4.913 | SLOW    |     2.568 | FAST    |
S_A_i[1][0][0] | S_C_o[1][0][7] |     4.935 | SLOW    |     2.582 | FAST    |
S_A_i[1][0][0] | S_C_o[1][1][0] |     4.261 | SLOW    |     2.209 | FAST    |
S_A_i[1][0][0] | S_C_o[1][1][1] |     4.278 | SLOW    |     2.215 | FAST    |
S_A_i[1][0][0] | S_C_o[1][1][2] |     4.288 | SLOW    |     2.218 | FAST    |
S_A_i[1][0][0] | S_C_o[1][1][3] |     4.462 | SLOW    |     2.312 | FAST    |
S_A_i[1][0][0] | S_C_o[1][1][4] |     4.462 | SLOW    |     2.312 | FAST    |
S_A_i[1][0][0] | S_C_o[1][1][5] |     4.684 | SLOW    |     2.435 | FAST    |
S_A_i[1][0][0] | S_C_o[1][1][6] |     4.913 | SLOW    |     2.568 | FAST    |
S_A_i[1][0][0] | S_C_o[1][1][7] |     4.935 | SLOW    |     2.582 | FAST    |
S_A_i[1][0][0] | S_C_o[1][2][0] |     4.261 | SLOW    |     2.209 | FAST    |
S_A_i[1][0][0] | S_C_o[1][2][1] |     4.278 | SLOW    |     2.215 | FAST    |
S_A_i[1][0][0] | S_C_o[1][2][2] |     4.288 | SLOW    |     2.218 | FAST    |
S_A_i[1][0][0] | S_C_o[1][2][3] |     4.462 | SLOW    |     2.312 | FAST    |
S_A_i[1][0][0] | S_C_o[1][2][4] |     4.462 | SLOW    |     2.312 | FAST    |
S_A_i[1][0][0] | S_C_o[1][2][5] |     4.684 | SLOW    |     2.435 | FAST    |
S_A_i[1][0][0] | S_C_o[1][2][6] |     4.913 | SLOW    |     2.568 | FAST    |
S_A_i[1][0][0] | S_C_o[1][2][7] |     4.935 | SLOW    |     2.582 | FAST    |
S_A_i[1][0][0] | S_C_o[1][3][0] |     4.261 | SLOW    |     2.209 | FAST    |
S_A_i[1][0][0] | S_C_o[1][3][1] |     4.278 | SLOW    |     2.215 | FAST    |
S_A_i[1][0][0] | S_C_o[1][3][2] |     4.288 | SLOW    |     2.218 | FAST    |
S_A_i[1][0][0] | S_C_o[1][3][3] |     4.462 | SLOW    |     2.312 | FAST    |
S_A_i[1][0][0] | S_C_o[1][3][4] |     4.462 | SLOW    |     2.312 | FAST    |
S_A_i[1][0][0] | S_C_o[1][3][5] |     4.684 | SLOW    |     2.435 | FAST    |
S_A_i[1][0][0] | S_C_o[1][3][6] |     4.913 | SLOW    |     2.568 | FAST    |
S_A_i[1][0][0] | S_C_o[1][3][7] |     4.935 | SLOW    |     2.582 | FAST    |
S_A_i[1][0][1] | S_C_o[1][0][1] |     4.286 | SLOW    |     2.226 | FAST    |
S_A_i[1][0][1] | S_C_o[1][0][2] |     4.282 | SLOW    |     2.215 | FAST    |
S_A_i[1][0][1] | S_C_o[1][0][3] |     4.461 | SLOW    |     2.317 | FAST    |
S_A_i[1][0][1] | S_C_o[1][0][4] |     4.461 | SLOW    |     2.317 | FAST    |
S_A_i[1][0][1] | S_C_o[1][0][5] |     4.683 | SLOW    |     2.440 | FAST    |
S_A_i[1][0][1] | S_C_o[1][0][6] |     4.912 | SLOW    |     2.573 | FAST    |
S_A_i[1][0][1] | S_C_o[1][0][7] |     4.934 | SLOW    |     2.587 | FAST    |
S_A_i[1][0][1] | S_C_o[1][1][1] |     4.286 | SLOW    |     2.226 | FAST    |
S_A_i[1][0][1] | S_C_o[1][1][2] |     4.282 | SLOW    |     2.215 | FAST    |
S_A_i[1][0][1] | S_C_o[1][1][3] |     4.461 | SLOW    |     2.317 | FAST    |
S_A_i[1][0][1] | S_C_o[1][1][4] |     4.461 | SLOW    |     2.317 | FAST    |
S_A_i[1][0][1] | S_C_o[1][1][5] |     4.683 | SLOW    |     2.440 | FAST    |
S_A_i[1][0][1] | S_C_o[1][1][6] |     4.912 | SLOW    |     2.573 | FAST    |
S_A_i[1][0][1] | S_C_o[1][1][7] |     4.934 | SLOW    |     2.587 | FAST    |
S_A_i[1][0][1] | S_C_o[1][2][1] |     4.286 | SLOW    |     2.226 | FAST    |
S_A_i[1][0][1] | S_C_o[1][2][2] |     4.282 | SLOW    |     2.215 | FAST    |
S_A_i[1][0][1] | S_C_o[1][2][3] |     4.461 | SLOW    |     2.317 | FAST    |
S_A_i[1][0][1] | S_C_o[1][2][4] |     4.461 | SLOW    |     2.317 | FAST    |
S_A_i[1][0][1] | S_C_o[1][2][5] |     4.683 | SLOW    |     2.440 | FAST    |
S_A_i[1][0][1] | S_C_o[1][2][6] |     4.912 | SLOW    |     2.573 | FAST    |
S_A_i[1][0][1] | S_C_o[1][2][7] |     4.934 | SLOW    |     2.587 | FAST    |
S_A_i[1][0][1] | S_C_o[1][3][1] |     4.286 | SLOW    |     2.226 | FAST    |
S_A_i[1][0][1] | S_C_o[1][3][2] |     4.282 | SLOW    |     2.215 | FAST    |
S_A_i[1][0][1] | S_C_o[1][3][3] |     4.461 | SLOW    |     2.317 | FAST    |
S_A_i[1][0][1] | S_C_o[1][3][4] |     4.461 | SLOW    |     2.317 | FAST    |
S_A_i[1][0][1] | S_C_o[1][3][5] |     4.683 | SLOW    |     2.440 | FAST    |
S_A_i[1][0][1] | S_C_o[1][3][6] |     4.912 | SLOW    |     2.573 | FAST    |
S_A_i[1][0][1] | S_C_o[1][3][7] |     4.934 | SLOW    |     2.587 | FAST    |
S_A_i[1][0][2] | S_C_o[1][0][2] |     4.246 | SLOW    |     2.201 | FAST    |
S_A_i[1][0][2] | S_C_o[1][0][3] |     4.479 | SLOW    |     2.321 | FAST    |
S_A_i[1][0][2] | S_C_o[1][0][4] |     4.479 | SLOW    |     2.321 | FAST    |
S_A_i[1][0][2] | S_C_o[1][0][5] |     4.701 | SLOW    |     2.444 | FAST    |
S_A_i[1][0][2] | S_C_o[1][0][6] |     4.930 | SLOW    |     2.577 | FAST    |
S_A_i[1][0][2] | S_C_o[1][0][7] |     4.952 | SLOW    |     2.591 | FAST    |
S_A_i[1][0][2] | S_C_o[1][1][2] |     4.246 | SLOW    |     2.201 | FAST    |
S_A_i[1][0][2] | S_C_o[1][1][3] |     4.479 | SLOW    |     2.321 | FAST    |
S_A_i[1][0][2] | S_C_o[1][1][4] |     4.479 | SLOW    |     2.321 | FAST    |
S_A_i[1][0][2] | S_C_o[1][1][5] |     4.701 | SLOW    |     2.444 | FAST    |
S_A_i[1][0][2] | S_C_o[1][1][6] |     4.930 | SLOW    |     2.577 | FAST    |
S_A_i[1][0][2] | S_C_o[1][1][7] |     4.952 | SLOW    |     2.591 | FAST    |
S_A_i[1][0][2] | S_C_o[1][2][2] |     4.246 | SLOW    |     2.201 | FAST    |
S_A_i[1][0][2] | S_C_o[1][2][3] |     4.479 | SLOW    |     2.321 | FAST    |
S_A_i[1][0][2] | S_C_o[1][2][4] |     4.479 | SLOW    |     2.321 | FAST    |
S_A_i[1][0][2] | S_C_o[1][2][5] |     4.701 | SLOW    |     2.444 | FAST    |
S_A_i[1][0][2] | S_C_o[1][2][6] |     4.930 | SLOW    |     2.577 | FAST    |
S_A_i[1][0][2] | S_C_o[1][2][7] |     4.952 | SLOW    |     2.591 | FAST    |
S_A_i[1][0][2] | S_C_o[1][3][2] |     4.246 | SLOW    |     2.201 | FAST    |
S_A_i[1][0][2] | S_C_o[1][3][3] |     4.479 | SLOW    |     2.321 | FAST    |
S_A_i[1][0][2] | S_C_o[1][3][4] |     4.479 | SLOW    |     2.321 | FAST    |
S_A_i[1][0][2] | S_C_o[1][3][5] |     4.701 | SLOW    |     2.444 | FAST    |
S_A_i[1][0][2] | S_C_o[1][3][6] |     4.930 | SLOW    |     2.577 | FAST    |
S_A_i[1][0][2] | S_C_o[1][3][7] |     4.952 | SLOW    |     2.591 | FAST    |
S_A_i[1][0][3] | S_C_o[1][0][3] |     4.255 | SLOW    |     2.206 | FAST    |
S_A_i[1][0][3] | S_C_o[1][0][4] |     4.250 | SLOW    |     2.198 | FAST    |
S_A_i[1][0][3] | S_C_o[1][0][5] |     4.486 | SLOW    |     2.335 | FAST    |
S_A_i[1][0][3] | S_C_o[1][0][6] |     4.715 | SLOW    |     2.468 | FAST    |
S_A_i[1][0][3] | S_C_o[1][0][7] |     4.737 | SLOW    |     2.482 | FAST    |
S_A_i[1][0][3] | S_C_o[1][1][3] |     4.255 | SLOW    |     2.206 | FAST    |
S_A_i[1][0][3] | S_C_o[1][1][4] |     4.250 | SLOW    |     2.198 | FAST    |
S_A_i[1][0][3] | S_C_o[1][1][5] |     4.486 | SLOW    |     2.335 | FAST    |
S_A_i[1][0][3] | S_C_o[1][1][6] |     4.715 | SLOW    |     2.468 | FAST    |
S_A_i[1][0][3] | S_C_o[1][1][7] |     4.737 | SLOW    |     2.482 | FAST    |
S_A_i[1][0][3] | S_C_o[1][2][3] |     4.255 | SLOW    |     2.206 | FAST    |
S_A_i[1][0][3] | S_C_o[1][2][4] |     4.250 | SLOW    |     2.198 | FAST    |
S_A_i[1][0][3] | S_C_o[1][2][5] |     4.486 | SLOW    |     2.335 | FAST    |
S_A_i[1][0][3] | S_C_o[1][2][6] |     4.715 | SLOW    |     2.468 | FAST    |
S_A_i[1][0][3] | S_C_o[1][2][7] |     4.737 | SLOW    |     2.482 | FAST    |
S_A_i[1][0][3] | S_C_o[1][3][3] |     4.255 | SLOW    |     2.206 | FAST    |
S_A_i[1][0][3] | S_C_o[1][3][4] |     4.250 | SLOW    |     2.198 | FAST    |
S_A_i[1][0][3] | S_C_o[1][3][5] |     4.486 | SLOW    |     2.335 | FAST    |
S_A_i[1][0][3] | S_C_o[1][3][6] |     4.715 | SLOW    |     2.468 | FAST    |
S_A_i[1][0][3] | S_C_o[1][3][7] |     4.737 | SLOW    |     2.482 | FAST    |
S_A_i[1][0][4] | S_C_o[1][0][4] |     4.246 | SLOW    |     2.201 | FAST    |
S_A_i[1][0][4] | S_C_o[1][0][5] |     4.463 | SLOW    |     2.316 | FAST    |
S_A_i[1][0][4] | S_C_o[1][0][6] |     4.692 | SLOW    |     2.449 | FAST    |
S_A_i[1][0][4] | S_C_o[1][0][7] |     4.714 | SLOW    |     2.463 | FAST    |
S_A_i[1][0][4] | S_C_o[1][1][4] |     4.246 | SLOW    |     2.201 | FAST    |
S_A_i[1][0][4] | S_C_o[1][1][5] |     4.463 | SLOW    |     2.316 | FAST    |
S_A_i[1][0][4] | S_C_o[1][1][6] |     4.692 | SLOW    |     2.449 | FAST    |
S_A_i[1][0][4] | S_C_o[1][1][7] |     4.714 | SLOW    |     2.463 | FAST    |
S_A_i[1][0][4] | S_C_o[1][2][4] |     4.246 | SLOW    |     2.201 | FAST    |
S_A_i[1][0][4] | S_C_o[1][2][5] |     4.463 | SLOW    |     2.316 | FAST    |
S_A_i[1][0][4] | S_C_o[1][2][6] |     4.692 | SLOW    |     2.449 | FAST    |
S_A_i[1][0][4] | S_C_o[1][2][7] |     4.714 | SLOW    |     2.463 | FAST    |
S_A_i[1][0][4] | S_C_o[1][3][4] |     4.246 | SLOW    |     2.201 | FAST    |
S_A_i[1][0][4] | S_C_o[1][3][5] |     4.463 | SLOW    |     2.316 | FAST    |
S_A_i[1][0][4] | S_C_o[1][3][6] |     4.692 | SLOW    |     2.449 | FAST    |
S_A_i[1][0][4] | S_C_o[1][3][7] |     4.714 | SLOW    |     2.463 | FAST    |
S_A_i[1][0][5] | S_C_o[1][0][5] |     4.246 | SLOW    |     2.201 | FAST    |
S_A_i[1][0][5] | S_C_o[1][0][6] |     4.477 | SLOW    |     2.330 | FAST    |
S_A_i[1][0][5] | S_C_o[1][0][7] |     4.499 | SLOW    |     2.344 | FAST    |
S_A_i[1][0][5] | S_C_o[1][1][5] |     4.246 | SLOW    |     2.201 | FAST    |
S_A_i[1][0][5] | S_C_o[1][1][6] |     4.477 | SLOW    |     2.330 | FAST    |
S_A_i[1][0][5] | S_C_o[1][1][7] |     4.499 | SLOW    |     2.344 | FAST    |
S_A_i[1][0][5] | S_C_o[1][2][5] |     4.246 | SLOW    |     2.201 | FAST    |
S_A_i[1][0][5] | S_C_o[1][2][6] |     4.477 | SLOW    |     2.330 | FAST    |
S_A_i[1][0][5] | S_C_o[1][2][7] |     4.499 | SLOW    |     2.344 | FAST    |
S_A_i[1][0][5] | S_C_o[1][3][5] |     4.246 | SLOW    |     2.201 | FAST    |
S_A_i[1][0][5] | S_C_o[1][3][6] |     4.477 | SLOW    |     2.330 | FAST    |
S_A_i[1][0][5] | S_C_o[1][3][7] |     4.499 | SLOW    |     2.344 | FAST    |
S_A_i[1][0][6] | S_C_o[1][0][6] |     4.246 | SLOW    |     2.201 | FAST    |
S_A_i[1][0][6] | S_C_o[1][0][7] |     4.263 | SLOW    |     2.207 | FAST    |
S_A_i[1][0][6] | S_C_o[1][1][6] |     4.246 | SLOW    |     2.201 | FAST    |
S_A_i[1][0][6] | S_C_o[1][1][7] |     4.263 | SLOW    |     2.207 | FAST    |
S_A_i[1][0][6] | S_C_o[1][2][6] |     4.246 | SLOW    |     2.201 | FAST    |
S_A_i[1][0][6] | S_C_o[1][2][7] |     4.263 | SLOW    |     2.207 | FAST    |
S_A_i[1][0][6] | S_C_o[1][3][6] |     4.246 | SLOW    |     2.201 | FAST    |
S_A_i[1][0][6] | S_C_o[1][3][7] |     4.263 | SLOW    |     2.207 | FAST    |
S_A_i[1][0][7] | S_C_o[1][0][7] |     4.261 | SLOW    |     2.213 | FAST    |
S_A_i[1][0][7] | S_C_o[1][1][7] |     4.261 | SLOW    |     2.213 | FAST    |
S_A_i[1][0][7] | S_C_o[1][2][7] |     4.261 | SLOW    |     2.213 | FAST    |
S_A_i[1][0][7] | S_C_o[1][3][7] |     4.261 | SLOW    |     2.213 | FAST    |
S_A_i[2][0][0] | S_C_o[2][0][0] |     4.261 | SLOW    |     2.209 | FAST    |
S_A_i[2][0][0] | S_C_o[2][0][1] |     4.278 | SLOW    |     2.215 | FAST    |
S_A_i[2][0][0] | S_C_o[2][0][2] |     4.288 | SLOW    |     2.218 | FAST    |
S_A_i[2][0][0] | S_C_o[2][0][3] |     4.462 | SLOW    |     2.312 | FAST    |
S_A_i[2][0][0] | S_C_o[2][0][4] |     4.462 | SLOW    |     2.312 | FAST    |
S_A_i[2][0][0] | S_C_o[2][0][5] |     4.684 | SLOW    |     2.435 | FAST    |
S_A_i[2][0][0] | S_C_o[2][0][6] |     4.913 | SLOW    |     2.568 | FAST    |
S_A_i[2][0][0] | S_C_o[2][0][7] |     4.935 | SLOW    |     2.582 | FAST    |
S_A_i[2][0][0] | S_C_o[2][1][0] |     4.261 | SLOW    |     2.209 | FAST    |
S_A_i[2][0][0] | S_C_o[2][1][1] |     4.278 | SLOW    |     2.215 | FAST    |
S_A_i[2][0][0] | S_C_o[2][1][2] |     4.288 | SLOW    |     2.218 | FAST    |
S_A_i[2][0][0] | S_C_o[2][1][3] |     4.462 | SLOW    |     2.312 | FAST    |
S_A_i[2][0][0] | S_C_o[2][1][4] |     4.462 | SLOW    |     2.312 | FAST    |
S_A_i[2][0][0] | S_C_o[2][1][5] |     4.684 | SLOW    |     2.435 | FAST    |
S_A_i[2][0][0] | S_C_o[2][1][6] |     4.913 | SLOW    |     2.568 | FAST    |
S_A_i[2][0][0] | S_C_o[2][1][7] |     4.935 | SLOW    |     2.582 | FAST    |
S_A_i[2][0][0] | S_C_o[2][2][0] |     4.261 | SLOW    |     2.209 | FAST    |
S_A_i[2][0][0] | S_C_o[2][2][1] |     4.278 | SLOW    |     2.215 | FAST    |
S_A_i[2][0][0] | S_C_o[2][2][2] |     4.288 | SLOW    |     2.218 | FAST    |
S_A_i[2][0][0] | S_C_o[2][2][3] |     4.462 | SLOW    |     2.312 | FAST    |
S_A_i[2][0][0] | S_C_o[2][2][4] |     4.462 | SLOW    |     2.312 | FAST    |
S_A_i[2][0][0] | S_C_o[2][2][5] |     4.684 | SLOW    |     2.435 | FAST    |
S_A_i[2][0][0] | S_C_o[2][2][6] |     4.913 | SLOW    |     2.568 | FAST    |
S_A_i[2][0][0] | S_C_o[2][2][7] |     4.935 | SLOW    |     2.582 | FAST    |
S_A_i[2][0][0] | S_C_o[2][3][0] |     4.261 | SLOW    |     2.209 | FAST    |
S_A_i[2][0][0] | S_C_o[2][3][1] |     4.278 | SLOW    |     2.215 | FAST    |
S_A_i[2][0][0] | S_C_o[2][3][2] |     4.288 | SLOW    |     2.218 | FAST    |
S_A_i[2][0][0] | S_C_o[2][3][3] |     4.462 | SLOW    |     2.312 | FAST    |
S_A_i[2][0][0] | S_C_o[2][3][4] |     4.462 | SLOW    |     2.312 | FAST    |
S_A_i[2][0][0] | S_C_o[2][3][5] |     4.684 | SLOW    |     2.435 | FAST    |
S_A_i[2][0][0] | S_C_o[2][3][6] |     4.913 | SLOW    |     2.568 | FAST    |
S_A_i[2][0][0] | S_C_o[2][3][7] |     4.935 | SLOW    |     2.582 | FAST    |
S_A_i[2][0][1] | S_C_o[2][0][1] |     4.286 | SLOW    |     2.226 | FAST    |
S_A_i[2][0][1] | S_C_o[2][0][2] |     4.282 | SLOW    |     2.215 | FAST    |
S_A_i[2][0][1] | S_C_o[2][0][3] |     4.461 | SLOW    |     2.317 | FAST    |
S_A_i[2][0][1] | S_C_o[2][0][4] |     4.461 | SLOW    |     2.317 | FAST    |
S_A_i[2][0][1] | S_C_o[2][0][5] |     4.683 | SLOW    |     2.440 | FAST    |
S_A_i[2][0][1] | S_C_o[2][0][6] |     4.912 | SLOW    |     2.573 | FAST    |
S_A_i[2][0][1] | S_C_o[2][0][7] |     4.934 | SLOW    |     2.587 | FAST    |
S_A_i[2][0][1] | S_C_o[2][1][1] |     4.286 | SLOW    |     2.226 | FAST    |
S_A_i[2][0][1] | S_C_o[2][1][2] |     4.282 | SLOW    |     2.215 | FAST    |
S_A_i[2][0][1] | S_C_o[2][1][3] |     4.461 | SLOW    |     2.317 | FAST    |
S_A_i[2][0][1] | S_C_o[2][1][4] |     4.461 | SLOW    |     2.317 | FAST    |
S_A_i[2][0][1] | S_C_o[2][1][5] |     4.683 | SLOW    |     2.440 | FAST    |
S_A_i[2][0][1] | S_C_o[2][1][6] |     4.912 | SLOW    |     2.573 | FAST    |
S_A_i[2][0][1] | S_C_o[2][1][7] |     4.934 | SLOW    |     2.587 | FAST    |
S_A_i[2][0][1] | S_C_o[2][2][1] |     4.286 | SLOW    |     2.226 | FAST    |
S_A_i[2][0][1] | S_C_o[2][2][2] |     4.282 | SLOW    |     2.215 | FAST    |
S_A_i[2][0][1] | S_C_o[2][2][3] |     4.461 | SLOW    |     2.317 | FAST    |
S_A_i[2][0][1] | S_C_o[2][2][4] |     4.461 | SLOW    |     2.317 | FAST    |
S_A_i[2][0][1] | S_C_o[2][2][5] |     4.683 | SLOW    |     2.440 | FAST    |
S_A_i[2][0][1] | S_C_o[2][2][6] |     4.912 | SLOW    |     2.573 | FAST    |
S_A_i[2][0][1] | S_C_o[2][2][7] |     4.934 | SLOW    |     2.587 | FAST    |
S_A_i[2][0][1] | S_C_o[2][3][1] |     4.286 | SLOW    |     2.226 | FAST    |
S_A_i[2][0][1] | S_C_o[2][3][2] |     4.282 | SLOW    |     2.215 | FAST    |
S_A_i[2][0][1] | S_C_o[2][3][3] |     4.461 | SLOW    |     2.317 | FAST    |
S_A_i[2][0][1] | S_C_o[2][3][4] |     4.461 | SLOW    |     2.317 | FAST    |
S_A_i[2][0][1] | S_C_o[2][3][5] |     4.683 | SLOW    |     2.440 | FAST    |
S_A_i[2][0][1] | S_C_o[2][3][6] |     4.912 | SLOW    |     2.573 | FAST    |
S_A_i[2][0][1] | S_C_o[2][3][7] |     4.934 | SLOW    |     2.587 | FAST    |
S_A_i[2][0][2] | S_C_o[2][0][2] |     4.246 | SLOW    |     2.201 | FAST    |
S_A_i[2][0][2] | S_C_o[2][0][3] |     4.479 | SLOW    |     2.321 | FAST    |
S_A_i[2][0][2] | S_C_o[2][0][4] |     4.479 | SLOW    |     2.321 | FAST    |
S_A_i[2][0][2] | S_C_o[2][0][5] |     4.701 | SLOW    |     2.444 | FAST    |
S_A_i[2][0][2] | S_C_o[2][0][6] |     4.930 | SLOW    |     2.577 | FAST    |
S_A_i[2][0][2] | S_C_o[2][0][7] |     4.952 | SLOW    |     2.591 | FAST    |
S_A_i[2][0][2] | S_C_o[2][1][2] |     4.246 | SLOW    |     2.201 | FAST    |
S_A_i[2][0][2] | S_C_o[2][1][3] |     4.479 | SLOW    |     2.321 | FAST    |
S_A_i[2][0][2] | S_C_o[2][1][4] |     4.479 | SLOW    |     2.321 | FAST    |
S_A_i[2][0][2] | S_C_o[2][1][5] |     4.701 | SLOW    |     2.444 | FAST    |
S_A_i[2][0][2] | S_C_o[2][1][6] |     4.930 | SLOW    |     2.577 | FAST    |
S_A_i[2][0][2] | S_C_o[2][1][7] |     4.952 | SLOW    |     2.591 | FAST    |
S_A_i[2][0][2] | S_C_o[2][2][2] |     4.246 | SLOW    |     2.201 | FAST    |
S_A_i[2][0][2] | S_C_o[2][2][3] |     4.479 | SLOW    |     2.321 | FAST    |
S_A_i[2][0][2] | S_C_o[2][2][4] |     4.479 | SLOW    |     2.321 | FAST    |
S_A_i[2][0][2] | S_C_o[2][2][5] |     4.701 | SLOW    |     2.444 | FAST    |
S_A_i[2][0][2] | S_C_o[2][2][6] |     4.930 | SLOW    |     2.577 | FAST    |
S_A_i[2][0][2] | S_C_o[2][2][7] |     4.952 | SLOW    |     2.591 | FAST    |
S_A_i[2][0][2] | S_C_o[2][3][2] |     4.246 | SLOW    |     2.201 | FAST    |
S_A_i[2][0][2] | S_C_o[2][3][3] |     4.479 | SLOW    |     2.321 | FAST    |
S_A_i[2][0][2] | S_C_o[2][3][4] |     4.479 | SLOW    |     2.321 | FAST    |
S_A_i[2][0][2] | S_C_o[2][3][5] |     4.701 | SLOW    |     2.444 | FAST    |
S_A_i[2][0][2] | S_C_o[2][3][6] |     4.930 | SLOW    |     2.577 | FAST    |
S_A_i[2][0][2] | S_C_o[2][3][7] |     4.952 | SLOW    |     2.591 | FAST    |
S_A_i[2][0][3] | S_C_o[2][0][3] |     4.255 | SLOW    |     2.206 | FAST    |
S_A_i[2][0][3] | S_C_o[2][0][4] |     4.250 | SLOW    |     2.198 | FAST    |
S_A_i[2][0][3] | S_C_o[2][0][5] |     4.486 | SLOW    |     2.335 | FAST    |
S_A_i[2][0][3] | S_C_o[2][0][6] |     4.715 | SLOW    |     2.468 | FAST    |
S_A_i[2][0][3] | S_C_o[2][0][7] |     4.737 | SLOW    |     2.482 | FAST    |
S_A_i[2][0][3] | S_C_o[2][1][3] |     4.255 | SLOW    |     2.206 | FAST    |
S_A_i[2][0][3] | S_C_o[2][1][4] |     4.250 | SLOW    |     2.198 | FAST    |
S_A_i[2][0][3] | S_C_o[2][1][5] |     4.486 | SLOW    |     2.335 | FAST    |
S_A_i[2][0][3] | S_C_o[2][1][6] |     4.715 | SLOW    |     2.468 | FAST    |
S_A_i[2][0][3] | S_C_o[2][1][7] |     4.737 | SLOW    |     2.482 | FAST    |
S_A_i[2][0][3] | S_C_o[2][2][3] |     4.255 | SLOW    |     2.206 | FAST    |
S_A_i[2][0][3] | S_C_o[2][2][4] |     4.250 | SLOW    |     2.198 | FAST    |
S_A_i[2][0][3] | S_C_o[2][2][5] |     4.486 | SLOW    |     2.335 | FAST    |
S_A_i[2][0][3] | S_C_o[2][2][6] |     4.715 | SLOW    |     2.468 | FAST    |
S_A_i[2][0][3] | S_C_o[2][2][7] |     4.737 | SLOW    |     2.482 | FAST    |
S_A_i[2][0][3] | S_C_o[2][3][3] |     4.255 | SLOW    |     2.206 | FAST    |
S_A_i[2][0][3] | S_C_o[2][3][4] |     4.250 | SLOW    |     2.198 | FAST    |
S_A_i[2][0][3] | S_C_o[2][3][5] |     4.486 | SLOW    |     2.335 | FAST    |
S_A_i[2][0][3] | S_C_o[2][3][6] |     4.715 | SLOW    |     2.468 | FAST    |
S_A_i[2][0][3] | S_C_o[2][3][7] |     4.737 | SLOW    |     2.482 | FAST    |
S_A_i[2][0][4] | S_C_o[2][0][4] |     4.246 | SLOW    |     2.201 | FAST    |
S_A_i[2][0][4] | S_C_o[2][0][5] |     4.463 | SLOW    |     2.316 | FAST    |
S_A_i[2][0][4] | S_C_o[2][0][6] |     4.692 | SLOW    |     2.449 | FAST    |
S_A_i[2][0][4] | S_C_o[2][0][7] |     4.714 | SLOW    |     2.463 | FAST    |
S_A_i[2][0][4] | S_C_o[2][1][4] |     4.246 | SLOW    |     2.201 | FAST    |
S_A_i[2][0][4] | S_C_o[2][1][5] |     4.463 | SLOW    |     2.316 | FAST    |
S_A_i[2][0][4] | S_C_o[2][1][6] |     4.692 | SLOW    |     2.449 | FAST    |
S_A_i[2][0][4] | S_C_o[2][1][7] |     4.714 | SLOW    |     2.463 | FAST    |
S_A_i[2][0][4] | S_C_o[2][2][4] |     4.246 | SLOW    |     2.201 | FAST    |
S_A_i[2][0][4] | S_C_o[2][2][5] |     4.463 | SLOW    |     2.316 | FAST    |
S_A_i[2][0][4] | S_C_o[2][2][6] |     4.692 | SLOW    |     2.449 | FAST    |
S_A_i[2][0][4] | S_C_o[2][2][7] |     4.714 | SLOW    |     2.463 | FAST    |
S_A_i[2][0][4] | S_C_o[2][3][4] |     4.246 | SLOW    |     2.201 | FAST    |
S_A_i[2][0][4] | S_C_o[2][3][5] |     4.463 | SLOW    |     2.316 | FAST    |
S_A_i[2][0][4] | S_C_o[2][3][6] |     4.692 | SLOW    |     2.449 | FAST    |
S_A_i[2][0][4] | S_C_o[2][3][7] |     4.714 | SLOW    |     2.463 | FAST    |
S_A_i[2][0][5] | S_C_o[2][0][5] |     4.246 | SLOW    |     2.201 | FAST    |
S_A_i[2][0][5] | S_C_o[2][0][6] |     4.477 | SLOW    |     2.330 | FAST    |
S_A_i[2][0][5] | S_C_o[2][0][7] |     4.499 | SLOW    |     2.344 | FAST    |
S_A_i[2][0][5] | S_C_o[2][1][5] |     4.246 | SLOW    |     2.201 | FAST    |
S_A_i[2][0][5] | S_C_o[2][1][6] |     4.477 | SLOW    |     2.330 | FAST    |
S_A_i[2][0][5] | S_C_o[2][1][7] |     4.499 | SLOW    |     2.344 | FAST    |
S_A_i[2][0][5] | S_C_o[2][2][5] |     4.246 | SLOW    |     2.201 | FAST    |
S_A_i[2][0][5] | S_C_o[2][2][6] |     4.477 | SLOW    |     2.330 | FAST    |
S_A_i[2][0][5] | S_C_o[2][2][7] |     4.499 | SLOW    |     2.344 | FAST    |
S_A_i[2][0][5] | S_C_o[2][3][5] |     4.246 | SLOW    |     2.201 | FAST    |
S_A_i[2][0][5] | S_C_o[2][3][6] |     4.477 | SLOW    |     2.330 | FAST    |
S_A_i[2][0][5] | S_C_o[2][3][7] |     4.499 | SLOW    |     2.344 | FAST    |
S_A_i[2][0][6] | S_C_o[2][0][6] |     4.246 | SLOW    |     2.201 | FAST    |
S_A_i[2][0][6] | S_C_o[2][0][7] |     4.263 | SLOW    |     2.207 | FAST    |
S_A_i[2][0][6] | S_C_o[2][1][6] |     4.246 | SLOW    |     2.201 | FAST    |
S_A_i[2][0][6] | S_C_o[2][1][7] |     4.263 | SLOW    |     2.207 | FAST    |
S_A_i[2][0][6] | S_C_o[2][2][6] |     4.246 | SLOW    |     2.201 | FAST    |
S_A_i[2][0][6] | S_C_o[2][2][7] |     4.263 | SLOW    |     2.207 | FAST    |
S_A_i[2][0][6] | S_C_o[2][3][6] |     4.246 | SLOW    |     2.201 | FAST    |
S_A_i[2][0][6] | S_C_o[2][3][7] |     4.263 | SLOW    |     2.207 | FAST    |
S_A_i[2][0][7] | S_C_o[2][0][7] |     4.261 | SLOW    |     2.213 | FAST    |
S_A_i[2][0][7] | S_C_o[2][1][7] |     4.261 | SLOW    |     2.213 | FAST    |
S_A_i[2][0][7] | S_C_o[2][2][7] |     4.261 | SLOW    |     2.213 | FAST    |
S_A_i[2][0][7] | S_C_o[2][3][7] |     4.261 | SLOW    |     2.213 | FAST    |
S_A_i[3][0][0] | S_C_o[3][0][0] |     4.261 | SLOW    |     2.209 | FAST    |
S_A_i[3][0][0] | S_C_o[3][0][1] |     4.278 | SLOW    |     2.215 | FAST    |
S_A_i[3][0][0] | S_C_o[3][0][2] |     4.288 | SLOW    |     2.218 | FAST    |
S_A_i[3][0][0] | S_C_o[3][0][3] |     4.462 | SLOW    |     2.312 | FAST    |
S_A_i[3][0][0] | S_C_o[3][0][4] |     4.462 | SLOW    |     2.312 | FAST    |
S_A_i[3][0][0] | S_C_o[3][0][5] |     4.684 | SLOW    |     2.435 | FAST    |
S_A_i[3][0][0] | S_C_o[3][0][6] |     4.913 | SLOW    |     2.568 | FAST    |
S_A_i[3][0][0] | S_C_o[3][0][7] |     4.935 | SLOW    |     2.582 | FAST    |
S_A_i[3][0][0] | S_C_o[3][1][0] |     4.261 | SLOW    |     2.209 | FAST    |
S_A_i[3][0][0] | S_C_o[3][1][1] |     4.278 | SLOW    |     2.215 | FAST    |
S_A_i[3][0][0] | S_C_o[3][1][2] |     4.288 | SLOW    |     2.218 | FAST    |
S_A_i[3][0][0] | S_C_o[3][1][3] |     4.462 | SLOW    |     2.312 | FAST    |
S_A_i[3][0][0] | S_C_o[3][1][4] |     4.462 | SLOW    |     2.312 | FAST    |
S_A_i[3][0][0] | S_C_o[3][1][5] |     4.684 | SLOW    |     2.435 | FAST    |
S_A_i[3][0][0] | S_C_o[3][1][6] |     4.913 | SLOW    |     2.568 | FAST    |
S_A_i[3][0][0] | S_C_o[3][1][7] |     4.935 | SLOW    |     2.582 | FAST    |
S_A_i[3][0][0] | S_C_o[3][2][0] |     4.261 | SLOW    |     2.209 | FAST    |
S_A_i[3][0][0] | S_C_o[3][2][1] |     4.278 | SLOW    |     2.215 | FAST    |
S_A_i[3][0][0] | S_C_o[3][2][2] |     4.288 | SLOW    |     2.218 | FAST    |
S_A_i[3][0][0] | S_C_o[3][2][3] |     4.462 | SLOW    |     2.312 | FAST    |
S_A_i[3][0][0] | S_C_o[3][2][4] |     4.462 | SLOW    |     2.312 | FAST    |
S_A_i[3][0][0] | S_C_o[3][2][5] |     4.684 | SLOW    |     2.435 | FAST    |
S_A_i[3][0][0] | S_C_o[3][2][6] |     4.913 | SLOW    |     2.568 | FAST    |
S_A_i[3][0][0] | S_C_o[3][2][7] |     4.935 | SLOW    |     2.582 | FAST    |
S_A_i[3][0][0] | S_C_o[3][3][0] |     4.261 | SLOW    |     2.209 | FAST    |
S_A_i[3][0][0] | S_C_o[3][3][1] |     4.278 | SLOW    |     2.215 | FAST    |
S_A_i[3][0][0] | S_C_o[3][3][2] |     4.288 | SLOW    |     2.218 | FAST    |
S_A_i[3][0][0] | S_C_o[3][3][3] |     4.462 | SLOW    |     2.312 | FAST    |
S_A_i[3][0][0] | S_C_o[3][3][4] |     4.462 | SLOW    |     2.312 | FAST    |
S_A_i[3][0][0] | S_C_o[3][3][5] |     4.684 | SLOW    |     2.435 | FAST    |
S_A_i[3][0][0] | S_C_o[3][3][6] |     4.913 | SLOW    |     2.568 | FAST    |
S_A_i[3][0][0] | S_C_o[3][3][7] |     4.935 | SLOW    |     2.582 | FAST    |
S_A_i[3][0][1] | S_C_o[3][0][1] |     4.286 | SLOW    |     2.226 | FAST    |
S_A_i[3][0][1] | S_C_o[3][0][2] |     4.282 | SLOW    |     2.215 | FAST    |
S_A_i[3][0][1] | S_C_o[3][0][3] |     4.461 | SLOW    |     2.317 | FAST    |
S_A_i[3][0][1] | S_C_o[3][0][4] |     4.461 | SLOW    |     2.317 | FAST    |
S_A_i[3][0][1] | S_C_o[3][0][5] |     4.683 | SLOW    |     2.440 | FAST    |
S_A_i[3][0][1] | S_C_o[3][0][6] |     4.912 | SLOW    |     2.573 | FAST    |
S_A_i[3][0][1] | S_C_o[3][0][7] |     4.934 | SLOW    |     2.587 | FAST    |
S_A_i[3][0][1] | S_C_o[3][1][1] |     4.286 | SLOW    |     2.226 | FAST    |
S_A_i[3][0][1] | S_C_o[3][1][2] |     4.282 | SLOW    |     2.215 | FAST    |
S_A_i[3][0][1] | S_C_o[3][1][3] |     4.461 | SLOW    |     2.317 | FAST    |
S_A_i[3][0][1] | S_C_o[3][1][4] |     4.461 | SLOW    |     2.317 | FAST    |
S_A_i[3][0][1] | S_C_o[3][1][5] |     4.683 | SLOW    |     2.440 | FAST    |
S_A_i[3][0][1] | S_C_o[3][1][6] |     4.912 | SLOW    |     2.573 | FAST    |
S_A_i[3][0][1] | S_C_o[3][1][7] |     4.934 | SLOW    |     2.587 | FAST    |
S_A_i[3][0][1] | S_C_o[3][2][1] |     4.286 | SLOW    |     2.226 | FAST    |
S_A_i[3][0][1] | S_C_o[3][2][2] |     4.282 | SLOW    |     2.215 | FAST    |
S_A_i[3][0][1] | S_C_o[3][2][3] |     4.461 | SLOW    |     2.317 | FAST    |
S_A_i[3][0][1] | S_C_o[3][2][4] |     4.461 | SLOW    |     2.317 | FAST    |
S_A_i[3][0][1] | S_C_o[3][2][5] |     4.683 | SLOW    |     2.440 | FAST    |
S_A_i[3][0][1] | S_C_o[3][2][6] |     4.912 | SLOW    |     2.573 | FAST    |
S_A_i[3][0][1] | S_C_o[3][2][7] |     4.934 | SLOW    |     2.587 | FAST    |
S_A_i[3][0][1] | S_C_o[3][3][1] |     4.286 | SLOW    |     2.226 | FAST    |
S_A_i[3][0][1] | S_C_o[3][3][2] |     4.282 | SLOW    |     2.215 | FAST    |
S_A_i[3][0][1] | S_C_o[3][3][3] |     4.461 | SLOW    |     2.317 | FAST    |
S_A_i[3][0][1] | S_C_o[3][3][4] |     4.461 | SLOW    |     2.317 | FAST    |
S_A_i[3][0][1] | S_C_o[3][3][5] |     4.683 | SLOW    |     2.440 | FAST    |
S_A_i[3][0][1] | S_C_o[3][3][6] |     4.912 | SLOW    |     2.573 | FAST    |
S_A_i[3][0][1] | S_C_o[3][3][7] |     4.934 | SLOW    |     2.587 | FAST    |
S_A_i[3][0][2] | S_C_o[3][0][2] |     4.246 | SLOW    |     2.201 | FAST    |
S_A_i[3][0][2] | S_C_o[3][0][3] |     4.479 | SLOW    |     2.321 | FAST    |
S_A_i[3][0][2] | S_C_o[3][0][4] |     4.479 | SLOW    |     2.321 | FAST    |
S_A_i[3][0][2] | S_C_o[3][0][5] |     4.701 | SLOW    |     2.444 | FAST    |
S_A_i[3][0][2] | S_C_o[3][0][6] |     4.930 | SLOW    |     2.577 | FAST    |
S_A_i[3][0][2] | S_C_o[3][0][7] |     4.952 | SLOW    |     2.591 | FAST    |
S_A_i[3][0][2] | S_C_o[3][1][2] |     4.246 | SLOW    |     2.201 | FAST    |
S_A_i[3][0][2] | S_C_o[3][1][3] |     4.479 | SLOW    |     2.321 | FAST    |
S_A_i[3][0][2] | S_C_o[3][1][4] |     4.479 | SLOW    |     2.321 | FAST    |
S_A_i[3][0][2] | S_C_o[3][1][5] |     4.701 | SLOW    |     2.444 | FAST    |
S_A_i[3][0][2] | S_C_o[3][1][6] |     4.930 | SLOW    |     2.577 | FAST    |
S_A_i[3][0][2] | S_C_o[3][1][7] |     4.952 | SLOW    |     2.591 | FAST    |
S_A_i[3][0][2] | S_C_o[3][2][2] |     4.246 | SLOW    |     2.201 | FAST    |
S_A_i[3][0][2] | S_C_o[3][2][3] |     4.479 | SLOW    |     2.321 | FAST    |
S_A_i[3][0][2] | S_C_o[3][2][4] |     4.479 | SLOW    |     2.321 | FAST    |
S_A_i[3][0][2] | S_C_o[3][2][5] |     4.701 | SLOW    |     2.444 | FAST    |
S_A_i[3][0][2] | S_C_o[3][2][6] |     4.930 | SLOW    |     2.577 | FAST    |
S_A_i[3][0][2] | S_C_o[3][2][7] |     4.952 | SLOW    |     2.591 | FAST    |
S_A_i[3][0][2] | S_C_o[3][3][2] |     4.246 | SLOW    |     2.201 | FAST    |
S_A_i[3][0][2] | S_C_o[3][3][3] |     4.479 | SLOW    |     2.321 | FAST    |
S_A_i[3][0][2] | S_C_o[3][3][4] |     4.479 | SLOW    |     2.321 | FAST    |
S_A_i[3][0][2] | S_C_o[3][3][5] |     4.701 | SLOW    |     2.444 | FAST    |
S_A_i[3][0][2] | S_C_o[3][3][6] |     4.930 | SLOW    |     2.577 | FAST    |
S_A_i[3][0][2] | S_C_o[3][3][7] |     4.952 | SLOW    |     2.591 | FAST    |
S_A_i[3][0][3] | S_C_o[3][0][3] |     4.255 | SLOW    |     2.206 | FAST    |
S_A_i[3][0][3] | S_C_o[3][0][4] |     4.250 | SLOW    |     2.198 | FAST    |
S_A_i[3][0][3] | S_C_o[3][0][5] |     4.486 | SLOW    |     2.335 | FAST    |
S_A_i[3][0][3] | S_C_o[3][0][6] |     4.715 | SLOW    |     2.468 | FAST    |
S_A_i[3][0][3] | S_C_o[3][0][7] |     4.737 | SLOW    |     2.482 | FAST    |
S_A_i[3][0][3] | S_C_o[3][1][3] |     4.255 | SLOW    |     2.206 | FAST    |
S_A_i[3][0][3] | S_C_o[3][1][4] |     4.250 | SLOW    |     2.198 | FAST    |
S_A_i[3][0][3] | S_C_o[3][1][5] |     4.486 | SLOW    |     2.335 | FAST    |
S_A_i[3][0][3] | S_C_o[3][1][6] |     4.715 | SLOW    |     2.468 | FAST    |
S_A_i[3][0][3] | S_C_o[3][1][7] |     4.737 | SLOW    |     2.482 | FAST    |
S_A_i[3][0][3] | S_C_o[3][2][3] |     4.255 | SLOW    |     2.206 | FAST    |
S_A_i[3][0][3] | S_C_o[3][2][4] |     4.250 | SLOW    |     2.198 | FAST    |
S_A_i[3][0][3] | S_C_o[3][2][5] |     4.486 | SLOW    |     2.335 | FAST    |
S_A_i[3][0][3] | S_C_o[3][2][6] |     4.715 | SLOW    |     2.468 | FAST    |
S_A_i[3][0][3] | S_C_o[3][2][7] |     4.737 | SLOW    |     2.482 | FAST    |
S_A_i[3][0][3] | S_C_o[3][3][3] |     4.255 | SLOW    |     2.206 | FAST    |
S_A_i[3][0][3] | S_C_o[3][3][4] |     4.250 | SLOW    |     2.198 | FAST    |
S_A_i[3][0][3] | S_C_o[3][3][5] |     4.486 | SLOW    |     2.335 | FAST    |
S_A_i[3][0][3] | S_C_o[3][3][6] |     4.715 | SLOW    |     2.468 | FAST    |
S_A_i[3][0][3] | S_C_o[3][3][7] |     4.737 | SLOW    |     2.482 | FAST    |
S_A_i[3][0][4] | S_C_o[3][0][4] |     4.246 | SLOW    |     2.201 | FAST    |
S_A_i[3][0][4] | S_C_o[3][0][5] |     4.463 | SLOW    |     2.316 | FAST    |
S_A_i[3][0][4] | S_C_o[3][0][6] |     4.692 | SLOW    |     2.449 | FAST    |
S_A_i[3][0][4] | S_C_o[3][0][7] |     4.714 | SLOW    |     2.463 | FAST    |
S_A_i[3][0][4] | S_C_o[3][1][4] |     4.246 | SLOW    |     2.201 | FAST    |
S_A_i[3][0][4] | S_C_o[3][1][5] |     4.463 | SLOW    |     2.316 | FAST    |
S_A_i[3][0][4] | S_C_o[3][1][6] |     4.692 | SLOW    |     2.449 | FAST    |
S_A_i[3][0][4] | S_C_o[3][1][7] |     4.714 | SLOW    |     2.463 | FAST    |
S_A_i[3][0][4] | S_C_o[3][2][4] |     4.246 | SLOW    |     2.201 | FAST    |
S_A_i[3][0][4] | S_C_o[3][2][5] |     4.463 | SLOW    |     2.316 | FAST    |
S_A_i[3][0][4] | S_C_o[3][2][6] |     4.692 | SLOW    |     2.449 | FAST    |
S_A_i[3][0][4] | S_C_o[3][2][7] |     4.714 | SLOW    |     2.463 | FAST    |
S_A_i[3][0][4] | S_C_o[3][3][4] |     4.246 | SLOW    |     2.201 | FAST    |
S_A_i[3][0][4] | S_C_o[3][3][5] |     4.463 | SLOW    |     2.316 | FAST    |
S_A_i[3][0][4] | S_C_o[3][3][6] |     4.692 | SLOW    |     2.449 | FAST    |
S_A_i[3][0][4] | S_C_o[3][3][7] |     4.714 | SLOW    |     2.463 | FAST    |
S_A_i[3][0][5] | S_C_o[3][0][5] |     4.246 | SLOW    |     2.201 | FAST    |
S_A_i[3][0][5] | S_C_o[3][0][6] |     4.477 | SLOW    |     2.330 | FAST    |
S_A_i[3][0][5] | S_C_o[3][0][7] |     4.499 | SLOW    |     2.344 | FAST    |
S_A_i[3][0][5] | S_C_o[3][1][5] |     4.246 | SLOW    |     2.201 | FAST    |
S_A_i[3][0][5] | S_C_o[3][1][6] |     4.477 | SLOW    |     2.330 | FAST    |
S_A_i[3][0][5] | S_C_o[3][1][7] |     4.499 | SLOW    |     2.344 | FAST    |
S_A_i[3][0][5] | S_C_o[3][2][5] |     4.246 | SLOW    |     2.201 | FAST    |
S_A_i[3][0][5] | S_C_o[3][2][6] |     4.477 | SLOW    |     2.330 | FAST    |
S_A_i[3][0][5] | S_C_o[3][2][7] |     4.499 | SLOW    |     2.344 | FAST    |
S_A_i[3][0][5] | S_C_o[3][3][5] |     4.246 | SLOW    |     2.201 | FAST    |
S_A_i[3][0][5] | S_C_o[3][3][6] |     4.477 | SLOW    |     2.330 | FAST    |
S_A_i[3][0][5] | S_C_o[3][3][7] |     4.499 | SLOW    |     2.344 | FAST    |
S_A_i[3][0][6] | S_C_o[3][0][6] |     4.246 | SLOW    |     2.201 | FAST    |
S_A_i[3][0][6] | S_C_o[3][0][7] |     4.263 | SLOW    |     2.207 | FAST    |
S_A_i[3][0][6] | S_C_o[3][1][6] |     4.246 | SLOW    |     2.201 | FAST    |
S_A_i[3][0][6] | S_C_o[3][1][7] |     4.263 | SLOW    |     2.207 | FAST    |
S_A_i[3][0][6] | S_C_o[3][2][6] |     4.246 | SLOW    |     2.201 | FAST    |
S_A_i[3][0][6] | S_C_o[3][2][7] |     4.263 | SLOW    |     2.207 | FAST    |
S_A_i[3][0][6] | S_C_o[3][3][6] |     4.246 | SLOW    |     2.201 | FAST    |
S_A_i[3][0][6] | S_C_o[3][3][7] |     4.263 | SLOW    |     2.207 | FAST    |
S_A_i[3][0][7] | S_C_o[3][0][7] |     4.261 | SLOW    |     2.213 | FAST    |
S_A_i[3][0][7] | S_C_o[3][1][7] |     4.261 | SLOW    |     2.213 | FAST    |
S_A_i[3][0][7] | S_C_o[3][2][7] |     4.261 | SLOW    |     2.213 | FAST    |
S_A_i[3][0][7] | S_C_o[3][3][7] |     4.261 | SLOW    |     2.213 | FAST    |
S_B_i[0][0][0] | S_C_o[0][0][0] |     4.261 | SLOW    |     2.209 | FAST    |
S_B_i[0][0][0] | S_C_o[0][0][1] |     4.278 | SLOW    |     2.215 | FAST    |
S_B_i[0][0][0] | S_C_o[0][0][2] |     4.256 | SLOW    |     2.201 | FAST    |
S_B_i[0][0][0] | S_C_o[0][0][3] |     4.494 | SLOW    |     2.329 | FAST    |
S_B_i[0][0][0] | S_C_o[0][0][4] |     4.494 | SLOW    |     2.329 | FAST    |
S_B_i[0][0][0] | S_C_o[0][0][5] |     4.716 | SLOW    |     2.452 | FAST    |
S_B_i[0][0][0] | S_C_o[0][0][6] |     4.945 | SLOW    |     2.585 | FAST    |
S_B_i[0][0][0] | S_C_o[0][0][7] |     4.967 | SLOW    |     2.599 | FAST    |
S_B_i[0][0][0] | S_C_o[1][0][0] |     4.261 | SLOW    |     2.209 | FAST    |
S_B_i[0][0][0] | S_C_o[1][0][1] |     4.278 | SLOW    |     2.215 | FAST    |
S_B_i[0][0][0] | S_C_o[1][0][2] |     4.256 | SLOW    |     2.201 | FAST    |
S_B_i[0][0][0] | S_C_o[1][0][3] |     4.494 | SLOW    |     2.329 | FAST    |
S_B_i[0][0][0] | S_C_o[1][0][4] |     4.494 | SLOW    |     2.329 | FAST    |
S_B_i[0][0][0] | S_C_o[1][0][5] |     4.716 | SLOW    |     2.452 | FAST    |
S_B_i[0][0][0] | S_C_o[1][0][6] |     4.945 | SLOW    |     2.585 | FAST    |
S_B_i[0][0][0] | S_C_o[1][0][7] |     4.967 | SLOW    |     2.599 | FAST    |
S_B_i[0][0][0] | S_C_o[2][0][0] |     4.261 | SLOW    |     2.209 | FAST    |
S_B_i[0][0][0] | S_C_o[2][0][1] |     4.278 | SLOW    |     2.215 | FAST    |
S_B_i[0][0][0] | S_C_o[2][0][2] |     4.256 | SLOW    |     2.201 | FAST    |
S_B_i[0][0][0] | S_C_o[2][0][3] |     4.494 | SLOW    |     2.329 | FAST    |
S_B_i[0][0][0] | S_C_o[2][0][4] |     4.494 | SLOW    |     2.329 | FAST    |
S_B_i[0][0][0] | S_C_o[2][0][5] |     4.716 | SLOW    |     2.452 | FAST    |
S_B_i[0][0][0] | S_C_o[2][0][6] |     4.945 | SLOW    |     2.585 | FAST    |
S_B_i[0][0][0] | S_C_o[2][0][7] |     4.967 | SLOW    |     2.599 | FAST    |
S_B_i[0][0][0] | S_C_o[3][0][0] |     4.261 | SLOW    |     2.209 | FAST    |
S_B_i[0][0][0] | S_C_o[3][0][1] |     4.278 | SLOW    |     2.215 | FAST    |
S_B_i[0][0][0] | S_C_o[3][0][2] |     4.256 | SLOW    |     2.201 | FAST    |
S_B_i[0][0][0] | S_C_o[3][0][3] |     4.494 | SLOW    |     2.329 | FAST    |
S_B_i[0][0][0] | S_C_o[3][0][4] |     4.494 | SLOW    |     2.329 | FAST    |
S_B_i[0][0][0] | S_C_o[3][0][5] |     4.716 | SLOW    |     2.452 | FAST    |
S_B_i[0][0][0] | S_C_o[3][0][6] |     4.945 | SLOW    |     2.585 | FAST    |
S_B_i[0][0][0] | S_C_o[3][0][7] |     4.967 | SLOW    |     2.599 | FAST    |
S_B_i[0][0][1] | S_C_o[0][0][1] |     4.286 | SLOW    |     2.226 | FAST    |
S_B_i[0][0][1] | S_C_o[0][0][2] |     4.250 | SLOW    |     2.198 | FAST    |
S_B_i[0][0][1] | S_C_o[0][0][3] |     4.461 | SLOW    |     2.317 | FAST    |
S_B_i[0][0][1] | S_C_o[0][0][4] |     4.461 | SLOW    |     2.317 | FAST    |
S_B_i[0][0][1] | S_C_o[0][0][5] |     4.683 | SLOW    |     2.440 | FAST    |
S_B_i[0][0][1] | S_C_o[0][0][6] |     4.912 | SLOW    |     2.573 | FAST    |
S_B_i[0][0][1] | S_C_o[0][0][7] |     4.934 | SLOW    |     2.587 | FAST    |
S_B_i[0][0][1] | S_C_o[1][0][1] |     4.286 | SLOW    |     2.226 | FAST    |
S_B_i[0][0][1] | S_C_o[1][0][2] |     4.250 | SLOW    |     2.198 | FAST    |
S_B_i[0][0][1] | S_C_o[1][0][3] |     4.461 | SLOW    |     2.317 | FAST    |
S_B_i[0][0][1] | S_C_o[1][0][4] |     4.461 | SLOW    |     2.317 | FAST    |
S_B_i[0][0][1] | S_C_o[1][0][5] |     4.683 | SLOW    |     2.440 | FAST    |
S_B_i[0][0][1] | S_C_o[1][0][6] |     4.912 | SLOW    |     2.573 | FAST    |
S_B_i[0][0][1] | S_C_o[1][0][7] |     4.934 | SLOW    |     2.587 | FAST    |
S_B_i[0][0][1] | S_C_o[2][0][1] |     4.286 | SLOW    |     2.226 | FAST    |
S_B_i[0][0][1] | S_C_o[2][0][2] |     4.250 | SLOW    |     2.198 | FAST    |
S_B_i[0][0][1] | S_C_o[2][0][3] |     4.461 | SLOW    |     2.317 | FAST    |
S_B_i[0][0][1] | S_C_o[2][0][4] |     4.461 | SLOW    |     2.317 | FAST    |
S_B_i[0][0][1] | S_C_o[2][0][5] |     4.683 | SLOW    |     2.440 | FAST    |
S_B_i[0][0][1] | S_C_o[2][0][6] |     4.912 | SLOW    |     2.573 | FAST    |
S_B_i[0][0][1] | S_C_o[2][0][7] |     4.934 | SLOW    |     2.587 | FAST    |
S_B_i[0][0][1] | S_C_o[3][0][1] |     4.286 | SLOW    |     2.226 | FAST    |
S_B_i[0][0][1] | S_C_o[3][0][2] |     4.250 | SLOW    |     2.198 | FAST    |
S_B_i[0][0][1] | S_C_o[3][0][3] |     4.461 | SLOW    |     2.317 | FAST    |
S_B_i[0][0][1] | S_C_o[3][0][4] |     4.461 | SLOW    |     2.317 | FAST    |
S_B_i[0][0][1] | S_C_o[3][0][5] |     4.683 | SLOW    |     2.440 | FAST    |
S_B_i[0][0][1] | S_C_o[3][0][6] |     4.912 | SLOW    |     2.573 | FAST    |
S_B_i[0][0][1] | S_C_o[3][0][7] |     4.934 | SLOW    |     2.587 | FAST    |
S_B_i[0][0][2] | S_C_o[0][0][2] |     4.246 | SLOW    |     2.201 | FAST    |
S_B_i[0][0][2] | S_C_o[0][0][3] |     4.447 | SLOW    |     2.304 | FAST    |
S_B_i[0][0][2] | S_C_o[0][0][4] |     4.447 | SLOW    |     2.304 | FAST    |
S_B_i[0][0][2] | S_C_o[0][0][5] |     4.669 | SLOW    |     2.427 | FAST    |
S_B_i[0][0][2] | S_C_o[0][0][6] |     4.898 | SLOW    |     2.560 | FAST    |
S_B_i[0][0][2] | S_C_o[0][0][7] |     4.920 | SLOW    |     2.574 | FAST    |
S_B_i[0][0][2] | S_C_o[1][0][2] |     4.246 | SLOW    |     2.201 | FAST    |
S_B_i[0][0][2] | S_C_o[1][0][3] |     4.447 | SLOW    |     2.304 | FAST    |
S_B_i[0][0][2] | S_C_o[1][0][4] |     4.447 | SLOW    |     2.304 | FAST    |
S_B_i[0][0][2] | S_C_o[1][0][5] |     4.669 | SLOW    |     2.427 | FAST    |
S_B_i[0][0][2] | S_C_o[1][0][6] |     4.898 | SLOW    |     2.560 | FAST    |
S_B_i[0][0][2] | S_C_o[1][0][7] |     4.920 | SLOW    |     2.574 | FAST    |
S_B_i[0][0][2] | S_C_o[2][0][2] |     4.246 | SLOW    |     2.201 | FAST    |
S_B_i[0][0][2] | S_C_o[2][0][3] |     4.447 | SLOW    |     2.304 | FAST    |
S_B_i[0][0][2] | S_C_o[2][0][4] |     4.447 | SLOW    |     2.304 | FAST    |
S_B_i[0][0][2] | S_C_o[2][0][5] |     4.669 | SLOW    |     2.427 | FAST    |
S_B_i[0][0][2] | S_C_o[2][0][6] |     4.898 | SLOW    |     2.560 | FAST    |
S_B_i[0][0][2] | S_C_o[2][0][7] |     4.920 | SLOW    |     2.574 | FAST    |
S_B_i[0][0][2] | S_C_o[3][0][2] |     4.246 | SLOW    |     2.201 | FAST    |
S_B_i[0][0][2] | S_C_o[3][0][3] |     4.447 | SLOW    |     2.304 | FAST    |
S_B_i[0][0][2] | S_C_o[3][0][4] |     4.447 | SLOW    |     2.304 | FAST    |
S_B_i[0][0][2] | S_C_o[3][0][5] |     4.669 | SLOW    |     2.427 | FAST    |
S_B_i[0][0][2] | S_C_o[3][0][6] |     4.898 | SLOW    |     2.560 | FAST    |
S_B_i[0][0][2] | S_C_o[3][0][7] |     4.920 | SLOW    |     2.574 | FAST    |
S_B_i[0][0][3] | S_C_o[0][0][3] |     4.255 | SLOW    |     2.206 | FAST    |
S_B_i[0][0][3] | S_C_o[0][0][4] |     4.250 | SLOW    |     2.198 | FAST    |
S_B_i[0][0][3] | S_C_o[0][0][5] |     4.486 | SLOW    |     2.335 | FAST    |
S_B_i[0][0][3] | S_C_o[0][0][6] |     4.715 | SLOW    |     2.468 | FAST    |
S_B_i[0][0][3] | S_C_o[0][0][7] |     4.737 | SLOW    |     2.482 | FAST    |
S_B_i[0][0][3] | S_C_o[1][0][3] |     4.255 | SLOW    |     2.206 | FAST    |
S_B_i[0][0][3] | S_C_o[1][0][4] |     4.250 | SLOW    |     2.198 | FAST    |
S_B_i[0][0][3] | S_C_o[1][0][5] |     4.486 | SLOW    |     2.335 | FAST    |
S_B_i[0][0][3] | S_C_o[1][0][6] |     4.715 | SLOW    |     2.468 | FAST    |
S_B_i[0][0][3] | S_C_o[1][0][7] |     4.737 | SLOW    |     2.482 | FAST    |
S_B_i[0][0][3] | S_C_o[2][0][3] |     4.255 | SLOW    |     2.206 | FAST    |
S_B_i[0][0][3] | S_C_o[2][0][4] |     4.250 | SLOW    |     2.198 | FAST    |
S_B_i[0][0][3] | S_C_o[2][0][5] |     4.486 | SLOW    |     2.335 | FAST    |
S_B_i[0][0][3] | S_C_o[2][0][6] |     4.715 | SLOW    |     2.468 | FAST    |
S_B_i[0][0][3] | S_C_o[2][0][7] |     4.737 | SLOW    |     2.482 | FAST    |
S_B_i[0][0][3] | S_C_o[3][0][3] |     4.255 | SLOW    |     2.206 | FAST    |
S_B_i[0][0][3] | S_C_o[3][0][4] |     4.250 | SLOW    |     2.198 | FAST    |
S_B_i[0][0][3] | S_C_o[3][0][5] |     4.486 | SLOW    |     2.335 | FAST    |
S_B_i[0][0][3] | S_C_o[3][0][6] |     4.715 | SLOW    |     2.468 | FAST    |
S_B_i[0][0][3] | S_C_o[3][0][7] |     4.737 | SLOW    |     2.482 | FAST    |
S_B_i[0][0][4] | S_C_o[0][0][4] |     4.246 | SLOW    |     2.201 | FAST    |
S_B_i[0][0][4] | S_C_o[0][0][5] |     4.463 | SLOW    |     2.316 | FAST    |
S_B_i[0][0][4] | S_C_o[0][0][6] |     4.692 | SLOW    |     2.449 | FAST    |
S_B_i[0][0][4] | S_C_o[0][0][7] |     4.714 | SLOW    |     2.463 | FAST    |
S_B_i[0][0][4] | S_C_o[1][0][4] |     4.246 | SLOW    |     2.201 | FAST    |
S_B_i[0][0][4] | S_C_o[1][0][5] |     4.463 | SLOW    |     2.316 | FAST    |
S_B_i[0][0][4] | S_C_o[1][0][6] |     4.692 | SLOW    |     2.449 | FAST    |
S_B_i[0][0][4] | S_C_o[1][0][7] |     4.714 | SLOW    |     2.463 | FAST    |
S_B_i[0][0][4] | S_C_o[2][0][4] |     4.246 | SLOW    |     2.201 | FAST    |
S_B_i[0][0][4] | S_C_o[2][0][5] |     4.463 | SLOW    |     2.316 | FAST    |
S_B_i[0][0][4] | S_C_o[2][0][6] |     4.692 | SLOW    |     2.449 | FAST    |
S_B_i[0][0][4] | S_C_o[2][0][7] |     4.714 | SLOW    |     2.463 | FAST    |
S_B_i[0][0][4] | S_C_o[3][0][4] |     4.246 | SLOW    |     2.201 | FAST    |
S_B_i[0][0][4] | S_C_o[3][0][5] |     4.463 | SLOW    |     2.316 | FAST    |
S_B_i[0][0][4] | S_C_o[3][0][6] |     4.692 | SLOW    |     2.449 | FAST    |
S_B_i[0][0][4] | S_C_o[3][0][7] |     4.714 | SLOW    |     2.463 | FAST    |
S_B_i[0][0][5] | S_C_o[0][0][5] |     4.246 | SLOW    |     2.201 | FAST    |
S_B_i[0][0][5] | S_C_o[0][0][6] |     4.463 | SLOW    |     2.316 | FAST    |
S_B_i[0][0][5] | S_C_o[0][0][7] |     4.485 | SLOW    |     2.330 | FAST    |
S_B_i[0][0][5] | S_C_o[1][0][5] |     4.246 | SLOW    |     2.201 | FAST    |
S_B_i[0][0][5] | S_C_o[1][0][6] |     4.463 | SLOW    |     2.316 | FAST    |
S_B_i[0][0][5] | S_C_o[1][0][7] |     4.485 | SLOW    |     2.330 | FAST    |
S_B_i[0][0][5] | S_C_o[2][0][5] |     4.246 | SLOW    |     2.201 | FAST    |
S_B_i[0][0][5] | S_C_o[2][0][6] |     4.463 | SLOW    |     2.316 | FAST    |
S_B_i[0][0][5] | S_C_o[2][0][7] |     4.485 | SLOW    |     2.330 | FAST    |
S_B_i[0][0][5] | S_C_o[3][0][5] |     4.246 | SLOW    |     2.201 | FAST    |
S_B_i[0][0][5] | S_C_o[3][0][6] |     4.463 | SLOW    |     2.316 | FAST    |
S_B_i[0][0][5] | S_C_o[3][0][7] |     4.485 | SLOW    |     2.330 | FAST    |
S_B_i[0][0][6] | S_C_o[0][0][6] |     4.246 | SLOW    |     2.201 | FAST    |
S_B_i[0][0][6] | S_C_o[0][0][7] |     4.263 | SLOW    |     2.207 | FAST    |
S_B_i[0][0][6] | S_C_o[1][0][6] |     4.246 | SLOW    |     2.201 | FAST    |
S_B_i[0][0][6] | S_C_o[1][0][7] |     4.263 | SLOW    |     2.207 | FAST    |
S_B_i[0][0][6] | S_C_o[2][0][6] |     4.246 | SLOW    |     2.201 | FAST    |
S_B_i[0][0][6] | S_C_o[2][0][7] |     4.263 | SLOW    |     2.207 | FAST    |
S_B_i[0][0][6] | S_C_o[3][0][6] |     4.246 | SLOW    |     2.201 | FAST    |
S_B_i[0][0][6] | S_C_o[3][0][7] |     4.263 | SLOW    |     2.207 | FAST    |
S_B_i[0][0][7] | S_C_o[0][0][7] |     4.261 | SLOW    |     2.213 | FAST    |
S_B_i[0][0][7] | S_C_o[1][0][7] |     4.261 | SLOW    |     2.213 | FAST    |
S_B_i[0][0][7] | S_C_o[2][0][7] |     4.261 | SLOW    |     2.213 | FAST    |
S_B_i[0][0][7] | S_C_o[3][0][7] |     4.261 | SLOW    |     2.213 | FAST    |
S_B_i[0][1][0] | S_C_o[0][1][0] |     4.261 | SLOW    |     2.209 | FAST    |
S_B_i[0][1][0] | S_C_o[0][1][1] |     4.278 | SLOW    |     2.215 | FAST    |
S_B_i[0][1][0] | S_C_o[0][1][2] |     4.256 | SLOW    |     2.201 | FAST    |
S_B_i[0][1][0] | S_C_o[0][1][3] |     4.494 | SLOW    |     2.329 | FAST    |
S_B_i[0][1][0] | S_C_o[0][1][4] |     4.494 | SLOW    |     2.329 | FAST    |
S_B_i[0][1][0] | S_C_o[0][1][5] |     4.716 | SLOW    |     2.452 | FAST    |
S_B_i[0][1][0] | S_C_o[0][1][6] |     4.945 | SLOW    |     2.585 | FAST    |
S_B_i[0][1][0] | S_C_o[0][1][7] |     4.967 | SLOW    |     2.599 | FAST    |
S_B_i[0][1][0] | S_C_o[1][1][0] |     4.261 | SLOW    |     2.209 | FAST    |
S_B_i[0][1][0] | S_C_o[1][1][1] |     4.278 | SLOW    |     2.215 | FAST    |
S_B_i[0][1][0] | S_C_o[1][1][2] |     4.256 | SLOW    |     2.201 | FAST    |
S_B_i[0][1][0] | S_C_o[1][1][3] |     4.494 | SLOW    |     2.329 | FAST    |
S_B_i[0][1][0] | S_C_o[1][1][4] |     4.494 | SLOW    |     2.329 | FAST    |
S_B_i[0][1][0] | S_C_o[1][1][5] |     4.716 | SLOW    |     2.452 | FAST    |
S_B_i[0][1][0] | S_C_o[1][1][6] |     4.945 | SLOW    |     2.585 | FAST    |
S_B_i[0][1][0] | S_C_o[1][1][7] |     4.967 | SLOW    |     2.599 | FAST    |
S_B_i[0][1][0] | S_C_o[2][1][0] |     4.261 | SLOW    |     2.209 | FAST    |
S_B_i[0][1][0] | S_C_o[2][1][1] |     4.278 | SLOW    |     2.215 | FAST    |
S_B_i[0][1][0] | S_C_o[2][1][2] |     4.256 | SLOW    |     2.201 | FAST    |
S_B_i[0][1][0] | S_C_o[2][1][3] |     4.494 | SLOW    |     2.329 | FAST    |
S_B_i[0][1][0] | S_C_o[2][1][4] |     4.494 | SLOW    |     2.329 | FAST    |
S_B_i[0][1][0] | S_C_o[2][1][5] |     4.716 | SLOW    |     2.452 | FAST    |
S_B_i[0][1][0] | S_C_o[2][1][6] |     4.945 | SLOW    |     2.585 | FAST    |
S_B_i[0][1][0] | S_C_o[2][1][7] |     4.967 | SLOW    |     2.599 | FAST    |
S_B_i[0][1][0] | S_C_o[3][1][0] |     4.261 | SLOW    |     2.209 | FAST    |
S_B_i[0][1][0] | S_C_o[3][1][1] |     4.278 | SLOW    |     2.215 | FAST    |
S_B_i[0][1][0] | S_C_o[3][1][2] |     4.256 | SLOW    |     2.201 | FAST    |
S_B_i[0][1][0] | S_C_o[3][1][3] |     4.494 | SLOW    |     2.329 | FAST    |
S_B_i[0][1][0] | S_C_o[3][1][4] |     4.494 | SLOW    |     2.329 | FAST    |
S_B_i[0][1][0] | S_C_o[3][1][5] |     4.716 | SLOW    |     2.452 | FAST    |
S_B_i[0][1][0] | S_C_o[3][1][6] |     4.945 | SLOW    |     2.585 | FAST    |
S_B_i[0][1][0] | S_C_o[3][1][7] |     4.967 | SLOW    |     2.599 | FAST    |
S_B_i[0][1][1] | S_C_o[0][1][1] |     4.286 | SLOW    |     2.226 | FAST    |
S_B_i[0][1][1] | S_C_o[0][1][2] |     4.250 | SLOW    |     2.198 | FAST    |
S_B_i[0][1][1] | S_C_o[0][1][3] |     4.461 | SLOW    |     2.317 | FAST    |
S_B_i[0][1][1] | S_C_o[0][1][4] |     4.461 | SLOW    |     2.317 | FAST    |
S_B_i[0][1][1] | S_C_o[0][1][5] |     4.683 | SLOW    |     2.440 | FAST    |
S_B_i[0][1][1] | S_C_o[0][1][6] |     4.912 | SLOW    |     2.573 | FAST    |
S_B_i[0][1][1] | S_C_o[0][1][7] |     4.934 | SLOW    |     2.587 | FAST    |
S_B_i[0][1][1] | S_C_o[1][1][1] |     4.286 | SLOW    |     2.226 | FAST    |
S_B_i[0][1][1] | S_C_o[1][1][2] |     4.250 | SLOW    |     2.198 | FAST    |
S_B_i[0][1][1] | S_C_o[1][1][3] |     4.461 | SLOW    |     2.317 | FAST    |
S_B_i[0][1][1] | S_C_o[1][1][4] |     4.461 | SLOW    |     2.317 | FAST    |
S_B_i[0][1][1] | S_C_o[1][1][5] |     4.683 | SLOW    |     2.440 | FAST    |
S_B_i[0][1][1] | S_C_o[1][1][6] |     4.912 | SLOW    |     2.573 | FAST    |
S_B_i[0][1][1] | S_C_o[1][1][7] |     4.934 | SLOW    |     2.587 | FAST    |
S_B_i[0][1][1] | S_C_o[2][1][1] |     4.286 | SLOW    |     2.226 | FAST    |
S_B_i[0][1][1] | S_C_o[2][1][2] |     4.250 | SLOW    |     2.198 | FAST    |
S_B_i[0][1][1] | S_C_o[2][1][3] |     4.461 | SLOW    |     2.317 | FAST    |
S_B_i[0][1][1] | S_C_o[2][1][4] |     4.461 | SLOW    |     2.317 | FAST    |
S_B_i[0][1][1] | S_C_o[2][1][5] |     4.683 | SLOW    |     2.440 | FAST    |
S_B_i[0][1][1] | S_C_o[2][1][6] |     4.912 | SLOW    |     2.573 | FAST    |
S_B_i[0][1][1] | S_C_o[2][1][7] |     4.934 | SLOW    |     2.587 | FAST    |
S_B_i[0][1][1] | S_C_o[3][1][1] |     4.286 | SLOW    |     2.226 | FAST    |
S_B_i[0][1][1] | S_C_o[3][1][2] |     4.250 | SLOW    |     2.198 | FAST    |
S_B_i[0][1][1] | S_C_o[3][1][3] |     4.461 | SLOW    |     2.317 | FAST    |
S_B_i[0][1][1] | S_C_o[3][1][4] |     4.461 | SLOW    |     2.317 | FAST    |
S_B_i[0][1][1] | S_C_o[3][1][5] |     4.683 | SLOW    |     2.440 | FAST    |
S_B_i[0][1][1] | S_C_o[3][1][6] |     4.912 | SLOW    |     2.573 | FAST    |
S_B_i[0][1][1] | S_C_o[3][1][7] |     4.934 | SLOW    |     2.587 | FAST    |
S_B_i[0][1][2] | S_C_o[0][1][2] |     4.246 | SLOW    |     2.201 | FAST    |
S_B_i[0][1][2] | S_C_o[0][1][3] |     4.447 | SLOW    |     2.304 | FAST    |
S_B_i[0][1][2] | S_C_o[0][1][4] |     4.447 | SLOW    |     2.304 | FAST    |
S_B_i[0][1][2] | S_C_o[0][1][5] |     4.669 | SLOW    |     2.427 | FAST    |
S_B_i[0][1][2] | S_C_o[0][1][6] |     4.898 | SLOW    |     2.560 | FAST    |
S_B_i[0][1][2] | S_C_o[0][1][7] |     4.920 | SLOW    |     2.574 | FAST    |
S_B_i[0][1][2] | S_C_o[1][1][2] |     4.246 | SLOW    |     2.201 | FAST    |
S_B_i[0][1][2] | S_C_o[1][1][3] |     4.447 | SLOW    |     2.304 | FAST    |
S_B_i[0][1][2] | S_C_o[1][1][4] |     4.447 | SLOW    |     2.304 | FAST    |
S_B_i[0][1][2] | S_C_o[1][1][5] |     4.669 | SLOW    |     2.427 | FAST    |
S_B_i[0][1][2] | S_C_o[1][1][6] |     4.898 | SLOW    |     2.560 | FAST    |
S_B_i[0][1][2] | S_C_o[1][1][7] |     4.920 | SLOW    |     2.574 | FAST    |
S_B_i[0][1][2] | S_C_o[2][1][2] |     4.246 | SLOW    |     2.201 | FAST    |
S_B_i[0][1][2] | S_C_o[2][1][3] |     4.447 | SLOW    |     2.304 | FAST    |
S_B_i[0][1][2] | S_C_o[2][1][4] |     4.447 | SLOW    |     2.304 | FAST    |
S_B_i[0][1][2] | S_C_o[2][1][5] |     4.669 | SLOW    |     2.427 | FAST    |
S_B_i[0][1][2] | S_C_o[2][1][6] |     4.898 | SLOW    |     2.560 | FAST    |
S_B_i[0][1][2] | S_C_o[2][1][7] |     4.920 | SLOW    |     2.574 | FAST    |
S_B_i[0][1][2] | S_C_o[3][1][2] |     4.246 | SLOW    |     2.201 | FAST    |
S_B_i[0][1][2] | S_C_o[3][1][3] |     4.447 | SLOW    |     2.304 | FAST    |
S_B_i[0][1][2] | S_C_o[3][1][4] |     4.447 | SLOW    |     2.304 | FAST    |
S_B_i[0][1][2] | S_C_o[3][1][5] |     4.669 | SLOW    |     2.427 | FAST    |
S_B_i[0][1][2] | S_C_o[3][1][6] |     4.898 | SLOW    |     2.560 | FAST    |
S_B_i[0][1][2] | S_C_o[3][1][7] |     4.920 | SLOW    |     2.574 | FAST    |
S_B_i[0][1][3] | S_C_o[0][1][3] |     4.255 | SLOW    |     2.206 | FAST    |
S_B_i[0][1][3] | S_C_o[0][1][4] |     4.250 | SLOW    |     2.198 | FAST    |
S_B_i[0][1][3] | S_C_o[0][1][5] |     4.486 | SLOW    |     2.335 | FAST    |
S_B_i[0][1][3] | S_C_o[0][1][6] |     4.715 | SLOW    |     2.468 | FAST    |
S_B_i[0][1][3] | S_C_o[0][1][7] |     4.737 | SLOW    |     2.482 | FAST    |
S_B_i[0][1][3] | S_C_o[1][1][3] |     4.255 | SLOW    |     2.206 | FAST    |
S_B_i[0][1][3] | S_C_o[1][1][4] |     4.250 | SLOW    |     2.198 | FAST    |
S_B_i[0][1][3] | S_C_o[1][1][5] |     4.486 | SLOW    |     2.335 | FAST    |
S_B_i[0][1][3] | S_C_o[1][1][6] |     4.715 | SLOW    |     2.468 | FAST    |
S_B_i[0][1][3] | S_C_o[1][1][7] |     4.737 | SLOW    |     2.482 | FAST    |
S_B_i[0][1][3] | S_C_o[2][1][3] |     4.255 | SLOW    |     2.206 | FAST    |
S_B_i[0][1][3] | S_C_o[2][1][4] |     4.250 | SLOW    |     2.198 | FAST    |
S_B_i[0][1][3] | S_C_o[2][1][5] |     4.486 | SLOW    |     2.335 | FAST    |
S_B_i[0][1][3] | S_C_o[2][1][6] |     4.715 | SLOW    |     2.468 | FAST    |
S_B_i[0][1][3] | S_C_o[2][1][7] |     4.737 | SLOW    |     2.482 | FAST    |
S_B_i[0][1][3] | S_C_o[3][1][3] |     4.255 | SLOW    |     2.206 | FAST    |
S_B_i[0][1][3] | S_C_o[3][1][4] |     4.250 | SLOW    |     2.198 | FAST    |
S_B_i[0][1][3] | S_C_o[3][1][5] |     4.486 | SLOW    |     2.335 | FAST    |
S_B_i[0][1][3] | S_C_o[3][1][6] |     4.715 | SLOW    |     2.468 | FAST    |
S_B_i[0][1][3] | S_C_o[3][1][7] |     4.737 | SLOW    |     2.482 | FAST    |
S_B_i[0][1][4] | S_C_o[0][1][4] |     4.246 | SLOW    |     2.201 | FAST    |
S_B_i[0][1][4] | S_C_o[0][1][5] |     4.463 | SLOW    |     2.316 | FAST    |
S_B_i[0][1][4] | S_C_o[0][1][6] |     4.692 | SLOW    |     2.449 | FAST    |
S_B_i[0][1][4] | S_C_o[0][1][7] |     4.714 | SLOW    |     2.463 | FAST    |
S_B_i[0][1][4] | S_C_o[1][1][4] |     4.246 | SLOW    |     2.201 | FAST    |
S_B_i[0][1][4] | S_C_o[1][1][5] |     4.463 | SLOW    |     2.316 | FAST    |
S_B_i[0][1][4] | S_C_o[1][1][6] |     4.692 | SLOW    |     2.449 | FAST    |
S_B_i[0][1][4] | S_C_o[1][1][7] |     4.714 | SLOW    |     2.463 | FAST    |
S_B_i[0][1][4] | S_C_o[2][1][4] |     4.246 | SLOW    |     2.201 | FAST    |
S_B_i[0][1][4] | S_C_o[2][1][5] |     4.463 | SLOW    |     2.316 | FAST    |
S_B_i[0][1][4] | S_C_o[2][1][6] |     4.692 | SLOW    |     2.449 | FAST    |
S_B_i[0][1][4] | S_C_o[2][1][7] |     4.714 | SLOW    |     2.463 | FAST    |
S_B_i[0][1][4] | S_C_o[3][1][4] |     4.246 | SLOW    |     2.201 | FAST    |
S_B_i[0][1][4] | S_C_o[3][1][5] |     4.463 | SLOW    |     2.316 | FAST    |
S_B_i[0][1][4] | S_C_o[3][1][6] |     4.692 | SLOW    |     2.449 | FAST    |
S_B_i[0][1][4] | S_C_o[3][1][7] |     4.714 | SLOW    |     2.463 | FAST    |
S_B_i[0][1][5] | S_C_o[0][1][5] |     4.246 | SLOW    |     2.201 | FAST    |
S_B_i[0][1][5] | S_C_o[0][1][6] |     4.463 | SLOW    |     2.316 | FAST    |
S_B_i[0][1][5] | S_C_o[0][1][7] |     4.485 | SLOW    |     2.330 | FAST    |
S_B_i[0][1][5] | S_C_o[1][1][5] |     4.246 | SLOW    |     2.201 | FAST    |
S_B_i[0][1][5] | S_C_o[1][1][6] |     4.463 | SLOW    |     2.316 | FAST    |
S_B_i[0][1][5] | S_C_o[1][1][7] |     4.485 | SLOW    |     2.330 | FAST    |
S_B_i[0][1][5] | S_C_o[2][1][5] |     4.246 | SLOW    |     2.201 | FAST    |
S_B_i[0][1][5] | S_C_o[2][1][6] |     4.463 | SLOW    |     2.316 | FAST    |
S_B_i[0][1][5] | S_C_o[2][1][7] |     4.485 | SLOW    |     2.330 | FAST    |
S_B_i[0][1][5] | S_C_o[3][1][5] |     4.246 | SLOW    |     2.201 | FAST    |
S_B_i[0][1][5] | S_C_o[3][1][6] |     4.463 | SLOW    |     2.316 | FAST    |
S_B_i[0][1][5] | S_C_o[3][1][7] |     4.485 | SLOW    |     2.330 | FAST    |
S_B_i[0][1][6] | S_C_o[0][1][6] |     4.246 | SLOW    |     2.201 | FAST    |
S_B_i[0][1][6] | S_C_o[0][1][7] |     4.263 | SLOW    |     2.207 | FAST    |
S_B_i[0][1][6] | S_C_o[1][1][6] |     4.246 | SLOW    |     2.201 | FAST    |
S_B_i[0][1][6] | S_C_o[1][1][7] |     4.263 | SLOW    |     2.207 | FAST    |
S_B_i[0][1][6] | S_C_o[2][1][6] |     4.246 | SLOW    |     2.201 | FAST    |
S_B_i[0][1][6] | S_C_o[2][1][7] |     4.263 | SLOW    |     2.207 | FAST    |
S_B_i[0][1][6] | S_C_o[3][1][6] |     4.246 | SLOW    |     2.201 | FAST    |
S_B_i[0][1][6] | S_C_o[3][1][7] |     4.263 | SLOW    |     2.207 | FAST    |
S_B_i[0][1][7] | S_C_o[0][1][7] |     4.261 | SLOW    |     2.213 | FAST    |
S_B_i[0][1][7] | S_C_o[1][1][7] |     4.261 | SLOW    |     2.213 | FAST    |
S_B_i[0][1][7] | S_C_o[2][1][7] |     4.261 | SLOW    |     2.213 | FAST    |
S_B_i[0][1][7] | S_C_o[3][1][7] |     4.261 | SLOW    |     2.213 | FAST    |
S_B_i[0][2][0] | S_C_o[0][2][0] |     4.261 | SLOW    |     2.209 | FAST    |
S_B_i[0][2][0] | S_C_o[0][2][1] |     4.278 | SLOW    |     2.215 | FAST    |
S_B_i[0][2][0] | S_C_o[0][2][2] |     4.256 | SLOW    |     2.201 | FAST    |
S_B_i[0][2][0] | S_C_o[0][2][3] |     4.494 | SLOW    |     2.329 | FAST    |
S_B_i[0][2][0] | S_C_o[0][2][4] |     4.494 | SLOW    |     2.329 | FAST    |
S_B_i[0][2][0] | S_C_o[0][2][5] |     4.716 | SLOW    |     2.452 | FAST    |
S_B_i[0][2][0] | S_C_o[0][2][6] |     4.945 | SLOW    |     2.585 | FAST    |
S_B_i[0][2][0] | S_C_o[0][2][7] |     4.967 | SLOW    |     2.599 | FAST    |
S_B_i[0][2][0] | S_C_o[1][2][0] |     4.261 | SLOW    |     2.209 | FAST    |
S_B_i[0][2][0] | S_C_o[1][2][1] |     4.278 | SLOW    |     2.215 | FAST    |
S_B_i[0][2][0] | S_C_o[1][2][2] |     4.256 | SLOW    |     2.201 | FAST    |
S_B_i[0][2][0] | S_C_o[1][2][3] |     4.494 | SLOW    |     2.329 | FAST    |
S_B_i[0][2][0] | S_C_o[1][2][4] |     4.494 | SLOW    |     2.329 | FAST    |
S_B_i[0][2][0] | S_C_o[1][2][5] |     4.716 | SLOW    |     2.452 | FAST    |
S_B_i[0][2][0] | S_C_o[1][2][6] |     4.945 | SLOW    |     2.585 | FAST    |
S_B_i[0][2][0] | S_C_o[1][2][7] |     4.967 | SLOW    |     2.599 | FAST    |
S_B_i[0][2][0] | S_C_o[2][2][0] |     4.261 | SLOW    |     2.209 | FAST    |
S_B_i[0][2][0] | S_C_o[2][2][1] |     4.278 | SLOW    |     2.215 | FAST    |
S_B_i[0][2][0] | S_C_o[2][2][2] |     4.256 | SLOW    |     2.201 | FAST    |
S_B_i[0][2][0] | S_C_o[2][2][3] |     4.494 | SLOW    |     2.329 | FAST    |
S_B_i[0][2][0] | S_C_o[2][2][4] |     4.494 | SLOW    |     2.329 | FAST    |
S_B_i[0][2][0] | S_C_o[2][2][5] |     4.716 | SLOW    |     2.452 | FAST    |
S_B_i[0][2][0] | S_C_o[2][2][6] |     4.945 | SLOW    |     2.585 | FAST    |
S_B_i[0][2][0] | S_C_o[2][2][7] |     4.967 | SLOW    |     2.599 | FAST    |
S_B_i[0][2][0] | S_C_o[3][2][0] |     4.261 | SLOW    |     2.209 | FAST    |
S_B_i[0][2][0] | S_C_o[3][2][1] |     4.278 | SLOW    |     2.215 | FAST    |
S_B_i[0][2][0] | S_C_o[3][2][2] |     4.256 | SLOW    |     2.201 | FAST    |
S_B_i[0][2][0] | S_C_o[3][2][3] |     4.494 | SLOW    |     2.329 | FAST    |
S_B_i[0][2][0] | S_C_o[3][2][4] |     4.494 | SLOW    |     2.329 | FAST    |
S_B_i[0][2][0] | S_C_o[3][2][5] |     4.716 | SLOW    |     2.452 | FAST    |
S_B_i[0][2][0] | S_C_o[3][2][6] |     4.945 | SLOW    |     2.585 | FAST    |
S_B_i[0][2][0] | S_C_o[3][2][7] |     4.967 | SLOW    |     2.599 | FAST    |
S_B_i[0][2][1] | S_C_o[0][2][1] |     4.286 | SLOW    |     2.226 | FAST    |
S_B_i[0][2][1] | S_C_o[0][2][2] |     4.250 | SLOW    |     2.198 | FAST    |
S_B_i[0][2][1] | S_C_o[0][2][3] |     4.461 | SLOW    |     2.317 | FAST    |
S_B_i[0][2][1] | S_C_o[0][2][4] |     4.461 | SLOW    |     2.317 | FAST    |
S_B_i[0][2][1] | S_C_o[0][2][5] |     4.683 | SLOW    |     2.440 | FAST    |
S_B_i[0][2][1] | S_C_o[0][2][6] |     4.912 | SLOW    |     2.573 | FAST    |
S_B_i[0][2][1] | S_C_o[0][2][7] |     4.934 | SLOW    |     2.587 | FAST    |
S_B_i[0][2][1] | S_C_o[1][2][1] |     4.286 | SLOW    |     2.226 | FAST    |
S_B_i[0][2][1] | S_C_o[1][2][2] |     4.250 | SLOW    |     2.198 | FAST    |
S_B_i[0][2][1] | S_C_o[1][2][3] |     4.461 | SLOW    |     2.317 | FAST    |
S_B_i[0][2][1] | S_C_o[1][2][4] |     4.461 | SLOW    |     2.317 | FAST    |
S_B_i[0][2][1] | S_C_o[1][2][5] |     4.683 | SLOW    |     2.440 | FAST    |
S_B_i[0][2][1] | S_C_o[1][2][6] |     4.912 | SLOW    |     2.573 | FAST    |
S_B_i[0][2][1] | S_C_o[1][2][7] |     4.934 | SLOW    |     2.587 | FAST    |
S_B_i[0][2][1] | S_C_o[2][2][1] |     4.286 | SLOW    |     2.226 | FAST    |
S_B_i[0][2][1] | S_C_o[2][2][2] |     4.250 | SLOW    |     2.198 | FAST    |
S_B_i[0][2][1] | S_C_o[2][2][3] |     4.461 | SLOW    |     2.317 | FAST    |
S_B_i[0][2][1] | S_C_o[2][2][4] |     4.461 | SLOW    |     2.317 | FAST    |
S_B_i[0][2][1] | S_C_o[2][2][5] |     4.683 | SLOW    |     2.440 | FAST    |
S_B_i[0][2][1] | S_C_o[2][2][6] |     4.912 | SLOW    |     2.573 | FAST    |
S_B_i[0][2][1] | S_C_o[2][2][7] |     4.934 | SLOW    |     2.587 | FAST    |
S_B_i[0][2][1] | S_C_o[3][2][1] |     4.286 | SLOW    |     2.226 | FAST    |
S_B_i[0][2][1] | S_C_o[3][2][2] |     4.250 | SLOW    |     2.198 | FAST    |
S_B_i[0][2][1] | S_C_o[3][2][3] |     4.461 | SLOW    |     2.317 | FAST    |
S_B_i[0][2][1] | S_C_o[3][2][4] |     4.461 | SLOW    |     2.317 | FAST    |
S_B_i[0][2][1] | S_C_o[3][2][5] |     4.683 | SLOW    |     2.440 | FAST    |
S_B_i[0][2][1] | S_C_o[3][2][6] |     4.912 | SLOW    |     2.573 | FAST    |
S_B_i[0][2][1] | S_C_o[3][2][7] |     4.934 | SLOW    |     2.587 | FAST    |
S_B_i[0][2][2] | S_C_o[0][2][2] |     4.246 | SLOW    |     2.201 | FAST    |
S_B_i[0][2][2] | S_C_o[0][2][3] |     4.447 | SLOW    |     2.304 | FAST    |
S_B_i[0][2][2] | S_C_o[0][2][4] |     4.447 | SLOW    |     2.304 | FAST    |
S_B_i[0][2][2] | S_C_o[0][2][5] |     4.669 | SLOW    |     2.427 | FAST    |
S_B_i[0][2][2] | S_C_o[0][2][6] |     4.898 | SLOW    |     2.560 | FAST    |
S_B_i[0][2][2] | S_C_o[0][2][7] |     4.920 | SLOW    |     2.574 | FAST    |
S_B_i[0][2][2] | S_C_o[1][2][2] |     4.246 | SLOW    |     2.201 | FAST    |
S_B_i[0][2][2] | S_C_o[1][2][3] |     4.447 | SLOW    |     2.304 | FAST    |
S_B_i[0][2][2] | S_C_o[1][2][4] |     4.447 | SLOW    |     2.304 | FAST    |
S_B_i[0][2][2] | S_C_o[1][2][5] |     4.669 | SLOW    |     2.427 | FAST    |
S_B_i[0][2][2] | S_C_o[1][2][6] |     4.898 | SLOW    |     2.560 | FAST    |
S_B_i[0][2][2] | S_C_o[1][2][7] |     4.920 | SLOW    |     2.574 | FAST    |
S_B_i[0][2][2] | S_C_o[2][2][2] |     4.246 | SLOW    |     2.201 | FAST    |
S_B_i[0][2][2] | S_C_o[2][2][3] |     4.447 | SLOW    |     2.304 | FAST    |
S_B_i[0][2][2] | S_C_o[2][2][4] |     4.447 | SLOW    |     2.304 | FAST    |
S_B_i[0][2][2] | S_C_o[2][2][5] |     4.669 | SLOW    |     2.427 | FAST    |
S_B_i[0][2][2] | S_C_o[2][2][6] |     4.898 | SLOW    |     2.560 | FAST    |
S_B_i[0][2][2] | S_C_o[2][2][7] |     4.920 | SLOW    |     2.574 | FAST    |
S_B_i[0][2][2] | S_C_o[3][2][2] |     4.246 | SLOW    |     2.201 | FAST    |
S_B_i[0][2][2] | S_C_o[3][2][3] |     4.447 | SLOW    |     2.304 | FAST    |
S_B_i[0][2][2] | S_C_o[3][2][4] |     4.447 | SLOW    |     2.304 | FAST    |
S_B_i[0][2][2] | S_C_o[3][2][5] |     4.669 | SLOW    |     2.427 | FAST    |
S_B_i[0][2][2] | S_C_o[3][2][6] |     4.898 | SLOW    |     2.560 | FAST    |
S_B_i[0][2][2] | S_C_o[3][2][7] |     4.920 | SLOW    |     2.574 | FAST    |
S_B_i[0][2][3] | S_C_o[0][2][3] |     4.255 | SLOW    |     2.206 | FAST    |
S_B_i[0][2][3] | S_C_o[0][2][4] |     4.250 | SLOW    |     2.198 | FAST    |
S_B_i[0][2][3] | S_C_o[0][2][5] |     4.486 | SLOW    |     2.335 | FAST    |
S_B_i[0][2][3] | S_C_o[0][2][6] |     4.715 | SLOW    |     2.468 | FAST    |
S_B_i[0][2][3] | S_C_o[0][2][7] |     4.737 | SLOW    |     2.482 | FAST    |
S_B_i[0][2][3] | S_C_o[1][2][3] |     4.255 | SLOW    |     2.206 | FAST    |
S_B_i[0][2][3] | S_C_o[1][2][4] |     4.250 | SLOW    |     2.198 | FAST    |
S_B_i[0][2][3] | S_C_o[1][2][5] |     4.486 | SLOW    |     2.335 | FAST    |
S_B_i[0][2][3] | S_C_o[1][2][6] |     4.715 | SLOW    |     2.468 | FAST    |
S_B_i[0][2][3] | S_C_o[1][2][7] |     4.737 | SLOW    |     2.482 | FAST    |
S_B_i[0][2][3] | S_C_o[2][2][3] |     4.255 | SLOW    |     2.206 | FAST    |
S_B_i[0][2][3] | S_C_o[2][2][4] |     4.250 | SLOW    |     2.198 | FAST    |
S_B_i[0][2][3] | S_C_o[2][2][5] |     4.486 | SLOW    |     2.335 | FAST    |
S_B_i[0][2][3] | S_C_o[2][2][6] |     4.715 | SLOW    |     2.468 | FAST    |
S_B_i[0][2][3] | S_C_o[2][2][7] |     4.737 | SLOW    |     2.482 | FAST    |
S_B_i[0][2][3] | S_C_o[3][2][3] |     4.255 | SLOW    |     2.206 | FAST    |
S_B_i[0][2][3] | S_C_o[3][2][4] |     4.250 | SLOW    |     2.198 | FAST    |
S_B_i[0][2][3] | S_C_o[3][2][5] |     4.486 | SLOW    |     2.335 | FAST    |
S_B_i[0][2][3] | S_C_o[3][2][6] |     4.715 | SLOW    |     2.468 | FAST    |
S_B_i[0][2][3] | S_C_o[3][2][7] |     4.737 | SLOW    |     2.482 | FAST    |
S_B_i[0][2][4] | S_C_o[0][2][4] |     4.246 | SLOW    |     2.201 | FAST    |
S_B_i[0][2][4] | S_C_o[0][2][5] |     4.463 | SLOW    |     2.316 | FAST    |
S_B_i[0][2][4] | S_C_o[0][2][6] |     4.692 | SLOW    |     2.449 | FAST    |
S_B_i[0][2][4] | S_C_o[0][2][7] |     4.714 | SLOW    |     2.463 | FAST    |
S_B_i[0][2][4] | S_C_o[1][2][4] |     4.246 | SLOW    |     2.201 | FAST    |
S_B_i[0][2][4] | S_C_o[1][2][5] |     4.463 | SLOW    |     2.316 | FAST    |
S_B_i[0][2][4] | S_C_o[1][2][6] |     4.692 | SLOW    |     2.449 | FAST    |
S_B_i[0][2][4] | S_C_o[1][2][7] |     4.714 | SLOW    |     2.463 | FAST    |
S_B_i[0][2][4] | S_C_o[2][2][4] |     4.246 | SLOW    |     2.201 | FAST    |
S_B_i[0][2][4] | S_C_o[2][2][5] |     4.463 | SLOW    |     2.316 | FAST    |
S_B_i[0][2][4] | S_C_o[2][2][6] |     4.692 | SLOW    |     2.449 | FAST    |
S_B_i[0][2][4] | S_C_o[2][2][7] |     4.714 | SLOW    |     2.463 | FAST    |
S_B_i[0][2][4] | S_C_o[3][2][4] |     4.246 | SLOW    |     2.201 | FAST    |
S_B_i[0][2][4] | S_C_o[3][2][5] |     4.463 | SLOW    |     2.316 | FAST    |
S_B_i[0][2][4] | S_C_o[3][2][6] |     4.692 | SLOW    |     2.449 | FAST    |
S_B_i[0][2][4] | S_C_o[3][2][7] |     4.714 | SLOW    |     2.463 | FAST    |
S_B_i[0][2][5] | S_C_o[0][2][5] |     4.246 | SLOW    |     2.201 | FAST    |
S_B_i[0][2][5] | S_C_o[0][2][6] |     4.463 | SLOW    |     2.316 | FAST    |
S_B_i[0][2][5] | S_C_o[0][2][7] |     4.485 | SLOW    |     2.330 | FAST    |
S_B_i[0][2][5] | S_C_o[1][2][5] |     4.246 | SLOW    |     2.201 | FAST    |
S_B_i[0][2][5] | S_C_o[1][2][6] |     4.463 | SLOW    |     2.316 | FAST    |
S_B_i[0][2][5] | S_C_o[1][2][7] |     4.485 | SLOW    |     2.330 | FAST    |
S_B_i[0][2][5] | S_C_o[2][2][5] |     4.246 | SLOW    |     2.201 | FAST    |
S_B_i[0][2][5] | S_C_o[2][2][6] |     4.463 | SLOW    |     2.316 | FAST    |
S_B_i[0][2][5] | S_C_o[2][2][7] |     4.485 | SLOW    |     2.330 | FAST    |
S_B_i[0][2][5] | S_C_o[3][2][5] |     4.246 | SLOW    |     2.201 | FAST    |
S_B_i[0][2][5] | S_C_o[3][2][6] |     4.463 | SLOW    |     2.316 | FAST    |
S_B_i[0][2][5] | S_C_o[3][2][7] |     4.485 | SLOW    |     2.330 | FAST    |
S_B_i[0][2][6] | S_C_o[0][2][6] |     4.246 | SLOW    |     2.201 | FAST    |
S_B_i[0][2][6] | S_C_o[0][2][7] |     4.263 | SLOW    |     2.207 | FAST    |
S_B_i[0][2][6] | S_C_o[1][2][6] |     4.246 | SLOW    |     2.201 | FAST    |
S_B_i[0][2][6] | S_C_o[1][2][7] |     4.263 | SLOW    |     2.207 | FAST    |
S_B_i[0][2][6] | S_C_o[2][2][6] |     4.246 | SLOW    |     2.201 | FAST    |
S_B_i[0][2][6] | S_C_o[2][2][7] |     4.263 | SLOW    |     2.207 | FAST    |
S_B_i[0][2][6] | S_C_o[3][2][6] |     4.246 | SLOW    |     2.201 | FAST    |
S_B_i[0][2][6] | S_C_o[3][2][7] |     4.263 | SLOW    |     2.207 | FAST    |
S_B_i[0][2][7] | S_C_o[0][2][7] |     4.261 | SLOW    |     2.213 | FAST    |
S_B_i[0][2][7] | S_C_o[1][2][7] |     4.261 | SLOW    |     2.213 | FAST    |
S_B_i[0][2][7] | S_C_o[2][2][7] |     4.261 | SLOW    |     2.213 | FAST    |
S_B_i[0][2][7] | S_C_o[3][2][7] |     4.261 | SLOW    |     2.213 | FAST    |
S_B_i[0][3][0] | S_C_o[0][3][0] |     4.261 | SLOW    |     2.209 | FAST    |
S_B_i[0][3][0] | S_C_o[0][3][1] |     4.278 | SLOW    |     2.215 | FAST    |
S_B_i[0][3][0] | S_C_o[0][3][2] |     4.256 | SLOW    |     2.201 | FAST    |
S_B_i[0][3][0] | S_C_o[0][3][3] |     4.494 | SLOW    |     2.329 | FAST    |
S_B_i[0][3][0] | S_C_o[0][3][4] |     4.494 | SLOW    |     2.329 | FAST    |
S_B_i[0][3][0] | S_C_o[0][3][5] |     4.716 | SLOW    |     2.452 | FAST    |
S_B_i[0][3][0] | S_C_o[0][3][6] |     4.945 | SLOW    |     2.585 | FAST    |
S_B_i[0][3][0] | S_C_o[0][3][7] |     4.967 | SLOW    |     2.599 | FAST    |
S_B_i[0][3][0] | S_C_o[1][3][0] |     4.261 | SLOW    |     2.209 | FAST    |
S_B_i[0][3][0] | S_C_o[1][3][1] |     4.278 | SLOW    |     2.215 | FAST    |
S_B_i[0][3][0] | S_C_o[1][3][2] |     4.256 | SLOW    |     2.201 | FAST    |
S_B_i[0][3][0] | S_C_o[1][3][3] |     4.494 | SLOW    |     2.329 | FAST    |
S_B_i[0][3][0] | S_C_o[1][3][4] |     4.494 | SLOW    |     2.329 | FAST    |
S_B_i[0][3][0] | S_C_o[1][3][5] |     4.716 | SLOW    |     2.452 | FAST    |
S_B_i[0][3][0] | S_C_o[1][3][6] |     4.945 | SLOW    |     2.585 | FAST    |
S_B_i[0][3][0] | S_C_o[1][3][7] |     4.967 | SLOW    |     2.599 | FAST    |
S_B_i[0][3][0] | S_C_o[2][3][0] |     4.261 | SLOW    |     2.209 | FAST    |
S_B_i[0][3][0] | S_C_o[2][3][1] |     4.278 | SLOW    |     2.215 | FAST    |
S_B_i[0][3][0] | S_C_o[2][3][2] |     4.256 | SLOW    |     2.201 | FAST    |
S_B_i[0][3][0] | S_C_o[2][3][3] |     4.494 | SLOW    |     2.329 | FAST    |
S_B_i[0][3][0] | S_C_o[2][3][4] |     4.494 | SLOW    |     2.329 | FAST    |
S_B_i[0][3][0] | S_C_o[2][3][5] |     4.716 | SLOW    |     2.452 | FAST    |
S_B_i[0][3][0] | S_C_o[2][3][6] |     4.945 | SLOW    |     2.585 | FAST    |
S_B_i[0][3][0] | S_C_o[2][3][7] |     4.967 | SLOW    |     2.599 | FAST    |
S_B_i[0][3][0] | S_C_o[3][3][0] |     4.261 | SLOW    |     2.209 | FAST    |
S_B_i[0][3][0] | S_C_o[3][3][1] |     4.278 | SLOW    |     2.215 | FAST    |
S_B_i[0][3][0] | S_C_o[3][3][2] |     4.256 | SLOW    |     2.201 | FAST    |
S_B_i[0][3][0] | S_C_o[3][3][3] |     4.494 | SLOW    |     2.329 | FAST    |
S_B_i[0][3][0] | S_C_o[3][3][4] |     4.494 | SLOW    |     2.329 | FAST    |
S_B_i[0][3][0] | S_C_o[3][3][5] |     4.716 | SLOW    |     2.452 | FAST    |
S_B_i[0][3][0] | S_C_o[3][3][6] |     4.945 | SLOW    |     2.585 | FAST    |
S_B_i[0][3][0] | S_C_o[3][3][7] |     4.967 | SLOW    |     2.599 | FAST    |
S_B_i[0][3][1] | S_C_o[0][3][1] |     4.286 | SLOW    |     2.226 | FAST    |
S_B_i[0][3][1] | S_C_o[0][3][2] |     4.250 | SLOW    |     2.198 | FAST    |
S_B_i[0][3][1] | S_C_o[0][3][3] |     4.461 | SLOW    |     2.317 | FAST    |
S_B_i[0][3][1] | S_C_o[0][3][4] |     4.461 | SLOW    |     2.317 | FAST    |
S_B_i[0][3][1] | S_C_o[0][3][5] |     4.683 | SLOW    |     2.440 | FAST    |
S_B_i[0][3][1] | S_C_o[0][3][6] |     4.912 | SLOW    |     2.573 | FAST    |
S_B_i[0][3][1] | S_C_o[0][3][7] |     4.934 | SLOW    |     2.587 | FAST    |
S_B_i[0][3][1] | S_C_o[1][3][1] |     4.286 | SLOW    |     2.226 | FAST    |
S_B_i[0][3][1] | S_C_o[1][3][2] |     4.250 | SLOW    |     2.198 | FAST    |
S_B_i[0][3][1] | S_C_o[1][3][3] |     4.461 | SLOW    |     2.317 | FAST    |
S_B_i[0][3][1] | S_C_o[1][3][4] |     4.461 | SLOW    |     2.317 | FAST    |
S_B_i[0][3][1] | S_C_o[1][3][5] |     4.683 | SLOW    |     2.440 | FAST    |
S_B_i[0][3][1] | S_C_o[1][3][6] |     4.912 | SLOW    |     2.573 | FAST    |
S_B_i[0][3][1] | S_C_o[1][3][7] |     4.934 | SLOW    |     2.587 | FAST    |
S_B_i[0][3][1] | S_C_o[2][3][1] |     4.286 | SLOW    |     2.226 | FAST    |
S_B_i[0][3][1] | S_C_o[2][3][2] |     4.250 | SLOW    |     2.198 | FAST    |
S_B_i[0][3][1] | S_C_o[2][3][3] |     4.461 | SLOW    |     2.317 | FAST    |
S_B_i[0][3][1] | S_C_o[2][3][4] |     4.461 | SLOW    |     2.317 | FAST    |
S_B_i[0][3][1] | S_C_o[2][3][5] |     4.683 | SLOW    |     2.440 | FAST    |
S_B_i[0][3][1] | S_C_o[2][3][6] |     4.912 | SLOW    |     2.573 | FAST    |
S_B_i[0][3][1] | S_C_o[2][3][7] |     4.934 | SLOW    |     2.587 | FAST    |
S_B_i[0][3][1] | S_C_o[3][3][1] |     4.286 | SLOW    |     2.226 | FAST    |
S_B_i[0][3][1] | S_C_o[3][3][2] |     4.250 | SLOW    |     2.198 | FAST    |
S_B_i[0][3][1] | S_C_o[3][3][3] |     4.461 | SLOW    |     2.317 | FAST    |
S_B_i[0][3][1] | S_C_o[3][3][4] |     4.461 | SLOW    |     2.317 | FAST    |
S_B_i[0][3][1] | S_C_o[3][3][5] |     4.683 | SLOW    |     2.440 | FAST    |
S_B_i[0][3][1] | S_C_o[3][3][6] |     4.912 | SLOW    |     2.573 | FAST    |
S_B_i[0][3][1] | S_C_o[3][3][7] |     4.934 | SLOW    |     2.587 | FAST    |
S_B_i[0][3][2] | S_C_o[0][3][2] |     4.246 | SLOW    |     2.201 | FAST    |
S_B_i[0][3][2] | S_C_o[0][3][3] |     4.447 | SLOW    |     2.304 | FAST    |
S_B_i[0][3][2] | S_C_o[0][3][4] |     4.447 | SLOW    |     2.304 | FAST    |
S_B_i[0][3][2] | S_C_o[0][3][5] |     4.669 | SLOW    |     2.427 | FAST    |
S_B_i[0][3][2] | S_C_o[0][3][6] |     4.898 | SLOW    |     2.560 | FAST    |
S_B_i[0][3][2] | S_C_o[0][3][7] |     4.920 | SLOW    |     2.574 | FAST    |
S_B_i[0][3][2] | S_C_o[1][3][2] |     4.246 | SLOW    |     2.201 | FAST    |
S_B_i[0][3][2] | S_C_o[1][3][3] |     4.447 | SLOW    |     2.304 | FAST    |
S_B_i[0][3][2] | S_C_o[1][3][4] |     4.447 | SLOW    |     2.304 | FAST    |
S_B_i[0][3][2] | S_C_o[1][3][5] |     4.669 | SLOW    |     2.427 | FAST    |
S_B_i[0][3][2] | S_C_o[1][3][6] |     4.898 | SLOW    |     2.560 | FAST    |
S_B_i[0][3][2] | S_C_o[1][3][7] |     4.920 | SLOW    |     2.574 | FAST    |
S_B_i[0][3][2] | S_C_o[2][3][2] |     4.246 | SLOW    |     2.201 | FAST    |
S_B_i[0][3][2] | S_C_o[2][3][3] |     4.447 | SLOW    |     2.304 | FAST    |
S_B_i[0][3][2] | S_C_o[2][3][4] |     4.447 | SLOW    |     2.304 | FAST    |
S_B_i[0][3][2] | S_C_o[2][3][5] |     4.669 | SLOW    |     2.427 | FAST    |
S_B_i[0][3][2] | S_C_o[2][3][6] |     4.898 | SLOW    |     2.560 | FAST    |
S_B_i[0][3][2] | S_C_o[2][3][7] |     4.920 | SLOW    |     2.574 | FAST    |
S_B_i[0][3][2] | S_C_o[3][3][2] |     4.246 | SLOW    |     2.201 | FAST    |
S_B_i[0][3][2] | S_C_o[3][3][3] |     4.447 | SLOW    |     2.304 | FAST    |
S_B_i[0][3][2] | S_C_o[3][3][4] |     4.447 | SLOW    |     2.304 | FAST    |
S_B_i[0][3][2] | S_C_o[3][3][5] |     4.669 | SLOW    |     2.427 | FAST    |
S_B_i[0][3][2] | S_C_o[3][3][6] |     4.898 | SLOW    |     2.560 | FAST    |
S_B_i[0][3][2] | S_C_o[3][3][7] |     4.920 | SLOW    |     2.574 | FAST    |
S_B_i[0][3][3] | S_C_o[0][3][3] |     4.255 | SLOW    |     2.206 | FAST    |
S_B_i[0][3][3] | S_C_o[0][3][4] |     4.250 | SLOW    |     2.198 | FAST    |
S_B_i[0][3][3] | S_C_o[0][3][5] |     4.486 | SLOW    |     2.335 | FAST    |
S_B_i[0][3][3] | S_C_o[0][3][6] |     4.715 | SLOW    |     2.468 | FAST    |
S_B_i[0][3][3] | S_C_o[0][3][7] |     4.737 | SLOW    |     2.482 | FAST    |
S_B_i[0][3][3] | S_C_o[1][3][3] |     4.255 | SLOW    |     2.206 | FAST    |
S_B_i[0][3][3] | S_C_o[1][3][4] |     4.250 | SLOW    |     2.198 | FAST    |
S_B_i[0][3][3] | S_C_o[1][3][5] |     4.486 | SLOW    |     2.335 | FAST    |
S_B_i[0][3][3] | S_C_o[1][3][6] |     4.715 | SLOW    |     2.468 | FAST    |
S_B_i[0][3][3] | S_C_o[1][3][7] |     4.737 | SLOW    |     2.482 | FAST    |
S_B_i[0][3][3] | S_C_o[2][3][3] |     4.255 | SLOW    |     2.206 | FAST    |
S_B_i[0][3][3] | S_C_o[2][3][4] |     4.250 | SLOW    |     2.198 | FAST    |
S_B_i[0][3][3] | S_C_o[2][3][5] |     4.486 | SLOW    |     2.335 | FAST    |
S_B_i[0][3][3] | S_C_o[2][3][6] |     4.715 | SLOW    |     2.468 | FAST    |
S_B_i[0][3][3] | S_C_o[2][3][7] |     4.737 | SLOW    |     2.482 | FAST    |
S_B_i[0][3][3] | S_C_o[3][3][3] |     4.255 | SLOW    |     2.206 | FAST    |
S_B_i[0][3][3] | S_C_o[3][3][4] |     4.250 | SLOW    |     2.198 | FAST    |
S_B_i[0][3][3] | S_C_o[3][3][5] |     4.486 | SLOW    |     2.335 | FAST    |
S_B_i[0][3][3] | S_C_o[3][3][6] |     4.715 | SLOW    |     2.468 | FAST    |
S_B_i[0][3][3] | S_C_o[3][3][7] |     4.737 | SLOW    |     2.482 | FAST    |
S_B_i[0][3][4] | S_C_o[0][3][4] |     4.246 | SLOW    |     2.201 | FAST    |
S_B_i[0][3][4] | S_C_o[0][3][5] |     4.463 | SLOW    |     2.316 | FAST    |
S_B_i[0][3][4] | S_C_o[0][3][6] |     4.692 | SLOW    |     2.449 | FAST    |
S_B_i[0][3][4] | S_C_o[0][3][7] |     4.714 | SLOW    |     2.463 | FAST    |
S_B_i[0][3][4] | S_C_o[1][3][4] |     4.246 | SLOW    |     2.201 | FAST    |
S_B_i[0][3][4] | S_C_o[1][3][5] |     4.463 | SLOW    |     2.316 | FAST    |
S_B_i[0][3][4] | S_C_o[1][3][6] |     4.692 | SLOW    |     2.449 | FAST    |
S_B_i[0][3][4] | S_C_o[1][3][7] |     4.714 | SLOW    |     2.463 | FAST    |
S_B_i[0][3][4] | S_C_o[2][3][4] |     4.246 | SLOW    |     2.201 | FAST    |
S_B_i[0][3][4] | S_C_o[2][3][5] |     4.463 | SLOW    |     2.316 | FAST    |
S_B_i[0][3][4] | S_C_o[2][3][6] |     4.692 | SLOW    |     2.449 | FAST    |
S_B_i[0][3][4] | S_C_o[2][3][7] |     4.714 | SLOW    |     2.463 | FAST    |
S_B_i[0][3][4] | S_C_o[3][3][4] |     4.246 | SLOW    |     2.201 | FAST    |
S_B_i[0][3][4] | S_C_o[3][3][5] |     4.463 | SLOW    |     2.316 | FAST    |
S_B_i[0][3][4] | S_C_o[3][3][6] |     4.692 | SLOW    |     2.449 | FAST    |
S_B_i[0][3][4] | S_C_o[3][3][7] |     4.714 | SLOW    |     2.463 | FAST    |
S_B_i[0][3][5] | S_C_o[0][3][5] |     4.246 | SLOW    |     2.201 | FAST    |
S_B_i[0][3][5] | S_C_o[0][3][6] |     4.463 | SLOW    |     2.316 | FAST    |
S_B_i[0][3][5] | S_C_o[0][3][7] |     4.485 | SLOW    |     2.330 | FAST    |
S_B_i[0][3][5] | S_C_o[1][3][5] |     4.246 | SLOW    |     2.201 | FAST    |
S_B_i[0][3][5] | S_C_o[1][3][6] |     4.463 | SLOW    |     2.316 | FAST    |
S_B_i[0][3][5] | S_C_o[1][3][7] |     4.485 | SLOW    |     2.330 | FAST    |
S_B_i[0][3][5] | S_C_o[2][3][5] |     4.246 | SLOW    |     2.201 | FAST    |
S_B_i[0][3][5] | S_C_o[2][3][6] |     4.463 | SLOW    |     2.316 | FAST    |
S_B_i[0][3][5] | S_C_o[2][3][7] |     4.485 | SLOW    |     2.330 | FAST    |
S_B_i[0][3][5] | S_C_o[3][3][5] |     4.246 | SLOW    |     2.201 | FAST    |
S_B_i[0][3][5] | S_C_o[3][3][6] |     4.463 | SLOW    |     2.316 | FAST    |
S_B_i[0][3][5] | S_C_o[3][3][7] |     4.485 | SLOW    |     2.330 | FAST    |
S_B_i[0][3][6] | S_C_o[0][3][6] |     4.246 | SLOW    |     2.201 | FAST    |
S_B_i[0][3][6] | S_C_o[0][3][7] |     4.263 | SLOW    |     2.207 | FAST    |
S_B_i[0][3][6] | S_C_o[1][3][6] |     4.246 | SLOW    |     2.201 | FAST    |
S_B_i[0][3][6] | S_C_o[1][3][7] |     4.263 | SLOW    |     2.207 | FAST    |
S_B_i[0][3][6] | S_C_o[2][3][6] |     4.246 | SLOW    |     2.201 | FAST    |
S_B_i[0][3][6] | S_C_o[2][3][7] |     4.263 | SLOW    |     2.207 | FAST    |
S_B_i[0][3][6] | S_C_o[3][3][6] |     4.246 | SLOW    |     2.201 | FAST    |
S_B_i[0][3][6] | S_C_o[3][3][7] |     4.263 | SLOW    |     2.207 | FAST    |
S_B_i[0][3][7] | S_C_o[0][3][7] |     4.261 | SLOW    |     2.213 | FAST    |
S_B_i[0][3][7] | S_C_o[1][3][7] |     4.261 | SLOW    |     2.213 | FAST    |
S_B_i[0][3][7] | S_C_o[2][3][7] |     4.261 | SLOW    |     2.213 | FAST    |
S_B_i[0][3][7] | S_C_o[3][3][7] |     4.261 | SLOW    |     2.213 | FAST    |
---------------+----------------+-----------+---------+-----------+---------+



