Copyright 1986-2022 Xilinx, Inc. All Rights Reserved. Copyright 2022-2024 Advanced Micro Devices, Inc. All Rights Reserved.
---------------------------------------------------------------------------------------------------------------------------------------------------------------------------------------------------------------------------------------------------------------------------------------
| Tool Version      : Vivado v.2024.2 (lin64) Build 5239630 Fri Nov 08 22:34:34 MST 2024
| Date              : Thu Jan 15 19:48:48 2026
| Host              : ee-kraken running 64-bit Red Hat Enterprise Linux 9.5 (Plow)
| Command           : report_timing_summary -datasheet -file ./src/attention/synth_output_matmul/matmul_fp_S_q_4_S_kv_4_d_kq_4_d_v_4_k_4_scale_width_8_M1_E_0_M1_M_3_M2_E_0_M2_M_3_M3_E_0_M3_M_3_ACCUM_METHOD_KULISCH_KULISCH_KULISCH_DSP_auto_auto_auto_time_20260115_1945_timing.rpt
| Design            : matmul_fp
| Device            : xcv80-lsva4737
| Speed File        : -2MHP  PRODUCTION 2.04 2024-08-06
| Design State      : Synthesized
| Temperature Grade : E
---------------------------------------------------------------------------------------------------------------------------------------------------------------------------------------------------------------------------------------------------------------------------------------

Timing Summary Report

------------------------------------------------------------------------------------------------
| Timer Settings
| --------------
------------------------------------------------------------------------------------------------

  Enable Multi Corner Analysis               :  Yes
  Enable Pessimism Removal                   :  Yes
  Pessimism Removal Resolution               :  Nearest Common Node
  Enable Input Delay Default Clock           :  No
  Enable Preset / Clear Arcs                 :  No
  Disable Flight Delays                      :  No
  Ignore I/O Paths                           :  No
  Timing Early Launch at Borrowing Latches   :  No
  Borrow Time for Max Delay Exceptions       :  Yes
  Merge Timing Exceptions                    :  Yes
  Inter-SLR Compensation                     :  Conservative

  Corner  Analyze    Analyze    
  Name    Max Paths  Min Paths  
  ------  ---------  ---------  
  Slow    Yes        Yes        
  Fast    Yes        Yes        


------------------------------------------------------------------------------------------------
| Report Methodology
| ------------------
------------------------------------------------------------------------------------------------

No report available as report_methodology has not been run prior. Run report_methodology on the current design for the summary of methodology violations.



check_timing report

Table of Contents
-----------------
1. checking no_clock (0)
2. checking constant_clock (0)
3. checking pulse_width_clock (0)
4. checking unconstrained_internal_endpoints (0)
5. checking no_input_delay (0)
6. checking no_output_delay (0)
7. checking multiple_clock (0)
8. checking generated_clocks (0)
9. checking loops (0)
10. checking partial_input_delay (0)
11. checking partial_output_delay (0)
12. checking latch_loops (0)

1. checking no_clock (0)
------------------------
 There are 0 register/latch pins with no clock.


2. checking constant_clock (0)
------------------------------
 There are 0 register/latch pins with constant_clock.


3. checking pulse_width_clock (0)
---------------------------------
 There are 0 register/latch pins which need pulse_width check


4. checking unconstrained_internal_endpoints (0)
------------------------------------------------
 There are 0 pins that are not constrained for maximum delay.

 There are 0 pins that are not constrained for maximum delay due to constant clock.


5. checking no_input_delay (0)
------------------------------
 There are 0 input ports with no input delay specified.

 There are 0 input ports with no input delay but user has a false path constraint.


6. checking no_output_delay (0)
-------------------------------
 There are 0 ports with no output delay specified.

 There are 0 ports with no output delay but user has a false path constraint

 There are 0 ports with no output delay but with a timing clock defined on it or propagating through it


7. checking multiple_clock (0)
------------------------------
 There are 0 register/latch pins with multiple clocks.


8. checking generated_clocks (0)
--------------------------------
 There are 0 generated clocks that are not connected to a clock source.


9. checking loops (0)
---------------------
 There are 0 combinational loops in the design.


10. checking partial_input_delay (0)
------------------------------------
 There are 0 input ports with partial input delay specified.


11. checking partial_output_delay (0)
-------------------------------------
 There are 0 ports with partial output delay specified.


12. checking latch_loops (0)
----------------------------
 There are 0 combinational latch loops in the design through latch input



------------------------------------------------------------------------------------------------
| Design Timing Summary
| ---------------------
------------------------------------------------------------------------------------------------

    WNS(ns)      TNS(ns)  TNS Failing Endpoints  TNS Total Endpoints      WHS(ns)      THS(ns)  THS Failing Endpoints  THS Total Endpoints     WPWS(ns)     TPWS(ns)  TPWS Failing Endpoints  TPWS Total Endpoints  
    -------      -------  ---------------------  -------------------      -------      -------  ---------------------  -------------------     --------     --------  ----------------------  --------------------  
         NA           NA                     NA                   NA           NA           NA                     NA                   NA           NA           NA                      NA                    NA  


All user specified timing constraints are met.


------------------------------------------------------------------------------------------------
| Clock Summary
| -------------
------------------------------------------------------------------------------------------------

Clock  Waveform(ns)         Period(ns)      Frequency(MHz)
-----  ------------         ----------      --------------
i_clk  {0.000 2.500}        5.000           200.000         


------------------------------------------------------------------------------------------------
| Intra Clock Table
| -----------------
------------------------------------------------------------------------------------------------

Clock             WNS(ns)      TNS(ns)  TNS Failing Endpoints  TNS Total Endpoints      WHS(ns)      THS(ns)  THS Failing Endpoints  THS Total Endpoints     WPWS(ns)     TPWS(ns)  TPWS Failing Endpoints  TPWS Total Endpoints  
-----             -------      -------  ---------------------  -------------------      -------      -------  ---------------------  -------------------     --------     --------  ----------------------  --------------------  


------------------------------------------------------------------------------------------------
| Inter Clock Table
| -----------------
------------------------------------------------------------------------------------------------

From Clock    To Clock          WNS(ns)      TNS(ns)  TNS Failing Endpoints  TNS Total Endpoints      WHS(ns)      THS(ns)  THS Failing Endpoints  THS Total Endpoints  
----------    --------          -------      -------  ---------------------  -------------------      -------      -------  ---------------------  -------------------  


------------------------------------------------------------------------------------------------
| Other Path Groups Table
| -----------------------
------------------------------------------------------------------------------------------------

Path Group    From Clock    To Clock          WNS(ns)      TNS(ns)  TNS Failing Endpoints  TNS Total Endpoints      WHS(ns)      THS(ns)  THS Failing Endpoints  THS Total Endpoints  
----------    ----------    --------          -------      -------  ---------------------  -------------------      -------      -------  ---------------------  -------------------  


------------------------------------------------------------------------------------------------
| Timing Details
| --------------
------------------------------------------------------------------------------------------------


------------------------------------------------------------------------------------------------
| Data sheet
| ----------
------------------------------------------------------------------------------------------------

Combinational Delays

---------------+----------------+-----------+---------+-----------+---------+
From           | To             |   Max     | Process |   Min     | Process |
Port           | Port           | Delay(ns) | Corner  | Delay(ns) | Corner  |
---------------+----------------+-----------+---------+-----------+---------+
A_i[0][0][0]   | C_o[0][0][0]   |     4.266 | SLOW    |     2.206 | FAST    |
A_i[0][0][0]   | C_o[0][0][1]   |     4.673 | SLOW    |     2.345 | FAST    |
A_i[0][0][0]   | C_o[0][0][2]   |     4.698 | SLOW    |     2.396 | FAST    |
A_i[0][0][0]   | C_o[0][0][3]   |     4.970 | SLOW    |     2.366 | FAST    |
A_i[0][0][0]   | C_o[0][1][0]   |     4.266 | SLOW    |     2.206 | FAST    |
A_i[0][0][0]   | C_o[0][1][1]   |     4.673 | SLOW    |     2.345 | FAST    |
A_i[0][0][0]   | C_o[0][1][2]   |     4.698 | SLOW    |     2.396 | FAST    |
A_i[0][0][0]   | C_o[0][1][3]   |     4.970 | SLOW    |     2.366 | FAST    |
A_i[0][0][0]   | C_o[0][2][0]   |     4.266 | SLOW    |     2.206 | FAST    |
A_i[0][0][0]   | C_o[0][2][1]   |     4.673 | SLOW    |     2.345 | FAST    |
A_i[0][0][0]   | C_o[0][2][2]   |     4.698 | SLOW    |     2.396 | FAST    |
A_i[0][0][0]   | C_o[0][2][3]   |     4.970 | SLOW    |     2.366 | FAST    |
A_i[0][0][0]   | C_o[0][3][0]   |     4.266 | SLOW    |     2.206 | FAST    |
A_i[0][0][0]   | C_o[0][3][1]   |     4.673 | SLOW    |     2.345 | FAST    |
A_i[0][0][0]   | C_o[0][3][2]   |     4.698 | SLOW    |     2.396 | FAST    |
A_i[0][0][0]   | C_o[0][3][3]   |     4.970 | SLOW    |     2.366 | FAST    |
A_i[0][0][1]   | C_o[0][0][1]   |     4.665 | SLOW    |     2.438 | FAST    |
A_i[0][0][1]   | C_o[0][0][2]   |     4.690 | SLOW    |     2.434 | FAST    |
A_i[0][0][1]   | C_o[0][0][3]   |     4.962 | SLOW    |     2.379 | FAST    |
A_i[0][0][1]   | C_o[0][1][1]   |     4.665 | SLOW    |     2.438 | FAST    |
A_i[0][0][1]   | C_o[0][1][2]   |     4.690 | SLOW    |     2.434 | FAST    |
A_i[0][0][1]   | C_o[0][1][3]   |     4.962 | SLOW    |     2.379 | FAST    |
A_i[0][0][1]   | C_o[0][2][1]   |     4.665 | SLOW    |     2.438 | FAST    |
A_i[0][0][1]   | C_o[0][2][2]   |     4.690 | SLOW    |     2.434 | FAST    |
A_i[0][0][1]   | C_o[0][2][3]   |     4.962 | SLOW    |     2.379 | FAST    |
A_i[0][0][1]   | C_o[0][3][1]   |     4.665 | SLOW    |     2.438 | FAST    |
A_i[0][0][1]   | C_o[0][3][2]   |     4.690 | SLOW    |     2.434 | FAST    |
A_i[0][0][1]   | C_o[0][3][3]   |     4.962 | SLOW    |     2.379 | FAST    |
A_i[0][0][2]   | C_o[0][0][2]   |     4.655 | SLOW    |     2.424 | FAST    |
A_i[0][0][2]   | C_o[0][0][3]   |     4.880 | SLOW    |     2.366 | FAST    |
A_i[0][0][2]   | C_o[0][1][2]   |     4.655 | SLOW    |     2.424 | FAST    |
A_i[0][0][2]   | C_o[0][1][3]   |     4.853 | SLOW    |     2.366 | FAST    |
A_i[0][0][2]   | C_o[0][2][2]   |     4.655 | SLOW    |     2.424 | FAST    |
A_i[0][0][2]   | C_o[0][2][3]   |     4.853 | SLOW    |     2.366 | FAST    |
A_i[0][0][2]   | C_o[0][3][2]   |     4.655 | SLOW    |     2.424 | FAST    |
A_i[0][0][2]   | C_o[0][3][3]   |     4.853 | SLOW    |     2.366 | FAST    |
A_i[0][0][3]   | C_o[0][0][3]   |     4.657 | SLOW    |     2.420 | FAST    |
A_i[0][0][3]   | C_o[0][1][3]   |     4.625 | SLOW    |     2.403 | FAST    |
A_i[0][0][3]   | C_o[0][2][3]   |     4.625 | SLOW    |     2.403 | FAST    |
A_i[0][0][3]   | C_o[0][3][3]   |     4.625 | SLOW    |     2.403 | FAST    |
A_i[0][1][0]   | C_o[0][0][0]   |     4.472 | SLOW    |     2.328 | FAST    |
A_i[0][1][0]   | C_o[0][0][1]   |     4.702 | SLOW    |     2.322 | FAST    |
A_i[0][1][0]   | C_o[0][0][2]   |     4.789 | SLOW    |     2.369 | FAST    |
A_i[0][1][0]   | C_o[0][0][3]   |     5.043 | SLOW    |     2.425 | FAST    |
A_i[0][1][0]   | C_o[0][1][0]   |     4.472 | SLOW    |     2.328 | FAST    |
A_i[0][1][0]   | C_o[0][1][1]   |     4.702 | SLOW    |     2.322 | FAST    |
A_i[0][1][0]   | C_o[0][1][2]   |     4.789 | SLOW    |     2.369 | FAST    |
A_i[0][1][0]   | C_o[0][1][3]   |     5.043 | SLOW    |     2.425 | FAST    |
A_i[0][1][0]   | C_o[0][2][0]   |     4.472 | SLOW    |     2.328 | FAST    |
A_i[0][1][0]   | C_o[0][2][1]   |     4.702 | SLOW    |     2.322 | FAST    |
A_i[0][1][0]   | C_o[0][2][2]   |     4.789 | SLOW    |     2.369 | FAST    |
A_i[0][1][0]   | C_o[0][2][3]   |     5.043 | SLOW    |     2.425 | FAST    |
A_i[0][1][0]   | C_o[0][3][0]   |     4.472 | SLOW    |     2.328 | FAST    |
A_i[0][1][0]   | C_o[0][3][1]   |     4.702 | SLOW    |     2.322 | FAST    |
A_i[0][1][0]   | C_o[0][3][2]   |     4.789 | SLOW    |     2.369 | FAST    |
A_i[0][1][0]   | C_o[0][3][3]   |     5.043 | SLOW    |     2.425 | FAST    |
A_i[0][1][1]   | C_o[0][0][1]   |     4.682 | SLOW    |     2.440 | FAST    |
A_i[0][1][1]   | C_o[0][0][2]   |     4.698 | SLOW    |     2.434 | FAST    |
A_i[0][1][1]   | C_o[0][0][3]   |     5.067 | SLOW    |     2.438 | FAST    |
A_i[0][1][1]   | C_o[0][1][1]   |     4.682 | SLOW    |     2.440 | FAST    |
A_i[0][1][1]   | C_o[0][1][2]   |     4.698 | SLOW    |     2.434 | FAST    |
A_i[0][1][1]   | C_o[0][1][3]   |     5.067 | SLOW    |     2.438 | FAST    |
A_i[0][1][1]   | C_o[0][2][1]   |     4.682 | SLOW    |     2.440 | FAST    |
A_i[0][1][1]   | C_o[0][2][2]   |     4.698 | SLOW    |     2.434 | FAST    |
A_i[0][1][1]   | C_o[0][2][3]   |     5.067 | SLOW    |     2.438 | FAST    |
A_i[0][1][1]   | C_o[0][3][1]   |     4.682 | SLOW    |     2.440 | FAST    |
A_i[0][1][1]   | C_o[0][3][2]   |     4.698 | SLOW    |     2.434 | FAST    |
A_i[0][1][1]   | C_o[0][3][3]   |     5.067 | SLOW    |     2.438 | FAST    |
A_i[0][1][2]   | C_o[0][0][2]   |     4.651 | SLOW    |     2.432 | FAST    |
A_i[0][1][2]   | C_o[0][0][3]   |     5.056 | SLOW    |     2.424 | FAST    |
A_i[0][1][2]   | C_o[0][1][2]   |     4.651 | SLOW    |     2.432 | FAST    |
A_i[0][1][2]   | C_o[0][1][3]   |     5.024 | SLOW    |     2.424 | FAST    |
A_i[0][1][2]   | C_o[0][2][2]   |     4.651 | SLOW    |     2.432 | FAST    |
A_i[0][1][2]   | C_o[0][2][3]   |     5.024 | SLOW    |     2.424 | FAST    |
A_i[0][1][2]   | C_o[0][3][2]   |     4.651 | SLOW    |     2.432 | FAST    |
A_i[0][1][2]   | C_o[0][3][3]   |     5.024 | SLOW    |     2.424 | FAST    |
A_i[0][1][3]   | C_o[0][0][3]   |     5.031 | SLOW    |     2.631 | FAST    |
A_i[0][1][3]   | C_o[0][1][3]   |     4.999 | SLOW    |     2.614 | FAST    |
A_i[0][1][3]   | C_o[0][2][3]   |     4.999 | SLOW    |     2.614 | FAST    |
A_i[0][1][3]   | C_o[0][3][3]   |     4.999 | SLOW    |     2.614 | FAST    |
A_i[0][2][0]   | C_o[0][0][0]   |     4.464 | SLOW    |     2.319 | FAST    |
A_i[0][2][0]   | C_o[0][0][1]   |     4.694 | SLOW    |     2.329 | FAST    |
A_i[0][2][0]   | C_o[0][0][2]   |     4.781 | SLOW    |     2.376 | FAST    |
A_i[0][2][0]   | C_o[0][0][3]   |     5.057 | SLOW    |     2.428 | FAST    |
A_i[0][2][0]   | C_o[0][1][0]   |     4.464 | SLOW    |     2.319 | FAST    |
A_i[0][2][0]   | C_o[0][1][1]   |     4.694 | SLOW    |     2.329 | FAST    |
A_i[0][2][0]   | C_o[0][1][2]   |     4.781 | SLOW    |     2.376 | FAST    |
A_i[0][2][0]   | C_o[0][1][3]   |     5.057 | SLOW    |     2.428 | FAST    |
A_i[0][2][0]   | C_o[0][2][0]   |     4.464 | SLOW    |     2.319 | FAST    |
A_i[0][2][0]   | C_o[0][2][1]   |     4.694 | SLOW    |     2.329 | FAST    |
A_i[0][2][0]   | C_o[0][2][2]   |     4.781 | SLOW    |     2.376 | FAST    |
A_i[0][2][0]   | C_o[0][2][3]   |     5.057 | SLOW    |     2.428 | FAST    |
A_i[0][2][0]   | C_o[0][3][0]   |     4.464 | SLOW    |     2.319 | FAST    |
A_i[0][2][0]   | C_o[0][3][1]   |     4.694 | SLOW    |     2.329 | FAST    |
A_i[0][2][0]   | C_o[0][3][2]   |     4.781 | SLOW    |     2.376 | FAST    |
A_i[0][2][0]   | C_o[0][3][3]   |     5.057 | SLOW    |     2.428 | FAST    |
A_i[0][2][1]   | C_o[0][0][1]   |     4.677 | SLOW    |     2.443 | FAST    |
A_i[0][2][1]   | C_o[0][0][2]   |     4.702 | SLOW    |     2.437 | FAST    |
A_i[0][2][1]   | C_o[0][0][3]   |     5.049 | SLOW    |     2.441 | FAST    |
A_i[0][2][1]   | C_o[0][1][1]   |     4.677 | SLOW    |     2.443 | FAST    |
A_i[0][2][1]   | C_o[0][1][2]   |     4.702 | SLOW    |     2.437 | FAST    |
A_i[0][2][1]   | C_o[0][1][3]   |     5.049 | SLOW    |     2.441 | FAST    |
A_i[0][2][1]   | C_o[0][2][1]   |     4.677 | SLOW    |     2.443 | FAST    |
A_i[0][2][1]   | C_o[0][2][2]   |     4.702 | SLOW    |     2.437 | FAST    |
A_i[0][2][1]   | C_o[0][2][3]   |     5.049 | SLOW    |     2.441 | FAST    |
A_i[0][2][1]   | C_o[0][3][1]   |     4.677 | SLOW    |     2.443 | FAST    |
A_i[0][2][1]   | C_o[0][3][2]   |     4.702 | SLOW    |     2.437 | FAST    |
A_i[0][2][1]   | C_o[0][3][3]   |     5.049 | SLOW    |     2.441 | FAST    |
A_i[0][2][2]   | C_o[0][0][2]   |     4.653 | SLOW    |     2.428 | FAST    |
A_i[0][2][2]   | C_o[0][0][3]   |     4.967 | SLOW    |     2.428 | FAST    |
A_i[0][2][2]   | C_o[0][1][2]   |     4.653 | SLOW    |     2.428 | FAST    |
A_i[0][2][2]   | C_o[0][1][3]   |     4.940 | SLOW    |     2.428 | FAST    |
A_i[0][2][2]   | C_o[0][2][2]   |     4.653 | SLOW    |     2.428 | FAST    |
A_i[0][2][2]   | C_o[0][2][3]   |     4.940 | SLOW    |     2.428 | FAST    |
A_i[0][2][2]   | C_o[0][3][2]   |     4.653 | SLOW    |     2.428 | FAST    |
A_i[0][2][2]   | C_o[0][3][3]   |     4.940 | SLOW    |     2.428 | FAST    |
A_i[0][2][3]   | C_o[0][0][3]   |     4.744 | SLOW    |     2.471 | FAST    |
A_i[0][2][3]   | C_o[0][1][3]   |     4.712 | SLOW    |     2.454 | FAST    |
A_i[0][2][3]   | C_o[0][2][3]   |     4.712 | SLOW    |     2.454 | FAST    |
A_i[0][2][3]   | C_o[0][3][3]   |     4.712 | SLOW    |     2.454 | FAST    |
A_i[0][3][0]   | C_o[0][0][0]   |     4.467 | SLOW    |     2.320 | FAST    |
A_i[0][3][0]   | C_o[0][0][1]   |     4.697 | SLOW    |     2.322 | FAST    |
A_i[0][3][0]   | C_o[0][0][2]   |     4.784 | SLOW    |     2.369 | FAST    |
A_i[0][3][0]   | C_o[0][0][3]   |     4.988 | SLOW    |     2.429 | FAST    |
A_i[0][3][0]   | C_o[0][1][0]   |     4.467 | SLOW    |     2.320 | FAST    |
A_i[0][3][0]   | C_o[0][1][1]   |     4.697 | SLOW    |     2.322 | FAST    |
A_i[0][3][0]   | C_o[0][1][2]   |     4.784 | SLOW    |     2.369 | FAST    |
A_i[0][3][0]   | C_o[0][1][3]   |     4.988 | SLOW    |     2.429 | FAST    |
A_i[0][3][0]   | C_o[0][2][0]   |     4.467 | SLOW    |     2.320 | FAST    |
A_i[0][3][0]   | C_o[0][2][1]   |     4.697 | SLOW    |     2.322 | FAST    |
A_i[0][3][0]   | C_o[0][2][2]   |     4.784 | SLOW    |     2.369 | FAST    |
A_i[0][3][0]   | C_o[0][2][3]   |     4.988 | SLOW    |     2.429 | FAST    |
A_i[0][3][0]   | C_o[0][3][0]   |     4.467 | SLOW    |     2.320 | FAST    |
A_i[0][3][0]   | C_o[0][3][1]   |     4.697 | SLOW    |     2.322 | FAST    |
A_i[0][3][0]   | C_o[0][3][2]   |     4.784 | SLOW    |     2.369 | FAST    |
A_i[0][3][0]   | C_o[0][3][3]   |     4.988 | SLOW    |     2.429 | FAST    |
A_i[0][3][1]   | C_o[0][0][1]   |     4.682 | SLOW    |     2.440 | FAST    |
A_i[0][3][1]   | C_o[0][0][2]   |     4.698 | SLOW    |     2.436 | FAST    |
A_i[0][3][1]   | C_o[0][0][3]   |     4.980 | SLOW    |     2.442 | FAST    |
A_i[0][3][1]   | C_o[0][1][1]   |     4.682 | SLOW    |     2.440 | FAST    |
A_i[0][3][1]   | C_o[0][1][2]   |     4.698 | SLOW    |     2.436 | FAST    |
A_i[0][3][1]   | C_o[0][1][3]   |     4.978 | SLOW    |     2.442 | FAST    |
A_i[0][3][1]   | C_o[0][2][1]   |     4.682 | SLOW    |     2.440 | FAST    |
A_i[0][3][1]   | C_o[0][2][2]   |     4.698 | SLOW    |     2.436 | FAST    |
A_i[0][3][1]   | C_o[0][2][3]   |     4.978 | SLOW    |     2.442 | FAST    |
A_i[0][3][1]   | C_o[0][3][1]   |     4.682 | SLOW    |     2.440 | FAST    |
A_i[0][3][1]   | C_o[0][3][2]   |     4.698 | SLOW    |     2.436 | FAST    |
A_i[0][3][1]   | C_o[0][3][3]   |     4.978 | SLOW    |     2.442 | FAST    |
A_i[0][3][2]   | C_o[0][0][2]   |     4.651 | SLOW    |     2.432 | FAST    |
A_i[0][3][2]   | C_o[0][0][3]   |     4.967 | SLOW    |     2.428 | FAST    |
A_i[0][3][2]   | C_o[0][1][2]   |     4.651 | SLOW    |     2.432 | FAST    |
A_i[0][3][2]   | C_o[0][1][3]   |     4.942 | SLOW    |     2.428 | FAST    |
A_i[0][3][2]   | C_o[0][2][2]   |     4.651 | SLOW    |     2.432 | FAST    |
A_i[0][3][2]   | C_o[0][2][3]   |     4.942 | SLOW    |     2.428 | FAST    |
A_i[0][3][2]   | C_o[0][3][2]   |     4.651 | SLOW    |     2.432 | FAST    |
A_i[0][3][2]   | C_o[0][3][3]   |     4.942 | SLOW    |     2.428 | FAST    |
A_i[0][3][3]   | C_o[0][0][3]   |     4.942 | SLOW    |     2.584 | FAST    |
A_i[0][3][3]   | C_o[0][1][3]   |     4.910 | SLOW    |     2.567 | FAST    |
A_i[0][3][3]   | C_o[0][2][3]   |     4.910 | SLOW    |     2.567 | FAST    |
A_i[0][3][3]   | C_o[0][3][3]   |     4.910 | SLOW    |     2.567 | FAST    |
A_i[1][0][0]   | C_o[1][0][0]   |     4.271 | SLOW    |     2.214 | FAST    |
A_i[1][0][0]   | C_o[1][0][1]   |     4.673 | SLOW    |     2.345 | FAST    |
A_i[1][0][0]   | C_o[1][0][2]   |     4.698 | SLOW    |     2.396 | FAST    |
A_i[1][0][0]   | C_o[1][0][3]   |     4.970 | SLOW    |     2.366 | FAST    |
A_i[1][0][0]   | C_o[1][1][0]   |     4.271 | SLOW    |     2.214 | FAST    |
A_i[1][0][0]   | C_o[1][1][1]   |     4.673 | SLOW    |     2.345 | FAST    |
A_i[1][0][0]   | C_o[1][1][2]   |     4.698 | SLOW    |     2.396 | FAST    |
A_i[1][0][0]   | C_o[1][1][3]   |     4.970 | SLOW    |     2.366 | FAST    |
A_i[1][0][0]   | C_o[1][2][0]   |     4.271 | SLOW    |     2.214 | FAST    |
A_i[1][0][0]   | C_o[1][2][1]   |     4.673 | SLOW    |     2.345 | FAST    |
A_i[1][0][0]   | C_o[1][2][2]   |     4.698 | SLOW    |     2.396 | FAST    |
A_i[1][0][0]   | C_o[1][2][3]   |     4.970 | SLOW    |     2.366 | FAST    |
A_i[1][0][0]   | C_o[1][3][0]   |     4.271 | SLOW    |     2.214 | FAST    |
A_i[1][0][0]   | C_o[1][3][1]   |     4.673 | SLOW    |     2.345 | FAST    |
A_i[1][0][0]   | C_o[1][3][2]   |     4.698 | SLOW    |     2.396 | FAST    |
A_i[1][0][0]   | C_o[1][3][3]   |     4.970 | SLOW    |     2.366 | FAST    |
A_i[1][0][1]   | C_o[1][0][1]   |     4.665 | SLOW    |     2.438 | FAST    |
A_i[1][0][1]   | C_o[1][0][2]   |     4.690 | SLOW    |     2.434 | FAST    |
A_i[1][0][1]   | C_o[1][0][3]   |     4.962 | SLOW    |     2.379 | FAST    |
A_i[1][0][1]   | C_o[1][1][1]   |     4.665 | SLOW    |     2.438 | FAST    |
A_i[1][0][1]   | C_o[1][1][2]   |     4.690 | SLOW    |     2.434 | FAST    |
A_i[1][0][1]   | C_o[1][1][3]   |     4.962 | SLOW    |     2.379 | FAST    |
A_i[1][0][1]   | C_o[1][2][1]   |     4.665 | SLOW    |     2.438 | FAST    |
A_i[1][0][1]   | C_o[1][2][2]   |     4.690 | SLOW    |     2.434 | FAST    |
A_i[1][0][1]   | C_o[1][2][3]   |     4.962 | SLOW    |     2.379 | FAST    |
A_i[1][0][1]   | C_o[1][3][1]   |     4.665 | SLOW    |     2.438 | FAST    |
A_i[1][0][1]   | C_o[1][3][2]   |     4.690 | SLOW    |     2.434 | FAST    |
A_i[1][0][1]   | C_o[1][3][3]   |     4.962 | SLOW    |     2.379 | FAST    |
A_i[1][0][2]   | C_o[1][0][2]   |     4.655 | SLOW    |     2.424 | FAST    |
A_i[1][0][2]   | C_o[1][0][3]   |     4.880 | SLOW    |     2.366 | FAST    |
A_i[1][0][2]   | C_o[1][1][2]   |     4.655 | SLOW    |     2.424 | FAST    |
A_i[1][0][2]   | C_o[1][1][3]   |     4.880 | SLOW    |     2.366 | FAST    |
A_i[1][0][2]   | C_o[1][2][2]   |     4.655 | SLOW    |     2.424 | FAST    |
A_i[1][0][2]   | C_o[1][2][3]   |     4.880 | SLOW    |     2.366 | FAST    |
A_i[1][0][2]   | C_o[1][3][2]   |     4.655 | SLOW    |     2.424 | FAST    |
A_i[1][0][2]   | C_o[1][3][3]   |     4.880 | SLOW    |     2.366 | FAST    |
A_i[1][0][3]   | C_o[1][0][3]   |     4.657 | SLOW    |     2.420 | FAST    |
A_i[1][0][3]   | C_o[1][1][3]   |     4.657 | SLOW    |     2.420 | FAST    |
A_i[1][0][3]   | C_o[1][2][3]   |     4.657 | SLOW    |     2.420 | FAST    |
A_i[1][0][3]   | C_o[1][3][3]   |     4.657 | SLOW    |     2.420 | FAST    |
A_i[1][1][0]   | C_o[1][0][0]   |     4.472 | SLOW    |     2.328 | FAST    |
A_i[1][1][0]   | C_o[1][0][1]   |     4.702 | SLOW    |     2.339 | FAST    |
A_i[1][1][0]   | C_o[1][0][2]   |     4.789 | SLOW    |     2.386 | FAST    |
A_i[1][1][0]   | C_o[1][0][3]   |     5.043 | SLOW    |     2.425 | FAST    |
A_i[1][1][0]   | C_o[1][1][0]   |     4.472 | SLOW    |     2.328 | FAST    |
A_i[1][1][0]   | C_o[1][1][1]   |     4.702 | SLOW    |     2.339 | FAST    |
A_i[1][1][0]   | C_o[1][1][2]   |     4.789 | SLOW    |     2.386 | FAST    |
A_i[1][1][0]   | C_o[1][1][3]   |     5.043 | SLOW    |     2.425 | FAST    |
A_i[1][1][0]   | C_o[1][2][0]   |     4.472 | SLOW    |     2.328 | FAST    |
A_i[1][1][0]   | C_o[1][2][1]   |     4.702 | SLOW    |     2.339 | FAST    |
A_i[1][1][0]   | C_o[1][2][2]   |     4.789 | SLOW    |     2.386 | FAST    |
A_i[1][1][0]   | C_o[1][2][3]   |     5.043 | SLOW    |     2.425 | FAST    |
A_i[1][1][0]   | C_o[1][3][0]   |     4.472 | SLOW    |     2.328 | FAST    |
A_i[1][1][0]   | C_o[1][3][1]   |     4.702 | SLOW    |     2.339 | FAST    |
A_i[1][1][0]   | C_o[1][3][2]   |     4.789 | SLOW    |     2.386 | FAST    |
A_i[1][1][0]   | C_o[1][3][3]   |     5.043 | SLOW    |     2.425 | FAST    |
A_i[1][1][1]   | C_o[1][0][1]   |     4.682 | SLOW    |     2.440 | FAST    |
A_i[1][1][1]   | C_o[1][0][2]   |     4.698 | SLOW    |     2.434 | FAST    |
A_i[1][1][1]   | C_o[1][0][3]   |     5.067 | SLOW    |     2.438 | FAST    |
A_i[1][1][1]   | C_o[1][1][1]   |     4.682 | SLOW    |     2.440 | FAST    |
A_i[1][1][1]   | C_o[1][1][2]   |     4.698 | SLOW    |     2.434 | FAST    |
A_i[1][1][1]   | C_o[1][1][3]   |     5.067 | SLOW    |     2.438 | FAST    |
A_i[1][1][1]   | C_o[1][2][1]   |     4.682 | SLOW    |     2.440 | FAST    |
A_i[1][1][1]   | C_o[1][2][2]   |     4.698 | SLOW    |     2.434 | FAST    |
A_i[1][1][1]   | C_o[1][2][3]   |     5.067 | SLOW    |     2.438 | FAST    |
A_i[1][1][1]   | C_o[1][3][1]   |     4.682 | SLOW    |     2.440 | FAST    |
A_i[1][1][1]   | C_o[1][3][2]   |     4.698 | SLOW    |     2.434 | FAST    |
A_i[1][1][1]   | C_o[1][3][3]   |     5.067 | SLOW    |     2.438 | FAST    |
A_i[1][1][2]   | C_o[1][0][2]   |     4.651 | SLOW    |     2.432 | FAST    |
A_i[1][1][2]   | C_o[1][0][3]   |     5.056 | SLOW    |     2.424 | FAST    |
A_i[1][1][2]   | C_o[1][1][2]   |     4.651 | SLOW    |     2.432 | FAST    |
A_i[1][1][2]   | C_o[1][1][3]   |     5.056 | SLOW    |     2.424 | FAST    |
A_i[1][1][2]   | C_o[1][2][2]   |     4.651 | SLOW    |     2.432 | FAST    |
A_i[1][1][2]   | C_o[1][2][3]   |     5.056 | SLOW    |     2.424 | FAST    |
A_i[1][1][2]   | C_o[1][3][2]   |     4.651 | SLOW    |     2.432 | FAST    |
A_i[1][1][2]   | C_o[1][3][3]   |     5.056 | SLOW    |     2.424 | FAST    |
A_i[1][1][3]   | C_o[1][0][3]   |     5.031 | SLOW    |     2.631 | FAST    |
A_i[1][1][3]   | C_o[1][1][3]   |     5.031 | SLOW    |     2.631 | FAST    |
A_i[1][1][3]   | C_o[1][2][3]   |     5.031 | SLOW    |     2.631 | FAST    |
A_i[1][1][3]   | C_o[1][3][3]   |     5.031 | SLOW    |     2.631 | FAST    |
A_i[1][2][0]   | C_o[1][0][0]   |     4.496 | SLOW    |     2.336 | FAST    |
A_i[1][2][0]   | C_o[1][0][1]   |     4.726 | SLOW    |     2.329 | FAST    |
A_i[1][2][0]   | C_o[1][0][2]   |     4.813 | SLOW    |     2.376 | FAST    |
A_i[1][2][0]   | C_o[1][0][3]   |     5.057 | SLOW    |     2.428 | FAST    |
A_i[1][2][0]   | C_o[1][1][0]   |     4.496 | SLOW    |     2.336 | FAST    |
A_i[1][2][0]   | C_o[1][1][1]   |     4.726 | SLOW    |     2.329 | FAST    |
A_i[1][2][0]   | C_o[1][1][2]   |     4.813 | SLOW    |     2.376 | FAST    |
A_i[1][2][0]   | C_o[1][1][3]   |     5.057 | SLOW    |     2.428 | FAST    |
A_i[1][2][0]   | C_o[1][2][0]   |     4.496 | SLOW    |     2.336 | FAST    |
A_i[1][2][0]   | C_o[1][2][1]   |     4.726 | SLOW    |     2.329 | FAST    |
A_i[1][2][0]   | C_o[1][2][2]   |     4.813 | SLOW    |     2.376 | FAST    |
A_i[1][2][0]   | C_o[1][2][3]   |     5.057 | SLOW    |     2.428 | FAST    |
A_i[1][2][0]   | C_o[1][3][0]   |     4.496 | SLOW    |     2.336 | FAST    |
A_i[1][2][0]   | C_o[1][3][1]   |     4.726 | SLOW    |     2.329 | FAST    |
A_i[1][2][0]   | C_o[1][3][2]   |     4.813 | SLOW    |     2.376 | FAST    |
A_i[1][2][0]   | C_o[1][3][3]   |     5.057 | SLOW    |     2.428 | FAST    |
A_i[1][2][1]   | C_o[1][0][1]   |     4.677 | SLOW    |     2.443 | FAST    |
A_i[1][2][1]   | C_o[1][0][2]   |     4.702 | SLOW    |     2.437 | FAST    |
A_i[1][2][1]   | C_o[1][0][3]   |     5.049 | SLOW    |     2.441 | FAST    |
A_i[1][2][1]   | C_o[1][1][1]   |     4.677 | SLOW    |     2.443 | FAST    |
A_i[1][2][1]   | C_o[1][1][2]   |     4.702 | SLOW    |     2.437 | FAST    |
A_i[1][2][1]   | C_o[1][1][3]   |     5.049 | SLOW    |     2.441 | FAST    |
A_i[1][2][1]   | C_o[1][2][1]   |     4.677 | SLOW    |     2.443 | FAST    |
A_i[1][2][1]   | C_o[1][2][2]   |     4.702 | SLOW    |     2.437 | FAST    |
A_i[1][2][1]   | C_o[1][2][3]   |     5.049 | SLOW    |     2.441 | FAST    |
A_i[1][2][1]   | C_o[1][3][1]   |     4.677 | SLOW    |     2.443 | FAST    |
A_i[1][2][1]   | C_o[1][3][2]   |     4.702 | SLOW    |     2.437 | FAST    |
A_i[1][2][1]   | C_o[1][3][3]   |     5.049 | SLOW    |     2.441 | FAST    |
A_i[1][2][2]   | C_o[1][0][2]   |     4.653 | SLOW    |     2.428 | FAST    |
A_i[1][2][2]   | C_o[1][0][3]   |     4.967 | SLOW    |     2.428 | FAST    |
A_i[1][2][2]   | C_o[1][1][2]   |     4.653 | SLOW    |     2.428 | FAST    |
A_i[1][2][2]   | C_o[1][1][3]   |     4.967 | SLOW    |     2.428 | FAST    |
A_i[1][2][2]   | C_o[1][2][2]   |     4.653 | SLOW    |     2.428 | FAST    |
A_i[1][2][2]   | C_o[1][2][3]   |     4.967 | SLOW    |     2.428 | FAST    |
A_i[1][2][2]   | C_o[1][3][2]   |     4.653 | SLOW    |     2.428 | FAST    |
A_i[1][2][2]   | C_o[1][3][3]   |     4.967 | SLOW    |     2.428 | FAST    |
A_i[1][2][3]   | C_o[1][0][3]   |     4.744 | SLOW    |     2.471 | FAST    |
A_i[1][2][3]   | C_o[1][1][3]   |     4.744 | SLOW    |     2.471 | FAST    |
A_i[1][2][3]   | C_o[1][2][3]   |     4.744 | SLOW    |     2.471 | FAST    |
A_i[1][2][3]   | C_o[1][3][3]   |     4.744 | SLOW    |     2.471 | FAST    |
A_i[1][3][0]   | C_o[1][0][0]   |     4.499 | SLOW    |     2.337 | FAST    |
A_i[1][3][0]   | C_o[1][0][1]   |     4.729 | SLOW    |     2.339 | FAST    |
A_i[1][3][0]   | C_o[1][0][2]   |     4.816 | SLOW    |     2.386 | FAST    |
A_i[1][3][0]   | C_o[1][0][3]   |     4.956 | SLOW    |     2.429 | FAST    |
A_i[1][3][0]   | C_o[1][1][0]   |     4.499 | SLOW    |     2.337 | FAST    |
A_i[1][3][0]   | C_o[1][1][1]   |     4.729 | SLOW    |     2.339 | FAST    |
A_i[1][3][0]   | C_o[1][1][2]   |     4.816 | SLOW    |     2.386 | FAST    |
A_i[1][3][0]   | C_o[1][1][3]   |     4.956 | SLOW    |     2.429 | FAST    |
A_i[1][3][0]   | C_o[1][2][0]   |     4.499 | SLOW    |     2.337 | FAST    |
A_i[1][3][0]   | C_o[1][2][1]   |     4.729 | SLOW    |     2.339 | FAST    |
A_i[1][3][0]   | C_o[1][2][2]   |     4.816 | SLOW    |     2.386 | FAST    |
A_i[1][3][0]   | C_o[1][2][3]   |     4.956 | SLOW    |     2.429 | FAST    |
A_i[1][3][0]   | C_o[1][3][0]   |     4.499 | SLOW    |     2.337 | FAST    |
A_i[1][3][0]   | C_o[1][3][1]   |     4.729 | SLOW    |     2.339 | FAST    |
A_i[1][3][0]   | C_o[1][3][2]   |     4.816 | SLOW    |     2.386 | FAST    |
A_i[1][3][0]   | C_o[1][3][3]   |     4.956 | SLOW    |     2.429 | FAST    |
A_i[1][3][1]   | C_o[1][0][1]   |     4.682 | SLOW    |     2.440 | FAST    |
A_i[1][3][1]   | C_o[1][0][2]   |     4.698 | SLOW    |     2.436 | FAST    |
A_i[1][3][1]   | C_o[1][0][3]   |     4.980 | SLOW    |     2.442 | FAST    |
A_i[1][3][1]   | C_o[1][1][1]   |     4.682 | SLOW    |     2.440 | FAST    |
A_i[1][3][1]   | C_o[1][1][2]   |     4.698 | SLOW    |     2.436 | FAST    |
A_i[1][3][1]   | C_o[1][1][3]   |     4.980 | SLOW    |     2.442 | FAST    |
A_i[1][3][1]   | C_o[1][2][1]   |     4.682 | SLOW    |     2.440 | FAST    |
A_i[1][3][1]   | C_o[1][2][2]   |     4.698 | SLOW    |     2.436 | FAST    |
A_i[1][3][1]   | C_o[1][2][3]   |     4.980 | SLOW    |     2.442 | FAST    |
A_i[1][3][1]   | C_o[1][3][1]   |     4.682 | SLOW    |     2.440 | FAST    |
A_i[1][3][1]   | C_o[1][3][2]   |     4.698 | SLOW    |     2.436 | FAST    |
A_i[1][3][1]   | C_o[1][3][3]   |     4.980 | SLOW    |     2.442 | FAST    |
A_i[1][3][2]   | C_o[1][0][2]   |     4.651 | SLOW    |     2.432 | FAST    |
A_i[1][3][2]   | C_o[1][0][3]   |     4.967 | SLOW    |     2.428 | FAST    |
A_i[1][3][2]   | C_o[1][1][2]   |     4.651 | SLOW    |     2.432 | FAST    |
A_i[1][3][2]   | C_o[1][1][3]   |     4.967 | SLOW    |     2.428 | FAST    |
A_i[1][3][2]   | C_o[1][2][2]   |     4.651 | SLOW    |     2.432 | FAST    |
A_i[1][3][2]   | C_o[1][2][3]   |     4.967 | SLOW    |     2.428 | FAST    |
A_i[1][3][2]   | C_o[1][3][2]   |     4.651 | SLOW    |     2.432 | FAST    |
A_i[1][3][2]   | C_o[1][3][3]   |     4.967 | SLOW    |     2.428 | FAST    |
A_i[1][3][3]   | C_o[1][0][3]   |     4.942 | SLOW    |     2.584 | FAST    |
A_i[1][3][3]   | C_o[1][1][3]   |     4.942 | SLOW    |     2.584 | FAST    |
A_i[1][3][3]   | C_o[1][2][3]   |     4.942 | SLOW    |     2.584 | FAST    |
A_i[1][3][3]   | C_o[1][3][3]   |     4.942 | SLOW    |     2.584 | FAST    |
A_i[2][0][0]   | C_o[2][0][0]   |     4.271 | SLOW    |     2.214 | FAST    |
A_i[2][0][0]   | C_o[2][0][1]   |     4.704 | SLOW    |     2.345 | FAST    |
A_i[2][0][0]   | C_o[2][0][2]   |     4.729 | SLOW    |     2.396 | FAST    |
A_i[2][0][0]   | C_o[2][0][3]   |     4.970 | SLOW    |     2.366 | FAST    |
A_i[2][0][0]   | C_o[2][1][0]   |     4.271 | SLOW    |     2.214 | FAST    |
A_i[2][0][0]   | C_o[2][1][1]   |     4.704 | SLOW    |     2.345 | FAST    |
A_i[2][0][0]   | C_o[2][1][2]   |     4.729 | SLOW    |     2.396 | FAST    |
A_i[2][0][0]   | C_o[2][1][3]   |     4.970 | SLOW    |     2.366 | FAST    |
A_i[2][0][0]   | C_o[2][2][0]   |     4.271 | SLOW    |     2.214 | FAST    |
A_i[2][0][0]   | C_o[2][2][1]   |     4.704 | SLOW    |     2.345 | FAST    |
A_i[2][0][0]   | C_o[2][2][2]   |     4.729 | SLOW    |     2.396 | FAST    |
A_i[2][0][0]   | C_o[2][2][3]   |     4.970 | SLOW    |     2.366 | FAST    |
A_i[2][0][0]   | C_o[2][3][0]   |     4.271 | SLOW    |     2.214 | FAST    |
A_i[2][0][0]   | C_o[2][3][1]   |     4.704 | SLOW    |     2.345 | FAST    |
A_i[2][0][0]   | C_o[2][3][2]   |     4.729 | SLOW    |     2.396 | FAST    |
A_i[2][0][0]   | C_o[2][3][3]   |     4.970 | SLOW    |     2.366 | FAST    |
A_i[2][0][1]   | C_o[2][0][1]   |     4.696 | SLOW    |     2.458 | FAST    |
A_i[2][0][1]   | C_o[2][0][2]   |     4.721 | SLOW    |     2.437 | FAST    |
A_i[2][0][1]   | C_o[2][0][3]   |     4.962 | SLOW    |     2.379 | FAST    |
A_i[2][0][1]   | C_o[2][1][1]   |     4.696 | SLOW    |     2.458 | FAST    |
A_i[2][0][1]   | C_o[2][1][2]   |     4.721 | SLOW    |     2.437 | FAST    |
A_i[2][0][1]   | C_o[2][1][3]   |     4.962 | SLOW    |     2.379 | FAST    |
A_i[2][0][1]   | C_o[2][2][1]   |     4.696 | SLOW    |     2.458 | FAST    |
A_i[2][0][1]   | C_o[2][2][2]   |     4.721 | SLOW    |     2.437 | FAST    |
A_i[2][0][1]   | C_o[2][2][3]   |     4.962 | SLOW    |     2.379 | FAST    |
A_i[2][0][1]   | C_o[2][3][1]   |     4.696 | SLOW    |     2.458 | FAST    |
A_i[2][0][1]   | C_o[2][3][2]   |     4.721 | SLOW    |     2.437 | FAST    |
A_i[2][0][1]   | C_o[2][3][3]   |     4.962 | SLOW    |     2.379 | FAST    |
A_i[2][0][2]   | C_o[2][0][2]   |     4.655 | SLOW    |     2.424 | FAST    |
A_i[2][0][2]   | C_o[2][0][3]   |     4.880 | SLOW    |     2.366 | FAST    |
A_i[2][0][2]   | C_o[2][1][2]   |     4.655 | SLOW    |     2.424 | FAST    |
A_i[2][0][2]   | C_o[2][1][3]   |     4.880 | SLOW    |     2.366 | FAST    |
A_i[2][0][2]   | C_o[2][2][2]   |     4.655 | SLOW    |     2.424 | FAST    |
A_i[2][0][2]   | C_o[2][2][3]   |     4.880 | SLOW    |     2.366 | FAST    |
A_i[2][0][2]   | C_o[2][3][2]   |     4.655 | SLOW    |     2.424 | FAST    |
A_i[2][0][2]   | C_o[2][3][3]   |     4.880 | SLOW    |     2.366 | FAST    |
A_i[2][0][3]   | C_o[2][0][3]   |     4.657 | SLOW    |     2.420 | FAST    |
A_i[2][0][3]   | C_o[2][1][3]   |     4.657 | SLOW    |     2.420 | FAST    |
A_i[2][0][3]   | C_o[2][2][3]   |     4.657 | SLOW    |     2.420 | FAST    |
A_i[2][0][3]   | C_o[2][3][3]   |     4.657 | SLOW    |     2.420 | FAST    |
A_i[2][1][0]   | C_o[2][0][0]   |     4.472 | SLOW    |     2.328 | FAST    |
A_i[2][1][0]   | C_o[2][0][1]   |     4.721 | SLOW    |     2.339 | FAST    |
A_i[2][1][0]   | C_o[2][0][2]   |     4.789 | SLOW    |     2.386 | FAST    |
A_i[2][1][0]   | C_o[2][0][3]   |     5.043 | SLOW    |     2.425 | FAST    |
A_i[2][1][0]   | C_o[2][1][0]   |     4.472 | SLOW    |     2.328 | FAST    |
A_i[2][1][0]   | C_o[2][1][1]   |     4.721 | SLOW    |     2.339 | FAST    |
A_i[2][1][0]   | C_o[2][1][2]   |     4.789 | SLOW    |     2.386 | FAST    |
A_i[2][1][0]   | C_o[2][1][3]   |     5.043 | SLOW    |     2.425 | FAST    |
A_i[2][1][0]   | C_o[2][2][0]   |     4.472 | SLOW    |     2.328 | FAST    |
A_i[2][1][0]   | C_o[2][2][1]   |     4.721 | SLOW    |     2.339 | FAST    |
A_i[2][1][0]   | C_o[2][2][2]   |     4.789 | SLOW    |     2.386 | FAST    |
A_i[2][1][0]   | C_o[2][2][3]   |     5.043 | SLOW    |     2.425 | FAST    |
A_i[2][1][0]   | C_o[2][3][0]   |     4.472 | SLOW    |     2.328 | FAST    |
A_i[2][1][0]   | C_o[2][3][1]   |     4.721 | SLOW    |     2.339 | FAST    |
A_i[2][1][0]   | C_o[2][3][2]   |     4.789 | SLOW    |     2.386 | FAST    |
A_i[2][1][0]   | C_o[2][3][3]   |     5.043 | SLOW    |     2.425 | FAST    |
A_i[2][1][1]   | C_o[2][0][1]   |     4.713 | SLOW    |     2.460 | FAST    |
A_i[2][1][1]   | C_o[2][0][2]   |     4.729 | SLOW    |     2.446 | FAST    |
A_i[2][1][1]   | C_o[2][0][3]   |     5.067 | SLOW    |     2.438 | FAST    |
A_i[2][1][1]   | C_o[2][1][1]   |     4.713 | SLOW    |     2.460 | FAST    |
A_i[2][1][1]   | C_o[2][1][2]   |     4.729 | SLOW    |     2.446 | FAST    |
A_i[2][1][1]   | C_o[2][1][3]   |     5.067 | SLOW    |     2.438 | FAST    |
A_i[2][1][1]   | C_o[2][2][1]   |     4.713 | SLOW    |     2.460 | FAST    |
A_i[2][1][1]   | C_o[2][2][2]   |     4.729 | SLOW    |     2.446 | FAST    |
A_i[2][1][1]   | C_o[2][2][3]   |     5.067 | SLOW    |     2.438 | FAST    |
A_i[2][1][1]   | C_o[2][3][1]   |     4.713 | SLOW    |     2.460 | FAST    |
A_i[2][1][1]   | C_o[2][3][2]   |     4.729 | SLOW    |     2.446 | FAST    |
A_i[2][1][1]   | C_o[2][3][3]   |     5.067 | SLOW    |     2.438 | FAST    |
A_i[2][1][2]   | C_o[2][0][2]   |     4.651 | SLOW    |     2.432 | FAST    |
A_i[2][1][2]   | C_o[2][0][3]   |     5.056 | SLOW    |     2.424 | FAST    |
A_i[2][1][2]   | C_o[2][1][2]   |     4.651 | SLOW    |     2.432 | FAST    |
A_i[2][1][2]   | C_o[2][1][3]   |     5.056 | SLOW    |     2.424 | FAST    |
A_i[2][1][2]   | C_o[2][2][2]   |     4.651 | SLOW    |     2.432 | FAST    |
A_i[2][1][2]   | C_o[2][2][3]   |     5.056 | SLOW    |     2.424 | FAST    |
A_i[2][1][2]   | C_o[2][3][2]   |     4.651 | SLOW    |     2.432 | FAST    |
A_i[2][1][2]   | C_o[2][3][3]   |     5.056 | SLOW    |     2.424 | FAST    |
A_i[2][1][3]   | C_o[2][0][3]   |     5.031 | SLOW    |     2.631 | FAST    |
A_i[2][1][3]   | C_o[2][1][3]   |     5.031 | SLOW    |     2.631 | FAST    |
A_i[2][1][3]   | C_o[2][2][3]   |     5.031 | SLOW    |     2.631 | FAST    |
A_i[2][1][3]   | C_o[2][3][3]   |     5.031 | SLOW    |     2.631 | FAST    |
A_i[2][2][0]   | C_o[2][0][0]   |     4.496 | SLOW    |     2.336 | FAST    |
A_i[2][2][0]   | C_o[2][0][1]   |     4.726 | SLOW    |     2.329 | FAST    |
A_i[2][2][0]   | C_o[2][0][2]   |     4.813 | SLOW    |     2.376 | FAST    |
A_i[2][2][0]   | C_o[2][0][3]   |     5.057 | SLOW    |     2.428 | FAST    |
A_i[2][2][0]   | C_o[2][1][0]   |     4.496 | SLOW    |     2.336 | FAST    |
A_i[2][2][0]   | C_o[2][1][1]   |     4.726 | SLOW    |     2.329 | FAST    |
A_i[2][2][0]   | C_o[2][1][2]   |     4.813 | SLOW    |     2.376 | FAST    |
A_i[2][2][0]   | C_o[2][1][3]   |     5.057 | SLOW    |     2.428 | FAST    |
A_i[2][2][0]   | C_o[2][2][0]   |     4.496 | SLOW    |     2.336 | FAST    |
A_i[2][2][0]   | C_o[2][2][1]   |     4.726 | SLOW    |     2.329 | FAST    |
A_i[2][2][0]   | C_o[2][2][2]   |     4.813 | SLOW    |     2.376 | FAST    |
A_i[2][2][0]   | C_o[2][2][3]   |     5.057 | SLOW    |     2.428 | FAST    |
A_i[2][2][0]   | C_o[2][3][0]   |     4.496 | SLOW    |     2.336 | FAST    |
A_i[2][2][0]   | C_o[2][3][1]   |     4.726 | SLOW    |     2.329 | FAST    |
A_i[2][2][0]   | C_o[2][3][2]   |     4.813 | SLOW    |     2.376 | FAST    |
A_i[2][2][0]   | C_o[2][3][3]   |     5.057 | SLOW    |     2.428 | FAST    |
A_i[2][2][1]   | C_o[2][0][1]   |     4.708 | SLOW    |     2.463 | FAST    |
A_i[2][2][1]   | C_o[2][0][2]   |     4.733 | SLOW    |     2.441 | FAST    |
A_i[2][2][1]   | C_o[2][0][3]   |     5.049 | SLOW    |     2.441 | FAST    |
A_i[2][2][1]   | C_o[2][1][1]   |     4.708 | SLOW    |     2.463 | FAST    |
A_i[2][2][1]   | C_o[2][1][2]   |     4.733 | SLOW    |     2.441 | FAST    |
A_i[2][2][1]   | C_o[2][1][3]   |     5.049 | SLOW    |     2.441 | FAST    |
A_i[2][2][1]   | C_o[2][2][1]   |     4.708 | SLOW    |     2.463 | FAST    |
A_i[2][2][1]   | C_o[2][2][2]   |     4.733 | SLOW    |     2.441 | FAST    |
A_i[2][2][1]   | C_o[2][2][3]   |     5.049 | SLOW    |     2.441 | FAST    |
A_i[2][2][1]   | C_o[2][3][1]   |     4.708 | SLOW    |     2.463 | FAST    |
A_i[2][2][1]   | C_o[2][3][2]   |     4.733 | SLOW    |     2.441 | FAST    |
A_i[2][2][1]   | C_o[2][3][3]   |     5.049 | SLOW    |     2.441 | FAST    |
A_i[2][2][2]   | C_o[2][0][2]   |     4.653 | SLOW    |     2.428 | FAST    |
A_i[2][2][2]   | C_o[2][0][3]   |     4.967 | SLOW    |     2.428 | FAST    |
A_i[2][2][2]   | C_o[2][1][2]   |     4.653 | SLOW    |     2.428 | FAST    |
A_i[2][2][2]   | C_o[2][1][3]   |     4.967 | SLOW    |     2.428 | FAST    |
A_i[2][2][2]   | C_o[2][2][2]   |     4.653 | SLOW    |     2.428 | FAST    |
A_i[2][2][2]   | C_o[2][2][3]   |     4.967 | SLOW    |     2.428 | FAST    |
A_i[2][2][2]   | C_o[2][3][2]   |     4.653 | SLOW    |     2.428 | FAST    |
A_i[2][2][2]   | C_o[2][3][3]   |     4.967 | SLOW    |     2.428 | FAST    |
A_i[2][2][3]   | C_o[2][0][3]   |     4.744 | SLOW    |     2.471 | FAST    |
A_i[2][2][3]   | C_o[2][1][3]   |     4.744 | SLOW    |     2.471 | FAST    |
A_i[2][2][3]   | C_o[2][2][3]   |     4.744 | SLOW    |     2.471 | FAST    |
A_i[2][2][3]   | C_o[2][3][3]   |     4.744 | SLOW    |     2.471 | FAST    |
A_i[2][3][0]   | C_o[2][0][0]   |     4.499 | SLOW    |     2.337 | FAST    |
A_i[2][3][0]   | C_o[2][0][1]   |     4.729 | SLOW    |     2.339 | FAST    |
A_i[2][3][0]   | C_o[2][0][2]   |     4.816 | SLOW    |     2.386 | FAST    |
A_i[2][3][0]   | C_o[2][0][3]   |     4.956 | SLOW    |     2.429 | FAST    |
A_i[2][3][0]   | C_o[2][1][0]   |     4.499 | SLOW    |     2.337 | FAST    |
A_i[2][3][0]   | C_o[2][1][1]   |     4.729 | SLOW    |     2.339 | FAST    |
A_i[2][3][0]   | C_o[2][1][2]   |     4.816 | SLOW    |     2.386 | FAST    |
A_i[2][3][0]   | C_o[2][1][3]   |     4.956 | SLOW    |     2.429 | FAST    |
A_i[2][3][0]   | C_o[2][2][0]   |     4.499 | SLOW    |     2.337 | FAST    |
A_i[2][3][0]   | C_o[2][2][1]   |     4.729 | SLOW    |     2.339 | FAST    |
A_i[2][3][0]   | C_o[2][2][2]   |     4.816 | SLOW    |     2.386 | FAST    |
A_i[2][3][0]   | C_o[2][2][3]   |     4.956 | SLOW    |     2.429 | FAST    |
A_i[2][3][0]   | C_o[2][3][0]   |     4.499 | SLOW    |     2.337 | FAST    |
A_i[2][3][0]   | C_o[2][3][1]   |     4.729 | SLOW    |     2.339 | FAST    |
A_i[2][3][0]   | C_o[2][3][2]   |     4.816 | SLOW    |     2.386 | FAST    |
A_i[2][3][0]   | C_o[2][3][3]   |     4.956 | SLOW    |     2.429 | FAST    |
A_i[2][3][1]   | C_o[2][0][1]   |     4.713 | SLOW    |     2.460 | FAST    |
A_i[2][3][1]   | C_o[2][0][2]   |     4.729 | SLOW    |     2.446 | FAST    |
A_i[2][3][1]   | C_o[2][0][3]   |     4.980 | SLOW    |     2.442 | FAST    |
A_i[2][3][1]   | C_o[2][1][1]   |     4.713 | SLOW    |     2.460 | FAST    |
A_i[2][3][1]   | C_o[2][1][2]   |     4.729 | SLOW    |     2.446 | FAST    |
A_i[2][3][1]   | C_o[2][1][3]   |     4.980 | SLOW    |     2.442 | FAST    |
A_i[2][3][1]   | C_o[2][2][1]   |     4.713 | SLOW    |     2.460 | FAST    |
A_i[2][3][1]   | C_o[2][2][2]   |     4.729 | SLOW    |     2.446 | FAST    |
A_i[2][3][1]   | C_o[2][2][3]   |     4.980 | SLOW    |     2.442 | FAST    |
A_i[2][3][1]   | C_o[2][3][1]   |     4.713 | SLOW    |     2.460 | FAST    |
A_i[2][3][1]   | C_o[2][3][2]   |     4.729 | SLOW    |     2.446 | FAST    |
A_i[2][3][1]   | C_o[2][3][3]   |     4.980 | SLOW    |     2.442 | FAST    |
A_i[2][3][2]   | C_o[2][0][2]   |     4.651 | SLOW    |     2.432 | FAST    |
A_i[2][3][2]   | C_o[2][0][3]   |     4.967 | SLOW    |     2.428 | FAST    |
A_i[2][3][2]   | C_o[2][1][2]   |     4.651 | SLOW    |     2.432 | FAST    |
A_i[2][3][2]   | C_o[2][1][3]   |     4.967 | SLOW    |     2.428 | FAST    |
A_i[2][3][2]   | C_o[2][2][2]   |     4.651 | SLOW    |     2.432 | FAST    |
A_i[2][3][2]   | C_o[2][2][3]   |     4.967 | SLOW    |     2.428 | FAST    |
A_i[2][3][2]   | C_o[2][3][2]   |     4.651 | SLOW    |     2.432 | FAST    |
A_i[2][3][2]   | C_o[2][3][3]   |     4.967 | SLOW    |     2.428 | FAST    |
A_i[2][3][3]   | C_o[2][0][3]   |     4.942 | SLOW    |     2.584 | FAST    |
A_i[2][3][3]   | C_o[2][1][3]   |     4.942 | SLOW    |     2.584 | FAST    |
A_i[2][3][3]   | C_o[2][2][3]   |     4.942 | SLOW    |     2.584 | FAST    |
A_i[2][3][3]   | C_o[2][3][3]   |     4.942 | SLOW    |     2.584 | FAST    |
A_i[3][0][0]   | C_o[3][0][0]   |     4.271 | SLOW    |     2.214 | FAST    |
A_i[3][0][0]   | C_o[3][0][1]   |     4.704 | SLOW    |     2.345 | FAST    |
A_i[3][0][0]   | C_o[3][0][2]   |     4.729 | SLOW    |     2.396 | FAST    |
A_i[3][0][0]   | C_o[3][0][3]   |     4.970 | SLOW    |     2.366 | FAST    |
A_i[3][0][0]   | C_o[3][1][0]   |     4.271 | SLOW    |     2.214 | FAST    |
A_i[3][0][0]   | C_o[3][1][1]   |     4.704 | SLOW    |     2.345 | FAST    |
A_i[3][0][0]   | C_o[3][1][2]   |     4.729 | SLOW    |     2.396 | FAST    |
A_i[3][0][0]   | C_o[3][1][3]   |     4.970 | SLOW    |     2.366 | FAST    |
A_i[3][0][0]   | C_o[3][2][0]   |     4.271 | SLOW    |     2.214 | FAST    |
A_i[3][0][0]   | C_o[3][2][1]   |     4.704 | SLOW    |     2.345 | FAST    |
A_i[3][0][0]   | C_o[3][2][2]   |     4.729 | SLOW    |     2.396 | FAST    |
A_i[3][0][0]   | C_o[3][2][3]   |     4.970 | SLOW    |     2.366 | FAST    |
A_i[3][0][0]   | C_o[3][3][0]   |     4.271 | SLOW    |     2.214 | FAST    |
A_i[3][0][0]   | C_o[3][3][1]   |     4.704 | SLOW    |     2.345 | FAST    |
A_i[3][0][0]   | C_o[3][3][2]   |     4.729 | SLOW    |     2.396 | FAST    |
A_i[3][0][0]   | C_o[3][3][3]   |     4.970 | SLOW    |     2.366 | FAST    |
A_i[3][0][1]   | C_o[3][0][1]   |     4.696 | SLOW    |     2.458 | FAST    |
A_i[3][0][1]   | C_o[3][0][2]   |     4.721 | SLOW    |     2.437 | FAST    |
A_i[3][0][1]   | C_o[3][0][3]   |     4.962 | SLOW    |     2.379 | FAST    |
A_i[3][0][1]   | C_o[3][1][1]   |     4.696 | SLOW    |     2.458 | FAST    |
A_i[3][0][1]   | C_o[3][1][2]   |     4.721 | SLOW    |     2.437 | FAST    |
A_i[3][0][1]   | C_o[3][1][3]   |     4.962 | SLOW    |     2.379 | FAST    |
A_i[3][0][1]   | C_o[3][2][1]   |     4.696 | SLOW    |     2.458 | FAST    |
A_i[3][0][1]   | C_o[3][2][2]   |     4.721 | SLOW    |     2.437 | FAST    |
A_i[3][0][1]   | C_o[3][2][3]   |     4.962 | SLOW    |     2.379 | FAST    |
A_i[3][0][1]   | C_o[3][3][1]   |     4.696 | SLOW    |     2.458 | FAST    |
A_i[3][0][1]   | C_o[3][3][2]   |     4.721 | SLOW    |     2.437 | FAST    |
A_i[3][0][1]   | C_o[3][3][3]   |     4.962 | SLOW    |     2.379 | FAST    |
A_i[3][0][2]   | C_o[3][0][2]   |     4.655 | SLOW    |     2.424 | FAST    |
A_i[3][0][2]   | C_o[3][0][3]   |     4.880 | SLOW    |     2.366 | FAST    |
A_i[3][0][2]   | C_o[3][1][2]   |     4.655 | SLOW    |     2.424 | FAST    |
A_i[3][0][2]   | C_o[3][1][3]   |     4.880 | SLOW    |     2.366 | FAST    |
A_i[3][0][2]   | C_o[3][2][2]   |     4.655 | SLOW    |     2.424 | FAST    |
A_i[3][0][2]   | C_o[3][2][3]   |     4.880 | SLOW    |     2.366 | FAST    |
A_i[3][0][2]   | C_o[3][3][2]   |     4.655 | SLOW    |     2.424 | FAST    |
A_i[3][0][2]   | C_o[3][3][3]   |     4.880 | SLOW    |     2.366 | FAST    |
A_i[3][0][3]   | C_o[3][0][3]   |     4.657 | SLOW    |     2.420 | FAST    |
A_i[3][0][3]   | C_o[3][1][3]   |     4.657 | SLOW    |     2.420 | FAST    |
A_i[3][0][3]   | C_o[3][2][3]   |     4.657 | SLOW    |     2.420 | FAST    |
A_i[3][0][3]   | C_o[3][3][3]   |     4.657 | SLOW    |     2.420 | FAST    |
A_i[3][1][0]   | C_o[3][0][0]   |     4.472 | SLOW    |     2.328 | FAST    |
A_i[3][1][0]   | C_o[3][0][1]   |     4.721 | SLOW    |     2.339 | FAST    |
A_i[3][1][0]   | C_o[3][0][2]   |     4.789 | SLOW    |     2.386 | FAST    |
A_i[3][1][0]   | C_o[3][0][3]   |     5.043 | SLOW    |     2.425 | FAST    |
A_i[3][1][0]   | C_o[3][1][0]   |     4.472 | SLOW    |     2.328 | FAST    |
A_i[3][1][0]   | C_o[3][1][1]   |     4.721 | SLOW    |     2.339 | FAST    |
A_i[3][1][0]   | C_o[3][1][2]   |     4.789 | SLOW    |     2.386 | FAST    |
A_i[3][1][0]   | C_o[3][1][3]   |     5.043 | SLOW    |     2.425 | FAST    |
A_i[3][1][0]   | C_o[3][2][0]   |     4.472 | SLOW    |     2.328 | FAST    |
A_i[3][1][0]   | C_o[3][2][1]   |     4.721 | SLOW    |     2.339 | FAST    |
A_i[3][1][0]   | C_o[3][2][2]   |     4.789 | SLOW    |     2.386 | FAST    |
A_i[3][1][0]   | C_o[3][2][3]   |     5.043 | SLOW    |     2.425 | FAST    |
A_i[3][1][0]   | C_o[3][3][0]   |     4.472 | SLOW    |     2.328 | FAST    |
A_i[3][1][0]   | C_o[3][3][1]   |     4.721 | SLOW    |     2.339 | FAST    |
A_i[3][1][0]   | C_o[3][3][2]   |     4.789 | SLOW    |     2.386 | FAST    |
A_i[3][1][0]   | C_o[3][3][3]   |     5.043 | SLOW    |     2.425 | FAST    |
A_i[3][1][1]   | C_o[3][0][1]   |     4.713 | SLOW    |     2.460 | FAST    |
A_i[3][1][1]   | C_o[3][0][2]   |     4.729 | SLOW    |     2.446 | FAST    |
A_i[3][1][1]   | C_o[3][0][3]   |     5.067 | SLOW    |     2.438 | FAST    |
A_i[3][1][1]   | C_o[3][1][1]   |     4.713 | SLOW    |     2.460 | FAST    |
A_i[3][1][1]   | C_o[3][1][2]   |     4.729 | SLOW    |     2.446 | FAST    |
A_i[3][1][1]   | C_o[3][1][3]   |     5.067 | SLOW    |     2.438 | FAST    |
A_i[3][1][1]   | C_o[3][2][1]   |     4.713 | SLOW    |     2.460 | FAST    |
A_i[3][1][1]   | C_o[3][2][2]   |     4.729 | SLOW    |     2.446 | FAST    |
A_i[3][1][1]   | C_o[3][2][3]   |     5.067 | SLOW    |     2.438 | FAST    |
A_i[3][1][1]   | C_o[3][3][1]   |     4.713 | SLOW    |     2.460 | FAST    |
A_i[3][1][1]   | C_o[3][3][2]   |     4.729 | SLOW    |     2.446 | FAST    |
A_i[3][1][1]   | C_o[3][3][3]   |     5.067 | SLOW    |     2.438 | FAST    |
A_i[3][1][2]   | C_o[3][0][2]   |     4.651 | SLOW    |     2.432 | FAST    |
A_i[3][1][2]   | C_o[3][0][3]   |     5.056 | SLOW    |     2.424 | FAST    |
A_i[3][1][2]   | C_o[3][1][2]   |     4.651 | SLOW    |     2.432 | FAST    |
A_i[3][1][2]   | C_o[3][1][3]   |     5.056 | SLOW    |     2.424 | FAST    |
A_i[3][1][2]   | C_o[3][2][2]   |     4.651 | SLOW    |     2.432 | FAST    |
A_i[3][1][2]   | C_o[3][2][3]   |     5.056 | SLOW    |     2.424 | FAST    |
A_i[3][1][2]   | C_o[3][3][2]   |     4.651 | SLOW    |     2.432 | FAST    |
A_i[3][1][2]   | C_o[3][3][3]   |     5.056 | SLOW    |     2.424 | FAST    |
A_i[3][1][3]   | C_o[3][0][3]   |     5.031 | SLOW    |     2.631 | FAST    |
A_i[3][1][3]   | C_o[3][1][3]   |     5.031 | SLOW    |     2.631 | FAST    |
A_i[3][1][3]   | C_o[3][2][3]   |     5.031 | SLOW    |     2.631 | FAST    |
A_i[3][1][3]   | C_o[3][3][3]   |     5.031 | SLOW    |     2.631 | FAST    |
A_i[3][2][0]   | C_o[3][0][0]   |     4.496 | SLOW    |     2.336 | FAST    |
A_i[3][2][0]   | C_o[3][0][1]   |     4.726 | SLOW    |     2.329 | FAST    |
A_i[3][2][0]   | C_o[3][0][2]   |     4.813 | SLOW    |     2.376 | FAST    |
A_i[3][2][0]   | C_o[3][0][3]   |     5.057 | SLOW    |     2.428 | FAST    |
A_i[3][2][0]   | C_o[3][1][0]   |     4.496 | SLOW    |     2.336 | FAST    |
A_i[3][2][0]   | C_o[3][1][1]   |     4.726 | SLOW    |     2.329 | FAST    |
A_i[3][2][0]   | C_o[3][1][2]   |     4.813 | SLOW    |     2.376 | FAST    |
A_i[3][2][0]   | C_o[3][1][3]   |     5.057 | SLOW    |     2.428 | FAST    |
A_i[3][2][0]   | C_o[3][2][0]   |     4.496 | SLOW    |     2.336 | FAST    |
A_i[3][2][0]   | C_o[3][2][1]   |     4.726 | SLOW    |     2.329 | FAST    |
A_i[3][2][0]   | C_o[3][2][2]   |     4.813 | SLOW    |     2.376 | FAST    |
A_i[3][2][0]   | C_o[3][2][3]   |     5.057 | SLOW    |     2.428 | FAST    |
A_i[3][2][0]   | C_o[3][3][0]   |     4.496 | SLOW    |     2.336 | FAST    |
A_i[3][2][0]   | C_o[3][3][1]   |     4.726 | SLOW    |     2.329 | FAST    |
A_i[3][2][0]   | C_o[3][3][2]   |     4.813 | SLOW    |     2.376 | FAST    |
A_i[3][2][0]   | C_o[3][3][3]   |     5.057 | SLOW    |     2.428 | FAST    |
A_i[3][2][1]   | C_o[3][0][1]   |     4.708 | SLOW    |     2.463 | FAST    |
A_i[3][2][1]   | C_o[3][0][2]   |     4.733 | SLOW    |     2.441 | FAST    |
A_i[3][2][1]   | C_o[3][0][3]   |     5.049 | SLOW    |     2.441 | FAST    |
A_i[3][2][1]   | C_o[3][1][1]   |     4.708 | SLOW    |     2.463 | FAST    |
A_i[3][2][1]   | C_o[3][1][2]   |     4.733 | SLOW    |     2.441 | FAST    |
A_i[3][2][1]   | C_o[3][1][3]   |     5.049 | SLOW    |     2.441 | FAST    |
A_i[3][2][1]   | C_o[3][2][1]   |     4.708 | SLOW    |     2.463 | FAST    |
A_i[3][2][1]   | C_o[3][2][2]   |     4.733 | SLOW    |     2.441 | FAST    |
A_i[3][2][1]   | C_o[3][2][3]   |     5.049 | SLOW    |     2.441 | FAST    |
A_i[3][2][1]   | C_o[3][3][1]   |     4.708 | SLOW    |     2.463 | FAST    |
A_i[3][2][1]   | C_o[3][3][2]   |     4.733 | SLOW    |     2.441 | FAST    |
A_i[3][2][1]   | C_o[3][3][3]   |     5.049 | SLOW    |     2.441 | FAST    |
A_i[3][2][2]   | C_o[3][0][2]   |     4.653 | SLOW    |     2.428 | FAST    |
A_i[3][2][2]   | C_o[3][0][3]   |     4.967 | SLOW    |     2.428 | FAST    |
A_i[3][2][2]   | C_o[3][1][2]   |     4.653 | SLOW    |     2.428 | FAST    |
A_i[3][2][2]   | C_o[3][1][3]   |     4.967 | SLOW    |     2.428 | FAST    |
A_i[3][2][2]   | C_o[3][2][2]   |     4.653 | SLOW    |     2.428 | FAST    |
A_i[3][2][2]   | C_o[3][2][3]   |     4.967 | SLOW    |     2.428 | FAST    |
A_i[3][2][2]   | C_o[3][3][2]   |     4.653 | SLOW    |     2.428 | FAST    |
A_i[3][2][2]   | C_o[3][3][3]   |     4.967 | SLOW    |     2.428 | FAST    |
A_i[3][2][3]   | C_o[3][0][3]   |     4.744 | SLOW    |     2.471 | FAST    |
A_i[3][2][3]   | C_o[3][1][3]   |     4.744 | SLOW    |     2.471 | FAST    |
A_i[3][2][3]   | C_o[3][2][3]   |     4.744 | SLOW    |     2.471 | FAST    |
A_i[3][2][3]   | C_o[3][3][3]   |     4.744 | SLOW    |     2.471 | FAST    |
A_i[3][3][0]   | C_o[3][0][0]   |     4.499 | SLOW    |     2.337 | FAST    |
A_i[3][3][0]   | C_o[3][0][1]   |     4.729 | SLOW    |     2.339 | FAST    |
A_i[3][3][0]   | C_o[3][0][2]   |     4.816 | SLOW    |     2.386 | FAST    |
A_i[3][3][0]   | C_o[3][0][3]   |     4.956 | SLOW    |     2.429 | FAST    |
A_i[3][3][0]   | C_o[3][1][0]   |     4.499 | SLOW    |     2.337 | FAST    |
A_i[3][3][0]   | C_o[3][1][1]   |     4.729 | SLOW    |     2.339 | FAST    |
A_i[3][3][0]   | C_o[3][1][2]   |     4.816 | SLOW    |     2.386 | FAST    |
A_i[3][3][0]   | C_o[3][1][3]   |     4.956 | SLOW    |     2.429 | FAST    |
A_i[3][3][0]   | C_o[3][2][0]   |     4.499 | SLOW    |     2.337 | FAST    |
A_i[3][3][0]   | C_o[3][2][1]   |     4.729 | SLOW    |     2.339 | FAST    |
A_i[3][3][0]   | C_o[3][2][2]   |     4.816 | SLOW    |     2.386 | FAST    |
A_i[3][3][0]   | C_o[3][2][3]   |     4.956 | SLOW    |     2.429 | FAST    |
A_i[3][3][0]   | C_o[3][3][0]   |     4.499 | SLOW    |     2.337 | FAST    |
A_i[3][3][0]   | C_o[3][3][1]   |     4.729 | SLOW    |     2.339 | FAST    |
A_i[3][3][0]   | C_o[3][3][2]   |     4.816 | SLOW    |     2.386 | FAST    |
A_i[3][3][0]   | C_o[3][3][3]   |     4.956 | SLOW    |     2.429 | FAST    |
A_i[3][3][1]   | C_o[3][0][1]   |     4.713 | SLOW    |     2.460 | FAST    |
A_i[3][3][1]   | C_o[3][0][2]   |     4.729 | SLOW    |     2.446 | FAST    |
A_i[3][3][1]   | C_o[3][0][3]   |     4.980 | SLOW    |     2.442 | FAST    |
A_i[3][3][1]   | C_o[3][1][1]   |     4.713 | SLOW    |     2.460 | FAST    |
A_i[3][3][1]   | C_o[3][1][2]   |     4.729 | SLOW    |     2.446 | FAST    |
A_i[3][3][1]   | C_o[3][1][3]   |     4.980 | SLOW    |     2.442 | FAST    |
A_i[3][3][1]   | C_o[3][2][1]   |     4.713 | SLOW    |     2.460 | FAST    |
A_i[3][3][1]   | C_o[3][2][2]   |     4.729 | SLOW    |     2.446 | FAST    |
A_i[3][3][1]   | C_o[3][2][3]   |     4.980 | SLOW    |     2.442 | FAST    |
A_i[3][3][1]   | C_o[3][3][1]   |     4.713 | SLOW    |     2.460 | FAST    |
A_i[3][3][1]   | C_o[3][3][2]   |     4.729 | SLOW    |     2.446 | FAST    |
A_i[3][3][1]   | C_o[3][3][3]   |     4.980 | SLOW    |     2.442 | FAST    |
A_i[3][3][2]   | C_o[3][0][2]   |     4.651 | SLOW    |     2.432 | FAST    |
A_i[3][3][2]   | C_o[3][0][3]   |     4.967 | SLOW    |     2.428 | FAST    |
A_i[3][3][2]   | C_o[3][1][2]   |     4.651 | SLOW    |     2.432 | FAST    |
A_i[3][3][2]   | C_o[3][1][3]   |     4.967 | SLOW    |     2.428 | FAST    |
A_i[3][3][2]   | C_o[3][2][2]   |     4.651 | SLOW    |     2.432 | FAST    |
A_i[3][3][2]   | C_o[3][2][3]   |     4.967 | SLOW    |     2.428 | FAST    |
A_i[3][3][2]   | C_o[3][3][2]   |     4.651 | SLOW    |     2.432 | FAST    |
A_i[3][3][2]   | C_o[3][3][3]   |     4.967 | SLOW    |     2.428 | FAST    |
A_i[3][3][3]   | C_o[3][0][3]   |     4.942 | SLOW    |     2.584 | FAST    |
A_i[3][3][3]   | C_o[3][1][3]   |     4.942 | SLOW    |     2.584 | FAST    |
A_i[3][3][3]   | C_o[3][2][3]   |     4.942 | SLOW    |     2.584 | FAST    |
A_i[3][3][3]   | C_o[3][3][3]   |     4.942 | SLOW    |     2.584 | FAST    |
B_i[0][0][0]   | C_o[0][0][0]   |     4.270 | SLOW    |     2.213 | FAST    |
B_i[0][0][0]   | C_o[0][0][1]   |     4.667 | SLOW    |     2.344 | FAST    |
B_i[0][0][0]   | C_o[0][0][2]   |     4.692 | SLOW    |     2.395 | FAST    |
B_i[0][0][0]   | C_o[0][0][3]   |     4.896 | SLOW    |     2.373 | FAST    |
B_i[0][0][0]   | C_o[1][0][0]   |     4.265 | SLOW    |     2.205 | FAST    |
B_i[0][0][0]   | C_o[1][0][1]   |     4.667 | SLOW    |     2.344 | FAST    |
B_i[0][0][0]   | C_o[1][0][2]   |     4.692 | SLOW    |     2.395 | FAST    |
B_i[0][0][0]   | C_o[1][0][3]   |     4.896 | SLOW    |     2.373 | FAST    |
B_i[0][0][0]   | C_o[2][0][0]   |     4.265 | SLOW    |     2.205 | FAST    |
B_i[0][0][0]   | C_o[2][0][1]   |     4.689 | SLOW    |     2.344 | FAST    |
B_i[0][0][0]   | C_o[2][0][2]   |     4.714 | SLOW    |     2.395 | FAST    |
B_i[0][0][0]   | C_o[2][0][3]   |     4.918 | SLOW    |     2.373 | FAST    |
B_i[0][0][0]   | C_o[3][0][0]   |     4.265 | SLOW    |     2.205 | FAST    |
B_i[0][0][0]   | C_o[3][0][1]   |     4.689 | SLOW    |     2.344 | FAST    |
B_i[0][0][0]   | C_o[3][0][2]   |     4.714 | SLOW    |     2.395 | FAST    |
B_i[0][0][0]   | C_o[3][0][3]   |     4.918 | SLOW    |     2.373 | FAST    |
B_i[0][0][1]   | C_o[0][0][1]   |     4.660 | SLOW    |     2.430 | FAST    |
B_i[0][0][1]   | C_o[0][0][2]   |     4.690 | SLOW    |     2.426 | FAST    |
B_i[0][0][1]   | C_o[0][0][3]   |     4.889 | SLOW    |     2.379 | FAST    |
B_i[0][0][1]   | C_o[1][0][1]   |     4.660 | SLOW    |     2.430 | FAST    |
B_i[0][0][1]   | C_o[1][0][2]   |     4.690 | SLOW    |     2.426 | FAST    |
B_i[0][0][1]   | C_o[1][0][3]   |     4.889 | SLOW    |     2.379 | FAST    |
B_i[0][0][1]   | C_o[2][0][1]   |     4.682 | SLOW    |     2.444 | FAST    |
B_i[0][0][1]   | C_o[2][0][2]   |     4.707 | SLOW    |     2.437 | FAST    |
B_i[0][0][1]   | C_o[2][0][3]   |     4.911 | SLOW    |     2.379 | FAST    |
B_i[0][0][1]   | C_o[3][0][1]   |     4.682 | SLOW    |     2.444 | FAST    |
B_i[0][0][1]   | C_o[3][0][2]   |     4.707 | SLOW    |     2.437 | FAST    |
B_i[0][0][1]   | C_o[3][0][3]   |     4.911 | SLOW    |     2.379 | FAST    |
B_i[0][0][2]   | C_o[0][0][2]   |     4.652 | SLOW    |     2.417 | FAST    |
B_i[0][0][2]   | C_o[0][0][3]   |     4.869 | SLOW    |     2.359 | FAST    |
B_i[0][0][2]   | C_o[1][0][2]   |     4.652 | SLOW    |     2.417 | FAST    |
B_i[0][0][2]   | C_o[1][0][3]   |     4.869 | SLOW    |     2.359 | FAST    |
B_i[0][0][2]   | C_o[2][0][2]   |     4.652 | SLOW    |     2.417 | FAST    |
B_i[0][0][2]   | C_o[2][0][3]   |     4.869 | SLOW    |     2.359 | FAST    |
B_i[0][0][2]   | C_o[3][0][2]   |     4.652 | SLOW    |     2.417 | FAST    |
B_i[0][0][2]   | C_o[3][0][3]   |     4.869 | SLOW    |     2.359 | FAST    |
B_i[0][0][3]   | C_o[0][0][3]   |     4.828 | SLOW    |     2.524 | FAST    |
B_i[0][0][3]   | C_o[1][0][3]   |     4.828 | SLOW    |     2.524 | FAST    |
B_i[0][0][3]   | C_o[2][0][3]   |     4.828 | SLOW    |     2.524 | FAST    |
B_i[0][0][3]   | C_o[3][0][3]   |     4.828 | SLOW    |     2.524 | FAST    |
B_i[0][1][0]   | C_o[0][1][0]   |     4.270 | SLOW    |     2.213 | FAST    |
B_i[0][1][0]   | C_o[0][1][1]   |     4.667 | SLOW    |     2.344 | FAST    |
B_i[0][1][0]   | C_o[0][1][2]   |     4.692 | SLOW    |     2.395 | FAST    |
B_i[0][1][0]   | C_o[0][1][3]   |     4.896 | SLOW    |     2.373 | FAST    |
B_i[0][1][0]   | C_o[1][1][0]   |     4.265 | SLOW    |     2.205 | FAST    |
B_i[0][1][0]   | C_o[1][1][1]   |     4.667 | SLOW    |     2.344 | FAST    |
B_i[0][1][0]   | C_o[1][1][2]   |     4.692 | SLOW    |     2.395 | FAST    |
B_i[0][1][0]   | C_o[1][1][3]   |     4.896 | SLOW    |     2.373 | FAST    |
B_i[0][1][0]   | C_o[2][1][0]   |     4.265 | SLOW    |     2.205 | FAST    |
B_i[0][1][0]   | C_o[2][1][1]   |     4.689 | SLOW    |     2.344 | FAST    |
B_i[0][1][0]   | C_o[2][1][2]   |     4.714 | SLOW    |     2.395 | FAST    |
B_i[0][1][0]   | C_o[2][1][3]   |     4.918 | SLOW    |     2.373 | FAST    |
B_i[0][1][0]   | C_o[3][1][0]   |     4.265 | SLOW    |     2.205 | FAST    |
B_i[0][1][0]   | C_o[3][1][1]   |     4.689 | SLOW    |     2.344 | FAST    |
B_i[0][1][0]   | C_o[3][1][2]   |     4.714 | SLOW    |     2.395 | FAST    |
B_i[0][1][0]   | C_o[3][1][3]   |     4.918 | SLOW    |     2.373 | FAST    |
B_i[0][1][1]   | C_o[0][1][1]   |     4.660 | SLOW    |     2.430 | FAST    |
B_i[0][1][1]   | C_o[0][1][2]   |     4.690 | SLOW    |     2.426 | FAST    |
B_i[0][1][1]   | C_o[0][1][3]   |     4.889 | SLOW    |     2.379 | FAST    |
B_i[0][1][1]   | C_o[1][1][1]   |     4.660 | SLOW    |     2.430 | FAST    |
B_i[0][1][1]   | C_o[1][1][2]   |     4.690 | SLOW    |     2.426 | FAST    |
B_i[0][1][1]   | C_o[1][1][3]   |     4.889 | SLOW    |     2.379 | FAST    |
B_i[0][1][1]   | C_o[2][1][1]   |     4.682 | SLOW    |     2.444 | FAST    |
B_i[0][1][1]   | C_o[2][1][2]   |     4.707 | SLOW    |     2.437 | FAST    |
B_i[0][1][1]   | C_o[2][1][3]   |     4.911 | SLOW    |     2.379 | FAST    |
B_i[0][1][1]   | C_o[3][1][1]   |     4.682 | SLOW    |     2.444 | FAST    |
B_i[0][1][1]   | C_o[3][1][2]   |     4.707 | SLOW    |     2.437 | FAST    |
B_i[0][1][1]   | C_o[3][1][3]   |     4.911 | SLOW    |     2.379 | FAST    |
B_i[0][1][2]   | C_o[0][1][2]   |     4.652 | SLOW    |     2.417 | FAST    |
B_i[0][1][2]   | C_o[0][1][3]   |     4.869 | SLOW    |     2.359 | FAST    |
B_i[0][1][2]   | C_o[1][1][2]   |     4.652 | SLOW    |     2.417 | FAST    |
B_i[0][1][2]   | C_o[1][1][3]   |     4.869 | SLOW    |     2.359 | FAST    |
B_i[0][1][2]   | C_o[2][1][2]   |     4.652 | SLOW    |     2.417 | FAST    |
B_i[0][1][2]   | C_o[2][1][3]   |     4.869 | SLOW    |     2.359 | FAST    |
B_i[0][1][2]   | C_o[3][1][2]   |     4.652 | SLOW    |     2.417 | FAST    |
B_i[0][1][2]   | C_o[3][1][3]   |     4.869 | SLOW    |     2.359 | FAST    |
B_i[0][1][3]   | C_o[0][1][3]   |     4.828 | SLOW    |     2.524 | FAST    |
B_i[0][1][3]   | C_o[1][1][3]   |     4.828 | SLOW    |     2.524 | FAST    |
B_i[0][1][3]   | C_o[2][1][3]   |     4.828 | SLOW    |     2.524 | FAST    |
B_i[0][1][3]   | C_o[3][1][3]   |     4.828 | SLOW    |     2.524 | FAST    |
B_i[0][2][0]   | C_o[0][2][0]   |     4.270 | SLOW    |     2.213 | FAST    |
B_i[0][2][0]   | C_o[0][2][1]   |     4.667 | SLOW    |     2.344 | FAST    |
B_i[0][2][0]   | C_o[0][2][2]   |     4.692 | SLOW    |     2.395 | FAST    |
B_i[0][2][0]   | C_o[0][2][3]   |     4.896 | SLOW    |     2.373 | FAST    |
B_i[0][2][0]   | C_o[1][2][0]   |     4.265 | SLOW    |     2.205 | FAST    |
B_i[0][2][0]   | C_o[1][2][1]   |     4.667 | SLOW    |     2.344 | FAST    |
B_i[0][2][0]   | C_o[1][2][2]   |     4.692 | SLOW    |     2.395 | FAST    |
B_i[0][2][0]   | C_o[1][2][3]   |     4.896 | SLOW    |     2.373 | FAST    |
B_i[0][2][0]   | C_o[2][2][0]   |     4.265 | SLOW    |     2.205 | FAST    |
B_i[0][2][0]   | C_o[2][2][1]   |     4.689 | SLOW    |     2.344 | FAST    |
B_i[0][2][0]   | C_o[2][2][2]   |     4.714 | SLOW    |     2.395 | FAST    |
B_i[0][2][0]   | C_o[2][2][3]   |     4.918 | SLOW    |     2.373 | FAST    |
B_i[0][2][0]   | C_o[3][2][0]   |     4.265 | SLOW    |     2.205 | FAST    |
B_i[0][2][0]   | C_o[3][2][1]   |     4.689 | SLOW    |     2.344 | FAST    |
B_i[0][2][0]   | C_o[3][2][2]   |     4.714 | SLOW    |     2.395 | FAST    |
B_i[0][2][0]   | C_o[3][2][3]   |     4.918 | SLOW    |     2.373 | FAST    |
B_i[0][2][1]   | C_o[0][2][1]   |     4.660 | SLOW    |     2.430 | FAST    |
B_i[0][2][1]   | C_o[0][2][2]   |     4.690 | SLOW    |     2.426 | FAST    |
B_i[0][2][1]   | C_o[0][2][3]   |     4.889 | SLOW    |     2.379 | FAST    |
B_i[0][2][1]   | C_o[1][2][1]   |     4.660 | SLOW    |     2.430 | FAST    |
B_i[0][2][1]   | C_o[1][2][2]   |     4.690 | SLOW    |     2.426 | FAST    |
B_i[0][2][1]   | C_o[1][2][3]   |     4.889 | SLOW    |     2.379 | FAST    |
B_i[0][2][1]   | C_o[2][2][1]   |     4.682 | SLOW    |     2.444 | FAST    |
B_i[0][2][1]   | C_o[2][2][2]   |     4.707 | SLOW    |     2.437 | FAST    |
B_i[0][2][1]   | C_o[2][2][3]   |     4.911 | SLOW    |     2.379 | FAST    |
B_i[0][2][1]   | C_o[3][2][1]   |     4.682 | SLOW    |     2.444 | FAST    |
B_i[0][2][1]   | C_o[3][2][2]   |     4.707 | SLOW    |     2.437 | FAST    |
B_i[0][2][1]   | C_o[3][2][3]   |     4.911 | SLOW    |     2.379 | FAST    |
B_i[0][2][2]   | C_o[0][2][2]   |     4.652 | SLOW    |     2.417 | FAST    |
B_i[0][2][2]   | C_o[0][2][3]   |     4.869 | SLOW    |     2.359 | FAST    |
B_i[0][2][2]   | C_o[1][2][2]   |     4.652 | SLOW    |     2.417 | FAST    |
B_i[0][2][2]   | C_o[1][2][3]   |     4.869 | SLOW    |     2.359 | FAST    |
B_i[0][2][2]   | C_o[2][2][2]   |     4.652 | SLOW    |     2.417 | FAST    |
B_i[0][2][2]   | C_o[2][2][3]   |     4.869 | SLOW    |     2.359 | FAST    |
B_i[0][2][2]   | C_o[3][2][2]   |     4.652 | SLOW    |     2.417 | FAST    |
B_i[0][2][2]   | C_o[3][2][3]   |     4.869 | SLOW    |     2.359 | FAST    |
B_i[0][2][3]   | C_o[0][2][3]   |     4.828 | SLOW    |     2.524 | FAST    |
B_i[0][2][3]   | C_o[1][2][3]   |     4.828 | SLOW    |     2.524 | FAST    |
B_i[0][2][3]   | C_o[2][2][3]   |     4.828 | SLOW    |     2.524 | FAST    |
B_i[0][2][3]   | C_o[3][2][3]   |     4.828 | SLOW    |     2.524 | FAST    |
B_i[0][3][0]   | C_o[0][3][0]   |     4.270 | SLOW    |     2.213 | FAST    |
B_i[0][3][0]   | C_o[0][3][1]   |     4.667 | SLOW    |     2.344 | FAST    |
B_i[0][3][0]   | C_o[0][3][2]   |     4.692 | SLOW    |     2.395 | FAST    |
B_i[0][3][0]   | C_o[0][3][3]   |     4.896 | SLOW    |     2.373 | FAST    |
B_i[0][3][0]   | C_o[1][3][0]   |     4.265 | SLOW    |     2.205 | FAST    |
B_i[0][3][0]   | C_o[1][3][1]   |     4.667 | SLOW    |     2.344 | FAST    |
B_i[0][3][0]   | C_o[1][3][2]   |     4.692 | SLOW    |     2.395 | FAST    |
B_i[0][3][0]   | C_o[1][3][3]   |     4.896 | SLOW    |     2.373 | FAST    |
B_i[0][3][0]   | C_o[2][3][0]   |     4.265 | SLOW    |     2.205 | FAST    |
B_i[0][3][0]   | C_o[2][3][1]   |     4.689 | SLOW    |     2.344 | FAST    |
B_i[0][3][0]   | C_o[2][3][2]   |     4.714 | SLOW    |     2.395 | FAST    |
B_i[0][3][0]   | C_o[2][3][3]   |     4.918 | SLOW    |     2.373 | FAST    |
B_i[0][3][0]   | C_o[3][3][0]   |     4.265 | SLOW    |     2.205 | FAST    |
B_i[0][3][0]   | C_o[3][3][1]   |     4.689 | SLOW    |     2.344 | FAST    |
B_i[0][3][0]   | C_o[3][3][2]   |     4.714 | SLOW    |     2.395 | FAST    |
B_i[0][3][0]   | C_o[3][3][3]   |     4.918 | SLOW    |     2.373 | FAST    |
B_i[0][3][1]   | C_o[0][3][1]   |     4.660 | SLOW    |     2.430 | FAST    |
B_i[0][3][1]   | C_o[0][3][2]   |     4.690 | SLOW    |     2.426 | FAST    |
B_i[0][3][1]   | C_o[0][3][3]   |     4.889 | SLOW    |     2.379 | FAST    |
B_i[0][3][1]   | C_o[1][3][1]   |     4.660 | SLOW    |     2.430 | FAST    |
B_i[0][3][1]   | C_o[1][3][2]   |     4.690 | SLOW    |     2.426 | FAST    |
B_i[0][3][1]   | C_o[1][3][3]   |     4.889 | SLOW    |     2.379 | FAST    |
B_i[0][3][1]   | C_o[2][3][1]   |     4.682 | SLOW    |     2.444 | FAST    |
B_i[0][3][1]   | C_o[2][3][2]   |     4.707 | SLOW    |     2.437 | FAST    |
B_i[0][3][1]   | C_o[2][3][3]   |     4.911 | SLOW    |     2.379 | FAST    |
B_i[0][3][1]   | C_o[3][3][1]   |     4.682 | SLOW    |     2.444 | FAST    |
B_i[0][3][1]   | C_o[3][3][2]   |     4.707 | SLOW    |     2.437 | FAST    |
B_i[0][3][1]   | C_o[3][3][3]   |     4.911 | SLOW    |     2.379 | FAST    |
B_i[0][3][2]   | C_o[0][3][2]   |     4.652 | SLOW    |     2.417 | FAST    |
B_i[0][3][2]   | C_o[0][3][3]   |     4.869 | SLOW    |     2.359 | FAST    |
B_i[0][3][2]   | C_o[1][3][2]   |     4.652 | SLOW    |     2.417 | FAST    |
B_i[0][3][2]   | C_o[1][3][3]   |     4.869 | SLOW    |     2.359 | FAST    |
B_i[0][3][2]   | C_o[2][3][2]   |     4.652 | SLOW    |     2.417 | FAST    |
B_i[0][3][2]   | C_o[2][3][3]   |     4.869 | SLOW    |     2.359 | FAST    |
B_i[0][3][2]   | C_o[3][3][2]   |     4.652 | SLOW    |     2.417 | FAST    |
B_i[0][3][2]   | C_o[3][3][3]   |     4.869 | SLOW    |     2.359 | FAST    |
B_i[0][3][3]   | C_o[0][3][3]   |     4.828 | SLOW    |     2.524 | FAST    |
B_i[0][3][3]   | C_o[1][3][3]   |     4.828 | SLOW    |     2.524 | FAST    |
B_i[0][3][3]   | C_o[2][3][3]   |     4.828 | SLOW    |     2.524 | FAST    |
B_i[0][3][3]   | C_o[3][3][3]   |     4.828 | SLOW    |     2.524 | FAST    |
B_i[1][0][0]   | C_o[0][0][0]   |     4.468 | SLOW    |     2.326 | FAST    |
B_i[1][0][0]   | C_o[0][0][1]   |     4.698 | SLOW    |     2.337 | FAST    |
B_i[1][0][0]   | C_o[0][0][2]   |     4.785 | SLOW    |     2.384 | FAST    |
B_i[1][0][0]   | C_o[0][0][3]   |     5.039 | SLOW    |     2.431 | FAST    |
B_i[1][0][0]   | C_o[1][0][0]   |     4.468 | SLOW    |     2.326 | FAST    |
B_i[1][0][0]   | C_o[1][0][1]   |     4.698 | SLOW    |     2.320 | FAST    |
B_i[1][0][0]   | C_o[1][0][2]   |     4.785 | SLOW    |     2.367 | FAST    |
B_i[1][0][0]   | C_o[1][0][3]   |     5.039 | SLOW    |     2.431 | FAST    |
B_i[1][0][0]   | C_o[2][0][0]   |     4.468 | SLOW    |     2.326 | FAST    |
B_i[1][0][0]   | C_o[2][0][1]   |     4.703 | SLOW    |     2.320 | FAST    |
B_i[1][0][0]   | C_o[2][0][2]   |     4.785 | SLOW    |     2.367 | FAST    |
B_i[1][0][0]   | C_o[2][0][3]   |     5.039 | SLOW    |     2.431 | FAST    |
B_i[1][0][0]   | C_o[3][0][0]   |     4.468 | SLOW    |     2.326 | FAST    |
B_i[1][0][0]   | C_o[3][0][1]   |     4.703 | SLOW    |     2.320 | FAST    |
B_i[1][0][0]   | C_o[3][0][2]   |     4.785 | SLOW    |     2.367 | FAST    |
B_i[1][0][0]   | C_o[3][0][3]   |     5.039 | SLOW    |     2.431 | FAST    |
B_i[1][0][1]   | C_o[0][0][1]   |     4.677 | SLOW    |     2.432 | FAST    |
B_i[1][0][1]   | C_o[0][0][2]   |     4.693 | SLOW    |     2.426 | FAST    |
B_i[1][0][1]   | C_o[0][0][3]   |     5.040 | SLOW    |     2.438 | FAST    |
B_i[1][0][1]   | C_o[1][0][1]   |     4.677 | SLOW    |     2.432 | FAST    |
B_i[1][0][1]   | C_o[1][0][2]   |     4.693 | SLOW    |     2.426 | FAST    |
B_i[1][0][1]   | C_o[1][0][3]   |     5.040 | SLOW    |     2.438 | FAST    |
B_i[1][0][1]   | C_o[2][0][1]   |     4.699 | SLOW    |     2.446 | FAST    |
B_i[1][0][1]   | C_o[2][0][2]   |     4.715 | SLOW    |     2.440 | FAST    |
B_i[1][0][1]   | C_o[2][0][3]   |     5.040 | SLOW    |     2.438 | FAST    |
B_i[1][0][1]   | C_o[3][0][1]   |     4.699 | SLOW    |     2.446 | FAST    |
B_i[1][0][1]   | C_o[3][0][2]   |     4.715 | SLOW    |     2.440 | FAST    |
B_i[1][0][1]   | C_o[3][0][3]   |     5.040 | SLOW    |     2.438 | FAST    |
B_i[1][0][2]   | C_o[0][0][2]   |     4.652 | SLOW    |     2.427 | FAST    |
B_i[1][0][2]   | C_o[0][0][3]   |     5.035 | SLOW    |     2.419 | FAST    |
B_i[1][0][2]   | C_o[1][0][2]   |     4.652 | SLOW    |     2.427 | FAST    |
B_i[1][0][2]   | C_o[1][0][3]   |     5.035 | SLOW    |     2.419 | FAST    |
B_i[1][0][2]   | C_o[2][0][2]   |     4.652 | SLOW    |     2.427 | FAST    |
B_i[1][0][2]   | C_o[2][0][3]   |     5.035 | SLOW    |     2.419 | FAST    |
B_i[1][0][2]   | C_o[3][0][2]   |     4.652 | SLOW    |     2.427 | FAST    |
B_i[1][0][2]   | C_o[3][0][3]   |     5.035 | SLOW    |     2.419 | FAST    |
B_i[1][0][3]   | C_o[0][0][3]   |     5.004 | SLOW    |     2.622 | FAST    |
B_i[1][0][3]   | C_o[1][0][3]   |     5.004 | SLOW    |     2.622 | FAST    |
B_i[1][0][3]   | C_o[2][0][3]   |     5.004 | SLOW    |     2.622 | FAST    |
B_i[1][0][3]   | C_o[3][0][3]   |     5.004 | SLOW    |     2.622 | FAST    |
B_i[1][1][0]   | C_o[0][1][0]   |     4.468 | SLOW    |     2.326 | FAST    |
B_i[1][1][0]   | C_o[0][1][1]   |     4.698 | SLOW    |     2.337 | FAST    |
B_i[1][1][0]   | C_o[0][1][2]   |     4.785 | SLOW    |     2.384 | FAST    |
B_i[1][1][0]   | C_o[0][1][3]   |     5.071 | SLOW    |     2.431 | FAST    |
B_i[1][1][0]   | C_o[1][1][0]   |     4.468 | SLOW    |     2.326 | FAST    |
B_i[1][1][0]   | C_o[1][1][1]   |     4.698 | SLOW    |     2.320 | FAST    |
B_i[1][1][0]   | C_o[1][1][2]   |     4.785 | SLOW    |     2.367 | FAST    |
B_i[1][1][0]   | C_o[1][1][3]   |     5.039 | SLOW    |     2.431 | FAST    |
B_i[1][1][0]   | C_o[2][1][0]   |     4.468 | SLOW    |     2.326 | FAST    |
B_i[1][1][0]   | C_o[2][1][1]   |     4.703 | SLOW    |     2.320 | FAST    |
B_i[1][1][0]   | C_o[2][1][2]   |     4.785 | SLOW    |     2.367 | FAST    |
B_i[1][1][0]   | C_o[2][1][3]   |     5.039 | SLOW    |     2.431 | FAST    |
B_i[1][1][0]   | C_o[3][1][0]   |     4.468 | SLOW    |     2.326 | FAST    |
B_i[1][1][0]   | C_o[3][1][1]   |     4.703 | SLOW    |     2.320 | FAST    |
B_i[1][1][0]   | C_o[3][1][2]   |     4.785 | SLOW    |     2.367 | FAST    |
B_i[1][1][0]   | C_o[3][1][3]   |     5.039 | SLOW    |     2.431 | FAST    |
B_i[1][1][1]   | C_o[0][1][1]   |     4.677 | SLOW    |     2.432 | FAST    |
B_i[1][1][1]   | C_o[0][1][2]   |     4.693 | SLOW    |     2.426 | FAST    |
B_i[1][1][1]   | C_o[0][1][3]   |     5.067 | SLOW    |     2.438 | FAST    |
B_i[1][1][1]   | C_o[1][1][1]   |     4.677 | SLOW    |     2.432 | FAST    |
B_i[1][1][1]   | C_o[1][1][2]   |     4.693 | SLOW    |     2.426 | FAST    |
B_i[1][1][1]   | C_o[1][1][3]   |     5.040 | SLOW    |     2.438 | FAST    |
B_i[1][1][1]   | C_o[2][1][1]   |     4.699 | SLOW    |     2.446 | FAST    |
B_i[1][1][1]   | C_o[2][1][2]   |     4.715 | SLOW    |     2.440 | FAST    |
B_i[1][1][1]   | C_o[2][1][3]   |     5.040 | SLOW    |     2.438 | FAST    |
B_i[1][1][1]   | C_o[3][1][1]   |     4.699 | SLOW    |     2.446 | FAST    |
B_i[1][1][1]   | C_o[3][1][2]   |     4.715 | SLOW    |     2.440 | FAST    |
B_i[1][1][1]   | C_o[3][1][3]   |     5.040 | SLOW    |     2.438 | FAST    |
B_i[1][1][2]   | C_o[0][1][2]   |     4.652 | SLOW    |     2.427 | FAST    |
B_i[1][1][2]   | C_o[0][1][3]   |     5.035 | SLOW    |     2.419 | FAST    |
B_i[1][1][2]   | C_o[1][1][2]   |     4.652 | SLOW    |     2.427 | FAST    |
B_i[1][1][2]   | C_o[1][1][3]   |     5.035 | SLOW    |     2.419 | FAST    |
B_i[1][1][2]   | C_o[2][1][2]   |     4.652 | SLOW    |     2.427 | FAST    |
B_i[1][1][2]   | C_o[2][1][3]   |     5.035 | SLOW    |     2.419 | FAST    |
B_i[1][1][2]   | C_o[3][1][2]   |     4.652 | SLOW    |     2.427 | FAST    |
B_i[1][1][2]   | C_o[3][1][3]   |     5.035 | SLOW    |     2.419 | FAST    |
B_i[1][1][3]   | C_o[0][1][3]   |     5.004 | SLOW    |     2.622 | FAST    |
B_i[1][1][3]   | C_o[1][1][3]   |     5.004 | SLOW    |     2.622 | FAST    |
B_i[1][1][3]   | C_o[2][1][3]   |     5.004 | SLOW    |     2.622 | FAST    |
B_i[1][1][3]   | C_o[3][1][3]   |     5.004 | SLOW    |     2.622 | FAST    |
B_i[1][2][0]   | C_o[0][2][0]   |     4.468 | SLOW    |     2.326 | FAST    |
B_i[1][2][0]   | C_o[0][2][1]   |     4.698 | SLOW    |     2.337 | FAST    |
B_i[1][2][0]   | C_o[0][2][2]   |     4.785 | SLOW    |     2.384 | FAST    |
B_i[1][2][0]   | C_o[0][2][3]   |     5.071 | SLOW    |     2.431 | FAST    |
B_i[1][2][0]   | C_o[1][2][0]   |     4.468 | SLOW    |     2.326 | FAST    |
B_i[1][2][0]   | C_o[1][2][1]   |     4.698 | SLOW    |     2.320 | FAST    |
B_i[1][2][0]   | C_o[1][2][2]   |     4.785 | SLOW    |     2.367 | FAST    |
B_i[1][2][0]   | C_o[1][2][3]   |     5.039 | SLOW    |     2.431 | FAST    |
B_i[1][2][0]   | C_o[2][2][0]   |     4.468 | SLOW    |     2.326 | FAST    |
B_i[1][2][0]   | C_o[2][2][1]   |     4.703 | SLOW    |     2.320 | FAST    |
B_i[1][2][0]   | C_o[2][2][2]   |     4.785 | SLOW    |     2.367 | FAST    |
B_i[1][2][0]   | C_o[2][2][3]   |     5.039 | SLOW    |     2.431 | FAST    |
B_i[1][2][0]   | C_o[3][2][0]   |     4.468 | SLOW    |     2.326 | FAST    |
B_i[1][2][0]   | C_o[3][2][1]   |     4.703 | SLOW    |     2.320 | FAST    |
B_i[1][2][0]   | C_o[3][2][2]   |     4.785 | SLOW    |     2.367 | FAST    |
B_i[1][2][0]   | C_o[3][2][3]   |     5.039 | SLOW    |     2.431 | FAST    |
B_i[1][2][1]   | C_o[0][2][1]   |     4.677 | SLOW    |     2.432 | FAST    |
B_i[1][2][1]   | C_o[0][2][2]   |     4.693 | SLOW    |     2.426 | FAST    |
B_i[1][2][1]   | C_o[0][2][3]   |     5.067 | SLOW    |     2.438 | FAST    |
B_i[1][2][1]   | C_o[1][2][1]   |     4.677 | SLOW    |     2.432 | FAST    |
B_i[1][2][1]   | C_o[1][2][2]   |     4.693 | SLOW    |     2.426 | FAST    |
B_i[1][2][1]   | C_o[1][2][3]   |     5.040 | SLOW    |     2.438 | FAST    |
B_i[1][2][1]   | C_o[2][2][1]   |     4.699 | SLOW    |     2.446 | FAST    |
B_i[1][2][1]   | C_o[2][2][2]   |     4.715 | SLOW    |     2.440 | FAST    |
B_i[1][2][1]   | C_o[2][2][3]   |     5.040 | SLOW    |     2.438 | FAST    |
B_i[1][2][1]   | C_o[3][2][1]   |     4.699 | SLOW    |     2.446 | FAST    |
B_i[1][2][1]   | C_o[3][2][2]   |     4.715 | SLOW    |     2.440 | FAST    |
B_i[1][2][1]   | C_o[3][2][3]   |     5.040 | SLOW    |     2.438 | FAST    |
B_i[1][2][2]   | C_o[0][2][2]   |     4.652 | SLOW    |     2.427 | FAST    |
B_i[1][2][2]   | C_o[0][2][3]   |     5.035 | SLOW    |     2.419 | FAST    |
B_i[1][2][2]   | C_o[1][2][2]   |     4.652 | SLOW    |     2.427 | FAST    |
B_i[1][2][2]   | C_o[1][2][3]   |     5.035 | SLOW    |     2.419 | FAST    |
B_i[1][2][2]   | C_o[2][2][2]   |     4.652 | SLOW    |     2.427 | FAST    |
B_i[1][2][2]   | C_o[2][2][3]   |     5.035 | SLOW    |     2.419 | FAST    |
B_i[1][2][2]   | C_o[3][2][2]   |     4.652 | SLOW    |     2.427 | FAST    |
B_i[1][2][2]   | C_o[3][2][3]   |     5.035 | SLOW    |     2.419 | FAST    |
B_i[1][2][3]   | C_o[0][2][3]   |     5.004 | SLOW    |     2.622 | FAST    |
B_i[1][2][3]   | C_o[1][2][3]   |     5.004 | SLOW    |     2.622 | FAST    |
B_i[1][2][3]   | C_o[2][2][3]   |     5.004 | SLOW    |     2.622 | FAST    |
B_i[1][2][3]   | C_o[3][2][3]   |     5.004 | SLOW    |     2.622 | FAST    |
B_i[1][3][0]   | C_o[0][3][0]   |     4.468 | SLOW    |     2.326 | FAST    |
B_i[1][3][0]   | C_o[0][3][1]   |     4.698 | SLOW    |     2.337 | FAST    |
B_i[1][3][0]   | C_o[0][3][2]   |     4.785 | SLOW    |     2.384 | FAST    |
B_i[1][3][0]   | C_o[0][3][3]   |     5.071 | SLOW    |     2.431 | FAST    |
B_i[1][3][0]   | C_o[1][3][0]   |     4.468 | SLOW    |     2.326 | FAST    |
B_i[1][3][0]   | C_o[1][3][1]   |     4.698 | SLOW    |     2.320 | FAST    |
B_i[1][3][0]   | C_o[1][3][2]   |     4.785 | SLOW    |     2.367 | FAST    |
B_i[1][3][0]   | C_o[1][3][3]   |     5.039 | SLOW    |     2.431 | FAST    |
B_i[1][3][0]   | C_o[2][3][0]   |     4.468 | SLOW    |     2.326 | FAST    |
B_i[1][3][0]   | C_o[2][3][1]   |     4.703 | SLOW    |     2.320 | FAST    |
B_i[1][3][0]   | C_o[2][3][2]   |     4.785 | SLOW    |     2.367 | FAST    |
B_i[1][3][0]   | C_o[2][3][3]   |     5.039 | SLOW    |     2.431 | FAST    |
B_i[1][3][0]   | C_o[3][3][0]   |     4.468 | SLOW    |     2.326 | FAST    |
B_i[1][3][0]   | C_o[3][3][1]   |     4.703 | SLOW    |     2.320 | FAST    |
B_i[1][3][0]   | C_o[3][3][2]   |     4.785 | SLOW    |     2.367 | FAST    |
B_i[1][3][0]   | C_o[3][3][3]   |     5.039 | SLOW    |     2.431 | FAST    |
B_i[1][3][1]   | C_o[0][3][1]   |     4.677 | SLOW    |     2.432 | FAST    |
B_i[1][3][1]   | C_o[0][3][2]   |     4.693 | SLOW    |     2.426 | FAST    |
B_i[1][3][1]   | C_o[0][3][3]   |     5.067 | SLOW    |     2.438 | FAST    |
B_i[1][3][1]   | C_o[1][3][1]   |     4.677 | SLOW    |     2.432 | FAST    |
B_i[1][3][1]   | C_o[1][3][2]   |     4.693 | SLOW    |     2.426 | FAST    |
B_i[1][3][1]   | C_o[1][3][3]   |     5.040 | SLOW    |     2.438 | FAST    |
B_i[1][3][1]   | C_o[2][3][1]   |     4.699 | SLOW    |     2.446 | FAST    |
B_i[1][3][1]   | C_o[2][3][2]   |     4.715 | SLOW    |     2.440 | FAST    |
B_i[1][3][1]   | C_o[2][3][3]   |     5.040 | SLOW    |     2.438 | FAST    |
B_i[1][3][1]   | C_o[3][3][1]   |     4.699 | SLOW    |     2.446 | FAST    |
B_i[1][3][1]   | C_o[3][3][2]   |     4.715 | SLOW    |     2.440 | FAST    |
B_i[1][3][1]   | C_o[3][3][3]   |     5.040 | SLOW    |     2.438 | FAST    |
B_i[1][3][2]   | C_o[0][3][2]   |     4.652 | SLOW    |     2.427 | FAST    |
B_i[1][3][2]   | C_o[0][3][3]   |     5.035 | SLOW    |     2.419 | FAST    |
B_i[1][3][2]   | C_o[1][3][2]   |     4.652 | SLOW    |     2.427 | FAST    |
B_i[1][3][2]   | C_o[1][3][3]   |     5.035 | SLOW    |     2.419 | FAST    |
B_i[1][3][2]   | C_o[2][3][2]   |     4.652 | SLOW    |     2.427 | FAST    |
B_i[1][3][2]   | C_o[2][3][3]   |     5.035 | SLOW    |     2.419 | FAST    |
B_i[1][3][2]   | C_o[3][3][2]   |     4.652 | SLOW    |     2.427 | FAST    |
B_i[1][3][2]   | C_o[3][3][3]   |     5.035 | SLOW    |     2.419 | FAST    |
B_i[1][3][3]   | C_o[0][3][3]   |     5.004 | SLOW    |     2.622 | FAST    |
B_i[1][3][3]   | C_o[1][3][3]   |     5.004 | SLOW    |     2.622 | FAST    |
B_i[1][3][3]   | C_o[2][3][3]   |     5.004 | SLOW    |     2.622 | FAST    |
B_i[1][3][3]   | C_o[3][3][3]   |     5.004 | SLOW    |     2.622 | FAST    |
B_i[2][0][0]   | C_o[0][0][0]   |     4.495 | SLOW    |     2.335 | FAST    |
B_i[2][0][0]   | C_o[0][0][1]   |     4.725 | SLOW    |     2.328 | FAST    |
B_i[2][0][0]   | C_o[0][0][2]   |     4.812 | SLOW    |     2.375 | FAST    |
B_i[2][0][0]   | C_o[0][0][3]   |     4.982 | SLOW    |     2.435 | FAST    |
B_i[2][0][0]   | C_o[1][0][0]   |     4.463 | SLOW    |     2.318 | FAST    |
B_i[2][0][0]   | C_o[1][0][1]   |     4.693 | SLOW    |     2.328 | FAST    |
B_i[2][0][0]   | C_o[1][0][2]   |     4.780 | SLOW    |     2.375 | FAST    |
B_i[2][0][0]   | C_o[1][0][3]   |     4.982 | SLOW    |     2.435 | FAST    |
B_i[2][0][0]   | C_o[2][0][0]   |     4.463 | SLOW    |     2.318 | FAST    |
B_i[2][0][0]   | C_o[2][0][1]   |     4.701 | SLOW    |     2.328 | FAST    |
B_i[2][0][0]   | C_o[2][0][2]   |     4.780 | SLOW    |     2.375 | FAST    |
B_i[2][0][0]   | C_o[2][0][3]   |     4.982 | SLOW    |     2.435 | FAST    |
B_i[2][0][0]   | C_o[3][0][0]   |     4.463 | SLOW    |     2.318 | FAST    |
B_i[2][0][0]   | C_o[3][0][1]   |     4.701 | SLOW    |     2.328 | FAST    |
B_i[2][0][0]   | C_o[3][0][2]   |     4.780 | SLOW    |     2.375 | FAST    |
B_i[2][0][0]   | C_o[3][0][3]   |     4.982 | SLOW    |     2.435 | FAST    |
B_i[2][0][1]   | C_o[0][0][1]   |     4.672 | SLOW    |     2.435 | FAST    |
B_i[2][0][1]   | C_o[0][0][2]   |     4.697 | SLOW    |     2.429 | FAST    |
B_i[2][0][1]   | C_o[0][0][3]   |     4.962 | SLOW    |     2.439 | FAST    |
B_i[2][0][1]   | C_o[1][0][1]   |     4.672 | SLOW    |     2.435 | FAST    |
B_i[2][0][1]   | C_o[1][0][2]   |     4.697 | SLOW    |     2.429 | FAST    |
B_i[2][0][1]   | C_o[1][0][3]   |     4.962 | SLOW    |     2.439 | FAST    |
B_i[2][0][1]   | C_o[2][0][1]   |     4.694 | SLOW    |     2.449 | FAST    |
B_i[2][0][1]   | C_o[2][0][2]   |     4.719 | SLOW    |     2.441 | FAST    |
B_i[2][0][1]   | C_o[2][0][3]   |     4.962 | SLOW    |     2.441 | FAST    |
B_i[2][0][1]   | C_o[3][0][1]   |     4.694 | SLOW    |     2.449 | FAST    |
B_i[2][0][1]   | C_o[3][0][2]   |     4.719 | SLOW    |     2.441 | FAST    |
B_i[2][0][1]   | C_o[3][0][3]   |     4.962 | SLOW    |     2.441 | FAST    |
B_i[2][0][2]   | C_o[0][0][2]   |     4.650 | SLOW    |     2.421 | FAST    |
B_i[2][0][2]   | C_o[0][0][3]   |     4.956 | SLOW    |     2.421 | FAST    |
B_i[2][0][2]   | C_o[1][0][2]   |     4.650 | SLOW    |     2.421 | FAST    |
B_i[2][0][2]   | C_o[1][0][3]   |     4.956 | SLOW    |     2.421 | FAST    |
B_i[2][0][2]   | C_o[2][0][2]   |     4.650 | SLOW    |     2.421 | FAST    |
B_i[2][0][2]   | C_o[2][0][3]   |     4.956 | SLOW    |     2.421 | FAST    |
B_i[2][0][2]   | C_o[3][0][2]   |     4.650 | SLOW    |     2.421 | FAST    |
B_i[2][0][2]   | C_o[3][0][3]   |     4.956 | SLOW    |     2.421 | FAST    |
B_i[2][0][3]   | C_o[0][0][3]   |     4.915 | SLOW    |     2.575 | FAST    |
B_i[2][0][3]   | C_o[1][0][3]   |     4.915 | SLOW    |     2.575 | FAST    |
B_i[2][0][3]   | C_o[2][0][3]   |     4.915 | SLOW    |     2.575 | FAST    |
B_i[2][0][3]   | C_o[3][0][3]   |     4.915 | SLOW    |     2.575 | FAST    |
B_i[2][1][0]   | C_o[0][1][0]   |     4.495 | SLOW    |     2.335 | FAST    |
B_i[2][1][0]   | C_o[0][1][1]   |     4.725 | SLOW    |     2.328 | FAST    |
B_i[2][1][0]   | C_o[0][1][2]   |     4.812 | SLOW    |     2.375 | FAST    |
B_i[2][1][0]   | C_o[0][1][3]   |     4.982 | SLOW    |     2.435 | FAST    |
B_i[2][1][0]   | C_o[1][1][0]   |     4.463 | SLOW    |     2.318 | FAST    |
B_i[2][1][0]   | C_o[1][1][1]   |     4.693 | SLOW    |     2.328 | FAST    |
B_i[2][1][0]   | C_o[1][1][2]   |     4.780 | SLOW    |     2.375 | FAST    |
B_i[2][1][0]   | C_o[1][1][3]   |     4.982 | SLOW    |     2.435 | FAST    |
B_i[2][1][0]   | C_o[2][1][0]   |     4.463 | SLOW    |     2.318 | FAST    |
B_i[2][1][0]   | C_o[2][1][1]   |     4.701 | SLOW    |     2.328 | FAST    |
B_i[2][1][0]   | C_o[2][1][2]   |     4.780 | SLOW    |     2.375 | FAST    |
B_i[2][1][0]   | C_o[2][1][3]   |     4.982 | SLOW    |     2.435 | FAST    |
B_i[2][1][0]   | C_o[3][1][0]   |     4.463 | SLOW    |     2.318 | FAST    |
B_i[2][1][0]   | C_o[3][1][1]   |     4.701 | SLOW    |     2.328 | FAST    |
B_i[2][1][0]   | C_o[3][1][2]   |     4.780 | SLOW    |     2.375 | FAST    |
B_i[2][1][0]   | C_o[3][1][3]   |     4.982 | SLOW    |     2.435 | FAST    |
B_i[2][1][1]   | C_o[0][1][1]   |     4.672 | SLOW    |     2.435 | FAST    |
B_i[2][1][1]   | C_o[0][1][2]   |     4.697 | SLOW    |     2.429 | FAST    |
B_i[2][1][1]   | C_o[0][1][3]   |     4.975 | SLOW    |     2.439 | FAST    |
B_i[2][1][1]   | C_o[1][1][1]   |     4.672 | SLOW    |     2.435 | FAST    |
B_i[2][1][1]   | C_o[1][1][2]   |     4.697 | SLOW    |     2.429 | FAST    |
B_i[2][1][1]   | C_o[1][1][3]   |     4.962 | SLOW    |     2.439 | FAST    |
B_i[2][1][1]   | C_o[2][1][1]   |     4.694 | SLOW    |     2.449 | FAST    |
B_i[2][1][1]   | C_o[2][1][2]   |     4.719 | SLOW    |     2.441 | FAST    |
B_i[2][1][1]   | C_o[2][1][3]   |     4.962 | SLOW    |     2.441 | FAST    |
B_i[2][1][1]   | C_o[3][1][1]   |     4.694 | SLOW    |     2.449 | FAST    |
B_i[2][1][1]   | C_o[3][1][2]   |     4.719 | SLOW    |     2.441 | FAST    |
B_i[2][1][1]   | C_o[3][1][3]   |     4.962 | SLOW    |     2.441 | FAST    |
B_i[2][1][2]   | C_o[0][1][2]   |     4.650 | SLOW    |     2.421 | FAST    |
B_i[2][1][2]   | C_o[0][1][3]   |     4.956 | SLOW    |     2.421 | FAST    |
B_i[2][1][2]   | C_o[1][1][2]   |     4.650 | SLOW    |     2.421 | FAST    |
B_i[2][1][2]   | C_o[1][1][3]   |     4.956 | SLOW    |     2.421 | FAST    |
B_i[2][1][2]   | C_o[2][1][2]   |     4.650 | SLOW    |     2.421 | FAST    |
B_i[2][1][2]   | C_o[2][1][3]   |     4.956 | SLOW    |     2.421 | FAST    |
B_i[2][1][2]   | C_o[3][1][2]   |     4.650 | SLOW    |     2.421 | FAST    |
B_i[2][1][2]   | C_o[3][1][3]   |     4.956 | SLOW    |     2.421 | FAST    |
B_i[2][1][3]   | C_o[0][1][3]   |     4.915 | SLOW    |     2.575 | FAST    |
B_i[2][1][3]   | C_o[1][1][3]   |     4.915 | SLOW    |     2.575 | FAST    |
B_i[2][1][3]   | C_o[2][1][3]   |     4.915 | SLOW    |     2.575 | FAST    |
B_i[2][1][3]   | C_o[3][1][3]   |     4.915 | SLOW    |     2.575 | FAST    |
B_i[2][2][0]   | C_o[0][2][0]   |     4.495 | SLOW    |     2.335 | FAST    |
B_i[2][2][0]   | C_o[0][2][1]   |     4.725 | SLOW    |     2.328 | FAST    |
B_i[2][2][0]   | C_o[0][2][2]   |     4.812 | SLOW    |     2.375 | FAST    |
B_i[2][2][0]   | C_o[0][2][3]   |     4.982 | SLOW    |     2.435 | FAST    |
B_i[2][2][0]   | C_o[1][2][0]   |     4.463 | SLOW    |     2.318 | FAST    |
B_i[2][2][0]   | C_o[1][2][1]   |     4.693 | SLOW    |     2.328 | FAST    |
B_i[2][2][0]   | C_o[1][2][2]   |     4.780 | SLOW    |     2.375 | FAST    |
B_i[2][2][0]   | C_o[1][2][3]   |     4.982 | SLOW    |     2.435 | FAST    |
B_i[2][2][0]   | C_o[2][2][0]   |     4.463 | SLOW    |     2.318 | FAST    |
B_i[2][2][0]   | C_o[2][2][1]   |     4.701 | SLOW    |     2.328 | FAST    |
B_i[2][2][0]   | C_o[2][2][2]   |     4.780 | SLOW    |     2.375 | FAST    |
B_i[2][2][0]   | C_o[2][2][3]   |     4.982 | SLOW    |     2.435 | FAST    |
B_i[2][2][0]   | C_o[3][2][0]   |     4.463 | SLOW    |     2.318 | FAST    |
B_i[2][2][0]   | C_o[3][2][1]   |     4.701 | SLOW    |     2.328 | FAST    |
B_i[2][2][0]   | C_o[3][2][2]   |     4.780 | SLOW    |     2.375 | FAST    |
B_i[2][2][0]   | C_o[3][2][3]   |     4.982 | SLOW    |     2.435 | FAST    |
B_i[2][2][1]   | C_o[0][2][1]   |     4.672 | SLOW    |     2.435 | FAST    |
B_i[2][2][1]   | C_o[0][2][2]   |     4.697 | SLOW    |     2.429 | FAST    |
B_i[2][2][1]   | C_o[0][2][3]   |     4.975 | SLOW    |     2.439 | FAST    |
B_i[2][2][1]   | C_o[1][2][1]   |     4.672 | SLOW    |     2.435 | FAST    |
B_i[2][2][1]   | C_o[1][2][2]   |     4.697 | SLOW    |     2.429 | FAST    |
B_i[2][2][1]   | C_o[1][2][3]   |     4.962 | SLOW    |     2.439 | FAST    |
B_i[2][2][1]   | C_o[2][2][1]   |     4.694 | SLOW    |     2.449 | FAST    |
B_i[2][2][1]   | C_o[2][2][2]   |     4.719 | SLOW    |     2.441 | FAST    |
B_i[2][2][1]   | C_o[2][2][3]   |     4.962 | SLOW    |     2.441 | FAST    |
B_i[2][2][1]   | C_o[3][2][1]   |     4.694 | SLOW    |     2.449 | FAST    |
B_i[2][2][1]   | C_o[3][2][2]   |     4.719 | SLOW    |     2.441 | FAST    |
B_i[2][2][1]   | C_o[3][2][3]   |     4.962 | SLOW    |     2.441 | FAST    |
B_i[2][2][2]   | C_o[0][2][2]   |     4.650 | SLOW    |     2.421 | FAST    |
B_i[2][2][2]   | C_o[0][2][3]   |     4.956 | SLOW    |     2.421 | FAST    |
B_i[2][2][2]   | C_o[1][2][2]   |     4.650 | SLOW    |     2.421 | FAST    |
B_i[2][2][2]   | C_o[1][2][3]   |     4.956 | SLOW    |     2.421 | FAST    |
B_i[2][2][2]   | C_o[2][2][2]   |     4.650 | SLOW    |     2.421 | FAST    |
B_i[2][2][2]   | C_o[2][2][3]   |     4.956 | SLOW    |     2.421 | FAST    |
B_i[2][2][2]   | C_o[3][2][2]   |     4.650 | SLOW    |     2.421 | FAST    |
B_i[2][2][2]   | C_o[3][2][3]   |     4.956 | SLOW    |     2.421 | FAST    |
B_i[2][2][3]   | C_o[0][2][3]   |     4.915 | SLOW    |     2.575 | FAST    |
B_i[2][2][3]   | C_o[1][2][3]   |     4.915 | SLOW    |     2.575 | FAST    |
B_i[2][2][3]   | C_o[2][2][3]   |     4.915 | SLOW    |     2.575 | FAST    |
B_i[2][2][3]   | C_o[3][2][3]   |     4.915 | SLOW    |     2.575 | FAST    |
B_i[2][3][0]   | C_o[0][3][0]   |     4.495 | SLOW    |     2.335 | FAST    |
B_i[2][3][0]   | C_o[0][3][1]   |     4.725 | SLOW    |     2.328 | FAST    |
B_i[2][3][0]   | C_o[0][3][2]   |     4.812 | SLOW    |     2.375 | FAST    |
B_i[2][3][0]   | C_o[0][3][3]   |     4.982 | SLOW    |     2.435 | FAST    |
B_i[2][3][0]   | C_o[1][3][0]   |     4.463 | SLOW    |     2.318 | FAST    |
B_i[2][3][0]   | C_o[1][3][1]   |     4.693 | SLOW    |     2.328 | FAST    |
B_i[2][3][0]   | C_o[1][3][2]   |     4.780 | SLOW    |     2.375 | FAST    |
B_i[2][3][0]   | C_o[1][3][3]   |     4.982 | SLOW    |     2.435 | FAST    |
B_i[2][3][0]   | C_o[2][3][0]   |     4.463 | SLOW    |     2.318 | FAST    |
B_i[2][3][0]   | C_o[2][3][1]   |     4.701 | SLOW    |     2.328 | FAST    |
B_i[2][3][0]   | C_o[2][3][2]   |     4.780 | SLOW    |     2.375 | FAST    |
B_i[2][3][0]   | C_o[2][3][3]   |     4.982 | SLOW    |     2.435 | FAST    |
B_i[2][3][0]   | C_o[3][3][0]   |     4.463 | SLOW    |     2.318 | FAST    |
B_i[2][3][0]   | C_o[3][3][1]   |     4.701 | SLOW    |     2.328 | FAST    |
B_i[2][3][0]   | C_o[3][3][2]   |     4.780 | SLOW    |     2.375 | FAST    |
B_i[2][3][0]   | C_o[3][3][3]   |     4.982 | SLOW    |     2.435 | FAST    |
B_i[2][3][1]   | C_o[0][3][1]   |     4.672 | SLOW    |     2.435 | FAST    |
B_i[2][3][1]   | C_o[0][3][2]   |     4.697 | SLOW    |     2.429 | FAST    |
B_i[2][3][1]   | C_o[0][3][3]   |     4.975 | SLOW    |     2.439 | FAST    |
B_i[2][3][1]   | C_o[1][3][1]   |     4.672 | SLOW    |     2.435 | FAST    |
B_i[2][3][1]   | C_o[1][3][2]   |     4.697 | SLOW    |     2.429 | FAST    |
B_i[2][3][1]   | C_o[1][3][3]   |     4.962 | SLOW    |     2.439 | FAST    |
B_i[2][3][1]   | C_o[2][3][1]   |     4.694 | SLOW    |     2.449 | FAST    |
B_i[2][3][1]   | C_o[2][3][2]   |     4.719 | SLOW    |     2.441 | FAST    |
B_i[2][3][1]   | C_o[2][3][3]   |     4.962 | SLOW    |     2.441 | FAST    |
B_i[2][3][1]   | C_o[3][3][1]   |     4.694 | SLOW    |     2.449 | FAST    |
B_i[2][3][1]   | C_o[3][3][2]   |     4.719 | SLOW    |     2.441 | FAST    |
B_i[2][3][1]   | C_o[3][3][3]   |     4.962 | SLOW    |     2.441 | FAST    |
B_i[2][3][2]   | C_o[0][3][2]   |     4.650 | SLOW    |     2.421 | FAST    |
B_i[2][3][2]   | C_o[0][3][3]   |     4.956 | SLOW    |     2.421 | FAST    |
B_i[2][3][2]   | C_o[1][3][2]   |     4.650 | SLOW    |     2.421 | FAST    |
B_i[2][3][2]   | C_o[1][3][3]   |     4.956 | SLOW    |     2.421 | FAST    |
B_i[2][3][2]   | C_o[2][3][2]   |     4.650 | SLOW    |     2.421 | FAST    |
B_i[2][3][2]   | C_o[2][3][3]   |     4.956 | SLOW    |     2.421 | FAST    |
B_i[2][3][2]   | C_o[3][3][2]   |     4.650 | SLOW    |     2.421 | FAST    |
B_i[2][3][2]   | C_o[3][3][3]   |     4.956 | SLOW    |     2.421 | FAST    |
B_i[2][3][3]   | C_o[0][3][3]   |     4.915 | SLOW    |     2.575 | FAST    |
B_i[2][3][3]   | C_o[1][3][3]   |     4.915 | SLOW    |     2.575 | FAST    |
B_i[2][3][3]   | C_o[2][3][3]   |     4.915 | SLOW    |     2.575 | FAST    |
B_i[2][3][3]   | C_o[3][3][3]   |     4.915 | SLOW    |     2.575 | FAST    |
B_i[3][0][0]   | C_o[0][0][0]   |     4.495 | SLOW    |     2.335 | FAST    |
B_i[3][0][0]   | C_o[0][0][1]   |     4.725 | SLOW    |     2.337 | FAST    |
B_i[3][0][0]   | C_o[0][0][2]   |     4.812 | SLOW    |     2.384 | FAST    |
B_i[3][0][0]   | C_o[0][0][3]   |     4.952 | SLOW    |     2.435 | FAST    |
B_i[3][0][0]   | C_o[1][0][0]   |     4.463 | SLOW    |     2.318 | FAST    |
B_i[3][0][0]   | C_o[1][0][1]   |     4.693 | SLOW    |     2.320 | FAST    |
B_i[3][0][0]   | C_o[1][0][2]   |     4.780 | SLOW    |     2.367 | FAST    |
B_i[3][0][0]   | C_o[1][0][3]   |     4.984 | SLOW    |     2.435 | FAST    |
B_i[3][0][0]   | C_o[2][0][0]   |     4.463 | SLOW    |     2.318 | FAST    |
B_i[3][0][0]   | C_o[2][0][1]   |     4.703 | SLOW    |     2.320 | FAST    |
B_i[3][0][0]   | C_o[2][0][2]   |     4.780 | SLOW    |     2.367 | FAST    |
B_i[3][0][0]   | C_o[2][0][3]   |     4.984 | SLOW    |     2.435 | FAST    |
B_i[3][0][0]   | C_o[3][0][0]   |     4.463 | SLOW    |     2.318 | FAST    |
B_i[3][0][0]   | C_o[3][0][1]   |     4.703 | SLOW    |     2.320 | FAST    |
B_i[3][0][0]   | C_o[3][0][2]   |     4.780 | SLOW    |     2.367 | FAST    |
B_i[3][0][0]   | C_o[3][0][3]   |     4.984 | SLOW    |     2.435 | FAST    |
B_i[3][0][1]   | C_o[0][0][1]   |     4.677 | SLOW    |     2.432 | FAST    |
B_i[3][0][1]   | C_o[0][0][2]   |     4.693 | SLOW    |     2.428 | FAST    |
B_i[3][0][1]   | C_o[0][0][3]   |     4.951 | SLOW    |     2.442 | FAST    |
B_i[3][0][1]   | C_o[1][0][1]   |     4.677 | SLOW    |     2.432 | FAST    |
B_i[3][0][1]   | C_o[1][0][2]   |     4.693 | SLOW    |     2.428 | FAST    |
B_i[3][0][1]   | C_o[1][0][3]   |     4.951 | SLOW    |     2.442 | FAST    |
B_i[3][0][1]   | C_o[2][0][1]   |     4.699 | SLOW    |     2.446 | FAST    |
B_i[3][0][1]   | C_o[2][0][2]   |     4.715 | SLOW    |     2.442 | FAST    |
B_i[3][0][1]   | C_o[2][0][3]   |     4.951 | SLOW    |     2.442 | FAST    |
B_i[3][0][1]   | C_o[3][0][1]   |     4.699 | SLOW    |     2.446 | FAST    |
B_i[3][0][1]   | C_o[3][0][2]   |     4.715 | SLOW    |     2.442 | FAST    |
B_i[3][0][1]   | C_o[3][0][3]   |     4.951 | SLOW    |     2.442 | FAST    |
B_i[3][0][2]   | C_o[0][0][2]   |     4.652 | SLOW    |     2.427 | FAST    |
B_i[3][0][2]   | C_o[0][0][3]   |     4.948 | SLOW    |     2.423 | FAST    |
B_i[3][0][2]   | C_o[1][0][2]   |     4.652 | SLOW    |     2.427 | FAST    |
B_i[3][0][2]   | C_o[1][0][3]   |     4.948 | SLOW    |     2.423 | FAST    |
B_i[3][0][2]   | C_o[2][0][2]   |     4.652 | SLOW    |     2.427 | FAST    |
B_i[3][0][2]   | C_o[2][0][3]   |     4.948 | SLOW    |     2.423 | FAST    |
B_i[3][0][2]   | C_o[3][0][2]   |     4.652 | SLOW    |     2.427 | FAST    |
B_i[3][0][2]   | C_o[3][0][3]   |     4.948 | SLOW    |     2.423 | FAST    |
B_i[3][0][3]   | C_o[0][0][3]   |     4.915 | SLOW    |     2.575 | FAST    |
B_i[3][0][3]   | C_o[1][0][3]   |     4.915 | SLOW    |     2.575 | FAST    |
B_i[3][0][3]   | C_o[2][0][3]   |     4.915 | SLOW    |     2.575 | FAST    |
B_i[3][0][3]   | C_o[3][0][3]   |     4.915 | SLOW    |     2.575 | FAST    |
B_i[3][1][0]   | C_o[0][1][0]   |     4.495 | SLOW    |     2.335 | FAST    |
B_i[3][1][0]   | C_o[0][1][1]   |     4.725 | SLOW    |     2.337 | FAST    |
B_i[3][1][0]   | C_o[0][1][2]   |     4.812 | SLOW    |     2.384 | FAST    |
B_i[3][1][0]   | C_o[0][1][3]   |     4.982 | SLOW    |     2.435 | FAST    |
B_i[3][1][0]   | C_o[1][1][0]   |     4.463 | SLOW    |     2.318 | FAST    |
B_i[3][1][0]   | C_o[1][1][1]   |     4.693 | SLOW    |     2.320 | FAST    |
B_i[3][1][0]   | C_o[1][1][2]   |     4.780 | SLOW    |     2.367 | FAST    |
B_i[3][1][0]   | C_o[1][1][3]   |     4.984 | SLOW    |     2.435 | FAST    |
B_i[3][1][0]   | C_o[2][1][0]   |     4.463 | SLOW    |     2.318 | FAST    |
B_i[3][1][0]   | C_o[2][1][1]   |     4.703 | SLOW    |     2.320 | FAST    |
B_i[3][1][0]   | C_o[2][1][2]   |     4.780 | SLOW    |     2.367 | FAST    |
B_i[3][1][0]   | C_o[2][1][3]   |     4.984 | SLOW    |     2.435 | FAST    |
B_i[3][1][0]   | C_o[3][1][0]   |     4.463 | SLOW    |     2.318 | FAST    |
B_i[3][1][0]   | C_o[3][1][1]   |     4.703 | SLOW    |     2.320 | FAST    |
B_i[3][1][0]   | C_o[3][1][2]   |     4.780 | SLOW    |     2.367 | FAST    |
B_i[3][1][0]   | C_o[3][1][3]   |     4.984 | SLOW    |     2.435 | FAST    |
B_i[3][1][1]   | C_o[0][1][1]   |     4.677 | SLOW    |     2.432 | FAST    |
B_i[3][1][1]   | C_o[0][1][2]   |     4.693 | SLOW    |     2.428 | FAST    |
B_i[3][1][1]   | C_o[0][1][3]   |     4.980 | SLOW    |     2.442 | FAST    |
B_i[3][1][1]   | C_o[1][1][1]   |     4.677 | SLOW    |     2.432 | FAST    |
B_i[3][1][1]   | C_o[1][1][2]   |     4.693 | SLOW    |     2.428 | FAST    |
B_i[3][1][1]   | C_o[1][1][3]   |     4.951 | SLOW    |     2.442 | FAST    |
B_i[3][1][1]   | C_o[2][1][1]   |     4.699 | SLOW    |     2.446 | FAST    |
B_i[3][1][1]   | C_o[2][1][2]   |     4.715 | SLOW    |     2.442 | FAST    |
B_i[3][1][1]   | C_o[2][1][3]   |     4.951 | SLOW    |     2.442 | FAST    |
B_i[3][1][1]   | C_o[3][1][1]   |     4.699 | SLOW    |     2.446 | FAST    |
B_i[3][1][1]   | C_o[3][1][2]   |     4.715 | SLOW    |     2.442 | FAST    |
B_i[3][1][1]   | C_o[3][1][3]   |     4.951 | SLOW    |     2.442 | FAST    |
B_i[3][1][2]   | C_o[0][1][2]   |     4.652 | SLOW    |     2.427 | FAST    |
B_i[3][1][2]   | C_o[0][1][3]   |     4.948 | SLOW    |     2.423 | FAST    |
B_i[3][1][2]   | C_o[1][1][2]   |     4.652 | SLOW    |     2.427 | FAST    |
B_i[3][1][2]   | C_o[1][1][3]   |     4.948 | SLOW    |     2.423 | FAST    |
B_i[3][1][2]   | C_o[2][1][2]   |     4.652 | SLOW    |     2.427 | FAST    |
B_i[3][1][2]   | C_o[2][1][3]   |     4.948 | SLOW    |     2.423 | FAST    |
B_i[3][1][2]   | C_o[3][1][2]   |     4.652 | SLOW    |     2.427 | FAST    |
B_i[3][1][2]   | C_o[3][1][3]   |     4.948 | SLOW    |     2.423 | FAST    |
B_i[3][1][3]   | C_o[0][1][3]   |     4.915 | SLOW    |     2.575 | FAST    |
B_i[3][1][3]   | C_o[1][1][3]   |     4.915 | SLOW    |     2.575 | FAST    |
B_i[3][1][3]   | C_o[2][1][3]   |     4.915 | SLOW    |     2.575 | FAST    |
B_i[3][1][3]   | C_o[3][1][3]   |     4.915 | SLOW    |     2.575 | FAST    |
B_i[3][2][0]   | C_o[0][2][0]   |     4.495 | SLOW    |     2.335 | FAST    |
B_i[3][2][0]   | C_o[0][2][1]   |     4.725 | SLOW    |     2.337 | FAST    |
B_i[3][2][0]   | C_o[0][2][2]   |     4.812 | SLOW    |     2.384 | FAST    |
B_i[3][2][0]   | C_o[0][2][3]   |     4.982 | SLOW    |     2.435 | FAST    |
B_i[3][2][0]   | C_o[1][2][0]   |     4.463 | SLOW    |     2.318 | FAST    |
B_i[3][2][0]   | C_o[1][2][1]   |     4.693 | SLOW    |     2.320 | FAST    |
B_i[3][2][0]   | C_o[1][2][2]   |     4.780 | SLOW    |     2.367 | FAST    |
B_i[3][2][0]   | C_o[1][2][3]   |     4.984 | SLOW    |     2.435 | FAST    |
B_i[3][2][0]   | C_o[2][2][0]   |     4.463 | SLOW    |     2.318 | FAST    |
B_i[3][2][0]   | C_o[2][2][1]   |     4.703 | SLOW    |     2.320 | FAST    |
B_i[3][2][0]   | C_o[2][2][2]   |     4.780 | SLOW    |     2.367 | FAST    |
B_i[3][2][0]   | C_o[2][2][3]   |     4.984 | SLOW    |     2.435 | FAST    |
B_i[3][2][0]   | C_o[3][2][0]   |     4.463 | SLOW    |     2.318 | FAST    |
B_i[3][2][0]   | C_o[3][2][1]   |     4.703 | SLOW    |     2.320 | FAST    |
B_i[3][2][0]   | C_o[3][2][2]   |     4.780 | SLOW    |     2.367 | FAST    |
B_i[3][2][0]   | C_o[3][2][3]   |     4.984 | SLOW    |     2.435 | FAST    |
B_i[3][2][1]   | C_o[0][2][1]   |     4.677 | SLOW    |     2.432 | FAST    |
B_i[3][2][1]   | C_o[0][2][2]   |     4.693 | SLOW    |     2.428 | FAST    |
B_i[3][2][1]   | C_o[0][2][3]   |     4.980 | SLOW    |     2.442 | FAST    |
B_i[3][2][1]   | C_o[1][2][1]   |     4.677 | SLOW    |     2.432 | FAST    |
B_i[3][2][1]   | C_o[1][2][2]   |     4.693 | SLOW    |     2.428 | FAST    |
B_i[3][2][1]   | C_o[1][2][3]   |     4.951 | SLOW    |     2.442 | FAST    |
B_i[3][2][1]   | C_o[2][2][1]   |     4.699 | SLOW    |     2.446 | FAST    |
B_i[3][2][1]   | C_o[2][2][2]   |     4.715 | SLOW    |     2.442 | FAST    |
B_i[3][2][1]   | C_o[2][2][3]   |     4.951 | SLOW    |     2.442 | FAST    |
B_i[3][2][1]   | C_o[3][2][1]   |     4.699 | SLOW    |     2.446 | FAST    |
B_i[3][2][1]   | C_o[3][2][2]   |     4.715 | SLOW    |     2.442 | FAST    |
B_i[3][2][1]   | C_o[3][2][3]   |     4.951 | SLOW    |     2.442 | FAST    |
B_i[3][2][2]   | C_o[0][2][2]   |     4.652 | SLOW    |     2.427 | FAST    |
B_i[3][2][2]   | C_o[0][2][3]   |     4.948 | SLOW    |     2.423 | FAST    |
B_i[3][2][2]   | C_o[1][2][2]   |     4.652 | SLOW    |     2.427 | FAST    |
B_i[3][2][2]   | C_o[1][2][3]   |     4.948 | SLOW    |     2.423 | FAST    |
B_i[3][2][2]   | C_o[2][2][2]   |     4.652 | SLOW    |     2.427 | FAST    |
B_i[3][2][2]   | C_o[2][2][3]   |     4.948 | SLOW    |     2.423 | FAST    |
B_i[3][2][2]   | C_o[3][2][2]   |     4.652 | SLOW    |     2.427 | FAST    |
B_i[3][2][2]   | C_o[3][2][3]   |     4.948 | SLOW    |     2.423 | FAST    |
B_i[3][2][3]   | C_o[0][2][3]   |     4.915 | SLOW    |     2.575 | FAST    |
B_i[3][2][3]   | C_o[1][2][3]   |     4.915 | SLOW    |     2.575 | FAST    |
B_i[3][2][3]   | C_o[2][2][3]   |     4.915 | SLOW    |     2.575 | FAST    |
B_i[3][2][3]   | C_o[3][2][3]   |     4.915 | SLOW    |     2.575 | FAST    |
B_i[3][3][0]   | C_o[0][3][0]   |     4.495 | SLOW    |     2.335 | FAST    |
B_i[3][3][0]   | C_o[0][3][1]   |     4.725 | SLOW    |     2.337 | FAST    |
B_i[3][3][0]   | C_o[0][3][2]   |     4.812 | SLOW    |     2.384 | FAST    |
B_i[3][3][0]   | C_o[0][3][3]   |     4.982 | SLOW    |     2.435 | FAST    |
B_i[3][3][0]   | C_o[1][3][0]   |     4.463 | SLOW    |     2.318 | FAST    |
B_i[3][3][0]   | C_o[1][3][1]   |     4.693 | SLOW    |     2.320 | FAST    |
B_i[3][3][0]   | C_o[1][3][2]   |     4.780 | SLOW    |     2.367 | FAST    |
B_i[3][3][0]   | C_o[1][3][3]   |     4.984 | SLOW    |     2.435 | FAST    |
B_i[3][3][0]   | C_o[2][3][0]   |     4.463 | SLOW    |     2.318 | FAST    |
B_i[3][3][0]   | C_o[2][3][1]   |     4.703 | SLOW    |     2.320 | FAST    |
B_i[3][3][0]   | C_o[2][3][2]   |     4.780 | SLOW    |     2.367 | FAST    |
B_i[3][3][0]   | C_o[2][3][3]   |     4.984 | SLOW    |     2.435 | FAST    |
B_i[3][3][0]   | C_o[3][3][0]   |     4.463 | SLOW    |     2.318 | FAST    |
B_i[3][3][0]   | C_o[3][3][1]   |     4.703 | SLOW    |     2.320 | FAST    |
B_i[3][3][0]   | C_o[3][3][2]   |     4.780 | SLOW    |     2.367 | FAST    |
B_i[3][3][0]   | C_o[3][3][3]   |     4.984 | SLOW    |     2.435 | FAST    |
B_i[3][3][1]   | C_o[0][3][1]   |     4.677 | SLOW    |     2.432 | FAST    |
B_i[3][3][1]   | C_o[0][3][2]   |     4.693 | SLOW    |     2.428 | FAST    |
B_i[3][3][1]   | C_o[0][3][3]   |     4.980 | SLOW    |     2.442 | FAST    |
B_i[3][3][1]   | C_o[1][3][1]   |     4.677 | SLOW    |     2.432 | FAST    |
B_i[3][3][1]   | C_o[1][3][2]   |     4.693 | SLOW    |     2.428 | FAST    |
B_i[3][3][1]   | C_o[1][3][3]   |     4.951 | SLOW    |     2.442 | FAST    |
B_i[3][3][1]   | C_o[2][3][1]   |     4.699 | SLOW    |     2.446 | FAST    |
B_i[3][3][1]   | C_o[2][3][2]   |     4.715 | SLOW    |     2.442 | FAST    |
B_i[3][3][1]   | C_o[2][3][3]   |     4.951 | SLOW    |     2.442 | FAST    |
B_i[3][3][1]   | C_o[3][3][1]   |     4.699 | SLOW    |     2.446 | FAST    |
B_i[3][3][1]   | C_o[3][3][2]   |     4.715 | SLOW    |     2.442 | FAST    |
B_i[3][3][1]   | C_o[3][3][3]   |     4.951 | SLOW    |     2.442 | FAST    |
B_i[3][3][2]   | C_o[0][3][2]   |     4.652 | SLOW    |     2.427 | FAST    |
B_i[3][3][2]   | C_o[0][3][3]   |     4.948 | SLOW    |     2.423 | FAST    |
B_i[3][3][2]   | C_o[1][3][2]   |     4.652 | SLOW    |     2.427 | FAST    |
B_i[3][3][2]   | C_o[1][3][3]   |     4.948 | SLOW    |     2.423 | FAST    |
B_i[3][3][2]   | C_o[2][3][2]   |     4.652 | SLOW    |     2.427 | FAST    |
B_i[3][3][2]   | C_o[2][3][3]   |     4.948 | SLOW    |     2.423 | FAST    |
B_i[3][3][2]   | C_o[3][3][2]   |     4.652 | SLOW    |     2.427 | FAST    |
B_i[3][3][2]   | C_o[3][3][3]   |     4.948 | SLOW    |     2.423 | FAST    |
B_i[3][3][3]   | C_o[0][3][3]   |     4.915 | SLOW    |     2.575 | FAST    |
B_i[3][3][3]   | C_o[1][3][3]   |     4.915 | SLOW    |     2.575 | FAST    |
B_i[3][3][3]   | C_o[2][3][3]   |     4.915 | SLOW    |     2.575 | FAST    |
B_i[3][3][3]   | C_o[3][3][3]   |     4.915 | SLOW    |     2.575 | FAST    |
S_A_i[0][0][0] | S_C_o[0][0][0] |     4.261 | SLOW    |     2.209 | FAST    |
S_A_i[0][0][0] | S_C_o[0][0][1] |     4.278 | SLOW    |     2.215 | FAST    |
S_A_i[0][0][0] | S_C_o[0][0][2] |     4.288 | SLOW    |     2.218 | FAST    |
S_A_i[0][0][0] | S_C_o[0][0][3] |     4.462 | SLOW    |     2.312 | FAST    |
S_A_i[0][0][0] | S_C_o[0][0][4] |     4.462 | SLOW    |     2.312 | FAST    |
S_A_i[0][0][0] | S_C_o[0][0][5] |     4.690 | SLOW    |     2.437 | FAST    |
S_A_i[0][0][0] | S_C_o[0][0][6] |     4.712 | SLOW    |     2.451 | FAST    |
S_A_i[0][0][0] | S_C_o[0][0][7] |     4.777 | SLOW    |     2.488 | FAST    |
S_A_i[0][0][0] | S_C_o[0][1][0] |     4.261 | SLOW    |     2.209 | FAST    |
S_A_i[0][0][0] | S_C_o[0][1][1] |     4.278 | SLOW    |     2.215 | FAST    |
S_A_i[0][0][0] | S_C_o[0][1][2] |     4.288 | SLOW    |     2.218 | FAST    |
S_A_i[0][0][0] | S_C_o[0][1][3] |     4.462 | SLOW    |     2.312 | FAST    |
S_A_i[0][0][0] | S_C_o[0][1][4] |     4.462 | SLOW    |     2.312 | FAST    |
S_A_i[0][0][0] | S_C_o[0][1][5] |     4.690 | SLOW    |     2.437 | FAST    |
S_A_i[0][0][0] | S_C_o[0][1][6] |     4.712 | SLOW    |     2.451 | FAST    |
S_A_i[0][0][0] | S_C_o[0][1][7] |     4.777 | SLOW    |     2.488 | FAST    |
S_A_i[0][0][0] | S_C_o[0][2][0] |     4.261 | SLOW    |     2.209 | FAST    |
S_A_i[0][0][0] | S_C_o[0][2][1] |     4.278 | SLOW    |     2.215 | FAST    |
S_A_i[0][0][0] | S_C_o[0][2][2] |     4.288 | SLOW    |     2.218 | FAST    |
S_A_i[0][0][0] | S_C_o[0][2][3] |     4.462 | SLOW    |     2.312 | FAST    |
S_A_i[0][0][0] | S_C_o[0][2][4] |     4.462 | SLOW    |     2.312 | FAST    |
S_A_i[0][0][0] | S_C_o[0][2][5] |     4.690 | SLOW    |     2.437 | FAST    |
S_A_i[0][0][0] | S_C_o[0][2][6] |     4.712 | SLOW    |     2.451 | FAST    |
S_A_i[0][0][0] | S_C_o[0][2][7] |     4.777 | SLOW    |     2.488 | FAST    |
S_A_i[0][0][0] | S_C_o[0][3][0] |     4.261 | SLOW    |     2.209 | FAST    |
S_A_i[0][0][0] | S_C_o[0][3][1] |     4.278 | SLOW    |     2.215 | FAST    |
S_A_i[0][0][0] | S_C_o[0][3][2] |     4.288 | SLOW    |     2.218 | FAST    |
S_A_i[0][0][0] | S_C_o[0][3][3] |     4.462 | SLOW    |     2.312 | FAST    |
S_A_i[0][0][0] | S_C_o[0][3][4] |     4.462 | SLOW    |     2.312 | FAST    |
S_A_i[0][0][0] | S_C_o[0][3][5] |     4.690 | SLOW    |     2.437 | FAST    |
S_A_i[0][0][0] | S_C_o[0][3][6] |     4.712 | SLOW    |     2.451 | FAST    |
S_A_i[0][0][0] | S_C_o[0][3][7] |     4.777 | SLOW    |     2.488 | FAST    |
S_A_i[0][0][1] | S_C_o[0][0][1] |     4.286 | SLOW    |     2.226 | FAST    |
S_A_i[0][0][1] | S_C_o[0][0][2] |     4.282 | SLOW    |     2.215 | FAST    |
S_A_i[0][0][1] | S_C_o[0][0][3] |     4.461 | SLOW    |     2.317 | FAST    |
S_A_i[0][0][1] | S_C_o[0][0][4] |     4.461 | SLOW    |     2.317 | FAST    |
S_A_i[0][0][1] | S_C_o[0][0][5] |     4.689 | SLOW    |     2.442 | FAST    |
S_A_i[0][0][1] | S_C_o[0][0][6] |     4.711 | SLOW    |     2.456 | FAST    |
S_A_i[0][0][1] | S_C_o[0][0][7] |     4.776 | SLOW    |     2.493 | FAST    |
S_A_i[0][0][1] | S_C_o[0][1][1] |     4.286 | SLOW    |     2.226 | FAST    |
S_A_i[0][0][1] | S_C_o[0][1][2] |     4.282 | SLOW    |     2.215 | FAST    |
S_A_i[0][0][1] | S_C_o[0][1][3] |     4.461 | SLOW    |     2.317 | FAST    |
S_A_i[0][0][1] | S_C_o[0][1][4] |     4.461 | SLOW    |     2.317 | FAST    |
S_A_i[0][0][1] | S_C_o[0][1][5] |     4.689 | SLOW    |     2.442 | FAST    |
S_A_i[0][0][1] | S_C_o[0][1][6] |     4.711 | SLOW    |     2.456 | FAST    |
S_A_i[0][0][1] | S_C_o[0][1][7] |     4.776 | SLOW    |     2.493 | FAST    |
S_A_i[0][0][1] | S_C_o[0][2][1] |     4.286 | SLOW    |     2.226 | FAST    |
S_A_i[0][0][1] | S_C_o[0][2][2] |     4.282 | SLOW    |     2.215 | FAST    |
S_A_i[0][0][1] | S_C_o[0][2][3] |     4.461 | SLOW    |     2.317 | FAST    |
S_A_i[0][0][1] | S_C_o[0][2][4] |     4.461 | SLOW    |     2.317 | FAST    |
S_A_i[0][0][1] | S_C_o[0][2][5] |     4.689 | SLOW    |     2.442 | FAST    |
S_A_i[0][0][1] | S_C_o[0][2][6] |     4.711 | SLOW    |     2.456 | FAST    |
S_A_i[0][0][1] | S_C_o[0][2][7] |     4.776 | SLOW    |     2.493 | FAST    |
S_A_i[0][0][1] | S_C_o[0][3][1] |     4.286 | SLOW    |     2.226 | FAST    |
S_A_i[0][0][1] | S_C_o[0][3][2] |     4.282 | SLOW    |     2.215 | FAST    |
S_A_i[0][0][1] | S_C_o[0][3][3] |     4.461 | SLOW    |     2.317 | FAST    |
S_A_i[0][0][1] | S_C_o[0][3][4] |     4.461 | SLOW    |     2.317 | FAST    |
S_A_i[0][0][1] | S_C_o[0][3][5] |     4.689 | SLOW    |     2.442 | FAST    |
S_A_i[0][0][1] | S_C_o[0][3][6] |     4.711 | SLOW    |     2.456 | FAST    |
S_A_i[0][0][1] | S_C_o[0][3][7] |     4.776 | SLOW    |     2.493 | FAST    |
S_A_i[0][0][2] | S_C_o[0][0][2] |     4.246 | SLOW    |     2.201 | FAST    |
S_A_i[0][0][2] | S_C_o[0][0][3] |     4.479 | SLOW    |     2.321 | FAST    |
S_A_i[0][0][2] | S_C_o[0][0][4] |     4.479 | SLOW    |     2.321 | FAST    |
S_A_i[0][0][2] | S_C_o[0][0][5] |     4.707 | SLOW    |     2.446 | FAST    |
S_A_i[0][0][2] | S_C_o[0][0][6] |     4.729 | SLOW    |     2.460 | FAST    |
S_A_i[0][0][2] | S_C_o[0][0][7] |     4.794 | SLOW    |     2.497 | FAST    |
S_A_i[0][0][2] | S_C_o[0][1][2] |     4.246 | SLOW    |     2.201 | FAST    |
S_A_i[0][0][2] | S_C_o[0][1][3] |     4.479 | SLOW    |     2.321 | FAST    |
S_A_i[0][0][2] | S_C_o[0][1][4] |     4.479 | SLOW    |     2.321 | FAST    |
S_A_i[0][0][2] | S_C_o[0][1][5] |     4.707 | SLOW    |     2.446 | FAST    |
S_A_i[0][0][2] | S_C_o[0][1][6] |     4.729 | SLOW    |     2.460 | FAST    |
S_A_i[0][0][2] | S_C_o[0][1][7] |     4.794 | SLOW    |     2.497 | FAST    |
S_A_i[0][0][2] | S_C_o[0][2][2] |     4.246 | SLOW    |     2.201 | FAST    |
S_A_i[0][0][2] | S_C_o[0][2][3] |     4.479 | SLOW    |     2.321 | FAST    |
S_A_i[0][0][2] | S_C_o[0][2][4] |     4.479 | SLOW    |     2.321 | FAST    |
S_A_i[0][0][2] | S_C_o[0][2][5] |     4.707 | SLOW    |     2.446 | FAST    |
S_A_i[0][0][2] | S_C_o[0][2][6] |     4.729 | SLOW    |     2.460 | FAST    |
S_A_i[0][0][2] | S_C_o[0][2][7] |     4.794 | SLOW    |     2.497 | FAST    |
S_A_i[0][0][2] | S_C_o[0][3][2] |     4.246 | SLOW    |     2.201 | FAST    |
S_A_i[0][0][2] | S_C_o[0][3][3] |     4.479 | SLOW    |     2.321 | FAST    |
S_A_i[0][0][2] | S_C_o[0][3][4] |     4.479 | SLOW    |     2.321 | FAST    |
S_A_i[0][0][2] | S_C_o[0][3][5] |     4.707 | SLOW    |     2.446 | FAST    |
S_A_i[0][0][2] | S_C_o[0][3][6] |     4.729 | SLOW    |     2.460 | FAST    |
S_A_i[0][0][2] | S_C_o[0][3][7] |     4.794 | SLOW    |     2.497 | FAST    |
S_A_i[0][0][3] | S_C_o[0][0][3] |     4.255 | SLOW    |     2.206 | FAST    |
S_A_i[0][0][3] | S_C_o[0][0][4] |     4.250 | SLOW    |     2.198 | FAST    |
S_A_i[0][0][3] | S_C_o[0][0][5] |     4.492 | SLOW    |     2.337 | FAST    |
S_A_i[0][0][3] | S_C_o[0][0][6] |     4.514 | SLOW    |     2.351 | FAST    |
S_A_i[0][0][3] | S_C_o[0][0][7] |     4.579 | SLOW    |     2.388 | FAST    |
S_A_i[0][0][3] | S_C_o[0][1][3] |     4.255 | SLOW    |     2.206 | FAST    |
S_A_i[0][0][3] | S_C_o[0][1][4] |     4.250 | SLOW    |     2.198 | FAST    |
S_A_i[0][0][3] | S_C_o[0][1][5] |     4.492 | SLOW    |     2.337 | FAST    |
S_A_i[0][0][3] | S_C_o[0][1][6] |     4.514 | SLOW    |     2.351 | FAST    |
S_A_i[0][0][3] | S_C_o[0][1][7] |     4.579 | SLOW    |     2.388 | FAST    |
S_A_i[0][0][3] | S_C_o[0][2][3] |     4.255 | SLOW    |     2.206 | FAST    |
S_A_i[0][0][3] | S_C_o[0][2][4] |     4.250 | SLOW    |     2.198 | FAST    |
S_A_i[0][0][3] | S_C_o[0][2][5] |     4.492 | SLOW    |     2.337 | FAST    |
S_A_i[0][0][3] | S_C_o[0][2][6] |     4.514 | SLOW    |     2.351 | FAST    |
S_A_i[0][0][3] | S_C_o[0][2][7] |     4.579 | SLOW    |     2.388 | FAST    |
S_A_i[0][0][3] | S_C_o[0][3][3] |     4.255 | SLOW    |     2.206 | FAST    |
S_A_i[0][0][3] | S_C_o[0][3][4] |     4.250 | SLOW    |     2.198 | FAST    |
S_A_i[0][0][3] | S_C_o[0][3][5] |     4.492 | SLOW    |     2.337 | FAST    |
S_A_i[0][0][3] | S_C_o[0][3][6] |     4.514 | SLOW    |     2.351 | FAST    |
S_A_i[0][0][3] | S_C_o[0][3][7] |     4.579 | SLOW    |     2.388 | FAST    |
S_A_i[0][0][4] | S_C_o[0][0][4] |     4.246 | SLOW    |     2.201 | FAST    |
S_A_i[0][0][4] | S_C_o[0][0][5] |     4.469 | SLOW    |     2.318 | FAST    |
S_A_i[0][0][4] | S_C_o[0][0][6] |     4.491 | SLOW    |     2.332 | FAST    |
S_A_i[0][0][4] | S_C_o[0][0][7] |     4.556 | SLOW    |     2.369 | FAST    |
S_A_i[0][0][4] | S_C_o[0][1][4] |     4.246 | SLOW    |     2.201 | FAST    |
S_A_i[0][0][4] | S_C_o[0][1][5] |     4.469 | SLOW    |     2.318 | FAST    |
S_A_i[0][0][4] | S_C_o[0][1][6] |     4.491 | SLOW    |     2.332 | FAST    |
S_A_i[0][0][4] | S_C_o[0][1][7] |     4.556 | SLOW    |     2.369 | FAST    |
S_A_i[0][0][4] | S_C_o[0][2][4] |     4.246 | SLOW    |     2.201 | FAST    |
S_A_i[0][0][4] | S_C_o[0][2][5] |     4.469 | SLOW    |     2.318 | FAST    |
S_A_i[0][0][4] | S_C_o[0][2][6] |     4.491 | SLOW    |     2.332 | FAST    |
S_A_i[0][0][4] | S_C_o[0][2][7] |     4.556 | SLOW    |     2.369 | FAST    |
S_A_i[0][0][4] | S_C_o[0][3][4] |     4.246 | SLOW    |     2.201 | FAST    |
S_A_i[0][0][4] | S_C_o[0][3][5] |     4.469 | SLOW    |     2.318 | FAST    |
S_A_i[0][0][4] | S_C_o[0][3][6] |     4.491 | SLOW    |     2.332 | FAST    |
S_A_i[0][0][4] | S_C_o[0][3][7] |     4.556 | SLOW    |     2.369 | FAST    |
S_A_i[0][0][5] | S_C_o[0][0][5] |     4.255 | SLOW    |     2.206 | FAST    |
S_A_i[0][0][5] | S_C_o[0][0][6] |     4.272 | SLOW    |     2.212 | FAST    |
S_A_i[0][0][5] | S_C_o[0][0][7] |     4.282 | SLOW    |     2.215 | FAST    |
S_A_i[0][0][5] | S_C_o[0][1][5] |     4.255 | SLOW    |     2.206 | FAST    |
S_A_i[0][0][5] | S_C_o[0][1][6] |     4.272 | SLOW    |     2.212 | FAST    |
S_A_i[0][0][5] | S_C_o[0][1][7] |     4.282 | SLOW    |     2.215 | FAST    |
S_A_i[0][0][5] | S_C_o[0][2][5] |     4.255 | SLOW    |     2.206 | FAST    |
S_A_i[0][0][5] | S_C_o[0][2][6] |     4.272 | SLOW    |     2.212 | FAST    |
S_A_i[0][0][5] | S_C_o[0][2][7] |     4.282 | SLOW    |     2.215 | FAST    |
S_A_i[0][0][5] | S_C_o[0][3][5] |     4.255 | SLOW    |     2.206 | FAST    |
S_A_i[0][0][5] | S_C_o[0][3][6] |     4.272 | SLOW    |     2.212 | FAST    |
S_A_i[0][0][5] | S_C_o[0][3][7] |     4.282 | SLOW    |     2.215 | FAST    |
S_A_i[0][0][6] | S_C_o[0][0][6] |     4.277 | SLOW    |     2.221 | FAST    |
S_A_i[0][0][6] | S_C_o[0][0][7] |     4.241 | SLOW    |     2.193 | FAST    |
S_A_i[0][0][6] | S_C_o[0][1][6] |     4.277 | SLOW    |     2.221 | FAST    |
S_A_i[0][0][6] | S_C_o[0][1][7] |     4.241 | SLOW    |     2.193 | FAST    |
S_A_i[0][0][6] | S_C_o[0][2][6] |     4.277 | SLOW    |     2.221 | FAST    |
S_A_i[0][0][6] | S_C_o[0][2][7] |     4.241 | SLOW    |     2.193 | FAST    |
S_A_i[0][0][6] | S_C_o[0][3][6] |     4.277 | SLOW    |     2.221 | FAST    |
S_A_i[0][0][6] | S_C_o[0][3][7] |     4.241 | SLOW    |     2.193 | FAST    |
S_A_i[0][0][7] | S_C_o[0][0][7] |     4.428 | SLOW    |     2.306 | FAST    |
S_A_i[0][0][7] | S_C_o[0][1][7] |     4.459 | SLOW    |     2.326 | FAST    |
S_A_i[0][0][7] | S_C_o[0][2][7] |     4.428 | SLOW    |     2.306 | FAST    |
S_A_i[0][0][7] | S_C_o[0][3][7] |     4.459 | SLOW    |     2.326 | FAST    |
S_A_i[1][0][0] | S_C_o[1][0][0] |     4.261 | SLOW    |     2.209 | FAST    |
S_A_i[1][0][0] | S_C_o[1][0][1] |     4.278 | SLOW    |     2.215 | FAST    |
S_A_i[1][0][0] | S_C_o[1][0][2] |     4.288 | SLOW    |     2.218 | FAST    |
S_A_i[1][0][0] | S_C_o[1][0][3] |     4.484 | SLOW    |     2.326 | FAST    |
S_A_i[1][0][0] | S_C_o[1][0][4] |     4.462 | SLOW    |     2.312 | FAST    |
S_A_i[1][0][0] | S_C_o[1][0][5] |     4.690 | SLOW    |     2.437 | FAST    |
S_A_i[1][0][0] | S_C_o[1][0][6] |     4.712 | SLOW    |     2.451 | FAST    |
S_A_i[1][0][0] | S_C_o[1][0][7] |     4.777 | SLOW    |     2.488 | FAST    |
S_A_i[1][0][0] | S_C_o[1][1][0] |     4.261 | SLOW    |     2.209 | FAST    |
S_A_i[1][0][0] | S_C_o[1][1][1] |     4.278 | SLOW    |     2.215 | FAST    |
S_A_i[1][0][0] | S_C_o[1][1][2] |     4.288 | SLOW    |     2.218 | FAST    |
S_A_i[1][0][0] | S_C_o[1][1][3] |     4.484 | SLOW    |     2.326 | FAST    |
S_A_i[1][0][0] | S_C_o[1][1][4] |     4.462 | SLOW    |     2.312 | FAST    |
S_A_i[1][0][0] | S_C_o[1][1][5] |     4.690 | SLOW    |     2.437 | FAST    |
S_A_i[1][0][0] | S_C_o[1][1][6] |     4.712 | SLOW    |     2.451 | FAST    |
S_A_i[1][0][0] | S_C_o[1][1][7] |     4.777 | SLOW    |     2.488 | FAST    |
S_A_i[1][0][0] | S_C_o[1][2][0] |     4.261 | SLOW    |     2.209 | FAST    |
S_A_i[1][0][0] | S_C_o[1][2][1] |     4.278 | SLOW    |     2.215 | FAST    |
S_A_i[1][0][0] | S_C_o[1][2][2] |     4.288 | SLOW    |     2.218 | FAST    |
S_A_i[1][0][0] | S_C_o[1][2][3] |     4.484 | SLOW    |     2.326 | FAST    |
S_A_i[1][0][0] | S_C_o[1][2][4] |     4.462 | SLOW    |     2.312 | FAST    |
S_A_i[1][0][0] | S_C_o[1][2][5] |     4.690 | SLOW    |     2.437 | FAST    |
S_A_i[1][0][0] | S_C_o[1][2][6] |     4.712 | SLOW    |     2.451 | FAST    |
S_A_i[1][0][0] | S_C_o[1][2][7] |     4.777 | SLOW    |     2.488 | FAST    |
S_A_i[1][0][0] | S_C_o[1][3][0] |     4.261 | SLOW    |     2.209 | FAST    |
S_A_i[1][0][0] | S_C_o[1][3][1] |     4.278 | SLOW    |     2.215 | FAST    |
S_A_i[1][0][0] | S_C_o[1][3][2] |     4.288 | SLOW    |     2.218 | FAST    |
S_A_i[1][0][0] | S_C_o[1][3][3] |     4.484 | SLOW    |     2.326 | FAST    |
S_A_i[1][0][0] | S_C_o[1][3][4] |     4.462 | SLOW    |     2.312 | FAST    |
S_A_i[1][0][0] | S_C_o[1][3][5] |     4.690 | SLOW    |     2.437 | FAST    |
S_A_i[1][0][0] | S_C_o[1][3][6] |     4.712 | SLOW    |     2.451 | FAST    |
S_A_i[1][0][0] | S_C_o[1][3][7] |     4.777 | SLOW    |     2.488 | FAST    |
S_A_i[1][0][1] | S_C_o[1][0][1] |     4.286 | SLOW    |     2.226 | FAST    |
S_A_i[1][0][1] | S_C_o[1][0][2] |     4.282 | SLOW    |     2.215 | FAST    |
S_A_i[1][0][1] | S_C_o[1][0][3] |     4.483 | SLOW    |     2.331 | FAST    |
S_A_i[1][0][1] | S_C_o[1][0][4] |     4.461 | SLOW    |     2.317 | FAST    |
S_A_i[1][0][1] | S_C_o[1][0][5] |     4.689 | SLOW    |     2.442 | FAST    |
S_A_i[1][0][1] | S_C_o[1][0][6] |     4.711 | SLOW    |     2.456 | FAST    |
S_A_i[1][0][1] | S_C_o[1][0][7] |     4.776 | SLOW    |     2.493 | FAST    |
S_A_i[1][0][1] | S_C_o[1][1][1] |     4.286 | SLOW    |     2.226 | FAST    |
S_A_i[1][0][1] | S_C_o[1][1][2] |     4.282 | SLOW    |     2.215 | FAST    |
S_A_i[1][0][1] | S_C_o[1][1][3] |     4.483 | SLOW    |     2.331 | FAST    |
S_A_i[1][0][1] | S_C_o[1][1][4] |     4.461 | SLOW    |     2.317 | FAST    |
S_A_i[1][0][1] | S_C_o[1][1][5] |     4.689 | SLOW    |     2.442 | FAST    |
S_A_i[1][0][1] | S_C_o[1][1][6] |     4.711 | SLOW    |     2.456 | FAST    |
S_A_i[1][0][1] | S_C_o[1][1][7] |     4.776 | SLOW    |     2.493 | FAST    |
S_A_i[1][0][1] | S_C_o[1][2][1] |     4.286 | SLOW    |     2.226 | FAST    |
S_A_i[1][0][1] | S_C_o[1][2][2] |     4.282 | SLOW    |     2.215 | FAST    |
S_A_i[1][0][1] | S_C_o[1][2][3] |     4.483 | SLOW    |     2.331 | FAST    |
S_A_i[1][0][1] | S_C_o[1][2][4] |     4.461 | SLOW    |     2.317 | FAST    |
S_A_i[1][0][1] | S_C_o[1][2][5] |     4.689 | SLOW    |     2.442 | FAST    |
S_A_i[1][0][1] | S_C_o[1][2][6] |     4.711 | SLOW    |     2.456 | FAST    |
S_A_i[1][0][1] | S_C_o[1][2][7] |     4.776 | SLOW    |     2.493 | FAST    |
S_A_i[1][0][1] | S_C_o[1][3][1] |     4.286 | SLOW    |     2.226 | FAST    |
S_A_i[1][0][1] | S_C_o[1][3][2] |     4.282 | SLOW    |     2.215 | FAST    |
S_A_i[1][0][1] | S_C_o[1][3][3] |     4.483 | SLOW    |     2.331 | FAST    |
S_A_i[1][0][1] | S_C_o[1][3][4] |     4.461 | SLOW    |     2.317 | FAST    |
S_A_i[1][0][1] | S_C_o[1][3][5] |     4.689 | SLOW    |     2.442 | FAST    |
S_A_i[1][0][1] | S_C_o[1][3][6] |     4.711 | SLOW    |     2.456 | FAST    |
S_A_i[1][0][1] | S_C_o[1][3][7] |     4.776 | SLOW    |     2.493 | FAST    |
S_A_i[1][0][2] | S_C_o[1][0][2] |     4.246 | SLOW    |     2.201 | FAST    |
S_A_i[1][0][2] | S_C_o[1][0][3] |     4.501 | SLOW    |     2.335 | FAST    |
S_A_i[1][0][2] | S_C_o[1][0][4] |     4.479 | SLOW    |     2.321 | FAST    |
S_A_i[1][0][2] | S_C_o[1][0][5] |     4.707 | SLOW    |     2.446 | FAST    |
S_A_i[1][0][2] | S_C_o[1][0][6] |     4.729 | SLOW    |     2.460 | FAST    |
S_A_i[1][0][2] | S_C_o[1][0][7] |     4.794 | SLOW    |     2.497 | FAST    |
S_A_i[1][0][2] | S_C_o[1][1][2] |     4.246 | SLOW    |     2.201 | FAST    |
S_A_i[1][0][2] | S_C_o[1][1][3] |     4.501 | SLOW    |     2.335 | FAST    |
S_A_i[1][0][2] | S_C_o[1][1][4] |     4.479 | SLOW    |     2.321 | FAST    |
S_A_i[1][0][2] | S_C_o[1][1][5] |     4.707 | SLOW    |     2.446 | FAST    |
S_A_i[1][0][2] | S_C_o[1][1][6] |     4.729 | SLOW    |     2.460 | FAST    |
S_A_i[1][0][2] | S_C_o[1][1][7] |     4.794 | SLOW    |     2.497 | FAST    |
S_A_i[1][0][2] | S_C_o[1][2][2] |     4.246 | SLOW    |     2.201 | FAST    |
S_A_i[1][0][2] | S_C_o[1][2][3] |     4.501 | SLOW    |     2.335 | FAST    |
S_A_i[1][0][2] | S_C_o[1][2][4] |     4.479 | SLOW    |     2.321 | FAST    |
S_A_i[1][0][2] | S_C_o[1][2][5] |     4.707 | SLOW    |     2.446 | FAST    |
S_A_i[1][0][2] | S_C_o[1][2][6] |     4.729 | SLOW    |     2.460 | FAST    |
S_A_i[1][0][2] | S_C_o[1][2][7] |     4.794 | SLOW    |     2.497 | FAST    |
S_A_i[1][0][2] | S_C_o[1][3][2] |     4.246 | SLOW    |     2.201 | FAST    |
S_A_i[1][0][2] | S_C_o[1][3][3] |     4.501 | SLOW    |     2.335 | FAST    |
S_A_i[1][0][2] | S_C_o[1][3][4] |     4.479 | SLOW    |     2.321 | FAST    |
S_A_i[1][0][2] | S_C_o[1][3][5] |     4.707 | SLOW    |     2.446 | FAST    |
S_A_i[1][0][2] | S_C_o[1][3][6] |     4.729 | SLOW    |     2.460 | FAST    |
S_A_i[1][0][2] | S_C_o[1][3][7] |     4.794 | SLOW    |     2.497 | FAST    |
S_A_i[1][0][3] | S_C_o[1][0][3] |     4.286 | SLOW    |     2.226 | FAST    |
S_A_i[1][0][3] | S_C_o[1][0][4] |     4.250 | SLOW    |     2.198 | FAST    |
S_A_i[1][0][3] | S_C_o[1][0][5] |     4.492 | SLOW    |     2.337 | FAST    |
S_A_i[1][0][3] | S_C_o[1][0][6] |     4.514 | SLOW    |     2.351 | FAST    |
S_A_i[1][0][3] | S_C_o[1][0][7] |     4.579 | SLOW    |     2.388 | FAST    |
S_A_i[1][0][3] | S_C_o[1][1][3] |     4.286 | SLOW    |     2.226 | FAST    |
S_A_i[1][0][3] | S_C_o[1][1][4] |     4.250 | SLOW    |     2.198 | FAST    |
S_A_i[1][0][3] | S_C_o[1][1][5] |     4.492 | SLOW    |     2.337 | FAST    |
S_A_i[1][0][3] | S_C_o[1][1][6] |     4.514 | SLOW    |     2.351 | FAST    |
S_A_i[1][0][3] | S_C_o[1][1][7] |     4.579 | SLOW    |     2.388 | FAST    |
S_A_i[1][0][3] | S_C_o[1][2][3] |     4.286 | SLOW    |     2.226 | FAST    |
S_A_i[1][0][3] | S_C_o[1][2][4] |     4.250 | SLOW    |     2.198 | FAST    |
S_A_i[1][0][3] | S_C_o[1][2][5] |     4.492 | SLOW    |     2.337 | FAST    |
S_A_i[1][0][3] | S_C_o[1][2][6] |     4.514 | SLOW    |     2.351 | FAST    |
S_A_i[1][0][3] | S_C_o[1][2][7] |     4.579 | SLOW    |     2.388 | FAST    |
S_A_i[1][0][3] | S_C_o[1][3][3] |     4.286 | SLOW    |     2.226 | FAST    |
S_A_i[1][0][3] | S_C_o[1][3][4] |     4.250 | SLOW    |     2.198 | FAST    |
S_A_i[1][0][3] | S_C_o[1][3][5] |     4.492 | SLOW    |     2.337 | FAST    |
S_A_i[1][0][3] | S_C_o[1][3][6] |     4.514 | SLOW    |     2.351 | FAST    |
S_A_i[1][0][3] | S_C_o[1][3][7] |     4.579 | SLOW    |     2.388 | FAST    |
S_A_i[1][0][4] | S_C_o[1][0][4] |     4.246 | SLOW    |     2.201 | FAST    |
S_A_i[1][0][4] | S_C_o[1][0][5] |     4.469 | SLOW    |     2.318 | FAST    |
S_A_i[1][0][4] | S_C_o[1][0][6] |     4.491 | SLOW    |     2.332 | FAST    |
S_A_i[1][0][4] | S_C_o[1][0][7] |     4.556 | SLOW    |     2.369 | FAST    |
S_A_i[1][0][4] | S_C_o[1][1][4] |     4.246 | SLOW    |     2.201 | FAST    |
S_A_i[1][0][4] | S_C_o[1][1][5] |     4.469 | SLOW    |     2.318 | FAST    |
S_A_i[1][0][4] | S_C_o[1][1][6] |     4.491 | SLOW    |     2.332 | FAST    |
S_A_i[1][0][4] | S_C_o[1][1][7] |     4.556 | SLOW    |     2.369 | FAST    |
S_A_i[1][0][4] | S_C_o[1][2][4] |     4.246 | SLOW    |     2.201 | FAST    |
S_A_i[1][0][4] | S_C_o[1][2][5] |     4.469 | SLOW    |     2.318 | FAST    |
S_A_i[1][0][4] | S_C_o[1][2][6] |     4.491 | SLOW    |     2.332 | FAST    |
S_A_i[1][0][4] | S_C_o[1][2][7] |     4.556 | SLOW    |     2.369 | FAST    |
S_A_i[1][0][4] | S_C_o[1][3][4] |     4.246 | SLOW    |     2.201 | FAST    |
S_A_i[1][0][4] | S_C_o[1][3][5] |     4.469 | SLOW    |     2.318 | FAST    |
S_A_i[1][0][4] | S_C_o[1][3][6] |     4.491 | SLOW    |     2.332 | FAST    |
S_A_i[1][0][4] | S_C_o[1][3][7] |     4.556 | SLOW    |     2.369 | FAST    |
S_A_i[1][0][5] | S_C_o[1][0][5] |     4.255 | SLOW    |     2.206 | FAST    |
S_A_i[1][0][5] | S_C_o[1][0][6] |     4.272 | SLOW    |     2.212 | FAST    |
S_A_i[1][0][5] | S_C_o[1][0][7] |     4.282 | SLOW    |     2.215 | FAST    |
S_A_i[1][0][5] | S_C_o[1][1][5] |     4.255 | SLOW    |     2.206 | FAST    |
S_A_i[1][0][5] | S_C_o[1][1][6] |     4.272 | SLOW    |     2.212 | FAST    |
S_A_i[1][0][5] | S_C_o[1][1][7] |     4.282 | SLOW    |     2.215 | FAST    |
S_A_i[1][0][5] | S_C_o[1][2][5] |     4.255 | SLOW    |     2.206 | FAST    |
S_A_i[1][0][5] | S_C_o[1][2][6] |     4.272 | SLOW    |     2.212 | FAST    |
S_A_i[1][0][5] | S_C_o[1][2][7] |     4.282 | SLOW    |     2.215 | FAST    |
S_A_i[1][0][5] | S_C_o[1][3][5] |     4.255 | SLOW    |     2.206 | FAST    |
S_A_i[1][0][5] | S_C_o[1][3][6] |     4.272 | SLOW    |     2.212 | FAST    |
S_A_i[1][0][5] | S_C_o[1][3][7] |     4.282 | SLOW    |     2.215 | FAST    |
S_A_i[1][0][6] | S_C_o[1][0][6] |     4.277 | SLOW    |     2.221 | FAST    |
S_A_i[1][0][6] | S_C_o[1][0][7] |     4.241 | SLOW    |     2.193 | FAST    |
S_A_i[1][0][6] | S_C_o[1][1][6] |     4.277 | SLOW    |     2.221 | FAST    |
S_A_i[1][0][6] | S_C_o[1][1][7] |     4.241 | SLOW    |     2.193 | FAST    |
S_A_i[1][0][6] | S_C_o[1][2][6] |     4.277 | SLOW    |     2.221 | FAST    |
S_A_i[1][0][6] | S_C_o[1][2][7] |     4.241 | SLOW    |     2.193 | FAST    |
S_A_i[1][0][6] | S_C_o[1][3][6] |     4.277 | SLOW    |     2.221 | FAST    |
S_A_i[1][0][6] | S_C_o[1][3][7] |     4.241 | SLOW    |     2.193 | FAST    |
S_A_i[1][0][7] | S_C_o[1][0][7] |     4.428 | SLOW    |     2.306 | FAST    |
S_A_i[1][0][7] | S_C_o[1][1][7] |     4.459 | SLOW    |     2.326 | FAST    |
S_A_i[1][0][7] | S_C_o[1][2][7] |     4.428 | SLOW    |     2.306 | FAST    |
S_A_i[1][0][7] | S_C_o[1][3][7] |     4.459 | SLOW    |     2.326 | FAST    |
S_A_i[2][0][0] | S_C_o[2][0][0] |     4.261 | SLOW    |     2.209 | FAST    |
S_A_i[2][0][0] | S_C_o[2][0][1] |     4.278 | SLOW    |     2.215 | FAST    |
S_A_i[2][0][0] | S_C_o[2][0][2] |     4.288 | SLOW    |     2.218 | FAST    |
S_A_i[2][0][0] | S_C_o[2][0][3] |     4.462 | SLOW    |     2.312 | FAST    |
S_A_i[2][0][0] | S_C_o[2][0][4] |     4.462 | SLOW    |     2.312 | FAST    |
S_A_i[2][0][0] | S_C_o[2][0][5] |     4.690 | SLOW    |     2.437 | FAST    |
S_A_i[2][0][0] | S_C_o[2][0][6] |     4.712 | SLOW    |     2.451 | FAST    |
S_A_i[2][0][0] | S_C_o[2][0][7] |     4.777 | SLOW    |     2.488 | FAST    |
S_A_i[2][0][0] | S_C_o[2][1][0] |     4.261 | SLOW    |     2.209 | FAST    |
S_A_i[2][0][0] | S_C_o[2][1][1] |     4.278 | SLOW    |     2.215 | FAST    |
S_A_i[2][0][0] | S_C_o[2][1][2] |     4.288 | SLOW    |     2.218 | FAST    |
S_A_i[2][0][0] | S_C_o[2][1][3] |     4.462 | SLOW    |     2.312 | FAST    |
S_A_i[2][0][0] | S_C_o[2][1][4] |     4.462 | SLOW    |     2.312 | FAST    |
S_A_i[2][0][0] | S_C_o[2][1][5] |     4.690 | SLOW    |     2.437 | FAST    |
S_A_i[2][0][0] | S_C_o[2][1][6] |     4.712 | SLOW    |     2.451 | FAST    |
S_A_i[2][0][0] | S_C_o[2][1][7] |     4.777 | SLOW    |     2.488 | FAST    |
S_A_i[2][0][0] | S_C_o[2][2][0] |     4.261 | SLOW    |     2.209 | FAST    |
S_A_i[2][0][0] | S_C_o[2][2][1] |     4.278 | SLOW    |     2.215 | FAST    |
S_A_i[2][0][0] | S_C_o[2][2][2] |     4.288 | SLOW    |     2.218 | FAST    |
S_A_i[2][0][0] | S_C_o[2][2][3] |     4.462 | SLOW    |     2.312 | FAST    |
S_A_i[2][0][0] | S_C_o[2][2][4] |     4.462 | SLOW    |     2.312 | FAST    |
S_A_i[2][0][0] | S_C_o[2][2][5] |     4.690 | SLOW    |     2.437 | FAST    |
S_A_i[2][0][0] | S_C_o[2][2][6] |     4.712 | SLOW    |     2.451 | FAST    |
S_A_i[2][0][0] | S_C_o[2][2][7] |     4.777 | SLOW    |     2.488 | FAST    |
S_A_i[2][0][0] | S_C_o[2][3][0] |     4.261 | SLOW    |     2.209 | FAST    |
S_A_i[2][0][0] | S_C_o[2][3][1] |     4.278 | SLOW    |     2.215 | FAST    |
S_A_i[2][0][0] | S_C_o[2][3][2] |     4.288 | SLOW    |     2.218 | FAST    |
S_A_i[2][0][0] | S_C_o[2][3][3] |     4.462 | SLOW    |     2.312 | FAST    |
S_A_i[2][0][0] | S_C_o[2][3][4] |     4.462 | SLOW    |     2.312 | FAST    |
S_A_i[2][0][0] | S_C_o[2][3][5] |     4.690 | SLOW    |     2.437 | FAST    |
S_A_i[2][0][0] | S_C_o[2][3][6] |     4.712 | SLOW    |     2.451 | FAST    |
S_A_i[2][0][0] | S_C_o[2][3][7] |     4.777 | SLOW    |     2.488 | FAST    |
S_A_i[2][0][1] | S_C_o[2][0][1] |     4.286 | SLOW    |     2.226 | FAST    |
S_A_i[2][0][1] | S_C_o[2][0][2] |     4.282 | SLOW    |     2.215 | FAST    |
S_A_i[2][0][1] | S_C_o[2][0][3] |     4.461 | SLOW    |     2.317 | FAST    |
S_A_i[2][0][1] | S_C_o[2][0][4] |     4.461 | SLOW    |     2.317 | FAST    |
S_A_i[2][0][1] | S_C_o[2][0][5] |     4.689 | SLOW    |     2.442 | FAST    |
S_A_i[2][0][1] | S_C_o[2][0][6] |     4.711 | SLOW    |     2.456 | FAST    |
S_A_i[2][0][1] | S_C_o[2][0][7] |     4.776 | SLOW    |     2.493 | FAST    |
S_A_i[2][0][1] | S_C_o[2][1][1] |     4.286 | SLOW    |     2.226 | FAST    |
S_A_i[2][0][1] | S_C_o[2][1][2] |     4.282 | SLOW    |     2.215 | FAST    |
S_A_i[2][0][1] | S_C_o[2][1][3] |     4.461 | SLOW    |     2.317 | FAST    |
S_A_i[2][0][1] | S_C_o[2][1][4] |     4.461 | SLOW    |     2.317 | FAST    |
S_A_i[2][0][1] | S_C_o[2][1][5] |     4.689 | SLOW    |     2.442 | FAST    |
S_A_i[2][0][1] | S_C_o[2][1][6] |     4.711 | SLOW    |     2.456 | FAST    |
S_A_i[2][0][1] | S_C_o[2][1][7] |     4.776 | SLOW    |     2.493 | FAST    |
S_A_i[2][0][1] | S_C_o[2][2][1] |     4.286 | SLOW    |     2.226 | FAST    |
S_A_i[2][0][1] | S_C_o[2][2][2] |     4.282 | SLOW    |     2.215 | FAST    |
S_A_i[2][0][1] | S_C_o[2][2][3] |     4.461 | SLOW    |     2.317 | FAST    |
S_A_i[2][0][1] | S_C_o[2][2][4] |     4.461 | SLOW    |     2.317 | FAST    |
S_A_i[2][0][1] | S_C_o[2][2][5] |     4.689 | SLOW    |     2.442 | FAST    |
S_A_i[2][0][1] | S_C_o[2][2][6] |     4.711 | SLOW    |     2.456 | FAST    |
S_A_i[2][0][1] | S_C_o[2][2][7] |     4.776 | SLOW    |     2.493 | FAST    |
S_A_i[2][0][1] | S_C_o[2][3][1] |     4.286 | SLOW    |     2.226 | FAST    |
S_A_i[2][0][1] | S_C_o[2][3][2] |     4.282 | SLOW    |     2.215 | FAST    |
S_A_i[2][0][1] | S_C_o[2][3][3] |     4.461 | SLOW    |     2.317 | FAST    |
S_A_i[2][0][1] | S_C_o[2][3][4] |     4.461 | SLOW    |     2.317 | FAST    |
S_A_i[2][0][1] | S_C_o[2][3][5] |     4.689 | SLOW    |     2.442 | FAST    |
S_A_i[2][0][1] | S_C_o[2][3][6] |     4.711 | SLOW    |     2.456 | FAST    |
S_A_i[2][0][1] | S_C_o[2][3][7] |     4.776 | SLOW    |     2.493 | FAST    |
S_A_i[2][0][2] | S_C_o[2][0][2] |     4.246 | SLOW    |     2.201 | FAST    |
S_A_i[2][0][2] | S_C_o[2][0][3] |     4.479 | SLOW    |     2.321 | FAST    |
S_A_i[2][0][2] | S_C_o[2][0][4] |     4.479 | SLOW    |     2.321 | FAST    |
S_A_i[2][0][2] | S_C_o[2][0][5] |     4.707 | SLOW    |     2.446 | FAST    |
S_A_i[2][0][2] | S_C_o[2][0][6] |     4.729 | SLOW    |     2.460 | FAST    |
S_A_i[2][0][2] | S_C_o[2][0][7] |     4.794 | SLOW    |     2.497 | FAST    |
S_A_i[2][0][2] | S_C_o[2][1][2] |     4.246 | SLOW    |     2.201 | FAST    |
S_A_i[2][0][2] | S_C_o[2][1][3] |     4.479 | SLOW    |     2.321 | FAST    |
S_A_i[2][0][2] | S_C_o[2][1][4] |     4.479 | SLOW    |     2.321 | FAST    |
S_A_i[2][0][2] | S_C_o[2][1][5] |     4.707 | SLOW    |     2.446 | FAST    |
S_A_i[2][0][2] | S_C_o[2][1][6] |     4.729 | SLOW    |     2.460 | FAST    |
S_A_i[2][0][2] | S_C_o[2][1][7] |     4.794 | SLOW    |     2.497 | FAST    |
S_A_i[2][0][2] | S_C_o[2][2][2] |     4.246 | SLOW    |     2.201 | FAST    |
S_A_i[2][0][2] | S_C_o[2][2][3] |     4.479 | SLOW    |     2.321 | FAST    |
S_A_i[2][0][2] | S_C_o[2][2][4] |     4.479 | SLOW    |     2.321 | FAST    |
S_A_i[2][0][2] | S_C_o[2][2][5] |     4.707 | SLOW    |     2.446 | FAST    |
S_A_i[2][0][2] | S_C_o[2][2][6] |     4.729 | SLOW    |     2.460 | FAST    |
S_A_i[2][0][2] | S_C_o[2][2][7] |     4.794 | SLOW    |     2.497 | FAST    |
S_A_i[2][0][2] | S_C_o[2][3][2] |     4.246 | SLOW    |     2.201 | FAST    |
S_A_i[2][0][2] | S_C_o[2][3][3] |     4.479 | SLOW    |     2.321 | FAST    |
S_A_i[2][0][2] | S_C_o[2][3][4] |     4.479 | SLOW    |     2.321 | FAST    |
S_A_i[2][0][2] | S_C_o[2][3][5] |     4.707 | SLOW    |     2.446 | FAST    |
S_A_i[2][0][2] | S_C_o[2][3][6] |     4.729 | SLOW    |     2.460 | FAST    |
S_A_i[2][0][2] | S_C_o[2][3][7] |     4.794 | SLOW    |     2.497 | FAST    |
S_A_i[2][0][3] | S_C_o[2][0][3] |     4.255 | SLOW    |     2.206 | FAST    |
S_A_i[2][0][3] | S_C_o[2][0][4] |     4.250 | SLOW    |     2.198 | FAST    |
S_A_i[2][0][3] | S_C_o[2][0][5] |     4.492 | SLOW    |     2.337 | FAST    |
S_A_i[2][0][3] | S_C_o[2][0][6] |     4.514 | SLOW    |     2.351 | FAST    |
S_A_i[2][0][3] | S_C_o[2][0][7] |     4.579 | SLOW    |     2.388 | FAST    |
S_A_i[2][0][3] | S_C_o[2][1][3] |     4.255 | SLOW    |     2.206 | FAST    |
S_A_i[2][0][3] | S_C_o[2][1][4] |     4.250 | SLOW    |     2.198 | FAST    |
S_A_i[2][0][3] | S_C_o[2][1][5] |     4.492 | SLOW    |     2.337 | FAST    |
S_A_i[2][0][3] | S_C_o[2][1][6] |     4.514 | SLOW    |     2.351 | FAST    |
S_A_i[2][0][3] | S_C_o[2][1][7] |     4.579 | SLOW    |     2.388 | FAST    |
S_A_i[2][0][3] | S_C_o[2][2][3] |     4.255 | SLOW    |     2.206 | FAST    |
S_A_i[2][0][3] | S_C_o[2][2][4] |     4.250 | SLOW    |     2.198 | FAST    |
S_A_i[2][0][3] | S_C_o[2][2][5] |     4.492 | SLOW    |     2.337 | FAST    |
S_A_i[2][0][3] | S_C_o[2][2][6] |     4.514 | SLOW    |     2.351 | FAST    |
S_A_i[2][0][3] | S_C_o[2][2][7] |     4.579 | SLOW    |     2.388 | FAST    |
S_A_i[2][0][3] | S_C_o[2][3][3] |     4.255 | SLOW    |     2.206 | FAST    |
S_A_i[2][0][3] | S_C_o[2][3][4] |     4.250 | SLOW    |     2.198 | FAST    |
S_A_i[2][0][3] | S_C_o[2][3][5] |     4.492 | SLOW    |     2.337 | FAST    |
S_A_i[2][0][3] | S_C_o[2][3][6] |     4.514 | SLOW    |     2.351 | FAST    |
S_A_i[2][0][3] | S_C_o[2][3][7] |     4.579 | SLOW    |     2.388 | FAST    |
S_A_i[2][0][4] | S_C_o[2][0][4] |     4.246 | SLOW    |     2.201 | FAST    |
S_A_i[2][0][4] | S_C_o[2][0][5] |     4.469 | SLOW    |     2.318 | FAST    |
S_A_i[2][0][4] | S_C_o[2][0][6] |     4.491 | SLOW    |     2.332 | FAST    |
S_A_i[2][0][4] | S_C_o[2][0][7] |     4.556 | SLOW    |     2.369 | FAST    |
S_A_i[2][0][4] | S_C_o[2][1][4] |     4.246 | SLOW    |     2.201 | FAST    |
S_A_i[2][0][4] | S_C_o[2][1][5] |     4.469 | SLOW    |     2.318 | FAST    |
S_A_i[2][0][4] | S_C_o[2][1][6] |     4.491 | SLOW    |     2.332 | FAST    |
S_A_i[2][0][4] | S_C_o[2][1][7] |     4.556 | SLOW    |     2.369 | FAST    |
S_A_i[2][0][4] | S_C_o[2][2][4] |     4.246 | SLOW    |     2.201 | FAST    |
S_A_i[2][0][4] | S_C_o[2][2][5] |     4.469 | SLOW    |     2.318 | FAST    |
S_A_i[2][0][4] | S_C_o[2][2][6] |     4.491 | SLOW    |     2.332 | FAST    |
S_A_i[2][0][4] | S_C_o[2][2][7] |     4.556 | SLOW    |     2.369 | FAST    |
S_A_i[2][0][4] | S_C_o[2][3][4] |     4.246 | SLOW    |     2.201 | FAST    |
S_A_i[2][0][4] | S_C_o[2][3][5] |     4.469 | SLOW    |     2.318 | FAST    |
S_A_i[2][0][4] | S_C_o[2][3][6] |     4.491 | SLOW    |     2.332 | FAST    |
S_A_i[2][0][4] | S_C_o[2][3][7] |     4.556 | SLOW    |     2.369 | FAST    |
S_A_i[2][0][5] | S_C_o[2][0][5] |     4.255 | SLOW    |     2.206 | FAST    |
S_A_i[2][0][5] | S_C_o[2][0][6] |     4.272 | SLOW    |     2.212 | FAST    |
S_A_i[2][0][5] | S_C_o[2][0][7] |     4.282 | SLOW    |     2.215 | FAST    |
S_A_i[2][0][5] | S_C_o[2][1][5] |     4.255 | SLOW    |     2.206 | FAST    |
S_A_i[2][0][5] | S_C_o[2][1][6] |     4.272 | SLOW    |     2.212 | FAST    |
S_A_i[2][0][5] | S_C_o[2][1][7] |     4.282 | SLOW    |     2.215 | FAST    |
S_A_i[2][0][5] | S_C_o[2][2][5] |     4.255 | SLOW    |     2.206 | FAST    |
S_A_i[2][0][5] | S_C_o[2][2][6] |     4.272 | SLOW    |     2.212 | FAST    |
S_A_i[2][0][5] | S_C_o[2][2][7] |     4.282 | SLOW    |     2.215 | FAST    |
S_A_i[2][0][5] | S_C_o[2][3][5] |     4.255 | SLOW    |     2.206 | FAST    |
S_A_i[2][0][5] | S_C_o[2][3][6] |     4.272 | SLOW    |     2.212 | FAST    |
S_A_i[2][0][5] | S_C_o[2][3][7] |     4.282 | SLOW    |     2.215 | FAST    |
S_A_i[2][0][6] | S_C_o[2][0][6] |     4.277 | SLOW    |     2.221 | FAST    |
S_A_i[2][0][6] | S_C_o[2][0][7] |     4.241 | SLOW    |     2.193 | FAST    |
S_A_i[2][0][6] | S_C_o[2][1][6] |     4.277 | SLOW    |     2.221 | FAST    |
S_A_i[2][0][6] | S_C_o[2][1][7] |     4.241 | SLOW    |     2.193 | FAST    |
S_A_i[2][0][6] | S_C_o[2][2][6] |     4.277 | SLOW    |     2.221 | FAST    |
S_A_i[2][0][6] | S_C_o[2][2][7] |     4.241 | SLOW    |     2.193 | FAST    |
S_A_i[2][0][6] | S_C_o[2][3][6] |     4.277 | SLOW    |     2.221 | FAST    |
S_A_i[2][0][6] | S_C_o[2][3][7] |     4.241 | SLOW    |     2.193 | FAST    |
S_A_i[2][0][7] | S_C_o[2][0][7] |     4.428 | SLOW    |     2.306 | FAST    |
S_A_i[2][0][7] | S_C_o[2][1][7] |     4.459 | SLOW    |     2.326 | FAST    |
S_A_i[2][0][7] | S_C_o[2][2][7] |     4.428 | SLOW    |     2.306 | FAST    |
S_A_i[2][0][7] | S_C_o[2][3][7] |     4.459 | SLOW    |     2.326 | FAST    |
S_A_i[3][0][0] | S_C_o[3][0][0] |     4.261 | SLOW    |     2.209 | FAST    |
S_A_i[3][0][0] | S_C_o[3][0][1] |     4.278 | SLOW    |     2.215 | FAST    |
S_A_i[3][0][0] | S_C_o[3][0][2] |     4.288 | SLOW    |     2.218 | FAST    |
S_A_i[3][0][0] | S_C_o[3][0][3] |     4.484 | SLOW    |     2.326 | FAST    |
S_A_i[3][0][0] | S_C_o[3][0][4] |     4.462 | SLOW    |     2.312 | FAST    |
S_A_i[3][0][0] | S_C_o[3][0][5] |     4.690 | SLOW    |     2.437 | FAST    |
S_A_i[3][0][0] | S_C_o[3][0][6] |     4.712 | SLOW    |     2.451 | FAST    |
S_A_i[3][0][0] | S_C_o[3][0][7] |     4.777 | SLOW    |     2.488 | FAST    |
S_A_i[3][0][0] | S_C_o[3][1][0] |     4.261 | SLOW    |     2.209 | FAST    |
S_A_i[3][0][0] | S_C_o[3][1][1] |     4.278 | SLOW    |     2.215 | FAST    |
S_A_i[3][0][0] | S_C_o[3][1][2] |     4.288 | SLOW    |     2.218 | FAST    |
S_A_i[3][0][0] | S_C_o[3][1][3] |     4.484 | SLOW    |     2.326 | FAST    |
S_A_i[3][0][0] | S_C_o[3][1][4] |     4.462 | SLOW    |     2.312 | FAST    |
S_A_i[3][0][0] | S_C_o[3][1][5] |     4.690 | SLOW    |     2.437 | FAST    |
S_A_i[3][0][0] | S_C_o[3][1][6] |     4.712 | SLOW    |     2.451 | FAST    |
S_A_i[3][0][0] | S_C_o[3][1][7] |     4.777 | SLOW    |     2.488 | FAST    |
S_A_i[3][0][0] | S_C_o[3][2][0] |     4.261 | SLOW    |     2.209 | FAST    |
S_A_i[3][0][0] | S_C_o[3][2][1] |     4.278 | SLOW    |     2.215 | FAST    |
S_A_i[3][0][0] | S_C_o[3][2][2] |     4.288 | SLOW    |     2.218 | FAST    |
S_A_i[3][0][0] | S_C_o[3][2][3] |     4.484 | SLOW    |     2.326 | FAST    |
S_A_i[3][0][0] | S_C_o[3][2][4] |     4.462 | SLOW    |     2.312 | FAST    |
S_A_i[3][0][0] | S_C_o[3][2][5] |     4.690 | SLOW    |     2.437 | FAST    |
S_A_i[3][0][0] | S_C_o[3][2][6] |     4.712 | SLOW    |     2.451 | FAST    |
S_A_i[3][0][0] | S_C_o[3][2][7] |     4.777 | SLOW    |     2.488 | FAST    |
S_A_i[3][0][0] | S_C_o[3][3][0] |     4.261 | SLOW    |     2.209 | FAST    |
S_A_i[3][0][0] | S_C_o[3][3][1] |     4.278 | SLOW    |     2.215 | FAST    |
S_A_i[3][0][0] | S_C_o[3][3][2] |     4.288 | SLOW    |     2.218 | FAST    |
S_A_i[3][0][0] | S_C_o[3][3][3] |     4.484 | SLOW    |     2.326 | FAST    |
S_A_i[3][0][0] | S_C_o[3][3][4] |     4.462 | SLOW    |     2.312 | FAST    |
S_A_i[3][0][0] | S_C_o[3][3][5] |     4.690 | SLOW    |     2.437 | FAST    |
S_A_i[3][0][0] | S_C_o[3][3][6] |     4.712 | SLOW    |     2.451 | FAST    |
S_A_i[3][0][0] | S_C_o[3][3][7] |     4.777 | SLOW    |     2.488 | FAST    |
S_A_i[3][0][1] | S_C_o[3][0][1] |     4.286 | SLOW    |     2.226 | FAST    |
S_A_i[3][0][1] | S_C_o[3][0][2] |     4.282 | SLOW    |     2.215 | FAST    |
S_A_i[3][0][1] | S_C_o[3][0][3] |     4.483 | SLOW    |     2.331 | FAST    |
S_A_i[3][0][1] | S_C_o[3][0][4] |     4.461 | SLOW    |     2.317 | FAST    |
S_A_i[3][0][1] | S_C_o[3][0][5] |     4.689 | SLOW    |     2.442 | FAST    |
S_A_i[3][0][1] | S_C_o[3][0][6] |     4.711 | SLOW    |     2.456 | FAST    |
S_A_i[3][0][1] | S_C_o[3][0][7] |     4.776 | SLOW    |     2.493 | FAST    |
S_A_i[3][0][1] | S_C_o[3][1][1] |     4.286 | SLOW    |     2.226 | FAST    |
S_A_i[3][0][1] | S_C_o[3][1][2] |     4.282 | SLOW    |     2.215 | FAST    |
S_A_i[3][0][1] | S_C_o[3][1][3] |     4.483 | SLOW    |     2.331 | FAST    |
S_A_i[3][0][1] | S_C_o[3][1][4] |     4.461 | SLOW    |     2.317 | FAST    |
S_A_i[3][0][1] | S_C_o[3][1][5] |     4.689 | SLOW    |     2.442 | FAST    |
S_A_i[3][0][1] | S_C_o[3][1][6] |     4.711 | SLOW    |     2.456 | FAST    |
S_A_i[3][0][1] | S_C_o[3][1][7] |     4.776 | SLOW    |     2.493 | FAST    |
S_A_i[3][0][1] | S_C_o[3][2][1] |     4.286 | SLOW    |     2.226 | FAST    |
S_A_i[3][0][1] | S_C_o[3][2][2] |     4.282 | SLOW    |     2.215 | FAST    |
S_A_i[3][0][1] | S_C_o[3][2][3] |     4.483 | SLOW    |     2.331 | FAST    |
S_A_i[3][0][1] | S_C_o[3][2][4] |     4.461 | SLOW    |     2.317 | FAST    |
S_A_i[3][0][1] | S_C_o[3][2][5] |     4.689 | SLOW    |     2.442 | FAST    |
S_A_i[3][0][1] | S_C_o[3][2][6] |     4.711 | SLOW    |     2.456 | FAST    |
S_A_i[3][0][1] | S_C_o[3][2][7] |     4.776 | SLOW    |     2.493 | FAST    |
S_A_i[3][0][1] | S_C_o[3][3][1] |     4.286 | SLOW    |     2.226 | FAST    |
S_A_i[3][0][1] | S_C_o[3][3][2] |     4.282 | SLOW    |     2.215 | FAST    |
S_A_i[3][0][1] | S_C_o[3][3][3] |     4.483 | SLOW    |     2.331 | FAST    |
S_A_i[3][0][1] | S_C_o[3][3][4] |     4.461 | SLOW    |     2.317 | FAST    |
S_A_i[3][0][1] | S_C_o[3][3][5] |     4.689 | SLOW    |     2.442 | FAST    |
S_A_i[3][0][1] | S_C_o[3][3][6] |     4.711 | SLOW    |     2.456 | FAST    |
S_A_i[3][0][1] | S_C_o[3][3][7] |     4.776 | SLOW    |     2.493 | FAST    |
S_A_i[3][0][2] | S_C_o[3][0][2] |     4.246 | SLOW    |     2.201 | FAST    |
S_A_i[3][0][2] | S_C_o[3][0][3] |     4.501 | SLOW    |     2.335 | FAST    |
S_A_i[3][0][2] | S_C_o[3][0][4] |     4.479 | SLOW    |     2.321 | FAST    |
S_A_i[3][0][2] | S_C_o[3][0][5] |     4.707 | SLOW    |     2.446 | FAST    |
S_A_i[3][0][2] | S_C_o[3][0][6] |     4.729 | SLOW    |     2.460 | FAST    |
S_A_i[3][0][2] | S_C_o[3][0][7] |     4.794 | SLOW    |     2.497 | FAST    |
S_A_i[3][0][2] | S_C_o[3][1][2] |     4.246 | SLOW    |     2.201 | FAST    |
S_A_i[3][0][2] | S_C_o[3][1][3] |     4.501 | SLOW    |     2.335 | FAST    |
S_A_i[3][0][2] | S_C_o[3][1][4] |     4.479 | SLOW    |     2.321 | FAST    |
S_A_i[3][0][2] | S_C_o[3][1][5] |     4.707 | SLOW    |     2.446 | FAST    |
S_A_i[3][0][2] | S_C_o[3][1][6] |     4.729 | SLOW    |     2.460 | FAST    |
S_A_i[3][0][2] | S_C_o[3][1][7] |     4.794 | SLOW    |     2.497 | FAST    |
S_A_i[3][0][2] | S_C_o[3][2][2] |     4.246 | SLOW    |     2.201 | FAST    |
S_A_i[3][0][2] | S_C_o[3][2][3] |     4.501 | SLOW    |     2.335 | FAST    |
S_A_i[3][0][2] | S_C_o[3][2][4] |     4.479 | SLOW    |     2.321 | FAST    |
S_A_i[3][0][2] | S_C_o[3][2][5] |     4.707 | SLOW    |     2.446 | FAST    |
S_A_i[3][0][2] | S_C_o[3][2][6] |     4.729 | SLOW    |     2.460 | FAST    |
S_A_i[3][0][2] | S_C_o[3][2][7] |     4.794 | SLOW    |     2.497 | FAST    |
S_A_i[3][0][2] | S_C_o[3][3][2] |     4.246 | SLOW    |     2.201 | FAST    |
S_A_i[3][0][2] | S_C_o[3][3][3] |     4.501 | SLOW    |     2.335 | FAST    |
S_A_i[3][0][2] | S_C_o[3][3][4] |     4.479 | SLOW    |     2.321 | FAST    |
S_A_i[3][0][2] | S_C_o[3][3][5] |     4.707 | SLOW    |     2.446 | FAST    |
S_A_i[3][0][2] | S_C_o[3][3][6] |     4.729 | SLOW    |     2.460 | FAST    |
S_A_i[3][0][2] | S_C_o[3][3][7] |     4.794 | SLOW    |     2.497 | FAST    |
S_A_i[3][0][3] | S_C_o[3][0][3] |     4.286 | SLOW    |     2.226 | FAST    |
S_A_i[3][0][3] | S_C_o[3][0][4] |     4.250 | SLOW    |     2.198 | FAST    |
S_A_i[3][0][3] | S_C_o[3][0][5] |     4.492 | SLOW    |     2.337 | FAST    |
S_A_i[3][0][3] | S_C_o[3][0][6] |     4.514 | SLOW    |     2.351 | FAST    |
S_A_i[3][0][3] | S_C_o[3][0][7] |     4.579 | SLOW    |     2.388 | FAST    |
S_A_i[3][0][3] | S_C_o[3][1][3] |     4.286 | SLOW    |     2.226 | FAST    |
S_A_i[3][0][3] | S_C_o[3][1][4] |     4.250 | SLOW    |     2.198 | FAST    |
S_A_i[3][0][3] | S_C_o[3][1][5] |     4.492 | SLOW    |     2.337 | FAST    |
S_A_i[3][0][3] | S_C_o[3][1][6] |     4.514 | SLOW    |     2.351 | FAST    |
S_A_i[3][0][3] | S_C_o[3][1][7] |     4.579 | SLOW    |     2.388 | FAST    |
S_A_i[3][0][3] | S_C_o[3][2][3] |     4.286 | SLOW    |     2.226 | FAST    |
S_A_i[3][0][3] | S_C_o[3][2][4] |     4.250 | SLOW    |     2.198 | FAST    |
S_A_i[3][0][3] | S_C_o[3][2][5] |     4.492 | SLOW    |     2.337 | FAST    |
S_A_i[3][0][3] | S_C_o[3][2][6] |     4.514 | SLOW    |     2.351 | FAST    |
S_A_i[3][0][3] | S_C_o[3][2][7] |     4.579 | SLOW    |     2.388 | FAST    |
S_A_i[3][0][3] | S_C_o[3][3][3] |     4.286 | SLOW    |     2.226 | FAST    |
S_A_i[3][0][3] | S_C_o[3][3][4] |     4.250 | SLOW    |     2.198 | FAST    |
S_A_i[3][0][3] | S_C_o[3][3][5] |     4.492 | SLOW    |     2.337 | FAST    |
S_A_i[3][0][3] | S_C_o[3][3][6] |     4.514 | SLOW    |     2.351 | FAST    |
S_A_i[3][0][3] | S_C_o[3][3][7] |     4.579 | SLOW    |     2.388 | FAST    |
S_A_i[3][0][4] | S_C_o[3][0][4] |     4.246 | SLOW    |     2.201 | FAST    |
S_A_i[3][0][4] | S_C_o[3][0][5] |     4.469 | SLOW    |     2.318 | FAST    |
S_A_i[3][0][4] | S_C_o[3][0][6] |     4.491 | SLOW    |     2.332 | FAST    |
S_A_i[3][0][4] | S_C_o[3][0][7] |     4.556 | SLOW    |     2.369 | FAST    |
S_A_i[3][0][4] | S_C_o[3][1][4] |     4.246 | SLOW    |     2.201 | FAST    |
S_A_i[3][0][4] | S_C_o[3][1][5] |     4.469 | SLOW    |     2.318 | FAST    |
S_A_i[3][0][4] | S_C_o[3][1][6] |     4.491 | SLOW    |     2.332 | FAST    |
S_A_i[3][0][4] | S_C_o[3][1][7] |     4.556 | SLOW    |     2.369 | FAST    |
S_A_i[3][0][4] | S_C_o[3][2][4] |     4.246 | SLOW    |     2.201 | FAST    |
S_A_i[3][0][4] | S_C_o[3][2][5] |     4.469 | SLOW    |     2.318 | FAST    |
S_A_i[3][0][4] | S_C_o[3][2][6] |     4.491 | SLOW    |     2.332 | FAST    |
S_A_i[3][0][4] | S_C_o[3][2][7] |     4.556 | SLOW    |     2.369 | FAST    |
S_A_i[3][0][4] | S_C_o[3][3][4] |     4.246 | SLOW    |     2.201 | FAST    |
S_A_i[3][0][4] | S_C_o[3][3][5] |     4.469 | SLOW    |     2.318 | FAST    |
S_A_i[3][0][4] | S_C_o[3][3][6] |     4.491 | SLOW    |     2.332 | FAST    |
S_A_i[3][0][4] | S_C_o[3][3][7] |     4.556 | SLOW    |     2.369 | FAST    |
S_A_i[3][0][5] | S_C_o[3][0][5] |     4.255 | SLOW    |     2.206 | FAST    |
S_A_i[3][0][5] | S_C_o[3][0][6] |     4.272 | SLOW    |     2.212 | FAST    |
S_A_i[3][0][5] | S_C_o[3][0][7] |     4.282 | SLOW    |     2.215 | FAST    |
S_A_i[3][0][5] | S_C_o[3][1][5] |     4.255 | SLOW    |     2.206 | FAST    |
S_A_i[3][0][5] | S_C_o[3][1][6] |     4.272 | SLOW    |     2.212 | FAST    |
S_A_i[3][0][5] | S_C_o[3][1][7] |     4.282 | SLOW    |     2.215 | FAST    |
S_A_i[3][0][5] | S_C_o[3][2][5] |     4.255 | SLOW    |     2.206 | FAST    |
S_A_i[3][0][5] | S_C_o[3][2][6] |     4.272 | SLOW    |     2.212 | FAST    |
S_A_i[3][0][5] | S_C_o[3][2][7] |     4.282 | SLOW    |     2.215 | FAST    |
S_A_i[3][0][5] | S_C_o[3][3][5] |     4.255 | SLOW    |     2.206 | FAST    |
S_A_i[3][0][5] | S_C_o[3][3][6] |     4.272 | SLOW    |     2.212 | FAST    |
S_A_i[3][0][5] | S_C_o[3][3][7] |     4.282 | SLOW    |     2.215 | FAST    |
S_A_i[3][0][6] | S_C_o[3][0][6] |     4.277 | SLOW    |     2.221 | FAST    |
S_A_i[3][0][6] | S_C_o[3][0][7] |     4.241 | SLOW    |     2.193 | FAST    |
S_A_i[3][0][6] | S_C_o[3][1][6] |     4.277 | SLOW    |     2.221 | FAST    |
S_A_i[3][0][6] | S_C_o[3][1][7] |     4.241 | SLOW    |     2.193 | FAST    |
S_A_i[3][0][6] | S_C_o[3][2][6] |     4.277 | SLOW    |     2.221 | FAST    |
S_A_i[3][0][6] | S_C_o[3][2][7] |     4.241 | SLOW    |     2.193 | FAST    |
S_A_i[3][0][6] | S_C_o[3][3][6] |     4.277 | SLOW    |     2.221 | FAST    |
S_A_i[3][0][6] | S_C_o[3][3][7] |     4.241 | SLOW    |     2.193 | FAST    |
S_A_i[3][0][7] | S_C_o[3][0][7] |     4.428 | SLOW    |     2.306 | FAST    |
S_A_i[3][0][7] | S_C_o[3][1][7] |     4.459 | SLOW    |     2.326 | FAST    |
S_A_i[3][0][7] | S_C_o[3][2][7] |     4.428 | SLOW    |     2.306 | FAST    |
S_A_i[3][0][7] | S_C_o[3][3][7] |     4.459 | SLOW    |     2.326 | FAST    |
S_B_i[0][0][0] | S_C_o[0][0][0] |     4.261 | SLOW    |     2.209 | FAST    |
S_B_i[0][0][0] | S_C_o[0][0][1] |     4.278 | SLOW    |     2.215 | FAST    |
S_B_i[0][0][0] | S_C_o[0][0][2] |     4.256 | SLOW    |     2.201 | FAST    |
S_B_i[0][0][0] | S_C_o[0][0][3] |     4.494 | SLOW    |     2.329 | FAST    |
S_B_i[0][0][0] | S_C_o[0][0][4] |     4.494 | SLOW    |     2.329 | FAST    |
S_B_i[0][0][0] | S_C_o[0][0][5] |     4.722 | SLOW    |     2.454 | FAST    |
S_B_i[0][0][0] | S_C_o[0][0][6] |     4.744 | SLOW    |     2.468 | FAST    |
S_B_i[0][0][0] | S_C_o[0][0][7] |     4.809 | SLOW    |     2.505 | FAST    |
S_B_i[0][0][0] | S_C_o[1][0][0] |     4.261 | SLOW    |     2.209 | FAST    |
S_B_i[0][0][0] | S_C_o[1][0][1] |     4.278 | SLOW    |     2.215 | FAST    |
S_B_i[0][0][0] | S_C_o[1][0][2] |     4.256 | SLOW    |     2.201 | FAST    |
S_B_i[0][0][0] | S_C_o[1][0][3] |     4.516 | SLOW    |     2.343 | FAST    |
S_B_i[0][0][0] | S_C_o[1][0][4] |     4.494 | SLOW    |     2.329 | FAST    |
S_B_i[0][0][0] | S_C_o[1][0][5] |     4.722 | SLOW    |     2.454 | FAST    |
S_B_i[0][0][0] | S_C_o[1][0][6] |     4.744 | SLOW    |     2.468 | FAST    |
S_B_i[0][0][0] | S_C_o[1][0][7] |     4.809 | SLOW    |     2.505 | FAST    |
S_B_i[0][0][0] | S_C_o[2][0][0] |     4.261 | SLOW    |     2.209 | FAST    |
S_B_i[0][0][0] | S_C_o[2][0][1] |     4.278 | SLOW    |     2.215 | FAST    |
S_B_i[0][0][0] | S_C_o[2][0][2] |     4.256 | SLOW    |     2.201 | FAST    |
S_B_i[0][0][0] | S_C_o[2][0][3] |     4.494 | SLOW    |     2.329 | FAST    |
S_B_i[0][0][0] | S_C_o[2][0][4] |     4.494 | SLOW    |     2.329 | FAST    |
S_B_i[0][0][0] | S_C_o[2][0][5] |     4.722 | SLOW    |     2.454 | FAST    |
S_B_i[0][0][0] | S_C_o[2][0][6] |     4.744 | SLOW    |     2.468 | FAST    |
S_B_i[0][0][0] | S_C_o[2][0][7] |     4.809 | SLOW    |     2.505 | FAST    |
S_B_i[0][0][0] | S_C_o[3][0][0] |     4.261 | SLOW    |     2.209 | FAST    |
S_B_i[0][0][0] | S_C_o[3][0][1] |     4.278 | SLOW    |     2.215 | FAST    |
S_B_i[0][0][0] | S_C_o[3][0][2] |     4.256 | SLOW    |     2.201 | FAST    |
S_B_i[0][0][0] | S_C_o[3][0][3] |     4.516 | SLOW    |     2.343 | FAST    |
S_B_i[0][0][0] | S_C_o[3][0][4] |     4.494 | SLOW    |     2.329 | FAST    |
S_B_i[0][0][0] | S_C_o[3][0][5] |     4.722 | SLOW    |     2.454 | FAST    |
S_B_i[0][0][0] | S_C_o[3][0][6] |     4.744 | SLOW    |     2.468 | FAST    |
S_B_i[0][0][0] | S_C_o[3][0][7] |     4.809 | SLOW    |     2.505 | FAST    |
S_B_i[0][0][1] | S_C_o[0][0][1] |     4.286 | SLOW    |     2.226 | FAST    |
S_B_i[0][0][1] | S_C_o[0][0][2] |     4.250 | SLOW    |     2.198 | FAST    |
S_B_i[0][0][1] | S_C_o[0][0][3] |     4.461 | SLOW    |     2.317 | FAST    |
S_B_i[0][0][1] | S_C_o[0][0][4] |     4.461 | SLOW    |     2.317 | FAST    |
S_B_i[0][0][1] | S_C_o[0][0][5] |     4.689 | SLOW    |     2.442 | FAST    |
S_B_i[0][0][1] | S_C_o[0][0][6] |     4.711 | SLOW    |     2.456 | FAST    |
S_B_i[0][0][1] | S_C_o[0][0][7] |     4.776 | SLOW    |     2.493 | FAST    |
S_B_i[0][0][1] | S_C_o[1][0][1] |     4.286 | SLOW    |     2.226 | FAST    |
S_B_i[0][0][1] | S_C_o[1][0][2] |     4.250 | SLOW    |     2.198 | FAST    |
S_B_i[0][0][1] | S_C_o[1][0][3] |     4.483 | SLOW    |     2.331 | FAST    |
S_B_i[0][0][1] | S_C_o[1][0][4] |     4.461 | SLOW    |     2.317 | FAST    |
S_B_i[0][0][1] | S_C_o[1][0][5] |     4.689 | SLOW    |     2.442 | FAST    |
S_B_i[0][0][1] | S_C_o[1][0][6] |     4.711 | SLOW    |     2.456 | FAST    |
S_B_i[0][0][1] | S_C_o[1][0][7] |     4.776 | SLOW    |     2.493 | FAST    |
S_B_i[0][0][1] | S_C_o[2][0][1] |     4.286 | SLOW    |     2.226 | FAST    |
S_B_i[0][0][1] | S_C_o[2][0][2] |     4.250 | SLOW    |     2.198 | FAST    |
S_B_i[0][0][1] | S_C_o[2][0][3] |     4.461 | SLOW    |     2.317 | FAST    |
S_B_i[0][0][1] | S_C_o[2][0][4] |     4.461 | SLOW    |     2.317 | FAST    |
S_B_i[0][0][1] | S_C_o[2][0][5] |     4.689 | SLOW    |     2.442 | FAST    |
S_B_i[0][0][1] | S_C_o[2][0][6] |     4.711 | SLOW    |     2.456 | FAST    |
S_B_i[0][0][1] | S_C_o[2][0][7] |     4.776 | SLOW    |     2.493 | FAST    |
S_B_i[0][0][1] | S_C_o[3][0][1] |     4.286 | SLOW    |     2.226 | FAST    |
S_B_i[0][0][1] | S_C_o[3][0][2] |     4.250 | SLOW    |     2.198 | FAST    |
S_B_i[0][0][1] | S_C_o[3][0][3] |     4.483 | SLOW    |     2.331 | FAST    |
S_B_i[0][0][1] | S_C_o[3][0][4] |     4.461 | SLOW    |     2.317 | FAST    |
S_B_i[0][0][1] | S_C_o[3][0][5] |     4.689 | SLOW    |     2.442 | FAST    |
S_B_i[0][0][1] | S_C_o[3][0][6] |     4.711 | SLOW    |     2.456 | FAST    |
S_B_i[0][0][1] | S_C_o[3][0][7] |     4.776 | SLOW    |     2.493 | FAST    |
S_B_i[0][0][2] | S_C_o[0][0][2] |     4.246 | SLOW    |     2.201 | FAST    |
S_B_i[0][0][2] | S_C_o[0][0][3] |     4.447 | SLOW    |     2.304 | FAST    |
S_B_i[0][0][2] | S_C_o[0][0][4] |     4.447 | SLOW    |     2.304 | FAST    |
S_B_i[0][0][2] | S_C_o[0][0][5] |     4.675 | SLOW    |     2.429 | FAST    |
S_B_i[0][0][2] | S_C_o[0][0][6] |     4.697 | SLOW    |     2.443 | FAST    |
S_B_i[0][0][2] | S_C_o[0][0][7] |     4.762 | SLOW    |     2.480 | FAST    |
S_B_i[0][0][2] | S_C_o[1][0][2] |     4.246 | SLOW    |     2.201 | FAST    |
S_B_i[0][0][2] | S_C_o[1][0][3] |     4.469 | SLOW    |     2.318 | FAST    |
S_B_i[0][0][2] | S_C_o[1][0][4] |     4.447 | SLOW    |     2.304 | FAST    |
S_B_i[0][0][2] | S_C_o[1][0][5] |     4.675 | SLOW    |     2.429 | FAST    |
S_B_i[0][0][2] | S_C_o[1][0][6] |     4.697 | SLOW    |     2.443 | FAST    |
S_B_i[0][0][2] | S_C_o[1][0][7] |     4.762 | SLOW    |     2.480 | FAST    |
S_B_i[0][0][2] | S_C_o[2][0][2] |     4.246 | SLOW    |     2.201 | FAST    |
S_B_i[0][0][2] | S_C_o[2][0][3] |     4.447 | SLOW    |     2.304 | FAST    |
S_B_i[0][0][2] | S_C_o[2][0][4] |     4.447 | SLOW    |     2.304 | FAST    |
S_B_i[0][0][2] | S_C_o[2][0][5] |     4.675 | SLOW    |     2.429 | FAST    |
S_B_i[0][0][2] | S_C_o[2][0][6] |     4.697 | SLOW    |     2.443 | FAST    |
S_B_i[0][0][2] | S_C_o[2][0][7] |     4.762 | SLOW    |     2.480 | FAST    |
S_B_i[0][0][2] | S_C_o[3][0][2] |     4.246 | SLOW    |     2.201 | FAST    |
S_B_i[0][0][2] | S_C_o[3][0][3] |     4.469 | SLOW    |     2.318 | FAST    |
S_B_i[0][0][2] | S_C_o[3][0][4] |     4.447 | SLOW    |     2.304 | FAST    |
S_B_i[0][0][2] | S_C_o[3][0][5] |     4.675 | SLOW    |     2.429 | FAST    |
S_B_i[0][0][2] | S_C_o[3][0][6] |     4.697 | SLOW    |     2.443 | FAST    |
S_B_i[0][0][2] | S_C_o[3][0][7] |     4.762 | SLOW    |     2.480 | FAST    |
S_B_i[0][0][3] | S_C_o[0][0][3] |     4.255 | SLOW    |     2.206 | FAST    |
S_B_i[0][0][3] | S_C_o[0][0][4] |     4.250 | SLOW    |     2.198 | FAST    |
S_B_i[0][0][3] | S_C_o[0][0][5] |     4.492 | SLOW    |     2.337 | FAST    |
S_B_i[0][0][3] | S_C_o[0][0][6] |     4.514 | SLOW    |     2.351 | FAST    |
S_B_i[0][0][3] | S_C_o[0][0][7] |     4.579 | SLOW    |     2.388 | FAST    |
S_B_i[0][0][3] | S_C_o[1][0][3] |     4.286 | SLOW    |     2.226 | FAST    |
S_B_i[0][0][3] | S_C_o[1][0][4] |     4.250 | SLOW    |     2.198 | FAST    |
S_B_i[0][0][3] | S_C_o[1][0][5] |     4.492 | SLOW    |     2.337 | FAST    |
S_B_i[0][0][3] | S_C_o[1][0][6] |     4.514 | SLOW    |     2.351 | FAST    |
S_B_i[0][0][3] | S_C_o[1][0][7] |     4.579 | SLOW    |     2.388 | FAST    |
S_B_i[0][0][3] | S_C_o[2][0][3] |     4.255 | SLOW    |     2.206 | FAST    |
S_B_i[0][0][3] | S_C_o[2][0][4] |     4.250 | SLOW    |     2.198 | FAST    |
S_B_i[0][0][3] | S_C_o[2][0][5] |     4.492 | SLOW    |     2.337 | FAST    |
S_B_i[0][0][3] | S_C_o[2][0][6] |     4.514 | SLOW    |     2.351 | FAST    |
S_B_i[0][0][3] | S_C_o[2][0][7] |     4.579 | SLOW    |     2.388 | FAST    |
S_B_i[0][0][3] | S_C_o[3][0][3] |     4.286 | SLOW    |     2.226 | FAST    |
S_B_i[0][0][3] | S_C_o[3][0][4] |     4.250 | SLOW    |     2.198 | FAST    |
S_B_i[0][0][3] | S_C_o[3][0][5] |     4.492 | SLOW    |     2.337 | FAST    |
S_B_i[0][0][3] | S_C_o[3][0][6] |     4.514 | SLOW    |     2.351 | FAST    |
S_B_i[0][0][3] | S_C_o[3][0][7] |     4.579 | SLOW    |     2.388 | FAST    |
S_B_i[0][0][4] | S_C_o[0][0][4] |     4.246 | SLOW    |     2.201 | FAST    |
S_B_i[0][0][4] | S_C_o[0][0][5] |     4.469 | SLOW    |     2.318 | FAST    |
S_B_i[0][0][4] | S_C_o[0][0][6] |     4.491 | SLOW    |     2.332 | FAST    |
S_B_i[0][0][4] | S_C_o[0][0][7] |     4.556 | SLOW    |     2.369 | FAST    |
S_B_i[0][0][4] | S_C_o[1][0][4] |     4.246 | SLOW    |     2.201 | FAST    |
S_B_i[0][0][4] | S_C_o[1][0][5] |     4.469 | SLOW    |     2.318 | FAST    |
S_B_i[0][0][4] | S_C_o[1][0][6] |     4.491 | SLOW    |     2.332 | FAST    |
S_B_i[0][0][4] | S_C_o[1][0][7] |     4.556 | SLOW    |     2.369 | FAST    |
S_B_i[0][0][4] | S_C_o[2][0][4] |     4.246 | SLOW    |     2.201 | FAST    |
S_B_i[0][0][4] | S_C_o[2][0][5] |     4.469 | SLOW    |     2.318 | FAST    |
S_B_i[0][0][4] | S_C_o[2][0][6] |     4.491 | SLOW    |     2.332 | FAST    |
S_B_i[0][0][4] | S_C_o[2][0][7] |     4.556 | SLOW    |     2.369 | FAST    |
S_B_i[0][0][4] | S_C_o[3][0][4] |     4.246 | SLOW    |     2.201 | FAST    |
S_B_i[0][0][4] | S_C_o[3][0][5] |     4.469 | SLOW    |     2.318 | FAST    |
S_B_i[0][0][4] | S_C_o[3][0][6] |     4.491 | SLOW    |     2.332 | FAST    |
S_B_i[0][0][4] | S_C_o[3][0][7] |     4.556 | SLOW    |     2.369 | FAST    |
S_B_i[0][0][5] | S_C_o[0][0][5] |     4.255 | SLOW    |     2.206 | FAST    |
S_B_i[0][0][5] | S_C_o[0][0][6] |     4.272 | SLOW    |     2.212 | FAST    |
S_B_i[0][0][5] | S_C_o[0][0][7] |     4.250 | SLOW    |     2.198 | FAST    |
S_B_i[0][0][5] | S_C_o[1][0][5] |     4.255 | SLOW    |     2.206 | FAST    |
S_B_i[0][0][5] | S_C_o[1][0][6] |     4.272 | SLOW    |     2.212 | FAST    |
S_B_i[0][0][5] | S_C_o[1][0][7] |     4.250 | SLOW    |     2.198 | FAST    |
S_B_i[0][0][5] | S_C_o[2][0][5] |     4.255 | SLOW    |     2.206 | FAST    |
S_B_i[0][0][5] | S_C_o[2][0][6] |     4.272 | SLOW    |     2.212 | FAST    |
S_B_i[0][0][5] | S_C_o[2][0][7] |     4.250 | SLOW    |     2.198 | FAST    |
S_B_i[0][0][5] | S_C_o[3][0][5] |     4.255 | SLOW    |     2.206 | FAST    |
S_B_i[0][0][5] | S_C_o[3][0][6] |     4.272 | SLOW    |     2.212 | FAST    |
S_B_i[0][0][5] | S_C_o[3][0][7] |     4.250 | SLOW    |     2.198 | FAST    |
S_B_i[0][0][6] | S_C_o[0][0][6] |     4.277 | SLOW    |     2.221 | FAST    |
S_B_i[0][0][6] | S_C_o[0][0][7] |     4.246 | SLOW    |     2.201 | FAST    |
S_B_i[0][0][6] | S_C_o[1][0][6] |     4.277 | SLOW    |     2.221 | FAST    |
S_B_i[0][0][6] | S_C_o[1][0][7] |     4.246 | SLOW    |     2.201 | FAST    |
S_B_i[0][0][6] | S_C_o[2][0][6] |     4.277 | SLOW    |     2.221 | FAST    |
S_B_i[0][0][6] | S_C_o[2][0][7] |     4.246 | SLOW    |     2.201 | FAST    |
S_B_i[0][0][6] | S_C_o[3][0][6] |     4.277 | SLOW    |     2.221 | FAST    |
S_B_i[0][0][6] | S_C_o[3][0][7] |     4.246 | SLOW    |     2.201 | FAST    |
S_B_i[0][0][7] | S_C_o[0][0][7] |     4.428 | SLOW    |     2.306 | FAST    |
S_B_i[0][0][7] | S_C_o[1][0][7] |     4.428 | SLOW    |     2.306 | FAST    |
S_B_i[0][0][7] | S_C_o[2][0][7] |     4.428 | SLOW    |     2.306 | FAST    |
S_B_i[0][0][7] | S_C_o[3][0][7] |     4.428 | SLOW    |     2.306 | FAST    |
S_B_i[0][1][0] | S_C_o[0][1][0] |     4.261 | SLOW    |     2.209 | FAST    |
S_B_i[0][1][0] | S_C_o[0][1][1] |     4.278 | SLOW    |     2.215 | FAST    |
S_B_i[0][1][0] | S_C_o[0][1][2] |     4.256 | SLOW    |     2.201 | FAST    |
S_B_i[0][1][0] | S_C_o[0][1][3] |     4.494 | SLOW    |     2.329 | FAST    |
S_B_i[0][1][0] | S_C_o[0][1][4] |     4.494 | SLOW    |     2.329 | FAST    |
S_B_i[0][1][0] | S_C_o[0][1][5] |     4.722 | SLOW    |     2.454 | FAST    |
S_B_i[0][1][0] | S_C_o[0][1][6] |     4.744 | SLOW    |     2.468 | FAST    |
S_B_i[0][1][0] | S_C_o[0][1][7] |     4.809 | SLOW    |     2.505 | FAST    |
S_B_i[0][1][0] | S_C_o[1][1][0] |     4.261 | SLOW    |     2.209 | FAST    |
S_B_i[0][1][0] | S_C_o[1][1][1] |     4.278 | SLOW    |     2.215 | FAST    |
S_B_i[0][1][0] | S_C_o[1][1][2] |     4.256 | SLOW    |     2.201 | FAST    |
S_B_i[0][1][0] | S_C_o[1][1][3] |     4.516 | SLOW    |     2.343 | FAST    |
S_B_i[0][1][0] | S_C_o[1][1][4] |     4.494 | SLOW    |     2.329 | FAST    |
S_B_i[0][1][0] | S_C_o[1][1][5] |     4.722 | SLOW    |     2.454 | FAST    |
S_B_i[0][1][0] | S_C_o[1][1][6] |     4.744 | SLOW    |     2.468 | FAST    |
S_B_i[0][1][0] | S_C_o[1][1][7] |     4.809 | SLOW    |     2.505 | FAST    |
S_B_i[0][1][0] | S_C_o[2][1][0] |     4.261 | SLOW    |     2.209 | FAST    |
S_B_i[0][1][0] | S_C_o[2][1][1] |     4.278 | SLOW    |     2.215 | FAST    |
S_B_i[0][1][0] | S_C_o[2][1][2] |     4.256 | SLOW    |     2.201 | FAST    |
S_B_i[0][1][0] | S_C_o[2][1][3] |     4.494 | SLOW    |     2.329 | FAST    |
S_B_i[0][1][0] | S_C_o[2][1][4] |     4.494 | SLOW    |     2.329 | FAST    |
S_B_i[0][1][0] | S_C_o[2][1][5] |     4.722 | SLOW    |     2.454 | FAST    |
S_B_i[0][1][0] | S_C_o[2][1][6] |     4.744 | SLOW    |     2.468 | FAST    |
S_B_i[0][1][0] | S_C_o[2][1][7] |     4.809 | SLOW    |     2.505 | FAST    |
S_B_i[0][1][0] | S_C_o[3][1][0] |     4.261 | SLOW    |     2.209 | FAST    |
S_B_i[0][1][0] | S_C_o[3][1][1] |     4.278 | SLOW    |     2.215 | FAST    |
S_B_i[0][1][0] | S_C_o[3][1][2] |     4.256 | SLOW    |     2.201 | FAST    |
S_B_i[0][1][0] | S_C_o[3][1][3] |     4.516 | SLOW    |     2.343 | FAST    |
S_B_i[0][1][0] | S_C_o[3][1][4] |     4.494 | SLOW    |     2.329 | FAST    |
S_B_i[0][1][0] | S_C_o[3][1][5] |     4.722 | SLOW    |     2.454 | FAST    |
S_B_i[0][1][0] | S_C_o[3][1][6] |     4.744 | SLOW    |     2.468 | FAST    |
S_B_i[0][1][0] | S_C_o[3][1][7] |     4.809 | SLOW    |     2.505 | FAST    |
S_B_i[0][1][1] | S_C_o[0][1][1] |     4.286 | SLOW    |     2.226 | FAST    |
S_B_i[0][1][1] | S_C_o[0][1][2] |     4.250 | SLOW    |     2.198 | FAST    |
S_B_i[0][1][1] | S_C_o[0][1][3] |     4.461 | SLOW    |     2.317 | FAST    |
S_B_i[0][1][1] | S_C_o[0][1][4] |     4.461 | SLOW    |     2.317 | FAST    |
S_B_i[0][1][1] | S_C_o[0][1][5] |     4.689 | SLOW    |     2.442 | FAST    |
S_B_i[0][1][1] | S_C_o[0][1][6] |     4.711 | SLOW    |     2.456 | FAST    |
S_B_i[0][1][1] | S_C_o[0][1][7] |     4.776 | SLOW    |     2.493 | FAST    |
S_B_i[0][1][1] | S_C_o[1][1][1] |     4.286 | SLOW    |     2.226 | FAST    |
S_B_i[0][1][1] | S_C_o[1][1][2] |     4.250 | SLOW    |     2.198 | FAST    |
S_B_i[0][1][1] | S_C_o[1][1][3] |     4.483 | SLOW    |     2.331 | FAST    |
S_B_i[0][1][1] | S_C_o[1][1][4] |     4.461 | SLOW    |     2.317 | FAST    |
S_B_i[0][1][1] | S_C_o[1][1][5] |     4.689 | SLOW    |     2.442 | FAST    |
S_B_i[0][1][1] | S_C_o[1][1][6] |     4.711 | SLOW    |     2.456 | FAST    |
S_B_i[0][1][1] | S_C_o[1][1][7] |     4.776 | SLOW    |     2.493 | FAST    |
S_B_i[0][1][1] | S_C_o[2][1][1] |     4.286 | SLOW    |     2.226 | FAST    |
S_B_i[0][1][1] | S_C_o[2][1][2] |     4.250 | SLOW    |     2.198 | FAST    |
S_B_i[0][1][1] | S_C_o[2][1][3] |     4.461 | SLOW    |     2.317 | FAST    |
S_B_i[0][1][1] | S_C_o[2][1][4] |     4.461 | SLOW    |     2.317 | FAST    |
S_B_i[0][1][1] | S_C_o[2][1][5] |     4.689 | SLOW    |     2.442 | FAST    |
S_B_i[0][1][1] | S_C_o[2][1][6] |     4.711 | SLOW    |     2.456 | FAST    |
S_B_i[0][1][1] | S_C_o[2][1][7] |     4.776 | SLOW    |     2.493 | FAST    |
S_B_i[0][1][1] | S_C_o[3][1][1] |     4.286 | SLOW    |     2.226 | FAST    |
S_B_i[0][1][1] | S_C_o[3][1][2] |     4.250 | SLOW    |     2.198 | FAST    |
S_B_i[0][1][1] | S_C_o[3][1][3] |     4.483 | SLOW    |     2.331 | FAST    |
S_B_i[0][1][1] | S_C_o[3][1][4] |     4.461 | SLOW    |     2.317 | FAST    |
S_B_i[0][1][1] | S_C_o[3][1][5] |     4.689 | SLOW    |     2.442 | FAST    |
S_B_i[0][1][1] | S_C_o[3][1][6] |     4.711 | SLOW    |     2.456 | FAST    |
S_B_i[0][1][1] | S_C_o[3][1][7] |     4.776 | SLOW    |     2.493 | FAST    |
S_B_i[0][1][2] | S_C_o[0][1][2] |     4.246 | SLOW    |     2.201 | FAST    |
S_B_i[0][1][2] | S_C_o[0][1][3] |     4.447 | SLOW    |     2.304 | FAST    |
S_B_i[0][1][2] | S_C_o[0][1][4] |     4.447 | SLOW    |     2.304 | FAST    |
S_B_i[0][1][2] | S_C_o[0][1][5] |     4.675 | SLOW    |     2.429 | FAST    |
S_B_i[0][1][2] | S_C_o[0][1][6] |     4.697 | SLOW    |     2.443 | FAST    |
S_B_i[0][1][2] | S_C_o[0][1][7] |     4.762 | SLOW    |     2.480 | FAST    |
S_B_i[0][1][2] | S_C_o[1][1][2] |     4.246 | SLOW    |     2.201 | FAST    |
S_B_i[0][1][2] | S_C_o[1][1][3] |     4.469 | SLOW    |     2.318 | FAST    |
S_B_i[0][1][2] | S_C_o[1][1][4] |     4.447 | SLOW    |     2.304 | FAST    |
S_B_i[0][1][2] | S_C_o[1][1][5] |     4.675 | SLOW    |     2.429 | FAST    |
S_B_i[0][1][2] | S_C_o[1][1][6] |     4.697 | SLOW    |     2.443 | FAST    |
S_B_i[0][1][2] | S_C_o[1][1][7] |     4.762 | SLOW    |     2.480 | FAST    |
S_B_i[0][1][2] | S_C_o[2][1][2] |     4.246 | SLOW    |     2.201 | FAST    |
S_B_i[0][1][2] | S_C_o[2][1][3] |     4.447 | SLOW    |     2.304 | FAST    |
S_B_i[0][1][2] | S_C_o[2][1][4] |     4.447 | SLOW    |     2.304 | FAST    |
S_B_i[0][1][2] | S_C_o[2][1][5] |     4.675 | SLOW    |     2.429 | FAST    |
S_B_i[0][1][2] | S_C_o[2][1][6] |     4.697 | SLOW    |     2.443 | FAST    |
S_B_i[0][1][2] | S_C_o[2][1][7] |     4.762 | SLOW    |     2.480 | FAST    |
S_B_i[0][1][2] | S_C_o[3][1][2] |     4.246 | SLOW    |     2.201 | FAST    |
S_B_i[0][1][2] | S_C_o[3][1][3] |     4.469 | SLOW    |     2.318 | FAST    |
S_B_i[0][1][2] | S_C_o[3][1][4] |     4.447 | SLOW    |     2.304 | FAST    |
S_B_i[0][1][2] | S_C_o[3][1][5] |     4.675 | SLOW    |     2.429 | FAST    |
S_B_i[0][1][2] | S_C_o[3][1][6] |     4.697 | SLOW    |     2.443 | FAST    |
S_B_i[0][1][2] | S_C_o[3][1][7] |     4.762 | SLOW    |     2.480 | FAST    |
S_B_i[0][1][3] | S_C_o[0][1][3] |     4.255 | SLOW    |     2.206 | FAST    |
S_B_i[0][1][3] | S_C_o[0][1][4] |     4.250 | SLOW    |     2.198 | FAST    |
S_B_i[0][1][3] | S_C_o[0][1][5] |     4.492 | SLOW    |     2.337 | FAST    |
S_B_i[0][1][3] | S_C_o[0][1][6] |     4.514 | SLOW    |     2.351 | FAST    |
S_B_i[0][1][3] | S_C_o[0][1][7] |     4.579 | SLOW    |     2.388 | FAST    |
S_B_i[0][1][3] | S_C_o[1][1][3] |     4.286 | SLOW    |     2.226 | FAST    |
S_B_i[0][1][3] | S_C_o[1][1][4] |     4.250 | SLOW    |     2.198 | FAST    |
S_B_i[0][1][3] | S_C_o[1][1][5] |     4.492 | SLOW    |     2.337 | FAST    |
S_B_i[0][1][3] | S_C_o[1][1][6] |     4.514 | SLOW    |     2.351 | FAST    |
S_B_i[0][1][3] | S_C_o[1][1][7] |     4.579 | SLOW    |     2.388 | FAST    |
S_B_i[0][1][3] | S_C_o[2][1][3] |     4.255 | SLOW    |     2.206 | FAST    |
S_B_i[0][1][3] | S_C_o[2][1][4] |     4.250 | SLOW    |     2.198 | FAST    |
S_B_i[0][1][3] | S_C_o[2][1][5] |     4.492 | SLOW    |     2.337 | FAST    |
S_B_i[0][1][3] | S_C_o[2][1][6] |     4.514 | SLOW    |     2.351 | FAST    |
S_B_i[0][1][3] | S_C_o[2][1][7] |     4.579 | SLOW    |     2.388 | FAST    |
S_B_i[0][1][3] | S_C_o[3][1][3] |     4.286 | SLOW    |     2.226 | FAST    |
S_B_i[0][1][3] | S_C_o[3][1][4] |     4.250 | SLOW    |     2.198 | FAST    |
S_B_i[0][1][3] | S_C_o[3][1][5] |     4.492 | SLOW    |     2.337 | FAST    |
S_B_i[0][1][3] | S_C_o[3][1][6] |     4.514 | SLOW    |     2.351 | FAST    |
S_B_i[0][1][3] | S_C_o[3][1][7] |     4.579 | SLOW    |     2.388 | FAST    |
S_B_i[0][1][4] | S_C_o[0][1][4] |     4.246 | SLOW    |     2.201 | FAST    |
S_B_i[0][1][4] | S_C_o[0][1][5] |     4.469 | SLOW    |     2.318 | FAST    |
S_B_i[0][1][4] | S_C_o[0][1][6] |     4.491 | SLOW    |     2.332 | FAST    |
S_B_i[0][1][4] | S_C_o[0][1][7] |     4.556 | SLOW    |     2.369 | FAST    |
S_B_i[0][1][4] | S_C_o[1][1][4] |     4.246 | SLOW    |     2.201 | FAST    |
S_B_i[0][1][4] | S_C_o[1][1][5] |     4.469 | SLOW    |     2.318 | FAST    |
S_B_i[0][1][4] | S_C_o[1][1][6] |     4.491 | SLOW    |     2.332 | FAST    |
S_B_i[0][1][4] | S_C_o[1][1][7] |     4.556 | SLOW    |     2.369 | FAST    |
S_B_i[0][1][4] | S_C_o[2][1][4] |     4.246 | SLOW    |     2.201 | FAST    |
S_B_i[0][1][4] | S_C_o[2][1][5] |     4.469 | SLOW    |     2.318 | FAST    |
S_B_i[0][1][4] | S_C_o[2][1][6] |     4.491 | SLOW    |     2.332 | FAST    |
S_B_i[0][1][4] | S_C_o[2][1][7] |     4.556 | SLOW    |     2.369 | FAST    |
S_B_i[0][1][4] | S_C_o[3][1][4] |     4.246 | SLOW    |     2.201 | FAST    |
S_B_i[0][1][4] | S_C_o[3][1][5] |     4.469 | SLOW    |     2.318 | FAST    |
S_B_i[0][1][4] | S_C_o[3][1][6] |     4.491 | SLOW    |     2.332 | FAST    |
S_B_i[0][1][4] | S_C_o[3][1][7] |     4.556 | SLOW    |     2.369 | FAST    |
S_B_i[0][1][5] | S_C_o[0][1][5] |     4.255 | SLOW    |     2.206 | FAST    |
S_B_i[0][1][5] | S_C_o[0][1][6] |     4.272 | SLOW    |     2.212 | FAST    |
S_B_i[0][1][5] | S_C_o[0][1][7] |     4.250 | SLOW    |     2.198 | FAST    |
S_B_i[0][1][5] | S_C_o[1][1][5] |     4.255 | SLOW    |     2.206 | FAST    |
S_B_i[0][1][5] | S_C_o[1][1][6] |     4.272 | SLOW    |     2.212 | FAST    |
S_B_i[0][1][5] | S_C_o[1][1][7] |     4.250 | SLOW    |     2.198 | FAST    |
S_B_i[0][1][5] | S_C_o[2][1][5] |     4.255 | SLOW    |     2.206 | FAST    |
S_B_i[0][1][5] | S_C_o[2][1][6] |     4.272 | SLOW    |     2.212 | FAST    |
S_B_i[0][1][5] | S_C_o[2][1][7] |     4.250 | SLOW    |     2.198 | FAST    |
S_B_i[0][1][5] | S_C_o[3][1][5] |     4.255 | SLOW    |     2.206 | FAST    |
S_B_i[0][1][5] | S_C_o[3][1][6] |     4.272 | SLOW    |     2.212 | FAST    |
S_B_i[0][1][5] | S_C_o[3][1][7] |     4.250 | SLOW    |     2.198 | FAST    |
S_B_i[0][1][6] | S_C_o[0][1][6] |     4.277 | SLOW    |     2.221 | FAST    |
S_B_i[0][1][6] | S_C_o[0][1][7] |     4.246 | SLOW    |     2.201 | FAST    |
S_B_i[0][1][6] | S_C_o[1][1][6] |     4.277 | SLOW    |     2.221 | FAST    |
S_B_i[0][1][6] | S_C_o[1][1][7] |     4.246 | SLOW    |     2.201 | FAST    |
S_B_i[0][1][6] | S_C_o[2][1][6] |     4.277 | SLOW    |     2.221 | FAST    |
S_B_i[0][1][6] | S_C_o[2][1][7] |     4.246 | SLOW    |     2.201 | FAST    |
S_B_i[0][1][6] | S_C_o[3][1][6] |     4.277 | SLOW    |     2.221 | FAST    |
S_B_i[0][1][6] | S_C_o[3][1][7] |     4.246 | SLOW    |     2.201 | FAST    |
S_B_i[0][1][7] | S_C_o[0][1][7] |     4.459 | SLOW    |     2.326 | FAST    |
S_B_i[0][1][7] | S_C_o[1][1][7] |     4.459 | SLOW    |     2.326 | FAST    |
S_B_i[0][1][7] | S_C_o[2][1][7] |     4.459 | SLOW    |     2.326 | FAST    |
S_B_i[0][1][7] | S_C_o[3][1][7] |     4.459 | SLOW    |     2.326 | FAST    |
S_B_i[0][2][0] | S_C_o[0][2][0] |     4.261 | SLOW    |     2.209 | FAST    |
S_B_i[0][2][0] | S_C_o[0][2][1] |     4.278 | SLOW    |     2.215 | FAST    |
S_B_i[0][2][0] | S_C_o[0][2][2] |     4.256 | SLOW    |     2.201 | FAST    |
S_B_i[0][2][0] | S_C_o[0][2][3] |     4.494 | SLOW    |     2.329 | FAST    |
S_B_i[0][2][0] | S_C_o[0][2][4] |     4.494 | SLOW    |     2.329 | FAST    |
S_B_i[0][2][0] | S_C_o[0][2][5] |     4.722 | SLOW    |     2.454 | FAST    |
S_B_i[0][2][0] | S_C_o[0][2][6] |     4.744 | SLOW    |     2.468 | FAST    |
S_B_i[0][2][0] | S_C_o[0][2][7] |     4.809 | SLOW    |     2.505 | FAST    |
S_B_i[0][2][0] | S_C_o[1][2][0] |     4.261 | SLOW    |     2.209 | FAST    |
S_B_i[0][2][0] | S_C_o[1][2][1] |     4.278 | SLOW    |     2.215 | FAST    |
S_B_i[0][2][0] | S_C_o[1][2][2] |     4.256 | SLOW    |     2.201 | FAST    |
S_B_i[0][2][0] | S_C_o[1][2][3] |     4.516 | SLOW    |     2.343 | FAST    |
S_B_i[0][2][0] | S_C_o[1][2][4] |     4.494 | SLOW    |     2.329 | FAST    |
S_B_i[0][2][0] | S_C_o[1][2][5] |     4.722 | SLOW    |     2.454 | FAST    |
S_B_i[0][2][0] | S_C_o[1][2][6] |     4.744 | SLOW    |     2.468 | FAST    |
S_B_i[0][2][0] | S_C_o[1][2][7] |     4.809 | SLOW    |     2.505 | FAST    |
S_B_i[0][2][0] | S_C_o[2][2][0] |     4.261 | SLOW    |     2.209 | FAST    |
S_B_i[0][2][0] | S_C_o[2][2][1] |     4.278 | SLOW    |     2.215 | FAST    |
S_B_i[0][2][0] | S_C_o[2][2][2] |     4.256 | SLOW    |     2.201 | FAST    |
S_B_i[0][2][0] | S_C_o[2][2][3] |     4.494 | SLOW    |     2.329 | FAST    |
S_B_i[0][2][0] | S_C_o[2][2][4] |     4.494 | SLOW    |     2.329 | FAST    |
S_B_i[0][2][0] | S_C_o[2][2][5] |     4.722 | SLOW    |     2.454 | FAST    |
S_B_i[0][2][0] | S_C_o[2][2][6] |     4.744 | SLOW    |     2.468 | FAST    |
S_B_i[0][2][0] | S_C_o[2][2][7] |     4.809 | SLOW    |     2.505 | FAST    |
S_B_i[0][2][0] | S_C_o[3][2][0] |     4.261 | SLOW    |     2.209 | FAST    |
S_B_i[0][2][0] | S_C_o[3][2][1] |     4.278 | SLOW    |     2.215 | FAST    |
S_B_i[0][2][0] | S_C_o[3][2][2] |     4.256 | SLOW    |     2.201 | FAST    |
S_B_i[0][2][0] | S_C_o[3][2][3] |     4.516 | SLOW    |     2.343 | FAST    |
S_B_i[0][2][0] | S_C_o[3][2][4] |     4.494 | SLOW    |     2.329 | FAST    |
S_B_i[0][2][0] | S_C_o[3][2][5] |     4.722 | SLOW    |     2.454 | FAST    |
S_B_i[0][2][0] | S_C_o[3][2][6] |     4.744 | SLOW    |     2.468 | FAST    |
S_B_i[0][2][0] | S_C_o[3][2][7] |     4.809 | SLOW    |     2.505 | FAST    |
S_B_i[0][2][1] | S_C_o[0][2][1] |     4.286 | SLOW    |     2.226 | FAST    |
S_B_i[0][2][1] | S_C_o[0][2][2] |     4.250 | SLOW    |     2.198 | FAST    |
S_B_i[0][2][1] | S_C_o[0][2][3] |     4.461 | SLOW    |     2.317 | FAST    |
S_B_i[0][2][1] | S_C_o[0][2][4] |     4.461 | SLOW    |     2.317 | FAST    |
S_B_i[0][2][1] | S_C_o[0][2][5] |     4.689 | SLOW    |     2.442 | FAST    |
S_B_i[0][2][1] | S_C_o[0][2][6] |     4.711 | SLOW    |     2.456 | FAST    |
S_B_i[0][2][1] | S_C_o[0][2][7] |     4.776 | SLOW    |     2.493 | FAST    |
S_B_i[0][2][1] | S_C_o[1][2][1] |     4.286 | SLOW    |     2.226 | FAST    |
S_B_i[0][2][1] | S_C_o[1][2][2] |     4.250 | SLOW    |     2.198 | FAST    |
S_B_i[0][2][1] | S_C_o[1][2][3] |     4.483 | SLOW    |     2.331 | FAST    |
S_B_i[0][2][1] | S_C_o[1][2][4] |     4.461 | SLOW    |     2.317 | FAST    |
S_B_i[0][2][1] | S_C_o[1][2][5] |     4.689 | SLOW    |     2.442 | FAST    |
S_B_i[0][2][1] | S_C_o[1][2][6] |     4.711 | SLOW    |     2.456 | FAST    |
S_B_i[0][2][1] | S_C_o[1][2][7] |     4.776 | SLOW    |     2.493 | FAST    |
S_B_i[0][2][1] | S_C_o[2][2][1] |     4.286 | SLOW    |     2.226 | FAST    |
S_B_i[0][2][1] | S_C_o[2][2][2] |     4.250 | SLOW    |     2.198 | FAST    |
S_B_i[0][2][1] | S_C_o[2][2][3] |     4.461 | SLOW    |     2.317 | FAST    |
S_B_i[0][2][1] | S_C_o[2][2][4] |     4.461 | SLOW    |     2.317 | FAST    |
S_B_i[0][2][1] | S_C_o[2][2][5] |     4.689 | SLOW    |     2.442 | FAST    |
S_B_i[0][2][1] | S_C_o[2][2][6] |     4.711 | SLOW    |     2.456 | FAST    |
S_B_i[0][2][1] | S_C_o[2][2][7] |     4.776 | SLOW    |     2.493 | FAST    |
S_B_i[0][2][1] | S_C_o[3][2][1] |     4.286 | SLOW    |     2.226 | FAST    |
S_B_i[0][2][1] | S_C_o[3][2][2] |     4.250 | SLOW    |     2.198 | FAST    |
S_B_i[0][2][1] | S_C_o[3][2][3] |     4.483 | SLOW    |     2.331 | FAST    |
S_B_i[0][2][1] | S_C_o[3][2][4] |     4.461 | SLOW    |     2.317 | FAST    |
S_B_i[0][2][1] | S_C_o[3][2][5] |     4.689 | SLOW    |     2.442 | FAST    |
S_B_i[0][2][1] | S_C_o[3][2][6] |     4.711 | SLOW    |     2.456 | FAST    |
S_B_i[0][2][1] | S_C_o[3][2][7] |     4.776 | SLOW    |     2.493 | FAST    |
S_B_i[0][2][2] | S_C_o[0][2][2] |     4.246 | SLOW    |     2.201 | FAST    |
S_B_i[0][2][2] | S_C_o[0][2][3] |     4.447 | SLOW    |     2.304 | FAST    |
S_B_i[0][2][2] | S_C_o[0][2][4] |     4.447 | SLOW    |     2.304 | FAST    |
S_B_i[0][2][2] | S_C_o[0][2][5] |     4.675 | SLOW    |     2.429 | FAST    |
S_B_i[0][2][2] | S_C_o[0][2][6] |     4.697 | SLOW    |     2.443 | FAST    |
S_B_i[0][2][2] | S_C_o[0][2][7] |     4.762 | SLOW    |     2.480 | FAST    |
S_B_i[0][2][2] | S_C_o[1][2][2] |     4.246 | SLOW    |     2.201 | FAST    |
S_B_i[0][2][2] | S_C_o[1][2][3] |     4.469 | SLOW    |     2.318 | FAST    |
S_B_i[0][2][2] | S_C_o[1][2][4] |     4.447 | SLOW    |     2.304 | FAST    |
S_B_i[0][2][2] | S_C_o[1][2][5] |     4.675 | SLOW    |     2.429 | FAST    |
S_B_i[0][2][2] | S_C_o[1][2][6] |     4.697 | SLOW    |     2.443 | FAST    |
S_B_i[0][2][2] | S_C_o[1][2][7] |     4.762 | SLOW    |     2.480 | FAST    |
S_B_i[0][2][2] | S_C_o[2][2][2] |     4.246 | SLOW    |     2.201 | FAST    |
S_B_i[0][2][2] | S_C_o[2][2][3] |     4.447 | SLOW    |     2.304 | FAST    |
S_B_i[0][2][2] | S_C_o[2][2][4] |     4.447 | SLOW    |     2.304 | FAST    |
S_B_i[0][2][2] | S_C_o[2][2][5] |     4.675 | SLOW    |     2.429 | FAST    |
S_B_i[0][2][2] | S_C_o[2][2][6] |     4.697 | SLOW    |     2.443 | FAST    |
S_B_i[0][2][2] | S_C_o[2][2][7] |     4.762 | SLOW    |     2.480 | FAST    |
S_B_i[0][2][2] | S_C_o[3][2][2] |     4.246 | SLOW    |     2.201 | FAST    |
S_B_i[0][2][2] | S_C_o[3][2][3] |     4.469 | SLOW    |     2.318 | FAST    |
S_B_i[0][2][2] | S_C_o[3][2][4] |     4.447 | SLOW    |     2.304 | FAST    |
S_B_i[0][2][2] | S_C_o[3][2][5] |     4.675 | SLOW    |     2.429 | FAST    |
S_B_i[0][2][2] | S_C_o[3][2][6] |     4.697 | SLOW    |     2.443 | FAST    |
S_B_i[0][2][2] | S_C_o[3][2][7] |     4.762 | SLOW    |     2.480 | FAST    |
S_B_i[0][2][3] | S_C_o[0][2][3] |     4.255 | SLOW    |     2.206 | FAST    |
S_B_i[0][2][3] | S_C_o[0][2][4] |     4.250 | SLOW    |     2.198 | FAST    |
S_B_i[0][2][3] | S_C_o[0][2][5] |     4.492 | SLOW    |     2.337 | FAST    |
S_B_i[0][2][3] | S_C_o[0][2][6] |     4.514 | SLOW    |     2.351 | FAST    |
S_B_i[0][2][3] | S_C_o[0][2][7] |     4.579 | SLOW    |     2.388 | FAST    |
S_B_i[0][2][3] | S_C_o[1][2][3] |     4.286 | SLOW    |     2.226 | FAST    |
S_B_i[0][2][3] | S_C_o[1][2][4] |     4.250 | SLOW    |     2.198 | FAST    |
S_B_i[0][2][3] | S_C_o[1][2][5] |     4.492 | SLOW    |     2.337 | FAST    |
S_B_i[0][2][3] | S_C_o[1][2][6] |     4.514 | SLOW    |     2.351 | FAST    |
S_B_i[0][2][3] | S_C_o[1][2][7] |     4.579 | SLOW    |     2.388 | FAST    |
S_B_i[0][2][3] | S_C_o[2][2][3] |     4.255 | SLOW    |     2.206 | FAST    |
S_B_i[0][2][3] | S_C_o[2][2][4] |     4.250 | SLOW    |     2.198 | FAST    |
S_B_i[0][2][3] | S_C_o[2][2][5] |     4.492 | SLOW    |     2.337 | FAST    |
S_B_i[0][2][3] | S_C_o[2][2][6] |     4.514 | SLOW    |     2.351 | FAST    |
S_B_i[0][2][3] | S_C_o[2][2][7] |     4.579 | SLOW    |     2.388 | FAST    |
S_B_i[0][2][3] | S_C_o[3][2][3] |     4.286 | SLOW    |     2.226 | FAST    |
S_B_i[0][2][3] | S_C_o[3][2][4] |     4.250 | SLOW    |     2.198 | FAST    |
S_B_i[0][2][3] | S_C_o[3][2][5] |     4.492 | SLOW    |     2.337 | FAST    |
S_B_i[0][2][3] | S_C_o[3][2][6] |     4.514 | SLOW    |     2.351 | FAST    |
S_B_i[0][2][3] | S_C_o[3][2][7] |     4.579 | SLOW    |     2.388 | FAST    |
S_B_i[0][2][4] | S_C_o[0][2][4] |     4.246 | SLOW    |     2.201 | FAST    |
S_B_i[0][2][4] | S_C_o[0][2][5] |     4.469 | SLOW    |     2.318 | FAST    |
S_B_i[0][2][4] | S_C_o[0][2][6] |     4.491 | SLOW    |     2.332 | FAST    |
S_B_i[0][2][4] | S_C_o[0][2][7] |     4.556 | SLOW    |     2.369 | FAST    |
S_B_i[0][2][4] | S_C_o[1][2][4] |     4.246 | SLOW    |     2.201 | FAST    |
S_B_i[0][2][4] | S_C_o[1][2][5] |     4.469 | SLOW    |     2.318 | FAST    |
S_B_i[0][2][4] | S_C_o[1][2][6] |     4.491 | SLOW    |     2.332 | FAST    |
S_B_i[0][2][4] | S_C_o[1][2][7] |     4.556 | SLOW    |     2.369 | FAST    |
S_B_i[0][2][4] | S_C_o[2][2][4] |     4.246 | SLOW    |     2.201 | FAST    |
S_B_i[0][2][4] | S_C_o[2][2][5] |     4.469 | SLOW    |     2.318 | FAST    |
S_B_i[0][2][4] | S_C_o[2][2][6] |     4.491 | SLOW    |     2.332 | FAST    |
S_B_i[0][2][4] | S_C_o[2][2][7] |     4.556 | SLOW    |     2.369 | FAST    |
S_B_i[0][2][4] | S_C_o[3][2][4] |     4.246 | SLOW    |     2.201 | FAST    |
S_B_i[0][2][4] | S_C_o[3][2][5] |     4.469 | SLOW    |     2.318 | FAST    |
S_B_i[0][2][4] | S_C_o[3][2][6] |     4.491 | SLOW    |     2.332 | FAST    |
S_B_i[0][2][4] | S_C_o[3][2][7] |     4.556 | SLOW    |     2.369 | FAST    |
S_B_i[0][2][5] | S_C_o[0][2][5] |     4.255 | SLOW    |     2.206 | FAST    |
S_B_i[0][2][5] | S_C_o[0][2][6] |     4.272 | SLOW    |     2.212 | FAST    |
S_B_i[0][2][5] | S_C_o[0][2][7] |     4.250 | SLOW    |     2.198 | FAST    |
S_B_i[0][2][5] | S_C_o[1][2][5] |     4.255 | SLOW    |     2.206 | FAST    |
S_B_i[0][2][5] | S_C_o[1][2][6] |     4.272 | SLOW    |     2.212 | FAST    |
S_B_i[0][2][5] | S_C_o[1][2][7] |     4.250 | SLOW    |     2.198 | FAST    |
S_B_i[0][2][5] | S_C_o[2][2][5] |     4.255 | SLOW    |     2.206 | FAST    |
S_B_i[0][2][5] | S_C_o[2][2][6] |     4.272 | SLOW    |     2.212 | FAST    |
S_B_i[0][2][5] | S_C_o[2][2][7] |     4.250 | SLOW    |     2.198 | FAST    |
S_B_i[0][2][5] | S_C_o[3][2][5] |     4.255 | SLOW    |     2.206 | FAST    |
S_B_i[0][2][5] | S_C_o[3][2][6] |     4.272 | SLOW    |     2.212 | FAST    |
S_B_i[0][2][5] | S_C_o[3][2][7] |     4.250 | SLOW    |     2.198 | FAST    |
S_B_i[0][2][6] | S_C_o[0][2][6] |     4.277 | SLOW    |     2.221 | FAST    |
S_B_i[0][2][6] | S_C_o[0][2][7] |     4.246 | SLOW    |     2.201 | FAST    |
S_B_i[0][2][6] | S_C_o[1][2][6] |     4.277 | SLOW    |     2.221 | FAST    |
S_B_i[0][2][6] | S_C_o[1][2][7] |     4.246 | SLOW    |     2.201 | FAST    |
S_B_i[0][2][6] | S_C_o[2][2][6] |     4.277 | SLOW    |     2.221 | FAST    |
S_B_i[0][2][6] | S_C_o[2][2][7] |     4.246 | SLOW    |     2.201 | FAST    |
S_B_i[0][2][6] | S_C_o[3][2][6] |     4.277 | SLOW    |     2.221 | FAST    |
S_B_i[0][2][6] | S_C_o[3][2][7] |     4.246 | SLOW    |     2.201 | FAST    |
S_B_i[0][2][7] | S_C_o[0][2][7] |     4.428 | SLOW    |     2.306 | FAST    |
S_B_i[0][2][7] | S_C_o[1][2][7] |     4.428 | SLOW    |     2.306 | FAST    |
S_B_i[0][2][7] | S_C_o[2][2][7] |     4.428 | SLOW    |     2.306 | FAST    |
S_B_i[0][2][7] | S_C_o[3][2][7] |     4.428 | SLOW    |     2.306 | FAST    |
S_B_i[0][3][0] | S_C_o[0][3][0] |     4.261 | SLOW    |     2.209 | FAST    |
S_B_i[0][3][0] | S_C_o[0][3][1] |     4.278 | SLOW    |     2.215 | FAST    |
S_B_i[0][3][0] | S_C_o[0][3][2] |     4.256 | SLOW    |     2.201 | FAST    |
S_B_i[0][3][0] | S_C_o[0][3][3] |     4.494 | SLOW    |     2.329 | FAST    |
S_B_i[0][3][0] | S_C_o[0][3][4] |     4.494 | SLOW    |     2.329 | FAST    |
S_B_i[0][3][0] | S_C_o[0][3][5] |     4.722 | SLOW    |     2.454 | FAST    |
S_B_i[0][3][0] | S_C_o[0][3][6] |     4.744 | SLOW    |     2.468 | FAST    |
S_B_i[0][3][0] | S_C_o[0][3][7] |     4.809 | SLOW    |     2.505 | FAST    |
S_B_i[0][3][0] | S_C_o[1][3][0] |     4.261 | SLOW    |     2.209 | FAST    |
S_B_i[0][3][0] | S_C_o[1][3][1] |     4.278 | SLOW    |     2.215 | FAST    |
S_B_i[0][3][0] | S_C_o[1][3][2] |     4.256 | SLOW    |     2.201 | FAST    |
S_B_i[0][3][0] | S_C_o[1][3][3] |     4.516 | SLOW    |     2.343 | FAST    |
S_B_i[0][3][0] | S_C_o[1][3][4] |     4.494 | SLOW    |     2.329 | FAST    |
S_B_i[0][3][0] | S_C_o[1][3][5] |     4.722 | SLOW    |     2.454 | FAST    |
S_B_i[0][3][0] | S_C_o[1][3][6] |     4.744 | SLOW    |     2.468 | FAST    |
S_B_i[0][3][0] | S_C_o[1][3][7] |     4.809 | SLOW    |     2.505 | FAST    |
S_B_i[0][3][0] | S_C_o[2][3][0] |     4.261 | SLOW    |     2.209 | FAST    |
S_B_i[0][3][0] | S_C_o[2][3][1] |     4.278 | SLOW    |     2.215 | FAST    |
S_B_i[0][3][0] | S_C_o[2][3][2] |     4.256 | SLOW    |     2.201 | FAST    |
S_B_i[0][3][0] | S_C_o[2][3][3] |     4.494 | SLOW    |     2.329 | FAST    |
S_B_i[0][3][0] | S_C_o[2][3][4] |     4.494 | SLOW    |     2.329 | FAST    |
S_B_i[0][3][0] | S_C_o[2][3][5] |     4.722 | SLOW    |     2.454 | FAST    |
S_B_i[0][3][0] | S_C_o[2][3][6] |     4.744 | SLOW    |     2.468 | FAST    |
S_B_i[0][3][0] | S_C_o[2][3][7] |     4.809 | SLOW    |     2.505 | FAST    |
S_B_i[0][3][0] | S_C_o[3][3][0] |     4.261 | SLOW    |     2.209 | FAST    |
S_B_i[0][3][0] | S_C_o[3][3][1] |     4.278 | SLOW    |     2.215 | FAST    |
S_B_i[0][3][0] | S_C_o[3][3][2] |     4.256 | SLOW    |     2.201 | FAST    |
S_B_i[0][3][0] | S_C_o[3][3][3] |     4.516 | SLOW    |     2.343 | FAST    |
S_B_i[0][3][0] | S_C_o[3][3][4] |     4.494 | SLOW    |     2.329 | FAST    |
S_B_i[0][3][0] | S_C_o[3][3][5] |     4.722 | SLOW    |     2.454 | FAST    |
S_B_i[0][3][0] | S_C_o[3][3][6] |     4.744 | SLOW    |     2.468 | FAST    |
S_B_i[0][3][0] | S_C_o[3][3][7] |     4.809 | SLOW    |     2.505 | FAST    |
S_B_i[0][3][1] | S_C_o[0][3][1] |     4.286 | SLOW    |     2.226 | FAST    |
S_B_i[0][3][1] | S_C_o[0][3][2] |     4.250 | SLOW    |     2.198 | FAST    |
S_B_i[0][3][1] | S_C_o[0][3][3] |     4.461 | SLOW    |     2.317 | FAST    |
S_B_i[0][3][1] | S_C_o[0][3][4] |     4.461 | SLOW    |     2.317 | FAST    |
S_B_i[0][3][1] | S_C_o[0][3][5] |     4.689 | SLOW    |     2.442 | FAST    |
S_B_i[0][3][1] | S_C_o[0][3][6] |     4.711 | SLOW    |     2.456 | FAST    |
S_B_i[0][3][1] | S_C_o[0][3][7] |     4.776 | SLOW    |     2.493 | FAST    |
S_B_i[0][3][1] | S_C_o[1][3][1] |     4.286 | SLOW    |     2.226 | FAST    |
S_B_i[0][3][1] | S_C_o[1][3][2] |     4.250 | SLOW    |     2.198 | FAST    |
S_B_i[0][3][1] | S_C_o[1][3][3] |     4.483 | SLOW    |     2.331 | FAST    |
S_B_i[0][3][1] | S_C_o[1][3][4] |     4.461 | SLOW    |     2.317 | FAST    |
S_B_i[0][3][1] | S_C_o[1][3][5] |     4.689 | SLOW    |     2.442 | FAST    |
S_B_i[0][3][1] | S_C_o[1][3][6] |     4.711 | SLOW    |     2.456 | FAST    |
S_B_i[0][3][1] | S_C_o[1][3][7] |     4.776 | SLOW    |     2.493 | FAST    |
S_B_i[0][3][1] | S_C_o[2][3][1] |     4.286 | SLOW    |     2.226 | FAST    |
S_B_i[0][3][1] | S_C_o[2][3][2] |     4.250 | SLOW    |     2.198 | FAST    |
S_B_i[0][3][1] | S_C_o[2][3][3] |     4.461 | SLOW    |     2.317 | FAST    |
S_B_i[0][3][1] | S_C_o[2][3][4] |     4.461 | SLOW    |     2.317 | FAST    |
S_B_i[0][3][1] | S_C_o[2][3][5] |     4.689 | SLOW    |     2.442 | FAST    |
S_B_i[0][3][1] | S_C_o[2][3][6] |     4.711 | SLOW    |     2.456 | FAST    |
S_B_i[0][3][1] | S_C_o[2][3][7] |     4.776 | SLOW    |     2.493 | FAST    |
S_B_i[0][3][1] | S_C_o[3][3][1] |     4.286 | SLOW    |     2.226 | FAST    |
S_B_i[0][3][1] | S_C_o[3][3][2] |     4.250 | SLOW    |     2.198 | FAST    |
S_B_i[0][3][1] | S_C_o[3][3][3] |     4.483 | SLOW    |     2.331 | FAST    |
S_B_i[0][3][1] | S_C_o[3][3][4] |     4.461 | SLOW    |     2.317 | FAST    |
S_B_i[0][3][1] | S_C_o[3][3][5] |     4.689 | SLOW    |     2.442 | FAST    |
S_B_i[0][3][1] | S_C_o[3][3][6] |     4.711 | SLOW    |     2.456 | FAST    |
S_B_i[0][3][1] | S_C_o[3][3][7] |     4.776 | SLOW    |     2.493 | FAST    |
S_B_i[0][3][2] | S_C_o[0][3][2] |     4.246 | SLOW    |     2.201 | FAST    |
S_B_i[0][3][2] | S_C_o[0][3][3] |     4.447 | SLOW    |     2.304 | FAST    |
S_B_i[0][3][2] | S_C_o[0][3][4] |     4.447 | SLOW    |     2.304 | FAST    |
S_B_i[0][3][2] | S_C_o[0][3][5] |     4.675 | SLOW    |     2.429 | FAST    |
S_B_i[0][3][2] | S_C_o[0][3][6] |     4.697 | SLOW    |     2.443 | FAST    |
S_B_i[0][3][2] | S_C_o[0][3][7] |     4.762 | SLOW    |     2.480 | FAST    |
S_B_i[0][3][2] | S_C_o[1][3][2] |     4.246 | SLOW    |     2.201 | FAST    |
S_B_i[0][3][2] | S_C_o[1][3][3] |     4.469 | SLOW    |     2.318 | FAST    |
S_B_i[0][3][2] | S_C_o[1][3][4] |     4.447 | SLOW    |     2.304 | FAST    |
S_B_i[0][3][2] | S_C_o[1][3][5] |     4.675 | SLOW    |     2.429 | FAST    |
S_B_i[0][3][2] | S_C_o[1][3][6] |     4.697 | SLOW    |     2.443 | FAST    |
S_B_i[0][3][2] | S_C_o[1][3][7] |     4.762 | SLOW    |     2.480 | FAST    |
S_B_i[0][3][2] | S_C_o[2][3][2] |     4.246 | SLOW    |     2.201 | FAST    |
S_B_i[0][3][2] | S_C_o[2][3][3] |     4.447 | SLOW    |     2.304 | FAST    |
S_B_i[0][3][2] | S_C_o[2][3][4] |     4.447 | SLOW    |     2.304 | FAST    |
S_B_i[0][3][2] | S_C_o[2][3][5] |     4.675 | SLOW    |     2.429 | FAST    |
S_B_i[0][3][2] | S_C_o[2][3][6] |     4.697 | SLOW    |     2.443 | FAST    |
S_B_i[0][3][2] | S_C_o[2][3][7] |     4.762 | SLOW    |     2.480 | FAST    |
S_B_i[0][3][2] | S_C_o[3][3][2] |     4.246 | SLOW    |     2.201 | FAST    |
S_B_i[0][3][2] | S_C_o[3][3][3] |     4.469 | SLOW    |     2.318 | FAST    |
S_B_i[0][3][2] | S_C_o[3][3][4] |     4.447 | SLOW    |     2.304 | FAST    |
S_B_i[0][3][2] | S_C_o[3][3][5] |     4.675 | SLOW    |     2.429 | FAST    |
S_B_i[0][3][2] | S_C_o[3][3][6] |     4.697 | SLOW    |     2.443 | FAST    |
S_B_i[0][3][2] | S_C_o[3][3][7] |     4.762 | SLOW    |     2.480 | FAST    |
S_B_i[0][3][3] | S_C_o[0][3][3] |     4.255 | SLOW    |     2.206 | FAST    |
S_B_i[0][3][3] | S_C_o[0][3][4] |     4.250 | SLOW    |     2.198 | FAST    |
S_B_i[0][3][3] | S_C_o[0][3][5] |     4.492 | SLOW    |     2.337 | FAST    |
S_B_i[0][3][3] | S_C_o[0][3][6] |     4.514 | SLOW    |     2.351 | FAST    |
S_B_i[0][3][3] | S_C_o[0][3][7] |     4.579 | SLOW    |     2.388 | FAST    |
S_B_i[0][3][3] | S_C_o[1][3][3] |     4.286 | SLOW    |     2.226 | FAST    |
S_B_i[0][3][3] | S_C_o[1][3][4] |     4.250 | SLOW    |     2.198 | FAST    |
S_B_i[0][3][3] | S_C_o[1][3][5] |     4.492 | SLOW    |     2.337 | FAST    |
S_B_i[0][3][3] | S_C_o[1][3][6] |     4.514 | SLOW    |     2.351 | FAST    |
S_B_i[0][3][3] | S_C_o[1][3][7] |     4.579 | SLOW    |     2.388 | FAST    |
S_B_i[0][3][3] | S_C_o[2][3][3] |     4.255 | SLOW    |     2.206 | FAST    |
S_B_i[0][3][3] | S_C_o[2][3][4] |     4.250 | SLOW    |     2.198 | FAST    |
S_B_i[0][3][3] | S_C_o[2][3][5] |     4.492 | SLOW    |     2.337 | FAST    |
S_B_i[0][3][3] | S_C_o[2][3][6] |     4.514 | SLOW    |     2.351 | FAST    |
S_B_i[0][3][3] | S_C_o[2][3][7] |     4.579 | SLOW    |     2.388 | FAST    |
S_B_i[0][3][3] | S_C_o[3][3][3] |     4.286 | SLOW    |     2.226 | FAST    |
S_B_i[0][3][3] | S_C_o[3][3][4] |     4.250 | SLOW    |     2.198 | FAST    |
S_B_i[0][3][3] | S_C_o[3][3][5] |     4.492 | SLOW    |     2.337 | FAST    |
S_B_i[0][3][3] | S_C_o[3][3][6] |     4.514 | SLOW    |     2.351 | FAST    |
S_B_i[0][3][3] | S_C_o[3][3][7] |     4.579 | SLOW    |     2.388 | FAST    |
S_B_i[0][3][4] | S_C_o[0][3][4] |     4.246 | SLOW    |     2.201 | FAST    |
S_B_i[0][3][4] | S_C_o[0][3][5] |     4.469 | SLOW    |     2.318 | FAST    |
S_B_i[0][3][4] | S_C_o[0][3][6] |     4.491 | SLOW    |     2.332 | FAST    |
S_B_i[0][3][4] | S_C_o[0][3][7] |     4.556 | SLOW    |     2.369 | FAST    |
S_B_i[0][3][4] | S_C_o[1][3][4] |     4.246 | SLOW    |     2.201 | FAST    |
S_B_i[0][3][4] | S_C_o[1][3][5] |     4.469 | SLOW    |     2.318 | FAST    |
S_B_i[0][3][4] | S_C_o[1][3][6] |     4.491 | SLOW    |     2.332 | FAST    |
S_B_i[0][3][4] | S_C_o[1][3][7] |     4.556 | SLOW    |     2.369 | FAST    |
S_B_i[0][3][4] | S_C_o[2][3][4] |     4.246 | SLOW    |     2.201 | FAST    |
S_B_i[0][3][4] | S_C_o[2][3][5] |     4.469 | SLOW    |     2.318 | FAST    |
S_B_i[0][3][4] | S_C_o[2][3][6] |     4.491 | SLOW    |     2.332 | FAST    |
S_B_i[0][3][4] | S_C_o[2][3][7] |     4.556 | SLOW    |     2.369 | FAST    |
S_B_i[0][3][4] | S_C_o[3][3][4] |     4.246 | SLOW    |     2.201 | FAST    |
S_B_i[0][3][4] | S_C_o[3][3][5] |     4.469 | SLOW    |     2.318 | FAST    |
S_B_i[0][3][4] | S_C_o[3][3][6] |     4.491 | SLOW    |     2.332 | FAST    |
S_B_i[0][3][4] | S_C_o[3][3][7] |     4.556 | SLOW    |     2.369 | FAST    |
S_B_i[0][3][5] | S_C_o[0][3][5] |     4.255 | SLOW    |     2.206 | FAST    |
S_B_i[0][3][5] | S_C_o[0][3][6] |     4.272 | SLOW    |     2.212 | FAST    |
S_B_i[0][3][5] | S_C_o[0][3][7] |     4.250 | SLOW    |     2.198 | FAST    |
S_B_i[0][3][5] | S_C_o[1][3][5] |     4.255 | SLOW    |     2.206 | FAST    |
S_B_i[0][3][5] | S_C_o[1][3][6] |     4.272 | SLOW    |     2.212 | FAST    |
S_B_i[0][3][5] | S_C_o[1][3][7] |     4.250 | SLOW    |     2.198 | FAST    |
S_B_i[0][3][5] | S_C_o[2][3][5] |     4.255 | SLOW    |     2.206 | FAST    |
S_B_i[0][3][5] | S_C_o[2][3][6] |     4.272 | SLOW    |     2.212 | FAST    |
S_B_i[0][3][5] | S_C_o[2][3][7] |     4.250 | SLOW    |     2.198 | FAST    |
S_B_i[0][3][5] | S_C_o[3][3][5] |     4.255 | SLOW    |     2.206 | FAST    |
S_B_i[0][3][5] | S_C_o[3][3][6] |     4.272 | SLOW    |     2.212 | FAST    |
S_B_i[0][3][5] | S_C_o[3][3][7] |     4.250 | SLOW    |     2.198 | FAST    |
S_B_i[0][3][6] | S_C_o[0][3][6] |     4.277 | SLOW    |     2.221 | FAST    |
S_B_i[0][3][6] | S_C_o[0][3][7] |     4.246 | SLOW    |     2.201 | FAST    |
S_B_i[0][3][6] | S_C_o[1][3][6] |     4.277 | SLOW    |     2.221 | FAST    |
S_B_i[0][3][6] | S_C_o[1][3][7] |     4.246 | SLOW    |     2.201 | FAST    |
S_B_i[0][3][6] | S_C_o[2][3][6] |     4.277 | SLOW    |     2.221 | FAST    |
S_B_i[0][3][6] | S_C_o[2][3][7] |     4.246 | SLOW    |     2.201 | FAST    |
S_B_i[0][3][6] | S_C_o[3][3][6] |     4.277 | SLOW    |     2.221 | FAST    |
S_B_i[0][3][6] | S_C_o[3][3][7] |     4.246 | SLOW    |     2.201 | FAST    |
S_B_i[0][3][7] | S_C_o[0][3][7] |     4.459 | SLOW    |     2.326 | FAST    |
S_B_i[0][3][7] | S_C_o[1][3][7] |     4.459 | SLOW    |     2.326 | FAST    |
S_B_i[0][3][7] | S_C_o[2][3][7] |     4.459 | SLOW    |     2.326 | FAST    |
S_B_i[0][3][7] | S_C_o[3][3][7] |     4.459 | SLOW    |     2.326 | FAST    |
---------------+----------------+-----------+---------+-----------+---------+



