Copyright 1986-2022 Xilinx, Inc. All Rights Reserved. Copyright 2022-2024 Advanced Micro Devices, Inc. All Rights Reserved.
---------------------------------------------------------------------------------------------------------------------------------------------------------------------------------------------------------------------------------------------------------------------------------------
| Tool Version      : Vivado v.2024.2 (lin64) Build 5239630 Fri Nov 08 22:34:34 MST 2024
| Date              : Thu Jan 15 19:49:18 2026
| Host              : ee-kraken running 64-bit Red Hat Enterprise Linux 9.5 (Plow)
| Command           : report_timing_summary -datasheet -file ./src/attention/synth_output_matmul/matmul_fp_S_q_4_S_kv_4_d_kq_4_d_v_4_k_4_scale_width_8_M1_E_0_M1_M_5_M2_E_0_M2_M_5_M3_E_0_M3_M_5_ACCUM_METHOD_KULISCH_KULISCH_KULISCH_DSP_auto_auto_auto_time_20260115_1946_timing.rpt
| Design            : matmul_fp
| Device            : xcv80-lsva4737
| Speed File        : -2MHP  PRODUCTION 2.04 2024-08-06
| Design State      : Synthesized
| Temperature Grade : E
---------------------------------------------------------------------------------------------------------------------------------------------------------------------------------------------------------------------------------------------------------------------------------------

Timing Summary Report

------------------------------------------------------------------------------------------------
| Timer Settings
| --------------
------------------------------------------------------------------------------------------------

  Enable Multi Corner Analysis               :  Yes
  Enable Pessimism Removal                   :  Yes
  Pessimism Removal Resolution               :  Nearest Common Node
  Enable Input Delay Default Clock           :  No
  Enable Preset / Clear Arcs                 :  No
  Disable Flight Delays                      :  No
  Ignore I/O Paths                           :  No
  Timing Early Launch at Borrowing Latches   :  No
  Borrow Time for Max Delay Exceptions       :  Yes
  Merge Timing Exceptions                    :  Yes
  Inter-SLR Compensation                     :  Conservative

  Corner  Analyze    Analyze    
  Name    Max Paths  Min Paths  
  ------  ---------  ---------  
  Slow    Yes        Yes        
  Fast    Yes        Yes        


------------------------------------------------------------------------------------------------
| Report Methodology
| ------------------
------------------------------------------------------------------------------------------------

No report available as report_methodology has not been run prior. Run report_methodology on the current design for the summary of methodology violations.



check_timing report

Table of Contents
-----------------
1. checking no_clock (0)
2. checking constant_clock (0)
3. checking pulse_width_clock (0)
4. checking unconstrained_internal_endpoints (0)
5. checking no_input_delay (0)
6. checking no_output_delay (0)
7. checking multiple_clock (0)
8. checking generated_clocks (0)
9. checking loops (0)
10. checking partial_input_delay (0)
11. checking partial_output_delay (0)
12. checking latch_loops (0)

1. checking no_clock (0)
------------------------
 There are 0 register/latch pins with no clock.


2. checking constant_clock (0)
------------------------------
 There are 0 register/latch pins with constant_clock.


3. checking pulse_width_clock (0)
---------------------------------
 There are 0 register/latch pins which need pulse_width check


4. checking unconstrained_internal_endpoints (0)
------------------------------------------------
 There are 0 pins that are not constrained for maximum delay.

 There are 0 pins that are not constrained for maximum delay due to constant clock.


5. checking no_input_delay (0)
------------------------------
 There are 0 input ports with no input delay specified.

 There are 0 input ports with no input delay but user has a false path constraint.


6. checking no_output_delay (0)
-------------------------------
 There are 0 ports with no output delay specified.

 There are 0 ports with no output delay but user has a false path constraint

 There are 0 ports with no output delay but with a timing clock defined on it or propagating through it


7. checking multiple_clock (0)
------------------------------
 There are 0 register/latch pins with multiple clocks.


8. checking generated_clocks (0)
--------------------------------
 There are 0 generated clocks that are not connected to a clock source.


9. checking loops (0)
---------------------
 There are 0 combinational loops in the design.


10. checking partial_input_delay (0)
------------------------------------
 There are 0 input ports with partial input delay specified.


11. checking partial_output_delay (0)
-------------------------------------
 There are 0 ports with partial output delay specified.


12. checking latch_loops (0)
----------------------------
 There are 0 combinational latch loops in the design through latch input



------------------------------------------------------------------------------------------------
| Design Timing Summary
| ---------------------
------------------------------------------------------------------------------------------------

    WNS(ns)      TNS(ns)  TNS Failing Endpoints  TNS Total Endpoints      WHS(ns)      THS(ns)  THS Failing Endpoints  THS Total Endpoints     WPWS(ns)     TPWS(ns)  TPWS Failing Endpoints  TPWS Total Endpoints  
    -------      -------  ---------------------  -------------------      -------      -------  ---------------------  -------------------     --------     --------  ----------------------  --------------------  
         NA           NA                     NA                   NA           NA           NA                     NA                   NA           NA           NA                      NA                    NA  


All user specified timing constraints are met.


------------------------------------------------------------------------------------------------
| Clock Summary
| -------------
------------------------------------------------------------------------------------------------

Clock  Waveform(ns)         Period(ns)      Frequency(MHz)
-----  ------------         ----------      --------------
i_clk  {0.000 2.500}        5.000           200.000         


------------------------------------------------------------------------------------------------
| Intra Clock Table
| -----------------
------------------------------------------------------------------------------------------------

Clock             WNS(ns)      TNS(ns)  TNS Failing Endpoints  TNS Total Endpoints      WHS(ns)      THS(ns)  THS Failing Endpoints  THS Total Endpoints     WPWS(ns)     TPWS(ns)  TPWS Failing Endpoints  TPWS Total Endpoints  
-----             -------      -------  ---------------------  -------------------      -------      -------  ---------------------  -------------------     --------     --------  ----------------------  --------------------  


------------------------------------------------------------------------------------------------
| Inter Clock Table
| -----------------
------------------------------------------------------------------------------------------------

From Clock    To Clock          WNS(ns)      TNS(ns)  TNS Failing Endpoints  TNS Total Endpoints      WHS(ns)      THS(ns)  THS Failing Endpoints  THS Total Endpoints  
----------    --------          -------      -------  ---------------------  -------------------      -------      -------  ---------------------  -------------------  


------------------------------------------------------------------------------------------------
| Other Path Groups Table
| -----------------------
------------------------------------------------------------------------------------------------

Path Group    From Clock    To Clock          WNS(ns)      TNS(ns)  TNS Failing Endpoints  TNS Total Endpoints      WHS(ns)      THS(ns)  THS Failing Endpoints  THS Total Endpoints  
----------    ----------    --------          -------      -------  ---------------------  -------------------      -------      -------  ---------------------  -------------------  


------------------------------------------------------------------------------------------------
| Timing Details
| --------------
------------------------------------------------------------------------------------------------


------------------------------------------------------------------------------------------------
| Data sheet
| ----------
------------------------------------------------------------------------------------------------

Combinational Delays

---------------+----------------+-----------+---------+-----------+---------+
From           | To             |   Max     | Process |   Min     | Process |
Port           | Port           | Delay(ns) | Corner  | Delay(ns) | Corner  |
---------------+----------------+-----------+---------+-----------+---------+
A_i[0][0][0]   | C_o[0][0][0]   |     4.593 | SLOW    |     2.381 | FAST    |
A_i[0][0][0]   | C_o[0][0][1]   |     4.777 | SLOW    |     2.395 | FAST    |
A_i[0][0][0]   | C_o[0][0][2]   |     5.121 | SLOW    |     2.421 | FAST    |
A_i[0][0][0]   | C_o[0][0][3]   |     5.325 | SLOW    |     2.477 | FAST    |
A_i[0][0][0]   | C_o[0][0][4]   |     5.392 | SLOW    |     2.431 | FAST    |
A_i[0][0][0]   | C_o[0][0][5]   |     5.660 | SLOW    |     2.473 | FAST    |
A_i[0][0][0]   | C_o[0][1][0]   |     4.593 | SLOW    |     2.381 | FAST    |
A_i[0][0][0]   | C_o[0][1][1]   |     4.777 | SLOW    |     2.395 | FAST    |
A_i[0][0][0]   | C_o[0][1][2]   |     5.121 | SLOW    |     2.421 | FAST    |
A_i[0][0][0]   | C_o[0][1][3]   |     5.325 | SLOW    |     2.477 | FAST    |
A_i[0][0][0]   | C_o[0][1][4]   |     5.392 | SLOW    |     2.431 | FAST    |
A_i[0][0][0]   | C_o[0][1][5]   |     5.660 | SLOW    |     2.473 | FAST    |
A_i[0][0][0]   | C_o[0][2][0]   |     4.593 | SLOW    |     2.381 | FAST    |
A_i[0][0][0]   | C_o[0][2][1]   |     4.777 | SLOW    |     2.395 | FAST    |
A_i[0][0][0]   | C_o[0][2][2]   |     5.121 | SLOW    |     2.421 | FAST    |
A_i[0][0][0]   | C_o[0][2][3]   |     5.325 | SLOW    |     2.477 | FAST    |
A_i[0][0][0]   | C_o[0][2][4]   |     5.392 | SLOW    |     2.431 | FAST    |
A_i[0][0][0]   | C_o[0][2][5]   |     5.660 | SLOW    |     2.473 | FAST    |
A_i[0][0][0]   | C_o[0][3][0]   |     4.593 | SLOW    |     2.381 | FAST    |
A_i[0][0][0]   | C_o[0][3][1]   |     4.777 | SLOW    |     2.395 | FAST    |
A_i[0][0][0]   | C_o[0][3][2]   |     5.121 | SLOW    |     2.421 | FAST    |
A_i[0][0][0]   | C_o[0][3][3]   |     5.325 | SLOW    |     2.477 | FAST    |
A_i[0][0][0]   | C_o[0][3][4]   |     5.392 | SLOW    |     2.431 | FAST    |
A_i[0][0][0]   | C_o[0][3][5]   |     5.660 | SLOW    |     2.473 | FAST    |
A_i[0][0][1]   | C_o[0][0][1]   |     4.883 | SLOW    |     2.538 | FAST    |
A_i[0][0][1]   | C_o[0][0][2]   |     5.103 | SLOW    |     2.474 | FAST    |
A_i[0][0][1]   | C_o[0][0][3]   |     5.307 | SLOW    |     2.530 | FAST    |
A_i[0][0][1]   | C_o[0][0][4]   |     5.374 | SLOW    |     2.490 | FAST    |
A_i[0][0][1]   | C_o[0][0][5]   |     5.642 | SLOW    |     2.526 | FAST    |
A_i[0][0][1]   | C_o[0][1][1]   |     4.883 | SLOW    |     2.538 | FAST    |
A_i[0][0][1]   | C_o[0][1][2]   |     5.103 | SLOW    |     2.474 | FAST    |
A_i[0][0][1]   | C_o[0][1][3]   |     5.307 | SLOW    |     2.530 | FAST    |
A_i[0][0][1]   | C_o[0][1][4]   |     5.374 | SLOW    |     2.490 | FAST    |
A_i[0][0][1]   | C_o[0][1][5]   |     5.642 | SLOW    |     2.526 | FAST    |
A_i[0][0][1]   | C_o[0][2][1]   |     4.883 | SLOW    |     2.538 | FAST    |
A_i[0][0][1]   | C_o[0][2][2]   |     5.103 | SLOW    |     2.474 | FAST    |
A_i[0][0][1]   | C_o[0][2][3]   |     5.307 | SLOW    |     2.530 | FAST    |
A_i[0][0][1]   | C_o[0][2][4]   |     5.374 | SLOW    |     2.490 | FAST    |
A_i[0][0][1]   | C_o[0][2][5]   |     5.642 | SLOW    |     2.526 | FAST    |
A_i[0][0][1]   | C_o[0][3][1]   |     4.883 | SLOW    |     2.538 | FAST    |
A_i[0][0][1]   | C_o[0][3][2]   |     5.103 | SLOW    |     2.474 | FAST    |
A_i[0][0][1]   | C_o[0][3][3]   |     5.307 | SLOW    |     2.530 | FAST    |
A_i[0][0][1]   | C_o[0][3][4]   |     5.374 | SLOW    |     2.490 | FAST    |
A_i[0][0][1]   | C_o[0][3][5]   |     5.642 | SLOW    |     2.526 | FAST    |
A_i[0][0][2]   | C_o[0][0][2]   |     4.769 | SLOW    |     2.483 | FAST    |
A_i[0][0][2]   | C_o[0][0][3]   |     5.082 | SLOW    |     2.499 | FAST    |
A_i[0][0][2]   | C_o[0][0][4]   |     5.353 | SLOW    |     2.397 | FAST    |
A_i[0][0][2]   | C_o[0][0][5]   |     5.621 | SLOW    |     2.530 | FAST    |
A_i[0][0][2]   | C_o[0][1][2]   |     4.769 | SLOW    |     2.483 | FAST    |
A_i[0][0][2]   | C_o[0][1][3]   |     5.082 | SLOW    |     2.499 | FAST    |
A_i[0][0][2]   | C_o[0][1][4]   |     5.353 | SLOW    |     2.397 | FAST    |
A_i[0][0][2]   | C_o[0][1][5]   |     5.621 | SLOW    |     2.530 | FAST    |
A_i[0][0][2]   | C_o[0][2][2]   |     4.769 | SLOW    |     2.483 | FAST    |
A_i[0][0][2]   | C_o[0][2][3]   |     5.082 | SLOW    |     2.499 | FAST    |
A_i[0][0][2]   | C_o[0][2][4]   |     5.353 | SLOW    |     2.397 | FAST    |
A_i[0][0][2]   | C_o[0][2][5]   |     5.621 | SLOW    |     2.530 | FAST    |
A_i[0][0][2]   | C_o[0][3][2]   |     4.769 | SLOW    |     2.483 | FAST    |
A_i[0][0][2]   | C_o[0][3][3]   |     5.082 | SLOW    |     2.499 | FAST    |
A_i[0][0][2]   | C_o[0][3][4]   |     5.353 | SLOW    |     2.397 | FAST    |
A_i[0][0][2]   | C_o[0][3][5]   |     5.621 | SLOW    |     2.530 | FAST    |
A_i[0][0][3]   | C_o[0][0][3]   |     4.726 | SLOW    |     2.459 | FAST    |
A_i[0][0][3]   | C_o[0][0][4]   |     5.144 | SLOW    |     2.350 | FAST    |
A_i[0][0][3]   | C_o[0][0][5]   |     5.413 | SLOW    |     2.483 | FAST    |
A_i[0][0][3]   | C_o[0][1][3]   |     4.726 | SLOW    |     2.459 | FAST    |
A_i[0][0][3]   | C_o[0][1][4]   |     5.166 | SLOW    |     2.350 | FAST    |
A_i[0][0][3]   | C_o[0][1][5]   |     5.435 | SLOW    |     2.483 | FAST    |
A_i[0][0][3]   | C_o[0][2][3]   |     4.726 | SLOW    |     2.459 | FAST    |
A_i[0][0][3]   | C_o[0][2][4]   |     5.144 | SLOW    |     2.350 | FAST    |
A_i[0][0][3]   | C_o[0][2][5]   |     5.413 | SLOW    |     2.483 | FAST    |
A_i[0][0][3]   | C_o[0][3][3]   |     4.726 | SLOW    |     2.459 | FAST    |
A_i[0][0][3]   | C_o[0][3][4]   |     5.166 | SLOW    |     2.350 | FAST    |
A_i[0][0][3]   | C_o[0][3][5]   |     5.435 | SLOW    |     2.483 | FAST    |
A_i[0][0][4]   | C_o[0][0][4]   |     5.134 | SLOW    |     2.694 | FAST    |
A_i[0][0][4]   | C_o[0][0][5]   |     5.403 | SLOW    |     2.643 | FAST    |
A_i[0][0][4]   | C_o[0][1][4]   |     5.165 | SLOW    |     2.714 | FAST    |
A_i[0][0][4]   | C_o[0][1][5]   |     5.434 | SLOW    |     2.663 | FAST    |
A_i[0][0][4]   | C_o[0][2][4]   |     5.134 | SLOW    |     2.694 | FAST    |
A_i[0][0][4]   | C_o[0][2][5]   |     5.403 | SLOW    |     2.643 | FAST    |
A_i[0][0][4]   | C_o[0][3][4]   |     5.165 | SLOW    |     2.714 | FAST    |
A_i[0][0][4]   | C_o[0][3][5]   |     5.434 | SLOW    |     2.663 | FAST    |
A_i[0][0][5]   | C_o[0][0][5]   |     5.307 | SLOW    |     2.795 | FAST    |
A_i[0][0][5]   | C_o[0][1][5]   |     5.307 | SLOW    |     2.795 | FAST    |
A_i[0][0][5]   | C_o[0][2][5]   |     5.307 | SLOW    |     2.795 | FAST    |
A_i[0][0][5]   | C_o[0][3][5]   |     5.307 | SLOW    |     2.795 | FAST    |
A_i[0][1][0]   | C_o[0][0][0]   |     4.578 | SLOW    |     2.377 | FAST    |
A_i[0][1][0]   | C_o[0][0][1]   |     4.777 | SLOW    |     2.395 | FAST    |
A_i[0][1][0]   | C_o[0][0][2]   |     5.112 | SLOW    |     2.477 | FAST    |
A_i[0][1][0]   | C_o[0][0][3]   |     5.320 | SLOW    |     2.538 | FAST    |
A_i[0][1][0]   | C_o[0][0][4]   |     5.500 | SLOW    |     2.518 | FAST    |
A_i[0][1][0]   | C_o[0][0][5]   |     5.675 | SLOW    |     2.536 | FAST    |
A_i[0][1][0]   | C_o[0][1][0]   |     4.578 | SLOW    |     2.377 | FAST    |
A_i[0][1][0]   | C_o[0][1][1]   |     4.777 | SLOW    |     2.395 | FAST    |
A_i[0][1][0]   | C_o[0][1][2]   |     5.112 | SLOW    |     2.477 | FAST    |
A_i[0][1][0]   | C_o[0][1][3]   |     5.320 | SLOW    |     2.538 | FAST    |
A_i[0][1][0]   | C_o[0][1][4]   |     5.500 | SLOW    |     2.518 | FAST    |
A_i[0][1][0]   | C_o[0][1][5]   |     5.675 | SLOW    |     2.536 | FAST    |
A_i[0][1][0]   | C_o[0][2][0]   |     4.578 | SLOW    |     2.377 | FAST    |
A_i[0][1][0]   | C_o[0][2][1]   |     4.777 | SLOW    |     2.395 | FAST    |
A_i[0][1][0]   | C_o[0][2][2]   |     5.112 | SLOW    |     2.477 | FAST    |
A_i[0][1][0]   | C_o[0][2][3]   |     5.320 | SLOW    |     2.538 | FAST    |
A_i[0][1][0]   | C_o[0][2][4]   |     5.500 | SLOW    |     2.518 | FAST    |
A_i[0][1][0]   | C_o[0][2][5]   |     5.675 | SLOW    |     2.536 | FAST    |
A_i[0][1][0]   | C_o[0][3][0]   |     4.578 | SLOW    |     2.377 | FAST    |
A_i[0][1][0]   | C_o[0][3][1]   |     4.777 | SLOW    |     2.395 | FAST    |
A_i[0][1][0]   | C_o[0][3][2]   |     5.112 | SLOW    |     2.477 | FAST    |
A_i[0][1][0]   | C_o[0][3][3]   |     5.320 | SLOW    |     2.538 | FAST    |
A_i[0][1][0]   | C_o[0][3][4]   |     5.500 | SLOW    |     2.518 | FAST    |
A_i[0][1][0]   | C_o[0][3][5]   |     5.675 | SLOW    |     2.536 | FAST    |
A_i[0][1][1]   | C_o[0][0][1]   |     4.883 | SLOW    |     2.538 | FAST    |
A_i[0][1][1]   | C_o[0][0][2]   |     5.094 | SLOW    |     2.530 | FAST    |
A_i[0][1][1]   | C_o[0][0][3]   |     5.302 | SLOW    |     2.597 | FAST    |
A_i[0][1][1]   | C_o[0][0][4]   |     5.482 | SLOW    |     2.577 | FAST    |
A_i[0][1][1]   | C_o[0][0][5]   |     5.657 | SLOW    |     2.574 | FAST    |
A_i[0][1][1]   | C_o[0][1][1]   |     4.883 | SLOW    |     2.538 | FAST    |
A_i[0][1][1]   | C_o[0][1][2]   |     5.094 | SLOW    |     2.530 | FAST    |
A_i[0][1][1]   | C_o[0][1][3]   |     5.302 | SLOW    |     2.597 | FAST    |
A_i[0][1][1]   | C_o[0][1][4]   |     5.482 | SLOW    |     2.577 | FAST    |
A_i[0][1][1]   | C_o[0][1][5]   |     5.657 | SLOW    |     2.574 | FAST    |
A_i[0][1][1]   | C_o[0][2][1]   |     4.883 | SLOW    |     2.538 | FAST    |
A_i[0][1][1]   | C_o[0][2][2]   |     5.094 | SLOW    |     2.530 | FAST    |
A_i[0][1][1]   | C_o[0][2][3]   |     5.302 | SLOW    |     2.597 | FAST    |
A_i[0][1][1]   | C_o[0][2][4]   |     5.482 | SLOW    |     2.577 | FAST    |
A_i[0][1][1]   | C_o[0][2][5]   |     5.657 | SLOW    |     2.574 | FAST    |
A_i[0][1][1]   | C_o[0][3][1]   |     4.883 | SLOW    |     2.538 | FAST    |
A_i[0][1][1]   | C_o[0][3][2]   |     5.094 | SLOW    |     2.530 | FAST    |
A_i[0][1][1]   | C_o[0][3][3]   |     5.302 | SLOW    |     2.597 | FAST    |
A_i[0][1][1]   | C_o[0][3][4]   |     5.482 | SLOW    |     2.577 | FAST    |
A_i[0][1][1]   | C_o[0][3][5]   |     5.657 | SLOW    |     2.574 | FAST    |
A_i[0][1][2]   | C_o[0][0][2]   |     4.760 | SLOW    |     2.481 | FAST    |
A_i[0][1][2]   | C_o[0][0][3]   |     5.103 | SLOW    |     2.503 | FAST    |
A_i[0][1][2]   | C_o[0][0][4]   |     5.406 | SLOW    |     2.483 | FAST    |
A_i[0][1][2]   | C_o[0][0][5]   |     5.636 | SLOW    |     2.531 | FAST    |
A_i[0][1][2]   | C_o[0][1][2]   |     4.760 | SLOW    |     2.481 | FAST    |
A_i[0][1][2]   | C_o[0][1][3]   |     5.103 | SLOW    |     2.503 | FAST    |
A_i[0][1][2]   | C_o[0][1][4]   |     5.406 | SLOW    |     2.483 | FAST    |
A_i[0][1][2]   | C_o[0][1][5]   |     5.636 | SLOW    |     2.531 | FAST    |
A_i[0][1][2]   | C_o[0][2][2]   |     4.760 | SLOW    |     2.481 | FAST    |
A_i[0][1][2]   | C_o[0][2][3]   |     5.103 | SLOW    |     2.503 | FAST    |
A_i[0][1][2]   | C_o[0][2][4]   |     5.406 | SLOW    |     2.483 | FAST    |
A_i[0][1][2]   | C_o[0][2][5]   |     5.636 | SLOW    |     2.531 | FAST    |
A_i[0][1][2]   | C_o[0][3][2]   |     4.760 | SLOW    |     2.481 | FAST    |
A_i[0][1][2]   | C_o[0][3][3]   |     5.103 | SLOW    |     2.503 | FAST    |
A_i[0][1][2]   | C_o[0][3][4]   |     5.406 | SLOW    |     2.483 | FAST    |
A_i[0][1][2]   | C_o[0][3][5]   |     5.636 | SLOW    |     2.531 | FAST    |
A_i[0][1][3]   | C_o[0][0][3]   |     4.747 | SLOW    |     2.466 | FAST    |
A_i[0][1][3]   | C_o[0][0][4]   |     5.159 | SLOW    |     2.462 | FAST    |
A_i[0][1][3]   | C_o[0][0][5]   |     5.428 | SLOW    |     2.484 | FAST    |
A_i[0][1][3]   | C_o[0][1][3]   |     4.747 | SLOW    |     2.466 | FAST    |
A_i[0][1][3]   | C_o[0][1][4]   |     5.181 | SLOW    |     2.462 | FAST    |
A_i[0][1][3]   | C_o[0][1][5]   |     5.450 | SLOW    |     2.484 | FAST    |
A_i[0][1][3]   | C_o[0][2][3]   |     4.747 | SLOW    |     2.466 | FAST    |
A_i[0][1][3]   | C_o[0][2][4]   |     5.159 | SLOW    |     2.462 | FAST    |
A_i[0][1][3]   | C_o[0][2][5]   |     5.428 | SLOW    |     2.484 | FAST    |
A_i[0][1][3]   | C_o[0][3][3]   |     4.747 | SLOW    |     2.466 | FAST    |
A_i[0][1][3]   | C_o[0][3][4]   |     5.181 | SLOW    |     2.462 | FAST    |
A_i[0][1][3]   | C_o[0][3][5]   |     5.450 | SLOW    |     2.484 | FAST    |
A_i[0][1][4]   | C_o[0][0][4]   |     5.149 | SLOW    |     2.698 | FAST    |
A_i[0][1][4]   | C_o[0][0][5]   |     5.418 | SLOW    |     2.647 | FAST    |
A_i[0][1][4]   | C_o[0][1][4]   |     5.180 | SLOW    |     2.718 | FAST    |
A_i[0][1][4]   | C_o[0][1][5]   |     5.449 | SLOW    |     2.667 | FAST    |
A_i[0][1][4]   | C_o[0][2][4]   |     5.149 | SLOW    |     2.698 | FAST    |
A_i[0][1][4]   | C_o[0][2][5]   |     5.418 | SLOW    |     2.647 | FAST    |
A_i[0][1][4]   | C_o[0][3][4]   |     5.180 | SLOW    |     2.718 | FAST    |
A_i[0][1][4]   | C_o[0][3][5]   |     5.449 | SLOW    |     2.667 | FAST    |
A_i[0][1][5]   | C_o[0][0][5]   |     5.270 | SLOW    |     2.773 | FAST    |
A_i[0][1][5]   | C_o[0][1][5]   |     5.270 | SLOW    |     2.773 | FAST    |
A_i[0][1][5]   | C_o[0][2][5]   |     5.270 | SLOW    |     2.773 | FAST    |
A_i[0][1][5]   | C_o[0][3][5]   |     5.270 | SLOW    |     2.773 | FAST    |
A_i[0][2][0]   | C_o[0][0][0]   |     4.578 | SLOW    |     2.377 | FAST    |
A_i[0][2][0]   | C_o[0][0][1]   |     4.762 | SLOW    |     2.397 | FAST    |
A_i[0][2][0]   | C_o[0][0][2]   |     5.112 | SLOW    |     2.473 | FAST    |
A_i[0][2][0]   | C_o[0][0][3]   |     5.320 | SLOW    |     2.536 | FAST    |
A_i[0][2][0]   | C_o[0][0][4]   |     5.500 | SLOW    |     2.518 | FAST    |
A_i[0][2][0]   | C_o[0][0][5]   |     5.660 | SLOW    |     2.536 | FAST    |
A_i[0][2][0]   | C_o[0][1][0]   |     4.578 | SLOW    |     2.377 | FAST    |
A_i[0][2][0]   | C_o[0][1][1]   |     4.762 | SLOW    |     2.397 | FAST    |
A_i[0][2][0]   | C_o[0][1][2]   |     5.112 | SLOW    |     2.473 | FAST    |
A_i[0][2][0]   | C_o[0][1][3]   |     5.320 | SLOW    |     2.536 | FAST    |
A_i[0][2][0]   | C_o[0][1][4]   |     5.500 | SLOW    |     2.518 | FAST    |
A_i[0][2][0]   | C_o[0][1][5]   |     5.660 | SLOW    |     2.536 | FAST    |
A_i[0][2][0]   | C_o[0][2][0]   |     4.578 | SLOW    |     2.377 | FAST    |
A_i[0][2][0]   | C_o[0][2][1]   |     4.762 | SLOW    |     2.397 | FAST    |
A_i[0][2][0]   | C_o[0][2][2]   |     5.112 | SLOW    |     2.473 | FAST    |
A_i[0][2][0]   | C_o[0][2][3]   |     5.320 | SLOW    |     2.536 | FAST    |
A_i[0][2][0]   | C_o[0][2][4]   |     5.500 | SLOW    |     2.518 | FAST    |
A_i[0][2][0]   | C_o[0][2][5]   |     5.660 | SLOW    |     2.536 | FAST    |
A_i[0][2][0]   | C_o[0][3][0]   |     4.578 | SLOW    |     2.377 | FAST    |
A_i[0][2][0]   | C_o[0][3][1]   |     4.762 | SLOW    |     2.397 | FAST    |
A_i[0][2][0]   | C_o[0][3][2]   |     5.112 | SLOW    |     2.473 | FAST    |
A_i[0][2][0]   | C_o[0][3][3]   |     5.320 | SLOW    |     2.536 | FAST    |
A_i[0][2][0]   | C_o[0][3][4]   |     5.500 | SLOW    |     2.518 | FAST    |
A_i[0][2][0]   | C_o[0][3][5]   |     5.660 | SLOW    |     2.536 | FAST    |
A_i[0][2][1]   | C_o[0][0][1]   |     4.868 | SLOW    |     2.534 | FAST    |
A_i[0][2][1]   | C_o[0][0][2]   |     5.094 | SLOW    |     2.526 | FAST    |
A_i[0][2][1]   | C_o[0][0][3]   |     5.302 | SLOW    |     2.595 | FAST    |
A_i[0][2][1]   | C_o[0][0][4]   |     5.482 | SLOW    |     2.577 | FAST    |
A_i[0][2][1]   | C_o[0][0][5]   |     5.642 | SLOW    |     2.574 | FAST    |
A_i[0][2][1]   | C_o[0][1][1]   |     4.868 | SLOW    |     2.534 | FAST    |
A_i[0][2][1]   | C_o[0][1][2]   |     5.094 | SLOW    |     2.526 | FAST    |
A_i[0][2][1]   | C_o[0][1][3]   |     5.302 | SLOW    |     2.595 | FAST    |
A_i[0][2][1]   | C_o[0][1][4]   |     5.482 | SLOW    |     2.577 | FAST    |
A_i[0][2][1]   | C_o[0][1][5]   |     5.642 | SLOW    |     2.574 | FAST    |
A_i[0][2][1]   | C_o[0][2][1]   |     4.868 | SLOW    |     2.534 | FAST    |
A_i[0][2][1]   | C_o[0][2][2]   |     5.094 | SLOW    |     2.526 | FAST    |
A_i[0][2][1]   | C_o[0][2][3]   |     5.302 | SLOW    |     2.595 | FAST    |
A_i[0][2][1]   | C_o[0][2][4]   |     5.482 | SLOW    |     2.577 | FAST    |
A_i[0][2][1]   | C_o[0][2][5]   |     5.642 | SLOW    |     2.574 | FAST    |
A_i[0][2][1]   | C_o[0][3][1]   |     4.868 | SLOW    |     2.534 | FAST    |
A_i[0][2][1]   | C_o[0][3][2]   |     5.094 | SLOW    |     2.526 | FAST    |
A_i[0][2][1]   | C_o[0][3][3]   |     5.302 | SLOW    |     2.595 | FAST    |
A_i[0][2][1]   | C_o[0][3][4]   |     5.482 | SLOW    |     2.577 | FAST    |
A_i[0][2][1]   | C_o[0][3][5]   |     5.642 | SLOW    |     2.574 | FAST    |
A_i[0][2][2]   | C_o[0][0][2]   |     4.760 | SLOW    |     2.481 | FAST    |
A_i[0][2][2]   | C_o[0][0][3]   |     5.103 | SLOW    |     2.501 | FAST    |
A_i[0][2][2]   | C_o[0][0][4]   |     5.406 | SLOW    |     2.483 | FAST    |
A_i[0][2][2]   | C_o[0][0][5]   |     5.621 | SLOW    |     2.531 | FAST    |
A_i[0][2][2]   | C_o[0][1][2]   |     4.760 | SLOW    |     2.481 | FAST    |
A_i[0][2][2]   | C_o[0][1][3]   |     5.103 | SLOW    |     2.501 | FAST    |
A_i[0][2][2]   | C_o[0][1][4]   |     5.406 | SLOW    |     2.483 | FAST    |
A_i[0][2][2]   | C_o[0][1][5]   |     5.621 | SLOW    |     2.531 | FAST    |
A_i[0][2][2]   | C_o[0][2][2]   |     4.760 | SLOW    |     2.481 | FAST    |
A_i[0][2][2]   | C_o[0][2][3]   |     5.103 | SLOW    |     2.501 | FAST    |
A_i[0][2][2]   | C_o[0][2][4]   |     5.406 | SLOW    |     2.483 | FAST    |
A_i[0][2][2]   | C_o[0][2][5]   |     5.621 | SLOW    |     2.531 | FAST    |
A_i[0][2][2]   | C_o[0][3][2]   |     4.760 | SLOW    |     2.481 | FAST    |
A_i[0][2][2]   | C_o[0][3][3]   |     5.103 | SLOW    |     2.501 | FAST    |
A_i[0][2][2]   | C_o[0][3][4]   |     5.406 | SLOW    |     2.483 | FAST    |
A_i[0][2][2]   | C_o[0][3][5]   |     5.621 | SLOW    |     2.531 | FAST    |
A_i[0][2][3]   | C_o[0][0][3]   |     4.747 | SLOW    |     2.466 | FAST    |
A_i[0][2][3]   | C_o[0][0][4]   |     5.159 | SLOW    |     2.466 | FAST    |
A_i[0][2][3]   | C_o[0][0][5]   |     5.413 | SLOW    |     2.484 | FAST    |
A_i[0][2][3]   | C_o[0][1][3]   |     4.747 | SLOW    |     2.466 | FAST    |
A_i[0][2][3]   | C_o[0][1][4]   |     5.181 | SLOW    |     2.466 | FAST    |
A_i[0][2][3]   | C_o[0][1][5]   |     5.435 | SLOW    |     2.484 | FAST    |
A_i[0][2][3]   | C_o[0][2][3]   |     4.747 | SLOW    |     2.466 | FAST    |
A_i[0][2][3]   | C_o[0][2][4]   |     5.159 | SLOW    |     2.466 | FAST    |
A_i[0][2][3]   | C_o[0][2][5]   |     5.413 | SLOW    |     2.484 | FAST    |
A_i[0][2][3]   | C_o[0][3][3]   |     4.747 | SLOW    |     2.466 | FAST    |
A_i[0][2][3]   | C_o[0][3][4]   |     5.181 | SLOW    |     2.466 | FAST    |
A_i[0][2][3]   | C_o[0][3][5]   |     5.435 | SLOW    |     2.484 | FAST    |
A_i[0][2][4]   | C_o[0][0][4]   |     5.149 | SLOW    |     2.698 | FAST    |
A_i[0][2][4]   | C_o[0][0][5]   |     5.403 | SLOW    |     2.647 | FAST    |
A_i[0][2][4]   | C_o[0][1][4]   |     5.180 | SLOW    |     2.718 | FAST    |
A_i[0][2][4]   | C_o[0][1][5]   |     5.434 | SLOW    |     2.667 | FAST    |
A_i[0][2][4]   | C_o[0][2][4]   |     5.149 | SLOW    |     2.698 | FAST    |
A_i[0][2][4]   | C_o[0][2][5]   |     5.403 | SLOW    |     2.647 | FAST    |
A_i[0][2][4]   | C_o[0][3][4]   |     5.180 | SLOW    |     2.718 | FAST    |
A_i[0][2][4]   | C_o[0][3][5]   |     5.434 | SLOW    |     2.667 | FAST    |
A_i[0][2][5]   | C_o[0][0][5]   |     5.307 | SLOW    |     2.795 | FAST    |
A_i[0][2][5]   | C_o[0][1][5]   |     5.307 | SLOW    |     2.795 | FAST    |
A_i[0][2][5]   | C_o[0][2][5]   |     5.307 | SLOW    |     2.795 | FAST    |
A_i[0][2][5]   | C_o[0][3][5]   |     5.307 | SLOW    |     2.795 | FAST    |
A_i[0][3][0]   | C_o[0][0][0]   |     4.593 | SLOW    |     2.381 | FAST    |
A_i[0][3][0]   | C_o[0][0][1]   |     4.762 | SLOW    |     2.397 | FAST    |
A_i[0][3][0]   | C_o[0][0][2]   |     5.127 | SLOW    |     2.473 | FAST    |
A_i[0][3][0]   | C_o[0][0][3]   |     5.335 | SLOW    |     2.538 | FAST    |
A_i[0][3][0]   | C_o[0][0][4]   |     5.506 | SLOW    |     2.522 | FAST    |
A_i[0][3][0]   | C_o[0][0][5]   |     5.675 | SLOW    |     2.532 | FAST    |
A_i[0][3][0]   | C_o[0][1][0]   |     4.593 | SLOW    |     2.381 | FAST    |
A_i[0][3][0]   | C_o[0][1][1]   |     4.762 | SLOW    |     2.397 | FAST    |
A_i[0][3][0]   | C_o[0][1][2]   |     5.127 | SLOW    |     2.473 | FAST    |
A_i[0][3][0]   | C_o[0][1][3]   |     5.335 | SLOW    |     2.538 | FAST    |
A_i[0][3][0]   | C_o[0][1][4]   |     5.506 | SLOW    |     2.522 | FAST    |
A_i[0][3][0]   | C_o[0][1][5]   |     5.675 | SLOW    |     2.532 | FAST    |
A_i[0][3][0]   | C_o[0][2][0]   |     4.593 | SLOW    |     2.381 | FAST    |
A_i[0][3][0]   | C_o[0][2][1]   |     4.762 | SLOW    |     2.397 | FAST    |
A_i[0][3][0]   | C_o[0][2][2]   |     5.127 | SLOW    |     2.473 | FAST    |
A_i[0][3][0]   | C_o[0][2][3]   |     5.335 | SLOW    |     2.538 | FAST    |
A_i[0][3][0]   | C_o[0][2][4]   |     5.506 | SLOW    |     2.522 | FAST    |
A_i[0][3][0]   | C_o[0][2][5]   |     5.675 | SLOW    |     2.532 | FAST    |
A_i[0][3][0]   | C_o[0][3][0]   |     4.593 | SLOW    |     2.381 | FAST    |
A_i[0][3][0]   | C_o[0][3][1]   |     4.762 | SLOW    |     2.397 | FAST    |
A_i[0][3][0]   | C_o[0][3][2]   |     5.127 | SLOW    |     2.473 | FAST    |
A_i[0][3][0]   | C_o[0][3][3]   |     5.335 | SLOW    |     2.538 | FAST    |
A_i[0][3][0]   | C_o[0][3][4]   |     5.506 | SLOW    |     2.522 | FAST    |
A_i[0][3][0]   | C_o[0][3][5]   |     5.675 | SLOW    |     2.532 | FAST    |
A_i[0][3][1]   | C_o[0][0][1]   |     4.868 | SLOW    |     2.534 | FAST    |
A_i[0][3][1]   | C_o[0][0][2]   |     5.109 | SLOW    |     2.526 | FAST    |
A_i[0][3][1]   | C_o[0][0][3]   |     5.317 | SLOW    |     2.597 | FAST    |
A_i[0][3][1]   | C_o[0][0][4]   |     5.488 | SLOW    |     2.581 | FAST    |
A_i[0][3][1]   | C_o[0][0][5]   |     5.657 | SLOW    |     2.570 | FAST    |
A_i[0][3][1]   | C_o[0][1][1]   |     4.868 | SLOW    |     2.534 | FAST    |
A_i[0][3][1]   | C_o[0][1][2]   |     5.109 | SLOW    |     2.526 | FAST    |
A_i[0][3][1]   | C_o[0][1][3]   |     5.317 | SLOW    |     2.597 | FAST    |
A_i[0][3][1]   | C_o[0][1][4]   |     5.488 | SLOW    |     2.581 | FAST    |
A_i[0][3][1]   | C_o[0][1][5]   |     5.657 | SLOW    |     2.570 | FAST    |
A_i[0][3][1]   | C_o[0][2][1]   |     4.868 | SLOW    |     2.534 | FAST    |
A_i[0][3][1]   | C_o[0][2][2]   |     5.109 | SLOW    |     2.526 | FAST    |
A_i[0][3][1]   | C_o[0][2][3]   |     5.317 | SLOW    |     2.597 | FAST    |
A_i[0][3][1]   | C_o[0][2][4]   |     5.488 | SLOW    |     2.581 | FAST    |
A_i[0][3][1]   | C_o[0][2][5]   |     5.657 | SLOW    |     2.570 | FAST    |
A_i[0][3][1]   | C_o[0][3][1]   |     4.868 | SLOW    |     2.534 | FAST    |
A_i[0][3][1]   | C_o[0][3][2]   |     5.109 | SLOW    |     2.526 | FAST    |
A_i[0][3][1]   | C_o[0][3][3]   |     5.317 | SLOW    |     2.597 | FAST    |
A_i[0][3][1]   | C_o[0][3][4]   |     5.488 | SLOW    |     2.581 | FAST    |
A_i[0][3][1]   | C_o[0][3][5]   |     5.657 | SLOW    |     2.570 | FAST    |
A_i[0][3][2]   | C_o[0][0][2]   |     4.775 | SLOW    |     2.485 | FAST    |
A_i[0][3][2]   | C_o[0][0][3]   |     5.088 | SLOW    |     2.503 | FAST    |
A_i[0][3][2]   | C_o[0][0][4]   |     5.412 | SLOW    |     2.487 | FAST    |
A_i[0][3][2]   | C_o[0][0][5]   |     5.636 | SLOW    |     2.531 | FAST    |
A_i[0][3][2]   | C_o[0][1][2]   |     4.775 | SLOW    |     2.485 | FAST    |
A_i[0][3][2]   | C_o[0][1][3]   |     5.088 | SLOW    |     2.503 | FAST    |
A_i[0][3][2]   | C_o[0][1][4]   |     5.412 | SLOW    |     2.487 | FAST    |
A_i[0][3][2]   | C_o[0][1][5]   |     5.636 | SLOW    |     2.531 | FAST    |
A_i[0][3][2]   | C_o[0][2][2]   |     4.775 | SLOW    |     2.485 | FAST    |
A_i[0][3][2]   | C_o[0][2][3]   |     5.088 | SLOW    |     2.503 | FAST    |
A_i[0][3][2]   | C_o[0][2][4]   |     5.412 | SLOW    |     2.487 | FAST    |
A_i[0][3][2]   | C_o[0][2][5]   |     5.636 | SLOW    |     2.531 | FAST    |
A_i[0][3][2]   | C_o[0][3][2]   |     4.775 | SLOW    |     2.485 | FAST    |
A_i[0][3][2]   | C_o[0][3][3]   |     5.088 | SLOW    |     2.503 | FAST    |
A_i[0][3][2]   | C_o[0][3][4]   |     5.412 | SLOW    |     2.487 | FAST    |
A_i[0][3][2]   | C_o[0][3][5]   |     5.636 | SLOW    |     2.531 | FAST    |
A_i[0][3][3]   | C_o[0][0][3]   |     4.732 | SLOW    |     2.462 | FAST    |
A_i[0][3][3]   | C_o[0][0][4]   |     5.127 | SLOW    |     2.462 | FAST    |
A_i[0][3][3]   | C_o[0][0][5]   |     5.408 | SLOW    |     2.484 | FAST    |
A_i[0][3][3]   | C_o[0][1][3]   |     4.732 | SLOW    |     2.462 | FAST    |
A_i[0][3][3]   | C_o[0][1][4]   |     5.149 | SLOW    |     2.462 | FAST    |
A_i[0][3][3]   | C_o[0][1][5]   |     5.430 | SLOW    |     2.484 | FAST    |
A_i[0][3][3]   | C_o[0][2][3]   |     4.732 | SLOW    |     2.462 | FAST    |
A_i[0][3][3]   | C_o[0][2][4]   |     5.127 | SLOW    |     2.462 | FAST    |
A_i[0][3][3]   | C_o[0][2][5]   |     5.408 | SLOW    |     2.484 | FAST    |
A_i[0][3][3]   | C_o[0][3][3]   |     4.732 | SLOW    |     2.462 | FAST    |
A_i[0][3][3]   | C_o[0][3][4]   |     5.149 | SLOW    |     2.462 | FAST    |
A_i[0][3][3]   | C_o[0][3][5]   |     5.430 | SLOW    |     2.484 | FAST    |
A_i[0][3][4]   | C_o[0][0][4]   |     5.117 | SLOW    |     2.682 | FAST    |
A_i[0][3][4]   | C_o[0][0][5]   |     5.398 | SLOW    |     2.631 | FAST    |
A_i[0][3][4]   | C_o[0][1][4]   |     5.148 | SLOW    |     2.702 | FAST    |
A_i[0][3][4]   | C_o[0][1][5]   |     5.429 | SLOW    |     2.651 | FAST    |
A_i[0][3][4]   | C_o[0][2][4]   |     5.117 | SLOW    |     2.682 | FAST    |
A_i[0][3][4]   | C_o[0][2][5]   |     5.398 | SLOW    |     2.631 | FAST    |
A_i[0][3][4]   | C_o[0][3][4]   |     5.148 | SLOW    |     2.702 | FAST    |
A_i[0][3][4]   | C_o[0][3][5]   |     5.429 | SLOW    |     2.651 | FAST    |
A_i[0][3][5]   | C_o[0][0][5]   |     5.297 | SLOW    |     2.782 | FAST    |
A_i[0][3][5]   | C_o[0][1][5]   |     5.297 | SLOW    |     2.782 | FAST    |
A_i[0][3][5]   | C_o[0][2][5]   |     5.297 | SLOW    |     2.782 | FAST    |
A_i[0][3][5]   | C_o[0][3][5]   |     5.297 | SLOW    |     2.782 | FAST    |
A_i[1][0][0]   | C_o[1][0][0]   |     4.593 | SLOW    |     2.381 | FAST    |
A_i[1][0][0]   | C_o[1][0][1]   |     4.777 | SLOW    |     2.395 | FAST    |
A_i[1][0][0]   | C_o[1][0][2]   |     5.121 | SLOW    |     2.421 | FAST    |
A_i[1][0][0]   | C_o[1][0][3]   |     5.325 | SLOW    |     2.477 | FAST    |
A_i[1][0][0]   | C_o[1][0][4]   |     5.392 | SLOW    |     2.431 | FAST    |
A_i[1][0][0]   | C_o[1][0][5]   |     5.660 | SLOW    |     2.473 | FAST    |
A_i[1][0][0]   | C_o[1][1][0]   |     4.593 | SLOW    |     2.381 | FAST    |
A_i[1][0][0]   | C_o[1][1][1]   |     4.777 | SLOW    |     2.395 | FAST    |
A_i[1][0][0]   | C_o[1][1][2]   |     5.121 | SLOW    |     2.421 | FAST    |
A_i[1][0][0]   | C_o[1][1][3]   |     5.325 | SLOW    |     2.477 | FAST    |
A_i[1][0][0]   | C_o[1][1][4]   |     5.392 | SLOW    |     2.431 | FAST    |
A_i[1][0][0]   | C_o[1][1][5]   |     5.660 | SLOW    |     2.473 | FAST    |
A_i[1][0][0]   | C_o[1][2][0]   |     4.593 | SLOW    |     2.381 | FAST    |
A_i[1][0][0]   | C_o[1][2][1]   |     4.777 | SLOW    |     2.395 | FAST    |
A_i[1][0][0]   | C_o[1][2][2]   |     5.121 | SLOW    |     2.421 | FAST    |
A_i[1][0][0]   | C_o[1][2][3]   |     5.325 | SLOW    |     2.477 | FAST    |
A_i[1][0][0]   | C_o[1][2][4]   |     5.392 | SLOW    |     2.431 | FAST    |
A_i[1][0][0]   | C_o[1][2][5]   |     5.660 | SLOW    |     2.473 | FAST    |
A_i[1][0][0]   | C_o[1][3][0]   |     4.593 | SLOW    |     2.381 | FAST    |
A_i[1][0][0]   | C_o[1][3][1]   |     4.777 | SLOW    |     2.395 | FAST    |
A_i[1][0][0]   | C_o[1][3][2]   |     5.121 | SLOW    |     2.421 | FAST    |
A_i[1][0][0]   | C_o[1][3][3]   |     5.325 | SLOW    |     2.477 | FAST    |
A_i[1][0][0]   | C_o[1][3][4]   |     5.392 | SLOW    |     2.431 | FAST    |
A_i[1][0][0]   | C_o[1][3][5]   |     5.660 | SLOW    |     2.473 | FAST    |
A_i[1][0][1]   | C_o[1][0][1]   |     4.883 | SLOW    |     2.538 | FAST    |
A_i[1][0][1]   | C_o[1][0][2]   |     5.103 | SLOW    |     2.474 | FAST    |
A_i[1][0][1]   | C_o[1][0][3]   |     5.307 | SLOW    |     2.530 | FAST    |
A_i[1][0][1]   | C_o[1][0][4]   |     5.374 | SLOW    |     2.490 | FAST    |
A_i[1][0][1]   | C_o[1][0][5]   |     5.642 | SLOW    |     2.526 | FAST    |
A_i[1][0][1]   | C_o[1][1][1]   |     4.883 | SLOW    |     2.538 | FAST    |
A_i[1][0][1]   | C_o[1][1][2]   |     5.103 | SLOW    |     2.474 | FAST    |
A_i[1][0][1]   | C_o[1][1][3]   |     5.307 | SLOW    |     2.530 | FAST    |
A_i[1][0][1]   | C_o[1][1][4]   |     5.374 | SLOW    |     2.490 | FAST    |
A_i[1][0][1]   | C_o[1][1][5]   |     5.642 | SLOW    |     2.526 | FAST    |
A_i[1][0][1]   | C_o[1][2][1]   |     4.883 | SLOW    |     2.538 | FAST    |
A_i[1][0][1]   | C_o[1][2][2]   |     5.103 | SLOW    |     2.474 | FAST    |
A_i[1][0][1]   | C_o[1][2][3]   |     5.307 | SLOW    |     2.530 | FAST    |
A_i[1][0][1]   | C_o[1][2][4]   |     5.374 | SLOW    |     2.490 | FAST    |
A_i[1][0][1]   | C_o[1][2][5]   |     5.642 | SLOW    |     2.526 | FAST    |
A_i[1][0][1]   | C_o[1][3][1]   |     4.883 | SLOW    |     2.538 | FAST    |
A_i[1][0][1]   | C_o[1][3][2]   |     5.103 | SLOW    |     2.474 | FAST    |
A_i[1][0][1]   | C_o[1][3][3]   |     5.307 | SLOW    |     2.530 | FAST    |
A_i[1][0][1]   | C_o[1][3][4]   |     5.374 | SLOW    |     2.490 | FAST    |
A_i[1][0][1]   | C_o[1][3][5]   |     5.642 | SLOW    |     2.526 | FAST    |
A_i[1][0][2]   | C_o[1][0][2]   |     4.769 | SLOW    |     2.483 | FAST    |
A_i[1][0][2]   | C_o[1][0][3]   |     5.082 | SLOW    |     2.499 | FAST    |
A_i[1][0][2]   | C_o[1][0][4]   |     5.353 | SLOW    |     2.397 | FAST    |
A_i[1][0][2]   | C_o[1][0][5]   |     5.621 | SLOW    |     2.530 | FAST    |
A_i[1][0][2]   | C_o[1][1][2]   |     4.769 | SLOW    |     2.483 | FAST    |
A_i[1][0][2]   | C_o[1][1][3]   |     5.082 | SLOW    |     2.499 | FAST    |
A_i[1][0][2]   | C_o[1][1][4]   |     5.353 | SLOW    |     2.397 | FAST    |
A_i[1][0][2]   | C_o[1][1][5]   |     5.621 | SLOW    |     2.530 | FAST    |
A_i[1][0][2]   | C_o[1][2][2]   |     4.769 | SLOW    |     2.483 | FAST    |
A_i[1][0][2]   | C_o[1][2][3]   |     5.082 | SLOW    |     2.499 | FAST    |
A_i[1][0][2]   | C_o[1][2][4]   |     5.353 | SLOW    |     2.397 | FAST    |
A_i[1][0][2]   | C_o[1][2][5]   |     5.621 | SLOW    |     2.530 | FAST    |
A_i[1][0][2]   | C_o[1][3][2]   |     4.769 | SLOW    |     2.483 | FAST    |
A_i[1][0][2]   | C_o[1][3][3]   |     5.082 | SLOW    |     2.499 | FAST    |
A_i[1][0][2]   | C_o[1][3][4]   |     5.353 | SLOW    |     2.397 | FAST    |
A_i[1][0][2]   | C_o[1][3][5]   |     5.621 | SLOW    |     2.530 | FAST    |
A_i[1][0][3]   | C_o[1][0][3]   |     4.726 | SLOW    |     2.459 | FAST    |
A_i[1][0][3]   | C_o[1][0][4]   |     5.144 | SLOW    |     2.350 | FAST    |
A_i[1][0][3]   | C_o[1][0][5]   |     5.413 | SLOW    |     2.483 | FAST    |
A_i[1][0][3]   | C_o[1][1][3]   |     4.726 | SLOW    |     2.459 | FAST    |
A_i[1][0][3]   | C_o[1][1][4]   |     5.166 | SLOW    |     2.350 | FAST    |
A_i[1][0][3]   | C_o[1][1][5]   |     5.435 | SLOW    |     2.483 | FAST    |
A_i[1][0][3]   | C_o[1][2][3]   |     4.726 | SLOW    |     2.459 | FAST    |
A_i[1][0][3]   | C_o[1][2][4]   |     5.144 | SLOW    |     2.350 | FAST    |
A_i[1][0][3]   | C_o[1][2][5]   |     5.413 | SLOW    |     2.483 | FAST    |
A_i[1][0][3]   | C_o[1][3][3]   |     4.726 | SLOW    |     2.459 | FAST    |
A_i[1][0][3]   | C_o[1][3][4]   |     5.166 | SLOW    |     2.350 | FAST    |
A_i[1][0][3]   | C_o[1][3][5]   |     5.435 | SLOW    |     2.483 | FAST    |
A_i[1][0][4]   | C_o[1][0][4]   |     5.134 | SLOW    |     2.694 | FAST    |
A_i[1][0][4]   | C_o[1][0][5]   |     5.403 | SLOW    |     2.643 | FAST    |
A_i[1][0][4]   | C_o[1][1][4]   |     5.165 | SLOW    |     2.714 | FAST    |
A_i[1][0][4]   | C_o[1][1][5]   |     5.434 | SLOW    |     2.663 | FAST    |
A_i[1][0][4]   | C_o[1][2][4]   |     5.134 | SLOW    |     2.694 | FAST    |
A_i[1][0][4]   | C_o[1][2][5]   |     5.403 | SLOW    |     2.643 | FAST    |
A_i[1][0][4]   | C_o[1][3][4]   |     5.165 | SLOW    |     2.714 | FAST    |
A_i[1][0][4]   | C_o[1][3][5]   |     5.434 | SLOW    |     2.663 | FAST    |
A_i[1][0][5]   | C_o[1][0][5]   |     5.307 | SLOW    |     2.795 | FAST    |
A_i[1][0][5]   | C_o[1][1][5]   |     5.307 | SLOW    |     2.795 | FAST    |
A_i[1][0][5]   | C_o[1][2][5]   |     5.307 | SLOW    |     2.795 | FAST    |
A_i[1][0][5]   | C_o[1][3][5]   |     5.307 | SLOW    |     2.795 | FAST    |
A_i[1][1][0]   | C_o[1][0][0]   |     4.578 | SLOW    |     2.377 | FAST    |
A_i[1][1][0]   | C_o[1][0][1]   |     4.777 | SLOW    |     2.395 | FAST    |
A_i[1][1][0]   | C_o[1][0][2]   |     5.112 | SLOW    |     2.477 | FAST    |
A_i[1][1][0]   | C_o[1][0][3]   |     5.320 | SLOW    |     2.538 | FAST    |
A_i[1][1][0]   | C_o[1][0][4]   |     5.500 | SLOW    |     2.518 | FAST    |
A_i[1][1][0]   | C_o[1][0][5]   |     5.675 | SLOW    |     2.536 | FAST    |
A_i[1][1][0]   | C_o[1][1][0]   |     4.578 | SLOW    |     2.377 | FAST    |
A_i[1][1][0]   | C_o[1][1][1]   |     4.777 | SLOW    |     2.395 | FAST    |
A_i[1][1][0]   | C_o[1][1][2]   |     5.112 | SLOW    |     2.477 | FAST    |
A_i[1][1][0]   | C_o[1][1][3]   |     5.320 | SLOW    |     2.538 | FAST    |
A_i[1][1][0]   | C_o[1][1][4]   |     5.500 | SLOW    |     2.518 | FAST    |
A_i[1][1][0]   | C_o[1][1][5]   |     5.675 | SLOW    |     2.536 | FAST    |
A_i[1][1][0]   | C_o[1][2][0]   |     4.578 | SLOW    |     2.377 | FAST    |
A_i[1][1][0]   | C_o[1][2][1]   |     4.777 | SLOW    |     2.395 | FAST    |
A_i[1][1][0]   | C_o[1][2][2]   |     5.112 | SLOW    |     2.477 | FAST    |
A_i[1][1][0]   | C_o[1][2][3]   |     5.320 | SLOW    |     2.538 | FAST    |
A_i[1][1][0]   | C_o[1][2][4]   |     5.500 | SLOW    |     2.518 | FAST    |
A_i[1][1][0]   | C_o[1][2][5]   |     5.675 | SLOW    |     2.536 | FAST    |
A_i[1][1][0]   | C_o[1][3][0]   |     4.578 | SLOW    |     2.377 | FAST    |
A_i[1][1][0]   | C_o[1][3][1]   |     4.777 | SLOW    |     2.395 | FAST    |
A_i[1][1][0]   | C_o[1][3][2]   |     5.112 | SLOW    |     2.477 | FAST    |
A_i[1][1][0]   | C_o[1][3][3]   |     5.320 | SLOW    |     2.538 | FAST    |
A_i[1][1][0]   | C_o[1][3][4]   |     5.500 | SLOW    |     2.518 | FAST    |
A_i[1][1][0]   | C_o[1][3][5]   |     5.675 | SLOW    |     2.536 | FAST    |
A_i[1][1][1]   | C_o[1][0][1]   |     4.883 | SLOW    |     2.538 | FAST    |
A_i[1][1][1]   | C_o[1][0][2]   |     5.094 | SLOW    |     2.530 | FAST    |
A_i[1][1][1]   | C_o[1][0][3]   |     5.302 | SLOW    |     2.597 | FAST    |
A_i[1][1][1]   | C_o[1][0][4]   |     5.482 | SLOW    |     2.577 | FAST    |
A_i[1][1][1]   | C_o[1][0][5]   |     5.657 | SLOW    |     2.574 | FAST    |
A_i[1][1][1]   | C_o[1][1][1]   |     4.883 | SLOW    |     2.538 | FAST    |
A_i[1][1][1]   | C_o[1][1][2]   |     5.094 | SLOW    |     2.530 | FAST    |
A_i[1][1][1]   | C_o[1][1][3]   |     5.302 | SLOW    |     2.597 | FAST    |
A_i[1][1][1]   | C_o[1][1][4]   |     5.482 | SLOW    |     2.577 | FAST    |
A_i[1][1][1]   | C_o[1][1][5]   |     5.657 | SLOW    |     2.574 | FAST    |
A_i[1][1][1]   | C_o[1][2][1]   |     4.883 | SLOW    |     2.538 | FAST    |
A_i[1][1][1]   | C_o[1][2][2]   |     5.094 | SLOW    |     2.530 | FAST    |
A_i[1][1][1]   | C_o[1][2][3]   |     5.302 | SLOW    |     2.597 | FAST    |
A_i[1][1][1]   | C_o[1][2][4]   |     5.482 | SLOW    |     2.577 | FAST    |
A_i[1][1][1]   | C_o[1][2][5]   |     5.657 | SLOW    |     2.574 | FAST    |
A_i[1][1][1]   | C_o[1][3][1]   |     4.883 | SLOW    |     2.538 | FAST    |
A_i[1][1][1]   | C_o[1][3][2]   |     5.094 | SLOW    |     2.530 | FAST    |
A_i[1][1][1]   | C_o[1][3][3]   |     5.302 | SLOW    |     2.597 | FAST    |
A_i[1][1][1]   | C_o[1][3][4]   |     5.482 | SLOW    |     2.577 | FAST    |
A_i[1][1][1]   | C_o[1][3][5]   |     5.657 | SLOW    |     2.574 | FAST    |
A_i[1][1][2]   | C_o[1][0][2]   |     4.760 | SLOW    |     2.481 | FAST    |
A_i[1][1][2]   | C_o[1][0][3]   |     5.103 | SLOW    |     2.503 | FAST    |
A_i[1][1][2]   | C_o[1][0][4]   |     5.406 | SLOW    |     2.483 | FAST    |
A_i[1][1][2]   | C_o[1][0][5]   |     5.636 | SLOW    |     2.531 | FAST    |
A_i[1][1][2]   | C_o[1][1][2]   |     4.760 | SLOW    |     2.481 | FAST    |
A_i[1][1][2]   | C_o[1][1][3]   |     5.103 | SLOW    |     2.503 | FAST    |
A_i[1][1][2]   | C_o[1][1][4]   |     5.406 | SLOW    |     2.483 | FAST    |
A_i[1][1][2]   | C_o[1][1][5]   |     5.636 | SLOW    |     2.531 | FAST    |
A_i[1][1][2]   | C_o[1][2][2]   |     4.760 | SLOW    |     2.481 | FAST    |
A_i[1][1][2]   | C_o[1][2][3]   |     5.103 | SLOW    |     2.503 | FAST    |
A_i[1][1][2]   | C_o[1][2][4]   |     5.406 | SLOW    |     2.483 | FAST    |
A_i[1][1][2]   | C_o[1][2][5]   |     5.636 | SLOW    |     2.531 | FAST    |
A_i[1][1][2]   | C_o[1][3][2]   |     4.760 | SLOW    |     2.481 | FAST    |
A_i[1][1][2]   | C_o[1][3][3]   |     5.103 | SLOW    |     2.503 | FAST    |
A_i[1][1][2]   | C_o[1][3][4]   |     5.406 | SLOW    |     2.483 | FAST    |
A_i[1][1][2]   | C_o[1][3][5]   |     5.636 | SLOW    |     2.531 | FAST    |
A_i[1][1][3]   | C_o[1][0][3]   |     4.747 | SLOW    |     2.466 | FAST    |
A_i[1][1][3]   | C_o[1][0][4]   |     5.159 | SLOW    |     2.462 | FAST    |
A_i[1][1][3]   | C_o[1][0][5]   |     5.428 | SLOW    |     2.484 | FAST    |
A_i[1][1][3]   | C_o[1][1][3]   |     4.747 | SLOW    |     2.466 | FAST    |
A_i[1][1][3]   | C_o[1][1][4]   |     5.181 | SLOW    |     2.462 | FAST    |
A_i[1][1][3]   | C_o[1][1][5]   |     5.450 | SLOW    |     2.484 | FAST    |
A_i[1][1][3]   | C_o[1][2][3]   |     4.747 | SLOW    |     2.466 | FAST    |
A_i[1][1][3]   | C_o[1][2][4]   |     5.159 | SLOW    |     2.462 | FAST    |
A_i[1][1][3]   | C_o[1][2][5]   |     5.428 | SLOW    |     2.484 | FAST    |
A_i[1][1][3]   | C_o[1][3][3]   |     4.747 | SLOW    |     2.466 | FAST    |
A_i[1][1][3]   | C_o[1][3][4]   |     5.181 | SLOW    |     2.462 | FAST    |
A_i[1][1][3]   | C_o[1][3][5]   |     5.450 | SLOW    |     2.484 | FAST    |
A_i[1][1][4]   | C_o[1][0][4]   |     5.149 | SLOW    |     2.698 | FAST    |
A_i[1][1][4]   | C_o[1][0][5]   |     5.418 | SLOW    |     2.647 | FAST    |
A_i[1][1][4]   | C_o[1][1][4]   |     5.180 | SLOW    |     2.718 | FAST    |
A_i[1][1][4]   | C_o[1][1][5]   |     5.449 | SLOW    |     2.667 | FAST    |
A_i[1][1][4]   | C_o[1][2][4]   |     5.149 | SLOW    |     2.698 | FAST    |
A_i[1][1][4]   | C_o[1][2][5]   |     5.418 | SLOW    |     2.647 | FAST    |
A_i[1][1][4]   | C_o[1][3][4]   |     5.180 | SLOW    |     2.718 | FAST    |
A_i[1][1][4]   | C_o[1][3][5]   |     5.449 | SLOW    |     2.667 | FAST    |
A_i[1][1][5]   | C_o[1][0][5]   |     5.270 | SLOW    |     2.773 | FAST    |
A_i[1][1][5]   | C_o[1][1][5]   |     5.270 | SLOW    |     2.773 | FAST    |
A_i[1][1][5]   | C_o[1][2][5]   |     5.270 | SLOW    |     2.773 | FAST    |
A_i[1][1][5]   | C_o[1][3][5]   |     5.270 | SLOW    |     2.773 | FAST    |
A_i[1][2][0]   | C_o[1][0][0]   |     4.578 | SLOW    |     2.377 | FAST    |
A_i[1][2][0]   | C_o[1][0][1]   |     4.762 | SLOW    |     2.397 | FAST    |
A_i[1][2][0]   | C_o[1][0][2]   |     5.112 | SLOW    |     2.473 | FAST    |
A_i[1][2][0]   | C_o[1][0][3]   |     5.320 | SLOW    |     2.536 | FAST    |
A_i[1][2][0]   | C_o[1][0][4]   |     5.500 | SLOW    |     2.518 | FAST    |
A_i[1][2][0]   | C_o[1][0][5]   |     5.660 | SLOW    |     2.536 | FAST    |
A_i[1][2][0]   | C_o[1][1][0]   |     4.578 | SLOW    |     2.377 | FAST    |
A_i[1][2][0]   | C_o[1][1][1]   |     4.762 | SLOW    |     2.397 | FAST    |
A_i[1][2][0]   | C_o[1][1][2]   |     5.112 | SLOW    |     2.473 | FAST    |
A_i[1][2][0]   | C_o[1][1][3]   |     5.320 | SLOW    |     2.536 | FAST    |
A_i[1][2][0]   | C_o[1][1][4]   |     5.500 | SLOW    |     2.518 | FAST    |
A_i[1][2][0]   | C_o[1][1][5]   |     5.660 | SLOW    |     2.536 | FAST    |
A_i[1][2][0]   | C_o[1][2][0]   |     4.578 | SLOW    |     2.377 | FAST    |
A_i[1][2][0]   | C_o[1][2][1]   |     4.762 | SLOW    |     2.397 | FAST    |
A_i[1][2][0]   | C_o[1][2][2]   |     5.112 | SLOW    |     2.473 | FAST    |
A_i[1][2][0]   | C_o[1][2][3]   |     5.320 | SLOW    |     2.536 | FAST    |
A_i[1][2][0]   | C_o[1][2][4]   |     5.500 | SLOW    |     2.518 | FAST    |
A_i[1][2][0]   | C_o[1][2][5]   |     5.660 | SLOW    |     2.536 | FAST    |
A_i[1][2][0]   | C_o[1][3][0]   |     4.578 | SLOW    |     2.377 | FAST    |
A_i[1][2][0]   | C_o[1][3][1]   |     4.762 | SLOW    |     2.397 | FAST    |
A_i[1][2][0]   | C_o[1][3][2]   |     5.112 | SLOW    |     2.473 | FAST    |
A_i[1][2][0]   | C_o[1][3][3]   |     5.320 | SLOW    |     2.536 | FAST    |
A_i[1][2][0]   | C_o[1][3][4]   |     5.500 | SLOW    |     2.518 | FAST    |
A_i[1][2][0]   | C_o[1][3][5]   |     5.660 | SLOW    |     2.536 | FAST    |
A_i[1][2][1]   | C_o[1][0][1]   |     4.868 | SLOW    |     2.534 | FAST    |
A_i[1][2][1]   | C_o[1][0][2]   |     5.094 | SLOW    |     2.526 | FAST    |
A_i[1][2][1]   | C_o[1][0][3]   |     5.302 | SLOW    |     2.595 | FAST    |
A_i[1][2][1]   | C_o[1][0][4]   |     5.482 | SLOW    |     2.577 | FAST    |
A_i[1][2][1]   | C_o[1][0][5]   |     5.642 | SLOW    |     2.574 | FAST    |
A_i[1][2][1]   | C_o[1][1][1]   |     4.868 | SLOW    |     2.534 | FAST    |
A_i[1][2][1]   | C_o[1][1][2]   |     5.094 | SLOW    |     2.526 | FAST    |
A_i[1][2][1]   | C_o[1][1][3]   |     5.302 | SLOW    |     2.595 | FAST    |
A_i[1][2][1]   | C_o[1][1][4]   |     5.482 | SLOW    |     2.577 | FAST    |
A_i[1][2][1]   | C_o[1][1][5]   |     5.642 | SLOW    |     2.574 | FAST    |
A_i[1][2][1]   | C_o[1][2][1]   |     4.868 | SLOW    |     2.534 | FAST    |
A_i[1][2][1]   | C_o[1][2][2]   |     5.094 | SLOW    |     2.526 | FAST    |
A_i[1][2][1]   | C_o[1][2][3]   |     5.302 | SLOW    |     2.595 | FAST    |
A_i[1][2][1]   | C_o[1][2][4]   |     5.482 | SLOW    |     2.577 | FAST    |
A_i[1][2][1]   | C_o[1][2][5]   |     5.642 | SLOW    |     2.574 | FAST    |
A_i[1][2][1]   | C_o[1][3][1]   |     4.868 | SLOW    |     2.534 | FAST    |
A_i[1][2][1]   | C_o[1][3][2]   |     5.094 | SLOW    |     2.526 | FAST    |
A_i[1][2][1]   | C_o[1][3][3]   |     5.302 | SLOW    |     2.595 | FAST    |
A_i[1][2][1]   | C_o[1][3][4]   |     5.482 | SLOW    |     2.577 | FAST    |
A_i[1][2][1]   | C_o[1][3][5]   |     5.642 | SLOW    |     2.574 | FAST    |
A_i[1][2][2]   | C_o[1][0][2]   |     4.760 | SLOW    |     2.481 | FAST    |
A_i[1][2][2]   | C_o[1][0][3]   |     5.103 | SLOW    |     2.501 | FAST    |
A_i[1][2][2]   | C_o[1][0][4]   |     5.406 | SLOW    |     2.483 | FAST    |
A_i[1][2][2]   | C_o[1][0][5]   |     5.621 | SLOW    |     2.531 | FAST    |
A_i[1][2][2]   | C_o[1][1][2]   |     4.760 | SLOW    |     2.481 | FAST    |
A_i[1][2][2]   | C_o[1][1][3]   |     5.103 | SLOW    |     2.501 | FAST    |
A_i[1][2][2]   | C_o[1][1][4]   |     5.406 | SLOW    |     2.483 | FAST    |
A_i[1][2][2]   | C_o[1][1][5]   |     5.621 | SLOW    |     2.531 | FAST    |
A_i[1][2][2]   | C_o[1][2][2]   |     4.760 | SLOW    |     2.481 | FAST    |
A_i[1][2][2]   | C_o[1][2][3]   |     5.103 | SLOW    |     2.501 | FAST    |
A_i[1][2][2]   | C_o[1][2][4]   |     5.406 | SLOW    |     2.483 | FAST    |
A_i[1][2][2]   | C_o[1][2][5]   |     5.621 | SLOW    |     2.531 | FAST    |
A_i[1][2][2]   | C_o[1][3][2]   |     4.760 | SLOW    |     2.481 | FAST    |
A_i[1][2][2]   | C_o[1][3][3]   |     5.103 | SLOW    |     2.501 | FAST    |
A_i[1][2][2]   | C_o[1][3][4]   |     5.406 | SLOW    |     2.483 | FAST    |
A_i[1][2][2]   | C_o[1][3][5]   |     5.621 | SLOW    |     2.531 | FAST    |
A_i[1][2][3]   | C_o[1][0][3]   |     4.747 | SLOW    |     2.466 | FAST    |
A_i[1][2][3]   | C_o[1][0][4]   |     5.159 | SLOW    |     2.466 | FAST    |
A_i[1][2][3]   | C_o[1][0][5]   |     5.413 | SLOW    |     2.484 | FAST    |
A_i[1][2][3]   | C_o[1][1][3]   |     4.747 | SLOW    |     2.466 | FAST    |
A_i[1][2][3]   | C_o[1][1][4]   |     5.181 | SLOW    |     2.466 | FAST    |
A_i[1][2][3]   | C_o[1][1][5]   |     5.435 | SLOW    |     2.484 | FAST    |
A_i[1][2][3]   | C_o[1][2][3]   |     4.747 | SLOW    |     2.466 | FAST    |
A_i[1][2][3]   | C_o[1][2][4]   |     5.159 | SLOW    |     2.466 | FAST    |
A_i[1][2][3]   | C_o[1][2][5]   |     5.413 | SLOW    |     2.484 | FAST    |
A_i[1][2][3]   | C_o[1][3][3]   |     4.747 | SLOW    |     2.466 | FAST    |
A_i[1][2][3]   | C_o[1][3][4]   |     5.181 | SLOW    |     2.466 | FAST    |
A_i[1][2][3]   | C_o[1][3][5]   |     5.435 | SLOW    |     2.484 | FAST    |
A_i[1][2][4]   | C_o[1][0][4]   |     5.149 | SLOW    |     2.698 | FAST    |
A_i[1][2][4]   | C_o[1][0][5]   |     5.403 | SLOW    |     2.647 | FAST    |
A_i[1][2][4]   | C_o[1][1][4]   |     5.180 | SLOW    |     2.718 | FAST    |
A_i[1][2][4]   | C_o[1][1][5]   |     5.434 | SLOW    |     2.667 | FAST    |
A_i[1][2][4]   | C_o[1][2][4]   |     5.149 | SLOW    |     2.698 | FAST    |
A_i[1][2][4]   | C_o[1][2][5]   |     5.403 | SLOW    |     2.647 | FAST    |
A_i[1][2][4]   | C_o[1][3][4]   |     5.180 | SLOW    |     2.718 | FAST    |
A_i[1][2][4]   | C_o[1][3][5]   |     5.434 | SLOW    |     2.667 | FAST    |
A_i[1][2][5]   | C_o[1][0][5]   |     5.307 | SLOW    |     2.795 | FAST    |
A_i[1][2][5]   | C_o[1][1][5]   |     5.307 | SLOW    |     2.795 | FAST    |
A_i[1][2][5]   | C_o[1][2][5]   |     5.307 | SLOW    |     2.795 | FAST    |
A_i[1][2][5]   | C_o[1][3][5]   |     5.307 | SLOW    |     2.795 | FAST    |
A_i[1][3][0]   | C_o[1][0][0]   |     4.593 | SLOW    |     2.381 | FAST    |
A_i[1][3][0]   | C_o[1][0][1]   |     4.762 | SLOW    |     2.397 | FAST    |
A_i[1][3][0]   | C_o[1][0][2]   |     5.127 | SLOW    |     2.473 | FAST    |
A_i[1][3][0]   | C_o[1][0][3]   |     5.335 | SLOW    |     2.538 | FAST    |
A_i[1][3][0]   | C_o[1][0][4]   |     5.506 | SLOW    |     2.522 | FAST    |
A_i[1][3][0]   | C_o[1][0][5]   |     5.675 | SLOW    |     2.532 | FAST    |
A_i[1][3][0]   | C_o[1][1][0]   |     4.593 | SLOW    |     2.381 | FAST    |
A_i[1][3][0]   | C_o[1][1][1]   |     4.762 | SLOW    |     2.397 | FAST    |
A_i[1][3][0]   | C_o[1][1][2]   |     5.127 | SLOW    |     2.473 | FAST    |
A_i[1][3][0]   | C_o[1][1][3]   |     5.335 | SLOW    |     2.538 | FAST    |
A_i[1][3][0]   | C_o[1][1][4]   |     5.506 | SLOW    |     2.522 | FAST    |
A_i[1][3][0]   | C_o[1][1][5]   |     5.675 | SLOW    |     2.532 | FAST    |
A_i[1][3][0]   | C_o[1][2][0]   |     4.593 | SLOW    |     2.381 | FAST    |
A_i[1][3][0]   | C_o[1][2][1]   |     4.762 | SLOW    |     2.397 | FAST    |
A_i[1][3][0]   | C_o[1][2][2]   |     5.127 | SLOW    |     2.473 | FAST    |
A_i[1][3][0]   | C_o[1][2][3]   |     5.335 | SLOW    |     2.538 | FAST    |
A_i[1][3][0]   | C_o[1][2][4]   |     5.506 | SLOW    |     2.522 | FAST    |
A_i[1][3][0]   | C_o[1][2][5]   |     5.675 | SLOW    |     2.532 | FAST    |
A_i[1][3][0]   | C_o[1][3][0]   |     4.593 | SLOW    |     2.381 | FAST    |
A_i[1][3][0]   | C_o[1][3][1]   |     4.762 | SLOW    |     2.397 | FAST    |
A_i[1][3][0]   | C_o[1][3][2]   |     5.127 | SLOW    |     2.473 | FAST    |
A_i[1][3][0]   | C_o[1][3][3]   |     5.335 | SLOW    |     2.538 | FAST    |
A_i[1][3][0]   | C_o[1][3][4]   |     5.506 | SLOW    |     2.522 | FAST    |
A_i[1][3][0]   | C_o[1][3][5]   |     5.675 | SLOW    |     2.532 | FAST    |
A_i[1][3][1]   | C_o[1][0][1]   |     4.868 | SLOW    |     2.534 | FAST    |
A_i[1][3][1]   | C_o[1][0][2]   |     5.109 | SLOW    |     2.526 | FAST    |
A_i[1][3][1]   | C_o[1][0][3]   |     5.317 | SLOW    |     2.597 | FAST    |
A_i[1][3][1]   | C_o[1][0][4]   |     5.488 | SLOW    |     2.581 | FAST    |
A_i[1][3][1]   | C_o[1][0][5]   |     5.657 | SLOW    |     2.570 | FAST    |
A_i[1][3][1]   | C_o[1][1][1]   |     4.868 | SLOW    |     2.534 | FAST    |
A_i[1][3][1]   | C_o[1][1][2]   |     5.109 | SLOW    |     2.526 | FAST    |
A_i[1][3][1]   | C_o[1][1][3]   |     5.317 | SLOW    |     2.597 | FAST    |
A_i[1][3][1]   | C_o[1][1][4]   |     5.488 | SLOW    |     2.581 | FAST    |
A_i[1][3][1]   | C_o[1][1][5]   |     5.657 | SLOW    |     2.570 | FAST    |
A_i[1][3][1]   | C_o[1][2][1]   |     4.868 | SLOW    |     2.534 | FAST    |
A_i[1][3][1]   | C_o[1][2][2]   |     5.109 | SLOW    |     2.526 | FAST    |
A_i[1][3][1]   | C_o[1][2][3]   |     5.317 | SLOW    |     2.597 | FAST    |
A_i[1][3][1]   | C_o[1][2][4]   |     5.488 | SLOW    |     2.581 | FAST    |
A_i[1][3][1]   | C_o[1][2][5]   |     5.657 | SLOW    |     2.570 | FAST    |
A_i[1][3][1]   | C_o[1][3][1]   |     4.868 | SLOW    |     2.534 | FAST    |
A_i[1][3][1]   | C_o[1][3][2]   |     5.109 | SLOW    |     2.526 | FAST    |
A_i[1][3][1]   | C_o[1][3][3]   |     5.317 | SLOW    |     2.597 | FAST    |
A_i[1][3][1]   | C_o[1][3][4]   |     5.488 | SLOW    |     2.581 | FAST    |
A_i[1][3][1]   | C_o[1][3][5]   |     5.657 | SLOW    |     2.570 | FAST    |
A_i[1][3][2]   | C_o[1][0][2]   |     4.775 | SLOW    |     2.485 | FAST    |
A_i[1][3][2]   | C_o[1][0][3]   |     5.088 | SLOW    |     2.503 | FAST    |
A_i[1][3][2]   | C_o[1][0][4]   |     5.412 | SLOW    |     2.487 | FAST    |
A_i[1][3][2]   | C_o[1][0][5]   |     5.636 | SLOW    |     2.531 | FAST    |
A_i[1][3][2]   | C_o[1][1][2]   |     4.775 | SLOW    |     2.485 | FAST    |
A_i[1][3][2]   | C_o[1][1][3]   |     5.088 | SLOW    |     2.503 | FAST    |
A_i[1][3][2]   | C_o[1][1][4]   |     5.412 | SLOW    |     2.487 | FAST    |
A_i[1][3][2]   | C_o[1][1][5]   |     5.636 | SLOW    |     2.531 | FAST    |
A_i[1][3][2]   | C_o[1][2][2]   |     4.775 | SLOW    |     2.485 | FAST    |
A_i[1][3][2]   | C_o[1][2][3]   |     5.088 | SLOW    |     2.503 | FAST    |
A_i[1][3][2]   | C_o[1][2][4]   |     5.412 | SLOW    |     2.487 | FAST    |
A_i[1][3][2]   | C_o[1][2][5]   |     5.636 | SLOW    |     2.531 | FAST    |
A_i[1][3][2]   | C_o[1][3][2]   |     4.775 | SLOW    |     2.485 | FAST    |
A_i[1][3][2]   | C_o[1][3][3]   |     5.088 | SLOW    |     2.503 | FAST    |
A_i[1][3][2]   | C_o[1][3][4]   |     5.412 | SLOW    |     2.487 | FAST    |
A_i[1][3][2]   | C_o[1][3][5]   |     5.636 | SLOW    |     2.531 | FAST    |
A_i[1][3][3]   | C_o[1][0][3]   |     4.732 | SLOW    |     2.462 | FAST    |
A_i[1][3][3]   | C_o[1][0][4]   |     5.127 | SLOW    |     2.462 | FAST    |
A_i[1][3][3]   | C_o[1][0][5]   |     5.408 | SLOW    |     2.484 | FAST    |
A_i[1][3][3]   | C_o[1][1][3]   |     4.732 | SLOW    |     2.462 | FAST    |
A_i[1][3][3]   | C_o[1][1][4]   |     5.149 | SLOW    |     2.462 | FAST    |
A_i[1][3][3]   | C_o[1][1][5]   |     5.430 | SLOW    |     2.484 | FAST    |
A_i[1][3][3]   | C_o[1][2][3]   |     4.732 | SLOW    |     2.462 | FAST    |
A_i[1][3][3]   | C_o[1][2][4]   |     5.127 | SLOW    |     2.462 | FAST    |
A_i[1][3][3]   | C_o[1][2][5]   |     5.408 | SLOW    |     2.484 | FAST    |
A_i[1][3][3]   | C_o[1][3][3]   |     4.732 | SLOW    |     2.462 | FAST    |
A_i[1][3][3]   | C_o[1][3][4]   |     5.149 | SLOW    |     2.462 | FAST    |
A_i[1][3][3]   | C_o[1][3][5]   |     5.430 | SLOW    |     2.484 | FAST    |
A_i[1][3][4]   | C_o[1][0][4]   |     5.117 | SLOW    |     2.682 | FAST    |
A_i[1][3][4]   | C_o[1][0][5]   |     5.398 | SLOW    |     2.631 | FAST    |
A_i[1][3][4]   | C_o[1][1][4]   |     5.148 | SLOW    |     2.702 | FAST    |
A_i[1][3][4]   | C_o[1][1][5]   |     5.429 | SLOW    |     2.651 | FAST    |
A_i[1][3][4]   | C_o[1][2][4]   |     5.117 | SLOW    |     2.682 | FAST    |
A_i[1][3][4]   | C_o[1][2][5]   |     5.398 | SLOW    |     2.631 | FAST    |
A_i[1][3][4]   | C_o[1][3][4]   |     5.148 | SLOW    |     2.702 | FAST    |
A_i[1][3][4]   | C_o[1][3][5]   |     5.429 | SLOW    |     2.651 | FAST    |
A_i[1][3][5]   | C_o[1][0][5]   |     5.297 | SLOW    |     2.782 | FAST    |
A_i[1][3][5]   | C_o[1][1][5]   |     5.297 | SLOW    |     2.782 | FAST    |
A_i[1][3][5]   | C_o[1][2][5]   |     5.297 | SLOW    |     2.782 | FAST    |
A_i[1][3][5]   | C_o[1][3][5]   |     5.297 | SLOW    |     2.782 | FAST    |
A_i[2][0][0]   | C_o[2][0][0]   |     4.593 | SLOW    |     2.381 | FAST    |
A_i[2][0][0]   | C_o[2][0][1]   |     4.777 | SLOW    |     2.395 | FAST    |
A_i[2][0][0]   | C_o[2][0][2]   |     5.121 | SLOW    |     2.421 | FAST    |
A_i[2][0][0]   | C_o[2][0][3]   |     5.325 | SLOW    |     2.477 | FAST    |
A_i[2][0][0]   | C_o[2][0][4]   |     5.392 | SLOW    |     2.431 | FAST    |
A_i[2][0][0]   | C_o[2][0][5]   |     5.660 | SLOW    |     2.473 | FAST    |
A_i[2][0][0]   | C_o[2][1][0]   |     4.593 | SLOW    |     2.381 | FAST    |
A_i[2][0][0]   | C_o[2][1][1]   |     4.777 | SLOW    |     2.395 | FAST    |
A_i[2][0][0]   | C_o[2][1][2]   |     5.121 | SLOW    |     2.421 | FAST    |
A_i[2][0][0]   | C_o[2][1][3]   |     5.325 | SLOW    |     2.477 | FAST    |
A_i[2][0][0]   | C_o[2][1][4]   |     5.392 | SLOW    |     2.431 | FAST    |
A_i[2][0][0]   | C_o[2][1][5]   |     5.660 | SLOW    |     2.473 | FAST    |
A_i[2][0][0]   | C_o[2][2][0]   |     4.593 | SLOW    |     2.381 | FAST    |
A_i[2][0][0]   | C_o[2][2][1]   |     4.777 | SLOW    |     2.395 | FAST    |
A_i[2][0][0]   | C_o[2][2][2]   |     5.121 | SLOW    |     2.421 | FAST    |
A_i[2][0][0]   | C_o[2][2][3]   |     5.325 | SLOW    |     2.477 | FAST    |
A_i[2][0][0]   | C_o[2][2][4]   |     5.392 | SLOW    |     2.431 | FAST    |
A_i[2][0][0]   | C_o[2][2][5]   |     5.660 | SLOW    |     2.473 | FAST    |
A_i[2][0][0]   | C_o[2][3][0]   |     4.593 | SLOW    |     2.381 | FAST    |
A_i[2][0][0]   | C_o[2][3][1]   |     4.777 | SLOW    |     2.395 | FAST    |
A_i[2][0][0]   | C_o[2][3][2]   |     5.121 | SLOW    |     2.421 | FAST    |
A_i[2][0][0]   | C_o[2][3][3]   |     5.325 | SLOW    |     2.477 | FAST    |
A_i[2][0][0]   | C_o[2][3][4]   |     5.392 | SLOW    |     2.431 | FAST    |
A_i[2][0][0]   | C_o[2][3][5]   |     5.660 | SLOW    |     2.473 | FAST    |
A_i[2][0][1]   | C_o[2][0][1]   |     4.883 | SLOW    |     2.538 | FAST    |
A_i[2][0][1]   | C_o[2][0][2]   |     5.103 | SLOW    |     2.474 | FAST    |
A_i[2][0][1]   | C_o[2][0][3]   |     5.307 | SLOW    |     2.530 | FAST    |
A_i[2][0][1]   | C_o[2][0][4]   |     5.374 | SLOW    |     2.490 | FAST    |
A_i[2][0][1]   | C_o[2][0][5]   |     5.642 | SLOW    |     2.526 | FAST    |
A_i[2][0][1]   | C_o[2][1][1]   |     4.883 | SLOW    |     2.538 | FAST    |
A_i[2][0][1]   | C_o[2][1][2]   |     5.103 | SLOW    |     2.474 | FAST    |
A_i[2][0][1]   | C_o[2][1][3]   |     5.307 | SLOW    |     2.530 | FAST    |
A_i[2][0][1]   | C_o[2][1][4]   |     5.374 | SLOW    |     2.490 | FAST    |
A_i[2][0][1]   | C_o[2][1][5]   |     5.642 | SLOW    |     2.526 | FAST    |
A_i[2][0][1]   | C_o[2][2][1]   |     4.883 | SLOW    |     2.538 | FAST    |
A_i[2][0][1]   | C_o[2][2][2]   |     5.103 | SLOW    |     2.474 | FAST    |
A_i[2][0][1]   | C_o[2][2][3]   |     5.307 | SLOW    |     2.530 | FAST    |
A_i[2][0][1]   | C_o[2][2][4]   |     5.374 | SLOW    |     2.490 | FAST    |
A_i[2][0][1]   | C_o[2][2][5]   |     5.642 | SLOW    |     2.526 | FAST    |
A_i[2][0][1]   | C_o[2][3][1]   |     4.883 | SLOW    |     2.538 | FAST    |
A_i[2][0][1]   | C_o[2][3][2]   |     5.103 | SLOW    |     2.474 | FAST    |
A_i[2][0][1]   | C_o[2][3][3]   |     5.307 | SLOW    |     2.530 | FAST    |
A_i[2][0][1]   | C_o[2][3][4]   |     5.374 | SLOW    |     2.490 | FAST    |
A_i[2][0][1]   | C_o[2][3][5]   |     5.642 | SLOW    |     2.526 | FAST    |
A_i[2][0][2]   | C_o[2][0][2]   |     4.769 | SLOW    |     2.483 | FAST    |
A_i[2][0][2]   | C_o[2][0][3]   |     5.082 | SLOW    |     2.499 | FAST    |
A_i[2][0][2]   | C_o[2][0][4]   |     5.353 | SLOW    |     2.397 | FAST    |
A_i[2][0][2]   | C_o[2][0][5]   |     5.621 | SLOW    |     2.530 | FAST    |
A_i[2][0][2]   | C_o[2][1][2]   |     4.769 | SLOW    |     2.483 | FAST    |
A_i[2][0][2]   | C_o[2][1][3]   |     5.082 | SLOW    |     2.499 | FAST    |
A_i[2][0][2]   | C_o[2][1][4]   |     5.353 | SLOW    |     2.397 | FAST    |
A_i[2][0][2]   | C_o[2][1][5]   |     5.621 | SLOW    |     2.530 | FAST    |
A_i[2][0][2]   | C_o[2][2][2]   |     4.769 | SLOW    |     2.483 | FAST    |
A_i[2][0][2]   | C_o[2][2][3]   |     5.082 | SLOW    |     2.499 | FAST    |
A_i[2][0][2]   | C_o[2][2][4]   |     5.353 | SLOW    |     2.397 | FAST    |
A_i[2][0][2]   | C_o[2][2][5]   |     5.621 | SLOW    |     2.530 | FAST    |
A_i[2][0][2]   | C_o[2][3][2]   |     4.769 | SLOW    |     2.483 | FAST    |
A_i[2][0][2]   | C_o[2][3][3]   |     5.082 | SLOW    |     2.499 | FAST    |
A_i[2][0][2]   | C_o[2][3][4]   |     5.353 | SLOW    |     2.397 | FAST    |
A_i[2][0][2]   | C_o[2][3][5]   |     5.621 | SLOW    |     2.530 | FAST    |
A_i[2][0][3]   | C_o[2][0][3]   |     4.726 | SLOW    |     2.459 | FAST    |
A_i[2][0][3]   | C_o[2][0][4]   |     5.144 | SLOW    |     2.350 | FAST    |
A_i[2][0][3]   | C_o[2][0][5]   |     5.413 | SLOW    |     2.483 | FAST    |
A_i[2][0][3]   | C_o[2][1][3]   |     4.726 | SLOW    |     2.459 | FAST    |
A_i[2][0][3]   | C_o[2][1][4]   |     5.166 | SLOW    |     2.350 | FAST    |
A_i[2][0][3]   | C_o[2][1][5]   |     5.435 | SLOW    |     2.483 | FAST    |
A_i[2][0][3]   | C_o[2][2][3]   |     4.726 | SLOW    |     2.459 | FAST    |
A_i[2][0][3]   | C_o[2][2][4]   |     5.144 | SLOW    |     2.350 | FAST    |
A_i[2][0][3]   | C_o[2][2][5]   |     5.413 | SLOW    |     2.483 | FAST    |
A_i[2][0][3]   | C_o[2][3][3]   |     4.726 | SLOW    |     2.459 | FAST    |
A_i[2][0][3]   | C_o[2][3][4]   |     5.166 | SLOW    |     2.350 | FAST    |
A_i[2][0][3]   | C_o[2][3][5]   |     5.435 | SLOW    |     2.483 | FAST    |
A_i[2][0][4]   | C_o[2][0][4]   |     5.134 | SLOW    |     2.694 | FAST    |
A_i[2][0][4]   | C_o[2][0][5]   |     5.403 | SLOW    |     2.643 | FAST    |
A_i[2][0][4]   | C_o[2][1][4]   |     5.165 | SLOW    |     2.714 | FAST    |
A_i[2][0][4]   | C_o[2][1][5]   |     5.434 | SLOW    |     2.663 | FAST    |
A_i[2][0][4]   | C_o[2][2][4]   |     5.134 | SLOW    |     2.694 | FAST    |
A_i[2][0][4]   | C_o[2][2][5]   |     5.403 | SLOW    |     2.643 | FAST    |
A_i[2][0][4]   | C_o[2][3][4]   |     5.165 | SLOW    |     2.714 | FAST    |
A_i[2][0][4]   | C_o[2][3][5]   |     5.434 | SLOW    |     2.663 | FAST    |
A_i[2][0][5]   | C_o[2][0][5]   |     5.307 | SLOW    |     2.795 | FAST    |
A_i[2][0][5]   | C_o[2][1][5]   |     5.307 | SLOW    |     2.795 | FAST    |
A_i[2][0][5]   | C_o[2][2][5]   |     5.307 | SLOW    |     2.795 | FAST    |
A_i[2][0][5]   | C_o[2][3][5]   |     5.307 | SLOW    |     2.795 | FAST    |
A_i[2][1][0]   | C_o[2][0][0]   |     4.578 | SLOW    |     2.377 | FAST    |
A_i[2][1][0]   | C_o[2][0][1]   |     4.777 | SLOW    |     2.395 | FAST    |
A_i[2][1][0]   | C_o[2][0][2]   |     5.112 | SLOW    |     2.477 | FAST    |
A_i[2][1][0]   | C_o[2][0][3]   |     5.320 | SLOW    |     2.538 | FAST    |
A_i[2][1][0]   | C_o[2][0][4]   |     5.500 | SLOW    |     2.518 | FAST    |
A_i[2][1][0]   | C_o[2][0][5]   |     5.675 | SLOW    |     2.536 | FAST    |
A_i[2][1][0]   | C_o[2][1][0]   |     4.578 | SLOW    |     2.377 | FAST    |
A_i[2][1][0]   | C_o[2][1][1]   |     4.777 | SLOW    |     2.395 | FAST    |
A_i[2][1][0]   | C_o[2][1][2]   |     5.112 | SLOW    |     2.477 | FAST    |
A_i[2][1][0]   | C_o[2][1][3]   |     5.320 | SLOW    |     2.538 | FAST    |
A_i[2][1][0]   | C_o[2][1][4]   |     5.500 | SLOW    |     2.518 | FAST    |
A_i[2][1][0]   | C_o[2][1][5]   |     5.675 | SLOW    |     2.536 | FAST    |
A_i[2][1][0]   | C_o[2][2][0]   |     4.578 | SLOW    |     2.377 | FAST    |
A_i[2][1][0]   | C_o[2][2][1]   |     4.777 | SLOW    |     2.395 | FAST    |
A_i[2][1][0]   | C_o[2][2][2]   |     5.112 | SLOW    |     2.477 | FAST    |
A_i[2][1][0]   | C_o[2][2][3]   |     5.320 | SLOW    |     2.538 | FAST    |
A_i[2][1][0]   | C_o[2][2][4]   |     5.500 | SLOW    |     2.518 | FAST    |
A_i[2][1][0]   | C_o[2][2][5]   |     5.675 | SLOW    |     2.536 | FAST    |
A_i[2][1][0]   | C_o[2][3][0]   |     4.578 | SLOW    |     2.377 | FAST    |
A_i[2][1][0]   | C_o[2][3][1]   |     4.777 | SLOW    |     2.395 | FAST    |
A_i[2][1][0]   | C_o[2][3][2]   |     5.112 | SLOW    |     2.477 | FAST    |
A_i[2][1][0]   | C_o[2][3][3]   |     5.320 | SLOW    |     2.538 | FAST    |
A_i[2][1][0]   | C_o[2][3][4]   |     5.500 | SLOW    |     2.518 | FAST    |
A_i[2][1][0]   | C_o[2][3][5]   |     5.675 | SLOW    |     2.536 | FAST    |
A_i[2][1][1]   | C_o[2][0][1]   |     4.883 | SLOW    |     2.538 | FAST    |
A_i[2][1][1]   | C_o[2][0][2]   |     5.094 | SLOW    |     2.530 | FAST    |
A_i[2][1][1]   | C_o[2][0][3]   |     5.302 | SLOW    |     2.597 | FAST    |
A_i[2][1][1]   | C_o[2][0][4]   |     5.482 | SLOW    |     2.577 | FAST    |
A_i[2][1][1]   | C_o[2][0][5]   |     5.657 | SLOW    |     2.574 | FAST    |
A_i[2][1][1]   | C_o[2][1][1]   |     4.883 | SLOW    |     2.538 | FAST    |
A_i[2][1][1]   | C_o[2][1][2]   |     5.094 | SLOW    |     2.530 | FAST    |
A_i[2][1][1]   | C_o[2][1][3]   |     5.302 | SLOW    |     2.597 | FAST    |
A_i[2][1][1]   | C_o[2][1][4]   |     5.482 | SLOW    |     2.577 | FAST    |
A_i[2][1][1]   | C_o[2][1][5]   |     5.657 | SLOW    |     2.574 | FAST    |
A_i[2][1][1]   | C_o[2][2][1]   |     4.883 | SLOW    |     2.538 | FAST    |
A_i[2][1][1]   | C_o[2][2][2]   |     5.094 | SLOW    |     2.530 | FAST    |
A_i[2][1][1]   | C_o[2][2][3]   |     5.302 | SLOW    |     2.597 | FAST    |
A_i[2][1][1]   | C_o[2][2][4]   |     5.482 | SLOW    |     2.577 | FAST    |
A_i[2][1][1]   | C_o[2][2][5]   |     5.657 | SLOW    |     2.574 | FAST    |
A_i[2][1][1]   | C_o[2][3][1]   |     4.883 | SLOW    |     2.538 | FAST    |
A_i[2][1][1]   | C_o[2][3][2]   |     5.094 | SLOW    |     2.530 | FAST    |
A_i[2][1][1]   | C_o[2][3][3]   |     5.302 | SLOW    |     2.597 | FAST    |
A_i[2][1][1]   | C_o[2][3][4]   |     5.482 | SLOW    |     2.577 | FAST    |
A_i[2][1][1]   | C_o[2][3][5]   |     5.657 | SLOW    |     2.574 | FAST    |
A_i[2][1][2]   | C_o[2][0][2]   |     4.760 | SLOW    |     2.481 | FAST    |
A_i[2][1][2]   | C_o[2][0][3]   |     5.103 | SLOW    |     2.503 | FAST    |
A_i[2][1][2]   | C_o[2][0][4]   |     5.406 | SLOW    |     2.483 | FAST    |
A_i[2][1][2]   | C_o[2][0][5]   |     5.636 | SLOW    |     2.531 | FAST    |
A_i[2][1][2]   | C_o[2][1][2]   |     4.760 | SLOW    |     2.481 | FAST    |
A_i[2][1][2]   | C_o[2][1][3]   |     5.103 | SLOW    |     2.503 | FAST    |
A_i[2][1][2]   | C_o[2][1][4]   |     5.406 | SLOW    |     2.483 | FAST    |
A_i[2][1][2]   | C_o[2][1][5]   |     5.636 | SLOW    |     2.531 | FAST    |
A_i[2][1][2]   | C_o[2][2][2]   |     4.760 | SLOW    |     2.481 | FAST    |
A_i[2][1][2]   | C_o[2][2][3]   |     5.103 | SLOW    |     2.503 | FAST    |
A_i[2][1][2]   | C_o[2][2][4]   |     5.406 | SLOW    |     2.483 | FAST    |
A_i[2][1][2]   | C_o[2][2][5]   |     5.636 | SLOW    |     2.531 | FAST    |
A_i[2][1][2]   | C_o[2][3][2]   |     4.760 | SLOW    |     2.481 | FAST    |
A_i[2][1][2]   | C_o[2][3][3]   |     5.103 | SLOW    |     2.503 | FAST    |
A_i[2][1][2]   | C_o[2][3][4]   |     5.406 | SLOW    |     2.483 | FAST    |
A_i[2][1][2]   | C_o[2][3][5]   |     5.636 | SLOW    |     2.531 | FAST    |
A_i[2][1][3]   | C_o[2][0][3]   |     4.747 | SLOW    |     2.466 | FAST    |
A_i[2][1][3]   | C_o[2][0][4]   |     5.159 | SLOW    |     2.462 | FAST    |
A_i[2][1][3]   | C_o[2][0][5]   |     5.428 | SLOW    |     2.484 | FAST    |
A_i[2][1][3]   | C_o[2][1][3]   |     4.747 | SLOW    |     2.466 | FAST    |
A_i[2][1][3]   | C_o[2][1][4]   |     5.181 | SLOW    |     2.462 | FAST    |
A_i[2][1][3]   | C_o[2][1][5]   |     5.450 | SLOW    |     2.484 | FAST    |
A_i[2][1][3]   | C_o[2][2][3]   |     4.747 | SLOW    |     2.466 | FAST    |
A_i[2][1][3]   | C_o[2][2][4]   |     5.159 | SLOW    |     2.462 | FAST    |
A_i[2][1][3]   | C_o[2][2][5]   |     5.428 | SLOW    |     2.484 | FAST    |
A_i[2][1][3]   | C_o[2][3][3]   |     4.747 | SLOW    |     2.466 | FAST    |
A_i[2][1][3]   | C_o[2][3][4]   |     5.181 | SLOW    |     2.462 | FAST    |
A_i[2][1][3]   | C_o[2][3][5]   |     5.450 | SLOW    |     2.484 | FAST    |
A_i[2][1][4]   | C_o[2][0][4]   |     5.149 | SLOW    |     2.698 | FAST    |
A_i[2][1][4]   | C_o[2][0][5]   |     5.418 | SLOW    |     2.647 | FAST    |
A_i[2][1][4]   | C_o[2][1][4]   |     5.180 | SLOW    |     2.718 | FAST    |
A_i[2][1][4]   | C_o[2][1][5]   |     5.449 | SLOW    |     2.667 | FAST    |
A_i[2][1][4]   | C_o[2][2][4]   |     5.149 | SLOW    |     2.698 | FAST    |
A_i[2][1][4]   | C_o[2][2][5]   |     5.418 | SLOW    |     2.647 | FAST    |
A_i[2][1][4]   | C_o[2][3][4]   |     5.180 | SLOW    |     2.718 | FAST    |
A_i[2][1][4]   | C_o[2][3][5]   |     5.449 | SLOW    |     2.667 | FAST    |
A_i[2][1][5]   | C_o[2][0][5]   |     5.270 | SLOW    |     2.773 | FAST    |
A_i[2][1][5]   | C_o[2][1][5]   |     5.270 | SLOW    |     2.773 | FAST    |
A_i[2][1][5]   | C_o[2][2][5]   |     5.270 | SLOW    |     2.773 | FAST    |
A_i[2][1][5]   | C_o[2][3][5]   |     5.270 | SLOW    |     2.773 | FAST    |
A_i[2][2][0]   | C_o[2][0][0]   |     4.578 | SLOW    |     2.377 | FAST    |
A_i[2][2][0]   | C_o[2][0][1]   |     4.762 | SLOW    |     2.397 | FAST    |
A_i[2][2][0]   | C_o[2][0][2]   |     5.112 | SLOW    |     2.473 | FAST    |
A_i[2][2][0]   | C_o[2][0][3]   |     5.320 | SLOW    |     2.536 | FAST    |
A_i[2][2][0]   | C_o[2][0][4]   |     5.500 | SLOW    |     2.518 | FAST    |
A_i[2][2][0]   | C_o[2][0][5]   |     5.660 | SLOW    |     2.536 | FAST    |
A_i[2][2][0]   | C_o[2][1][0]   |     4.578 | SLOW    |     2.377 | FAST    |
A_i[2][2][0]   | C_o[2][1][1]   |     4.762 | SLOW    |     2.397 | FAST    |
A_i[2][2][0]   | C_o[2][1][2]   |     5.112 | SLOW    |     2.473 | FAST    |
A_i[2][2][0]   | C_o[2][1][3]   |     5.320 | SLOW    |     2.536 | FAST    |
A_i[2][2][0]   | C_o[2][1][4]   |     5.500 | SLOW    |     2.518 | FAST    |
A_i[2][2][0]   | C_o[2][1][5]   |     5.660 | SLOW    |     2.536 | FAST    |
A_i[2][2][0]   | C_o[2][2][0]   |     4.578 | SLOW    |     2.377 | FAST    |
A_i[2][2][0]   | C_o[2][2][1]   |     4.762 | SLOW    |     2.397 | FAST    |
A_i[2][2][0]   | C_o[2][2][2]   |     5.112 | SLOW    |     2.473 | FAST    |
A_i[2][2][0]   | C_o[2][2][3]   |     5.320 | SLOW    |     2.536 | FAST    |
A_i[2][2][0]   | C_o[2][2][4]   |     5.500 | SLOW    |     2.518 | FAST    |
A_i[2][2][0]   | C_o[2][2][5]   |     5.660 | SLOW    |     2.536 | FAST    |
A_i[2][2][0]   | C_o[2][3][0]   |     4.578 | SLOW    |     2.377 | FAST    |
A_i[2][2][0]   | C_o[2][3][1]   |     4.762 | SLOW    |     2.397 | FAST    |
A_i[2][2][0]   | C_o[2][3][2]   |     5.112 | SLOW    |     2.473 | FAST    |
A_i[2][2][0]   | C_o[2][3][3]   |     5.320 | SLOW    |     2.536 | FAST    |
A_i[2][2][0]   | C_o[2][3][4]   |     5.500 | SLOW    |     2.518 | FAST    |
A_i[2][2][0]   | C_o[2][3][5]   |     5.660 | SLOW    |     2.536 | FAST    |
A_i[2][2][1]   | C_o[2][0][1]   |     4.868 | SLOW    |     2.534 | FAST    |
A_i[2][2][1]   | C_o[2][0][2]   |     5.094 | SLOW    |     2.526 | FAST    |
A_i[2][2][1]   | C_o[2][0][3]   |     5.302 | SLOW    |     2.595 | FAST    |
A_i[2][2][1]   | C_o[2][0][4]   |     5.482 | SLOW    |     2.577 | FAST    |
A_i[2][2][1]   | C_o[2][0][5]   |     5.642 | SLOW    |     2.574 | FAST    |
A_i[2][2][1]   | C_o[2][1][1]   |     4.868 | SLOW    |     2.534 | FAST    |
A_i[2][2][1]   | C_o[2][1][2]   |     5.094 | SLOW    |     2.526 | FAST    |
A_i[2][2][1]   | C_o[2][1][3]   |     5.302 | SLOW    |     2.595 | FAST    |
A_i[2][2][1]   | C_o[2][1][4]   |     5.482 | SLOW    |     2.577 | FAST    |
A_i[2][2][1]   | C_o[2][1][5]   |     5.642 | SLOW    |     2.574 | FAST    |
A_i[2][2][1]   | C_o[2][2][1]   |     4.868 | SLOW    |     2.534 | FAST    |
A_i[2][2][1]   | C_o[2][2][2]   |     5.094 | SLOW    |     2.526 | FAST    |
A_i[2][2][1]   | C_o[2][2][3]   |     5.302 | SLOW    |     2.595 | FAST    |
A_i[2][2][1]   | C_o[2][2][4]   |     5.482 | SLOW    |     2.577 | FAST    |
A_i[2][2][1]   | C_o[2][2][5]   |     5.642 | SLOW    |     2.574 | FAST    |
A_i[2][2][1]   | C_o[2][3][1]   |     4.868 | SLOW    |     2.534 | FAST    |
A_i[2][2][1]   | C_o[2][3][2]   |     5.094 | SLOW    |     2.526 | FAST    |
A_i[2][2][1]   | C_o[2][3][3]   |     5.302 | SLOW    |     2.595 | FAST    |
A_i[2][2][1]   | C_o[2][3][4]   |     5.482 | SLOW    |     2.577 | FAST    |
A_i[2][2][1]   | C_o[2][3][5]   |     5.642 | SLOW    |     2.574 | FAST    |
A_i[2][2][2]   | C_o[2][0][2]   |     4.760 | SLOW    |     2.481 | FAST    |
A_i[2][2][2]   | C_o[2][0][3]   |     5.103 | SLOW    |     2.501 | FAST    |
A_i[2][2][2]   | C_o[2][0][4]   |     5.406 | SLOW    |     2.483 | FAST    |
A_i[2][2][2]   | C_o[2][0][5]   |     5.621 | SLOW    |     2.531 | FAST    |
A_i[2][2][2]   | C_o[2][1][2]   |     4.760 | SLOW    |     2.481 | FAST    |
A_i[2][2][2]   | C_o[2][1][3]   |     5.103 | SLOW    |     2.501 | FAST    |
A_i[2][2][2]   | C_o[2][1][4]   |     5.406 | SLOW    |     2.483 | FAST    |
A_i[2][2][2]   | C_o[2][1][5]   |     5.621 | SLOW    |     2.531 | FAST    |
A_i[2][2][2]   | C_o[2][2][2]   |     4.760 | SLOW    |     2.481 | FAST    |
A_i[2][2][2]   | C_o[2][2][3]   |     5.103 | SLOW    |     2.501 | FAST    |
A_i[2][2][2]   | C_o[2][2][4]   |     5.406 | SLOW    |     2.483 | FAST    |
A_i[2][2][2]   | C_o[2][2][5]   |     5.621 | SLOW    |     2.531 | FAST    |
A_i[2][2][2]   | C_o[2][3][2]   |     4.760 | SLOW    |     2.481 | FAST    |
A_i[2][2][2]   | C_o[2][3][3]   |     5.103 | SLOW    |     2.501 | FAST    |
A_i[2][2][2]   | C_o[2][3][4]   |     5.406 | SLOW    |     2.483 | FAST    |
A_i[2][2][2]   | C_o[2][3][5]   |     5.621 | SLOW    |     2.531 | FAST    |
A_i[2][2][3]   | C_o[2][0][3]   |     4.747 | SLOW    |     2.466 | FAST    |
A_i[2][2][3]   | C_o[2][0][4]   |     5.159 | SLOW    |     2.466 | FAST    |
A_i[2][2][3]   | C_o[2][0][5]   |     5.413 | SLOW    |     2.484 | FAST    |
A_i[2][2][3]   | C_o[2][1][3]   |     4.747 | SLOW    |     2.466 | FAST    |
A_i[2][2][3]   | C_o[2][1][4]   |     5.181 | SLOW    |     2.466 | FAST    |
A_i[2][2][3]   | C_o[2][1][5]   |     5.435 | SLOW    |     2.484 | FAST    |
A_i[2][2][3]   | C_o[2][2][3]   |     4.747 | SLOW    |     2.466 | FAST    |
A_i[2][2][3]   | C_o[2][2][4]   |     5.159 | SLOW    |     2.466 | FAST    |
A_i[2][2][3]   | C_o[2][2][5]   |     5.413 | SLOW    |     2.484 | FAST    |
A_i[2][2][3]   | C_o[2][3][3]   |     4.747 | SLOW    |     2.466 | FAST    |
A_i[2][2][3]   | C_o[2][3][4]   |     5.181 | SLOW    |     2.466 | FAST    |
A_i[2][2][3]   | C_o[2][3][5]   |     5.435 | SLOW    |     2.484 | FAST    |
A_i[2][2][4]   | C_o[2][0][4]   |     5.149 | SLOW    |     2.698 | FAST    |
A_i[2][2][4]   | C_o[2][0][5]   |     5.403 | SLOW    |     2.647 | FAST    |
A_i[2][2][4]   | C_o[2][1][4]   |     5.180 | SLOW    |     2.718 | FAST    |
A_i[2][2][4]   | C_o[2][1][5]   |     5.434 | SLOW    |     2.667 | FAST    |
A_i[2][2][4]   | C_o[2][2][4]   |     5.149 | SLOW    |     2.698 | FAST    |
A_i[2][2][4]   | C_o[2][2][5]   |     5.403 | SLOW    |     2.647 | FAST    |
A_i[2][2][4]   | C_o[2][3][4]   |     5.180 | SLOW    |     2.718 | FAST    |
A_i[2][2][4]   | C_o[2][3][5]   |     5.434 | SLOW    |     2.667 | FAST    |
A_i[2][2][5]   | C_o[2][0][5]   |     5.307 | SLOW    |     2.795 | FAST    |
A_i[2][2][5]   | C_o[2][1][5]   |     5.307 | SLOW    |     2.795 | FAST    |
A_i[2][2][5]   | C_o[2][2][5]   |     5.307 | SLOW    |     2.795 | FAST    |
A_i[2][2][5]   | C_o[2][3][5]   |     5.307 | SLOW    |     2.795 | FAST    |
A_i[2][3][0]   | C_o[2][0][0]   |     4.593 | SLOW    |     2.381 | FAST    |
A_i[2][3][0]   | C_o[2][0][1]   |     4.762 | SLOW    |     2.397 | FAST    |
A_i[2][3][0]   | C_o[2][0][2]   |     5.127 | SLOW    |     2.473 | FAST    |
A_i[2][3][0]   | C_o[2][0][3]   |     5.335 | SLOW    |     2.538 | FAST    |
A_i[2][3][0]   | C_o[2][0][4]   |     5.506 | SLOW    |     2.522 | FAST    |
A_i[2][3][0]   | C_o[2][0][5]   |     5.675 | SLOW    |     2.532 | FAST    |
A_i[2][3][0]   | C_o[2][1][0]   |     4.593 | SLOW    |     2.381 | FAST    |
A_i[2][3][0]   | C_o[2][1][1]   |     4.762 | SLOW    |     2.397 | FAST    |
A_i[2][3][0]   | C_o[2][1][2]   |     5.127 | SLOW    |     2.473 | FAST    |
A_i[2][3][0]   | C_o[2][1][3]   |     5.335 | SLOW    |     2.538 | FAST    |
A_i[2][3][0]   | C_o[2][1][4]   |     5.506 | SLOW    |     2.522 | FAST    |
A_i[2][3][0]   | C_o[2][1][5]   |     5.675 | SLOW    |     2.532 | FAST    |
A_i[2][3][0]   | C_o[2][2][0]   |     4.593 | SLOW    |     2.381 | FAST    |
A_i[2][3][0]   | C_o[2][2][1]   |     4.762 | SLOW    |     2.397 | FAST    |
A_i[2][3][0]   | C_o[2][2][2]   |     5.127 | SLOW    |     2.473 | FAST    |
A_i[2][3][0]   | C_o[2][2][3]   |     5.335 | SLOW    |     2.538 | FAST    |
A_i[2][3][0]   | C_o[2][2][4]   |     5.506 | SLOW    |     2.522 | FAST    |
A_i[2][3][0]   | C_o[2][2][5]   |     5.675 | SLOW    |     2.532 | FAST    |
A_i[2][3][0]   | C_o[2][3][0]   |     4.593 | SLOW    |     2.381 | FAST    |
A_i[2][3][0]   | C_o[2][3][1]   |     4.762 | SLOW    |     2.397 | FAST    |
A_i[2][3][0]   | C_o[2][3][2]   |     5.127 | SLOW    |     2.473 | FAST    |
A_i[2][3][0]   | C_o[2][3][3]   |     5.335 | SLOW    |     2.538 | FAST    |
A_i[2][3][0]   | C_o[2][3][4]   |     5.506 | SLOW    |     2.522 | FAST    |
A_i[2][3][0]   | C_o[2][3][5]   |     5.675 | SLOW    |     2.532 | FAST    |
A_i[2][3][1]   | C_o[2][0][1]   |     4.868 | SLOW    |     2.534 | FAST    |
A_i[2][3][1]   | C_o[2][0][2]   |     5.109 | SLOW    |     2.526 | FAST    |
A_i[2][3][1]   | C_o[2][0][3]   |     5.317 | SLOW    |     2.597 | FAST    |
A_i[2][3][1]   | C_o[2][0][4]   |     5.488 | SLOW    |     2.581 | FAST    |
A_i[2][3][1]   | C_o[2][0][5]   |     5.657 | SLOW    |     2.570 | FAST    |
A_i[2][3][1]   | C_o[2][1][1]   |     4.868 | SLOW    |     2.534 | FAST    |
A_i[2][3][1]   | C_o[2][1][2]   |     5.109 | SLOW    |     2.526 | FAST    |
A_i[2][3][1]   | C_o[2][1][3]   |     5.317 | SLOW    |     2.597 | FAST    |
A_i[2][3][1]   | C_o[2][1][4]   |     5.488 | SLOW    |     2.581 | FAST    |
A_i[2][3][1]   | C_o[2][1][5]   |     5.657 | SLOW    |     2.570 | FAST    |
A_i[2][3][1]   | C_o[2][2][1]   |     4.868 | SLOW    |     2.534 | FAST    |
A_i[2][3][1]   | C_o[2][2][2]   |     5.109 | SLOW    |     2.526 | FAST    |
A_i[2][3][1]   | C_o[2][2][3]   |     5.317 | SLOW    |     2.597 | FAST    |
A_i[2][3][1]   | C_o[2][2][4]   |     5.488 | SLOW    |     2.581 | FAST    |
A_i[2][3][1]   | C_o[2][2][5]   |     5.657 | SLOW    |     2.570 | FAST    |
A_i[2][3][1]   | C_o[2][3][1]   |     4.868 | SLOW    |     2.534 | FAST    |
A_i[2][3][1]   | C_o[2][3][2]   |     5.109 | SLOW    |     2.526 | FAST    |
A_i[2][3][1]   | C_o[2][3][3]   |     5.317 | SLOW    |     2.597 | FAST    |
A_i[2][3][1]   | C_o[2][3][4]   |     5.488 | SLOW    |     2.581 | FAST    |
A_i[2][3][1]   | C_o[2][3][5]   |     5.657 | SLOW    |     2.570 | FAST    |
A_i[2][3][2]   | C_o[2][0][2]   |     4.775 | SLOW    |     2.485 | FAST    |
A_i[2][3][2]   | C_o[2][0][3]   |     5.088 | SLOW    |     2.503 | FAST    |
A_i[2][3][2]   | C_o[2][0][4]   |     5.412 | SLOW    |     2.487 | FAST    |
A_i[2][3][2]   | C_o[2][0][5]   |     5.636 | SLOW    |     2.531 | FAST    |
A_i[2][3][2]   | C_o[2][1][2]   |     4.775 | SLOW    |     2.485 | FAST    |
A_i[2][3][2]   | C_o[2][1][3]   |     5.088 | SLOW    |     2.503 | FAST    |
A_i[2][3][2]   | C_o[2][1][4]   |     5.412 | SLOW    |     2.487 | FAST    |
A_i[2][3][2]   | C_o[2][1][5]   |     5.636 | SLOW    |     2.531 | FAST    |
A_i[2][3][2]   | C_o[2][2][2]   |     4.775 | SLOW    |     2.485 | FAST    |
A_i[2][3][2]   | C_o[2][2][3]   |     5.088 | SLOW    |     2.503 | FAST    |
A_i[2][3][2]   | C_o[2][2][4]   |     5.412 | SLOW    |     2.487 | FAST    |
A_i[2][3][2]   | C_o[2][2][5]   |     5.636 | SLOW    |     2.531 | FAST    |
A_i[2][3][2]   | C_o[2][3][2]   |     4.775 | SLOW    |     2.485 | FAST    |
A_i[2][3][2]   | C_o[2][3][3]   |     5.088 | SLOW    |     2.503 | FAST    |
A_i[2][3][2]   | C_o[2][3][4]   |     5.412 | SLOW    |     2.487 | FAST    |
A_i[2][3][2]   | C_o[2][3][5]   |     5.636 | SLOW    |     2.531 | FAST    |
A_i[2][3][3]   | C_o[2][0][3]   |     4.732 | SLOW    |     2.462 | FAST    |
A_i[2][3][3]   | C_o[2][0][4]   |     5.127 | SLOW    |     2.462 | FAST    |
A_i[2][3][3]   | C_o[2][0][5]   |     5.408 | SLOW    |     2.484 | FAST    |
A_i[2][3][3]   | C_o[2][1][3]   |     4.732 | SLOW    |     2.462 | FAST    |
A_i[2][3][3]   | C_o[2][1][4]   |     5.149 | SLOW    |     2.462 | FAST    |
A_i[2][3][3]   | C_o[2][1][5]   |     5.430 | SLOW    |     2.484 | FAST    |
A_i[2][3][3]   | C_o[2][2][3]   |     4.732 | SLOW    |     2.462 | FAST    |
A_i[2][3][3]   | C_o[2][2][4]   |     5.127 | SLOW    |     2.462 | FAST    |
A_i[2][3][3]   | C_o[2][2][5]   |     5.408 | SLOW    |     2.484 | FAST    |
A_i[2][3][3]   | C_o[2][3][3]   |     4.732 | SLOW    |     2.462 | FAST    |
A_i[2][3][3]   | C_o[2][3][4]   |     5.149 | SLOW    |     2.462 | FAST    |
A_i[2][3][3]   | C_o[2][3][5]   |     5.430 | SLOW    |     2.484 | FAST    |
A_i[2][3][4]   | C_o[2][0][4]   |     5.117 | SLOW    |     2.682 | FAST    |
A_i[2][3][4]   | C_o[2][0][5]   |     5.398 | SLOW    |     2.631 | FAST    |
A_i[2][3][4]   | C_o[2][1][4]   |     5.148 | SLOW    |     2.702 | FAST    |
A_i[2][3][4]   | C_o[2][1][5]   |     5.429 | SLOW    |     2.651 | FAST    |
A_i[2][3][4]   | C_o[2][2][4]   |     5.117 | SLOW    |     2.682 | FAST    |
A_i[2][3][4]   | C_o[2][2][5]   |     5.398 | SLOW    |     2.631 | FAST    |
A_i[2][3][4]   | C_o[2][3][4]   |     5.148 | SLOW    |     2.702 | FAST    |
A_i[2][3][4]   | C_o[2][3][5]   |     5.429 | SLOW    |     2.651 | FAST    |
A_i[2][3][5]   | C_o[2][0][5]   |     5.297 | SLOW    |     2.782 | FAST    |
A_i[2][3][5]   | C_o[2][1][5]   |     5.297 | SLOW    |     2.782 | FAST    |
A_i[2][3][5]   | C_o[2][2][5]   |     5.297 | SLOW    |     2.782 | FAST    |
A_i[2][3][5]   | C_o[2][3][5]   |     5.297 | SLOW    |     2.782 | FAST    |
A_i[3][0][0]   | C_o[3][0][0]   |     4.593 | SLOW    |     2.381 | FAST    |
A_i[3][0][0]   | C_o[3][0][1]   |     4.777 | SLOW    |     2.395 | FAST    |
A_i[3][0][0]   | C_o[3][0][2]   |     5.121 | SLOW    |     2.421 | FAST    |
A_i[3][0][0]   | C_o[3][0][3]   |     5.325 | SLOW    |     2.477 | FAST    |
A_i[3][0][0]   | C_o[3][0][4]   |     5.392 | SLOW    |     2.431 | FAST    |
A_i[3][0][0]   | C_o[3][0][5]   |     5.660 | SLOW    |     2.473 | FAST    |
A_i[3][0][0]   | C_o[3][1][0]   |     4.593 | SLOW    |     2.381 | FAST    |
A_i[3][0][0]   | C_o[3][1][1]   |     4.777 | SLOW    |     2.395 | FAST    |
A_i[3][0][0]   | C_o[3][1][2]   |     5.121 | SLOW    |     2.421 | FAST    |
A_i[3][0][0]   | C_o[3][1][3]   |     5.325 | SLOW    |     2.477 | FAST    |
A_i[3][0][0]   | C_o[3][1][4]   |     5.392 | SLOW    |     2.431 | FAST    |
A_i[3][0][0]   | C_o[3][1][5]   |     5.660 | SLOW    |     2.473 | FAST    |
A_i[3][0][0]   | C_o[3][2][0]   |     4.593 | SLOW    |     2.381 | FAST    |
A_i[3][0][0]   | C_o[3][2][1]   |     4.777 | SLOW    |     2.395 | FAST    |
A_i[3][0][0]   | C_o[3][2][2]   |     5.121 | SLOW    |     2.421 | FAST    |
A_i[3][0][0]   | C_o[3][2][3]   |     5.325 | SLOW    |     2.477 | FAST    |
A_i[3][0][0]   | C_o[3][2][4]   |     5.392 | SLOW    |     2.431 | FAST    |
A_i[3][0][0]   | C_o[3][2][5]   |     5.660 | SLOW    |     2.473 | FAST    |
A_i[3][0][0]   | C_o[3][3][0]   |     4.593 | SLOW    |     2.381 | FAST    |
A_i[3][0][0]   | C_o[3][3][1]   |     4.777 | SLOW    |     2.395 | FAST    |
A_i[3][0][0]   | C_o[3][3][2]   |     5.121 | SLOW    |     2.421 | FAST    |
A_i[3][0][0]   | C_o[3][3][3]   |     5.325 | SLOW    |     2.477 | FAST    |
A_i[3][0][0]   | C_o[3][3][4]   |     5.392 | SLOW    |     2.431 | FAST    |
A_i[3][0][0]   | C_o[3][3][5]   |     5.660 | SLOW    |     2.473 | FAST    |
A_i[3][0][1]   | C_o[3][0][1]   |     4.883 | SLOW    |     2.538 | FAST    |
A_i[3][0][1]   | C_o[3][0][2]   |     5.103 | SLOW    |     2.474 | FAST    |
A_i[3][0][1]   | C_o[3][0][3]   |     5.307 | SLOW    |     2.530 | FAST    |
A_i[3][0][1]   | C_o[3][0][4]   |     5.374 | SLOW    |     2.490 | FAST    |
A_i[3][0][1]   | C_o[3][0][5]   |     5.642 | SLOW    |     2.526 | FAST    |
A_i[3][0][1]   | C_o[3][1][1]   |     4.883 | SLOW    |     2.538 | FAST    |
A_i[3][0][1]   | C_o[3][1][2]   |     5.103 | SLOW    |     2.474 | FAST    |
A_i[3][0][1]   | C_o[3][1][3]   |     5.307 | SLOW    |     2.530 | FAST    |
A_i[3][0][1]   | C_o[3][1][4]   |     5.374 | SLOW    |     2.490 | FAST    |
A_i[3][0][1]   | C_o[3][1][5]   |     5.642 | SLOW    |     2.526 | FAST    |
A_i[3][0][1]   | C_o[3][2][1]   |     4.883 | SLOW    |     2.538 | FAST    |
A_i[3][0][1]   | C_o[3][2][2]   |     5.103 | SLOW    |     2.474 | FAST    |
A_i[3][0][1]   | C_o[3][2][3]   |     5.307 | SLOW    |     2.530 | FAST    |
A_i[3][0][1]   | C_o[3][2][4]   |     5.374 | SLOW    |     2.490 | FAST    |
A_i[3][0][1]   | C_o[3][2][5]   |     5.642 | SLOW    |     2.526 | FAST    |
A_i[3][0][1]   | C_o[3][3][1]   |     4.883 | SLOW    |     2.538 | FAST    |
A_i[3][0][1]   | C_o[3][3][2]   |     5.103 | SLOW    |     2.474 | FAST    |
A_i[3][0][1]   | C_o[3][3][3]   |     5.307 | SLOW    |     2.530 | FAST    |
A_i[3][0][1]   | C_o[3][3][4]   |     5.374 | SLOW    |     2.490 | FAST    |
A_i[3][0][1]   | C_o[3][3][5]   |     5.642 | SLOW    |     2.526 | FAST    |
A_i[3][0][2]   | C_o[3][0][2]   |     4.769 | SLOW    |     2.483 | FAST    |
A_i[3][0][2]   | C_o[3][0][3]   |     5.082 | SLOW    |     2.499 | FAST    |
A_i[3][0][2]   | C_o[3][0][4]   |     5.353 | SLOW    |     2.397 | FAST    |
A_i[3][0][2]   | C_o[3][0][5]   |     5.621 | SLOW    |     2.530 | FAST    |
A_i[3][0][2]   | C_o[3][1][2]   |     4.769 | SLOW    |     2.483 | FAST    |
A_i[3][0][2]   | C_o[3][1][3]   |     5.082 | SLOW    |     2.499 | FAST    |
A_i[3][0][2]   | C_o[3][1][4]   |     5.353 | SLOW    |     2.397 | FAST    |
A_i[3][0][2]   | C_o[3][1][5]   |     5.621 | SLOW    |     2.530 | FAST    |
A_i[3][0][2]   | C_o[3][2][2]   |     4.769 | SLOW    |     2.483 | FAST    |
A_i[3][0][2]   | C_o[3][2][3]   |     5.082 | SLOW    |     2.499 | FAST    |
A_i[3][0][2]   | C_o[3][2][4]   |     5.353 | SLOW    |     2.397 | FAST    |
A_i[3][0][2]   | C_o[3][2][5]   |     5.621 | SLOW    |     2.530 | FAST    |
A_i[3][0][2]   | C_o[3][3][2]   |     4.769 | SLOW    |     2.483 | FAST    |
A_i[3][0][2]   | C_o[3][3][3]   |     5.082 | SLOW    |     2.499 | FAST    |
A_i[3][0][2]   | C_o[3][3][4]   |     5.353 | SLOW    |     2.397 | FAST    |
A_i[3][0][2]   | C_o[3][3][5]   |     5.621 | SLOW    |     2.530 | FAST    |
A_i[3][0][3]   | C_o[3][0][3]   |     4.726 | SLOW    |     2.459 | FAST    |
A_i[3][0][3]   | C_o[3][0][4]   |     5.144 | SLOW    |     2.350 | FAST    |
A_i[3][0][3]   | C_o[3][0][5]   |     5.413 | SLOW    |     2.483 | FAST    |
A_i[3][0][3]   | C_o[3][1][3]   |     4.726 | SLOW    |     2.459 | FAST    |
A_i[3][0][3]   | C_o[3][1][4]   |     5.166 | SLOW    |     2.350 | FAST    |
A_i[3][0][3]   | C_o[3][1][5]   |     5.435 | SLOW    |     2.483 | FAST    |
A_i[3][0][3]   | C_o[3][2][3]   |     4.726 | SLOW    |     2.459 | FAST    |
A_i[3][0][3]   | C_o[3][2][4]   |     5.144 | SLOW    |     2.350 | FAST    |
A_i[3][0][3]   | C_o[3][2][5]   |     5.413 | SLOW    |     2.483 | FAST    |
A_i[3][0][3]   | C_o[3][3][3]   |     4.726 | SLOW    |     2.459 | FAST    |
A_i[3][0][3]   | C_o[3][3][4]   |     5.166 | SLOW    |     2.350 | FAST    |
A_i[3][0][3]   | C_o[3][3][5]   |     5.435 | SLOW    |     2.483 | FAST    |
A_i[3][0][4]   | C_o[3][0][4]   |     5.134 | SLOW    |     2.694 | FAST    |
A_i[3][0][4]   | C_o[3][0][5]   |     5.403 | SLOW    |     2.643 | FAST    |
A_i[3][0][4]   | C_o[3][1][4]   |     5.165 | SLOW    |     2.714 | FAST    |
A_i[3][0][4]   | C_o[3][1][5]   |     5.434 | SLOW    |     2.663 | FAST    |
A_i[3][0][4]   | C_o[3][2][4]   |     5.134 | SLOW    |     2.694 | FAST    |
A_i[3][0][4]   | C_o[3][2][5]   |     5.403 | SLOW    |     2.643 | FAST    |
A_i[3][0][4]   | C_o[3][3][4]   |     5.165 | SLOW    |     2.714 | FAST    |
A_i[3][0][4]   | C_o[3][3][5]   |     5.434 | SLOW    |     2.663 | FAST    |
A_i[3][0][5]   | C_o[3][0][5]   |     5.307 | SLOW    |     2.795 | FAST    |
A_i[3][0][5]   | C_o[3][1][5]   |     5.307 | SLOW    |     2.795 | FAST    |
A_i[3][0][5]   | C_o[3][2][5]   |     5.307 | SLOW    |     2.795 | FAST    |
A_i[3][0][5]   | C_o[3][3][5]   |     5.307 | SLOW    |     2.795 | FAST    |
A_i[3][1][0]   | C_o[3][0][0]   |     4.578 | SLOW    |     2.377 | FAST    |
A_i[3][1][0]   | C_o[3][0][1]   |     4.777 | SLOW    |     2.395 | FAST    |
A_i[3][1][0]   | C_o[3][0][2]   |     5.112 | SLOW    |     2.477 | FAST    |
A_i[3][1][0]   | C_o[3][0][3]   |     5.320 | SLOW    |     2.538 | FAST    |
A_i[3][1][0]   | C_o[3][0][4]   |     5.500 | SLOW    |     2.518 | FAST    |
A_i[3][1][0]   | C_o[3][0][5]   |     5.675 | SLOW    |     2.536 | FAST    |
A_i[3][1][0]   | C_o[3][1][0]   |     4.578 | SLOW    |     2.377 | FAST    |
A_i[3][1][0]   | C_o[3][1][1]   |     4.777 | SLOW    |     2.395 | FAST    |
A_i[3][1][0]   | C_o[3][1][2]   |     5.112 | SLOW    |     2.477 | FAST    |
A_i[3][1][0]   | C_o[3][1][3]   |     5.320 | SLOW    |     2.538 | FAST    |
A_i[3][1][0]   | C_o[3][1][4]   |     5.500 | SLOW    |     2.518 | FAST    |
A_i[3][1][0]   | C_o[3][1][5]   |     5.675 | SLOW    |     2.536 | FAST    |
A_i[3][1][0]   | C_o[3][2][0]   |     4.578 | SLOW    |     2.377 | FAST    |
A_i[3][1][0]   | C_o[3][2][1]   |     4.777 | SLOW    |     2.395 | FAST    |
A_i[3][1][0]   | C_o[3][2][2]   |     5.112 | SLOW    |     2.477 | FAST    |
A_i[3][1][0]   | C_o[3][2][3]   |     5.320 | SLOW    |     2.538 | FAST    |
A_i[3][1][0]   | C_o[3][2][4]   |     5.500 | SLOW    |     2.518 | FAST    |
A_i[3][1][0]   | C_o[3][2][5]   |     5.675 | SLOW    |     2.536 | FAST    |
A_i[3][1][0]   | C_o[3][3][0]   |     4.578 | SLOW    |     2.377 | FAST    |
A_i[3][1][0]   | C_o[3][3][1]   |     4.777 | SLOW    |     2.395 | FAST    |
A_i[3][1][0]   | C_o[3][3][2]   |     5.112 | SLOW    |     2.477 | FAST    |
A_i[3][1][0]   | C_o[3][3][3]   |     5.320 | SLOW    |     2.538 | FAST    |
A_i[3][1][0]   | C_o[3][3][4]   |     5.500 | SLOW    |     2.518 | FAST    |
A_i[3][1][0]   | C_o[3][3][5]   |     5.675 | SLOW    |     2.536 | FAST    |
A_i[3][1][1]   | C_o[3][0][1]   |     4.883 | SLOW    |     2.538 | FAST    |
A_i[3][1][1]   | C_o[3][0][2]   |     5.094 | SLOW    |     2.530 | FAST    |
A_i[3][1][1]   | C_o[3][0][3]   |     5.302 | SLOW    |     2.597 | FAST    |
A_i[3][1][1]   | C_o[3][0][4]   |     5.482 | SLOW    |     2.577 | FAST    |
A_i[3][1][1]   | C_o[3][0][5]   |     5.657 | SLOW    |     2.574 | FAST    |
A_i[3][1][1]   | C_o[3][1][1]   |     4.883 | SLOW    |     2.538 | FAST    |
A_i[3][1][1]   | C_o[3][1][2]   |     5.094 | SLOW    |     2.530 | FAST    |
A_i[3][1][1]   | C_o[3][1][3]   |     5.302 | SLOW    |     2.597 | FAST    |
A_i[3][1][1]   | C_o[3][1][4]   |     5.482 | SLOW    |     2.577 | FAST    |
A_i[3][1][1]   | C_o[3][1][5]   |     5.657 | SLOW    |     2.574 | FAST    |
A_i[3][1][1]   | C_o[3][2][1]   |     4.883 | SLOW    |     2.538 | FAST    |
A_i[3][1][1]   | C_o[3][2][2]   |     5.094 | SLOW    |     2.530 | FAST    |
A_i[3][1][1]   | C_o[3][2][3]   |     5.302 | SLOW    |     2.597 | FAST    |
A_i[3][1][1]   | C_o[3][2][4]   |     5.482 | SLOW    |     2.577 | FAST    |
A_i[3][1][1]   | C_o[3][2][5]   |     5.657 | SLOW    |     2.574 | FAST    |
A_i[3][1][1]   | C_o[3][3][1]   |     4.883 | SLOW    |     2.538 | FAST    |
A_i[3][1][1]   | C_o[3][3][2]   |     5.094 | SLOW    |     2.530 | FAST    |
A_i[3][1][1]   | C_o[3][3][3]   |     5.302 | SLOW    |     2.597 | FAST    |
A_i[3][1][1]   | C_o[3][3][4]   |     5.482 | SLOW    |     2.577 | FAST    |
A_i[3][1][1]   | C_o[3][3][5]   |     5.657 | SLOW    |     2.574 | FAST    |
A_i[3][1][2]   | C_o[3][0][2]   |     4.760 | SLOW    |     2.481 | FAST    |
A_i[3][1][2]   | C_o[3][0][3]   |     5.103 | SLOW    |     2.503 | FAST    |
A_i[3][1][2]   | C_o[3][0][4]   |     5.406 | SLOW    |     2.483 | FAST    |
A_i[3][1][2]   | C_o[3][0][5]   |     5.636 | SLOW    |     2.531 | FAST    |
A_i[3][1][2]   | C_o[3][1][2]   |     4.760 | SLOW    |     2.481 | FAST    |
A_i[3][1][2]   | C_o[3][1][3]   |     5.103 | SLOW    |     2.503 | FAST    |
A_i[3][1][2]   | C_o[3][1][4]   |     5.406 | SLOW    |     2.483 | FAST    |
A_i[3][1][2]   | C_o[3][1][5]   |     5.636 | SLOW    |     2.531 | FAST    |
A_i[3][1][2]   | C_o[3][2][2]   |     4.760 | SLOW    |     2.481 | FAST    |
A_i[3][1][2]   | C_o[3][2][3]   |     5.103 | SLOW    |     2.503 | FAST    |
A_i[3][1][2]   | C_o[3][2][4]   |     5.406 | SLOW    |     2.483 | FAST    |
A_i[3][1][2]   | C_o[3][2][5]   |     5.636 | SLOW    |     2.531 | FAST    |
A_i[3][1][2]   | C_o[3][3][2]   |     4.760 | SLOW    |     2.481 | FAST    |
A_i[3][1][2]   | C_o[3][3][3]   |     5.103 | SLOW    |     2.503 | FAST    |
A_i[3][1][2]   | C_o[3][3][4]   |     5.406 | SLOW    |     2.483 | FAST    |
A_i[3][1][2]   | C_o[3][3][5]   |     5.636 | SLOW    |     2.531 | FAST    |
A_i[3][1][3]   | C_o[3][0][3]   |     4.747 | SLOW    |     2.466 | FAST    |
A_i[3][1][3]   | C_o[3][0][4]   |     5.159 | SLOW    |     2.462 | FAST    |
A_i[3][1][3]   | C_o[3][0][5]   |     5.428 | SLOW    |     2.484 | FAST    |
A_i[3][1][3]   | C_o[3][1][3]   |     4.747 | SLOW    |     2.466 | FAST    |
A_i[3][1][3]   | C_o[3][1][4]   |     5.181 | SLOW    |     2.462 | FAST    |
A_i[3][1][3]   | C_o[3][1][5]   |     5.450 | SLOW    |     2.484 | FAST    |
A_i[3][1][3]   | C_o[3][2][3]   |     4.747 | SLOW    |     2.466 | FAST    |
A_i[3][1][3]   | C_o[3][2][4]   |     5.159 | SLOW    |     2.462 | FAST    |
A_i[3][1][3]   | C_o[3][2][5]   |     5.428 | SLOW    |     2.484 | FAST    |
A_i[3][1][3]   | C_o[3][3][3]   |     4.747 | SLOW    |     2.466 | FAST    |
A_i[3][1][3]   | C_o[3][3][4]   |     5.181 | SLOW    |     2.462 | FAST    |
A_i[3][1][3]   | C_o[3][3][5]   |     5.450 | SLOW    |     2.484 | FAST    |
A_i[3][1][4]   | C_o[3][0][4]   |     5.149 | SLOW    |     2.698 | FAST    |
A_i[3][1][4]   | C_o[3][0][5]   |     5.418 | SLOW    |     2.647 | FAST    |
A_i[3][1][4]   | C_o[3][1][4]   |     5.180 | SLOW    |     2.718 | FAST    |
A_i[3][1][4]   | C_o[3][1][5]   |     5.449 | SLOW    |     2.667 | FAST    |
A_i[3][1][4]   | C_o[3][2][4]   |     5.149 | SLOW    |     2.698 | FAST    |
A_i[3][1][4]   | C_o[3][2][5]   |     5.418 | SLOW    |     2.647 | FAST    |
A_i[3][1][4]   | C_o[3][3][4]   |     5.180 | SLOW    |     2.718 | FAST    |
A_i[3][1][4]   | C_o[3][3][5]   |     5.449 | SLOW    |     2.667 | FAST    |
A_i[3][1][5]   | C_o[3][0][5]   |     5.270 | SLOW    |     2.773 | FAST    |
A_i[3][1][5]   | C_o[3][1][5]   |     5.270 | SLOW    |     2.773 | FAST    |
A_i[3][1][5]   | C_o[3][2][5]   |     5.270 | SLOW    |     2.773 | FAST    |
A_i[3][1][5]   | C_o[3][3][5]   |     5.270 | SLOW    |     2.773 | FAST    |
A_i[3][2][0]   | C_o[3][0][0]   |     4.578 | SLOW    |     2.377 | FAST    |
A_i[3][2][0]   | C_o[3][0][1]   |     4.762 | SLOW    |     2.397 | FAST    |
A_i[3][2][0]   | C_o[3][0][2]   |     5.112 | SLOW    |     2.473 | FAST    |
A_i[3][2][0]   | C_o[3][0][3]   |     5.320 | SLOW    |     2.536 | FAST    |
A_i[3][2][0]   | C_o[3][0][4]   |     5.500 | SLOW    |     2.518 | FAST    |
A_i[3][2][0]   | C_o[3][0][5]   |     5.660 | SLOW    |     2.536 | FAST    |
A_i[3][2][0]   | C_o[3][1][0]   |     4.578 | SLOW    |     2.377 | FAST    |
A_i[3][2][0]   | C_o[3][1][1]   |     4.762 | SLOW    |     2.397 | FAST    |
A_i[3][2][0]   | C_o[3][1][2]   |     5.112 | SLOW    |     2.473 | FAST    |
A_i[3][2][0]   | C_o[3][1][3]   |     5.320 | SLOW    |     2.536 | FAST    |
A_i[3][2][0]   | C_o[3][1][4]   |     5.500 | SLOW    |     2.518 | FAST    |
A_i[3][2][0]   | C_o[3][1][5]   |     5.660 | SLOW    |     2.536 | FAST    |
A_i[3][2][0]   | C_o[3][2][0]   |     4.578 | SLOW    |     2.377 | FAST    |
A_i[3][2][0]   | C_o[3][2][1]   |     4.762 | SLOW    |     2.397 | FAST    |
A_i[3][2][0]   | C_o[3][2][2]   |     5.112 | SLOW    |     2.473 | FAST    |
A_i[3][2][0]   | C_o[3][2][3]   |     5.320 | SLOW    |     2.536 | FAST    |
A_i[3][2][0]   | C_o[3][2][4]   |     5.500 | SLOW    |     2.518 | FAST    |
A_i[3][2][0]   | C_o[3][2][5]   |     5.660 | SLOW    |     2.536 | FAST    |
A_i[3][2][0]   | C_o[3][3][0]   |     4.578 | SLOW    |     2.377 | FAST    |
A_i[3][2][0]   | C_o[3][3][1]   |     4.762 | SLOW    |     2.397 | FAST    |
A_i[3][2][0]   | C_o[3][3][2]   |     5.112 | SLOW    |     2.473 | FAST    |
A_i[3][2][0]   | C_o[3][3][3]   |     5.320 | SLOW    |     2.536 | FAST    |
A_i[3][2][0]   | C_o[3][3][4]   |     5.500 | SLOW    |     2.518 | FAST    |
A_i[3][2][0]   | C_o[3][3][5]   |     5.660 | SLOW    |     2.536 | FAST    |
A_i[3][2][1]   | C_o[3][0][1]   |     4.868 | SLOW    |     2.534 | FAST    |
A_i[3][2][1]   | C_o[3][0][2]   |     5.094 | SLOW    |     2.526 | FAST    |
A_i[3][2][1]   | C_o[3][0][3]   |     5.302 | SLOW    |     2.595 | FAST    |
A_i[3][2][1]   | C_o[3][0][4]   |     5.482 | SLOW    |     2.577 | FAST    |
A_i[3][2][1]   | C_o[3][0][5]   |     5.642 | SLOW    |     2.574 | FAST    |
A_i[3][2][1]   | C_o[3][1][1]   |     4.868 | SLOW    |     2.534 | FAST    |
A_i[3][2][1]   | C_o[3][1][2]   |     5.094 | SLOW    |     2.526 | FAST    |
A_i[3][2][1]   | C_o[3][1][3]   |     5.302 | SLOW    |     2.595 | FAST    |
A_i[3][2][1]   | C_o[3][1][4]   |     5.482 | SLOW    |     2.577 | FAST    |
A_i[3][2][1]   | C_o[3][1][5]   |     5.642 | SLOW    |     2.574 | FAST    |
A_i[3][2][1]   | C_o[3][2][1]   |     4.868 | SLOW    |     2.534 | FAST    |
A_i[3][2][1]   | C_o[3][2][2]   |     5.094 | SLOW    |     2.526 | FAST    |
A_i[3][2][1]   | C_o[3][2][3]   |     5.302 | SLOW    |     2.595 | FAST    |
A_i[3][2][1]   | C_o[3][2][4]   |     5.482 | SLOW    |     2.577 | FAST    |
A_i[3][2][1]   | C_o[3][2][5]   |     5.642 | SLOW    |     2.574 | FAST    |
A_i[3][2][1]   | C_o[3][3][1]   |     4.868 | SLOW    |     2.534 | FAST    |
A_i[3][2][1]   | C_o[3][3][2]   |     5.094 | SLOW    |     2.526 | FAST    |
A_i[3][2][1]   | C_o[3][3][3]   |     5.302 | SLOW    |     2.595 | FAST    |
A_i[3][2][1]   | C_o[3][3][4]   |     5.482 | SLOW    |     2.577 | FAST    |
A_i[3][2][1]   | C_o[3][3][5]   |     5.642 | SLOW    |     2.574 | FAST    |
A_i[3][2][2]   | C_o[3][0][2]   |     4.760 | SLOW    |     2.481 | FAST    |
A_i[3][2][2]   | C_o[3][0][3]   |     5.103 | SLOW    |     2.501 | FAST    |
A_i[3][2][2]   | C_o[3][0][4]   |     5.406 | SLOW    |     2.483 | FAST    |
A_i[3][2][2]   | C_o[3][0][5]   |     5.621 | SLOW    |     2.531 | FAST    |
A_i[3][2][2]   | C_o[3][1][2]   |     4.760 | SLOW    |     2.481 | FAST    |
A_i[3][2][2]   | C_o[3][1][3]   |     5.103 | SLOW    |     2.501 | FAST    |
A_i[3][2][2]   | C_o[3][1][4]   |     5.406 | SLOW    |     2.483 | FAST    |
A_i[3][2][2]   | C_o[3][1][5]   |     5.621 | SLOW    |     2.531 | FAST    |
A_i[3][2][2]   | C_o[3][2][2]   |     4.760 | SLOW    |     2.481 | FAST    |
A_i[3][2][2]   | C_o[3][2][3]   |     5.103 | SLOW    |     2.501 | FAST    |
A_i[3][2][2]   | C_o[3][2][4]   |     5.406 | SLOW    |     2.483 | FAST    |
A_i[3][2][2]   | C_o[3][2][5]   |     5.621 | SLOW    |     2.531 | FAST    |
A_i[3][2][2]   | C_o[3][3][2]   |     4.760 | SLOW    |     2.481 | FAST    |
A_i[3][2][2]   | C_o[3][3][3]   |     5.103 | SLOW    |     2.501 | FAST    |
A_i[3][2][2]   | C_o[3][3][4]   |     5.406 | SLOW    |     2.483 | FAST    |
A_i[3][2][2]   | C_o[3][3][5]   |     5.621 | SLOW    |     2.531 | FAST    |
A_i[3][2][3]   | C_o[3][0][3]   |     4.747 | SLOW    |     2.466 | FAST    |
A_i[3][2][3]   | C_o[3][0][4]   |     5.159 | SLOW    |     2.466 | FAST    |
A_i[3][2][3]   | C_o[3][0][5]   |     5.413 | SLOW    |     2.484 | FAST    |
A_i[3][2][3]   | C_o[3][1][3]   |     4.747 | SLOW    |     2.466 | FAST    |
A_i[3][2][3]   | C_o[3][1][4]   |     5.181 | SLOW    |     2.466 | FAST    |
A_i[3][2][3]   | C_o[3][1][5]   |     5.435 | SLOW    |     2.484 | FAST    |
A_i[3][2][3]   | C_o[3][2][3]   |     4.747 | SLOW    |     2.466 | FAST    |
A_i[3][2][3]   | C_o[3][2][4]   |     5.159 | SLOW    |     2.466 | FAST    |
A_i[3][2][3]   | C_o[3][2][5]   |     5.413 | SLOW    |     2.484 | FAST    |
A_i[3][2][3]   | C_o[3][3][3]   |     4.747 | SLOW    |     2.466 | FAST    |
A_i[3][2][3]   | C_o[3][3][4]   |     5.181 | SLOW    |     2.466 | FAST    |
A_i[3][2][3]   | C_o[3][3][5]   |     5.435 | SLOW    |     2.484 | FAST    |
A_i[3][2][4]   | C_o[3][0][4]   |     5.149 | SLOW    |     2.698 | FAST    |
A_i[3][2][4]   | C_o[3][0][5]   |     5.403 | SLOW    |     2.647 | FAST    |
A_i[3][2][4]   | C_o[3][1][4]   |     5.180 | SLOW    |     2.718 | FAST    |
A_i[3][2][4]   | C_o[3][1][5]   |     5.434 | SLOW    |     2.667 | FAST    |
A_i[3][2][4]   | C_o[3][2][4]   |     5.149 | SLOW    |     2.698 | FAST    |
A_i[3][2][4]   | C_o[3][2][5]   |     5.403 | SLOW    |     2.647 | FAST    |
A_i[3][2][4]   | C_o[3][3][4]   |     5.180 | SLOW    |     2.718 | FAST    |
A_i[3][2][4]   | C_o[3][3][5]   |     5.434 | SLOW    |     2.667 | FAST    |
A_i[3][2][5]   | C_o[3][0][5]   |     5.307 | SLOW    |     2.795 | FAST    |
A_i[3][2][5]   | C_o[3][1][5]   |     5.307 | SLOW    |     2.795 | FAST    |
A_i[3][2][5]   | C_o[3][2][5]   |     5.307 | SLOW    |     2.795 | FAST    |
A_i[3][2][5]   | C_o[3][3][5]   |     5.307 | SLOW    |     2.795 | FAST    |
A_i[3][3][0]   | C_o[3][0][0]   |     4.593 | SLOW    |     2.381 | FAST    |
A_i[3][3][0]   | C_o[3][0][1]   |     4.762 | SLOW    |     2.397 | FAST    |
A_i[3][3][0]   | C_o[3][0][2]   |     5.127 | SLOW    |     2.473 | FAST    |
A_i[3][3][0]   | C_o[3][0][3]   |     5.335 | SLOW    |     2.538 | FAST    |
A_i[3][3][0]   | C_o[3][0][4]   |     5.506 | SLOW    |     2.522 | FAST    |
A_i[3][3][0]   | C_o[3][0][5]   |     5.675 | SLOW    |     2.532 | FAST    |
A_i[3][3][0]   | C_o[3][1][0]   |     4.593 | SLOW    |     2.381 | FAST    |
A_i[3][3][0]   | C_o[3][1][1]   |     4.762 | SLOW    |     2.397 | FAST    |
A_i[3][3][0]   | C_o[3][1][2]   |     5.127 | SLOW    |     2.473 | FAST    |
A_i[3][3][0]   | C_o[3][1][3]   |     5.335 | SLOW    |     2.538 | FAST    |
A_i[3][3][0]   | C_o[3][1][4]   |     5.506 | SLOW    |     2.522 | FAST    |
A_i[3][3][0]   | C_o[3][1][5]   |     5.675 | SLOW    |     2.532 | FAST    |
A_i[3][3][0]   | C_o[3][2][0]   |     4.593 | SLOW    |     2.381 | FAST    |
A_i[3][3][0]   | C_o[3][2][1]   |     4.762 | SLOW    |     2.397 | FAST    |
A_i[3][3][0]   | C_o[3][2][2]   |     5.127 | SLOW    |     2.473 | FAST    |
A_i[3][3][0]   | C_o[3][2][3]   |     5.335 | SLOW    |     2.538 | FAST    |
A_i[3][3][0]   | C_o[3][2][4]   |     5.506 | SLOW    |     2.522 | FAST    |
A_i[3][3][0]   | C_o[3][2][5]   |     5.675 | SLOW    |     2.532 | FAST    |
A_i[3][3][0]   | C_o[3][3][0]   |     4.593 | SLOW    |     2.381 | FAST    |
A_i[3][3][0]   | C_o[3][3][1]   |     4.762 | SLOW    |     2.397 | FAST    |
A_i[3][3][0]   | C_o[3][3][2]   |     5.127 | SLOW    |     2.473 | FAST    |
A_i[3][3][0]   | C_o[3][3][3]   |     5.335 | SLOW    |     2.538 | FAST    |
A_i[3][3][0]   | C_o[3][3][4]   |     5.506 | SLOW    |     2.522 | FAST    |
A_i[3][3][0]   | C_o[3][3][5]   |     5.675 | SLOW    |     2.532 | FAST    |
A_i[3][3][1]   | C_o[3][0][1]   |     4.868 | SLOW    |     2.534 | FAST    |
A_i[3][3][1]   | C_o[3][0][2]   |     5.109 | SLOW    |     2.526 | FAST    |
A_i[3][3][1]   | C_o[3][0][3]   |     5.317 | SLOW    |     2.597 | FAST    |
A_i[3][3][1]   | C_o[3][0][4]   |     5.488 | SLOW    |     2.581 | FAST    |
A_i[3][3][1]   | C_o[3][0][5]   |     5.657 | SLOW    |     2.570 | FAST    |
A_i[3][3][1]   | C_o[3][1][1]   |     4.868 | SLOW    |     2.534 | FAST    |
A_i[3][3][1]   | C_o[3][1][2]   |     5.109 | SLOW    |     2.526 | FAST    |
A_i[3][3][1]   | C_o[3][1][3]   |     5.317 | SLOW    |     2.597 | FAST    |
A_i[3][3][1]   | C_o[3][1][4]   |     5.488 | SLOW    |     2.581 | FAST    |
A_i[3][3][1]   | C_o[3][1][5]   |     5.657 | SLOW    |     2.570 | FAST    |
A_i[3][3][1]   | C_o[3][2][1]   |     4.868 | SLOW    |     2.534 | FAST    |
A_i[3][3][1]   | C_o[3][2][2]   |     5.109 | SLOW    |     2.526 | FAST    |
A_i[3][3][1]   | C_o[3][2][3]   |     5.317 | SLOW    |     2.597 | FAST    |
A_i[3][3][1]   | C_o[3][2][4]   |     5.488 | SLOW    |     2.581 | FAST    |
A_i[3][3][1]   | C_o[3][2][5]   |     5.657 | SLOW    |     2.570 | FAST    |
A_i[3][3][1]   | C_o[3][3][1]   |     4.868 | SLOW    |     2.534 | FAST    |
A_i[3][3][1]   | C_o[3][3][2]   |     5.109 | SLOW    |     2.526 | FAST    |
A_i[3][3][1]   | C_o[3][3][3]   |     5.317 | SLOW    |     2.597 | FAST    |
A_i[3][3][1]   | C_o[3][3][4]   |     5.488 | SLOW    |     2.581 | FAST    |
A_i[3][3][1]   | C_o[3][3][5]   |     5.657 | SLOW    |     2.570 | FAST    |
A_i[3][3][2]   | C_o[3][0][2]   |     4.775 | SLOW    |     2.485 | FAST    |
A_i[3][3][2]   | C_o[3][0][3]   |     5.088 | SLOW    |     2.503 | FAST    |
A_i[3][3][2]   | C_o[3][0][4]   |     5.412 | SLOW    |     2.487 | FAST    |
A_i[3][3][2]   | C_o[3][0][5]   |     5.636 | SLOW    |     2.531 | FAST    |
A_i[3][3][2]   | C_o[3][1][2]   |     4.775 | SLOW    |     2.485 | FAST    |
A_i[3][3][2]   | C_o[3][1][3]   |     5.088 | SLOW    |     2.503 | FAST    |
A_i[3][3][2]   | C_o[3][1][4]   |     5.412 | SLOW    |     2.487 | FAST    |
A_i[3][3][2]   | C_o[3][1][5]   |     5.636 | SLOW    |     2.531 | FAST    |
A_i[3][3][2]   | C_o[3][2][2]   |     4.775 | SLOW    |     2.485 | FAST    |
A_i[3][3][2]   | C_o[3][2][3]   |     5.088 | SLOW    |     2.503 | FAST    |
A_i[3][3][2]   | C_o[3][2][4]   |     5.412 | SLOW    |     2.487 | FAST    |
A_i[3][3][2]   | C_o[3][2][5]   |     5.636 | SLOW    |     2.531 | FAST    |
A_i[3][3][2]   | C_o[3][3][2]   |     4.775 | SLOW    |     2.485 | FAST    |
A_i[3][3][2]   | C_o[3][3][3]   |     5.088 | SLOW    |     2.503 | FAST    |
A_i[3][3][2]   | C_o[3][3][4]   |     5.412 | SLOW    |     2.487 | FAST    |
A_i[3][3][2]   | C_o[3][3][5]   |     5.636 | SLOW    |     2.531 | FAST    |
A_i[3][3][3]   | C_o[3][0][3]   |     4.732 | SLOW    |     2.462 | FAST    |
A_i[3][3][3]   | C_o[3][0][4]   |     5.127 | SLOW    |     2.462 | FAST    |
A_i[3][3][3]   | C_o[3][0][5]   |     5.408 | SLOW    |     2.484 | FAST    |
A_i[3][3][3]   | C_o[3][1][3]   |     4.732 | SLOW    |     2.462 | FAST    |
A_i[3][3][3]   | C_o[3][1][4]   |     5.149 | SLOW    |     2.462 | FAST    |
A_i[3][3][3]   | C_o[3][1][5]   |     5.430 | SLOW    |     2.484 | FAST    |
A_i[3][3][3]   | C_o[3][2][3]   |     4.732 | SLOW    |     2.462 | FAST    |
A_i[3][3][3]   | C_o[3][2][4]   |     5.127 | SLOW    |     2.462 | FAST    |
A_i[3][3][3]   | C_o[3][2][5]   |     5.408 | SLOW    |     2.484 | FAST    |
A_i[3][3][3]   | C_o[3][3][3]   |     4.732 | SLOW    |     2.462 | FAST    |
A_i[3][3][3]   | C_o[3][3][4]   |     5.149 | SLOW    |     2.462 | FAST    |
A_i[3][3][3]   | C_o[3][3][5]   |     5.430 | SLOW    |     2.484 | FAST    |
A_i[3][3][4]   | C_o[3][0][4]   |     5.117 | SLOW    |     2.682 | FAST    |
A_i[3][3][4]   | C_o[3][0][5]   |     5.398 | SLOW    |     2.631 | FAST    |
A_i[3][3][4]   | C_o[3][1][4]   |     5.148 | SLOW    |     2.702 | FAST    |
A_i[3][3][4]   | C_o[3][1][5]   |     5.429 | SLOW    |     2.651 | FAST    |
A_i[3][3][4]   | C_o[3][2][4]   |     5.117 | SLOW    |     2.682 | FAST    |
A_i[3][3][4]   | C_o[3][2][5]   |     5.398 | SLOW    |     2.631 | FAST    |
A_i[3][3][4]   | C_o[3][3][4]   |     5.148 | SLOW    |     2.702 | FAST    |
A_i[3][3][4]   | C_o[3][3][5]   |     5.429 | SLOW    |     2.651 | FAST    |
A_i[3][3][5]   | C_o[3][0][5]   |     5.297 | SLOW    |     2.782 | FAST    |
A_i[3][3][5]   | C_o[3][1][5]   |     5.297 | SLOW    |     2.782 | FAST    |
A_i[3][3][5]   | C_o[3][2][5]   |     5.297 | SLOW    |     2.782 | FAST    |
A_i[3][3][5]   | C_o[3][3][5]   |     5.297 | SLOW    |     2.782 | FAST    |
B_i[0][0][0]   | C_o[0][0][0]   |     4.563 | SLOW    |     2.365 | FAST    |
B_i[0][0][0]   | C_o[0][0][1]   |     4.889 | SLOW    |     2.379 | FAST    |
B_i[0][0][0]   | C_o[0][0][2]   |     4.993 | SLOW    |     2.473 | FAST    |
B_i[0][0][0]   | C_o[0][0][3]   |     5.197 | SLOW    |     2.483 | FAST    |
B_i[0][0][0]   | C_o[0][0][4]   |     5.199 | SLOW    |     2.374 | FAST    |
B_i[0][0][0]   | C_o[0][0][5]   |     5.434 | SLOW    |     2.507 | FAST    |
B_i[0][0][0]   | C_o[1][0][0]   |     4.563 | SLOW    |     2.365 | FAST    |
B_i[0][0][0]   | C_o[1][0][1]   |     4.889 | SLOW    |     2.379 | FAST    |
B_i[0][0][0]   | C_o[1][0][2]   |     4.993 | SLOW    |     2.473 | FAST    |
B_i[0][0][0]   | C_o[1][0][3]   |     5.197 | SLOW    |     2.483 | FAST    |
B_i[0][0][0]   | C_o[1][0][4]   |     5.199 | SLOW    |     2.374 | FAST    |
B_i[0][0][0]   | C_o[1][0][5]   |     5.434 | SLOW    |     2.507 | FAST    |
B_i[0][0][0]   | C_o[2][0][0]   |     4.563 | SLOW    |     2.365 | FAST    |
B_i[0][0][0]   | C_o[2][0][1]   |     4.889 | SLOW    |     2.379 | FAST    |
B_i[0][0][0]   | C_o[2][0][2]   |     4.993 | SLOW    |     2.473 | FAST    |
B_i[0][0][0]   | C_o[2][0][3]   |     5.197 | SLOW    |     2.483 | FAST    |
B_i[0][0][0]   | C_o[2][0][4]   |     5.199 | SLOW    |     2.374 | FAST    |
B_i[0][0][0]   | C_o[2][0][5]   |     5.434 | SLOW    |     2.507 | FAST    |
B_i[0][0][0]   | C_o[3][0][0]   |     4.563 | SLOW    |     2.365 | FAST    |
B_i[0][0][0]   | C_o[3][0][1]   |     4.889 | SLOW    |     2.379 | FAST    |
B_i[0][0][0]   | C_o[3][0][2]   |     4.993 | SLOW    |     2.473 | FAST    |
B_i[0][0][0]   | C_o[3][0][3]   |     5.197 | SLOW    |     2.483 | FAST    |
B_i[0][0][0]   | C_o[3][0][4]   |     5.199 | SLOW    |     2.374 | FAST    |
B_i[0][0][0]   | C_o[3][0][5]   |     5.434 | SLOW    |     2.507 | FAST    |
B_i[0][0][1]   | C_o[0][0][1]   |     4.803 | SLOW    |     2.499 | FAST    |
B_i[0][0][1]   | C_o[0][0][2]   |     5.103 | SLOW    |     2.435 | FAST    |
B_i[0][0][1]   | C_o[0][0][3]   |     5.307 | SLOW    |     2.491 | FAST    |
B_i[0][0][1]   | C_o[0][0][4]   |     5.374 | SLOW    |     2.446 | FAST    |
B_i[0][0][1]   | C_o[0][0][5]   |     5.642 | SLOW    |     2.487 | FAST    |
B_i[0][0][1]   | C_o[1][0][1]   |     4.803 | SLOW    |     2.499 | FAST    |
B_i[0][0][1]   | C_o[1][0][2]   |     5.103 | SLOW    |     2.435 | FAST    |
B_i[0][0][1]   | C_o[1][0][3]   |     5.307 | SLOW    |     2.491 | FAST    |
B_i[0][0][1]   | C_o[1][0][4]   |     5.374 | SLOW    |     2.446 | FAST    |
B_i[0][0][1]   | C_o[1][0][5]   |     5.642 | SLOW    |     2.487 | FAST    |
B_i[0][0][1]   | C_o[2][0][1]   |     4.803 | SLOW    |     2.499 | FAST    |
B_i[0][0][1]   | C_o[2][0][2]   |     5.103 | SLOW    |     2.435 | FAST    |
B_i[0][0][1]   | C_o[2][0][3]   |     5.307 | SLOW    |     2.491 | FAST    |
B_i[0][0][1]   | C_o[2][0][4]   |     5.374 | SLOW    |     2.446 | FAST    |
B_i[0][0][1]   | C_o[2][0][5]   |     5.642 | SLOW    |     2.487 | FAST    |
B_i[0][0][1]   | C_o[3][0][1]   |     4.803 | SLOW    |     2.499 | FAST    |
B_i[0][0][1]   | C_o[3][0][2]   |     5.103 | SLOW    |     2.435 | FAST    |
B_i[0][0][1]   | C_o[3][0][3]   |     5.307 | SLOW    |     2.491 | FAST    |
B_i[0][0][1]   | C_o[3][0][4]   |     5.374 | SLOW    |     2.446 | FAST    |
B_i[0][0][1]   | C_o[3][0][5]   |     5.642 | SLOW    |     2.487 | FAST    |
B_i[0][0][2]   | C_o[0][0][2]   |     5.111 | SLOW    |     2.680 | FAST    |
B_i[0][0][2]   | C_o[0][0][3]   |     5.315 | SLOW    |     2.634 | FAST    |
B_i[0][0][2]   | C_o[0][0][4]   |     5.382 | SLOW    |     2.525 | FAST    |
B_i[0][0][2]   | C_o[0][0][5]   |     5.650 | SLOW    |     2.584 | FAST    |
B_i[0][0][2]   | C_o[1][0][2]   |     5.111 | SLOW    |     2.680 | FAST    |
B_i[0][0][2]   | C_o[1][0][3]   |     5.315 | SLOW    |     2.634 | FAST    |
B_i[0][0][2]   | C_o[1][0][4]   |     5.382 | SLOW    |     2.525 | FAST    |
B_i[0][0][2]   | C_o[1][0][5]   |     5.650 | SLOW    |     2.584 | FAST    |
B_i[0][0][2]   | C_o[2][0][2]   |     5.111 | SLOW    |     2.680 | FAST    |
B_i[0][0][2]   | C_o[2][0][3]   |     5.315 | SLOW    |     2.634 | FAST    |
B_i[0][0][2]   | C_o[2][0][4]   |     5.382 | SLOW    |     2.525 | FAST    |
B_i[0][0][2]   | C_o[2][0][5]   |     5.650 | SLOW    |     2.584 | FAST    |
B_i[0][0][2]   | C_o[3][0][2]   |     5.111 | SLOW    |     2.680 | FAST    |
B_i[0][0][2]   | C_o[3][0][3]   |     5.315 | SLOW    |     2.634 | FAST    |
B_i[0][0][2]   | C_o[3][0][4]   |     5.382 | SLOW    |     2.525 | FAST    |
B_i[0][0][2]   | C_o[3][0][5]   |     5.650 | SLOW    |     2.584 | FAST    |
B_i[0][0][3]   | C_o[0][0][3]   |     5.047 | SLOW    |     2.638 | FAST    |
B_i[0][0][3]   | C_o[0][0][4]   |     5.318 | SLOW    |     2.529 | FAST    |
B_i[0][0][3]   | C_o[0][0][5]   |     5.586 | SLOW    |     2.563 | FAST    |
B_i[0][0][3]   | C_o[1][0][3]   |     5.047 | SLOW    |     2.638 | FAST    |
B_i[0][0][3]   | C_o[1][0][4]   |     5.318 | SLOW    |     2.529 | FAST    |
B_i[0][0][3]   | C_o[1][0][5]   |     5.586 | SLOW    |     2.563 | FAST    |
B_i[0][0][3]   | C_o[2][0][3]   |     5.047 | SLOW    |     2.638 | FAST    |
B_i[0][0][3]   | C_o[2][0][4]   |     5.318 | SLOW    |     2.529 | FAST    |
B_i[0][0][3]   | C_o[2][0][5]   |     5.586 | SLOW    |     2.563 | FAST    |
B_i[0][0][3]   | C_o[3][0][3]   |     5.047 | SLOW    |     2.638 | FAST    |
B_i[0][0][3]   | C_o[3][0][4]   |     5.318 | SLOW    |     2.529 | FAST    |
B_i[0][0][3]   | C_o[3][0][5]   |     5.586 | SLOW    |     2.563 | FAST    |
B_i[0][0][4]   | C_o[0][0][4]   |     5.118 | SLOW    |     2.676 | FAST    |
B_i[0][0][4]   | C_o[0][0][5]   |     5.394 | SLOW    |     2.625 | FAST    |
B_i[0][0][4]   | C_o[1][0][4]   |     5.118 | SLOW    |     2.676 | FAST    |
B_i[0][0][4]   | C_o[1][0][5]   |     5.394 | SLOW    |     2.625 | FAST    |
B_i[0][0][4]   | C_o[2][0][4]   |     5.118 | SLOW    |     2.676 | FAST    |
B_i[0][0][4]   | C_o[2][0][5]   |     5.394 | SLOW    |     2.625 | FAST    |
B_i[0][0][4]   | C_o[3][0][4]   |     5.118 | SLOW    |     2.676 | FAST    |
B_i[0][0][4]   | C_o[3][0][5]   |     5.394 | SLOW    |     2.625 | FAST    |
B_i[0][0][5]   | C_o[0][0][5]   |     5.287 | SLOW    |     2.775 | FAST    |
B_i[0][0][5]   | C_o[1][0][5]   |     5.287 | SLOW    |     2.775 | FAST    |
B_i[0][0][5]   | C_o[2][0][5]   |     5.287 | SLOW    |     2.775 | FAST    |
B_i[0][0][5]   | C_o[3][0][5]   |     5.287 | SLOW    |     2.775 | FAST    |
B_i[0][1][0]   | C_o[0][1][0]   |     4.563 | SLOW    |     2.365 | FAST    |
B_i[0][1][0]   | C_o[0][1][1]   |     4.889 | SLOW    |     2.379 | FAST    |
B_i[0][1][0]   | C_o[0][1][2]   |     4.993 | SLOW    |     2.473 | FAST    |
B_i[0][1][0]   | C_o[0][1][3]   |     5.197 | SLOW    |     2.483 | FAST    |
B_i[0][1][0]   | C_o[0][1][4]   |     5.199 | SLOW    |     2.374 | FAST    |
B_i[0][1][0]   | C_o[0][1][5]   |     5.465 | SLOW    |     2.507 | FAST    |
B_i[0][1][0]   | C_o[1][1][0]   |     4.563 | SLOW    |     2.365 | FAST    |
B_i[0][1][0]   | C_o[1][1][1]   |     4.889 | SLOW    |     2.379 | FAST    |
B_i[0][1][0]   | C_o[1][1][2]   |     4.993 | SLOW    |     2.473 | FAST    |
B_i[0][1][0]   | C_o[1][1][3]   |     5.197 | SLOW    |     2.483 | FAST    |
B_i[0][1][0]   | C_o[1][1][4]   |     5.199 | SLOW    |     2.374 | FAST    |
B_i[0][1][0]   | C_o[1][1][5]   |     5.465 | SLOW    |     2.507 | FAST    |
B_i[0][1][0]   | C_o[2][1][0]   |     4.563 | SLOW    |     2.365 | FAST    |
B_i[0][1][0]   | C_o[2][1][1]   |     4.889 | SLOW    |     2.379 | FAST    |
B_i[0][1][0]   | C_o[2][1][2]   |     4.993 | SLOW    |     2.473 | FAST    |
B_i[0][1][0]   | C_o[2][1][3]   |     5.197 | SLOW    |     2.483 | FAST    |
B_i[0][1][0]   | C_o[2][1][4]   |     5.199 | SLOW    |     2.374 | FAST    |
B_i[0][1][0]   | C_o[2][1][5]   |     5.465 | SLOW    |     2.507 | FAST    |
B_i[0][1][0]   | C_o[3][1][0]   |     4.563 | SLOW    |     2.365 | FAST    |
B_i[0][1][0]   | C_o[3][1][1]   |     4.889 | SLOW    |     2.379 | FAST    |
B_i[0][1][0]   | C_o[3][1][2]   |     4.993 | SLOW    |     2.473 | FAST    |
B_i[0][1][0]   | C_o[3][1][3]   |     5.197 | SLOW    |     2.483 | FAST    |
B_i[0][1][0]   | C_o[3][1][4]   |     5.199 | SLOW    |     2.374 | FAST    |
B_i[0][1][0]   | C_o[3][1][5]   |     5.465 | SLOW    |     2.507 | FAST    |
B_i[0][1][1]   | C_o[0][1][1]   |     4.803 | SLOW    |     2.499 | FAST    |
B_i[0][1][1]   | C_o[0][1][2]   |     5.103 | SLOW    |     2.435 | FAST    |
B_i[0][1][1]   | C_o[0][1][3]   |     5.307 | SLOW    |     2.491 | FAST    |
B_i[0][1][1]   | C_o[0][1][4]   |     5.374 | SLOW    |     2.446 | FAST    |
B_i[0][1][1]   | C_o[0][1][5]   |     5.642 | SLOW    |     2.487 | FAST    |
B_i[0][1][1]   | C_o[1][1][1]   |     4.803 | SLOW    |     2.499 | FAST    |
B_i[0][1][1]   | C_o[1][1][2]   |     5.103 | SLOW    |     2.435 | FAST    |
B_i[0][1][1]   | C_o[1][1][3]   |     5.307 | SLOW    |     2.491 | FAST    |
B_i[0][1][1]   | C_o[1][1][4]   |     5.374 | SLOW    |     2.446 | FAST    |
B_i[0][1][1]   | C_o[1][1][5]   |     5.642 | SLOW    |     2.487 | FAST    |
B_i[0][1][1]   | C_o[2][1][1]   |     4.803 | SLOW    |     2.499 | FAST    |
B_i[0][1][1]   | C_o[2][1][2]   |     5.103 | SLOW    |     2.435 | FAST    |
B_i[0][1][1]   | C_o[2][1][3]   |     5.307 | SLOW    |     2.491 | FAST    |
B_i[0][1][1]   | C_o[2][1][4]   |     5.374 | SLOW    |     2.446 | FAST    |
B_i[0][1][1]   | C_o[2][1][5]   |     5.642 | SLOW    |     2.487 | FAST    |
B_i[0][1][1]   | C_o[3][1][1]   |     4.803 | SLOW    |     2.499 | FAST    |
B_i[0][1][1]   | C_o[3][1][2]   |     5.103 | SLOW    |     2.435 | FAST    |
B_i[0][1][1]   | C_o[3][1][3]   |     5.307 | SLOW    |     2.491 | FAST    |
B_i[0][1][1]   | C_o[3][1][4]   |     5.374 | SLOW    |     2.446 | FAST    |
B_i[0][1][1]   | C_o[3][1][5]   |     5.642 | SLOW    |     2.487 | FAST    |
B_i[0][1][2]   | C_o[0][1][2]   |     5.111 | SLOW    |     2.680 | FAST    |
B_i[0][1][2]   | C_o[0][1][3]   |     5.315 | SLOW    |     2.634 | FAST    |
B_i[0][1][2]   | C_o[0][1][4]   |     5.382 | SLOW    |     2.525 | FAST    |
B_i[0][1][2]   | C_o[0][1][5]   |     5.650 | SLOW    |     2.584 | FAST    |
B_i[0][1][2]   | C_o[1][1][2]   |     5.111 | SLOW    |     2.680 | FAST    |
B_i[0][1][2]   | C_o[1][1][3]   |     5.315 | SLOW    |     2.634 | FAST    |
B_i[0][1][2]   | C_o[1][1][4]   |     5.382 | SLOW    |     2.525 | FAST    |
B_i[0][1][2]   | C_o[1][1][5]   |     5.650 | SLOW    |     2.584 | FAST    |
B_i[0][1][2]   | C_o[2][1][2]   |     5.111 | SLOW    |     2.680 | FAST    |
B_i[0][1][2]   | C_o[2][1][3]   |     5.315 | SLOW    |     2.634 | FAST    |
B_i[0][1][2]   | C_o[2][1][4]   |     5.382 | SLOW    |     2.525 | FAST    |
B_i[0][1][2]   | C_o[2][1][5]   |     5.650 | SLOW    |     2.584 | FAST    |
B_i[0][1][2]   | C_o[3][1][2]   |     5.111 | SLOW    |     2.680 | FAST    |
B_i[0][1][2]   | C_o[3][1][3]   |     5.315 | SLOW    |     2.634 | FAST    |
B_i[0][1][2]   | C_o[3][1][4]   |     5.382 | SLOW    |     2.525 | FAST    |
B_i[0][1][2]   | C_o[3][1][5]   |     5.650 | SLOW    |     2.584 | FAST    |
B_i[0][1][3]   | C_o[0][1][3]   |     5.047 | SLOW    |     2.638 | FAST    |
B_i[0][1][3]   | C_o[0][1][4]   |     5.318 | SLOW    |     2.529 | FAST    |
B_i[0][1][3]   | C_o[0][1][5]   |     5.586 | SLOW    |     2.563 | FAST    |
B_i[0][1][3]   | C_o[1][1][3]   |     5.047 | SLOW    |     2.638 | FAST    |
B_i[0][1][3]   | C_o[1][1][4]   |     5.318 | SLOW    |     2.529 | FAST    |
B_i[0][1][3]   | C_o[1][1][5]   |     5.586 | SLOW    |     2.563 | FAST    |
B_i[0][1][3]   | C_o[2][1][3]   |     5.047 | SLOW    |     2.638 | FAST    |
B_i[0][1][3]   | C_o[2][1][4]   |     5.318 | SLOW    |     2.529 | FAST    |
B_i[0][1][3]   | C_o[2][1][5]   |     5.586 | SLOW    |     2.563 | FAST    |
B_i[0][1][3]   | C_o[3][1][3]   |     5.047 | SLOW    |     2.638 | FAST    |
B_i[0][1][3]   | C_o[3][1][4]   |     5.318 | SLOW    |     2.529 | FAST    |
B_i[0][1][3]   | C_o[3][1][5]   |     5.586 | SLOW    |     2.563 | FAST    |
B_i[0][1][4]   | C_o[0][1][4]   |     5.118 | SLOW    |     2.676 | FAST    |
B_i[0][1][4]   | C_o[0][1][5]   |     5.394 | SLOW    |     2.625 | FAST    |
B_i[0][1][4]   | C_o[1][1][4]   |     5.118 | SLOW    |     2.676 | FAST    |
B_i[0][1][4]   | C_o[1][1][5]   |     5.394 | SLOW    |     2.625 | FAST    |
B_i[0][1][4]   | C_o[2][1][4]   |     5.118 | SLOW    |     2.676 | FAST    |
B_i[0][1][4]   | C_o[2][1][5]   |     5.394 | SLOW    |     2.625 | FAST    |
B_i[0][1][4]   | C_o[3][1][4]   |     5.118 | SLOW    |     2.676 | FAST    |
B_i[0][1][4]   | C_o[3][1][5]   |     5.394 | SLOW    |     2.625 | FAST    |
B_i[0][1][5]   | C_o[0][1][5]   |     5.287 | SLOW    |     2.775 | FAST    |
B_i[0][1][5]   | C_o[1][1][5]   |     5.287 | SLOW    |     2.775 | FAST    |
B_i[0][1][5]   | C_o[2][1][5]   |     5.287 | SLOW    |     2.775 | FAST    |
B_i[0][1][5]   | C_o[3][1][5]   |     5.287 | SLOW    |     2.775 | FAST    |
B_i[0][2][0]   | C_o[0][2][0]   |     4.563 | SLOW    |     2.365 | FAST    |
B_i[0][2][0]   | C_o[0][2][1]   |     4.889 | SLOW    |     2.379 | FAST    |
B_i[0][2][0]   | C_o[0][2][2]   |     4.993 | SLOW    |     2.473 | FAST    |
B_i[0][2][0]   | C_o[0][2][3]   |     5.197 | SLOW    |     2.483 | FAST    |
B_i[0][2][0]   | C_o[0][2][4]   |     5.199 | SLOW    |     2.374 | FAST    |
B_i[0][2][0]   | C_o[0][2][5]   |     5.434 | SLOW    |     2.507 | FAST    |
B_i[0][2][0]   | C_o[1][2][0]   |     4.563 | SLOW    |     2.365 | FAST    |
B_i[0][2][0]   | C_o[1][2][1]   |     4.889 | SLOW    |     2.379 | FAST    |
B_i[0][2][0]   | C_o[1][2][2]   |     4.993 | SLOW    |     2.473 | FAST    |
B_i[0][2][0]   | C_o[1][2][3]   |     5.197 | SLOW    |     2.483 | FAST    |
B_i[0][2][0]   | C_o[1][2][4]   |     5.199 | SLOW    |     2.374 | FAST    |
B_i[0][2][0]   | C_o[1][2][5]   |     5.434 | SLOW    |     2.507 | FAST    |
B_i[0][2][0]   | C_o[2][2][0]   |     4.563 | SLOW    |     2.365 | FAST    |
B_i[0][2][0]   | C_o[2][2][1]   |     4.889 | SLOW    |     2.379 | FAST    |
B_i[0][2][0]   | C_o[2][2][2]   |     4.993 | SLOW    |     2.473 | FAST    |
B_i[0][2][0]   | C_o[2][2][3]   |     5.197 | SLOW    |     2.483 | FAST    |
B_i[0][2][0]   | C_o[2][2][4]   |     5.199 | SLOW    |     2.374 | FAST    |
B_i[0][2][0]   | C_o[2][2][5]   |     5.434 | SLOW    |     2.507 | FAST    |
B_i[0][2][0]   | C_o[3][2][0]   |     4.563 | SLOW    |     2.365 | FAST    |
B_i[0][2][0]   | C_o[3][2][1]   |     4.889 | SLOW    |     2.379 | FAST    |
B_i[0][2][0]   | C_o[3][2][2]   |     4.993 | SLOW    |     2.473 | FAST    |
B_i[0][2][0]   | C_o[3][2][3]   |     5.197 | SLOW    |     2.483 | FAST    |
B_i[0][2][0]   | C_o[3][2][4]   |     5.199 | SLOW    |     2.374 | FAST    |
B_i[0][2][0]   | C_o[3][2][5]   |     5.434 | SLOW    |     2.507 | FAST    |
B_i[0][2][1]   | C_o[0][2][1]   |     4.803 | SLOW    |     2.499 | FAST    |
B_i[0][2][1]   | C_o[0][2][2]   |     5.103 | SLOW    |     2.435 | FAST    |
B_i[0][2][1]   | C_o[0][2][3]   |     5.307 | SLOW    |     2.491 | FAST    |
B_i[0][2][1]   | C_o[0][2][4]   |     5.374 | SLOW    |     2.446 | FAST    |
B_i[0][2][1]   | C_o[0][2][5]   |     5.642 | SLOW    |     2.487 | FAST    |
B_i[0][2][1]   | C_o[1][2][1]   |     4.803 | SLOW    |     2.499 | FAST    |
B_i[0][2][1]   | C_o[1][2][2]   |     5.103 | SLOW    |     2.435 | FAST    |
B_i[0][2][1]   | C_o[1][2][3]   |     5.307 | SLOW    |     2.491 | FAST    |
B_i[0][2][1]   | C_o[1][2][4]   |     5.374 | SLOW    |     2.446 | FAST    |
B_i[0][2][1]   | C_o[1][2][5]   |     5.642 | SLOW    |     2.487 | FAST    |
B_i[0][2][1]   | C_o[2][2][1]   |     4.803 | SLOW    |     2.499 | FAST    |
B_i[0][2][1]   | C_o[2][2][2]   |     5.103 | SLOW    |     2.435 | FAST    |
B_i[0][2][1]   | C_o[2][2][3]   |     5.307 | SLOW    |     2.491 | FAST    |
B_i[0][2][1]   | C_o[2][2][4]   |     5.374 | SLOW    |     2.446 | FAST    |
B_i[0][2][1]   | C_o[2][2][5]   |     5.642 | SLOW    |     2.487 | FAST    |
B_i[0][2][1]   | C_o[3][2][1]   |     4.803 | SLOW    |     2.499 | FAST    |
B_i[0][2][1]   | C_o[3][2][2]   |     5.103 | SLOW    |     2.435 | FAST    |
B_i[0][2][1]   | C_o[3][2][3]   |     5.307 | SLOW    |     2.491 | FAST    |
B_i[0][2][1]   | C_o[3][2][4]   |     5.374 | SLOW    |     2.446 | FAST    |
B_i[0][2][1]   | C_o[3][2][5]   |     5.642 | SLOW    |     2.487 | FAST    |
B_i[0][2][2]   | C_o[0][2][2]   |     5.111 | SLOW    |     2.680 | FAST    |
B_i[0][2][2]   | C_o[0][2][3]   |     5.315 | SLOW    |     2.634 | FAST    |
B_i[0][2][2]   | C_o[0][2][4]   |     5.382 | SLOW    |     2.525 | FAST    |
B_i[0][2][2]   | C_o[0][2][5]   |     5.650 | SLOW    |     2.584 | FAST    |
B_i[0][2][2]   | C_o[1][2][2]   |     5.111 | SLOW    |     2.680 | FAST    |
B_i[0][2][2]   | C_o[1][2][3]   |     5.315 | SLOW    |     2.634 | FAST    |
B_i[0][2][2]   | C_o[1][2][4]   |     5.382 | SLOW    |     2.525 | FAST    |
B_i[0][2][2]   | C_o[1][2][5]   |     5.650 | SLOW    |     2.584 | FAST    |
B_i[0][2][2]   | C_o[2][2][2]   |     5.111 | SLOW    |     2.680 | FAST    |
B_i[0][2][2]   | C_o[2][2][3]   |     5.315 | SLOW    |     2.634 | FAST    |
B_i[0][2][2]   | C_o[2][2][4]   |     5.382 | SLOW    |     2.525 | FAST    |
B_i[0][2][2]   | C_o[2][2][5]   |     5.650 | SLOW    |     2.584 | FAST    |
B_i[0][2][2]   | C_o[3][2][2]   |     5.111 | SLOW    |     2.680 | FAST    |
B_i[0][2][2]   | C_o[3][2][3]   |     5.315 | SLOW    |     2.634 | FAST    |
B_i[0][2][2]   | C_o[3][2][4]   |     5.382 | SLOW    |     2.525 | FAST    |
B_i[0][2][2]   | C_o[3][2][5]   |     5.650 | SLOW    |     2.584 | FAST    |
B_i[0][2][3]   | C_o[0][2][3]   |     5.047 | SLOW    |     2.638 | FAST    |
B_i[0][2][3]   | C_o[0][2][4]   |     5.318 | SLOW    |     2.529 | FAST    |
B_i[0][2][3]   | C_o[0][2][5]   |     5.586 | SLOW    |     2.563 | FAST    |
B_i[0][2][3]   | C_o[1][2][3]   |     5.047 | SLOW    |     2.638 | FAST    |
B_i[0][2][3]   | C_o[1][2][4]   |     5.318 | SLOW    |     2.529 | FAST    |
B_i[0][2][3]   | C_o[1][2][5]   |     5.586 | SLOW    |     2.563 | FAST    |
B_i[0][2][3]   | C_o[2][2][3]   |     5.047 | SLOW    |     2.638 | FAST    |
B_i[0][2][3]   | C_o[2][2][4]   |     5.318 | SLOW    |     2.529 | FAST    |
B_i[0][2][3]   | C_o[2][2][5]   |     5.586 | SLOW    |     2.563 | FAST    |
B_i[0][2][3]   | C_o[3][2][3]   |     5.047 | SLOW    |     2.638 | FAST    |
B_i[0][2][3]   | C_o[3][2][4]   |     5.318 | SLOW    |     2.529 | FAST    |
B_i[0][2][3]   | C_o[3][2][5]   |     5.586 | SLOW    |     2.563 | FAST    |
B_i[0][2][4]   | C_o[0][2][4]   |     5.118 | SLOW    |     2.676 | FAST    |
B_i[0][2][4]   | C_o[0][2][5]   |     5.394 | SLOW    |     2.625 | FAST    |
B_i[0][2][4]   | C_o[1][2][4]   |     5.118 | SLOW    |     2.676 | FAST    |
B_i[0][2][4]   | C_o[1][2][5]   |     5.394 | SLOW    |     2.625 | FAST    |
B_i[0][2][4]   | C_o[2][2][4]   |     5.118 | SLOW    |     2.676 | FAST    |
B_i[0][2][4]   | C_o[2][2][5]   |     5.394 | SLOW    |     2.625 | FAST    |
B_i[0][2][4]   | C_o[3][2][4]   |     5.118 | SLOW    |     2.676 | FAST    |
B_i[0][2][4]   | C_o[3][2][5]   |     5.394 | SLOW    |     2.625 | FAST    |
B_i[0][2][5]   | C_o[0][2][5]   |     5.287 | SLOW    |     2.775 | FAST    |
B_i[0][2][5]   | C_o[1][2][5]   |     5.287 | SLOW    |     2.775 | FAST    |
B_i[0][2][5]   | C_o[2][2][5]   |     5.287 | SLOW    |     2.775 | FAST    |
B_i[0][2][5]   | C_o[3][2][5]   |     5.287 | SLOW    |     2.775 | FAST    |
B_i[0][3][0]   | C_o[0][3][0]   |     4.563 | SLOW    |     2.365 | FAST    |
B_i[0][3][0]   | C_o[0][3][1]   |     4.889 | SLOW    |     2.379 | FAST    |
B_i[0][3][0]   | C_o[0][3][2]   |     4.993 | SLOW    |     2.473 | FAST    |
B_i[0][3][0]   | C_o[0][3][3]   |     5.197 | SLOW    |     2.483 | FAST    |
B_i[0][3][0]   | C_o[0][3][4]   |     5.199 | SLOW    |     2.374 | FAST    |
B_i[0][3][0]   | C_o[0][3][5]   |     5.465 | SLOW    |     2.507 | FAST    |
B_i[0][3][0]   | C_o[1][3][0]   |     4.563 | SLOW    |     2.365 | FAST    |
B_i[0][3][0]   | C_o[1][3][1]   |     4.889 | SLOW    |     2.379 | FAST    |
B_i[0][3][0]   | C_o[1][3][2]   |     4.993 | SLOW    |     2.473 | FAST    |
B_i[0][3][0]   | C_o[1][3][3]   |     5.197 | SLOW    |     2.483 | FAST    |
B_i[0][3][0]   | C_o[1][3][4]   |     5.199 | SLOW    |     2.374 | FAST    |
B_i[0][3][0]   | C_o[1][3][5]   |     5.465 | SLOW    |     2.507 | FAST    |
B_i[0][3][0]   | C_o[2][3][0]   |     4.563 | SLOW    |     2.365 | FAST    |
B_i[0][3][0]   | C_o[2][3][1]   |     4.889 | SLOW    |     2.379 | FAST    |
B_i[0][3][0]   | C_o[2][3][2]   |     4.993 | SLOW    |     2.473 | FAST    |
B_i[0][3][0]   | C_o[2][3][3]   |     5.197 | SLOW    |     2.483 | FAST    |
B_i[0][3][0]   | C_o[2][3][4]   |     5.199 | SLOW    |     2.374 | FAST    |
B_i[0][3][0]   | C_o[2][3][5]   |     5.465 | SLOW    |     2.507 | FAST    |
B_i[0][3][0]   | C_o[3][3][0]   |     4.563 | SLOW    |     2.365 | FAST    |
B_i[0][3][0]   | C_o[3][3][1]   |     4.889 | SLOW    |     2.379 | FAST    |
B_i[0][3][0]   | C_o[3][3][2]   |     4.993 | SLOW    |     2.473 | FAST    |
B_i[0][3][0]   | C_o[3][3][3]   |     5.197 | SLOW    |     2.483 | FAST    |
B_i[0][3][0]   | C_o[3][3][4]   |     5.199 | SLOW    |     2.374 | FAST    |
B_i[0][3][0]   | C_o[3][3][5]   |     5.465 | SLOW    |     2.507 | FAST    |
B_i[0][3][1]   | C_o[0][3][1]   |     4.803 | SLOW    |     2.499 | FAST    |
B_i[0][3][1]   | C_o[0][3][2]   |     5.103 | SLOW    |     2.435 | FAST    |
B_i[0][3][1]   | C_o[0][3][3]   |     5.307 | SLOW    |     2.491 | FAST    |
B_i[0][3][1]   | C_o[0][3][4]   |     5.374 | SLOW    |     2.446 | FAST    |
B_i[0][3][1]   | C_o[0][3][5]   |     5.642 | SLOW    |     2.487 | FAST    |
B_i[0][3][1]   | C_o[1][3][1]   |     4.803 | SLOW    |     2.499 | FAST    |
B_i[0][3][1]   | C_o[1][3][2]   |     5.103 | SLOW    |     2.435 | FAST    |
B_i[0][3][1]   | C_o[1][3][3]   |     5.307 | SLOW    |     2.491 | FAST    |
B_i[0][3][1]   | C_o[1][3][4]   |     5.374 | SLOW    |     2.446 | FAST    |
B_i[0][3][1]   | C_o[1][3][5]   |     5.642 | SLOW    |     2.487 | FAST    |
B_i[0][3][1]   | C_o[2][3][1]   |     4.803 | SLOW    |     2.499 | FAST    |
B_i[0][3][1]   | C_o[2][3][2]   |     5.103 | SLOW    |     2.435 | FAST    |
B_i[0][3][1]   | C_o[2][3][3]   |     5.307 | SLOW    |     2.491 | FAST    |
B_i[0][3][1]   | C_o[2][3][4]   |     5.374 | SLOW    |     2.446 | FAST    |
B_i[0][3][1]   | C_o[2][3][5]   |     5.642 | SLOW    |     2.487 | FAST    |
B_i[0][3][1]   | C_o[3][3][1]   |     4.803 | SLOW    |     2.499 | FAST    |
B_i[0][3][1]   | C_o[3][3][2]   |     5.103 | SLOW    |     2.435 | FAST    |
B_i[0][3][1]   | C_o[3][3][3]   |     5.307 | SLOW    |     2.491 | FAST    |
B_i[0][3][1]   | C_o[3][3][4]   |     5.374 | SLOW    |     2.446 | FAST    |
B_i[0][3][1]   | C_o[3][3][5]   |     5.642 | SLOW    |     2.487 | FAST    |
B_i[0][3][2]   | C_o[0][3][2]   |     5.111 | SLOW    |     2.680 | FAST    |
B_i[0][3][2]   | C_o[0][3][3]   |     5.315 | SLOW    |     2.634 | FAST    |
B_i[0][3][2]   | C_o[0][3][4]   |     5.382 | SLOW    |     2.525 | FAST    |
B_i[0][3][2]   | C_o[0][3][5]   |     5.650 | SLOW    |     2.584 | FAST    |
B_i[0][3][2]   | C_o[1][3][2]   |     5.111 | SLOW    |     2.680 | FAST    |
B_i[0][3][2]   | C_o[1][3][3]   |     5.315 | SLOW    |     2.634 | FAST    |
B_i[0][3][2]   | C_o[1][3][4]   |     5.382 | SLOW    |     2.525 | FAST    |
B_i[0][3][2]   | C_o[1][3][5]   |     5.650 | SLOW    |     2.584 | FAST    |
B_i[0][3][2]   | C_o[2][3][2]   |     5.111 | SLOW    |     2.680 | FAST    |
B_i[0][3][2]   | C_o[2][3][3]   |     5.315 | SLOW    |     2.634 | FAST    |
B_i[0][3][2]   | C_o[2][3][4]   |     5.382 | SLOW    |     2.525 | FAST    |
B_i[0][3][2]   | C_o[2][3][5]   |     5.650 | SLOW    |     2.584 | FAST    |
B_i[0][3][2]   | C_o[3][3][2]   |     5.111 | SLOW    |     2.680 | FAST    |
B_i[0][3][2]   | C_o[3][3][3]   |     5.315 | SLOW    |     2.634 | FAST    |
B_i[0][3][2]   | C_o[3][3][4]   |     5.382 | SLOW    |     2.525 | FAST    |
B_i[0][3][2]   | C_o[3][3][5]   |     5.650 | SLOW    |     2.584 | FAST    |
B_i[0][3][3]   | C_o[0][3][3]   |     5.047 | SLOW    |     2.638 | FAST    |
B_i[0][3][3]   | C_o[0][3][4]   |     5.318 | SLOW    |     2.529 | FAST    |
B_i[0][3][3]   | C_o[0][3][5]   |     5.586 | SLOW    |     2.563 | FAST    |
B_i[0][3][3]   | C_o[1][3][3]   |     5.047 | SLOW    |     2.638 | FAST    |
B_i[0][3][3]   | C_o[1][3][4]   |     5.318 | SLOW    |     2.529 | FAST    |
B_i[0][3][3]   | C_o[1][3][5]   |     5.586 | SLOW    |     2.563 | FAST    |
B_i[0][3][3]   | C_o[2][3][3]   |     5.047 | SLOW    |     2.638 | FAST    |
B_i[0][3][3]   | C_o[2][3][4]   |     5.318 | SLOW    |     2.529 | FAST    |
B_i[0][3][3]   | C_o[2][3][5]   |     5.586 | SLOW    |     2.563 | FAST    |
B_i[0][3][3]   | C_o[3][3][3]   |     5.047 | SLOW    |     2.638 | FAST    |
B_i[0][3][3]   | C_o[3][3][4]   |     5.318 | SLOW    |     2.529 | FAST    |
B_i[0][3][3]   | C_o[3][3][5]   |     5.586 | SLOW    |     2.563 | FAST    |
B_i[0][3][4]   | C_o[0][3][4]   |     5.118 | SLOW    |     2.676 | FAST    |
B_i[0][3][4]   | C_o[0][3][5]   |     5.394 | SLOW    |     2.625 | FAST    |
B_i[0][3][4]   | C_o[1][3][4]   |     5.118 | SLOW    |     2.676 | FAST    |
B_i[0][3][4]   | C_o[1][3][5]   |     5.394 | SLOW    |     2.625 | FAST    |
B_i[0][3][4]   | C_o[2][3][4]   |     5.118 | SLOW    |     2.676 | FAST    |
B_i[0][3][4]   | C_o[2][3][5]   |     5.394 | SLOW    |     2.625 | FAST    |
B_i[0][3][4]   | C_o[3][3][4]   |     5.118 | SLOW    |     2.676 | FAST    |
B_i[0][3][4]   | C_o[3][3][5]   |     5.394 | SLOW    |     2.625 | FAST    |
B_i[0][3][5]   | C_o[0][3][5]   |     5.287 | SLOW    |     2.775 | FAST    |
B_i[0][3][5]   | C_o[1][3][5]   |     5.287 | SLOW    |     2.775 | FAST    |
B_i[0][3][5]   | C_o[2][3][5]   |     5.287 | SLOW    |     2.775 | FAST    |
B_i[0][3][5]   | C_o[3][3][5]   |     5.287 | SLOW    |     2.775 | FAST    |
B_i[1][0][0]   | C_o[0][0][0]   |     4.548 | SLOW    |     2.361 | FAST    |
B_i[1][0][0]   | C_o[0][0][1]   |     4.889 | SLOW    |     2.379 | FAST    |
B_i[1][0][0]   | C_o[0][0][2]   |     4.984 | SLOW    |     2.471 | FAST    |
B_i[1][0][0]   | C_o[0][0][3]   |     5.192 | SLOW    |     2.490 | FAST    |
B_i[1][0][0]   | C_o[0][0][4]   |     5.372 | SLOW    |     2.473 | FAST    |
B_i[1][0][0]   | C_o[0][0][5]   |     5.449 | SLOW    |     2.508 | FAST    |
B_i[1][0][0]   | C_o[1][0][0]   |     4.548 | SLOW    |     2.361 | FAST    |
B_i[1][0][0]   | C_o[1][0][1]   |     4.889 | SLOW    |     2.379 | FAST    |
B_i[1][0][0]   | C_o[1][0][2]   |     4.984 | SLOW    |     2.471 | FAST    |
B_i[1][0][0]   | C_o[1][0][3]   |     5.192 | SLOW    |     2.490 | FAST    |
B_i[1][0][0]   | C_o[1][0][4]   |     5.372 | SLOW    |     2.473 | FAST    |
B_i[1][0][0]   | C_o[1][0][5]   |     5.449 | SLOW    |     2.508 | FAST    |
B_i[1][0][0]   | C_o[2][0][0]   |     4.548 | SLOW    |     2.361 | FAST    |
B_i[1][0][0]   | C_o[2][0][1]   |     4.889 | SLOW    |     2.379 | FAST    |
B_i[1][0][0]   | C_o[2][0][2]   |     4.984 | SLOW    |     2.471 | FAST    |
B_i[1][0][0]   | C_o[2][0][3]   |     5.192 | SLOW    |     2.490 | FAST    |
B_i[1][0][0]   | C_o[2][0][4]   |     5.372 | SLOW    |     2.473 | FAST    |
B_i[1][0][0]   | C_o[2][0][5]   |     5.449 | SLOW    |     2.508 | FAST    |
B_i[1][0][0]   | C_o[3][0][0]   |     4.548 | SLOW    |     2.361 | FAST    |
B_i[1][0][0]   | C_o[3][0][1]   |     4.889 | SLOW    |     2.379 | FAST    |
B_i[1][0][0]   | C_o[3][0][2]   |     4.984 | SLOW    |     2.471 | FAST    |
B_i[1][0][0]   | C_o[3][0][3]   |     5.192 | SLOW    |     2.490 | FAST    |
B_i[1][0][0]   | C_o[3][0][4]   |     5.372 | SLOW    |     2.473 | FAST    |
B_i[1][0][0]   | C_o[3][0][5]   |     5.449 | SLOW    |     2.508 | FAST    |
B_i[1][0][1]   | C_o[0][0][1]   |     4.803 | SLOW    |     2.499 | FAST    |
B_i[1][0][1]   | C_o[0][0][2]   |     5.094 | SLOW    |     2.491 | FAST    |
B_i[1][0][1]   | C_o[0][0][3]   |     5.302 | SLOW    |     2.553 | FAST    |
B_i[1][0][1]   | C_o[0][0][4]   |     5.482 | SLOW    |     2.533 | FAST    |
B_i[1][0][1]   | C_o[0][0][5]   |     5.657 | SLOW    |     2.551 | FAST    |
B_i[1][0][1]   | C_o[1][0][1]   |     4.803 | SLOW    |     2.499 | FAST    |
B_i[1][0][1]   | C_o[1][0][2]   |     5.094 | SLOW    |     2.491 | FAST    |
B_i[1][0][1]   | C_o[1][0][3]   |     5.302 | SLOW    |     2.553 | FAST    |
B_i[1][0][1]   | C_o[1][0][4]   |     5.482 | SLOW    |     2.533 | FAST    |
B_i[1][0][1]   | C_o[1][0][5]   |     5.657 | SLOW    |     2.551 | FAST    |
B_i[1][0][1]   | C_o[2][0][1]   |     4.803 | SLOW    |     2.499 | FAST    |
B_i[1][0][1]   | C_o[2][0][2]   |     5.094 | SLOW    |     2.491 | FAST    |
B_i[1][0][1]   | C_o[2][0][3]   |     5.302 | SLOW    |     2.553 | FAST    |
B_i[1][0][1]   | C_o[2][0][4]   |     5.482 | SLOW    |     2.533 | FAST    |
B_i[1][0][1]   | C_o[2][0][5]   |     5.657 | SLOW    |     2.551 | FAST    |
B_i[1][0][1]   | C_o[3][0][1]   |     4.803 | SLOW    |     2.499 | FAST    |
B_i[1][0][1]   | C_o[3][0][2]   |     5.094 | SLOW    |     2.491 | FAST    |
B_i[1][0][1]   | C_o[3][0][3]   |     5.302 | SLOW    |     2.553 | FAST    |
B_i[1][0][1]   | C_o[3][0][4]   |     5.482 | SLOW    |     2.533 | FAST    |
B_i[1][0][1]   | C_o[3][0][5]   |     5.657 | SLOW    |     2.551 | FAST    |
B_i[1][0][2]   | C_o[0][0][2]   |     5.102 | SLOW    |     2.678 | FAST    |
B_i[1][0][2]   | C_o[0][0][3]   |     5.310 | SLOW    |     2.641 | FAST    |
B_i[1][0][2]   | C_o[0][0][4]   |     5.490 | SLOW    |     2.637 | FAST    |
B_i[1][0][2]   | C_o[0][0][5]   |     5.665 | SLOW    |     2.588 | FAST    |
B_i[1][0][2]   | C_o[1][0][2]   |     5.102 | SLOW    |     2.678 | FAST    |
B_i[1][0][2]   | C_o[1][0][3]   |     5.310 | SLOW    |     2.641 | FAST    |
B_i[1][0][2]   | C_o[1][0][4]   |     5.490 | SLOW    |     2.637 | FAST    |
B_i[1][0][2]   | C_o[1][0][5]   |     5.665 | SLOW    |     2.588 | FAST    |
B_i[1][0][2]   | C_o[2][0][2]   |     5.102 | SLOW    |     2.678 | FAST    |
B_i[1][0][2]   | C_o[2][0][3]   |     5.310 | SLOW    |     2.641 | FAST    |
B_i[1][0][2]   | C_o[2][0][4]   |     5.490 | SLOW    |     2.637 | FAST    |
B_i[1][0][2]   | C_o[2][0][5]   |     5.665 | SLOW    |     2.588 | FAST    |
B_i[1][0][2]   | C_o[3][0][2]   |     5.102 | SLOW    |     2.678 | FAST    |
B_i[1][0][2]   | C_o[3][0][3]   |     5.310 | SLOW    |     2.641 | FAST    |
B_i[1][0][2]   | C_o[3][0][4]   |     5.490 | SLOW    |     2.637 | FAST    |
B_i[1][0][2]   | C_o[3][0][5]   |     5.665 | SLOW    |     2.588 | FAST    |
B_i[1][0][3]   | C_o[0][0][3]   |     5.068 | SLOW    |     2.645 | FAST    |
B_i[1][0][3]   | C_o[0][0][4]   |     5.371 | SLOW    |     2.618 | FAST    |
B_i[1][0][3]   | C_o[0][0][5]   |     5.601 | SLOW    |     2.567 | FAST    |
B_i[1][0][3]   | C_o[1][0][3]   |     5.068 | SLOW    |     2.645 | FAST    |
B_i[1][0][3]   | C_o[1][0][4]   |     5.371 | SLOW    |     2.618 | FAST    |
B_i[1][0][3]   | C_o[1][0][5]   |     5.601 | SLOW    |     2.567 | FAST    |
B_i[1][0][3]   | C_o[2][0][3]   |     5.068 | SLOW    |     2.645 | FAST    |
B_i[1][0][3]   | C_o[2][0][4]   |     5.371 | SLOW    |     2.618 | FAST    |
B_i[1][0][3]   | C_o[2][0][5]   |     5.601 | SLOW    |     2.567 | FAST    |
B_i[1][0][3]   | C_o[3][0][3]   |     5.068 | SLOW    |     2.645 | FAST    |
B_i[1][0][3]   | C_o[3][0][4]   |     5.371 | SLOW    |     2.618 | FAST    |
B_i[1][0][3]   | C_o[3][0][5]   |     5.601 | SLOW    |     2.567 | FAST    |
B_i[1][0][4]   | C_o[0][0][4]   |     5.133 | SLOW    |     2.680 | FAST    |
B_i[1][0][4]   | C_o[0][0][5]   |     5.531 | SLOW    |     2.629 | FAST    |
B_i[1][0][4]   | C_o[1][0][4]   |     5.133 | SLOW    |     2.680 | FAST    |
B_i[1][0][4]   | C_o[1][0][5]   |     5.531 | SLOW    |     2.629 | FAST    |
B_i[1][0][4]   | C_o[2][0][4]   |     5.133 | SLOW    |     2.680 | FAST    |
B_i[1][0][4]   | C_o[2][0][5]   |     5.531 | SLOW    |     2.629 | FAST    |
B_i[1][0][4]   | C_o[3][0][4]   |     5.133 | SLOW    |     2.680 | FAST    |
B_i[1][0][4]   | C_o[3][0][5]   |     5.531 | SLOW    |     2.629 | FAST    |
B_i[1][0][5]   | C_o[0][0][5]   |     5.317 | SLOW    |     2.791 | FAST    |
B_i[1][0][5]   | C_o[1][0][5]   |     5.317 | SLOW    |     2.791 | FAST    |
B_i[1][0][5]   | C_o[2][0][5]   |     5.317 | SLOW    |     2.791 | FAST    |
B_i[1][0][5]   | C_o[3][0][5]   |     5.317 | SLOW    |     2.791 | FAST    |
B_i[1][1][0]   | C_o[0][1][0]   |     4.548 | SLOW    |     2.361 | FAST    |
B_i[1][1][0]   | C_o[0][1][1]   |     4.889 | SLOW    |     2.379 | FAST    |
B_i[1][1][0]   | C_o[0][1][2]   |     4.984 | SLOW    |     2.471 | FAST    |
B_i[1][1][0]   | C_o[0][1][3]   |     5.192 | SLOW    |     2.490 | FAST    |
B_i[1][1][0]   | C_o[0][1][4]   |     5.372 | SLOW    |     2.473 | FAST    |
B_i[1][1][0]   | C_o[0][1][5]   |     5.480 | SLOW    |     2.508 | FAST    |
B_i[1][1][0]   | C_o[1][1][0]   |     4.548 | SLOW    |     2.361 | FAST    |
B_i[1][1][0]   | C_o[1][1][1]   |     4.889 | SLOW    |     2.379 | FAST    |
B_i[1][1][0]   | C_o[1][1][2]   |     4.984 | SLOW    |     2.471 | FAST    |
B_i[1][1][0]   | C_o[1][1][3]   |     5.192 | SLOW    |     2.490 | FAST    |
B_i[1][1][0]   | C_o[1][1][4]   |     5.372 | SLOW    |     2.473 | FAST    |
B_i[1][1][0]   | C_o[1][1][5]   |     5.480 | SLOW    |     2.508 | FAST    |
B_i[1][1][0]   | C_o[2][1][0]   |     4.548 | SLOW    |     2.361 | FAST    |
B_i[1][1][0]   | C_o[2][1][1]   |     4.889 | SLOW    |     2.379 | FAST    |
B_i[1][1][0]   | C_o[2][1][2]   |     4.984 | SLOW    |     2.471 | FAST    |
B_i[1][1][0]   | C_o[2][1][3]   |     5.192 | SLOW    |     2.490 | FAST    |
B_i[1][1][0]   | C_o[2][1][4]   |     5.372 | SLOW    |     2.473 | FAST    |
B_i[1][1][0]   | C_o[2][1][5]   |     5.480 | SLOW    |     2.508 | FAST    |
B_i[1][1][0]   | C_o[3][1][0]   |     4.548 | SLOW    |     2.361 | FAST    |
B_i[1][1][0]   | C_o[3][1][1]   |     4.889 | SLOW    |     2.379 | FAST    |
B_i[1][1][0]   | C_o[3][1][2]   |     4.984 | SLOW    |     2.471 | FAST    |
B_i[1][1][0]   | C_o[3][1][3]   |     5.192 | SLOW    |     2.490 | FAST    |
B_i[1][1][0]   | C_o[3][1][4]   |     5.372 | SLOW    |     2.473 | FAST    |
B_i[1][1][0]   | C_o[3][1][5]   |     5.480 | SLOW    |     2.508 | FAST    |
B_i[1][1][1]   | C_o[0][1][1]   |     4.803 | SLOW    |     2.499 | FAST    |
B_i[1][1][1]   | C_o[0][1][2]   |     5.094 | SLOW    |     2.491 | FAST    |
B_i[1][1][1]   | C_o[0][1][3]   |     5.302 | SLOW    |     2.553 | FAST    |
B_i[1][1][1]   | C_o[0][1][4]   |     5.482 | SLOW    |     2.533 | FAST    |
B_i[1][1][1]   | C_o[0][1][5]   |     5.657 | SLOW    |     2.551 | FAST    |
B_i[1][1][1]   | C_o[1][1][1]   |     4.803 | SLOW    |     2.499 | FAST    |
B_i[1][1][1]   | C_o[1][1][2]   |     5.094 | SLOW    |     2.491 | FAST    |
B_i[1][1][1]   | C_o[1][1][3]   |     5.302 | SLOW    |     2.553 | FAST    |
B_i[1][1][1]   | C_o[1][1][4]   |     5.482 | SLOW    |     2.533 | FAST    |
B_i[1][1][1]   | C_o[1][1][5]   |     5.657 | SLOW    |     2.551 | FAST    |
B_i[1][1][1]   | C_o[2][1][1]   |     4.803 | SLOW    |     2.499 | FAST    |
B_i[1][1][1]   | C_o[2][1][2]   |     5.094 | SLOW    |     2.491 | FAST    |
B_i[1][1][1]   | C_o[2][1][3]   |     5.302 | SLOW    |     2.553 | FAST    |
B_i[1][1][1]   | C_o[2][1][4]   |     5.482 | SLOW    |     2.533 | FAST    |
B_i[1][1][1]   | C_o[2][1][5]   |     5.657 | SLOW    |     2.551 | FAST    |
B_i[1][1][1]   | C_o[3][1][1]   |     4.803 | SLOW    |     2.499 | FAST    |
B_i[1][1][1]   | C_o[3][1][2]   |     5.094 | SLOW    |     2.491 | FAST    |
B_i[1][1][1]   | C_o[3][1][3]   |     5.302 | SLOW    |     2.553 | FAST    |
B_i[1][1][1]   | C_o[3][1][4]   |     5.482 | SLOW    |     2.533 | FAST    |
B_i[1][1][1]   | C_o[3][1][5]   |     5.657 | SLOW    |     2.551 | FAST    |
B_i[1][1][2]   | C_o[0][1][2]   |     5.102 | SLOW    |     2.678 | FAST    |
B_i[1][1][2]   | C_o[0][1][3]   |     5.310 | SLOW    |     2.641 | FAST    |
B_i[1][1][2]   | C_o[0][1][4]   |     5.490 | SLOW    |     2.637 | FAST    |
B_i[1][1][2]   | C_o[0][1][5]   |     5.665 | SLOW    |     2.588 | FAST    |
B_i[1][1][2]   | C_o[1][1][2]   |     5.102 | SLOW    |     2.678 | FAST    |
B_i[1][1][2]   | C_o[1][1][3]   |     5.310 | SLOW    |     2.641 | FAST    |
B_i[1][1][2]   | C_o[1][1][4]   |     5.490 | SLOW    |     2.637 | FAST    |
B_i[1][1][2]   | C_o[1][1][5]   |     5.665 | SLOW    |     2.588 | FAST    |
B_i[1][1][2]   | C_o[2][1][2]   |     5.102 | SLOW    |     2.678 | FAST    |
B_i[1][1][2]   | C_o[2][1][3]   |     5.310 | SLOW    |     2.641 | FAST    |
B_i[1][1][2]   | C_o[2][1][4]   |     5.490 | SLOW    |     2.637 | FAST    |
B_i[1][1][2]   | C_o[2][1][5]   |     5.665 | SLOW    |     2.588 | FAST    |
B_i[1][1][2]   | C_o[3][1][2]   |     5.102 | SLOW    |     2.678 | FAST    |
B_i[1][1][2]   | C_o[3][1][3]   |     5.310 | SLOW    |     2.641 | FAST    |
B_i[1][1][2]   | C_o[3][1][4]   |     5.490 | SLOW    |     2.637 | FAST    |
B_i[1][1][2]   | C_o[3][1][5]   |     5.665 | SLOW    |     2.588 | FAST    |
B_i[1][1][3]   | C_o[0][1][3]   |     5.068 | SLOW    |     2.645 | FAST    |
B_i[1][1][3]   | C_o[0][1][4]   |     5.371 | SLOW    |     2.618 | FAST    |
B_i[1][1][3]   | C_o[0][1][5]   |     5.601 | SLOW    |     2.567 | FAST    |
B_i[1][1][3]   | C_o[1][1][3]   |     5.068 | SLOW    |     2.645 | FAST    |
B_i[1][1][3]   | C_o[1][1][4]   |     5.371 | SLOW    |     2.618 | FAST    |
B_i[1][1][3]   | C_o[1][1][5]   |     5.601 | SLOW    |     2.567 | FAST    |
B_i[1][1][3]   | C_o[2][1][3]   |     5.068 | SLOW    |     2.645 | FAST    |
B_i[1][1][3]   | C_o[2][1][4]   |     5.371 | SLOW    |     2.618 | FAST    |
B_i[1][1][3]   | C_o[2][1][5]   |     5.601 | SLOW    |     2.567 | FAST    |
B_i[1][1][3]   | C_o[3][1][3]   |     5.068 | SLOW    |     2.645 | FAST    |
B_i[1][1][3]   | C_o[3][1][4]   |     5.371 | SLOW    |     2.618 | FAST    |
B_i[1][1][3]   | C_o[3][1][5]   |     5.601 | SLOW    |     2.567 | FAST    |
B_i[1][1][4]   | C_o[0][1][4]   |     5.133 | SLOW    |     2.680 | FAST    |
B_i[1][1][4]   | C_o[0][1][5]   |     5.531 | SLOW    |     2.629 | FAST    |
B_i[1][1][4]   | C_o[1][1][4]   |     5.133 | SLOW    |     2.680 | FAST    |
B_i[1][1][4]   | C_o[1][1][5]   |     5.531 | SLOW    |     2.629 | FAST    |
B_i[1][1][4]   | C_o[2][1][4]   |     5.133 | SLOW    |     2.680 | FAST    |
B_i[1][1][4]   | C_o[2][1][5]   |     5.531 | SLOW    |     2.629 | FAST    |
B_i[1][1][4]   | C_o[3][1][4]   |     5.133 | SLOW    |     2.680 | FAST    |
B_i[1][1][4]   | C_o[3][1][5]   |     5.531 | SLOW    |     2.629 | FAST    |
B_i[1][1][5]   | C_o[0][1][5]   |     5.317 | SLOW    |     2.791 | FAST    |
B_i[1][1][5]   | C_o[1][1][5]   |     5.317 | SLOW    |     2.791 | FAST    |
B_i[1][1][5]   | C_o[2][1][5]   |     5.317 | SLOW    |     2.791 | FAST    |
B_i[1][1][5]   | C_o[3][1][5]   |     5.317 | SLOW    |     2.791 | FAST    |
B_i[1][2][0]   | C_o[0][2][0]   |     4.548 | SLOW    |     2.361 | FAST    |
B_i[1][2][0]   | C_o[0][2][1]   |     4.889 | SLOW    |     2.379 | FAST    |
B_i[1][2][0]   | C_o[0][2][2]   |     4.984 | SLOW    |     2.471 | FAST    |
B_i[1][2][0]   | C_o[0][2][3]   |     5.192 | SLOW    |     2.490 | FAST    |
B_i[1][2][0]   | C_o[0][2][4]   |     5.372 | SLOW    |     2.473 | FAST    |
B_i[1][2][0]   | C_o[0][2][5]   |     5.449 | SLOW    |     2.508 | FAST    |
B_i[1][2][0]   | C_o[1][2][0]   |     4.548 | SLOW    |     2.361 | FAST    |
B_i[1][2][0]   | C_o[1][2][1]   |     4.889 | SLOW    |     2.379 | FAST    |
B_i[1][2][0]   | C_o[1][2][2]   |     4.984 | SLOW    |     2.471 | FAST    |
B_i[1][2][0]   | C_o[1][2][3]   |     5.192 | SLOW    |     2.490 | FAST    |
B_i[1][2][0]   | C_o[1][2][4]   |     5.372 | SLOW    |     2.473 | FAST    |
B_i[1][2][0]   | C_o[1][2][5]   |     5.449 | SLOW    |     2.508 | FAST    |
B_i[1][2][0]   | C_o[2][2][0]   |     4.548 | SLOW    |     2.361 | FAST    |
B_i[1][2][0]   | C_o[2][2][1]   |     4.889 | SLOW    |     2.379 | FAST    |
B_i[1][2][0]   | C_o[2][2][2]   |     4.984 | SLOW    |     2.471 | FAST    |
B_i[1][2][0]   | C_o[2][2][3]   |     5.192 | SLOW    |     2.490 | FAST    |
B_i[1][2][0]   | C_o[2][2][4]   |     5.372 | SLOW    |     2.473 | FAST    |
B_i[1][2][0]   | C_o[2][2][5]   |     5.449 | SLOW    |     2.508 | FAST    |
B_i[1][2][0]   | C_o[3][2][0]   |     4.548 | SLOW    |     2.361 | FAST    |
B_i[1][2][0]   | C_o[3][2][1]   |     4.889 | SLOW    |     2.379 | FAST    |
B_i[1][2][0]   | C_o[3][2][2]   |     4.984 | SLOW    |     2.471 | FAST    |
B_i[1][2][0]   | C_o[3][2][3]   |     5.192 | SLOW    |     2.490 | FAST    |
B_i[1][2][0]   | C_o[3][2][4]   |     5.372 | SLOW    |     2.473 | FAST    |
B_i[1][2][0]   | C_o[3][2][5]   |     5.449 | SLOW    |     2.508 | FAST    |
B_i[1][2][1]   | C_o[0][2][1]   |     4.803 | SLOW    |     2.499 | FAST    |
B_i[1][2][1]   | C_o[0][2][2]   |     5.094 | SLOW    |     2.491 | FAST    |
B_i[1][2][1]   | C_o[0][2][3]   |     5.302 | SLOW    |     2.553 | FAST    |
B_i[1][2][1]   | C_o[0][2][4]   |     5.482 | SLOW    |     2.533 | FAST    |
B_i[1][2][1]   | C_o[0][2][5]   |     5.657 | SLOW    |     2.551 | FAST    |
B_i[1][2][1]   | C_o[1][2][1]   |     4.803 | SLOW    |     2.499 | FAST    |
B_i[1][2][1]   | C_o[1][2][2]   |     5.094 | SLOW    |     2.491 | FAST    |
B_i[1][2][1]   | C_o[1][2][3]   |     5.302 | SLOW    |     2.553 | FAST    |
B_i[1][2][1]   | C_o[1][2][4]   |     5.482 | SLOW    |     2.533 | FAST    |
B_i[1][2][1]   | C_o[1][2][5]   |     5.657 | SLOW    |     2.551 | FAST    |
B_i[1][2][1]   | C_o[2][2][1]   |     4.803 | SLOW    |     2.499 | FAST    |
B_i[1][2][1]   | C_o[2][2][2]   |     5.094 | SLOW    |     2.491 | FAST    |
B_i[1][2][1]   | C_o[2][2][3]   |     5.302 | SLOW    |     2.553 | FAST    |
B_i[1][2][1]   | C_o[2][2][4]   |     5.482 | SLOW    |     2.533 | FAST    |
B_i[1][2][1]   | C_o[2][2][5]   |     5.657 | SLOW    |     2.551 | FAST    |
B_i[1][2][1]   | C_o[3][2][1]   |     4.803 | SLOW    |     2.499 | FAST    |
B_i[1][2][1]   | C_o[3][2][2]   |     5.094 | SLOW    |     2.491 | FAST    |
B_i[1][2][1]   | C_o[3][2][3]   |     5.302 | SLOW    |     2.553 | FAST    |
B_i[1][2][1]   | C_o[3][2][4]   |     5.482 | SLOW    |     2.533 | FAST    |
B_i[1][2][1]   | C_o[3][2][5]   |     5.657 | SLOW    |     2.551 | FAST    |
B_i[1][2][2]   | C_o[0][2][2]   |     5.102 | SLOW    |     2.678 | FAST    |
B_i[1][2][2]   | C_o[0][2][3]   |     5.310 | SLOW    |     2.641 | FAST    |
B_i[1][2][2]   | C_o[0][2][4]   |     5.490 | SLOW    |     2.637 | FAST    |
B_i[1][2][2]   | C_o[0][2][5]   |     5.665 | SLOW    |     2.588 | FAST    |
B_i[1][2][2]   | C_o[1][2][2]   |     5.102 | SLOW    |     2.678 | FAST    |
B_i[1][2][2]   | C_o[1][2][3]   |     5.310 | SLOW    |     2.641 | FAST    |
B_i[1][2][2]   | C_o[1][2][4]   |     5.490 | SLOW    |     2.637 | FAST    |
B_i[1][2][2]   | C_o[1][2][5]   |     5.665 | SLOW    |     2.588 | FAST    |
B_i[1][2][2]   | C_o[2][2][2]   |     5.102 | SLOW    |     2.678 | FAST    |
B_i[1][2][2]   | C_o[2][2][3]   |     5.310 | SLOW    |     2.641 | FAST    |
B_i[1][2][2]   | C_o[2][2][4]   |     5.490 | SLOW    |     2.637 | FAST    |
B_i[1][2][2]   | C_o[2][2][5]   |     5.665 | SLOW    |     2.588 | FAST    |
B_i[1][2][2]   | C_o[3][2][2]   |     5.102 | SLOW    |     2.678 | FAST    |
B_i[1][2][2]   | C_o[3][2][3]   |     5.310 | SLOW    |     2.641 | FAST    |
B_i[1][2][2]   | C_o[3][2][4]   |     5.490 | SLOW    |     2.637 | FAST    |
B_i[1][2][2]   | C_o[3][2][5]   |     5.665 | SLOW    |     2.588 | FAST    |
B_i[1][2][3]   | C_o[0][2][3]   |     5.068 | SLOW    |     2.645 | FAST    |
B_i[1][2][3]   | C_o[0][2][4]   |     5.371 | SLOW    |     2.618 | FAST    |
B_i[1][2][3]   | C_o[0][2][5]   |     5.601 | SLOW    |     2.567 | FAST    |
B_i[1][2][3]   | C_o[1][2][3]   |     5.068 | SLOW    |     2.645 | FAST    |
B_i[1][2][3]   | C_o[1][2][4]   |     5.371 | SLOW    |     2.618 | FAST    |
B_i[1][2][3]   | C_o[1][2][5]   |     5.601 | SLOW    |     2.567 | FAST    |
B_i[1][2][3]   | C_o[2][2][3]   |     5.068 | SLOW    |     2.645 | FAST    |
B_i[1][2][3]   | C_o[2][2][4]   |     5.371 | SLOW    |     2.618 | FAST    |
B_i[1][2][3]   | C_o[2][2][5]   |     5.601 | SLOW    |     2.567 | FAST    |
B_i[1][2][3]   | C_o[3][2][3]   |     5.068 | SLOW    |     2.645 | FAST    |
B_i[1][2][3]   | C_o[3][2][4]   |     5.371 | SLOW    |     2.618 | FAST    |
B_i[1][2][3]   | C_o[3][2][5]   |     5.601 | SLOW    |     2.567 | FAST    |
B_i[1][2][4]   | C_o[0][2][4]   |     5.133 | SLOW    |     2.680 | FAST    |
B_i[1][2][4]   | C_o[0][2][5]   |     5.531 | SLOW    |     2.629 | FAST    |
B_i[1][2][4]   | C_o[1][2][4]   |     5.133 | SLOW    |     2.680 | FAST    |
B_i[1][2][4]   | C_o[1][2][5]   |     5.531 | SLOW    |     2.629 | FAST    |
B_i[1][2][4]   | C_o[2][2][4]   |     5.133 | SLOW    |     2.680 | FAST    |
B_i[1][2][4]   | C_o[2][2][5]   |     5.531 | SLOW    |     2.629 | FAST    |
B_i[1][2][4]   | C_o[3][2][4]   |     5.133 | SLOW    |     2.680 | FAST    |
B_i[1][2][4]   | C_o[3][2][5]   |     5.531 | SLOW    |     2.629 | FAST    |
B_i[1][2][5]   | C_o[0][2][5]   |     5.317 | SLOW    |     2.791 | FAST    |
B_i[1][2][5]   | C_o[1][2][5]   |     5.317 | SLOW    |     2.791 | FAST    |
B_i[1][2][5]   | C_o[2][2][5]   |     5.317 | SLOW    |     2.791 | FAST    |
B_i[1][2][5]   | C_o[3][2][5]   |     5.317 | SLOW    |     2.791 | FAST    |
B_i[1][3][0]   | C_o[0][3][0]   |     4.548 | SLOW    |     2.361 | FAST    |
B_i[1][3][0]   | C_o[0][3][1]   |     4.889 | SLOW    |     2.379 | FAST    |
B_i[1][3][0]   | C_o[0][3][2]   |     4.984 | SLOW    |     2.471 | FAST    |
B_i[1][3][0]   | C_o[0][3][3]   |     5.192 | SLOW    |     2.490 | FAST    |
B_i[1][3][0]   | C_o[0][3][4]   |     5.372 | SLOW    |     2.473 | FAST    |
B_i[1][3][0]   | C_o[0][3][5]   |     5.480 | SLOW    |     2.508 | FAST    |
B_i[1][3][0]   | C_o[1][3][0]   |     4.548 | SLOW    |     2.361 | FAST    |
B_i[1][3][0]   | C_o[1][3][1]   |     4.889 | SLOW    |     2.379 | FAST    |
B_i[1][3][0]   | C_o[1][3][2]   |     4.984 | SLOW    |     2.471 | FAST    |
B_i[1][3][0]   | C_o[1][3][3]   |     5.192 | SLOW    |     2.490 | FAST    |
B_i[1][3][0]   | C_o[1][3][4]   |     5.372 | SLOW    |     2.473 | FAST    |
B_i[1][3][0]   | C_o[1][3][5]   |     5.480 | SLOW    |     2.508 | FAST    |
B_i[1][3][0]   | C_o[2][3][0]   |     4.548 | SLOW    |     2.361 | FAST    |
B_i[1][3][0]   | C_o[2][3][1]   |     4.889 | SLOW    |     2.379 | FAST    |
B_i[1][3][0]   | C_o[2][3][2]   |     4.984 | SLOW    |     2.471 | FAST    |
B_i[1][3][0]   | C_o[2][3][3]   |     5.192 | SLOW    |     2.490 | FAST    |
B_i[1][3][0]   | C_o[2][3][4]   |     5.372 | SLOW    |     2.473 | FAST    |
B_i[1][3][0]   | C_o[2][3][5]   |     5.480 | SLOW    |     2.508 | FAST    |
B_i[1][3][0]   | C_o[3][3][0]   |     4.548 | SLOW    |     2.361 | FAST    |
B_i[1][3][0]   | C_o[3][3][1]   |     4.889 | SLOW    |     2.379 | FAST    |
B_i[1][3][0]   | C_o[3][3][2]   |     4.984 | SLOW    |     2.471 | FAST    |
B_i[1][3][0]   | C_o[3][3][3]   |     5.192 | SLOW    |     2.490 | FAST    |
B_i[1][3][0]   | C_o[3][3][4]   |     5.372 | SLOW    |     2.473 | FAST    |
B_i[1][3][0]   | C_o[3][3][5]   |     5.480 | SLOW    |     2.508 | FAST    |
B_i[1][3][1]   | C_o[0][3][1]   |     4.803 | SLOW    |     2.499 | FAST    |
B_i[1][3][1]   | C_o[0][3][2]   |     5.094 | SLOW    |     2.491 | FAST    |
B_i[1][3][1]   | C_o[0][3][3]   |     5.302 | SLOW    |     2.553 | FAST    |
B_i[1][3][1]   | C_o[0][3][4]   |     5.482 | SLOW    |     2.533 | FAST    |
B_i[1][3][1]   | C_o[0][3][5]   |     5.657 | SLOW    |     2.551 | FAST    |
B_i[1][3][1]   | C_o[1][3][1]   |     4.803 | SLOW    |     2.499 | FAST    |
B_i[1][3][1]   | C_o[1][3][2]   |     5.094 | SLOW    |     2.491 | FAST    |
B_i[1][3][1]   | C_o[1][3][3]   |     5.302 | SLOW    |     2.553 | FAST    |
B_i[1][3][1]   | C_o[1][3][4]   |     5.482 | SLOW    |     2.533 | FAST    |
B_i[1][3][1]   | C_o[1][3][5]   |     5.657 | SLOW    |     2.551 | FAST    |
B_i[1][3][1]   | C_o[2][3][1]   |     4.803 | SLOW    |     2.499 | FAST    |
B_i[1][3][1]   | C_o[2][3][2]   |     5.094 | SLOW    |     2.491 | FAST    |
B_i[1][3][1]   | C_o[2][3][3]   |     5.302 | SLOW    |     2.553 | FAST    |
B_i[1][3][1]   | C_o[2][3][4]   |     5.482 | SLOW    |     2.533 | FAST    |
B_i[1][3][1]   | C_o[2][3][5]   |     5.657 | SLOW    |     2.551 | FAST    |
B_i[1][3][1]   | C_o[3][3][1]   |     4.803 | SLOW    |     2.499 | FAST    |
B_i[1][3][1]   | C_o[3][3][2]   |     5.094 | SLOW    |     2.491 | FAST    |
B_i[1][3][1]   | C_o[3][3][3]   |     5.302 | SLOW    |     2.553 | FAST    |
B_i[1][3][1]   | C_o[3][3][4]   |     5.482 | SLOW    |     2.533 | FAST    |
B_i[1][3][1]   | C_o[3][3][5]   |     5.657 | SLOW    |     2.551 | FAST    |
B_i[1][3][2]   | C_o[0][3][2]   |     5.102 | SLOW    |     2.678 | FAST    |
B_i[1][3][2]   | C_o[0][3][3]   |     5.310 | SLOW    |     2.641 | FAST    |
B_i[1][3][2]   | C_o[0][3][4]   |     5.490 | SLOW    |     2.637 | FAST    |
B_i[1][3][2]   | C_o[0][3][5]   |     5.665 | SLOW    |     2.588 | FAST    |
B_i[1][3][2]   | C_o[1][3][2]   |     5.102 | SLOW    |     2.678 | FAST    |
B_i[1][3][2]   | C_o[1][3][3]   |     5.310 | SLOW    |     2.641 | FAST    |
B_i[1][3][2]   | C_o[1][3][4]   |     5.490 | SLOW    |     2.637 | FAST    |
B_i[1][3][2]   | C_o[1][3][5]   |     5.665 | SLOW    |     2.588 | FAST    |
B_i[1][3][2]   | C_o[2][3][2]   |     5.102 | SLOW    |     2.678 | FAST    |
B_i[1][3][2]   | C_o[2][3][3]   |     5.310 | SLOW    |     2.641 | FAST    |
B_i[1][3][2]   | C_o[2][3][4]   |     5.490 | SLOW    |     2.637 | FAST    |
B_i[1][3][2]   | C_o[2][3][5]   |     5.665 | SLOW    |     2.588 | FAST    |
B_i[1][3][2]   | C_o[3][3][2]   |     5.102 | SLOW    |     2.678 | FAST    |
B_i[1][3][2]   | C_o[3][3][3]   |     5.310 | SLOW    |     2.641 | FAST    |
B_i[1][3][2]   | C_o[3][3][4]   |     5.490 | SLOW    |     2.637 | FAST    |
B_i[1][3][2]   | C_o[3][3][5]   |     5.665 | SLOW    |     2.588 | FAST    |
B_i[1][3][3]   | C_o[0][3][3]   |     5.068 | SLOW    |     2.645 | FAST    |
B_i[1][3][3]   | C_o[0][3][4]   |     5.371 | SLOW    |     2.618 | FAST    |
B_i[1][3][3]   | C_o[0][3][5]   |     5.601 | SLOW    |     2.567 | FAST    |
B_i[1][3][3]   | C_o[1][3][3]   |     5.068 | SLOW    |     2.645 | FAST    |
B_i[1][3][3]   | C_o[1][3][4]   |     5.371 | SLOW    |     2.618 | FAST    |
B_i[1][3][3]   | C_o[1][3][5]   |     5.601 | SLOW    |     2.567 | FAST    |
B_i[1][3][3]   | C_o[2][3][3]   |     5.068 | SLOW    |     2.645 | FAST    |
B_i[1][3][3]   | C_o[2][3][4]   |     5.371 | SLOW    |     2.618 | FAST    |
B_i[1][3][3]   | C_o[2][3][5]   |     5.601 | SLOW    |     2.567 | FAST    |
B_i[1][3][3]   | C_o[3][3][3]   |     5.068 | SLOW    |     2.645 | FAST    |
B_i[1][3][3]   | C_o[3][3][4]   |     5.371 | SLOW    |     2.618 | FAST    |
B_i[1][3][3]   | C_o[3][3][5]   |     5.601 | SLOW    |     2.567 | FAST    |
B_i[1][3][4]   | C_o[0][3][4]   |     5.133 | SLOW    |     2.680 | FAST    |
B_i[1][3][4]   | C_o[0][3][5]   |     5.531 | SLOW    |     2.629 | FAST    |
B_i[1][3][4]   | C_o[1][3][4]   |     5.133 | SLOW    |     2.680 | FAST    |
B_i[1][3][4]   | C_o[1][3][5]   |     5.531 | SLOW    |     2.629 | FAST    |
B_i[1][3][4]   | C_o[2][3][4]   |     5.133 | SLOW    |     2.680 | FAST    |
B_i[1][3][4]   | C_o[2][3][5]   |     5.531 | SLOW    |     2.629 | FAST    |
B_i[1][3][4]   | C_o[3][3][4]   |     5.133 | SLOW    |     2.680 | FAST    |
B_i[1][3][4]   | C_o[3][3][5]   |     5.531 | SLOW    |     2.629 | FAST    |
B_i[1][3][5]   | C_o[0][3][5]   |     5.317 | SLOW    |     2.791 | FAST    |
B_i[1][3][5]   | C_o[1][3][5]   |     5.317 | SLOW    |     2.791 | FAST    |
B_i[1][3][5]   | C_o[2][3][5]   |     5.317 | SLOW    |     2.791 | FAST    |
B_i[1][3][5]   | C_o[3][3][5]   |     5.317 | SLOW    |     2.791 | FAST    |
B_i[2][0][0]   | C_o[0][0][0]   |     4.548 | SLOW    |     2.361 | FAST    |
B_i[2][0][0]   | C_o[0][0][1]   |     4.874 | SLOW    |     2.381 | FAST    |
B_i[2][0][0]   | C_o[0][0][2]   |     4.984 | SLOW    |     2.470 | FAST    |
B_i[2][0][0]   | C_o[0][0][3]   |     5.192 | SLOW    |     2.490 | FAST    |
B_i[2][0][0]   | C_o[0][0][4]   |     5.372 | SLOW    |     2.473 | FAST    |
B_i[2][0][0]   | C_o[0][0][5]   |     5.434 | SLOW    |     2.508 | FAST    |
B_i[2][0][0]   | C_o[1][0][0]   |     4.548 | SLOW    |     2.361 | FAST    |
B_i[2][0][0]   | C_o[1][0][1]   |     4.874 | SLOW    |     2.381 | FAST    |
B_i[2][0][0]   | C_o[1][0][2]   |     4.984 | SLOW    |     2.470 | FAST    |
B_i[2][0][0]   | C_o[1][0][3]   |     5.192 | SLOW    |     2.490 | FAST    |
B_i[2][0][0]   | C_o[1][0][4]   |     5.372 | SLOW    |     2.473 | FAST    |
B_i[2][0][0]   | C_o[1][0][5]   |     5.434 | SLOW    |     2.508 | FAST    |
B_i[2][0][0]   | C_o[2][0][0]   |     4.548 | SLOW    |     2.361 | FAST    |
B_i[2][0][0]   | C_o[2][0][1]   |     4.874 | SLOW    |     2.381 | FAST    |
B_i[2][0][0]   | C_o[2][0][2]   |     4.984 | SLOW    |     2.470 | FAST    |
B_i[2][0][0]   | C_o[2][0][3]   |     5.192 | SLOW    |     2.490 | FAST    |
B_i[2][0][0]   | C_o[2][0][4]   |     5.372 | SLOW    |     2.473 | FAST    |
B_i[2][0][0]   | C_o[2][0][5]   |     5.434 | SLOW    |     2.508 | FAST    |
B_i[2][0][0]   | C_o[3][0][0]   |     4.548 | SLOW    |     2.361 | FAST    |
B_i[2][0][0]   | C_o[3][0][1]   |     4.874 | SLOW    |     2.381 | FAST    |
B_i[2][0][0]   | C_o[3][0][2]   |     4.984 | SLOW    |     2.470 | FAST    |
B_i[2][0][0]   | C_o[3][0][3]   |     5.192 | SLOW    |     2.490 | FAST    |
B_i[2][0][0]   | C_o[3][0][4]   |     5.372 | SLOW    |     2.473 | FAST    |
B_i[2][0][0]   | C_o[3][0][5]   |     5.434 | SLOW    |     2.508 | FAST    |
B_i[2][0][1]   | C_o[0][0][1]   |     4.788 | SLOW    |     2.495 | FAST    |
B_i[2][0][1]   | C_o[0][0][2]   |     5.094 | SLOW    |     2.487 | FAST    |
B_i[2][0][1]   | C_o[0][0][3]   |     5.302 | SLOW    |     2.551 | FAST    |
B_i[2][0][1]   | C_o[0][0][4]   |     5.482 | SLOW    |     2.533 | FAST    |
B_i[2][0][1]   | C_o[0][0][5]   |     5.642 | SLOW    |     2.551 | FAST    |
B_i[2][0][1]   | C_o[1][0][1]   |     4.788 | SLOW    |     2.495 | FAST    |
B_i[2][0][1]   | C_o[1][0][2]   |     5.094 | SLOW    |     2.487 | FAST    |
B_i[2][0][1]   | C_o[1][0][3]   |     5.302 | SLOW    |     2.551 | FAST    |
B_i[2][0][1]   | C_o[1][0][4]   |     5.482 | SLOW    |     2.533 | FAST    |
B_i[2][0][1]   | C_o[1][0][5]   |     5.642 | SLOW    |     2.551 | FAST    |
B_i[2][0][1]   | C_o[2][0][1]   |     4.788 | SLOW    |     2.495 | FAST    |
B_i[2][0][1]   | C_o[2][0][2]   |     5.094 | SLOW    |     2.487 | FAST    |
B_i[2][0][1]   | C_o[2][0][3]   |     5.302 | SLOW    |     2.551 | FAST    |
B_i[2][0][1]   | C_o[2][0][4]   |     5.482 | SLOW    |     2.533 | FAST    |
B_i[2][0][1]   | C_o[2][0][5]   |     5.642 | SLOW    |     2.551 | FAST    |
B_i[2][0][1]   | C_o[3][0][1]   |     4.788 | SLOW    |     2.495 | FAST    |
B_i[2][0][1]   | C_o[3][0][2]   |     5.094 | SLOW    |     2.487 | FAST    |
B_i[2][0][1]   | C_o[3][0][3]   |     5.302 | SLOW    |     2.551 | FAST    |
B_i[2][0][1]   | C_o[3][0][4]   |     5.482 | SLOW    |     2.533 | FAST    |
B_i[2][0][1]   | C_o[3][0][5]   |     5.642 | SLOW    |     2.551 | FAST    |
B_i[2][0][2]   | C_o[0][0][2]   |     5.102 | SLOW    |     2.678 | FAST    |
B_i[2][0][2]   | C_o[0][0][3]   |     5.310 | SLOW    |     2.641 | FAST    |
B_i[2][0][2]   | C_o[0][0][4]   |     5.490 | SLOW    |     2.639 | FAST    |
B_i[2][0][2]   | C_o[0][0][5]   |     5.650 | SLOW    |     2.588 | FAST    |
B_i[2][0][2]   | C_o[1][0][2]   |     5.102 | SLOW    |     2.678 | FAST    |
B_i[2][0][2]   | C_o[1][0][3]   |     5.310 | SLOW    |     2.641 | FAST    |
B_i[2][0][2]   | C_o[1][0][4]   |     5.490 | SLOW    |     2.639 | FAST    |
B_i[2][0][2]   | C_o[1][0][5]   |     5.650 | SLOW    |     2.588 | FAST    |
B_i[2][0][2]   | C_o[2][0][2]   |     5.102 | SLOW    |     2.678 | FAST    |
B_i[2][0][2]   | C_o[2][0][3]   |     5.310 | SLOW    |     2.641 | FAST    |
B_i[2][0][2]   | C_o[2][0][4]   |     5.490 | SLOW    |     2.639 | FAST    |
B_i[2][0][2]   | C_o[2][0][5]   |     5.650 | SLOW    |     2.588 | FAST    |
B_i[2][0][2]   | C_o[3][0][2]   |     5.102 | SLOW    |     2.678 | FAST    |
B_i[2][0][2]   | C_o[3][0][3]   |     5.310 | SLOW    |     2.641 | FAST    |
B_i[2][0][2]   | C_o[3][0][4]   |     5.490 | SLOW    |     2.639 | FAST    |
B_i[2][0][2]   | C_o[3][0][5]   |     5.650 | SLOW    |     2.588 | FAST    |
B_i[2][0][3]   | C_o[0][0][3]   |     5.068 | SLOW    |     2.645 | FAST    |
B_i[2][0][3]   | C_o[0][0][4]   |     5.371 | SLOW    |     2.618 | FAST    |
B_i[2][0][3]   | C_o[0][0][5]   |     5.586 | SLOW    |     2.567 | FAST    |
B_i[2][0][3]   | C_o[1][0][3]   |     5.068 | SLOW    |     2.645 | FAST    |
B_i[2][0][3]   | C_o[1][0][4]   |     5.371 | SLOW    |     2.618 | FAST    |
B_i[2][0][3]   | C_o[1][0][5]   |     5.586 | SLOW    |     2.567 | FAST    |
B_i[2][0][3]   | C_o[2][0][3]   |     5.068 | SLOW    |     2.645 | FAST    |
B_i[2][0][3]   | C_o[2][0][4]   |     5.371 | SLOW    |     2.618 | FAST    |
B_i[2][0][3]   | C_o[2][0][5]   |     5.586 | SLOW    |     2.567 | FAST    |
B_i[2][0][3]   | C_o[3][0][3]   |     5.068 | SLOW    |     2.645 | FAST    |
B_i[2][0][3]   | C_o[3][0][4]   |     5.371 | SLOW    |     2.618 | FAST    |
B_i[2][0][3]   | C_o[3][0][5]   |     5.586 | SLOW    |     2.567 | FAST    |
B_i[2][0][4]   | C_o[0][0][4]   |     5.133 | SLOW    |     2.680 | FAST    |
B_i[2][0][4]   | C_o[0][0][5]   |     5.394 | SLOW    |     2.629 | FAST    |
B_i[2][0][4]   | C_o[1][0][4]   |     5.133 | SLOW    |     2.680 | FAST    |
B_i[2][0][4]   | C_o[1][0][5]   |     5.394 | SLOW    |     2.629 | FAST    |
B_i[2][0][4]   | C_o[2][0][4]   |     5.133 | SLOW    |     2.680 | FAST    |
B_i[2][0][4]   | C_o[2][0][5]   |     5.394 | SLOW    |     2.629 | FAST    |
B_i[2][0][4]   | C_o[3][0][4]   |     5.133 | SLOW    |     2.680 | FAST    |
B_i[2][0][4]   | C_o[3][0][5]   |     5.394 | SLOW    |     2.629 | FAST    |
B_i[2][0][5]   | C_o[0][0][5]   |     5.287 | SLOW    |     2.775 | FAST    |
B_i[2][0][5]   | C_o[1][0][5]   |     5.287 | SLOW    |     2.775 | FAST    |
B_i[2][0][5]   | C_o[2][0][5]   |     5.287 | SLOW    |     2.775 | FAST    |
B_i[2][0][5]   | C_o[3][0][5]   |     5.287 | SLOW    |     2.775 | FAST    |
B_i[2][1][0]   | C_o[0][1][0]   |     4.548 | SLOW    |     2.361 | FAST    |
B_i[2][1][0]   | C_o[0][1][1]   |     4.874 | SLOW    |     2.381 | FAST    |
B_i[2][1][0]   | C_o[0][1][2]   |     4.984 | SLOW    |     2.470 | FAST    |
B_i[2][1][0]   | C_o[0][1][3]   |     5.192 | SLOW    |     2.490 | FAST    |
B_i[2][1][0]   | C_o[0][1][4]   |     5.372 | SLOW    |     2.473 | FAST    |
B_i[2][1][0]   | C_o[0][1][5]   |     5.465 | SLOW    |     2.508 | FAST    |
B_i[2][1][0]   | C_o[1][1][0]   |     4.548 | SLOW    |     2.361 | FAST    |
B_i[2][1][0]   | C_o[1][1][1]   |     4.874 | SLOW    |     2.381 | FAST    |
B_i[2][1][0]   | C_o[1][1][2]   |     4.984 | SLOW    |     2.470 | FAST    |
B_i[2][1][0]   | C_o[1][1][3]   |     5.192 | SLOW    |     2.490 | FAST    |
B_i[2][1][0]   | C_o[1][1][4]   |     5.372 | SLOW    |     2.473 | FAST    |
B_i[2][1][0]   | C_o[1][1][5]   |     5.465 | SLOW    |     2.508 | FAST    |
B_i[2][1][0]   | C_o[2][1][0]   |     4.548 | SLOW    |     2.361 | FAST    |
B_i[2][1][0]   | C_o[2][1][1]   |     4.874 | SLOW    |     2.381 | FAST    |
B_i[2][1][0]   | C_o[2][1][2]   |     4.984 | SLOW    |     2.470 | FAST    |
B_i[2][1][0]   | C_o[2][1][3]   |     5.192 | SLOW    |     2.490 | FAST    |
B_i[2][1][0]   | C_o[2][1][4]   |     5.372 | SLOW    |     2.473 | FAST    |
B_i[2][1][0]   | C_o[2][1][5]   |     5.465 | SLOW    |     2.508 | FAST    |
B_i[2][1][0]   | C_o[3][1][0]   |     4.548 | SLOW    |     2.361 | FAST    |
B_i[2][1][0]   | C_o[3][1][1]   |     4.874 | SLOW    |     2.381 | FAST    |
B_i[2][1][0]   | C_o[3][1][2]   |     4.984 | SLOW    |     2.470 | FAST    |
B_i[2][1][0]   | C_o[3][1][3]   |     5.192 | SLOW    |     2.490 | FAST    |
B_i[2][1][0]   | C_o[3][1][4]   |     5.372 | SLOW    |     2.473 | FAST    |
B_i[2][1][0]   | C_o[3][1][5]   |     5.465 | SLOW    |     2.508 | FAST    |
B_i[2][1][1]   | C_o[0][1][1]   |     4.788 | SLOW    |     2.495 | FAST    |
B_i[2][1][1]   | C_o[0][1][2]   |     5.094 | SLOW    |     2.487 | FAST    |
B_i[2][1][1]   | C_o[0][1][3]   |     5.302 | SLOW    |     2.551 | FAST    |
B_i[2][1][1]   | C_o[0][1][4]   |     5.482 | SLOW    |     2.533 | FAST    |
B_i[2][1][1]   | C_o[0][1][5]   |     5.642 | SLOW    |     2.551 | FAST    |
B_i[2][1][1]   | C_o[1][1][1]   |     4.788 | SLOW    |     2.495 | FAST    |
B_i[2][1][1]   | C_o[1][1][2]   |     5.094 | SLOW    |     2.487 | FAST    |
B_i[2][1][1]   | C_o[1][1][3]   |     5.302 | SLOW    |     2.551 | FAST    |
B_i[2][1][1]   | C_o[1][1][4]   |     5.482 | SLOW    |     2.533 | FAST    |
B_i[2][1][1]   | C_o[1][1][5]   |     5.642 | SLOW    |     2.551 | FAST    |
B_i[2][1][1]   | C_o[2][1][1]   |     4.788 | SLOW    |     2.495 | FAST    |
B_i[2][1][1]   | C_o[2][1][2]   |     5.094 | SLOW    |     2.487 | FAST    |
B_i[2][1][1]   | C_o[2][1][3]   |     5.302 | SLOW    |     2.551 | FAST    |
B_i[2][1][1]   | C_o[2][1][4]   |     5.482 | SLOW    |     2.533 | FAST    |
B_i[2][1][1]   | C_o[2][1][5]   |     5.642 | SLOW    |     2.551 | FAST    |
B_i[2][1][1]   | C_o[3][1][1]   |     4.788 | SLOW    |     2.495 | FAST    |
B_i[2][1][1]   | C_o[3][1][2]   |     5.094 | SLOW    |     2.487 | FAST    |
B_i[2][1][1]   | C_o[3][1][3]   |     5.302 | SLOW    |     2.551 | FAST    |
B_i[2][1][1]   | C_o[3][1][4]   |     5.482 | SLOW    |     2.533 | FAST    |
B_i[2][1][1]   | C_o[3][1][5]   |     5.642 | SLOW    |     2.551 | FAST    |
B_i[2][1][2]   | C_o[0][1][2]   |     5.102 | SLOW    |     2.678 | FAST    |
B_i[2][1][2]   | C_o[0][1][3]   |     5.310 | SLOW    |     2.641 | FAST    |
B_i[2][1][2]   | C_o[0][1][4]   |     5.490 | SLOW    |     2.639 | FAST    |
B_i[2][1][2]   | C_o[0][1][5]   |     5.650 | SLOW    |     2.588 | FAST    |
B_i[2][1][2]   | C_o[1][1][2]   |     5.102 | SLOW    |     2.678 | FAST    |
B_i[2][1][2]   | C_o[1][1][3]   |     5.310 | SLOW    |     2.641 | FAST    |
B_i[2][1][2]   | C_o[1][1][4]   |     5.490 | SLOW    |     2.639 | FAST    |
B_i[2][1][2]   | C_o[1][1][5]   |     5.650 | SLOW    |     2.588 | FAST    |
B_i[2][1][2]   | C_o[2][1][2]   |     5.102 | SLOW    |     2.678 | FAST    |
B_i[2][1][2]   | C_o[2][1][3]   |     5.310 | SLOW    |     2.641 | FAST    |
B_i[2][1][2]   | C_o[2][1][4]   |     5.490 | SLOW    |     2.639 | FAST    |
B_i[2][1][2]   | C_o[2][1][5]   |     5.650 | SLOW    |     2.588 | FAST    |
B_i[2][1][2]   | C_o[3][1][2]   |     5.102 | SLOW    |     2.678 | FAST    |
B_i[2][1][2]   | C_o[3][1][3]   |     5.310 | SLOW    |     2.641 | FAST    |
B_i[2][1][2]   | C_o[3][1][4]   |     5.490 | SLOW    |     2.639 | FAST    |
B_i[2][1][2]   | C_o[3][1][5]   |     5.650 | SLOW    |     2.588 | FAST    |
B_i[2][1][3]   | C_o[0][1][3]   |     5.068 | SLOW    |     2.645 | FAST    |
B_i[2][1][3]   | C_o[0][1][4]   |     5.371 | SLOW    |     2.618 | FAST    |
B_i[2][1][3]   | C_o[0][1][5]   |     5.586 | SLOW    |     2.567 | FAST    |
B_i[2][1][3]   | C_o[1][1][3]   |     5.068 | SLOW    |     2.645 | FAST    |
B_i[2][1][3]   | C_o[1][1][4]   |     5.371 | SLOW    |     2.618 | FAST    |
B_i[2][1][3]   | C_o[1][1][5]   |     5.586 | SLOW    |     2.567 | FAST    |
B_i[2][1][3]   | C_o[2][1][3]   |     5.068 | SLOW    |     2.645 | FAST    |
B_i[2][1][3]   | C_o[2][1][4]   |     5.371 | SLOW    |     2.618 | FAST    |
B_i[2][1][3]   | C_o[2][1][5]   |     5.586 | SLOW    |     2.567 | FAST    |
B_i[2][1][3]   | C_o[3][1][3]   |     5.068 | SLOW    |     2.645 | FAST    |
B_i[2][1][3]   | C_o[3][1][4]   |     5.371 | SLOW    |     2.618 | FAST    |
B_i[2][1][3]   | C_o[3][1][5]   |     5.586 | SLOW    |     2.567 | FAST    |
B_i[2][1][4]   | C_o[0][1][4]   |     5.133 | SLOW    |     2.680 | FAST    |
B_i[2][1][4]   | C_o[0][1][5]   |     5.394 | SLOW    |     2.629 | FAST    |
B_i[2][1][4]   | C_o[1][1][4]   |     5.133 | SLOW    |     2.680 | FAST    |
B_i[2][1][4]   | C_o[1][1][5]   |     5.394 | SLOW    |     2.629 | FAST    |
B_i[2][1][4]   | C_o[2][1][4]   |     5.133 | SLOW    |     2.680 | FAST    |
B_i[2][1][4]   | C_o[2][1][5]   |     5.394 | SLOW    |     2.629 | FAST    |
B_i[2][1][4]   | C_o[3][1][4]   |     5.133 | SLOW    |     2.680 | FAST    |
B_i[2][1][4]   | C_o[3][1][5]   |     5.394 | SLOW    |     2.629 | FAST    |
B_i[2][1][5]   | C_o[0][1][5]   |     5.287 | SLOW    |     2.775 | FAST    |
B_i[2][1][5]   | C_o[1][1][5]   |     5.287 | SLOW    |     2.775 | FAST    |
B_i[2][1][5]   | C_o[2][1][5]   |     5.287 | SLOW    |     2.775 | FAST    |
B_i[2][1][5]   | C_o[3][1][5]   |     5.287 | SLOW    |     2.775 | FAST    |
B_i[2][2][0]   | C_o[0][2][0]   |     4.548 | SLOW    |     2.361 | FAST    |
B_i[2][2][0]   | C_o[0][2][1]   |     4.874 | SLOW    |     2.381 | FAST    |
B_i[2][2][0]   | C_o[0][2][2]   |     4.984 | SLOW    |     2.470 | FAST    |
B_i[2][2][0]   | C_o[0][2][3]   |     5.192 | SLOW    |     2.490 | FAST    |
B_i[2][2][0]   | C_o[0][2][4]   |     5.372 | SLOW    |     2.473 | FAST    |
B_i[2][2][0]   | C_o[0][2][5]   |     5.434 | SLOW    |     2.508 | FAST    |
B_i[2][2][0]   | C_o[1][2][0]   |     4.548 | SLOW    |     2.361 | FAST    |
B_i[2][2][0]   | C_o[1][2][1]   |     4.874 | SLOW    |     2.381 | FAST    |
B_i[2][2][0]   | C_o[1][2][2]   |     4.984 | SLOW    |     2.470 | FAST    |
B_i[2][2][0]   | C_o[1][2][3]   |     5.192 | SLOW    |     2.490 | FAST    |
B_i[2][2][0]   | C_o[1][2][4]   |     5.372 | SLOW    |     2.473 | FAST    |
B_i[2][2][0]   | C_o[1][2][5]   |     5.434 | SLOW    |     2.508 | FAST    |
B_i[2][2][0]   | C_o[2][2][0]   |     4.548 | SLOW    |     2.361 | FAST    |
B_i[2][2][0]   | C_o[2][2][1]   |     4.874 | SLOW    |     2.381 | FAST    |
B_i[2][2][0]   | C_o[2][2][2]   |     4.984 | SLOW    |     2.470 | FAST    |
B_i[2][2][0]   | C_o[2][2][3]   |     5.192 | SLOW    |     2.490 | FAST    |
B_i[2][2][0]   | C_o[2][2][4]   |     5.372 | SLOW    |     2.473 | FAST    |
B_i[2][2][0]   | C_o[2][2][5]   |     5.434 | SLOW    |     2.508 | FAST    |
B_i[2][2][0]   | C_o[3][2][0]   |     4.548 | SLOW    |     2.361 | FAST    |
B_i[2][2][0]   | C_o[3][2][1]   |     4.874 | SLOW    |     2.381 | FAST    |
B_i[2][2][0]   | C_o[3][2][2]   |     4.984 | SLOW    |     2.470 | FAST    |
B_i[2][2][0]   | C_o[3][2][3]   |     5.192 | SLOW    |     2.490 | FAST    |
B_i[2][2][0]   | C_o[3][2][4]   |     5.372 | SLOW    |     2.473 | FAST    |
B_i[2][2][0]   | C_o[3][2][5]   |     5.434 | SLOW    |     2.508 | FAST    |
B_i[2][2][1]   | C_o[0][2][1]   |     4.788 | SLOW    |     2.495 | FAST    |
B_i[2][2][1]   | C_o[0][2][2]   |     5.094 | SLOW    |     2.487 | FAST    |
B_i[2][2][1]   | C_o[0][2][3]   |     5.302 | SLOW    |     2.551 | FAST    |
B_i[2][2][1]   | C_o[0][2][4]   |     5.482 | SLOW    |     2.533 | FAST    |
B_i[2][2][1]   | C_o[0][2][5]   |     5.642 | SLOW    |     2.551 | FAST    |
B_i[2][2][1]   | C_o[1][2][1]   |     4.788 | SLOW    |     2.495 | FAST    |
B_i[2][2][1]   | C_o[1][2][2]   |     5.094 | SLOW    |     2.487 | FAST    |
B_i[2][2][1]   | C_o[1][2][3]   |     5.302 | SLOW    |     2.551 | FAST    |
B_i[2][2][1]   | C_o[1][2][4]   |     5.482 | SLOW    |     2.533 | FAST    |
B_i[2][2][1]   | C_o[1][2][5]   |     5.642 | SLOW    |     2.551 | FAST    |
B_i[2][2][1]   | C_o[2][2][1]   |     4.788 | SLOW    |     2.495 | FAST    |
B_i[2][2][1]   | C_o[2][2][2]   |     5.094 | SLOW    |     2.487 | FAST    |
B_i[2][2][1]   | C_o[2][2][3]   |     5.302 | SLOW    |     2.551 | FAST    |
B_i[2][2][1]   | C_o[2][2][4]   |     5.482 | SLOW    |     2.533 | FAST    |
B_i[2][2][1]   | C_o[2][2][5]   |     5.642 | SLOW    |     2.551 | FAST    |
B_i[2][2][1]   | C_o[3][2][1]   |     4.788 | SLOW    |     2.495 | FAST    |
B_i[2][2][1]   | C_o[3][2][2]   |     5.094 | SLOW    |     2.487 | FAST    |
B_i[2][2][1]   | C_o[3][2][3]   |     5.302 | SLOW    |     2.551 | FAST    |
B_i[2][2][1]   | C_o[3][2][4]   |     5.482 | SLOW    |     2.533 | FAST    |
B_i[2][2][1]   | C_o[3][2][5]   |     5.642 | SLOW    |     2.551 | FAST    |
B_i[2][2][2]   | C_o[0][2][2]   |     5.102 | SLOW    |     2.678 | FAST    |
B_i[2][2][2]   | C_o[0][2][3]   |     5.310 | SLOW    |     2.641 | FAST    |
B_i[2][2][2]   | C_o[0][2][4]   |     5.490 | SLOW    |     2.639 | FAST    |
B_i[2][2][2]   | C_o[0][2][5]   |     5.650 | SLOW    |     2.588 | FAST    |
B_i[2][2][2]   | C_o[1][2][2]   |     5.102 | SLOW    |     2.678 | FAST    |
B_i[2][2][2]   | C_o[1][2][3]   |     5.310 | SLOW    |     2.641 | FAST    |
B_i[2][2][2]   | C_o[1][2][4]   |     5.490 | SLOW    |     2.639 | FAST    |
B_i[2][2][2]   | C_o[1][2][5]   |     5.650 | SLOW    |     2.588 | FAST    |
B_i[2][2][2]   | C_o[2][2][2]   |     5.102 | SLOW    |     2.678 | FAST    |
B_i[2][2][2]   | C_o[2][2][3]   |     5.310 | SLOW    |     2.641 | FAST    |
B_i[2][2][2]   | C_o[2][2][4]   |     5.490 | SLOW    |     2.639 | FAST    |
B_i[2][2][2]   | C_o[2][2][5]   |     5.650 | SLOW    |     2.588 | FAST    |
B_i[2][2][2]   | C_o[3][2][2]   |     5.102 | SLOW    |     2.678 | FAST    |
B_i[2][2][2]   | C_o[3][2][3]   |     5.310 | SLOW    |     2.641 | FAST    |
B_i[2][2][2]   | C_o[3][2][4]   |     5.490 | SLOW    |     2.639 | FAST    |
B_i[2][2][2]   | C_o[3][2][5]   |     5.650 | SLOW    |     2.588 | FAST    |
B_i[2][2][3]   | C_o[0][2][3]   |     5.068 | SLOW    |     2.645 | FAST    |
B_i[2][2][3]   | C_o[0][2][4]   |     5.371 | SLOW    |     2.618 | FAST    |
B_i[2][2][3]   | C_o[0][2][5]   |     5.586 | SLOW    |     2.567 | FAST    |
B_i[2][2][3]   | C_o[1][2][3]   |     5.068 | SLOW    |     2.645 | FAST    |
B_i[2][2][3]   | C_o[1][2][4]   |     5.371 | SLOW    |     2.618 | FAST    |
B_i[2][2][3]   | C_o[1][2][5]   |     5.586 | SLOW    |     2.567 | FAST    |
B_i[2][2][3]   | C_o[2][2][3]   |     5.068 | SLOW    |     2.645 | FAST    |
B_i[2][2][3]   | C_o[2][2][4]   |     5.371 | SLOW    |     2.618 | FAST    |
B_i[2][2][3]   | C_o[2][2][5]   |     5.586 | SLOW    |     2.567 | FAST    |
B_i[2][2][3]   | C_o[3][2][3]   |     5.068 | SLOW    |     2.645 | FAST    |
B_i[2][2][3]   | C_o[3][2][4]   |     5.371 | SLOW    |     2.618 | FAST    |
B_i[2][2][3]   | C_o[3][2][5]   |     5.586 | SLOW    |     2.567 | FAST    |
B_i[2][2][4]   | C_o[0][2][4]   |     5.133 | SLOW    |     2.680 | FAST    |
B_i[2][2][4]   | C_o[0][2][5]   |     5.394 | SLOW    |     2.629 | FAST    |
B_i[2][2][4]   | C_o[1][2][4]   |     5.133 | SLOW    |     2.680 | FAST    |
B_i[2][2][4]   | C_o[1][2][5]   |     5.394 | SLOW    |     2.629 | FAST    |
B_i[2][2][4]   | C_o[2][2][4]   |     5.133 | SLOW    |     2.680 | FAST    |
B_i[2][2][4]   | C_o[2][2][5]   |     5.394 | SLOW    |     2.629 | FAST    |
B_i[2][2][4]   | C_o[3][2][4]   |     5.133 | SLOW    |     2.680 | FAST    |
B_i[2][2][4]   | C_o[3][2][5]   |     5.394 | SLOW    |     2.629 | FAST    |
B_i[2][2][5]   | C_o[0][2][5]   |     5.287 | SLOW    |     2.775 | FAST    |
B_i[2][2][5]   | C_o[1][2][5]   |     5.287 | SLOW    |     2.775 | FAST    |
B_i[2][2][5]   | C_o[2][2][5]   |     5.287 | SLOW    |     2.775 | FAST    |
B_i[2][2][5]   | C_o[3][2][5]   |     5.287 | SLOW    |     2.775 | FAST    |
B_i[2][3][0]   | C_o[0][3][0]   |     4.548 | SLOW    |     2.361 | FAST    |
B_i[2][3][0]   | C_o[0][3][1]   |     4.874 | SLOW    |     2.381 | FAST    |
B_i[2][3][0]   | C_o[0][3][2]   |     4.984 | SLOW    |     2.470 | FAST    |
B_i[2][3][0]   | C_o[0][3][3]   |     5.192 | SLOW    |     2.490 | FAST    |
B_i[2][3][0]   | C_o[0][3][4]   |     5.372 | SLOW    |     2.473 | FAST    |
B_i[2][3][0]   | C_o[0][3][5]   |     5.465 | SLOW    |     2.508 | FAST    |
B_i[2][3][0]   | C_o[1][3][0]   |     4.548 | SLOW    |     2.361 | FAST    |
B_i[2][3][0]   | C_o[1][3][1]   |     4.874 | SLOW    |     2.381 | FAST    |
B_i[2][3][0]   | C_o[1][3][2]   |     4.984 | SLOW    |     2.470 | FAST    |
B_i[2][3][0]   | C_o[1][3][3]   |     5.192 | SLOW    |     2.490 | FAST    |
B_i[2][3][0]   | C_o[1][3][4]   |     5.372 | SLOW    |     2.473 | FAST    |
B_i[2][3][0]   | C_o[1][3][5]   |     5.465 | SLOW    |     2.508 | FAST    |
B_i[2][3][0]   | C_o[2][3][0]   |     4.548 | SLOW    |     2.361 | FAST    |
B_i[2][3][0]   | C_o[2][3][1]   |     4.874 | SLOW    |     2.381 | FAST    |
B_i[2][3][0]   | C_o[2][3][2]   |     4.984 | SLOW    |     2.470 | FAST    |
B_i[2][3][0]   | C_o[2][3][3]   |     5.192 | SLOW    |     2.490 | FAST    |
B_i[2][3][0]   | C_o[2][3][4]   |     5.372 | SLOW    |     2.473 | FAST    |
B_i[2][3][0]   | C_o[2][3][5]   |     5.465 | SLOW    |     2.508 | FAST    |
B_i[2][3][0]   | C_o[3][3][0]   |     4.548 | SLOW    |     2.361 | FAST    |
B_i[2][3][0]   | C_o[3][3][1]   |     4.874 | SLOW    |     2.381 | FAST    |
B_i[2][3][0]   | C_o[3][3][2]   |     4.984 | SLOW    |     2.470 | FAST    |
B_i[2][3][0]   | C_o[3][3][3]   |     5.192 | SLOW    |     2.490 | FAST    |
B_i[2][3][0]   | C_o[3][3][4]   |     5.372 | SLOW    |     2.473 | FAST    |
B_i[2][3][0]   | C_o[3][3][5]   |     5.465 | SLOW    |     2.508 | FAST    |
B_i[2][3][1]   | C_o[0][3][1]   |     4.788 | SLOW    |     2.495 | FAST    |
B_i[2][3][1]   | C_o[0][3][2]   |     5.094 | SLOW    |     2.487 | FAST    |
B_i[2][3][1]   | C_o[0][3][3]   |     5.302 | SLOW    |     2.551 | FAST    |
B_i[2][3][1]   | C_o[0][3][4]   |     5.482 | SLOW    |     2.533 | FAST    |
B_i[2][3][1]   | C_o[0][3][5]   |     5.642 | SLOW    |     2.551 | FAST    |
B_i[2][3][1]   | C_o[1][3][1]   |     4.788 | SLOW    |     2.495 | FAST    |
B_i[2][3][1]   | C_o[1][3][2]   |     5.094 | SLOW    |     2.487 | FAST    |
B_i[2][3][1]   | C_o[1][3][3]   |     5.302 | SLOW    |     2.551 | FAST    |
B_i[2][3][1]   | C_o[1][3][4]   |     5.482 | SLOW    |     2.533 | FAST    |
B_i[2][3][1]   | C_o[1][3][5]   |     5.642 | SLOW    |     2.551 | FAST    |
B_i[2][3][1]   | C_o[2][3][1]   |     4.788 | SLOW    |     2.495 | FAST    |
B_i[2][3][1]   | C_o[2][3][2]   |     5.094 | SLOW    |     2.487 | FAST    |
B_i[2][3][1]   | C_o[2][3][3]   |     5.302 | SLOW    |     2.551 | FAST    |
B_i[2][3][1]   | C_o[2][3][4]   |     5.482 | SLOW    |     2.533 | FAST    |
B_i[2][3][1]   | C_o[2][3][5]   |     5.642 | SLOW    |     2.551 | FAST    |
B_i[2][3][1]   | C_o[3][3][1]   |     4.788 | SLOW    |     2.495 | FAST    |
B_i[2][3][1]   | C_o[3][3][2]   |     5.094 | SLOW    |     2.487 | FAST    |
B_i[2][3][1]   | C_o[3][3][3]   |     5.302 | SLOW    |     2.551 | FAST    |
B_i[2][3][1]   | C_o[3][3][4]   |     5.482 | SLOW    |     2.533 | FAST    |
B_i[2][3][1]   | C_o[3][3][5]   |     5.642 | SLOW    |     2.551 | FAST    |
B_i[2][3][2]   | C_o[0][3][2]   |     5.102 | SLOW    |     2.678 | FAST    |
B_i[2][3][2]   | C_o[0][3][3]   |     5.310 | SLOW    |     2.641 | FAST    |
B_i[2][3][2]   | C_o[0][3][4]   |     5.490 | SLOW    |     2.639 | FAST    |
B_i[2][3][2]   | C_o[0][3][5]   |     5.650 | SLOW    |     2.588 | FAST    |
B_i[2][3][2]   | C_o[1][3][2]   |     5.102 | SLOW    |     2.678 | FAST    |
B_i[2][3][2]   | C_o[1][3][3]   |     5.310 | SLOW    |     2.641 | FAST    |
B_i[2][3][2]   | C_o[1][3][4]   |     5.490 | SLOW    |     2.639 | FAST    |
B_i[2][3][2]   | C_o[1][3][5]   |     5.650 | SLOW    |     2.588 | FAST    |
B_i[2][3][2]   | C_o[2][3][2]   |     5.102 | SLOW    |     2.678 | FAST    |
B_i[2][3][2]   | C_o[2][3][3]   |     5.310 | SLOW    |     2.641 | FAST    |
B_i[2][3][2]   | C_o[2][3][4]   |     5.490 | SLOW    |     2.639 | FAST    |
B_i[2][3][2]   | C_o[2][3][5]   |     5.650 | SLOW    |     2.588 | FAST    |
B_i[2][3][2]   | C_o[3][3][2]   |     5.102 | SLOW    |     2.678 | FAST    |
B_i[2][3][2]   | C_o[3][3][3]   |     5.310 | SLOW    |     2.641 | FAST    |
B_i[2][3][2]   | C_o[3][3][4]   |     5.490 | SLOW    |     2.639 | FAST    |
B_i[2][3][2]   | C_o[3][3][5]   |     5.650 | SLOW    |     2.588 | FAST    |
B_i[2][3][3]   | C_o[0][3][3]   |     5.068 | SLOW    |     2.645 | FAST    |
B_i[2][3][3]   | C_o[0][3][4]   |     5.371 | SLOW    |     2.618 | FAST    |
B_i[2][3][3]   | C_o[0][3][5]   |     5.586 | SLOW    |     2.567 | FAST    |
B_i[2][3][3]   | C_o[1][3][3]   |     5.068 | SLOW    |     2.645 | FAST    |
B_i[2][3][3]   | C_o[1][3][4]   |     5.371 | SLOW    |     2.618 | FAST    |
B_i[2][3][3]   | C_o[1][3][5]   |     5.586 | SLOW    |     2.567 | FAST    |
B_i[2][3][3]   | C_o[2][3][3]   |     5.068 | SLOW    |     2.645 | FAST    |
B_i[2][3][3]   | C_o[2][3][4]   |     5.371 | SLOW    |     2.618 | FAST    |
B_i[2][3][3]   | C_o[2][3][5]   |     5.586 | SLOW    |     2.567 | FAST    |
B_i[2][3][3]   | C_o[3][3][3]   |     5.068 | SLOW    |     2.645 | FAST    |
B_i[2][3][3]   | C_o[3][3][4]   |     5.371 | SLOW    |     2.618 | FAST    |
B_i[2][3][3]   | C_o[3][3][5]   |     5.586 | SLOW    |     2.567 | FAST    |
B_i[2][3][4]   | C_o[0][3][4]   |     5.133 | SLOW    |     2.680 | FAST    |
B_i[2][3][4]   | C_o[0][3][5]   |     5.394 | SLOW    |     2.629 | FAST    |
B_i[2][3][4]   | C_o[1][3][4]   |     5.133 | SLOW    |     2.680 | FAST    |
B_i[2][3][4]   | C_o[1][3][5]   |     5.394 | SLOW    |     2.629 | FAST    |
B_i[2][3][4]   | C_o[2][3][4]   |     5.133 | SLOW    |     2.680 | FAST    |
B_i[2][3][4]   | C_o[2][3][5]   |     5.394 | SLOW    |     2.629 | FAST    |
B_i[2][3][4]   | C_o[3][3][4]   |     5.133 | SLOW    |     2.680 | FAST    |
B_i[2][3][4]   | C_o[3][3][5]   |     5.394 | SLOW    |     2.629 | FAST    |
B_i[2][3][5]   | C_o[0][3][5]   |     5.287 | SLOW    |     2.775 | FAST    |
B_i[2][3][5]   | C_o[1][3][5]   |     5.287 | SLOW    |     2.775 | FAST    |
B_i[2][3][5]   | C_o[2][3][5]   |     5.287 | SLOW    |     2.775 | FAST    |
B_i[2][3][5]   | C_o[3][3][5]   |     5.287 | SLOW    |     2.775 | FAST    |
B_i[3][0][0]   | C_o[0][0][0]   |     4.563 | SLOW    |     2.365 | FAST    |
B_i[3][0][0]   | C_o[0][0][1]   |     4.874 | SLOW    |     2.381 | FAST    |
B_i[3][0][0]   | C_o[0][0][2]   |     4.999 | SLOW    |     2.470 | FAST    |
B_i[3][0][0]   | C_o[0][0][3]   |     5.207 | SLOW    |     2.486 | FAST    |
B_i[3][0][0]   | C_o[0][0][4]   |     5.378 | SLOW    |     2.477 | FAST    |
B_i[3][0][0]   | C_o[0][0][5]   |     5.429 | SLOW    |     2.508 | FAST    |
B_i[3][0][0]   | C_o[1][0][0]   |     4.563 | SLOW    |     2.365 | FAST    |
B_i[3][0][0]   | C_o[1][0][1]   |     4.874 | SLOW    |     2.381 | FAST    |
B_i[3][0][0]   | C_o[1][0][2]   |     4.999 | SLOW    |     2.470 | FAST    |
B_i[3][0][0]   | C_o[1][0][3]   |     5.207 | SLOW    |     2.486 | FAST    |
B_i[3][0][0]   | C_o[1][0][4]   |     5.378 | SLOW    |     2.477 | FAST    |
B_i[3][0][0]   | C_o[1][0][5]   |     5.429 | SLOW    |     2.508 | FAST    |
B_i[3][0][0]   | C_o[2][0][0]   |     4.563 | SLOW    |     2.365 | FAST    |
B_i[3][0][0]   | C_o[2][0][1]   |     4.874 | SLOW    |     2.381 | FAST    |
B_i[3][0][0]   | C_o[2][0][2]   |     4.999 | SLOW    |     2.470 | FAST    |
B_i[3][0][0]   | C_o[2][0][3]   |     5.207 | SLOW    |     2.486 | FAST    |
B_i[3][0][0]   | C_o[2][0][4]   |     5.378 | SLOW    |     2.477 | FAST    |
B_i[3][0][0]   | C_o[2][0][5]   |     5.429 | SLOW    |     2.508 | FAST    |
B_i[3][0][0]   | C_o[3][0][0]   |     4.563 | SLOW    |     2.365 | FAST    |
B_i[3][0][0]   | C_o[3][0][1]   |     4.874 | SLOW    |     2.381 | FAST    |
B_i[3][0][0]   | C_o[3][0][2]   |     4.999 | SLOW    |     2.470 | FAST    |
B_i[3][0][0]   | C_o[3][0][3]   |     5.207 | SLOW    |     2.486 | FAST    |
B_i[3][0][0]   | C_o[3][0][4]   |     5.378 | SLOW    |     2.477 | FAST    |
B_i[3][0][0]   | C_o[3][0][5]   |     5.429 | SLOW    |     2.508 | FAST    |
B_i[3][0][1]   | C_o[0][0][1]   |     4.788 | SLOW    |     2.495 | FAST    |
B_i[3][0][1]   | C_o[0][0][2]   |     5.109 | SLOW    |     2.487 | FAST    |
B_i[3][0][1]   | C_o[0][0][3]   |     5.317 | SLOW    |     2.553 | FAST    |
B_i[3][0][1]   | C_o[0][0][4]   |     5.488 | SLOW    |     2.537 | FAST    |
B_i[3][0][1]   | C_o[0][0][5]   |     5.657 | SLOW    |     2.547 | FAST    |
B_i[3][0][1]   | C_o[1][0][1]   |     4.788 | SLOW    |     2.495 | FAST    |
B_i[3][0][1]   | C_o[1][0][2]   |     5.109 | SLOW    |     2.487 | FAST    |
B_i[3][0][1]   | C_o[1][0][3]   |     5.317 | SLOW    |     2.553 | FAST    |
B_i[3][0][1]   | C_o[1][0][4]   |     5.488 | SLOW    |     2.537 | FAST    |
B_i[3][0][1]   | C_o[1][0][5]   |     5.657 | SLOW    |     2.547 | FAST    |
B_i[3][0][1]   | C_o[2][0][1]   |     4.788 | SLOW    |     2.495 | FAST    |
B_i[3][0][1]   | C_o[2][0][2]   |     5.109 | SLOW    |     2.487 | FAST    |
B_i[3][0][1]   | C_o[2][0][3]   |     5.317 | SLOW    |     2.553 | FAST    |
B_i[3][0][1]   | C_o[2][0][4]   |     5.488 | SLOW    |     2.537 | FAST    |
B_i[3][0][1]   | C_o[2][0][5]   |     5.657 | SLOW    |     2.547 | FAST    |
B_i[3][0][1]   | C_o[3][0][1]   |     4.788 | SLOW    |     2.495 | FAST    |
B_i[3][0][1]   | C_o[3][0][2]   |     5.109 | SLOW    |     2.487 | FAST    |
B_i[3][0][1]   | C_o[3][0][3]   |     5.317 | SLOW    |     2.553 | FAST    |
B_i[3][0][1]   | C_o[3][0][4]   |     5.488 | SLOW    |     2.537 | FAST    |
B_i[3][0][1]   | C_o[3][0][5]   |     5.657 | SLOW    |     2.547 | FAST    |
B_i[3][0][2]   | C_o[0][0][2]   |     5.117 | SLOW    |     2.682 | FAST    |
B_i[3][0][2]   | C_o[0][0][3]   |     5.325 | SLOW    |     2.637 | FAST    |
B_i[3][0][2]   | C_o[0][0][4]   |     5.496 | SLOW    |     2.635 | FAST    |
B_i[3][0][2]   | C_o[0][0][5]   |     5.665 | SLOW    |     2.584 | FAST    |
B_i[3][0][2]   | C_o[1][0][2]   |     5.117 | SLOW    |     2.682 | FAST    |
B_i[3][0][2]   | C_o[1][0][3]   |     5.325 | SLOW    |     2.637 | FAST    |
B_i[3][0][2]   | C_o[1][0][4]   |     5.496 | SLOW    |     2.635 | FAST    |
B_i[3][0][2]   | C_o[1][0][5]   |     5.665 | SLOW    |     2.584 | FAST    |
B_i[3][0][2]   | C_o[2][0][2]   |     5.117 | SLOW    |     2.682 | FAST    |
B_i[3][0][2]   | C_o[2][0][3]   |     5.325 | SLOW    |     2.637 | FAST    |
B_i[3][0][2]   | C_o[2][0][4]   |     5.496 | SLOW    |     2.635 | FAST    |
B_i[3][0][2]   | C_o[2][0][5]   |     5.665 | SLOW    |     2.584 | FAST    |
B_i[3][0][2]   | C_o[3][0][2]   |     5.117 | SLOW    |     2.682 | FAST    |
B_i[3][0][2]   | C_o[3][0][3]   |     5.325 | SLOW    |     2.637 | FAST    |
B_i[3][0][2]   | C_o[3][0][4]   |     5.496 | SLOW    |     2.635 | FAST    |
B_i[3][0][2]   | C_o[3][0][5]   |     5.665 | SLOW    |     2.584 | FAST    |
B_i[3][0][3]   | C_o[0][0][3]   |     5.053 | SLOW    |     2.641 | FAST    |
B_i[3][0][3]   | C_o[0][0][4]   |     5.377 | SLOW    |     2.614 | FAST    |
B_i[3][0][3]   | C_o[0][0][5]   |     5.601 | SLOW    |     2.563 | FAST    |
B_i[3][0][3]   | C_o[1][0][3]   |     5.053 | SLOW    |     2.641 | FAST    |
B_i[3][0][3]   | C_o[1][0][4]   |     5.377 | SLOW    |     2.614 | FAST    |
B_i[3][0][3]   | C_o[1][0][5]   |     5.601 | SLOW    |     2.563 | FAST    |
B_i[3][0][3]   | C_o[2][0][3]   |     5.053 | SLOW    |     2.641 | FAST    |
B_i[3][0][3]   | C_o[2][0][4]   |     5.377 | SLOW    |     2.614 | FAST    |
B_i[3][0][3]   | C_o[2][0][5]   |     5.601 | SLOW    |     2.563 | FAST    |
B_i[3][0][3]   | C_o[3][0][3]   |     5.053 | SLOW    |     2.641 | FAST    |
B_i[3][0][3]   | C_o[3][0][4]   |     5.377 | SLOW    |     2.614 | FAST    |
B_i[3][0][3]   | C_o[3][0][5]   |     5.601 | SLOW    |     2.563 | FAST    |
B_i[3][0][4]   | C_o[0][0][4]   |     5.135 | SLOW    |     2.688 | FAST    |
B_i[3][0][4]   | C_o[0][0][5]   |     5.419 | SLOW    |     2.637 | FAST    |
B_i[3][0][4]   | C_o[1][0][4]   |     5.135 | SLOW    |     2.688 | FAST    |
B_i[3][0][4]   | C_o[1][0][5]   |     5.419 | SLOW    |     2.637 | FAST    |
B_i[3][0][4]   | C_o[2][0][4]   |     5.135 | SLOW    |     2.688 | FAST    |
B_i[3][0][4]   | C_o[2][0][5]   |     5.419 | SLOW    |     2.637 | FAST    |
B_i[3][0][4]   | C_o[3][0][4]   |     5.135 | SLOW    |     2.688 | FAST    |
B_i[3][0][4]   | C_o[3][0][5]   |     5.419 | SLOW    |     2.637 | FAST    |
B_i[3][0][5]   | C_o[0][0][5]   |     5.317 | SLOW    |     2.791 | FAST    |
B_i[3][0][5]   | C_o[1][0][5]   |     5.317 | SLOW    |     2.791 | FAST    |
B_i[3][0][5]   | C_o[2][0][5]   |     5.317 | SLOW    |     2.791 | FAST    |
B_i[3][0][5]   | C_o[3][0][5]   |     5.317 | SLOW    |     2.791 | FAST    |
B_i[3][1][0]   | C_o[0][1][0]   |     4.563 | SLOW    |     2.365 | FAST    |
B_i[3][1][0]   | C_o[0][1][1]   |     4.874 | SLOW    |     2.381 | FAST    |
B_i[3][1][0]   | C_o[0][1][2]   |     4.999 | SLOW    |     2.470 | FAST    |
B_i[3][1][0]   | C_o[0][1][3]   |     5.207 | SLOW    |     2.486 | FAST    |
B_i[3][1][0]   | C_o[0][1][4]   |     5.378 | SLOW    |     2.477 | FAST    |
B_i[3][1][0]   | C_o[0][1][5]   |     5.460 | SLOW    |     2.508 | FAST    |
B_i[3][1][0]   | C_o[1][1][0]   |     4.563 | SLOW    |     2.365 | FAST    |
B_i[3][1][0]   | C_o[1][1][1]   |     4.874 | SLOW    |     2.381 | FAST    |
B_i[3][1][0]   | C_o[1][1][2]   |     4.999 | SLOW    |     2.470 | FAST    |
B_i[3][1][0]   | C_o[1][1][3]   |     5.207 | SLOW    |     2.486 | FAST    |
B_i[3][1][0]   | C_o[1][1][4]   |     5.378 | SLOW    |     2.477 | FAST    |
B_i[3][1][0]   | C_o[1][1][5]   |     5.460 | SLOW    |     2.508 | FAST    |
B_i[3][1][0]   | C_o[2][1][0]   |     4.563 | SLOW    |     2.365 | FAST    |
B_i[3][1][0]   | C_o[2][1][1]   |     4.874 | SLOW    |     2.381 | FAST    |
B_i[3][1][0]   | C_o[2][1][2]   |     4.999 | SLOW    |     2.470 | FAST    |
B_i[3][1][0]   | C_o[2][1][3]   |     5.207 | SLOW    |     2.486 | FAST    |
B_i[3][1][0]   | C_o[2][1][4]   |     5.378 | SLOW    |     2.477 | FAST    |
B_i[3][1][0]   | C_o[2][1][5]   |     5.460 | SLOW    |     2.508 | FAST    |
B_i[3][1][0]   | C_o[3][1][0]   |     4.563 | SLOW    |     2.365 | FAST    |
B_i[3][1][0]   | C_o[3][1][1]   |     4.874 | SLOW    |     2.381 | FAST    |
B_i[3][1][0]   | C_o[3][1][2]   |     4.999 | SLOW    |     2.470 | FAST    |
B_i[3][1][0]   | C_o[3][1][3]   |     5.207 | SLOW    |     2.486 | FAST    |
B_i[3][1][0]   | C_o[3][1][4]   |     5.378 | SLOW    |     2.477 | FAST    |
B_i[3][1][0]   | C_o[3][1][5]   |     5.460 | SLOW    |     2.508 | FAST    |
B_i[3][1][1]   | C_o[0][1][1]   |     4.788 | SLOW    |     2.495 | FAST    |
B_i[3][1][1]   | C_o[0][1][2]   |     5.109 | SLOW    |     2.487 | FAST    |
B_i[3][1][1]   | C_o[0][1][3]   |     5.317 | SLOW    |     2.553 | FAST    |
B_i[3][1][1]   | C_o[0][1][4]   |     5.488 | SLOW    |     2.537 | FAST    |
B_i[3][1][1]   | C_o[0][1][5]   |     5.657 | SLOW    |     2.547 | FAST    |
B_i[3][1][1]   | C_o[1][1][1]   |     4.788 | SLOW    |     2.495 | FAST    |
B_i[3][1][1]   | C_o[1][1][2]   |     5.109 | SLOW    |     2.487 | FAST    |
B_i[3][1][1]   | C_o[1][1][3]   |     5.317 | SLOW    |     2.553 | FAST    |
B_i[3][1][1]   | C_o[1][1][4]   |     5.488 | SLOW    |     2.537 | FAST    |
B_i[3][1][1]   | C_o[1][1][5]   |     5.657 | SLOW    |     2.547 | FAST    |
B_i[3][1][1]   | C_o[2][1][1]   |     4.788 | SLOW    |     2.495 | FAST    |
B_i[3][1][1]   | C_o[2][1][2]   |     5.109 | SLOW    |     2.487 | FAST    |
B_i[3][1][1]   | C_o[2][1][3]   |     5.317 | SLOW    |     2.553 | FAST    |
B_i[3][1][1]   | C_o[2][1][4]   |     5.488 | SLOW    |     2.537 | FAST    |
B_i[3][1][1]   | C_o[2][1][5]   |     5.657 | SLOW    |     2.547 | FAST    |
B_i[3][1][1]   | C_o[3][1][1]   |     4.788 | SLOW    |     2.495 | FAST    |
B_i[3][1][1]   | C_o[3][1][2]   |     5.109 | SLOW    |     2.487 | FAST    |
B_i[3][1][1]   | C_o[3][1][3]   |     5.317 | SLOW    |     2.553 | FAST    |
B_i[3][1][1]   | C_o[3][1][4]   |     5.488 | SLOW    |     2.537 | FAST    |
B_i[3][1][1]   | C_o[3][1][5]   |     5.657 | SLOW    |     2.547 | FAST    |
B_i[3][1][2]   | C_o[0][1][2]   |     5.117 | SLOW    |     2.682 | FAST    |
B_i[3][1][2]   | C_o[0][1][3]   |     5.325 | SLOW    |     2.637 | FAST    |
B_i[3][1][2]   | C_o[0][1][4]   |     5.496 | SLOW    |     2.635 | FAST    |
B_i[3][1][2]   | C_o[0][1][5]   |     5.665 | SLOW    |     2.584 | FAST    |
B_i[3][1][2]   | C_o[1][1][2]   |     5.117 | SLOW    |     2.682 | FAST    |
B_i[3][1][2]   | C_o[1][1][3]   |     5.325 | SLOW    |     2.637 | FAST    |
B_i[3][1][2]   | C_o[1][1][4]   |     5.496 | SLOW    |     2.635 | FAST    |
B_i[3][1][2]   | C_o[1][1][5]   |     5.665 | SLOW    |     2.584 | FAST    |
B_i[3][1][2]   | C_o[2][1][2]   |     5.117 | SLOW    |     2.682 | FAST    |
B_i[3][1][2]   | C_o[2][1][3]   |     5.325 | SLOW    |     2.637 | FAST    |
B_i[3][1][2]   | C_o[2][1][4]   |     5.496 | SLOW    |     2.635 | FAST    |
B_i[3][1][2]   | C_o[2][1][5]   |     5.665 | SLOW    |     2.584 | FAST    |
B_i[3][1][2]   | C_o[3][1][2]   |     5.117 | SLOW    |     2.682 | FAST    |
B_i[3][1][2]   | C_o[3][1][3]   |     5.325 | SLOW    |     2.637 | FAST    |
B_i[3][1][2]   | C_o[3][1][4]   |     5.496 | SLOW    |     2.635 | FAST    |
B_i[3][1][2]   | C_o[3][1][5]   |     5.665 | SLOW    |     2.584 | FAST    |
B_i[3][1][3]   | C_o[0][1][3]   |     5.053 | SLOW    |     2.641 | FAST    |
B_i[3][1][3]   | C_o[0][1][4]   |     5.377 | SLOW    |     2.614 | FAST    |
B_i[3][1][3]   | C_o[0][1][5]   |     5.601 | SLOW    |     2.563 | FAST    |
B_i[3][1][3]   | C_o[1][1][3]   |     5.053 | SLOW    |     2.641 | FAST    |
B_i[3][1][3]   | C_o[1][1][4]   |     5.377 | SLOW    |     2.614 | FAST    |
B_i[3][1][3]   | C_o[1][1][5]   |     5.601 | SLOW    |     2.563 | FAST    |
B_i[3][1][3]   | C_o[2][1][3]   |     5.053 | SLOW    |     2.641 | FAST    |
B_i[3][1][3]   | C_o[2][1][4]   |     5.377 | SLOW    |     2.614 | FAST    |
B_i[3][1][3]   | C_o[2][1][5]   |     5.601 | SLOW    |     2.563 | FAST    |
B_i[3][1][3]   | C_o[3][1][3]   |     5.053 | SLOW    |     2.641 | FAST    |
B_i[3][1][3]   | C_o[3][1][4]   |     5.377 | SLOW    |     2.614 | FAST    |
B_i[3][1][3]   | C_o[3][1][5]   |     5.601 | SLOW    |     2.563 | FAST    |
B_i[3][1][4]   | C_o[0][1][4]   |     5.135 | SLOW    |     2.688 | FAST    |
B_i[3][1][4]   | C_o[0][1][5]   |     5.419 | SLOW    |     2.637 | FAST    |
B_i[3][1][4]   | C_o[1][1][4]   |     5.135 | SLOW    |     2.688 | FAST    |
B_i[3][1][4]   | C_o[1][1][5]   |     5.419 | SLOW    |     2.637 | FAST    |
B_i[3][1][4]   | C_o[2][1][4]   |     5.135 | SLOW    |     2.688 | FAST    |
B_i[3][1][4]   | C_o[2][1][5]   |     5.419 | SLOW    |     2.637 | FAST    |
B_i[3][1][4]   | C_o[3][1][4]   |     5.135 | SLOW    |     2.688 | FAST    |
B_i[3][1][4]   | C_o[3][1][5]   |     5.419 | SLOW    |     2.637 | FAST    |
B_i[3][1][5]   | C_o[0][1][5]   |     5.317 | SLOW    |     2.791 | FAST    |
B_i[3][1][5]   | C_o[1][1][5]   |     5.317 | SLOW    |     2.791 | FAST    |
B_i[3][1][5]   | C_o[2][1][5]   |     5.317 | SLOW    |     2.791 | FAST    |
B_i[3][1][5]   | C_o[3][1][5]   |     5.317 | SLOW    |     2.791 | FAST    |
B_i[3][2][0]   | C_o[0][2][0]   |     4.563 | SLOW    |     2.365 | FAST    |
B_i[3][2][0]   | C_o[0][2][1]   |     4.874 | SLOW    |     2.381 | FAST    |
B_i[3][2][0]   | C_o[0][2][2]   |     4.999 | SLOW    |     2.470 | FAST    |
B_i[3][2][0]   | C_o[0][2][3]   |     5.207 | SLOW    |     2.486 | FAST    |
B_i[3][2][0]   | C_o[0][2][4]   |     5.378 | SLOW    |     2.477 | FAST    |
B_i[3][2][0]   | C_o[0][2][5]   |     5.429 | SLOW    |     2.508 | FAST    |
B_i[3][2][0]   | C_o[1][2][0]   |     4.563 | SLOW    |     2.365 | FAST    |
B_i[3][2][0]   | C_o[1][2][1]   |     4.874 | SLOW    |     2.381 | FAST    |
B_i[3][2][0]   | C_o[1][2][2]   |     4.999 | SLOW    |     2.470 | FAST    |
B_i[3][2][0]   | C_o[1][2][3]   |     5.207 | SLOW    |     2.486 | FAST    |
B_i[3][2][0]   | C_o[1][2][4]   |     5.378 | SLOW    |     2.477 | FAST    |
B_i[3][2][0]   | C_o[1][2][5]   |     5.429 | SLOW    |     2.508 | FAST    |
B_i[3][2][0]   | C_o[2][2][0]   |     4.563 | SLOW    |     2.365 | FAST    |
B_i[3][2][0]   | C_o[2][2][1]   |     4.874 | SLOW    |     2.381 | FAST    |
B_i[3][2][0]   | C_o[2][2][2]   |     4.999 | SLOW    |     2.470 | FAST    |
B_i[3][2][0]   | C_o[2][2][3]   |     5.207 | SLOW    |     2.486 | FAST    |
B_i[3][2][0]   | C_o[2][2][4]   |     5.378 | SLOW    |     2.477 | FAST    |
B_i[3][2][0]   | C_o[2][2][5]   |     5.429 | SLOW    |     2.508 | FAST    |
B_i[3][2][0]   | C_o[3][2][0]   |     4.563 | SLOW    |     2.365 | FAST    |
B_i[3][2][0]   | C_o[3][2][1]   |     4.874 | SLOW    |     2.381 | FAST    |
B_i[3][2][0]   | C_o[3][2][2]   |     4.999 | SLOW    |     2.470 | FAST    |
B_i[3][2][0]   | C_o[3][2][3]   |     5.207 | SLOW    |     2.486 | FAST    |
B_i[3][2][0]   | C_o[3][2][4]   |     5.378 | SLOW    |     2.477 | FAST    |
B_i[3][2][0]   | C_o[3][2][5]   |     5.429 | SLOW    |     2.508 | FAST    |
B_i[3][2][1]   | C_o[0][2][1]   |     4.788 | SLOW    |     2.495 | FAST    |
B_i[3][2][1]   | C_o[0][2][2]   |     5.109 | SLOW    |     2.487 | FAST    |
B_i[3][2][1]   | C_o[0][2][3]   |     5.317 | SLOW    |     2.553 | FAST    |
B_i[3][2][1]   | C_o[0][2][4]   |     5.488 | SLOW    |     2.537 | FAST    |
B_i[3][2][1]   | C_o[0][2][5]   |     5.657 | SLOW    |     2.547 | FAST    |
B_i[3][2][1]   | C_o[1][2][1]   |     4.788 | SLOW    |     2.495 | FAST    |
B_i[3][2][1]   | C_o[1][2][2]   |     5.109 | SLOW    |     2.487 | FAST    |
B_i[3][2][1]   | C_o[1][2][3]   |     5.317 | SLOW    |     2.553 | FAST    |
B_i[3][2][1]   | C_o[1][2][4]   |     5.488 | SLOW    |     2.537 | FAST    |
B_i[3][2][1]   | C_o[1][2][5]   |     5.657 | SLOW    |     2.547 | FAST    |
B_i[3][2][1]   | C_o[2][2][1]   |     4.788 | SLOW    |     2.495 | FAST    |
B_i[3][2][1]   | C_o[2][2][2]   |     5.109 | SLOW    |     2.487 | FAST    |
B_i[3][2][1]   | C_o[2][2][3]   |     5.317 | SLOW    |     2.553 | FAST    |
B_i[3][2][1]   | C_o[2][2][4]   |     5.488 | SLOW    |     2.537 | FAST    |
B_i[3][2][1]   | C_o[2][2][5]   |     5.657 | SLOW    |     2.547 | FAST    |
B_i[3][2][1]   | C_o[3][2][1]   |     4.788 | SLOW    |     2.495 | FAST    |
B_i[3][2][1]   | C_o[3][2][2]   |     5.109 | SLOW    |     2.487 | FAST    |
B_i[3][2][1]   | C_o[3][2][3]   |     5.317 | SLOW    |     2.553 | FAST    |
B_i[3][2][1]   | C_o[3][2][4]   |     5.488 | SLOW    |     2.537 | FAST    |
B_i[3][2][1]   | C_o[3][2][5]   |     5.657 | SLOW    |     2.547 | FAST    |
B_i[3][2][2]   | C_o[0][2][2]   |     5.117 | SLOW    |     2.682 | FAST    |
B_i[3][2][2]   | C_o[0][2][3]   |     5.325 | SLOW    |     2.637 | FAST    |
B_i[3][2][2]   | C_o[0][2][4]   |     5.496 | SLOW    |     2.635 | FAST    |
B_i[3][2][2]   | C_o[0][2][5]   |     5.665 | SLOW    |     2.584 | FAST    |
B_i[3][2][2]   | C_o[1][2][2]   |     5.117 | SLOW    |     2.682 | FAST    |
B_i[3][2][2]   | C_o[1][2][3]   |     5.325 | SLOW    |     2.637 | FAST    |
B_i[3][2][2]   | C_o[1][2][4]   |     5.496 | SLOW    |     2.635 | FAST    |
B_i[3][2][2]   | C_o[1][2][5]   |     5.665 | SLOW    |     2.584 | FAST    |
B_i[3][2][2]   | C_o[2][2][2]   |     5.117 | SLOW    |     2.682 | FAST    |
B_i[3][2][2]   | C_o[2][2][3]   |     5.325 | SLOW    |     2.637 | FAST    |
B_i[3][2][2]   | C_o[2][2][4]   |     5.496 | SLOW    |     2.635 | FAST    |
B_i[3][2][2]   | C_o[2][2][5]   |     5.665 | SLOW    |     2.584 | FAST    |
B_i[3][2][2]   | C_o[3][2][2]   |     5.117 | SLOW    |     2.682 | FAST    |
B_i[3][2][2]   | C_o[3][2][3]   |     5.325 | SLOW    |     2.637 | FAST    |
B_i[3][2][2]   | C_o[3][2][4]   |     5.496 | SLOW    |     2.635 | FAST    |
B_i[3][2][2]   | C_o[3][2][5]   |     5.665 | SLOW    |     2.584 | FAST    |
B_i[3][2][3]   | C_o[0][2][3]   |     5.053 | SLOW    |     2.641 | FAST    |
B_i[3][2][3]   | C_o[0][2][4]   |     5.377 | SLOW    |     2.614 | FAST    |
B_i[3][2][3]   | C_o[0][2][5]   |     5.601 | SLOW    |     2.563 | FAST    |
B_i[3][2][3]   | C_o[1][2][3]   |     5.053 | SLOW    |     2.641 | FAST    |
B_i[3][2][3]   | C_o[1][2][4]   |     5.377 | SLOW    |     2.614 | FAST    |
B_i[3][2][3]   | C_o[1][2][5]   |     5.601 | SLOW    |     2.563 | FAST    |
B_i[3][2][3]   | C_o[2][2][3]   |     5.053 | SLOW    |     2.641 | FAST    |
B_i[3][2][3]   | C_o[2][2][4]   |     5.377 | SLOW    |     2.614 | FAST    |
B_i[3][2][3]   | C_o[2][2][5]   |     5.601 | SLOW    |     2.563 | FAST    |
B_i[3][2][3]   | C_o[3][2][3]   |     5.053 | SLOW    |     2.641 | FAST    |
B_i[3][2][3]   | C_o[3][2][4]   |     5.377 | SLOW    |     2.614 | FAST    |
B_i[3][2][3]   | C_o[3][2][5]   |     5.601 | SLOW    |     2.563 | FAST    |
B_i[3][2][4]   | C_o[0][2][4]   |     5.135 | SLOW    |     2.688 | FAST    |
B_i[3][2][4]   | C_o[0][2][5]   |     5.419 | SLOW    |     2.637 | FAST    |
B_i[3][2][4]   | C_o[1][2][4]   |     5.135 | SLOW    |     2.688 | FAST    |
B_i[3][2][4]   | C_o[1][2][5]   |     5.419 | SLOW    |     2.637 | FAST    |
B_i[3][2][4]   | C_o[2][2][4]   |     5.135 | SLOW    |     2.688 | FAST    |
B_i[3][2][4]   | C_o[2][2][5]   |     5.419 | SLOW    |     2.637 | FAST    |
B_i[3][2][4]   | C_o[3][2][4]   |     5.135 | SLOW    |     2.688 | FAST    |
B_i[3][2][4]   | C_o[3][2][5]   |     5.419 | SLOW    |     2.637 | FAST    |
B_i[3][2][5]   | C_o[0][2][5]   |     5.317 | SLOW    |     2.791 | FAST    |
B_i[3][2][5]   | C_o[1][2][5]   |     5.317 | SLOW    |     2.791 | FAST    |
B_i[3][2][5]   | C_o[2][2][5]   |     5.317 | SLOW    |     2.791 | FAST    |
B_i[3][2][5]   | C_o[3][2][5]   |     5.317 | SLOW    |     2.791 | FAST    |
B_i[3][3][0]   | C_o[0][3][0]   |     4.563 | SLOW    |     2.365 | FAST    |
B_i[3][3][0]   | C_o[0][3][1]   |     4.874 | SLOW    |     2.381 | FAST    |
B_i[3][3][0]   | C_o[0][3][2]   |     4.999 | SLOW    |     2.470 | FAST    |
B_i[3][3][0]   | C_o[0][3][3]   |     5.207 | SLOW    |     2.486 | FAST    |
B_i[3][3][0]   | C_o[0][3][4]   |     5.378 | SLOW    |     2.477 | FAST    |
B_i[3][3][0]   | C_o[0][3][5]   |     5.460 | SLOW    |     2.508 | FAST    |
B_i[3][3][0]   | C_o[1][3][0]   |     4.563 | SLOW    |     2.365 | FAST    |
B_i[3][3][0]   | C_o[1][3][1]   |     4.874 | SLOW    |     2.381 | FAST    |
B_i[3][3][0]   | C_o[1][3][2]   |     4.999 | SLOW    |     2.470 | FAST    |
B_i[3][3][0]   | C_o[1][3][3]   |     5.207 | SLOW    |     2.486 | FAST    |
B_i[3][3][0]   | C_o[1][3][4]   |     5.378 | SLOW    |     2.477 | FAST    |
B_i[3][3][0]   | C_o[1][3][5]   |     5.460 | SLOW    |     2.508 | FAST    |
B_i[3][3][0]   | C_o[2][3][0]   |     4.563 | SLOW    |     2.365 | FAST    |
B_i[3][3][0]   | C_o[2][3][1]   |     4.874 | SLOW    |     2.381 | FAST    |
B_i[3][3][0]   | C_o[2][3][2]   |     4.999 | SLOW    |     2.470 | FAST    |
B_i[3][3][0]   | C_o[2][3][3]   |     5.207 | SLOW    |     2.486 | FAST    |
B_i[3][3][0]   | C_o[2][3][4]   |     5.378 | SLOW    |     2.477 | FAST    |
B_i[3][3][0]   | C_o[2][3][5]   |     5.460 | SLOW    |     2.508 | FAST    |
B_i[3][3][0]   | C_o[3][3][0]   |     4.563 | SLOW    |     2.365 | FAST    |
B_i[3][3][0]   | C_o[3][3][1]   |     4.874 | SLOW    |     2.381 | FAST    |
B_i[3][3][0]   | C_o[3][3][2]   |     4.999 | SLOW    |     2.470 | FAST    |
B_i[3][3][0]   | C_o[3][3][3]   |     5.207 | SLOW    |     2.486 | FAST    |
B_i[3][3][0]   | C_o[3][3][4]   |     5.378 | SLOW    |     2.477 | FAST    |
B_i[3][3][0]   | C_o[3][3][5]   |     5.460 | SLOW    |     2.508 | FAST    |
B_i[3][3][1]   | C_o[0][3][1]   |     4.788 | SLOW    |     2.495 | FAST    |
B_i[3][3][1]   | C_o[0][3][2]   |     5.109 | SLOW    |     2.487 | FAST    |
B_i[3][3][1]   | C_o[0][3][3]   |     5.317 | SLOW    |     2.553 | FAST    |
B_i[3][3][1]   | C_o[0][3][4]   |     5.488 | SLOW    |     2.537 | FAST    |
B_i[3][3][1]   | C_o[0][3][5]   |     5.657 | SLOW    |     2.547 | FAST    |
B_i[3][3][1]   | C_o[1][3][1]   |     4.788 | SLOW    |     2.495 | FAST    |
B_i[3][3][1]   | C_o[1][3][2]   |     5.109 | SLOW    |     2.487 | FAST    |
B_i[3][3][1]   | C_o[1][3][3]   |     5.317 | SLOW    |     2.553 | FAST    |
B_i[3][3][1]   | C_o[1][3][4]   |     5.488 | SLOW    |     2.537 | FAST    |
B_i[3][3][1]   | C_o[1][3][5]   |     5.657 | SLOW    |     2.547 | FAST    |
B_i[3][3][1]   | C_o[2][3][1]   |     4.788 | SLOW    |     2.495 | FAST    |
B_i[3][3][1]   | C_o[2][3][2]   |     5.109 | SLOW    |     2.487 | FAST    |
B_i[3][3][1]   | C_o[2][3][3]   |     5.317 | SLOW    |     2.553 | FAST    |
B_i[3][3][1]   | C_o[2][3][4]   |     5.488 | SLOW    |     2.537 | FAST    |
B_i[3][3][1]   | C_o[2][3][5]   |     5.657 | SLOW    |     2.547 | FAST    |
B_i[3][3][1]   | C_o[3][3][1]   |     4.788 | SLOW    |     2.495 | FAST    |
B_i[3][3][1]   | C_o[3][3][2]   |     5.109 | SLOW    |     2.487 | FAST    |
B_i[3][3][1]   | C_o[3][3][3]   |     5.317 | SLOW    |     2.553 | FAST    |
B_i[3][3][1]   | C_o[3][3][4]   |     5.488 | SLOW    |     2.537 | FAST    |
B_i[3][3][1]   | C_o[3][3][5]   |     5.657 | SLOW    |     2.547 | FAST    |
B_i[3][3][2]   | C_o[0][3][2]   |     5.117 | SLOW    |     2.682 | FAST    |
B_i[3][3][2]   | C_o[0][3][3]   |     5.325 | SLOW    |     2.637 | FAST    |
B_i[3][3][2]   | C_o[0][3][4]   |     5.496 | SLOW    |     2.635 | FAST    |
B_i[3][3][2]   | C_o[0][3][5]   |     5.665 | SLOW    |     2.584 | FAST    |
B_i[3][3][2]   | C_o[1][3][2]   |     5.117 | SLOW    |     2.682 | FAST    |
B_i[3][3][2]   | C_o[1][3][3]   |     5.325 | SLOW    |     2.637 | FAST    |
B_i[3][3][2]   | C_o[1][3][4]   |     5.496 | SLOW    |     2.635 | FAST    |
B_i[3][3][2]   | C_o[1][3][5]   |     5.665 | SLOW    |     2.584 | FAST    |
B_i[3][3][2]   | C_o[2][3][2]   |     5.117 | SLOW    |     2.682 | FAST    |
B_i[3][3][2]   | C_o[2][3][3]   |     5.325 | SLOW    |     2.637 | FAST    |
B_i[3][3][2]   | C_o[2][3][4]   |     5.496 | SLOW    |     2.635 | FAST    |
B_i[3][3][2]   | C_o[2][3][5]   |     5.665 | SLOW    |     2.584 | FAST    |
B_i[3][3][2]   | C_o[3][3][2]   |     5.117 | SLOW    |     2.682 | FAST    |
B_i[3][3][2]   | C_o[3][3][3]   |     5.325 | SLOW    |     2.637 | FAST    |
B_i[3][3][2]   | C_o[3][3][4]   |     5.496 | SLOW    |     2.635 | FAST    |
B_i[3][3][2]   | C_o[3][3][5]   |     5.665 | SLOW    |     2.584 | FAST    |
B_i[3][3][3]   | C_o[0][3][3]   |     5.053 | SLOW    |     2.641 | FAST    |
B_i[3][3][3]   | C_o[0][3][4]   |     5.377 | SLOW    |     2.614 | FAST    |
B_i[3][3][3]   | C_o[0][3][5]   |     5.601 | SLOW    |     2.563 | FAST    |
B_i[3][3][3]   | C_o[1][3][3]   |     5.053 | SLOW    |     2.641 | FAST    |
B_i[3][3][3]   | C_o[1][3][4]   |     5.377 | SLOW    |     2.614 | FAST    |
B_i[3][3][3]   | C_o[1][3][5]   |     5.601 | SLOW    |     2.563 | FAST    |
B_i[3][3][3]   | C_o[2][3][3]   |     5.053 | SLOW    |     2.641 | FAST    |
B_i[3][3][3]   | C_o[2][3][4]   |     5.377 | SLOW    |     2.614 | FAST    |
B_i[3][3][3]   | C_o[2][3][5]   |     5.601 | SLOW    |     2.563 | FAST    |
B_i[3][3][3]   | C_o[3][3][3]   |     5.053 | SLOW    |     2.641 | FAST    |
B_i[3][3][3]   | C_o[3][3][4]   |     5.377 | SLOW    |     2.614 | FAST    |
B_i[3][3][3]   | C_o[3][3][5]   |     5.601 | SLOW    |     2.563 | FAST    |
B_i[3][3][4]   | C_o[0][3][4]   |     5.135 | SLOW    |     2.688 | FAST    |
B_i[3][3][4]   | C_o[0][3][5]   |     5.419 | SLOW    |     2.637 | FAST    |
B_i[3][3][4]   | C_o[1][3][4]   |     5.135 | SLOW    |     2.688 | FAST    |
B_i[3][3][4]   | C_o[1][3][5]   |     5.419 | SLOW    |     2.637 | FAST    |
B_i[3][3][4]   | C_o[2][3][4]   |     5.135 | SLOW    |     2.688 | FAST    |
B_i[3][3][4]   | C_o[2][3][5]   |     5.419 | SLOW    |     2.637 | FAST    |
B_i[3][3][4]   | C_o[3][3][4]   |     5.135 | SLOW    |     2.688 | FAST    |
B_i[3][3][4]   | C_o[3][3][5]   |     5.419 | SLOW    |     2.637 | FAST    |
B_i[3][3][5]   | C_o[0][3][5]   |     5.317 | SLOW    |     2.791 | FAST    |
B_i[3][3][5]   | C_o[1][3][5]   |     5.317 | SLOW    |     2.791 | FAST    |
B_i[3][3][5]   | C_o[2][3][5]   |     5.317 | SLOW    |     2.791 | FAST    |
B_i[3][3][5]   | C_o[3][3][5]   |     5.317 | SLOW    |     2.791 | FAST    |
S_A_i[0][0][0] | S_C_o[0][0][0] |     4.261 | SLOW    |     2.209 | FAST    |
S_A_i[0][0][0] | S_C_o[0][0][1] |     4.278 | SLOW    |     2.215 | FAST    |
S_A_i[0][0][0] | S_C_o[0][0][2] |     4.288 | SLOW    |     2.218 | FAST    |
S_A_i[0][0][0] | S_C_o[0][0][3] |     4.462 | SLOW    |     2.312 | FAST    |
S_A_i[0][0][0] | S_C_o[0][0][4] |     4.462 | SLOW    |     2.312 | FAST    |
S_A_i[0][0][0] | S_C_o[0][0][5] |     4.684 | SLOW    |     2.435 | FAST    |
S_A_i[0][0][0] | S_C_o[0][0][6] |     4.913 | SLOW    |     2.568 | FAST    |
S_A_i[0][0][0] | S_C_o[0][0][7] |     4.935 | SLOW    |     2.582 | FAST    |
S_A_i[0][0][0] | S_C_o[0][1][0] |     4.261 | SLOW    |     2.209 | FAST    |
S_A_i[0][0][0] | S_C_o[0][1][1] |     4.278 | SLOW    |     2.215 | FAST    |
S_A_i[0][0][0] | S_C_o[0][1][2] |     4.288 | SLOW    |     2.218 | FAST    |
S_A_i[0][0][0] | S_C_o[0][1][3] |     4.462 | SLOW    |     2.312 | FAST    |
S_A_i[0][0][0] | S_C_o[0][1][4] |     4.462 | SLOW    |     2.312 | FAST    |
S_A_i[0][0][0] | S_C_o[0][1][5] |     4.684 | SLOW    |     2.435 | FAST    |
S_A_i[0][0][0] | S_C_o[0][1][6] |     4.913 | SLOW    |     2.568 | FAST    |
S_A_i[0][0][0] | S_C_o[0][1][7] |     4.935 | SLOW    |     2.582 | FAST    |
S_A_i[0][0][0] | S_C_o[0][2][0] |     4.261 | SLOW    |     2.209 | FAST    |
S_A_i[0][0][0] | S_C_o[0][2][1] |     4.278 | SLOW    |     2.215 | FAST    |
S_A_i[0][0][0] | S_C_o[0][2][2] |     4.288 | SLOW    |     2.218 | FAST    |
S_A_i[0][0][0] | S_C_o[0][2][3] |     4.462 | SLOW    |     2.312 | FAST    |
S_A_i[0][0][0] | S_C_o[0][2][4] |     4.462 | SLOW    |     2.312 | FAST    |
S_A_i[0][0][0] | S_C_o[0][2][5] |     4.684 | SLOW    |     2.435 | FAST    |
S_A_i[0][0][0] | S_C_o[0][2][6] |     4.913 | SLOW    |     2.568 | FAST    |
S_A_i[0][0][0] | S_C_o[0][2][7] |     4.935 | SLOW    |     2.582 | FAST    |
S_A_i[0][0][0] | S_C_o[0][3][0] |     4.261 | SLOW    |     2.209 | FAST    |
S_A_i[0][0][0] | S_C_o[0][3][1] |     4.278 | SLOW    |     2.215 | FAST    |
S_A_i[0][0][0] | S_C_o[0][3][2] |     4.288 | SLOW    |     2.218 | FAST    |
S_A_i[0][0][0] | S_C_o[0][3][3] |     4.462 | SLOW    |     2.312 | FAST    |
S_A_i[0][0][0] | S_C_o[0][3][4] |     4.462 | SLOW    |     2.312 | FAST    |
S_A_i[0][0][0] | S_C_o[0][3][5] |     4.684 | SLOW    |     2.435 | FAST    |
S_A_i[0][0][0] | S_C_o[0][3][6] |     4.913 | SLOW    |     2.568 | FAST    |
S_A_i[0][0][0] | S_C_o[0][3][7] |     4.935 | SLOW    |     2.582 | FAST    |
S_A_i[0][0][1] | S_C_o[0][0][1] |     4.286 | SLOW    |     2.226 | FAST    |
S_A_i[0][0][1] | S_C_o[0][0][2] |     4.282 | SLOW    |     2.215 | FAST    |
S_A_i[0][0][1] | S_C_o[0][0][3] |     4.461 | SLOW    |     2.317 | FAST    |
S_A_i[0][0][1] | S_C_o[0][0][4] |     4.461 | SLOW    |     2.317 | FAST    |
S_A_i[0][0][1] | S_C_o[0][0][5] |     4.683 | SLOW    |     2.440 | FAST    |
S_A_i[0][0][1] | S_C_o[0][0][6] |     4.912 | SLOW    |     2.573 | FAST    |
S_A_i[0][0][1] | S_C_o[0][0][7] |     4.934 | SLOW    |     2.587 | FAST    |
S_A_i[0][0][1] | S_C_o[0][1][1] |     4.286 | SLOW    |     2.226 | FAST    |
S_A_i[0][0][1] | S_C_o[0][1][2] |     4.282 | SLOW    |     2.215 | FAST    |
S_A_i[0][0][1] | S_C_o[0][1][3] |     4.461 | SLOW    |     2.317 | FAST    |
S_A_i[0][0][1] | S_C_o[0][1][4] |     4.461 | SLOW    |     2.317 | FAST    |
S_A_i[0][0][1] | S_C_o[0][1][5] |     4.683 | SLOW    |     2.440 | FAST    |
S_A_i[0][0][1] | S_C_o[0][1][6] |     4.912 | SLOW    |     2.573 | FAST    |
S_A_i[0][0][1] | S_C_o[0][1][7] |     4.934 | SLOW    |     2.587 | FAST    |
S_A_i[0][0][1] | S_C_o[0][2][1] |     4.286 | SLOW    |     2.226 | FAST    |
S_A_i[0][0][1] | S_C_o[0][2][2] |     4.282 | SLOW    |     2.215 | FAST    |
S_A_i[0][0][1] | S_C_o[0][2][3] |     4.461 | SLOW    |     2.317 | FAST    |
S_A_i[0][0][1] | S_C_o[0][2][4] |     4.461 | SLOW    |     2.317 | FAST    |
S_A_i[0][0][1] | S_C_o[0][2][5] |     4.683 | SLOW    |     2.440 | FAST    |
S_A_i[0][0][1] | S_C_o[0][2][6] |     4.912 | SLOW    |     2.573 | FAST    |
S_A_i[0][0][1] | S_C_o[0][2][7] |     4.934 | SLOW    |     2.587 | FAST    |
S_A_i[0][0][1] | S_C_o[0][3][1] |     4.286 | SLOW    |     2.226 | FAST    |
S_A_i[0][0][1] | S_C_o[0][3][2] |     4.282 | SLOW    |     2.215 | FAST    |
S_A_i[0][0][1] | S_C_o[0][3][3] |     4.461 | SLOW    |     2.317 | FAST    |
S_A_i[0][0][1] | S_C_o[0][3][4] |     4.461 | SLOW    |     2.317 | FAST    |
S_A_i[0][0][1] | S_C_o[0][3][5] |     4.683 | SLOW    |     2.440 | FAST    |
S_A_i[0][0][1] | S_C_o[0][3][6] |     4.912 | SLOW    |     2.573 | FAST    |
S_A_i[0][0][1] | S_C_o[0][3][7] |     4.934 | SLOW    |     2.587 | FAST    |
S_A_i[0][0][2] | S_C_o[0][0][2] |     4.246 | SLOW    |     2.201 | FAST    |
S_A_i[0][0][2] | S_C_o[0][0][3] |     4.479 | SLOW    |     2.321 | FAST    |
S_A_i[0][0][2] | S_C_o[0][0][4] |     4.479 | SLOW    |     2.321 | FAST    |
S_A_i[0][0][2] | S_C_o[0][0][5] |     4.701 | SLOW    |     2.444 | FAST    |
S_A_i[0][0][2] | S_C_o[0][0][6] |     4.930 | SLOW    |     2.577 | FAST    |
S_A_i[0][0][2] | S_C_o[0][0][7] |     4.952 | SLOW    |     2.591 | FAST    |
S_A_i[0][0][2] | S_C_o[0][1][2] |     4.246 | SLOW    |     2.201 | FAST    |
S_A_i[0][0][2] | S_C_o[0][1][3] |     4.479 | SLOW    |     2.321 | FAST    |
S_A_i[0][0][2] | S_C_o[0][1][4] |     4.479 | SLOW    |     2.321 | FAST    |
S_A_i[0][0][2] | S_C_o[0][1][5] |     4.701 | SLOW    |     2.444 | FAST    |
S_A_i[0][0][2] | S_C_o[0][1][6] |     4.930 | SLOW    |     2.577 | FAST    |
S_A_i[0][0][2] | S_C_o[0][1][7] |     4.952 | SLOW    |     2.591 | FAST    |
S_A_i[0][0][2] | S_C_o[0][2][2] |     4.246 | SLOW    |     2.201 | FAST    |
S_A_i[0][0][2] | S_C_o[0][2][3] |     4.479 | SLOW    |     2.321 | FAST    |
S_A_i[0][0][2] | S_C_o[0][2][4] |     4.479 | SLOW    |     2.321 | FAST    |
S_A_i[0][0][2] | S_C_o[0][2][5] |     4.701 | SLOW    |     2.444 | FAST    |
S_A_i[0][0][2] | S_C_o[0][2][6] |     4.930 | SLOW    |     2.577 | FAST    |
S_A_i[0][0][2] | S_C_o[0][2][7] |     4.952 | SLOW    |     2.591 | FAST    |
S_A_i[0][0][2] | S_C_o[0][3][2] |     4.246 | SLOW    |     2.201 | FAST    |
S_A_i[0][0][2] | S_C_o[0][3][3] |     4.479 | SLOW    |     2.321 | FAST    |
S_A_i[0][0][2] | S_C_o[0][3][4] |     4.479 | SLOW    |     2.321 | FAST    |
S_A_i[0][0][2] | S_C_o[0][3][5] |     4.701 | SLOW    |     2.444 | FAST    |
S_A_i[0][0][2] | S_C_o[0][3][6] |     4.930 | SLOW    |     2.577 | FAST    |
S_A_i[0][0][2] | S_C_o[0][3][7] |     4.952 | SLOW    |     2.591 | FAST    |
S_A_i[0][0][3] | S_C_o[0][0][3] |     4.255 | SLOW    |     2.206 | FAST    |
S_A_i[0][0][3] | S_C_o[0][0][4] |     4.250 | SLOW    |     2.198 | FAST    |
S_A_i[0][0][3] | S_C_o[0][0][5] |     4.486 | SLOW    |     2.335 | FAST    |
S_A_i[0][0][3] | S_C_o[0][0][6] |     4.715 | SLOW    |     2.468 | FAST    |
S_A_i[0][0][3] | S_C_o[0][0][7] |     4.737 | SLOW    |     2.482 | FAST    |
S_A_i[0][0][3] | S_C_o[0][1][3] |     4.255 | SLOW    |     2.206 | FAST    |
S_A_i[0][0][3] | S_C_o[0][1][4] |     4.250 | SLOW    |     2.198 | FAST    |
S_A_i[0][0][3] | S_C_o[0][1][5] |     4.486 | SLOW    |     2.335 | FAST    |
S_A_i[0][0][3] | S_C_o[0][1][6] |     4.715 | SLOW    |     2.468 | FAST    |
S_A_i[0][0][3] | S_C_o[0][1][7] |     4.737 | SLOW    |     2.482 | FAST    |
S_A_i[0][0][3] | S_C_o[0][2][3] |     4.255 | SLOW    |     2.206 | FAST    |
S_A_i[0][0][3] | S_C_o[0][2][4] |     4.250 | SLOW    |     2.198 | FAST    |
S_A_i[0][0][3] | S_C_o[0][2][5] |     4.486 | SLOW    |     2.335 | FAST    |
S_A_i[0][0][3] | S_C_o[0][2][6] |     4.715 | SLOW    |     2.468 | FAST    |
S_A_i[0][0][3] | S_C_o[0][2][7] |     4.737 | SLOW    |     2.482 | FAST    |
S_A_i[0][0][3] | S_C_o[0][3][3] |     4.255 | SLOW    |     2.206 | FAST    |
S_A_i[0][0][3] | S_C_o[0][3][4] |     4.250 | SLOW    |     2.198 | FAST    |
S_A_i[0][0][3] | S_C_o[0][3][5] |     4.486 | SLOW    |     2.335 | FAST    |
S_A_i[0][0][3] | S_C_o[0][3][6] |     4.715 | SLOW    |     2.468 | FAST    |
S_A_i[0][0][3] | S_C_o[0][3][7] |     4.737 | SLOW    |     2.482 | FAST    |
S_A_i[0][0][4] | S_C_o[0][0][4] |     4.246 | SLOW    |     2.201 | FAST    |
S_A_i[0][0][4] | S_C_o[0][0][5] |     4.463 | SLOW    |     2.316 | FAST    |
S_A_i[0][0][4] | S_C_o[0][0][6] |     4.692 | SLOW    |     2.449 | FAST    |
S_A_i[0][0][4] | S_C_o[0][0][7] |     4.714 | SLOW    |     2.463 | FAST    |
S_A_i[0][0][4] | S_C_o[0][1][4] |     4.246 | SLOW    |     2.201 | FAST    |
S_A_i[0][0][4] | S_C_o[0][1][5] |     4.463 | SLOW    |     2.316 | FAST    |
S_A_i[0][0][4] | S_C_o[0][1][6] |     4.692 | SLOW    |     2.449 | FAST    |
S_A_i[0][0][4] | S_C_o[0][1][7] |     4.714 | SLOW    |     2.463 | FAST    |
S_A_i[0][0][4] | S_C_o[0][2][4] |     4.246 | SLOW    |     2.201 | FAST    |
S_A_i[0][0][4] | S_C_o[0][2][5] |     4.463 | SLOW    |     2.316 | FAST    |
S_A_i[0][0][4] | S_C_o[0][2][6] |     4.692 | SLOW    |     2.449 | FAST    |
S_A_i[0][0][4] | S_C_o[0][2][7] |     4.714 | SLOW    |     2.463 | FAST    |
S_A_i[0][0][4] | S_C_o[0][3][4] |     4.246 | SLOW    |     2.201 | FAST    |
S_A_i[0][0][4] | S_C_o[0][3][5] |     4.463 | SLOW    |     2.316 | FAST    |
S_A_i[0][0][4] | S_C_o[0][3][6] |     4.692 | SLOW    |     2.449 | FAST    |
S_A_i[0][0][4] | S_C_o[0][3][7] |     4.714 | SLOW    |     2.463 | FAST    |
S_A_i[0][0][5] | S_C_o[0][0][5] |     4.246 | SLOW    |     2.201 | FAST    |
S_A_i[0][0][5] | S_C_o[0][0][6] |     4.477 | SLOW    |     2.330 | FAST    |
S_A_i[0][0][5] | S_C_o[0][0][7] |     4.499 | SLOW    |     2.344 | FAST    |
S_A_i[0][0][5] | S_C_o[0][1][5] |     4.246 | SLOW    |     2.201 | FAST    |
S_A_i[0][0][5] | S_C_o[0][1][6] |     4.477 | SLOW    |     2.330 | FAST    |
S_A_i[0][0][5] | S_C_o[0][1][7] |     4.499 | SLOW    |     2.344 | FAST    |
S_A_i[0][0][5] | S_C_o[0][2][5] |     4.246 | SLOW    |     2.201 | FAST    |
S_A_i[0][0][5] | S_C_o[0][2][6] |     4.477 | SLOW    |     2.330 | FAST    |
S_A_i[0][0][5] | S_C_o[0][2][7] |     4.499 | SLOW    |     2.344 | FAST    |
S_A_i[0][0][5] | S_C_o[0][3][5] |     4.246 | SLOW    |     2.201 | FAST    |
S_A_i[0][0][5] | S_C_o[0][3][6] |     4.477 | SLOW    |     2.330 | FAST    |
S_A_i[0][0][5] | S_C_o[0][3][7] |     4.499 | SLOW    |     2.344 | FAST    |
S_A_i[0][0][6] | S_C_o[0][0][6] |     4.246 | SLOW    |     2.201 | FAST    |
S_A_i[0][0][6] | S_C_o[0][0][7] |     4.263 | SLOW    |     2.207 | FAST    |
S_A_i[0][0][6] | S_C_o[0][1][6] |     4.246 | SLOW    |     2.201 | FAST    |
S_A_i[0][0][6] | S_C_o[0][1][7] |     4.263 | SLOW    |     2.207 | FAST    |
S_A_i[0][0][6] | S_C_o[0][2][6] |     4.246 | SLOW    |     2.201 | FAST    |
S_A_i[0][0][6] | S_C_o[0][2][7] |     4.263 | SLOW    |     2.207 | FAST    |
S_A_i[0][0][6] | S_C_o[0][3][6] |     4.246 | SLOW    |     2.201 | FAST    |
S_A_i[0][0][6] | S_C_o[0][3][7] |     4.263 | SLOW    |     2.207 | FAST    |
S_A_i[0][0][7] | S_C_o[0][0][7] |     4.261 | SLOW    |     2.213 | FAST    |
S_A_i[0][0][7] | S_C_o[0][1][7] |     4.261 | SLOW    |     2.213 | FAST    |
S_A_i[0][0][7] | S_C_o[0][2][7] |     4.261 | SLOW    |     2.213 | FAST    |
S_A_i[0][0][7] | S_C_o[0][3][7] |     4.261 | SLOW    |     2.213 | FAST    |
S_A_i[1][0][0] | S_C_o[1][0][0] |     4.261 | SLOW    |     2.209 | FAST    |
S_A_i[1][0][0] | S_C_o[1][0][1] |     4.278 | SLOW    |     2.215 | FAST    |
S_A_i[1][0][0] | S_C_o[1][0][2] |     4.288 | SLOW    |     2.218 | FAST    |
S_A_i[1][0][0] | S_C_o[1][0][3] |     4.462 | SLOW    |     2.312 | FAST    |
S_A_i[1][0][0] | S_C_o[1][0][4] |     4.462 | SLOW    |     2.312 | FAST    |
S_A_i[1][0][0] | S_C_o[1][0][5] |     4.684 | SLOW    |     2.435 | FAST    |
S_A_i[1][0][0] | S_C_o[1][0][6] |     4.913 | SLOW    |     2.568 | FAST    |
S_A_i[1][0][0] | S_C_o[1][0][7] |     4.935 | SLOW    |     2.582 | FAST    |
S_A_i[1][0][0] | S_C_o[1][1][0] |     4.261 | SLOW    |     2.209 | FAST    |
S_A_i[1][0][0] | S_C_o[1][1][1] |     4.278 | SLOW    |     2.215 | FAST    |
S_A_i[1][0][0] | S_C_o[1][1][2] |     4.288 | SLOW    |     2.218 | FAST    |
S_A_i[1][0][0] | S_C_o[1][1][3] |     4.462 | SLOW    |     2.312 | FAST    |
S_A_i[1][0][0] | S_C_o[1][1][4] |     4.462 | SLOW    |     2.312 | FAST    |
S_A_i[1][0][0] | S_C_o[1][1][5] |     4.684 | SLOW    |     2.435 | FAST    |
S_A_i[1][0][0] | S_C_o[1][1][6] |     4.913 | SLOW    |     2.568 | FAST    |
S_A_i[1][0][0] | S_C_o[1][1][7] |     4.935 | SLOW    |     2.582 | FAST    |
S_A_i[1][0][0] | S_C_o[1][2][0] |     4.261 | SLOW    |     2.209 | FAST    |
S_A_i[1][0][0] | S_C_o[1][2][1] |     4.278 | SLOW    |     2.215 | FAST    |
S_A_i[1][0][0] | S_C_o[1][2][2] |     4.288 | SLOW    |     2.218 | FAST    |
S_A_i[1][0][0] | S_C_o[1][2][3] |     4.462 | SLOW    |     2.312 | FAST    |
S_A_i[1][0][0] | S_C_o[1][2][4] |     4.462 | SLOW    |     2.312 | FAST    |
S_A_i[1][0][0] | S_C_o[1][2][5] |     4.684 | SLOW    |     2.435 | FAST    |
S_A_i[1][0][0] | S_C_o[1][2][6] |     4.913 | SLOW    |     2.568 | FAST    |
S_A_i[1][0][0] | S_C_o[1][2][7] |     4.935 | SLOW    |     2.582 | FAST    |
S_A_i[1][0][0] | S_C_o[1][3][0] |     4.261 | SLOW    |     2.209 | FAST    |
S_A_i[1][0][0] | S_C_o[1][3][1] |     4.278 | SLOW    |     2.215 | FAST    |
S_A_i[1][0][0] | S_C_o[1][3][2] |     4.288 | SLOW    |     2.218 | FAST    |
S_A_i[1][0][0] | S_C_o[1][3][3] |     4.462 | SLOW    |     2.312 | FAST    |
S_A_i[1][0][0] | S_C_o[1][3][4] |     4.462 | SLOW    |     2.312 | FAST    |
S_A_i[1][0][0] | S_C_o[1][3][5] |     4.684 | SLOW    |     2.435 | FAST    |
S_A_i[1][0][0] | S_C_o[1][3][6] |     4.913 | SLOW    |     2.568 | FAST    |
S_A_i[1][0][0] | S_C_o[1][3][7] |     4.935 | SLOW    |     2.582 | FAST    |
S_A_i[1][0][1] | S_C_o[1][0][1] |     4.286 | SLOW    |     2.226 | FAST    |
S_A_i[1][0][1] | S_C_o[1][0][2] |     4.282 | SLOW    |     2.215 | FAST    |
S_A_i[1][0][1] | S_C_o[1][0][3] |     4.461 | SLOW    |     2.317 | FAST    |
S_A_i[1][0][1] | S_C_o[1][0][4] |     4.461 | SLOW    |     2.317 | FAST    |
S_A_i[1][0][1] | S_C_o[1][0][5] |     4.683 | SLOW    |     2.440 | FAST    |
S_A_i[1][0][1] | S_C_o[1][0][6] |     4.912 | SLOW    |     2.573 | FAST    |
S_A_i[1][0][1] | S_C_o[1][0][7] |     4.934 | SLOW    |     2.587 | FAST    |
S_A_i[1][0][1] | S_C_o[1][1][1] |     4.286 | SLOW    |     2.226 | FAST    |
S_A_i[1][0][1] | S_C_o[1][1][2] |     4.282 | SLOW    |     2.215 | FAST    |
S_A_i[1][0][1] | S_C_o[1][1][3] |     4.461 | SLOW    |     2.317 | FAST    |
S_A_i[1][0][1] | S_C_o[1][1][4] |     4.461 | SLOW    |     2.317 | FAST    |
S_A_i[1][0][1] | S_C_o[1][1][5] |     4.683 | SLOW    |     2.440 | FAST    |
S_A_i[1][0][1] | S_C_o[1][1][6] |     4.912 | SLOW    |     2.573 | FAST    |
S_A_i[1][0][1] | S_C_o[1][1][7] |     4.934 | SLOW    |     2.587 | FAST    |
S_A_i[1][0][1] | S_C_o[1][2][1] |     4.286 | SLOW    |     2.226 | FAST    |
S_A_i[1][0][1] | S_C_o[1][2][2] |     4.282 | SLOW    |     2.215 | FAST    |
S_A_i[1][0][1] | S_C_o[1][2][3] |     4.461 | SLOW    |     2.317 | FAST    |
S_A_i[1][0][1] | S_C_o[1][2][4] |     4.461 | SLOW    |     2.317 | FAST    |
S_A_i[1][0][1] | S_C_o[1][2][5] |     4.683 | SLOW    |     2.440 | FAST    |
S_A_i[1][0][1] | S_C_o[1][2][6] |     4.912 | SLOW    |     2.573 | FAST    |
S_A_i[1][0][1] | S_C_o[1][2][7] |     4.934 | SLOW    |     2.587 | FAST    |
S_A_i[1][0][1] | S_C_o[1][3][1] |     4.286 | SLOW    |     2.226 | FAST    |
S_A_i[1][0][1] | S_C_o[1][3][2] |     4.282 | SLOW    |     2.215 | FAST    |
S_A_i[1][0][1] | S_C_o[1][3][3] |     4.461 | SLOW    |     2.317 | FAST    |
S_A_i[1][0][1] | S_C_o[1][3][4] |     4.461 | SLOW    |     2.317 | FAST    |
S_A_i[1][0][1] | S_C_o[1][3][5] |     4.683 | SLOW    |     2.440 | FAST    |
S_A_i[1][0][1] | S_C_o[1][3][6] |     4.912 | SLOW    |     2.573 | FAST    |
S_A_i[1][0][1] | S_C_o[1][3][7] |     4.934 | SLOW    |     2.587 | FAST    |
S_A_i[1][0][2] | S_C_o[1][0][2] |     4.246 | SLOW    |     2.201 | FAST    |
S_A_i[1][0][2] | S_C_o[1][0][3] |     4.479 | SLOW    |     2.321 | FAST    |
S_A_i[1][0][2] | S_C_o[1][0][4] |     4.479 | SLOW    |     2.321 | FAST    |
S_A_i[1][0][2] | S_C_o[1][0][5] |     4.701 | SLOW    |     2.444 | FAST    |
S_A_i[1][0][2] | S_C_o[1][0][6] |     4.930 | SLOW    |     2.577 | FAST    |
S_A_i[1][0][2] | S_C_o[1][0][7] |     4.952 | SLOW    |     2.591 | FAST    |
S_A_i[1][0][2] | S_C_o[1][1][2] |     4.246 | SLOW    |     2.201 | FAST    |
S_A_i[1][0][2] | S_C_o[1][1][3] |     4.479 | SLOW    |     2.321 | FAST    |
S_A_i[1][0][2] | S_C_o[1][1][4] |     4.479 | SLOW    |     2.321 | FAST    |
S_A_i[1][0][2] | S_C_o[1][1][5] |     4.701 | SLOW    |     2.444 | FAST    |
S_A_i[1][0][2] | S_C_o[1][1][6] |     4.930 | SLOW    |     2.577 | FAST    |
S_A_i[1][0][2] | S_C_o[1][1][7] |     4.952 | SLOW    |     2.591 | FAST    |
S_A_i[1][0][2] | S_C_o[1][2][2] |     4.246 | SLOW    |     2.201 | FAST    |
S_A_i[1][0][2] | S_C_o[1][2][3] |     4.479 | SLOW    |     2.321 | FAST    |
S_A_i[1][0][2] | S_C_o[1][2][4] |     4.479 | SLOW    |     2.321 | FAST    |
S_A_i[1][0][2] | S_C_o[1][2][5] |     4.701 | SLOW    |     2.444 | FAST    |
S_A_i[1][0][2] | S_C_o[1][2][6] |     4.930 | SLOW    |     2.577 | FAST    |
S_A_i[1][0][2] | S_C_o[1][2][7] |     4.952 | SLOW    |     2.591 | FAST    |
S_A_i[1][0][2] | S_C_o[1][3][2] |     4.246 | SLOW    |     2.201 | FAST    |
S_A_i[1][0][2] | S_C_o[1][3][3] |     4.479 | SLOW    |     2.321 | FAST    |
S_A_i[1][0][2] | S_C_o[1][3][4] |     4.479 | SLOW    |     2.321 | FAST    |
S_A_i[1][0][2] | S_C_o[1][3][5] |     4.701 | SLOW    |     2.444 | FAST    |
S_A_i[1][0][2] | S_C_o[1][3][6] |     4.930 | SLOW    |     2.577 | FAST    |
S_A_i[1][0][2] | S_C_o[1][3][7] |     4.952 | SLOW    |     2.591 | FAST    |
S_A_i[1][0][3] | S_C_o[1][0][3] |     4.255 | SLOW    |     2.206 | FAST    |
S_A_i[1][0][3] | S_C_o[1][0][4] |     4.250 | SLOW    |     2.198 | FAST    |
S_A_i[1][0][3] | S_C_o[1][0][5] |     4.486 | SLOW    |     2.335 | FAST    |
S_A_i[1][0][3] | S_C_o[1][0][6] |     4.715 | SLOW    |     2.468 | FAST    |
S_A_i[1][0][3] | S_C_o[1][0][7] |     4.737 | SLOW    |     2.482 | FAST    |
S_A_i[1][0][3] | S_C_o[1][1][3] |     4.255 | SLOW    |     2.206 | FAST    |
S_A_i[1][0][3] | S_C_o[1][1][4] |     4.250 | SLOW    |     2.198 | FAST    |
S_A_i[1][0][3] | S_C_o[1][1][5] |     4.486 | SLOW    |     2.335 | FAST    |
S_A_i[1][0][3] | S_C_o[1][1][6] |     4.715 | SLOW    |     2.468 | FAST    |
S_A_i[1][0][3] | S_C_o[1][1][7] |     4.737 | SLOW    |     2.482 | FAST    |
S_A_i[1][0][3] | S_C_o[1][2][3] |     4.255 | SLOW    |     2.206 | FAST    |
S_A_i[1][0][3] | S_C_o[1][2][4] |     4.250 | SLOW    |     2.198 | FAST    |
S_A_i[1][0][3] | S_C_o[1][2][5] |     4.486 | SLOW    |     2.335 | FAST    |
S_A_i[1][0][3] | S_C_o[1][2][6] |     4.715 | SLOW    |     2.468 | FAST    |
S_A_i[1][0][3] | S_C_o[1][2][7] |     4.737 | SLOW    |     2.482 | FAST    |
S_A_i[1][0][3] | S_C_o[1][3][3] |     4.255 | SLOW    |     2.206 | FAST    |
S_A_i[1][0][3] | S_C_o[1][3][4] |     4.250 | SLOW    |     2.198 | FAST    |
S_A_i[1][0][3] | S_C_o[1][3][5] |     4.486 | SLOW    |     2.335 | FAST    |
S_A_i[1][0][3] | S_C_o[1][3][6] |     4.715 | SLOW    |     2.468 | FAST    |
S_A_i[1][0][3] | S_C_o[1][3][7] |     4.737 | SLOW    |     2.482 | FAST    |
S_A_i[1][0][4] | S_C_o[1][0][4] |     4.246 | SLOW    |     2.201 | FAST    |
S_A_i[1][0][4] | S_C_o[1][0][5] |     4.463 | SLOW    |     2.316 | FAST    |
S_A_i[1][0][4] | S_C_o[1][0][6] |     4.692 | SLOW    |     2.449 | FAST    |
S_A_i[1][0][4] | S_C_o[1][0][7] |     4.714 | SLOW    |     2.463 | FAST    |
S_A_i[1][0][4] | S_C_o[1][1][4] |     4.246 | SLOW    |     2.201 | FAST    |
S_A_i[1][0][4] | S_C_o[1][1][5] |     4.463 | SLOW    |     2.316 | FAST    |
S_A_i[1][0][4] | S_C_o[1][1][6] |     4.692 | SLOW    |     2.449 | FAST    |
S_A_i[1][0][4] | S_C_o[1][1][7] |     4.714 | SLOW    |     2.463 | FAST    |
S_A_i[1][0][4] | S_C_o[1][2][4] |     4.246 | SLOW    |     2.201 | FAST    |
S_A_i[1][0][4] | S_C_o[1][2][5] |     4.463 | SLOW    |     2.316 | FAST    |
S_A_i[1][0][4] | S_C_o[1][2][6] |     4.692 | SLOW    |     2.449 | FAST    |
S_A_i[1][0][4] | S_C_o[1][2][7] |     4.714 | SLOW    |     2.463 | FAST    |
S_A_i[1][0][4] | S_C_o[1][3][4] |     4.246 | SLOW    |     2.201 | FAST    |
S_A_i[1][0][4] | S_C_o[1][3][5] |     4.463 | SLOW    |     2.316 | FAST    |
S_A_i[1][0][4] | S_C_o[1][3][6] |     4.692 | SLOW    |     2.449 | FAST    |
S_A_i[1][0][4] | S_C_o[1][3][7] |     4.714 | SLOW    |     2.463 | FAST    |
S_A_i[1][0][5] | S_C_o[1][0][5] |     4.246 | SLOW    |     2.201 | FAST    |
S_A_i[1][0][5] | S_C_o[1][0][6] |     4.477 | SLOW    |     2.330 | FAST    |
S_A_i[1][0][5] | S_C_o[1][0][7] |     4.499 | SLOW    |     2.344 | FAST    |
S_A_i[1][0][5] | S_C_o[1][1][5] |     4.246 | SLOW    |     2.201 | FAST    |
S_A_i[1][0][5] | S_C_o[1][1][6] |     4.477 | SLOW    |     2.330 | FAST    |
S_A_i[1][0][5] | S_C_o[1][1][7] |     4.499 | SLOW    |     2.344 | FAST    |
S_A_i[1][0][5] | S_C_o[1][2][5] |     4.246 | SLOW    |     2.201 | FAST    |
S_A_i[1][0][5] | S_C_o[1][2][6] |     4.477 | SLOW    |     2.330 | FAST    |
S_A_i[1][0][5] | S_C_o[1][2][7] |     4.499 | SLOW    |     2.344 | FAST    |
S_A_i[1][0][5] | S_C_o[1][3][5] |     4.246 | SLOW    |     2.201 | FAST    |
S_A_i[1][0][5] | S_C_o[1][3][6] |     4.477 | SLOW    |     2.330 | FAST    |
S_A_i[1][0][5] | S_C_o[1][3][7] |     4.499 | SLOW    |     2.344 | FAST    |
S_A_i[1][0][6] | S_C_o[1][0][6] |     4.246 | SLOW    |     2.201 | FAST    |
S_A_i[1][0][6] | S_C_o[1][0][7] |     4.263 | SLOW    |     2.207 | FAST    |
S_A_i[1][0][6] | S_C_o[1][1][6] |     4.246 | SLOW    |     2.201 | FAST    |
S_A_i[1][0][6] | S_C_o[1][1][7] |     4.263 | SLOW    |     2.207 | FAST    |
S_A_i[1][0][6] | S_C_o[1][2][6] |     4.246 | SLOW    |     2.201 | FAST    |
S_A_i[1][0][6] | S_C_o[1][2][7] |     4.263 | SLOW    |     2.207 | FAST    |
S_A_i[1][0][6] | S_C_o[1][3][6] |     4.246 | SLOW    |     2.201 | FAST    |
S_A_i[1][0][6] | S_C_o[1][3][7] |     4.263 | SLOW    |     2.207 | FAST    |
S_A_i[1][0][7] | S_C_o[1][0][7] |     4.261 | SLOW    |     2.213 | FAST    |
S_A_i[1][0][7] | S_C_o[1][1][7] |     4.261 | SLOW    |     2.213 | FAST    |
S_A_i[1][0][7] | S_C_o[1][2][7] |     4.261 | SLOW    |     2.213 | FAST    |
S_A_i[1][0][7] | S_C_o[1][3][7] |     4.261 | SLOW    |     2.213 | FAST    |
S_A_i[2][0][0] | S_C_o[2][0][0] |     4.261 | SLOW    |     2.209 | FAST    |
S_A_i[2][0][0] | S_C_o[2][0][1] |     4.278 | SLOW    |     2.215 | FAST    |
S_A_i[2][0][0] | S_C_o[2][0][2] |     4.288 | SLOW    |     2.218 | FAST    |
S_A_i[2][0][0] | S_C_o[2][0][3] |     4.462 | SLOW    |     2.312 | FAST    |
S_A_i[2][0][0] | S_C_o[2][0][4] |     4.462 | SLOW    |     2.312 | FAST    |
S_A_i[2][0][0] | S_C_o[2][0][5] |     4.684 | SLOW    |     2.435 | FAST    |
S_A_i[2][0][0] | S_C_o[2][0][6] |     4.913 | SLOW    |     2.568 | FAST    |
S_A_i[2][0][0] | S_C_o[2][0][7] |     4.935 | SLOW    |     2.582 | FAST    |
S_A_i[2][0][0] | S_C_o[2][1][0] |     4.261 | SLOW    |     2.209 | FAST    |
S_A_i[2][0][0] | S_C_o[2][1][1] |     4.278 | SLOW    |     2.215 | FAST    |
S_A_i[2][0][0] | S_C_o[2][1][2] |     4.288 | SLOW    |     2.218 | FAST    |
S_A_i[2][0][0] | S_C_o[2][1][3] |     4.462 | SLOW    |     2.312 | FAST    |
S_A_i[2][0][0] | S_C_o[2][1][4] |     4.462 | SLOW    |     2.312 | FAST    |
S_A_i[2][0][0] | S_C_o[2][1][5] |     4.684 | SLOW    |     2.435 | FAST    |
S_A_i[2][0][0] | S_C_o[2][1][6] |     4.913 | SLOW    |     2.568 | FAST    |
S_A_i[2][0][0] | S_C_o[2][1][7] |     4.935 | SLOW    |     2.582 | FAST    |
S_A_i[2][0][0] | S_C_o[2][2][0] |     4.261 | SLOW    |     2.209 | FAST    |
S_A_i[2][0][0] | S_C_o[2][2][1] |     4.278 | SLOW    |     2.215 | FAST    |
S_A_i[2][0][0] | S_C_o[2][2][2] |     4.288 | SLOW    |     2.218 | FAST    |
S_A_i[2][0][0] | S_C_o[2][2][3] |     4.462 | SLOW    |     2.312 | FAST    |
S_A_i[2][0][0] | S_C_o[2][2][4] |     4.462 | SLOW    |     2.312 | FAST    |
S_A_i[2][0][0] | S_C_o[2][2][5] |     4.684 | SLOW    |     2.435 | FAST    |
S_A_i[2][0][0] | S_C_o[2][2][6] |     4.913 | SLOW    |     2.568 | FAST    |
S_A_i[2][0][0] | S_C_o[2][2][7] |     4.935 | SLOW    |     2.582 | FAST    |
S_A_i[2][0][0] | S_C_o[2][3][0] |     4.261 | SLOW    |     2.209 | FAST    |
S_A_i[2][0][0] | S_C_o[2][3][1] |     4.278 | SLOW    |     2.215 | FAST    |
S_A_i[2][0][0] | S_C_o[2][3][2] |     4.288 | SLOW    |     2.218 | FAST    |
S_A_i[2][0][0] | S_C_o[2][3][3] |     4.462 | SLOW    |     2.312 | FAST    |
S_A_i[2][0][0] | S_C_o[2][3][4] |     4.462 | SLOW    |     2.312 | FAST    |
S_A_i[2][0][0] | S_C_o[2][3][5] |     4.684 | SLOW    |     2.435 | FAST    |
S_A_i[2][0][0] | S_C_o[2][3][6] |     4.913 | SLOW    |     2.568 | FAST    |
S_A_i[2][0][0] | S_C_o[2][3][7] |     4.935 | SLOW    |     2.582 | FAST    |
S_A_i[2][0][1] | S_C_o[2][0][1] |     4.286 | SLOW    |     2.226 | FAST    |
S_A_i[2][0][1] | S_C_o[2][0][2] |     4.282 | SLOW    |     2.215 | FAST    |
S_A_i[2][0][1] | S_C_o[2][0][3] |     4.461 | SLOW    |     2.317 | FAST    |
S_A_i[2][0][1] | S_C_o[2][0][4] |     4.461 | SLOW    |     2.317 | FAST    |
S_A_i[2][0][1] | S_C_o[2][0][5] |     4.683 | SLOW    |     2.440 | FAST    |
S_A_i[2][0][1] | S_C_o[2][0][6] |     4.912 | SLOW    |     2.573 | FAST    |
S_A_i[2][0][1] | S_C_o[2][0][7] |     4.934 | SLOW    |     2.587 | FAST    |
S_A_i[2][0][1] | S_C_o[2][1][1] |     4.286 | SLOW    |     2.226 | FAST    |
S_A_i[2][0][1] | S_C_o[2][1][2] |     4.282 | SLOW    |     2.215 | FAST    |
S_A_i[2][0][1] | S_C_o[2][1][3] |     4.461 | SLOW    |     2.317 | FAST    |
S_A_i[2][0][1] | S_C_o[2][1][4] |     4.461 | SLOW    |     2.317 | FAST    |
S_A_i[2][0][1] | S_C_o[2][1][5] |     4.683 | SLOW    |     2.440 | FAST    |
S_A_i[2][0][1] | S_C_o[2][1][6] |     4.912 | SLOW    |     2.573 | FAST    |
S_A_i[2][0][1] | S_C_o[2][1][7] |     4.934 | SLOW    |     2.587 | FAST    |
S_A_i[2][0][1] | S_C_o[2][2][1] |     4.286 | SLOW    |     2.226 | FAST    |
S_A_i[2][0][1] | S_C_o[2][2][2] |     4.282 | SLOW    |     2.215 | FAST    |
S_A_i[2][0][1] | S_C_o[2][2][3] |     4.461 | SLOW    |     2.317 | FAST    |
S_A_i[2][0][1] | S_C_o[2][2][4] |     4.461 | SLOW    |     2.317 | FAST    |
S_A_i[2][0][1] | S_C_o[2][2][5] |     4.683 | SLOW    |     2.440 | FAST    |
S_A_i[2][0][1] | S_C_o[2][2][6] |     4.912 | SLOW    |     2.573 | FAST    |
S_A_i[2][0][1] | S_C_o[2][2][7] |     4.934 | SLOW    |     2.587 | FAST    |
S_A_i[2][0][1] | S_C_o[2][3][1] |     4.286 | SLOW    |     2.226 | FAST    |
S_A_i[2][0][1] | S_C_o[2][3][2] |     4.282 | SLOW    |     2.215 | FAST    |
S_A_i[2][0][1] | S_C_o[2][3][3] |     4.461 | SLOW    |     2.317 | FAST    |
S_A_i[2][0][1] | S_C_o[2][3][4] |     4.461 | SLOW    |     2.317 | FAST    |
S_A_i[2][0][1] | S_C_o[2][3][5] |     4.683 | SLOW    |     2.440 | FAST    |
S_A_i[2][0][1] | S_C_o[2][3][6] |     4.912 | SLOW    |     2.573 | FAST    |
S_A_i[2][0][1] | S_C_o[2][3][7] |     4.934 | SLOW    |     2.587 | FAST    |
S_A_i[2][0][2] | S_C_o[2][0][2] |     4.246 | SLOW    |     2.201 | FAST    |
S_A_i[2][0][2] | S_C_o[2][0][3] |     4.479 | SLOW    |     2.321 | FAST    |
S_A_i[2][0][2] | S_C_o[2][0][4] |     4.479 | SLOW    |     2.321 | FAST    |
S_A_i[2][0][2] | S_C_o[2][0][5] |     4.701 | SLOW    |     2.444 | FAST    |
S_A_i[2][0][2] | S_C_o[2][0][6] |     4.930 | SLOW    |     2.577 | FAST    |
S_A_i[2][0][2] | S_C_o[2][0][7] |     4.952 | SLOW    |     2.591 | FAST    |
S_A_i[2][0][2] | S_C_o[2][1][2] |     4.246 | SLOW    |     2.201 | FAST    |
S_A_i[2][0][2] | S_C_o[2][1][3] |     4.479 | SLOW    |     2.321 | FAST    |
S_A_i[2][0][2] | S_C_o[2][1][4] |     4.479 | SLOW    |     2.321 | FAST    |
S_A_i[2][0][2] | S_C_o[2][1][5] |     4.701 | SLOW    |     2.444 | FAST    |
S_A_i[2][0][2] | S_C_o[2][1][6] |     4.930 | SLOW    |     2.577 | FAST    |
S_A_i[2][0][2] | S_C_o[2][1][7] |     4.952 | SLOW    |     2.591 | FAST    |
S_A_i[2][0][2] | S_C_o[2][2][2] |     4.246 | SLOW    |     2.201 | FAST    |
S_A_i[2][0][2] | S_C_o[2][2][3] |     4.479 | SLOW    |     2.321 | FAST    |
S_A_i[2][0][2] | S_C_o[2][2][4] |     4.479 | SLOW    |     2.321 | FAST    |
S_A_i[2][0][2] | S_C_o[2][2][5] |     4.701 | SLOW    |     2.444 | FAST    |
S_A_i[2][0][2] | S_C_o[2][2][6] |     4.930 | SLOW    |     2.577 | FAST    |
S_A_i[2][0][2] | S_C_o[2][2][7] |     4.952 | SLOW    |     2.591 | FAST    |
S_A_i[2][0][2] | S_C_o[2][3][2] |     4.246 | SLOW    |     2.201 | FAST    |
S_A_i[2][0][2] | S_C_o[2][3][3] |     4.479 | SLOW    |     2.321 | FAST    |
S_A_i[2][0][2] | S_C_o[2][3][4] |     4.479 | SLOW    |     2.321 | FAST    |
S_A_i[2][0][2] | S_C_o[2][3][5] |     4.701 | SLOW    |     2.444 | FAST    |
S_A_i[2][0][2] | S_C_o[2][3][6] |     4.930 | SLOW    |     2.577 | FAST    |
S_A_i[2][0][2] | S_C_o[2][3][7] |     4.952 | SLOW    |     2.591 | FAST    |
S_A_i[2][0][3] | S_C_o[2][0][3] |     4.255 | SLOW    |     2.206 | FAST    |
S_A_i[2][0][3] | S_C_o[2][0][4] |     4.250 | SLOW    |     2.198 | FAST    |
S_A_i[2][0][3] | S_C_o[2][0][5] |     4.486 | SLOW    |     2.335 | FAST    |
S_A_i[2][0][3] | S_C_o[2][0][6] |     4.715 | SLOW    |     2.468 | FAST    |
S_A_i[2][0][3] | S_C_o[2][0][7] |     4.737 | SLOW    |     2.482 | FAST    |
S_A_i[2][0][3] | S_C_o[2][1][3] |     4.255 | SLOW    |     2.206 | FAST    |
S_A_i[2][0][3] | S_C_o[2][1][4] |     4.250 | SLOW    |     2.198 | FAST    |
S_A_i[2][0][3] | S_C_o[2][1][5] |     4.486 | SLOW    |     2.335 | FAST    |
S_A_i[2][0][3] | S_C_o[2][1][6] |     4.715 | SLOW    |     2.468 | FAST    |
S_A_i[2][0][3] | S_C_o[2][1][7] |     4.737 | SLOW    |     2.482 | FAST    |
S_A_i[2][0][3] | S_C_o[2][2][3] |     4.255 | SLOW    |     2.206 | FAST    |
S_A_i[2][0][3] | S_C_o[2][2][4] |     4.250 | SLOW    |     2.198 | FAST    |
S_A_i[2][0][3] | S_C_o[2][2][5] |     4.486 | SLOW    |     2.335 | FAST    |
S_A_i[2][0][3] | S_C_o[2][2][6] |     4.715 | SLOW    |     2.468 | FAST    |
S_A_i[2][0][3] | S_C_o[2][2][7] |     4.737 | SLOW    |     2.482 | FAST    |
S_A_i[2][0][3] | S_C_o[2][3][3] |     4.255 | SLOW    |     2.206 | FAST    |
S_A_i[2][0][3] | S_C_o[2][3][4] |     4.250 | SLOW    |     2.198 | FAST    |
S_A_i[2][0][3] | S_C_o[2][3][5] |     4.486 | SLOW    |     2.335 | FAST    |
S_A_i[2][0][3] | S_C_o[2][3][6] |     4.715 | SLOW    |     2.468 | FAST    |
S_A_i[2][0][3] | S_C_o[2][3][7] |     4.737 | SLOW    |     2.482 | FAST    |
S_A_i[2][0][4] | S_C_o[2][0][4] |     4.246 | SLOW    |     2.201 | FAST    |
S_A_i[2][0][4] | S_C_o[2][0][5] |     4.463 | SLOW    |     2.316 | FAST    |
S_A_i[2][0][4] | S_C_o[2][0][6] |     4.692 | SLOW    |     2.449 | FAST    |
S_A_i[2][0][4] | S_C_o[2][0][7] |     4.714 | SLOW    |     2.463 | FAST    |
S_A_i[2][0][4] | S_C_o[2][1][4] |     4.246 | SLOW    |     2.201 | FAST    |
S_A_i[2][0][4] | S_C_o[2][1][5] |     4.463 | SLOW    |     2.316 | FAST    |
S_A_i[2][0][4] | S_C_o[2][1][6] |     4.692 | SLOW    |     2.449 | FAST    |
S_A_i[2][0][4] | S_C_o[2][1][7] |     4.714 | SLOW    |     2.463 | FAST    |
S_A_i[2][0][4] | S_C_o[2][2][4] |     4.246 | SLOW    |     2.201 | FAST    |
S_A_i[2][0][4] | S_C_o[2][2][5] |     4.463 | SLOW    |     2.316 | FAST    |
S_A_i[2][0][4] | S_C_o[2][2][6] |     4.692 | SLOW    |     2.449 | FAST    |
S_A_i[2][0][4] | S_C_o[2][2][7] |     4.714 | SLOW    |     2.463 | FAST    |
S_A_i[2][0][4] | S_C_o[2][3][4] |     4.246 | SLOW    |     2.201 | FAST    |
S_A_i[2][0][4] | S_C_o[2][3][5] |     4.463 | SLOW    |     2.316 | FAST    |
S_A_i[2][0][4] | S_C_o[2][3][6] |     4.692 | SLOW    |     2.449 | FAST    |
S_A_i[2][0][4] | S_C_o[2][3][7] |     4.714 | SLOW    |     2.463 | FAST    |
S_A_i[2][0][5] | S_C_o[2][0][5] |     4.246 | SLOW    |     2.201 | FAST    |
S_A_i[2][0][5] | S_C_o[2][0][6] |     4.477 | SLOW    |     2.330 | FAST    |
S_A_i[2][0][5] | S_C_o[2][0][7] |     4.499 | SLOW    |     2.344 | FAST    |
S_A_i[2][0][5] | S_C_o[2][1][5] |     4.246 | SLOW    |     2.201 | FAST    |
S_A_i[2][0][5] | S_C_o[2][1][6] |     4.477 | SLOW    |     2.330 | FAST    |
S_A_i[2][0][5] | S_C_o[2][1][7] |     4.499 | SLOW    |     2.344 | FAST    |
S_A_i[2][0][5] | S_C_o[2][2][5] |     4.246 | SLOW    |     2.201 | FAST    |
S_A_i[2][0][5] | S_C_o[2][2][6] |     4.477 | SLOW    |     2.330 | FAST    |
S_A_i[2][0][5] | S_C_o[2][2][7] |     4.499 | SLOW    |     2.344 | FAST    |
S_A_i[2][0][5] | S_C_o[2][3][5] |     4.246 | SLOW    |     2.201 | FAST    |
S_A_i[2][0][5] | S_C_o[2][3][6] |     4.477 | SLOW    |     2.330 | FAST    |
S_A_i[2][0][5] | S_C_o[2][3][7] |     4.499 | SLOW    |     2.344 | FAST    |
S_A_i[2][0][6] | S_C_o[2][0][6] |     4.246 | SLOW    |     2.201 | FAST    |
S_A_i[2][0][6] | S_C_o[2][0][7] |     4.263 | SLOW    |     2.207 | FAST    |
S_A_i[2][0][6] | S_C_o[2][1][6] |     4.246 | SLOW    |     2.201 | FAST    |
S_A_i[2][0][6] | S_C_o[2][1][7] |     4.263 | SLOW    |     2.207 | FAST    |
S_A_i[2][0][6] | S_C_o[2][2][6] |     4.246 | SLOW    |     2.201 | FAST    |
S_A_i[2][0][6] | S_C_o[2][2][7] |     4.263 | SLOW    |     2.207 | FAST    |
S_A_i[2][0][6] | S_C_o[2][3][6] |     4.246 | SLOW    |     2.201 | FAST    |
S_A_i[2][0][6] | S_C_o[2][3][7] |     4.263 | SLOW    |     2.207 | FAST    |
S_A_i[2][0][7] | S_C_o[2][0][7] |     4.261 | SLOW    |     2.213 | FAST    |
S_A_i[2][0][7] | S_C_o[2][1][7] |     4.261 | SLOW    |     2.213 | FAST    |
S_A_i[2][0][7] | S_C_o[2][2][7] |     4.261 | SLOW    |     2.213 | FAST    |
S_A_i[2][0][7] | S_C_o[2][3][7] |     4.261 | SLOW    |     2.213 | FAST    |
S_A_i[3][0][0] | S_C_o[3][0][0] |     4.261 | SLOW    |     2.209 | FAST    |
S_A_i[3][0][0] | S_C_o[3][0][1] |     4.278 | SLOW    |     2.215 | FAST    |
S_A_i[3][0][0] | S_C_o[3][0][2] |     4.288 | SLOW    |     2.218 | FAST    |
S_A_i[3][0][0] | S_C_o[3][0][3] |     4.462 | SLOW    |     2.312 | FAST    |
S_A_i[3][0][0] | S_C_o[3][0][4] |     4.462 | SLOW    |     2.312 | FAST    |
S_A_i[3][0][0] | S_C_o[3][0][5] |     4.684 | SLOW    |     2.435 | FAST    |
S_A_i[3][0][0] | S_C_o[3][0][6] |     4.913 | SLOW    |     2.568 | FAST    |
S_A_i[3][0][0] | S_C_o[3][0][7] |     4.935 | SLOW    |     2.582 | FAST    |
S_A_i[3][0][0] | S_C_o[3][1][0] |     4.261 | SLOW    |     2.209 | FAST    |
S_A_i[3][0][0] | S_C_o[3][1][1] |     4.278 | SLOW    |     2.215 | FAST    |
S_A_i[3][0][0] | S_C_o[3][1][2] |     4.288 | SLOW    |     2.218 | FAST    |
S_A_i[3][0][0] | S_C_o[3][1][3] |     4.462 | SLOW    |     2.312 | FAST    |
S_A_i[3][0][0] | S_C_o[3][1][4] |     4.462 | SLOW    |     2.312 | FAST    |
S_A_i[3][0][0] | S_C_o[3][1][5] |     4.684 | SLOW    |     2.435 | FAST    |
S_A_i[3][0][0] | S_C_o[3][1][6] |     4.913 | SLOW    |     2.568 | FAST    |
S_A_i[3][0][0] | S_C_o[3][1][7] |     4.935 | SLOW    |     2.582 | FAST    |
S_A_i[3][0][0] | S_C_o[3][2][0] |     4.261 | SLOW    |     2.209 | FAST    |
S_A_i[3][0][0] | S_C_o[3][2][1] |     4.278 | SLOW    |     2.215 | FAST    |
S_A_i[3][0][0] | S_C_o[3][2][2] |     4.288 | SLOW    |     2.218 | FAST    |
S_A_i[3][0][0] | S_C_o[3][2][3] |     4.462 | SLOW    |     2.312 | FAST    |
S_A_i[3][0][0] | S_C_o[3][2][4] |     4.462 | SLOW    |     2.312 | FAST    |
S_A_i[3][0][0] | S_C_o[3][2][5] |     4.684 | SLOW    |     2.435 | FAST    |
S_A_i[3][0][0] | S_C_o[3][2][6] |     4.913 | SLOW    |     2.568 | FAST    |
S_A_i[3][0][0] | S_C_o[3][2][7] |     4.935 | SLOW    |     2.582 | FAST    |
S_A_i[3][0][0] | S_C_o[3][3][0] |     4.261 | SLOW    |     2.209 | FAST    |
S_A_i[3][0][0] | S_C_o[3][3][1] |     4.278 | SLOW    |     2.215 | FAST    |
S_A_i[3][0][0] | S_C_o[3][3][2] |     4.288 | SLOW    |     2.218 | FAST    |
S_A_i[3][0][0] | S_C_o[3][3][3] |     4.462 | SLOW    |     2.312 | FAST    |
S_A_i[3][0][0] | S_C_o[3][3][4] |     4.462 | SLOW    |     2.312 | FAST    |
S_A_i[3][0][0] | S_C_o[3][3][5] |     4.684 | SLOW    |     2.435 | FAST    |
S_A_i[3][0][0] | S_C_o[3][3][6] |     4.913 | SLOW    |     2.568 | FAST    |
S_A_i[3][0][0] | S_C_o[3][3][7] |     4.935 | SLOW    |     2.582 | FAST    |
S_A_i[3][0][1] | S_C_o[3][0][1] |     4.286 | SLOW    |     2.226 | FAST    |
S_A_i[3][0][1] | S_C_o[3][0][2] |     4.282 | SLOW    |     2.215 | FAST    |
S_A_i[3][0][1] | S_C_o[3][0][3] |     4.461 | SLOW    |     2.317 | FAST    |
S_A_i[3][0][1] | S_C_o[3][0][4] |     4.461 | SLOW    |     2.317 | FAST    |
S_A_i[3][0][1] | S_C_o[3][0][5] |     4.683 | SLOW    |     2.440 | FAST    |
S_A_i[3][0][1] | S_C_o[3][0][6] |     4.912 | SLOW    |     2.573 | FAST    |
S_A_i[3][0][1] | S_C_o[3][0][7] |     4.934 | SLOW    |     2.587 | FAST    |
S_A_i[3][0][1] | S_C_o[3][1][1] |     4.286 | SLOW    |     2.226 | FAST    |
S_A_i[3][0][1] | S_C_o[3][1][2] |     4.282 | SLOW    |     2.215 | FAST    |
S_A_i[3][0][1] | S_C_o[3][1][3] |     4.461 | SLOW    |     2.317 | FAST    |
S_A_i[3][0][1] | S_C_o[3][1][4] |     4.461 | SLOW    |     2.317 | FAST    |
S_A_i[3][0][1] | S_C_o[3][1][5] |     4.683 | SLOW    |     2.440 | FAST    |
S_A_i[3][0][1] | S_C_o[3][1][6] |     4.912 | SLOW    |     2.573 | FAST    |
S_A_i[3][0][1] | S_C_o[3][1][7] |     4.934 | SLOW    |     2.587 | FAST    |
S_A_i[3][0][1] | S_C_o[3][2][1] |     4.286 | SLOW    |     2.226 | FAST    |
S_A_i[3][0][1] | S_C_o[3][2][2] |     4.282 | SLOW    |     2.215 | FAST    |
S_A_i[3][0][1] | S_C_o[3][2][3] |     4.461 | SLOW    |     2.317 | FAST    |
S_A_i[3][0][1] | S_C_o[3][2][4] |     4.461 | SLOW    |     2.317 | FAST    |
S_A_i[3][0][1] | S_C_o[3][2][5] |     4.683 | SLOW    |     2.440 | FAST    |
S_A_i[3][0][1] | S_C_o[3][2][6] |     4.912 | SLOW    |     2.573 | FAST    |
S_A_i[3][0][1] | S_C_o[3][2][7] |     4.934 | SLOW    |     2.587 | FAST    |
S_A_i[3][0][1] | S_C_o[3][3][1] |     4.286 | SLOW    |     2.226 | FAST    |
S_A_i[3][0][1] | S_C_o[3][3][2] |     4.282 | SLOW    |     2.215 | FAST    |
S_A_i[3][0][1] | S_C_o[3][3][3] |     4.461 | SLOW    |     2.317 | FAST    |
S_A_i[3][0][1] | S_C_o[3][3][4] |     4.461 | SLOW    |     2.317 | FAST    |
S_A_i[3][0][1] | S_C_o[3][3][5] |     4.683 | SLOW    |     2.440 | FAST    |
S_A_i[3][0][1] | S_C_o[3][3][6] |     4.912 | SLOW    |     2.573 | FAST    |
S_A_i[3][0][1] | S_C_o[3][3][7] |     4.934 | SLOW    |     2.587 | FAST    |
S_A_i[3][0][2] | S_C_o[3][0][2] |     4.246 | SLOW    |     2.201 | FAST    |
S_A_i[3][0][2] | S_C_o[3][0][3] |     4.479 | SLOW    |     2.321 | FAST    |
S_A_i[3][0][2] | S_C_o[3][0][4] |     4.479 | SLOW    |     2.321 | FAST    |
S_A_i[3][0][2] | S_C_o[3][0][5] |     4.701 | SLOW    |     2.444 | FAST    |
S_A_i[3][0][2] | S_C_o[3][0][6] |     4.930 | SLOW    |     2.577 | FAST    |
S_A_i[3][0][2] | S_C_o[3][0][7] |     4.952 | SLOW    |     2.591 | FAST    |
S_A_i[3][0][2] | S_C_o[3][1][2] |     4.246 | SLOW    |     2.201 | FAST    |
S_A_i[3][0][2] | S_C_o[3][1][3] |     4.479 | SLOW    |     2.321 | FAST    |
S_A_i[3][0][2] | S_C_o[3][1][4] |     4.479 | SLOW    |     2.321 | FAST    |
S_A_i[3][0][2] | S_C_o[3][1][5] |     4.701 | SLOW    |     2.444 | FAST    |
S_A_i[3][0][2] | S_C_o[3][1][6] |     4.930 | SLOW    |     2.577 | FAST    |
S_A_i[3][0][2] | S_C_o[3][1][7] |     4.952 | SLOW    |     2.591 | FAST    |
S_A_i[3][0][2] | S_C_o[3][2][2] |     4.246 | SLOW    |     2.201 | FAST    |
S_A_i[3][0][2] | S_C_o[3][2][3] |     4.479 | SLOW    |     2.321 | FAST    |
S_A_i[3][0][2] | S_C_o[3][2][4] |     4.479 | SLOW    |     2.321 | FAST    |
S_A_i[3][0][2] | S_C_o[3][2][5] |     4.701 | SLOW    |     2.444 | FAST    |
S_A_i[3][0][2] | S_C_o[3][2][6] |     4.930 | SLOW    |     2.577 | FAST    |
S_A_i[3][0][2] | S_C_o[3][2][7] |     4.952 | SLOW    |     2.591 | FAST    |
S_A_i[3][0][2] | S_C_o[3][3][2] |     4.246 | SLOW    |     2.201 | FAST    |
S_A_i[3][0][2] | S_C_o[3][3][3] |     4.479 | SLOW    |     2.321 | FAST    |
S_A_i[3][0][2] | S_C_o[3][3][4] |     4.479 | SLOW    |     2.321 | FAST    |
S_A_i[3][0][2] | S_C_o[3][3][5] |     4.701 | SLOW    |     2.444 | FAST    |
S_A_i[3][0][2] | S_C_o[3][3][6] |     4.930 | SLOW    |     2.577 | FAST    |
S_A_i[3][0][2] | S_C_o[3][3][7] |     4.952 | SLOW    |     2.591 | FAST    |
S_A_i[3][0][3] | S_C_o[3][0][3] |     4.255 | SLOW    |     2.206 | FAST    |
S_A_i[3][0][3] | S_C_o[3][0][4] |     4.250 | SLOW    |     2.198 | FAST    |
S_A_i[3][0][3] | S_C_o[3][0][5] |     4.486 | SLOW    |     2.335 | FAST    |
S_A_i[3][0][3] | S_C_o[3][0][6] |     4.715 | SLOW    |     2.468 | FAST    |
S_A_i[3][0][3] | S_C_o[3][0][7] |     4.737 | SLOW    |     2.482 | FAST    |
S_A_i[3][0][3] | S_C_o[3][1][3] |     4.255 | SLOW    |     2.206 | FAST    |
S_A_i[3][0][3] | S_C_o[3][1][4] |     4.250 | SLOW    |     2.198 | FAST    |
S_A_i[3][0][3] | S_C_o[3][1][5] |     4.486 | SLOW    |     2.335 | FAST    |
S_A_i[3][0][3] | S_C_o[3][1][6] |     4.715 | SLOW    |     2.468 | FAST    |
S_A_i[3][0][3] | S_C_o[3][1][7] |     4.737 | SLOW    |     2.482 | FAST    |
S_A_i[3][0][3] | S_C_o[3][2][3] |     4.255 | SLOW    |     2.206 | FAST    |
S_A_i[3][0][3] | S_C_o[3][2][4] |     4.250 | SLOW    |     2.198 | FAST    |
S_A_i[3][0][3] | S_C_o[3][2][5] |     4.486 | SLOW    |     2.335 | FAST    |
S_A_i[3][0][3] | S_C_o[3][2][6] |     4.715 | SLOW    |     2.468 | FAST    |
S_A_i[3][0][3] | S_C_o[3][2][7] |     4.737 | SLOW    |     2.482 | FAST    |
S_A_i[3][0][3] | S_C_o[3][3][3] |     4.255 | SLOW    |     2.206 | FAST    |
S_A_i[3][0][3] | S_C_o[3][3][4] |     4.250 | SLOW    |     2.198 | FAST    |
S_A_i[3][0][3] | S_C_o[3][3][5] |     4.486 | SLOW    |     2.335 | FAST    |
S_A_i[3][0][3] | S_C_o[3][3][6] |     4.715 | SLOW    |     2.468 | FAST    |
S_A_i[3][0][3] | S_C_o[3][3][7] |     4.737 | SLOW    |     2.482 | FAST    |
S_A_i[3][0][4] | S_C_o[3][0][4] |     4.246 | SLOW    |     2.201 | FAST    |
S_A_i[3][0][4] | S_C_o[3][0][5] |     4.463 | SLOW    |     2.316 | FAST    |
S_A_i[3][0][4] | S_C_o[3][0][6] |     4.692 | SLOW    |     2.449 | FAST    |
S_A_i[3][0][4] | S_C_o[3][0][7] |     4.714 | SLOW    |     2.463 | FAST    |
S_A_i[3][0][4] | S_C_o[3][1][4] |     4.246 | SLOW    |     2.201 | FAST    |
S_A_i[3][0][4] | S_C_o[3][1][5] |     4.463 | SLOW    |     2.316 | FAST    |
S_A_i[3][0][4] | S_C_o[3][1][6] |     4.692 | SLOW    |     2.449 | FAST    |
S_A_i[3][0][4] | S_C_o[3][1][7] |     4.714 | SLOW    |     2.463 | FAST    |
S_A_i[3][0][4] | S_C_o[3][2][4] |     4.246 | SLOW    |     2.201 | FAST    |
S_A_i[3][0][4] | S_C_o[3][2][5] |     4.463 | SLOW    |     2.316 | FAST    |
S_A_i[3][0][4] | S_C_o[3][2][6] |     4.692 | SLOW    |     2.449 | FAST    |
S_A_i[3][0][4] | S_C_o[3][2][7] |     4.714 | SLOW    |     2.463 | FAST    |
S_A_i[3][0][4] | S_C_o[3][3][4] |     4.246 | SLOW    |     2.201 | FAST    |
S_A_i[3][0][4] | S_C_o[3][3][5] |     4.463 | SLOW    |     2.316 | FAST    |
S_A_i[3][0][4] | S_C_o[3][3][6] |     4.692 | SLOW    |     2.449 | FAST    |
S_A_i[3][0][4] | S_C_o[3][3][7] |     4.714 | SLOW    |     2.463 | FAST    |
S_A_i[3][0][5] | S_C_o[3][0][5] |     4.246 | SLOW    |     2.201 | FAST    |
S_A_i[3][0][5] | S_C_o[3][0][6] |     4.477 | SLOW    |     2.330 | FAST    |
S_A_i[3][0][5] | S_C_o[3][0][7] |     4.499 | SLOW    |     2.344 | FAST    |
S_A_i[3][0][5] | S_C_o[3][1][5] |     4.246 | SLOW    |     2.201 | FAST    |
S_A_i[3][0][5] | S_C_o[3][1][6] |     4.477 | SLOW    |     2.330 | FAST    |
S_A_i[3][0][5] | S_C_o[3][1][7] |     4.499 | SLOW    |     2.344 | FAST    |
S_A_i[3][0][5] | S_C_o[3][2][5] |     4.246 | SLOW    |     2.201 | FAST    |
S_A_i[3][0][5] | S_C_o[3][2][6] |     4.477 | SLOW    |     2.330 | FAST    |
S_A_i[3][0][5] | S_C_o[3][2][7] |     4.499 | SLOW    |     2.344 | FAST    |
S_A_i[3][0][5] | S_C_o[3][3][5] |     4.246 | SLOW    |     2.201 | FAST    |
S_A_i[3][0][5] | S_C_o[3][3][6] |     4.477 | SLOW    |     2.330 | FAST    |
S_A_i[3][0][5] | S_C_o[3][3][7] |     4.499 | SLOW    |     2.344 | FAST    |
S_A_i[3][0][6] | S_C_o[3][0][6] |     4.246 | SLOW    |     2.201 | FAST    |
S_A_i[3][0][6] | S_C_o[3][0][7] |     4.263 | SLOW    |     2.207 | FAST    |
S_A_i[3][0][6] | S_C_o[3][1][6] |     4.246 | SLOW    |     2.201 | FAST    |
S_A_i[3][0][6] | S_C_o[3][1][7] |     4.263 | SLOW    |     2.207 | FAST    |
S_A_i[3][0][6] | S_C_o[3][2][6] |     4.246 | SLOW    |     2.201 | FAST    |
S_A_i[3][0][6] | S_C_o[3][2][7] |     4.263 | SLOW    |     2.207 | FAST    |
S_A_i[3][0][6] | S_C_o[3][3][6] |     4.246 | SLOW    |     2.201 | FAST    |
S_A_i[3][0][6] | S_C_o[3][3][7] |     4.263 | SLOW    |     2.207 | FAST    |
S_A_i[3][0][7] | S_C_o[3][0][7] |     4.261 | SLOW    |     2.213 | FAST    |
S_A_i[3][0][7] | S_C_o[3][1][7] |     4.261 | SLOW    |     2.213 | FAST    |
S_A_i[3][0][7] | S_C_o[3][2][7] |     4.261 | SLOW    |     2.213 | FAST    |
S_A_i[3][0][7] | S_C_o[3][3][7] |     4.261 | SLOW    |     2.213 | FAST    |
S_B_i[0][0][0] | S_C_o[0][0][0] |     4.261 | SLOW    |     2.209 | FAST    |
S_B_i[0][0][0] | S_C_o[0][0][1] |     4.278 | SLOW    |     2.215 | FAST    |
S_B_i[0][0][0] | S_C_o[0][0][2] |     4.256 | SLOW    |     2.201 | FAST    |
S_B_i[0][0][0] | S_C_o[0][0][3] |     4.494 | SLOW    |     2.329 | FAST    |
S_B_i[0][0][0] | S_C_o[0][0][4] |     4.494 | SLOW    |     2.329 | FAST    |
S_B_i[0][0][0] | S_C_o[0][0][5] |     4.716 | SLOW    |     2.452 | FAST    |
S_B_i[0][0][0] | S_C_o[0][0][6] |     4.945 | SLOW    |     2.585 | FAST    |
S_B_i[0][0][0] | S_C_o[0][0][7] |     4.967 | SLOW    |     2.599 | FAST    |
S_B_i[0][0][0] | S_C_o[1][0][0] |     4.261 | SLOW    |     2.209 | FAST    |
S_B_i[0][0][0] | S_C_o[1][0][1] |     4.278 | SLOW    |     2.215 | FAST    |
S_B_i[0][0][0] | S_C_o[1][0][2] |     4.256 | SLOW    |     2.201 | FAST    |
S_B_i[0][0][0] | S_C_o[1][0][3] |     4.494 | SLOW    |     2.329 | FAST    |
S_B_i[0][0][0] | S_C_o[1][0][4] |     4.494 | SLOW    |     2.329 | FAST    |
S_B_i[0][0][0] | S_C_o[1][0][5] |     4.716 | SLOW    |     2.452 | FAST    |
S_B_i[0][0][0] | S_C_o[1][0][6] |     4.945 | SLOW    |     2.585 | FAST    |
S_B_i[0][0][0] | S_C_o[1][0][7] |     4.967 | SLOW    |     2.599 | FAST    |
S_B_i[0][0][0] | S_C_o[2][0][0] |     4.261 | SLOW    |     2.209 | FAST    |
S_B_i[0][0][0] | S_C_o[2][0][1] |     4.278 | SLOW    |     2.215 | FAST    |
S_B_i[0][0][0] | S_C_o[2][0][2] |     4.256 | SLOW    |     2.201 | FAST    |
S_B_i[0][0][0] | S_C_o[2][0][3] |     4.494 | SLOW    |     2.329 | FAST    |
S_B_i[0][0][0] | S_C_o[2][0][4] |     4.494 | SLOW    |     2.329 | FAST    |
S_B_i[0][0][0] | S_C_o[2][0][5] |     4.716 | SLOW    |     2.452 | FAST    |
S_B_i[0][0][0] | S_C_o[2][0][6] |     4.945 | SLOW    |     2.585 | FAST    |
S_B_i[0][0][0] | S_C_o[2][0][7] |     4.967 | SLOW    |     2.599 | FAST    |
S_B_i[0][0][0] | S_C_o[3][0][0] |     4.261 | SLOW    |     2.209 | FAST    |
S_B_i[0][0][0] | S_C_o[3][0][1] |     4.278 | SLOW    |     2.215 | FAST    |
S_B_i[0][0][0] | S_C_o[3][0][2] |     4.256 | SLOW    |     2.201 | FAST    |
S_B_i[0][0][0] | S_C_o[3][0][3] |     4.494 | SLOW    |     2.329 | FAST    |
S_B_i[0][0][0] | S_C_o[3][0][4] |     4.494 | SLOW    |     2.329 | FAST    |
S_B_i[0][0][0] | S_C_o[3][0][5] |     4.716 | SLOW    |     2.452 | FAST    |
S_B_i[0][0][0] | S_C_o[3][0][6] |     4.945 | SLOW    |     2.585 | FAST    |
S_B_i[0][0][0] | S_C_o[3][0][7] |     4.967 | SLOW    |     2.599 | FAST    |
S_B_i[0][0][1] | S_C_o[0][0][1] |     4.286 | SLOW    |     2.226 | FAST    |
S_B_i[0][0][1] | S_C_o[0][0][2] |     4.250 | SLOW    |     2.198 | FAST    |
S_B_i[0][0][1] | S_C_o[0][0][3] |     4.461 | SLOW    |     2.317 | FAST    |
S_B_i[0][0][1] | S_C_o[0][0][4] |     4.461 | SLOW    |     2.317 | FAST    |
S_B_i[0][0][1] | S_C_o[0][0][5] |     4.683 | SLOW    |     2.440 | FAST    |
S_B_i[0][0][1] | S_C_o[0][0][6] |     4.912 | SLOW    |     2.573 | FAST    |
S_B_i[0][0][1] | S_C_o[0][0][7] |     4.934 | SLOW    |     2.587 | FAST    |
S_B_i[0][0][1] | S_C_o[1][0][1] |     4.286 | SLOW    |     2.226 | FAST    |
S_B_i[0][0][1] | S_C_o[1][0][2] |     4.250 | SLOW    |     2.198 | FAST    |
S_B_i[0][0][1] | S_C_o[1][0][3] |     4.461 | SLOW    |     2.317 | FAST    |
S_B_i[0][0][1] | S_C_o[1][0][4] |     4.461 | SLOW    |     2.317 | FAST    |
S_B_i[0][0][1] | S_C_o[1][0][5] |     4.683 | SLOW    |     2.440 | FAST    |
S_B_i[0][0][1] | S_C_o[1][0][6] |     4.912 | SLOW    |     2.573 | FAST    |
S_B_i[0][0][1] | S_C_o[1][0][7] |     4.934 | SLOW    |     2.587 | FAST    |
S_B_i[0][0][1] | S_C_o[2][0][1] |     4.286 | SLOW    |     2.226 | FAST    |
S_B_i[0][0][1] | S_C_o[2][0][2] |     4.250 | SLOW    |     2.198 | FAST    |
S_B_i[0][0][1] | S_C_o[2][0][3] |     4.461 | SLOW    |     2.317 | FAST    |
S_B_i[0][0][1] | S_C_o[2][0][4] |     4.461 | SLOW    |     2.317 | FAST    |
S_B_i[0][0][1] | S_C_o[2][0][5] |     4.683 | SLOW    |     2.440 | FAST    |
S_B_i[0][0][1] | S_C_o[2][0][6] |     4.912 | SLOW    |     2.573 | FAST    |
S_B_i[0][0][1] | S_C_o[2][0][7] |     4.934 | SLOW    |     2.587 | FAST    |
S_B_i[0][0][1] | S_C_o[3][0][1] |     4.286 | SLOW    |     2.226 | FAST    |
S_B_i[0][0][1] | S_C_o[3][0][2] |     4.250 | SLOW    |     2.198 | FAST    |
S_B_i[0][0][1] | S_C_o[3][0][3] |     4.461 | SLOW    |     2.317 | FAST    |
S_B_i[0][0][1] | S_C_o[3][0][4] |     4.461 | SLOW    |     2.317 | FAST    |
S_B_i[0][0][1] | S_C_o[3][0][5] |     4.683 | SLOW    |     2.440 | FAST    |
S_B_i[0][0][1] | S_C_o[3][0][6] |     4.912 | SLOW    |     2.573 | FAST    |
S_B_i[0][0][1] | S_C_o[3][0][7] |     4.934 | SLOW    |     2.587 | FAST    |
S_B_i[0][0][2] | S_C_o[0][0][2] |     4.246 | SLOW    |     2.201 | FAST    |
S_B_i[0][0][2] | S_C_o[0][0][3] |     4.447 | SLOW    |     2.304 | FAST    |
S_B_i[0][0][2] | S_C_o[0][0][4] |     4.447 | SLOW    |     2.304 | FAST    |
S_B_i[0][0][2] | S_C_o[0][0][5] |     4.669 | SLOW    |     2.427 | FAST    |
S_B_i[0][0][2] | S_C_o[0][0][6] |     4.898 | SLOW    |     2.560 | FAST    |
S_B_i[0][0][2] | S_C_o[0][0][7] |     4.920 | SLOW    |     2.574 | FAST    |
S_B_i[0][0][2] | S_C_o[1][0][2] |     4.246 | SLOW    |     2.201 | FAST    |
S_B_i[0][0][2] | S_C_o[1][0][3] |     4.447 | SLOW    |     2.304 | FAST    |
S_B_i[0][0][2] | S_C_o[1][0][4] |     4.447 | SLOW    |     2.304 | FAST    |
S_B_i[0][0][2] | S_C_o[1][0][5] |     4.669 | SLOW    |     2.427 | FAST    |
S_B_i[0][0][2] | S_C_o[1][0][6] |     4.898 | SLOW    |     2.560 | FAST    |
S_B_i[0][0][2] | S_C_o[1][0][7] |     4.920 | SLOW    |     2.574 | FAST    |
S_B_i[0][0][2] | S_C_o[2][0][2] |     4.246 | SLOW    |     2.201 | FAST    |
S_B_i[0][0][2] | S_C_o[2][0][3] |     4.447 | SLOW    |     2.304 | FAST    |
S_B_i[0][0][2] | S_C_o[2][0][4] |     4.447 | SLOW    |     2.304 | FAST    |
S_B_i[0][0][2] | S_C_o[2][0][5] |     4.669 | SLOW    |     2.427 | FAST    |
S_B_i[0][0][2] | S_C_o[2][0][6] |     4.898 | SLOW    |     2.560 | FAST    |
S_B_i[0][0][2] | S_C_o[2][0][7] |     4.920 | SLOW    |     2.574 | FAST    |
S_B_i[0][0][2] | S_C_o[3][0][2] |     4.246 | SLOW    |     2.201 | FAST    |
S_B_i[0][0][2] | S_C_o[3][0][3] |     4.447 | SLOW    |     2.304 | FAST    |
S_B_i[0][0][2] | S_C_o[3][0][4] |     4.447 | SLOW    |     2.304 | FAST    |
S_B_i[0][0][2] | S_C_o[3][0][5] |     4.669 | SLOW    |     2.427 | FAST    |
S_B_i[0][0][2] | S_C_o[3][0][6] |     4.898 | SLOW    |     2.560 | FAST    |
S_B_i[0][0][2] | S_C_o[3][0][7] |     4.920 | SLOW    |     2.574 | FAST    |
S_B_i[0][0][3] | S_C_o[0][0][3] |     4.255 | SLOW    |     2.206 | FAST    |
S_B_i[0][0][3] | S_C_o[0][0][4] |     4.250 | SLOW    |     2.198 | FAST    |
S_B_i[0][0][3] | S_C_o[0][0][5] |     4.486 | SLOW    |     2.335 | FAST    |
S_B_i[0][0][3] | S_C_o[0][0][6] |     4.715 | SLOW    |     2.468 | FAST    |
S_B_i[0][0][3] | S_C_o[0][0][7] |     4.737 | SLOW    |     2.482 | FAST    |
S_B_i[0][0][3] | S_C_o[1][0][3] |     4.255 | SLOW    |     2.206 | FAST    |
S_B_i[0][0][3] | S_C_o[1][0][4] |     4.250 | SLOW    |     2.198 | FAST    |
S_B_i[0][0][3] | S_C_o[1][0][5] |     4.486 | SLOW    |     2.335 | FAST    |
S_B_i[0][0][3] | S_C_o[1][0][6] |     4.715 | SLOW    |     2.468 | FAST    |
S_B_i[0][0][3] | S_C_o[1][0][7] |     4.737 | SLOW    |     2.482 | FAST    |
S_B_i[0][0][3] | S_C_o[2][0][3] |     4.255 | SLOW    |     2.206 | FAST    |
S_B_i[0][0][3] | S_C_o[2][0][4] |     4.250 | SLOW    |     2.198 | FAST    |
S_B_i[0][0][3] | S_C_o[2][0][5] |     4.486 | SLOW    |     2.335 | FAST    |
S_B_i[0][0][3] | S_C_o[2][0][6] |     4.715 | SLOW    |     2.468 | FAST    |
S_B_i[0][0][3] | S_C_o[2][0][7] |     4.737 | SLOW    |     2.482 | FAST    |
S_B_i[0][0][3] | S_C_o[3][0][3] |     4.255 | SLOW    |     2.206 | FAST    |
S_B_i[0][0][3] | S_C_o[3][0][4] |     4.250 | SLOW    |     2.198 | FAST    |
S_B_i[0][0][3] | S_C_o[3][0][5] |     4.486 | SLOW    |     2.335 | FAST    |
S_B_i[0][0][3] | S_C_o[3][0][6] |     4.715 | SLOW    |     2.468 | FAST    |
S_B_i[0][0][3] | S_C_o[3][0][7] |     4.737 | SLOW    |     2.482 | FAST    |
S_B_i[0][0][4] | S_C_o[0][0][4] |     4.246 | SLOW    |     2.201 | FAST    |
S_B_i[0][0][4] | S_C_o[0][0][5] |     4.463 | SLOW    |     2.316 | FAST    |
S_B_i[0][0][4] | S_C_o[0][0][6] |     4.692 | SLOW    |     2.449 | FAST    |
S_B_i[0][0][4] | S_C_o[0][0][7] |     4.714 | SLOW    |     2.463 | FAST    |
S_B_i[0][0][4] | S_C_o[1][0][4] |     4.246 | SLOW    |     2.201 | FAST    |
S_B_i[0][0][4] | S_C_o[1][0][5] |     4.463 | SLOW    |     2.316 | FAST    |
S_B_i[0][0][4] | S_C_o[1][0][6] |     4.692 | SLOW    |     2.449 | FAST    |
S_B_i[0][0][4] | S_C_o[1][0][7] |     4.714 | SLOW    |     2.463 | FAST    |
S_B_i[0][0][4] | S_C_o[2][0][4] |     4.246 | SLOW    |     2.201 | FAST    |
S_B_i[0][0][4] | S_C_o[2][0][5] |     4.463 | SLOW    |     2.316 | FAST    |
S_B_i[0][0][4] | S_C_o[2][0][6] |     4.692 | SLOW    |     2.449 | FAST    |
S_B_i[0][0][4] | S_C_o[2][0][7] |     4.714 | SLOW    |     2.463 | FAST    |
S_B_i[0][0][4] | S_C_o[3][0][4] |     4.246 | SLOW    |     2.201 | FAST    |
S_B_i[0][0][4] | S_C_o[3][0][5] |     4.463 | SLOW    |     2.316 | FAST    |
S_B_i[0][0][4] | S_C_o[3][0][6] |     4.692 | SLOW    |     2.449 | FAST    |
S_B_i[0][0][4] | S_C_o[3][0][7] |     4.714 | SLOW    |     2.463 | FAST    |
S_B_i[0][0][5] | S_C_o[0][0][5] |     4.246 | SLOW    |     2.201 | FAST    |
S_B_i[0][0][5] | S_C_o[0][0][6] |     4.463 | SLOW    |     2.316 | FAST    |
S_B_i[0][0][5] | S_C_o[0][0][7] |     4.485 | SLOW    |     2.330 | FAST    |
S_B_i[0][0][5] | S_C_o[1][0][5] |     4.246 | SLOW    |     2.201 | FAST    |
S_B_i[0][0][5] | S_C_o[1][0][6] |     4.463 | SLOW    |     2.316 | FAST    |
S_B_i[0][0][5] | S_C_o[1][0][7] |     4.485 | SLOW    |     2.330 | FAST    |
S_B_i[0][0][5] | S_C_o[2][0][5] |     4.246 | SLOW    |     2.201 | FAST    |
S_B_i[0][0][5] | S_C_o[2][0][6] |     4.463 | SLOW    |     2.316 | FAST    |
S_B_i[0][0][5] | S_C_o[2][0][7] |     4.485 | SLOW    |     2.330 | FAST    |
S_B_i[0][0][5] | S_C_o[3][0][5] |     4.246 | SLOW    |     2.201 | FAST    |
S_B_i[0][0][5] | S_C_o[3][0][6] |     4.463 | SLOW    |     2.316 | FAST    |
S_B_i[0][0][5] | S_C_o[3][0][7] |     4.485 | SLOW    |     2.330 | FAST    |
S_B_i[0][0][6] | S_C_o[0][0][6] |     4.246 | SLOW    |     2.201 | FAST    |
S_B_i[0][0][6] | S_C_o[0][0][7] |     4.263 | SLOW    |     2.207 | FAST    |
S_B_i[0][0][6] | S_C_o[1][0][6] |     4.246 | SLOW    |     2.201 | FAST    |
S_B_i[0][0][6] | S_C_o[1][0][7] |     4.263 | SLOW    |     2.207 | FAST    |
S_B_i[0][0][6] | S_C_o[2][0][6] |     4.246 | SLOW    |     2.201 | FAST    |
S_B_i[0][0][6] | S_C_o[2][0][7] |     4.263 | SLOW    |     2.207 | FAST    |
S_B_i[0][0][6] | S_C_o[3][0][6] |     4.246 | SLOW    |     2.201 | FAST    |
S_B_i[0][0][6] | S_C_o[3][0][7] |     4.263 | SLOW    |     2.207 | FAST    |
S_B_i[0][0][7] | S_C_o[0][0][7] |     4.261 | SLOW    |     2.213 | FAST    |
S_B_i[0][0][7] | S_C_o[1][0][7] |     4.261 | SLOW    |     2.213 | FAST    |
S_B_i[0][0][7] | S_C_o[2][0][7] |     4.261 | SLOW    |     2.213 | FAST    |
S_B_i[0][0][7] | S_C_o[3][0][7] |     4.261 | SLOW    |     2.213 | FAST    |
S_B_i[0][1][0] | S_C_o[0][1][0] |     4.261 | SLOW    |     2.209 | FAST    |
S_B_i[0][1][0] | S_C_o[0][1][1] |     4.278 | SLOW    |     2.215 | FAST    |
S_B_i[0][1][0] | S_C_o[0][1][2] |     4.256 | SLOW    |     2.201 | FAST    |
S_B_i[0][1][0] | S_C_o[0][1][3] |     4.494 | SLOW    |     2.329 | FAST    |
S_B_i[0][1][0] | S_C_o[0][1][4] |     4.494 | SLOW    |     2.329 | FAST    |
S_B_i[0][1][0] | S_C_o[0][1][5] |     4.716 | SLOW    |     2.452 | FAST    |
S_B_i[0][1][0] | S_C_o[0][1][6] |     4.945 | SLOW    |     2.585 | FAST    |
S_B_i[0][1][0] | S_C_o[0][1][7] |     4.967 | SLOW    |     2.599 | FAST    |
S_B_i[0][1][0] | S_C_o[1][1][0] |     4.261 | SLOW    |     2.209 | FAST    |
S_B_i[0][1][0] | S_C_o[1][1][1] |     4.278 | SLOW    |     2.215 | FAST    |
S_B_i[0][1][0] | S_C_o[1][1][2] |     4.256 | SLOW    |     2.201 | FAST    |
S_B_i[0][1][0] | S_C_o[1][1][3] |     4.494 | SLOW    |     2.329 | FAST    |
S_B_i[0][1][0] | S_C_o[1][1][4] |     4.494 | SLOW    |     2.329 | FAST    |
S_B_i[0][1][0] | S_C_o[1][1][5] |     4.716 | SLOW    |     2.452 | FAST    |
S_B_i[0][1][0] | S_C_o[1][1][6] |     4.945 | SLOW    |     2.585 | FAST    |
S_B_i[0][1][0] | S_C_o[1][1][7] |     4.967 | SLOW    |     2.599 | FAST    |
S_B_i[0][1][0] | S_C_o[2][1][0] |     4.261 | SLOW    |     2.209 | FAST    |
S_B_i[0][1][0] | S_C_o[2][1][1] |     4.278 | SLOW    |     2.215 | FAST    |
S_B_i[0][1][0] | S_C_o[2][1][2] |     4.256 | SLOW    |     2.201 | FAST    |
S_B_i[0][1][0] | S_C_o[2][1][3] |     4.494 | SLOW    |     2.329 | FAST    |
S_B_i[0][1][0] | S_C_o[2][1][4] |     4.494 | SLOW    |     2.329 | FAST    |
S_B_i[0][1][0] | S_C_o[2][1][5] |     4.716 | SLOW    |     2.452 | FAST    |
S_B_i[0][1][0] | S_C_o[2][1][6] |     4.945 | SLOW    |     2.585 | FAST    |
S_B_i[0][1][0] | S_C_o[2][1][7] |     4.967 | SLOW    |     2.599 | FAST    |
S_B_i[0][1][0] | S_C_o[3][1][0] |     4.261 | SLOW    |     2.209 | FAST    |
S_B_i[0][1][0] | S_C_o[3][1][1] |     4.278 | SLOW    |     2.215 | FAST    |
S_B_i[0][1][0] | S_C_o[3][1][2] |     4.256 | SLOW    |     2.201 | FAST    |
S_B_i[0][1][0] | S_C_o[3][1][3] |     4.494 | SLOW    |     2.329 | FAST    |
S_B_i[0][1][0] | S_C_o[3][1][4] |     4.494 | SLOW    |     2.329 | FAST    |
S_B_i[0][1][0] | S_C_o[3][1][5] |     4.716 | SLOW    |     2.452 | FAST    |
S_B_i[0][1][0] | S_C_o[3][1][6] |     4.945 | SLOW    |     2.585 | FAST    |
S_B_i[0][1][0] | S_C_o[3][1][7] |     4.967 | SLOW    |     2.599 | FAST    |
S_B_i[0][1][1] | S_C_o[0][1][1] |     4.286 | SLOW    |     2.226 | FAST    |
S_B_i[0][1][1] | S_C_o[0][1][2] |     4.250 | SLOW    |     2.198 | FAST    |
S_B_i[0][1][1] | S_C_o[0][1][3] |     4.461 | SLOW    |     2.317 | FAST    |
S_B_i[0][1][1] | S_C_o[0][1][4] |     4.461 | SLOW    |     2.317 | FAST    |
S_B_i[0][1][1] | S_C_o[0][1][5] |     4.683 | SLOW    |     2.440 | FAST    |
S_B_i[0][1][1] | S_C_o[0][1][6] |     4.912 | SLOW    |     2.573 | FAST    |
S_B_i[0][1][1] | S_C_o[0][1][7] |     4.934 | SLOW    |     2.587 | FAST    |
S_B_i[0][1][1] | S_C_o[1][1][1] |     4.286 | SLOW    |     2.226 | FAST    |
S_B_i[0][1][1] | S_C_o[1][1][2] |     4.250 | SLOW    |     2.198 | FAST    |
S_B_i[0][1][1] | S_C_o[1][1][3] |     4.461 | SLOW    |     2.317 | FAST    |
S_B_i[0][1][1] | S_C_o[1][1][4] |     4.461 | SLOW    |     2.317 | FAST    |
S_B_i[0][1][1] | S_C_o[1][1][5] |     4.683 | SLOW    |     2.440 | FAST    |
S_B_i[0][1][1] | S_C_o[1][1][6] |     4.912 | SLOW    |     2.573 | FAST    |
S_B_i[0][1][1] | S_C_o[1][1][7] |     4.934 | SLOW    |     2.587 | FAST    |
S_B_i[0][1][1] | S_C_o[2][1][1] |     4.286 | SLOW    |     2.226 | FAST    |
S_B_i[0][1][1] | S_C_o[2][1][2] |     4.250 | SLOW    |     2.198 | FAST    |
S_B_i[0][1][1] | S_C_o[2][1][3] |     4.461 | SLOW    |     2.317 | FAST    |
S_B_i[0][1][1] | S_C_o[2][1][4] |     4.461 | SLOW    |     2.317 | FAST    |
S_B_i[0][1][1] | S_C_o[2][1][5] |     4.683 | SLOW    |     2.440 | FAST    |
S_B_i[0][1][1] | S_C_o[2][1][6] |     4.912 | SLOW    |     2.573 | FAST    |
S_B_i[0][1][1] | S_C_o[2][1][7] |     4.934 | SLOW    |     2.587 | FAST    |
S_B_i[0][1][1] | S_C_o[3][1][1] |     4.286 | SLOW    |     2.226 | FAST    |
S_B_i[0][1][1] | S_C_o[3][1][2] |     4.250 | SLOW    |     2.198 | FAST    |
S_B_i[0][1][1] | S_C_o[3][1][3] |     4.461 | SLOW    |     2.317 | FAST    |
S_B_i[0][1][1] | S_C_o[3][1][4] |     4.461 | SLOW    |     2.317 | FAST    |
S_B_i[0][1][1] | S_C_o[3][1][5] |     4.683 | SLOW    |     2.440 | FAST    |
S_B_i[0][1][1] | S_C_o[3][1][6] |     4.912 | SLOW    |     2.573 | FAST    |
S_B_i[0][1][1] | S_C_o[3][1][7] |     4.934 | SLOW    |     2.587 | FAST    |
S_B_i[0][1][2] | S_C_o[0][1][2] |     4.246 | SLOW    |     2.201 | FAST    |
S_B_i[0][1][2] | S_C_o[0][1][3] |     4.447 | SLOW    |     2.304 | FAST    |
S_B_i[0][1][2] | S_C_o[0][1][4] |     4.447 | SLOW    |     2.304 | FAST    |
S_B_i[0][1][2] | S_C_o[0][1][5] |     4.669 | SLOW    |     2.427 | FAST    |
S_B_i[0][1][2] | S_C_o[0][1][6] |     4.898 | SLOW    |     2.560 | FAST    |
S_B_i[0][1][2] | S_C_o[0][1][7] |     4.920 | SLOW    |     2.574 | FAST    |
S_B_i[0][1][2] | S_C_o[1][1][2] |     4.246 | SLOW    |     2.201 | FAST    |
S_B_i[0][1][2] | S_C_o[1][1][3] |     4.447 | SLOW    |     2.304 | FAST    |
S_B_i[0][1][2] | S_C_o[1][1][4] |     4.447 | SLOW    |     2.304 | FAST    |
S_B_i[0][1][2] | S_C_o[1][1][5] |     4.669 | SLOW    |     2.427 | FAST    |
S_B_i[0][1][2] | S_C_o[1][1][6] |     4.898 | SLOW    |     2.560 | FAST    |
S_B_i[0][1][2] | S_C_o[1][1][7] |     4.920 | SLOW    |     2.574 | FAST    |
S_B_i[0][1][2] | S_C_o[2][1][2] |     4.246 | SLOW    |     2.201 | FAST    |
S_B_i[0][1][2] | S_C_o[2][1][3] |     4.447 | SLOW    |     2.304 | FAST    |
S_B_i[0][1][2] | S_C_o[2][1][4] |     4.447 | SLOW    |     2.304 | FAST    |
S_B_i[0][1][2] | S_C_o[2][1][5] |     4.669 | SLOW    |     2.427 | FAST    |
S_B_i[0][1][2] | S_C_o[2][1][6] |     4.898 | SLOW    |     2.560 | FAST    |
S_B_i[0][1][2] | S_C_o[2][1][7] |     4.920 | SLOW    |     2.574 | FAST    |
S_B_i[0][1][2] | S_C_o[3][1][2] |     4.246 | SLOW    |     2.201 | FAST    |
S_B_i[0][1][2] | S_C_o[3][1][3] |     4.447 | SLOW    |     2.304 | FAST    |
S_B_i[0][1][2] | S_C_o[3][1][4] |     4.447 | SLOW    |     2.304 | FAST    |
S_B_i[0][1][2] | S_C_o[3][1][5] |     4.669 | SLOW    |     2.427 | FAST    |
S_B_i[0][1][2] | S_C_o[3][1][6] |     4.898 | SLOW    |     2.560 | FAST    |
S_B_i[0][1][2] | S_C_o[3][1][7] |     4.920 | SLOW    |     2.574 | FAST    |
S_B_i[0][1][3] | S_C_o[0][1][3] |     4.255 | SLOW    |     2.206 | FAST    |
S_B_i[0][1][3] | S_C_o[0][1][4] |     4.250 | SLOW    |     2.198 | FAST    |
S_B_i[0][1][3] | S_C_o[0][1][5] |     4.486 | SLOW    |     2.335 | FAST    |
S_B_i[0][1][3] | S_C_o[0][1][6] |     4.715 | SLOW    |     2.468 | FAST    |
S_B_i[0][1][3] | S_C_o[0][1][7] |     4.737 | SLOW    |     2.482 | FAST    |
S_B_i[0][1][3] | S_C_o[1][1][3] |     4.255 | SLOW    |     2.206 | FAST    |
S_B_i[0][1][3] | S_C_o[1][1][4] |     4.250 | SLOW    |     2.198 | FAST    |
S_B_i[0][1][3] | S_C_o[1][1][5] |     4.486 | SLOW    |     2.335 | FAST    |
S_B_i[0][1][3] | S_C_o[1][1][6] |     4.715 | SLOW    |     2.468 | FAST    |
S_B_i[0][1][3] | S_C_o[1][1][7] |     4.737 | SLOW    |     2.482 | FAST    |
S_B_i[0][1][3] | S_C_o[2][1][3] |     4.255 | SLOW    |     2.206 | FAST    |
S_B_i[0][1][3] | S_C_o[2][1][4] |     4.250 | SLOW    |     2.198 | FAST    |
S_B_i[0][1][3] | S_C_o[2][1][5] |     4.486 | SLOW    |     2.335 | FAST    |
S_B_i[0][1][3] | S_C_o[2][1][6] |     4.715 | SLOW    |     2.468 | FAST    |
S_B_i[0][1][3] | S_C_o[2][1][7] |     4.737 | SLOW    |     2.482 | FAST    |
S_B_i[0][1][3] | S_C_o[3][1][3] |     4.255 | SLOW    |     2.206 | FAST    |
S_B_i[0][1][3] | S_C_o[3][1][4] |     4.250 | SLOW    |     2.198 | FAST    |
S_B_i[0][1][3] | S_C_o[3][1][5] |     4.486 | SLOW    |     2.335 | FAST    |
S_B_i[0][1][3] | S_C_o[3][1][6] |     4.715 | SLOW    |     2.468 | FAST    |
S_B_i[0][1][3] | S_C_o[3][1][7] |     4.737 | SLOW    |     2.482 | FAST    |
S_B_i[0][1][4] | S_C_o[0][1][4] |     4.246 | SLOW    |     2.201 | FAST    |
S_B_i[0][1][4] | S_C_o[0][1][5] |     4.463 | SLOW    |     2.316 | FAST    |
S_B_i[0][1][4] | S_C_o[0][1][6] |     4.692 | SLOW    |     2.449 | FAST    |
S_B_i[0][1][4] | S_C_o[0][1][7] |     4.714 | SLOW    |     2.463 | FAST    |
S_B_i[0][1][4] | S_C_o[1][1][4] |     4.246 | SLOW    |     2.201 | FAST    |
S_B_i[0][1][4] | S_C_o[1][1][5] |     4.463 | SLOW    |     2.316 | FAST    |
S_B_i[0][1][4] | S_C_o[1][1][6] |     4.692 | SLOW    |     2.449 | FAST    |
S_B_i[0][1][4] | S_C_o[1][1][7] |     4.714 | SLOW    |     2.463 | FAST    |
S_B_i[0][1][4] | S_C_o[2][1][4] |     4.246 | SLOW    |     2.201 | FAST    |
S_B_i[0][1][4] | S_C_o[2][1][5] |     4.463 | SLOW    |     2.316 | FAST    |
S_B_i[0][1][4] | S_C_o[2][1][6] |     4.692 | SLOW    |     2.449 | FAST    |
S_B_i[0][1][4] | S_C_o[2][1][7] |     4.714 | SLOW    |     2.463 | FAST    |
S_B_i[0][1][4] | S_C_o[3][1][4] |     4.246 | SLOW    |     2.201 | FAST    |
S_B_i[0][1][4] | S_C_o[3][1][5] |     4.463 | SLOW    |     2.316 | FAST    |
S_B_i[0][1][4] | S_C_o[3][1][6] |     4.692 | SLOW    |     2.449 | FAST    |
S_B_i[0][1][4] | S_C_o[3][1][7] |     4.714 | SLOW    |     2.463 | FAST    |
S_B_i[0][1][5] | S_C_o[0][1][5] |     4.246 | SLOW    |     2.201 | FAST    |
S_B_i[0][1][5] | S_C_o[0][1][6] |     4.463 | SLOW    |     2.316 | FAST    |
S_B_i[0][1][5] | S_C_o[0][1][7] |     4.485 | SLOW    |     2.330 | FAST    |
S_B_i[0][1][5] | S_C_o[1][1][5] |     4.246 | SLOW    |     2.201 | FAST    |
S_B_i[0][1][5] | S_C_o[1][1][6] |     4.463 | SLOW    |     2.316 | FAST    |
S_B_i[0][1][5] | S_C_o[1][1][7] |     4.485 | SLOW    |     2.330 | FAST    |
S_B_i[0][1][5] | S_C_o[2][1][5] |     4.246 | SLOW    |     2.201 | FAST    |
S_B_i[0][1][5] | S_C_o[2][1][6] |     4.463 | SLOW    |     2.316 | FAST    |
S_B_i[0][1][5] | S_C_o[2][1][7] |     4.485 | SLOW    |     2.330 | FAST    |
S_B_i[0][1][5] | S_C_o[3][1][5] |     4.246 | SLOW    |     2.201 | FAST    |
S_B_i[0][1][5] | S_C_o[3][1][6] |     4.463 | SLOW    |     2.316 | FAST    |
S_B_i[0][1][5] | S_C_o[3][1][7] |     4.485 | SLOW    |     2.330 | FAST    |
S_B_i[0][1][6] | S_C_o[0][1][6] |     4.246 | SLOW    |     2.201 | FAST    |
S_B_i[0][1][6] | S_C_o[0][1][7] |     4.263 | SLOW    |     2.207 | FAST    |
S_B_i[0][1][6] | S_C_o[1][1][6] |     4.246 | SLOW    |     2.201 | FAST    |
S_B_i[0][1][6] | S_C_o[1][1][7] |     4.263 | SLOW    |     2.207 | FAST    |
S_B_i[0][1][6] | S_C_o[2][1][6] |     4.246 | SLOW    |     2.201 | FAST    |
S_B_i[0][1][6] | S_C_o[2][1][7] |     4.263 | SLOW    |     2.207 | FAST    |
S_B_i[0][1][6] | S_C_o[3][1][6] |     4.246 | SLOW    |     2.201 | FAST    |
S_B_i[0][1][6] | S_C_o[3][1][7] |     4.263 | SLOW    |     2.207 | FAST    |
S_B_i[0][1][7] | S_C_o[0][1][7] |     4.261 | SLOW    |     2.213 | FAST    |
S_B_i[0][1][7] | S_C_o[1][1][7] |     4.261 | SLOW    |     2.213 | FAST    |
S_B_i[0][1][7] | S_C_o[2][1][7] |     4.261 | SLOW    |     2.213 | FAST    |
S_B_i[0][1][7] | S_C_o[3][1][7] |     4.261 | SLOW    |     2.213 | FAST    |
S_B_i[0][2][0] | S_C_o[0][2][0] |     4.261 | SLOW    |     2.209 | FAST    |
S_B_i[0][2][0] | S_C_o[0][2][1] |     4.278 | SLOW    |     2.215 | FAST    |
S_B_i[0][2][0] | S_C_o[0][2][2] |     4.256 | SLOW    |     2.201 | FAST    |
S_B_i[0][2][0] | S_C_o[0][2][3] |     4.494 | SLOW    |     2.329 | FAST    |
S_B_i[0][2][0] | S_C_o[0][2][4] |     4.494 | SLOW    |     2.329 | FAST    |
S_B_i[0][2][0] | S_C_o[0][2][5] |     4.716 | SLOW    |     2.452 | FAST    |
S_B_i[0][2][0] | S_C_o[0][2][6] |     4.945 | SLOW    |     2.585 | FAST    |
S_B_i[0][2][0] | S_C_o[0][2][7] |     4.967 | SLOW    |     2.599 | FAST    |
S_B_i[0][2][0] | S_C_o[1][2][0] |     4.261 | SLOW    |     2.209 | FAST    |
S_B_i[0][2][0] | S_C_o[1][2][1] |     4.278 | SLOW    |     2.215 | FAST    |
S_B_i[0][2][0] | S_C_o[1][2][2] |     4.256 | SLOW    |     2.201 | FAST    |
S_B_i[0][2][0] | S_C_o[1][2][3] |     4.494 | SLOW    |     2.329 | FAST    |
S_B_i[0][2][0] | S_C_o[1][2][4] |     4.494 | SLOW    |     2.329 | FAST    |
S_B_i[0][2][0] | S_C_o[1][2][5] |     4.716 | SLOW    |     2.452 | FAST    |
S_B_i[0][2][0] | S_C_o[1][2][6] |     4.945 | SLOW    |     2.585 | FAST    |
S_B_i[0][2][0] | S_C_o[1][2][7] |     4.967 | SLOW    |     2.599 | FAST    |
S_B_i[0][2][0] | S_C_o[2][2][0] |     4.261 | SLOW    |     2.209 | FAST    |
S_B_i[0][2][0] | S_C_o[2][2][1] |     4.278 | SLOW    |     2.215 | FAST    |
S_B_i[0][2][0] | S_C_o[2][2][2] |     4.256 | SLOW    |     2.201 | FAST    |
S_B_i[0][2][0] | S_C_o[2][2][3] |     4.494 | SLOW    |     2.329 | FAST    |
S_B_i[0][2][0] | S_C_o[2][2][4] |     4.494 | SLOW    |     2.329 | FAST    |
S_B_i[0][2][0] | S_C_o[2][2][5] |     4.716 | SLOW    |     2.452 | FAST    |
S_B_i[0][2][0] | S_C_o[2][2][6] |     4.945 | SLOW    |     2.585 | FAST    |
S_B_i[0][2][0] | S_C_o[2][2][7] |     4.967 | SLOW    |     2.599 | FAST    |
S_B_i[0][2][0] | S_C_o[3][2][0] |     4.261 | SLOW    |     2.209 | FAST    |
S_B_i[0][2][0] | S_C_o[3][2][1] |     4.278 | SLOW    |     2.215 | FAST    |
S_B_i[0][2][0] | S_C_o[3][2][2] |     4.256 | SLOW    |     2.201 | FAST    |
S_B_i[0][2][0] | S_C_o[3][2][3] |     4.494 | SLOW    |     2.329 | FAST    |
S_B_i[0][2][0] | S_C_o[3][2][4] |     4.494 | SLOW    |     2.329 | FAST    |
S_B_i[0][2][0] | S_C_o[3][2][5] |     4.716 | SLOW    |     2.452 | FAST    |
S_B_i[0][2][0] | S_C_o[3][2][6] |     4.945 | SLOW    |     2.585 | FAST    |
S_B_i[0][2][0] | S_C_o[3][2][7] |     4.967 | SLOW    |     2.599 | FAST    |
S_B_i[0][2][1] | S_C_o[0][2][1] |     4.286 | SLOW    |     2.226 | FAST    |
S_B_i[0][2][1] | S_C_o[0][2][2] |     4.250 | SLOW    |     2.198 | FAST    |
S_B_i[0][2][1] | S_C_o[0][2][3] |     4.461 | SLOW    |     2.317 | FAST    |
S_B_i[0][2][1] | S_C_o[0][2][4] |     4.461 | SLOW    |     2.317 | FAST    |
S_B_i[0][2][1] | S_C_o[0][2][5] |     4.683 | SLOW    |     2.440 | FAST    |
S_B_i[0][2][1] | S_C_o[0][2][6] |     4.912 | SLOW    |     2.573 | FAST    |
S_B_i[0][2][1] | S_C_o[0][2][7] |     4.934 | SLOW    |     2.587 | FAST    |
S_B_i[0][2][1] | S_C_o[1][2][1] |     4.286 | SLOW    |     2.226 | FAST    |
S_B_i[0][2][1] | S_C_o[1][2][2] |     4.250 | SLOW    |     2.198 | FAST    |
S_B_i[0][2][1] | S_C_o[1][2][3] |     4.461 | SLOW    |     2.317 | FAST    |
S_B_i[0][2][1] | S_C_o[1][2][4] |     4.461 | SLOW    |     2.317 | FAST    |
S_B_i[0][2][1] | S_C_o[1][2][5] |     4.683 | SLOW    |     2.440 | FAST    |
S_B_i[0][2][1] | S_C_o[1][2][6] |     4.912 | SLOW    |     2.573 | FAST    |
S_B_i[0][2][1] | S_C_o[1][2][7] |     4.934 | SLOW    |     2.587 | FAST    |
S_B_i[0][2][1] | S_C_o[2][2][1] |     4.286 | SLOW    |     2.226 | FAST    |
S_B_i[0][2][1] | S_C_o[2][2][2] |     4.250 | SLOW    |     2.198 | FAST    |
S_B_i[0][2][1] | S_C_o[2][2][3] |     4.461 | SLOW    |     2.317 | FAST    |
S_B_i[0][2][1] | S_C_o[2][2][4] |     4.461 | SLOW    |     2.317 | FAST    |
S_B_i[0][2][1] | S_C_o[2][2][5] |     4.683 | SLOW    |     2.440 | FAST    |
S_B_i[0][2][1] | S_C_o[2][2][6] |     4.912 | SLOW    |     2.573 | FAST    |
S_B_i[0][2][1] | S_C_o[2][2][7] |     4.934 | SLOW    |     2.587 | FAST    |
S_B_i[0][2][1] | S_C_o[3][2][1] |     4.286 | SLOW    |     2.226 | FAST    |
S_B_i[0][2][1] | S_C_o[3][2][2] |     4.250 | SLOW    |     2.198 | FAST    |
S_B_i[0][2][1] | S_C_o[3][2][3] |     4.461 | SLOW    |     2.317 | FAST    |
S_B_i[0][2][1] | S_C_o[3][2][4] |     4.461 | SLOW    |     2.317 | FAST    |
S_B_i[0][2][1] | S_C_o[3][2][5] |     4.683 | SLOW    |     2.440 | FAST    |
S_B_i[0][2][1] | S_C_o[3][2][6] |     4.912 | SLOW    |     2.573 | FAST    |
S_B_i[0][2][1] | S_C_o[3][2][7] |     4.934 | SLOW    |     2.587 | FAST    |
S_B_i[0][2][2] | S_C_o[0][2][2] |     4.246 | SLOW    |     2.201 | FAST    |
S_B_i[0][2][2] | S_C_o[0][2][3] |     4.447 | SLOW    |     2.304 | FAST    |
S_B_i[0][2][2] | S_C_o[0][2][4] |     4.447 | SLOW    |     2.304 | FAST    |
S_B_i[0][2][2] | S_C_o[0][2][5] |     4.669 | SLOW    |     2.427 | FAST    |
S_B_i[0][2][2] | S_C_o[0][2][6] |     4.898 | SLOW    |     2.560 | FAST    |
S_B_i[0][2][2] | S_C_o[0][2][7] |     4.920 | SLOW    |     2.574 | FAST    |
S_B_i[0][2][2] | S_C_o[1][2][2] |     4.246 | SLOW    |     2.201 | FAST    |
S_B_i[0][2][2] | S_C_o[1][2][3] |     4.447 | SLOW    |     2.304 | FAST    |
S_B_i[0][2][2] | S_C_o[1][2][4] |     4.447 | SLOW    |     2.304 | FAST    |
S_B_i[0][2][2] | S_C_o[1][2][5] |     4.669 | SLOW    |     2.427 | FAST    |
S_B_i[0][2][2] | S_C_o[1][2][6] |     4.898 | SLOW    |     2.560 | FAST    |
S_B_i[0][2][2] | S_C_o[1][2][7] |     4.920 | SLOW    |     2.574 | FAST    |
S_B_i[0][2][2] | S_C_o[2][2][2] |     4.246 | SLOW    |     2.201 | FAST    |
S_B_i[0][2][2] | S_C_o[2][2][3] |     4.447 | SLOW    |     2.304 | FAST    |
S_B_i[0][2][2] | S_C_o[2][2][4] |     4.447 | SLOW    |     2.304 | FAST    |
S_B_i[0][2][2] | S_C_o[2][2][5] |     4.669 | SLOW    |     2.427 | FAST    |
S_B_i[0][2][2] | S_C_o[2][2][6] |     4.898 | SLOW    |     2.560 | FAST    |
S_B_i[0][2][2] | S_C_o[2][2][7] |     4.920 | SLOW    |     2.574 | FAST    |
S_B_i[0][2][2] | S_C_o[3][2][2] |     4.246 | SLOW    |     2.201 | FAST    |
S_B_i[0][2][2] | S_C_o[3][2][3] |     4.447 | SLOW    |     2.304 | FAST    |
S_B_i[0][2][2] | S_C_o[3][2][4] |     4.447 | SLOW    |     2.304 | FAST    |
S_B_i[0][2][2] | S_C_o[3][2][5] |     4.669 | SLOW    |     2.427 | FAST    |
S_B_i[0][2][2] | S_C_o[3][2][6] |     4.898 | SLOW    |     2.560 | FAST    |
S_B_i[0][2][2] | S_C_o[3][2][7] |     4.920 | SLOW    |     2.574 | FAST    |
S_B_i[0][2][3] | S_C_o[0][2][3] |     4.255 | SLOW    |     2.206 | FAST    |
S_B_i[0][2][3] | S_C_o[0][2][4] |     4.250 | SLOW    |     2.198 | FAST    |
S_B_i[0][2][3] | S_C_o[0][2][5] |     4.486 | SLOW    |     2.335 | FAST    |
S_B_i[0][2][3] | S_C_o[0][2][6] |     4.715 | SLOW    |     2.468 | FAST    |
S_B_i[0][2][3] | S_C_o[0][2][7] |     4.737 | SLOW    |     2.482 | FAST    |
S_B_i[0][2][3] | S_C_o[1][2][3] |     4.255 | SLOW    |     2.206 | FAST    |
S_B_i[0][2][3] | S_C_o[1][2][4] |     4.250 | SLOW    |     2.198 | FAST    |
S_B_i[0][2][3] | S_C_o[1][2][5] |     4.486 | SLOW    |     2.335 | FAST    |
S_B_i[0][2][3] | S_C_o[1][2][6] |     4.715 | SLOW    |     2.468 | FAST    |
S_B_i[0][2][3] | S_C_o[1][2][7] |     4.737 | SLOW    |     2.482 | FAST    |
S_B_i[0][2][3] | S_C_o[2][2][3] |     4.255 | SLOW    |     2.206 | FAST    |
S_B_i[0][2][3] | S_C_o[2][2][4] |     4.250 | SLOW    |     2.198 | FAST    |
S_B_i[0][2][3] | S_C_o[2][2][5] |     4.486 | SLOW    |     2.335 | FAST    |
S_B_i[0][2][3] | S_C_o[2][2][6] |     4.715 | SLOW    |     2.468 | FAST    |
S_B_i[0][2][3] | S_C_o[2][2][7] |     4.737 | SLOW    |     2.482 | FAST    |
S_B_i[0][2][3] | S_C_o[3][2][3] |     4.255 | SLOW    |     2.206 | FAST    |
S_B_i[0][2][3] | S_C_o[3][2][4] |     4.250 | SLOW    |     2.198 | FAST    |
S_B_i[0][2][3] | S_C_o[3][2][5] |     4.486 | SLOW    |     2.335 | FAST    |
S_B_i[0][2][3] | S_C_o[3][2][6] |     4.715 | SLOW    |     2.468 | FAST    |
S_B_i[0][2][3] | S_C_o[3][2][7] |     4.737 | SLOW    |     2.482 | FAST    |
S_B_i[0][2][4] | S_C_o[0][2][4] |     4.246 | SLOW    |     2.201 | FAST    |
S_B_i[0][2][4] | S_C_o[0][2][5] |     4.463 | SLOW    |     2.316 | FAST    |
S_B_i[0][2][4] | S_C_o[0][2][6] |     4.692 | SLOW    |     2.449 | FAST    |
S_B_i[0][2][4] | S_C_o[0][2][7] |     4.714 | SLOW    |     2.463 | FAST    |
S_B_i[0][2][4] | S_C_o[1][2][4] |     4.246 | SLOW    |     2.201 | FAST    |
S_B_i[0][2][4] | S_C_o[1][2][5] |     4.463 | SLOW    |     2.316 | FAST    |
S_B_i[0][2][4] | S_C_o[1][2][6] |     4.692 | SLOW    |     2.449 | FAST    |
S_B_i[0][2][4] | S_C_o[1][2][7] |     4.714 | SLOW    |     2.463 | FAST    |
S_B_i[0][2][4] | S_C_o[2][2][4] |     4.246 | SLOW    |     2.201 | FAST    |
S_B_i[0][2][4] | S_C_o[2][2][5] |     4.463 | SLOW    |     2.316 | FAST    |
S_B_i[0][2][4] | S_C_o[2][2][6] |     4.692 | SLOW    |     2.449 | FAST    |
S_B_i[0][2][4] | S_C_o[2][2][7] |     4.714 | SLOW    |     2.463 | FAST    |
S_B_i[0][2][4] | S_C_o[3][2][4] |     4.246 | SLOW    |     2.201 | FAST    |
S_B_i[0][2][4] | S_C_o[3][2][5] |     4.463 | SLOW    |     2.316 | FAST    |
S_B_i[0][2][4] | S_C_o[3][2][6] |     4.692 | SLOW    |     2.449 | FAST    |
S_B_i[0][2][4] | S_C_o[3][2][7] |     4.714 | SLOW    |     2.463 | FAST    |
S_B_i[0][2][5] | S_C_o[0][2][5] |     4.246 | SLOW    |     2.201 | FAST    |
S_B_i[0][2][5] | S_C_o[0][2][6] |     4.463 | SLOW    |     2.316 | FAST    |
S_B_i[0][2][5] | S_C_o[0][2][7] |     4.485 | SLOW    |     2.330 | FAST    |
S_B_i[0][2][5] | S_C_o[1][2][5] |     4.246 | SLOW    |     2.201 | FAST    |
S_B_i[0][2][5] | S_C_o[1][2][6] |     4.463 | SLOW    |     2.316 | FAST    |
S_B_i[0][2][5] | S_C_o[1][2][7] |     4.485 | SLOW    |     2.330 | FAST    |
S_B_i[0][2][5] | S_C_o[2][2][5] |     4.246 | SLOW    |     2.201 | FAST    |
S_B_i[0][2][5] | S_C_o[2][2][6] |     4.463 | SLOW    |     2.316 | FAST    |
S_B_i[0][2][5] | S_C_o[2][2][7] |     4.485 | SLOW    |     2.330 | FAST    |
S_B_i[0][2][5] | S_C_o[3][2][5] |     4.246 | SLOW    |     2.201 | FAST    |
S_B_i[0][2][5] | S_C_o[3][2][6] |     4.463 | SLOW    |     2.316 | FAST    |
S_B_i[0][2][5] | S_C_o[3][2][7] |     4.485 | SLOW    |     2.330 | FAST    |
S_B_i[0][2][6] | S_C_o[0][2][6] |     4.246 | SLOW    |     2.201 | FAST    |
S_B_i[0][2][6] | S_C_o[0][2][7] |     4.263 | SLOW    |     2.207 | FAST    |
S_B_i[0][2][6] | S_C_o[1][2][6] |     4.246 | SLOW    |     2.201 | FAST    |
S_B_i[0][2][6] | S_C_o[1][2][7] |     4.263 | SLOW    |     2.207 | FAST    |
S_B_i[0][2][6] | S_C_o[2][2][6] |     4.246 | SLOW    |     2.201 | FAST    |
S_B_i[0][2][6] | S_C_o[2][2][7] |     4.263 | SLOW    |     2.207 | FAST    |
S_B_i[0][2][6] | S_C_o[3][2][6] |     4.246 | SLOW    |     2.201 | FAST    |
S_B_i[0][2][6] | S_C_o[3][2][7] |     4.263 | SLOW    |     2.207 | FAST    |
S_B_i[0][2][7] | S_C_o[0][2][7] |     4.261 | SLOW    |     2.213 | FAST    |
S_B_i[0][2][7] | S_C_o[1][2][7] |     4.261 | SLOW    |     2.213 | FAST    |
S_B_i[0][2][7] | S_C_o[2][2][7] |     4.261 | SLOW    |     2.213 | FAST    |
S_B_i[0][2][7] | S_C_o[3][2][7] |     4.261 | SLOW    |     2.213 | FAST    |
S_B_i[0][3][0] | S_C_o[0][3][0] |     4.261 | SLOW    |     2.209 | FAST    |
S_B_i[0][3][0] | S_C_o[0][3][1] |     4.278 | SLOW    |     2.215 | FAST    |
S_B_i[0][3][0] | S_C_o[0][3][2] |     4.256 | SLOW    |     2.201 | FAST    |
S_B_i[0][3][0] | S_C_o[0][3][3] |     4.494 | SLOW    |     2.329 | FAST    |
S_B_i[0][3][0] | S_C_o[0][3][4] |     4.494 | SLOW    |     2.329 | FAST    |
S_B_i[0][3][0] | S_C_o[0][3][5] |     4.716 | SLOW    |     2.452 | FAST    |
S_B_i[0][3][0] | S_C_o[0][3][6] |     4.945 | SLOW    |     2.585 | FAST    |
S_B_i[0][3][0] | S_C_o[0][3][7] |     4.967 | SLOW    |     2.599 | FAST    |
S_B_i[0][3][0] | S_C_o[1][3][0] |     4.261 | SLOW    |     2.209 | FAST    |
S_B_i[0][3][0] | S_C_o[1][3][1] |     4.278 | SLOW    |     2.215 | FAST    |
S_B_i[0][3][0] | S_C_o[1][3][2] |     4.256 | SLOW    |     2.201 | FAST    |
S_B_i[0][3][0] | S_C_o[1][3][3] |     4.494 | SLOW    |     2.329 | FAST    |
S_B_i[0][3][0] | S_C_o[1][3][4] |     4.494 | SLOW    |     2.329 | FAST    |
S_B_i[0][3][0] | S_C_o[1][3][5] |     4.716 | SLOW    |     2.452 | FAST    |
S_B_i[0][3][0] | S_C_o[1][3][6] |     4.945 | SLOW    |     2.585 | FAST    |
S_B_i[0][3][0] | S_C_o[1][3][7] |     4.967 | SLOW    |     2.599 | FAST    |
S_B_i[0][3][0] | S_C_o[2][3][0] |     4.261 | SLOW    |     2.209 | FAST    |
S_B_i[0][3][0] | S_C_o[2][3][1] |     4.278 | SLOW    |     2.215 | FAST    |
S_B_i[0][3][0] | S_C_o[2][3][2] |     4.256 | SLOW    |     2.201 | FAST    |
S_B_i[0][3][0] | S_C_o[2][3][3] |     4.494 | SLOW    |     2.329 | FAST    |
S_B_i[0][3][0] | S_C_o[2][3][4] |     4.494 | SLOW    |     2.329 | FAST    |
S_B_i[0][3][0] | S_C_o[2][3][5] |     4.716 | SLOW    |     2.452 | FAST    |
S_B_i[0][3][0] | S_C_o[2][3][6] |     4.945 | SLOW    |     2.585 | FAST    |
S_B_i[0][3][0] | S_C_o[2][3][7] |     4.967 | SLOW    |     2.599 | FAST    |
S_B_i[0][3][0] | S_C_o[3][3][0] |     4.261 | SLOW    |     2.209 | FAST    |
S_B_i[0][3][0] | S_C_o[3][3][1] |     4.278 | SLOW    |     2.215 | FAST    |
S_B_i[0][3][0] | S_C_o[3][3][2] |     4.256 | SLOW    |     2.201 | FAST    |
S_B_i[0][3][0] | S_C_o[3][3][3] |     4.494 | SLOW    |     2.329 | FAST    |
S_B_i[0][3][0] | S_C_o[3][3][4] |     4.494 | SLOW    |     2.329 | FAST    |
S_B_i[0][3][0] | S_C_o[3][3][5] |     4.716 | SLOW    |     2.452 | FAST    |
S_B_i[0][3][0] | S_C_o[3][3][6] |     4.945 | SLOW    |     2.585 | FAST    |
S_B_i[0][3][0] | S_C_o[3][3][7] |     4.967 | SLOW    |     2.599 | FAST    |
S_B_i[0][3][1] | S_C_o[0][3][1] |     4.286 | SLOW    |     2.226 | FAST    |
S_B_i[0][3][1] | S_C_o[0][3][2] |     4.250 | SLOW    |     2.198 | FAST    |
S_B_i[0][3][1] | S_C_o[0][3][3] |     4.461 | SLOW    |     2.317 | FAST    |
S_B_i[0][3][1] | S_C_o[0][3][4] |     4.461 | SLOW    |     2.317 | FAST    |
S_B_i[0][3][1] | S_C_o[0][3][5] |     4.683 | SLOW    |     2.440 | FAST    |
S_B_i[0][3][1] | S_C_o[0][3][6] |     4.912 | SLOW    |     2.573 | FAST    |
S_B_i[0][3][1] | S_C_o[0][3][7] |     4.934 | SLOW    |     2.587 | FAST    |
S_B_i[0][3][1] | S_C_o[1][3][1] |     4.286 | SLOW    |     2.226 | FAST    |
S_B_i[0][3][1] | S_C_o[1][3][2] |     4.250 | SLOW    |     2.198 | FAST    |
S_B_i[0][3][1] | S_C_o[1][3][3] |     4.461 | SLOW    |     2.317 | FAST    |
S_B_i[0][3][1] | S_C_o[1][3][4] |     4.461 | SLOW    |     2.317 | FAST    |
S_B_i[0][3][1] | S_C_o[1][3][5] |     4.683 | SLOW    |     2.440 | FAST    |
S_B_i[0][3][1] | S_C_o[1][3][6] |     4.912 | SLOW    |     2.573 | FAST    |
S_B_i[0][3][1] | S_C_o[1][3][7] |     4.934 | SLOW    |     2.587 | FAST    |
S_B_i[0][3][1] | S_C_o[2][3][1] |     4.286 | SLOW    |     2.226 | FAST    |
S_B_i[0][3][1] | S_C_o[2][3][2] |     4.250 | SLOW    |     2.198 | FAST    |
S_B_i[0][3][1] | S_C_o[2][3][3] |     4.461 | SLOW    |     2.317 | FAST    |
S_B_i[0][3][1] | S_C_o[2][3][4] |     4.461 | SLOW    |     2.317 | FAST    |
S_B_i[0][3][1] | S_C_o[2][3][5] |     4.683 | SLOW    |     2.440 | FAST    |
S_B_i[0][3][1] | S_C_o[2][3][6] |     4.912 | SLOW    |     2.573 | FAST    |
S_B_i[0][3][1] | S_C_o[2][3][7] |     4.934 | SLOW    |     2.587 | FAST    |
S_B_i[0][3][1] | S_C_o[3][3][1] |     4.286 | SLOW    |     2.226 | FAST    |
S_B_i[0][3][1] | S_C_o[3][3][2] |     4.250 | SLOW    |     2.198 | FAST    |
S_B_i[0][3][1] | S_C_o[3][3][3] |     4.461 | SLOW    |     2.317 | FAST    |
S_B_i[0][3][1] | S_C_o[3][3][4] |     4.461 | SLOW    |     2.317 | FAST    |
S_B_i[0][3][1] | S_C_o[3][3][5] |     4.683 | SLOW    |     2.440 | FAST    |
S_B_i[0][3][1] | S_C_o[3][3][6] |     4.912 | SLOW    |     2.573 | FAST    |
S_B_i[0][3][1] | S_C_o[3][3][7] |     4.934 | SLOW    |     2.587 | FAST    |
S_B_i[0][3][2] | S_C_o[0][3][2] |     4.246 | SLOW    |     2.201 | FAST    |
S_B_i[0][3][2] | S_C_o[0][3][3] |     4.447 | SLOW    |     2.304 | FAST    |
S_B_i[0][3][2] | S_C_o[0][3][4] |     4.447 | SLOW    |     2.304 | FAST    |
S_B_i[0][3][2] | S_C_o[0][3][5] |     4.669 | SLOW    |     2.427 | FAST    |
S_B_i[0][3][2] | S_C_o[0][3][6] |     4.898 | SLOW    |     2.560 | FAST    |
S_B_i[0][3][2] | S_C_o[0][3][7] |     4.920 | SLOW    |     2.574 | FAST    |
S_B_i[0][3][2] | S_C_o[1][3][2] |     4.246 | SLOW    |     2.201 | FAST    |
S_B_i[0][3][2] | S_C_o[1][3][3] |     4.447 | SLOW    |     2.304 | FAST    |
S_B_i[0][3][2] | S_C_o[1][3][4] |     4.447 | SLOW    |     2.304 | FAST    |
S_B_i[0][3][2] | S_C_o[1][3][5] |     4.669 | SLOW    |     2.427 | FAST    |
S_B_i[0][3][2] | S_C_o[1][3][6] |     4.898 | SLOW    |     2.560 | FAST    |
S_B_i[0][3][2] | S_C_o[1][3][7] |     4.920 | SLOW    |     2.574 | FAST    |
S_B_i[0][3][2] | S_C_o[2][3][2] |     4.246 | SLOW    |     2.201 | FAST    |
S_B_i[0][3][2] | S_C_o[2][3][3] |     4.447 | SLOW    |     2.304 | FAST    |
S_B_i[0][3][2] | S_C_o[2][3][4] |     4.447 | SLOW    |     2.304 | FAST    |
S_B_i[0][3][2] | S_C_o[2][3][5] |     4.669 | SLOW    |     2.427 | FAST    |
S_B_i[0][3][2] | S_C_o[2][3][6] |     4.898 | SLOW    |     2.560 | FAST    |
S_B_i[0][3][2] | S_C_o[2][3][7] |     4.920 | SLOW    |     2.574 | FAST    |
S_B_i[0][3][2] | S_C_o[3][3][2] |     4.246 | SLOW    |     2.201 | FAST    |
S_B_i[0][3][2] | S_C_o[3][3][3] |     4.447 | SLOW    |     2.304 | FAST    |
S_B_i[0][3][2] | S_C_o[3][3][4] |     4.447 | SLOW    |     2.304 | FAST    |
S_B_i[0][3][2] | S_C_o[3][3][5] |     4.669 | SLOW    |     2.427 | FAST    |
S_B_i[0][3][2] | S_C_o[3][3][6] |     4.898 | SLOW    |     2.560 | FAST    |
S_B_i[0][3][2] | S_C_o[3][3][7] |     4.920 | SLOW    |     2.574 | FAST    |
S_B_i[0][3][3] | S_C_o[0][3][3] |     4.255 | SLOW    |     2.206 | FAST    |
S_B_i[0][3][3] | S_C_o[0][3][4] |     4.250 | SLOW    |     2.198 | FAST    |
S_B_i[0][3][3] | S_C_o[0][3][5] |     4.486 | SLOW    |     2.335 | FAST    |
S_B_i[0][3][3] | S_C_o[0][3][6] |     4.715 | SLOW    |     2.468 | FAST    |
S_B_i[0][3][3] | S_C_o[0][3][7] |     4.737 | SLOW    |     2.482 | FAST    |
S_B_i[0][3][3] | S_C_o[1][3][3] |     4.255 | SLOW    |     2.206 | FAST    |
S_B_i[0][3][3] | S_C_o[1][3][4] |     4.250 | SLOW    |     2.198 | FAST    |
S_B_i[0][3][3] | S_C_o[1][3][5] |     4.486 | SLOW    |     2.335 | FAST    |
S_B_i[0][3][3] | S_C_o[1][3][6] |     4.715 | SLOW    |     2.468 | FAST    |
S_B_i[0][3][3] | S_C_o[1][3][7] |     4.737 | SLOW    |     2.482 | FAST    |
S_B_i[0][3][3] | S_C_o[2][3][3] |     4.255 | SLOW    |     2.206 | FAST    |
S_B_i[0][3][3] | S_C_o[2][3][4] |     4.250 | SLOW    |     2.198 | FAST    |
S_B_i[0][3][3] | S_C_o[2][3][5] |     4.486 | SLOW    |     2.335 | FAST    |
S_B_i[0][3][3] | S_C_o[2][3][6] |     4.715 | SLOW    |     2.468 | FAST    |
S_B_i[0][3][3] | S_C_o[2][3][7] |     4.737 | SLOW    |     2.482 | FAST    |
S_B_i[0][3][3] | S_C_o[3][3][3] |     4.255 | SLOW    |     2.206 | FAST    |
S_B_i[0][3][3] | S_C_o[3][3][4] |     4.250 | SLOW    |     2.198 | FAST    |
S_B_i[0][3][3] | S_C_o[3][3][5] |     4.486 | SLOW    |     2.335 | FAST    |
S_B_i[0][3][3] | S_C_o[3][3][6] |     4.715 | SLOW    |     2.468 | FAST    |
S_B_i[0][3][3] | S_C_o[3][3][7] |     4.737 | SLOW    |     2.482 | FAST    |
S_B_i[0][3][4] | S_C_o[0][3][4] |     4.246 | SLOW    |     2.201 | FAST    |
S_B_i[0][3][4] | S_C_o[0][3][5] |     4.463 | SLOW    |     2.316 | FAST    |
S_B_i[0][3][4] | S_C_o[0][3][6] |     4.692 | SLOW    |     2.449 | FAST    |
S_B_i[0][3][4] | S_C_o[0][3][7] |     4.714 | SLOW    |     2.463 | FAST    |
S_B_i[0][3][4] | S_C_o[1][3][4] |     4.246 | SLOW    |     2.201 | FAST    |
S_B_i[0][3][4] | S_C_o[1][3][5] |     4.463 | SLOW    |     2.316 | FAST    |
S_B_i[0][3][4] | S_C_o[1][3][6] |     4.692 | SLOW    |     2.449 | FAST    |
S_B_i[0][3][4] | S_C_o[1][3][7] |     4.714 | SLOW    |     2.463 | FAST    |
S_B_i[0][3][4] | S_C_o[2][3][4] |     4.246 | SLOW    |     2.201 | FAST    |
S_B_i[0][3][4] | S_C_o[2][3][5] |     4.463 | SLOW    |     2.316 | FAST    |
S_B_i[0][3][4] | S_C_o[2][3][6] |     4.692 | SLOW    |     2.449 | FAST    |
S_B_i[0][3][4] | S_C_o[2][3][7] |     4.714 | SLOW    |     2.463 | FAST    |
S_B_i[0][3][4] | S_C_o[3][3][4] |     4.246 | SLOW    |     2.201 | FAST    |
S_B_i[0][3][4] | S_C_o[3][3][5] |     4.463 | SLOW    |     2.316 | FAST    |
S_B_i[0][3][4] | S_C_o[3][3][6] |     4.692 | SLOW    |     2.449 | FAST    |
S_B_i[0][3][4] | S_C_o[3][3][7] |     4.714 | SLOW    |     2.463 | FAST    |
S_B_i[0][3][5] | S_C_o[0][3][5] |     4.246 | SLOW    |     2.201 | FAST    |
S_B_i[0][3][5] | S_C_o[0][3][6] |     4.463 | SLOW    |     2.316 | FAST    |
S_B_i[0][3][5] | S_C_o[0][3][7] |     4.485 | SLOW    |     2.330 | FAST    |
S_B_i[0][3][5] | S_C_o[1][3][5] |     4.246 | SLOW    |     2.201 | FAST    |
S_B_i[0][3][5] | S_C_o[1][3][6] |     4.463 | SLOW    |     2.316 | FAST    |
S_B_i[0][3][5] | S_C_o[1][3][7] |     4.485 | SLOW    |     2.330 | FAST    |
S_B_i[0][3][5] | S_C_o[2][3][5] |     4.246 | SLOW    |     2.201 | FAST    |
S_B_i[0][3][5] | S_C_o[2][3][6] |     4.463 | SLOW    |     2.316 | FAST    |
S_B_i[0][3][5] | S_C_o[2][3][7] |     4.485 | SLOW    |     2.330 | FAST    |
S_B_i[0][3][5] | S_C_o[3][3][5] |     4.246 | SLOW    |     2.201 | FAST    |
S_B_i[0][3][5] | S_C_o[3][3][6] |     4.463 | SLOW    |     2.316 | FAST    |
S_B_i[0][3][5] | S_C_o[3][3][7] |     4.485 | SLOW    |     2.330 | FAST    |
S_B_i[0][3][6] | S_C_o[0][3][6] |     4.246 | SLOW    |     2.201 | FAST    |
S_B_i[0][3][6] | S_C_o[0][3][7] |     4.263 | SLOW    |     2.207 | FAST    |
S_B_i[0][3][6] | S_C_o[1][3][6] |     4.246 | SLOW    |     2.201 | FAST    |
S_B_i[0][3][6] | S_C_o[1][3][7] |     4.263 | SLOW    |     2.207 | FAST    |
S_B_i[0][3][6] | S_C_o[2][3][6] |     4.246 | SLOW    |     2.201 | FAST    |
S_B_i[0][3][6] | S_C_o[2][3][7] |     4.263 | SLOW    |     2.207 | FAST    |
S_B_i[0][3][6] | S_C_o[3][3][6] |     4.246 | SLOW    |     2.201 | FAST    |
S_B_i[0][3][6] | S_C_o[3][3][7] |     4.263 | SLOW    |     2.207 | FAST    |
S_B_i[0][3][7] | S_C_o[0][3][7] |     4.261 | SLOW    |     2.213 | FAST    |
S_B_i[0][3][7] | S_C_o[1][3][7] |     4.261 | SLOW    |     2.213 | FAST    |
S_B_i[0][3][7] | S_C_o[2][3][7] |     4.261 | SLOW    |     2.213 | FAST    |
S_B_i[0][3][7] | S_C_o[3][3][7] |     4.261 | SLOW    |     2.213 | FAST    |
---------------+----------------+-----------+---------+-----------+---------+



