Copyright 1986-2022 Xilinx, Inc. All Rights Reserved. Copyright 2022-2024 Advanced Micro Devices, Inc. All Rights Reserved.
---------------------------------------------------------------------------------------------------------------------------------------------------------------------------------------------------------------------------------------------------------------------------------------
| Tool Version      : Vivado v.2024.2 (lin64) Build 5239630 Fri Nov 08 22:34:34 MST 2024
| Date              : Thu Jan 15 19:49:48 2026
| Host              : ee-kraken running 64-bit Red Hat Enterprise Linux 9.5 (Plow)
| Command           : report_timing_summary -datasheet -file ./src/attention/synth_output_matmul/matmul_fp_S_q_4_S_kv_4_d_kq_4_d_v_4_k_4_scale_width_8_M1_E_0_M1_M_6_M2_E_0_M2_M_6_M3_E_0_M3_M_6_ACCUM_METHOD_KULISCH_KULISCH_KULISCH_DSP_auto_auto_auto_time_20260115_1946_timing.rpt
| Design            : matmul_fp
| Device            : xcv80-lsva4737
| Speed File        : -2MHP  PRODUCTION 2.04 2024-08-06
| Design State      : Synthesized
| Temperature Grade : E
---------------------------------------------------------------------------------------------------------------------------------------------------------------------------------------------------------------------------------------------------------------------------------------

Timing Summary Report

------------------------------------------------------------------------------------------------
| Timer Settings
| --------------
------------------------------------------------------------------------------------------------

  Enable Multi Corner Analysis               :  Yes
  Enable Pessimism Removal                   :  Yes
  Pessimism Removal Resolution               :  Nearest Common Node
  Enable Input Delay Default Clock           :  No
  Enable Preset / Clear Arcs                 :  No
  Disable Flight Delays                      :  No
  Ignore I/O Paths                           :  No
  Timing Early Launch at Borrowing Latches   :  No
  Borrow Time for Max Delay Exceptions       :  Yes
  Merge Timing Exceptions                    :  Yes
  Inter-SLR Compensation                     :  Conservative

  Corner  Analyze    Analyze    
  Name    Max Paths  Min Paths  
  ------  ---------  ---------  
  Slow    Yes        Yes        
  Fast    Yes        Yes        


------------------------------------------------------------------------------------------------
| Report Methodology
| ------------------
------------------------------------------------------------------------------------------------

No report available as report_methodology has not been run prior. Run report_methodology on the current design for the summary of methodology violations.



check_timing report

Table of Contents
-----------------
1. checking no_clock (0)
2. checking constant_clock (0)
3. checking pulse_width_clock (0)
4. checking unconstrained_internal_endpoints (0)
5. checking no_input_delay (0)
6. checking no_output_delay (0)
7. checking multiple_clock (0)
8. checking generated_clocks (0)
9. checking loops (0)
10. checking partial_input_delay (0)
11. checking partial_output_delay (0)
12. checking latch_loops (0)

1. checking no_clock (0)
------------------------
 There are 0 register/latch pins with no clock.


2. checking constant_clock (0)
------------------------------
 There are 0 register/latch pins with constant_clock.


3. checking pulse_width_clock (0)
---------------------------------
 There are 0 register/latch pins which need pulse_width check


4. checking unconstrained_internal_endpoints (0)
------------------------------------------------
 There are 0 pins that are not constrained for maximum delay.

 There are 0 pins that are not constrained for maximum delay due to constant clock.


5. checking no_input_delay (0)
------------------------------
 There are 0 input ports with no input delay specified.

 There are 0 input ports with no input delay but user has a false path constraint.


6. checking no_output_delay (0)
-------------------------------
 There are 0 ports with no output delay specified.

 There are 0 ports with no output delay but user has a false path constraint

 There are 0 ports with no output delay but with a timing clock defined on it or propagating through it


7. checking multiple_clock (0)
------------------------------
 There are 0 register/latch pins with multiple clocks.


8. checking generated_clocks (0)
--------------------------------
 There are 0 generated clocks that are not connected to a clock source.


9. checking loops (0)
---------------------
 There are 0 combinational loops in the design.


10. checking partial_input_delay (0)
------------------------------------
 There are 0 input ports with partial input delay specified.


11. checking partial_output_delay (0)
-------------------------------------
 There are 0 ports with partial output delay specified.


12. checking latch_loops (0)
----------------------------
 There are 0 combinational latch loops in the design through latch input



------------------------------------------------------------------------------------------------
| Design Timing Summary
| ---------------------
------------------------------------------------------------------------------------------------

    WNS(ns)      TNS(ns)  TNS Failing Endpoints  TNS Total Endpoints      WHS(ns)      THS(ns)  THS Failing Endpoints  THS Total Endpoints     WPWS(ns)     TPWS(ns)  TPWS Failing Endpoints  TPWS Total Endpoints  
    -------      -------  ---------------------  -------------------      -------      -------  ---------------------  -------------------     --------     --------  ----------------------  --------------------  
         NA           NA                     NA                   NA           NA           NA                     NA                   NA           NA           NA                      NA                    NA  


All user specified timing constraints are met.


------------------------------------------------------------------------------------------------
| Clock Summary
| -------------
------------------------------------------------------------------------------------------------

Clock  Waveform(ns)         Period(ns)      Frequency(MHz)
-----  ------------         ----------      --------------
i_clk  {0.000 2.500}        5.000           200.000         


------------------------------------------------------------------------------------------------
| Intra Clock Table
| -----------------
------------------------------------------------------------------------------------------------

Clock             WNS(ns)      TNS(ns)  TNS Failing Endpoints  TNS Total Endpoints      WHS(ns)      THS(ns)  THS Failing Endpoints  THS Total Endpoints     WPWS(ns)     TPWS(ns)  TPWS Failing Endpoints  TPWS Total Endpoints  
-----             -------      -------  ---------------------  -------------------      -------      -------  ---------------------  -------------------     --------     --------  ----------------------  --------------------  


------------------------------------------------------------------------------------------------
| Inter Clock Table
| -----------------
------------------------------------------------------------------------------------------------

From Clock    To Clock          WNS(ns)      TNS(ns)  TNS Failing Endpoints  TNS Total Endpoints      WHS(ns)      THS(ns)  THS Failing Endpoints  THS Total Endpoints  
----------    --------          -------      -------  ---------------------  -------------------      -------      -------  ---------------------  -------------------  


------------------------------------------------------------------------------------------------
| Other Path Groups Table
| -----------------------
------------------------------------------------------------------------------------------------

Path Group    From Clock    To Clock          WNS(ns)      TNS(ns)  TNS Failing Endpoints  TNS Total Endpoints      WHS(ns)      THS(ns)  THS Failing Endpoints  THS Total Endpoints  
----------    ----------    --------          -------      -------  ---------------------  -------------------      -------      -------  ---------------------  -------------------  


------------------------------------------------------------------------------------------------
| Timing Details
| --------------
------------------------------------------------------------------------------------------------


------------------------------------------------------------------------------------------------
| Data sheet
| ----------
------------------------------------------------------------------------------------------------

Combinational Delays

---------------+----------------+-----------+---------+-----------+---------+
From           | To             |   Max     | Process |   Min     | Process |
Port           | Port           | Delay(ns) | Corner  | Delay(ns) | Corner  |
---------------+----------------+-----------+---------+-----------+---------+
A_i[0][0][0]   | C_o[0][0][0]   |     4.552 | SLOW    |     2.363 | FAST    |
A_i[0][0][0]   | C_o[0][0][1]   |     4.750 | SLOW    |     2.367 | FAST    |
A_i[0][0][0]   | C_o[0][0][2]   |     5.087 | SLOW    |     2.427 | FAST    |
A_i[0][0][0]   | C_o[0][0][3]   |     5.244 | SLOW    |     2.410 | FAST    |
A_i[0][0][0]   | C_o[0][0][4]   |     5.382 | SLOW    |     2.441 | FAST    |
A_i[0][0][0]   | C_o[0][0][5]   |     5.494 | SLOW    |     2.543 | FAST    |
A_i[0][0][0]   | C_o[0][0][6]   |     5.940 | SLOW    |     2.458 | FAST    |
A_i[0][0][0]   | C_o[0][1][0]   |     4.552 | SLOW    |     2.363 | FAST    |
A_i[0][0][0]   | C_o[0][1][1]   |     4.750 | SLOW    |     2.367 | FAST    |
A_i[0][0][0]   | C_o[0][1][2]   |     5.087 | SLOW    |     2.427 | FAST    |
A_i[0][0][0]   | C_o[0][1][3]   |     5.244 | SLOW    |     2.410 | FAST    |
A_i[0][0][0]   | C_o[0][1][4]   |     5.382 | SLOW    |     2.441 | FAST    |
A_i[0][0][0]   | C_o[0][1][5]   |     5.494 | SLOW    |     2.543 | FAST    |
A_i[0][0][0]   | C_o[0][1][6]   |     5.940 | SLOW    |     2.458 | FAST    |
A_i[0][0][0]   | C_o[0][2][0]   |     4.552 | SLOW    |     2.363 | FAST    |
A_i[0][0][0]   | C_o[0][2][1]   |     4.750 | SLOW    |     2.367 | FAST    |
A_i[0][0][0]   | C_o[0][2][2]   |     5.087 | SLOW    |     2.427 | FAST    |
A_i[0][0][0]   | C_o[0][2][3]   |     5.244 | SLOW    |     2.410 | FAST    |
A_i[0][0][0]   | C_o[0][2][4]   |     5.382 | SLOW    |     2.441 | FAST    |
A_i[0][0][0]   | C_o[0][2][5]   |     5.494 | SLOW    |     2.543 | FAST    |
A_i[0][0][0]   | C_o[0][2][6]   |     5.940 | SLOW    |     2.458 | FAST    |
A_i[0][0][0]   | C_o[0][3][0]   |     4.552 | SLOW    |     2.363 | FAST    |
A_i[0][0][0]   | C_o[0][3][1]   |     4.750 | SLOW    |     2.367 | FAST    |
A_i[0][0][0]   | C_o[0][3][2]   |     5.087 | SLOW    |     2.427 | FAST    |
A_i[0][0][0]   | C_o[0][3][3]   |     5.244 | SLOW    |     2.410 | FAST    |
A_i[0][0][0]   | C_o[0][3][4]   |     5.382 | SLOW    |     2.441 | FAST    |
A_i[0][0][0]   | C_o[0][3][5]   |     5.494 | SLOW    |     2.543 | FAST    |
A_i[0][0][0]   | C_o[0][3][6]   |     5.940 | SLOW    |     2.458 | FAST    |
A_i[0][0][1]   | C_o[0][0][1]   |     4.856 | SLOW    |     2.534 | FAST    |
A_i[0][0][1]   | C_o[0][0][2]   |     5.078 | SLOW    |     2.484 | FAST    |
A_i[0][0][1]   | C_o[0][0][3]   |     5.235 | SLOW    |     2.473 | FAST    |
A_i[0][0][1]   | C_o[0][0][4]   |     5.373 | SLOW    |     2.502 | FAST    |
A_i[0][0][1]   | C_o[0][0][5]   |     5.463 | SLOW    |     2.581 | FAST    |
A_i[0][0][1]   | C_o[0][0][6]   |     5.909 | SLOW    |     2.483 | FAST    |
A_i[0][0][1]   | C_o[0][1][1]   |     4.856 | SLOW    |     2.534 | FAST    |
A_i[0][0][1]   | C_o[0][1][2]   |     5.078 | SLOW    |     2.484 | FAST    |
A_i[0][0][1]   | C_o[0][1][3]   |     5.235 | SLOW    |     2.473 | FAST    |
A_i[0][0][1]   | C_o[0][1][4]   |     5.373 | SLOW    |     2.502 | FAST    |
A_i[0][0][1]   | C_o[0][1][5]   |     5.463 | SLOW    |     2.581 | FAST    |
A_i[0][0][1]   | C_o[0][1][6]   |     5.909 | SLOW    |     2.483 | FAST    |
A_i[0][0][1]   | C_o[0][2][1]   |     4.856 | SLOW    |     2.534 | FAST    |
A_i[0][0][1]   | C_o[0][2][2]   |     5.078 | SLOW    |     2.484 | FAST    |
A_i[0][0][1]   | C_o[0][2][3]   |     5.235 | SLOW    |     2.473 | FAST    |
A_i[0][0][1]   | C_o[0][2][4]   |     5.373 | SLOW    |     2.502 | FAST    |
A_i[0][0][1]   | C_o[0][2][5]   |     5.463 | SLOW    |     2.581 | FAST    |
A_i[0][0][1]   | C_o[0][2][6]   |     5.909 | SLOW    |     2.483 | FAST    |
A_i[0][0][1]   | C_o[0][3][1]   |     4.856 | SLOW    |     2.534 | FAST    |
A_i[0][0][1]   | C_o[0][3][2]   |     5.078 | SLOW    |     2.484 | FAST    |
A_i[0][0][1]   | C_o[0][3][3]   |     5.235 | SLOW    |     2.473 | FAST    |
A_i[0][0][1]   | C_o[0][3][4]   |     5.373 | SLOW    |     2.502 | FAST    |
A_i[0][0][1]   | C_o[0][3][5]   |     5.463 | SLOW    |     2.581 | FAST    |
A_i[0][0][1]   | C_o[0][3][6]   |     5.909 | SLOW    |     2.483 | FAST    |
A_i[0][0][2]   | C_o[0][0][2]   |     4.736 | SLOW    |     2.468 | FAST    |
A_i[0][0][2]   | C_o[0][0][3]   |     5.181 | SLOW    |     2.359 | FAST    |
A_i[0][0][2]   | C_o[0][0][4]   |     5.371 | SLOW    |     2.390 | FAST    |
A_i[0][0][2]   | C_o[0][0][5]   |     5.484 | SLOW    |     2.495 | FAST    |
A_i[0][0][2]   | C_o[0][0][6]   |     5.930 | SLOW    |     2.440 | FAST    |
A_i[0][0][2]   | C_o[0][1][2]   |     4.736 | SLOW    |     2.468 | FAST    |
A_i[0][0][2]   | C_o[0][1][3]   |     5.181 | SLOW    |     2.359 | FAST    |
A_i[0][0][2]   | C_o[0][1][4]   |     5.371 | SLOW    |     2.390 | FAST    |
A_i[0][0][2]   | C_o[0][1][5]   |     5.484 | SLOW    |     2.495 | FAST    |
A_i[0][0][2]   | C_o[0][1][6]   |     5.930 | SLOW    |     2.440 | FAST    |
A_i[0][0][2]   | C_o[0][2][2]   |     4.736 | SLOW    |     2.468 | FAST    |
A_i[0][0][2]   | C_o[0][2][3]   |     5.181 | SLOW    |     2.359 | FAST    |
A_i[0][0][2]   | C_o[0][2][4]   |     5.371 | SLOW    |     2.390 | FAST    |
A_i[0][0][2]   | C_o[0][2][5]   |     5.484 | SLOW    |     2.495 | FAST    |
A_i[0][0][2]   | C_o[0][2][6]   |     5.930 | SLOW    |     2.440 | FAST    |
A_i[0][0][2]   | C_o[0][3][2]   |     4.736 | SLOW    |     2.468 | FAST    |
A_i[0][0][2]   | C_o[0][3][3]   |     5.181 | SLOW    |     2.359 | FAST    |
A_i[0][0][2]   | C_o[0][3][4]   |     5.371 | SLOW    |     2.390 | FAST    |
A_i[0][0][2]   | C_o[0][3][5]   |     5.484 | SLOW    |     2.495 | FAST    |
A_i[0][0][2]   | C_o[0][3][6]   |     5.930 | SLOW    |     2.440 | FAST    |
A_i[0][0][3]   | C_o[0][0][3]   |     4.939 | SLOW    |     2.578 | FAST    |
A_i[0][0][3]   | C_o[0][0][4]   |     5.183 | SLOW    |     2.422 | FAST    |
A_i[0][0][3]   | C_o[0][0][5]   |     5.484 | SLOW    |     2.527 | FAST    |
A_i[0][0][3]   | C_o[0][0][6]   |     5.930 | SLOW    |     2.502 | FAST    |
A_i[0][0][3]   | C_o[0][1][3]   |     4.939 | SLOW    |     2.578 | FAST    |
A_i[0][0][3]   | C_o[0][1][4]   |     5.183 | SLOW    |     2.422 | FAST    |
A_i[0][0][3]   | C_o[0][1][5]   |     5.484 | SLOW    |     2.527 | FAST    |
A_i[0][0][3]   | C_o[0][1][6]   |     5.930 | SLOW    |     2.502 | FAST    |
A_i[0][0][3]   | C_o[0][2][3]   |     4.939 | SLOW    |     2.578 | FAST    |
A_i[0][0][3]   | C_o[0][2][4]   |     5.183 | SLOW    |     2.422 | FAST    |
A_i[0][0][3]   | C_o[0][2][5]   |     5.484 | SLOW    |     2.527 | FAST    |
A_i[0][0][3]   | C_o[0][2][6]   |     5.930 | SLOW    |     2.502 | FAST    |
A_i[0][0][3]   | C_o[0][3][3]   |     4.939 | SLOW    |     2.578 | FAST    |
A_i[0][0][3]   | C_o[0][3][4]   |     5.183 | SLOW    |     2.422 | FAST    |
A_i[0][0][3]   | C_o[0][3][5]   |     5.484 | SLOW    |     2.527 | FAST    |
A_i[0][0][3]   | C_o[0][3][6]   |     5.930 | SLOW    |     2.502 | FAST    |
A_i[0][0][4]   | C_o[0][0][4]   |     5.168 | SLOW    |     2.702 | FAST    |
A_i[0][0][4]   | C_o[0][0][5]   |     5.447 | SLOW    |     2.626 | FAST    |
A_i[0][0][4]   | C_o[0][0][6]   |     5.893 | SLOW    |     2.517 | FAST    |
A_i[0][0][4]   | C_o[0][1][4]   |     5.168 | SLOW    |     2.702 | FAST    |
A_i[0][0][4]   | C_o[0][1][5]   |     5.447 | SLOW    |     2.626 | FAST    |
A_i[0][0][4]   | C_o[0][1][6]   |     5.893 | SLOW    |     2.517 | FAST    |
A_i[0][0][4]   | C_o[0][2][4]   |     5.168 | SLOW    |     2.702 | FAST    |
A_i[0][0][4]   | C_o[0][2][5]   |     5.447 | SLOW    |     2.626 | FAST    |
A_i[0][0][4]   | C_o[0][2][6]   |     5.893 | SLOW    |     2.517 | FAST    |
A_i[0][0][4]   | C_o[0][3][4]   |     5.168 | SLOW    |     2.702 | FAST    |
A_i[0][0][4]   | C_o[0][3][5]   |     5.447 | SLOW    |     2.626 | FAST    |
A_i[0][0][4]   | C_o[0][3][6]   |     5.893 | SLOW    |     2.517 | FAST    |
A_i[0][0][5]   | C_o[0][0][5]   |     5.459 | SLOW    |     2.873 | FAST    |
A_i[0][0][5]   | C_o[0][0][6]   |     5.905 | SLOW    |     2.764 | FAST    |
A_i[0][0][5]   | C_o[0][1][5]   |     5.459 | SLOW    |     2.873 | FAST    |
A_i[0][0][5]   | C_o[0][1][6]   |     5.905 | SLOW    |     2.764 | FAST    |
A_i[0][0][5]   | C_o[0][2][5]   |     5.459 | SLOW    |     2.873 | FAST    |
A_i[0][0][5]   | C_o[0][2][6]   |     5.905 | SLOW    |     2.764 | FAST    |
A_i[0][0][5]   | C_o[0][3][5]   |     5.459 | SLOW    |     2.873 | FAST    |
A_i[0][0][5]   | C_o[0][3][6]   |     5.905 | SLOW    |     2.764 | FAST    |
A_i[0][0][6]   | C_o[0][0][6]   |     5.317 | SLOW    |     2.791 | FAST    |
A_i[0][0][6]   | C_o[0][1][6]   |     5.317 | SLOW    |     2.791 | FAST    |
A_i[0][0][6]   | C_o[0][2][6]   |     5.317 | SLOW    |     2.791 | FAST    |
A_i[0][0][6]   | C_o[0][3][6]   |     5.317 | SLOW    |     2.791 | FAST    |
A_i[0][1][0]   | C_o[0][0][0]   |     4.573 | SLOW    |     2.370 | FAST    |
A_i[0][1][0]   | C_o[0][0][1]   |     4.771 | SLOW    |     2.370 | FAST    |
A_i[0][1][0]   | C_o[0][0][2]   |     5.114 | SLOW    |     2.482 | FAST    |
A_i[0][1][0]   | C_o[0][0][3]   |     5.454 | SLOW    |     2.482 | FAST    |
A_i[0][1][0]   | C_o[0][0][4]   |     5.610 | SLOW    |     2.525 | FAST    |
A_i[0][1][0]   | C_o[0][0][5]   |     5.725 | SLOW    |     2.525 | FAST    |
A_i[0][1][0]   | C_o[0][0][6]   |     5.955 | SLOW    |     2.539 | FAST    |
A_i[0][1][0]   | C_o[0][1][0]   |     4.573 | SLOW    |     2.370 | FAST    |
A_i[0][1][0]   | C_o[0][1][1]   |     4.771 | SLOW    |     2.370 | FAST    |
A_i[0][1][0]   | C_o[0][1][2]   |     5.114 | SLOW    |     2.482 | FAST    |
A_i[0][1][0]   | C_o[0][1][3]   |     5.454 | SLOW    |     2.482 | FAST    |
A_i[0][1][0]   | C_o[0][1][4]   |     5.610 | SLOW    |     2.525 | FAST    |
A_i[0][1][0]   | C_o[0][1][5]   |     5.725 | SLOW    |     2.525 | FAST    |
A_i[0][1][0]   | C_o[0][1][6]   |     5.955 | SLOW    |     2.539 | FAST    |
A_i[0][1][0]   | C_o[0][2][0]   |     4.573 | SLOW    |     2.370 | FAST    |
A_i[0][1][0]   | C_o[0][2][1]   |     4.771 | SLOW    |     2.370 | FAST    |
A_i[0][1][0]   | C_o[0][2][2]   |     5.114 | SLOW    |     2.482 | FAST    |
A_i[0][1][0]   | C_o[0][2][3]   |     5.454 | SLOW    |     2.482 | FAST    |
A_i[0][1][0]   | C_o[0][2][4]   |     5.610 | SLOW    |     2.525 | FAST    |
A_i[0][1][0]   | C_o[0][2][5]   |     5.725 | SLOW    |     2.525 | FAST    |
A_i[0][1][0]   | C_o[0][2][6]   |     5.955 | SLOW    |     2.539 | FAST    |
A_i[0][1][0]   | C_o[0][3][0]   |     4.573 | SLOW    |     2.370 | FAST    |
A_i[0][1][0]   | C_o[0][3][1]   |     4.771 | SLOW    |     2.370 | FAST    |
A_i[0][1][0]   | C_o[0][3][2]   |     5.114 | SLOW    |     2.482 | FAST    |
A_i[0][1][0]   | C_o[0][3][3]   |     5.454 | SLOW    |     2.482 | FAST    |
A_i[0][1][0]   | C_o[0][3][4]   |     5.610 | SLOW    |     2.525 | FAST    |
A_i[0][1][0]   | C_o[0][3][5]   |     5.725 | SLOW    |     2.525 | FAST    |
A_i[0][1][0]   | C_o[0][3][6]   |     5.955 | SLOW    |     2.539 | FAST    |
A_i[0][1][1]   | C_o[0][0][1]   |     4.877 | SLOW    |     2.541 | FAST    |
A_i[0][1][1]   | C_o[0][0][2]   |     5.105 | SLOW    |     2.539 | FAST    |
A_i[0][1][1]   | C_o[0][0][3]   |     5.445 | SLOW    |     2.539 | FAST    |
A_i[0][1][1]   | C_o[0][0][4]   |     5.599 | SLOW    |     2.588 | FAST    |
A_i[0][1][1]   | C_o[0][0][5]   |     5.694 | SLOW    |     2.588 | FAST    |
A_i[0][1][1]   | C_o[0][0][6]   |     5.924 | SLOW    |     2.577 | FAST    |
A_i[0][1][1]   | C_o[0][1][1]   |     4.877 | SLOW    |     2.541 | FAST    |
A_i[0][1][1]   | C_o[0][1][2]   |     5.105 | SLOW    |     2.539 | FAST    |
A_i[0][1][1]   | C_o[0][1][3]   |     5.445 | SLOW    |     2.539 | FAST    |
A_i[0][1][1]   | C_o[0][1][4]   |     5.599 | SLOW    |     2.588 | FAST    |
A_i[0][1][1]   | C_o[0][1][5]   |     5.694 | SLOW    |     2.588 | FAST    |
A_i[0][1][1]   | C_o[0][1][6]   |     5.924 | SLOW    |     2.577 | FAST    |
A_i[0][1][1]   | C_o[0][2][1]   |     4.877 | SLOW    |     2.541 | FAST    |
A_i[0][1][1]   | C_o[0][2][2]   |     5.105 | SLOW    |     2.539 | FAST    |
A_i[0][1][1]   | C_o[0][2][3]   |     5.445 | SLOW    |     2.539 | FAST    |
A_i[0][1][1]   | C_o[0][2][4]   |     5.599 | SLOW    |     2.588 | FAST    |
A_i[0][1][1]   | C_o[0][2][5]   |     5.694 | SLOW    |     2.588 | FAST    |
A_i[0][1][1]   | C_o[0][2][6]   |     5.924 | SLOW    |     2.577 | FAST    |
A_i[0][1][1]   | C_o[0][3][1]   |     4.877 | SLOW    |     2.541 | FAST    |
A_i[0][1][1]   | C_o[0][3][2]   |     5.105 | SLOW    |     2.539 | FAST    |
A_i[0][1][1]   | C_o[0][3][3]   |     5.445 | SLOW    |     2.539 | FAST    |
A_i[0][1][1]   | C_o[0][3][4]   |     5.599 | SLOW    |     2.588 | FAST    |
A_i[0][1][1]   | C_o[0][3][5]   |     5.694 | SLOW    |     2.588 | FAST    |
A_i[0][1][1]   | C_o[0][3][6]   |     5.924 | SLOW    |     2.577 | FAST    |
A_i[0][1][2]   | C_o[0][0][2]   |     4.763 | SLOW    |     2.478 | FAST    |
A_i[0][1][2]   | C_o[0][0][3]   |     5.391 | SLOW    |     2.494 | FAST    |
A_i[0][1][2]   | C_o[0][0][4]   |     5.600 | SLOW    |     2.474 | FAST    |
A_i[0][1][2]   | C_o[0][0][5]   |     5.715 | SLOW    |     2.474 | FAST    |
A_i[0][1][2]   | C_o[0][0][6]   |     5.945 | SLOW    |     2.521 | FAST    |
A_i[0][1][2]   | C_o[0][1][2]   |     4.763 | SLOW    |     2.478 | FAST    |
A_i[0][1][2]   | C_o[0][1][3]   |     5.391 | SLOW    |     2.494 | FAST    |
A_i[0][1][2]   | C_o[0][1][4]   |     5.600 | SLOW    |     2.474 | FAST    |
A_i[0][1][2]   | C_o[0][1][5]   |     5.715 | SLOW    |     2.474 | FAST    |
A_i[0][1][2]   | C_o[0][1][6]   |     5.945 | SLOW    |     2.521 | FAST    |
A_i[0][1][2]   | C_o[0][2][2]   |     4.763 | SLOW    |     2.478 | FAST    |
A_i[0][1][2]   | C_o[0][2][3]   |     5.391 | SLOW    |     2.494 | FAST    |
A_i[0][1][2]   | C_o[0][2][4]   |     5.600 | SLOW    |     2.474 | FAST    |
A_i[0][1][2]   | C_o[0][2][5]   |     5.715 | SLOW    |     2.474 | FAST    |
A_i[0][1][2]   | C_o[0][2][6]   |     5.945 | SLOW    |     2.521 | FAST    |
A_i[0][1][2]   | C_o[0][3][2]   |     4.763 | SLOW    |     2.478 | FAST    |
A_i[0][1][2]   | C_o[0][3][3]   |     5.391 | SLOW    |     2.494 | FAST    |
A_i[0][1][2]   | C_o[0][3][4]   |     5.600 | SLOW    |     2.474 | FAST    |
A_i[0][1][2]   | C_o[0][3][5]   |     5.715 | SLOW    |     2.474 | FAST    |
A_i[0][1][2]   | C_o[0][3][6]   |     5.945 | SLOW    |     2.521 | FAST    |
A_i[0][1][3]   | C_o[0][0][3]   |     5.149 | SLOW    |     2.696 | FAST    |
A_i[0][1][3]   | C_o[0][0][4]   |     5.412 | SLOW    |     2.536 | FAST    |
A_i[0][1][3]   | C_o[0][0][5]   |     5.715 | SLOW    |     2.537 | FAST    |
A_i[0][1][3]   | C_o[0][0][6]   |     5.945 | SLOW    |     2.583 | FAST    |
A_i[0][1][3]   | C_o[0][1][3]   |     5.149 | SLOW    |     2.696 | FAST    |
A_i[0][1][3]   | C_o[0][1][4]   |     5.412 | SLOW    |     2.536 | FAST    |
A_i[0][1][3]   | C_o[0][1][5]   |     5.715 | SLOW    |     2.537 | FAST    |
A_i[0][1][3]   | C_o[0][1][6]   |     5.945 | SLOW    |     2.583 | FAST    |
A_i[0][1][3]   | C_o[0][2][3]   |     5.149 | SLOW    |     2.696 | FAST    |
A_i[0][1][3]   | C_o[0][2][4]   |     5.412 | SLOW    |     2.536 | FAST    |
A_i[0][1][3]   | C_o[0][2][5]   |     5.715 | SLOW    |     2.537 | FAST    |
A_i[0][1][3]   | C_o[0][2][6]   |     5.945 | SLOW    |     2.583 | FAST    |
A_i[0][1][3]   | C_o[0][3][3]   |     5.149 | SLOW    |     2.696 | FAST    |
A_i[0][1][3]   | C_o[0][3][4]   |     5.412 | SLOW    |     2.536 | FAST    |
A_i[0][1][3]   | C_o[0][3][5]   |     5.715 | SLOW    |     2.537 | FAST    |
A_i[0][1][3]   | C_o[0][3][6]   |     5.945 | SLOW    |     2.583 | FAST    |
A_i[0][1][4]   | C_o[0][0][4]   |     5.397 | SLOW    |     2.835 | FAST    |
A_i[0][1][4]   | C_o[0][0][5]   |     5.678 | SLOW    |     2.755 | FAST    |
A_i[0][1][4]   | C_o[0][0][6]   |     5.908 | SLOW    |     2.646 | FAST    |
A_i[0][1][4]   | C_o[0][1][4]   |     5.397 | SLOW    |     2.835 | FAST    |
A_i[0][1][4]   | C_o[0][1][5]   |     5.678 | SLOW    |     2.755 | FAST    |
A_i[0][1][4]   | C_o[0][1][6]   |     5.908 | SLOW    |     2.646 | FAST    |
A_i[0][1][4]   | C_o[0][2][4]   |     5.397 | SLOW    |     2.835 | FAST    |
A_i[0][1][4]   | C_o[0][2][5]   |     5.678 | SLOW    |     2.755 | FAST    |
A_i[0][1][4]   | C_o[0][2][6]   |     5.908 | SLOW    |     2.646 | FAST    |
A_i[0][1][4]   | C_o[0][3][4]   |     5.397 | SLOW    |     2.835 | FAST    |
A_i[0][1][4]   | C_o[0][3][5]   |     5.678 | SLOW    |     2.755 | FAST    |
A_i[0][1][4]   | C_o[0][3][6]   |     5.908 | SLOW    |     2.646 | FAST    |
A_i[0][1][5]   | C_o[0][0][5]   |     5.690 | SLOW    |     3.002 | FAST    |
A_i[0][1][5]   | C_o[0][0][6]   |     5.920 | SLOW    |     2.893 | FAST    |
A_i[0][1][5]   | C_o[0][1][5]   |     5.690 | SLOW    |     3.002 | FAST    |
A_i[0][1][5]   | C_o[0][1][6]   |     5.920 | SLOW    |     2.893 | FAST    |
A_i[0][1][5]   | C_o[0][2][5]   |     5.690 | SLOW    |     3.002 | FAST    |
A_i[0][1][5]   | C_o[0][2][6]   |     5.920 | SLOW    |     2.893 | FAST    |
A_i[0][1][5]   | C_o[0][3][5]   |     5.690 | SLOW    |     3.002 | FAST    |
A_i[0][1][5]   | C_o[0][3][6]   |     5.920 | SLOW    |     2.893 | FAST    |
A_i[0][1][6]   | C_o[0][0][6]   |     5.332 | SLOW    |     2.795 | FAST    |
A_i[0][1][6]   | C_o[0][1][6]   |     5.332 | SLOW    |     2.795 | FAST    |
A_i[0][1][6]   | C_o[0][2][6]   |     5.332 | SLOW    |     2.795 | FAST    |
A_i[0][1][6]   | C_o[0][3][6]   |     5.332 | SLOW    |     2.795 | FAST    |
A_i[0][2][0]   | C_o[0][0][0]   |     4.558 | SLOW    |     2.366 | FAST    |
A_i[0][2][0]   | C_o[0][0][1]   |     4.756 | SLOW    |     2.366 | FAST    |
A_i[0][2][0]   | C_o[0][0][2]   |     5.099 | SLOW    |     2.482 | FAST    |
A_i[0][2][0]   | C_o[0][0][3]   |     5.469 | SLOW    |     2.482 | FAST    |
A_i[0][2][0]   | C_o[0][0][4]   |     5.616 | SLOW    |     2.525 | FAST    |
A_i[0][2][0]   | C_o[0][0][5]   |     5.731 | SLOW    |     2.525 | FAST    |
A_i[0][2][0]   | C_o[0][0][6]   |     5.940 | SLOW    |     2.539 | FAST    |
A_i[0][2][0]   | C_o[0][1][0]   |     4.558 | SLOW    |     2.366 | FAST    |
A_i[0][2][0]   | C_o[0][1][1]   |     4.756 | SLOW    |     2.366 | FAST    |
A_i[0][2][0]   | C_o[0][1][2]   |     5.099 | SLOW    |     2.482 | FAST    |
A_i[0][2][0]   | C_o[0][1][3]   |     5.469 | SLOW    |     2.482 | FAST    |
A_i[0][2][0]   | C_o[0][1][4]   |     5.616 | SLOW    |     2.525 | FAST    |
A_i[0][2][0]   | C_o[0][1][5]   |     5.731 | SLOW    |     2.525 | FAST    |
A_i[0][2][0]   | C_o[0][1][6]   |     5.940 | SLOW    |     2.539 | FAST    |
A_i[0][2][0]   | C_o[0][2][0]   |     4.558 | SLOW    |     2.366 | FAST    |
A_i[0][2][0]   | C_o[0][2][1]   |     4.756 | SLOW    |     2.366 | FAST    |
A_i[0][2][0]   | C_o[0][2][2]   |     5.099 | SLOW    |     2.482 | FAST    |
A_i[0][2][0]   | C_o[0][2][3]   |     5.469 | SLOW    |     2.482 | FAST    |
A_i[0][2][0]   | C_o[0][2][4]   |     5.616 | SLOW    |     2.525 | FAST    |
A_i[0][2][0]   | C_o[0][2][5]   |     5.731 | SLOW    |     2.525 | FAST    |
A_i[0][2][0]   | C_o[0][2][6]   |     5.940 | SLOW    |     2.539 | FAST    |
A_i[0][2][0]   | C_o[0][3][0]   |     4.558 | SLOW    |     2.366 | FAST    |
A_i[0][2][0]   | C_o[0][3][1]   |     4.756 | SLOW    |     2.366 | FAST    |
A_i[0][2][0]   | C_o[0][3][2]   |     5.099 | SLOW    |     2.482 | FAST    |
A_i[0][2][0]   | C_o[0][3][3]   |     5.469 | SLOW    |     2.482 | FAST    |
A_i[0][2][0]   | C_o[0][3][4]   |     5.616 | SLOW    |     2.525 | FAST    |
A_i[0][2][0]   | C_o[0][3][5]   |     5.731 | SLOW    |     2.525 | FAST    |
A_i[0][2][0]   | C_o[0][3][6]   |     5.940 | SLOW    |     2.539 | FAST    |
A_i[0][2][1]   | C_o[0][0][1]   |     4.862 | SLOW    |     2.537 | FAST    |
A_i[0][2][1]   | C_o[0][0][2]   |     5.090 | SLOW    |     2.539 | FAST    |
A_i[0][2][1]   | C_o[0][0][3]   |     5.460 | SLOW    |     2.539 | FAST    |
A_i[0][2][1]   | C_o[0][0][4]   |     5.605 | SLOW    |     2.588 | FAST    |
A_i[0][2][1]   | C_o[0][0][5]   |     5.700 | SLOW    |     2.588 | FAST    |
A_i[0][2][1]   | C_o[0][0][6]   |     5.909 | SLOW    |     2.577 | FAST    |
A_i[0][2][1]   | C_o[0][1][1]   |     4.862 | SLOW    |     2.537 | FAST    |
A_i[0][2][1]   | C_o[0][1][2]   |     5.090 | SLOW    |     2.539 | FAST    |
A_i[0][2][1]   | C_o[0][1][3]   |     5.460 | SLOW    |     2.539 | FAST    |
A_i[0][2][1]   | C_o[0][1][4]   |     5.605 | SLOW    |     2.588 | FAST    |
A_i[0][2][1]   | C_o[0][1][5]   |     5.700 | SLOW    |     2.588 | FAST    |
A_i[0][2][1]   | C_o[0][1][6]   |     5.909 | SLOW    |     2.577 | FAST    |
A_i[0][2][1]   | C_o[0][2][1]   |     4.862 | SLOW    |     2.537 | FAST    |
A_i[0][2][1]   | C_o[0][2][2]   |     5.090 | SLOW    |     2.539 | FAST    |
A_i[0][2][1]   | C_o[0][2][3]   |     5.460 | SLOW    |     2.539 | FAST    |
A_i[0][2][1]   | C_o[0][2][4]   |     5.605 | SLOW    |     2.588 | FAST    |
A_i[0][2][1]   | C_o[0][2][5]   |     5.700 | SLOW    |     2.588 | FAST    |
A_i[0][2][1]   | C_o[0][2][6]   |     5.909 | SLOW    |     2.577 | FAST    |
A_i[0][2][1]   | C_o[0][3][1]   |     4.862 | SLOW    |     2.537 | FAST    |
A_i[0][2][1]   | C_o[0][3][2]   |     5.090 | SLOW    |     2.539 | FAST    |
A_i[0][2][1]   | C_o[0][3][3]   |     5.460 | SLOW    |     2.539 | FAST    |
A_i[0][2][1]   | C_o[0][3][4]   |     5.605 | SLOW    |     2.588 | FAST    |
A_i[0][2][1]   | C_o[0][3][5]   |     5.700 | SLOW    |     2.588 | FAST    |
A_i[0][2][1]   | C_o[0][3][6]   |     5.909 | SLOW    |     2.577 | FAST    |
A_i[0][2][2]   | C_o[0][0][2]   |     4.748 | SLOW    |     2.474 | FAST    |
A_i[0][2][2]   | C_o[0][0][3]   |     5.406 | SLOW    |     2.492 | FAST    |
A_i[0][2][2]   | C_o[0][0][4]   |     5.606 | SLOW    |     2.474 | FAST    |
A_i[0][2][2]   | C_o[0][0][5]   |     5.721 | SLOW    |     2.474 | FAST    |
A_i[0][2][2]   | C_o[0][0][6]   |     5.930 | SLOW    |     2.521 | FAST    |
A_i[0][2][2]   | C_o[0][1][2]   |     4.748 | SLOW    |     2.474 | FAST    |
A_i[0][2][2]   | C_o[0][1][3]   |     5.406 | SLOW    |     2.492 | FAST    |
A_i[0][2][2]   | C_o[0][1][4]   |     5.606 | SLOW    |     2.474 | FAST    |
A_i[0][2][2]   | C_o[0][1][5]   |     5.721 | SLOW    |     2.474 | FAST    |
A_i[0][2][2]   | C_o[0][1][6]   |     5.930 | SLOW    |     2.521 | FAST    |
A_i[0][2][2]   | C_o[0][2][2]   |     4.748 | SLOW    |     2.474 | FAST    |
A_i[0][2][2]   | C_o[0][2][3]   |     5.406 | SLOW    |     2.492 | FAST    |
A_i[0][2][2]   | C_o[0][2][4]   |     5.606 | SLOW    |     2.474 | FAST    |
A_i[0][2][2]   | C_o[0][2][5]   |     5.721 | SLOW    |     2.474 | FAST    |
A_i[0][2][2]   | C_o[0][2][6]   |     5.930 | SLOW    |     2.521 | FAST    |
A_i[0][2][2]   | C_o[0][3][2]   |     4.748 | SLOW    |     2.474 | FAST    |
A_i[0][2][2]   | C_o[0][3][3]   |     5.406 | SLOW    |     2.492 | FAST    |
A_i[0][2][2]   | C_o[0][3][4]   |     5.606 | SLOW    |     2.474 | FAST    |
A_i[0][2][2]   | C_o[0][3][5]   |     5.721 | SLOW    |     2.474 | FAST    |
A_i[0][2][2]   | C_o[0][3][6]   |     5.930 | SLOW    |     2.521 | FAST    |
A_i[0][2][3]   | C_o[0][0][3]   |     5.164 | SLOW    |     2.700 | FAST    |
A_i[0][2][3]   | C_o[0][0][4]   |     5.418 | SLOW    |     2.540 | FAST    |
A_i[0][2][3]   | C_o[0][0][5]   |     5.721 | SLOW    |     2.537 | FAST    |
A_i[0][2][3]   | C_o[0][0][6]   |     5.930 | SLOW    |     2.583 | FAST    |
A_i[0][2][3]   | C_o[0][1][3]   |     5.164 | SLOW    |     2.700 | FAST    |
A_i[0][2][3]   | C_o[0][1][4]   |     5.418 | SLOW    |     2.540 | FAST    |
A_i[0][2][3]   | C_o[0][1][5]   |     5.721 | SLOW    |     2.537 | FAST    |
A_i[0][2][3]   | C_o[0][1][6]   |     5.930 | SLOW    |     2.583 | FAST    |
A_i[0][2][3]   | C_o[0][2][3]   |     5.164 | SLOW    |     2.700 | FAST    |
A_i[0][2][3]   | C_o[0][2][4]   |     5.418 | SLOW    |     2.540 | FAST    |
A_i[0][2][3]   | C_o[0][2][5]   |     5.721 | SLOW    |     2.537 | FAST    |
A_i[0][2][3]   | C_o[0][2][6]   |     5.930 | SLOW    |     2.583 | FAST    |
A_i[0][2][3]   | C_o[0][3][3]   |     5.164 | SLOW    |     2.700 | FAST    |
A_i[0][2][3]   | C_o[0][3][4]   |     5.418 | SLOW    |     2.540 | FAST    |
A_i[0][2][3]   | C_o[0][3][5]   |     5.721 | SLOW    |     2.537 | FAST    |
A_i[0][2][3]   | C_o[0][3][6]   |     5.930 | SLOW    |     2.583 | FAST    |
A_i[0][2][4]   | C_o[0][0][4]   |     5.403 | SLOW    |     2.833 | FAST    |
A_i[0][2][4]   | C_o[0][0][5]   |     5.684 | SLOW    |     2.753 | FAST    |
A_i[0][2][4]   | C_o[0][0][6]   |     5.893 | SLOW    |     2.644 | FAST    |
A_i[0][2][4]   | C_o[0][1][4]   |     5.403 | SLOW    |     2.833 | FAST    |
A_i[0][2][4]   | C_o[0][1][5]   |     5.684 | SLOW    |     2.753 | FAST    |
A_i[0][2][4]   | C_o[0][1][6]   |     5.893 | SLOW    |     2.644 | FAST    |
A_i[0][2][4]   | C_o[0][2][4]   |     5.403 | SLOW    |     2.833 | FAST    |
A_i[0][2][4]   | C_o[0][2][5]   |     5.684 | SLOW    |     2.753 | FAST    |
A_i[0][2][4]   | C_o[0][2][6]   |     5.893 | SLOW    |     2.644 | FAST    |
A_i[0][2][4]   | C_o[0][3][4]   |     5.403 | SLOW    |     2.833 | FAST    |
A_i[0][2][4]   | C_o[0][3][5]   |     5.684 | SLOW    |     2.753 | FAST    |
A_i[0][2][4]   | C_o[0][3][6]   |     5.893 | SLOW    |     2.644 | FAST    |
A_i[0][2][5]   | C_o[0][0][5]   |     5.696 | SLOW    |     3.000 | FAST    |
A_i[0][2][5]   | C_o[0][0][6]   |     5.905 | SLOW    |     2.891 | FAST    |
A_i[0][2][5]   | C_o[0][1][5]   |     5.696 | SLOW    |     3.000 | FAST    |
A_i[0][2][5]   | C_o[0][1][6]   |     5.905 | SLOW    |     2.891 | FAST    |
A_i[0][2][5]   | C_o[0][2][5]   |     5.696 | SLOW    |     3.000 | FAST    |
A_i[0][2][5]   | C_o[0][2][6]   |     5.905 | SLOW    |     2.891 | FAST    |
A_i[0][2][5]   | C_o[0][3][5]   |     5.696 | SLOW    |     3.000 | FAST    |
A_i[0][2][5]   | C_o[0][3][6]   |     5.905 | SLOW    |     2.891 | FAST    |
A_i[0][2][6]   | C_o[0][0][6]   |     5.317 | SLOW    |     2.791 | FAST    |
A_i[0][2][6]   | C_o[0][1][6]   |     5.317 | SLOW    |     2.791 | FAST    |
A_i[0][2][6]   | C_o[0][2][6]   |     5.317 | SLOW    |     2.791 | FAST    |
A_i[0][2][6]   | C_o[0][3][6]   |     5.317 | SLOW    |     2.791 | FAST    |
A_i[0][3][0]   | C_o[0][0][0]   |     4.573 | SLOW    |     2.370 | FAST    |
A_i[0][3][0]   | C_o[0][0][1]   |     4.771 | SLOW    |     2.370 | FAST    |
A_i[0][3][0]   | C_o[0][0][2]   |     5.114 | SLOW    |     2.486 | FAST    |
A_i[0][3][0]   | C_o[0][0][3]   |     5.454 | SLOW    |     2.486 | FAST    |
A_i[0][3][0]   | C_o[0][0][4]   |     5.610 | SLOW    |     2.529 | FAST    |
A_i[0][3][0]   | C_o[0][0][5]   |     5.725 | SLOW    |     2.525 | FAST    |
A_i[0][3][0]   | C_o[0][0][6]   |     5.955 | SLOW    |     2.543 | FAST    |
A_i[0][3][0]   | C_o[0][1][0]   |     4.573 | SLOW    |     2.370 | FAST    |
A_i[0][3][0]   | C_o[0][1][1]   |     4.771 | SLOW    |     2.370 | FAST    |
A_i[0][3][0]   | C_o[0][1][2]   |     5.114 | SLOW    |     2.486 | FAST    |
A_i[0][3][0]   | C_o[0][1][3]   |     5.454 | SLOW    |     2.486 | FAST    |
A_i[0][3][0]   | C_o[0][1][4]   |     5.610 | SLOW    |     2.529 | FAST    |
A_i[0][3][0]   | C_o[0][1][5]   |     5.725 | SLOW    |     2.525 | FAST    |
A_i[0][3][0]   | C_o[0][1][6]   |     5.955 | SLOW    |     2.543 | FAST    |
A_i[0][3][0]   | C_o[0][2][0]   |     4.573 | SLOW    |     2.370 | FAST    |
A_i[0][3][0]   | C_o[0][2][1]   |     4.771 | SLOW    |     2.370 | FAST    |
A_i[0][3][0]   | C_o[0][2][2]   |     5.114 | SLOW    |     2.486 | FAST    |
A_i[0][3][0]   | C_o[0][2][3]   |     5.454 | SLOW    |     2.486 | FAST    |
A_i[0][3][0]   | C_o[0][2][4]   |     5.610 | SLOW    |     2.529 | FAST    |
A_i[0][3][0]   | C_o[0][2][5]   |     5.725 | SLOW    |     2.525 | FAST    |
A_i[0][3][0]   | C_o[0][2][6]   |     5.955 | SLOW    |     2.543 | FAST    |
A_i[0][3][0]   | C_o[0][3][0]   |     4.573 | SLOW    |     2.370 | FAST    |
A_i[0][3][0]   | C_o[0][3][1]   |     4.771 | SLOW    |     2.370 | FAST    |
A_i[0][3][0]   | C_o[0][3][2]   |     5.114 | SLOW    |     2.486 | FAST    |
A_i[0][3][0]   | C_o[0][3][3]   |     5.454 | SLOW    |     2.486 | FAST    |
A_i[0][3][0]   | C_o[0][3][4]   |     5.610 | SLOW    |     2.529 | FAST    |
A_i[0][3][0]   | C_o[0][3][5]   |     5.725 | SLOW    |     2.525 | FAST    |
A_i[0][3][0]   | C_o[0][3][6]   |     5.955 | SLOW    |     2.543 | FAST    |
A_i[0][3][1]   | C_o[0][0][1]   |     4.877 | SLOW    |     2.541 | FAST    |
A_i[0][3][1]   | C_o[0][0][2]   |     5.105 | SLOW    |     2.543 | FAST    |
A_i[0][3][1]   | C_o[0][0][3]   |     5.445 | SLOW    |     2.543 | FAST    |
A_i[0][3][1]   | C_o[0][0][4]   |     5.599 | SLOW    |     2.592 | FAST    |
A_i[0][3][1]   | C_o[0][0][5]   |     5.694 | SLOW    |     2.588 | FAST    |
A_i[0][3][1]   | C_o[0][0][6]   |     5.924 | SLOW    |     2.581 | FAST    |
A_i[0][3][1]   | C_o[0][1][1]   |     4.877 | SLOW    |     2.541 | FAST    |
A_i[0][3][1]   | C_o[0][1][2]   |     5.105 | SLOW    |     2.543 | FAST    |
A_i[0][3][1]   | C_o[0][1][3]   |     5.445 | SLOW    |     2.543 | FAST    |
A_i[0][3][1]   | C_o[0][1][4]   |     5.599 | SLOW    |     2.592 | FAST    |
A_i[0][3][1]   | C_o[0][1][5]   |     5.694 | SLOW    |     2.588 | FAST    |
A_i[0][3][1]   | C_o[0][1][6]   |     5.924 | SLOW    |     2.581 | FAST    |
A_i[0][3][1]   | C_o[0][2][1]   |     4.877 | SLOW    |     2.541 | FAST    |
A_i[0][3][1]   | C_o[0][2][2]   |     5.105 | SLOW    |     2.543 | FAST    |
A_i[0][3][1]   | C_o[0][2][3]   |     5.445 | SLOW    |     2.543 | FAST    |
A_i[0][3][1]   | C_o[0][2][4]   |     5.599 | SLOW    |     2.592 | FAST    |
A_i[0][3][1]   | C_o[0][2][5]   |     5.694 | SLOW    |     2.588 | FAST    |
A_i[0][3][1]   | C_o[0][2][6]   |     5.924 | SLOW    |     2.581 | FAST    |
A_i[0][3][1]   | C_o[0][3][1]   |     4.877 | SLOW    |     2.541 | FAST    |
A_i[0][3][1]   | C_o[0][3][2]   |     5.105 | SLOW    |     2.543 | FAST    |
A_i[0][3][1]   | C_o[0][3][3]   |     5.445 | SLOW    |     2.543 | FAST    |
A_i[0][3][1]   | C_o[0][3][4]   |     5.599 | SLOW    |     2.592 | FAST    |
A_i[0][3][1]   | C_o[0][3][5]   |     5.694 | SLOW    |     2.588 | FAST    |
A_i[0][3][1]   | C_o[0][3][6]   |     5.924 | SLOW    |     2.581 | FAST    |
A_i[0][3][2]   | C_o[0][0][2]   |     4.763 | SLOW    |     2.478 | FAST    |
A_i[0][3][2]   | C_o[0][0][3]   |     5.391 | SLOW    |     2.494 | FAST    |
A_i[0][3][2]   | C_o[0][0][4]   |     5.600 | SLOW    |     2.478 | FAST    |
A_i[0][3][2]   | C_o[0][0][5]   |     5.715 | SLOW    |     2.474 | FAST    |
A_i[0][3][2]   | C_o[0][0][6]   |     5.945 | SLOW    |     2.525 | FAST    |
A_i[0][3][2]   | C_o[0][1][2]   |     4.763 | SLOW    |     2.478 | FAST    |
A_i[0][3][2]   | C_o[0][1][3]   |     5.391 | SLOW    |     2.494 | FAST    |
A_i[0][3][2]   | C_o[0][1][4]   |     5.600 | SLOW    |     2.478 | FAST    |
A_i[0][3][2]   | C_o[0][1][5]   |     5.715 | SLOW    |     2.474 | FAST    |
A_i[0][3][2]   | C_o[0][1][6]   |     5.945 | SLOW    |     2.525 | FAST    |
A_i[0][3][2]   | C_o[0][2][2]   |     4.763 | SLOW    |     2.478 | FAST    |
A_i[0][3][2]   | C_o[0][2][3]   |     5.391 | SLOW    |     2.494 | FAST    |
A_i[0][3][2]   | C_o[0][2][4]   |     5.600 | SLOW    |     2.478 | FAST    |
A_i[0][3][2]   | C_o[0][2][5]   |     5.715 | SLOW    |     2.474 | FAST    |
A_i[0][3][2]   | C_o[0][2][6]   |     5.945 | SLOW    |     2.525 | FAST    |
A_i[0][3][2]   | C_o[0][3][2]   |     4.763 | SLOW    |     2.478 | FAST    |
A_i[0][3][2]   | C_o[0][3][3]   |     5.391 | SLOW    |     2.494 | FAST    |
A_i[0][3][2]   | C_o[0][3][4]   |     5.600 | SLOW    |     2.478 | FAST    |
A_i[0][3][2]   | C_o[0][3][5]   |     5.715 | SLOW    |     2.474 | FAST    |
A_i[0][3][2]   | C_o[0][3][6]   |     5.945 | SLOW    |     2.525 | FAST    |
A_i[0][3][3]   | C_o[0][0][3]   |     5.149 | SLOW    |     2.696 | FAST    |
A_i[0][3][3]   | C_o[0][0][4]   |     5.412 | SLOW    |     2.536 | FAST    |
A_i[0][3][3]   | C_o[0][0][5]   |     5.715 | SLOW    |     2.537 | FAST    |
A_i[0][3][3]   | C_o[0][0][6]   |     5.945 | SLOW    |     2.587 | FAST    |
A_i[0][3][3]   | C_o[0][1][3]   |     5.149 | SLOW    |     2.696 | FAST    |
A_i[0][3][3]   | C_o[0][1][4]   |     5.412 | SLOW    |     2.536 | FAST    |
A_i[0][3][3]   | C_o[0][1][5]   |     5.715 | SLOW    |     2.537 | FAST    |
A_i[0][3][3]   | C_o[0][1][6]   |     5.945 | SLOW    |     2.587 | FAST    |
A_i[0][3][3]   | C_o[0][2][3]   |     5.149 | SLOW    |     2.696 | FAST    |
A_i[0][3][3]   | C_o[0][2][4]   |     5.412 | SLOW    |     2.536 | FAST    |
A_i[0][3][3]   | C_o[0][2][5]   |     5.715 | SLOW    |     2.537 | FAST    |
A_i[0][3][3]   | C_o[0][2][6]   |     5.945 | SLOW    |     2.587 | FAST    |
A_i[0][3][3]   | C_o[0][3][3]   |     5.149 | SLOW    |     2.696 | FAST    |
A_i[0][3][3]   | C_o[0][3][4]   |     5.412 | SLOW    |     2.536 | FAST    |
A_i[0][3][3]   | C_o[0][3][5]   |     5.715 | SLOW    |     2.537 | FAST    |
A_i[0][3][3]   | C_o[0][3][6]   |     5.945 | SLOW    |     2.587 | FAST    |
A_i[0][3][4]   | C_o[0][0][4]   |     5.397 | SLOW    |     2.835 | FAST    |
A_i[0][3][4]   | C_o[0][0][5]   |     5.678 | SLOW    |     2.755 | FAST    |
A_i[0][3][4]   | C_o[0][0][6]   |     5.908 | SLOW    |     2.646 | FAST    |
A_i[0][3][4]   | C_o[0][1][4]   |     5.397 | SLOW    |     2.835 | FAST    |
A_i[0][3][4]   | C_o[0][1][5]   |     5.678 | SLOW    |     2.755 | FAST    |
A_i[0][3][4]   | C_o[0][1][6]   |     5.908 | SLOW    |     2.646 | FAST    |
A_i[0][3][4]   | C_o[0][2][4]   |     5.397 | SLOW    |     2.835 | FAST    |
A_i[0][3][4]   | C_o[0][2][5]   |     5.678 | SLOW    |     2.755 | FAST    |
A_i[0][3][4]   | C_o[0][2][6]   |     5.908 | SLOW    |     2.646 | FAST    |
A_i[0][3][4]   | C_o[0][3][4]   |     5.397 | SLOW    |     2.835 | FAST    |
A_i[0][3][4]   | C_o[0][3][5]   |     5.678 | SLOW    |     2.755 | FAST    |
A_i[0][3][4]   | C_o[0][3][6]   |     5.908 | SLOW    |     2.646 | FAST    |
A_i[0][3][5]   | C_o[0][0][5]   |     5.690 | SLOW    |     3.002 | FAST    |
A_i[0][3][5]   | C_o[0][0][6]   |     5.920 | SLOW    |     2.893 | FAST    |
A_i[0][3][5]   | C_o[0][1][5]   |     5.690 | SLOW    |     3.002 | FAST    |
A_i[0][3][5]   | C_o[0][1][6]   |     5.920 | SLOW    |     2.893 | FAST    |
A_i[0][3][5]   | C_o[0][2][5]   |     5.690 | SLOW    |     3.002 | FAST    |
A_i[0][3][5]   | C_o[0][2][6]   |     5.920 | SLOW    |     2.893 | FAST    |
A_i[0][3][5]   | C_o[0][3][5]   |     5.690 | SLOW    |     3.002 | FAST    |
A_i[0][3][5]   | C_o[0][3][6]   |     5.920 | SLOW    |     2.893 | FAST    |
A_i[0][3][6]   | C_o[0][0][6]   |     5.332 | SLOW    |     2.795 | FAST    |
A_i[0][3][6]   | C_o[0][1][6]   |     5.332 | SLOW    |     2.795 | FAST    |
A_i[0][3][6]   | C_o[0][2][6]   |     5.332 | SLOW    |     2.795 | FAST    |
A_i[0][3][6]   | C_o[0][3][6]   |     5.332 | SLOW    |     2.795 | FAST    |
A_i[1][0][0]   | C_o[1][0][0]   |     4.552 | SLOW    |     2.363 | FAST    |
A_i[1][0][0]   | C_o[1][0][1]   |     4.750 | SLOW    |     2.367 | FAST    |
A_i[1][0][0]   | C_o[1][0][2]   |     5.087 | SLOW    |     2.427 | FAST    |
A_i[1][0][0]   | C_o[1][0][3]   |     5.244 | SLOW    |     2.410 | FAST    |
A_i[1][0][0]   | C_o[1][0][4]   |     5.382 | SLOW    |     2.441 | FAST    |
A_i[1][0][0]   | C_o[1][0][5]   |     5.494 | SLOW    |     2.543 | FAST    |
A_i[1][0][0]   | C_o[1][0][6]   |     5.940 | SLOW    |     2.458 | FAST    |
A_i[1][0][0]   | C_o[1][1][0]   |     4.552 | SLOW    |     2.363 | FAST    |
A_i[1][0][0]   | C_o[1][1][1]   |     4.750 | SLOW    |     2.367 | FAST    |
A_i[1][0][0]   | C_o[1][1][2]   |     5.087 | SLOW    |     2.427 | FAST    |
A_i[1][0][0]   | C_o[1][1][3]   |     5.244 | SLOW    |     2.410 | FAST    |
A_i[1][0][0]   | C_o[1][1][4]   |     5.382 | SLOW    |     2.441 | FAST    |
A_i[1][0][0]   | C_o[1][1][5]   |     5.494 | SLOW    |     2.543 | FAST    |
A_i[1][0][0]   | C_o[1][1][6]   |     5.940 | SLOW    |     2.458 | FAST    |
A_i[1][0][0]   | C_o[1][2][0]   |     4.552 | SLOW    |     2.363 | FAST    |
A_i[1][0][0]   | C_o[1][2][1]   |     4.750 | SLOW    |     2.367 | FAST    |
A_i[1][0][0]   | C_o[1][2][2]   |     5.087 | SLOW    |     2.427 | FAST    |
A_i[1][0][0]   | C_o[1][2][3]   |     5.244 | SLOW    |     2.410 | FAST    |
A_i[1][0][0]   | C_o[1][2][4]   |     5.382 | SLOW    |     2.441 | FAST    |
A_i[1][0][0]   | C_o[1][2][5]   |     5.494 | SLOW    |     2.543 | FAST    |
A_i[1][0][0]   | C_o[1][2][6]   |     5.940 | SLOW    |     2.458 | FAST    |
A_i[1][0][0]   | C_o[1][3][0]   |     4.552 | SLOW    |     2.363 | FAST    |
A_i[1][0][0]   | C_o[1][3][1]   |     4.750 | SLOW    |     2.367 | FAST    |
A_i[1][0][0]   | C_o[1][3][2]   |     5.087 | SLOW    |     2.427 | FAST    |
A_i[1][0][0]   | C_o[1][3][3]   |     5.244 | SLOW    |     2.410 | FAST    |
A_i[1][0][0]   | C_o[1][3][4]   |     5.382 | SLOW    |     2.441 | FAST    |
A_i[1][0][0]   | C_o[1][3][5]   |     5.494 | SLOW    |     2.543 | FAST    |
A_i[1][0][0]   | C_o[1][3][6]   |     5.940 | SLOW    |     2.458 | FAST    |
A_i[1][0][1]   | C_o[1][0][1]   |     4.856 | SLOW    |     2.534 | FAST    |
A_i[1][0][1]   | C_o[1][0][2]   |     5.078 | SLOW    |     2.484 | FAST    |
A_i[1][0][1]   | C_o[1][0][3]   |     5.235 | SLOW    |     2.473 | FAST    |
A_i[1][0][1]   | C_o[1][0][4]   |     5.373 | SLOW    |     2.502 | FAST    |
A_i[1][0][1]   | C_o[1][0][5]   |     5.463 | SLOW    |     2.581 | FAST    |
A_i[1][0][1]   | C_o[1][0][6]   |     5.909 | SLOW    |     2.483 | FAST    |
A_i[1][0][1]   | C_o[1][1][1]   |     4.856 | SLOW    |     2.534 | FAST    |
A_i[1][0][1]   | C_o[1][1][2]   |     5.078 | SLOW    |     2.484 | FAST    |
A_i[1][0][1]   | C_o[1][1][3]   |     5.235 | SLOW    |     2.473 | FAST    |
A_i[1][0][1]   | C_o[1][1][4]   |     5.373 | SLOW    |     2.502 | FAST    |
A_i[1][0][1]   | C_o[1][1][5]   |     5.463 | SLOW    |     2.581 | FAST    |
A_i[1][0][1]   | C_o[1][1][6]   |     5.909 | SLOW    |     2.483 | FAST    |
A_i[1][0][1]   | C_o[1][2][1]   |     4.856 | SLOW    |     2.534 | FAST    |
A_i[1][0][1]   | C_o[1][2][2]   |     5.078 | SLOW    |     2.484 | FAST    |
A_i[1][0][1]   | C_o[1][2][3]   |     5.235 | SLOW    |     2.473 | FAST    |
A_i[1][0][1]   | C_o[1][2][4]   |     5.373 | SLOW    |     2.502 | FAST    |
A_i[1][0][1]   | C_o[1][2][5]   |     5.463 | SLOW    |     2.581 | FAST    |
A_i[1][0][1]   | C_o[1][2][6]   |     5.909 | SLOW    |     2.483 | FAST    |
A_i[1][0][1]   | C_o[1][3][1]   |     4.856 | SLOW    |     2.534 | FAST    |
A_i[1][0][1]   | C_o[1][3][2]   |     5.078 | SLOW    |     2.484 | FAST    |
A_i[1][0][1]   | C_o[1][3][3]   |     5.235 | SLOW    |     2.473 | FAST    |
A_i[1][0][1]   | C_o[1][3][4]   |     5.373 | SLOW    |     2.502 | FAST    |
A_i[1][0][1]   | C_o[1][3][5]   |     5.463 | SLOW    |     2.581 | FAST    |
A_i[1][0][1]   | C_o[1][3][6]   |     5.909 | SLOW    |     2.483 | FAST    |
A_i[1][0][2]   | C_o[1][0][2]   |     4.736 | SLOW    |     2.468 | FAST    |
A_i[1][0][2]   | C_o[1][0][3]   |     5.181 | SLOW    |     2.359 | FAST    |
A_i[1][0][2]   | C_o[1][0][4]   |     5.371 | SLOW    |     2.390 | FAST    |
A_i[1][0][2]   | C_o[1][0][5]   |     5.484 | SLOW    |     2.495 | FAST    |
A_i[1][0][2]   | C_o[1][0][6]   |     5.930 | SLOW    |     2.440 | FAST    |
A_i[1][0][2]   | C_o[1][1][2]   |     4.736 | SLOW    |     2.468 | FAST    |
A_i[1][0][2]   | C_o[1][1][3]   |     5.181 | SLOW    |     2.359 | FAST    |
A_i[1][0][2]   | C_o[1][1][4]   |     5.371 | SLOW    |     2.390 | FAST    |
A_i[1][0][2]   | C_o[1][1][5]   |     5.484 | SLOW    |     2.495 | FAST    |
A_i[1][0][2]   | C_o[1][1][6]   |     5.930 | SLOW    |     2.440 | FAST    |
A_i[1][0][2]   | C_o[1][2][2]   |     4.736 | SLOW    |     2.468 | FAST    |
A_i[1][0][2]   | C_o[1][2][3]   |     5.181 | SLOW    |     2.359 | FAST    |
A_i[1][0][2]   | C_o[1][2][4]   |     5.371 | SLOW    |     2.390 | FAST    |
A_i[1][0][2]   | C_o[1][2][5]   |     5.484 | SLOW    |     2.495 | FAST    |
A_i[1][0][2]   | C_o[1][2][6]   |     5.930 | SLOW    |     2.440 | FAST    |
A_i[1][0][2]   | C_o[1][3][2]   |     4.736 | SLOW    |     2.468 | FAST    |
A_i[1][0][2]   | C_o[1][3][3]   |     5.181 | SLOW    |     2.359 | FAST    |
A_i[1][0][2]   | C_o[1][3][4]   |     5.371 | SLOW    |     2.390 | FAST    |
A_i[1][0][2]   | C_o[1][3][5]   |     5.484 | SLOW    |     2.495 | FAST    |
A_i[1][0][2]   | C_o[1][3][6]   |     5.930 | SLOW    |     2.440 | FAST    |
A_i[1][0][3]   | C_o[1][0][3]   |     4.939 | SLOW    |     2.578 | FAST    |
A_i[1][0][3]   | C_o[1][0][4]   |     5.214 | SLOW    |     2.422 | FAST    |
A_i[1][0][3]   | C_o[1][0][5]   |     5.484 | SLOW    |     2.527 | FAST    |
A_i[1][0][3]   | C_o[1][0][6]   |     5.930 | SLOW    |     2.502 | FAST    |
A_i[1][0][3]   | C_o[1][1][3]   |     4.939 | SLOW    |     2.578 | FAST    |
A_i[1][0][3]   | C_o[1][1][4]   |     5.214 | SLOW    |     2.422 | FAST    |
A_i[1][0][3]   | C_o[1][1][5]   |     5.484 | SLOW    |     2.527 | FAST    |
A_i[1][0][3]   | C_o[1][1][6]   |     5.930 | SLOW    |     2.502 | FAST    |
A_i[1][0][3]   | C_o[1][2][3]   |     4.939 | SLOW    |     2.578 | FAST    |
A_i[1][0][3]   | C_o[1][2][4]   |     5.214 | SLOW    |     2.422 | FAST    |
A_i[1][0][3]   | C_o[1][2][5]   |     5.484 | SLOW    |     2.527 | FAST    |
A_i[1][0][3]   | C_o[1][2][6]   |     5.930 | SLOW    |     2.502 | FAST    |
A_i[1][0][3]   | C_o[1][3][3]   |     4.939 | SLOW    |     2.578 | FAST    |
A_i[1][0][3]   | C_o[1][3][4]   |     5.214 | SLOW    |     2.422 | FAST    |
A_i[1][0][3]   | C_o[1][3][5]   |     5.484 | SLOW    |     2.527 | FAST    |
A_i[1][0][3]   | C_o[1][3][6]   |     5.930 | SLOW    |     2.502 | FAST    |
A_i[1][0][4]   | C_o[1][0][4]   |     5.190 | SLOW    |     2.716 | FAST    |
A_i[1][0][4]   | C_o[1][0][5]   |     5.447 | SLOW    |     2.640 | FAST    |
A_i[1][0][4]   | C_o[1][0][6]   |     5.893 | SLOW    |     2.531 | FAST    |
A_i[1][0][4]   | C_o[1][1][4]   |     5.190 | SLOW    |     2.716 | FAST    |
A_i[1][0][4]   | C_o[1][1][5]   |     5.447 | SLOW    |     2.640 | FAST    |
A_i[1][0][4]   | C_o[1][1][6]   |     5.893 | SLOW    |     2.531 | FAST    |
A_i[1][0][4]   | C_o[1][2][4]   |     5.190 | SLOW    |     2.716 | FAST    |
A_i[1][0][4]   | C_o[1][2][5]   |     5.447 | SLOW    |     2.640 | FAST    |
A_i[1][0][4]   | C_o[1][2][6]   |     5.893 | SLOW    |     2.531 | FAST    |
A_i[1][0][4]   | C_o[1][3][4]   |     5.190 | SLOW    |     2.716 | FAST    |
A_i[1][0][4]   | C_o[1][3][5]   |     5.447 | SLOW    |     2.640 | FAST    |
A_i[1][0][4]   | C_o[1][3][6]   |     5.893 | SLOW    |     2.531 | FAST    |
A_i[1][0][5]   | C_o[1][0][5]   |     5.459 | SLOW    |     2.873 | FAST    |
A_i[1][0][5]   | C_o[1][0][6]   |     5.905 | SLOW    |     2.764 | FAST    |
A_i[1][0][5]   | C_o[1][1][5]   |     5.459 | SLOW    |     2.873 | FAST    |
A_i[1][0][5]   | C_o[1][1][6]   |     5.905 | SLOW    |     2.764 | FAST    |
A_i[1][0][5]   | C_o[1][2][5]   |     5.459 | SLOW    |     2.873 | FAST    |
A_i[1][0][5]   | C_o[1][2][6]   |     5.905 | SLOW    |     2.764 | FAST    |
A_i[1][0][5]   | C_o[1][3][5]   |     5.459 | SLOW    |     2.873 | FAST    |
A_i[1][0][5]   | C_o[1][3][6]   |     5.905 | SLOW    |     2.764 | FAST    |
A_i[1][0][6]   | C_o[1][0][6]   |     5.317 | SLOW    |     2.791 | FAST    |
A_i[1][0][6]   | C_o[1][1][6]   |     5.317 | SLOW    |     2.791 | FAST    |
A_i[1][0][6]   | C_o[1][2][6]   |     5.317 | SLOW    |     2.791 | FAST    |
A_i[1][0][6]   | C_o[1][3][6]   |     5.317 | SLOW    |     2.791 | FAST    |
A_i[1][1][0]   | C_o[1][0][0]   |     4.573 | SLOW    |     2.370 | FAST    |
A_i[1][1][0]   | C_o[1][0][1]   |     4.771 | SLOW    |     2.370 | FAST    |
A_i[1][1][0]   | C_o[1][0][2]   |     5.114 | SLOW    |     2.482 | FAST    |
A_i[1][1][0]   | C_o[1][0][3]   |     5.454 | SLOW    |     2.482 | FAST    |
A_i[1][1][0]   | C_o[1][0][4]   |     5.610 | SLOW    |     2.525 | FAST    |
A_i[1][1][0]   | C_o[1][0][5]   |     5.725 | SLOW    |     2.525 | FAST    |
A_i[1][1][0]   | C_o[1][0][6]   |     5.955 | SLOW    |     2.539 | FAST    |
A_i[1][1][0]   | C_o[1][1][0]   |     4.573 | SLOW    |     2.370 | FAST    |
A_i[1][1][0]   | C_o[1][1][1]   |     4.771 | SLOW    |     2.370 | FAST    |
A_i[1][1][0]   | C_o[1][1][2]   |     5.114 | SLOW    |     2.482 | FAST    |
A_i[1][1][0]   | C_o[1][1][3]   |     5.454 | SLOW    |     2.482 | FAST    |
A_i[1][1][0]   | C_o[1][1][4]   |     5.610 | SLOW    |     2.525 | FAST    |
A_i[1][1][0]   | C_o[1][1][5]   |     5.725 | SLOW    |     2.525 | FAST    |
A_i[1][1][0]   | C_o[1][1][6]   |     5.955 | SLOW    |     2.539 | FAST    |
A_i[1][1][0]   | C_o[1][2][0]   |     4.573 | SLOW    |     2.370 | FAST    |
A_i[1][1][0]   | C_o[1][2][1]   |     4.771 | SLOW    |     2.370 | FAST    |
A_i[1][1][0]   | C_o[1][2][2]   |     5.114 | SLOW    |     2.482 | FAST    |
A_i[1][1][0]   | C_o[1][2][3]   |     5.454 | SLOW    |     2.482 | FAST    |
A_i[1][1][0]   | C_o[1][2][4]   |     5.610 | SLOW    |     2.525 | FAST    |
A_i[1][1][0]   | C_o[1][2][5]   |     5.725 | SLOW    |     2.525 | FAST    |
A_i[1][1][0]   | C_o[1][2][6]   |     5.955 | SLOW    |     2.539 | FAST    |
A_i[1][1][0]   | C_o[1][3][0]   |     4.573 | SLOW    |     2.370 | FAST    |
A_i[1][1][0]   | C_o[1][3][1]   |     4.771 | SLOW    |     2.370 | FAST    |
A_i[1][1][0]   | C_o[1][3][2]   |     5.114 | SLOW    |     2.482 | FAST    |
A_i[1][1][0]   | C_o[1][3][3]   |     5.454 | SLOW    |     2.482 | FAST    |
A_i[1][1][0]   | C_o[1][3][4]   |     5.610 | SLOW    |     2.525 | FAST    |
A_i[1][1][0]   | C_o[1][3][5]   |     5.725 | SLOW    |     2.525 | FAST    |
A_i[1][1][0]   | C_o[1][3][6]   |     5.955 | SLOW    |     2.539 | FAST    |
A_i[1][1][1]   | C_o[1][0][1]   |     4.877 | SLOW    |     2.541 | FAST    |
A_i[1][1][1]   | C_o[1][0][2]   |     5.105 | SLOW    |     2.539 | FAST    |
A_i[1][1][1]   | C_o[1][0][3]   |     5.445 | SLOW    |     2.539 | FAST    |
A_i[1][1][1]   | C_o[1][0][4]   |     5.599 | SLOW    |     2.588 | FAST    |
A_i[1][1][1]   | C_o[1][0][5]   |     5.694 | SLOW    |     2.588 | FAST    |
A_i[1][1][1]   | C_o[1][0][6]   |     5.924 | SLOW    |     2.577 | FAST    |
A_i[1][1][1]   | C_o[1][1][1]   |     4.877 | SLOW    |     2.541 | FAST    |
A_i[1][1][1]   | C_o[1][1][2]   |     5.105 | SLOW    |     2.539 | FAST    |
A_i[1][1][1]   | C_o[1][1][3]   |     5.445 | SLOW    |     2.539 | FAST    |
A_i[1][1][1]   | C_o[1][1][4]   |     5.599 | SLOW    |     2.588 | FAST    |
A_i[1][1][1]   | C_o[1][1][5]   |     5.694 | SLOW    |     2.588 | FAST    |
A_i[1][1][1]   | C_o[1][1][6]   |     5.924 | SLOW    |     2.577 | FAST    |
A_i[1][1][1]   | C_o[1][2][1]   |     4.877 | SLOW    |     2.541 | FAST    |
A_i[1][1][1]   | C_o[1][2][2]   |     5.105 | SLOW    |     2.539 | FAST    |
A_i[1][1][1]   | C_o[1][2][3]   |     5.445 | SLOW    |     2.539 | FAST    |
A_i[1][1][1]   | C_o[1][2][4]   |     5.599 | SLOW    |     2.588 | FAST    |
A_i[1][1][1]   | C_o[1][2][5]   |     5.694 | SLOW    |     2.588 | FAST    |
A_i[1][1][1]   | C_o[1][2][6]   |     5.924 | SLOW    |     2.577 | FAST    |
A_i[1][1][1]   | C_o[1][3][1]   |     4.877 | SLOW    |     2.541 | FAST    |
A_i[1][1][1]   | C_o[1][3][2]   |     5.105 | SLOW    |     2.539 | FAST    |
A_i[1][1][1]   | C_o[1][3][3]   |     5.445 | SLOW    |     2.539 | FAST    |
A_i[1][1][1]   | C_o[1][3][4]   |     5.599 | SLOW    |     2.588 | FAST    |
A_i[1][1][1]   | C_o[1][3][5]   |     5.694 | SLOW    |     2.588 | FAST    |
A_i[1][1][1]   | C_o[1][3][6]   |     5.924 | SLOW    |     2.577 | FAST    |
A_i[1][1][2]   | C_o[1][0][2]   |     4.763 | SLOW    |     2.478 | FAST    |
A_i[1][1][2]   | C_o[1][0][3]   |     5.391 | SLOW    |     2.494 | FAST    |
A_i[1][1][2]   | C_o[1][0][4]   |     5.600 | SLOW    |     2.474 | FAST    |
A_i[1][1][2]   | C_o[1][0][5]   |     5.715 | SLOW    |     2.474 | FAST    |
A_i[1][1][2]   | C_o[1][0][6]   |     5.945 | SLOW    |     2.521 | FAST    |
A_i[1][1][2]   | C_o[1][1][2]   |     4.763 | SLOW    |     2.478 | FAST    |
A_i[1][1][2]   | C_o[1][1][3]   |     5.391 | SLOW    |     2.494 | FAST    |
A_i[1][1][2]   | C_o[1][1][4]   |     5.600 | SLOW    |     2.474 | FAST    |
A_i[1][1][2]   | C_o[1][1][5]   |     5.715 | SLOW    |     2.474 | FAST    |
A_i[1][1][2]   | C_o[1][1][6]   |     5.945 | SLOW    |     2.521 | FAST    |
A_i[1][1][2]   | C_o[1][2][2]   |     4.763 | SLOW    |     2.478 | FAST    |
A_i[1][1][2]   | C_o[1][2][3]   |     5.391 | SLOW    |     2.494 | FAST    |
A_i[1][1][2]   | C_o[1][2][4]   |     5.600 | SLOW    |     2.474 | FAST    |
A_i[1][1][2]   | C_o[1][2][5]   |     5.715 | SLOW    |     2.474 | FAST    |
A_i[1][1][2]   | C_o[1][2][6]   |     5.945 | SLOW    |     2.521 | FAST    |
A_i[1][1][2]   | C_o[1][3][2]   |     4.763 | SLOW    |     2.478 | FAST    |
A_i[1][1][2]   | C_o[1][3][3]   |     5.391 | SLOW    |     2.494 | FAST    |
A_i[1][1][2]   | C_o[1][3][4]   |     5.600 | SLOW    |     2.474 | FAST    |
A_i[1][1][2]   | C_o[1][3][5]   |     5.715 | SLOW    |     2.474 | FAST    |
A_i[1][1][2]   | C_o[1][3][6]   |     5.945 | SLOW    |     2.521 | FAST    |
A_i[1][1][3]   | C_o[1][0][3]   |     5.149 | SLOW    |     2.696 | FAST    |
A_i[1][1][3]   | C_o[1][0][4]   |     5.443 | SLOW    |     2.536 | FAST    |
A_i[1][1][3]   | C_o[1][0][5]   |     5.715 | SLOW    |     2.537 | FAST    |
A_i[1][1][3]   | C_o[1][0][6]   |     5.945 | SLOW    |     2.583 | FAST    |
A_i[1][1][3]   | C_o[1][1][3]   |     5.149 | SLOW    |     2.696 | FAST    |
A_i[1][1][3]   | C_o[1][1][4]   |     5.443 | SLOW    |     2.536 | FAST    |
A_i[1][1][3]   | C_o[1][1][5]   |     5.715 | SLOW    |     2.537 | FAST    |
A_i[1][1][3]   | C_o[1][1][6]   |     5.945 | SLOW    |     2.583 | FAST    |
A_i[1][1][3]   | C_o[1][2][3]   |     5.149 | SLOW    |     2.696 | FAST    |
A_i[1][1][3]   | C_o[1][2][4]   |     5.443 | SLOW    |     2.536 | FAST    |
A_i[1][1][3]   | C_o[1][2][5]   |     5.715 | SLOW    |     2.537 | FAST    |
A_i[1][1][3]   | C_o[1][2][6]   |     5.945 | SLOW    |     2.583 | FAST    |
A_i[1][1][3]   | C_o[1][3][3]   |     5.149 | SLOW    |     2.696 | FAST    |
A_i[1][1][3]   | C_o[1][3][4]   |     5.443 | SLOW    |     2.536 | FAST    |
A_i[1][1][3]   | C_o[1][3][5]   |     5.715 | SLOW    |     2.537 | FAST    |
A_i[1][1][3]   | C_o[1][3][6]   |     5.945 | SLOW    |     2.583 | FAST    |
A_i[1][1][4]   | C_o[1][0][4]   |     5.419 | SLOW    |     2.849 | FAST    |
A_i[1][1][4]   | C_o[1][0][5]   |     5.678 | SLOW    |     2.769 | FAST    |
A_i[1][1][4]   | C_o[1][0][6]   |     5.908 | SLOW    |     2.660 | FAST    |
A_i[1][1][4]   | C_o[1][1][4]   |     5.419 | SLOW    |     2.849 | FAST    |
A_i[1][1][4]   | C_o[1][1][5]   |     5.678 | SLOW    |     2.769 | FAST    |
A_i[1][1][4]   | C_o[1][1][6]   |     5.908 | SLOW    |     2.660 | FAST    |
A_i[1][1][4]   | C_o[1][2][4]   |     5.419 | SLOW    |     2.849 | FAST    |
A_i[1][1][4]   | C_o[1][2][5]   |     5.678 | SLOW    |     2.769 | FAST    |
A_i[1][1][4]   | C_o[1][2][6]   |     5.908 | SLOW    |     2.660 | FAST    |
A_i[1][1][4]   | C_o[1][3][4]   |     5.419 | SLOW    |     2.849 | FAST    |
A_i[1][1][4]   | C_o[1][3][5]   |     5.678 | SLOW    |     2.769 | FAST    |
A_i[1][1][4]   | C_o[1][3][6]   |     5.908 | SLOW    |     2.660 | FAST    |
A_i[1][1][5]   | C_o[1][0][5]   |     5.690 | SLOW    |     3.002 | FAST    |
A_i[1][1][5]   | C_o[1][0][6]   |     5.920 | SLOW    |     2.893 | FAST    |
A_i[1][1][5]   | C_o[1][1][5]   |     5.690 | SLOW    |     3.002 | FAST    |
A_i[1][1][5]   | C_o[1][1][6]   |     5.920 | SLOW    |     2.893 | FAST    |
A_i[1][1][5]   | C_o[1][2][5]   |     5.690 | SLOW    |     3.002 | FAST    |
A_i[1][1][5]   | C_o[1][2][6]   |     5.920 | SLOW    |     2.893 | FAST    |
A_i[1][1][5]   | C_o[1][3][5]   |     5.690 | SLOW    |     3.002 | FAST    |
A_i[1][1][5]   | C_o[1][3][6]   |     5.920 | SLOW    |     2.893 | FAST    |
A_i[1][1][6]   | C_o[1][0][6]   |     5.332 | SLOW    |     2.795 | FAST    |
A_i[1][1][6]   | C_o[1][1][6]   |     5.332 | SLOW    |     2.795 | FAST    |
A_i[1][1][6]   | C_o[1][2][6]   |     5.332 | SLOW    |     2.795 | FAST    |
A_i[1][1][6]   | C_o[1][3][6]   |     5.332 | SLOW    |     2.795 | FAST    |
A_i[1][2][0]   | C_o[1][0][0]   |     4.558 | SLOW    |     2.366 | FAST    |
A_i[1][2][0]   | C_o[1][0][1]   |     4.756 | SLOW    |     2.366 | FAST    |
A_i[1][2][0]   | C_o[1][0][2]   |     5.099 | SLOW    |     2.482 | FAST    |
A_i[1][2][0]   | C_o[1][0][3]   |     5.469 | SLOW    |     2.482 | FAST    |
A_i[1][2][0]   | C_o[1][0][4]   |     5.616 | SLOW    |     2.525 | FAST    |
A_i[1][2][0]   | C_o[1][0][5]   |     5.731 | SLOW    |     2.525 | FAST    |
A_i[1][2][0]   | C_o[1][0][6]   |     5.940 | SLOW    |     2.539 | FAST    |
A_i[1][2][0]   | C_o[1][1][0]   |     4.558 | SLOW    |     2.366 | FAST    |
A_i[1][2][0]   | C_o[1][1][1]   |     4.756 | SLOW    |     2.366 | FAST    |
A_i[1][2][0]   | C_o[1][1][2]   |     5.099 | SLOW    |     2.482 | FAST    |
A_i[1][2][0]   | C_o[1][1][3]   |     5.469 | SLOW    |     2.482 | FAST    |
A_i[1][2][0]   | C_o[1][1][4]   |     5.616 | SLOW    |     2.525 | FAST    |
A_i[1][2][0]   | C_o[1][1][5]   |     5.731 | SLOW    |     2.525 | FAST    |
A_i[1][2][0]   | C_o[1][1][6]   |     5.940 | SLOW    |     2.539 | FAST    |
A_i[1][2][0]   | C_o[1][2][0]   |     4.558 | SLOW    |     2.366 | FAST    |
A_i[1][2][0]   | C_o[1][2][1]   |     4.756 | SLOW    |     2.366 | FAST    |
A_i[1][2][0]   | C_o[1][2][2]   |     5.099 | SLOW    |     2.482 | FAST    |
A_i[1][2][0]   | C_o[1][2][3]   |     5.469 | SLOW    |     2.482 | FAST    |
A_i[1][2][0]   | C_o[1][2][4]   |     5.616 | SLOW    |     2.525 | FAST    |
A_i[1][2][0]   | C_o[1][2][5]   |     5.731 | SLOW    |     2.525 | FAST    |
A_i[1][2][0]   | C_o[1][2][6]   |     5.940 | SLOW    |     2.539 | FAST    |
A_i[1][2][0]   | C_o[1][3][0]   |     4.558 | SLOW    |     2.366 | FAST    |
A_i[1][2][0]   | C_o[1][3][1]   |     4.756 | SLOW    |     2.366 | FAST    |
A_i[1][2][0]   | C_o[1][3][2]   |     5.099 | SLOW    |     2.482 | FAST    |
A_i[1][2][0]   | C_o[1][3][3]   |     5.469 | SLOW    |     2.482 | FAST    |
A_i[1][2][0]   | C_o[1][3][4]   |     5.616 | SLOW    |     2.525 | FAST    |
A_i[1][2][0]   | C_o[1][3][5]   |     5.731 | SLOW    |     2.525 | FAST    |
A_i[1][2][0]   | C_o[1][3][6]   |     5.940 | SLOW    |     2.539 | FAST    |
A_i[1][2][1]   | C_o[1][0][1]   |     4.862 | SLOW    |     2.537 | FAST    |
A_i[1][2][1]   | C_o[1][0][2]   |     5.090 | SLOW    |     2.539 | FAST    |
A_i[1][2][1]   | C_o[1][0][3]   |     5.460 | SLOW    |     2.539 | FAST    |
A_i[1][2][1]   | C_o[1][0][4]   |     5.605 | SLOW    |     2.588 | FAST    |
A_i[1][2][1]   | C_o[1][0][5]   |     5.700 | SLOW    |     2.588 | FAST    |
A_i[1][2][1]   | C_o[1][0][6]   |     5.909 | SLOW    |     2.577 | FAST    |
A_i[1][2][1]   | C_o[1][1][1]   |     4.862 | SLOW    |     2.537 | FAST    |
A_i[1][2][1]   | C_o[1][1][2]   |     5.090 | SLOW    |     2.539 | FAST    |
A_i[1][2][1]   | C_o[1][1][3]   |     5.460 | SLOW    |     2.539 | FAST    |
A_i[1][2][1]   | C_o[1][1][4]   |     5.605 | SLOW    |     2.588 | FAST    |
A_i[1][2][1]   | C_o[1][1][5]   |     5.700 | SLOW    |     2.588 | FAST    |
A_i[1][2][1]   | C_o[1][1][6]   |     5.909 | SLOW    |     2.577 | FAST    |
A_i[1][2][1]   | C_o[1][2][1]   |     4.862 | SLOW    |     2.537 | FAST    |
A_i[1][2][1]   | C_o[1][2][2]   |     5.090 | SLOW    |     2.539 | FAST    |
A_i[1][2][1]   | C_o[1][2][3]   |     5.460 | SLOW    |     2.539 | FAST    |
A_i[1][2][1]   | C_o[1][2][4]   |     5.605 | SLOW    |     2.588 | FAST    |
A_i[1][2][1]   | C_o[1][2][5]   |     5.700 | SLOW    |     2.588 | FAST    |
A_i[1][2][1]   | C_o[1][2][6]   |     5.909 | SLOW    |     2.577 | FAST    |
A_i[1][2][1]   | C_o[1][3][1]   |     4.862 | SLOW    |     2.537 | FAST    |
A_i[1][2][1]   | C_o[1][3][2]   |     5.090 | SLOW    |     2.539 | FAST    |
A_i[1][2][1]   | C_o[1][3][3]   |     5.460 | SLOW    |     2.539 | FAST    |
A_i[1][2][1]   | C_o[1][3][4]   |     5.605 | SLOW    |     2.588 | FAST    |
A_i[1][2][1]   | C_o[1][3][5]   |     5.700 | SLOW    |     2.588 | FAST    |
A_i[1][2][1]   | C_o[1][3][6]   |     5.909 | SLOW    |     2.577 | FAST    |
A_i[1][2][2]   | C_o[1][0][2]   |     4.748 | SLOW    |     2.474 | FAST    |
A_i[1][2][2]   | C_o[1][0][3]   |     5.406 | SLOW    |     2.492 | FAST    |
A_i[1][2][2]   | C_o[1][0][4]   |     5.606 | SLOW    |     2.474 | FAST    |
A_i[1][2][2]   | C_o[1][0][5]   |     5.721 | SLOW    |     2.474 | FAST    |
A_i[1][2][2]   | C_o[1][0][6]   |     5.930 | SLOW    |     2.521 | FAST    |
A_i[1][2][2]   | C_o[1][1][2]   |     4.748 | SLOW    |     2.474 | FAST    |
A_i[1][2][2]   | C_o[1][1][3]   |     5.406 | SLOW    |     2.492 | FAST    |
A_i[1][2][2]   | C_o[1][1][4]   |     5.606 | SLOW    |     2.474 | FAST    |
A_i[1][2][2]   | C_o[1][1][5]   |     5.721 | SLOW    |     2.474 | FAST    |
A_i[1][2][2]   | C_o[1][1][6]   |     5.930 | SLOW    |     2.521 | FAST    |
A_i[1][2][2]   | C_o[1][2][2]   |     4.748 | SLOW    |     2.474 | FAST    |
A_i[1][2][2]   | C_o[1][2][3]   |     5.406 | SLOW    |     2.492 | FAST    |
A_i[1][2][2]   | C_o[1][2][4]   |     5.606 | SLOW    |     2.474 | FAST    |
A_i[1][2][2]   | C_o[1][2][5]   |     5.721 | SLOW    |     2.474 | FAST    |
A_i[1][2][2]   | C_o[1][2][6]   |     5.930 | SLOW    |     2.521 | FAST    |
A_i[1][2][2]   | C_o[1][3][2]   |     4.748 | SLOW    |     2.474 | FAST    |
A_i[1][2][2]   | C_o[1][3][3]   |     5.406 | SLOW    |     2.492 | FAST    |
A_i[1][2][2]   | C_o[1][3][4]   |     5.606 | SLOW    |     2.474 | FAST    |
A_i[1][2][2]   | C_o[1][3][5]   |     5.721 | SLOW    |     2.474 | FAST    |
A_i[1][2][2]   | C_o[1][3][6]   |     5.930 | SLOW    |     2.521 | FAST    |
A_i[1][2][3]   | C_o[1][0][3]   |     5.164 | SLOW    |     2.700 | FAST    |
A_i[1][2][3]   | C_o[1][0][4]   |     5.449 | SLOW    |     2.540 | FAST    |
A_i[1][2][3]   | C_o[1][0][5]   |     5.721 | SLOW    |     2.537 | FAST    |
A_i[1][2][3]   | C_o[1][0][6]   |     5.930 | SLOW    |     2.583 | FAST    |
A_i[1][2][3]   | C_o[1][1][3]   |     5.164 | SLOW    |     2.700 | FAST    |
A_i[1][2][3]   | C_o[1][1][4]   |     5.449 | SLOW    |     2.540 | FAST    |
A_i[1][2][3]   | C_o[1][1][5]   |     5.721 | SLOW    |     2.537 | FAST    |
A_i[1][2][3]   | C_o[1][1][6]   |     5.930 | SLOW    |     2.583 | FAST    |
A_i[1][2][3]   | C_o[1][2][3]   |     5.164 | SLOW    |     2.700 | FAST    |
A_i[1][2][3]   | C_o[1][2][4]   |     5.449 | SLOW    |     2.540 | FAST    |
A_i[1][2][3]   | C_o[1][2][5]   |     5.721 | SLOW    |     2.537 | FAST    |
A_i[1][2][3]   | C_o[1][2][6]   |     5.930 | SLOW    |     2.583 | FAST    |
A_i[1][2][3]   | C_o[1][3][3]   |     5.164 | SLOW    |     2.700 | FAST    |
A_i[1][2][3]   | C_o[1][3][4]   |     5.449 | SLOW    |     2.540 | FAST    |
A_i[1][2][3]   | C_o[1][3][5]   |     5.721 | SLOW    |     2.537 | FAST    |
A_i[1][2][3]   | C_o[1][3][6]   |     5.930 | SLOW    |     2.583 | FAST    |
A_i[1][2][4]   | C_o[1][0][4]   |     5.425 | SLOW    |     2.847 | FAST    |
A_i[1][2][4]   | C_o[1][0][5]   |     5.684 | SLOW    |     2.767 | FAST    |
A_i[1][2][4]   | C_o[1][0][6]   |     5.893 | SLOW    |     2.658 | FAST    |
A_i[1][2][4]   | C_o[1][1][4]   |     5.425 | SLOW    |     2.847 | FAST    |
A_i[1][2][4]   | C_o[1][1][5]   |     5.684 | SLOW    |     2.767 | FAST    |
A_i[1][2][4]   | C_o[1][1][6]   |     5.893 | SLOW    |     2.658 | FAST    |
A_i[1][2][4]   | C_o[1][2][4]   |     5.425 | SLOW    |     2.847 | FAST    |
A_i[1][2][4]   | C_o[1][2][5]   |     5.684 | SLOW    |     2.767 | FAST    |
A_i[1][2][4]   | C_o[1][2][6]   |     5.893 | SLOW    |     2.658 | FAST    |
A_i[1][2][4]   | C_o[1][3][4]   |     5.425 | SLOW    |     2.847 | FAST    |
A_i[1][2][4]   | C_o[1][3][5]   |     5.684 | SLOW    |     2.767 | FAST    |
A_i[1][2][4]   | C_o[1][3][6]   |     5.893 | SLOW    |     2.658 | FAST    |
A_i[1][2][5]   | C_o[1][0][5]   |     5.696 | SLOW    |     3.000 | FAST    |
A_i[1][2][5]   | C_o[1][0][6]   |     5.905 | SLOW    |     2.891 | FAST    |
A_i[1][2][5]   | C_o[1][1][5]   |     5.696 | SLOW    |     3.000 | FAST    |
A_i[1][2][5]   | C_o[1][1][6]   |     5.905 | SLOW    |     2.891 | FAST    |
A_i[1][2][5]   | C_o[1][2][5]   |     5.696 | SLOW    |     3.000 | FAST    |
A_i[1][2][5]   | C_o[1][2][6]   |     5.905 | SLOW    |     2.891 | FAST    |
A_i[1][2][5]   | C_o[1][3][5]   |     5.696 | SLOW    |     3.000 | FAST    |
A_i[1][2][5]   | C_o[1][3][6]   |     5.905 | SLOW    |     2.891 | FAST    |
A_i[1][2][6]   | C_o[1][0][6]   |     5.317 | SLOW    |     2.791 | FAST    |
A_i[1][2][6]   | C_o[1][1][6]   |     5.317 | SLOW    |     2.791 | FAST    |
A_i[1][2][6]   | C_o[1][2][6]   |     5.317 | SLOW    |     2.791 | FAST    |
A_i[1][2][6]   | C_o[1][3][6]   |     5.317 | SLOW    |     2.791 | FAST    |
A_i[1][3][0]   | C_o[1][0][0]   |     4.573 | SLOW    |     2.370 | FAST    |
A_i[1][3][0]   | C_o[1][0][1]   |     4.771 | SLOW    |     2.370 | FAST    |
A_i[1][3][0]   | C_o[1][0][2]   |     5.114 | SLOW    |     2.486 | FAST    |
A_i[1][3][0]   | C_o[1][0][3]   |     5.454 | SLOW    |     2.486 | FAST    |
A_i[1][3][0]   | C_o[1][0][4]   |     5.610 | SLOW    |     2.529 | FAST    |
A_i[1][3][0]   | C_o[1][0][5]   |     5.725 | SLOW    |     2.525 | FAST    |
A_i[1][3][0]   | C_o[1][0][6]   |     5.955 | SLOW    |     2.543 | FAST    |
A_i[1][3][0]   | C_o[1][1][0]   |     4.573 | SLOW    |     2.370 | FAST    |
A_i[1][3][0]   | C_o[1][1][1]   |     4.771 | SLOW    |     2.370 | FAST    |
A_i[1][3][0]   | C_o[1][1][2]   |     5.114 | SLOW    |     2.486 | FAST    |
A_i[1][3][0]   | C_o[1][1][3]   |     5.454 | SLOW    |     2.486 | FAST    |
A_i[1][3][0]   | C_o[1][1][4]   |     5.610 | SLOW    |     2.529 | FAST    |
A_i[1][3][0]   | C_o[1][1][5]   |     5.725 | SLOW    |     2.525 | FAST    |
A_i[1][3][0]   | C_o[1][1][6]   |     5.955 | SLOW    |     2.543 | FAST    |
A_i[1][3][0]   | C_o[1][2][0]   |     4.573 | SLOW    |     2.370 | FAST    |
A_i[1][3][0]   | C_o[1][2][1]   |     4.771 | SLOW    |     2.370 | FAST    |
A_i[1][3][0]   | C_o[1][2][2]   |     5.114 | SLOW    |     2.486 | FAST    |
A_i[1][3][0]   | C_o[1][2][3]   |     5.454 | SLOW    |     2.486 | FAST    |
A_i[1][3][0]   | C_o[1][2][4]   |     5.610 | SLOW    |     2.529 | FAST    |
A_i[1][3][0]   | C_o[1][2][5]   |     5.725 | SLOW    |     2.525 | FAST    |
A_i[1][3][0]   | C_o[1][2][6]   |     5.955 | SLOW    |     2.543 | FAST    |
A_i[1][3][0]   | C_o[1][3][0]   |     4.573 | SLOW    |     2.370 | FAST    |
A_i[1][3][0]   | C_o[1][3][1]   |     4.771 | SLOW    |     2.370 | FAST    |
A_i[1][3][0]   | C_o[1][3][2]   |     5.114 | SLOW    |     2.486 | FAST    |
A_i[1][3][0]   | C_o[1][3][3]   |     5.454 | SLOW    |     2.486 | FAST    |
A_i[1][3][0]   | C_o[1][3][4]   |     5.610 | SLOW    |     2.529 | FAST    |
A_i[1][3][0]   | C_o[1][3][5]   |     5.725 | SLOW    |     2.525 | FAST    |
A_i[1][3][0]   | C_o[1][3][6]   |     5.955 | SLOW    |     2.543 | FAST    |
A_i[1][3][1]   | C_o[1][0][1]   |     4.877 | SLOW    |     2.541 | FAST    |
A_i[1][3][1]   | C_o[1][0][2]   |     5.105 | SLOW    |     2.543 | FAST    |
A_i[1][3][1]   | C_o[1][0][3]   |     5.445 | SLOW    |     2.543 | FAST    |
A_i[1][3][1]   | C_o[1][0][4]   |     5.599 | SLOW    |     2.592 | FAST    |
A_i[1][3][1]   | C_o[1][0][5]   |     5.694 | SLOW    |     2.588 | FAST    |
A_i[1][3][1]   | C_o[1][0][6]   |     5.924 | SLOW    |     2.581 | FAST    |
A_i[1][3][1]   | C_o[1][1][1]   |     4.877 | SLOW    |     2.541 | FAST    |
A_i[1][3][1]   | C_o[1][1][2]   |     5.105 | SLOW    |     2.543 | FAST    |
A_i[1][3][1]   | C_o[1][1][3]   |     5.445 | SLOW    |     2.543 | FAST    |
A_i[1][3][1]   | C_o[1][1][4]   |     5.599 | SLOW    |     2.592 | FAST    |
A_i[1][3][1]   | C_o[1][1][5]   |     5.694 | SLOW    |     2.588 | FAST    |
A_i[1][3][1]   | C_o[1][1][6]   |     5.924 | SLOW    |     2.581 | FAST    |
A_i[1][3][1]   | C_o[1][2][1]   |     4.877 | SLOW    |     2.541 | FAST    |
A_i[1][3][1]   | C_o[1][2][2]   |     5.105 | SLOW    |     2.543 | FAST    |
A_i[1][3][1]   | C_o[1][2][3]   |     5.445 | SLOW    |     2.543 | FAST    |
A_i[1][3][1]   | C_o[1][2][4]   |     5.599 | SLOW    |     2.592 | FAST    |
A_i[1][3][1]   | C_o[1][2][5]   |     5.694 | SLOW    |     2.588 | FAST    |
A_i[1][3][1]   | C_o[1][2][6]   |     5.924 | SLOW    |     2.581 | FAST    |
A_i[1][3][1]   | C_o[1][3][1]   |     4.877 | SLOW    |     2.541 | FAST    |
A_i[1][3][1]   | C_o[1][3][2]   |     5.105 | SLOW    |     2.543 | FAST    |
A_i[1][3][1]   | C_o[1][3][3]   |     5.445 | SLOW    |     2.543 | FAST    |
A_i[1][3][1]   | C_o[1][3][4]   |     5.599 | SLOW    |     2.592 | FAST    |
A_i[1][3][1]   | C_o[1][3][5]   |     5.694 | SLOW    |     2.588 | FAST    |
A_i[1][3][1]   | C_o[1][3][6]   |     5.924 | SLOW    |     2.581 | FAST    |
A_i[1][3][2]   | C_o[1][0][2]   |     4.763 | SLOW    |     2.478 | FAST    |
A_i[1][3][2]   | C_o[1][0][3]   |     5.391 | SLOW    |     2.494 | FAST    |
A_i[1][3][2]   | C_o[1][0][4]   |     5.600 | SLOW    |     2.478 | FAST    |
A_i[1][3][2]   | C_o[1][0][5]   |     5.715 | SLOW    |     2.474 | FAST    |
A_i[1][3][2]   | C_o[1][0][6]   |     5.945 | SLOW    |     2.525 | FAST    |
A_i[1][3][2]   | C_o[1][1][2]   |     4.763 | SLOW    |     2.478 | FAST    |
A_i[1][3][2]   | C_o[1][1][3]   |     5.391 | SLOW    |     2.494 | FAST    |
A_i[1][3][2]   | C_o[1][1][4]   |     5.600 | SLOW    |     2.478 | FAST    |
A_i[1][3][2]   | C_o[1][1][5]   |     5.715 | SLOW    |     2.474 | FAST    |
A_i[1][3][2]   | C_o[1][1][6]   |     5.945 | SLOW    |     2.525 | FAST    |
A_i[1][3][2]   | C_o[1][2][2]   |     4.763 | SLOW    |     2.478 | FAST    |
A_i[1][3][2]   | C_o[1][2][3]   |     5.391 | SLOW    |     2.494 | FAST    |
A_i[1][3][2]   | C_o[1][2][4]   |     5.600 | SLOW    |     2.478 | FAST    |
A_i[1][3][2]   | C_o[1][2][5]   |     5.715 | SLOW    |     2.474 | FAST    |
A_i[1][3][2]   | C_o[1][2][6]   |     5.945 | SLOW    |     2.525 | FAST    |
A_i[1][3][2]   | C_o[1][3][2]   |     4.763 | SLOW    |     2.478 | FAST    |
A_i[1][3][2]   | C_o[1][3][3]   |     5.391 | SLOW    |     2.494 | FAST    |
A_i[1][3][2]   | C_o[1][3][4]   |     5.600 | SLOW    |     2.478 | FAST    |
A_i[1][3][2]   | C_o[1][3][5]   |     5.715 | SLOW    |     2.474 | FAST    |
A_i[1][3][2]   | C_o[1][3][6]   |     5.945 | SLOW    |     2.525 | FAST    |
A_i[1][3][3]   | C_o[1][0][3]   |     5.149 | SLOW    |     2.696 | FAST    |
A_i[1][3][3]   | C_o[1][0][4]   |     5.443 | SLOW    |     2.536 | FAST    |
A_i[1][3][3]   | C_o[1][0][5]   |     5.715 | SLOW    |     2.537 | FAST    |
A_i[1][3][3]   | C_o[1][0][6]   |     5.945 | SLOW    |     2.587 | FAST    |
A_i[1][3][3]   | C_o[1][1][3]   |     5.149 | SLOW    |     2.696 | FAST    |
A_i[1][3][3]   | C_o[1][1][4]   |     5.443 | SLOW    |     2.536 | FAST    |
A_i[1][3][3]   | C_o[1][1][5]   |     5.715 | SLOW    |     2.537 | FAST    |
A_i[1][3][3]   | C_o[1][1][6]   |     5.945 | SLOW    |     2.587 | FAST    |
A_i[1][3][3]   | C_o[1][2][3]   |     5.149 | SLOW    |     2.696 | FAST    |
A_i[1][3][3]   | C_o[1][2][4]   |     5.443 | SLOW    |     2.536 | FAST    |
A_i[1][3][3]   | C_o[1][2][5]   |     5.715 | SLOW    |     2.537 | FAST    |
A_i[1][3][3]   | C_o[1][2][6]   |     5.945 | SLOW    |     2.587 | FAST    |
A_i[1][3][3]   | C_o[1][3][3]   |     5.149 | SLOW    |     2.696 | FAST    |
A_i[1][3][3]   | C_o[1][3][4]   |     5.443 | SLOW    |     2.536 | FAST    |
A_i[1][3][3]   | C_o[1][3][5]   |     5.715 | SLOW    |     2.537 | FAST    |
A_i[1][3][3]   | C_o[1][3][6]   |     5.945 | SLOW    |     2.587 | FAST    |
A_i[1][3][4]   | C_o[1][0][4]   |     5.419 | SLOW    |     2.849 | FAST    |
A_i[1][3][4]   | C_o[1][0][5]   |     5.678 | SLOW    |     2.769 | FAST    |
A_i[1][3][4]   | C_o[1][0][6]   |     5.908 | SLOW    |     2.660 | FAST    |
A_i[1][3][4]   | C_o[1][1][4]   |     5.419 | SLOW    |     2.849 | FAST    |
A_i[1][3][4]   | C_o[1][1][5]   |     5.678 | SLOW    |     2.769 | FAST    |
A_i[1][3][4]   | C_o[1][1][6]   |     5.908 | SLOW    |     2.660 | FAST    |
A_i[1][3][4]   | C_o[1][2][4]   |     5.419 | SLOW    |     2.849 | FAST    |
A_i[1][3][4]   | C_o[1][2][5]   |     5.678 | SLOW    |     2.769 | FAST    |
A_i[1][3][4]   | C_o[1][2][6]   |     5.908 | SLOW    |     2.660 | FAST    |
A_i[1][3][4]   | C_o[1][3][4]   |     5.419 | SLOW    |     2.849 | FAST    |
A_i[1][3][4]   | C_o[1][3][5]   |     5.678 | SLOW    |     2.769 | FAST    |
A_i[1][3][4]   | C_o[1][3][6]   |     5.908 | SLOW    |     2.660 | FAST    |
A_i[1][3][5]   | C_o[1][0][5]   |     5.690 | SLOW    |     3.002 | FAST    |
A_i[1][3][5]   | C_o[1][0][6]   |     5.920 | SLOW    |     2.893 | FAST    |
A_i[1][3][5]   | C_o[1][1][5]   |     5.690 | SLOW    |     3.002 | FAST    |
A_i[1][3][5]   | C_o[1][1][6]   |     5.920 | SLOW    |     2.893 | FAST    |
A_i[1][3][5]   | C_o[1][2][5]   |     5.690 | SLOW    |     3.002 | FAST    |
A_i[1][3][5]   | C_o[1][2][6]   |     5.920 | SLOW    |     2.893 | FAST    |
A_i[1][3][5]   | C_o[1][3][5]   |     5.690 | SLOW    |     3.002 | FAST    |
A_i[1][3][5]   | C_o[1][3][6]   |     5.920 | SLOW    |     2.893 | FAST    |
A_i[1][3][6]   | C_o[1][0][6]   |     5.332 | SLOW    |     2.795 | FAST    |
A_i[1][3][6]   | C_o[1][1][6]   |     5.332 | SLOW    |     2.795 | FAST    |
A_i[1][3][6]   | C_o[1][2][6]   |     5.332 | SLOW    |     2.795 | FAST    |
A_i[1][3][6]   | C_o[1][3][6]   |     5.332 | SLOW    |     2.795 | FAST    |
A_i[2][0][0]   | C_o[2][0][0]   |     4.552 | SLOW    |     2.363 | FAST    |
A_i[2][0][0]   | C_o[2][0][1]   |     4.750 | SLOW    |     2.367 | FAST    |
A_i[2][0][0]   | C_o[2][0][2]   |     5.087 | SLOW    |     2.427 | FAST    |
A_i[2][0][0]   | C_o[2][0][3]   |     5.244 | SLOW    |     2.410 | FAST    |
A_i[2][0][0]   | C_o[2][0][4]   |     5.382 | SLOW    |     2.441 | FAST    |
A_i[2][0][0]   | C_o[2][0][5]   |     5.494 | SLOW    |     2.543 | FAST    |
A_i[2][0][0]   | C_o[2][0][6]   |     5.940 | SLOW    |     2.458 | FAST    |
A_i[2][0][0]   | C_o[2][1][0]   |     4.552 | SLOW    |     2.363 | FAST    |
A_i[2][0][0]   | C_o[2][1][1]   |     4.750 | SLOW    |     2.367 | FAST    |
A_i[2][0][0]   | C_o[2][1][2]   |     5.087 | SLOW    |     2.427 | FAST    |
A_i[2][0][0]   | C_o[2][1][3]   |     5.244 | SLOW    |     2.410 | FAST    |
A_i[2][0][0]   | C_o[2][1][4]   |     5.382 | SLOW    |     2.441 | FAST    |
A_i[2][0][0]   | C_o[2][1][5]   |     5.494 | SLOW    |     2.543 | FAST    |
A_i[2][0][0]   | C_o[2][1][6]   |     5.940 | SLOW    |     2.458 | FAST    |
A_i[2][0][0]   | C_o[2][2][0]   |     4.552 | SLOW    |     2.363 | FAST    |
A_i[2][0][0]   | C_o[2][2][1]   |     4.750 | SLOW    |     2.367 | FAST    |
A_i[2][0][0]   | C_o[2][2][2]   |     5.087 | SLOW    |     2.427 | FAST    |
A_i[2][0][0]   | C_o[2][2][3]   |     5.244 | SLOW    |     2.410 | FAST    |
A_i[2][0][0]   | C_o[2][2][4]   |     5.382 | SLOW    |     2.441 | FAST    |
A_i[2][0][0]   | C_o[2][2][5]   |     5.494 | SLOW    |     2.543 | FAST    |
A_i[2][0][0]   | C_o[2][2][6]   |     5.940 | SLOW    |     2.458 | FAST    |
A_i[2][0][0]   | C_o[2][3][0]   |     4.552 | SLOW    |     2.363 | FAST    |
A_i[2][0][0]   | C_o[2][3][1]   |     4.750 | SLOW    |     2.367 | FAST    |
A_i[2][0][0]   | C_o[2][3][2]   |     5.087 | SLOW    |     2.427 | FAST    |
A_i[2][0][0]   | C_o[2][3][3]   |     5.244 | SLOW    |     2.410 | FAST    |
A_i[2][0][0]   | C_o[2][3][4]   |     5.382 | SLOW    |     2.441 | FAST    |
A_i[2][0][0]   | C_o[2][3][5]   |     5.494 | SLOW    |     2.543 | FAST    |
A_i[2][0][0]   | C_o[2][3][6]   |     5.940 | SLOW    |     2.458 | FAST    |
A_i[2][0][1]   | C_o[2][0][1]   |     4.856 | SLOW    |     2.534 | FAST    |
A_i[2][0][1]   | C_o[2][0][2]   |     5.078 | SLOW    |     2.484 | FAST    |
A_i[2][0][1]   | C_o[2][0][3]   |     5.235 | SLOW    |     2.473 | FAST    |
A_i[2][0][1]   | C_o[2][0][4]   |     5.373 | SLOW    |     2.502 | FAST    |
A_i[2][0][1]   | C_o[2][0][5]   |     5.463 | SLOW    |     2.581 | FAST    |
A_i[2][0][1]   | C_o[2][0][6]   |     5.909 | SLOW    |     2.483 | FAST    |
A_i[2][0][1]   | C_o[2][1][1]   |     4.856 | SLOW    |     2.534 | FAST    |
A_i[2][0][1]   | C_o[2][1][2]   |     5.078 | SLOW    |     2.484 | FAST    |
A_i[2][0][1]   | C_o[2][1][3]   |     5.235 | SLOW    |     2.473 | FAST    |
A_i[2][0][1]   | C_o[2][1][4]   |     5.373 | SLOW    |     2.502 | FAST    |
A_i[2][0][1]   | C_o[2][1][5]   |     5.463 | SLOW    |     2.581 | FAST    |
A_i[2][0][1]   | C_o[2][1][6]   |     5.909 | SLOW    |     2.483 | FAST    |
A_i[2][0][1]   | C_o[2][2][1]   |     4.856 | SLOW    |     2.534 | FAST    |
A_i[2][0][1]   | C_o[2][2][2]   |     5.078 | SLOW    |     2.484 | FAST    |
A_i[2][0][1]   | C_o[2][2][3]   |     5.235 | SLOW    |     2.473 | FAST    |
A_i[2][0][1]   | C_o[2][2][4]   |     5.373 | SLOW    |     2.502 | FAST    |
A_i[2][0][1]   | C_o[2][2][5]   |     5.463 | SLOW    |     2.581 | FAST    |
A_i[2][0][1]   | C_o[2][2][6]   |     5.909 | SLOW    |     2.483 | FAST    |
A_i[2][0][1]   | C_o[2][3][1]   |     4.856 | SLOW    |     2.534 | FAST    |
A_i[2][0][1]   | C_o[2][3][2]   |     5.078 | SLOW    |     2.484 | FAST    |
A_i[2][0][1]   | C_o[2][3][3]   |     5.235 | SLOW    |     2.473 | FAST    |
A_i[2][0][1]   | C_o[2][3][4]   |     5.373 | SLOW    |     2.502 | FAST    |
A_i[2][0][1]   | C_o[2][3][5]   |     5.463 | SLOW    |     2.581 | FAST    |
A_i[2][0][1]   | C_o[2][3][6]   |     5.909 | SLOW    |     2.483 | FAST    |
A_i[2][0][2]   | C_o[2][0][2]   |     4.736 | SLOW    |     2.468 | FAST    |
A_i[2][0][2]   | C_o[2][0][3]   |     5.181 | SLOW    |     2.359 | FAST    |
A_i[2][0][2]   | C_o[2][0][4]   |     5.371 | SLOW    |     2.390 | FAST    |
A_i[2][0][2]   | C_o[2][0][5]   |     5.484 | SLOW    |     2.495 | FAST    |
A_i[2][0][2]   | C_o[2][0][6]   |     5.930 | SLOW    |     2.440 | FAST    |
A_i[2][0][2]   | C_o[2][1][2]   |     4.736 | SLOW    |     2.468 | FAST    |
A_i[2][0][2]   | C_o[2][1][3]   |     5.181 | SLOW    |     2.359 | FAST    |
A_i[2][0][2]   | C_o[2][1][4]   |     5.371 | SLOW    |     2.390 | FAST    |
A_i[2][0][2]   | C_o[2][1][5]   |     5.484 | SLOW    |     2.495 | FAST    |
A_i[2][0][2]   | C_o[2][1][6]   |     5.930 | SLOW    |     2.440 | FAST    |
A_i[2][0][2]   | C_o[2][2][2]   |     4.736 | SLOW    |     2.468 | FAST    |
A_i[2][0][2]   | C_o[2][2][3]   |     5.181 | SLOW    |     2.359 | FAST    |
A_i[2][0][2]   | C_o[2][2][4]   |     5.371 | SLOW    |     2.390 | FAST    |
A_i[2][0][2]   | C_o[2][2][5]   |     5.484 | SLOW    |     2.495 | FAST    |
A_i[2][0][2]   | C_o[2][2][6]   |     5.930 | SLOW    |     2.440 | FAST    |
A_i[2][0][2]   | C_o[2][3][2]   |     4.736 | SLOW    |     2.468 | FAST    |
A_i[2][0][2]   | C_o[2][3][3]   |     5.181 | SLOW    |     2.359 | FAST    |
A_i[2][0][2]   | C_o[2][3][4]   |     5.371 | SLOW    |     2.390 | FAST    |
A_i[2][0][2]   | C_o[2][3][5]   |     5.484 | SLOW    |     2.495 | FAST    |
A_i[2][0][2]   | C_o[2][3][6]   |     5.930 | SLOW    |     2.440 | FAST    |
A_i[2][0][3]   | C_o[2][0][3]   |     4.939 | SLOW    |     2.578 | FAST    |
A_i[2][0][3]   | C_o[2][0][4]   |     5.183 | SLOW    |     2.422 | FAST    |
A_i[2][0][3]   | C_o[2][0][5]   |     5.484 | SLOW    |     2.527 | FAST    |
A_i[2][0][3]   | C_o[2][0][6]   |     5.930 | SLOW    |     2.502 | FAST    |
A_i[2][0][3]   | C_o[2][1][3]   |     4.939 | SLOW    |     2.578 | FAST    |
A_i[2][0][3]   | C_o[2][1][4]   |     5.183 | SLOW    |     2.422 | FAST    |
A_i[2][0][3]   | C_o[2][1][5]   |     5.484 | SLOW    |     2.527 | FAST    |
A_i[2][0][3]   | C_o[2][1][6]   |     5.930 | SLOW    |     2.502 | FAST    |
A_i[2][0][3]   | C_o[2][2][3]   |     4.939 | SLOW    |     2.578 | FAST    |
A_i[2][0][3]   | C_o[2][2][4]   |     5.183 | SLOW    |     2.422 | FAST    |
A_i[2][0][3]   | C_o[2][2][5]   |     5.484 | SLOW    |     2.527 | FAST    |
A_i[2][0][3]   | C_o[2][2][6]   |     5.930 | SLOW    |     2.502 | FAST    |
A_i[2][0][3]   | C_o[2][3][3]   |     4.939 | SLOW    |     2.578 | FAST    |
A_i[2][0][3]   | C_o[2][3][4]   |     5.183 | SLOW    |     2.422 | FAST    |
A_i[2][0][3]   | C_o[2][3][5]   |     5.484 | SLOW    |     2.527 | FAST    |
A_i[2][0][3]   | C_o[2][3][6]   |     5.930 | SLOW    |     2.502 | FAST    |
A_i[2][0][4]   | C_o[2][0][4]   |     5.168 | SLOW    |     2.702 | FAST    |
A_i[2][0][4]   | C_o[2][0][5]   |     5.447 | SLOW    |     2.626 | FAST    |
A_i[2][0][4]   | C_o[2][0][6]   |     5.893 | SLOW    |     2.517 | FAST    |
A_i[2][0][4]   | C_o[2][1][4]   |     5.168 | SLOW    |     2.702 | FAST    |
A_i[2][0][4]   | C_o[2][1][5]   |     5.447 | SLOW    |     2.626 | FAST    |
A_i[2][0][4]   | C_o[2][1][6]   |     5.893 | SLOW    |     2.517 | FAST    |
A_i[2][0][4]   | C_o[2][2][4]   |     5.168 | SLOW    |     2.702 | FAST    |
A_i[2][0][4]   | C_o[2][2][5]   |     5.447 | SLOW    |     2.626 | FAST    |
A_i[2][0][4]   | C_o[2][2][6]   |     5.893 | SLOW    |     2.517 | FAST    |
A_i[2][0][4]   | C_o[2][3][4]   |     5.168 | SLOW    |     2.702 | FAST    |
A_i[2][0][4]   | C_o[2][3][5]   |     5.447 | SLOW    |     2.626 | FAST    |
A_i[2][0][4]   | C_o[2][3][6]   |     5.893 | SLOW    |     2.517 | FAST    |
A_i[2][0][5]   | C_o[2][0][5]   |     5.459 | SLOW    |     2.873 | FAST    |
A_i[2][0][5]   | C_o[2][0][6]   |     5.905 | SLOW    |     2.764 | FAST    |
A_i[2][0][5]   | C_o[2][1][5]   |     5.459 | SLOW    |     2.873 | FAST    |
A_i[2][0][5]   | C_o[2][1][6]   |     5.905 | SLOW    |     2.764 | FAST    |
A_i[2][0][5]   | C_o[2][2][5]   |     5.459 | SLOW    |     2.873 | FAST    |
A_i[2][0][5]   | C_o[2][2][6]   |     5.905 | SLOW    |     2.764 | FAST    |
A_i[2][0][5]   | C_o[2][3][5]   |     5.459 | SLOW    |     2.873 | FAST    |
A_i[2][0][5]   | C_o[2][3][6]   |     5.905 | SLOW    |     2.764 | FAST    |
A_i[2][0][6]   | C_o[2][0][6]   |     5.317 | SLOW    |     2.791 | FAST    |
A_i[2][0][6]   | C_o[2][1][6]   |     5.317 | SLOW    |     2.791 | FAST    |
A_i[2][0][6]   | C_o[2][2][6]   |     5.317 | SLOW    |     2.791 | FAST    |
A_i[2][0][6]   | C_o[2][3][6]   |     5.317 | SLOW    |     2.791 | FAST    |
A_i[2][1][0]   | C_o[2][0][0]   |     4.573 | SLOW    |     2.370 | FAST    |
A_i[2][1][0]   | C_o[2][0][1]   |     4.771 | SLOW    |     2.370 | FAST    |
A_i[2][1][0]   | C_o[2][0][2]   |     5.114 | SLOW    |     2.482 | FAST    |
A_i[2][1][0]   | C_o[2][0][3]   |     5.454 | SLOW    |     2.482 | FAST    |
A_i[2][1][0]   | C_o[2][0][4]   |     5.610 | SLOW    |     2.525 | FAST    |
A_i[2][1][0]   | C_o[2][0][5]   |     5.725 | SLOW    |     2.525 | FAST    |
A_i[2][1][0]   | C_o[2][0][6]   |     5.955 | SLOW    |     2.539 | FAST    |
A_i[2][1][0]   | C_o[2][1][0]   |     4.573 | SLOW    |     2.370 | FAST    |
A_i[2][1][0]   | C_o[2][1][1]   |     4.771 | SLOW    |     2.370 | FAST    |
A_i[2][1][0]   | C_o[2][1][2]   |     5.114 | SLOW    |     2.482 | FAST    |
A_i[2][1][0]   | C_o[2][1][3]   |     5.454 | SLOW    |     2.482 | FAST    |
A_i[2][1][0]   | C_o[2][1][4]   |     5.610 | SLOW    |     2.525 | FAST    |
A_i[2][1][0]   | C_o[2][1][5]   |     5.725 | SLOW    |     2.525 | FAST    |
A_i[2][1][0]   | C_o[2][1][6]   |     5.955 | SLOW    |     2.539 | FAST    |
A_i[2][1][0]   | C_o[2][2][0]   |     4.573 | SLOW    |     2.370 | FAST    |
A_i[2][1][0]   | C_o[2][2][1]   |     4.771 | SLOW    |     2.370 | FAST    |
A_i[2][1][0]   | C_o[2][2][2]   |     5.114 | SLOW    |     2.482 | FAST    |
A_i[2][1][0]   | C_o[2][2][3]   |     5.454 | SLOW    |     2.482 | FAST    |
A_i[2][1][0]   | C_o[2][2][4]   |     5.610 | SLOW    |     2.525 | FAST    |
A_i[2][1][0]   | C_o[2][2][5]   |     5.725 | SLOW    |     2.525 | FAST    |
A_i[2][1][0]   | C_o[2][2][6]   |     5.955 | SLOW    |     2.539 | FAST    |
A_i[2][1][0]   | C_o[2][3][0]   |     4.573 | SLOW    |     2.370 | FAST    |
A_i[2][1][0]   | C_o[2][3][1]   |     4.771 | SLOW    |     2.370 | FAST    |
A_i[2][1][0]   | C_o[2][3][2]   |     5.114 | SLOW    |     2.482 | FAST    |
A_i[2][1][0]   | C_o[2][3][3]   |     5.454 | SLOW    |     2.482 | FAST    |
A_i[2][1][0]   | C_o[2][3][4]   |     5.610 | SLOW    |     2.525 | FAST    |
A_i[2][1][0]   | C_o[2][3][5]   |     5.725 | SLOW    |     2.525 | FAST    |
A_i[2][1][0]   | C_o[2][3][6]   |     5.955 | SLOW    |     2.539 | FAST    |
A_i[2][1][1]   | C_o[2][0][1]   |     4.877 | SLOW    |     2.541 | FAST    |
A_i[2][1][1]   | C_o[2][0][2]   |     5.105 | SLOW    |     2.539 | FAST    |
A_i[2][1][1]   | C_o[2][0][3]   |     5.445 | SLOW    |     2.539 | FAST    |
A_i[2][1][1]   | C_o[2][0][4]   |     5.599 | SLOW    |     2.588 | FAST    |
A_i[2][1][1]   | C_o[2][0][5]   |     5.694 | SLOW    |     2.588 | FAST    |
A_i[2][1][1]   | C_o[2][0][6]   |     5.924 | SLOW    |     2.577 | FAST    |
A_i[2][1][1]   | C_o[2][1][1]   |     4.877 | SLOW    |     2.541 | FAST    |
A_i[2][1][1]   | C_o[2][1][2]   |     5.105 | SLOW    |     2.539 | FAST    |
A_i[2][1][1]   | C_o[2][1][3]   |     5.445 | SLOW    |     2.539 | FAST    |
A_i[2][1][1]   | C_o[2][1][4]   |     5.599 | SLOW    |     2.588 | FAST    |
A_i[2][1][1]   | C_o[2][1][5]   |     5.694 | SLOW    |     2.588 | FAST    |
A_i[2][1][1]   | C_o[2][1][6]   |     5.924 | SLOW    |     2.577 | FAST    |
A_i[2][1][1]   | C_o[2][2][1]   |     4.877 | SLOW    |     2.541 | FAST    |
A_i[2][1][1]   | C_o[2][2][2]   |     5.105 | SLOW    |     2.539 | FAST    |
A_i[2][1][1]   | C_o[2][2][3]   |     5.445 | SLOW    |     2.539 | FAST    |
A_i[2][1][1]   | C_o[2][2][4]   |     5.599 | SLOW    |     2.588 | FAST    |
A_i[2][1][1]   | C_o[2][2][5]   |     5.694 | SLOW    |     2.588 | FAST    |
A_i[2][1][1]   | C_o[2][2][6]   |     5.924 | SLOW    |     2.577 | FAST    |
A_i[2][1][1]   | C_o[2][3][1]   |     4.877 | SLOW    |     2.541 | FAST    |
A_i[2][1][1]   | C_o[2][3][2]   |     5.105 | SLOW    |     2.539 | FAST    |
A_i[2][1][1]   | C_o[2][3][3]   |     5.445 | SLOW    |     2.539 | FAST    |
A_i[2][1][1]   | C_o[2][3][4]   |     5.599 | SLOW    |     2.588 | FAST    |
A_i[2][1][1]   | C_o[2][3][5]   |     5.694 | SLOW    |     2.588 | FAST    |
A_i[2][1][1]   | C_o[2][3][6]   |     5.924 | SLOW    |     2.577 | FAST    |
A_i[2][1][2]   | C_o[2][0][2]   |     4.763 | SLOW    |     2.478 | FAST    |
A_i[2][1][2]   | C_o[2][0][3]   |     5.391 | SLOW    |     2.494 | FAST    |
A_i[2][1][2]   | C_o[2][0][4]   |     5.600 | SLOW    |     2.474 | FAST    |
A_i[2][1][2]   | C_o[2][0][5]   |     5.715 | SLOW    |     2.474 | FAST    |
A_i[2][1][2]   | C_o[2][0][6]   |     5.945 | SLOW    |     2.521 | FAST    |
A_i[2][1][2]   | C_o[2][1][2]   |     4.763 | SLOW    |     2.478 | FAST    |
A_i[2][1][2]   | C_o[2][1][3]   |     5.391 | SLOW    |     2.494 | FAST    |
A_i[2][1][2]   | C_o[2][1][4]   |     5.600 | SLOW    |     2.474 | FAST    |
A_i[2][1][2]   | C_o[2][1][5]   |     5.715 | SLOW    |     2.474 | FAST    |
A_i[2][1][2]   | C_o[2][1][6]   |     5.945 | SLOW    |     2.521 | FAST    |
A_i[2][1][2]   | C_o[2][2][2]   |     4.763 | SLOW    |     2.478 | FAST    |
A_i[2][1][2]   | C_o[2][2][3]   |     5.391 | SLOW    |     2.494 | FAST    |
A_i[2][1][2]   | C_o[2][2][4]   |     5.600 | SLOW    |     2.474 | FAST    |
A_i[2][1][2]   | C_o[2][2][5]   |     5.715 | SLOW    |     2.474 | FAST    |
A_i[2][1][2]   | C_o[2][2][6]   |     5.945 | SLOW    |     2.521 | FAST    |
A_i[2][1][2]   | C_o[2][3][2]   |     4.763 | SLOW    |     2.478 | FAST    |
A_i[2][1][2]   | C_o[2][3][3]   |     5.391 | SLOW    |     2.494 | FAST    |
A_i[2][1][2]   | C_o[2][3][4]   |     5.600 | SLOW    |     2.474 | FAST    |
A_i[2][1][2]   | C_o[2][3][5]   |     5.715 | SLOW    |     2.474 | FAST    |
A_i[2][1][2]   | C_o[2][3][6]   |     5.945 | SLOW    |     2.521 | FAST    |
A_i[2][1][3]   | C_o[2][0][3]   |     5.149 | SLOW    |     2.696 | FAST    |
A_i[2][1][3]   | C_o[2][0][4]   |     5.412 | SLOW    |     2.536 | FAST    |
A_i[2][1][3]   | C_o[2][0][5]   |     5.715 | SLOW    |     2.537 | FAST    |
A_i[2][1][3]   | C_o[2][0][6]   |     5.945 | SLOW    |     2.583 | FAST    |
A_i[2][1][3]   | C_o[2][1][3]   |     5.149 | SLOW    |     2.696 | FAST    |
A_i[2][1][3]   | C_o[2][1][4]   |     5.412 | SLOW    |     2.536 | FAST    |
A_i[2][1][3]   | C_o[2][1][5]   |     5.715 | SLOW    |     2.537 | FAST    |
A_i[2][1][3]   | C_o[2][1][6]   |     5.945 | SLOW    |     2.583 | FAST    |
A_i[2][1][3]   | C_o[2][2][3]   |     5.149 | SLOW    |     2.696 | FAST    |
A_i[2][1][3]   | C_o[2][2][4]   |     5.412 | SLOW    |     2.536 | FAST    |
A_i[2][1][3]   | C_o[2][2][5]   |     5.715 | SLOW    |     2.537 | FAST    |
A_i[2][1][3]   | C_o[2][2][6]   |     5.945 | SLOW    |     2.583 | FAST    |
A_i[2][1][3]   | C_o[2][3][3]   |     5.149 | SLOW    |     2.696 | FAST    |
A_i[2][1][3]   | C_o[2][3][4]   |     5.412 | SLOW    |     2.536 | FAST    |
A_i[2][1][3]   | C_o[2][3][5]   |     5.715 | SLOW    |     2.537 | FAST    |
A_i[2][1][3]   | C_o[2][3][6]   |     5.945 | SLOW    |     2.583 | FAST    |
A_i[2][1][4]   | C_o[2][0][4]   |     5.397 | SLOW    |     2.835 | FAST    |
A_i[2][1][4]   | C_o[2][0][5]   |     5.678 | SLOW    |     2.755 | FAST    |
A_i[2][1][4]   | C_o[2][0][6]   |     5.908 | SLOW    |     2.646 | FAST    |
A_i[2][1][4]   | C_o[2][1][4]   |     5.397 | SLOW    |     2.835 | FAST    |
A_i[2][1][4]   | C_o[2][1][5]   |     5.678 | SLOW    |     2.755 | FAST    |
A_i[2][1][4]   | C_o[2][1][6]   |     5.908 | SLOW    |     2.646 | FAST    |
A_i[2][1][4]   | C_o[2][2][4]   |     5.397 | SLOW    |     2.835 | FAST    |
A_i[2][1][4]   | C_o[2][2][5]   |     5.678 | SLOW    |     2.755 | FAST    |
A_i[2][1][4]   | C_o[2][2][6]   |     5.908 | SLOW    |     2.646 | FAST    |
A_i[2][1][4]   | C_o[2][3][4]   |     5.397 | SLOW    |     2.835 | FAST    |
A_i[2][1][4]   | C_o[2][3][5]   |     5.678 | SLOW    |     2.755 | FAST    |
A_i[2][1][4]   | C_o[2][3][6]   |     5.908 | SLOW    |     2.646 | FAST    |
A_i[2][1][5]   | C_o[2][0][5]   |     5.690 | SLOW    |     3.002 | FAST    |
A_i[2][1][5]   | C_o[2][0][6]   |     5.920 | SLOW    |     2.893 | FAST    |
A_i[2][1][5]   | C_o[2][1][5]   |     5.690 | SLOW    |     3.002 | FAST    |
A_i[2][1][5]   | C_o[2][1][6]   |     5.920 | SLOW    |     2.893 | FAST    |
A_i[2][1][5]   | C_o[2][2][5]   |     5.690 | SLOW    |     3.002 | FAST    |
A_i[2][1][5]   | C_o[2][2][6]   |     5.920 | SLOW    |     2.893 | FAST    |
A_i[2][1][5]   | C_o[2][3][5]   |     5.690 | SLOW    |     3.002 | FAST    |
A_i[2][1][5]   | C_o[2][3][6]   |     5.920 | SLOW    |     2.893 | FAST    |
A_i[2][1][6]   | C_o[2][0][6]   |     5.332 | SLOW    |     2.795 | FAST    |
A_i[2][1][6]   | C_o[2][1][6]   |     5.332 | SLOW    |     2.795 | FAST    |
A_i[2][1][6]   | C_o[2][2][6]   |     5.332 | SLOW    |     2.795 | FAST    |
A_i[2][1][6]   | C_o[2][3][6]   |     5.332 | SLOW    |     2.795 | FAST    |
A_i[2][2][0]   | C_o[2][0][0]   |     4.558 | SLOW    |     2.366 | FAST    |
A_i[2][2][0]   | C_o[2][0][1]   |     4.756 | SLOW    |     2.366 | FAST    |
A_i[2][2][0]   | C_o[2][0][2]   |     5.099 | SLOW    |     2.482 | FAST    |
A_i[2][2][0]   | C_o[2][0][3]   |     5.469 | SLOW    |     2.482 | FAST    |
A_i[2][2][0]   | C_o[2][0][4]   |     5.616 | SLOW    |     2.525 | FAST    |
A_i[2][2][0]   | C_o[2][0][5]   |     5.731 | SLOW    |     2.525 | FAST    |
A_i[2][2][0]   | C_o[2][0][6]   |     5.940 | SLOW    |     2.539 | FAST    |
A_i[2][2][0]   | C_o[2][1][0]   |     4.558 | SLOW    |     2.366 | FAST    |
A_i[2][2][0]   | C_o[2][1][1]   |     4.756 | SLOW    |     2.366 | FAST    |
A_i[2][2][0]   | C_o[2][1][2]   |     5.099 | SLOW    |     2.482 | FAST    |
A_i[2][2][0]   | C_o[2][1][3]   |     5.469 | SLOW    |     2.482 | FAST    |
A_i[2][2][0]   | C_o[2][1][4]   |     5.616 | SLOW    |     2.525 | FAST    |
A_i[2][2][0]   | C_o[2][1][5]   |     5.731 | SLOW    |     2.525 | FAST    |
A_i[2][2][0]   | C_o[2][1][6]   |     5.940 | SLOW    |     2.539 | FAST    |
A_i[2][2][0]   | C_o[2][2][0]   |     4.558 | SLOW    |     2.366 | FAST    |
A_i[2][2][0]   | C_o[2][2][1]   |     4.756 | SLOW    |     2.366 | FAST    |
A_i[2][2][0]   | C_o[2][2][2]   |     5.099 | SLOW    |     2.482 | FAST    |
A_i[2][2][0]   | C_o[2][2][3]   |     5.469 | SLOW    |     2.482 | FAST    |
A_i[2][2][0]   | C_o[2][2][4]   |     5.616 | SLOW    |     2.525 | FAST    |
A_i[2][2][0]   | C_o[2][2][5]   |     5.731 | SLOW    |     2.525 | FAST    |
A_i[2][2][0]   | C_o[2][2][6]   |     5.940 | SLOW    |     2.539 | FAST    |
A_i[2][2][0]   | C_o[2][3][0]   |     4.558 | SLOW    |     2.366 | FAST    |
A_i[2][2][0]   | C_o[2][3][1]   |     4.756 | SLOW    |     2.366 | FAST    |
A_i[2][2][0]   | C_o[2][3][2]   |     5.099 | SLOW    |     2.482 | FAST    |
A_i[2][2][0]   | C_o[2][3][3]   |     5.469 | SLOW    |     2.482 | FAST    |
A_i[2][2][0]   | C_o[2][3][4]   |     5.616 | SLOW    |     2.525 | FAST    |
A_i[2][2][0]   | C_o[2][3][5]   |     5.731 | SLOW    |     2.525 | FAST    |
A_i[2][2][0]   | C_o[2][3][6]   |     5.940 | SLOW    |     2.539 | FAST    |
A_i[2][2][1]   | C_o[2][0][1]   |     4.862 | SLOW    |     2.537 | FAST    |
A_i[2][2][1]   | C_o[2][0][2]   |     5.090 | SLOW    |     2.539 | FAST    |
A_i[2][2][1]   | C_o[2][0][3]   |     5.460 | SLOW    |     2.539 | FAST    |
A_i[2][2][1]   | C_o[2][0][4]   |     5.605 | SLOW    |     2.588 | FAST    |
A_i[2][2][1]   | C_o[2][0][5]   |     5.700 | SLOW    |     2.588 | FAST    |
A_i[2][2][1]   | C_o[2][0][6]   |     5.909 | SLOW    |     2.577 | FAST    |
A_i[2][2][1]   | C_o[2][1][1]   |     4.862 | SLOW    |     2.537 | FAST    |
A_i[2][2][1]   | C_o[2][1][2]   |     5.090 | SLOW    |     2.539 | FAST    |
A_i[2][2][1]   | C_o[2][1][3]   |     5.460 | SLOW    |     2.539 | FAST    |
A_i[2][2][1]   | C_o[2][1][4]   |     5.605 | SLOW    |     2.588 | FAST    |
A_i[2][2][1]   | C_o[2][1][5]   |     5.700 | SLOW    |     2.588 | FAST    |
A_i[2][2][1]   | C_o[2][1][6]   |     5.909 | SLOW    |     2.577 | FAST    |
A_i[2][2][1]   | C_o[2][2][1]   |     4.862 | SLOW    |     2.537 | FAST    |
A_i[2][2][1]   | C_o[2][2][2]   |     5.090 | SLOW    |     2.539 | FAST    |
A_i[2][2][1]   | C_o[2][2][3]   |     5.460 | SLOW    |     2.539 | FAST    |
A_i[2][2][1]   | C_o[2][2][4]   |     5.605 | SLOW    |     2.588 | FAST    |
A_i[2][2][1]   | C_o[2][2][5]   |     5.700 | SLOW    |     2.588 | FAST    |
A_i[2][2][1]   | C_o[2][2][6]   |     5.909 | SLOW    |     2.577 | FAST    |
A_i[2][2][1]   | C_o[2][3][1]   |     4.862 | SLOW    |     2.537 | FAST    |
A_i[2][2][1]   | C_o[2][3][2]   |     5.090 | SLOW    |     2.539 | FAST    |
A_i[2][2][1]   | C_o[2][3][3]   |     5.460 | SLOW    |     2.539 | FAST    |
A_i[2][2][1]   | C_o[2][3][4]   |     5.605 | SLOW    |     2.588 | FAST    |
A_i[2][2][1]   | C_o[2][3][5]   |     5.700 | SLOW    |     2.588 | FAST    |
A_i[2][2][1]   | C_o[2][3][6]   |     5.909 | SLOW    |     2.577 | FAST    |
A_i[2][2][2]   | C_o[2][0][2]   |     4.748 | SLOW    |     2.474 | FAST    |
A_i[2][2][2]   | C_o[2][0][3]   |     5.406 | SLOW    |     2.492 | FAST    |
A_i[2][2][2]   | C_o[2][0][4]   |     5.606 | SLOW    |     2.474 | FAST    |
A_i[2][2][2]   | C_o[2][0][5]   |     5.721 | SLOW    |     2.474 | FAST    |
A_i[2][2][2]   | C_o[2][0][6]   |     5.930 | SLOW    |     2.521 | FAST    |
A_i[2][2][2]   | C_o[2][1][2]   |     4.748 | SLOW    |     2.474 | FAST    |
A_i[2][2][2]   | C_o[2][1][3]   |     5.406 | SLOW    |     2.492 | FAST    |
A_i[2][2][2]   | C_o[2][1][4]   |     5.606 | SLOW    |     2.474 | FAST    |
A_i[2][2][2]   | C_o[2][1][5]   |     5.721 | SLOW    |     2.474 | FAST    |
A_i[2][2][2]   | C_o[2][1][6]   |     5.930 | SLOW    |     2.521 | FAST    |
A_i[2][2][2]   | C_o[2][2][2]   |     4.748 | SLOW    |     2.474 | FAST    |
A_i[2][2][2]   | C_o[2][2][3]   |     5.406 | SLOW    |     2.492 | FAST    |
A_i[2][2][2]   | C_o[2][2][4]   |     5.606 | SLOW    |     2.474 | FAST    |
A_i[2][2][2]   | C_o[2][2][5]   |     5.721 | SLOW    |     2.474 | FAST    |
A_i[2][2][2]   | C_o[2][2][6]   |     5.930 | SLOW    |     2.521 | FAST    |
A_i[2][2][2]   | C_o[2][3][2]   |     4.748 | SLOW    |     2.474 | FAST    |
A_i[2][2][2]   | C_o[2][3][3]   |     5.406 | SLOW    |     2.492 | FAST    |
A_i[2][2][2]   | C_o[2][3][4]   |     5.606 | SLOW    |     2.474 | FAST    |
A_i[2][2][2]   | C_o[2][3][5]   |     5.721 | SLOW    |     2.474 | FAST    |
A_i[2][2][2]   | C_o[2][3][6]   |     5.930 | SLOW    |     2.521 | FAST    |
A_i[2][2][3]   | C_o[2][0][3]   |     5.164 | SLOW    |     2.700 | FAST    |
A_i[2][2][3]   | C_o[2][0][4]   |     5.418 | SLOW    |     2.540 | FAST    |
A_i[2][2][3]   | C_o[2][0][5]   |     5.721 | SLOW    |     2.537 | FAST    |
A_i[2][2][3]   | C_o[2][0][6]   |     5.930 | SLOW    |     2.583 | FAST    |
A_i[2][2][3]   | C_o[2][1][3]   |     5.164 | SLOW    |     2.700 | FAST    |
A_i[2][2][3]   | C_o[2][1][4]   |     5.418 | SLOW    |     2.540 | FAST    |
A_i[2][2][3]   | C_o[2][1][5]   |     5.721 | SLOW    |     2.537 | FAST    |
A_i[2][2][3]   | C_o[2][1][6]   |     5.930 | SLOW    |     2.583 | FAST    |
A_i[2][2][3]   | C_o[2][2][3]   |     5.164 | SLOW    |     2.700 | FAST    |
A_i[2][2][3]   | C_o[2][2][4]   |     5.418 | SLOW    |     2.540 | FAST    |
A_i[2][2][3]   | C_o[2][2][5]   |     5.721 | SLOW    |     2.537 | FAST    |
A_i[2][2][3]   | C_o[2][2][6]   |     5.930 | SLOW    |     2.583 | FAST    |
A_i[2][2][3]   | C_o[2][3][3]   |     5.164 | SLOW    |     2.700 | FAST    |
A_i[2][2][3]   | C_o[2][3][4]   |     5.418 | SLOW    |     2.540 | FAST    |
A_i[2][2][3]   | C_o[2][3][5]   |     5.721 | SLOW    |     2.537 | FAST    |
A_i[2][2][3]   | C_o[2][3][6]   |     5.930 | SLOW    |     2.583 | FAST    |
A_i[2][2][4]   | C_o[2][0][4]   |     5.403 | SLOW    |     2.833 | FAST    |
A_i[2][2][4]   | C_o[2][0][5]   |     5.684 | SLOW    |     2.753 | FAST    |
A_i[2][2][4]   | C_o[2][0][6]   |     5.893 | SLOW    |     2.644 | FAST    |
A_i[2][2][4]   | C_o[2][1][4]   |     5.403 | SLOW    |     2.833 | FAST    |
A_i[2][2][4]   | C_o[2][1][5]   |     5.684 | SLOW    |     2.753 | FAST    |
A_i[2][2][4]   | C_o[2][1][6]   |     5.893 | SLOW    |     2.644 | FAST    |
A_i[2][2][4]   | C_o[2][2][4]   |     5.403 | SLOW    |     2.833 | FAST    |
A_i[2][2][4]   | C_o[2][2][5]   |     5.684 | SLOW    |     2.753 | FAST    |
A_i[2][2][4]   | C_o[2][2][6]   |     5.893 | SLOW    |     2.644 | FAST    |
A_i[2][2][4]   | C_o[2][3][4]   |     5.403 | SLOW    |     2.833 | FAST    |
A_i[2][2][4]   | C_o[2][3][5]   |     5.684 | SLOW    |     2.753 | FAST    |
A_i[2][2][4]   | C_o[2][3][6]   |     5.893 | SLOW    |     2.644 | FAST    |
A_i[2][2][5]   | C_o[2][0][5]   |     5.696 | SLOW    |     3.000 | FAST    |
A_i[2][2][5]   | C_o[2][0][6]   |     5.905 | SLOW    |     2.891 | FAST    |
A_i[2][2][5]   | C_o[2][1][5]   |     5.696 | SLOW    |     3.000 | FAST    |
A_i[2][2][5]   | C_o[2][1][6]   |     5.905 | SLOW    |     2.891 | FAST    |
A_i[2][2][5]   | C_o[2][2][5]   |     5.696 | SLOW    |     3.000 | FAST    |
A_i[2][2][5]   | C_o[2][2][6]   |     5.905 | SLOW    |     2.891 | FAST    |
A_i[2][2][5]   | C_o[2][3][5]   |     5.696 | SLOW    |     3.000 | FAST    |
A_i[2][2][5]   | C_o[2][3][6]   |     5.905 | SLOW    |     2.891 | FAST    |
A_i[2][2][6]   | C_o[2][0][6]   |     5.317 | SLOW    |     2.791 | FAST    |
A_i[2][2][6]   | C_o[2][1][6]   |     5.317 | SLOW    |     2.791 | FAST    |
A_i[2][2][6]   | C_o[2][2][6]   |     5.317 | SLOW    |     2.791 | FAST    |
A_i[2][2][6]   | C_o[2][3][6]   |     5.317 | SLOW    |     2.791 | FAST    |
A_i[2][3][0]   | C_o[2][0][0]   |     4.573 | SLOW    |     2.370 | FAST    |
A_i[2][3][0]   | C_o[2][0][1]   |     4.771 | SLOW    |     2.370 | FAST    |
A_i[2][3][0]   | C_o[2][0][2]   |     5.114 | SLOW    |     2.486 | FAST    |
A_i[2][3][0]   | C_o[2][0][3]   |     5.454 | SLOW    |     2.486 | FAST    |
A_i[2][3][0]   | C_o[2][0][4]   |     5.610 | SLOW    |     2.529 | FAST    |
A_i[2][3][0]   | C_o[2][0][5]   |     5.725 | SLOW    |     2.525 | FAST    |
A_i[2][3][0]   | C_o[2][0][6]   |     5.955 | SLOW    |     2.543 | FAST    |
A_i[2][3][0]   | C_o[2][1][0]   |     4.573 | SLOW    |     2.370 | FAST    |
A_i[2][3][0]   | C_o[2][1][1]   |     4.771 | SLOW    |     2.370 | FAST    |
A_i[2][3][0]   | C_o[2][1][2]   |     5.114 | SLOW    |     2.486 | FAST    |
A_i[2][3][0]   | C_o[2][1][3]   |     5.454 | SLOW    |     2.486 | FAST    |
A_i[2][3][0]   | C_o[2][1][4]   |     5.610 | SLOW    |     2.529 | FAST    |
A_i[2][3][0]   | C_o[2][1][5]   |     5.725 | SLOW    |     2.525 | FAST    |
A_i[2][3][0]   | C_o[2][1][6]   |     5.955 | SLOW    |     2.543 | FAST    |
A_i[2][3][0]   | C_o[2][2][0]   |     4.573 | SLOW    |     2.370 | FAST    |
A_i[2][3][0]   | C_o[2][2][1]   |     4.771 | SLOW    |     2.370 | FAST    |
A_i[2][3][0]   | C_o[2][2][2]   |     5.114 | SLOW    |     2.486 | FAST    |
A_i[2][3][0]   | C_o[2][2][3]   |     5.454 | SLOW    |     2.486 | FAST    |
A_i[2][3][0]   | C_o[2][2][4]   |     5.610 | SLOW    |     2.529 | FAST    |
A_i[2][3][0]   | C_o[2][2][5]   |     5.725 | SLOW    |     2.525 | FAST    |
A_i[2][3][0]   | C_o[2][2][6]   |     5.955 | SLOW    |     2.543 | FAST    |
A_i[2][3][0]   | C_o[2][3][0]   |     4.573 | SLOW    |     2.370 | FAST    |
A_i[2][3][0]   | C_o[2][3][1]   |     4.771 | SLOW    |     2.370 | FAST    |
A_i[2][3][0]   | C_o[2][3][2]   |     5.114 | SLOW    |     2.486 | FAST    |
A_i[2][3][0]   | C_o[2][3][3]   |     5.454 | SLOW    |     2.486 | FAST    |
A_i[2][3][0]   | C_o[2][3][4]   |     5.610 | SLOW    |     2.529 | FAST    |
A_i[2][3][0]   | C_o[2][3][5]   |     5.725 | SLOW    |     2.525 | FAST    |
A_i[2][3][0]   | C_o[2][3][6]   |     5.955 | SLOW    |     2.543 | FAST    |
A_i[2][3][1]   | C_o[2][0][1]   |     4.877 | SLOW    |     2.541 | FAST    |
A_i[2][3][1]   | C_o[2][0][2]   |     5.105 | SLOW    |     2.543 | FAST    |
A_i[2][3][1]   | C_o[2][0][3]   |     5.445 | SLOW    |     2.543 | FAST    |
A_i[2][3][1]   | C_o[2][0][4]   |     5.599 | SLOW    |     2.592 | FAST    |
A_i[2][3][1]   | C_o[2][0][5]   |     5.694 | SLOW    |     2.588 | FAST    |
A_i[2][3][1]   | C_o[2][0][6]   |     5.924 | SLOW    |     2.581 | FAST    |
A_i[2][3][1]   | C_o[2][1][1]   |     4.877 | SLOW    |     2.541 | FAST    |
A_i[2][3][1]   | C_o[2][1][2]   |     5.105 | SLOW    |     2.543 | FAST    |
A_i[2][3][1]   | C_o[2][1][3]   |     5.445 | SLOW    |     2.543 | FAST    |
A_i[2][3][1]   | C_o[2][1][4]   |     5.599 | SLOW    |     2.592 | FAST    |
A_i[2][3][1]   | C_o[2][1][5]   |     5.694 | SLOW    |     2.588 | FAST    |
A_i[2][3][1]   | C_o[2][1][6]   |     5.924 | SLOW    |     2.581 | FAST    |
A_i[2][3][1]   | C_o[2][2][1]   |     4.877 | SLOW    |     2.541 | FAST    |
A_i[2][3][1]   | C_o[2][2][2]   |     5.105 | SLOW    |     2.543 | FAST    |
A_i[2][3][1]   | C_o[2][2][3]   |     5.445 | SLOW    |     2.543 | FAST    |
A_i[2][3][1]   | C_o[2][2][4]   |     5.599 | SLOW    |     2.592 | FAST    |
A_i[2][3][1]   | C_o[2][2][5]   |     5.694 | SLOW    |     2.588 | FAST    |
A_i[2][3][1]   | C_o[2][2][6]   |     5.924 | SLOW    |     2.581 | FAST    |
A_i[2][3][1]   | C_o[2][3][1]   |     4.877 | SLOW    |     2.541 | FAST    |
A_i[2][3][1]   | C_o[2][3][2]   |     5.105 | SLOW    |     2.543 | FAST    |
A_i[2][3][1]   | C_o[2][3][3]   |     5.445 | SLOW    |     2.543 | FAST    |
A_i[2][3][1]   | C_o[2][3][4]   |     5.599 | SLOW    |     2.592 | FAST    |
A_i[2][3][1]   | C_o[2][3][5]   |     5.694 | SLOW    |     2.588 | FAST    |
A_i[2][3][1]   | C_o[2][3][6]   |     5.924 | SLOW    |     2.581 | FAST    |
A_i[2][3][2]   | C_o[2][0][2]   |     4.763 | SLOW    |     2.478 | FAST    |
A_i[2][3][2]   | C_o[2][0][3]   |     5.391 | SLOW    |     2.494 | FAST    |
A_i[2][3][2]   | C_o[2][0][4]   |     5.600 | SLOW    |     2.478 | FAST    |
A_i[2][3][2]   | C_o[2][0][5]   |     5.715 | SLOW    |     2.474 | FAST    |
A_i[2][3][2]   | C_o[2][0][6]   |     5.945 | SLOW    |     2.525 | FAST    |
A_i[2][3][2]   | C_o[2][1][2]   |     4.763 | SLOW    |     2.478 | FAST    |
A_i[2][3][2]   | C_o[2][1][3]   |     5.391 | SLOW    |     2.494 | FAST    |
A_i[2][3][2]   | C_o[2][1][4]   |     5.600 | SLOW    |     2.478 | FAST    |
A_i[2][3][2]   | C_o[2][1][5]   |     5.715 | SLOW    |     2.474 | FAST    |
A_i[2][3][2]   | C_o[2][1][6]   |     5.945 | SLOW    |     2.525 | FAST    |
A_i[2][3][2]   | C_o[2][2][2]   |     4.763 | SLOW    |     2.478 | FAST    |
A_i[2][3][2]   | C_o[2][2][3]   |     5.391 | SLOW    |     2.494 | FAST    |
A_i[2][3][2]   | C_o[2][2][4]   |     5.600 | SLOW    |     2.478 | FAST    |
A_i[2][3][2]   | C_o[2][2][5]   |     5.715 | SLOW    |     2.474 | FAST    |
A_i[2][3][2]   | C_o[2][2][6]   |     5.945 | SLOW    |     2.525 | FAST    |
A_i[2][3][2]   | C_o[2][3][2]   |     4.763 | SLOW    |     2.478 | FAST    |
A_i[2][3][2]   | C_o[2][3][3]   |     5.391 | SLOW    |     2.494 | FAST    |
A_i[2][3][2]   | C_o[2][3][4]   |     5.600 | SLOW    |     2.478 | FAST    |
A_i[2][3][2]   | C_o[2][3][5]   |     5.715 | SLOW    |     2.474 | FAST    |
A_i[2][3][2]   | C_o[2][3][6]   |     5.945 | SLOW    |     2.525 | FAST    |
A_i[2][3][3]   | C_o[2][0][3]   |     5.149 | SLOW    |     2.696 | FAST    |
A_i[2][3][3]   | C_o[2][0][4]   |     5.412 | SLOW    |     2.536 | FAST    |
A_i[2][3][3]   | C_o[2][0][5]   |     5.715 | SLOW    |     2.537 | FAST    |
A_i[2][3][3]   | C_o[2][0][6]   |     5.945 | SLOW    |     2.587 | FAST    |
A_i[2][3][3]   | C_o[2][1][3]   |     5.149 | SLOW    |     2.696 | FAST    |
A_i[2][3][3]   | C_o[2][1][4]   |     5.412 | SLOW    |     2.536 | FAST    |
A_i[2][3][3]   | C_o[2][1][5]   |     5.715 | SLOW    |     2.537 | FAST    |
A_i[2][3][3]   | C_o[2][1][6]   |     5.945 | SLOW    |     2.587 | FAST    |
A_i[2][3][3]   | C_o[2][2][3]   |     5.149 | SLOW    |     2.696 | FAST    |
A_i[2][3][3]   | C_o[2][2][4]   |     5.412 | SLOW    |     2.536 | FAST    |
A_i[2][3][3]   | C_o[2][2][5]   |     5.715 | SLOW    |     2.537 | FAST    |
A_i[2][3][3]   | C_o[2][2][6]   |     5.945 | SLOW    |     2.587 | FAST    |
A_i[2][3][3]   | C_o[2][3][3]   |     5.149 | SLOW    |     2.696 | FAST    |
A_i[2][3][3]   | C_o[2][3][4]   |     5.412 | SLOW    |     2.536 | FAST    |
A_i[2][3][3]   | C_o[2][3][5]   |     5.715 | SLOW    |     2.537 | FAST    |
A_i[2][3][3]   | C_o[2][3][6]   |     5.945 | SLOW    |     2.587 | FAST    |
A_i[2][3][4]   | C_o[2][0][4]   |     5.397 | SLOW    |     2.835 | FAST    |
A_i[2][3][4]   | C_o[2][0][5]   |     5.678 | SLOW    |     2.755 | FAST    |
A_i[2][3][4]   | C_o[2][0][6]   |     5.908 | SLOW    |     2.646 | FAST    |
A_i[2][3][4]   | C_o[2][1][4]   |     5.397 | SLOW    |     2.835 | FAST    |
A_i[2][3][4]   | C_o[2][1][5]   |     5.678 | SLOW    |     2.755 | FAST    |
A_i[2][3][4]   | C_o[2][1][6]   |     5.908 | SLOW    |     2.646 | FAST    |
A_i[2][3][4]   | C_o[2][2][4]   |     5.397 | SLOW    |     2.835 | FAST    |
A_i[2][3][4]   | C_o[2][2][5]   |     5.678 | SLOW    |     2.755 | FAST    |
A_i[2][3][4]   | C_o[2][2][6]   |     5.908 | SLOW    |     2.646 | FAST    |
A_i[2][3][4]   | C_o[2][3][4]   |     5.397 | SLOW    |     2.835 | FAST    |
A_i[2][3][4]   | C_o[2][3][5]   |     5.678 | SLOW    |     2.755 | FAST    |
A_i[2][3][4]   | C_o[2][3][6]   |     5.908 | SLOW    |     2.646 | FAST    |
A_i[2][3][5]   | C_o[2][0][5]   |     5.690 | SLOW    |     3.002 | FAST    |
A_i[2][3][5]   | C_o[2][0][6]   |     5.920 | SLOW    |     2.893 | FAST    |
A_i[2][3][5]   | C_o[2][1][5]   |     5.690 | SLOW    |     3.002 | FAST    |
A_i[2][3][5]   | C_o[2][1][6]   |     5.920 | SLOW    |     2.893 | FAST    |
A_i[2][3][5]   | C_o[2][2][5]   |     5.690 | SLOW    |     3.002 | FAST    |
A_i[2][3][5]   | C_o[2][2][6]   |     5.920 | SLOW    |     2.893 | FAST    |
A_i[2][3][5]   | C_o[2][3][5]   |     5.690 | SLOW    |     3.002 | FAST    |
A_i[2][3][5]   | C_o[2][3][6]   |     5.920 | SLOW    |     2.893 | FAST    |
A_i[2][3][6]   | C_o[2][0][6]   |     5.332 | SLOW    |     2.795 | FAST    |
A_i[2][3][6]   | C_o[2][1][6]   |     5.332 | SLOW    |     2.795 | FAST    |
A_i[2][3][6]   | C_o[2][2][6]   |     5.332 | SLOW    |     2.795 | FAST    |
A_i[2][3][6]   | C_o[2][3][6]   |     5.332 | SLOW    |     2.795 | FAST    |
A_i[3][0][0]   | C_o[3][0][0]   |     4.552 | SLOW    |     2.363 | FAST    |
A_i[3][0][0]   | C_o[3][0][1]   |     4.750 | SLOW    |     2.367 | FAST    |
A_i[3][0][0]   | C_o[3][0][2]   |     5.087 | SLOW    |     2.427 | FAST    |
A_i[3][0][0]   | C_o[3][0][3]   |     5.244 | SLOW    |     2.410 | FAST    |
A_i[3][0][0]   | C_o[3][0][4]   |     5.382 | SLOW    |     2.441 | FAST    |
A_i[3][0][0]   | C_o[3][0][5]   |     5.494 | SLOW    |     2.543 | FAST    |
A_i[3][0][0]   | C_o[3][0][6]   |     5.940 | SLOW    |     2.458 | FAST    |
A_i[3][0][0]   | C_o[3][1][0]   |     4.552 | SLOW    |     2.363 | FAST    |
A_i[3][0][0]   | C_o[3][1][1]   |     4.750 | SLOW    |     2.367 | FAST    |
A_i[3][0][0]   | C_o[3][1][2]   |     5.087 | SLOW    |     2.427 | FAST    |
A_i[3][0][0]   | C_o[3][1][3]   |     5.244 | SLOW    |     2.410 | FAST    |
A_i[3][0][0]   | C_o[3][1][4]   |     5.382 | SLOW    |     2.441 | FAST    |
A_i[3][0][0]   | C_o[3][1][5]   |     5.494 | SLOW    |     2.543 | FAST    |
A_i[3][0][0]   | C_o[3][1][6]   |     5.940 | SLOW    |     2.458 | FAST    |
A_i[3][0][0]   | C_o[3][2][0]   |     4.552 | SLOW    |     2.363 | FAST    |
A_i[3][0][0]   | C_o[3][2][1]   |     4.750 | SLOW    |     2.367 | FAST    |
A_i[3][0][0]   | C_o[3][2][2]   |     5.087 | SLOW    |     2.427 | FAST    |
A_i[3][0][0]   | C_o[3][2][3]   |     5.244 | SLOW    |     2.410 | FAST    |
A_i[3][0][0]   | C_o[3][2][4]   |     5.382 | SLOW    |     2.441 | FAST    |
A_i[3][0][0]   | C_o[3][2][5]   |     5.494 | SLOW    |     2.543 | FAST    |
A_i[3][0][0]   | C_o[3][2][6]   |     5.940 | SLOW    |     2.458 | FAST    |
A_i[3][0][0]   | C_o[3][3][0]   |     4.552 | SLOW    |     2.363 | FAST    |
A_i[3][0][0]   | C_o[3][3][1]   |     4.750 | SLOW    |     2.367 | FAST    |
A_i[3][0][0]   | C_o[3][3][2]   |     5.087 | SLOW    |     2.427 | FAST    |
A_i[3][0][0]   | C_o[3][3][3]   |     5.244 | SLOW    |     2.410 | FAST    |
A_i[3][0][0]   | C_o[3][3][4]   |     5.382 | SLOW    |     2.441 | FAST    |
A_i[3][0][0]   | C_o[3][3][5]   |     5.494 | SLOW    |     2.543 | FAST    |
A_i[3][0][0]   | C_o[3][3][6]   |     5.940 | SLOW    |     2.458 | FAST    |
A_i[3][0][1]   | C_o[3][0][1]   |     4.856 | SLOW    |     2.534 | FAST    |
A_i[3][0][1]   | C_o[3][0][2]   |     5.078 | SLOW    |     2.484 | FAST    |
A_i[3][0][1]   | C_o[3][0][3]   |     5.235 | SLOW    |     2.473 | FAST    |
A_i[3][0][1]   | C_o[3][0][4]   |     5.373 | SLOW    |     2.502 | FAST    |
A_i[3][0][1]   | C_o[3][0][5]   |     5.463 | SLOW    |     2.581 | FAST    |
A_i[3][0][1]   | C_o[3][0][6]   |     5.909 | SLOW    |     2.483 | FAST    |
A_i[3][0][1]   | C_o[3][1][1]   |     4.856 | SLOW    |     2.534 | FAST    |
A_i[3][0][1]   | C_o[3][1][2]   |     5.078 | SLOW    |     2.484 | FAST    |
A_i[3][0][1]   | C_o[3][1][3]   |     5.235 | SLOW    |     2.473 | FAST    |
A_i[3][0][1]   | C_o[3][1][4]   |     5.373 | SLOW    |     2.502 | FAST    |
A_i[3][0][1]   | C_o[3][1][5]   |     5.463 | SLOW    |     2.581 | FAST    |
A_i[3][0][1]   | C_o[3][1][6]   |     5.909 | SLOW    |     2.483 | FAST    |
A_i[3][0][1]   | C_o[3][2][1]   |     4.856 | SLOW    |     2.534 | FAST    |
A_i[3][0][1]   | C_o[3][2][2]   |     5.078 | SLOW    |     2.484 | FAST    |
A_i[3][0][1]   | C_o[3][2][3]   |     5.235 | SLOW    |     2.473 | FAST    |
A_i[3][0][1]   | C_o[3][2][4]   |     5.373 | SLOW    |     2.502 | FAST    |
A_i[3][0][1]   | C_o[3][2][5]   |     5.463 | SLOW    |     2.581 | FAST    |
A_i[3][0][1]   | C_o[3][2][6]   |     5.909 | SLOW    |     2.483 | FAST    |
A_i[3][0][1]   | C_o[3][3][1]   |     4.856 | SLOW    |     2.534 | FAST    |
A_i[3][0][1]   | C_o[3][3][2]   |     5.078 | SLOW    |     2.484 | FAST    |
A_i[3][0][1]   | C_o[3][3][3]   |     5.235 | SLOW    |     2.473 | FAST    |
A_i[3][0][1]   | C_o[3][3][4]   |     5.373 | SLOW    |     2.502 | FAST    |
A_i[3][0][1]   | C_o[3][3][5]   |     5.463 | SLOW    |     2.581 | FAST    |
A_i[3][0][1]   | C_o[3][3][6]   |     5.909 | SLOW    |     2.483 | FAST    |
A_i[3][0][2]   | C_o[3][0][2]   |     4.736 | SLOW    |     2.468 | FAST    |
A_i[3][0][2]   | C_o[3][0][3]   |     5.181 | SLOW    |     2.359 | FAST    |
A_i[3][0][2]   | C_o[3][0][4]   |     5.371 | SLOW    |     2.390 | FAST    |
A_i[3][0][2]   | C_o[3][0][5]   |     5.484 | SLOW    |     2.495 | FAST    |
A_i[3][0][2]   | C_o[3][0][6]   |     5.930 | SLOW    |     2.440 | FAST    |
A_i[3][0][2]   | C_o[3][1][2]   |     4.736 | SLOW    |     2.468 | FAST    |
A_i[3][0][2]   | C_o[3][1][3]   |     5.181 | SLOW    |     2.359 | FAST    |
A_i[3][0][2]   | C_o[3][1][4]   |     5.371 | SLOW    |     2.390 | FAST    |
A_i[3][0][2]   | C_o[3][1][5]   |     5.484 | SLOW    |     2.495 | FAST    |
A_i[3][0][2]   | C_o[3][1][6]   |     5.930 | SLOW    |     2.440 | FAST    |
A_i[3][0][2]   | C_o[3][2][2]   |     4.736 | SLOW    |     2.468 | FAST    |
A_i[3][0][2]   | C_o[3][2][3]   |     5.181 | SLOW    |     2.359 | FAST    |
A_i[3][0][2]   | C_o[3][2][4]   |     5.371 | SLOW    |     2.390 | FAST    |
A_i[3][0][2]   | C_o[3][2][5]   |     5.484 | SLOW    |     2.495 | FAST    |
A_i[3][0][2]   | C_o[3][2][6]   |     5.930 | SLOW    |     2.440 | FAST    |
A_i[3][0][2]   | C_o[3][3][2]   |     4.736 | SLOW    |     2.468 | FAST    |
A_i[3][0][2]   | C_o[3][3][3]   |     5.181 | SLOW    |     2.359 | FAST    |
A_i[3][0][2]   | C_o[3][3][4]   |     5.371 | SLOW    |     2.390 | FAST    |
A_i[3][0][2]   | C_o[3][3][5]   |     5.484 | SLOW    |     2.495 | FAST    |
A_i[3][0][2]   | C_o[3][3][6]   |     5.930 | SLOW    |     2.440 | FAST    |
A_i[3][0][3]   | C_o[3][0][3]   |     4.939 | SLOW    |     2.578 | FAST    |
A_i[3][0][3]   | C_o[3][0][4]   |     5.214 | SLOW    |     2.422 | FAST    |
A_i[3][0][3]   | C_o[3][0][5]   |     5.484 | SLOW    |     2.527 | FAST    |
A_i[3][0][3]   | C_o[3][0][6]   |     5.930 | SLOW    |     2.502 | FAST    |
A_i[3][0][3]   | C_o[3][1][3]   |     4.939 | SLOW    |     2.578 | FAST    |
A_i[3][0][3]   | C_o[3][1][4]   |     5.214 | SLOW    |     2.422 | FAST    |
A_i[3][0][3]   | C_o[3][1][5]   |     5.484 | SLOW    |     2.527 | FAST    |
A_i[3][0][3]   | C_o[3][1][6]   |     5.930 | SLOW    |     2.502 | FAST    |
A_i[3][0][3]   | C_o[3][2][3]   |     4.939 | SLOW    |     2.578 | FAST    |
A_i[3][0][3]   | C_o[3][2][4]   |     5.214 | SLOW    |     2.422 | FAST    |
A_i[3][0][3]   | C_o[3][2][5]   |     5.484 | SLOW    |     2.527 | FAST    |
A_i[3][0][3]   | C_o[3][2][6]   |     5.930 | SLOW    |     2.502 | FAST    |
A_i[3][0][3]   | C_o[3][3][3]   |     4.939 | SLOW    |     2.578 | FAST    |
A_i[3][0][3]   | C_o[3][3][4]   |     5.214 | SLOW    |     2.422 | FAST    |
A_i[3][0][3]   | C_o[3][3][5]   |     5.484 | SLOW    |     2.527 | FAST    |
A_i[3][0][3]   | C_o[3][3][6]   |     5.930 | SLOW    |     2.502 | FAST    |
A_i[3][0][4]   | C_o[3][0][4]   |     5.190 | SLOW    |     2.716 | FAST    |
A_i[3][0][4]   | C_o[3][0][5]   |     5.447 | SLOW    |     2.640 | FAST    |
A_i[3][0][4]   | C_o[3][0][6]   |     5.893 | SLOW    |     2.531 | FAST    |
A_i[3][0][4]   | C_o[3][1][4]   |     5.190 | SLOW    |     2.716 | FAST    |
A_i[3][0][4]   | C_o[3][1][5]   |     5.447 | SLOW    |     2.640 | FAST    |
A_i[3][0][4]   | C_o[3][1][6]   |     5.893 | SLOW    |     2.531 | FAST    |
A_i[3][0][4]   | C_o[3][2][4]   |     5.190 | SLOW    |     2.716 | FAST    |
A_i[3][0][4]   | C_o[3][2][5]   |     5.447 | SLOW    |     2.640 | FAST    |
A_i[3][0][4]   | C_o[3][2][6]   |     5.893 | SLOW    |     2.531 | FAST    |
A_i[3][0][4]   | C_o[3][3][4]   |     5.190 | SLOW    |     2.716 | FAST    |
A_i[3][0][4]   | C_o[3][3][5]   |     5.447 | SLOW    |     2.640 | FAST    |
A_i[3][0][4]   | C_o[3][3][6]   |     5.893 | SLOW    |     2.531 | FAST    |
A_i[3][0][5]   | C_o[3][0][5]   |     5.459 | SLOW    |     2.873 | FAST    |
A_i[3][0][5]   | C_o[3][0][6]   |     5.905 | SLOW    |     2.764 | FAST    |
A_i[3][0][5]   | C_o[3][1][5]   |     5.459 | SLOW    |     2.873 | FAST    |
A_i[3][0][5]   | C_o[3][1][6]   |     5.905 | SLOW    |     2.764 | FAST    |
A_i[3][0][5]   | C_o[3][2][5]   |     5.459 | SLOW    |     2.873 | FAST    |
A_i[3][0][5]   | C_o[3][2][6]   |     5.905 | SLOW    |     2.764 | FAST    |
A_i[3][0][5]   | C_o[3][3][5]   |     5.459 | SLOW    |     2.873 | FAST    |
A_i[3][0][5]   | C_o[3][3][6]   |     5.905 | SLOW    |     2.764 | FAST    |
A_i[3][0][6]   | C_o[3][0][6]   |     5.317 | SLOW    |     2.791 | FAST    |
A_i[3][0][6]   | C_o[3][1][6]   |     5.317 | SLOW    |     2.791 | FAST    |
A_i[3][0][6]   | C_o[3][2][6]   |     5.317 | SLOW    |     2.791 | FAST    |
A_i[3][0][6]   | C_o[3][3][6]   |     5.317 | SLOW    |     2.791 | FAST    |
A_i[3][1][0]   | C_o[3][0][0]   |     4.573 | SLOW    |     2.370 | FAST    |
A_i[3][1][0]   | C_o[3][0][1]   |     4.771 | SLOW    |     2.370 | FAST    |
A_i[3][1][0]   | C_o[3][0][2]   |     5.114 | SLOW    |     2.482 | FAST    |
A_i[3][1][0]   | C_o[3][0][3]   |     5.454 | SLOW    |     2.482 | FAST    |
A_i[3][1][0]   | C_o[3][0][4]   |     5.610 | SLOW    |     2.525 | FAST    |
A_i[3][1][0]   | C_o[3][0][5]   |     5.725 | SLOW    |     2.525 | FAST    |
A_i[3][1][0]   | C_o[3][0][6]   |     5.955 | SLOW    |     2.539 | FAST    |
A_i[3][1][0]   | C_o[3][1][0]   |     4.573 | SLOW    |     2.370 | FAST    |
A_i[3][1][0]   | C_o[3][1][1]   |     4.771 | SLOW    |     2.370 | FAST    |
A_i[3][1][0]   | C_o[3][1][2]   |     5.114 | SLOW    |     2.482 | FAST    |
A_i[3][1][0]   | C_o[3][1][3]   |     5.454 | SLOW    |     2.482 | FAST    |
A_i[3][1][0]   | C_o[3][1][4]   |     5.610 | SLOW    |     2.525 | FAST    |
A_i[3][1][0]   | C_o[3][1][5]   |     5.725 | SLOW    |     2.525 | FAST    |
A_i[3][1][0]   | C_o[3][1][6]   |     5.955 | SLOW    |     2.539 | FAST    |
A_i[3][1][0]   | C_o[3][2][0]   |     4.573 | SLOW    |     2.370 | FAST    |
A_i[3][1][0]   | C_o[3][2][1]   |     4.771 | SLOW    |     2.370 | FAST    |
A_i[3][1][0]   | C_o[3][2][2]   |     5.114 | SLOW    |     2.482 | FAST    |
A_i[3][1][0]   | C_o[3][2][3]   |     5.454 | SLOW    |     2.482 | FAST    |
A_i[3][1][0]   | C_o[3][2][4]   |     5.610 | SLOW    |     2.525 | FAST    |
A_i[3][1][0]   | C_o[3][2][5]   |     5.725 | SLOW    |     2.525 | FAST    |
A_i[3][1][0]   | C_o[3][2][6]   |     5.955 | SLOW    |     2.539 | FAST    |
A_i[3][1][0]   | C_o[3][3][0]   |     4.573 | SLOW    |     2.370 | FAST    |
A_i[3][1][0]   | C_o[3][3][1]   |     4.771 | SLOW    |     2.370 | FAST    |
A_i[3][1][0]   | C_o[3][3][2]   |     5.114 | SLOW    |     2.482 | FAST    |
A_i[3][1][0]   | C_o[3][3][3]   |     5.454 | SLOW    |     2.482 | FAST    |
A_i[3][1][0]   | C_o[3][3][4]   |     5.610 | SLOW    |     2.525 | FAST    |
A_i[3][1][0]   | C_o[3][3][5]   |     5.725 | SLOW    |     2.525 | FAST    |
A_i[3][1][0]   | C_o[3][3][6]   |     5.955 | SLOW    |     2.539 | FAST    |
A_i[3][1][1]   | C_o[3][0][1]   |     4.877 | SLOW    |     2.541 | FAST    |
A_i[3][1][1]   | C_o[3][0][2]   |     5.105 | SLOW    |     2.539 | FAST    |
A_i[3][1][1]   | C_o[3][0][3]   |     5.445 | SLOW    |     2.539 | FAST    |
A_i[3][1][1]   | C_o[3][0][4]   |     5.599 | SLOW    |     2.588 | FAST    |
A_i[3][1][1]   | C_o[3][0][5]   |     5.694 | SLOW    |     2.588 | FAST    |
A_i[3][1][1]   | C_o[3][0][6]   |     5.924 | SLOW    |     2.577 | FAST    |
A_i[3][1][1]   | C_o[3][1][1]   |     4.877 | SLOW    |     2.541 | FAST    |
A_i[3][1][1]   | C_o[3][1][2]   |     5.105 | SLOW    |     2.539 | FAST    |
A_i[3][1][1]   | C_o[3][1][3]   |     5.445 | SLOW    |     2.539 | FAST    |
A_i[3][1][1]   | C_o[3][1][4]   |     5.599 | SLOW    |     2.588 | FAST    |
A_i[3][1][1]   | C_o[3][1][5]   |     5.694 | SLOW    |     2.588 | FAST    |
A_i[3][1][1]   | C_o[3][1][6]   |     5.924 | SLOW    |     2.577 | FAST    |
A_i[3][1][1]   | C_o[3][2][1]   |     4.877 | SLOW    |     2.541 | FAST    |
A_i[3][1][1]   | C_o[3][2][2]   |     5.105 | SLOW    |     2.539 | FAST    |
A_i[3][1][1]   | C_o[3][2][3]   |     5.445 | SLOW    |     2.539 | FAST    |
A_i[3][1][1]   | C_o[3][2][4]   |     5.599 | SLOW    |     2.588 | FAST    |
A_i[3][1][1]   | C_o[3][2][5]   |     5.694 | SLOW    |     2.588 | FAST    |
A_i[3][1][1]   | C_o[3][2][6]   |     5.924 | SLOW    |     2.577 | FAST    |
A_i[3][1][1]   | C_o[3][3][1]   |     4.877 | SLOW    |     2.541 | FAST    |
A_i[3][1][1]   | C_o[3][3][2]   |     5.105 | SLOW    |     2.539 | FAST    |
A_i[3][1][1]   | C_o[3][3][3]   |     5.445 | SLOW    |     2.539 | FAST    |
A_i[3][1][1]   | C_o[3][3][4]   |     5.599 | SLOW    |     2.588 | FAST    |
A_i[3][1][1]   | C_o[3][3][5]   |     5.694 | SLOW    |     2.588 | FAST    |
A_i[3][1][1]   | C_o[3][3][6]   |     5.924 | SLOW    |     2.577 | FAST    |
A_i[3][1][2]   | C_o[3][0][2]   |     4.763 | SLOW    |     2.478 | FAST    |
A_i[3][1][2]   | C_o[3][0][3]   |     5.391 | SLOW    |     2.494 | FAST    |
A_i[3][1][2]   | C_o[3][0][4]   |     5.600 | SLOW    |     2.474 | FAST    |
A_i[3][1][2]   | C_o[3][0][5]   |     5.715 | SLOW    |     2.474 | FAST    |
A_i[3][1][2]   | C_o[3][0][6]   |     5.945 | SLOW    |     2.521 | FAST    |
A_i[3][1][2]   | C_o[3][1][2]   |     4.763 | SLOW    |     2.478 | FAST    |
A_i[3][1][2]   | C_o[3][1][3]   |     5.391 | SLOW    |     2.494 | FAST    |
A_i[3][1][2]   | C_o[3][1][4]   |     5.600 | SLOW    |     2.474 | FAST    |
A_i[3][1][2]   | C_o[3][1][5]   |     5.715 | SLOW    |     2.474 | FAST    |
A_i[3][1][2]   | C_o[3][1][6]   |     5.945 | SLOW    |     2.521 | FAST    |
A_i[3][1][2]   | C_o[3][2][2]   |     4.763 | SLOW    |     2.478 | FAST    |
A_i[3][1][2]   | C_o[3][2][3]   |     5.391 | SLOW    |     2.494 | FAST    |
A_i[3][1][2]   | C_o[3][2][4]   |     5.600 | SLOW    |     2.474 | FAST    |
A_i[3][1][2]   | C_o[3][2][5]   |     5.715 | SLOW    |     2.474 | FAST    |
A_i[3][1][2]   | C_o[3][2][6]   |     5.945 | SLOW    |     2.521 | FAST    |
A_i[3][1][2]   | C_o[3][3][2]   |     4.763 | SLOW    |     2.478 | FAST    |
A_i[3][1][2]   | C_o[3][3][3]   |     5.391 | SLOW    |     2.494 | FAST    |
A_i[3][1][2]   | C_o[3][3][4]   |     5.600 | SLOW    |     2.474 | FAST    |
A_i[3][1][2]   | C_o[3][3][5]   |     5.715 | SLOW    |     2.474 | FAST    |
A_i[3][1][2]   | C_o[3][3][6]   |     5.945 | SLOW    |     2.521 | FAST    |
A_i[3][1][3]   | C_o[3][0][3]   |     5.149 | SLOW    |     2.696 | FAST    |
A_i[3][1][3]   | C_o[3][0][4]   |     5.443 | SLOW    |     2.536 | FAST    |
A_i[3][1][3]   | C_o[3][0][5]   |     5.715 | SLOW    |     2.537 | FAST    |
A_i[3][1][3]   | C_o[3][0][6]   |     5.945 | SLOW    |     2.583 | FAST    |
A_i[3][1][3]   | C_o[3][1][3]   |     5.149 | SLOW    |     2.696 | FAST    |
A_i[3][1][3]   | C_o[3][1][4]   |     5.443 | SLOW    |     2.536 | FAST    |
A_i[3][1][3]   | C_o[3][1][5]   |     5.715 | SLOW    |     2.537 | FAST    |
A_i[3][1][3]   | C_o[3][1][6]   |     5.945 | SLOW    |     2.583 | FAST    |
A_i[3][1][3]   | C_o[3][2][3]   |     5.149 | SLOW    |     2.696 | FAST    |
A_i[3][1][3]   | C_o[3][2][4]   |     5.443 | SLOW    |     2.536 | FAST    |
A_i[3][1][3]   | C_o[3][2][5]   |     5.715 | SLOW    |     2.537 | FAST    |
A_i[3][1][3]   | C_o[3][2][6]   |     5.945 | SLOW    |     2.583 | FAST    |
A_i[3][1][3]   | C_o[3][3][3]   |     5.149 | SLOW    |     2.696 | FAST    |
A_i[3][1][3]   | C_o[3][3][4]   |     5.443 | SLOW    |     2.536 | FAST    |
A_i[3][1][3]   | C_o[3][3][5]   |     5.715 | SLOW    |     2.537 | FAST    |
A_i[3][1][3]   | C_o[3][3][6]   |     5.945 | SLOW    |     2.583 | FAST    |
A_i[3][1][4]   | C_o[3][0][4]   |     5.419 | SLOW    |     2.849 | FAST    |
A_i[3][1][4]   | C_o[3][0][5]   |     5.678 | SLOW    |     2.769 | FAST    |
A_i[3][1][4]   | C_o[3][0][6]   |     5.908 | SLOW    |     2.660 | FAST    |
A_i[3][1][4]   | C_o[3][1][4]   |     5.419 | SLOW    |     2.849 | FAST    |
A_i[3][1][4]   | C_o[3][1][5]   |     5.678 | SLOW    |     2.769 | FAST    |
A_i[3][1][4]   | C_o[3][1][6]   |     5.908 | SLOW    |     2.660 | FAST    |
A_i[3][1][4]   | C_o[3][2][4]   |     5.419 | SLOW    |     2.849 | FAST    |
A_i[3][1][4]   | C_o[3][2][5]   |     5.678 | SLOW    |     2.769 | FAST    |
A_i[3][1][4]   | C_o[3][2][6]   |     5.908 | SLOW    |     2.660 | FAST    |
A_i[3][1][4]   | C_o[3][3][4]   |     5.419 | SLOW    |     2.849 | FAST    |
A_i[3][1][4]   | C_o[3][3][5]   |     5.678 | SLOW    |     2.769 | FAST    |
A_i[3][1][4]   | C_o[3][3][6]   |     5.908 | SLOW    |     2.660 | FAST    |
A_i[3][1][5]   | C_o[3][0][5]   |     5.690 | SLOW    |     3.002 | FAST    |
A_i[3][1][5]   | C_o[3][0][6]   |     5.920 | SLOW    |     2.893 | FAST    |
A_i[3][1][5]   | C_o[3][1][5]   |     5.690 | SLOW    |     3.002 | FAST    |
A_i[3][1][5]   | C_o[3][1][6]   |     5.920 | SLOW    |     2.893 | FAST    |
A_i[3][1][5]   | C_o[3][2][5]   |     5.690 | SLOW    |     3.002 | FAST    |
A_i[3][1][5]   | C_o[3][2][6]   |     5.920 | SLOW    |     2.893 | FAST    |
A_i[3][1][5]   | C_o[3][3][5]   |     5.690 | SLOW    |     3.002 | FAST    |
A_i[3][1][5]   | C_o[3][3][6]   |     5.920 | SLOW    |     2.893 | FAST    |
A_i[3][1][6]   | C_o[3][0][6]   |     5.332 | SLOW    |     2.795 | FAST    |
A_i[3][1][6]   | C_o[3][1][6]   |     5.332 | SLOW    |     2.795 | FAST    |
A_i[3][1][6]   | C_o[3][2][6]   |     5.332 | SLOW    |     2.795 | FAST    |
A_i[3][1][6]   | C_o[3][3][6]   |     5.332 | SLOW    |     2.795 | FAST    |
A_i[3][2][0]   | C_o[3][0][0]   |     4.558 | SLOW    |     2.366 | FAST    |
A_i[3][2][0]   | C_o[3][0][1]   |     4.756 | SLOW    |     2.366 | FAST    |
A_i[3][2][0]   | C_o[3][0][2]   |     5.099 | SLOW    |     2.482 | FAST    |
A_i[3][2][0]   | C_o[3][0][3]   |     5.469 | SLOW    |     2.482 | FAST    |
A_i[3][2][0]   | C_o[3][0][4]   |     5.616 | SLOW    |     2.525 | FAST    |
A_i[3][2][0]   | C_o[3][0][5]   |     5.731 | SLOW    |     2.525 | FAST    |
A_i[3][2][0]   | C_o[3][0][6]   |     5.940 | SLOW    |     2.539 | FAST    |
A_i[3][2][0]   | C_o[3][1][0]   |     4.558 | SLOW    |     2.366 | FAST    |
A_i[3][2][0]   | C_o[3][1][1]   |     4.756 | SLOW    |     2.366 | FAST    |
A_i[3][2][0]   | C_o[3][1][2]   |     5.099 | SLOW    |     2.482 | FAST    |
A_i[3][2][0]   | C_o[3][1][3]   |     5.469 | SLOW    |     2.482 | FAST    |
A_i[3][2][0]   | C_o[3][1][4]   |     5.616 | SLOW    |     2.525 | FAST    |
A_i[3][2][0]   | C_o[3][1][5]   |     5.731 | SLOW    |     2.525 | FAST    |
A_i[3][2][0]   | C_o[3][1][6]   |     5.940 | SLOW    |     2.539 | FAST    |
A_i[3][2][0]   | C_o[3][2][0]   |     4.558 | SLOW    |     2.366 | FAST    |
A_i[3][2][0]   | C_o[3][2][1]   |     4.756 | SLOW    |     2.366 | FAST    |
A_i[3][2][0]   | C_o[3][2][2]   |     5.099 | SLOW    |     2.482 | FAST    |
A_i[3][2][0]   | C_o[3][2][3]   |     5.469 | SLOW    |     2.482 | FAST    |
A_i[3][2][0]   | C_o[3][2][4]   |     5.616 | SLOW    |     2.525 | FAST    |
A_i[3][2][0]   | C_o[3][2][5]   |     5.731 | SLOW    |     2.525 | FAST    |
A_i[3][2][0]   | C_o[3][2][6]   |     5.940 | SLOW    |     2.539 | FAST    |
A_i[3][2][0]   | C_o[3][3][0]   |     4.558 | SLOW    |     2.366 | FAST    |
A_i[3][2][0]   | C_o[3][3][1]   |     4.756 | SLOW    |     2.366 | FAST    |
A_i[3][2][0]   | C_o[3][3][2]   |     5.099 | SLOW    |     2.482 | FAST    |
A_i[3][2][0]   | C_o[3][3][3]   |     5.469 | SLOW    |     2.482 | FAST    |
A_i[3][2][0]   | C_o[3][3][4]   |     5.616 | SLOW    |     2.525 | FAST    |
A_i[3][2][0]   | C_o[3][3][5]   |     5.731 | SLOW    |     2.525 | FAST    |
A_i[3][2][0]   | C_o[3][3][6]   |     5.940 | SLOW    |     2.539 | FAST    |
A_i[3][2][1]   | C_o[3][0][1]   |     4.862 | SLOW    |     2.537 | FAST    |
A_i[3][2][1]   | C_o[3][0][2]   |     5.090 | SLOW    |     2.539 | FAST    |
A_i[3][2][1]   | C_o[3][0][3]   |     5.460 | SLOW    |     2.539 | FAST    |
A_i[3][2][1]   | C_o[3][0][4]   |     5.605 | SLOW    |     2.588 | FAST    |
A_i[3][2][1]   | C_o[3][0][5]   |     5.700 | SLOW    |     2.588 | FAST    |
A_i[3][2][1]   | C_o[3][0][6]   |     5.909 | SLOW    |     2.577 | FAST    |
A_i[3][2][1]   | C_o[3][1][1]   |     4.862 | SLOW    |     2.537 | FAST    |
A_i[3][2][1]   | C_o[3][1][2]   |     5.090 | SLOW    |     2.539 | FAST    |
A_i[3][2][1]   | C_o[3][1][3]   |     5.460 | SLOW    |     2.539 | FAST    |
A_i[3][2][1]   | C_o[3][1][4]   |     5.605 | SLOW    |     2.588 | FAST    |
A_i[3][2][1]   | C_o[3][1][5]   |     5.700 | SLOW    |     2.588 | FAST    |
A_i[3][2][1]   | C_o[3][1][6]   |     5.909 | SLOW    |     2.577 | FAST    |
A_i[3][2][1]   | C_o[3][2][1]   |     4.862 | SLOW    |     2.537 | FAST    |
A_i[3][2][1]   | C_o[3][2][2]   |     5.090 | SLOW    |     2.539 | FAST    |
A_i[3][2][1]   | C_o[3][2][3]   |     5.460 | SLOW    |     2.539 | FAST    |
A_i[3][2][1]   | C_o[3][2][4]   |     5.605 | SLOW    |     2.588 | FAST    |
A_i[3][2][1]   | C_o[3][2][5]   |     5.700 | SLOW    |     2.588 | FAST    |
A_i[3][2][1]   | C_o[3][2][6]   |     5.909 | SLOW    |     2.577 | FAST    |
A_i[3][2][1]   | C_o[3][3][1]   |     4.862 | SLOW    |     2.537 | FAST    |
A_i[3][2][1]   | C_o[3][3][2]   |     5.090 | SLOW    |     2.539 | FAST    |
A_i[3][2][1]   | C_o[3][3][3]   |     5.460 | SLOW    |     2.539 | FAST    |
A_i[3][2][1]   | C_o[3][3][4]   |     5.605 | SLOW    |     2.588 | FAST    |
A_i[3][2][1]   | C_o[3][3][5]   |     5.700 | SLOW    |     2.588 | FAST    |
A_i[3][2][1]   | C_o[3][3][6]   |     5.909 | SLOW    |     2.577 | FAST    |
A_i[3][2][2]   | C_o[3][0][2]   |     4.748 | SLOW    |     2.474 | FAST    |
A_i[3][2][2]   | C_o[3][0][3]   |     5.406 | SLOW    |     2.492 | FAST    |
A_i[3][2][2]   | C_o[3][0][4]   |     5.606 | SLOW    |     2.474 | FAST    |
A_i[3][2][2]   | C_o[3][0][5]   |     5.721 | SLOW    |     2.474 | FAST    |
A_i[3][2][2]   | C_o[3][0][6]   |     5.930 | SLOW    |     2.521 | FAST    |
A_i[3][2][2]   | C_o[3][1][2]   |     4.748 | SLOW    |     2.474 | FAST    |
A_i[3][2][2]   | C_o[3][1][3]   |     5.406 | SLOW    |     2.492 | FAST    |
A_i[3][2][2]   | C_o[3][1][4]   |     5.606 | SLOW    |     2.474 | FAST    |
A_i[3][2][2]   | C_o[3][1][5]   |     5.721 | SLOW    |     2.474 | FAST    |
A_i[3][2][2]   | C_o[3][1][6]   |     5.930 | SLOW    |     2.521 | FAST    |
A_i[3][2][2]   | C_o[3][2][2]   |     4.748 | SLOW    |     2.474 | FAST    |
A_i[3][2][2]   | C_o[3][2][3]   |     5.406 | SLOW    |     2.492 | FAST    |
A_i[3][2][2]   | C_o[3][2][4]   |     5.606 | SLOW    |     2.474 | FAST    |
A_i[3][2][2]   | C_o[3][2][5]   |     5.721 | SLOW    |     2.474 | FAST    |
A_i[3][2][2]   | C_o[3][2][6]   |     5.930 | SLOW    |     2.521 | FAST    |
A_i[3][2][2]   | C_o[3][3][2]   |     4.748 | SLOW    |     2.474 | FAST    |
A_i[3][2][2]   | C_o[3][3][3]   |     5.406 | SLOW    |     2.492 | FAST    |
A_i[3][2][2]   | C_o[3][3][4]   |     5.606 | SLOW    |     2.474 | FAST    |
A_i[3][2][2]   | C_o[3][3][5]   |     5.721 | SLOW    |     2.474 | FAST    |
A_i[3][2][2]   | C_o[3][3][6]   |     5.930 | SLOW    |     2.521 | FAST    |
A_i[3][2][3]   | C_o[3][0][3]   |     5.164 | SLOW    |     2.700 | FAST    |
A_i[3][2][3]   | C_o[3][0][4]   |     5.449 | SLOW    |     2.540 | FAST    |
A_i[3][2][3]   | C_o[3][0][5]   |     5.721 | SLOW    |     2.537 | FAST    |
A_i[3][2][3]   | C_o[3][0][6]   |     5.930 | SLOW    |     2.583 | FAST    |
A_i[3][2][3]   | C_o[3][1][3]   |     5.164 | SLOW    |     2.700 | FAST    |
A_i[3][2][3]   | C_o[3][1][4]   |     5.449 | SLOW    |     2.540 | FAST    |
A_i[3][2][3]   | C_o[3][1][5]   |     5.721 | SLOW    |     2.537 | FAST    |
A_i[3][2][3]   | C_o[3][1][6]   |     5.930 | SLOW    |     2.583 | FAST    |
A_i[3][2][3]   | C_o[3][2][3]   |     5.164 | SLOW    |     2.700 | FAST    |
A_i[3][2][3]   | C_o[3][2][4]   |     5.449 | SLOW    |     2.540 | FAST    |
A_i[3][2][3]   | C_o[3][2][5]   |     5.721 | SLOW    |     2.537 | FAST    |
A_i[3][2][3]   | C_o[3][2][6]   |     5.930 | SLOW    |     2.583 | FAST    |
A_i[3][2][3]   | C_o[3][3][3]   |     5.164 | SLOW    |     2.700 | FAST    |
A_i[3][2][3]   | C_o[3][3][4]   |     5.449 | SLOW    |     2.540 | FAST    |
A_i[3][2][3]   | C_o[3][3][5]   |     5.721 | SLOW    |     2.537 | FAST    |
A_i[3][2][3]   | C_o[3][3][6]   |     5.930 | SLOW    |     2.583 | FAST    |
A_i[3][2][4]   | C_o[3][0][4]   |     5.425 | SLOW    |     2.847 | FAST    |
A_i[3][2][4]   | C_o[3][0][5]   |     5.684 | SLOW    |     2.767 | FAST    |
A_i[3][2][4]   | C_o[3][0][6]   |     5.893 | SLOW    |     2.658 | FAST    |
A_i[3][2][4]   | C_o[3][1][4]   |     5.425 | SLOW    |     2.847 | FAST    |
A_i[3][2][4]   | C_o[3][1][5]   |     5.684 | SLOW    |     2.767 | FAST    |
A_i[3][2][4]   | C_o[3][1][6]   |     5.893 | SLOW    |     2.658 | FAST    |
A_i[3][2][4]   | C_o[3][2][4]   |     5.425 | SLOW    |     2.847 | FAST    |
A_i[3][2][4]   | C_o[3][2][5]   |     5.684 | SLOW    |     2.767 | FAST    |
A_i[3][2][4]   | C_o[3][2][6]   |     5.893 | SLOW    |     2.658 | FAST    |
A_i[3][2][4]   | C_o[3][3][4]   |     5.425 | SLOW    |     2.847 | FAST    |
A_i[3][2][4]   | C_o[3][3][5]   |     5.684 | SLOW    |     2.767 | FAST    |
A_i[3][2][4]   | C_o[3][3][6]   |     5.893 | SLOW    |     2.658 | FAST    |
A_i[3][2][5]   | C_o[3][0][5]   |     5.696 | SLOW    |     3.000 | FAST    |
A_i[3][2][5]   | C_o[3][0][6]   |     5.905 | SLOW    |     2.891 | FAST    |
A_i[3][2][5]   | C_o[3][1][5]   |     5.696 | SLOW    |     3.000 | FAST    |
A_i[3][2][5]   | C_o[3][1][6]   |     5.905 | SLOW    |     2.891 | FAST    |
A_i[3][2][5]   | C_o[3][2][5]   |     5.696 | SLOW    |     3.000 | FAST    |
A_i[3][2][5]   | C_o[3][2][6]   |     5.905 | SLOW    |     2.891 | FAST    |
A_i[3][2][5]   | C_o[3][3][5]   |     5.696 | SLOW    |     3.000 | FAST    |
A_i[3][2][5]   | C_o[3][3][6]   |     5.905 | SLOW    |     2.891 | FAST    |
A_i[3][2][6]   | C_o[3][0][6]   |     5.317 | SLOW    |     2.791 | FAST    |
A_i[3][2][6]   | C_o[3][1][6]   |     5.317 | SLOW    |     2.791 | FAST    |
A_i[3][2][6]   | C_o[3][2][6]   |     5.317 | SLOW    |     2.791 | FAST    |
A_i[3][2][6]   | C_o[3][3][6]   |     5.317 | SLOW    |     2.791 | FAST    |
A_i[3][3][0]   | C_o[3][0][0]   |     4.573 | SLOW    |     2.370 | FAST    |
A_i[3][3][0]   | C_o[3][0][1]   |     4.771 | SLOW    |     2.370 | FAST    |
A_i[3][3][0]   | C_o[3][0][2]   |     5.114 | SLOW    |     2.486 | FAST    |
A_i[3][3][0]   | C_o[3][0][3]   |     5.454 | SLOW    |     2.486 | FAST    |
A_i[3][3][0]   | C_o[3][0][4]   |     5.610 | SLOW    |     2.529 | FAST    |
A_i[3][3][0]   | C_o[3][0][5]   |     5.725 | SLOW    |     2.525 | FAST    |
A_i[3][3][0]   | C_o[3][0][6]   |     5.955 | SLOW    |     2.543 | FAST    |
A_i[3][3][0]   | C_o[3][1][0]   |     4.573 | SLOW    |     2.370 | FAST    |
A_i[3][3][0]   | C_o[3][1][1]   |     4.771 | SLOW    |     2.370 | FAST    |
A_i[3][3][0]   | C_o[3][1][2]   |     5.114 | SLOW    |     2.486 | FAST    |
A_i[3][3][0]   | C_o[3][1][3]   |     5.454 | SLOW    |     2.486 | FAST    |
A_i[3][3][0]   | C_o[3][1][4]   |     5.610 | SLOW    |     2.529 | FAST    |
A_i[3][3][0]   | C_o[3][1][5]   |     5.725 | SLOW    |     2.525 | FAST    |
A_i[3][3][0]   | C_o[3][1][6]   |     5.955 | SLOW    |     2.543 | FAST    |
A_i[3][3][0]   | C_o[3][2][0]   |     4.573 | SLOW    |     2.370 | FAST    |
A_i[3][3][0]   | C_o[3][2][1]   |     4.771 | SLOW    |     2.370 | FAST    |
A_i[3][3][0]   | C_o[3][2][2]   |     5.114 | SLOW    |     2.486 | FAST    |
A_i[3][3][0]   | C_o[3][2][3]   |     5.454 | SLOW    |     2.486 | FAST    |
A_i[3][3][0]   | C_o[3][2][4]   |     5.610 | SLOW    |     2.529 | FAST    |
A_i[3][3][0]   | C_o[3][2][5]   |     5.725 | SLOW    |     2.525 | FAST    |
A_i[3][3][0]   | C_o[3][2][6]   |     5.955 | SLOW    |     2.543 | FAST    |
A_i[3][3][0]   | C_o[3][3][0]   |     4.573 | SLOW    |     2.370 | FAST    |
A_i[3][3][0]   | C_o[3][3][1]   |     4.771 | SLOW    |     2.370 | FAST    |
A_i[3][3][0]   | C_o[3][3][2]   |     5.114 | SLOW    |     2.486 | FAST    |
A_i[3][3][0]   | C_o[3][3][3]   |     5.454 | SLOW    |     2.486 | FAST    |
A_i[3][3][0]   | C_o[3][3][4]   |     5.610 | SLOW    |     2.529 | FAST    |
A_i[3][3][0]   | C_o[3][3][5]   |     5.725 | SLOW    |     2.525 | FAST    |
A_i[3][3][0]   | C_o[3][3][6]   |     5.955 | SLOW    |     2.543 | FAST    |
A_i[3][3][1]   | C_o[3][0][1]   |     4.877 | SLOW    |     2.541 | FAST    |
A_i[3][3][1]   | C_o[3][0][2]   |     5.105 | SLOW    |     2.543 | FAST    |
A_i[3][3][1]   | C_o[3][0][3]   |     5.445 | SLOW    |     2.543 | FAST    |
A_i[3][3][1]   | C_o[3][0][4]   |     5.599 | SLOW    |     2.592 | FAST    |
A_i[3][3][1]   | C_o[3][0][5]   |     5.694 | SLOW    |     2.588 | FAST    |
A_i[3][3][1]   | C_o[3][0][6]   |     5.924 | SLOW    |     2.581 | FAST    |
A_i[3][3][1]   | C_o[3][1][1]   |     4.877 | SLOW    |     2.541 | FAST    |
A_i[3][3][1]   | C_o[3][1][2]   |     5.105 | SLOW    |     2.543 | FAST    |
A_i[3][3][1]   | C_o[3][1][3]   |     5.445 | SLOW    |     2.543 | FAST    |
A_i[3][3][1]   | C_o[3][1][4]   |     5.599 | SLOW    |     2.592 | FAST    |
A_i[3][3][1]   | C_o[3][1][5]   |     5.694 | SLOW    |     2.588 | FAST    |
A_i[3][3][1]   | C_o[3][1][6]   |     5.924 | SLOW    |     2.581 | FAST    |
A_i[3][3][1]   | C_o[3][2][1]   |     4.877 | SLOW    |     2.541 | FAST    |
A_i[3][3][1]   | C_o[3][2][2]   |     5.105 | SLOW    |     2.543 | FAST    |
A_i[3][3][1]   | C_o[3][2][3]   |     5.445 | SLOW    |     2.543 | FAST    |
A_i[3][3][1]   | C_o[3][2][4]   |     5.599 | SLOW    |     2.592 | FAST    |
A_i[3][3][1]   | C_o[3][2][5]   |     5.694 | SLOW    |     2.588 | FAST    |
A_i[3][3][1]   | C_o[3][2][6]   |     5.924 | SLOW    |     2.581 | FAST    |
A_i[3][3][1]   | C_o[3][3][1]   |     4.877 | SLOW    |     2.541 | FAST    |
A_i[3][3][1]   | C_o[3][3][2]   |     5.105 | SLOW    |     2.543 | FAST    |
A_i[3][3][1]   | C_o[3][3][3]   |     5.445 | SLOW    |     2.543 | FAST    |
A_i[3][3][1]   | C_o[3][3][4]   |     5.599 | SLOW    |     2.592 | FAST    |
A_i[3][3][1]   | C_o[3][3][5]   |     5.694 | SLOW    |     2.588 | FAST    |
A_i[3][3][1]   | C_o[3][3][6]   |     5.924 | SLOW    |     2.581 | FAST    |
A_i[3][3][2]   | C_o[3][0][2]   |     4.763 | SLOW    |     2.478 | FAST    |
A_i[3][3][2]   | C_o[3][0][3]   |     5.391 | SLOW    |     2.494 | FAST    |
A_i[3][3][2]   | C_o[3][0][4]   |     5.600 | SLOW    |     2.478 | FAST    |
A_i[3][3][2]   | C_o[3][0][5]   |     5.715 | SLOW    |     2.474 | FAST    |
A_i[3][3][2]   | C_o[3][0][6]   |     5.945 | SLOW    |     2.525 | FAST    |
A_i[3][3][2]   | C_o[3][1][2]   |     4.763 | SLOW    |     2.478 | FAST    |
A_i[3][3][2]   | C_o[3][1][3]   |     5.391 | SLOW    |     2.494 | FAST    |
A_i[3][3][2]   | C_o[3][1][4]   |     5.600 | SLOW    |     2.478 | FAST    |
A_i[3][3][2]   | C_o[3][1][5]   |     5.715 | SLOW    |     2.474 | FAST    |
A_i[3][3][2]   | C_o[3][1][6]   |     5.945 | SLOW    |     2.525 | FAST    |
A_i[3][3][2]   | C_o[3][2][2]   |     4.763 | SLOW    |     2.478 | FAST    |
A_i[3][3][2]   | C_o[3][2][3]   |     5.391 | SLOW    |     2.494 | FAST    |
A_i[3][3][2]   | C_o[3][2][4]   |     5.600 | SLOW    |     2.478 | FAST    |
A_i[3][3][2]   | C_o[3][2][5]   |     5.715 | SLOW    |     2.474 | FAST    |
A_i[3][3][2]   | C_o[3][2][6]   |     5.945 | SLOW    |     2.525 | FAST    |
A_i[3][3][2]   | C_o[3][3][2]   |     4.763 | SLOW    |     2.478 | FAST    |
A_i[3][3][2]   | C_o[3][3][3]   |     5.391 | SLOW    |     2.494 | FAST    |
A_i[3][3][2]   | C_o[3][3][4]   |     5.600 | SLOW    |     2.478 | FAST    |
A_i[3][3][2]   | C_o[3][3][5]   |     5.715 | SLOW    |     2.474 | FAST    |
A_i[3][3][2]   | C_o[3][3][6]   |     5.945 | SLOW    |     2.525 | FAST    |
A_i[3][3][3]   | C_o[3][0][3]   |     5.149 | SLOW    |     2.696 | FAST    |
A_i[3][3][3]   | C_o[3][0][4]   |     5.443 | SLOW    |     2.536 | FAST    |
A_i[3][3][3]   | C_o[3][0][5]   |     5.715 | SLOW    |     2.537 | FAST    |
A_i[3][3][3]   | C_o[3][0][6]   |     5.945 | SLOW    |     2.587 | FAST    |
A_i[3][3][3]   | C_o[3][1][3]   |     5.149 | SLOW    |     2.696 | FAST    |
A_i[3][3][3]   | C_o[3][1][4]   |     5.443 | SLOW    |     2.536 | FAST    |
A_i[3][3][3]   | C_o[3][1][5]   |     5.715 | SLOW    |     2.537 | FAST    |
A_i[3][3][3]   | C_o[3][1][6]   |     5.945 | SLOW    |     2.587 | FAST    |
A_i[3][3][3]   | C_o[3][2][3]   |     5.149 | SLOW    |     2.696 | FAST    |
A_i[3][3][3]   | C_o[3][2][4]   |     5.443 | SLOW    |     2.536 | FAST    |
A_i[3][3][3]   | C_o[3][2][5]   |     5.715 | SLOW    |     2.537 | FAST    |
A_i[3][3][3]   | C_o[3][2][6]   |     5.945 | SLOW    |     2.587 | FAST    |
A_i[3][3][3]   | C_o[3][3][3]   |     5.149 | SLOW    |     2.696 | FAST    |
A_i[3][3][3]   | C_o[3][3][4]   |     5.443 | SLOW    |     2.536 | FAST    |
A_i[3][3][3]   | C_o[3][3][5]   |     5.715 | SLOW    |     2.537 | FAST    |
A_i[3][3][3]   | C_o[3][3][6]   |     5.945 | SLOW    |     2.587 | FAST    |
A_i[3][3][4]   | C_o[3][0][4]   |     5.419 | SLOW    |     2.849 | FAST    |
A_i[3][3][4]   | C_o[3][0][5]   |     5.678 | SLOW    |     2.769 | FAST    |
A_i[3][3][4]   | C_o[3][0][6]   |     5.908 | SLOW    |     2.660 | FAST    |
A_i[3][3][4]   | C_o[3][1][4]   |     5.419 | SLOW    |     2.849 | FAST    |
A_i[3][3][4]   | C_o[3][1][5]   |     5.678 | SLOW    |     2.769 | FAST    |
A_i[3][3][4]   | C_o[3][1][6]   |     5.908 | SLOW    |     2.660 | FAST    |
A_i[3][3][4]   | C_o[3][2][4]   |     5.419 | SLOW    |     2.849 | FAST    |
A_i[3][3][4]   | C_o[3][2][5]   |     5.678 | SLOW    |     2.769 | FAST    |
A_i[3][3][4]   | C_o[3][2][6]   |     5.908 | SLOW    |     2.660 | FAST    |
A_i[3][3][4]   | C_o[3][3][4]   |     5.419 | SLOW    |     2.849 | FAST    |
A_i[3][3][4]   | C_o[3][3][5]   |     5.678 | SLOW    |     2.769 | FAST    |
A_i[3][3][4]   | C_o[3][3][6]   |     5.908 | SLOW    |     2.660 | FAST    |
A_i[3][3][5]   | C_o[3][0][5]   |     5.690 | SLOW    |     3.002 | FAST    |
A_i[3][3][5]   | C_o[3][0][6]   |     5.920 | SLOW    |     2.893 | FAST    |
A_i[3][3][5]   | C_o[3][1][5]   |     5.690 | SLOW    |     3.002 | FAST    |
A_i[3][3][5]   | C_o[3][1][6]   |     5.920 | SLOW    |     2.893 | FAST    |
A_i[3][3][5]   | C_o[3][2][5]   |     5.690 | SLOW    |     3.002 | FAST    |
A_i[3][3][5]   | C_o[3][2][6]   |     5.920 | SLOW    |     2.893 | FAST    |
A_i[3][3][5]   | C_o[3][3][5]   |     5.690 | SLOW    |     3.002 | FAST    |
A_i[3][3][5]   | C_o[3][3][6]   |     5.920 | SLOW    |     2.893 | FAST    |
A_i[3][3][6]   | C_o[3][0][6]   |     5.332 | SLOW    |     2.795 | FAST    |
A_i[3][3][6]   | C_o[3][1][6]   |     5.332 | SLOW    |     2.795 | FAST    |
A_i[3][3][6]   | C_o[3][2][6]   |     5.332 | SLOW    |     2.795 | FAST    |
A_i[3][3][6]   | C_o[3][3][6]   |     5.332 | SLOW    |     2.795 | FAST    |
B_i[0][0][0]   | C_o[0][0][0]   |     4.585 | SLOW    |     2.381 | FAST    |
B_i[0][0][0]   | C_o[0][0][1]   |     4.861 | SLOW    |     2.385 | FAST    |
B_i[0][0][0]   | C_o[0][0][2]   |     4.986 | SLOW    |     2.483 | FAST    |
B_i[0][0][0]   | C_o[0][0][3]   |     5.143 | SLOW    |     2.381 | FAST    |
B_i[0][0][0]   | C_o[0][0][4]   |     5.281 | SLOW    |     2.384 | FAST    |
B_i[0][0][0]   | C_o[0][0][5]   |     5.463 | SLOW    |     2.489 | FAST    |
B_i[0][0][0]   | C_o[0][0][6]   |     5.909 | SLOW    |     2.463 | FAST    |
B_i[0][0][0]   | C_o[1][0][0]   |     4.585 | SLOW    |     2.381 | FAST    |
B_i[0][0][0]   | C_o[1][0][1]   |     4.861 | SLOW    |     2.385 | FAST    |
B_i[0][0][0]   | C_o[1][0][2]   |     4.986 | SLOW    |     2.483 | FAST    |
B_i[0][0][0]   | C_o[1][0][3]   |     5.143 | SLOW    |     2.381 | FAST    |
B_i[0][0][0]   | C_o[1][0][4]   |     5.281 | SLOW    |     2.384 | FAST    |
B_i[0][0][0]   | C_o[1][0][5]   |     5.463 | SLOW    |     2.489 | FAST    |
B_i[0][0][0]   | C_o[1][0][6]   |     5.909 | SLOW    |     2.463 | FAST    |
B_i[0][0][0]   | C_o[2][0][0]   |     4.585 | SLOW    |     2.381 | FAST    |
B_i[0][0][0]   | C_o[2][0][1]   |     4.861 | SLOW    |     2.385 | FAST    |
B_i[0][0][0]   | C_o[2][0][2]   |     4.986 | SLOW    |     2.483 | FAST    |
B_i[0][0][0]   | C_o[2][0][3]   |     5.143 | SLOW    |     2.381 | FAST    |
B_i[0][0][0]   | C_o[2][0][4]   |     5.281 | SLOW    |     2.384 | FAST    |
B_i[0][0][0]   | C_o[2][0][5]   |     5.463 | SLOW    |     2.489 | FAST    |
B_i[0][0][0]   | C_o[2][0][6]   |     5.909 | SLOW    |     2.463 | FAST    |
B_i[0][0][0]   | C_o[3][0][0]   |     4.585 | SLOW    |     2.381 | FAST    |
B_i[0][0][0]   | C_o[3][0][1]   |     4.861 | SLOW    |     2.385 | FAST    |
B_i[0][0][0]   | C_o[3][0][2]   |     4.986 | SLOW    |     2.483 | FAST    |
B_i[0][0][0]   | C_o[3][0][3]   |     5.143 | SLOW    |     2.381 | FAST    |
B_i[0][0][0]   | C_o[3][0][4]   |     5.281 | SLOW    |     2.384 | FAST    |
B_i[0][0][0]   | C_o[3][0][5]   |     5.463 | SLOW    |     2.489 | FAST    |
B_i[0][0][0]   | C_o[3][0][6]   |     5.909 | SLOW    |     2.463 | FAST    |
B_i[0][0][1]   | C_o[0][0][1]   |     4.778 | SLOW    |     2.492 | FAST    |
B_i[0][0][1]   | C_o[0][0][2]   |     5.080 | SLOW    |     2.442 | FAST    |
B_i[0][0][1]   | C_o[0][0][3]   |     5.237 | SLOW    |     2.426 | FAST    |
B_i[0][0][1]   | C_o[0][0][4]   |     5.375 | SLOW    |     2.457 | FAST    |
B_i[0][0][1]   | C_o[0][0][5]   |     5.465 | SLOW    |     2.559 | FAST    |
B_i[0][0][1]   | C_o[0][0][6]   |     5.911 | SLOW    |     2.474 | FAST    |
B_i[0][0][1]   | C_o[1][0][1]   |     4.778 | SLOW    |     2.492 | FAST    |
B_i[0][0][1]   | C_o[1][0][2]   |     5.080 | SLOW    |     2.442 | FAST    |
B_i[0][0][1]   | C_o[1][0][3]   |     5.237 | SLOW    |     2.426 | FAST    |
B_i[0][0][1]   | C_o[1][0][4]   |     5.375 | SLOW    |     2.457 | FAST    |
B_i[0][0][1]   | C_o[1][0][5]   |     5.465 | SLOW    |     2.559 | FAST    |
B_i[0][0][1]   | C_o[1][0][6]   |     5.911 | SLOW    |     2.474 | FAST    |
B_i[0][0][1]   | C_o[2][0][1]   |     4.778 | SLOW    |     2.492 | FAST    |
B_i[0][0][1]   | C_o[2][0][2]   |     5.080 | SLOW    |     2.442 | FAST    |
B_i[0][0][1]   | C_o[2][0][3]   |     5.237 | SLOW    |     2.426 | FAST    |
B_i[0][0][1]   | C_o[2][0][4]   |     5.375 | SLOW    |     2.457 | FAST    |
B_i[0][0][1]   | C_o[2][0][5]   |     5.465 | SLOW    |     2.559 | FAST    |
B_i[0][0][1]   | C_o[2][0][6]   |     5.911 | SLOW    |     2.474 | FAST    |
B_i[0][0][1]   | C_o[3][0][1]   |     4.778 | SLOW    |     2.492 | FAST    |
B_i[0][0][1]   | C_o[3][0][2]   |     5.080 | SLOW    |     2.442 | FAST    |
B_i[0][0][1]   | C_o[3][0][3]   |     5.237 | SLOW    |     2.426 | FAST    |
B_i[0][0][1]   | C_o[3][0][4]   |     5.375 | SLOW    |     2.457 | FAST    |
B_i[0][0][1]   | C_o[3][0][5]   |     5.465 | SLOW    |     2.559 | FAST    |
B_i[0][0][1]   | C_o[3][0][6]   |     5.911 | SLOW    |     2.474 | FAST    |
B_i[0][0][2]   | C_o[0][0][2]   |     5.079 | SLOW    |     2.662 | FAST    |
B_i[0][0][2]   | C_o[0][0][3]   |     5.236 | SLOW    |     2.553 | FAST    |
B_i[0][0][2]   | C_o[0][0][4]   |     5.374 | SLOW    |     2.486 | FAST    |
B_i[0][0][2]   | C_o[0][0][5]   |     5.461 | SLOW    |     2.582 | FAST    |
B_i[0][0][2]   | C_o[0][0][6]   |     5.900 | SLOW    |     2.473 | FAST    |
B_i[0][0][2]   | C_o[1][0][2]   |     5.079 | SLOW    |     2.662 | FAST    |
B_i[0][0][2]   | C_o[1][0][3]   |     5.236 | SLOW    |     2.553 | FAST    |
B_i[0][0][2]   | C_o[1][0][4]   |     5.374 | SLOW    |     2.486 | FAST    |
B_i[0][0][2]   | C_o[1][0][5]   |     5.461 | SLOW    |     2.582 | FAST    |
B_i[0][0][2]   | C_o[1][0][6]   |     5.900 | SLOW    |     2.473 | FAST    |
B_i[0][0][2]   | C_o[2][0][2]   |     5.079 | SLOW    |     2.662 | FAST    |
B_i[0][0][2]   | C_o[2][0][3]   |     5.236 | SLOW    |     2.553 | FAST    |
B_i[0][0][2]   | C_o[2][0][4]   |     5.374 | SLOW    |     2.486 | FAST    |
B_i[0][0][2]   | C_o[2][0][5]   |     5.461 | SLOW    |     2.582 | FAST    |
B_i[0][0][2]   | C_o[2][0][6]   |     5.900 | SLOW    |     2.473 | FAST    |
B_i[0][0][2]   | C_o[3][0][2]   |     5.079 | SLOW    |     2.662 | FAST    |
B_i[0][0][2]   | C_o[3][0][3]   |     5.236 | SLOW    |     2.553 | FAST    |
B_i[0][0][2]   | C_o[3][0][4]   |     5.374 | SLOW    |     2.486 | FAST    |
B_i[0][0][2]   | C_o[3][0][5]   |     5.461 | SLOW    |     2.582 | FAST    |
B_i[0][0][2]   | C_o[3][0][6]   |     5.900 | SLOW    |     2.473 | FAST    |
B_i[0][0][3]   | C_o[0][0][3]   |     5.143 | SLOW    |     2.688 | FAST    |
B_i[0][0][3]   | C_o[0][0][4]   |     5.333 | SLOW    |     2.532 | FAST    |
B_i[0][0][3]   | C_o[0][0][5]   |     5.446 | SLOW    |     2.575 | FAST    |
B_i[0][0][3]   | C_o[0][0][6]   |     5.892 | SLOW    |     2.477 | FAST    |
B_i[0][0][3]   | C_o[1][0][3]   |     5.143 | SLOW    |     2.688 | FAST    |
B_i[0][0][3]   | C_o[1][0][4]   |     5.333 | SLOW    |     2.532 | FAST    |
B_i[0][0][3]   | C_o[1][0][5]   |     5.446 | SLOW    |     2.575 | FAST    |
B_i[0][0][3]   | C_o[1][0][6]   |     5.892 | SLOW    |     2.477 | FAST    |
B_i[0][0][3]   | C_o[2][0][3]   |     5.143 | SLOW    |     2.688 | FAST    |
B_i[0][0][3]   | C_o[2][0][4]   |     5.333 | SLOW    |     2.532 | FAST    |
B_i[0][0][3]   | C_o[2][0][5]   |     5.446 | SLOW    |     2.575 | FAST    |
B_i[0][0][3]   | C_o[2][0][6]   |     5.892 | SLOW    |     2.477 | FAST    |
B_i[0][0][3]   | C_o[3][0][3]   |     5.143 | SLOW    |     2.688 | FAST    |
B_i[0][0][3]   | C_o[3][0][4]   |     5.333 | SLOW    |     2.532 | FAST    |
B_i[0][0][3]   | C_o[3][0][5]   |     5.446 | SLOW    |     2.575 | FAST    |
B_i[0][0][3]   | C_o[3][0][6]   |     5.892 | SLOW    |     2.477 | FAST    |
B_i[0][0][4]   | C_o[0][0][4]   |     5.147 | SLOW    |     2.688 | FAST    |
B_i[0][0][4]   | C_o[0][0][5]   |     5.443 | SLOW    |     2.574 | FAST    |
B_i[0][0][4]   | C_o[0][0][6]   |     5.889 | SLOW    |     2.465 | FAST    |
B_i[0][0][4]   | C_o[1][0][4]   |     5.147 | SLOW    |     2.688 | FAST    |
B_i[0][0][4]   | C_o[1][0][5]   |     5.443 | SLOW    |     2.574 | FAST    |
B_i[0][0][4]   | C_o[1][0][6]   |     5.889 | SLOW    |     2.465 | FAST    |
B_i[0][0][4]   | C_o[2][0][4]   |     5.147 | SLOW    |     2.688 | FAST    |
B_i[0][0][4]   | C_o[2][0][5]   |     5.443 | SLOW    |     2.574 | FAST    |
B_i[0][0][4]   | C_o[2][0][6]   |     5.889 | SLOW    |     2.465 | FAST    |
B_i[0][0][4]   | C_o[3][0][4]   |     5.147 | SLOW    |     2.688 | FAST    |
B_i[0][0][4]   | C_o[3][0][5]   |     5.443 | SLOW    |     2.574 | FAST    |
B_i[0][0][4]   | C_o[3][0][6]   |     5.889 | SLOW    |     2.465 | FAST    |
B_i[0][0][5]   | C_o[0][0][5]   |     5.427 | SLOW    |     2.856 | FAST    |
B_i[0][0][5]   | C_o[0][0][6]   |     5.873 | SLOW    |     2.747 | FAST    |
B_i[0][0][5]   | C_o[1][0][5]   |     5.427 | SLOW    |     2.856 | FAST    |
B_i[0][0][5]   | C_o[1][0][6]   |     5.873 | SLOW    |     2.747 | FAST    |
B_i[0][0][5]   | C_o[2][0][5]   |     5.427 | SLOW    |     2.856 | FAST    |
B_i[0][0][5]   | C_o[2][0][6]   |     5.873 | SLOW    |     2.747 | FAST    |
B_i[0][0][5]   | C_o[3][0][5]   |     5.427 | SLOW    |     2.856 | FAST    |
B_i[0][0][5]   | C_o[3][0][6]   |     5.873 | SLOW    |     2.747 | FAST    |
B_i[0][0][6]   | C_o[0][0][6]   |     5.485 | SLOW    |     2.883 | FAST    |
B_i[0][0][6]   | C_o[1][0][6]   |     5.485 | SLOW    |     2.883 | FAST    |
B_i[0][0][6]   | C_o[2][0][6]   |     5.485 | SLOW    |     2.883 | FAST    |
B_i[0][0][6]   | C_o[3][0][6]   |     5.485 | SLOW    |     2.883 | FAST    |
B_i[0][1][0]   | C_o[0][1][0]   |     4.585 | SLOW    |     2.381 | FAST    |
B_i[0][1][0]   | C_o[0][1][1]   |     4.861 | SLOW    |     2.385 | FAST    |
B_i[0][1][0]   | C_o[0][1][2]   |     4.986 | SLOW    |     2.483 | FAST    |
B_i[0][1][0]   | C_o[0][1][3]   |     5.143 | SLOW    |     2.381 | FAST    |
B_i[0][1][0]   | C_o[0][1][4]   |     5.281 | SLOW    |     2.384 | FAST    |
B_i[0][1][0]   | C_o[0][1][5]   |     5.463 | SLOW    |     2.489 | FAST    |
B_i[0][1][0]   | C_o[0][1][6]   |     5.909 | SLOW    |     2.463 | FAST    |
B_i[0][1][0]   | C_o[1][1][0]   |     4.585 | SLOW    |     2.381 | FAST    |
B_i[0][1][0]   | C_o[1][1][1]   |     4.861 | SLOW    |     2.385 | FAST    |
B_i[0][1][0]   | C_o[1][1][2]   |     4.986 | SLOW    |     2.483 | FAST    |
B_i[0][1][0]   | C_o[1][1][3]   |     5.143 | SLOW    |     2.381 | FAST    |
B_i[0][1][0]   | C_o[1][1][4]   |     5.281 | SLOW    |     2.384 | FAST    |
B_i[0][1][0]   | C_o[1][1][5]   |     5.463 | SLOW    |     2.489 | FAST    |
B_i[0][1][0]   | C_o[1][1][6]   |     5.909 | SLOW    |     2.463 | FAST    |
B_i[0][1][0]   | C_o[2][1][0]   |     4.585 | SLOW    |     2.381 | FAST    |
B_i[0][1][0]   | C_o[2][1][1]   |     4.861 | SLOW    |     2.385 | FAST    |
B_i[0][1][0]   | C_o[2][1][2]   |     4.986 | SLOW    |     2.483 | FAST    |
B_i[0][1][0]   | C_o[2][1][3]   |     5.143 | SLOW    |     2.381 | FAST    |
B_i[0][1][0]   | C_o[2][1][4]   |     5.281 | SLOW    |     2.384 | FAST    |
B_i[0][1][0]   | C_o[2][1][5]   |     5.463 | SLOW    |     2.489 | FAST    |
B_i[0][1][0]   | C_o[2][1][6]   |     5.909 | SLOW    |     2.463 | FAST    |
B_i[0][1][0]   | C_o[3][1][0]   |     4.585 | SLOW    |     2.381 | FAST    |
B_i[0][1][0]   | C_o[3][1][1]   |     4.861 | SLOW    |     2.385 | FAST    |
B_i[0][1][0]   | C_o[3][1][2]   |     4.986 | SLOW    |     2.483 | FAST    |
B_i[0][1][0]   | C_o[3][1][3]   |     5.143 | SLOW    |     2.381 | FAST    |
B_i[0][1][0]   | C_o[3][1][4]   |     5.281 | SLOW    |     2.384 | FAST    |
B_i[0][1][0]   | C_o[3][1][5]   |     5.463 | SLOW    |     2.489 | FAST    |
B_i[0][1][0]   | C_o[3][1][6]   |     5.909 | SLOW    |     2.463 | FAST    |
B_i[0][1][1]   | C_o[0][1][1]   |     4.778 | SLOW    |     2.492 | FAST    |
B_i[0][1][1]   | C_o[0][1][2]   |     5.080 | SLOW    |     2.442 | FAST    |
B_i[0][1][1]   | C_o[0][1][3]   |     5.237 | SLOW    |     2.426 | FAST    |
B_i[0][1][1]   | C_o[0][1][4]   |     5.375 | SLOW    |     2.457 | FAST    |
B_i[0][1][1]   | C_o[0][1][5]   |     5.465 | SLOW    |     2.559 | FAST    |
B_i[0][1][1]   | C_o[0][1][6]   |     5.911 | SLOW    |     2.474 | FAST    |
B_i[0][1][1]   | C_o[1][1][1]   |     4.778 | SLOW    |     2.492 | FAST    |
B_i[0][1][1]   | C_o[1][1][2]   |     5.080 | SLOW    |     2.442 | FAST    |
B_i[0][1][1]   | C_o[1][1][3]   |     5.237 | SLOW    |     2.426 | FAST    |
B_i[0][1][1]   | C_o[1][1][4]   |     5.375 | SLOW    |     2.457 | FAST    |
B_i[0][1][1]   | C_o[1][1][5]   |     5.465 | SLOW    |     2.559 | FAST    |
B_i[0][1][1]   | C_o[1][1][6]   |     5.911 | SLOW    |     2.474 | FAST    |
B_i[0][1][1]   | C_o[2][1][1]   |     4.778 | SLOW    |     2.492 | FAST    |
B_i[0][1][1]   | C_o[2][1][2]   |     5.080 | SLOW    |     2.442 | FAST    |
B_i[0][1][1]   | C_o[2][1][3]   |     5.237 | SLOW    |     2.426 | FAST    |
B_i[0][1][1]   | C_o[2][1][4]   |     5.375 | SLOW    |     2.457 | FAST    |
B_i[0][1][1]   | C_o[2][1][5]   |     5.465 | SLOW    |     2.559 | FAST    |
B_i[0][1][1]   | C_o[2][1][6]   |     5.911 | SLOW    |     2.474 | FAST    |
B_i[0][1][1]   | C_o[3][1][1]   |     4.778 | SLOW    |     2.492 | FAST    |
B_i[0][1][1]   | C_o[3][1][2]   |     5.080 | SLOW    |     2.442 | FAST    |
B_i[0][1][1]   | C_o[3][1][3]   |     5.237 | SLOW    |     2.426 | FAST    |
B_i[0][1][1]   | C_o[3][1][4]   |     5.375 | SLOW    |     2.457 | FAST    |
B_i[0][1][1]   | C_o[3][1][5]   |     5.465 | SLOW    |     2.559 | FAST    |
B_i[0][1][1]   | C_o[3][1][6]   |     5.911 | SLOW    |     2.474 | FAST    |
B_i[0][1][2]   | C_o[0][1][2]   |     5.079 | SLOW    |     2.662 | FAST    |
B_i[0][1][2]   | C_o[0][1][3]   |     5.236 | SLOW    |     2.553 | FAST    |
B_i[0][1][2]   | C_o[0][1][4]   |     5.374 | SLOW    |     2.486 | FAST    |
B_i[0][1][2]   | C_o[0][1][5]   |     5.461 | SLOW    |     2.582 | FAST    |
B_i[0][1][2]   | C_o[0][1][6]   |     5.900 | SLOW    |     2.473 | FAST    |
B_i[0][1][2]   | C_o[1][1][2]   |     5.079 | SLOW    |     2.662 | FAST    |
B_i[0][1][2]   | C_o[1][1][3]   |     5.236 | SLOW    |     2.553 | FAST    |
B_i[0][1][2]   | C_o[1][1][4]   |     5.374 | SLOW    |     2.486 | FAST    |
B_i[0][1][2]   | C_o[1][1][5]   |     5.461 | SLOW    |     2.582 | FAST    |
B_i[0][1][2]   | C_o[1][1][6]   |     5.900 | SLOW    |     2.473 | FAST    |
B_i[0][1][2]   | C_o[2][1][2]   |     5.079 | SLOW    |     2.662 | FAST    |
B_i[0][1][2]   | C_o[2][1][3]   |     5.236 | SLOW    |     2.553 | FAST    |
B_i[0][1][2]   | C_o[2][1][4]   |     5.374 | SLOW    |     2.486 | FAST    |
B_i[0][1][2]   | C_o[2][1][5]   |     5.461 | SLOW    |     2.582 | FAST    |
B_i[0][1][2]   | C_o[2][1][6]   |     5.900 | SLOW    |     2.473 | FAST    |
B_i[0][1][2]   | C_o[3][1][2]   |     5.079 | SLOW    |     2.662 | FAST    |
B_i[0][1][2]   | C_o[3][1][3]   |     5.236 | SLOW    |     2.553 | FAST    |
B_i[0][1][2]   | C_o[3][1][4]   |     5.374 | SLOW    |     2.486 | FAST    |
B_i[0][1][2]   | C_o[3][1][5]   |     5.461 | SLOW    |     2.582 | FAST    |
B_i[0][1][2]   | C_o[3][1][6]   |     5.900 | SLOW    |     2.473 | FAST    |
B_i[0][1][3]   | C_o[0][1][3]   |     5.143 | SLOW    |     2.688 | FAST    |
B_i[0][1][3]   | C_o[0][1][4]   |     5.333 | SLOW    |     2.532 | FAST    |
B_i[0][1][3]   | C_o[0][1][5]   |     5.446 | SLOW    |     2.575 | FAST    |
B_i[0][1][3]   | C_o[0][1][6]   |     5.892 | SLOW    |     2.477 | FAST    |
B_i[0][1][3]   | C_o[1][1][3]   |     5.143 | SLOW    |     2.688 | FAST    |
B_i[0][1][3]   | C_o[1][1][4]   |     5.333 | SLOW    |     2.532 | FAST    |
B_i[0][1][3]   | C_o[1][1][5]   |     5.446 | SLOW    |     2.575 | FAST    |
B_i[0][1][3]   | C_o[1][1][6]   |     5.892 | SLOW    |     2.477 | FAST    |
B_i[0][1][3]   | C_o[2][1][3]   |     5.143 | SLOW    |     2.688 | FAST    |
B_i[0][1][3]   | C_o[2][1][4]   |     5.333 | SLOW    |     2.532 | FAST    |
B_i[0][1][3]   | C_o[2][1][5]   |     5.446 | SLOW    |     2.575 | FAST    |
B_i[0][1][3]   | C_o[2][1][6]   |     5.892 | SLOW    |     2.477 | FAST    |
B_i[0][1][3]   | C_o[3][1][3]   |     5.143 | SLOW    |     2.688 | FAST    |
B_i[0][1][3]   | C_o[3][1][4]   |     5.333 | SLOW    |     2.532 | FAST    |
B_i[0][1][3]   | C_o[3][1][5]   |     5.446 | SLOW    |     2.575 | FAST    |
B_i[0][1][3]   | C_o[3][1][6]   |     5.892 | SLOW    |     2.477 | FAST    |
B_i[0][1][4]   | C_o[0][1][4]   |     5.147 | SLOW    |     2.688 | FAST    |
B_i[0][1][4]   | C_o[0][1][5]   |     5.443 | SLOW    |     2.574 | FAST    |
B_i[0][1][4]   | C_o[0][1][6]   |     5.889 | SLOW    |     2.465 | FAST    |
B_i[0][1][4]   | C_o[1][1][4]   |     5.147 | SLOW    |     2.688 | FAST    |
B_i[0][1][4]   | C_o[1][1][5]   |     5.443 | SLOW    |     2.574 | FAST    |
B_i[0][1][4]   | C_o[1][1][6]   |     5.889 | SLOW    |     2.465 | FAST    |
B_i[0][1][4]   | C_o[2][1][4]   |     5.147 | SLOW    |     2.688 | FAST    |
B_i[0][1][4]   | C_o[2][1][5]   |     5.443 | SLOW    |     2.574 | FAST    |
B_i[0][1][4]   | C_o[2][1][6]   |     5.889 | SLOW    |     2.465 | FAST    |
B_i[0][1][4]   | C_o[3][1][4]   |     5.147 | SLOW    |     2.688 | FAST    |
B_i[0][1][4]   | C_o[3][1][5]   |     5.443 | SLOW    |     2.574 | FAST    |
B_i[0][1][4]   | C_o[3][1][6]   |     5.889 | SLOW    |     2.465 | FAST    |
B_i[0][1][5]   | C_o[0][1][5]   |     5.427 | SLOW    |     2.856 | FAST    |
B_i[0][1][5]   | C_o[0][1][6]   |     5.873 | SLOW    |     2.747 | FAST    |
B_i[0][1][5]   | C_o[1][1][5]   |     5.427 | SLOW    |     2.856 | FAST    |
B_i[0][1][5]   | C_o[1][1][6]   |     5.873 | SLOW    |     2.747 | FAST    |
B_i[0][1][5]   | C_o[2][1][5]   |     5.427 | SLOW    |     2.856 | FAST    |
B_i[0][1][5]   | C_o[2][1][6]   |     5.873 | SLOW    |     2.747 | FAST    |
B_i[0][1][5]   | C_o[3][1][5]   |     5.427 | SLOW    |     2.856 | FAST    |
B_i[0][1][5]   | C_o[3][1][6]   |     5.873 | SLOW    |     2.747 | FAST    |
B_i[0][1][6]   | C_o[0][1][6]   |     5.485 | SLOW    |     2.883 | FAST    |
B_i[0][1][6]   | C_o[1][1][6]   |     5.485 | SLOW    |     2.883 | FAST    |
B_i[0][1][6]   | C_o[2][1][6]   |     5.485 | SLOW    |     2.883 | FAST    |
B_i[0][1][6]   | C_o[3][1][6]   |     5.485 | SLOW    |     2.883 | FAST    |
B_i[0][2][0]   | C_o[0][2][0]   |     4.585 | SLOW    |     2.381 | FAST    |
B_i[0][2][0]   | C_o[0][2][1]   |     4.861 | SLOW    |     2.385 | FAST    |
B_i[0][2][0]   | C_o[0][2][2]   |     4.986 | SLOW    |     2.483 | FAST    |
B_i[0][2][0]   | C_o[0][2][3]   |     5.143 | SLOW    |     2.381 | FAST    |
B_i[0][2][0]   | C_o[0][2][4]   |     5.281 | SLOW    |     2.384 | FAST    |
B_i[0][2][0]   | C_o[0][2][5]   |     5.463 | SLOW    |     2.489 | FAST    |
B_i[0][2][0]   | C_o[0][2][6]   |     5.909 | SLOW    |     2.463 | FAST    |
B_i[0][2][0]   | C_o[1][2][0]   |     4.585 | SLOW    |     2.381 | FAST    |
B_i[0][2][0]   | C_o[1][2][1]   |     4.861 | SLOW    |     2.385 | FAST    |
B_i[0][2][0]   | C_o[1][2][2]   |     4.986 | SLOW    |     2.483 | FAST    |
B_i[0][2][0]   | C_o[1][2][3]   |     5.143 | SLOW    |     2.381 | FAST    |
B_i[0][2][0]   | C_o[1][2][4]   |     5.281 | SLOW    |     2.384 | FAST    |
B_i[0][2][0]   | C_o[1][2][5]   |     5.463 | SLOW    |     2.489 | FAST    |
B_i[0][2][0]   | C_o[1][2][6]   |     5.909 | SLOW    |     2.463 | FAST    |
B_i[0][2][0]   | C_o[2][2][0]   |     4.585 | SLOW    |     2.381 | FAST    |
B_i[0][2][0]   | C_o[2][2][1]   |     4.861 | SLOW    |     2.385 | FAST    |
B_i[0][2][0]   | C_o[2][2][2]   |     4.986 | SLOW    |     2.483 | FAST    |
B_i[0][2][0]   | C_o[2][2][3]   |     5.143 | SLOW    |     2.381 | FAST    |
B_i[0][2][0]   | C_o[2][2][4]   |     5.281 | SLOW    |     2.384 | FAST    |
B_i[0][2][0]   | C_o[2][2][5]   |     5.463 | SLOW    |     2.489 | FAST    |
B_i[0][2][0]   | C_o[2][2][6]   |     5.909 | SLOW    |     2.463 | FAST    |
B_i[0][2][0]   | C_o[3][2][0]   |     4.585 | SLOW    |     2.381 | FAST    |
B_i[0][2][0]   | C_o[3][2][1]   |     4.861 | SLOW    |     2.385 | FAST    |
B_i[0][2][0]   | C_o[3][2][2]   |     4.986 | SLOW    |     2.483 | FAST    |
B_i[0][2][0]   | C_o[3][2][3]   |     5.143 | SLOW    |     2.381 | FAST    |
B_i[0][2][0]   | C_o[3][2][4]   |     5.281 | SLOW    |     2.384 | FAST    |
B_i[0][2][0]   | C_o[3][2][5]   |     5.463 | SLOW    |     2.489 | FAST    |
B_i[0][2][0]   | C_o[3][2][6]   |     5.909 | SLOW    |     2.463 | FAST    |
B_i[0][2][1]   | C_o[0][2][1]   |     4.778 | SLOW    |     2.492 | FAST    |
B_i[0][2][1]   | C_o[0][2][2]   |     5.080 | SLOW    |     2.442 | FAST    |
B_i[0][2][1]   | C_o[0][2][3]   |     5.237 | SLOW    |     2.426 | FAST    |
B_i[0][2][1]   | C_o[0][2][4]   |     5.375 | SLOW    |     2.457 | FAST    |
B_i[0][2][1]   | C_o[0][2][5]   |     5.465 | SLOW    |     2.559 | FAST    |
B_i[0][2][1]   | C_o[0][2][6]   |     5.911 | SLOW    |     2.474 | FAST    |
B_i[0][2][1]   | C_o[1][2][1]   |     4.778 | SLOW    |     2.492 | FAST    |
B_i[0][2][1]   | C_o[1][2][2]   |     5.080 | SLOW    |     2.442 | FAST    |
B_i[0][2][1]   | C_o[1][2][3]   |     5.237 | SLOW    |     2.426 | FAST    |
B_i[0][2][1]   | C_o[1][2][4]   |     5.375 | SLOW    |     2.457 | FAST    |
B_i[0][2][1]   | C_o[1][2][5]   |     5.465 | SLOW    |     2.559 | FAST    |
B_i[0][2][1]   | C_o[1][2][6]   |     5.911 | SLOW    |     2.474 | FAST    |
B_i[0][2][1]   | C_o[2][2][1]   |     4.778 | SLOW    |     2.492 | FAST    |
B_i[0][2][1]   | C_o[2][2][2]   |     5.080 | SLOW    |     2.442 | FAST    |
B_i[0][2][1]   | C_o[2][2][3]   |     5.237 | SLOW    |     2.426 | FAST    |
B_i[0][2][1]   | C_o[2][2][4]   |     5.375 | SLOW    |     2.457 | FAST    |
B_i[0][2][1]   | C_o[2][2][5]   |     5.465 | SLOW    |     2.559 | FAST    |
B_i[0][2][1]   | C_o[2][2][6]   |     5.911 | SLOW    |     2.474 | FAST    |
B_i[0][2][1]   | C_o[3][2][1]   |     4.778 | SLOW    |     2.492 | FAST    |
B_i[0][2][1]   | C_o[3][2][2]   |     5.080 | SLOW    |     2.442 | FAST    |
B_i[0][2][1]   | C_o[3][2][3]   |     5.237 | SLOW    |     2.426 | FAST    |
B_i[0][2][1]   | C_o[3][2][4]   |     5.375 | SLOW    |     2.457 | FAST    |
B_i[0][2][1]   | C_o[3][2][5]   |     5.465 | SLOW    |     2.559 | FAST    |
B_i[0][2][1]   | C_o[3][2][6]   |     5.911 | SLOW    |     2.474 | FAST    |
B_i[0][2][2]   | C_o[0][2][2]   |     5.079 | SLOW    |     2.662 | FAST    |
B_i[0][2][2]   | C_o[0][2][3]   |     5.236 | SLOW    |     2.553 | FAST    |
B_i[0][2][2]   | C_o[0][2][4]   |     5.374 | SLOW    |     2.486 | FAST    |
B_i[0][2][2]   | C_o[0][2][5]   |     5.461 | SLOW    |     2.582 | FAST    |
B_i[0][2][2]   | C_o[0][2][6]   |     5.900 | SLOW    |     2.473 | FAST    |
B_i[0][2][2]   | C_o[1][2][2]   |     5.079 | SLOW    |     2.662 | FAST    |
B_i[0][2][2]   | C_o[1][2][3]   |     5.236 | SLOW    |     2.553 | FAST    |
B_i[0][2][2]   | C_o[1][2][4]   |     5.374 | SLOW    |     2.486 | FAST    |
B_i[0][2][2]   | C_o[1][2][5]   |     5.461 | SLOW    |     2.582 | FAST    |
B_i[0][2][2]   | C_o[1][2][6]   |     5.900 | SLOW    |     2.473 | FAST    |
B_i[0][2][2]   | C_o[2][2][2]   |     5.079 | SLOW    |     2.662 | FAST    |
B_i[0][2][2]   | C_o[2][2][3]   |     5.236 | SLOW    |     2.553 | FAST    |
B_i[0][2][2]   | C_o[2][2][4]   |     5.374 | SLOW    |     2.486 | FAST    |
B_i[0][2][2]   | C_o[2][2][5]   |     5.461 | SLOW    |     2.582 | FAST    |
B_i[0][2][2]   | C_o[2][2][6]   |     5.900 | SLOW    |     2.473 | FAST    |
B_i[0][2][2]   | C_o[3][2][2]   |     5.079 | SLOW    |     2.662 | FAST    |
B_i[0][2][2]   | C_o[3][2][3]   |     5.236 | SLOW    |     2.553 | FAST    |
B_i[0][2][2]   | C_o[3][2][4]   |     5.374 | SLOW    |     2.486 | FAST    |
B_i[0][2][2]   | C_o[3][2][5]   |     5.461 | SLOW    |     2.582 | FAST    |
B_i[0][2][2]   | C_o[3][2][6]   |     5.900 | SLOW    |     2.473 | FAST    |
B_i[0][2][3]   | C_o[0][2][3]   |     5.143 | SLOW    |     2.688 | FAST    |
B_i[0][2][3]   | C_o[0][2][4]   |     5.333 | SLOW    |     2.532 | FAST    |
B_i[0][2][3]   | C_o[0][2][5]   |     5.446 | SLOW    |     2.575 | FAST    |
B_i[0][2][3]   | C_o[0][2][6]   |     5.892 | SLOW    |     2.477 | FAST    |
B_i[0][2][3]   | C_o[1][2][3]   |     5.143 | SLOW    |     2.688 | FAST    |
B_i[0][2][3]   | C_o[1][2][4]   |     5.333 | SLOW    |     2.532 | FAST    |
B_i[0][2][3]   | C_o[1][2][5]   |     5.446 | SLOW    |     2.575 | FAST    |
B_i[0][2][3]   | C_o[1][2][6]   |     5.892 | SLOW    |     2.477 | FAST    |
B_i[0][2][3]   | C_o[2][2][3]   |     5.143 | SLOW    |     2.688 | FAST    |
B_i[0][2][3]   | C_o[2][2][4]   |     5.333 | SLOW    |     2.532 | FAST    |
B_i[0][2][3]   | C_o[2][2][5]   |     5.446 | SLOW    |     2.575 | FAST    |
B_i[0][2][3]   | C_o[2][2][6]   |     5.892 | SLOW    |     2.477 | FAST    |
B_i[0][2][3]   | C_o[3][2][3]   |     5.143 | SLOW    |     2.688 | FAST    |
B_i[0][2][3]   | C_o[3][2][4]   |     5.333 | SLOW    |     2.532 | FAST    |
B_i[0][2][3]   | C_o[3][2][5]   |     5.446 | SLOW    |     2.575 | FAST    |
B_i[0][2][3]   | C_o[3][2][6]   |     5.892 | SLOW    |     2.477 | FAST    |
B_i[0][2][4]   | C_o[0][2][4]   |     5.147 | SLOW    |     2.688 | FAST    |
B_i[0][2][4]   | C_o[0][2][5]   |     5.443 | SLOW    |     2.574 | FAST    |
B_i[0][2][4]   | C_o[0][2][6]   |     5.889 | SLOW    |     2.465 | FAST    |
B_i[0][2][4]   | C_o[1][2][4]   |     5.147 | SLOW    |     2.688 | FAST    |
B_i[0][2][4]   | C_o[1][2][5]   |     5.443 | SLOW    |     2.574 | FAST    |
B_i[0][2][4]   | C_o[1][2][6]   |     5.889 | SLOW    |     2.465 | FAST    |
B_i[0][2][4]   | C_o[2][2][4]   |     5.147 | SLOW    |     2.688 | FAST    |
B_i[0][2][4]   | C_o[2][2][5]   |     5.443 | SLOW    |     2.574 | FAST    |
B_i[0][2][4]   | C_o[2][2][6]   |     5.889 | SLOW    |     2.465 | FAST    |
B_i[0][2][4]   | C_o[3][2][4]   |     5.147 | SLOW    |     2.688 | FAST    |
B_i[0][2][4]   | C_o[3][2][5]   |     5.443 | SLOW    |     2.574 | FAST    |
B_i[0][2][4]   | C_o[3][2][6]   |     5.889 | SLOW    |     2.465 | FAST    |
B_i[0][2][5]   | C_o[0][2][5]   |     5.427 | SLOW    |     2.856 | FAST    |
B_i[0][2][5]   | C_o[0][2][6]   |     5.873 | SLOW    |     2.747 | FAST    |
B_i[0][2][5]   | C_o[1][2][5]   |     5.427 | SLOW    |     2.856 | FAST    |
B_i[0][2][5]   | C_o[1][2][6]   |     5.873 | SLOW    |     2.747 | FAST    |
B_i[0][2][5]   | C_o[2][2][5]   |     5.427 | SLOW    |     2.856 | FAST    |
B_i[0][2][5]   | C_o[2][2][6]   |     5.873 | SLOW    |     2.747 | FAST    |
B_i[0][2][5]   | C_o[3][2][5]   |     5.427 | SLOW    |     2.856 | FAST    |
B_i[0][2][5]   | C_o[3][2][6]   |     5.873 | SLOW    |     2.747 | FAST    |
B_i[0][2][6]   | C_o[0][2][6]   |     5.485 | SLOW    |     2.883 | FAST    |
B_i[0][2][6]   | C_o[1][2][6]   |     5.485 | SLOW    |     2.883 | FAST    |
B_i[0][2][6]   | C_o[2][2][6]   |     5.485 | SLOW    |     2.883 | FAST    |
B_i[0][2][6]   | C_o[3][2][6]   |     5.485 | SLOW    |     2.883 | FAST    |
B_i[0][3][0]   | C_o[0][3][0]   |     4.585 | SLOW    |     2.381 | FAST    |
B_i[0][3][0]   | C_o[0][3][1]   |     4.861 | SLOW    |     2.385 | FAST    |
B_i[0][3][0]   | C_o[0][3][2]   |     4.986 | SLOW    |     2.483 | FAST    |
B_i[0][3][0]   | C_o[0][3][3]   |     5.143 | SLOW    |     2.381 | FAST    |
B_i[0][3][0]   | C_o[0][3][4]   |     5.281 | SLOW    |     2.384 | FAST    |
B_i[0][3][0]   | C_o[0][3][5]   |     5.463 | SLOW    |     2.489 | FAST    |
B_i[0][3][0]   | C_o[0][3][6]   |     5.909 | SLOW    |     2.463 | FAST    |
B_i[0][3][0]   | C_o[1][3][0]   |     4.585 | SLOW    |     2.381 | FAST    |
B_i[0][3][0]   | C_o[1][3][1]   |     4.861 | SLOW    |     2.385 | FAST    |
B_i[0][3][0]   | C_o[1][3][2]   |     4.986 | SLOW    |     2.483 | FAST    |
B_i[0][3][0]   | C_o[1][3][3]   |     5.143 | SLOW    |     2.381 | FAST    |
B_i[0][3][0]   | C_o[1][3][4]   |     5.281 | SLOW    |     2.384 | FAST    |
B_i[0][3][0]   | C_o[1][3][5]   |     5.463 | SLOW    |     2.489 | FAST    |
B_i[0][3][0]   | C_o[1][3][6]   |     5.909 | SLOW    |     2.463 | FAST    |
B_i[0][3][0]   | C_o[2][3][0]   |     4.585 | SLOW    |     2.381 | FAST    |
B_i[0][3][0]   | C_o[2][3][1]   |     4.861 | SLOW    |     2.385 | FAST    |
B_i[0][3][0]   | C_o[2][3][2]   |     4.986 | SLOW    |     2.483 | FAST    |
B_i[0][3][0]   | C_o[2][3][3]   |     5.143 | SLOW    |     2.381 | FAST    |
B_i[0][3][0]   | C_o[2][3][4]   |     5.281 | SLOW    |     2.384 | FAST    |
B_i[0][3][0]   | C_o[2][3][5]   |     5.463 | SLOW    |     2.489 | FAST    |
B_i[0][3][0]   | C_o[2][3][6]   |     5.909 | SLOW    |     2.463 | FAST    |
B_i[0][3][0]   | C_o[3][3][0]   |     4.585 | SLOW    |     2.381 | FAST    |
B_i[0][3][0]   | C_o[3][3][1]   |     4.861 | SLOW    |     2.385 | FAST    |
B_i[0][3][0]   | C_o[3][3][2]   |     4.986 | SLOW    |     2.483 | FAST    |
B_i[0][3][0]   | C_o[3][3][3]   |     5.143 | SLOW    |     2.381 | FAST    |
B_i[0][3][0]   | C_o[3][3][4]   |     5.281 | SLOW    |     2.384 | FAST    |
B_i[0][3][0]   | C_o[3][3][5]   |     5.463 | SLOW    |     2.489 | FAST    |
B_i[0][3][0]   | C_o[3][3][6]   |     5.909 | SLOW    |     2.463 | FAST    |
B_i[0][3][1]   | C_o[0][3][1]   |     4.778 | SLOW    |     2.492 | FAST    |
B_i[0][3][1]   | C_o[0][3][2]   |     5.080 | SLOW    |     2.442 | FAST    |
B_i[0][3][1]   | C_o[0][3][3]   |     5.237 | SLOW    |     2.426 | FAST    |
B_i[0][3][1]   | C_o[0][3][4]   |     5.375 | SLOW    |     2.457 | FAST    |
B_i[0][3][1]   | C_o[0][3][5]   |     5.465 | SLOW    |     2.559 | FAST    |
B_i[0][3][1]   | C_o[0][3][6]   |     5.911 | SLOW    |     2.474 | FAST    |
B_i[0][3][1]   | C_o[1][3][1]   |     4.778 | SLOW    |     2.492 | FAST    |
B_i[0][3][1]   | C_o[1][3][2]   |     5.080 | SLOW    |     2.442 | FAST    |
B_i[0][3][1]   | C_o[1][3][3]   |     5.237 | SLOW    |     2.426 | FAST    |
B_i[0][3][1]   | C_o[1][3][4]   |     5.375 | SLOW    |     2.457 | FAST    |
B_i[0][3][1]   | C_o[1][3][5]   |     5.465 | SLOW    |     2.559 | FAST    |
B_i[0][3][1]   | C_o[1][3][6]   |     5.911 | SLOW    |     2.474 | FAST    |
B_i[0][3][1]   | C_o[2][3][1]   |     4.778 | SLOW    |     2.492 | FAST    |
B_i[0][3][1]   | C_o[2][3][2]   |     5.080 | SLOW    |     2.442 | FAST    |
B_i[0][3][1]   | C_o[2][3][3]   |     5.237 | SLOW    |     2.426 | FAST    |
B_i[0][3][1]   | C_o[2][3][4]   |     5.375 | SLOW    |     2.457 | FAST    |
B_i[0][3][1]   | C_o[2][3][5]   |     5.465 | SLOW    |     2.559 | FAST    |
B_i[0][3][1]   | C_o[2][3][6]   |     5.911 | SLOW    |     2.474 | FAST    |
B_i[0][3][1]   | C_o[3][3][1]   |     4.778 | SLOW    |     2.492 | FAST    |
B_i[0][3][1]   | C_o[3][3][2]   |     5.080 | SLOW    |     2.442 | FAST    |
B_i[0][3][1]   | C_o[3][3][3]   |     5.237 | SLOW    |     2.426 | FAST    |
B_i[0][3][1]   | C_o[3][3][4]   |     5.375 | SLOW    |     2.457 | FAST    |
B_i[0][3][1]   | C_o[3][3][5]   |     5.465 | SLOW    |     2.559 | FAST    |
B_i[0][3][1]   | C_o[3][3][6]   |     5.911 | SLOW    |     2.474 | FAST    |
B_i[0][3][2]   | C_o[0][3][2]   |     5.079 | SLOW    |     2.662 | FAST    |
B_i[0][3][2]   | C_o[0][3][3]   |     5.236 | SLOW    |     2.553 | FAST    |
B_i[0][3][2]   | C_o[0][3][4]   |     5.374 | SLOW    |     2.486 | FAST    |
B_i[0][3][2]   | C_o[0][3][5]   |     5.461 | SLOW    |     2.582 | FAST    |
B_i[0][3][2]   | C_o[0][3][6]   |     5.900 | SLOW    |     2.473 | FAST    |
B_i[0][3][2]   | C_o[1][3][2]   |     5.079 | SLOW    |     2.662 | FAST    |
B_i[0][3][2]   | C_o[1][3][3]   |     5.236 | SLOW    |     2.553 | FAST    |
B_i[0][3][2]   | C_o[1][3][4]   |     5.374 | SLOW    |     2.486 | FAST    |
B_i[0][3][2]   | C_o[1][3][5]   |     5.461 | SLOW    |     2.582 | FAST    |
B_i[0][3][2]   | C_o[1][3][6]   |     5.900 | SLOW    |     2.473 | FAST    |
B_i[0][3][2]   | C_o[2][3][2]   |     5.079 | SLOW    |     2.662 | FAST    |
B_i[0][3][2]   | C_o[2][3][3]   |     5.236 | SLOW    |     2.553 | FAST    |
B_i[0][3][2]   | C_o[2][3][4]   |     5.374 | SLOW    |     2.486 | FAST    |
B_i[0][3][2]   | C_o[2][3][5]   |     5.461 | SLOW    |     2.582 | FAST    |
B_i[0][3][2]   | C_o[2][3][6]   |     5.900 | SLOW    |     2.473 | FAST    |
B_i[0][3][2]   | C_o[3][3][2]   |     5.079 | SLOW    |     2.662 | FAST    |
B_i[0][3][2]   | C_o[3][3][3]   |     5.236 | SLOW    |     2.553 | FAST    |
B_i[0][3][2]   | C_o[3][3][4]   |     5.374 | SLOW    |     2.486 | FAST    |
B_i[0][3][2]   | C_o[3][3][5]   |     5.461 | SLOW    |     2.582 | FAST    |
B_i[0][3][2]   | C_o[3][3][6]   |     5.900 | SLOW    |     2.473 | FAST    |
B_i[0][3][3]   | C_o[0][3][3]   |     5.143 | SLOW    |     2.688 | FAST    |
B_i[0][3][3]   | C_o[0][3][4]   |     5.333 | SLOW    |     2.532 | FAST    |
B_i[0][3][3]   | C_o[0][3][5]   |     5.446 | SLOW    |     2.575 | FAST    |
B_i[0][3][3]   | C_o[0][3][6]   |     5.892 | SLOW    |     2.477 | FAST    |
B_i[0][3][3]   | C_o[1][3][3]   |     5.143 | SLOW    |     2.688 | FAST    |
B_i[0][3][3]   | C_o[1][3][4]   |     5.333 | SLOW    |     2.532 | FAST    |
B_i[0][3][3]   | C_o[1][3][5]   |     5.446 | SLOW    |     2.575 | FAST    |
B_i[0][3][3]   | C_o[1][3][6]   |     5.892 | SLOW    |     2.477 | FAST    |
B_i[0][3][3]   | C_o[2][3][3]   |     5.143 | SLOW    |     2.688 | FAST    |
B_i[0][3][3]   | C_o[2][3][4]   |     5.333 | SLOW    |     2.532 | FAST    |
B_i[0][3][3]   | C_o[2][3][5]   |     5.446 | SLOW    |     2.575 | FAST    |
B_i[0][3][3]   | C_o[2][3][6]   |     5.892 | SLOW    |     2.477 | FAST    |
B_i[0][3][3]   | C_o[3][3][3]   |     5.143 | SLOW    |     2.688 | FAST    |
B_i[0][3][3]   | C_o[3][3][4]   |     5.333 | SLOW    |     2.532 | FAST    |
B_i[0][3][3]   | C_o[3][3][5]   |     5.446 | SLOW    |     2.575 | FAST    |
B_i[0][3][3]   | C_o[3][3][6]   |     5.892 | SLOW    |     2.477 | FAST    |
B_i[0][3][4]   | C_o[0][3][4]   |     5.147 | SLOW    |     2.688 | FAST    |
B_i[0][3][4]   | C_o[0][3][5]   |     5.443 | SLOW    |     2.574 | FAST    |
B_i[0][3][4]   | C_o[0][3][6]   |     5.889 | SLOW    |     2.465 | FAST    |
B_i[0][3][4]   | C_o[1][3][4]   |     5.147 | SLOW    |     2.688 | FAST    |
B_i[0][3][4]   | C_o[1][3][5]   |     5.443 | SLOW    |     2.574 | FAST    |
B_i[0][3][4]   | C_o[1][3][6]   |     5.889 | SLOW    |     2.465 | FAST    |
B_i[0][3][4]   | C_o[2][3][4]   |     5.147 | SLOW    |     2.688 | FAST    |
B_i[0][3][4]   | C_o[2][3][5]   |     5.443 | SLOW    |     2.574 | FAST    |
B_i[0][3][4]   | C_o[2][3][6]   |     5.889 | SLOW    |     2.465 | FAST    |
B_i[0][3][4]   | C_o[3][3][4]   |     5.147 | SLOW    |     2.688 | FAST    |
B_i[0][3][4]   | C_o[3][3][5]   |     5.443 | SLOW    |     2.574 | FAST    |
B_i[0][3][4]   | C_o[3][3][6]   |     5.889 | SLOW    |     2.465 | FAST    |
B_i[0][3][5]   | C_o[0][3][5]   |     5.427 | SLOW    |     2.856 | FAST    |
B_i[0][3][5]   | C_o[0][3][6]   |     5.873 | SLOW    |     2.747 | FAST    |
B_i[0][3][5]   | C_o[1][3][5]   |     5.427 | SLOW    |     2.856 | FAST    |
B_i[0][3][5]   | C_o[1][3][6]   |     5.873 | SLOW    |     2.747 | FAST    |
B_i[0][3][5]   | C_o[2][3][5]   |     5.427 | SLOW    |     2.856 | FAST    |
B_i[0][3][5]   | C_o[2][3][6]   |     5.873 | SLOW    |     2.747 | FAST    |
B_i[0][3][5]   | C_o[3][3][5]   |     5.427 | SLOW    |     2.856 | FAST    |
B_i[0][3][5]   | C_o[3][3][6]   |     5.873 | SLOW    |     2.747 | FAST    |
B_i[0][3][6]   | C_o[0][3][6]   |     5.485 | SLOW    |     2.883 | FAST    |
B_i[0][3][6]   | C_o[1][3][6]   |     5.485 | SLOW    |     2.883 | FAST    |
B_i[0][3][6]   | C_o[2][3][6]   |     5.485 | SLOW    |     2.883 | FAST    |
B_i[0][3][6]   | C_o[3][3][6]   |     5.485 | SLOW    |     2.883 | FAST    |
B_i[1][0][0]   | C_o[0][0][0]   |     4.606 | SLOW    |     2.388 | FAST    |
B_i[1][0][0]   | C_o[0][0][1]   |     4.882 | SLOW    |     2.388 | FAST    |
B_i[1][0][0]   | C_o[0][0][2]   |     5.013 | SLOW    |     2.500 | FAST    |
B_i[1][0][0]   | C_o[0][0][3]   |     5.353 | SLOW    |     2.511 | FAST    |
B_i[1][0][0]   | C_o[0][0][4]   |     5.418 | SLOW    |     2.496 | FAST    |
B_i[1][0][0]   | C_o[0][0][5]   |     5.694 | SLOW    |     2.496 | FAST    |
B_i[1][0][0]   | C_o[0][0][6]   |     5.924 | SLOW    |     2.544 | FAST    |
B_i[1][0][0]   | C_o[1][0][0]   |     4.606 | SLOW    |     2.388 | FAST    |
B_i[1][0][0]   | C_o[1][0][1]   |     4.882 | SLOW    |     2.388 | FAST    |
B_i[1][0][0]   | C_o[1][0][2]   |     5.013 | SLOW    |     2.500 | FAST    |
B_i[1][0][0]   | C_o[1][0][3]   |     5.353 | SLOW    |     2.511 | FAST    |
B_i[1][0][0]   | C_o[1][0][4]   |     5.440 | SLOW    |     2.496 | FAST    |
B_i[1][0][0]   | C_o[1][0][5]   |     5.694 | SLOW    |     2.496 | FAST    |
B_i[1][0][0]   | C_o[1][0][6]   |     5.924 | SLOW    |     2.544 | FAST    |
B_i[1][0][0]   | C_o[2][0][0]   |     4.606 | SLOW    |     2.388 | FAST    |
B_i[1][0][0]   | C_o[2][0][1]   |     4.882 | SLOW    |     2.388 | FAST    |
B_i[1][0][0]   | C_o[2][0][2]   |     5.013 | SLOW    |     2.500 | FAST    |
B_i[1][0][0]   | C_o[2][0][3]   |     5.353 | SLOW    |     2.511 | FAST    |
B_i[1][0][0]   | C_o[2][0][4]   |     5.418 | SLOW    |     2.496 | FAST    |
B_i[1][0][0]   | C_o[2][0][5]   |     5.694 | SLOW    |     2.496 | FAST    |
B_i[1][0][0]   | C_o[2][0][6]   |     5.924 | SLOW    |     2.544 | FAST    |
B_i[1][0][0]   | C_o[3][0][0]   |     4.606 | SLOW    |     2.388 | FAST    |
B_i[1][0][0]   | C_o[3][0][1]   |     4.882 | SLOW    |     2.388 | FAST    |
B_i[1][0][0]   | C_o[3][0][2]   |     5.013 | SLOW    |     2.500 | FAST    |
B_i[1][0][0]   | C_o[3][0][3]   |     5.353 | SLOW    |     2.511 | FAST    |
B_i[1][0][0]   | C_o[3][0][4]   |     5.440 | SLOW    |     2.496 | FAST    |
B_i[1][0][0]   | C_o[3][0][5]   |     5.694 | SLOW    |     2.496 | FAST    |
B_i[1][0][0]   | C_o[3][0][6]   |     5.924 | SLOW    |     2.544 | FAST    |
B_i[1][0][1]   | C_o[0][0][1]   |     4.799 | SLOW    |     2.499 | FAST    |
B_i[1][0][1]   | C_o[0][0][2]   |     5.107 | SLOW    |     2.497 | FAST    |
B_i[1][0][1]   | C_o[0][0][3]   |     5.447 | SLOW    |     2.497 | FAST    |
B_i[1][0][1]   | C_o[0][0][4]   |     5.601 | SLOW    |     2.541 | FAST    |
B_i[1][0][1]   | C_o[0][0][5]   |     5.696 | SLOW    |     2.541 | FAST    |
B_i[1][0][1]   | C_o[0][0][6]   |     5.926 | SLOW    |     2.555 | FAST    |
B_i[1][0][1]   | C_o[1][0][1]   |     4.799 | SLOW    |     2.499 | FAST    |
B_i[1][0][1]   | C_o[1][0][2]   |     5.107 | SLOW    |     2.497 | FAST    |
B_i[1][0][1]   | C_o[1][0][3]   |     5.447 | SLOW    |     2.497 | FAST    |
B_i[1][0][1]   | C_o[1][0][4]   |     5.601 | SLOW    |     2.541 | FAST    |
B_i[1][0][1]   | C_o[1][0][5]   |     5.696 | SLOW    |     2.541 | FAST    |
B_i[1][0][1]   | C_o[1][0][6]   |     5.926 | SLOW    |     2.555 | FAST    |
B_i[1][0][1]   | C_o[2][0][1]   |     4.799 | SLOW    |     2.499 | FAST    |
B_i[1][0][1]   | C_o[2][0][2]   |     5.107 | SLOW    |     2.497 | FAST    |
B_i[1][0][1]   | C_o[2][0][3]   |     5.447 | SLOW    |     2.497 | FAST    |
B_i[1][0][1]   | C_o[2][0][4]   |     5.601 | SLOW    |     2.541 | FAST    |
B_i[1][0][1]   | C_o[2][0][5]   |     5.696 | SLOW    |     2.541 | FAST    |
B_i[1][0][1]   | C_o[2][0][6]   |     5.926 | SLOW    |     2.555 | FAST    |
B_i[1][0][1]   | C_o[3][0][1]   |     4.799 | SLOW    |     2.499 | FAST    |
B_i[1][0][1]   | C_o[3][0][2]   |     5.107 | SLOW    |     2.497 | FAST    |
B_i[1][0][1]   | C_o[3][0][3]   |     5.447 | SLOW    |     2.497 | FAST    |
B_i[1][0][1]   | C_o[3][0][4]   |     5.601 | SLOW    |     2.541 | FAST    |
B_i[1][0][1]   | C_o[3][0][5]   |     5.696 | SLOW    |     2.541 | FAST    |
B_i[1][0][1]   | C_o[3][0][6]   |     5.926 | SLOW    |     2.555 | FAST    |
B_i[1][0][2]   | C_o[0][0][2]   |     5.106 | SLOW    |     2.672 | FAST    |
B_i[1][0][2]   | C_o[0][0][3]   |     5.446 | SLOW    |     2.688 | FAST    |
B_i[1][0][2]   | C_o[0][0][4]   |     5.600 | SLOW    |     2.600 | FAST    |
B_i[1][0][2]   | C_o[0][0][5]   |     5.685 | SLOW    |     2.601 | FAST    |
B_i[1][0][2]   | C_o[0][0][6]   |     5.915 | SLOW    |     2.592 | FAST    |
B_i[1][0][2]   | C_o[1][0][2]   |     5.106 | SLOW    |     2.672 | FAST    |
B_i[1][0][2]   | C_o[1][0][3]   |     5.446 | SLOW    |     2.688 | FAST    |
B_i[1][0][2]   | C_o[1][0][4]   |     5.600 | SLOW    |     2.600 | FAST    |
B_i[1][0][2]   | C_o[1][0][5]   |     5.685 | SLOW    |     2.601 | FAST    |
B_i[1][0][2]   | C_o[1][0][6]   |     5.915 | SLOW    |     2.592 | FAST    |
B_i[1][0][2]   | C_o[2][0][2]   |     5.106 | SLOW    |     2.672 | FAST    |
B_i[1][0][2]   | C_o[2][0][3]   |     5.446 | SLOW    |     2.688 | FAST    |
B_i[1][0][2]   | C_o[2][0][4]   |     5.600 | SLOW    |     2.600 | FAST    |
B_i[1][0][2]   | C_o[2][0][5]   |     5.685 | SLOW    |     2.601 | FAST    |
B_i[1][0][2]   | C_o[2][0][6]   |     5.915 | SLOW    |     2.592 | FAST    |
B_i[1][0][2]   | C_o[3][0][2]   |     5.106 | SLOW    |     2.672 | FAST    |
B_i[1][0][2]   | C_o[3][0][3]   |     5.446 | SLOW    |     2.688 | FAST    |
B_i[1][0][2]   | C_o[3][0][4]   |     5.600 | SLOW    |     2.600 | FAST    |
B_i[1][0][2]   | C_o[3][0][5]   |     5.685 | SLOW    |     2.601 | FAST    |
B_i[1][0][2]   | C_o[3][0][6]   |     5.915 | SLOW    |     2.592 | FAST    |
B_i[1][0][3]   | C_o[0][0][3]   |     5.353 | SLOW    |     2.806 | FAST    |
B_i[1][0][3]   | C_o[0][0][4]   |     5.562 | SLOW    |     2.646 | FAST    |
B_i[1][0][3]   | C_o[0][0][5]   |     5.677 | SLOW    |     2.647 | FAST    |
B_i[1][0][3]   | C_o[0][0][6]   |     5.907 | SLOW    |     2.571 | FAST    |
B_i[1][0][3]   | C_o[1][0][3]   |     5.353 | SLOW    |     2.806 | FAST    |
B_i[1][0][3]   | C_o[1][0][4]   |     5.562 | SLOW    |     2.646 | FAST    |
B_i[1][0][3]   | C_o[1][0][5]   |     5.677 | SLOW    |     2.647 | FAST    |
B_i[1][0][3]   | C_o[1][0][6]   |     5.907 | SLOW    |     2.571 | FAST    |
B_i[1][0][3]   | C_o[2][0][3]   |     5.353 | SLOW    |     2.806 | FAST    |
B_i[1][0][3]   | C_o[2][0][4]   |     5.562 | SLOW    |     2.646 | FAST    |
B_i[1][0][3]   | C_o[2][0][5]   |     5.677 | SLOW    |     2.647 | FAST    |
B_i[1][0][3]   | C_o[2][0][6]   |     5.907 | SLOW    |     2.571 | FAST    |
B_i[1][0][3]   | C_o[3][0][3]   |     5.353 | SLOW    |     2.806 | FAST    |
B_i[1][0][3]   | C_o[3][0][4]   |     5.562 | SLOW    |     2.646 | FAST    |
B_i[1][0][3]   | C_o[3][0][5]   |     5.677 | SLOW    |     2.647 | FAST    |
B_i[1][0][3]   | C_o[3][0][6]   |     5.907 | SLOW    |     2.571 | FAST    |
B_i[1][0][4]   | C_o[0][0][4]   |     5.376 | SLOW    |     2.821 | FAST    |
B_i[1][0][4]   | C_o[0][0][5]   |     5.674 | SLOW    |     2.703 | FAST    |
B_i[1][0][4]   | C_o[0][0][6]   |     5.904 | SLOW    |     2.594 | FAST    |
B_i[1][0][4]   | C_o[1][0][4]   |     5.376 | SLOW    |     2.821 | FAST    |
B_i[1][0][4]   | C_o[1][0][5]   |     5.674 | SLOW    |     2.703 | FAST    |
B_i[1][0][4]   | C_o[1][0][6]   |     5.904 | SLOW    |     2.594 | FAST    |
B_i[1][0][4]   | C_o[2][0][4]   |     5.376 | SLOW    |     2.821 | FAST    |
B_i[1][0][4]   | C_o[2][0][5]   |     5.674 | SLOW    |     2.703 | FAST    |
B_i[1][0][4]   | C_o[2][0][6]   |     5.904 | SLOW    |     2.594 | FAST    |
B_i[1][0][4]   | C_o[3][0][4]   |     5.376 | SLOW    |     2.821 | FAST    |
B_i[1][0][4]   | C_o[3][0][5]   |     5.674 | SLOW    |     2.703 | FAST    |
B_i[1][0][4]   | C_o[3][0][6]   |     5.904 | SLOW    |     2.594 | FAST    |
B_i[1][0][5]   | C_o[0][0][5]   |     5.658 | SLOW    |     2.985 | FAST    |
B_i[1][0][5]   | C_o[0][0][6]   |     5.888 | SLOW    |     2.876 | FAST    |
B_i[1][0][5]   | C_o[1][0][5]   |     5.658 | SLOW    |     2.985 | FAST    |
B_i[1][0][5]   | C_o[1][0][6]   |     5.888 | SLOW    |     2.876 | FAST    |
B_i[1][0][5]   | C_o[2][0][5]   |     5.658 | SLOW    |     2.985 | FAST    |
B_i[1][0][5]   | C_o[2][0][6]   |     5.888 | SLOW    |     2.876 | FAST    |
B_i[1][0][5]   | C_o[3][0][5]   |     5.658 | SLOW    |     2.985 | FAST    |
B_i[1][0][5]   | C_o[3][0][6]   |     5.888 | SLOW    |     2.876 | FAST    |
B_i[1][0][6]   | C_o[0][0][6]   |     5.500 | SLOW    |     2.887 | FAST    |
B_i[1][0][6]   | C_o[1][0][6]   |     5.500 | SLOW    |     2.887 | FAST    |
B_i[1][0][6]   | C_o[2][0][6]   |     5.500 | SLOW    |     2.887 | FAST    |
B_i[1][0][6]   | C_o[3][0][6]   |     5.500 | SLOW    |     2.887 | FAST    |
B_i[1][1][0]   | C_o[0][1][0]   |     4.606 | SLOW    |     2.388 | FAST    |
B_i[1][1][0]   | C_o[0][1][1]   |     4.882 | SLOW    |     2.388 | FAST    |
B_i[1][1][0]   | C_o[0][1][2]   |     5.013 | SLOW    |     2.500 | FAST    |
B_i[1][1][0]   | C_o[0][1][3]   |     5.353 | SLOW    |     2.511 | FAST    |
B_i[1][1][0]   | C_o[0][1][4]   |     5.418 | SLOW    |     2.496 | FAST    |
B_i[1][1][0]   | C_o[0][1][5]   |     5.694 | SLOW    |     2.496 | FAST    |
B_i[1][1][0]   | C_o[0][1][6]   |     5.924 | SLOW    |     2.544 | FAST    |
B_i[1][1][0]   | C_o[1][1][0]   |     4.606 | SLOW    |     2.388 | FAST    |
B_i[1][1][0]   | C_o[1][1][1]   |     4.882 | SLOW    |     2.388 | FAST    |
B_i[1][1][0]   | C_o[1][1][2]   |     5.013 | SLOW    |     2.500 | FAST    |
B_i[1][1][0]   | C_o[1][1][3]   |     5.353 | SLOW    |     2.511 | FAST    |
B_i[1][1][0]   | C_o[1][1][4]   |     5.440 | SLOW    |     2.496 | FAST    |
B_i[1][1][0]   | C_o[1][1][5]   |     5.694 | SLOW    |     2.496 | FAST    |
B_i[1][1][0]   | C_o[1][1][6]   |     5.924 | SLOW    |     2.544 | FAST    |
B_i[1][1][0]   | C_o[2][1][0]   |     4.606 | SLOW    |     2.388 | FAST    |
B_i[1][1][0]   | C_o[2][1][1]   |     4.882 | SLOW    |     2.388 | FAST    |
B_i[1][1][0]   | C_o[2][1][2]   |     5.013 | SLOW    |     2.500 | FAST    |
B_i[1][1][0]   | C_o[2][1][3]   |     5.353 | SLOW    |     2.511 | FAST    |
B_i[1][1][0]   | C_o[2][1][4]   |     5.418 | SLOW    |     2.496 | FAST    |
B_i[1][1][0]   | C_o[2][1][5]   |     5.694 | SLOW    |     2.496 | FAST    |
B_i[1][1][0]   | C_o[2][1][6]   |     5.924 | SLOW    |     2.544 | FAST    |
B_i[1][1][0]   | C_o[3][1][0]   |     4.606 | SLOW    |     2.388 | FAST    |
B_i[1][1][0]   | C_o[3][1][1]   |     4.882 | SLOW    |     2.388 | FAST    |
B_i[1][1][0]   | C_o[3][1][2]   |     5.013 | SLOW    |     2.500 | FAST    |
B_i[1][1][0]   | C_o[3][1][3]   |     5.353 | SLOW    |     2.511 | FAST    |
B_i[1][1][0]   | C_o[3][1][4]   |     5.440 | SLOW    |     2.496 | FAST    |
B_i[1][1][0]   | C_o[3][1][5]   |     5.694 | SLOW    |     2.496 | FAST    |
B_i[1][1][0]   | C_o[3][1][6]   |     5.924 | SLOW    |     2.544 | FAST    |
B_i[1][1][1]   | C_o[0][1][1]   |     4.799 | SLOW    |     2.499 | FAST    |
B_i[1][1][1]   | C_o[0][1][2]   |     5.107 | SLOW    |     2.497 | FAST    |
B_i[1][1][1]   | C_o[0][1][3]   |     5.447 | SLOW    |     2.497 | FAST    |
B_i[1][1][1]   | C_o[0][1][4]   |     5.601 | SLOW    |     2.541 | FAST    |
B_i[1][1][1]   | C_o[0][1][5]   |     5.696 | SLOW    |     2.541 | FAST    |
B_i[1][1][1]   | C_o[0][1][6]   |     5.926 | SLOW    |     2.555 | FAST    |
B_i[1][1][1]   | C_o[1][1][1]   |     4.799 | SLOW    |     2.499 | FAST    |
B_i[1][1][1]   | C_o[1][1][2]   |     5.107 | SLOW    |     2.497 | FAST    |
B_i[1][1][1]   | C_o[1][1][3]   |     5.447 | SLOW    |     2.497 | FAST    |
B_i[1][1][1]   | C_o[1][1][4]   |     5.601 | SLOW    |     2.541 | FAST    |
B_i[1][1][1]   | C_o[1][1][5]   |     5.696 | SLOW    |     2.541 | FAST    |
B_i[1][1][1]   | C_o[1][1][6]   |     5.926 | SLOW    |     2.555 | FAST    |
B_i[1][1][1]   | C_o[2][1][1]   |     4.799 | SLOW    |     2.499 | FAST    |
B_i[1][1][1]   | C_o[2][1][2]   |     5.107 | SLOW    |     2.497 | FAST    |
B_i[1][1][1]   | C_o[2][1][3]   |     5.447 | SLOW    |     2.497 | FAST    |
B_i[1][1][1]   | C_o[2][1][4]   |     5.601 | SLOW    |     2.541 | FAST    |
B_i[1][1][1]   | C_o[2][1][5]   |     5.696 | SLOW    |     2.541 | FAST    |
B_i[1][1][1]   | C_o[2][1][6]   |     5.926 | SLOW    |     2.555 | FAST    |
B_i[1][1][1]   | C_o[3][1][1]   |     4.799 | SLOW    |     2.499 | FAST    |
B_i[1][1][1]   | C_o[3][1][2]   |     5.107 | SLOW    |     2.497 | FAST    |
B_i[1][1][1]   | C_o[3][1][3]   |     5.447 | SLOW    |     2.497 | FAST    |
B_i[1][1][1]   | C_o[3][1][4]   |     5.601 | SLOW    |     2.541 | FAST    |
B_i[1][1][1]   | C_o[3][1][5]   |     5.696 | SLOW    |     2.541 | FAST    |
B_i[1][1][1]   | C_o[3][1][6]   |     5.926 | SLOW    |     2.555 | FAST    |
B_i[1][1][2]   | C_o[0][1][2]   |     5.106 | SLOW    |     2.672 | FAST    |
B_i[1][1][2]   | C_o[0][1][3]   |     5.446 | SLOW    |     2.688 | FAST    |
B_i[1][1][2]   | C_o[0][1][4]   |     5.600 | SLOW    |     2.600 | FAST    |
B_i[1][1][2]   | C_o[0][1][5]   |     5.685 | SLOW    |     2.601 | FAST    |
B_i[1][1][2]   | C_o[0][1][6]   |     5.915 | SLOW    |     2.592 | FAST    |
B_i[1][1][2]   | C_o[1][1][2]   |     5.106 | SLOW    |     2.672 | FAST    |
B_i[1][1][2]   | C_o[1][1][3]   |     5.446 | SLOW    |     2.688 | FAST    |
B_i[1][1][2]   | C_o[1][1][4]   |     5.600 | SLOW    |     2.600 | FAST    |
B_i[1][1][2]   | C_o[1][1][5]   |     5.685 | SLOW    |     2.601 | FAST    |
B_i[1][1][2]   | C_o[1][1][6]   |     5.915 | SLOW    |     2.592 | FAST    |
B_i[1][1][2]   | C_o[2][1][2]   |     5.106 | SLOW    |     2.672 | FAST    |
B_i[1][1][2]   | C_o[2][1][3]   |     5.446 | SLOW    |     2.688 | FAST    |
B_i[1][1][2]   | C_o[2][1][4]   |     5.600 | SLOW    |     2.600 | FAST    |
B_i[1][1][2]   | C_o[2][1][5]   |     5.685 | SLOW    |     2.601 | FAST    |
B_i[1][1][2]   | C_o[2][1][6]   |     5.915 | SLOW    |     2.592 | FAST    |
B_i[1][1][2]   | C_o[3][1][2]   |     5.106 | SLOW    |     2.672 | FAST    |
B_i[1][1][2]   | C_o[3][1][3]   |     5.446 | SLOW    |     2.688 | FAST    |
B_i[1][1][2]   | C_o[3][1][4]   |     5.600 | SLOW    |     2.600 | FAST    |
B_i[1][1][2]   | C_o[3][1][5]   |     5.685 | SLOW    |     2.601 | FAST    |
B_i[1][1][2]   | C_o[3][1][6]   |     5.915 | SLOW    |     2.592 | FAST    |
B_i[1][1][3]   | C_o[0][1][3]   |     5.353 | SLOW    |     2.806 | FAST    |
B_i[1][1][3]   | C_o[0][1][4]   |     5.562 | SLOW    |     2.646 | FAST    |
B_i[1][1][3]   | C_o[0][1][5]   |     5.677 | SLOW    |     2.647 | FAST    |
B_i[1][1][3]   | C_o[0][1][6]   |     5.907 | SLOW    |     2.571 | FAST    |
B_i[1][1][3]   | C_o[1][1][3]   |     5.353 | SLOW    |     2.806 | FAST    |
B_i[1][1][3]   | C_o[1][1][4]   |     5.562 | SLOW    |     2.646 | FAST    |
B_i[1][1][3]   | C_o[1][1][5]   |     5.677 | SLOW    |     2.647 | FAST    |
B_i[1][1][3]   | C_o[1][1][6]   |     5.907 | SLOW    |     2.571 | FAST    |
B_i[1][1][3]   | C_o[2][1][3]   |     5.353 | SLOW    |     2.806 | FAST    |
B_i[1][1][3]   | C_o[2][1][4]   |     5.562 | SLOW    |     2.646 | FAST    |
B_i[1][1][3]   | C_o[2][1][5]   |     5.677 | SLOW    |     2.647 | FAST    |
B_i[1][1][3]   | C_o[2][1][6]   |     5.907 | SLOW    |     2.571 | FAST    |
B_i[1][1][3]   | C_o[3][1][3]   |     5.353 | SLOW    |     2.806 | FAST    |
B_i[1][1][3]   | C_o[3][1][4]   |     5.562 | SLOW    |     2.646 | FAST    |
B_i[1][1][3]   | C_o[3][1][5]   |     5.677 | SLOW    |     2.647 | FAST    |
B_i[1][1][3]   | C_o[3][1][6]   |     5.907 | SLOW    |     2.571 | FAST    |
B_i[1][1][4]   | C_o[0][1][4]   |     5.376 | SLOW    |     2.821 | FAST    |
B_i[1][1][4]   | C_o[0][1][5]   |     5.674 | SLOW    |     2.703 | FAST    |
B_i[1][1][4]   | C_o[0][1][6]   |     5.904 | SLOW    |     2.594 | FAST    |
B_i[1][1][4]   | C_o[1][1][4]   |     5.376 | SLOW    |     2.821 | FAST    |
B_i[1][1][4]   | C_o[1][1][5]   |     5.674 | SLOW    |     2.703 | FAST    |
B_i[1][1][4]   | C_o[1][1][6]   |     5.904 | SLOW    |     2.594 | FAST    |
B_i[1][1][4]   | C_o[2][1][4]   |     5.376 | SLOW    |     2.821 | FAST    |
B_i[1][1][4]   | C_o[2][1][5]   |     5.674 | SLOW    |     2.703 | FAST    |
B_i[1][1][4]   | C_o[2][1][6]   |     5.904 | SLOW    |     2.594 | FAST    |
B_i[1][1][4]   | C_o[3][1][4]   |     5.376 | SLOW    |     2.821 | FAST    |
B_i[1][1][4]   | C_o[3][1][5]   |     5.674 | SLOW    |     2.703 | FAST    |
B_i[1][1][4]   | C_o[3][1][6]   |     5.904 | SLOW    |     2.594 | FAST    |
B_i[1][1][5]   | C_o[0][1][5]   |     5.658 | SLOW    |     2.985 | FAST    |
B_i[1][1][5]   | C_o[0][1][6]   |     5.888 | SLOW    |     2.876 | FAST    |
B_i[1][1][5]   | C_o[1][1][5]   |     5.658 | SLOW    |     2.985 | FAST    |
B_i[1][1][5]   | C_o[1][1][6]   |     5.888 | SLOW    |     2.876 | FAST    |
B_i[1][1][5]   | C_o[2][1][5]   |     5.658 | SLOW    |     2.985 | FAST    |
B_i[1][1][5]   | C_o[2][1][6]   |     5.888 | SLOW    |     2.876 | FAST    |
B_i[1][1][5]   | C_o[3][1][5]   |     5.658 | SLOW    |     2.985 | FAST    |
B_i[1][1][5]   | C_o[3][1][6]   |     5.888 | SLOW    |     2.876 | FAST    |
B_i[1][1][6]   | C_o[0][1][6]   |     5.500 | SLOW    |     2.887 | FAST    |
B_i[1][1][6]   | C_o[1][1][6]   |     5.500 | SLOW    |     2.887 | FAST    |
B_i[1][1][6]   | C_o[2][1][6]   |     5.500 | SLOW    |     2.887 | FAST    |
B_i[1][1][6]   | C_o[3][1][6]   |     5.500 | SLOW    |     2.887 | FAST    |
B_i[1][2][0]   | C_o[0][2][0]   |     4.606 | SLOW    |     2.388 | FAST    |
B_i[1][2][0]   | C_o[0][2][1]   |     4.882 | SLOW    |     2.388 | FAST    |
B_i[1][2][0]   | C_o[0][2][2]   |     5.013 | SLOW    |     2.500 | FAST    |
B_i[1][2][0]   | C_o[0][2][3]   |     5.353 | SLOW    |     2.511 | FAST    |
B_i[1][2][0]   | C_o[0][2][4]   |     5.418 | SLOW    |     2.496 | FAST    |
B_i[1][2][0]   | C_o[0][2][5]   |     5.694 | SLOW    |     2.496 | FAST    |
B_i[1][2][0]   | C_o[0][2][6]   |     5.924 | SLOW    |     2.544 | FAST    |
B_i[1][2][0]   | C_o[1][2][0]   |     4.606 | SLOW    |     2.388 | FAST    |
B_i[1][2][0]   | C_o[1][2][1]   |     4.882 | SLOW    |     2.388 | FAST    |
B_i[1][2][0]   | C_o[1][2][2]   |     5.013 | SLOW    |     2.500 | FAST    |
B_i[1][2][0]   | C_o[1][2][3]   |     5.353 | SLOW    |     2.511 | FAST    |
B_i[1][2][0]   | C_o[1][2][4]   |     5.440 | SLOW    |     2.496 | FAST    |
B_i[1][2][0]   | C_o[1][2][5]   |     5.694 | SLOW    |     2.496 | FAST    |
B_i[1][2][0]   | C_o[1][2][6]   |     5.924 | SLOW    |     2.544 | FAST    |
B_i[1][2][0]   | C_o[2][2][0]   |     4.606 | SLOW    |     2.388 | FAST    |
B_i[1][2][0]   | C_o[2][2][1]   |     4.882 | SLOW    |     2.388 | FAST    |
B_i[1][2][0]   | C_o[2][2][2]   |     5.013 | SLOW    |     2.500 | FAST    |
B_i[1][2][0]   | C_o[2][2][3]   |     5.353 | SLOW    |     2.511 | FAST    |
B_i[1][2][0]   | C_o[2][2][4]   |     5.418 | SLOW    |     2.496 | FAST    |
B_i[1][2][0]   | C_o[2][2][5]   |     5.694 | SLOW    |     2.496 | FAST    |
B_i[1][2][0]   | C_o[2][2][6]   |     5.924 | SLOW    |     2.544 | FAST    |
B_i[1][2][0]   | C_o[3][2][0]   |     4.606 | SLOW    |     2.388 | FAST    |
B_i[1][2][0]   | C_o[3][2][1]   |     4.882 | SLOW    |     2.388 | FAST    |
B_i[1][2][0]   | C_o[3][2][2]   |     5.013 | SLOW    |     2.500 | FAST    |
B_i[1][2][0]   | C_o[3][2][3]   |     5.353 | SLOW    |     2.511 | FAST    |
B_i[1][2][0]   | C_o[3][2][4]   |     5.440 | SLOW    |     2.496 | FAST    |
B_i[1][2][0]   | C_o[3][2][5]   |     5.694 | SLOW    |     2.496 | FAST    |
B_i[1][2][0]   | C_o[3][2][6]   |     5.924 | SLOW    |     2.544 | FAST    |
B_i[1][2][1]   | C_o[0][2][1]   |     4.799 | SLOW    |     2.499 | FAST    |
B_i[1][2][1]   | C_o[0][2][2]   |     5.107 | SLOW    |     2.497 | FAST    |
B_i[1][2][1]   | C_o[0][2][3]   |     5.447 | SLOW    |     2.497 | FAST    |
B_i[1][2][1]   | C_o[0][2][4]   |     5.601 | SLOW    |     2.541 | FAST    |
B_i[1][2][1]   | C_o[0][2][5]   |     5.696 | SLOW    |     2.541 | FAST    |
B_i[1][2][1]   | C_o[0][2][6]   |     5.926 | SLOW    |     2.555 | FAST    |
B_i[1][2][1]   | C_o[1][2][1]   |     4.799 | SLOW    |     2.499 | FAST    |
B_i[1][2][1]   | C_o[1][2][2]   |     5.107 | SLOW    |     2.497 | FAST    |
B_i[1][2][1]   | C_o[1][2][3]   |     5.447 | SLOW    |     2.497 | FAST    |
B_i[1][2][1]   | C_o[1][2][4]   |     5.601 | SLOW    |     2.541 | FAST    |
B_i[1][2][1]   | C_o[1][2][5]   |     5.696 | SLOW    |     2.541 | FAST    |
B_i[1][2][1]   | C_o[1][2][6]   |     5.926 | SLOW    |     2.555 | FAST    |
B_i[1][2][1]   | C_o[2][2][1]   |     4.799 | SLOW    |     2.499 | FAST    |
B_i[1][2][1]   | C_o[2][2][2]   |     5.107 | SLOW    |     2.497 | FAST    |
B_i[1][2][1]   | C_o[2][2][3]   |     5.447 | SLOW    |     2.497 | FAST    |
B_i[1][2][1]   | C_o[2][2][4]   |     5.601 | SLOW    |     2.541 | FAST    |
B_i[1][2][1]   | C_o[2][2][5]   |     5.696 | SLOW    |     2.541 | FAST    |
B_i[1][2][1]   | C_o[2][2][6]   |     5.926 | SLOW    |     2.555 | FAST    |
B_i[1][2][1]   | C_o[3][2][1]   |     4.799 | SLOW    |     2.499 | FAST    |
B_i[1][2][1]   | C_o[3][2][2]   |     5.107 | SLOW    |     2.497 | FAST    |
B_i[1][2][1]   | C_o[3][2][3]   |     5.447 | SLOW    |     2.497 | FAST    |
B_i[1][2][1]   | C_o[3][2][4]   |     5.601 | SLOW    |     2.541 | FAST    |
B_i[1][2][1]   | C_o[3][2][5]   |     5.696 | SLOW    |     2.541 | FAST    |
B_i[1][2][1]   | C_o[3][2][6]   |     5.926 | SLOW    |     2.555 | FAST    |
B_i[1][2][2]   | C_o[0][2][2]   |     5.106 | SLOW    |     2.672 | FAST    |
B_i[1][2][2]   | C_o[0][2][3]   |     5.446 | SLOW    |     2.688 | FAST    |
B_i[1][2][2]   | C_o[0][2][4]   |     5.600 | SLOW    |     2.600 | FAST    |
B_i[1][2][2]   | C_o[0][2][5]   |     5.685 | SLOW    |     2.601 | FAST    |
B_i[1][2][2]   | C_o[0][2][6]   |     5.915 | SLOW    |     2.592 | FAST    |
B_i[1][2][2]   | C_o[1][2][2]   |     5.106 | SLOW    |     2.672 | FAST    |
B_i[1][2][2]   | C_o[1][2][3]   |     5.446 | SLOW    |     2.688 | FAST    |
B_i[1][2][2]   | C_o[1][2][4]   |     5.600 | SLOW    |     2.600 | FAST    |
B_i[1][2][2]   | C_o[1][2][5]   |     5.685 | SLOW    |     2.601 | FAST    |
B_i[1][2][2]   | C_o[1][2][6]   |     5.915 | SLOW    |     2.592 | FAST    |
B_i[1][2][2]   | C_o[2][2][2]   |     5.106 | SLOW    |     2.672 | FAST    |
B_i[1][2][2]   | C_o[2][2][3]   |     5.446 | SLOW    |     2.688 | FAST    |
B_i[1][2][2]   | C_o[2][2][4]   |     5.600 | SLOW    |     2.600 | FAST    |
B_i[1][2][2]   | C_o[2][2][5]   |     5.685 | SLOW    |     2.601 | FAST    |
B_i[1][2][2]   | C_o[2][2][6]   |     5.915 | SLOW    |     2.592 | FAST    |
B_i[1][2][2]   | C_o[3][2][2]   |     5.106 | SLOW    |     2.672 | FAST    |
B_i[1][2][2]   | C_o[3][2][3]   |     5.446 | SLOW    |     2.688 | FAST    |
B_i[1][2][2]   | C_o[3][2][4]   |     5.600 | SLOW    |     2.600 | FAST    |
B_i[1][2][2]   | C_o[3][2][5]   |     5.685 | SLOW    |     2.601 | FAST    |
B_i[1][2][2]   | C_o[3][2][6]   |     5.915 | SLOW    |     2.592 | FAST    |
B_i[1][2][3]   | C_o[0][2][3]   |     5.353 | SLOW    |     2.806 | FAST    |
B_i[1][2][3]   | C_o[0][2][4]   |     5.562 | SLOW    |     2.646 | FAST    |
B_i[1][2][3]   | C_o[0][2][5]   |     5.677 | SLOW    |     2.647 | FAST    |
B_i[1][2][3]   | C_o[0][2][6]   |     5.907 | SLOW    |     2.571 | FAST    |
B_i[1][2][3]   | C_o[1][2][3]   |     5.353 | SLOW    |     2.806 | FAST    |
B_i[1][2][3]   | C_o[1][2][4]   |     5.562 | SLOW    |     2.646 | FAST    |
B_i[1][2][3]   | C_o[1][2][5]   |     5.677 | SLOW    |     2.647 | FAST    |
B_i[1][2][3]   | C_o[1][2][6]   |     5.907 | SLOW    |     2.571 | FAST    |
B_i[1][2][3]   | C_o[2][2][3]   |     5.353 | SLOW    |     2.806 | FAST    |
B_i[1][2][3]   | C_o[2][2][4]   |     5.562 | SLOW    |     2.646 | FAST    |
B_i[1][2][3]   | C_o[2][2][5]   |     5.677 | SLOW    |     2.647 | FAST    |
B_i[1][2][3]   | C_o[2][2][6]   |     5.907 | SLOW    |     2.571 | FAST    |
B_i[1][2][3]   | C_o[3][2][3]   |     5.353 | SLOW    |     2.806 | FAST    |
B_i[1][2][3]   | C_o[3][2][4]   |     5.562 | SLOW    |     2.646 | FAST    |
B_i[1][2][3]   | C_o[3][2][5]   |     5.677 | SLOW    |     2.647 | FAST    |
B_i[1][2][3]   | C_o[3][2][6]   |     5.907 | SLOW    |     2.571 | FAST    |
B_i[1][2][4]   | C_o[0][2][4]   |     5.376 | SLOW    |     2.821 | FAST    |
B_i[1][2][4]   | C_o[0][2][5]   |     5.674 | SLOW    |     2.703 | FAST    |
B_i[1][2][4]   | C_o[0][2][6]   |     5.904 | SLOW    |     2.594 | FAST    |
B_i[1][2][4]   | C_o[1][2][4]   |     5.376 | SLOW    |     2.821 | FAST    |
B_i[1][2][4]   | C_o[1][2][5]   |     5.674 | SLOW    |     2.703 | FAST    |
B_i[1][2][4]   | C_o[1][2][6]   |     5.904 | SLOW    |     2.594 | FAST    |
B_i[1][2][4]   | C_o[2][2][4]   |     5.376 | SLOW    |     2.821 | FAST    |
B_i[1][2][4]   | C_o[2][2][5]   |     5.674 | SLOW    |     2.703 | FAST    |
B_i[1][2][4]   | C_o[2][2][6]   |     5.904 | SLOW    |     2.594 | FAST    |
B_i[1][2][4]   | C_o[3][2][4]   |     5.376 | SLOW    |     2.821 | FAST    |
B_i[1][2][4]   | C_o[3][2][5]   |     5.674 | SLOW    |     2.703 | FAST    |
B_i[1][2][4]   | C_o[3][2][6]   |     5.904 | SLOW    |     2.594 | FAST    |
B_i[1][2][5]   | C_o[0][2][5]   |     5.658 | SLOW    |     2.985 | FAST    |
B_i[1][2][5]   | C_o[0][2][6]   |     5.888 | SLOW    |     2.876 | FAST    |
B_i[1][2][5]   | C_o[1][2][5]   |     5.658 | SLOW    |     2.985 | FAST    |
B_i[1][2][5]   | C_o[1][2][6]   |     5.888 | SLOW    |     2.876 | FAST    |
B_i[1][2][5]   | C_o[2][2][5]   |     5.658 | SLOW    |     2.985 | FAST    |
B_i[1][2][5]   | C_o[2][2][6]   |     5.888 | SLOW    |     2.876 | FAST    |
B_i[1][2][5]   | C_o[3][2][5]   |     5.658 | SLOW    |     2.985 | FAST    |
B_i[1][2][5]   | C_o[3][2][6]   |     5.888 | SLOW    |     2.876 | FAST    |
B_i[1][2][6]   | C_o[0][2][6]   |     5.500 | SLOW    |     2.887 | FAST    |
B_i[1][2][6]   | C_o[1][2][6]   |     5.500 | SLOW    |     2.887 | FAST    |
B_i[1][2][6]   | C_o[2][2][6]   |     5.500 | SLOW    |     2.887 | FAST    |
B_i[1][2][6]   | C_o[3][2][6]   |     5.500 | SLOW    |     2.887 | FAST    |
B_i[1][3][0]   | C_o[0][3][0]   |     4.606 | SLOW    |     2.388 | FAST    |
B_i[1][3][0]   | C_o[0][3][1]   |     4.882 | SLOW    |     2.388 | FAST    |
B_i[1][3][0]   | C_o[0][3][2]   |     5.013 | SLOW    |     2.500 | FAST    |
B_i[1][3][0]   | C_o[0][3][3]   |     5.353 | SLOW    |     2.511 | FAST    |
B_i[1][3][0]   | C_o[0][3][4]   |     5.418 | SLOW    |     2.496 | FAST    |
B_i[1][3][0]   | C_o[0][3][5]   |     5.694 | SLOW    |     2.496 | FAST    |
B_i[1][3][0]   | C_o[0][3][6]   |     5.924 | SLOW    |     2.544 | FAST    |
B_i[1][3][0]   | C_o[1][3][0]   |     4.606 | SLOW    |     2.388 | FAST    |
B_i[1][3][0]   | C_o[1][3][1]   |     4.882 | SLOW    |     2.388 | FAST    |
B_i[1][3][0]   | C_o[1][3][2]   |     5.013 | SLOW    |     2.500 | FAST    |
B_i[1][3][0]   | C_o[1][3][3]   |     5.353 | SLOW    |     2.511 | FAST    |
B_i[1][3][0]   | C_o[1][3][4]   |     5.440 | SLOW    |     2.496 | FAST    |
B_i[1][3][0]   | C_o[1][3][5]   |     5.694 | SLOW    |     2.496 | FAST    |
B_i[1][3][0]   | C_o[1][3][6]   |     5.924 | SLOW    |     2.544 | FAST    |
B_i[1][3][0]   | C_o[2][3][0]   |     4.606 | SLOW    |     2.388 | FAST    |
B_i[1][3][0]   | C_o[2][3][1]   |     4.882 | SLOW    |     2.388 | FAST    |
B_i[1][3][0]   | C_o[2][3][2]   |     5.013 | SLOW    |     2.500 | FAST    |
B_i[1][3][0]   | C_o[2][3][3]   |     5.353 | SLOW    |     2.511 | FAST    |
B_i[1][3][0]   | C_o[2][3][4]   |     5.418 | SLOW    |     2.496 | FAST    |
B_i[1][3][0]   | C_o[2][3][5]   |     5.694 | SLOW    |     2.496 | FAST    |
B_i[1][3][0]   | C_o[2][3][6]   |     5.924 | SLOW    |     2.544 | FAST    |
B_i[1][3][0]   | C_o[3][3][0]   |     4.606 | SLOW    |     2.388 | FAST    |
B_i[1][3][0]   | C_o[3][3][1]   |     4.882 | SLOW    |     2.388 | FAST    |
B_i[1][3][0]   | C_o[3][3][2]   |     5.013 | SLOW    |     2.500 | FAST    |
B_i[1][3][0]   | C_o[3][3][3]   |     5.353 | SLOW    |     2.511 | FAST    |
B_i[1][3][0]   | C_o[3][3][4]   |     5.440 | SLOW    |     2.496 | FAST    |
B_i[1][3][0]   | C_o[3][3][5]   |     5.694 | SLOW    |     2.496 | FAST    |
B_i[1][3][0]   | C_o[3][3][6]   |     5.924 | SLOW    |     2.544 | FAST    |
B_i[1][3][1]   | C_o[0][3][1]   |     4.799 | SLOW    |     2.499 | FAST    |
B_i[1][3][1]   | C_o[0][3][2]   |     5.107 | SLOW    |     2.497 | FAST    |
B_i[1][3][1]   | C_o[0][3][3]   |     5.447 | SLOW    |     2.497 | FAST    |
B_i[1][3][1]   | C_o[0][3][4]   |     5.601 | SLOW    |     2.541 | FAST    |
B_i[1][3][1]   | C_o[0][3][5]   |     5.696 | SLOW    |     2.541 | FAST    |
B_i[1][3][1]   | C_o[0][3][6]   |     5.926 | SLOW    |     2.555 | FAST    |
B_i[1][3][1]   | C_o[1][3][1]   |     4.799 | SLOW    |     2.499 | FAST    |
B_i[1][3][1]   | C_o[1][3][2]   |     5.107 | SLOW    |     2.497 | FAST    |
B_i[1][3][1]   | C_o[1][3][3]   |     5.447 | SLOW    |     2.497 | FAST    |
B_i[1][3][1]   | C_o[1][3][4]   |     5.601 | SLOW    |     2.541 | FAST    |
B_i[1][3][1]   | C_o[1][3][5]   |     5.696 | SLOW    |     2.541 | FAST    |
B_i[1][3][1]   | C_o[1][3][6]   |     5.926 | SLOW    |     2.555 | FAST    |
B_i[1][3][1]   | C_o[2][3][1]   |     4.799 | SLOW    |     2.499 | FAST    |
B_i[1][3][1]   | C_o[2][3][2]   |     5.107 | SLOW    |     2.497 | FAST    |
B_i[1][3][1]   | C_o[2][3][3]   |     5.447 | SLOW    |     2.497 | FAST    |
B_i[1][3][1]   | C_o[2][3][4]   |     5.601 | SLOW    |     2.541 | FAST    |
B_i[1][3][1]   | C_o[2][3][5]   |     5.696 | SLOW    |     2.541 | FAST    |
B_i[1][3][1]   | C_o[2][3][6]   |     5.926 | SLOW    |     2.555 | FAST    |
B_i[1][3][1]   | C_o[3][3][1]   |     4.799 | SLOW    |     2.499 | FAST    |
B_i[1][3][1]   | C_o[3][3][2]   |     5.107 | SLOW    |     2.497 | FAST    |
B_i[1][3][1]   | C_o[3][3][3]   |     5.447 | SLOW    |     2.497 | FAST    |
B_i[1][3][1]   | C_o[3][3][4]   |     5.601 | SLOW    |     2.541 | FAST    |
B_i[1][3][1]   | C_o[3][3][5]   |     5.696 | SLOW    |     2.541 | FAST    |
B_i[1][3][1]   | C_o[3][3][6]   |     5.926 | SLOW    |     2.555 | FAST    |
B_i[1][3][2]   | C_o[0][3][2]   |     5.106 | SLOW    |     2.672 | FAST    |
B_i[1][3][2]   | C_o[0][3][3]   |     5.446 | SLOW    |     2.688 | FAST    |
B_i[1][3][2]   | C_o[0][3][4]   |     5.600 | SLOW    |     2.600 | FAST    |
B_i[1][3][2]   | C_o[0][3][5]   |     5.685 | SLOW    |     2.601 | FAST    |
B_i[1][3][2]   | C_o[0][3][6]   |     5.915 | SLOW    |     2.592 | FAST    |
B_i[1][3][2]   | C_o[1][3][2]   |     5.106 | SLOW    |     2.672 | FAST    |
B_i[1][3][2]   | C_o[1][3][3]   |     5.446 | SLOW    |     2.688 | FAST    |
B_i[1][3][2]   | C_o[1][3][4]   |     5.600 | SLOW    |     2.600 | FAST    |
B_i[1][3][2]   | C_o[1][3][5]   |     5.685 | SLOW    |     2.601 | FAST    |
B_i[1][3][2]   | C_o[1][3][6]   |     5.915 | SLOW    |     2.592 | FAST    |
B_i[1][3][2]   | C_o[2][3][2]   |     5.106 | SLOW    |     2.672 | FAST    |
B_i[1][3][2]   | C_o[2][3][3]   |     5.446 | SLOW    |     2.688 | FAST    |
B_i[1][3][2]   | C_o[2][3][4]   |     5.600 | SLOW    |     2.600 | FAST    |
B_i[1][3][2]   | C_o[2][3][5]   |     5.685 | SLOW    |     2.601 | FAST    |
B_i[1][3][2]   | C_o[2][3][6]   |     5.915 | SLOW    |     2.592 | FAST    |
B_i[1][3][2]   | C_o[3][3][2]   |     5.106 | SLOW    |     2.672 | FAST    |
B_i[1][3][2]   | C_o[3][3][3]   |     5.446 | SLOW    |     2.688 | FAST    |
B_i[1][3][2]   | C_o[3][3][4]   |     5.600 | SLOW    |     2.600 | FAST    |
B_i[1][3][2]   | C_o[3][3][5]   |     5.685 | SLOW    |     2.601 | FAST    |
B_i[1][3][2]   | C_o[3][3][6]   |     5.915 | SLOW    |     2.592 | FAST    |
B_i[1][3][3]   | C_o[0][3][3]   |     5.353 | SLOW    |     2.806 | FAST    |
B_i[1][3][3]   | C_o[0][3][4]   |     5.562 | SLOW    |     2.646 | FAST    |
B_i[1][3][3]   | C_o[0][3][5]   |     5.677 | SLOW    |     2.647 | FAST    |
B_i[1][3][3]   | C_o[0][3][6]   |     5.907 | SLOW    |     2.571 | FAST    |
B_i[1][3][3]   | C_o[1][3][3]   |     5.353 | SLOW    |     2.806 | FAST    |
B_i[1][3][3]   | C_o[1][3][4]   |     5.562 | SLOW    |     2.646 | FAST    |
B_i[1][3][3]   | C_o[1][3][5]   |     5.677 | SLOW    |     2.647 | FAST    |
B_i[1][3][3]   | C_o[1][3][6]   |     5.907 | SLOW    |     2.571 | FAST    |
B_i[1][3][3]   | C_o[2][3][3]   |     5.353 | SLOW    |     2.806 | FAST    |
B_i[1][3][3]   | C_o[2][3][4]   |     5.562 | SLOW    |     2.646 | FAST    |
B_i[1][3][3]   | C_o[2][3][5]   |     5.677 | SLOW    |     2.647 | FAST    |
B_i[1][3][3]   | C_o[2][3][6]   |     5.907 | SLOW    |     2.571 | FAST    |
B_i[1][3][3]   | C_o[3][3][3]   |     5.353 | SLOW    |     2.806 | FAST    |
B_i[1][3][3]   | C_o[3][3][4]   |     5.562 | SLOW    |     2.646 | FAST    |
B_i[1][3][3]   | C_o[3][3][5]   |     5.677 | SLOW    |     2.647 | FAST    |
B_i[1][3][3]   | C_o[3][3][6]   |     5.907 | SLOW    |     2.571 | FAST    |
B_i[1][3][4]   | C_o[0][3][4]   |     5.376 | SLOW    |     2.821 | FAST    |
B_i[1][3][4]   | C_o[0][3][5]   |     5.674 | SLOW    |     2.703 | FAST    |
B_i[1][3][4]   | C_o[0][3][6]   |     5.904 | SLOW    |     2.594 | FAST    |
B_i[1][3][4]   | C_o[1][3][4]   |     5.376 | SLOW    |     2.821 | FAST    |
B_i[1][3][4]   | C_o[1][3][5]   |     5.674 | SLOW    |     2.703 | FAST    |
B_i[1][3][4]   | C_o[1][3][6]   |     5.904 | SLOW    |     2.594 | FAST    |
B_i[1][3][4]   | C_o[2][3][4]   |     5.376 | SLOW    |     2.821 | FAST    |
B_i[1][3][4]   | C_o[2][3][5]   |     5.674 | SLOW    |     2.703 | FAST    |
B_i[1][3][4]   | C_o[2][3][6]   |     5.904 | SLOW    |     2.594 | FAST    |
B_i[1][3][4]   | C_o[3][3][4]   |     5.376 | SLOW    |     2.821 | FAST    |
B_i[1][3][4]   | C_o[3][3][5]   |     5.674 | SLOW    |     2.703 | FAST    |
B_i[1][3][4]   | C_o[3][3][6]   |     5.904 | SLOW    |     2.594 | FAST    |
B_i[1][3][5]   | C_o[0][3][5]   |     5.658 | SLOW    |     2.985 | FAST    |
B_i[1][3][5]   | C_o[0][3][6]   |     5.888 | SLOW    |     2.876 | FAST    |
B_i[1][3][5]   | C_o[1][3][5]   |     5.658 | SLOW    |     2.985 | FAST    |
B_i[1][3][5]   | C_o[1][3][6]   |     5.888 | SLOW    |     2.876 | FAST    |
B_i[1][3][5]   | C_o[2][3][5]   |     5.658 | SLOW    |     2.985 | FAST    |
B_i[1][3][5]   | C_o[2][3][6]   |     5.888 | SLOW    |     2.876 | FAST    |
B_i[1][3][5]   | C_o[3][3][5]   |     5.658 | SLOW    |     2.985 | FAST    |
B_i[1][3][5]   | C_o[3][3][6]   |     5.888 | SLOW    |     2.876 | FAST    |
B_i[1][3][6]   | C_o[0][3][6]   |     5.500 | SLOW    |     2.887 | FAST    |
B_i[1][3][6]   | C_o[1][3][6]   |     5.500 | SLOW    |     2.887 | FAST    |
B_i[1][3][6]   | C_o[2][3][6]   |     5.500 | SLOW    |     2.887 | FAST    |
B_i[1][3][6]   | C_o[3][3][6]   |     5.500 | SLOW    |     2.887 | FAST    |
B_i[2][0][0]   | C_o[0][0][0]   |     4.591 | SLOW    |     2.384 | FAST    |
B_i[2][0][0]   | C_o[0][0][1]   |     4.867 | SLOW    |     2.384 | FAST    |
B_i[2][0][0]   | C_o[0][0][2]   |     4.998 | SLOW    |     2.496 | FAST    |
B_i[2][0][0]   | C_o[0][0][3]   |     5.368 | SLOW    |     2.511 | FAST    |
B_i[2][0][0]   | C_o[0][0][4]   |     5.424 | SLOW    |     2.496 | FAST    |
B_i[2][0][0]   | C_o[0][0][5]   |     5.700 | SLOW    |     2.496 | FAST    |
B_i[2][0][0]   | C_o[0][0][6]   |     5.909 | SLOW    |     2.544 | FAST    |
B_i[2][0][0]   | C_o[1][0][0]   |     4.591 | SLOW    |     2.384 | FAST    |
B_i[2][0][0]   | C_o[1][0][1]   |     4.867 | SLOW    |     2.384 | FAST    |
B_i[2][0][0]   | C_o[1][0][2]   |     4.998 | SLOW    |     2.496 | FAST    |
B_i[2][0][0]   | C_o[1][0][3]   |     5.368 | SLOW    |     2.511 | FAST    |
B_i[2][0][0]   | C_o[1][0][4]   |     5.446 | SLOW    |     2.496 | FAST    |
B_i[2][0][0]   | C_o[1][0][5]   |     5.700 | SLOW    |     2.496 | FAST    |
B_i[2][0][0]   | C_o[1][0][6]   |     5.909 | SLOW    |     2.544 | FAST    |
B_i[2][0][0]   | C_o[2][0][0]   |     4.591 | SLOW    |     2.384 | FAST    |
B_i[2][0][0]   | C_o[2][0][1]   |     4.867 | SLOW    |     2.384 | FAST    |
B_i[2][0][0]   | C_o[2][0][2]   |     4.998 | SLOW    |     2.496 | FAST    |
B_i[2][0][0]   | C_o[2][0][3]   |     5.368 | SLOW    |     2.511 | FAST    |
B_i[2][0][0]   | C_o[2][0][4]   |     5.424 | SLOW    |     2.496 | FAST    |
B_i[2][0][0]   | C_o[2][0][5]   |     5.700 | SLOW    |     2.496 | FAST    |
B_i[2][0][0]   | C_o[2][0][6]   |     5.909 | SLOW    |     2.544 | FAST    |
B_i[2][0][0]   | C_o[3][0][0]   |     4.591 | SLOW    |     2.384 | FAST    |
B_i[2][0][0]   | C_o[3][0][1]   |     4.867 | SLOW    |     2.384 | FAST    |
B_i[2][0][0]   | C_o[3][0][2]   |     4.998 | SLOW    |     2.496 | FAST    |
B_i[2][0][0]   | C_o[3][0][3]   |     5.368 | SLOW    |     2.511 | FAST    |
B_i[2][0][0]   | C_o[3][0][4]   |     5.446 | SLOW    |     2.496 | FAST    |
B_i[2][0][0]   | C_o[3][0][5]   |     5.700 | SLOW    |     2.496 | FAST    |
B_i[2][0][0]   | C_o[3][0][6]   |     5.909 | SLOW    |     2.544 | FAST    |
B_i[2][0][1]   | C_o[0][0][1]   |     4.784 | SLOW    |     2.495 | FAST    |
B_i[2][0][1]   | C_o[0][0][2]   |     5.092 | SLOW    |     2.497 | FAST    |
B_i[2][0][1]   | C_o[0][0][3]   |     5.462 | SLOW    |     2.497 | FAST    |
B_i[2][0][1]   | C_o[0][0][4]   |     5.607 | SLOW    |     2.541 | FAST    |
B_i[2][0][1]   | C_o[0][0][5]   |     5.702 | SLOW    |     2.541 | FAST    |
B_i[2][0][1]   | C_o[0][0][6]   |     5.911 | SLOW    |     2.555 | FAST    |
B_i[2][0][1]   | C_o[1][0][1]   |     4.784 | SLOW    |     2.495 | FAST    |
B_i[2][0][1]   | C_o[1][0][2]   |     5.092 | SLOW    |     2.497 | FAST    |
B_i[2][0][1]   | C_o[1][0][3]   |     5.462 | SLOW    |     2.497 | FAST    |
B_i[2][0][1]   | C_o[1][0][4]   |     5.607 | SLOW    |     2.541 | FAST    |
B_i[2][0][1]   | C_o[1][0][5]   |     5.702 | SLOW    |     2.541 | FAST    |
B_i[2][0][1]   | C_o[1][0][6]   |     5.911 | SLOW    |     2.555 | FAST    |
B_i[2][0][1]   | C_o[2][0][1]   |     4.784 | SLOW    |     2.495 | FAST    |
B_i[2][0][1]   | C_o[2][0][2]   |     5.092 | SLOW    |     2.497 | FAST    |
B_i[2][0][1]   | C_o[2][0][3]   |     5.462 | SLOW    |     2.497 | FAST    |
B_i[2][0][1]   | C_o[2][0][4]   |     5.607 | SLOW    |     2.541 | FAST    |
B_i[2][0][1]   | C_o[2][0][5]   |     5.702 | SLOW    |     2.541 | FAST    |
B_i[2][0][1]   | C_o[2][0][6]   |     5.911 | SLOW    |     2.555 | FAST    |
B_i[2][0][1]   | C_o[3][0][1]   |     4.784 | SLOW    |     2.495 | FAST    |
B_i[2][0][1]   | C_o[3][0][2]   |     5.092 | SLOW    |     2.497 | FAST    |
B_i[2][0][1]   | C_o[3][0][3]   |     5.462 | SLOW    |     2.497 | FAST    |
B_i[2][0][1]   | C_o[3][0][4]   |     5.607 | SLOW    |     2.541 | FAST    |
B_i[2][0][1]   | C_o[3][0][5]   |     5.702 | SLOW    |     2.541 | FAST    |
B_i[2][0][1]   | C_o[3][0][6]   |     5.911 | SLOW    |     2.555 | FAST    |
B_i[2][0][2]   | C_o[0][0][2]   |     5.091 | SLOW    |     2.668 | FAST    |
B_i[2][0][2]   | C_o[0][0][3]   |     5.461 | SLOW    |     2.686 | FAST    |
B_i[2][0][2]   | C_o[0][0][4]   |     5.606 | SLOW    |     2.604 | FAST    |
B_i[2][0][2]   | C_o[0][0][5]   |     5.691 | SLOW    |     2.601 | FAST    |
B_i[2][0][2]   | C_o[0][0][6]   |     5.900 | SLOW    |     2.592 | FAST    |
B_i[2][0][2]   | C_o[1][0][2]   |     5.091 | SLOW    |     2.668 | FAST    |
B_i[2][0][2]   | C_o[1][0][3]   |     5.461 | SLOW    |     2.686 | FAST    |
B_i[2][0][2]   | C_o[1][0][4]   |     5.606 | SLOW    |     2.604 | FAST    |
B_i[2][0][2]   | C_o[1][0][5]   |     5.691 | SLOW    |     2.601 | FAST    |
B_i[2][0][2]   | C_o[1][0][6]   |     5.900 | SLOW    |     2.592 | FAST    |
B_i[2][0][2]   | C_o[2][0][2]   |     5.091 | SLOW    |     2.668 | FAST    |
B_i[2][0][2]   | C_o[2][0][3]   |     5.461 | SLOW    |     2.686 | FAST    |
B_i[2][0][2]   | C_o[2][0][4]   |     5.606 | SLOW    |     2.604 | FAST    |
B_i[2][0][2]   | C_o[2][0][5]   |     5.691 | SLOW    |     2.601 | FAST    |
B_i[2][0][2]   | C_o[2][0][6]   |     5.900 | SLOW    |     2.592 | FAST    |
B_i[2][0][2]   | C_o[3][0][2]   |     5.091 | SLOW    |     2.668 | FAST    |
B_i[2][0][2]   | C_o[3][0][3]   |     5.461 | SLOW    |     2.686 | FAST    |
B_i[2][0][2]   | C_o[3][0][4]   |     5.606 | SLOW    |     2.604 | FAST    |
B_i[2][0][2]   | C_o[3][0][5]   |     5.691 | SLOW    |     2.601 | FAST    |
B_i[2][0][2]   | C_o[3][0][6]   |     5.900 | SLOW    |     2.592 | FAST    |
B_i[2][0][3]   | C_o[0][0][3]   |     5.368 | SLOW    |     2.810 | FAST    |
B_i[2][0][3]   | C_o[0][0][4]   |     5.568 | SLOW    |     2.650 | FAST    |
B_i[2][0][3]   | C_o[0][0][5]   |     5.683 | SLOW    |     2.647 | FAST    |
B_i[2][0][3]   | C_o[0][0][6]   |     5.892 | SLOW    |     2.571 | FAST    |
B_i[2][0][3]   | C_o[1][0][3]   |     5.368 | SLOW    |     2.810 | FAST    |
B_i[2][0][3]   | C_o[1][0][4]   |     5.568 | SLOW    |     2.650 | FAST    |
B_i[2][0][3]   | C_o[1][0][5]   |     5.683 | SLOW    |     2.647 | FAST    |
B_i[2][0][3]   | C_o[1][0][6]   |     5.892 | SLOW    |     2.571 | FAST    |
B_i[2][0][3]   | C_o[2][0][3]   |     5.368 | SLOW    |     2.810 | FAST    |
B_i[2][0][3]   | C_o[2][0][4]   |     5.568 | SLOW    |     2.650 | FAST    |
B_i[2][0][3]   | C_o[2][0][5]   |     5.683 | SLOW    |     2.647 | FAST    |
B_i[2][0][3]   | C_o[2][0][6]   |     5.892 | SLOW    |     2.571 | FAST    |
B_i[2][0][3]   | C_o[3][0][3]   |     5.368 | SLOW    |     2.810 | FAST    |
B_i[2][0][3]   | C_o[3][0][4]   |     5.568 | SLOW    |     2.650 | FAST    |
B_i[2][0][3]   | C_o[3][0][5]   |     5.683 | SLOW    |     2.647 | FAST    |
B_i[2][0][3]   | C_o[3][0][6]   |     5.892 | SLOW    |     2.571 | FAST    |
B_i[2][0][4]   | C_o[0][0][4]   |     5.382 | SLOW    |     2.819 | FAST    |
B_i[2][0][4]   | C_o[0][0][5]   |     5.680 | SLOW    |     2.701 | FAST    |
B_i[2][0][4]   | C_o[0][0][6]   |     5.889 | SLOW    |     2.592 | FAST    |
B_i[2][0][4]   | C_o[1][0][4]   |     5.382 | SLOW    |     2.819 | FAST    |
B_i[2][0][4]   | C_o[1][0][5]   |     5.680 | SLOW    |     2.701 | FAST    |
B_i[2][0][4]   | C_o[1][0][6]   |     5.889 | SLOW    |     2.592 | FAST    |
B_i[2][0][4]   | C_o[2][0][4]   |     5.382 | SLOW    |     2.819 | FAST    |
B_i[2][0][4]   | C_o[2][0][5]   |     5.680 | SLOW    |     2.701 | FAST    |
B_i[2][0][4]   | C_o[2][0][6]   |     5.889 | SLOW    |     2.592 | FAST    |
B_i[2][0][4]   | C_o[3][0][4]   |     5.382 | SLOW    |     2.819 | FAST    |
B_i[2][0][4]   | C_o[3][0][5]   |     5.680 | SLOW    |     2.701 | FAST    |
B_i[2][0][4]   | C_o[3][0][6]   |     5.889 | SLOW    |     2.592 | FAST    |
B_i[2][0][5]   | C_o[0][0][5]   |     5.664 | SLOW    |     2.983 | FAST    |
B_i[2][0][5]   | C_o[0][0][6]   |     5.873 | SLOW    |     2.874 | FAST    |
B_i[2][0][5]   | C_o[1][0][5]   |     5.664 | SLOW    |     2.983 | FAST    |
B_i[2][0][5]   | C_o[1][0][6]   |     5.873 | SLOW    |     2.874 | FAST    |
B_i[2][0][5]   | C_o[2][0][5]   |     5.664 | SLOW    |     2.983 | FAST    |
B_i[2][0][5]   | C_o[2][0][6]   |     5.873 | SLOW    |     2.874 | FAST    |
B_i[2][0][5]   | C_o[3][0][5]   |     5.664 | SLOW    |     2.983 | FAST    |
B_i[2][0][5]   | C_o[3][0][6]   |     5.873 | SLOW    |     2.874 | FAST    |
B_i[2][0][6]   | C_o[0][0][6]   |     5.485 | SLOW    |     2.883 | FAST    |
B_i[2][0][6]   | C_o[1][0][6]   |     5.485 | SLOW    |     2.883 | FAST    |
B_i[2][0][6]   | C_o[2][0][6]   |     5.485 | SLOW    |     2.883 | FAST    |
B_i[2][0][6]   | C_o[3][0][6]   |     5.485 | SLOW    |     2.883 | FAST    |
B_i[2][1][0]   | C_o[0][1][0]   |     4.591 | SLOW    |     2.384 | FAST    |
B_i[2][1][0]   | C_o[0][1][1]   |     4.867 | SLOW    |     2.384 | FAST    |
B_i[2][1][0]   | C_o[0][1][2]   |     4.998 | SLOW    |     2.496 | FAST    |
B_i[2][1][0]   | C_o[0][1][3]   |     5.368 | SLOW    |     2.511 | FAST    |
B_i[2][1][0]   | C_o[0][1][4]   |     5.424 | SLOW    |     2.496 | FAST    |
B_i[2][1][0]   | C_o[0][1][5]   |     5.700 | SLOW    |     2.496 | FAST    |
B_i[2][1][0]   | C_o[0][1][6]   |     5.909 | SLOW    |     2.544 | FAST    |
B_i[2][1][0]   | C_o[1][1][0]   |     4.591 | SLOW    |     2.384 | FAST    |
B_i[2][1][0]   | C_o[1][1][1]   |     4.867 | SLOW    |     2.384 | FAST    |
B_i[2][1][0]   | C_o[1][1][2]   |     4.998 | SLOW    |     2.496 | FAST    |
B_i[2][1][0]   | C_o[1][1][3]   |     5.368 | SLOW    |     2.511 | FAST    |
B_i[2][1][0]   | C_o[1][1][4]   |     5.446 | SLOW    |     2.496 | FAST    |
B_i[2][1][0]   | C_o[1][1][5]   |     5.700 | SLOW    |     2.496 | FAST    |
B_i[2][1][0]   | C_o[1][1][6]   |     5.909 | SLOW    |     2.544 | FAST    |
B_i[2][1][0]   | C_o[2][1][0]   |     4.591 | SLOW    |     2.384 | FAST    |
B_i[2][1][0]   | C_o[2][1][1]   |     4.867 | SLOW    |     2.384 | FAST    |
B_i[2][1][0]   | C_o[2][1][2]   |     4.998 | SLOW    |     2.496 | FAST    |
B_i[2][1][0]   | C_o[2][1][3]   |     5.368 | SLOW    |     2.511 | FAST    |
B_i[2][1][0]   | C_o[2][1][4]   |     5.424 | SLOW    |     2.496 | FAST    |
B_i[2][1][0]   | C_o[2][1][5]   |     5.700 | SLOW    |     2.496 | FAST    |
B_i[2][1][0]   | C_o[2][1][6]   |     5.909 | SLOW    |     2.544 | FAST    |
B_i[2][1][0]   | C_o[3][1][0]   |     4.591 | SLOW    |     2.384 | FAST    |
B_i[2][1][0]   | C_o[3][1][1]   |     4.867 | SLOW    |     2.384 | FAST    |
B_i[2][1][0]   | C_o[3][1][2]   |     4.998 | SLOW    |     2.496 | FAST    |
B_i[2][1][0]   | C_o[3][1][3]   |     5.368 | SLOW    |     2.511 | FAST    |
B_i[2][1][0]   | C_o[3][1][4]   |     5.446 | SLOW    |     2.496 | FAST    |
B_i[2][1][0]   | C_o[3][1][5]   |     5.700 | SLOW    |     2.496 | FAST    |
B_i[2][1][0]   | C_o[3][1][6]   |     5.909 | SLOW    |     2.544 | FAST    |
B_i[2][1][1]   | C_o[0][1][1]   |     4.784 | SLOW    |     2.495 | FAST    |
B_i[2][1][1]   | C_o[0][1][2]   |     5.092 | SLOW    |     2.497 | FAST    |
B_i[2][1][1]   | C_o[0][1][3]   |     5.462 | SLOW    |     2.497 | FAST    |
B_i[2][1][1]   | C_o[0][1][4]   |     5.607 | SLOW    |     2.541 | FAST    |
B_i[2][1][1]   | C_o[0][1][5]   |     5.702 | SLOW    |     2.541 | FAST    |
B_i[2][1][1]   | C_o[0][1][6]   |     5.911 | SLOW    |     2.555 | FAST    |
B_i[2][1][1]   | C_o[1][1][1]   |     4.784 | SLOW    |     2.495 | FAST    |
B_i[2][1][1]   | C_o[1][1][2]   |     5.092 | SLOW    |     2.497 | FAST    |
B_i[2][1][1]   | C_o[1][1][3]   |     5.462 | SLOW    |     2.497 | FAST    |
B_i[2][1][1]   | C_o[1][1][4]   |     5.607 | SLOW    |     2.541 | FAST    |
B_i[2][1][1]   | C_o[1][1][5]   |     5.702 | SLOW    |     2.541 | FAST    |
B_i[2][1][1]   | C_o[1][1][6]   |     5.911 | SLOW    |     2.555 | FAST    |
B_i[2][1][1]   | C_o[2][1][1]   |     4.784 | SLOW    |     2.495 | FAST    |
B_i[2][1][1]   | C_o[2][1][2]   |     5.092 | SLOW    |     2.497 | FAST    |
B_i[2][1][1]   | C_o[2][1][3]   |     5.462 | SLOW    |     2.497 | FAST    |
B_i[2][1][1]   | C_o[2][1][4]   |     5.607 | SLOW    |     2.541 | FAST    |
B_i[2][1][1]   | C_o[2][1][5]   |     5.702 | SLOW    |     2.541 | FAST    |
B_i[2][1][1]   | C_o[2][1][6]   |     5.911 | SLOW    |     2.555 | FAST    |
B_i[2][1][1]   | C_o[3][1][1]   |     4.784 | SLOW    |     2.495 | FAST    |
B_i[2][1][1]   | C_o[3][1][2]   |     5.092 | SLOW    |     2.497 | FAST    |
B_i[2][1][1]   | C_o[3][1][3]   |     5.462 | SLOW    |     2.497 | FAST    |
B_i[2][1][1]   | C_o[3][1][4]   |     5.607 | SLOW    |     2.541 | FAST    |
B_i[2][1][1]   | C_o[3][1][5]   |     5.702 | SLOW    |     2.541 | FAST    |
B_i[2][1][1]   | C_o[3][1][6]   |     5.911 | SLOW    |     2.555 | FAST    |
B_i[2][1][2]   | C_o[0][1][2]   |     5.091 | SLOW    |     2.668 | FAST    |
B_i[2][1][2]   | C_o[0][1][3]   |     5.461 | SLOW    |     2.686 | FAST    |
B_i[2][1][2]   | C_o[0][1][4]   |     5.606 | SLOW    |     2.604 | FAST    |
B_i[2][1][2]   | C_o[0][1][5]   |     5.691 | SLOW    |     2.601 | FAST    |
B_i[2][1][2]   | C_o[0][1][6]   |     5.900 | SLOW    |     2.592 | FAST    |
B_i[2][1][2]   | C_o[1][1][2]   |     5.091 | SLOW    |     2.668 | FAST    |
B_i[2][1][2]   | C_o[1][1][3]   |     5.461 | SLOW    |     2.686 | FAST    |
B_i[2][1][2]   | C_o[1][1][4]   |     5.606 | SLOW    |     2.604 | FAST    |
B_i[2][1][2]   | C_o[1][1][5]   |     5.691 | SLOW    |     2.601 | FAST    |
B_i[2][1][2]   | C_o[1][1][6]   |     5.900 | SLOW    |     2.592 | FAST    |
B_i[2][1][2]   | C_o[2][1][2]   |     5.091 | SLOW    |     2.668 | FAST    |
B_i[2][1][2]   | C_o[2][1][3]   |     5.461 | SLOW    |     2.686 | FAST    |
B_i[2][1][2]   | C_o[2][1][4]   |     5.606 | SLOW    |     2.604 | FAST    |
B_i[2][1][2]   | C_o[2][1][5]   |     5.691 | SLOW    |     2.601 | FAST    |
B_i[2][1][2]   | C_o[2][1][6]   |     5.900 | SLOW    |     2.592 | FAST    |
B_i[2][1][2]   | C_o[3][1][2]   |     5.091 | SLOW    |     2.668 | FAST    |
B_i[2][1][2]   | C_o[3][1][3]   |     5.461 | SLOW    |     2.686 | FAST    |
B_i[2][1][2]   | C_o[3][1][4]   |     5.606 | SLOW    |     2.604 | FAST    |
B_i[2][1][2]   | C_o[3][1][5]   |     5.691 | SLOW    |     2.601 | FAST    |
B_i[2][1][2]   | C_o[3][1][6]   |     5.900 | SLOW    |     2.592 | FAST    |
B_i[2][1][3]   | C_o[0][1][3]   |     5.368 | SLOW    |     2.810 | FAST    |
B_i[2][1][3]   | C_o[0][1][4]   |     5.568 | SLOW    |     2.650 | FAST    |
B_i[2][1][3]   | C_o[0][1][5]   |     5.683 | SLOW    |     2.647 | FAST    |
B_i[2][1][3]   | C_o[0][1][6]   |     5.892 | SLOW    |     2.571 | FAST    |
B_i[2][1][3]   | C_o[1][1][3]   |     5.368 | SLOW    |     2.810 | FAST    |
B_i[2][1][3]   | C_o[1][1][4]   |     5.568 | SLOW    |     2.650 | FAST    |
B_i[2][1][3]   | C_o[1][1][5]   |     5.683 | SLOW    |     2.647 | FAST    |
B_i[2][1][3]   | C_o[1][1][6]   |     5.892 | SLOW    |     2.571 | FAST    |
B_i[2][1][3]   | C_o[2][1][3]   |     5.368 | SLOW    |     2.810 | FAST    |
B_i[2][1][3]   | C_o[2][1][4]   |     5.568 | SLOW    |     2.650 | FAST    |
B_i[2][1][3]   | C_o[2][1][5]   |     5.683 | SLOW    |     2.647 | FAST    |
B_i[2][1][3]   | C_o[2][1][6]   |     5.892 | SLOW    |     2.571 | FAST    |
B_i[2][1][3]   | C_o[3][1][3]   |     5.368 | SLOW    |     2.810 | FAST    |
B_i[2][1][3]   | C_o[3][1][4]   |     5.568 | SLOW    |     2.650 | FAST    |
B_i[2][1][3]   | C_o[3][1][5]   |     5.683 | SLOW    |     2.647 | FAST    |
B_i[2][1][3]   | C_o[3][1][6]   |     5.892 | SLOW    |     2.571 | FAST    |
B_i[2][1][4]   | C_o[0][1][4]   |     5.382 | SLOW    |     2.819 | FAST    |
B_i[2][1][4]   | C_o[0][1][5]   |     5.680 | SLOW    |     2.701 | FAST    |
B_i[2][1][4]   | C_o[0][1][6]   |     5.889 | SLOW    |     2.592 | FAST    |
B_i[2][1][4]   | C_o[1][1][4]   |     5.382 | SLOW    |     2.819 | FAST    |
B_i[2][1][4]   | C_o[1][1][5]   |     5.680 | SLOW    |     2.701 | FAST    |
B_i[2][1][4]   | C_o[1][1][6]   |     5.889 | SLOW    |     2.592 | FAST    |
B_i[2][1][4]   | C_o[2][1][4]   |     5.382 | SLOW    |     2.819 | FAST    |
B_i[2][1][4]   | C_o[2][1][5]   |     5.680 | SLOW    |     2.701 | FAST    |
B_i[2][1][4]   | C_o[2][1][6]   |     5.889 | SLOW    |     2.592 | FAST    |
B_i[2][1][4]   | C_o[3][1][4]   |     5.382 | SLOW    |     2.819 | FAST    |
B_i[2][1][4]   | C_o[3][1][5]   |     5.680 | SLOW    |     2.701 | FAST    |
B_i[2][1][4]   | C_o[3][1][6]   |     5.889 | SLOW    |     2.592 | FAST    |
B_i[2][1][5]   | C_o[0][1][5]   |     5.664 | SLOW    |     2.983 | FAST    |
B_i[2][1][5]   | C_o[0][1][6]   |     5.873 | SLOW    |     2.874 | FAST    |
B_i[2][1][5]   | C_o[1][1][5]   |     5.664 | SLOW    |     2.983 | FAST    |
B_i[2][1][5]   | C_o[1][1][6]   |     5.873 | SLOW    |     2.874 | FAST    |
B_i[2][1][5]   | C_o[2][1][5]   |     5.664 | SLOW    |     2.983 | FAST    |
B_i[2][1][5]   | C_o[2][1][6]   |     5.873 | SLOW    |     2.874 | FAST    |
B_i[2][1][5]   | C_o[3][1][5]   |     5.664 | SLOW    |     2.983 | FAST    |
B_i[2][1][5]   | C_o[3][1][6]   |     5.873 | SLOW    |     2.874 | FAST    |
B_i[2][1][6]   | C_o[0][1][6]   |     5.485 | SLOW    |     2.883 | FAST    |
B_i[2][1][6]   | C_o[1][1][6]   |     5.485 | SLOW    |     2.883 | FAST    |
B_i[2][1][6]   | C_o[2][1][6]   |     5.485 | SLOW    |     2.883 | FAST    |
B_i[2][1][6]   | C_o[3][1][6]   |     5.485 | SLOW    |     2.883 | FAST    |
B_i[2][2][0]   | C_o[0][2][0]   |     4.591 | SLOW    |     2.384 | FAST    |
B_i[2][2][0]   | C_o[0][2][1]   |     4.867 | SLOW    |     2.384 | FAST    |
B_i[2][2][0]   | C_o[0][2][2]   |     4.998 | SLOW    |     2.496 | FAST    |
B_i[2][2][0]   | C_o[0][2][3]   |     5.368 | SLOW    |     2.511 | FAST    |
B_i[2][2][0]   | C_o[0][2][4]   |     5.424 | SLOW    |     2.496 | FAST    |
B_i[2][2][0]   | C_o[0][2][5]   |     5.700 | SLOW    |     2.496 | FAST    |
B_i[2][2][0]   | C_o[0][2][6]   |     5.909 | SLOW    |     2.544 | FAST    |
B_i[2][2][0]   | C_o[1][2][0]   |     4.591 | SLOW    |     2.384 | FAST    |
B_i[2][2][0]   | C_o[1][2][1]   |     4.867 | SLOW    |     2.384 | FAST    |
B_i[2][2][0]   | C_o[1][2][2]   |     4.998 | SLOW    |     2.496 | FAST    |
B_i[2][2][0]   | C_o[1][2][3]   |     5.368 | SLOW    |     2.511 | FAST    |
B_i[2][2][0]   | C_o[1][2][4]   |     5.446 | SLOW    |     2.496 | FAST    |
B_i[2][2][0]   | C_o[1][2][5]   |     5.700 | SLOW    |     2.496 | FAST    |
B_i[2][2][0]   | C_o[1][2][6]   |     5.909 | SLOW    |     2.544 | FAST    |
B_i[2][2][0]   | C_o[2][2][0]   |     4.591 | SLOW    |     2.384 | FAST    |
B_i[2][2][0]   | C_o[2][2][1]   |     4.867 | SLOW    |     2.384 | FAST    |
B_i[2][2][0]   | C_o[2][2][2]   |     4.998 | SLOW    |     2.496 | FAST    |
B_i[2][2][0]   | C_o[2][2][3]   |     5.368 | SLOW    |     2.511 | FAST    |
B_i[2][2][0]   | C_o[2][2][4]   |     5.424 | SLOW    |     2.496 | FAST    |
B_i[2][2][0]   | C_o[2][2][5]   |     5.700 | SLOW    |     2.496 | FAST    |
B_i[2][2][0]   | C_o[2][2][6]   |     5.909 | SLOW    |     2.544 | FAST    |
B_i[2][2][0]   | C_o[3][2][0]   |     4.591 | SLOW    |     2.384 | FAST    |
B_i[2][2][0]   | C_o[3][2][1]   |     4.867 | SLOW    |     2.384 | FAST    |
B_i[2][2][0]   | C_o[3][2][2]   |     4.998 | SLOW    |     2.496 | FAST    |
B_i[2][2][0]   | C_o[3][2][3]   |     5.368 | SLOW    |     2.511 | FAST    |
B_i[2][2][0]   | C_o[3][2][4]   |     5.446 | SLOW    |     2.496 | FAST    |
B_i[2][2][0]   | C_o[3][2][5]   |     5.700 | SLOW    |     2.496 | FAST    |
B_i[2][2][0]   | C_o[3][2][6]   |     5.909 | SLOW    |     2.544 | FAST    |
B_i[2][2][1]   | C_o[0][2][1]   |     4.784 | SLOW    |     2.495 | FAST    |
B_i[2][2][1]   | C_o[0][2][2]   |     5.092 | SLOW    |     2.497 | FAST    |
B_i[2][2][1]   | C_o[0][2][3]   |     5.462 | SLOW    |     2.497 | FAST    |
B_i[2][2][1]   | C_o[0][2][4]   |     5.607 | SLOW    |     2.541 | FAST    |
B_i[2][2][1]   | C_o[0][2][5]   |     5.702 | SLOW    |     2.541 | FAST    |
B_i[2][2][1]   | C_o[0][2][6]   |     5.911 | SLOW    |     2.555 | FAST    |
B_i[2][2][1]   | C_o[1][2][1]   |     4.784 | SLOW    |     2.495 | FAST    |
B_i[2][2][1]   | C_o[1][2][2]   |     5.092 | SLOW    |     2.497 | FAST    |
B_i[2][2][1]   | C_o[1][2][3]   |     5.462 | SLOW    |     2.497 | FAST    |
B_i[2][2][1]   | C_o[1][2][4]   |     5.607 | SLOW    |     2.541 | FAST    |
B_i[2][2][1]   | C_o[1][2][5]   |     5.702 | SLOW    |     2.541 | FAST    |
B_i[2][2][1]   | C_o[1][2][6]   |     5.911 | SLOW    |     2.555 | FAST    |
B_i[2][2][1]   | C_o[2][2][1]   |     4.784 | SLOW    |     2.495 | FAST    |
B_i[2][2][1]   | C_o[2][2][2]   |     5.092 | SLOW    |     2.497 | FAST    |
B_i[2][2][1]   | C_o[2][2][3]   |     5.462 | SLOW    |     2.497 | FAST    |
B_i[2][2][1]   | C_o[2][2][4]   |     5.607 | SLOW    |     2.541 | FAST    |
B_i[2][2][1]   | C_o[2][2][5]   |     5.702 | SLOW    |     2.541 | FAST    |
B_i[2][2][1]   | C_o[2][2][6]   |     5.911 | SLOW    |     2.555 | FAST    |
B_i[2][2][1]   | C_o[3][2][1]   |     4.784 | SLOW    |     2.495 | FAST    |
B_i[2][2][1]   | C_o[3][2][2]   |     5.092 | SLOW    |     2.497 | FAST    |
B_i[2][2][1]   | C_o[3][2][3]   |     5.462 | SLOW    |     2.497 | FAST    |
B_i[2][2][1]   | C_o[3][2][4]   |     5.607 | SLOW    |     2.541 | FAST    |
B_i[2][2][1]   | C_o[3][2][5]   |     5.702 | SLOW    |     2.541 | FAST    |
B_i[2][2][1]   | C_o[3][2][6]   |     5.911 | SLOW    |     2.555 | FAST    |
B_i[2][2][2]   | C_o[0][2][2]   |     5.091 | SLOW    |     2.668 | FAST    |
B_i[2][2][2]   | C_o[0][2][3]   |     5.461 | SLOW    |     2.686 | FAST    |
B_i[2][2][2]   | C_o[0][2][4]   |     5.606 | SLOW    |     2.604 | FAST    |
B_i[2][2][2]   | C_o[0][2][5]   |     5.691 | SLOW    |     2.601 | FAST    |
B_i[2][2][2]   | C_o[0][2][6]   |     5.900 | SLOW    |     2.592 | FAST    |
B_i[2][2][2]   | C_o[1][2][2]   |     5.091 | SLOW    |     2.668 | FAST    |
B_i[2][2][2]   | C_o[1][2][3]   |     5.461 | SLOW    |     2.686 | FAST    |
B_i[2][2][2]   | C_o[1][2][4]   |     5.606 | SLOW    |     2.604 | FAST    |
B_i[2][2][2]   | C_o[1][2][5]   |     5.691 | SLOW    |     2.601 | FAST    |
B_i[2][2][2]   | C_o[1][2][6]   |     5.900 | SLOW    |     2.592 | FAST    |
B_i[2][2][2]   | C_o[2][2][2]   |     5.091 | SLOW    |     2.668 | FAST    |
B_i[2][2][2]   | C_o[2][2][3]   |     5.461 | SLOW    |     2.686 | FAST    |
B_i[2][2][2]   | C_o[2][2][4]   |     5.606 | SLOW    |     2.604 | FAST    |
B_i[2][2][2]   | C_o[2][2][5]   |     5.691 | SLOW    |     2.601 | FAST    |
B_i[2][2][2]   | C_o[2][2][6]   |     5.900 | SLOW    |     2.592 | FAST    |
B_i[2][2][2]   | C_o[3][2][2]   |     5.091 | SLOW    |     2.668 | FAST    |
B_i[2][2][2]   | C_o[3][2][3]   |     5.461 | SLOW    |     2.686 | FAST    |
B_i[2][2][2]   | C_o[3][2][4]   |     5.606 | SLOW    |     2.604 | FAST    |
B_i[2][2][2]   | C_o[3][2][5]   |     5.691 | SLOW    |     2.601 | FAST    |
B_i[2][2][2]   | C_o[3][2][6]   |     5.900 | SLOW    |     2.592 | FAST    |
B_i[2][2][3]   | C_o[0][2][3]   |     5.368 | SLOW    |     2.810 | FAST    |
B_i[2][2][3]   | C_o[0][2][4]   |     5.568 | SLOW    |     2.650 | FAST    |
B_i[2][2][3]   | C_o[0][2][5]   |     5.683 | SLOW    |     2.647 | FAST    |
B_i[2][2][3]   | C_o[0][2][6]   |     5.892 | SLOW    |     2.571 | FAST    |
B_i[2][2][3]   | C_o[1][2][3]   |     5.368 | SLOW    |     2.810 | FAST    |
B_i[2][2][3]   | C_o[1][2][4]   |     5.568 | SLOW    |     2.650 | FAST    |
B_i[2][2][3]   | C_o[1][2][5]   |     5.683 | SLOW    |     2.647 | FAST    |
B_i[2][2][3]   | C_o[1][2][6]   |     5.892 | SLOW    |     2.571 | FAST    |
B_i[2][2][3]   | C_o[2][2][3]   |     5.368 | SLOW    |     2.810 | FAST    |
B_i[2][2][3]   | C_o[2][2][4]   |     5.568 | SLOW    |     2.650 | FAST    |
B_i[2][2][3]   | C_o[2][2][5]   |     5.683 | SLOW    |     2.647 | FAST    |
B_i[2][2][3]   | C_o[2][2][6]   |     5.892 | SLOW    |     2.571 | FAST    |
B_i[2][2][3]   | C_o[3][2][3]   |     5.368 | SLOW    |     2.810 | FAST    |
B_i[2][2][3]   | C_o[3][2][4]   |     5.568 | SLOW    |     2.650 | FAST    |
B_i[2][2][3]   | C_o[3][2][5]   |     5.683 | SLOW    |     2.647 | FAST    |
B_i[2][2][3]   | C_o[3][2][6]   |     5.892 | SLOW    |     2.571 | FAST    |
B_i[2][2][4]   | C_o[0][2][4]   |     5.382 | SLOW    |     2.819 | FAST    |
B_i[2][2][4]   | C_o[0][2][5]   |     5.680 | SLOW    |     2.701 | FAST    |
B_i[2][2][4]   | C_o[0][2][6]   |     5.889 | SLOW    |     2.592 | FAST    |
B_i[2][2][4]   | C_o[1][2][4]   |     5.382 | SLOW    |     2.819 | FAST    |
B_i[2][2][4]   | C_o[1][2][5]   |     5.680 | SLOW    |     2.701 | FAST    |
B_i[2][2][4]   | C_o[1][2][6]   |     5.889 | SLOW    |     2.592 | FAST    |
B_i[2][2][4]   | C_o[2][2][4]   |     5.382 | SLOW    |     2.819 | FAST    |
B_i[2][2][4]   | C_o[2][2][5]   |     5.680 | SLOW    |     2.701 | FAST    |
B_i[2][2][4]   | C_o[2][2][6]   |     5.889 | SLOW    |     2.592 | FAST    |
B_i[2][2][4]   | C_o[3][2][4]   |     5.382 | SLOW    |     2.819 | FAST    |
B_i[2][2][4]   | C_o[3][2][5]   |     5.680 | SLOW    |     2.701 | FAST    |
B_i[2][2][4]   | C_o[3][2][6]   |     5.889 | SLOW    |     2.592 | FAST    |
B_i[2][2][5]   | C_o[0][2][5]   |     5.664 | SLOW    |     2.983 | FAST    |
B_i[2][2][5]   | C_o[0][2][6]   |     5.873 | SLOW    |     2.874 | FAST    |
B_i[2][2][5]   | C_o[1][2][5]   |     5.664 | SLOW    |     2.983 | FAST    |
B_i[2][2][5]   | C_o[1][2][6]   |     5.873 | SLOW    |     2.874 | FAST    |
B_i[2][2][5]   | C_o[2][2][5]   |     5.664 | SLOW    |     2.983 | FAST    |
B_i[2][2][5]   | C_o[2][2][6]   |     5.873 | SLOW    |     2.874 | FAST    |
B_i[2][2][5]   | C_o[3][2][5]   |     5.664 | SLOW    |     2.983 | FAST    |
B_i[2][2][5]   | C_o[3][2][6]   |     5.873 | SLOW    |     2.874 | FAST    |
B_i[2][2][6]   | C_o[0][2][6]   |     5.485 | SLOW    |     2.883 | FAST    |
B_i[2][2][6]   | C_o[1][2][6]   |     5.485 | SLOW    |     2.883 | FAST    |
B_i[2][2][6]   | C_o[2][2][6]   |     5.485 | SLOW    |     2.883 | FAST    |
B_i[2][2][6]   | C_o[3][2][6]   |     5.485 | SLOW    |     2.883 | FAST    |
B_i[2][3][0]   | C_o[0][3][0]   |     4.591 | SLOW    |     2.384 | FAST    |
B_i[2][3][0]   | C_o[0][3][1]   |     4.867 | SLOW    |     2.384 | FAST    |
B_i[2][3][0]   | C_o[0][3][2]   |     4.998 | SLOW    |     2.496 | FAST    |
B_i[2][3][0]   | C_o[0][3][3]   |     5.368 | SLOW    |     2.511 | FAST    |
B_i[2][3][0]   | C_o[0][3][4]   |     5.424 | SLOW    |     2.496 | FAST    |
B_i[2][3][0]   | C_o[0][3][5]   |     5.700 | SLOW    |     2.496 | FAST    |
B_i[2][3][0]   | C_o[0][3][6]   |     5.909 | SLOW    |     2.544 | FAST    |
B_i[2][3][0]   | C_o[1][3][0]   |     4.591 | SLOW    |     2.384 | FAST    |
B_i[2][3][0]   | C_o[1][3][1]   |     4.867 | SLOW    |     2.384 | FAST    |
B_i[2][3][0]   | C_o[1][3][2]   |     4.998 | SLOW    |     2.496 | FAST    |
B_i[2][3][0]   | C_o[1][3][3]   |     5.368 | SLOW    |     2.511 | FAST    |
B_i[2][3][0]   | C_o[1][3][4]   |     5.446 | SLOW    |     2.496 | FAST    |
B_i[2][3][0]   | C_o[1][3][5]   |     5.700 | SLOW    |     2.496 | FAST    |
B_i[2][3][0]   | C_o[1][3][6]   |     5.909 | SLOW    |     2.544 | FAST    |
B_i[2][3][0]   | C_o[2][3][0]   |     4.591 | SLOW    |     2.384 | FAST    |
B_i[2][3][0]   | C_o[2][3][1]   |     4.867 | SLOW    |     2.384 | FAST    |
B_i[2][3][0]   | C_o[2][3][2]   |     4.998 | SLOW    |     2.496 | FAST    |
B_i[2][3][0]   | C_o[2][3][3]   |     5.368 | SLOW    |     2.511 | FAST    |
B_i[2][3][0]   | C_o[2][3][4]   |     5.424 | SLOW    |     2.496 | FAST    |
B_i[2][3][0]   | C_o[2][3][5]   |     5.700 | SLOW    |     2.496 | FAST    |
B_i[2][3][0]   | C_o[2][3][6]   |     5.909 | SLOW    |     2.544 | FAST    |
B_i[2][3][0]   | C_o[3][3][0]   |     4.591 | SLOW    |     2.384 | FAST    |
B_i[2][3][0]   | C_o[3][3][1]   |     4.867 | SLOW    |     2.384 | FAST    |
B_i[2][3][0]   | C_o[3][3][2]   |     4.998 | SLOW    |     2.496 | FAST    |
B_i[2][3][0]   | C_o[3][3][3]   |     5.368 | SLOW    |     2.511 | FAST    |
B_i[2][3][0]   | C_o[3][3][4]   |     5.446 | SLOW    |     2.496 | FAST    |
B_i[2][3][0]   | C_o[3][3][5]   |     5.700 | SLOW    |     2.496 | FAST    |
B_i[2][3][0]   | C_o[3][3][6]   |     5.909 | SLOW    |     2.544 | FAST    |
B_i[2][3][1]   | C_o[0][3][1]   |     4.784 | SLOW    |     2.495 | FAST    |
B_i[2][3][1]   | C_o[0][3][2]   |     5.092 | SLOW    |     2.497 | FAST    |
B_i[2][3][1]   | C_o[0][3][3]   |     5.462 | SLOW    |     2.497 | FAST    |
B_i[2][3][1]   | C_o[0][3][4]   |     5.607 | SLOW    |     2.541 | FAST    |
B_i[2][3][1]   | C_o[0][3][5]   |     5.702 | SLOW    |     2.541 | FAST    |
B_i[2][3][1]   | C_o[0][3][6]   |     5.911 | SLOW    |     2.555 | FAST    |
B_i[2][3][1]   | C_o[1][3][1]   |     4.784 | SLOW    |     2.495 | FAST    |
B_i[2][3][1]   | C_o[1][3][2]   |     5.092 | SLOW    |     2.497 | FAST    |
B_i[2][3][1]   | C_o[1][3][3]   |     5.462 | SLOW    |     2.497 | FAST    |
B_i[2][3][1]   | C_o[1][3][4]   |     5.607 | SLOW    |     2.541 | FAST    |
B_i[2][3][1]   | C_o[1][3][5]   |     5.702 | SLOW    |     2.541 | FAST    |
B_i[2][3][1]   | C_o[1][3][6]   |     5.911 | SLOW    |     2.555 | FAST    |
B_i[2][3][1]   | C_o[2][3][1]   |     4.784 | SLOW    |     2.495 | FAST    |
B_i[2][3][1]   | C_o[2][3][2]   |     5.092 | SLOW    |     2.497 | FAST    |
B_i[2][3][1]   | C_o[2][3][3]   |     5.462 | SLOW    |     2.497 | FAST    |
B_i[2][3][1]   | C_o[2][3][4]   |     5.607 | SLOW    |     2.541 | FAST    |
B_i[2][3][1]   | C_o[2][3][5]   |     5.702 | SLOW    |     2.541 | FAST    |
B_i[2][3][1]   | C_o[2][3][6]   |     5.911 | SLOW    |     2.555 | FAST    |
B_i[2][3][1]   | C_o[3][3][1]   |     4.784 | SLOW    |     2.495 | FAST    |
B_i[2][3][1]   | C_o[3][3][2]   |     5.092 | SLOW    |     2.497 | FAST    |
B_i[2][3][1]   | C_o[3][3][3]   |     5.462 | SLOW    |     2.497 | FAST    |
B_i[2][3][1]   | C_o[3][3][4]   |     5.607 | SLOW    |     2.541 | FAST    |
B_i[2][3][1]   | C_o[3][3][5]   |     5.702 | SLOW    |     2.541 | FAST    |
B_i[2][3][1]   | C_o[3][3][6]   |     5.911 | SLOW    |     2.555 | FAST    |
B_i[2][3][2]   | C_o[0][3][2]   |     5.091 | SLOW    |     2.668 | FAST    |
B_i[2][3][2]   | C_o[0][3][3]   |     5.461 | SLOW    |     2.686 | FAST    |
B_i[2][3][2]   | C_o[0][3][4]   |     5.606 | SLOW    |     2.604 | FAST    |
B_i[2][3][2]   | C_o[0][3][5]   |     5.691 | SLOW    |     2.601 | FAST    |
B_i[2][3][2]   | C_o[0][3][6]   |     5.900 | SLOW    |     2.592 | FAST    |
B_i[2][3][2]   | C_o[1][3][2]   |     5.091 | SLOW    |     2.668 | FAST    |
B_i[2][3][2]   | C_o[1][3][3]   |     5.461 | SLOW    |     2.686 | FAST    |
B_i[2][3][2]   | C_o[1][3][4]   |     5.606 | SLOW    |     2.604 | FAST    |
B_i[2][3][2]   | C_o[1][3][5]   |     5.691 | SLOW    |     2.601 | FAST    |
B_i[2][3][2]   | C_o[1][3][6]   |     5.900 | SLOW    |     2.592 | FAST    |
B_i[2][3][2]   | C_o[2][3][2]   |     5.091 | SLOW    |     2.668 | FAST    |
B_i[2][3][2]   | C_o[2][3][3]   |     5.461 | SLOW    |     2.686 | FAST    |
B_i[2][3][2]   | C_o[2][3][4]   |     5.606 | SLOW    |     2.604 | FAST    |
B_i[2][3][2]   | C_o[2][3][5]   |     5.691 | SLOW    |     2.601 | FAST    |
B_i[2][3][2]   | C_o[2][3][6]   |     5.900 | SLOW    |     2.592 | FAST    |
B_i[2][3][2]   | C_o[3][3][2]   |     5.091 | SLOW    |     2.668 | FAST    |
B_i[2][3][2]   | C_o[3][3][3]   |     5.461 | SLOW    |     2.686 | FAST    |
B_i[2][3][2]   | C_o[3][3][4]   |     5.606 | SLOW    |     2.604 | FAST    |
B_i[2][3][2]   | C_o[3][3][5]   |     5.691 | SLOW    |     2.601 | FAST    |
B_i[2][3][2]   | C_o[3][3][6]   |     5.900 | SLOW    |     2.592 | FAST    |
B_i[2][3][3]   | C_o[0][3][3]   |     5.368 | SLOW    |     2.810 | FAST    |
B_i[2][3][3]   | C_o[0][3][4]   |     5.568 | SLOW    |     2.650 | FAST    |
B_i[2][3][3]   | C_o[0][3][5]   |     5.683 | SLOW    |     2.647 | FAST    |
B_i[2][3][3]   | C_o[0][3][6]   |     5.892 | SLOW    |     2.571 | FAST    |
B_i[2][3][3]   | C_o[1][3][3]   |     5.368 | SLOW    |     2.810 | FAST    |
B_i[2][3][3]   | C_o[1][3][4]   |     5.568 | SLOW    |     2.650 | FAST    |
B_i[2][3][3]   | C_o[1][3][5]   |     5.683 | SLOW    |     2.647 | FAST    |
B_i[2][3][3]   | C_o[1][3][6]   |     5.892 | SLOW    |     2.571 | FAST    |
B_i[2][3][3]   | C_o[2][3][3]   |     5.368 | SLOW    |     2.810 | FAST    |
B_i[2][3][3]   | C_o[2][3][4]   |     5.568 | SLOW    |     2.650 | FAST    |
B_i[2][3][3]   | C_o[2][3][5]   |     5.683 | SLOW    |     2.647 | FAST    |
B_i[2][3][3]   | C_o[2][3][6]   |     5.892 | SLOW    |     2.571 | FAST    |
B_i[2][3][3]   | C_o[3][3][3]   |     5.368 | SLOW    |     2.810 | FAST    |
B_i[2][3][3]   | C_o[3][3][4]   |     5.568 | SLOW    |     2.650 | FAST    |
B_i[2][3][3]   | C_o[3][3][5]   |     5.683 | SLOW    |     2.647 | FAST    |
B_i[2][3][3]   | C_o[3][3][6]   |     5.892 | SLOW    |     2.571 | FAST    |
B_i[2][3][4]   | C_o[0][3][4]   |     5.382 | SLOW    |     2.819 | FAST    |
B_i[2][3][4]   | C_o[0][3][5]   |     5.680 | SLOW    |     2.701 | FAST    |
B_i[2][3][4]   | C_o[0][3][6]   |     5.889 | SLOW    |     2.592 | FAST    |
B_i[2][3][4]   | C_o[1][3][4]   |     5.382 | SLOW    |     2.819 | FAST    |
B_i[2][3][4]   | C_o[1][3][5]   |     5.680 | SLOW    |     2.701 | FAST    |
B_i[2][3][4]   | C_o[1][3][6]   |     5.889 | SLOW    |     2.592 | FAST    |
B_i[2][3][4]   | C_o[2][3][4]   |     5.382 | SLOW    |     2.819 | FAST    |
B_i[2][3][4]   | C_o[2][3][5]   |     5.680 | SLOW    |     2.701 | FAST    |
B_i[2][3][4]   | C_o[2][3][6]   |     5.889 | SLOW    |     2.592 | FAST    |
B_i[2][3][4]   | C_o[3][3][4]   |     5.382 | SLOW    |     2.819 | FAST    |
B_i[2][3][4]   | C_o[3][3][5]   |     5.680 | SLOW    |     2.701 | FAST    |
B_i[2][3][4]   | C_o[3][3][6]   |     5.889 | SLOW    |     2.592 | FAST    |
B_i[2][3][5]   | C_o[0][3][5]   |     5.664 | SLOW    |     2.983 | FAST    |
B_i[2][3][5]   | C_o[0][3][6]   |     5.873 | SLOW    |     2.874 | FAST    |
B_i[2][3][5]   | C_o[1][3][5]   |     5.664 | SLOW    |     2.983 | FAST    |
B_i[2][3][5]   | C_o[1][3][6]   |     5.873 | SLOW    |     2.874 | FAST    |
B_i[2][3][5]   | C_o[2][3][5]   |     5.664 | SLOW    |     2.983 | FAST    |
B_i[2][3][5]   | C_o[2][3][6]   |     5.873 | SLOW    |     2.874 | FAST    |
B_i[2][3][5]   | C_o[3][3][5]   |     5.664 | SLOW    |     2.983 | FAST    |
B_i[2][3][5]   | C_o[3][3][6]   |     5.873 | SLOW    |     2.874 | FAST    |
B_i[2][3][6]   | C_o[0][3][6]   |     5.485 | SLOW    |     2.883 | FAST    |
B_i[2][3][6]   | C_o[1][3][6]   |     5.485 | SLOW    |     2.883 | FAST    |
B_i[2][3][6]   | C_o[2][3][6]   |     5.485 | SLOW    |     2.883 | FAST    |
B_i[2][3][6]   | C_o[3][3][6]   |     5.485 | SLOW    |     2.883 | FAST    |
B_i[3][0][0]   | C_o[0][0][0]   |     4.606 | SLOW    |     2.388 | FAST    |
B_i[3][0][0]   | C_o[0][0][1]   |     4.882 | SLOW    |     2.388 | FAST    |
B_i[3][0][0]   | C_o[0][0][2]   |     5.013 | SLOW    |     2.500 | FAST    |
B_i[3][0][0]   | C_o[0][0][3]   |     5.353 | SLOW    |     2.511 | FAST    |
B_i[3][0][0]   | C_o[0][0][4]   |     5.418 | SLOW    |     2.498 | FAST    |
B_i[3][0][0]   | C_o[0][0][5]   |     5.694 | SLOW    |     2.496 | FAST    |
B_i[3][0][0]   | C_o[0][0][6]   |     5.924 | SLOW    |     2.548 | FAST    |
B_i[3][0][0]   | C_o[1][0][0]   |     4.606 | SLOW    |     2.388 | FAST    |
B_i[3][0][0]   | C_o[1][0][1]   |     4.882 | SLOW    |     2.388 | FAST    |
B_i[3][0][0]   | C_o[1][0][2]   |     5.013 | SLOW    |     2.500 | FAST    |
B_i[3][0][0]   | C_o[1][0][3]   |     5.353 | SLOW    |     2.511 | FAST    |
B_i[3][0][0]   | C_o[1][0][4]   |     5.440 | SLOW    |     2.498 | FAST    |
B_i[3][0][0]   | C_o[1][0][5]   |     5.694 | SLOW    |     2.496 | FAST    |
B_i[3][0][0]   | C_o[1][0][6]   |     5.924 | SLOW    |     2.548 | FAST    |
B_i[3][0][0]   | C_o[2][0][0]   |     4.606 | SLOW    |     2.388 | FAST    |
B_i[3][0][0]   | C_o[2][0][1]   |     4.882 | SLOW    |     2.388 | FAST    |
B_i[3][0][0]   | C_o[2][0][2]   |     5.013 | SLOW    |     2.500 | FAST    |
B_i[3][0][0]   | C_o[2][0][3]   |     5.353 | SLOW    |     2.511 | FAST    |
B_i[3][0][0]   | C_o[2][0][4]   |     5.418 | SLOW    |     2.498 | FAST    |
B_i[3][0][0]   | C_o[2][0][5]   |     5.694 | SLOW    |     2.496 | FAST    |
B_i[3][0][0]   | C_o[2][0][6]   |     5.924 | SLOW    |     2.548 | FAST    |
B_i[3][0][0]   | C_o[3][0][0]   |     4.606 | SLOW    |     2.388 | FAST    |
B_i[3][0][0]   | C_o[3][0][1]   |     4.882 | SLOW    |     2.388 | FAST    |
B_i[3][0][0]   | C_o[3][0][2]   |     5.013 | SLOW    |     2.500 | FAST    |
B_i[3][0][0]   | C_o[3][0][3]   |     5.353 | SLOW    |     2.511 | FAST    |
B_i[3][0][0]   | C_o[3][0][4]   |     5.440 | SLOW    |     2.498 | FAST    |
B_i[3][0][0]   | C_o[3][0][5]   |     5.694 | SLOW    |     2.496 | FAST    |
B_i[3][0][0]   | C_o[3][0][6]   |     5.924 | SLOW    |     2.548 | FAST    |
B_i[3][0][1]   | C_o[0][0][1]   |     4.799 | SLOW    |     2.499 | FAST    |
B_i[3][0][1]   | C_o[0][0][2]   |     5.107 | SLOW    |     2.501 | FAST    |
B_i[3][0][1]   | C_o[0][0][3]   |     5.447 | SLOW    |     2.501 | FAST    |
B_i[3][0][1]   | C_o[0][0][4]   |     5.601 | SLOW    |     2.545 | FAST    |
B_i[3][0][1]   | C_o[0][0][5]   |     5.696 | SLOW    |     2.541 | FAST    |
B_i[3][0][1]   | C_o[0][0][6]   |     5.926 | SLOW    |     2.559 | FAST    |
B_i[3][0][1]   | C_o[1][0][1]   |     4.799 | SLOW    |     2.499 | FAST    |
B_i[3][0][1]   | C_o[1][0][2]   |     5.107 | SLOW    |     2.501 | FAST    |
B_i[3][0][1]   | C_o[1][0][3]   |     5.447 | SLOW    |     2.501 | FAST    |
B_i[3][0][1]   | C_o[1][0][4]   |     5.601 | SLOW    |     2.545 | FAST    |
B_i[3][0][1]   | C_o[1][0][5]   |     5.696 | SLOW    |     2.541 | FAST    |
B_i[3][0][1]   | C_o[1][0][6]   |     5.926 | SLOW    |     2.559 | FAST    |
B_i[3][0][1]   | C_o[2][0][1]   |     4.799 | SLOW    |     2.499 | FAST    |
B_i[3][0][1]   | C_o[2][0][2]   |     5.107 | SLOW    |     2.501 | FAST    |
B_i[3][0][1]   | C_o[2][0][3]   |     5.447 | SLOW    |     2.501 | FAST    |
B_i[3][0][1]   | C_o[2][0][4]   |     5.601 | SLOW    |     2.545 | FAST    |
B_i[3][0][1]   | C_o[2][0][5]   |     5.696 | SLOW    |     2.541 | FAST    |
B_i[3][0][1]   | C_o[2][0][6]   |     5.926 | SLOW    |     2.559 | FAST    |
B_i[3][0][1]   | C_o[3][0][1]   |     4.799 | SLOW    |     2.499 | FAST    |
B_i[3][0][1]   | C_o[3][0][2]   |     5.107 | SLOW    |     2.501 | FAST    |
B_i[3][0][1]   | C_o[3][0][3]   |     5.447 | SLOW    |     2.501 | FAST    |
B_i[3][0][1]   | C_o[3][0][4]   |     5.601 | SLOW    |     2.545 | FAST    |
B_i[3][0][1]   | C_o[3][0][5]   |     5.696 | SLOW    |     2.541 | FAST    |
B_i[3][0][1]   | C_o[3][0][6]   |     5.926 | SLOW    |     2.559 | FAST    |
B_i[3][0][2]   | C_o[0][0][2]   |     5.106 | SLOW    |     2.672 | FAST    |
B_i[3][0][2]   | C_o[0][0][3]   |     5.446 | SLOW    |     2.688 | FAST    |
B_i[3][0][2]   | C_o[0][0][4]   |     5.600 | SLOW    |     2.600 | FAST    |
B_i[3][0][2]   | C_o[0][0][5]   |     5.685 | SLOW    |     2.601 | FAST    |
B_i[3][0][2]   | C_o[0][0][6]   |     5.915 | SLOW    |     2.596 | FAST    |
B_i[3][0][2]   | C_o[1][0][2]   |     5.106 | SLOW    |     2.672 | FAST    |
B_i[3][0][2]   | C_o[1][0][3]   |     5.446 | SLOW    |     2.688 | FAST    |
B_i[3][0][2]   | C_o[1][0][4]   |     5.600 | SLOW    |     2.600 | FAST    |
B_i[3][0][2]   | C_o[1][0][5]   |     5.685 | SLOW    |     2.601 | FAST    |
B_i[3][0][2]   | C_o[1][0][6]   |     5.915 | SLOW    |     2.596 | FAST    |
B_i[3][0][2]   | C_o[2][0][2]   |     5.106 | SLOW    |     2.672 | FAST    |
B_i[3][0][2]   | C_o[2][0][3]   |     5.446 | SLOW    |     2.688 | FAST    |
B_i[3][0][2]   | C_o[2][0][4]   |     5.600 | SLOW    |     2.600 | FAST    |
B_i[3][0][2]   | C_o[2][0][5]   |     5.685 | SLOW    |     2.601 | FAST    |
B_i[3][0][2]   | C_o[2][0][6]   |     5.915 | SLOW    |     2.596 | FAST    |
B_i[3][0][2]   | C_o[3][0][2]   |     5.106 | SLOW    |     2.672 | FAST    |
B_i[3][0][2]   | C_o[3][0][3]   |     5.446 | SLOW    |     2.688 | FAST    |
B_i[3][0][2]   | C_o[3][0][4]   |     5.600 | SLOW    |     2.600 | FAST    |
B_i[3][0][2]   | C_o[3][0][5]   |     5.685 | SLOW    |     2.601 | FAST    |
B_i[3][0][2]   | C_o[3][0][6]   |     5.915 | SLOW    |     2.596 | FAST    |
B_i[3][0][3]   | C_o[0][0][3]   |     5.353 | SLOW    |     2.806 | FAST    |
B_i[3][0][3]   | C_o[0][0][4]   |     5.562 | SLOW    |     2.646 | FAST    |
B_i[3][0][3]   | C_o[0][0][5]   |     5.677 | SLOW    |     2.647 | FAST    |
B_i[3][0][3]   | C_o[0][0][6]   |     5.907 | SLOW    |     2.575 | FAST    |
B_i[3][0][3]   | C_o[1][0][3]   |     5.353 | SLOW    |     2.806 | FAST    |
B_i[3][0][3]   | C_o[1][0][4]   |     5.562 | SLOW    |     2.646 | FAST    |
B_i[3][0][3]   | C_o[1][0][5]   |     5.677 | SLOW    |     2.647 | FAST    |
B_i[3][0][3]   | C_o[1][0][6]   |     5.907 | SLOW    |     2.575 | FAST    |
B_i[3][0][3]   | C_o[2][0][3]   |     5.353 | SLOW    |     2.806 | FAST    |
B_i[3][0][3]   | C_o[2][0][4]   |     5.562 | SLOW    |     2.646 | FAST    |
B_i[3][0][3]   | C_o[2][0][5]   |     5.677 | SLOW    |     2.647 | FAST    |
B_i[3][0][3]   | C_o[2][0][6]   |     5.907 | SLOW    |     2.575 | FAST    |
B_i[3][0][3]   | C_o[3][0][3]   |     5.353 | SLOW    |     2.806 | FAST    |
B_i[3][0][3]   | C_o[3][0][4]   |     5.562 | SLOW    |     2.646 | FAST    |
B_i[3][0][3]   | C_o[3][0][5]   |     5.677 | SLOW    |     2.647 | FAST    |
B_i[3][0][3]   | C_o[3][0][6]   |     5.907 | SLOW    |     2.575 | FAST    |
B_i[3][0][4]   | C_o[0][0][4]   |     5.376 | SLOW    |     2.821 | FAST    |
B_i[3][0][4]   | C_o[0][0][5]   |     5.674 | SLOW    |     2.703 | FAST    |
B_i[3][0][4]   | C_o[0][0][6]   |     5.904 | SLOW    |     2.594 | FAST    |
B_i[3][0][4]   | C_o[1][0][4]   |     5.376 | SLOW    |     2.821 | FAST    |
B_i[3][0][4]   | C_o[1][0][5]   |     5.674 | SLOW    |     2.703 | FAST    |
B_i[3][0][4]   | C_o[1][0][6]   |     5.904 | SLOW    |     2.594 | FAST    |
B_i[3][0][4]   | C_o[2][0][4]   |     5.376 | SLOW    |     2.821 | FAST    |
B_i[3][0][4]   | C_o[2][0][5]   |     5.674 | SLOW    |     2.703 | FAST    |
B_i[3][0][4]   | C_o[2][0][6]   |     5.904 | SLOW    |     2.594 | FAST    |
B_i[3][0][4]   | C_o[3][0][4]   |     5.376 | SLOW    |     2.821 | FAST    |
B_i[3][0][4]   | C_o[3][0][5]   |     5.674 | SLOW    |     2.703 | FAST    |
B_i[3][0][4]   | C_o[3][0][6]   |     5.904 | SLOW    |     2.594 | FAST    |
B_i[3][0][5]   | C_o[0][0][5]   |     5.658 | SLOW    |     2.985 | FAST    |
B_i[3][0][5]   | C_o[0][0][6]   |     5.888 | SLOW    |     2.876 | FAST    |
B_i[3][0][5]   | C_o[1][0][5]   |     5.658 | SLOW    |     2.985 | FAST    |
B_i[3][0][5]   | C_o[1][0][6]   |     5.888 | SLOW    |     2.876 | FAST    |
B_i[3][0][5]   | C_o[2][0][5]   |     5.658 | SLOW    |     2.985 | FAST    |
B_i[3][0][5]   | C_o[2][0][6]   |     5.888 | SLOW    |     2.876 | FAST    |
B_i[3][0][5]   | C_o[3][0][5]   |     5.658 | SLOW    |     2.985 | FAST    |
B_i[3][0][5]   | C_o[3][0][6]   |     5.888 | SLOW    |     2.876 | FAST    |
B_i[3][0][6]   | C_o[0][0][6]   |     5.500 | SLOW    |     2.887 | FAST    |
B_i[3][0][6]   | C_o[1][0][6]   |     5.500 | SLOW    |     2.887 | FAST    |
B_i[3][0][6]   | C_o[2][0][6]   |     5.500 | SLOW    |     2.887 | FAST    |
B_i[3][0][6]   | C_o[3][0][6]   |     5.500 | SLOW    |     2.887 | FAST    |
B_i[3][1][0]   | C_o[0][1][0]   |     4.606 | SLOW    |     2.388 | FAST    |
B_i[3][1][0]   | C_o[0][1][1]   |     4.882 | SLOW    |     2.388 | FAST    |
B_i[3][1][0]   | C_o[0][1][2]   |     5.013 | SLOW    |     2.500 | FAST    |
B_i[3][1][0]   | C_o[0][1][3]   |     5.353 | SLOW    |     2.511 | FAST    |
B_i[3][1][0]   | C_o[0][1][4]   |     5.418 | SLOW    |     2.498 | FAST    |
B_i[3][1][0]   | C_o[0][1][5]   |     5.694 | SLOW    |     2.496 | FAST    |
B_i[3][1][0]   | C_o[0][1][6]   |     5.924 | SLOW    |     2.548 | FAST    |
B_i[3][1][0]   | C_o[1][1][0]   |     4.606 | SLOW    |     2.388 | FAST    |
B_i[3][1][0]   | C_o[1][1][1]   |     4.882 | SLOW    |     2.388 | FAST    |
B_i[3][1][0]   | C_o[1][1][2]   |     5.013 | SLOW    |     2.500 | FAST    |
B_i[3][1][0]   | C_o[1][1][3]   |     5.353 | SLOW    |     2.511 | FAST    |
B_i[3][1][0]   | C_o[1][1][4]   |     5.440 | SLOW    |     2.498 | FAST    |
B_i[3][1][0]   | C_o[1][1][5]   |     5.694 | SLOW    |     2.496 | FAST    |
B_i[3][1][0]   | C_o[1][1][6]   |     5.924 | SLOW    |     2.548 | FAST    |
B_i[3][1][0]   | C_o[2][1][0]   |     4.606 | SLOW    |     2.388 | FAST    |
B_i[3][1][0]   | C_o[2][1][1]   |     4.882 | SLOW    |     2.388 | FAST    |
B_i[3][1][0]   | C_o[2][1][2]   |     5.013 | SLOW    |     2.500 | FAST    |
B_i[3][1][0]   | C_o[2][1][3]   |     5.353 | SLOW    |     2.511 | FAST    |
B_i[3][1][0]   | C_o[2][1][4]   |     5.418 | SLOW    |     2.498 | FAST    |
B_i[3][1][0]   | C_o[2][1][5]   |     5.694 | SLOW    |     2.496 | FAST    |
B_i[3][1][0]   | C_o[2][1][6]   |     5.924 | SLOW    |     2.548 | FAST    |
B_i[3][1][0]   | C_o[3][1][0]   |     4.606 | SLOW    |     2.388 | FAST    |
B_i[3][1][0]   | C_o[3][1][1]   |     4.882 | SLOW    |     2.388 | FAST    |
B_i[3][1][0]   | C_o[3][1][2]   |     5.013 | SLOW    |     2.500 | FAST    |
B_i[3][1][0]   | C_o[3][1][3]   |     5.353 | SLOW    |     2.511 | FAST    |
B_i[3][1][0]   | C_o[3][1][4]   |     5.440 | SLOW    |     2.498 | FAST    |
B_i[3][1][0]   | C_o[3][1][5]   |     5.694 | SLOW    |     2.496 | FAST    |
B_i[3][1][0]   | C_o[3][1][6]   |     5.924 | SLOW    |     2.548 | FAST    |
B_i[3][1][1]   | C_o[0][1][1]   |     4.799 | SLOW    |     2.499 | FAST    |
B_i[3][1][1]   | C_o[0][1][2]   |     5.107 | SLOW    |     2.501 | FAST    |
B_i[3][1][1]   | C_o[0][1][3]   |     5.447 | SLOW    |     2.501 | FAST    |
B_i[3][1][1]   | C_o[0][1][4]   |     5.601 | SLOW    |     2.545 | FAST    |
B_i[3][1][1]   | C_o[0][1][5]   |     5.696 | SLOW    |     2.541 | FAST    |
B_i[3][1][1]   | C_o[0][1][6]   |     5.926 | SLOW    |     2.559 | FAST    |
B_i[3][1][1]   | C_o[1][1][1]   |     4.799 | SLOW    |     2.499 | FAST    |
B_i[3][1][1]   | C_o[1][1][2]   |     5.107 | SLOW    |     2.501 | FAST    |
B_i[3][1][1]   | C_o[1][1][3]   |     5.447 | SLOW    |     2.501 | FAST    |
B_i[3][1][1]   | C_o[1][1][4]   |     5.601 | SLOW    |     2.545 | FAST    |
B_i[3][1][1]   | C_o[1][1][5]   |     5.696 | SLOW    |     2.541 | FAST    |
B_i[3][1][1]   | C_o[1][1][6]   |     5.926 | SLOW    |     2.559 | FAST    |
B_i[3][1][1]   | C_o[2][1][1]   |     4.799 | SLOW    |     2.499 | FAST    |
B_i[3][1][1]   | C_o[2][1][2]   |     5.107 | SLOW    |     2.501 | FAST    |
B_i[3][1][1]   | C_o[2][1][3]   |     5.447 | SLOW    |     2.501 | FAST    |
B_i[3][1][1]   | C_o[2][1][4]   |     5.601 | SLOW    |     2.545 | FAST    |
B_i[3][1][1]   | C_o[2][1][5]   |     5.696 | SLOW    |     2.541 | FAST    |
B_i[3][1][1]   | C_o[2][1][6]   |     5.926 | SLOW    |     2.559 | FAST    |
B_i[3][1][1]   | C_o[3][1][1]   |     4.799 | SLOW    |     2.499 | FAST    |
B_i[3][1][1]   | C_o[3][1][2]   |     5.107 | SLOW    |     2.501 | FAST    |
B_i[3][1][1]   | C_o[3][1][3]   |     5.447 | SLOW    |     2.501 | FAST    |
B_i[3][1][1]   | C_o[3][1][4]   |     5.601 | SLOW    |     2.545 | FAST    |
B_i[3][1][1]   | C_o[3][1][5]   |     5.696 | SLOW    |     2.541 | FAST    |
B_i[3][1][1]   | C_o[3][1][6]   |     5.926 | SLOW    |     2.559 | FAST    |
B_i[3][1][2]   | C_o[0][1][2]   |     5.106 | SLOW    |     2.672 | FAST    |
B_i[3][1][2]   | C_o[0][1][3]   |     5.446 | SLOW    |     2.688 | FAST    |
B_i[3][1][2]   | C_o[0][1][4]   |     5.600 | SLOW    |     2.600 | FAST    |
B_i[3][1][2]   | C_o[0][1][5]   |     5.685 | SLOW    |     2.601 | FAST    |
B_i[3][1][2]   | C_o[0][1][6]   |     5.915 | SLOW    |     2.596 | FAST    |
B_i[3][1][2]   | C_o[1][1][2]   |     5.106 | SLOW    |     2.672 | FAST    |
B_i[3][1][2]   | C_o[1][1][3]   |     5.446 | SLOW    |     2.688 | FAST    |
B_i[3][1][2]   | C_o[1][1][4]   |     5.600 | SLOW    |     2.600 | FAST    |
B_i[3][1][2]   | C_o[1][1][5]   |     5.685 | SLOW    |     2.601 | FAST    |
B_i[3][1][2]   | C_o[1][1][6]   |     5.915 | SLOW    |     2.596 | FAST    |
B_i[3][1][2]   | C_o[2][1][2]   |     5.106 | SLOW    |     2.672 | FAST    |
B_i[3][1][2]   | C_o[2][1][3]   |     5.446 | SLOW    |     2.688 | FAST    |
B_i[3][1][2]   | C_o[2][1][4]   |     5.600 | SLOW    |     2.600 | FAST    |
B_i[3][1][2]   | C_o[2][1][5]   |     5.685 | SLOW    |     2.601 | FAST    |
B_i[3][1][2]   | C_o[2][1][6]   |     5.915 | SLOW    |     2.596 | FAST    |
B_i[3][1][2]   | C_o[3][1][2]   |     5.106 | SLOW    |     2.672 | FAST    |
B_i[3][1][2]   | C_o[3][1][3]   |     5.446 | SLOW    |     2.688 | FAST    |
B_i[3][1][2]   | C_o[3][1][4]   |     5.600 | SLOW    |     2.600 | FAST    |
B_i[3][1][2]   | C_o[3][1][5]   |     5.685 | SLOW    |     2.601 | FAST    |
B_i[3][1][2]   | C_o[3][1][6]   |     5.915 | SLOW    |     2.596 | FAST    |
B_i[3][1][3]   | C_o[0][1][3]   |     5.353 | SLOW    |     2.806 | FAST    |
B_i[3][1][3]   | C_o[0][1][4]   |     5.562 | SLOW    |     2.646 | FAST    |
B_i[3][1][3]   | C_o[0][1][5]   |     5.677 | SLOW    |     2.647 | FAST    |
B_i[3][1][3]   | C_o[0][1][6]   |     5.907 | SLOW    |     2.575 | FAST    |
B_i[3][1][3]   | C_o[1][1][3]   |     5.353 | SLOW    |     2.806 | FAST    |
B_i[3][1][3]   | C_o[1][1][4]   |     5.562 | SLOW    |     2.646 | FAST    |
B_i[3][1][3]   | C_o[1][1][5]   |     5.677 | SLOW    |     2.647 | FAST    |
B_i[3][1][3]   | C_o[1][1][6]   |     5.907 | SLOW    |     2.575 | FAST    |
B_i[3][1][3]   | C_o[2][1][3]   |     5.353 | SLOW    |     2.806 | FAST    |
B_i[3][1][3]   | C_o[2][1][4]   |     5.562 | SLOW    |     2.646 | FAST    |
B_i[3][1][3]   | C_o[2][1][5]   |     5.677 | SLOW    |     2.647 | FAST    |
B_i[3][1][3]   | C_o[2][1][6]   |     5.907 | SLOW    |     2.575 | FAST    |
B_i[3][1][3]   | C_o[3][1][3]   |     5.353 | SLOW    |     2.806 | FAST    |
B_i[3][1][3]   | C_o[3][1][4]   |     5.562 | SLOW    |     2.646 | FAST    |
B_i[3][1][3]   | C_o[3][1][5]   |     5.677 | SLOW    |     2.647 | FAST    |
B_i[3][1][3]   | C_o[3][1][6]   |     5.907 | SLOW    |     2.575 | FAST    |
B_i[3][1][4]   | C_o[0][1][4]   |     5.376 | SLOW    |     2.821 | FAST    |
B_i[3][1][4]   | C_o[0][1][5]   |     5.674 | SLOW    |     2.703 | FAST    |
B_i[3][1][4]   | C_o[0][1][6]   |     5.904 | SLOW    |     2.594 | FAST    |
B_i[3][1][4]   | C_o[1][1][4]   |     5.376 | SLOW    |     2.821 | FAST    |
B_i[3][1][4]   | C_o[1][1][5]   |     5.674 | SLOW    |     2.703 | FAST    |
B_i[3][1][4]   | C_o[1][1][6]   |     5.904 | SLOW    |     2.594 | FAST    |
B_i[3][1][4]   | C_o[2][1][4]   |     5.376 | SLOW    |     2.821 | FAST    |
B_i[3][1][4]   | C_o[2][1][5]   |     5.674 | SLOW    |     2.703 | FAST    |
B_i[3][1][4]   | C_o[2][1][6]   |     5.904 | SLOW    |     2.594 | FAST    |
B_i[3][1][4]   | C_o[3][1][4]   |     5.376 | SLOW    |     2.821 | FAST    |
B_i[3][1][4]   | C_o[3][1][5]   |     5.674 | SLOW    |     2.703 | FAST    |
B_i[3][1][4]   | C_o[3][1][6]   |     5.904 | SLOW    |     2.594 | FAST    |
B_i[3][1][5]   | C_o[0][1][5]   |     5.658 | SLOW    |     2.985 | FAST    |
B_i[3][1][5]   | C_o[0][1][6]   |     5.888 | SLOW    |     2.876 | FAST    |
B_i[3][1][5]   | C_o[1][1][5]   |     5.658 | SLOW    |     2.985 | FAST    |
B_i[3][1][5]   | C_o[1][1][6]   |     5.888 | SLOW    |     2.876 | FAST    |
B_i[3][1][5]   | C_o[2][1][5]   |     5.658 | SLOW    |     2.985 | FAST    |
B_i[3][1][5]   | C_o[2][1][6]   |     5.888 | SLOW    |     2.876 | FAST    |
B_i[3][1][5]   | C_o[3][1][5]   |     5.658 | SLOW    |     2.985 | FAST    |
B_i[3][1][5]   | C_o[3][1][6]   |     5.888 | SLOW    |     2.876 | FAST    |
B_i[3][1][6]   | C_o[0][1][6]   |     5.500 | SLOW    |     2.887 | FAST    |
B_i[3][1][6]   | C_o[1][1][6]   |     5.500 | SLOW    |     2.887 | FAST    |
B_i[3][1][6]   | C_o[2][1][6]   |     5.500 | SLOW    |     2.887 | FAST    |
B_i[3][1][6]   | C_o[3][1][6]   |     5.500 | SLOW    |     2.887 | FAST    |
B_i[3][2][0]   | C_o[0][2][0]   |     4.606 | SLOW    |     2.388 | FAST    |
B_i[3][2][0]   | C_o[0][2][1]   |     4.882 | SLOW    |     2.388 | FAST    |
B_i[3][2][0]   | C_o[0][2][2]   |     5.013 | SLOW    |     2.500 | FAST    |
B_i[3][2][0]   | C_o[0][2][3]   |     5.353 | SLOW    |     2.511 | FAST    |
B_i[3][2][0]   | C_o[0][2][4]   |     5.418 | SLOW    |     2.498 | FAST    |
B_i[3][2][0]   | C_o[0][2][5]   |     5.694 | SLOW    |     2.496 | FAST    |
B_i[3][2][0]   | C_o[0][2][6]   |     5.924 | SLOW    |     2.548 | FAST    |
B_i[3][2][0]   | C_o[1][2][0]   |     4.606 | SLOW    |     2.388 | FAST    |
B_i[3][2][0]   | C_o[1][2][1]   |     4.882 | SLOW    |     2.388 | FAST    |
B_i[3][2][0]   | C_o[1][2][2]   |     5.013 | SLOW    |     2.500 | FAST    |
B_i[3][2][0]   | C_o[1][2][3]   |     5.353 | SLOW    |     2.511 | FAST    |
B_i[3][2][0]   | C_o[1][2][4]   |     5.440 | SLOW    |     2.498 | FAST    |
B_i[3][2][0]   | C_o[1][2][5]   |     5.694 | SLOW    |     2.496 | FAST    |
B_i[3][2][0]   | C_o[1][2][6]   |     5.924 | SLOW    |     2.548 | FAST    |
B_i[3][2][0]   | C_o[2][2][0]   |     4.606 | SLOW    |     2.388 | FAST    |
B_i[3][2][0]   | C_o[2][2][1]   |     4.882 | SLOW    |     2.388 | FAST    |
B_i[3][2][0]   | C_o[2][2][2]   |     5.013 | SLOW    |     2.500 | FAST    |
B_i[3][2][0]   | C_o[2][2][3]   |     5.353 | SLOW    |     2.511 | FAST    |
B_i[3][2][0]   | C_o[2][2][4]   |     5.418 | SLOW    |     2.498 | FAST    |
B_i[3][2][0]   | C_o[2][2][5]   |     5.694 | SLOW    |     2.496 | FAST    |
B_i[3][2][0]   | C_o[2][2][6]   |     5.924 | SLOW    |     2.548 | FAST    |
B_i[3][2][0]   | C_o[3][2][0]   |     4.606 | SLOW    |     2.388 | FAST    |
B_i[3][2][0]   | C_o[3][2][1]   |     4.882 | SLOW    |     2.388 | FAST    |
B_i[3][2][0]   | C_o[3][2][2]   |     5.013 | SLOW    |     2.500 | FAST    |
B_i[3][2][0]   | C_o[3][2][3]   |     5.353 | SLOW    |     2.511 | FAST    |
B_i[3][2][0]   | C_o[3][2][4]   |     5.440 | SLOW    |     2.498 | FAST    |
B_i[3][2][0]   | C_o[3][2][5]   |     5.694 | SLOW    |     2.496 | FAST    |
B_i[3][2][0]   | C_o[3][2][6]   |     5.924 | SLOW    |     2.548 | FAST    |
B_i[3][2][1]   | C_o[0][2][1]   |     4.799 | SLOW    |     2.499 | FAST    |
B_i[3][2][1]   | C_o[0][2][2]   |     5.107 | SLOW    |     2.501 | FAST    |
B_i[3][2][1]   | C_o[0][2][3]   |     5.447 | SLOW    |     2.501 | FAST    |
B_i[3][2][1]   | C_o[0][2][4]   |     5.601 | SLOW    |     2.545 | FAST    |
B_i[3][2][1]   | C_o[0][2][5]   |     5.696 | SLOW    |     2.541 | FAST    |
B_i[3][2][1]   | C_o[0][2][6]   |     5.926 | SLOW    |     2.559 | FAST    |
B_i[3][2][1]   | C_o[1][2][1]   |     4.799 | SLOW    |     2.499 | FAST    |
B_i[3][2][1]   | C_o[1][2][2]   |     5.107 | SLOW    |     2.501 | FAST    |
B_i[3][2][1]   | C_o[1][2][3]   |     5.447 | SLOW    |     2.501 | FAST    |
B_i[3][2][1]   | C_o[1][2][4]   |     5.601 | SLOW    |     2.545 | FAST    |
B_i[3][2][1]   | C_o[1][2][5]   |     5.696 | SLOW    |     2.541 | FAST    |
B_i[3][2][1]   | C_o[1][2][6]   |     5.926 | SLOW    |     2.559 | FAST    |
B_i[3][2][1]   | C_o[2][2][1]   |     4.799 | SLOW    |     2.499 | FAST    |
B_i[3][2][1]   | C_o[2][2][2]   |     5.107 | SLOW    |     2.501 | FAST    |
B_i[3][2][1]   | C_o[2][2][3]   |     5.447 | SLOW    |     2.501 | FAST    |
B_i[3][2][1]   | C_o[2][2][4]   |     5.601 | SLOW    |     2.545 | FAST    |
B_i[3][2][1]   | C_o[2][2][5]   |     5.696 | SLOW    |     2.541 | FAST    |
B_i[3][2][1]   | C_o[2][2][6]   |     5.926 | SLOW    |     2.559 | FAST    |
B_i[3][2][1]   | C_o[3][2][1]   |     4.799 | SLOW    |     2.499 | FAST    |
B_i[3][2][1]   | C_o[3][2][2]   |     5.107 | SLOW    |     2.501 | FAST    |
B_i[3][2][1]   | C_o[3][2][3]   |     5.447 | SLOW    |     2.501 | FAST    |
B_i[3][2][1]   | C_o[3][2][4]   |     5.601 | SLOW    |     2.545 | FAST    |
B_i[3][2][1]   | C_o[3][2][5]   |     5.696 | SLOW    |     2.541 | FAST    |
B_i[3][2][1]   | C_o[3][2][6]   |     5.926 | SLOW    |     2.559 | FAST    |
B_i[3][2][2]   | C_o[0][2][2]   |     5.106 | SLOW    |     2.672 | FAST    |
B_i[3][2][2]   | C_o[0][2][3]   |     5.446 | SLOW    |     2.688 | FAST    |
B_i[3][2][2]   | C_o[0][2][4]   |     5.600 | SLOW    |     2.600 | FAST    |
B_i[3][2][2]   | C_o[0][2][5]   |     5.685 | SLOW    |     2.601 | FAST    |
B_i[3][2][2]   | C_o[0][2][6]   |     5.915 | SLOW    |     2.596 | FAST    |
B_i[3][2][2]   | C_o[1][2][2]   |     5.106 | SLOW    |     2.672 | FAST    |
B_i[3][2][2]   | C_o[1][2][3]   |     5.446 | SLOW    |     2.688 | FAST    |
B_i[3][2][2]   | C_o[1][2][4]   |     5.600 | SLOW    |     2.600 | FAST    |
B_i[3][2][2]   | C_o[1][2][5]   |     5.685 | SLOW    |     2.601 | FAST    |
B_i[3][2][2]   | C_o[1][2][6]   |     5.915 | SLOW    |     2.596 | FAST    |
B_i[3][2][2]   | C_o[2][2][2]   |     5.106 | SLOW    |     2.672 | FAST    |
B_i[3][2][2]   | C_o[2][2][3]   |     5.446 | SLOW    |     2.688 | FAST    |
B_i[3][2][2]   | C_o[2][2][4]   |     5.600 | SLOW    |     2.600 | FAST    |
B_i[3][2][2]   | C_o[2][2][5]   |     5.685 | SLOW    |     2.601 | FAST    |
B_i[3][2][2]   | C_o[2][2][6]   |     5.915 | SLOW    |     2.596 | FAST    |
B_i[3][2][2]   | C_o[3][2][2]   |     5.106 | SLOW    |     2.672 | FAST    |
B_i[3][2][2]   | C_o[3][2][3]   |     5.446 | SLOW    |     2.688 | FAST    |
B_i[3][2][2]   | C_o[3][2][4]   |     5.600 | SLOW    |     2.600 | FAST    |
B_i[3][2][2]   | C_o[3][2][5]   |     5.685 | SLOW    |     2.601 | FAST    |
B_i[3][2][2]   | C_o[3][2][6]   |     5.915 | SLOW    |     2.596 | FAST    |
B_i[3][2][3]   | C_o[0][2][3]   |     5.353 | SLOW    |     2.806 | FAST    |
B_i[3][2][3]   | C_o[0][2][4]   |     5.562 | SLOW    |     2.646 | FAST    |
B_i[3][2][3]   | C_o[0][2][5]   |     5.677 | SLOW    |     2.647 | FAST    |
B_i[3][2][3]   | C_o[0][2][6]   |     5.907 | SLOW    |     2.575 | FAST    |
B_i[3][2][3]   | C_o[1][2][3]   |     5.353 | SLOW    |     2.806 | FAST    |
B_i[3][2][3]   | C_o[1][2][4]   |     5.562 | SLOW    |     2.646 | FAST    |
B_i[3][2][3]   | C_o[1][2][5]   |     5.677 | SLOW    |     2.647 | FAST    |
B_i[3][2][3]   | C_o[1][2][6]   |     5.907 | SLOW    |     2.575 | FAST    |
B_i[3][2][3]   | C_o[2][2][3]   |     5.353 | SLOW    |     2.806 | FAST    |
B_i[3][2][3]   | C_o[2][2][4]   |     5.562 | SLOW    |     2.646 | FAST    |
B_i[3][2][3]   | C_o[2][2][5]   |     5.677 | SLOW    |     2.647 | FAST    |
B_i[3][2][3]   | C_o[2][2][6]   |     5.907 | SLOW    |     2.575 | FAST    |
B_i[3][2][3]   | C_o[3][2][3]   |     5.353 | SLOW    |     2.806 | FAST    |
B_i[3][2][3]   | C_o[3][2][4]   |     5.562 | SLOW    |     2.646 | FAST    |
B_i[3][2][3]   | C_o[3][2][5]   |     5.677 | SLOW    |     2.647 | FAST    |
B_i[3][2][3]   | C_o[3][2][6]   |     5.907 | SLOW    |     2.575 | FAST    |
B_i[3][2][4]   | C_o[0][2][4]   |     5.376 | SLOW    |     2.821 | FAST    |
B_i[3][2][4]   | C_o[0][2][5]   |     5.674 | SLOW    |     2.703 | FAST    |
B_i[3][2][4]   | C_o[0][2][6]   |     5.904 | SLOW    |     2.594 | FAST    |
B_i[3][2][4]   | C_o[1][2][4]   |     5.376 | SLOW    |     2.821 | FAST    |
B_i[3][2][4]   | C_o[1][2][5]   |     5.674 | SLOW    |     2.703 | FAST    |
B_i[3][2][4]   | C_o[1][2][6]   |     5.904 | SLOW    |     2.594 | FAST    |
B_i[3][2][4]   | C_o[2][2][4]   |     5.376 | SLOW    |     2.821 | FAST    |
B_i[3][2][4]   | C_o[2][2][5]   |     5.674 | SLOW    |     2.703 | FAST    |
B_i[3][2][4]   | C_o[2][2][6]   |     5.904 | SLOW    |     2.594 | FAST    |
B_i[3][2][4]   | C_o[3][2][4]   |     5.376 | SLOW    |     2.821 | FAST    |
B_i[3][2][4]   | C_o[3][2][5]   |     5.674 | SLOW    |     2.703 | FAST    |
B_i[3][2][4]   | C_o[3][2][6]   |     5.904 | SLOW    |     2.594 | FAST    |
B_i[3][2][5]   | C_o[0][2][5]   |     5.658 | SLOW    |     2.985 | FAST    |
B_i[3][2][5]   | C_o[0][2][6]   |     5.888 | SLOW    |     2.876 | FAST    |
B_i[3][2][5]   | C_o[1][2][5]   |     5.658 | SLOW    |     2.985 | FAST    |
B_i[3][2][5]   | C_o[1][2][6]   |     5.888 | SLOW    |     2.876 | FAST    |
B_i[3][2][5]   | C_o[2][2][5]   |     5.658 | SLOW    |     2.985 | FAST    |
B_i[3][2][5]   | C_o[2][2][6]   |     5.888 | SLOW    |     2.876 | FAST    |
B_i[3][2][5]   | C_o[3][2][5]   |     5.658 | SLOW    |     2.985 | FAST    |
B_i[3][2][5]   | C_o[3][2][6]   |     5.888 | SLOW    |     2.876 | FAST    |
B_i[3][2][6]   | C_o[0][2][6]   |     5.500 | SLOW    |     2.887 | FAST    |
B_i[3][2][6]   | C_o[1][2][6]   |     5.500 | SLOW    |     2.887 | FAST    |
B_i[3][2][6]   | C_o[2][2][6]   |     5.500 | SLOW    |     2.887 | FAST    |
B_i[3][2][6]   | C_o[3][2][6]   |     5.500 | SLOW    |     2.887 | FAST    |
B_i[3][3][0]   | C_o[0][3][0]   |     4.606 | SLOW    |     2.388 | FAST    |
B_i[3][3][0]   | C_o[0][3][1]   |     4.882 | SLOW    |     2.388 | FAST    |
B_i[3][3][0]   | C_o[0][3][2]   |     5.013 | SLOW    |     2.500 | FAST    |
B_i[3][3][0]   | C_o[0][3][3]   |     5.353 | SLOW    |     2.511 | FAST    |
B_i[3][3][0]   | C_o[0][3][4]   |     5.418 | SLOW    |     2.498 | FAST    |
B_i[3][3][0]   | C_o[0][3][5]   |     5.694 | SLOW    |     2.496 | FAST    |
B_i[3][3][0]   | C_o[0][3][6]   |     5.924 | SLOW    |     2.548 | FAST    |
B_i[3][3][0]   | C_o[1][3][0]   |     4.606 | SLOW    |     2.388 | FAST    |
B_i[3][3][0]   | C_o[1][3][1]   |     4.882 | SLOW    |     2.388 | FAST    |
B_i[3][3][0]   | C_o[1][3][2]   |     5.013 | SLOW    |     2.500 | FAST    |
B_i[3][3][0]   | C_o[1][3][3]   |     5.353 | SLOW    |     2.511 | FAST    |
B_i[3][3][0]   | C_o[1][3][4]   |     5.440 | SLOW    |     2.498 | FAST    |
B_i[3][3][0]   | C_o[1][3][5]   |     5.694 | SLOW    |     2.496 | FAST    |
B_i[3][3][0]   | C_o[1][3][6]   |     5.924 | SLOW    |     2.548 | FAST    |
B_i[3][3][0]   | C_o[2][3][0]   |     4.606 | SLOW    |     2.388 | FAST    |
B_i[3][3][0]   | C_o[2][3][1]   |     4.882 | SLOW    |     2.388 | FAST    |
B_i[3][3][0]   | C_o[2][3][2]   |     5.013 | SLOW    |     2.500 | FAST    |
B_i[3][3][0]   | C_o[2][3][3]   |     5.353 | SLOW    |     2.511 | FAST    |
B_i[3][3][0]   | C_o[2][3][4]   |     5.418 | SLOW    |     2.498 | FAST    |
B_i[3][3][0]   | C_o[2][3][5]   |     5.694 | SLOW    |     2.496 | FAST    |
B_i[3][3][0]   | C_o[2][3][6]   |     5.924 | SLOW    |     2.548 | FAST    |
B_i[3][3][0]   | C_o[3][3][0]   |     4.606 | SLOW    |     2.388 | FAST    |
B_i[3][3][0]   | C_o[3][3][1]   |     4.882 | SLOW    |     2.388 | FAST    |
B_i[3][3][0]   | C_o[3][3][2]   |     5.013 | SLOW    |     2.500 | FAST    |
B_i[3][3][0]   | C_o[3][3][3]   |     5.353 | SLOW    |     2.511 | FAST    |
B_i[3][3][0]   | C_o[3][3][4]   |     5.440 | SLOW    |     2.498 | FAST    |
B_i[3][3][0]   | C_o[3][3][5]   |     5.694 | SLOW    |     2.496 | FAST    |
B_i[3][3][0]   | C_o[3][3][6]   |     5.924 | SLOW    |     2.548 | FAST    |
B_i[3][3][1]   | C_o[0][3][1]   |     4.799 | SLOW    |     2.499 | FAST    |
B_i[3][3][1]   | C_o[0][3][2]   |     5.107 | SLOW    |     2.501 | FAST    |
B_i[3][3][1]   | C_o[0][3][3]   |     5.447 | SLOW    |     2.501 | FAST    |
B_i[3][3][1]   | C_o[0][3][4]   |     5.601 | SLOW    |     2.545 | FAST    |
B_i[3][3][1]   | C_o[0][3][5]   |     5.696 | SLOW    |     2.541 | FAST    |
B_i[3][3][1]   | C_o[0][3][6]   |     5.926 | SLOW    |     2.559 | FAST    |
B_i[3][3][1]   | C_o[1][3][1]   |     4.799 | SLOW    |     2.499 | FAST    |
B_i[3][3][1]   | C_o[1][3][2]   |     5.107 | SLOW    |     2.501 | FAST    |
B_i[3][3][1]   | C_o[1][3][3]   |     5.447 | SLOW    |     2.501 | FAST    |
B_i[3][3][1]   | C_o[1][3][4]   |     5.601 | SLOW    |     2.545 | FAST    |
B_i[3][3][1]   | C_o[1][3][5]   |     5.696 | SLOW    |     2.541 | FAST    |
B_i[3][3][1]   | C_o[1][3][6]   |     5.926 | SLOW    |     2.559 | FAST    |
B_i[3][3][1]   | C_o[2][3][1]   |     4.799 | SLOW    |     2.499 | FAST    |
B_i[3][3][1]   | C_o[2][3][2]   |     5.107 | SLOW    |     2.501 | FAST    |
B_i[3][3][1]   | C_o[2][3][3]   |     5.447 | SLOW    |     2.501 | FAST    |
B_i[3][3][1]   | C_o[2][3][4]   |     5.601 | SLOW    |     2.545 | FAST    |
B_i[3][3][1]   | C_o[2][3][5]   |     5.696 | SLOW    |     2.541 | FAST    |
B_i[3][3][1]   | C_o[2][3][6]   |     5.926 | SLOW    |     2.559 | FAST    |
B_i[3][3][1]   | C_o[3][3][1]   |     4.799 | SLOW    |     2.499 | FAST    |
B_i[3][3][1]   | C_o[3][3][2]   |     5.107 | SLOW    |     2.501 | FAST    |
B_i[3][3][1]   | C_o[3][3][3]   |     5.447 | SLOW    |     2.501 | FAST    |
B_i[3][3][1]   | C_o[3][3][4]   |     5.601 | SLOW    |     2.545 | FAST    |
B_i[3][3][1]   | C_o[3][3][5]   |     5.696 | SLOW    |     2.541 | FAST    |
B_i[3][3][1]   | C_o[3][3][6]   |     5.926 | SLOW    |     2.559 | FAST    |
B_i[3][3][2]   | C_o[0][3][2]   |     5.106 | SLOW    |     2.672 | FAST    |
B_i[3][3][2]   | C_o[0][3][3]   |     5.446 | SLOW    |     2.688 | FAST    |
B_i[3][3][2]   | C_o[0][3][4]   |     5.600 | SLOW    |     2.600 | FAST    |
B_i[3][3][2]   | C_o[0][3][5]   |     5.685 | SLOW    |     2.601 | FAST    |
B_i[3][3][2]   | C_o[0][3][6]   |     5.915 | SLOW    |     2.596 | FAST    |
B_i[3][3][2]   | C_o[1][3][2]   |     5.106 | SLOW    |     2.672 | FAST    |
B_i[3][3][2]   | C_o[1][3][3]   |     5.446 | SLOW    |     2.688 | FAST    |
B_i[3][3][2]   | C_o[1][3][4]   |     5.600 | SLOW    |     2.600 | FAST    |
B_i[3][3][2]   | C_o[1][3][5]   |     5.685 | SLOW    |     2.601 | FAST    |
B_i[3][3][2]   | C_o[1][3][6]   |     5.915 | SLOW    |     2.596 | FAST    |
B_i[3][3][2]   | C_o[2][3][2]   |     5.106 | SLOW    |     2.672 | FAST    |
B_i[3][3][2]   | C_o[2][3][3]   |     5.446 | SLOW    |     2.688 | FAST    |
B_i[3][3][2]   | C_o[2][3][4]   |     5.600 | SLOW    |     2.600 | FAST    |
B_i[3][3][2]   | C_o[2][3][5]   |     5.685 | SLOW    |     2.601 | FAST    |
B_i[3][3][2]   | C_o[2][3][6]   |     5.915 | SLOW    |     2.596 | FAST    |
B_i[3][3][2]   | C_o[3][3][2]   |     5.106 | SLOW    |     2.672 | FAST    |
B_i[3][3][2]   | C_o[3][3][3]   |     5.446 | SLOW    |     2.688 | FAST    |
B_i[3][3][2]   | C_o[3][3][4]   |     5.600 | SLOW    |     2.600 | FAST    |
B_i[3][3][2]   | C_o[3][3][5]   |     5.685 | SLOW    |     2.601 | FAST    |
B_i[3][3][2]   | C_o[3][3][6]   |     5.915 | SLOW    |     2.596 | FAST    |
B_i[3][3][3]   | C_o[0][3][3]   |     5.353 | SLOW    |     2.806 | FAST    |
B_i[3][3][3]   | C_o[0][3][4]   |     5.562 | SLOW    |     2.646 | FAST    |
B_i[3][3][3]   | C_o[0][3][5]   |     5.677 | SLOW    |     2.647 | FAST    |
B_i[3][3][3]   | C_o[0][3][6]   |     5.907 | SLOW    |     2.575 | FAST    |
B_i[3][3][3]   | C_o[1][3][3]   |     5.353 | SLOW    |     2.806 | FAST    |
B_i[3][3][3]   | C_o[1][3][4]   |     5.562 | SLOW    |     2.646 | FAST    |
B_i[3][3][3]   | C_o[1][3][5]   |     5.677 | SLOW    |     2.647 | FAST    |
B_i[3][3][3]   | C_o[1][3][6]   |     5.907 | SLOW    |     2.575 | FAST    |
B_i[3][3][3]   | C_o[2][3][3]   |     5.353 | SLOW    |     2.806 | FAST    |
B_i[3][3][3]   | C_o[2][3][4]   |     5.562 | SLOW    |     2.646 | FAST    |
B_i[3][3][3]   | C_o[2][3][5]   |     5.677 | SLOW    |     2.647 | FAST    |
B_i[3][3][3]   | C_o[2][3][6]   |     5.907 | SLOW    |     2.575 | FAST    |
B_i[3][3][3]   | C_o[3][3][3]   |     5.353 | SLOW    |     2.806 | FAST    |
B_i[3][3][3]   | C_o[3][3][4]   |     5.562 | SLOW    |     2.646 | FAST    |
B_i[3][3][3]   | C_o[3][3][5]   |     5.677 | SLOW    |     2.647 | FAST    |
B_i[3][3][3]   | C_o[3][3][6]   |     5.907 | SLOW    |     2.575 | FAST    |
B_i[3][3][4]   | C_o[0][3][4]   |     5.376 | SLOW    |     2.821 | FAST    |
B_i[3][3][4]   | C_o[0][3][5]   |     5.674 | SLOW    |     2.703 | FAST    |
B_i[3][3][4]   | C_o[0][3][6]   |     5.904 | SLOW    |     2.594 | FAST    |
B_i[3][3][4]   | C_o[1][3][4]   |     5.376 | SLOW    |     2.821 | FAST    |
B_i[3][3][4]   | C_o[1][3][5]   |     5.674 | SLOW    |     2.703 | FAST    |
B_i[3][3][4]   | C_o[1][3][6]   |     5.904 | SLOW    |     2.594 | FAST    |
B_i[3][3][4]   | C_o[2][3][4]   |     5.376 | SLOW    |     2.821 | FAST    |
B_i[3][3][4]   | C_o[2][3][5]   |     5.674 | SLOW    |     2.703 | FAST    |
B_i[3][3][4]   | C_o[2][3][6]   |     5.904 | SLOW    |     2.594 | FAST    |
B_i[3][3][4]   | C_o[3][3][4]   |     5.376 | SLOW    |     2.821 | FAST    |
B_i[3][3][4]   | C_o[3][3][5]   |     5.674 | SLOW    |     2.703 | FAST    |
B_i[3][3][4]   | C_o[3][3][6]   |     5.904 | SLOW    |     2.594 | FAST    |
B_i[3][3][5]   | C_o[0][3][5]   |     5.658 | SLOW    |     2.985 | FAST    |
B_i[3][3][5]   | C_o[0][3][6]   |     5.888 | SLOW    |     2.876 | FAST    |
B_i[3][3][5]   | C_o[1][3][5]   |     5.658 | SLOW    |     2.985 | FAST    |
B_i[3][3][5]   | C_o[1][3][6]   |     5.888 | SLOW    |     2.876 | FAST    |
B_i[3][3][5]   | C_o[2][3][5]   |     5.658 | SLOW    |     2.985 | FAST    |
B_i[3][3][5]   | C_o[2][3][6]   |     5.888 | SLOW    |     2.876 | FAST    |
B_i[3][3][5]   | C_o[3][3][5]   |     5.658 | SLOW    |     2.985 | FAST    |
B_i[3][3][5]   | C_o[3][3][6]   |     5.888 | SLOW    |     2.876 | FAST    |
B_i[3][3][6]   | C_o[0][3][6]   |     5.500 | SLOW    |     2.887 | FAST    |
B_i[3][3][6]   | C_o[1][3][6]   |     5.500 | SLOW    |     2.887 | FAST    |
B_i[3][3][6]   | C_o[2][3][6]   |     5.500 | SLOW    |     2.887 | FAST    |
B_i[3][3][6]   | C_o[3][3][6]   |     5.500 | SLOW    |     2.887 | FAST    |
S_A_i[0][0][0] | S_C_o[0][0][0] |     4.261 | SLOW    |     2.209 | FAST    |
S_A_i[0][0][0] | S_C_o[0][0][1] |     4.278 | SLOW    |     2.215 | FAST    |
S_A_i[0][0][0] | S_C_o[0][0][2] |     4.288 | SLOW    |     2.218 | FAST    |
S_A_i[0][0][0] | S_C_o[0][0][3] |     4.462 | SLOW    |     2.312 | FAST    |
S_A_i[0][0][0] | S_C_o[0][0][4] |     4.462 | SLOW    |     2.312 | FAST    |
S_A_i[0][0][0] | S_C_o[0][0][5] |     4.684 | SLOW    |     2.435 | FAST    |
S_A_i[0][0][0] | S_C_o[0][0][6] |     4.913 | SLOW    |     2.568 | FAST    |
S_A_i[0][0][0] | S_C_o[0][0][7] |     4.935 | SLOW    |     2.582 | FAST    |
S_A_i[0][0][0] | S_C_o[0][1][0] |     4.261 | SLOW    |     2.209 | FAST    |
S_A_i[0][0][0] | S_C_o[0][1][1] |     4.278 | SLOW    |     2.215 | FAST    |
S_A_i[0][0][0] | S_C_o[0][1][2] |     4.288 | SLOW    |     2.218 | FAST    |
S_A_i[0][0][0] | S_C_o[0][1][3] |     4.462 | SLOW    |     2.312 | FAST    |
S_A_i[0][0][0] | S_C_o[0][1][4] |     4.462 | SLOW    |     2.312 | FAST    |
S_A_i[0][0][0] | S_C_o[0][1][5] |     4.684 | SLOW    |     2.435 | FAST    |
S_A_i[0][0][0] | S_C_o[0][1][6] |     4.913 | SLOW    |     2.568 | FAST    |
S_A_i[0][0][0] | S_C_o[0][1][7] |     4.935 | SLOW    |     2.582 | FAST    |
S_A_i[0][0][0] | S_C_o[0][2][0] |     4.261 | SLOW    |     2.209 | FAST    |
S_A_i[0][0][0] | S_C_o[0][2][1] |     4.278 | SLOW    |     2.215 | FAST    |
S_A_i[0][0][0] | S_C_o[0][2][2] |     4.288 | SLOW    |     2.218 | FAST    |
S_A_i[0][0][0] | S_C_o[0][2][3] |     4.462 | SLOW    |     2.312 | FAST    |
S_A_i[0][0][0] | S_C_o[0][2][4] |     4.462 | SLOW    |     2.312 | FAST    |
S_A_i[0][0][0] | S_C_o[0][2][5] |     4.684 | SLOW    |     2.435 | FAST    |
S_A_i[0][0][0] | S_C_o[0][2][6] |     4.913 | SLOW    |     2.568 | FAST    |
S_A_i[0][0][0] | S_C_o[0][2][7] |     4.935 | SLOW    |     2.582 | FAST    |
S_A_i[0][0][0] | S_C_o[0][3][0] |     4.261 | SLOW    |     2.209 | FAST    |
S_A_i[0][0][0] | S_C_o[0][3][1] |     4.278 | SLOW    |     2.215 | FAST    |
S_A_i[0][0][0] | S_C_o[0][3][2] |     4.288 | SLOW    |     2.218 | FAST    |
S_A_i[0][0][0] | S_C_o[0][3][3] |     4.462 | SLOW    |     2.312 | FAST    |
S_A_i[0][0][0] | S_C_o[0][3][4] |     4.462 | SLOW    |     2.312 | FAST    |
S_A_i[0][0][0] | S_C_o[0][3][5] |     4.684 | SLOW    |     2.435 | FAST    |
S_A_i[0][0][0] | S_C_o[0][3][6] |     4.913 | SLOW    |     2.568 | FAST    |
S_A_i[0][0][0] | S_C_o[0][3][7] |     4.935 | SLOW    |     2.582 | FAST    |
S_A_i[0][0][1] | S_C_o[0][0][1] |     4.286 | SLOW    |     2.226 | FAST    |
S_A_i[0][0][1] | S_C_o[0][0][2] |     4.282 | SLOW    |     2.215 | FAST    |
S_A_i[0][0][1] | S_C_o[0][0][3] |     4.461 | SLOW    |     2.317 | FAST    |
S_A_i[0][0][1] | S_C_o[0][0][4] |     4.461 | SLOW    |     2.317 | FAST    |
S_A_i[0][0][1] | S_C_o[0][0][5] |     4.683 | SLOW    |     2.440 | FAST    |
S_A_i[0][0][1] | S_C_o[0][0][6] |     4.912 | SLOW    |     2.573 | FAST    |
S_A_i[0][0][1] | S_C_o[0][0][7] |     4.934 | SLOW    |     2.587 | FAST    |
S_A_i[0][0][1] | S_C_o[0][1][1] |     4.286 | SLOW    |     2.226 | FAST    |
S_A_i[0][0][1] | S_C_o[0][1][2] |     4.282 | SLOW    |     2.215 | FAST    |
S_A_i[0][0][1] | S_C_o[0][1][3] |     4.461 | SLOW    |     2.317 | FAST    |
S_A_i[0][0][1] | S_C_o[0][1][4] |     4.461 | SLOW    |     2.317 | FAST    |
S_A_i[0][0][1] | S_C_o[0][1][5] |     4.683 | SLOW    |     2.440 | FAST    |
S_A_i[0][0][1] | S_C_o[0][1][6] |     4.912 | SLOW    |     2.573 | FAST    |
S_A_i[0][0][1] | S_C_o[0][1][7] |     4.934 | SLOW    |     2.587 | FAST    |
S_A_i[0][0][1] | S_C_o[0][2][1] |     4.286 | SLOW    |     2.226 | FAST    |
S_A_i[0][0][1] | S_C_o[0][2][2] |     4.282 | SLOW    |     2.215 | FAST    |
S_A_i[0][0][1] | S_C_o[0][2][3] |     4.461 | SLOW    |     2.317 | FAST    |
S_A_i[0][0][1] | S_C_o[0][2][4] |     4.461 | SLOW    |     2.317 | FAST    |
S_A_i[0][0][1] | S_C_o[0][2][5] |     4.683 | SLOW    |     2.440 | FAST    |
S_A_i[0][0][1] | S_C_o[0][2][6] |     4.912 | SLOW    |     2.573 | FAST    |
S_A_i[0][0][1] | S_C_o[0][2][7] |     4.934 | SLOW    |     2.587 | FAST    |
S_A_i[0][0][1] | S_C_o[0][3][1] |     4.286 | SLOW    |     2.226 | FAST    |
S_A_i[0][0][1] | S_C_o[0][3][2] |     4.282 | SLOW    |     2.215 | FAST    |
S_A_i[0][0][1] | S_C_o[0][3][3] |     4.461 | SLOW    |     2.317 | FAST    |
S_A_i[0][0][1] | S_C_o[0][3][4] |     4.461 | SLOW    |     2.317 | FAST    |
S_A_i[0][0][1] | S_C_o[0][3][5] |     4.683 | SLOW    |     2.440 | FAST    |
S_A_i[0][0][1] | S_C_o[0][3][6] |     4.912 | SLOW    |     2.573 | FAST    |
S_A_i[0][0][1] | S_C_o[0][3][7] |     4.934 | SLOW    |     2.587 | FAST    |
S_A_i[0][0][2] | S_C_o[0][0][2] |     4.246 | SLOW    |     2.201 | FAST    |
S_A_i[0][0][2] | S_C_o[0][0][3] |     4.479 | SLOW    |     2.321 | FAST    |
S_A_i[0][0][2] | S_C_o[0][0][4] |     4.479 | SLOW    |     2.321 | FAST    |
S_A_i[0][0][2] | S_C_o[0][0][5] |     4.701 | SLOW    |     2.444 | FAST    |
S_A_i[0][0][2] | S_C_o[0][0][6] |     4.930 | SLOW    |     2.577 | FAST    |
S_A_i[0][0][2] | S_C_o[0][0][7] |     4.952 | SLOW    |     2.591 | FAST    |
S_A_i[0][0][2] | S_C_o[0][1][2] |     4.246 | SLOW    |     2.201 | FAST    |
S_A_i[0][0][2] | S_C_o[0][1][3] |     4.479 | SLOW    |     2.321 | FAST    |
S_A_i[0][0][2] | S_C_o[0][1][4] |     4.479 | SLOW    |     2.321 | FAST    |
S_A_i[0][0][2] | S_C_o[0][1][5] |     4.701 | SLOW    |     2.444 | FAST    |
S_A_i[0][0][2] | S_C_o[0][1][6] |     4.930 | SLOW    |     2.577 | FAST    |
S_A_i[0][0][2] | S_C_o[0][1][7] |     4.952 | SLOW    |     2.591 | FAST    |
S_A_i[0][0][2] | S_C_o[0][2][2] |     4.246 | SLOW    |     2.201 | FAST    |
S_A_i[0][0][2] | S_C_o[0][2][3] |     4.479 | SLOW    |     2.321 | FAST    |
S_A_i[0][0][2] | S_C_o[0][2][4] |     4.479 | SLOW    |     2.321 | FAST    |
S_A_i[0][0][2] | S_C_o[0][2][5] |     4.701 | SLOW    |     2.444 | FAST    |
S_A_i[0][0][2] | S_C_o[0][2][6] |     4.930 | SLOW    |     2.577 | FAST    |
S_A_i[0][0][2] | S_C_o[0][2][7] |     4.952 | SLOW    |     2.591 | FAST    |
S_A_i[0][0][2] | S_C_o[0][3][2] |     4.246 | SLOW    |     2.201 | FAST    |
S_A_i[0][0][2] | S_C_o[0][3][3] |     4.479 | SLOW    |     2.321 | FAST    |
S_A_i[0][0][2] | S_C_o[0][3][4] |     4.479 | SLOW    |     2.321 | FAST    |
S_A_i[0][0][2] | S_C_o[0][3][5] |     4.701 | SLOW    |     2.444 | FAST    |
S_A_i[0][0][2] | S_C_o[0][3][6] |     4.930 | SLOW    |     2.577 | FAST    |
S_A_i[0][0][2] | S_C_o[0][3][7] |     4.952 | SLOW    |     2.591 | FAST    |
S_A_i[0][0][3] | S_C_o[0][0][3] |     4.255 | SLOW    |     2.206 | FAST    |
S_A_i[0][0][3] | S_C_o[0][0][4] |     4.250 | SLOW    |     2.198 | FAST    |
S_A_i[0][0][3] | S_C_o[0][0][5] |     4.486 | SLOW    |     2.335 | FAST    |
S_A_i[0][0][3] | S_C_o[0][0][6] |     4.715 | SLOW    |     2.468 | FAST    |
S_A_i[0][0][3] | S_C_o[0][0][7] |     4.737 | SLOW    |     2.482 | FAST    |
S_A_i[0][0][3] | S_C_o[0][1][3] |     4.255 | SLOW    |     2.206 | FAST    |
S_A_i[0][0][3] | S_C_o[0][1][4] |     4.250 | SLOW    |     2.198 | FAST    |
S_A_i[0][0][3] | S_C_o[0][1][5] |     4.486 | SLOW    |     2.335 | FAST    |
S_A_i[0][0][3] | S_C_o[0][1][6] |     4.715 | SLOW    |     2.468 | FAST    |
S_A_i[0][0][3] | S_C_o[0][1][7] |     4.737 | SLOW    |     2.482 | FAST    |
S_A_i[0][0][3] | S_C_o[0][2][3] |     4.255 | SLOW    |     2.206 | FAST    |
S_A_i[0][0][3] | S_C_o[0][2][4] |     4.250 | SLOW    |     2.198 | FAST    |
S_A_i[0][0][3] | S_C_o[0][2][5] |     4.486 | SLOW    |     2.335 | FAST    |
S_A_i[0][0][3] | S_C_o[0][2][6] |     4.715 | SLOW    |     2.468 | FAST    |
S_A_i[0][0][3] | S_C_o[0][2][7] |     4.737 | SLOW    |     2.482 | FAST    |
S_A_i[0][0][3] | S_C_o[0][3][3] |     4.255 | SLOW    |     2.206 | FAST    |
S_A_i[0][0][3] | S_C_o[0][3][4] |     4.250 | SLOW    |     2.198 | FAST    |
S_A_i[0][0][3] | S_C_o[0][3][5] |     4.486 | SLOW    |     2.335 | FAST    |
S_A_i[0][0][3] | S_C_o[0][3][6] |     4.715 | SLOW    |     2.468 | FAST    |
S_A_i[0][0][3] | S_C_o[0][3][7] |     4.737 | SLOW    |     2.482 | FAST    |
S_A_i[0][0][4] | S_C_o[0][0][4] |     4.246 | SLOW    |     2.201 | FAST    |
S_A_i[0][0][4] | S_C_o[0][0][5] |     4.463 | SLOW    |     2.316 | FAST    |
S_A_i[0][0][4] | S_C_o[0][0][6] |     4.692 | SLOW    |     2.449 | FAST    |
S_A_i[0][0][4] | S_C_o[0][0][7] |     4.714 | SLOW    |     2.463 | FAST    |
S_A_i[0][0][4] | S_C_o[0][1][4] |     4.246 | SLOW    |     2.201 | FAST    |
S_A_i[0][0][4] | S_C_o[0][1][5] |     4.463 | SLOW    |     2.316 | FAST    |
S_A_i[0][0][4] | S_C_o[0][1][6] |     4.692 | SLOW    |     2.449 | FAST    |
S_A_i[0][0][4] | S_C_o[0][1][7] |     4.714 | SLOW    |     2.463 | FAST    |
S_A_i[0][0][4] | S_C_o[0][2][4] |     4.246 | SLOW    |     2.201 | FAST    |
S_A_i[0][0][4] | S_C_o[0][2][5] |     4.463 | SLOW    |     2.316 | FAST    |
S_A_i[0][0][4] | S_C_o[0][2][6] |     4.692 | SLOW    |     2.449 | FAST    |
S_A_i[0][0][4] | S_C_o[0][2][7] |     4.714 | SLOW    |     2.463 | FAST    |
S_A_i[0][0][4] | S_C_o[0][3][4] |     4.246 | SLOW    |     2.201 | FAST    |
S_A_i[0][0][4] | S_C_o[0][3][5] |     4.463 | SLOW    |     2.316 | FAST    |
S_A_i[0][0][4] | S_C_o[0][3][6] |     4.692 | SLOW    |     2.449 | FAST    |
S_A_i[0][0][4] | S_C_o[0][3][7] |     4.714 | SLOW    |     2.463 | FAST    |
S_A_i[0][0][5] | S_C_o[0][0][5] |     4.246 | SLOW    |     2.201 | FAST    |
S_A_i[0][0][5] | S_C_o[0][0][6] |     4.477 | SLOW    |     2.330 | FAST    |
S_A_i[0][0][5] | S_C_o[0][0][7] |     4.499 | SLOW    |     2.344 | FAST    |
S_A_i[0][0][5] | S_C_o[0][1][5] |     4.246 | SLOW    |     2.201 | FAST    |
S_A_i[0][0][5] | S_C_o[0][1][6] |     4.477 | SLOW    |     2.330 | FAST    |
S_A_i[0][0][5] | S_C_o[0][1][7] |     4.499 | SLOW    |     2.344 | FAST    |
S_A_i[0][0][5] | S_C_o[0][2][5] |     4.246 | SLOW    |     2.201 | FAST    |
S_A_i[0][0][5] | S_C_o[0][2][6] |     4.477 | SLOW    |     2.330 | FAST    |
S_A_i[0][0][5] | S_C_o[0][2][7] |     4.499 | SLOW    |     2.344 | FAST    |
S_A_i[0][0][5] | S_C_o[0][3][5] |     4.246 | SLOW    |     2.201 | FAST    |
S_A_i[0][0][5] | S_C_o[0][3][6] |     4.477 | SLOW    |     2.330 | FAST    |
S_A_i[0][0][5] | S_C_o[0][3][7] |     4.499 | SLOW    |     2.344 | FAST    |
S_A_i[0][0][6] | S_C_o[0][0][6] |     4.246 | SLOW    |     2.201 | FAST    |
S_A_i[0][0][6] | S_C_o[0][0][7] |     4.263 | SLOW    |     2.207 | FAST    |
S_A_i[0][0][6] | S_C_o[0][1][6] |     4.246 | SLOW    |     2.201 | FAST    |
S_A_i[0][0][6] | S_C_o[0][1][7] |     4.263 | SLOW    |     2.207 | FAST    |
S_A_i[0][0][6] | S_C_o[0][2][6] |     4.246 | SLOW    |     2.201 | FAST    |
S_A_i[0][0][6] | S_C_o[0][2][7] |     4.263 | SLOW    |     2.207 | FAST    |
S_A_i[0][0][6] | S_C_o[0][3][6] |     4.246 | SLOW    |     2.201 | FAST    |
S_A_i[0][0][6] | S_C_o[0][3][7] |     4.263 | SLOW    |     2.207 | FAST    |
S_A_i[0][0][7] | S_C_o[0][0][7] |     4.261 | SLOW    |     2.213 | FAST    |
S_A_i[0][0][7] | S_C_o[0][1][7] |     4.261 | SLOW    |     2.213 | FAST    |
S_A_i[0][0][7] | S_C_o[0][2][7] |     4.261 | SLOW    |     2.213 | FAST    |
S_A_i[0][0][7] | S_C_o[0][3][7] |     4.261 | SLOW    |     2.213 | FAST    |
S_A_i[1][0][0] | S_C_o[1][0][0] |     4.261 | SLOW    |     2.209 | FAST    |
S_A_i[1][0][0] | S_C_o[1][0][1] |     4.278 | SLOW    |     2.215 | FAST    |
S_A_i[1][0][0] | S_C_o[1][0][2] |     4.288 | SLOW    |     2.218 | FAST    |
S_A_i[1][0][0] | S_C_o[1][0][3] |     4.462 | SLOW    |     2.312 | FAST    |
S_A_i[1][0][0] | S_C_o[1][0][4] |     4.462 | SLOW    |     2.312 | FAST    |
S_A_i[1][0][0] | S_C_o[1][0][5] |     4.684 | SLOW    |     2.435 | FAST    |
S_A_i[1][0][0] | S_C_o[1][0][6] |     4.913 | SLOW    |     2.568 | FAST    |
S_A_i[1][0][0] | S_C_o[1][0][7] |     4.935 | SLOW    |     2.582 | FAST    |
S_A_i[1][0][0] | S_C_o[1][1][0] |     4.261 | SLOW    |     2.209 | FAST    |
S_A_i[1][0][0] | S_C_o[1][1][1] |     4.278 | SLOW    |     2.215 | FAST    |
S_A_i[1][0][0] | S_C_o[1][1][2] |     4.288 | SLOW    |     2.218 | FAST    |
S_A_i[1][0][0] | S_C_o[1][1][3] |     4.462 | SLOW    |     2.312 | FAST    |
S_A_i[1][0][0] | S_C_o[1][1][4] |     4.462 | SLOW    |     2.312 | FAST    |
S_A_i[1][0][0] | S_C_o[1][1][5] |     4.684 | SLOW    |     2.435 | FAST    |
S_A_i[1][0][0] | S_C_o[1][1][6] |     4.913 | SLOW    |     2.568 | FAST    |
S_A_i[1][0][0] | S_C_o[1][1][7] |     4.935 | SLOW    |     2.582 | FAST    |
S_A_i[1][0][0] | S_C_o[1][2][0] |     4.261 | SLOW    |     2.209 | FAST    |
S_A_i[1][0][0] | S_C_o[1][2][1] |     4.278 | SLOW    |     2.215 | FAST    |
S_A_i[1][0][0] | S_C_o[1][2][2] |     4.288 | SLOW    |     2.218 | FAST    |
S_A_i[1][0][0] | S_C_o[1][2][3] |     4.462 | SLOW    |     2.312 | FAST    |
S_A_i[1][0][0] | S_C_o[1][2][4] |     4.462 | SLOW    |     2.312 | FAST    |
S_A_i[1][0][0] | S_C_o[1][2][5] |     4.684 | SLOW    |     2.435 | FAST    |
S_A_i[1][0][0] | S_C_o[1][2][6] |     4.913 | SLOW    |     2.568 | FAST    |
S_A_i[1][0][0] | S_C_o[1][2][7] |     4.935 | SLOW    |     2.582 | FAST    |
S_A_i[1][0][0] | S_C_o[1][3][0] |     4.261 | SLOW    |     2.209 | FAST    |
S_A_i[1][0][0] | S_C_o[1][3][1] |     4.278 | SLOW    |     2.215 | FAST    |
S_A_i[1][0][0] | S_C_o[1][3][2] |     4.288 | SLOW    |     2.218 | FAST    |
S_A_i[1][0][0] | S_C_o[1][3][3] |     4.462 | SLOW    |     2.312 | FAST    |
S_A_i[1][0][0] | S_C_o[1][3][4] |     4.462 | SLOW    |     2.312 | FAST    |
S_A_i[1][0][0] | S_C_o[1][3][5] |     4.684 | SLOW    |     2.435 | FAST    |
S_A_i[1][0][0] | S_C_o[1][3][6] |     4.913 | SLOW    |     2.568 | FAST    |
S_A_i[1][0][0] | S_C_o[1][3][7] |     4.935 | SLOW    |     2.582 | FAST    |
S_A_i[1][0][1] | S_C_o[1][0][1] |     4.286 | SLOW    |     2.226 | FAST    |
S_A_i[1][0][1] | S_C_o[1][0][2] |     4.282 | SLOW    |     2.215 | FAST    |
S_A_i[1][0][1] | S_C_o[1][0][3] |     4.461 | SLOW    |     2.317 | FAST    |
S_A_i[1][0][1] | S_C_o[1][0][4] |     4.461 | SLOW    |     2.317 | FAST    |
S_A_i[1][0][1] | S_C_o[1][0][5] |     4.683 | SLOW    |     2.440 | FAST    |
S_A_i[1][0][1] | S_C_o[1][0][6] |     4.912 | SLOW    |     2.573 | FAST    |
S_A_i[1][0][1] | S_C_o[1][0][7] |     4.934 | SLOW    |     2.587 | FAST    |
S_A_i[1][0][1] | S_C_o[1][1][1] |     4.286 | SLOW    |     2.226 | FAST    |
S_A_i[1][0][1] | S_C_o[1][1][2] |     4.282 | SLOW    |     2.215 | FAST    |
S_A_i[1][0][1] | S_C_o[1][1][3] |     4.461 | SLOW    |     2.317 | FAST    |
S_A_i[1][0][1] | S_C_o[1][1][4] |     4.461 | SLOW    |     2.317 | FAST    |
S_A_i[1][0][1] | S_C_o[1][1][5] |     4.683 | SLOW    |     2.440 | FAST    |
S_A_i[1][0][1] | S_C_o[1][1][6] |     4.912 | SLOW    |     2.573 | FAST    |
S_A_i[1][0][1] | S_C_o[1][1][7] |     4.934 | SLOW    |     2.587 | FAST    |
S_A_i[1][0][1] | S_C_o[1][2][1] |     4.286 | SLOW    |     2.226 | FAST    |
S_A_i[1][0][1] | S_C_o[1][2][2] |     4.282 | SLOW    |     2.215 | FAST    |
S_A_i[1][0][1] | S_C_o[1][2][3] |     4.461 | SLOW    |     2.317 | FAST    |
S_A_i[1][0][1] | S_C_o[1][2][4] |     4.461 | SLOW    |     2.317 | FAST    |
S_A_i[1][0][1] | S_C_o[1][2][5] |     4.683 | SLOW    |     2.440 | FAST    |
S_A_i[1][0][1] | S_C_o[1][2][6] |     4.912 | SLOW    |     2.573 | FAST    |
S_A_i[1][0][1] | S_C_o[1][2][7] |     4.934 | SLOW    |     2.587 | FAST    |
S_A_i[1][0][1] | S_C_o[1][3][1] |     4.286 | SLOW    |     2.226 | FAST    |
S_A_i[1][0][1] | S_C_o[1][3][2] |     4.282 | SLOW    |     2.215 | FAST    |
S_A_i[1][0][1] | S_C_o[1][3][3] |     4.461 | SLOW    |     2.317 | FAST    |
S_A_i[1][0][1] | S_C_o[1][3][4] |     4.461 | SLOW    |     2.317 | FAST    |
S_A_i[1][0][1] | S_C_o[1][3][5] |     4.683 | SLOW    |     2.440 | FAST    |
S_A_i[1][0][1] | S_C_o[1][3][6] |     4.912 | SLOW    |     2.573 | FAST    |
S_A_i[1][0][1] | S_C_o[1][3][7] |     4.934 | SLOW    |     2.587 | FAST    |
S_A_i[1][0][2] | S_C_o[1][0][2] |     4.246 | SLOW    |     2.201 | FAST    |
S_A_i[1][0][2] | S_C_o[1][0][3] |     4.479 | SLOW    |     2.321 | FAST    |
S_A_i[1][0][2] | S_C_o[1][0][4] |     4.479 | SLOW    |     2.321 | FAST    |
S_A_i[1][0][2] | S_C_o[1][0][5] |     4.701 | SLOW    |     2.444 | FAST    |
S_A_i[1][0][2] | S_C_o[1][0][6] |     4.930 | SLOW    |     2.577 | FAST    |
S_A_i[1][0][2] | S_C_o[1][0][7] |     4.952 | SLOW    |     2.591 | FAST    |
S_A_i[1][0][2] | S_C_o[1][1][2] |     4.246 | SLOW    |     2.201 | FAST    |
S_A_i[1][0][2] | S_C_o[1][1][3] |     4.479 | SLOW    |     2.321 | FAST    |
S_A_i[1][0][2] | S_C_o[1][1][4] |     4.479 | SLOW    |     2.321 | FAST    |
S_A_i[1][0][2] | S_C_o[1][1][5] |     4.701 | SLOW    |     2.444 | FAST    |
S_A_i[1][0][2] | S_C_o[1][1][6] |     4.930 | SLOW    |     2.577 | FAST    |
S_A_i[1][0][2] | S_C_o[1][1][7] |     4.952 | SLOW    |     2.591 | FAST    |
S_A_i[1][0][2] | S_C_o[1][2][2] |     4.246 | SLOW    |     2.201 | FAST    |
S_A_i[1][0][2] | S_C_o[1][2][3] |     4.479 | SLOW    |     2.321 | FAST    |
S_A_i[1][0][2] | S_C_o[1][2][4] |     4.479 | SLOW    |     2.321 | FAST    |
S_A_i[1][0][2] | S_C_o[1][2][5] |     4.701 | SLOW    |     2.444 | FAST    |
S_A_i[1][0][2] | S_C_o[1][2][6] |     4.930 | SLOW    |     2.577 | FAST    |
S_A_i[1][0][2] | S_C_o[1][2][7] |     4.952 | SLOW    |     2.591 | FAST    |
S_A_i[1][0][2] | S_C_o[1][3][2] |     4.246 | SLOW    |     2.201 | FAST    |
S_A_i[1][0][2] | S_C_o[1][3][3] |     4.479 | SLOW    |     2.321 | FAST    |
S_A_i[1][0][2] | S_C_o[1][3][4] |     4.479 | SLOW    |     2.321 | FAST    |
S_A_i[1][0][2] | S_C_o[1][3][5] |     4.701 | SLOW    |     2.444 | FAST    |
S_A_i[1][0][2] | S_C_o[1][3][6] |     4.930 | SLOW    |     2.577 | FAST    |
S_A_i[1][0][2] | S_C_o[1][3][7] |     4.952 | SLOW    |     2.591 | FAST    |
S_A_i[1][0][3] | S_C_o[1][0][3] |     4.255 | SLOW    |     2.206 | FAST    |
S_A_i[1][0][3] | S_C_o[1][0][4] |     4.250 | SLOW    |     2.198 | FAST    |
S_A_i[1][0][3] | S_C_o[1][0][5] |     4.486 | SLOW    |     2.335 | FAST    |
S_A_i[1][0][3] | S_C_o[1][0][6] |     4.715 | SLOW    |     2.468 | FAST    |
S_A_i[1][0][3] | S_C_o[1][0][7] |     4.737 | SLOW    |     2.482 | FAST    |
S_A_i[1][0][3] | S_C_o[1][1][3] |     4.255 | SLOW    |     2.206 | FAST    |
S_A_i[1][0][3] | S_C_o[1][1][4] |     4.250 | SLOW    |     2.198 | FAST    |
S_A_i[1][0][3] | S_C_o[1][1][5] |     4.486 | SLOW    |     2.335 | FAST    |
S_A_i[1][0][3] | S_C_o[1][1][6] |     4.715 | SLOW    |     2.468 | FAST    |
S_A_i[1][0][3] | S_C_o[1][1][7] |     4.737 | SLOW    |     2.482 | FAST    |
S_A_i[1][0][3] | S_C_o[1][2][3] |     4.255 | SLOW    |     2.206 | FAST    |
S_A_i[1][0][3] | S_C_o[1][2][4] |     4.250 | SLOW    |     2.198 | FAST    |
S_A_i[1][0][3] | S_C_o[1][2][5] |     4.486 | SLOW    |     2.335 | FAST    |
S_A_i[1][0][3] | S_C_o[1][2][6] |     4.715 | SLOW    |     2.468 | FAST    |
S_A_i[1][0][3] | S_C_o[1][2][7] |     4.737 | SLOW    |     2.482 | FAST    |
S_A_i[1][0][3] | S_C_o[1][3][3] |     4.255 | SLOW    |     2.206 | FAST    |
S_A_i[1][0][3] | S_C_o[1][3][4] |     4.250 | SLOW    |     2.198 | FAST    |
S_A_i[1][0][3] | S_C_o[1][3][5] |     4.486 | SLOW    |     2.335 | FAST    |
S_A_i[1][0][3] | S_C_o[1][3][6] |     4.715 | SLOW    |     2.468 | FAST    |
S_A_i[1][0][3] | S_C_o[1][3][7] |     4.737 | SLOW    |     2.482 | FAST    |
S_A_i[1][0][4] | S_C_o[1][0][4] |     4.246 | SLOW    |     2.201 | FAST    |
S_A_i[1][0][4] | S_C_o[1][0][5] |     4.463 | SLOW    |     2.316 | FAST    |
S_A_i[1][0][4] | S_C_o[1][0][6] |     4.692 | SLOW    |     2.449 | FAST    |
S_A_i[1][0][4] | S_C_o[1][0][7] |     4.714 | SLOW    |     2.463 | FAST    |
S_A_i[1][0][4] | S_C_o[1][1][4] |     4.246 | SLOW    |     2.201 | FAST    |
S_A_i[1][0][4] | S_C_o[1][1][5] |     4.463 | SLOW    |     2.316 | FAST    |
S_A_i[1][0][4] | S_C_o[1][1][6] |     4.692 | SLOW    |     2.449 | FAST    |
S_A_i[1][0][4] | S_C_o[1][1][7] |     4.714 | SLOW    |     2.463 | FAST    |
S_A_i[1][0][4] | S_C_o[1][2][4] |     4.246 | SLOW    |     2.201 | FAST    |
S_A_i[1][0][4] | S_C_o[1][2][5] |     4.463 | SLOW    |     2.316 | FAST    |
S_A_i[1][0][4] | S_C_o[1][2][6] |     4.692 | SLOW    |     2.449 | FAST    |
S_A_i[1][0][4] | S_C_o[1][2][7] |     4.714 | SLOW    |     2.463 | FAST    |
S_A_i[1][0][4] | S_C_o[1][3][4] |     4.246 | SLOW    |     2.201 | FAST    |
S_A_i[1][0][4] | S_C_o[1][3][5] |     4.463 | SLOW    |     2.316 | FAST    |
S_A_i[1][0][4] | S_C_o[1][3][6] |     4.692 | SLOW    |     2.449 | FAST    |
S_A_i[1][0][4] | S_C_o[1][3][7] |     4.714 | SLOW    |     2.463 | FAST    |
S_A_i[1][0][5] | S_C_o[1][0][5] |     4.246 | SLOW    |     2.201 | FAST    |
S_A_i[1][0][5] | S_C_o[1][0][6] |     4.477 | SLOW    |     2.330 | FAST    |
S_A_i[1][0][5] | S_C_o[1][0][7] |     4.499 | SLOW    |     2.344 | FAST    |
S_A_i[1][0][5] | S_C_o[1][1][5] |     4.246 | SLOW    |     2.201 | FAST    |
S_A_i[1][0][5] | S_C_o[1][1][6] |     4.477 | SLOW    |     2.330 | FAST    |
S_A_i[1][0][5] | S_C_o[1][1][7] |     4.499 | SLOW    |     2.344 | FAST    |
S_A_i[1][0][5] | S_C_o[1][2][5] |     4.246 | SLOW    |     2.201 | FAST    |
S_A_i[1][0][5] | S_C_o[1][2][6] |     4.477 | SLOW    |     2.330 | FAST    |
S_A_i[1][0][5] | S_C_o[1][2][7] |     4.499 | SLOW    |     2.344 | FAST    |
S_A_i[1][0][5] | S_C_o[1][3][5] |     4.246 | SLOW    |     2.201 | FAST    |
S_A_i[1][0][5] | S_C_o[1][3][6] |     4.477 | SLOW    |     2.330 | FAST    |
S_A_i[1][0][5] | S_C_o[1][3][7] |     4.499 | SLOW    |     2.344 | FAST    |
S_A_i[1][0][6] | S_C_o[1][0][6] |     4.246 | SLOW    |     2.201 | FAST    |
S_A_i[1][0][6] | S_C_o[1][0][7] |     4.263 | SLOW    |     2.207 | FAST    |
S_A_i[1][0][6] | S_C_o[1][1][6] |     4.246 | SLOW    |     2.201 | FAST    |
S_A_i[1][0][6] | S_C_o[1][1][7] |     4.263 | SLOW    |     2.207 | FAST    |
S_A_i[1][0][6] | S_C_o[1][2][6] |     4.246 | SLOW    |     2.201 | FAST    |
S_A_i[1][0][6] | S_C_o[1][2][7] |     4.263 | SLOW    |     2.207 | FAST    |
S_A_i[1][0][6] | S_C_o[1][3][6] |     4.246 | SLOW    |     2.201 | FAST    |
S_A_i[1][0][6] | S_C_o[1][3][7] |     4.263 | SLOW    |     2.207 | FAST    |
S_A_i[1][0][7] | S_C_o[1][0][7] |     4.261 | SLOW    |     2.213 | FAST    |
S_A_i[1][0][7] | S_C_o[1][1][7] |     4.261 | SLOW    |     2.213 | FAST    |
S_A_i[1][0][7] | S_C_o[1][2][7] |     4.261 | SLOW    |     2.213 | FAST    |
S_A_i[1][0][7] | S_C_o[1][3][7] |     4.261 | SLOW    |     2.213 | FAST    |
S_A_i[2][0][0] | S_C_o[2][0][0] |     4.261 | SLOW    |     2.209 | FAST    |
S_A_i[2][0][0] | S_C_o[2][0][1] |     4.278 | SLOW    |     2.215 | FAST    |
S_A_i[2][0][0] | S_C_o[2][0][2] |     4.288 | SLOW    |     2.218 | FAST    |
S_A_i[2][0][0] | S_C_o[2][0][3] |     4.462 | SLOW    |     2.312 | FAST    |
S_A_i[2][0][0] | S_C_o[2][0][4] |     4.462 | SLOW    |     2.312 | FAST    |
S_A_i[2][0][0] | S_C_o[2][0][5] |     4.684 | SLOW    |     2.435 | FAST    |
S_A_i[2][0][0] | S_C_o[2][0][6] |     4.913 | SLOW    |     2.568 | FAST    |
S_A_i[2][0][0] | S_C_o[2][0][7] |     4.935 | SLOW    |     2.582 | FAST    |
S_A_i[2][0][0] | S_C_o[2][1][0] |     4.261 | SLOW    |     2.209 | FAST    |
S_A_i[2][0][0] | S_C_o[2][1][1] |     4.278 | SLOW    |     2.215 | FAST    |
S_A_i[2][0][0] | S_C_o[2][1][2] |     4.288 | SLOW    |     2.218 | FAST    |
S_A_i[2][0][0] | S_C_o[2][1][3] |     4.462 | SLOW    |     2.312 | FAST    |
S_A_i[2][0][0] | S_C_o[2][1][4] |     4.462 | SLOW    |     2.312 | FAST    |
S_A_i[2][0][0] | S_C_o[2][1][5] |     4.684 | SLOW    |     2.435 | FAST    |
S_A_i[2][0][0] | S_C_o[2][1][6] |     4.913 | SLOW    |     2.568 | FAST    |
S_A_i[2][0][0] | S_C_o[2][1][7] |     4.935 | SLOW    |     2.582 | FAST    |
S_A_i[2][0][0] | S_C_o[2][2][0] |     4.261 | SLOW    |     2.209 | FAST    |
S_A_i[2][0][0] | S_C_o[2][2][1] |     4.278 | SLOW    |     2.215 | FAST    |
S_A_i[2][0][0] | S_C_o[2][2][2] |     4.288 | SLOW    |     2.218 | FAST    |
S_A_i[2][0][0] | S_C_o[2][2][3] |     4.462 | SLOW    |     2.312 | FAST    |
S_A_i[2][0][0] | S_C_o[2][2][4] |     4.462 | SLOW    |     2.312 | FAST    |
S_A_i[2][0][0] | S_C_o[2][2][5] |     4.684 | SLOW    |     2.435 | FAST    |
S_A_i[2][0][0] | S_C_o[2][2][6] |     4.913 | SLOW    |     2.568 | FAST    |
S_A_i[2][0][0] | S_C_o[2][2][7] |     4.935 | SLOW    |     2.582 | FAST    |
S_A_i[2][0][0] | S_C_o[2][3][0] |     4.261 | SLOW    |     2.209 | FAST    |
S_A_i[2][0][0] | S_C_o[2][3][1] |     4.278 | SLOW    |     2.215 | FAST    |
S_A_i[2][0][0] | S_C_o[2][3][2] |     4.288 | SLOW    |     2.218 | FAST    |
S_A_i[2][0][0] | S_C_o[2][3][3] |     4.462 | SLOW    |     2.312 | FAST    |
S_A_i[2][0][0] | S_C_o[2][3][4] |     4.462 | SLOW    |     2.312 | FAST    |
S_A_i[2][0][0] | S_C_o[2][3][5] |     4.684 | SLOW    |     2.435 | FAST    |
S_A_i[2][0][0] | S_C_o[2][3][6] |     4.913 | SLOW    |     2.568 | FAST    |
S_A_i[2][0][0] | S_C_o[2][3][7] |     4.935 | SLOW    |     2.582 | FAST    |
S_A_i[2][0][1] | S_C_o[2][0][1] |     4.286 | SLOW    |     2.226 | FAST    |
S_A_i[2][0][1] | S_C_o[2][0][2] |     4.282 | SLOW    |     2.215 | FAST    |
S_A_i[2][0][1] | S_C_o[2][0][3] |     4.461 | SLOW    |     2.317 | FAST    |
S_A_i[2][0][1] | S_C_o[2][0][4] |     4.461 | SLOW    |     2.317 | FAST    |
S_A_i[2][0][1] | S_C_o[2][0][5] |     4.683 | SLOW    |     2.440 | FAST    |
S_A_i[2][0][1] | S_C_o[2][0][6] |     4.912 | SLOW    |     2.573 | FAST    |
S_A_i[2][0][1] | S_C_o[2][0][7] |     4.934 | SLOW    |     2.587 | FAST    |
S_A_i[2][0][1] | S_C_o[2][1][1] |     4.286 | SLOW    |     2.226 | FAST    |
S_A_i[2][0][1] | S_C_o[2][1][2] |     4.282 | SLOW    |     2.215 | FAST    |
S_A_i[2][0][1] | S_C_o[2][1][3] |     4.461 | SLOW    |     2.317 | FAST    |
S_A_i[2][0][1] | S_C_o[2][1][4] |     4.461 | SLOW    |     2.317 | FAST    |
S_A_i[2][0][1] | S_C_o[2][1][5] |     4.683 | SLOW    |     2.440 | FAST    |
S_A_i[2][0][1] | S_C_o[2][1][6] |     4.912 | SLOW    |     2.573 | FAST    |
S_A_i[2][0][1] | S_C_o[2][1][7] |     4.934 | SLOW    |     2.587 | FAST    |
S_A_i[2][0][1] | S_C_o[2][2][1] |     4.286 | SLOW    |     2.226 | FAST    |
S_A_i[2][0][1] | S_C_o[2][2][2] |     4.282 | SLOW    |     2.215 | FAST    |
S_A_i[2][0][1] | S_C_o[2][2][3] |     4.461 | SLOW    |     2.317 | FAST    |
S_A_i[2][0][1] | S_C_o[2][2][4] |     4.461 | SLOW    |     2.317 | FAST    |
S_A_i[2][0][1] | S_C_o[2][2][5] |     4.683 | SLOW    |     2.440 | FAST    |
S_A_i[2][0][1] | S_C_o[2][2][6] |     4.912 | SLOW    |     2.573 | FAST    |
S_A_i[2][0][1] | S_C_o[2][2][7] |     4.934 | SLOW    |     2.587 | FAST    |
S_A_i[2][0][1] | S_C_o[2][3][1] |     4.286 | SLOW    |     2.226 | FAST    |
S_A_i[2][0][1] | S_C_o[2][3][2] |     4.282 | SLOW    |     2.215 | FAST    |
S_A_i[2][0][1] | S_C_o[2][3][3] |     4.461 | SLOW    |     2.317 | FAST    |
S_A_i[2][0][1] | S_C_o[2][3][4] |     4.461 | SLOW    |     2.317 | FAST    |
S_A_i[2][0][1] | S_C_o[2][3][5] |     4.683 | SLOW    |     2.440 | FAST    |
S_A_i[2][0][1] | S_C_o[2][3][6] |     4.912 | SLOW    |     2.573 | FAST    |
S_A_i[2][0][1] | S_C_o[2][3][7] |     4.934 | SLOW    |     2.587 | FAST    |
S_A_i[2][0][2] | S_C_o[2][0][2] |     4.246 | SLOW    |     2.201 | FAST    |
S_A_i[2][0][2] | S_C_o[2][0][3] |     4.479 | SLOW    |     2.321 | FAST    |
S_A_i[2][0][2] | S_C_o[2][0][4] |     4.479 | SLOW    |     2.321 | FAST    |
S_A_i[2][0][2] | S_C_o[2][0][5] |     4.701 | SLOW    |     2.444 | FAST    |
S_A_i[2][0][2] | S_C_o[2][0][6] |     4.930 | SLOW    |     2.577 | FAST    |
S_A_i[2][0][2] | S_C_o[2][0][7] |     4.952 | SLOW    |     2.591 | FAST    |
S_A_i[2][0][2] | S_C_o[2][1][2] |     4.246 | SLOW    |     2.201 | FAST    |
S_A_i[2][0][2] | S_C_o[2][1][3] |     4.479 | SLOW    |     2.321 | FAST    |
S_A_i[2][0][2] | S_C_o[2][1][4] |     4.479 | SLOW    |     2.321 | FAST    |
S_A_i[2][0][2] | S_C_o[2][1][5] |     4.701 | SLOW    |     2.444 | FAST    |
S_A_i[2][0][2] | S_C_o[2][1][6] |     4.930 | SLOW    |     2.577 | FAST    |
S_A_i[2][0][2] | S_C_o[2][1][7] |     4.952 | SLOW    |     2.591 | FAST    |
S_A_i[2][0][2] | S_C_o[2][2][2] |     4.246 | SLOW    |     2.201 | FAST    |
S_A_i[2][0][2] | S_C_o[2][2][3] |     4.479 | SLOW    |     2.321 | FAST    |
S_A_i[2][0][2] | S_C_o[2][2][4] |     4.479 | SLOW    |     2.321 | FAST    |
S_A_i[2][0][2] | S_C_o[2][2][5] |     4.701 | SLOW    |     2.444 | FAST    |
S_A_i[2][0][2] | S_C_o[2][2][6] |     4.930 | SLOW    |     2.577 | FAST    |
S_A_i[2][0][2] | S_C_o[2][2][7] |     4.952 | SLOW    |     2.591 | FAST    |
S_A_i[2][0][2] | S_C_o[2][3][2] |     4.246 | SLOW    |     2.201 | FAST    |
S_A_i[2][0][2] | S_C_o[2][3][3] |     4.479 | SLOW    |     2.321 | FAST    |
S_A_i[2][0][2] | S_C_o[2][3][4] |     4.479 | SLOW    |     2.321 | FAST    |
S_A_i[2][0][2] | S_C_o[2][3][5] |     4.701 | SLOW    |     2.444 | FAST    |
S_A_i[2][0][2] | S_C_o[2][3][6] |     4.930 | SLOW    |     2.577 | FAST    |
S_A_i[2][0][2] | S_C_o[2][3][7] |     4.952 | SLOW    |     2.591 | FAST    |
S_A_i[2][0][3] | S_C_o[2][0][3] |     4.255 | SLOW    |     2.206 | FAST    |
S_A_i[2][0][3] | S_C_o[2][0][4] |     4.250 | SLOW    |     2.198 | FAST    |
S_A_i[2][0][3] | S_C_o[2][0][5] |     4.486 | SLOW    |     2.335 | FAST    |
S_A_i[2][0][3] | S_C_o[2][0][6] |     4.715 | SLOW    |     2.468 | FAST    |
S_A_i[2][0][3] | S_C_o[2][0][7] |     4.737 | SLOW    |     2.482 | FAST    |
S_A_i[2][0][3] | S_C_o[2][1][3] |     4.255 | SLOW    |     2.206 | FAST    |
S_A_i[2][0][3] | S_C_o[2][1][4] |     4.250 | SLOW    |     2.198 | FAST    |
S_A_i[2][0][3] | S_C_o[2][1][5] |     4.486 | SLOW    |     2.335 | FAST    |
S_A_i[2][0][3] | S_C_o[2][1][6] |     4.715 | SLOW    |     2.468 | FAST    |
S_A_i[2][0][3] | S_C_o[2][1][7] |     4.737 | SLOW    |     2.482 | FAST    |
S_A_i[2][0][3] | S_C_o[2][2][3] |     4.255 | SLOW    |     2.206 | FAST    |
S_A_i[2][0][3] | S_C_o[2][2][4] |     4.250 | SLOW    |     2.198 | FAST    |
S_A_i[2][0][3] | S_C_o[2][2][5] |     4.486 | SLOW    |     2.335 | FAST    |
S_A_i[2][0][3] | S_C_o[2][2][6] |     4.715 | SLOW    |     2.468 | FAST    |
S_A_i[2][0][3] | S_C_o[2][2][7] |     4.737 | SLOW    |     2.482 | FAST    |
S_A_i[2][0][3] | S_C_o[2][3][3] |     4.255 | SLOW    |     2.206 | FAST    |
S_A_i[2][0][3] | S_C_o[2][3][4] |     4.250 | SLOW    |     2.198 | FAST    |
S_A_i[2][0][3] | S_C_o[2][3][5] |     4.486 | SLOW    |     2.335 | FAST    |
S_A_i[2][0][3] | S_C_o[2][3][6] |     4.715 | SLOW    |     2.468 | FAST    |
S_A_i[2][0][3] | S_C_o[2][3][7] |     4.737 | SLOW    |     2.482 | FAST    |
S_A_i[2][0][4] | S_C_o[2][0][4] |     4.246 | SLOW    |     2.201 | FAST    |
S_A_i[2][0][4] | S_C_o[2][0][5] |     4.463 | SLOW    |     2.316 | FAST    |
S_A_i[2][0][4] | S_C_o[2][0][6] |     4.692 | SLOW    |     2.449 | FAST    |
S_A_i[2][0][4] | S_C_o[2][0][7] |     4.714 | SLOW    |     2.463 | FAST    |
S_A_i[2][0][4] | S_C_o[2][1][4] |     4.246 | SLOW    |     2.201 | FAST    |
S_A_i[2][0][4] | S_C_o[2][1][5] |     4.463 | SLOW    |     2.316 | FAST    |
S_A_i[2][0][4] | S_C_o[2][1][6] |     4.692 | SLOW    |     2.449 | FAST    |
S_A_i[2][0][4] | S_C_o[2][1][7] |     4.714 | SLOW    |     2.463 | FAST    |
S_A_i[2][0][4] | S_C_o[2][2][4] |     4.246 | SLOW    |     2.201 | FAST    |
S_A_i[2][0][4] | S_C_o[2][2][5] |     4.463 | SLOW    |     2.316 | FAST    |
S_A_i[2][0][4] | S_C_o[2][2][6] |     4.692 | SLOW    |     2.449 | FAST    |
S_A_i[2][0][4] | S_C_o[2][2][7] |     4.714 | SLOW    |     2.463 | FAST    |
S_A_i[2][0][4] | S_C_o[2][3][4] |     4.246 | SLOW    |     2.201 | FAST    |
S_A_i[2][0][4] | S_C_o[2][3][5] |     4.463 | SLOW    |     2.316 | FAST    |
S_A_i[2][0][4] | S_C_o[2][3][6] |     4.692 | SLOW    |     2.449 | FAST    |
S_A_i[2][0][4] | S_C_o[2][3][7] |     4.714 | SLOW    |     2.463 | FAST    |
S_A_i[2][0][5] | S_C_o[2][0][5] |     4.246 | SLOW    |     2.201 | FAST    |
S_A_i[2][0][5] | S_C_o[2][0][6] |     4.477 | SLOW    |     2.330 | FAST    |
S_A_i[2][0][5] | S_C_o[2][0][7] |     4.499 | SLOW    |     2.344 | FAST    |
S_A_i[2][0][5] | S_C_o[2][1][5] |     4.246 | SLOW    |     2.201 | FAST    |
S_A_i[2][0][5] | S_C_o[2][1][6] |     4.477 | SLOW    |     2.330 | FAST    |
S_A_i[2][0][5] | S_C_o[2][1][7] |     4.499 | SLOW    |     2.344 | FAST    |
S_A_i[2][0][5] | S_C_o[2][2][5] |     4.246 | SLOW    |     2.201 | FAST    |
S_A_i[2][0][5] | S_C_o[2][2][6] |     4.477 | SLOW    |     2.330 | FAST    |
S_A_i[2][0][5] | S_C_o[2][2][7] |     4.499 | SLOW    |     2.344 | FAST    |
S_A_i[2][0][5] | S_C_o[2][3][5] |     4.246 | SLOW    |     2.201 | FAST    |
S_A_i[2][0][5] | S_C_o[2][3][6] |     4.477 | SLOW    |     2.330 | FAST    |
S_A_i[2][0][5] | S_C_o[2][3][7] |     4.499 | SLOW    |     2.344 | FAST    |
S_A_i[2][0][6] | S_C_o[2][0][6] |     4.246 | SLOW    |     2.201 | FAST    |
S_A_i[2][0][6] | S_C_o[2][0][7] |     4.263 | SLOW    |     2.207 | FAST    |
S_A_i[2][0][6] | S_C_o[2][1][6] |     4.246 | SLOW    |     2.201 | FAST    |
S_A_i[2][0][6] | S_C_o[2][1][7] |     4.263 | SLOW    |     2.207 | FAST    |
S_A_i[2][0][6] | S_C_o[2][2][6] |     4.246 | SLOW    |     2.201 | FAST    |
S_A_i[2][0][6] | S_C_o[2][2][7] |     4.263 | SLOW    |     2.207 | FAST    |
S_A_i[2][0][6] | S_C_o[2][3][6] |     4.246 | SLOW    |     2.201 | FAST    |
S_A_i[2][0][6] | S_C_o[2][3][7] |     4.263 | SLOW    |     2.207 | FAST    |
S_A_i[2][0][7] | S_C_o[2][0][7] |     4.261 | SLOW    |     2.213 | FAST    |
S_A_i[2][0][7] | S_C_o[2][1][7] |     4.261 | SLOW    |     2.213 | FAST    |
S_A_i[2][0][7] | S_C_o[2][2][7] |     4.261 | SLOW    |     2.213 | FAST    |
S_A_i[2][0][7] | S_C_o[2][3][7] |     4.261 | SLOW    |     2.213 | FAST    |
S_A_i[3][0][0] | S_C_o[3][0][0] |     4.261 | SLOW    |     2.209 | FAST    |
S_A_i[3][0][0] | S_C_o[3][0][1] |     4.278 | SLOW    |     2.215 | FAST    |
S_A_i[3][0][0] | S_C_o[3][0][2] |     4.288 | SLOW    |     2.218 | FAST    |
S_A_i[3][0][0] | S_C_o[3][0][3] |     4.462 | SLOW    |     2.312 | FAST    |
S_A_i[3][0][0] | S_C_o[3][0][4] |     4.462 | SLOW    |     2.312 | FAST    |
S_A_i[3][0][0] | S_C_o[3][0][5] |     4.684 | SLOW    |     2.435 | FAST    |
S_A_i[3][0][0] | S_C_o[3][0][6] |     4.913 | SLOW    |     2.568 | FAST    |
S_A_i[3][0][0] | S_C_o[3][0][7] |     4.935 | SLOW    |     2.582 | FAST    |
S_A_i[3][0][0] | S_C_o[3][1][0] |     4.261 | SLOW    |     2.209 | FAST    |
S_A_i[3][0][0] | S_C_o[3][1][1] |     4.278 | SLOW    |     2.215 | FAST    |
S_A_i[3][0][0] | S_C_o[3][1][2] |     4.288 | SLOW    |     2.218 | FAST    |
S_A_i[3][0][0] | S_C_o[3][1][3] |     4.462 | SLOW    |     2.312 | FAST    |
S_A_i[3][0][0] | S_C_o[3][1][4] |     4.462 | SLOW    |     2.312 | FAST    |
S_A_i[3][0][0] | S_C_o[3][1][5] |     4.684 | SLOW    |     2.435 | FAST    |
S_A_i[3][0][0] | S_C_o[3][1][6] |     4.913 | SLOW    |     2.568 | FAST    |
S_A_i[3][0][0] | S_C_o[3][1][7] |     4.935 | SLOW    |     2.582 | FAST    |
S_A_i[3][0][0] | S_C_o[3][2][0] |     4.261 | SLOW    |     2.209 | FAST    |
S_A_i[3][0][0] | S_C_o[3][2][1] |     4.278 | SLOW    |     2.215 | FAST    |
S_A_i[3][0][0] | S_C_o[3][2][2] |     4.288 | SLOW    |     2.218 | FAST    |
S_A_i[3][0][0] | S_C_o[3][2][3] |     4.462 | SLOW    |     2.312 | FAST    |
S_A_i[3][0][0] | S_C_o[3][2][4] |     4.462 | SLOW    |     2.312 | FAST    |
S_A_i[3][0][0] | S_C_o[3][2][5] |     4.684 | SLOW    |     2.435 | FAST    |
S_A_i[3][0][0] | S_C_o[3][2][6] |     4.913 | SLOW    |     2.568 | FAST    |
S_A_i[3][0][0] | S_C_o[3][2][7] |     4.935 | SLOW    |     2.582 | FAST    |
S_A_i[3][0][0] | S_C_o[3][3][0] |     4.261 | SLOW    |     2.209 | FAST    |
S_A_i[3][0][0] | S_C_o[3][3][1] |     4.278 | SLOW    |     2.215 | FAST    |
S_A_i[3][0][0] | S_C_o[3][3][2] |     4.288 | SLOW    |     2.218 | FAST    |
S_A_i[3][0][0] | S_C_o[3][3][3] |     4.462 | SLOW    |     2.312 | FAST    |
S_A_i[3][0][0] | S_C_o[3][3][4] |     4.462 | SLOW    |     2.312 | FAST    |
S_A_i[3][0][0] | S_C_o[3][3][5] |     4.684 | SLOW    |     2.435 | FAST    |
S_A_i[3][0][0] | S_C_o[3][3][6] |     4.913 | SLOW    |     2.568 | FAST    |
S_A_i[3][0][0] | S_C_o[3][3][7] |     4.935 | SLOW    |     2.582 | FAST    |
S_A_i[3][0][1] | S_C_o[3][0][1] |     4.286 | SLOW    |     2.226 | FAST    |
S_A_i[3][0][1] | S_C_o[3][0][2] |     4.282 | SLOW    |     2.215 | FAST    |
S_A_i[3][0][1] | S_C_o[3][0][3] |     4.461 | SLOW    |     2.317 | FAST    |
S_A_i[3][0][1] | S_C_o[3][0][4] |     4.461 | SLOW    |     2.317 | FAST    |
S_A_i[3][0][1] | S_C_o[3][0][5] |     4.683 | SLOW    |     2.440 | FAST    |
S_A_i[3][0][1] | S_C_o[3][0][6] |     4.912 | SLOW    |     2.573 | FAST    |
S_A_i[3][0][1] | S_C_o[3][0][7] |     4.934 | SLOW    |     2.587 | FAST    |
S_A_i[3][0][1] | S_C_o[3][1][1] |     4.286 | SLOW    |     2.226 | FAST    |
S_A_i[3][0][1] | S_C_o[3][1][2] |     4.282 | SLOW    |     2.215 | FAST    |
S_A_i[3][0][1] | S_C_o[3][1][3] |     4.461 | SLOW    |     2.317 | FAST    |
S_A_i[3][0][1] | S_C_o[3][1][4] |     4.461 | SLOW    |     2.317 | FAST    |
S_A_i[3][0][1] | S_C_o[3][1][5] |     4.683 | SLOW    |     2.440 | FAST    |
S_A_i[3][0][1] | S_C_o[3][1][6] |     4.912 | SLOW    |     2.573 | FAST    |
S_A_i[3][0][1] | S_C_o[3][1][7] |     4.934 | SLOW    |     2.587 | FAST    |
S_A_i[3][0][1] | S_C_o[3][2][1] |     4.286 | SLOW    |     2.226 | FAST    |
S_A_i[3][0][1] | S_C_o[3][2][2] |     4.282 | SLOW    |     2.215 | FAST    |
S_A_i[3][0][1] | S_C_o[3][2][3] |     4.461 | SLOW    |     2.317 | FAST    |
S_A_i[3][0][1] | S_C_o[3][2][4] |     4.461 | SLOW    |     2.317 | FAST    |
S_A_i[3][0][1] | S_C_o[3][2][5] |     4.683 | SLOW    |     2.440 | FAST    |
S_A_i[3][0][1] | S_C_o[3][2][6] |     4.912 | SLOW    |     2.573 | FAST    |
S_A_i[3][0][1] | S_C_o[3][2][7] |     4.934 | SLOW    |     2.587 | FAST    |
S_A_i[3][0][1] | S_C_o[3][3][1] |     4.286 | SLOW    |     2.226 | FAST    |
S_A_i[3][0][1] | S_C_o[3][3][2] |     4.282 | SLOW    |     2.215 | FAST    |
S_A_i[3][0][1] | S_C_o[3][3][3] |     4.461 | SLOW    |     2.317 | FAST    |
S_A_i[3][0][1] | S_C_o[3][3][4] |     4.461 | SLOW    |     2.317 | FAST    |
S_A_i[3][0][1] | S_C_o[3][3][5] |     4.683 | SLOW    |     2.440 | FAST    |
S_A_i[3][0][1] | S_C_o[3][3][6] |     4.912 | SLOW    |     2.573 | FAST    |
S_A_i[3][0][1] | S_C_o[3][3][7] |     4.934 | SLOW    |     2.587 | FAST    |
S_A_i[3][0][2] | S_C_o[3][0][2] |     4.246 | SLOW    |     2.201 | FAST    |
S_A_i[3][0][2] | S_C_o[3][0][3] |     4.479 | SLOW    |     2.321 | FAST    |
S_A_i[3][0][2] | S_C_o[3][0][4] |     4.479 | SLOW    |     2.321 | FAST    |
S_A_i[3][0][2] | S_C_o[3][0][5] |     4.701 | SLOW    |     2.444 | FAST    |
S_A_i[3][0][2] | S_C_o[3][0][6] |     4.930 | SLOW    |     2.577 | FAST    |
S_A_i[3][0][2] | S_C_o[3][0][7] |     4.952 | SLOW    |     2.591 | FAST    |
S_A_i[3][0][2] | S_C_o[3][1][2] |     4.246 | SLOW    |     2.201 | FAST    |
S_A_i[3][0][2] | S_C_o[3][1][3] |     4.479 | SLOW    |     2.321 | FAST    |
S_A_i[3][0][2] | S_C_o[3][1][4] |     4.479 | SLOW    |     2.321 | FAST    |
S_A_i[3][0][2] | S_C_o[3][1][5] |     4.701 | SLOW    |     2.444 | FAST    |
S_A_i[3][0][2] | S_C_o[3][1][6] |     4.930 | SLOW    |     2.577 | FAST    |
S_A_i[3][0][2] | S_C_o[3][1][7] |     4.952 | SLOW    |     2.591 | FAST    |
S_A_i[3][0][2] | S_C_o[3][2][2] |     4.246 | SLOW    |     2.201 | FAST    |
S_A_i[3][0][2] | S_C_o[3][2][3] |     4.479 | SLOW    |     2.321 | FAST    |
S_A_i[3][0][2] | S_C_o[3][2][4] |     4.479 | SLOW    |     2.321 | FAST    |
S_A_i[3][0][2] | S_C_o[3][2][5] |     4.701 | SLOW    |     2.444 | FAST    |
S_A_i[3][0][2] | S_C_o[3][2][6] |     4.930 | SLOW    |     2.577 | FAST    |
S_A_i[3][0][2] | S_C_o[3][2][7] |     4.952 | SLOW    |     2.591 | FAST    |
S_A_i[3][0][2] | S_C_o[3][3][2] |     4.246 | SLOW    |     2.201 | FAST    |
S_A_i[3][0][2] | S_C_o[3][3][3] |     4.479 | SLOW    |     2.321 | FAST    |
S_A_i[3][0][2] | S_C_o[3][3][4] |     4.479 | SLOW    |     2.321 | FAST    |
S_A_i[3][0][2] | S_C_o[3][3][5] |     4.701 | SLOW    |     2.444 | FAST    |
S_A_i[3][0][2] | S_C_o[3][3][6] |     4.930 | SLOW    |     2.577 | FAST    |
S_A_i[3][0][2] | S_C_o[3][3][7] |     4.952 | SLOW    |     2.591 | FAST    |
S_A_i[3][0][3] | S_C_o[3][0][3] |     4.255 | SLOW    |     2.206 | FAST    |
S_A_i[3][0][3] | S_C_o[3][0][4] |     4.250 | SLOW    |     2.198 | FAST    |
S_A_i[3][0][3] | S_C_o[3][0][5] |     4.486 | SLOW    |     2.335 | FAST    |
S_A_i[3][0][3] | S_C_o[3][0][6] |     4.715 | SLOW    |     2.468 | FAST    |
S_A_i[3][0][3] | S_C_o[3][0][7] |     4.737 | SLOW    |     2.482 | FAST    |
S_A_i[3][0][3] | S_C_o[3][1][3] |     4.255 | SLOW    |     2.206 | FAST    |
S_A_i[3][0][3] | S_C_o[3][1][4] |     4.250 | SLOW    |     2.198 | FAST    |
S_A_i[3][0][3] | S_C_o[3][1][5] |     4.486 | SLOW    |     2.335 | FAST    |
S_A_i[3][0][3] | S_C_o[3][1][6] |     4.715 | SLOW    |     2.468 | FAST    |
S_A_i[3][0][3] | S_C_o[3][1][7] |     4.737 | SLOW    |     2.482 | FAST    |
S_A_i[3][0][3] | S_C_o[3][2][3] |     4.255 | SLOW    |     2.206 | FAST    |
S_A_i[3][0][3] | S_C_o[3][2][4] |     4.250 | SLOW    |     2.198 | FAST    |
S_A_i[3][0][3] | S_C_o[3][2][5] |     4.486 | SLOW    |     2.335 | FAST    |
S_A_i[3][0][3] | S_C_o[3][2][6] |     4.715 | SLOW    |     2.468 | FAST    |
S_A_i[3][0][3] | S_C_o[3][2][7] |     4.737 | SLOW    |     2.482 | FAST    |
S_A_i[3][0][3] | S_C_o[3][3][3] |     4.255 | SLOW    |     2.206 | FAST    |
S_A_i[3][0][3] | S_C_o[3][3][4] |     4.250 | SLOW    |     2.198 | FAST    |
S_A_i[3][0][3] | S_C_o[3][3][5] |     4.486 | SLOW    |     2.335 | FAST    |
S_A_i[3][0][3] | S_C_o[3][3][6] |     4.715 | SLOW    |     2.468 | FAST    |
S_A_i[3][0][3] | S_C_o[3][3][7] |     4.737 | SLOW    |     2.482 | FAST    |
S_A_i[3][0][4] | S_C_o[3][0][4] |     4.246 | SLOW    |     2.201 | FAST    |
S_A_i[3][0][4] | S_C_o[3][0][5] |     4.463 | SLOW    |     2.316 | FAST    |
S_A_i[3][0][4] | S_C_o[3][0][6] |     4.692 | SLOW    |     2.449 | FAST    |
S_A_i[3][0][4] | S_C_o[3][0][7] |     4.714 | SLOW    |     2.463 | FAST    |
S_A_i[3][0][4] | S_C_o[3][1][4] |     4.246 | SLOW    |     2.201 | FAST    |
S_A_i[3][0][4] | S_C_o[3][1][5] |     4.463 | SLOW    |     2.316 | FAST    |
S_A_i[3][0][4] | S_C_o[3][1][6] |     4.692 | SLOW    |     2.449 | FAST    |
S_A_i[3][0][4] | S_C_o[3][1][7] |     4.714 | SLOW    |     2.463 | FAST    |
S_A_i[3][0][4] | S_C_o[3][2][4] |     4.246 | SLOW    |     2.201 | FAST    |
S_A_i[3][0][4] | S_C_o[3][2][5] |     4.463 | SLOW    |     2.316 | FAST    |
S_A_i[3][0][4] | S_C_o[3][2][6] |     4.692 | SLOW    |     2.449 | FAST    |
S_A_i[3][0][4] | S_C_o[3][2][7] |     4.714 | SLOW    |     2.463 | FAST    |
S_A_i[3][0][4] | S_C_o[3][3][4] |     4.246 | SLOW    |     2.201 | FAST    |
S_A_i[3][0][4] | S_C_o[3][3][5] |     4.463 | SLOW    |     2.316 | FAST    |
S_A_i[3][0][4] | S_C_o[3][3][6] |     4.692 | SLOW    |     2.449 | FAST    |
S_A_i[3][0][4] | S_C_o[3][3][7] |     4.714 | SLOW    |     2.463 | FAST    |
S_A_i[3][0][5] | S_C_o[3][0][5] |     4.246 | SLOW    |     2.201 | FAST    |
S_A_i[3][0][5] | S_C_o[3][0][6] |     4.477 | SLOW    |     2.330 | FAST    |
S_A_i[3][0][5] | S_C_o[3][0][7] |     4.499 | SLOW    |     2.344 | FAST    |
S_A_i[3][0][5] | S_C_o[3][1][5] |     4.246 | SLOW    |     2.201 | FAST    |
S_A_i[3][0][5] | S_C_o[3][1][6] |     4.477 | SLOW    |     2.330 | FAST    |
S_A_i[3][0][5] | S_C_o[3][1][7] |     4.499 | SLOW    |     2.344 | FAST    |
S_A_i[3][0][5] | S_C_o[3][2][5] |     4.246 | SLOW    |     2.201 | FAST    |
S_A_i[3][0][5] | S_C_o[3][2][6] |     4.477 | SLOW    |     2.330 | FAST    |
S_A_i[3][0][5] | S_C_o[3][2][7] |     4.499 | SLOW    |     2.344 | FAST    |
S_A_i[3][0][5] | S_C_o[3][3][5] |     4.246 | SLOW    |     2.201 | FAST    |
S_A_i[3][0][5] | S_C_o[3][3][6] |     4.477 | SLOW    |     2.330 | FAST    |
S_A_i[3][0][5] | S_C_o[3][3][7] |     4.499 | SLOW    |     2.344 | FAST    |
S_A_i[3][0][6] | S_C_o[3][0][6] |     4.246 | SLOW    |     2.201 | FAST    |
S_A_i[3][0][6] | S_C_o[3][0][7] |     4.263 | SLOW    |     2.207 | FAST    |
S_A_i[3][0][6] | S_C_o[3][1][6] |     4.246 | SLOW    |     2.201 | FAST    |
S_A_i[3][0][6] | S_C_o[3][1][7] |     4.263 | SLOW    |     2.207 | FAST    |
S_A_i[3][0][6] | S_C_o[3][2][6] |     4.246 | SLOW    |     2.201 | FAST    |
S_A_i[3][0][6] | S_C_o[3][2][7] |     4.263 | SLOW    |     2.207 | FAST    |
S_A_i[3][0][6] | S_C_o[3][3][6] |     4.246 | SLOW    |     2.201 | FAST    |
S_A_i[3][0][6] | S_C_o[3][3][7] |     4.263 | SLOW    |     2.207 | FAST    |
S_A_i[3][0][7] | S_C_o[3][0][7] |     4.261 | SLOW    |     2.213 | FAST    |
S_A_i[3][0][7] | S_C_o[3][1][7] |     4.261 | SLOW    |     2.213 | FAST    |
S_A_i[3][0][7] | S_C_o[3][2][7] |     4.261 | SLOW    |     2.213 | FAST    |
S_A_i[3][0][7] | S_C_o[3][3][7] |     4.261 | SLOW    |     2.213 | FAST    |
S_B_i[0][0][0] | S_C_o[0][0][0] |     4.261 | SLOW    |     2.209 | FAST    |
S_B_i[0][0][0] | S_C_o[0][0][1] |     4.278 | SLOW    |     2.215 | FAST    |
S_B_i[0][0][0] | S_C_o[0][0][2] |     4.256 | SLOW    |     2.201 | FAST    |
S_B_i[0][0][0] | S_C_o[0][0][3] |     4.494 | SLOW    |     2.329 | FAST    |
S_B_i[0][0][0] | S_C_o[0][0][4] |     4.494 | SLOW    |     2.329 | FAST    |
S_B_i[0][0][0] | S_C_o[0][0][5] |     4.716 | SLOW    |     2.452 | FAST    |
S_B_i[0][0][0] | S_C_o[0][0][6] |     4.945 | SLOW    |     2.585 | FAST    |
S_B_i[0][0][0] | S_C_o[0][0][7] |     4.967 | SLOW    |     2.599 | FAST    |
S_B_i[0][0][0] | S_C_o[1][0][0] |     4.261 | SLOW    |     2.209 | FAST    |
S_B_i[0][0][0] | S_C_o[1][0][1] |     4.278 | SLOW    |     2.215 | FAST    |
S_B_i[0][0][0] | S_C_o[1][0][2] |     4.256 | SLOW    |     2.201 | FAST    |
S_B_i[0][0][0] | S_C_o[1][0][3] |     4.494 | SLOW    |     2.329 | FAST    |
S_B_i[0][0][0] | S_C_o[1][0][4] |     4.494 | SLOW    |     2.329 | FAST    |
S_B_i[0][0][0] | S_C_o[1][0][5] |     4.716 | SLOW    |     2.452 | FAST    |
S_B_i[0][0][0] | S_C_o[1][0][6] |     4.945 | SLOW    |     2.585 | FAST    |
S_B_i[0][0][0] | S_C_o[1][0][7] |     4.967 | SLOW    |     2.599 | FAST    |
S_B_i[0][0][0] | S_C_o[2][0][0] |     4.261 | SLOW    |     2.209 | FAST    |
S_B_i[0][0][0] | S_C_o[2][0][1] |     4.278 | SLOW    |     2.215 | FAST    |
S_B_i[0][0][0] | S_C_o[2][0][2] |     4.256 | SLOW    |     2.201 | FAST    |
S_B_i[0][0][0] | S_C_o[2][0][3] |     4.494 | SLOW    |     2.329 | FAST    |
S_B_i[0][0][0] | S_C_o[2][0][4] |     4.494 | SLOW    |     2.329 | FAST    |
S_B_i[0][0][0] | S_C_o[2][0][5] |     4.716 | SLOW    |     2.452 | FAST    |
S_B_i[0][0][0] | S_C_o[2][0][6] |     4.945 | SLOW    |     2.585 | FAST    |
S_B_i[0][0][0] | S_C_o[2][0][7] |     4.967 | SLOW    |     2.599 | FAST    |
S_B_i[0][0][0] | S_C_o[3][0][0] |     4.261 | SLOW    |     2.209 | FAST    |
S_B_i[0][0][0] | S_C_o[3][0][1] |     4.278 | SLOW    |     2.215 | FAST    |
S_B_i[0][0][0] | S_C_o[3][0][2] |     4.256 | SLOW    |     2.201 | FAST    |
S_B_i[0][0][0] | S_C_o[3][0][3] |     4.494 | SLOW    |     2.329 | FAST    |
S_B_i[0][0][0] | S_C_o[3][0][4] |     4.494 | SLOW    |     2.329 | FAST    |
S_B_i[0][0][0] | S_C_o[3][0][5] |     4.716 | SLOW    |     2.452 | FAST    |
S_B_i[0][0][0] | S_C_o[3][0][6] |     4.945 | SLOW    |     2.585 | FAST    |
S_B_i[0][0][0] | S_C_o[3][0][7] |     4.967 | SLOW    |     2.599 | FAST    |
S_B_i[0][0][1] | S_C_o[0][0][1] |     4.286 | SLOW    |     2.226 | FAST    |
S_B_i[0][0][1] | S_C_o[0][0][2] |     4.250 | SLOW    |     2.198 | FAST    |
S_B_i[0][0][1] | S_C_o[0][0][3] |     4.461 | SLOW    |     2.317 | FAST    |
S_B_i[0][0][1] | S_C_o[0][0][4] |     4.461 | SLOW    |     2.317 | FAST    |
S_B_i[0][0][1] | S_C_o[0][0][5] |     4.683 | SLOW    |     2.440 | FAST    |
S_B_i[0][0][1] | S_C_o[0][0][6] |     4.912 | SLOW    |     2.573 | FAST    |
S_B_i[0][0][1] | S_C_o[0][0][7] |     4.934 | SLOW    |     2.587 | FAST    |
S_B_i[0][0][1] | S_C_o[1][0][1] |     4.286 | SLOW    |     2.226 | FAST    |
S_B_i[0][0][1] | S_C_o[1][0][2] |     4.250 | SLOW    |     2.198 | FAST    |
S_B_i[0][0][1] | S_C_o[1][0][3] |     4.461 | SLOW    |     2.317 | FAST    |
S_B_i[0][0][1] | S_C_o[1][0][4] |     4.461 | SLOW    |     2.317 | FAST    |
S_B_i[0][0][1] | S_C_o[1][0][5] |     4.683 | SLOW    |     2.440 | FAST    |
S_B_i[0][0][1] | S_C_o[1][0][6] |     4.912 | SLOW    |     2.573 | FAST    |
S_B_i[0][0][1] | S_C_o[1][0][7] |     4.934 | SLOW    |     2.587 | FAST    |
S_B_i[0][0][1] | S_C_o[2][0][1] |     4.286 | SLOW    |     2.226 | FAST    |
S_B_i[0][0][1] | S_C_o[2][0][2] |     4.250 | SLOW    |     2.198 | FAST    |
S_B_i[0][0][1] | S_C_o[2][0][3] |     4.461 | SLOW    |     2.317 | FAST    |
S_B_i[0][0][1] | S_C_o[2][0][4] |     4.461 | SLOW    |     2.317 | FAST    |
S_B_i[0][0][1] | S_C_o[2][0][5] |     4.683 | SLOW    |     2.440 | FAST    |
S_B_i[0][0][1] | S_C_o[2][0][6] |     4.912 | SLOW    |     2.573 | FAST    |
S_B_i[0][0][1] | S_C_o[2][0][7] |     4.934 | SLOW    |     2.587 | FAST    |
S_B_i[0][0][1] | S_C_o[3][0][1] |     4.286 | SLOW    |     2.226 | FAST    |
S_B_i[0][0][1] | S_C_o[3][0][2] |     4.250 | SLOW    |     2.198 | FAST    |
S_B_i[0][0][1] | S_C_o[3][0][3] |     4.461 | SLOW    |     2.317 | FAST    |
S_B_i[0][0][1] | S_C_o[3][0][4] |     4.461 | SLOW    |     2.317 | FAST    |
S_B_i[0][0][1] | S_C_o[3][0][5] |     4.683 | SLOW    |     2.440 | FAST    |
S_B_i[0][0][1] | S_C_o[3][0][6] |     4.912 | SLOW    |     2.573 | FAST    |
S_B_i[0][0][1] | S_C_o[3][0][7] |     4.934 | SLOW    |     2.587 | FAST    |
S_B_i[0][0][2] | S_C_o[0][0][2] |     4.246 | SLOW    |     2.201 | FAST    |
S_B_i[0][0][2] | S_C_o[0][0][3] |     4.447 | SLOW    |     2.304 | FAST    |
S_B_i[0][0][2] | S_C_o[0][0][4] |     4.447 | SLOW    |     2.304 | FAST    |
S_B_i[0][0][2] | S_C_o[0][0][5] |     4.669 | SLOW    |     2.427 | FAST    |
S_B_i[0][0][2] | S_C_o[0][0][6] |     4.898 | SLOW    |     2.560 | FAST    |
S_B_i[0][0][2] | S_C_o[0][0][7] |     4.920 | SLOW    |     2.574 | FAST    |
S_B_i[0][0][2] | S_C_o[1][0][2] |     4.246 | SLOW    |     2.201 | FAST    |
S_B_i[0][0][2] | S_C_o[1][0][3] |     4.447 | SLOW    |     2.304 | FAST    |
S_B_i[0][0][2] | S_C_o[1][0][4] |     4.447 | SLOW    |     2.304 | FAST    |
S_B_i[0][0][2] | S_C_o[1][0][5] |     4.669 | SLOW    |     2.427 | FAST    |
S_B_i[0][0][2] | S_C_o[1][0][6] |     4.898 | SLOW    |     2.560 | FAST    |
S_B_i[0][0][2] | S_C_o[1][0][7] |     4.920 | SLOW    |     2.574 | FAST    |
S_B_i[0][0][2] | S_C_o[2][0][2] |     4.246 | SLOW    |     2.201 | FAST    |
S_B_i[0][0][2] | S_C_o[2][0][3] |     4.447 | SLOW    |     2.304 | FAST    |
S_B_i[0][0][2] | S_C_o[2][0][4] |     4.447 | SLOW    |     2.304 | FAST    |
S_B_i[0][0][2] | S_C_o[2][0][5] |     4.669 | SLOW    |     2.427 | FAST    |
S_B_i[0][0][2] | S_C_o[2][0][6] |     4.898 | SLOW    |     2.560 | FAST    |
S_B_i[0][0][2] | S_C_o[2][0][7] |     4.920 | SLOW    |     2.574 | FAST    |
S_B_i[0][0][2] | S_C_o[3][0][2] |     4.246 | SLOW    |     2.201 | FAST    |
S_B_i[0][0][2] | S_C_o[3][0][3] |     4.447 | SLOW    |     2.304 | FAST    |
S_B_i[0][0][2] | S_C_o[3][0][4] |     4.447 | SLOW    |     2.304 | FAST    |
S_B_i[0][0][2] | S_C_o[3][0][5] |     4.669 | SLOW    |     2.427 | FAST    |
S_B_i[0][0][2] | S_C_o[3][0][6] |     4.898 | SLOW    |     2.560 | FAST    |
S_B_i[0][0][2] | S_C_o[3][0][7] |     4.920 | SLOW    |     2.574 | FAST    |
S_B_i[0][0][3] | S_C_o[0][0][3] |     4.255 | SLOW    |     2.206 | FAST    |
S_B_i[0][0][3] | S_C_o[0][0][4] |     4.250 | SLOW    |     2.198 | FAST    |
S_B_i[0][0][3] | S_C_o[0][0][5] |     4.486 | SLOW    |     2.335 | FAST    |
S_B_i[0][0][3] | S_C_o[0][0][6] |     4.715 | SLOW    |     2.468 | FAST    |
S_B_i[0][0][3] | S_C_o[0][0][7] |     4.737 | SLOW    |     2.482 | FAST    |
S_B_i[0][0][3] | S_C_o[1][0][3] |     4.255 | SLOW    |     2.206 | FAST    |
S_B_i[0][0][3] | S_C_o[1][0][4] |     4.250 | SLOW    |     2.198 | FAST    |
S_B_i[0][0][3] | S_C_o[1][0][5] |     4.486 | SLOW    |     2.335 | FAST    |
S_B_i[0][0][3] | S_C_o[1][0][6] |     4.715 | SLOW    |     2.468 | FAST    |
S_B_i[0][0][3] | S_C_o[1][0][7] |     4.737 | SLOW    |     2.482 | FAST    |
S_B_i[0][0][3] | S_C_o[2][0][3] |     4.255 | SLOW    |     2.206 | FAST    |
S_B_i[0][0][3] | S_C_o[2][0][4] |     4.250 | SLOW    |     2.198 | FAST    |
S_B_i[0][0][3] | S_C_o[2][0][5] |     4.486 | SLOW    |     2.335 | FAST    |
S_B_i[0][0][3] | S_C_o[2][0][6] |     4.715 | SLOW    |     2.468 | FAST    |
S_B_i[0][0][3] | S_C_o[2][0][7] |     4.737 | SLOW    |     2.482 | FAST    |
S_B_i[0][0][3] | S_C_o[3][0][3] |     4.255 | SLOW    |     2.206 | FAST    |
S_B_i[0][0][3] | S_C_o[3][0][4] |     4.250 | SLOW    |     2.198 | FAST    |
S_B_i[0][0][3] | S_C_o[3][0][5] |     4.486 | SLOW    |     2.335 | FAST    |
S_B_i[0][0][3] | S_C_o[3][0][6] |     4.715 | SLOW    |     2.468 | FAST    |
S_B_i[0][0][3] | S_C_o[3][0][7] |     4.737 | SLOW    |     2.482 | FAST    |
S_B_i[0][0][4] | S_C_o[0][0][4] |     4.246 | SLOW    |     2.201 | FAST    |
S_B_i[0][0][4] | S_C_o[0][0][5] |     4.463 | SLOW    |     2.316 | FAST    |
S_B_i[0][0][4] | S_C_o[0][0][6] |     4.692 | SLOW    |     2.449 | FAST    |
S_B_i[0][0][4] | S_C_o[0][0][7] |     4.714 | SLOW    |     2.463 | FAST    |
S_B_i[0][0][4] | S_C_o[1][0][4] |     4.246 | SLOW    |     2.201 | FAST    |
S_B_i[0][0][4] | S_C_o[1][0][5] |     4.463 | SLOW    |     2.316 | FAST    |
S_B_i[0][0][4] | S_C_o[1][0][6] |     4.692 | SLOW    |     2.449 | FAST    |
S_B_i[0][0][4] | S_C_o[1][0][7] |     4.714 | SLOW    |     2.463 | FAST    |
S_B_i[0][0][4] | S_C_o[2][0][4] |     4.246 | SLOW    |     2.201 | FAST    |
S_B_i[0][0][4] | S_C_o[2][0][5] |     4.463 | SLOW    |     2.316 | FAST    |
S_B_i[0][0][4] | S_C_o[2][0][6] |     4.692 | SLOW    |     2.449 | FAST    |
S_B_i[0][0][4] | S_C_o[2][0][7] |     4.714 | SLOW    |     2.463 | FAST    |
S_B_i[0][0][4] | S_C_o[3][0][4] |     4.246 | SLOW    |     2.201 | FAST    |
S_B_i[0][0][4] | S_C_o[3][0][5] |     4.463 | SLOW    |     2.316 | FAST    |
S_B_i[0][0][4] | S_C_o[3][0][6] |     4.692 | SLOW    |     2.449 | FAST    |
S_B_i[0][0][4] | S_C_o[3][0][7] |     4.714 | SLOW    |     2.463 | FAST    |
S_B_i[0][0][5] | S_C_o[0][0][5] |     4.246 | SLOW    |     2.201 | FAST    |
S_B_i[0][0][5] | S_C_o[0][0][6] |     4.463 | SLOW    |     2.316 | FAST    |
S_B_i[0][0][5] | S_C_o[0][0][7] |     4.485 | SLOW    |     2.330 | FAST    |
S_B_i[0][0][5] | S_C_o[1][0][5] |     4.246 | SLOW    |     2.201 | FAST    |
S_B_i[0][0][5] | S_C_o[1][0][6] |     4.463 | SLOW    |     2.316 | FAST    |
S_B_i[0][0][5] | S_C_o[1][0][7] |     4.485 | SLOW    |     2.330 | FAST    |
S_B_i[0][0][5] | S_C_o[2][0][5] |     4.246 | SLOW    |     2.201 | FAST    |
S_B_i[0][0][5] | S_C_o[2][0][6] |     4.463 | SLOW    |     2.316 | FAST    |
S_B_i[0][0][5] | S_C_o[2][0][7] |     4.485 | SLOW    |     2.330 | FAST    |
S_B_i[0][0][5] | S_C_o[3][0][5] |     4.246 | SLOW    |     2.201 | FAST    |
S_B_i[0][0][5] | S_C_o[3][0][6] |     4.463 | SLOW    |     2.316 | FAST    |
S_B_i[0][0][5] | S_C_o[3][0][7] |     4.485 | SLOW    |     2.330 | FAST    |
S_B_i[0][0][6] | S_C_o[0][0][6] |     4.246 | SLOW    |     2.201 | FAST    |
S_B_i[0][0][6] | S_C_o[0][0][7] |     4.263 | SLOW    |     2.207 | FAST    |
S_B_i[0][0][6] | S_C_o[1][0][6] |     4.246 | SLOW    |     2.201 | FAST    |
S_B_i[0][0][6] | S_C_o[1][0][7] |     4.263 | SLOW    |     2.207 | FAST    |
S_B_i[0][0][6] | S_C_o[2][0][6] |     4.246 | SLOW    |     2.201 | FAST    |
S_B_i[0][0][6] | S_C_o[2][0][7] |     4.263 | SLOW    |     2.207 | FAST    |
S_B_i[0][0][6] | S_C_o[3][0][6] |     4.246 | SLOW    |     2.201 | FAST    |
S_B_i[0][0][6] | S_C_o[3][0][7] |     4.263 | SLOW    |     2.207 | FAST    |
S_B_i[0][0][7] | S_C_o[0][0][7] |     4.261 | SLOW    |     2.213 | FAST    |
S_B_i[0][0][7] | S_C_o[1][0][7] |     4.261 | SLOW    |     2.213 | FAST    |
S_B_i[0][0][7] | S_C_o[2][0][7] |     4.261 | SLOW    |     2.213 | FAST    |
S_B_i[0][0][7] | S_C_o[3][0][7] |     4.261 | SLOW    |     2.213 | FAST    |
S_B_i[0][1][0] | S_C_o[0][1][0] |     4.261 | SLOW    |     2.209 | FAST    |
S_B_i[0][1][0] | S_C_o[0][1][1] |     4.278 | SLOW    |     2.215 | FAST    |
S_B_i[0][1][0] | S_C_o[0][1][2] |     4.256 | SLOW    |     2.201 | FAST    |
S_B_i[0][1][0] | S_C_o[0][1][3] |     4.494 | SLOW    |     2.329 | FAST    |
S_B_i[0][1][0] | S_C_o[0][1][4] |     4.494 | SLOW    |     2.329 | FAST    |
S_B_i[0][1][0] | S_C_o[0][1][5] |     4.716 | SLOW    |     2.452 | FAST    |
S_B_i[0][1][0] | S_C_o[0][1][6] |     4.945 | SLOW    |     2.585 | FAST    |
S_B_i[0][1][0] | S_C_o[0][1][7] |     4.967 | SLOW    |     2.599 | FAST    |
S_B_i[0][1][0] | S_C_o[1][1][0] |     4.261 | SLOW    |     2.209 | FAST    |
S_B_i[0][1][0] | S_C_o[1][1][1] |     4.278 | SLOW    |     2.215 | FAST    |
S_B_i[0][1][0] | S_C_o[1][1][2] |     4.256 | SLOW    |     2.201 | FAST    |
S_B_i[0][1][0] | S_C_o[1][1][3] |     4.494 | SLOW    |     2.329 | FAST    |
S_B_i[0][1][0] | S_C_o[1][1][4] |     4.494 | SLOW    |     2.329 | FAST    |
S_B_i[0][1][0] | S_C_o[1][1][5] |     4.716 | SLOW    |     2.452 | FAST    |
S_B_i[0][1][0] | S_C_o[1][1][6] |     4.945 | SLOW    |     2.585 | FAST    |
S_B_i[0][1][0] | S_C_o[1][1][7] |     4.967 | SLOW    |     2.599 | FAST    |
S_B_i[0][1][0] | S_C_o[2][1][0] |     4.261 | SLOW    |     2.209 | FAST    |
S_B_i[0][1][0] | S_C_o[2][1][1] |     4.278 | SLOW    |     2.215 | FAST    |
S_B_i[0][1][0] | S_C_o[2][1][2] |     4.256 | SLOW    |     2.201 | FAST    |
S_B_i[0][1][0] | S_C_o[2][1][3] |     4.494 | SLOW    |     2.329 | FAST    |
S_B_i[0][1][0] | S_C_o[2][1][4] |     4.494 | SLOW    |     2.329 | FAST    |
S_B_i[0][1][0] | S_C_o[2][1][5] |     4.716 | SLOW    |     2.452 | FAST    |
S_B_i[0][1][0] | S_C_o[2][1][6] |     4.945 | SLOW    |     2.585 | FAST    |
S_B_i[0][1][0] | S_C_o[2][1][7] |     4.967 | SLOW    |     2.599 | FAST    |
S_B_i[0][1][0] | S_C_o[3][1][0] |     4.261 | SLOW    |     2.209 | FAST    |
S_B_i[0][1][0] | S_C_o[3][1][1] |     4.278 | SLOW    |     2.215 | FAST    |
S_B_i[0][1][0] | S_C_o[3][1][2] |     4.256 | SLOW    |     2.201 | FAST    |
S_B_i[0][1][0] | S_C_o[3][1][3] |     4.494 | SLOW    |     2.329 | FAST    |
S_B_i[0][1][0] | S_C_o[3][1][4] |     4.494 | SLOW    |     2.329 | FAST    |
S_B_i[0][1][0] | S_C_o[3][1][5] |     4.716 | SLOW    |     2.452 | FAST    |
S_B_i[0][1][0] | S_C_o[3][1][6] |     4.945 | SLOW    |     2.585 | FAST    |
S_B_i[0][1][0] | S_C_o[3][1][7] |     4.967 | SLOW    |     2.599 | FAST    |
S_B_i[0][1][1] | S_C_o[0][1][1] |     4.286 | SLOW    |     2.226 | FAST    |
S_B_i[0][1][1] | S_C_o[0][1][2] |     4.250 | SLOW    |     2.198 | FAST    |
S_B_i[0][1][1] | S_C_o[0][1][3] |     4.461 | SLOW    |     2.317 | FAST    |
S_B_i[0][1][1] | S_C_o[0][1][4] |     4.461 | SLOW    |     2.317 | FAST    |
S_B_i[0][1][1] | S_C_o[0][1][5] |     4.683 | SLOW    |     2.440 | FAST    |
S_B_i[0][1][1] | S_C_o[0][1][6] |     4.912 | SLOW    |     2.573 | FAST    |
S_B_i[0][1][1] | S_C_o[0][1][7] |     4.934 | SLOW    |     2.587 | FAST    |
S_B_i[0][1][1] | S_C_o[1][1][1] |     4.286 | SLOW    |     2.226 | FAST    |
S_B_i[0][1][1] | S_C_o[1][1][2] |     4.250 | SLOW    |     2.198 | FAST    |
S_B_i[0][1][1] | S_C_o[1][1][3] |     4.461 | SLOW    |     2.317 | FAST    |
S_B_i[0][1][1] | S_C_o[1][1][4] |     4.461 | SLOW    |     2.317 | FAST    |
S_B_i[0][1][1] | S_C_o[1][1][5] |     4.683 | SLOW    |     2.440 | FAST    |
S_B_i[0][1][1] | S_C_o[1][1][6] |     4.912 | SLOW    |     2.573 | FAST    |
S_B_i[0][1][1] | S_C_o[1][1][7] |     4.934 | SLOW    |     2.587 | FAST    |
S_B_i[0][1][1] | S_C_o[2][1][1] |     4.286 | SLOW    |     2.226 | FAST    |
S_B_i[0][1][1] | S_C_o[2][1][2] |     4.250 | SLOW    |     2.198 | FAST    |
S_B_i[0][1][1] | S_C_o[2][1][3] |     4.461 | SLOW    |     2.317 | FAST    |
S_B_i[0][1][1] | S_C_o[2][1][4] |     4.461 | SLOW    |     2.317 | FAST    |
S_B_i[0][1][1] | S_C_o[2][1][5] |     4.683 | SLOW    |     2.440 | FAST    |
S_B_i[0][1][1] | S_C_o[2][1][6] |     4.912 | SLOW    |     2.573 | FAST    |
S_B_i[0][1][1] | S_C_o[2][1][7] |     4.934 | SLOW    |     2.587 | FAST    |
S_B_i[0][1][1] | S_C_o[3][1][1] |     4.286 | SLOW    |     2.226 | FAST    |
S_B_i[0][1][1] | S_C_o[3][1][2] |     4.250 | SLOW    |     2.198 | FAST    |
S_B_i[0][1][1] | S_C_o[3][1][3] |     4.461 | SLOW    |     2.317 | FAST    |
S_B_i[0][1][1] | S_C_o[3][1][4] |     4.461 | SLOW    |     2.317 | FAST    |
S_B_i[0][1][1] | S_C_o[3][1][5] |     4.683 | SLOW    |     2.440 | FAST    |
S_B_i[0][1][1] | S_C_o[3][1][6] |     4.912 | SLOW    |     2.573 | FAST    |
S_B_i[0][1][1] | S_C_o[3][1][7] |     4.934 | SLOW    |     2.587 | FAST    |
S_B_i[0][1][2] | S_C_o[0][1][2] |     4.246 | SLOW    |     2.201 | FAST    |
S_B_i[0][1][2] | S_C_o[0][1][3] |     4.447 | SLOW    |     2.304 | FAST    |
S_B_i[0][1][2] | S_C_o[0][1][4] |     4.447 | SLOW    |     2.304 | FAST    |
S_B_i[0][1][2] | S_C_o[0][1][5] |     4.669 | SLOW    |     2.427 | FAST    |
S_B_i[0][1][2] | S_C_o[0][1][6] |     4.898 | SLOW    |     2.560 | FAST    |
S_B_i[0][1][2] | S_C_o[0][1][7] |     4.920 | SLOW    |     2.574 | FAST    |
S_B_i[0][1][2] | S_C_o[1][1][2] |     4.246 | SLOW    |     2.201 | FAST    |
S_B_i[0][1][2] | S_C_o[1][1][3] |     4.447 | SLOW    |     2.304 | FAST    |
S_B_i[0][1][2] | S_C_o[1][1][4] |     4.447 | SLOW    |     2.304 | FAST    |
S_B_i[0][1][2] | S_C_o[1][1][5] |     4.669 | SLOW    |     2.427 | FAST    |
S_B_i[0][1][2] | S_C_o[1][1][6] |     4.898 | SLOW    |     2.560 | FAST    |
S_B_i[0][1][2] | S_C_o[1][1][7] |     4.920 | SLOW    |     2.574 | FAST    |
S_B_i[0][1][2] | S_C_o[2][1][2] |     4.246 | SLOW    |     2.201 | FAST    |
S_B_i[0][1][2] | S_C_o[2][1][3] |     4.447 | SLOW    |     2.304 | FAST    |
S_B_i[0][1][2] | S_C_o[2][1][4] |     4.447 | SLOW    |     2.304 | FAST    |
S_B_i[0][1][2] | S_C_o[2][1][5] |     4.669 | SLOW    |     2.427 | FAST    |
S_B_i[0][1][2] | S_C_o[2][1][6] |     4.898 | SLOW    |     2.560 | FAST    |
S_B_i[0][1][2] | S_C_o[2][1][7] |     4.920 | SLOW    |     2.574 | FAST    |
S_B_i[0][1][2] | S_C_o[3][1][2] |     4.246 | SLOW    |     2.201 | FAST    |
S_B_i[0][1][2] | S_C_o[3][1][3] |     4.447 | SLOW    |     2.304 | FAST    |
S_B_i[0][1][2] | S_C_o[3][1][4] |     4.447 | SLOW    |     2.304 | FAST    |
S_B_i[0][1][2] | S_C_o[3][1][5] |     4.669 | SLOW    |     2.427 | FAST    |
S_B_i[0][1][2] | S_C_o[3][1][6] |     4.898 | SLOW    |     2.560 | FAST    |
S_B_i[0][1][2] | S_C_o[3][1][7] |     4.920 | SLOW    |     2.574 | FAST    |
S_B_i[0][1][3] | S_C_o[0][1][3] |     4.255 | SLOW    |     2.206 | FAST    |
S_B_i[0][1][3] | S_C_o[0][1][4] |     4.250 | SLOW    |     2.198 | FAST    |
S_B_i[0][1][3] | S_C_o[0][1][5] |     4.486 | SLOW    |     2.335 | FAST    |
S_B_i[0][1][3] | S_C_o[0][1][6] |     4.715 | SLOW    |     2.468 | FAST    |
S_B_i[0][1][3] | S_C_o[0][1][7] |     4.737 | SLOW    |     2.482 | FAST    |
S_B_i[0][1][3] | S_C_o[1][1][3] |     4.255 | SLOW    |     2.206 | FAST    |
S_B_i[0][1][3] | S_C_o[1][1][4] |     4.250 | SLOW    |     2.198 | FAST    |
S_B_i[0][1][3] | S_C_o[1][1][5] |     4.486 | SLOW    |     2.335 | FAST    |
S_B_i[0][1][3] | S_C_o[1][1][6] |     4.715 | SLOW    |     2.468 | FAST    |
S_B_i[0][1][3] | S_C_o[1][1][7] |     4.737 | SLOW    |     2.482 | FAST    |
S_B_i[0][1][3] | S_C_o[2][1][3] |     4.255 | SLOW    |     2.206 | FAST    |
S_B_i[0][1][3] | S_C_o[2][1][4] |     4.250 | SLOW    |     2.198 | FAST    |
S_B_i[0][1][3] | S_C_o[2][1][5] |     4.486 | SLOW    |     2.335 | FAST    |
S_B_i[0][1][3] | S_C_o[2][1][6] |     4.715 | SLOW    |     2.468 | FAST    |
S_B_i[0][1][3] | S_C_o[2][1][7] |     4.737 | SLOW    |     2.482 | FAST    |
S_B_i[0][1][3] | S_C_o[3][1][3] |     4.255 | SLOW    |     2.206 | FAST    |
S_B_i[0][1][3] | S_C_o[3][1][4] |     4.250 | SLOW    |     2.198 | FAST    |
S_B_i[0][1][3] | S_C_o[3][1][5] |     4.486 | SLOW    |     2.335 | FAST    |
S_B_i[0][1][3] | S_C_o[3][1][6] |     4.715 | SLOW    |     2.468 | FAST    |
S_B_i[0][1][3] | S_C_o[3][1][7] |     4.737 | SLOW    |     2.482 | FAST    |
S_B_i[0][1][4] | S_C_o[0][1][4] |     4.246 | SLOW    |     2.201 | FAST    |
S_B_i[0][1][4] | S_C_o[0][1][5] |     4.463 | SLOW    |     2.316 | FAST    |
S_B_i[0][1][4] | S_C_o[0][1][6] |     4.692 | SLOW    |     2.449 | FAST    |
S_B_i[0][1][4] | S_C_o[0][1][7] |     4.714 | SLOW    |     2.463 | FAST    |
S_B_i[0][1][4] | S_C_o[1][1][4] |     4.246 | SLOW    |     2.201 | FAST    |
S_B_i[0][1][4] | S_C_o[1][1][5] |     4.463 | SLOW    |     2.316 | FAST    |
S_B_i[0][1][4] | S_C_o[1][1][6] |     4.692 | SLOW    |     2.449 | FAST    |
S_B_i[0][1][4] | S_C_o[1][1][7] |     4.714 | SLOW    |     2.463 | FAST    |
S_B_i[0][1][4] | S_C_o[2][1][4] |     4.246 | SLOW    |     2.201 | FAST    |
S_B_i[0][1][4] | S_C_o[2][1][5] |     4.463 | SLOW    |     2.316 | FAST    |
S_B_i[0][1][4] | S_C_o[2][1][6] |     4.692 | SLOW    |     2.449 | FAST    |
S_B_i[0][1][4] | S_C_o[2][1][7] |     4.714 | SLOW    |     2.463 | FAST    |
S_B_i[0][1][4] | S_C_o[3][1][4] |     4.246 | SLOW    |     2.201 | FAST    |
S_B_i[0][1][4] | S_C_o[3][1][5] |     4.463 | SLOW    |     2.316 | FAST    |
S_B_i[0][1][4] | S_C_o[3][1][6] |     4.692 | SLOW    |     2.449 | FAST    |
S_B_i[0][1][4] | S_C_o[3][1][7] |     4.714 | SLOW    |     2.463 | FAST    |
S_B_i[0][1][5] | S_C_o[0][1][5] |     4.246 | SLOW    |     2.201 | FAST    |
S_B_i[0][1][5] | S_C_o[0][1][6] |     4.463 | SLOW    |     2.316 | FAST    |
S_B_i[0][1][5] | S_C_o[0][1][7] |     4.485 | SLOW    |     2.330 | FAST    |
S_B_i[0][1][5] | S_C_o[1][1][5] |     4.246 | SLOW    |     2.201 | FAST    |
S_B_i[0][1][5] | S_C_o[1][1][6] |     4.463 | SLOW    |     2.316 | FAST    |
S_B_i[0][1][5] | S_C_o[1][1][7] |     4.485 | SLOW    |     2.330 | FAST    |
S_B_i[0][1][5] | S_C_o[2][1][5] |     4.246 | SLOW    |     2.201 | FAST    |
S_B_i[0][1][5] | S_C_o[2][1][6] |     4.463 | SLOW    |     2.316 | FAST    |
S_B_i[0][1][5] | S_C_o[2][1][7] |     4.485 | SLOW    |     2.330 | FAST    |
S_B_i[0][1][5] | S_C_o[3][1][5] |     4.246 | SLOW    |     2.201 | FAST    |
S_B_i[0][1][5] | S_C_o[3][1][6] |     4.463 | SLOW    |     2.316 | FAST    |
S_B_i[0][1][5] | S_C_o[3][1][7] |     4.485 | SLOW    |     2.330 | FAST    |
S_B_i[0][1][6] | S_C_o[0][1][6] |     4.246 | SLOW    |     2.201 | FAST    |
S_B_i[0][1][6] | S_C_o[0][1][7] |     4.263 | SLOW    |     2.207 | FAST    |
S_B_i[0][1][6] | S_C_o[1][1][6] |     4.246 | SLOW    |     2.201 | FAST    |
S_B_i[0][1][6] | S_C_o[1][1][7] |     4.263 | SLOW    |     2.207 | FAST    |
S_B_i[0][1][6] | S_C_o[2][1][6] |     4.246 | SLOW    |     2.201 | FAST    |
S_B_i[0][1][6] | S_C_o[2][1][7] |     4.263 | SLOW    |     2.207 | FAST    |
S_B_i[0][1][6] | S_C_o[3][1][6] |     4.246 | SLOW    |     2.201 | FAST    |
S_B_i[0][1][6] | S_C_o[3][1][7] |     4.263 | SLOW    |     2.207 | FAST    |
S_B_i[0][1][7] | S_C_o[0][1][7] |     4.261 | SLOW    |     2.213 | FAST    |
S_B_i[0][1][7] | S_C_o[1][1][7] |     4.261 | SLOW    |     2.213 | FAST    |
S_B_i[0][1][7] | S_C_o[2][1][7] |     4.261 | SLOW    |     2.213 | FAST    |
S_B_i[0][1][7] | S_C_o[3][1][7] |     4.261 | SLOW    |     2.213 | FAST    |
S_B_i[0][2][0] | S_C_o[0][2][0] |     4.261 | SLOW    |     2.209 | FAST    |
S_B_i[0][2][0] | S_C_o[0][2][1] |     4.278 | SLOW    |     2.215 | FAST    |
S_B_i[0][2][0] | S_C_o[0][2][2] |     4.256 | SLOW    |     2.201 | FAST    |
S_B_i[0][2][0] | S_C_o[0][2][3] |     4.494 | SLOW    |     2.329 | FAST    |
S_B_i[0][2][0] | S_C_o[0][2][4] |     4.494 | SLOW    |     2.329 | FAST    |
S_B_i[0][2][0] | S_C_o[0][2][5] |     4.716 | SLOW    |     2.452 | FAST    |
S_B_i[0][2][0] | S_C_o[0][2][6] |     4.945 | SLOW    |     2.585 | FAST    |
S_B_i[0][2][0] | S_C_o[0][2][7] |     4.967 | SLOW    |     2.599 | FAST    |
S_B_i[0][2][0] | S_C_o[1][2][0] |     4.261 | SLOW    |     2.209 | FAST    |
S_B_i[0][2][0] | S_C_o[1][2][1] |     4.278 | SLOW    |     2.215 | FAST    |
S_B_i[0][2][0] | S_C_o[1][2][2] |     4.256 | SLOW    |     2.201 | FAST    |
S_B_i[0][2][0] | S_C_o[1][2][3] |     4.494 | SLOW    |     2.329 | FAST    |
S_B_i[0][2][0] | S_C_o[1][2][4] |     4.494 | SLOW    |     2.329 | FAST    |
S_B_i[0][2][0] | S_C_o[1][2][5] |     4.716 | SLOW    |     2.452 | FAST    |
S_B_i[0][2][0] | S_C_o[1][2][6] |     4.945 | SLOW    |     2.585 | FAST    |
S_B_i[0][2][0] | S_C_o[1][2][7] |     4.967 | SLOW    |     2.599 | FAST    |
S_B_i[0][2][0] | S_C_o[2][2][0] |     4.261 | SLOW    |     2.209 | FAST    |
S_B_i[0][2][0] | S_C_o[2][2][1] |     4.278 | SLOW    |     2.215 | FAST    |
S_B_i[0][2][0] | S_C_o[2][2][2] |     4.256 | SLOW    |     2.201 | FAST    |
S_B_i[0][2][0] | S_C_o[2][2][3] |     4.494 | SLOW    |     2.329 | FAST    |
S_B_i[0][2][0] | S_C_o[2][2][4] |     4.494 | SLOW    |     2.329 | FAST    |
S_B_i[0][2][0] | S_C_o[2][2][5] |     4.716 | SLOW    |     2.452 | FAST    |
S_B_i[0][2][0] | S_C_o[2][2][6] |     4.945 | SLOW    |     2.585 | FAST    |
S_B_i[0][2][0] | S_C_o[2][2][7] |     4.967 | SLOW    |     2.599 | FAST    |
S_B_i[0][2][0] | S_C_o[3][2][0] |     4.261 | SLOW    |     2.209 | FAST    |
S_B_i[0][2][0] | S_C_o[3][2][1] |     4.278 | SLOW    |     2.215 | FAST    |
S_B_i[0][2][0] | S_C_o[3][2][2] |     4.256 | SLOW    |     2.201 | FAST    |
S_B_i[0][2][0] | S_C_o[3][2][3] |     4.494 | SLOW    |     2.329 | FAST    |
S_B_i[0][2][0] | S_C_o[3][2][4] |     4.494 | SLOW    |     2.329 | FAST    |
S_B_i[0][2][0] | S_C_o[3][2][5] |     4.716 | SLOW    |     2.452 | FAST    |
S_B_i[0][2][0] | S_C_o[3][2][6] |     4.945 | SLOW    |     2.585 | FAST    |
S_B_i[0][2][0] | S_C_o[3][2][7] |     4.967 | SLOW    |     2.599 | FAST    |
S_B_i[0][2][1] | S_C_o[0][2][1] |     4.286 | SLOW    |     2.226 | FAST    |
S_B_i[0][2][1] | S_C_o[0][2][2] |     4.250 | SLOW    |     2.198 | FAST    |
S_B_i[0][2][1] | S_C_o[0][2][3] |     4.461 | SLOW    |     2.317 | FAST    |
S_B_i[0][2][1] | S_C_o[0][2][4] |     4.461 | SLOW    |     2.317 | FAST    |
S_B_i[0][2][1] | S_C_o[0][2][5] |     4.683 | SLOW    |     2.440 | FAST    |
S_B_i[0][2][1] | S_C_o[0][2][6] |     4.912 | SLOW    |     2.573 | FAST    |
S_B_i[0][2][1] | S_C_o[0][2][7] |     4.934 | SLOW    |     2.587 | FAST    |
S_B_i[0][2][1] | S_C_o[1][2][1] |     4.286 | SLOW    |     2.226 | FAST    |
S_B_i[0][2][1] | S_C_o[1][2][2] |     4.250 | SLOW    |     2.198 | FAST    |
S_B_i[0][2][1] | S_C_o[1][2][3] |     4.461 | SLOW    |     2.317 | FAST    |
S_B_i[0][2][1] | S_C_o[1][2][4] |     4.461 | SLOW    |     2.317 | FAST    |
S_B_i[0][2][1] | S_C_o[1][2][5] |     4.683 | SLOW    |     2.440 | FAST    |
S_B_i[0][2][1] | S_C_o[1][2][6] |     4.912 | SLOW    |     2.573 | FAST    |
S_B_i[0][2][1] | S_C_o[1][2][7] |     4.934 | SLOW    |     2.587 | FAST    |
S_B_i[0][2][1] | S_C_o[2][2][1] |     4.286 | SLOW    |     2.226 | FAST    |
S_B_i[0][2][1] | S_C_o[2][2][2] |     4.250 | SLOW    |     2.198 | FAST    |
S_B_i[0][2][1] | S_C_o[2][2][3] |     4.461 | SLOW    |     2.317 | FAST    |
S_B_i[0][2][1] | S_C_o[2][2][4] |     4.461 | SLOW    |     2.317 | FAST    |
S_B_i[0][2][1] | S_C_o[2][2][5] |     4.683 | SLOW    |     2.440 | FAST    |
S_B_i[0][2][1] | S_C_o[2][2][6] |     4.912 | SLOW    |     2.573 | FAST    |
S_B_i[0][2][1] | S_C_o[2][2][7] |     4.934 | SLOW    |     2.587 | FAST    |
S_B_i[0][2][1] | S_C_o[3][2][1] |     4.286 | SLOW    |     2.226 | FAST    |
S_B_i[0][2][1] | S_C_o[3][2][2] |     4.250 | SLOW    |     2.198 | FAST    |
S_B_i[0][2][1] | S_C_o[3][2][3] |     4.461 | SLOW    |     2.317 | FAST    |
S_B_i[0][2][1] | S_C_o[3][2][4] |     4.461 | SLOW    |     2.317 | FAST    |
S_B_i[0][2][1] | S_C_o[3][2][5] |     4.683 | SLOW    |     2.440 | FAST    |
S_B_i[0][2][1] | S_C_o[3][2][6] |     4.912 | SLOW    |     2.573 | FAST    |
S_B_i[0][2][1] | S_C_o[3][2][7] |     4.934 | SLOW    |     2.587 | FAST    |
S_B_i[0][2][2] | S_C_o[0][2][2] |     4.246 | SLOW    |     2.201 | FAST    |
S_B_i[0][2][2] | S_C_o[0][2][3] |     4.447 | SLOW    |     2.304 | FAST    |
S_B_i[0][2][2] | S_C_o[0][2][4] |     4.447 | SLOW    |     2.304 | FAST    |
S_B_i[0][2][2] | S_C_o[0][2][5] |     4.669 | SLOW    |     2.427 | FAST    |
S_B_i[0][2][2] | S_C_o[0][2][6] |     4.898 | SLOW    |     2.560 | FAST    |
S_B_i[0][2][2] | S_C_o[0][2][7] |     4.920 | SLOW    |     2.574 | FAST    |
S_B_i[0][2][2] | S_C_o[1][2][2] |     4.246 | SLOW    |     2.201 | FAST    |
S_B_i[0][2][2] | S_C_o[1][2][3] |     4.447 | SLOW    |     2.304 | FAST    |
S_B_i[0][2][2] | S_C_o[1][2][4] |     4.447 | SLOW    |     2.304 | FAST    |
S_B_i[0][2][2] | S_C_o[1][2][5] |     4.669 | SLOW    |     2.427 | FAST    |
S_B_i[0][2][2] | S_C_o[1][2][6] |     4.898 | SLOW    |     2.560 | FAST    |
S_B_i[0][2][2] | S_C_o[1][2][7] |     4.920 | SLOW    |     2.574 | FAST    |
S_B_i[0][2][2] | S_C_o[2][2][2] |     4.246 | SLOW    |     2.201 | FAST    |
S_B_i[0][2][2] | S_C_o[2][2][3] |     4.447 | SLOW    |     2.304 | FAST    |
S_B_i[0][2][2] | S_C_o[2][2][4] |     4.447 | SLOW    |     2.304 | FAST    |
S_B_i[0][2][2] | S_C_o[2][2][5] |     4.669 | SLOW    |     2.427 | FAST    |
S_B_i[0][2][2] | S_C_o[2][2][6] |     4.898 | SLOW    |     2.560 | FAST    |
S_B_i[0][2][2] | S_C_o[2][2][7] |     4.920 | SLOW    |     2.574 | FAST    |
S_B_i[0][2][2] | S_C_o[3][2][2] |     4.246 | SLOW    |     2.201 | FAST    |
S_B_i[0][2][2] | S_C_o[3][2][3] |     4.447 | SLOW    |     2.304 | FAST    |
S_B_i[0][2][2] | S_C_o[3][2][4] |     4.447 | SLOW    |     2.304 | FAST    |
S_B_i[0][2][2] | S_C_o[3][2][5] |     4.669 | SLOW    |     2.427 | FAST    |
S_B_i[0][2][2] | S_C_o[3][2][6] |     4.898 | SLOW    |     2.560 | FAST    |
S_B_i[0][2][2] | S_C_o[3][2][7] |     4.920 | SLOW    |     2.574 | FAST    |
S_B_i[0][2][3] | S_C_o[0][2][3] |     4.255 | SLOW    |     2.206 | FAST    |
S_B_i[0][2][3] | S_C_o[0][2][4] |     4.250 | SLOW    |     2.198 | FAST    |
S_B_i[0][2][3] | S_C_o[0][2][5] |     4.486 | SLOW    |     2.335 | FAST    |
S_B_i[0][2][3] | S_C_o[0][2][6] |     4.715 | SLOW    |     2.468 | FAST    |
S_B_i[0][2][3] | S_C_o[0][2][7] |     4.737 | SLOW    |     2.482 | FAST    |
S_B_i[0][2][3] | S_C_o[1][2][3] |     4.255 | SLOW    |     2.206 | FAST    |
S_B_i[0][2][3] | S_C_o[1][2][4] |     4.250 | SLOW    |     2.198 | FAST    |
S_B_i[0][2][3] | S_C_o[1][2][5] |     4.486 | SLOW    |     2.335 | FAST    |
S_B_i[0][2][3] | S_C_o[1][2][6] |     4.715 | SLOW    |     2.468 | FAST    |
S_B_i[0][2][3] | S_C_o[1][2][7] |     4.737 | SLOW    |     2.482 | FAST    |
S_B_i[0][2][3] | S_C_o[2][2][3] |     4.255 | SLOW    |     2.206 | FAST    |
S_B_i[0][2][3] | S_C_o[2][2][4] |     4.250 | SLOW    |     2.198 | FAST    |
S_B_i[0][2][3] | S_C_o[2][2][5] |     4.486 | SLOW    |     2.335 | FAST    |
S_B_i[0][2][3] | S_C_o[2][2][6] |     4.715 | SLOW    |     2.468 | FAST    |
S_B_i[0][2][3] | S_C_o[2][2][7] |     4.737 | SLOW    |     2.482 | FAST    |
S_B_i[0][2][3] | S_C_o[3][2][3] |     4.255 | SLOW    |     2.206 | FAST    |
S_B_i[0][2][3] | S_C_o[3][2][4] |     4.250 | SLOW    |     2.198 | FAST    |
S_B_i[0][2][3] | S_C_o[3][2][5] |     4.486 | SLOW    |     2.335 | FAST    |
S_B_i[0][2][3] | S_C_o[3][2][6] |     4.715 | SLOW    |     2.468 | FAST    |
S_B_i[0][2][3] | S_C_o[3][2][7] |     4.737 | SLOW    |     2.482 | FAST    |
S_B_i[0][2][4] | S_C_o[0][2][4] |     4.246 | SLOW    |     2.201 | FAST    |
S_B_i[0][2][4] | S_C_o[0][2][5] |     4.463 | SLOW    |     2.316 | FAST    |
S_B_i[0][2][4] | S_C_o[0][2][6] |     4.692 | SLOW    |     2.449 | FAST    |
S_B_i[0][2][4] | S_C_o[0][2][7] |     4.714 | SLOW    |     2.463 | FAST    |
S_B_i[0][2][4] | S_C_o[1][2][4] |     4.246 | SLOW    |     2.201 | FAST    |
S_B_i[0][2][4] | S_C_o[1][2][5] |     4.463 | SLOW    |     2.316 | FAST    |
S_B_i[0][2][4] | S_C_o[1][2][6] |     4.692 | SLOW    |     2.449 | FAST    |
S_B_i[0][2][4] | S_C_o[1][2][7] |     4.714 | SLOW    |     2.463 | FAST    |
S_B_i[0][2][4] | S_C_o[2][2][4] |     4.246 | SLOW    |     2.201 | FAST    |
S_B_i[0][2][4] | S_C_o[2][2][5] |     4.463 | SLOW    |     2.316 | FAST    |
S_B_i[0][2][4] | S_C_o[2][2][6] |     4.692 | SLOW    |     2.449 | FAST    |
S_B_i[0][2][4] | S_C_o[2][2][7] |     4.714 | SLOW    |     2.463 | FAST    |
S_B_i[0][2][4] | S_C_o[3][2][4] |     4.246 | SLOW    |     2.201 | FAST    |
S_B_i[0][2][4] | S_C_o[3][2][5] |     4.463 | SLOW    |     2.316 | FAST    |
S_B_i[0][2][4] | S_C_o[3][2][6] |     4.692 | SLOW    |     2.449 | FAST    |
S_B_i[0][2][4] | S_C_o[3][2][7] |     4.714 | SLOW    |     2.463 | FAST    |
S_B_i[0][2][5] | S_C_o[0][2][5] |     4.246 | SLOW    |     2.201 | FAST    |
S_B_i[0][2][5] | S_C_o[0][2][6] |     4.463 | SLOW    |     2.316 | FAST    |
S_B_i[0][2][5] | S_C_o[0][2][7] |     4.485 | SLOW    |     2.330 | FAST    |
S_B_i[0][2][5] | S_C_o[1][2][5] |     4.246 | SLOW    |     2.201 | FAST    |
S_B_i[0][2][5] | S_C_o[1][2][6] |     4.463 | SLOW    |     2.316 | FAST    |
S_B_i[0][2][5] | S_C_o[1][2][7] |     4.485 | SLOW    |     2.330 | FAST    |
S_B_i[0][2][5] | S_C_o[2][2][5] |     4.246 | SLOW    |     2.201 | FAST    |
S_B_i[0][2][5] | S_C_o[2][2][6] |     4.463 | SLOW    |     2.316 | FAST    |
S_B_i[0][2][5] | S_C_o[2][2][7] |     4.485 | SLOW    |     2.330 | FAST    |
S_B_i[0][2][5] | S_C_o[3][2][5] |     4.246 | SLOW    |     2.201 | FAST    |
S_B_i[0][2][5] | S_C_o[3][2][6] |     4.463 | SLOW    |     2.316 | FAST    |
S_B_i[0][2][5] | S_C_o[3][2][7] |     4.485 | SLOW    |     2.330 | FAST    |
S_B_i[0][2][6] | S_C_o[0][2][6] |     4.246 | SLOW    |     2.201 | FAST    |
S_B_i[0][2][6] | S_C_o[0][2][7] |     4.263 | SLOW    |     2.207 | FAST    |
S_B_i[0][2][6] | S_C_o[1][2][6] |     4.246 | SLOW    |     2.201 | FAST    |
S_B_i[0][2][6] | S_C_o[1][2][7] |     4.263 | SLOW    |     2.207 | FAST    |
S_B_i[0][2][6] | S_C_o[2][2][6] |     4.246 | SLOW    |     2.201 | FAST    |
S_B_i[0][2][6] | S_C_o[2][2][7] |     4.263 | SLOW    |     2.207 | FAST    |
S_B_i[0][2][6] | S_C_o[3][2][6] |     4.246 | SLOW    |     2.201 | FAST    |
S_B_i[0][2][6] | S_C_o[3][2][7] |     4.263 | SLOW    |     2.207 | FAST    |
S_B_i[0][2][7] | S_C_o[0][2][7] |     4.261 | SLOW    |     2.213 | FAST    |
S_B_i[0][2][7] | S_C_o[1][2][7] |     4.261 | SLOW    |     2.213 | FAST    |
S_B_i[0][2][7] | S_C_o[2][2][7] |     4.261 | SLOW    |     2.213 | FAST    |
S_B_i[0][2][7] | S_C_o[3][2][7] |     4.261 | SLOW    |     2.213 | FAST    |
S_B_i[0][3][0] | S_C_o[0][3][0] |     4.261 | SLOW    |     2.209 | FAST    |
S_B_i[0][3][0] | S_C_o[0][3][1] |     4.278 | SLOW    |     2.215 | FAST    |
S_B_i[0][3][0] | S_C_o[0][3][2] |     4.256 | SLOW    |     2.201 | FAST    |
S_B_i[0][3][0] | S_C_o[0][3][3] |     4.494 | SLOW    |     2.329 | FAST    |
S_B_i[0][3][0] | S_C_o[0][3][4] |     4.494 | SLOW    |     2.329 | FAST    |
S_B_i[0][3][0] | S_C_o[0][3][5] |     4.716 | SLOW    |     2.452 | FAST    |
S_B_i[0][3][0] | S_C_o[0][3][6] |     4.945 | SLOW    |     2.585 | FAST    |
S_B_i[0][3][0] | S_C_o[0][3][7] |     4.967 | SLOW    |     2.599 | FAST    |
S_B_i[0][3][0] | S_C_o[1][3][0] |     4.261 | SLOW    |     2.209 | FAST    |
S_B_i[0][3][0] | S_C_o[1][3][1] |     4.278 | SLOW    |     2.215 | FAST    |
S_B_i[0][3][0] | S_C_o[1][3][2] |     4.256 | SLOW    |     2.201 | FAST    |
S_B_i[0][3][0] | S_C_o[1][3][3] |     4.494 | SLOW    |     2.329 | FAST    |
S_B_i[0][3][0] | S_C_o[1][3][4] |     4.494 | SLOW    |     2.329 | FAST    |
S_B_i[0][3][0] | S_C_o[1][3][5] |     4.716 | SLOW    |     2.452 | FAST    |
S_B_i[0][3][0] | S_C_o[1][3][6] |     4.945 | SLOW    |     2.585 | FAST    |
S_B_i[0][3][0] | S_C_o[1][3][7] |     4.967 | SLOW    |     2.599 | FAST    |
S_B_i[0][3][0] | S_C_o[2][3][0] |     4.261 | SLOW    |     2.209 | FAST    |
S_B_i[0][3][0] | S_C_o[2][3][1] |     4.278 | SLOW    |     2.215 | FAST    |
S_B_i[0][3][0] | S_C_o[2][3][2] |     4.256 | SLOW    |     2.201 | FAST    |
S_B_i[0][3][0] | S_C_o[2][3][3] |     4.494 | SLOW    |     2.329 | FAST    |
S_B_i[0][3][0] | S_C_o[2][3][4] |     4.494 | SLOW    |     2.329 | FAST    |
S_B_i[0][3][0] | S_C_o[2][3][5] |     4.716 | SLOW    |     2.452 | FAST    |
S_B_i[0][3][0] | S_C_o[2][3][6] |     4.945 | SLOW    |     2.585 | FAST    |
S_B_i[0][3][0] | S_C_o[2][3][7] |     4.967 | SLOW    |     2.599 | FAST    |
S_B_i[0][3][0] | S_C_o[3][3][0] |     4.261 | SLOW    |     2.209 | FAST    |
S_B_i[0][3][0] | S_C_o[3][3][1] |     4.278 | SLOW    |     2.215 | FAST    |
S_B_i[0][3][0] | S_C_o[3][3][2] |     4.256 | SLOW    |     2.201 | FAST    |
S_B_i[0][3][0] | S_C_o[3][3][3] |     4.494 | SLOW    |     2.329 | FAST    |
S_B_i[0][3][0] | S_C_o[3][3][4] |     4.494 | SLOW    |     2.329 | FAST    |
S_B_i[0][3][0] | S_C_o[3][3][5] |     4.716 | SLOW    |     2.452 | FAST    |
S_B_i[0][3][0] | S_C_o[3][3][6] |     4.945 | SLOW    |     2.585 | FAST    |
S_B_i[0][3][0] | S_C_o[3][3][7] |     4.967 | SLOW    |     2.599 | FAST    |
S_B_i[0][3][1] | S_C_o[0][3][1] |     4.286 | SLOW    |     2.226 | FAST    |
S_B_i[0][3][1] | S_C_o[0][3][2] |     4.250 | SLOW    |     2.198 | FAST    |
S_B_i[0][3][1] | S_C_o[0][3][3] |     4.461 | SLOW    |     2.317 | FAST    |
S_B_i[0][3][1] | S_C_o[0][3][4] |     4.461 | SLOW    |     2.317 | FAST    |
S_B_i[0][3][1] | S_C_o[0][3][5] |     4.683 | SLOW    |     2.440 | FAST    |
S_B_i[0][3][1] | S_C_o[0][3][6] |     4.912 | SLOW    |     2.573 | FAST    |
S_B_i[0][3][1] | S_C_o[0][3][7] |     4.934 | SLOW    |     2.587 | FAST    |
S_B_i[0][3][1] | S_C_o[1][3][1] |     4.286 | SLOW    |     2.226 | FAST    |
S_B_i[0][3][1] | S_C_o[1][3][2] |     4.250 | SLOW    |     2.198 | FAST    |
S_B_i[0][3][1] | S_C_o[1][3][3] |     4.461 | SLOW    |     2.317 | FAST    |
S_B_i[0][3][1] | S_C_o[1][3][4] |     4.461 | SLOW    |     2.317 | FAST    |
S_B_i[0][3][1] | S_C_o[1][3][5] |     4.683 | SLOW    |     2.440 | FAST    |
S_B_i[0][3][1] | S_C_o[1][3][6] |     4.912 | SLOW    |     2.573 | FAST    |
S_B_i[0][3][1] | S_C_o[1][3][7] |     4.934 | SLOW    |     2.587 | FAST    |
S_B_i[0][3][1] | S_C_o[2][3][1] |     4.286 | SLOW    |     2.226 | FAST    |
S_B_i[0][3][1] | S_C_o[2][3][2] |     4.250 | SLOW    |     2.198 | FAST    |
S_B_i[0][3][1] | S_C_o[2][3][3] |     4.461 | SLOW    |     2.317 | FAST    |
S_B_i[0][3][1] | S_C_o[2][3][4] |     4.461 | SLOW    |     2.317 | FAST    |
S_B_i[0][3][1] | S_C_o[2][3][5] |     4.683 | SLOW    |     2.440 | FAST    |
S_B_i[0][3][1] | S_C_o[2][3][6] |     4.912 | SLOW    |     2.573 | FAST    |
S_B_i[0][3][1] | S_C_o[2][3][7] |     4.934 | SLOW    |     2.587 | FAST    |
S_B_i[0][3][1] | S_C_o[3][3][1] |     4.286 | SLOW    |     2.226 | FAST    |
S_B_i[0][3][1] | S_C_o[3][3][2] |     4.250 | SLOW    |     2.198 | FAST    |
S_B_i[0][3][1] | S_C_o[3][3][3] |     4.461 | SLOW    |     2.317 | FAST    |
S_B_i[0][3][1] | S_C_o[3][3][4] |     4.461 | SLOW    |     2.317 | FAST    |
S_B_i[0][3][1] | S_C_o[3][3][5] |     4.683 | SLOW    |     2.440 | FAST    |
S_B_i[0][3][1] | S_C_o[3][3][6] |     4.912 | SLOW    |     2.573 | FAST    |
S_B_i[0][3][1] | S_C_o[3][3][7] |     4.934 | SLOW    |     2.587 | FAST    |
S_B_i[0][3][2] | S_C_o[0][3][2] |     4.246 | SLOW    |     2.201 | FAST    |
S_B_i[0][3][2] | S_C_o[0][3][3] |     4.447 | SLOW    |     2.304 | FAST    |
S_B_i[0][3][2] | S_C_o[0][3][4] |     4.447 | SLOW    |     2.304 | FAST    |
S_B_i[0][3][2] | S_C_o[0][3][5] |     4.669 | SLOW    |     2.427 | FAST    |
S_B_i[0][3][2] | S_C_o[0][3][6] |     4.898 | SLOW    |     2.560 | FAST    |
S_B_i[0][3][2] | S_C_o[0][3][7] |     4.920 | SLOW    |     2.574 | FAST    |
S_B_i[0][3][2] | S_C_o[1][3][2] |     4.246 | SLOW    |     2.201 | FAST    |
S_B_i[0][3][2] | S_C_o[1][3][3] |     4.447 | SLOW    |     2.304 | FAST    |
S_B_i[0][3][2] | S_C_o[1][3][4] |     4.447 | SLOW    |     2.304 | FAST    |
S_B_i[0][3][2] | S_C_o[1][3][5] |     4.669 | SLOW    |     2.427 | FAST    |
S_B_i[0][3][2] | S_C_o[1][3][6] |     4.898 | SLOW    |     2.560 | FAST    |
S_B_i[0][3][2] | S_C_o[1][3][7] |     4.920 | SLOW    |     2.574 | FAST    |
S_B_i[0][3][2] | S_C_o[2][3][2] |     4.246 | SLOW    |     2.201 | FAST    |
S_B_i[0][3][2] | S_C_o[2][3][3] |     4.447 | SLOW    |     2.304 | FAST    |
S_B_i[0][3][2] | S_C_o[2][3][4] |     4.447 | SLOW    |     2.304 | FAST    |
S_B_i[0][3][2] | S_C_o[2][3][5] |     4.669 | SLOW    |     2.427 | FAST    |
S_B_i[0][3][2] | S_C_o[2][3][6] |     4.898 | SLOW    |     2.560 | FAST    |
S_B_i[0][3][2] | S_C_o[2][3][7] |     4.920 | SLOW    |     2.574 | FAST    |
S_B_i[0][3][2] | S_C_o[3][3][2] |     4.246 | SLOW    |     2.201 | FAST    |
S_B_i[0][3][2] | S_C_o[3][3][3] |     4.447 | SLOW    |     2.304 | FAST    |
S_B_i[0][3][2] | S_C_o[3][3][4] |     4.447 | SLOW    |     2.304 | FAST    |
S_B_i[0][3][2] | S_C_o[3][3][5] |     4.669 | SLOW    |     2.427 | FAST    |
S_B_i[0][3][2] | S_C_o[3][3][6] |     4.898 | SLOW    |     2.560 | FAST    |
S_B_i[0][3][2] | S_C_o[3][3][7] |     4.920 | SLOW    |     2.574 | FAST    |
S_B_i[0][3][3] | S_C_o[0][3][3] |     4.255 | SLOW    |     2.206 | FAST    |
S_B_i[0][3][3] | S_C_o[0][3][4] |     4.250 | SLOW    |     2.198 | FAST    |
S_B_i[0][3][3] | S_C_o[0][3][5] |     4.486 | SLOW    |     2.335 | FAST    |
S_B_i[0][3][3] | S_C_o[0][3][6] |     4.715 | SLOW    |     2.468 | FAST    |
S_B_i[0][3][3] | S_C_o[0][3][7] |     4.737 | SLOW    |     2.482 | FAST    |
S_B_i[0][3][3] | S_C_o[1][3][3] |     4.255 | SLOW    |     2.206 | FAST    |
S_B_i[0][3][3] | S_C_o[1][3][4] |     4.250 | SLOW    |     2.198 | FAST    |
S_B_i[0][3][3] | S_C_o[1][3][5] |     4.486 | SLOW    |     2.335 | FAST    |
S_B_i[0][3][3] | S_C_o[1][3][6] |     4.715 | SLOW    |     2.468 | FAST    |
S_B_i[0][3][3] | S_C_o[1][3][7] |     4.737 | SLOW    |     2.482 | FAST    |
S_B_i[0][3][3] | S_C_o[2][3][3] |     4.255 | SLOW    |     2.206 | FAST    |
S_B_i[0][3][3] | S_C_o[2][3][4] |     4.250 | SLOW    |     2.198 | FAST    |
S_B_i[0][3][3] | S_C_o[2][3][5] |     4.486 | SLOW    |     2.335 | FAST    |
S_B_i[0][3][3] | S_C_o[2][3][6] |     4.715 | SLOW    |     2.468 | FAST    |
S_B_i[0][3][3] | S_C_o[2][3][7] |     4.737 | SLOW    |     2.482 | FAST    |
S_B_i[0][3][3] | S_C_o[3][3][3] |     4.255 | SLOW    |     2.206 | FAST    |
S_B_i[0][3][3] | S_C_o[3][3][4] |     4.250 | SLOW    |     2.198 | FAST    |
S_B_i[0][3][3] | S_C_o[3][3][5] |     4.486 | SLOW    |     2.335 | FAST    |
S_B_i[0][3][3] | S_C_o[3][3][6] |     4.715 | SLOW    |     2.468 | FAST    |
S_B_i[0][3][3] | S_C_o[3][3][7] |     4.737 | SLOW    |     2.482 | FAST    |
S_B_i[0][3][4] | S_C_o[0][3][4] |     4.246 | SLOW    |     2.201 | FAST    |
S_B_i[0][3][4] | S_C_o[0][3][5] |     4.463 | SLOW    |     2.316 | FAST    |
S_B_i[0][3][4] | S_C_o[0][3][6] |     4.692 | SLOW    |     2.449 | FAST    |
S_B_i[0][3][4] | S_C_o[0][3][7] |     4.714 | SLOW    |     2.463 | FAST    |
S_B_i[0][3][4] | S_C_o[1][3][4] |     4.246 | SLOW    |     2.201 | FAST    |
S_B_i[0][3][4] | S_C_o[1][3][5] |     4.463 | SLOW    |     2.316 | FAST    |
S_B_i[0][3][4] | S_C_o[1][3][6] |     4.692 | SLOW    |     2.449 | FAST    |
S_B_i[0][3][4] | S_C_o[1][3][7] |     4.714 | SLOW    |     2.463 | FAST    |
S_B_i[0][3][4] | S_C_o[2][3][4] |     4.246 | SLOW    |     2.201 | FAST    |
S_B_i[0][3][4] | S_C_o[2][3][5] |     4.463 | SLOW    |     2.316 | FAST    |
S_B_i[0][3][4] | S_C_o[2][3][6] |     4.692 | SLOW    |     2.449 | FAST    |
S_B_i[0][3][4] | S_C_o[2][3][7] |     4.714 | SLOW    |     2.463 | FAST    |
S_B_i[0][3][4] | S_C_o[3][3][4] |     4.246 | SLOW    |     2.201 | FAST    |
S_B_i[0][3][4] | S_C_o[3][3][5] |     4.463 | SLOW    |     2.316 | FAST    |
S_B_i[0][3][4] | S_C_o[3][3][6] |     4.692 | SLOW    |     2.449 | FAST    |
S_B_i[0][3][4] | S_C_o[3][3][7] |     4.714 | SLOW    |     2.463 | FAST    |
S_B_i[0][3][5] | S_C_o[0][3][5] |     4.246 | SLOW    |     2.201 | FAST    |
S_B_i[0][3][5] | S_C_o[0][3][6] |     4.463 | SLOW    |     2.316 | FAST    |
S_B_i[0][3][5] | S_C_o[0][3][7] |     4.485 | SLOW    |     2.330 | FAST    |
S_B_i[0][3][5] | S_C_o[1][3][5] |     4.246 | SLOW    |     2.201 | FAST    |
S_B_i[0][3][5] | S_C_o[1][3][6] |     4.463 | SLOW    |     2.316 | FAST    |
S_B_i[0][3][5] | S_C_o[1][3][7] |     4.485 | SLOW    |     2.330 | FAST    |
S_B_i[0][3][5] | S_C_o[2][3][5] |     4.246 | SLOW    |     2.201 | FAST    |
S_B_i[0][3][5] | S_C_o[2][3][6] |     4.463 | SLOW    |     2.316 | FAST    |
S_B_i[0][3][5] | S_C_o[2][3][7] |     4.485 | SLOW    |     2.330 | FAST    |
S_B_i[0][3][5] | S_C_o[3][3][5] |     4.246 | SLOW    |     2.201 | FAST    |
S_B_i[0][3][5] | S_C_o[3][3][6] |     4.463 | SLOW    |     2.316 | FAST    |
S_B_i[0][3][5] | S_C_o[3][3][7] |     4.485 | SLOW    |     2.330 | FAST    |
S_B_i[0][3][6] | S_C_o[0][3][6] |     4.246 | SLOW    |     2.201 | FAST    |
S_B_i[0][3][6] | S_C_o[0][3][7] |     4.263 | SLOW    |     2.207 | FAST    |
S_B_i[0][3][6] | S_C_o[1][3][6] |     4.246 | SLOW    |     2.201 | FAST    |
S_B_i[0][3][6] | S_C_o[1][3][7] |     4.263 | SLOW    |     2.207 | FAST    |
S_B_i[0][3][6] | S_C_o[2][3][6] |     4.246 | SLOW    |     2.201 | FAST    |
S_B_i[0][3][6] | S_C_o[2][3][7] |     4.263 | SLOW    |     2.207 | FAST    |
S_B_i[0][3][6] | S_C_o[3][3][6] |     4.246 | SLOW    |     2.201 | FAST    |
S_B_i[0][3][6] | S_C_o[3][3][7] |     4.263 | SLOW    |     2.207 | FAST    |
S_B_i[0][3][7] | S_C_o[0][3][7] |     4.261 | SLOW    |     2.213 | FAST    |
S_B_i[0][3][7] | S_C_o[1][3][7] |     4.261 | SLOW    |     2.213 | FAST    |
S_B_i[0][3][7] | S_C_o[2][3][7] |     4.261 | SLOW    |     2.213 | FAST    |
S_B_i[0][3][7] | S_C_o[3][3][7] |     4.261 | SLOW    |     2.213 | FAST    |
---------------+----------------+-----------+---------+-----------+---------+



