Copyright 1986-2022 Xilinx, Inc. All Rights Reserved. Copyright 2022-2024 Advanced Micro Devices, Inc. All Rights Reserved.
---------------------------------------------------------------------------------------------------------------------------------------------------------------------------------------------------------------------------------------------------------------------------------------
| Tool Version      : Vivado v.2024.2 (lin64) Build 5239630 Fri Nov 08 22:34:34 MST 2024
| Date              : Thu Jan 15 19:48:39 2026
| Host              : ee-kraken running 64-bit Red Hat Enterprise Linux 9.5 (Plow)
| Command           : report_timing_summary -datasheet -file ./src/attention/synth_output_matmul/matmul_fp_S_q_4_S_kv_4_d_kq_4_d_v_4_k_4_scale_width_8_M1_E_0_M1_M_2_M2_E_0_M2_M_2_M3_E_0_M3_M_2_ACCUM_METHOD_KULISCH_KULISCH_KULISCH_DSP_auto_auto_auto_time_20260115_1945_timing.rpt
| Design            : matmul_fp
| Device            : xcv80-lsva4737
| Speed File        : -2MHP  PRODUCTION 2.04 2024-08-06
| Design State      : Synthesized
| Temperature Grade : E
---------------------------------------------------------------------------------------------------------------------------------------------------------------------------------------------------------------------------------------------------------------------------------------

Timing Summary Report

------------------------------------------------------------------------------------------------
| Timer Settings
| --------------
------------------------------------------------------------------------------------------------

  Enable Multi Corner Analysis               :  Yes
  Enable Pessimism Removal                   :  Yes
  Pessimism Removal Resolution               :  Nearest Common Node
  Enable Input Delay Default Clock           :  No
  Enable Preset / Clear Arcs                 :  No
  Disable Flight Delays                      :  No
  Ignore I/O Paths                           :  No
  Timing Early Launch at Borrowing Latches   :  No
  Borrow Time for Max Delay Exceptions       :  Yes
  Merge Timing Exceptions                    :  Yes
  Inter-SLR Compensation                     :  Conservative

  Corner  Analyze    Analyze    
  Name    Max Paths  Min Paths  
  ------  ---------  ---------  
  Slow    Yes        Yes        
  Fast    Yes        Yes        


------------------------------------------------------------------------------------------------
| Report Methodology
| ------------------
------------------------------------------------------------------------------------------------

No report available as report_methodology has not been run prior. Run report_methodology on the current design for the summary of methodology violations.



check_timing report

Table of Contents
-----------------
1. checking no_clock (0)
2. checking constant_clock (0)
3. checking pulse_width_clock (0)
4. checking unconstrained_internal_endpoints (0)
5. checking no_input_delay (0)
6. checking no_output_delay (0)
7. checking multiple_clock (0)
8. checking generated_clocks (0)
9. checking loops (0)
10. checking partial_input_delay (0)
11. checking partial_output_delay (0)
12. checking latch_loops (0)

1. checking no_clock (0)
------------------------
 There are 0 register/latch pins with no clock.


2. checking constant_clock (0)
------------------------------
 There are 0 register/latch pins with constant_clock.


3. checking pulse_width_clock (0)
---------------------------------
 There are 0 register/latch pins which need pulse_width check


4. checking unconstrained_internal_endpoints (0)
------------------------------------------------
 There are 0 pins that are not constrained for maximum delay.

 There are 0 pins that are not constrained for maximum delay due to constant clock.


5. checking no_input_delay (0)
------------------------------
 There are 0 input ports with no input delay specified.

 There are 0 input ports with no input delay but user has a false path constraint.


6. checking no_output_delay (0)
-------------------------------
 There are 0 ports with no output delay specified.

 There are 0 ports with no output delay but user has a false path constraint

 There are 0 ports with no output delay but with a timing clock defined on it or propagating through it


7. checking multiple_clock (0)
------------------------------
 There are 0 register/latch pins with multiple clocks.


8. checking generated_clocks (0)
--------------------------------
 There are 0 generated clocks that are not connected to a clock source.


9. checking loops (0)
---------------------
 There are 0 combinational loops in the design.


10. checking partial_input_delay (0)
------------------------------------
 There are 0 input ports with partial input delay specified.


11. checking partial_output_delay (0)
-------------------------------------
 There are 0 ports with partial output delay specified.


12. checking latch_loops (0)
----------------------------
 There are 0 combinational latch loops in the design through latch input



------------------------------------------------------------------------------------------------
| Design Timing Summary
| ---------------------
------------------------------------------------------------------------------------------------

    WNS(ns)      TNS(ns)  TNS Failing Endpoints  TNS Total Endpoints      WHS(ns)      THS(ns)  THS Failing Endpoints  THS Total Endpoints     WPWS(ns)     TPWS(ns)  TPWS Failing Endpoints  TPWS Total Endpoints  
    -------      -------  ---------------------  -------------------      -------      -------  ---------------------  -------------------     --------     --------  ----------------------  --------------------  
         NA           NA                     NA                   NA           NA           NA                     NA                   NA           NA           NA                      NA                    NA  


All user specified timing constraints are met.


------------------------------------------------------------------------------------------------
| Clock Summary
| -------------
------------------------------------------------------------------------------------------------

Clock  Waveform(ns)         Period(ns)      Frequency(MHz)
-----  ------------         ----------      --------------
i_clk  {0.000 2.500}        5.000           200.000         


------------------------------------------------------------------------------------------------
| Intra Clock Table
| -----------------
------------------------------------------------------------------------------------------------

Clock             WNS(ns)      TNS(ns)  TNS Failing Endpoints  TNS Total Endpoints      WHS(ns)      THS(ns)  THS Failing Endpoints  THS Total Endpoints     WPWS(ns)     TPWS(ns)  TPWS Failing Endpoints  TPWS Total Endpoints  
-----             -------      -------  ---------------------  -------------------      -------      -------  ---------------------  -------------------     --------     --------  ----------------------  --------------------  


------------------------------------------------------------------------------------------------
| Inter Clock Table
| -----------------
------------------------------------------------------------------------------------------------

From Clock    To Clock          WNS(ns)      TNS(ns)  TNS Failing Endpoints  TNS Total Endpoints      WHS(ns)      THS(ns)  THS Failing Endpoints  THS Total Endpoints  
----------    --------          -------      -------  ---------------------  -------------------      -------      -------  ---------------------  -------------------  


------------------------------------------------------------------------------------------------
| Other Path Groups Table
| -----------------------
------------------------------------------------------------------------------------------------

Path Group    From Clock    To Clock          WNS(ns)      TNS(ns)  TNS Failing Endpoints  TNS Total Endpoints      WHS(ns)      THS(ns)  THS Failing Endpoints  THS Total Endpoints  
----------    ----------    --------          -------      -------  ---------------------  -------------------      -------      -------  ---------------------  -------------------  


------------------------------------------------------------------------------------------------
| Timing Details
| --------------
------------------------------------------------------------------------------------------------


------------------------------------------------------------------------------------------------
| Data sheet
| ----------
------------------------------------------------------------------------------------------------

Combinational Delays

---------------+----------------+-----------+---------+-----------+---------+
From           | To             |   Max     | Process |   Min     | Process |
Port           | Port           | Delay(ns) | Corner  | Delay(ns) | Corner  |
---------------+----------------+-----------+---------+-----------+---------+
A_i[0][0][0]   | C_o[0][0][0]   |     4.261 | SLOW    |     2.209 | FAST    |
A_i[0][0][0]   | C_o[0][0][1]   |     4.490 | SLOW    |     2.318 | FAST    |
A_i[0][0][0]   | C_o[0][0][2]   |     4.657 | SLOW    |     2.338 | FAST    |
A_i[0][0][0]   | C_o[0][1][0]   |     4.261 | SLOW    |     2.209 | FAST    |
A_i[0][0][0]   | C_o[0][1][1]   |     4.490 | SLOW    |     2.318 | FAST    |
A_i[0][0][0]   | C_o[0][1][2]   |     4.657 | SLOW    |     2.338 | FAST    |
A_i[0][0][0]   | C_o[0][2][0]   |     4.261 | SLOW    |     2.209 | FAST    |
A_i[0][0][0]   | C_o[0][2][1]   |     4.490 | SLOW    |     2.318 | FAST    |
A_i[0][0][0]   | C_o[0][2][2]   |     4.657 | SLOW    |     2.338 | FAST    |
A_i[0][0][0]   | C_o[0][3][0]   |     4.261 | SLOW    |     2.209 | FAST    |
A_i[0][0][0]   | C_o[0][3][1]   |     4.490 | SLOW    |     2.318 | FAST    |
A_i[0][0][0]   | C_o[0][3][2]   |     4.657 | SLOW    |     2.338 | FAST    |
A_i[0][0][1]   | C_o[0][0][1]   |     4.441 | SLOW    |     2.302 | FAST    |
A_i[0][0][1]   | C_o[0][0][2]   |     4.637 | SLOW    |     2.353 | FAST    |
A_i[0][0][1]   | C_o[0][1][1]   |     4.441 | SLOW    |     2.302 | FAST    |
A_i[0][0][1]   | C_o[0][1][2]   |     4.637 | SLOW    |     2.353 | FAST    |
A_i[0][0][1]   | C_o[0][2][1]   |     4.441 | SLOW    |     2.302 | FAST    |
A_i[0][0][1]   | C_o[0][2][2]   |     4.637 | SLOW    |     2.353 | FAST    |
A_i[0][0][1]   | C_o[0][3][1]   |     4.441 | SLOW    |     2.302 | FAST    |
A_i[0][0][1]   | C_o[0][3][2]   |     4.637 | SLOW    |     2.353 | FAST    |
A_i[0][0][2]   | C_o[0][0][2]   |     4.621 | SLOW    |     2.411 | FAST    |
A_i[0][0][2]   | C_o[0][1][2]   |     4.621 | SLOW    |     2.411 | FAST    |
A_i[0][0][2]   | C_o[0][2][2]   |     4.621 | SLOW    |     2.411 | FAST    |
A_i[0][0][2]   | C_o[0][3][2]   |     4.621 | SLOW    |     2.411 | FAST    |
A_i[0][1][0]   | C_o[0][0][0]   |     4.461 | SLOW    |     2.318 | FAST    |
A_i[0][1][0]   | C_o[0][0][1]   |     4.681 | SLOW    |     2.314 | FAST    |
A_i[0][1][0]   | C_o[0][0][2]   |     4.683 | SLOW    |     2.361 | FAST    |
A_i[0][1][0]   | C_o[0][1][0]   |     4.461 | SLOW    |     2.318 | FAST    |
A_i[0][1][0]   | C_o[0][1][1]   |     4.681 | SLOW    |     2.314 | FAST    |
A_i[0][1][0]   | C_o[0][1][2]   |     4.683 | SLOW    |     2.361 | FAST    |
A_i[0][1][0]   | C_o[0][2][0]   |     4.461 | SLOW    |     2.318 | FAST    |
A_i[0][1][0]   | C_o[0][2][1]   |     4.681 | SLOW    |     2.314 | FAST    |
A_i[0][1][0]   | C_o[0][2][2]   |     4.683 | SLOW    |     2.361 | FAST    |
A_i[0][1][0]   | C_o[0][3][0]   |     4.461 | SLOW    |     2.318 | FAST    |
A_i[0][1][0]   | C_o[0][3][1]   |     4.681 | SLOW    |     2.314 | FAST    |
A_i[0][1][0]   | C_o[0][3][2]   |     4.683 | SLOW    |     2.361 | FAST    |
A_i[0][1][1]   | C_o[0][0][1]   |     4.447 | SLOW    |     2.304 | FAST    |
A_i[0][1][1]   | C_o[0][0][2]   |     4.645 | SLOW    |     2.415 | FAST    |
A_i[0][1][1]   | C_o[0][1][1]   |     4.447 | SLOW    |     2.304 | FAST    |
A_i[0][1][1]   | C_o[0][1][2]   |     4.645 | SLOW    |     2.415 | FAST    |
A_i[0][1][1]   | C_o[0][2][1]   |     4.447 | SLOW    |     2.304 | FAST    |
A_i[0][1][1]   | C_o[0][2][2]   |     4.645 | SLOW    |     2.415 | FAST    |
A_i[0][1][1]   | C_o[0][3][1]   |     4.447 | SLOW    |     2.304 | FAST    |
A_i[0][1][1]   | C_o[0][3][2]   |     4.645 | SLOW    |     2.415 | FAST    |
A_i[0][1][2]   | C_o[0][0][2]   |     4.623 | SLOW    |     2.407 | FAST    |
A_i[0][1][2]   | C_o[0][1][2]   |     4.623 | SLOW    |     2.407 | FAST    |
A_i[0][1][2]   | C_o[0][2][2]   |     4.623 | SLOW    |     2.407 | FAST    |
A_i[0][1][2]   | C_o[0][3][2]   |     4.623 | SLOW    |     2.407 | FAST    |
A_i[0][2][0]   | C_o[0][0][0]   |     4.493 | SLOW    |     2.329 | FAST    |
A_i[0][2][0]   | C_o[0][0][1]   |     4.713 | SLOW    |     2.324 | FAST    |
A_i[0][2][0]   | C_o[0][0][2]   |     4.715 | SLOW    |     2.312 | FAST    |
A_i[0][2][0]   | C_o[0][1][0]   |     4.493 | SLOW    |     2.329 | FAST    |
A_i[0][2][0]   | C_o[0][1][1]   |     4.713 | SLOW    |     2.324 | FAST    |
A_i[0][2][0]   | C_o[0][1][2]   |     4.715 | SLOW    |     2.312 | FAST    |
A_i[0][2][0]   | C_o[0][2][0]   |     4.493 | SLOW    |     2.329 | FAST    |
A_i[0][2][0]   | C_o[0][2][1]   |     4.713 | SLOW    |     2.324 | FAST    |
A_i[0][2][0]   | C_o[0][2][2]   |     4.715 | SLOW    |     2.312 | FAST    |
A_i[0][2][0]   | C_o[0][3][0]   |     4.493 | SLOW    |     2.329 | FAST    |
A_i[0][2][0]   | C_o[0][3][1]   |     4.713 | SLOW    |     2.324 | FAST    |
A_i[0][2][0]   | C_o[0][3][2]   |     4.715 | SLOW    |     2.312 | FAST    |
A_i[0][2][1]   | C_o[0][0][1]   |     4.537 | SLOW    |     2.358 | FAST    |
A_i[0][2][1]   | C_o[0][0][2]   |     4.646 | SLOW    |     2.324 | FAST    |
A_i[0][2][1]   | C_o[0][1][1]   |     4.537 | SLOW    |     2.358 | FAST    |
A_i[0][2][1]   | C_o[0][1][2]   |     4.646 | SLOW    |     2.324 | FAST    |
A_i[0][2][1]   | C_o[0][2][1]   |     4.537 | SLOW    |     2.358 | FAST    |
A_i[0][2][1]   | C_o[0][2][2]   |     4.646 | SLOW    |     2.324 | FAST    |
A_i[0][2][1]   | C_o[0][3][1]   |     4.537 | SLOW    |     2.358 | FAST    |
A_i[0][2][1]   | C_o[0][3][2]   |     4.646 | SLOW    |     2.324 | FAST    |
A_i[0][2][2]   | C_o[0][0][2]   |     4.621 | SLOW    |     2.411 | FAST    |
A_i[0][2][2]   | C_o[0][1][2]   |     4.621 | SLOW    |     2.411 | FAST    |
A_i[0][2][2]   | C_o[0][2][2]   |     4.621 | SLOW    |     2.411 | FAST    |
A_i[0][2][2]   | C_o[0][3][2]   |     4.621 | SLOW    |     2.411 | FAST    |
A_i[0][3][0]   | C_o[0][0][0]   |     4.493 | SLOW    |     2.329 | FAST    |
A_i[0][3][0]   | C_o[0][0][1]   |     4.713 | SLOW    |     2.333 | FAST    |
A_i[0][3][0]   | C_o[0][0][2]   |     4.715 | SLOW    |     2.316 | FAST    |
A_i[0][3][0]   | C_o[0][1][0]   |     4.493 | SLOW    |     2.329 | FAST    |
A_i[0][3][0]   | C_o[0][1][1]   |     4.713 | SLOW    |     2.333 | FAST    |
A_i[0][3][0]   | C_o[0][1][2]   |     4.715 | SLOW    |     2.316 | FAST    |
A_i[0][3][0]   | C_o[0][2][0]   |     4.493 | SLOW    |     2.329 | FAST    |
A_i[0][3][0]   | C_o[0][2][1]   |     4.713 | SLOW    |     2.333 | FAST    |
A_i[0][3][0]   | C_o[0][2][2]   |     4.715 | SLOW    |     2.316 | FAST    |
A_i[0][3][0]   | C_o[0][3][0]   |     4.493 | SLOW    |     2.329 | FAST    |
A_i[0][3][0]   | C_o[0][3][1]   |     4.713 | SLOW    |     2.333 | FAST    |
A_i[0][3][0]   | C_o[0][3][2]   |     4.715 | SLOW    |     2.316 | FAST    |
A_i[0][3][1]   | C_o[0][0][1]   |     4.537 | SLOW    |     2.358 | FAST    |
A_i[0][3][1]   | C_o[0][0][2]   |     4.648 | SLOW    |     2.328 | FAST    |
A_i[0][3][1]   | C_o[0][1][1]   |     4.537 | SLOW    |     2.358 | FAST    |
A_i[0][3][1]   | C_o[0][1][2]   |     4.648 | SLOW    |     2.328 | FAST    |
A_i[0][3][1]   | C_o[0][2][1]   |     4.537 | SLOW    |     2.358 | FAST    |
A_i[0][3][1]   | C_o[0][2][2]   |     4.648 | SLOW    |     2.328 | FAST    |
A_i[0][3][1]   | C_o[0][3][1]   |     4.537 | SLOW    |     2.358 | FAST    |
A_i[0][3][1]   | C_o[0][3][2]   |     4.648 | SLOW    |     2.328 | FAST    |
A_i[0][3][2]   | C_o[0][0][2]   |     4.623 | SLOW    |     2.407 | FAST    |
A_i[0][3][2]   | C_o[0][1][2]   |     4.623 | SLOW    |     2.407 | FAST    |
A_i[0][3][2]   | C_o[0][2][2]   |     4.623 | SLOW    |     2.407 | FAST    |
A_i[0][3][2]   | C_o[0][3][2]   |     4.623 | SLOW    |     2.407 | FAST    |
A_i[1][0][0]   | C_o[1][0][0]   |     4.261 | SLOW    |     2.209 | FAST    |
A_i[1][0][0]   | C_o[1][0][1]   |     4.492 | SLOW    |     2.338 | FAST    |
A_i[1][0][0]   | C_o[1][0][2]   |     4.657 | SLOW    |     2.338 | FAST    |
A_i[1][0][0]   | C_o[1][1][0]   |     4.261 | SLOW    |     2.209 | FAST    |
A_i[1][0][0]   | C_o[1][1][1]   |     4.492 | SLOW    |     2.338 | FAST    |
A_i[1][0][0]   | C_o[1][1][2]   |     4.657 | SLOW    |     2.338 | FAST    |
A_i[1][0][0]   | C_o[1][2][0]   |     4.261 | SLOW    |     2.209 | FAST    |
A_i[1][0][0]   | C_o[1][2][1]   |     4.492 | SLOW    |     2.338 | FAST    |
A_i[1][0][0]   | C_o[1][2][2]   |     4.657 | SLOW    |     2.338 | FAST    |
A_i[1][0][0]   | C_o[1][3][0]   |     4.261 | SLOW    |     2.209 | FAST    |
A_i[1][0][0]   | C_o[1][3][1]   |     4.492 | SLOW    |     2.338 | FAST    |
A_i[1][0][0]   | C_o[1][3][2]   |     4.657 | SLOW    |     2.338 | FAST    |
A_i[1][0][1]   | C_o[1][0][1]   |     4.463 | SLOW    |     2.316 | FAST    |
A_i[1][0][1]   | C_o[1][0][2]   |     4.637 | SLOW    |     2.367 | FAST    |
A_i[1][0][1]   | C_o[1][1][1]   |     4.463 | SLOW    |     2.316 | FAST    |
A_i[1][0][1]   | C_o[1][1][2]   |     4.637 | SLOW    |     2.367 | FAST    |
A_i[1][0][1]   | C_o[1][2][1]   |     4.463 | SLOW    |     2.316 | FAST    |
A_i[1][0][1]   | C_o[1][2][2]   |     4.637 | SLOW    |     2.367 | FAST    |
A_i[1][0][1]   | C_o[1][3][1]   |     4.463 | SLOW    |     2.316 | FAST    |
A_i[1][0][1]   | C_o[1][3][2]   |     4.637 | SLOW    |     2.367 | FAST    |
A_i[1][0][2]   | C_o[1][0][2]   |     4.621 | SLOW    |     2.411 | FAST    |
A_i[1][0][2]   | C_o[1][1][2]   |     4.621 | SLOW    |     2.411 | FAST    |
A_i[1][0][2]   | C_o[1][2][2]   |     4.621 | SLOW    |     2.411 | FAST    |
A_i[1][0][2]   | C_o[1][3][2]   |     4.621 | SLOW    |     2.411 | FAST    |
A_i[1][1][0]   | C_o[1][0][0]   |     4.461 | SLOW    |     2.318 | FAST    |
A_i[1][1][0]   | C_o[1][0][1]   |     4.681 | SLOW    |     2.314 | FAST    |
A_i[1][1][0]   | C_o[1][0][2]   |     4.696 | SLOW    |     2.361 | FAST    |
A_i[1][1][0]   | C_o[1][1][0]   |     4.461 | SLOW    |     2.318 | FAST    |
A_i[1][1][0]   | C_o[1][1][1]   |     4.681 | SLOW    |     2.314 | FAST    |
A_i[1][1][0]   | C_o[1][1][2]   |     4.696 | SLOW    |     2.361 | FAST    |
A_i[1][1][0]   | C_o[1][2][0]   |     4.461 | SLOW    |     2.318 | FAST    |
A_i[1][1][0]   | C_o[1][2][1]   |     4.681 | SLOW    |     2.314 | FAST    |
A_i[1][1][0]   | C_o[1][2][2]   |     4.696 | SLOW    |     2.361 | FAST    |
A_i[1][1][0]   | C_o[1][3][0]   |     4.461 | SLOW    |     2.318 | FAST    |
A_i[1][1][0]   | C_o[1][3][1]   |     4.681 | SLOW    |     2.314 | FAST    |
A_i[1][1][0]   | C_o[1][3][2]   |     4.696 | SLOW    |     2.361 | FAST    |
A_i[1][1][1]   | C_o[1][0][1]   |     4.469 | SLOW    |     2.318 | FAST    |
A_i[1][1][1]   | C_o[1][0][2]   |     4.667 | SLOW    |     2.415 | FAST    |
A_i[1][1][1]   | C_o[1][1][1]   |     4.469 | SLOW    |     2.318 | FAST    |
A_i[1][1][1]   | C_o[1][1][2]   |     4.667 | SLOW    |     2.415 | FAST    |
A_i[1][1][1]   | C_o[1][2][1]   |     4.469 | SLOW    |     2.318 | FAST    |
A_i[1][1][1]   | C_o[1][2][2]   |     4.667 | SLOW    |     2.415 | FAST    |
A_i[1][1][1]   | C_o[1][3][1]   |     4.469 | SLOW    |     2.318 | FAST    |
A_i[1][1][1]   | C_o[1][3][2]   |     4.667 | SLOW    |     2.415 | FAST    |
A_i[1][1][2]   | C_o[1][0][2]   |     4.623 | SLOW    |     2.407 | FAST    |
A_i[1][1][2]   | C_o[1][1][2]   |     4.623 | SLOW    |     2.407 | FAST    |
A_i[1][1][2]   | C_o[1][2][2]   |     4.623 | SLOW    |     2.407 | FAST    |
A_i[1][1][2]   | C_o[1][3][2]   |     4.623 | SLOW    |     2.407 | FAST    |
A_i[1][2][0]   | C_o[1][0][0]   |     4.493 | SLOW    |     2.329 | FAST    |
A_i[1][2][0]   | C_o[1][0][1]   |     4.713 | SLOW    |     2.324 | FAST    |
A_i[1][2][0]   | C_o[1][0][2]   |     4.715 | SLOW    |     2.312 | FAST    |
A_i[1][2][0]   | C_o[1][1][0]   |     4.493 | SLOW    |     2.329 | FAST    |
A_i[1][2][0]   | C_o[1][1][1]   |     4.713 | SLOW    |     2.324 | FAST    |
A_i[1][2][0]   | C_o[1][1][2]   |     4.715 | SLOW    |     2.312 | FAST    |
A_i[1][2][0]   | C_o[1][2][0]   |     4.493 | SLOW    |     2.329 | FAST    |
A_i[1][2][0]   | C_o[1][2][1]   |     4.713 | SLOW    |     2.324 | FAST    |
A_i[1][2][0]   | C_o[1][2][2]   |     4.715 | SLOW    |     2.312 | FAST    |
A_i[1][2][0]   | C_o[1][3][0]   |     4.493 | SLOW    |     2.329 | FAST    |
A_i[1][2][0]   | C_o[1][3][1]   |     4.713 | SLOW    |     2.324 | FAST    |
A_i[1][2][0]   | C_o[1][3][2]   |     4.715 | SLOW    |     2.312 | FAST    |
A_i[1][2][1]   | C_o[1][0][1]   |     4.559 | SLOW    |     2.372 | FAST    |
A_i[1][2][1]   | C_o[1][0][2]   |     4.668 | SLOW    |     2.324 | FAST    |
A_i[1][2][1]   | C_o[1][1][1]   |     4.559 | SLOW    |     2.372 | FAST    |
A_i[1][2][1]   | C_o[1][1][2]   |     4.668 | SLOW    |     2.324 | FAST    |
A_i[1][2][1]   | C_o[1][2][1]   |     4.559 | SLOW    |     2.372 | FAST    |
A_i[1][2][1]   | C_o[1][2][2]   |     4.668 | SLOW    |     2.324 | FAST    |
A_i[1][2][1]   | C_o[1][3][1]   |     4.559 | SLOW    |     2.372 | FAST    |
A_i[1][2][1]   | C_o[1][3][2]   |     4.668 | SLOW    |     2.324 | FAST    |
A_i[1][2][2]   | C_o[1][0][2]   |     4.621 | SLOW    |     2.411 | FAST    |
A_i[1][2][2]   | C_o[1][1][2]   |     4.621 | SLOW    |     2.411 | FAST    |
A_i[1][2][2]   | C_o[1][2][2]   |     4.621 | SLOW    |     2.411 | FAST    |
A_i[1][2][2]   | C_o[1][3][2]   |     4.621 | SLOW    |     2.411 | FAST    |
A_i[1][3][0]   | C_o[1][0][0]   |     4.493 | SLOW    |     2.329 | FAST    |
A_i[1][3][0]   | C_o[1][0][1]   |     4.713 | SLOW    |     2.333 | FAST    |
A_i[1][3][0]   | C_o[1][0][2]   |     4.715 | SLOW    |     2.316 | FAST    |
A_i[1][3][0]   | C_o[1][1][0]   |     4.493 | SLOW    |     2.329 | FAST    |
A_i[1][3][0]   | C_o[1][1][1]   |     4.713 | SLOW    |     2.333 | FAST    |
A_i[1][3][0]   | C_o[1][1][2]   |     4.715 | SLOW    |     2.316 | FAST    |
A_i[1][3][0]   | C_o[1][2][0]   |     4.493 | SLOW    |     2.329 | FAST    |
A_i[1][3][0]   | C_o[1][2][1]   |     4.713 | SLOW    |     2.333 | FAST    |
A_i[1][3][0]   | C_o[1][2][2]   |     4.715 | SLOW    |     2.316 | FAST    |
A_i[1][3][0]   | C_o[1][3][0]   |     4.493 | SLOW    |     2.329 | FAST    |
A_i[1][3][0]   | C_o[1][3][1]   |     4.713 | SLOW    |     2.333 | FAST    |
A_i[1][3][0]   | C_o[1][3][2]   |     4.715 | SLOW    |     2.316 | FAST    |
A_i[1][3][1]   | C_o[1][0][1]   |     4.559 | SLOW    |     2.372 | FAST    |
A_i[1][3][1]   | C_o[1][0][2]   |     4.670 | SLOW    |     2.328 | FAST    |
A_i[1][3][1]   | C_o[1][1][1]   |     4.559 | SLOW    |     2.372 | FAST    |
A_i[1][3][1]   | C_o[1][1][2]   |     4.670 | SLOW    |     2.328 | FAST    |
A_i[1][3][1]   | C_o[1][2][1]   |     4.559 | SLOW    |     2.372 | FAST    |
A_i[1][3][1]   | C_o[1][2][2]   |     4.670 | SLOW    |     2.328 | FAST    |
A_i[1][3][1]   | C_o[1][3][1]   |     4.559 | SLOW    |     2.372 | FAST    |
A_i[1][3][1]   | C_o[1][3][2]   |     4.670 | SLOW    |     2.328 | FAST    |
A_i[1][3][2]   | C_o[1][0][2]   |     4.623 | SLOW    |     2.407 | FAST    |
A_i[1][3][2]   | C_o[1][1][2]   |     4.623 | SLOW    |     2.407 | FAST    |
A_i[1][3][2]   | C_o[1][2][2]   |     4.623 | SLOW    |     2.407 | FAST    |
A_i[1][3][2]   | C_o[1][3][2]   |     4.623 | SLOW    |     2.407 | FAST    |
A_i[2][0][0]   | C_o[2][0][0]   |     4.261 | SLOW    |     2.209 | FAST    |
A_i[2][0][0]   | C_o[2][0][1]   |     4.490 | SLOW    |     2.318 | FAST    |
A_i[2][0][0]   | C_o[2][0][2]   |     4.657 | SLOW    |     2.338 | FAST    |
A_i[2][0][0]   | C_o[2][1][0]   |     4.261 | SLOW    |     2.209 | FAST    |
A_i[2][0][0]   | C_o[2][1][1]   |     4.490 | SLOW    |     2.318 | FAST    |
A_i[2][0][0]   | C_o[2][1][2]   |     4.657 | SLOW    |     2.338 | FAST    |
A_i[2][0][0]   | C_o[2][2][0]   |     4.261 | SLOW    |     2.209 | FAST    |
A_i[2][0][0]   | C_o[2][2][1]   |     4.490 | SLOW    |     2.318 | FAST    |
A_i[2][0][0]   | C_o[2][2][2]   |     4.657 | SLOW    |     2.338 | FAST    |
A_i[2][0][0]   | C_o[2][3][0]   |     4.261 | SLOW    |     2.209 | FAST    |
A_i[2][0][0]   | C_o[2][3][1]   |     4.490 | SLOW    |     2.318 | FAST    |
A_i[2][0][0]   | C_o[2][3][2]   |     4.657 | SLOW    |     2.338 | FAST    |
A_i[2][0][1]   | C_o[2][0][1]   |     4.441 | SLOW    |     2.302 | FAST    |
A_i[2][0][1]   | C_o[2][0][2]   |     4.637 | SLOW    |     2.353 | FAST    |
A_i[2][0][1]   | C_o[2][1][1]   |     4.441 | SLOW    |     2.302 | FAST    |
A_i[2][0][1]   | C_o[2][1][2]   |     4.637 | SLOW    |     2.353 | FAST    |
A_i[2][0][1]   | C_o[2][2][1]   |     4.441 | SLOW    |     2.302 | FAST    |
A_i[2][0][1]   | C_o[2][2][2]   |     4.637 | SLOW    |     2.353 | FAST    |
A_i[2][0][1]   | C_o[2][3][1]   |     4.441 | SLOW    |     2.302 | FAST    |
A_i[2][0][1]   | C_o[2][3][2]   |     4.637 | SLOW    |     2.353 | FAST    |
A_i[2][0][2]   | C_o[2][0][2]   |     4.621 | SLOW    |     2.411 | FAST    |
A_i[2][0][2]   | C_o[2][1][2]   |     4.621 | SLOW    |     2.411 | FAST    |
A_i[2][0][2]   | C_o[2][2][2]   |     4.621 | SLOW    |     2.411 | FAST    |
A_i[2][0][2]   | C_o[2][3][2]   |     4.621 | SLOW    |     2.411 | FAST    |
A_i[2][1][0]   | C_o[2][0][0]   |     4.461 | SLOW    |     2.318 | FAST    |
A_i[2][1][0]   | C_o[2][0][1]   |     4.681 | SLOW    |     2.314 | FAST    |
A_i[2][1][0]   | C_o[2][0][2]   |     4.683 | SLOW    |     2.361 | FAST    |
A_i[2][1][0]   | C_o[2][1][0]   |     4.461 | SLOW    |     2.318 | FAST    |
A_i[2][1][0]   | C_o[2][1][1]   |     4.681 | SLOW    |     2.314 | FAST    |
A_i[2][1][0]   | C_o[2][1][2]   |     4.683 | SLOW    |     2.361 | FAST    |
A_i[2][1][0]   | C_o[2][2][0]   |     4.461 | SLOW    |     2.318 | FAST    |
A_i[2][1][0]   | C_o[2][2][1]   |     4.681 | SLOW    |     2.314 | FAST    |
A_i[2][1][0]   | C_o[2][2][2]   |     4.683 | SLOW    |     2.361 | FAST    |
A_i[2][1][0]   | C_o[2][3][0]   |     4.461 | SLOW    |     2.318 | FAST    |
A_i[2][1][0]   | C_o[2][3][1]   |     4.681 | SLOW    |     2.314 | FAST    |
A_i[2][1][0]   | C_o[2][3][2]   |     4.683 | SLOW    |     2.361 | FAST    |
A_i[2][1][1]   | C_o[2][0][1]   |     4.447 | SLOW    |     2.304 | FAST    |
A_i[2][1][1]   | C_o[2][0][2]   |     4.645 | SLOW    |     2.415 | FAST    |
A_i[2][1][1]   | C_o[2][1][1]   |     4.447 | SLOW    |     2.304 | FAST    |
A_i[2][1][1]   | C_o[2][1][2]   |     4.645 | SLOW    |     2.415 | FAST    |
A_i[2][1][1]   | C_o[2][2][1]   |     4.447 | SLOW    |     2.304 | FAST    |
A_i[2][1][1]   | C_o[2][2][2]   |     4.645 | SLOW    |     2.415 | FAST    |
A_i[2][1][1]   | C_o[2][3][1]   |     4.447 | SLOW    |     2.304 | FAST    |
A_i[2][1][1]   | C_o[2][3][2]   |     4.645 | SLOW    |     2.415 | FAST    |
A_i[2][1][2]   | C_o[2][0][2]   |     4.623 | SLOW    |     2.407 | FAST    |
A_i[2][1][2]   | C_o[2][1][2]   |     4.623 | SLOW    |     2.407 | FAST    |
A_i[2][1][2]   | C_o[2][2][2]   |     4.623 | SLOW    |     2.407 | FAST    |
A_i[2][1][2]   | C_o[2][3][2]   |     4.623 | SLOW    |     2.407 | FAST    |
A_i[2][2][0]   | C_o[2][0][0]   |     4.493 | SLOW    |     2.329 | FAST    |
A_i[2][2][0]   | C_o[2][0][1]   |     4.713 | SLOW    |     2.324 | FAST    |
A_i[2][2][0]   | C_o[2][0][2]   |     4.715 | SLOW    |     2.312 | FAST    |
A_i[2][2][0]   | C_o[2][1][0]   |     4.493 | SLOW    |     2.329 | FAST    |
A_i[2][2][0]   | C_o[2][1][1]   |     4.713 | SLOW    |     2.324 | FAST    |
A_i[2][2][0]   | C_o[2][1][2]   |     4.715 | SLOW    |     2.312 | FAST    |
A_i[2][2][0]   | C_o[2][2][0]   |     4.493 | SLOW    |     2.329 | FAST    |
A_i[2][2][0]   | C_o[2][2][1]   |     4.713 | SLOW    |     2.324 | FAST    |
A_i[2][2][0]   | C_o[2][2][2]   |     4.715 | SLOW    |     2.312 | FAST    |
A_i[2][2][0]   | C_o[2][3][0]   |     4.493 | SLOW    |     2.329 | FAST    |
A_i[2][2][0]   | C_o[2][3][1]   |     4.713 | SLOW    |     2.324 | FAST    |
A_i[2][2][0]   | C_o[2][3][2]   |     4.715 | SLOW    |     2.312 | FAST    |
A_i[2][2][1]   | C_o[2][0][1]   |     4.537 | SLOW    |     2.358 | FAST    |
A_i[2][2][1]   | C_o[2][0][2]   |     4.646 | SLOW    |     2.324 | FAST    |
A_i[2][2][1]   | C_o[2][1][1]   |     4.537 | SLOW    |     2.358 | FAST    |
A_i[2][2][1]   | C_o[2][1][2]   |     4.646 | SLOW    |     2.324 | FAST    |
A_i[2][2][1]   | C_o[2][2][1]   |     4.537 | SLOW    |     2.358 | FAST    |
A_i[2][2][1]   | C_o[2][2][2]   |     4.646 | SLOW    |     2.324 | FAST    |
A_i[2][2][1]   | C_o[2][3][1]   |     4.537 | SLOW    |     2.358 | FAST    |
A_i[2][2][1]   | C_o[2][3][2]   |     4.646 | SLOW    |     2.324 | FAST    |
A_i[2][2][2]   | C_o[2][0][2]   |     4.621 | SLOW    |     2.411 | FAST    |
A_i[2][2][2]   | C_o[2][1][2]   |     4.621 | SLOW    |     2.411 | FAST    |
A_i[2][2][2]   | C_o[2][2][2]   |     4.621 | SLOW    |     2.411 | FAST    |
A_i[2][2][2]   | C_o[2][3][2]   |     4.621 | SLOW    |     2.411 | FAST    |
A_i[2][3][0]   | C_o[2][0][0]   |     4.493 | SLOW    |     2.329 | FAST    |
A_i[2][3][0]   | C_o[2][0][1]   |     4.713 | SLOW    |     2.333 | FAST    |
A_i[2][3][0]   | C_o[2][0][2]   |     4.715 | SLOW    |     2.316 | FAST    |
A_i[2][3][0]   | C_o[2][1][0]   |     4.493 | SLOW    |     2.329 | FAST    |
A_i[2][3][0]   | C_o[2][1][1]   |     4.713 | SLOW    |     2.333 | FAST    |
A_i[2][3][0]   | C_o[2][1][2]   |     4.715 | SLOW    |     2.316 | FAST    |
A_i[2][3][0]   | C_o[2][2][0]   |     4.493 | SLOW    |     2.329 | FAST    |
A_i[2][3][0]   | C_o[2][2][1]   |     4.713 | SLOW    |     2.333 | FAST    |
A_i[2][3][0]   | C_o[2][2][2]   |     4.715 | SLOW    |     2.316 | FAST    |
A_i[2][3][0]   | C_o[2][3][0]   |     4.493 | SLOW    |     2.329 | FAST    |
A_i[2][3][0]   | C_o[2][3][1]   |     4.713 | SLOW    |     2.333 | FAST    |
A_i[2][3][0]   | C_o[2][3][2]   |     4.715 | SLOW    |     2.316 | FAST    |
A_i[2][3][1]   | C_o[2][0][1]   |     4.537 | SLOW    |     2.358 | FAST    |
A_i[2][3][1]   | C_o[2][0][2]   |     4.648 | SLOW    |     2.328 | FAST    |
A_i[2][3][1]   | C_o[2][1][1]   |     4.537 | SLOW    |     2.358 | FAST    |
A_i[2][3][1]   | C_o[2][1][2]   |     4.648 | SLOW    |     2.328 | FAST    |
A_i[2][3][1]   | C_o[2][2][1]   |     4.537 | SLOW    |     2.358 | FAST    |
A_i[2][3][1]   | C_o[2][2][2]   |     4.648 | SLOW    |     2.328 | FAST    |
A_i[2][3][1]   | C_o[2][3][1]   |     4.537 | SLOW    |     2.358 | FAST    |
A_i[2][3][1]   | C_o[2][3][2]   |     4.648 | SLOW    |     2.328 | FAST    |
A_i[2][3][2]   | C_o[2][0][2]   |     4.623 | SLOW    |     2.407 | FAST    |
A_i[2][3][2]   | C_o[2][1][2]   |     4.623 | SLOW    |     2.407 | FAST    |
A_i[2][3][2]   | C_o[2][2][2]   |     4.623 | SLOW    |     2.407 | FAST    |
A_i[2][3][2]   | C_o[2][3][2]   |     4.623 | SLOW    |     2.407 | FAST    |
A_i[3][0][0]   | C_o[3][0][0]   |     4.261 | SLOW    |     2.209 | FAST    |
A_i[3][0][0]   | C_o[3][0][1]   |     4.492 | SLOW    |     2.338 | FAST    |
A_i[3][0][0]   | C_o[3][0][2]   |     4.657 | SLOW    |     2.338 | FAST    |
A_i[3][0][0]   | C_o[3][1][0]   |     4.261 | SLOW    |     2.209 | FAST    |
A_i[3][0][0]   | C_o[3][1][1]   |     4.492 | SLOW    |     2.338 | FAST    |
A_i[3][0][0]   | C_o[3][1][2]   |     4.657 | SLOW    |     2.338 | FAST    |
A_i[3][0][0]   | C_o[3][2][0]   |     4.261 | SLOW    |     2.209 | FAST    |
A_i[3][0][0]   | C_o[3][2][1]   |     4.492 | SLOW    |     2.338 | FAST    |
A_i[3][0][0]   | C_o[3][2][2]   |     4.657 | SLOW    |     2.338 | FAST    |
A_i[3][0][0]   | C_o[3][3][0]   |     4.261 | SLOW    |     2.209 | FAST    |
A_i[3][0][0]   | C_o[3][3][1]   |     4.492 | SLOW    |     2.338 | FAST    |
A_i[3][0][0]   | C_o[3][3][2]   |     4.657 | SLOW    |     2.338 | FAST    |
A_i[3][0][1]   | C_o[3][0][1]   |     4.463 | SLOW    |     2.316 | FAST    |
A_i[3][0][1]   | C_o[3][0][2]   |     4.637 | SLOW    |     2.367 | FAST    |
A_i[3][0][1]   | C_o[3][1][1]   |     4.463 | SLOW    |     2.316 | FAST    |
A_i[3][0][1]   | C_o[3][1][2]   |     4.637 | SLOW    |     2.367 | FAST    |
A_i[3][0][1]   | C_o[3][2][1]   |     4.463 | SLOW    |     2.316 | FAST    |
A_i[3][0][1]   | C_o[3][2][2]   |     4.637 | SLOW    |     2.367 | FAST    |
A_i[3][0][1]   | C_o[3][3][1]   |     4.463 | SLOW    |     2.316 | FAST    |
A_i[3][0][1]   | C_o[3][3][2]   |     4.637 | SLOW    |     2.367 | FAST    |
A_i[3][0][2]   | C_o[3][0][2]   |     4.621 | SLOW    |     2.411 | FAST    |
A_i[3][0][2]   | C_o[3][1][2]   |     4.621 | SLOW    |     2.411 | FAST    |
A_i[3][0][2]   | C_o[3][2][2]   |     4.621 | SLOW    |     2.411 | FAST    |
A_i[3][0][2]   | C_o[3][3][2]   |     4.621 | SLOW    |     2.411 | FAST    |
A_i[3][1][0]   | C_o[3][0][0]   |     4.461 | SLOW    |     2.318 | FAST    |
A_i[3][1][0]   | C_o[3][0][1]   |     4.681 | SLOW    |     2.314 | FAST    |
A_i[3][1][0]   | C_o[3][0][2]   |     4.696 | SLOW    |     2.361 | FAST    |
A_i[3][1][0]   | C_o[3][1][0]   |     4.461 | SLOW    |     2.318 | FAST    |
A_i[3][1][0]   | C_o[3][1][1]   |     4.681 | SLOW    |     2.314 | FAST    |
A_i[3][1][0]   | C_o[3][1][2]   |     4.696 | SLOW    |     2.361 | FAST    |
A_i[3][1][0]   | C_o[3][2][0]   |     4.461 | SLOW    |     2.318 | FAST    |
A_i[3][1][0]   | C_o[3][2][1]   |     4.681 | SLOW    |     2.314 | FAST    |
A_i[3][1][0]   | C_o[3][2][2]   |     4.696 | SLOW    |     2.361 | FAST    |
A_i[3][1][0]   | C_o[3][3][0]   |     4.461 | SLOW    |     2.318 | FAST    |
A_i[3][1][0]   | C_o[3][3][1]   |     4.681 | SLOW    |     2.314 | FAST    |
A_i[3][1][0]   | C_o[3][3][2]   |     4.696 | SLOW    |     2.361 | FAST    |
A_i[3][1][1]   | C_o[3][0][1]   |     4.469 | SLOW    |     2.318 | FAST    |
A_i[3][1][1]   | C_o[3][0][2]   |     4.667 | SLOW    |     2.415 | FAST    |
A_i[3][1][1]   | C_o[3][1][1]   |     4.469 | SLOW    |     2.318 | FAST    |
A_i[3][1][1]   | C_o[3][1][2]   |     4.667 | SLOW    |     2.415 | FAST    |
A_i[3][1][1]   | C_o[3][2][1]   |     4.469 | SLOW    |     2.318 | FAST    |
A_i[3][1][1]   | C_o[3][2][2]   |     4.667 | SLOW    |     2.415 | FAST    |
A_i[3][1][1]   | C_o[3][3][1]   |     4.469 | SLOW    |     2.318 | FAST    |
A_i[3][1][1]   | C_o[3][3][2]   |     4.667 | SLOW    |     2.415 | FAST    |
A_i[3][1][2]   | C_o[3][0][2]   |     4.623 | SLOW    |     2.407 | FAST    |
A_i[3][1][2]   | C_o[3][1][2]   |     4.623 | SLOW    |     2.407 | FAST    |
A_i[3][1][2]   | C_o[3][2][2]   |     4.623 | SLOW    |     2.407 | FAST    |
A_i[3][1][2]   | C_o[3][3][2]   |     4.623 | SLOW    |     2.407 | FAST    |
A_i[3][2][0]   | C_o[3][0][0]   |     4.493 | SLOW    |     2.329 | FAST    |
A_i[3][2][0]   | C_o[3][0][1]   |     4.713 | SLOW    |     2.324 | FAST    |
A_i[3][2][0]   | C_o[3][0][2]   |     4.715 | SLOW    |     2.312 | FAST    |
A_i[3][2][0]   | C_o[3][1][0]   |     4.493 | SLOW    |     2.329 | FAST    |
A_i[3][2][0]   | C_o[3][1][1]   |     4.713 | SLOW    |     2.324 | FAST    |
A_i[3][2][0]   | C_o[3][1][2]   |     4.715 | SLOW    |     2.312 | FAST    |
A_i[3][2][0]   | C_o[3][2][0]   |     4.493 | SLOW    |     2.329 | FAST    |
A_i[3][2][0]   | C_o[3][2][1]   |     4.713 | SLOW    |     2.324 | FAST    |
A_i[3][2][0]   | C_o[3][2][2]   |     4.715 | SLOW    |     2.312 | FAST    |
A_i[3][2][0]   | C_o[3][3][0]   |     4.493 | SLOW    |     2.329 | FAST    |
A_i[3][2][0]   | C_o[3][3][1]   |     4.713 | SLOW    |     2.324 | FAST    |
A_i[3][2][0]   | C_o[3][3][2]   |     4.715 | SLOW    |     2.312 | FAST    |
A_i[3][2][1]   | C_o[3][0][1]   |     4.559 | SLOW    |     2.372 | FAST    |
A_i[3][2][1]   | C_o[3][0][2]   |     4.668 | SLOW    |     2.324 | FAST    |
A_i[3][2][1]   | C_o[3][1][1]   |     4.559 | SLOW    |     2.372 | FAST    |
A_i[3][2][1]   | C_o[3][1][2]   |     4.668 | SLOW    |     2.324 | FAST    |
A_i[3][2][1]   | C_o[3][2][1]   |     4.559 | SLOW    |     2.372 | FAST    |
A_i[3][2][1]   | C_o[3][2][2]   |     4.668 | SLOW    |     2.324 | FAST    |
A_i[3][2][1]   | C_o[3][3][1]   |     4.559 | SLOW    |     2.372 | FAST    |
A_i[3][2][1]   | C_o[3][3][2]   |     4.668 | SLOW    |     2.324 | FAST    |
A_i[3][2][2]   | C_o[3][0][2]   |     4.621 | SLOW    |     2.411 | FAST    |
A_i[3][2][2]   | C_o[3][1][2]   |     4.621 | SLOW    |     2.411 | FAST    |
A_i[3][2][2]   | C_o[3][2][2]   |     4.621 | SLOW    |     2.411 | FAST    |
A_i[3][2][2]   | C_o[3][3][2]   |     4.621 | SLOW    |     2.411 | FAST    |
A_i[3][3][0]   | C_o[3][0][0]   |     4.493 | SLOW    |     2.329 | FAST    |
A_i[3][3][0]   | C_o[3][0][1]   |     4.713 | SLOW    |     2.333 | FAST    |
A_i[3][3][0]   | C_o[3][0][2]   |     4.715 | SLOW    |     2.316 | FAST    |
A_i[3][3][0]   | C_o[3][1][0]   |     4.493 | SLOW    |     2.329 | FAST    |
A_i[3][3][0]   | C_o[3][1][1]   |     4.713 | SLOW    |     2.333 | FAST    |
A_i[3][3][0]   | C_o[3][1][2]   |     4.715 | SLOW    |     2.316 | FAST    |
A_i[3][3][0]   | C_o[3][2][0]   |     4.493 | SLOW    |     2.329 | FAST    |
A_i[3][3][0]   | C_o[3][2][1]   |     4.713 | SLOW    |     2.333 | FAST    |
A_i[3][3][0]   | C_o[3][2][2]   |     4.715 | SLOW    |     2.316 | FAST    |
A_i[3][3][0]   | C_o[3][3][0]   |     4.493 | SLOW    |     2.329 | FAST    |
A_i[3][3][0]   | C_o[3][3][1]   |     4.713 | SLOW    |     2.333 | FAST    |
A_i[3][3][0]   | C_o[3][3][2]   |     4.715 | SLOW    |     2.316 | FAST    |
A_i[3][3][1]   | C_o[3][0][1]   |     4.559 | SLOW    |     2.372 | FAST    |
A_i[3][3][1]   | C_o[3][0][2]   |     4.670 | SLOW    |     2.328 | FAST    |
A_i[3][3][1]   | C_o[3][1][1]   |     4.559 | SLOW    |     2.372 | FAST    |
A_i[3][3][1]   | C_o[3][1][2]   |     4.670 | SLOW    |     2.328 | FAST    |
A_i[3][3][1]   | C_o[3][2][1]   |     4.559 | SLOW    |     2.372 | FAST    |
A_i[3][3][1]   | C_o[3][2][2]   |     4.670 | SLOW    |     2.328 | FAST    |
A_i[3][3][1]   | C_o[3][3][1]   |     4.559 | SLOW    |     2.372 | FAST    |
A_i[3][3][1]   | C_o[3][3][2]   |     4.670 | SLOW    |     2.328 | FAST    |
A_i[3][3][2]   | C_o[3][0][2]   |     4.623 | SLOW    |     2.407 | FAST    |
A_i[3][3][2]   | C_o[3][1][2]   |     4.623 | SLOW    |     2.407 | FAST    |
A_i[3][3][2]   | C_o[3][2][2]   |     4.623 | SLOW    |     2.407 | FAST    |
A_i[3][3][2]   | C_o[3][3][2]   |     4.623 | SLOW    |     2.407 | FAST    |
B_i[0][0][0]   | C_o[0][0][0]   |     4.261 | SLOW    |     2.209 | FAST    |
B_i[0][0][0]   | C_o[0][0][1]   |     4.490 | SLOW    |     2.310 | FAST    |
B_i[0][0][0]   | C_o[0][0][2]   |     4.684 | SLOW    |     2.338 | FAST    |
B_i[0][0][0]   | C_o[1][0][0]   |     4.261 | SLOW    |     2.209 | FAST    |
B_i[0][0][0]   | C_o[1][0][1]   |     4.490 | SLOW    |     2.324 | FAST    |
B_i[0][0][0]   | C_o[1][0][2]   |     4.684 | SLOW    |     2.338 | FAST    |
B_i[0][0][0]   | C_o[2][0][0]   |     4.261 | SLOW    |     2.209 | FAST    |
B_i[0][0][0]   | C_o[2][0][1]   |     4.490 | SLOW    |     2.310 | FAST    |
B_i[0][0][0]   | C_o[2][0][2]   |     4.684 | SLOW    |     2.338 | FAST    |
B_i[0][0][0]   | C_o[3][0][0]   |     4.261 | SLOW    |     2.209 | FAST    |
B_i[0][0][0]   | C_o[3][0][1]   |     4.490 | SLOW    |     2.324 | FAST    |
B_i[0][0][0]   | C_o[3][0][2]   |     4.684 | SLOW    |     2.338 | FAST    |
B_i[0][0][1]   | C_o[0][0][1]   |     4.446 | SLOW    |     2.310 | FAST    |
B_i[0][0][1]   | C_o[0][0][2]   |     4.669 | SLOW    |     2.361 | FAST    |
B_i[0][0][1]   | C_o[1][0][1]   |     4.477 | SLOW    |     2.330 | FAST    |
B_i[0][0][1]   | C_o[1][0][2]   |     4.669 | SLOW    |     2.381 | FAST    |
B_i[0][0][1]   | C_o[2][0][1]   |     4.446 | SLOW    |     2.310 | FAST    |
B_i[0][0][1]   | C_o[2][0][2]   |     4.669 | SLOW    |     2.361 | FAST    |
B_i[0][0][1]   | C_o[3][0][1]   |     4.477 | SLOW    |     2.330 | FAST    |
B_i[0][0][1]   | C_o[3][0][2]   |     4.669 | SLOW    |     2.381 | FAST    |
B_i[0][0][2]   | C_o[0][0][2]   |     4.626 | SLOW    |     2.419 | FAST    |
B_i[0][0][2]   | C_o[1][0][2]   |     4.626 | SLOW    |     2.419 | FAST    |
B_i[0][0][2]   | C_o[2][0][2]   |     4.626 | SLOW    |     2.419 | FAST    |
B_i[0][0][2]   | C_o[3][0][2]   |     4.626 | SLOW    |     2.419 | FAST    |
B_i[0][1][0]   | C_o[0][1][0]   |     4.261 | SLOW    |     2.209 | FAST    |
B_i[0][1][0]   | C_o[0][1][1]   |     4.490 | SLOW    |     2.310 | FAST    |
B_i[0][1][0]   | C_o[0][1][2]   |     4.684 | SLOW    |     2.338 | FAST    |
B_i[0][1][0]   | C_o[1][1][0]   |     4.261 | SLOW    |     2.209 | FAST    |
B_i[0][1][0]   | C_o[1][1][1]   |     4.490 | SLOW    |     2.324 | FAST    |
B_i[0][1][0]   | C_o[1][1][2]   |     4.684 | SLOW    |     2.338 | FAST    |
B_i[0][1][0]   | C_o[2][1][0]   |     4.261 | SLOW    |     2.209 | FAST    |
B_i[0][1][0]   | C_o[2][1][1]   |     4.490 | SLOW    |     2.310 | FAST    |
B_i[0][1][0]   | C_o[2][1][2]   |     4.684 | SLOW    |     2.338 | FAST    |
B_i[0][1][0]   | C_o[3][1][0]   |     4.261 | SLOW    |     2.209 | FAST    |
B_i[0][1][0]   | C_o[3][1][1]   |     4.490 | SLOW    |     2.324 | FAST    |
B_i[0][1][0]   | C_o[3][1][2]   |     4.684 | SLOW    |     2.338 | FAST    |
B_i[0][1][1]   | C_o[0][1][1]   |     4.446 | SLOW    |     2.310 | FAST    |
B_i[0][1][1]   | C_o[0][1][2]   |     4.669 | SLOW    |     2.361 | FAST    |
B_i[0][1][1]   | C_o[1][1][1]   |     4.477 | SLOW    |     2.330 | FAST    |
B_i[0][1][1]   | C_o[1][1][2]   |     4.669 | SLOW    |     2.381 | FAST    |
B_i[0][1][1]   | C_o[2][1][1]   |     4.446 | SLOW    |     2.310 | FAST    |
B_i[0][1][1]   | C_o[2][1][2]   |     4.669 | SLOW    |     2.361 | FAST    |
B_i[0][1][1]   | C_o[3][1][1]   |     4.477 | SLOW    |     2.330 | FAST    |
B_i[0][1][1]   | C_o[3][1][2]   |     4.669 | SLOW    |     2.381 | FAST    |
B_i[0][1][2]   | C_o[0][1][2]   |     4.626 | SLOW    |     2.419 | FAST    |
B_i[0][1][2]   | C_o[1][1][2]   |     4.626 | SLOW    |     2.419 | FAST    |
B_i[0][1][2]   | C_o[2][1][2]   |     4.626 | SLOW    |     2.419 | FAST    |
B_i[0][1][2]   | C_o[3][1][2]   |     4.626 | SLOW    |     2.419 | FAST    |
B_i[0][2][0]   | C_o[0][2][0]   |     4.261 | SLOW    |     2.209 | FAST    |
B_i[0][2][0]   | C_o[0][2][1]   |     4.490 | SLOW    |     2.310 | FAST    |
B_i[0][2][0]   | C_o[0][2][2]   |     4.684 | SLOW    |     2.338 | FAST    |
B_i[0][2][0]   | C_o[1][2][0]   |     4.261 | SLOW    |     2.209 | FAST    |
B_i[0][2][0]   | C_o[1][2][1]   |     4.490 | SLOW    |     2.324 | FAST    |
B_i[0][2][0]   | C_o[1][2][2]   |     4.684 | SLOW    |     2.338 | FAST    |
B_i[0][2][0]   | C_o[2][2][0]   |     4.261 | SLOW    |     2.209 | FAST    |
B_i[0][2][0]   | C_o[2][2][1]   |     4.490 | SLOW    |     2.310 | FAST    |
B_i[0][2][0]   | C_o[2][2][2]   |     4.684 | SLOW    |     2.338 | FAST    |
B_i[0][2][0]   | C_o[3][2][0]   |     4.261 | SLOW    |     2.209 | FAST    |
B_i[0][2][0]   | C_o[3][2][1]   |     4.490 | SLOW    |     2.324 | FAST    |
B_i[0][2][0]   | C_o[3][2][2]   |     4.684 | SLOW    |     2.338 | FAST    |
B_i[0][2][1]   | C_o[0][2][1]   |     4.446 | SLOW    |     2.310 | FAST    |
B_i[0][2][1]   | C_o[0][2][2]   |     4.669 | SLOW    |     2.361 | FAST    |
B_i[0][2][1]   | C_o[1][2][1]   |     4.477 | SLOW    |     2.330 | FAST    |
B_i[0][2][1]   | C_o[1][2][2]   |     4.669 | SLOW    |     2.381 | FAST    |
B_i[0][2][1]   | C_o[2][2][1]   |     4.446 | SLOW    |     2.310 | FAST    |
B_i[0][2][1]   | C_o[2][2][2]   |     4.669 | SLOW    |     2.361 | FAST    |
B_i[0][2][1]   | C_o[3][2][1]   |     4.477 | SLOW    |     2.330 | FAST    |
B_i[0][2][1]   | C_o[3][2][2]   |     4.669 | SLOW    |     2.381 | FAST    |
B_i[0][2][2]   | C_o[0][2][2]   |     4.626 | SLOW    |     2.419 | FAST    |
B_i[0][2][2]   | C_o[1][2][2]   |     4.626 | SLOW    |     2.419 | FAST    |
B_i[0][2][2]   | C_o[2][2][2]   |     4.626 | SLOW    |     2.419 | FAST    |
B_i[0][2][2]   | C_o[3][2][2]   |     4.626 | SLOW    |     2.419 | FAST    |
B_i[0][3][0]   | C_o[0][3][0]   |     4.261 | SLOW    |     2.209 | FAST    |
B_i[0][3][0]   | C_o[0][3][1]   |     4.490 | SLOW    |     2.310 | FAST    |
B_i[0][3][0]   | C_o[0][3][2]   |     4.684 | SLOW    |     2.338 | FAST    |
B_i[0][3][0]   | C_o[1][3][0]   |     4.261 | SLOW    |     2.209 | FAST    |
B_i[0][3][0]   | C_o[1][3][1]   |     4.490 | SLOW    |     2.324 | FAST    |
B_i[0][3][0]   | C_o[1][3][2]   |     4.684 | SLOW    |     2.338 | FAST    |
B_i[0][3][0]   | C_o[2][3][0]   |     4.261 | SLOW    |     2.209 | FAST    |
B_i[0][3][0]   | C_o[2][3][1]   |     4.490 | SLOW    |     2.310 | FAST    |
B_i[0][3][0]   | C_o[2][3][2]   |     4.684 | SLOW    |     2.338 | FAST    |
B_i[0][3][0]   | C_o[3][3][0]   |     4.261 | SLOW    |     2.209 | FAST    |
B_i[0][3][0]   | C_o[3][3][1]   |     4.490 | SLOW    |     2.324 | FAST    |
B_i[0][3][0]   | C_o[3][3][2]   |     4.684 | SLOW    |     2.338 | FAST    |
B_i[0][3][1]   | C_o[0][3][1]   |     4.446 | SLOW    |     2.310 | FAST    |
B_i[0][3][1]   | C_o[0][3][2]   |     4.669 | SLOW    |     2.361 | FAST    |
B_i[0][3][1]   | C_o[1][3][1]   |     4.477 | SLOW    |     2.330 | FAST    |
B_i[0][3][1]   | C_o[1][3][2]   |     4.669 | SLOW    |     2.381 | FAST    |
B_i[0][3][1]   | C_o[2][3][1]   |     4.446 | SLOW    |     2.310 | FAST    |
B_i[0][3][1]   | C_o[2][3][2]   |     4.669 | SLOW    |     2.361 | FAST    |
B_i[0][3][1]   | C_o[3][3][1]   |     4.477 | SLOW    |     2.330 | FAST    |
B_i[0][3][1]   | C_o[3][3][2]   |     4.669 | SLOW    |     2.381 | FAST    |
B_i[0][3][2]   | C_o[0][3][2]   |     4.626 | SLOW    |     2.419 | FAST    |
B_i[0][3][2]   | C_o[1][3][2]   |     4.626 | SLOW    |     2.419 | FAST    |
B_i[0][3][2]   | C_o[2][3][2]   |     4.626 | SLOW    |     2.419 | FAST    |
B_i[0][3][2]   | C_o[3][3][2]   |     4.626 | SLOW    |     2.419 | FAST    |
B_i[1][0][0]   | C_o[0][0][0]   |     4.461 | SLOW    |     2.318 | FAST    |
B_i[1][0][0]   | C_o[0][0][1]   |     4.681 | SLOW    |     2.312 | FAST    |
B_i[1][0][0]   | C_o[0][0][2]   |     4.686 | SLOW    |     2.378 | FAST    |
B_i[1][0][0]   | C_o[1][0][0]   |     4.461 | SLOW    |     2.318 | FAST    |
B_i[1][0][0]   | C_o[1][0][1]   |     4.681 | SLOW    |     2.326 | FAST    |
B_i[1][0][0]   | C_o[1][0][2]   |     4.686 | SLOW    |     2.378 | FAST    |
B_i[1][0][0]   | C_o[2][0][0]   |     4.461 | SLOW    |     2.318 | FAST    |
B_i[1][0][0]   | C_o[2][0][1]   |     4.681 | SLOW    |     2.312 | FAST    |
B_i[1][0][0]   | C_o[2][0][2]   |     4.686 | SLOW    |     2.378 | FAST    |
B_i[1][0][0]   | C_o[3][0][0]   |     4.461 | SLOW    |     2.318 | FAST    |
B_i[1][0][0]   | C_o[3][0][1]   |     4.681 | SLOW    |     2.326 | FAST    |
B_i[1][0][0]   | C_o[3][0][2]   |     4.686 | SLOW    |     2.378 | FAST    |
B_i[1][0][1]   | C_o[0][0][1]   |     4.452 | SLOW    |     2.312 | FAST    |
B_i[1][0][1]   | C_o[0][0][2]   |     4.671 | SLOW    |     2.425 | FAST    |
B_i[1][0][1]   | C_o[1][0][1]   |     4.483 | SLOW    |     2.332 | FAST    |
B_i[1][0][1]   | C_o[1][0][2]   |     4.681 | SLOW    |     2.432 | FAST    |
B_i[1][0][1]   | C_o[2][0][1]   |     4.452 | SLOW    |     2.312 | FAST    |
B_i[1][0][1]   | C_o[2][0][2]   |     4.671 | SLOW    |     2.425 | FAST    |
B_i[1][0][1]   | C_o[3][0][1]   |     4.483 | SLOW    |     2.332 | FAST    |
B_i[1][0][1]   | C_o[3][0][2]   |     4.681 | SLOW    |     2.432 | FAST    |
B_i[1][0][2]   | C_o[0][0][2]   |     4.628 | SLOW    |     2.415 | FAST    |
B_i[1][0][2]   | C_o[1][0][2]   |     4.628 | SLOW    |     2.415 | FAST    |
B_i[1][0][2]   | C_o[2][0][2]   |     4.628 | SLOW    |     2.415 | FAST    |
B_i[1][0][2]   | C_o[3][0][2]   |     4.628 | SLOW    |     2.415 | FAST    |
B_i[1][1][0]   | C_o[0][1][0]   |     4.461 | SLOW    |     2.318 | FAST    |
B_i[1][1][0]   | C_o[0][1][1]   |     4.681 | SLOW    |     2.312 | FAST    |
B_i[1][1][0]   | C_o[0][1][2]   |     4.686 | SLOW    |     2.378 | FAST    |
B_i[1][1][0]   | C_o[1][1][0]   |     4.461 | SLOW    |     2.318 | FAST    |
B_i[1][1][0]   | C_o[1][1][1]   |     4.681 | SLOW    |     2.326 | FAST    |
B_i[1][1][0]   | C_o[1][1][2]   |     4.686 | SLOW    |     2.378 | FAST    |
B_i[1][1][0]   | C_o[2][1][0]   |     4.461 | SLOW    |     2.318 | FAST    |
B_i[1][1][0]   | C_o[2][1][1]   |     4.681 | SLOW    |     2.312 | FAST    |
B_i[1][1][0]   | C_o[2][1][2]   |     4.686 | SLOW    |     2.378 | FAST    |
B_i[1][1][0]   | C_o[3][1][0]   |     4.461 | SLOW    |     2.318 | FAST    |
B_i[1][1][0]   | C_o[3][1][1]   |     4.681 | SLOW    |     2.326 | FAST    |
B_i[1][1][0]   | C_o[3][1][2]   |     4.686 | SLOW    |     2.378 | FAST    |
B_i[1][1][1]   | C_o[0][1][1]   |     4.452 | SLOW    |     2.312 | FAST    |
B_i[1][1][1]   | C_o[0][1][2]   |     4.671 | SLOW    |     2.425 | FAST    |
B_i[1][1][1]   | C_o[1][1][1]   |     4.483 | SLOW    |     2.332 | FAST    |
B_i[1][1][1]   | C_o[1][1][2]   |     4.681 | SLOW    |     2.432 | FAST    |
B_i[1][1][1]   | C_o[2][1][1]   |     4.452 | SLOW    |     2.312 | FAST    |
B_i[1][1][1]   | C_o[2][1][2]   |     4.671 | SLOW    |     2.425 | FAST    |
B_i[1][1][1]   | C_o[3][1][1]   |     4.483 | SLOW    |     2.332 | FAST    |
B_i[1][1][1]   | C_o[3][1][2]   |     4.681 | SLOW    |     2.432 | FAST    |
B_i[1][1][2]   | C_o[0][1][2]   |     4.628 | SLOW    |     2.415 | FAST    |
B_i[1][1][2]   | C_o[1][1][2]   |     4.628 | SLOW    |     2.415 | FAST    |
B_i[1][1][2]   | C_o[2][1][2]   |     4.628 | SLOW    |     2.415 | FAST    |
B_i[1][1][2]   | C_o[3][1][2]   |     4.628 | SLOW    |     2.415 | FAST    |
B_i[1][2][0]   | C_o[0][2][0]   |     4.461 | SLOW    |     2.318 | FAST    |
B_i[1][2][0]   | C_o[0][2][1]   |     4.681 | SLOW    |     2.312 | FAST    |
B_i[1][2][0]   | C_o[0][2][2]   |     4.686 | SLOW    |     2.378 | FAST    |
B_i[1][2][0]   | C_o[1][2][0]   |     4.461 | SLOW    |     2.318 | FAST    |
B_i[1][2][0]   | C_o[1][2][1]   |     4.681 | SLOW    |     2.326 | FAST    |
B_i[1][2][0]   | C_o[1][2][2]   |     4.686 | SLOW    |     2.378 | FAST    |
B_i[1][2][0]   | C_o[2][2][0]   |     4.461 | SLOW    |     2.318 | FAST    |
B_i[1][2][0]   | C_o[2][2][1]   |     4.681 | SLOW    |     2.312 | FAST    |
B_i[1][2][0]   | C_o[2][2][2]   |     4.686 | SLOW    |     2.378 | FAST    |
B_i[1][2][0]   | C_o[3][2][0]   |     4.461 | SLOW    |     2.318 | FAST    |
B_i[1][2][0]   | C_o[3][2][1]   |     4.681 | SLOW    |     2.326 | FAST    |
B_i[1][2][0]   | C_o[3][2][2]   |     4.686 | SLOW    |     2.378 | FAST    |
B_i[1][2][1]   | C_o[0][2][1]   |     4.452 | SLOW    |     2.312 | FAST    |
B_i[1][2][1]   | C_o[0][2][2]   |     4.671 | SLOW    |     2.425 | FAST    |
B_i[1][2][1]   | C_o[1][2][1]   |     4.483 | SLOW    |     2.332 | FAST    |
B_i[1][2][1]   | C_o[1][2][2]   |     4.681 | SLOW    |     2.432 | FAST    |
B_i[1][2][1]   | C_o[2][2][1]   |     4.452 | SLOW    |     2.312 | FAST    |
B_i[1][2][1]   | C_o[2][2][2]   |     4.671 | SLOW    |     2.425 | FAST    |
B_i[1][2][1]   | C_o[3][2][1]   |     4.483 | SLOW    |     2.332 | FAST    |
B_i[1][2][1]   | C_o[3][2][2]   |     4.681 | SLOW    |     2.432 | FAST    |
B_i[1][2][2]   | C_o[0][2][2]   |     4.628 | SLOW    |     2.415 | FAST    |
B_i[1][2][2]   | C_o[1][2][2]   |     4.628 | SLOW    |     2.415 | FAST    |
B_i[1][2][2]   | C_o[2][2][2]   |     4.628 | SLOW    |     2.415 | FAST    |
B_i[1][2][2]   | C_o[3][2][2]   |     4.628 | SLOW    |     2.415 | FAST    |
B_i[1][3][0]   | C_o[0][3][0]   |     4.461 | SLOW    |     2.318 | FAST    |
B_i[1][3][0]   | C_o[0][3][1]   |     4.681 | SLOW    |     2.312 | FAST    |
B_i[1][3][0]   | C_o[0][3][2]   |     4.686 | SLOW    |     2.378 | FAST    |
B_i[1][3][0]   | C_o[1][3][0]   |     4.461 | SLOW    |     2.318 | FAST    |
B_i[1][3][0]   | C_o[1][3][1]   |     4.681 | SLOW    |     2.326 | FAST    |
B_i[1][3][0]   | C_o[1][3][2]   |     4.686 | SLOW    |     2.378 | FAST    |
B_i[1][3][0]   | C_o[2][3][0]   |     4.461 | SLOW    |     2.318 | FAST    |
B_i[1][3][0]   | C_o[2][3][1]   |     4.681 | SLOW    |     2.312 | FAST    |
B_i[1][3][0]   | C_o[2][3][2]   |     4.686 | SLOW    |     2.378 | FAST    |
B_i[1][3][0]   | C_o[3][3][0]   |     4.461 | SLOW    |     2.318 | FAST    |
B_i[1][3][0]   | C_o[3][3][1]   |     4.681 | SLOW    |     2.326 | FAST    |
B_i[1][3][0]   | C_o[3][3][2]   |     4.686 | SLOW    |     2.378 | FAST    |
B_i[1][3][1]   | C_o[0][3][1]   |     4.452 | SLOW    |     2.312 | FAST    |
B_i[1][3][1]   | C_o[0][3][2]   |     4.671 | SLOW    |     2.425 | FAST    |
B_i[1][3][1]   | C_o[1][3][1]   |     4.483 | SLOW    |     2.332 | FAST    |
B_i[1][3][1]   | C_o[1][3][2]   |     4.681 | SLOW    |     2.432 | FAST    |
B_i[1][3][1]   | C_o[2][3][1]   |     4.452 | SLOW    |     2.312 | FAST    |
B_i[1][3][1]   | C_o[2][3][2]   |     4.671 | SLOW    |     2.425 | FAST    |
B_i[1][3][1]   | C_o[3][3][1]   |     4.483 | SLOW    |     2.332 | FAST    |
B_i[1][3][1]   | C_o[3][3][2]   |     4.681 | SLOW    |     2.432 | FAST    |
B_i[1][3][2]   | C_o[0][3][2]   |     4.628 | SLOW    |     2.415 | FAST    |
B_i[1][3][2]   | C_o[1][3][2]   |     4.628 | SLOW    |     2.415 | FAST    |
B_i[1][3][2]   | C_o[2][3][2]   |     4.628 | SLOW    |     2.415 | FAST    |
B_i[1][3][2]   | C_o[3][3][2]   |     4.628 | SLOW    |     2.415 | FAST    |
B_i[2][0][0]   | C_o[0][0][0]   |     4.461 | SLOW    |     2.312 | FAST    |
B_i[2][0][0]   | C_o[0][0][1]   |     4.681 | SLOW    |     2.324 | FAST    |
B_i[2][0][0]   | C_o[0][0][2]   |     4.689 | SLOW    |     2.312 | FAST    |
B_i[2][0][0]   | C_o[1][0][0]   |     4.461 | SLOW    |     2.312 | FAST    |
B_i[2][0][0]   | C_o[1][0][1]   |     4.681 | SLOW    |     2.324 | FAST    |
B_i[2][0][0]   | C_o[1][0][2]   |     4.689 | SLOW    |     2.312 | FAST    |
B_i[2][0][0]   | C_o[2][0][0]   |     4.461 | SLOW    |     2.312 | FAST    |
B_i[2][0][0]   | C_o[2][0][1]   |     4.681 | SLOW    |     2.324 | FAST    |
B_i[2][0][0]   | C_o[2][0][2]   |     4.689 | SLOW    |     2.312 | FAST    |
B_i[2][0][0]   | C_o[3][0][0]   |     4.461 | SLOW    |     2.312 | FAST    |
B_i[2][0][0]   | C_o[3][0][1]   |     4.681 | SLOW    |     2.324 | FAST    |
B_i[2][0][0]   | C_o[3][0][2]   |     4.689 | SLOW    |     2.312 | FAST    |
B_i[2][0][1]   | C_o[0][0][1]   |     4.542 | SLOW    |     2.366 | FAST    |
B_i[2][0][1]   | C_o[0][0][2]   |     4.678 | SLOW    |     2.324 | FAST    |
B_i[2][0][1]   | C_o[1][0][1]   |     4.573 | SLOW    |     2.386 | FAST    |
B_i[2][0][1]   | C_o[1][0][2]   |     4.682 | SLOW    |     2.324 | FAST    |
B_i[2][0][1]   | C_o[2][0][1]   |     4.542 | SLOW    |     2.366 | FAST    |
B_i[2][0][1]   | C_o[2][0][2]   |     4.678 | SLOW    |     2.324 | FAST    |
B_i[2][0][1]   | C_o[3][0][1]   |     4.573 | SLOW    |     2.386 | FAST    |
B_i[2][0][1]   | C_o[3][0][2]   |     4.682 | SLOW    |     2.324 | FAST    |
B_i[2][0][2]   | C_o[0][0][2]   |     4.626 | SLOW    |     2.419 | FAST    |
B_i[2][0][2]   | C_o[1][0][2]   |     4.626 | SLOW    |     2.419 | FAST    |
B_i[2][0][2]   | C_o[2][0][2]   |     4.626 | SLOW    |     2.419 | FAST    |
B_i[2][0][2]   | C_o[3][0][2]   |     4.626 | SLOW    |     2.419 | FAST    |
B_i[2][1][0]   | C_o[0][1][0]   |     4.461 | SLOW    |     2.312 | FAST    |
B_i[2][1][0]   | C_o[0][1][1]   |     4.681 | SLOW    |     2.324 | FAST    |
B_i[2][1][0]   | C_o[0][1][2]   |     4.689 | SLOW    |     2.312 | FAST    |
B_i[2][1][0]   | C_o[1][1][0]   |     4.461 | SLOW    |     2.312 | FAST    |
B_i[2][1][0]   | C_o[1][1][1]   |     4.681 | SLOW    |     2.324 | FAST    |
B_i[2][1][0]   | C_o[1][1][2]   |     4.689 | SLOW    |     2.312 | FAST    |
B_i[2][1][0]   | C_o[2][1][0]   |     4.461 | SLOW    |     2.312 | FAST    |
B_i[2][1][0]   | C_o[2][1][1]   |     4.681 | SLOW    |     2.324 | FAST    |
B_i[2][1][0]   | C_o[2][1][2]   |     4.689 | SLOW    |     2.312 | FAST    |
B_i[2][1][0]   | C_o[3][1][0]   |     4.461 | SLOW    |     2.312 | FAST    |
B_i[2][1][0]   | C_o[3][1][1]   |     4.681 | SLOW    |     2.324 | FAST    |
B_i[2][1][0]   | C_o[3][1][2]   |     4.689 | SLOW    |     2.312 | FAST    |
B_i[2][1][1]   | C_o[0][1][1]   |     4.542 | SLOW    |     2.366 | FAST    |
B_i[2][1][1]   | C_o[0][1][2]   |     4.678 | SLOW    |     2.324 | FAST    |
B_i[2][1][1]   | C_o[1][1][1]   |     4.573 | SLOW    |     2.386 | FAST    |
B_i[2][1][1]   | C_o[1][1][2]   |     4.682 | SLOW    |     2.324 | FAST    |
B_i[2][1][1]   | C_o[2][1][1]   |     4.542 | SLOW    |     2.366 | FAST    |
B_i[2][1][1]   | C_o[2][1][2]   |     4.678 | SLOW    |     2.324 | FAST    |
B_i[2][1][1]   | C_o[3][1][1]   |     4.573 | SLOW    |     2.386 | FAST    |
B_i[2][1][1]   | C_o[3][1][2]   |     4.682 | SLOW    |     2.324 | FAST    |
B_i[2][1][2]   | C_o[0][1][2]   |     4.626 | SLOW    |     2.419 | FAST    |
B_i[2][1][2]   | C_o[1][1][2]   |     4.626 | SLOW    |     2.419 | FAST    |
B_i[2][1][2]   | C_o[2][1][2]   |     4.626 | SLOW    |     2.419 | FAST    |
B_i[2][1][2]   | C_o[3][1][2]   |     4.626 | SLOW    |     2.419 | FAST    |
B_i[2][2][0]   | C_o[0][2][0]   |     4.461 | SLOW    |     2.312 | FAST    |
B_i[2][2][0]   | C_o[0][2][1]   |     4.681 | SLOW    |     2.324 | FAST    |
B_i[2][2][0]   | C_o[0][2][2]   |     4.689 | SLOW    |     2.312 | FAST    |
B_i[2][2][0]   | C_o[1][2][0]   |     4.461 | SLOW    |     2.312 | FAST    |
B_i[2][2][0]   | C_o[1][2][1]   |     4.681 | SLOW    |     2.324 | FAST    |
B_i[2][2][0]   | C_o[1][2][2]   |     4.689 | SLOW    |     2.312 | FAST    |
B_i[2][2][0]   | C_o[2][2][0]   |     4.461 | SLOW    |     2.312 | FAST    |
B_i[2][2][0]   | C_o[2][2][1]   |     4.681 | SLOW    |     2.324 | FAST    |
B_i[2][2][0]   | C_o[2][2][2]   |     4.689 | SLOW    |     2.312 | FAST    |
B_i[2][2][0]   | C_o[3][2][0]   |     4.461 | SLOW    |     2.312 | FAST    |
B_i[2][2][0]   | C_o[3][2][1]   |     4.681 | SLOW    |     2.324 | FAST    |
B_i[2][2][0]   | C_o[3][2][2]   |     4.689 | SLOW    |     2.312 | FAST    |
B_i[2][2][1]   | C_o[0][2][1]   |     4.542 | SLOW    |     2.366 | FAST    |
B_i[2][2][1]   | C_o[0][2][2]   |     4.678 | SLOW    |     2.324 | FAST    |
B_i[2][2][1]   | C_o[1][2][1]   |     4.573 | SLOW    |     2.386 | FAST    |
B_i[2][2][1]   | C_o[1][2][2]   |     4.682 | SLOW    |     2.324 | FAST    |
B_i[2][2][1]   | C_o[2][2][1]   |     4.542 | SLOW    |     2.366 | FAST    |
B_i[2][2][1]   | C_o[2][2][2]   |     4.678 | SLOW    |     2.324 | FAST    |
B_i[2][2][1]   | C_o[3][2][1]   |     4.573 | SLOW    |     2.386 | FAST    |
B_i[2][2][1]   | C_o[3][2][2]   |     4.682 | SLOW    |     2.324 | FAST    |
B_i[2][2][2]   | C_o[0][2][2]   |     4.626 | SLOW    |     2.419 | FAST    |
B_i[2][2][2]   | C_o[1][2][2]   |     4.626 | SLOW    |     2.419 | FAST    |
B_i[2][2][2]   | C_o[2][2][2]   |     4.626 | SLOW    |     2.419 | FAST    |
B_i[2][2][2]   | C_o[3][2][2]   |     4.626 | SLOW    |     2.419 | FAST    |
B_i[2][3][0]   | C_o[0][3][0]   |     4.461 | SLOW    |     2.312 | FAST    |
B_i[2][3][0]   | C_o[0][3][1]   |     4.681 | SLOW    |     2.324 | FAST    |
B_i[2][3][0]   | C_o[0][3][2]   |     4.689 | SLOW    |     2.312 | FAST    |
B_i[2][3][0]   | C_o[1][3][0]   |     4.461 | SLOW    |     2.312 | FAST    |
B_i[2][3][0]   | C_o[1][3][1]   |     4.681 | SLOW    |     2.324 | FAST    |
B_i[2][3][0]   | C_o[1][3][2]   |     4.689 | SLOW    |     2.312 | FAST    |
B_i[2][3][0]   | C_o[2][3][0]   |     4.461 | SLOW    |     2.312 | FAST    |
B_i[2][3][0]   | C_o[2][3][1]   |     4.681 | SLOW    |     2.324 | FAST    |
B_i[2][3][0]   | C_o[2][3][2]   |     4.689 | SLOW    |     2.312 | FAST    |
B_i[2][3][0]   | C_o[3][3][0]   |     4.461 | SLOW    |     2.312 | FAST    |
B_i[2][3][0]   | C_o[3][3][1]   |     4.681 | SLOW    |     2.324 | FAST    |
B_i[2][3][0]   | C_o[3][3][2]   |     4.689 | SLOW    |     2.312 | FAST    |
B_i[2][3][1]   | C_o[0][3][1]   |     4.542 | SLOW    |     2.366 | FAST    |
B_i[2][3][1]   | C_o[0][3][2]   |     4.678 | SLOW    |     2.324 | FAST    |
B_i[2][3][1]   | C_o[1][3][1]   |     4.573 | SLOW    |     2.386 | FAST    |
B_i[2][3][1]   | C_o[1][3][2]   |     4.682 | SLOW    |     2.324 | FAST    |
B_i[2][3][1]   | C_o[2][3][1]   |     4.542 | SLOW    |     2.366 | FAST    |
B_i[2][3][1]   | C_o[2][3][2]   |     4.678 | SLOW    |     2.324 | FAST    |
B_i[2][3][1]   | C_o[3][3][1]   |     4.573 | SLOW    |     2.386 | FAST    |
B_i[2][3][1]   | C_o[3][3][2]   |     4.682 | SLOW    |     2.324 | FAST    |
B_i[2][3][2]   | C_o[0][3][2]   |     4.626 | SLOW    |     2.419 | FAST    |
B_i[2][3][2]   | C_o[1][3][2]   |     4.626 | SLOW    |     2.419 | FAST    |
B_i[2][3][2]   | C_o[2][3][2]   |     4.626 | SLOW    |     2.419 | FAST    |
B_i[2][3][2]   | C_o[3][3][2]   |     4.626 | SLOW    |     2.419 | FAST    |
B_i[3][0][0]   | C_o[0][0][0]   |     4.461 | SLOW    |     2.312 | FAST    |
B_i[3][0][0]   | C_o[0][0][1]   |     4.681 | SLOW    |     2.316 | FAST    |
B_i[3][0][0]   | C_o[0][0][2]   |     4.691 | SLOW    |     2.316 | FAST    |
B_i[3][0][0]   | C_o[1][0][0]   |     4.461 | SLOW    |     2.312 | FAST    |
B_i[3][0][0]   | C_o[1][0][1]   |     4.681 | SLOW    |     2.316 | FAST    |
B_i[3][0][0]   | C_o[1][0][2]   |     4.691 | SLOW    |     2.316 | FAST    |
B_i[3][0][0]   | C_o[2][0][0]   |     4.461 | SLOW    |     2.312 | FAST    |
B_i[3][0][0]   | C_o[2][0][1]   |     4.681 | SLOW    |     2.316 | FAST    |
B_i[3][0][0]   | C_o[2][0][2]   |     4.691 | SLOW    |     2.316 | FAST    |
B_i[3][0][0]   | C_o[3][0][0]   |     4.461 | SLOW    |     2.312 | FAST    |
B_i[3][0][0]   | C_o[3][0][1]   |     4.681 | SLOW    |     2.316 | FAST    |
B_i[3][0][0]   | C_o[3][0][2]   |     4.691 | SLOW    |     2.316 | FAST    |
B_i[3][0][1]   | C_o[0][0][1]   |     4.542 | SLOW    |     2.366 | FAST    |
B_i[3][0][1]   | C_o[0][0][2]   |     4.680 | SLOW    |     2.328 | FAST    |
B_i[3][0][1]   | C_o[1][0][1]   |     4.573 | SLOW    |     2.386 | FAST    |
B_i[3][0][1]   | C_o[1][0][2]   |     4.684 | SLOW    |     2.328 | FAST    |
B_i[3][0][1]   | C_o[2][0][1]   |     4.542 | SLOW    |     2.366 | FAST    |
B_i[3][0][1]   | C_o[2][0][2]   |     4.680 | SLOW    |     2.328 | FAST    |
B_i[3][0][1]   | C_o[3][0][1]   |     4.573 | SLOW    |     2.386 | FAST    |
B_i[3][0][1]   | C_o[3][0][2]   |     4.684 | SLOW    |     2.328 | FAST    |
B_i[3][0][2]   | C_o[0][0][2]   |     4.628 | SLOW    |     2.415 | FAST    |
B_i[3][0][2]   | C_o[1][0][2]   |     4.628 | SLOW    |     2.415 | FAST    |
B_i[3][0][2]   | C_o[2][0][2]   |     4.628 | SLOW    |     2.415 | FAST    |
B_i[3][0][2]   | C_o[3][0][2]   |     4.628 | SLOW    |     2.415 | FAST    |
B_i[3][1][0]   | C_o[0][1][0]   |     4.461 | SLOW    |     2.312 | FAST    |
B_i[3][1][0]   | C_o[0][1][1]   |     4.681 | SLOW    |     2.316 | FAST    |
B_i[3][1][0]   | C_o[0][1][2]   |     4.691 | SLOW    |     2.316 | FAST    |
B_i[3][1][0]   | C_o[1][1][0]   |     4.461 | SLOW    |     2.312 | FAST    |
B_i[3][1][0]   | C_o[1][1][1]   |     4.681 | SLOW    |     2.316 | FAST    |
B_i[3][1][0]   | C_o[1][1][2]   |     4.691 | SLOW    |     2.316 | FAST    |
B_i[3][1][0]   | C_o[2][1][0]   |     4.461 | SLOW    |     2.312 | FAST    |
B_i[3][1][0]   | C_o[2][1][1]   |     4.681 | SLOW    |     2.316 | FAST    |
B_i[3][1][0]   | C_o[2][1][2]   |     4.691 | SLOW    |     2.316 | FAST    |
B_i[3][1][0]   | C_o[3][1][0]   |     4.461 | SLOW    |     2.312 | FAST    |
B_i[3][1][0]   | C_o[3][1][1]   |     4.681 | SLOW    |     2.316 | FAST    |
B_i[3][1][0]   | C_o[3][1][2]   |     4.691 | SLOW    |     2.316 | FAST    |
B_i[3][1][1]   | C_o[0][1][1]   |     4.542 | SLOW    |     2.366 | FAST    |
B_i[3][1][1]   | C_o[0][1][2]   |     4.680 | SLOW    |     2.328 | FAST    |
B_i[3][1][1]   | C_o[1][1][1]   |     4.573 | SLOW    |     2.386 | FAST    |
B_i[3][1][1]   | C_o[1][1][2]   |     4.684 | SLOW    |     2.328 | FAST    |
B_i[3][1][1]   | C_o[2][1][1]   |     4.542 | SLOW    |     2.366 | FAST    |
B_i[3][1][1]   | C_o[2][1][2]   |     4.680 | SLOW    |     2.328 | FAST    |
B_i[3][1][1]   | C_o[3][1][1]   |     4.573 | SLOW    |     2.386 | FAST    |
B_i[3][1][1]   | C_o[3][1][2]   |     4.684 | SLOW    |     2.328 | FAST    |
B_i[3][1][2]   | C_o[0][1][2]   |     4.628 | SLOW    |     2.415 | FAST    |
B_i[3][1][2]   | C_o[1][1][2]   |     4.628 | SLOW    |     2.415 | FAST    |
B_i[3][1][2]   | C_o[2][1][2]   |     4.628 | SLOW    |     2.415 | FAST    |
B_i[3][1][2]   | C_o[3][1][2]   |     4.628 | SLOW    |     2.415 | FAST    |
B_i[3][2][0]   | C_o[0][2][0]   |     4.461 | SLOW    |     2.312 | FAST    |
B_i[3][2][0]   | C_o[0][2][1]   |     4.681 | SLOW    |     2.316 | FAST    |
B_i[3][2][0]   | C_o[0][2][2]   |     4.691 | SLOW    |     2.316 | FAST    |
B_i[3][2][0]   | C_o[1][2][0]   |     4.461 | SLOW    |     2.312 | FAST    |
B_i[3][2][0]   | C_o[1][2][1]   |     4.681 | SLOW    |     2.316 | FAST    |
B_i[3][2][0]   | C_o[1][2][2]   |     4.691 | SLOW    |     2.316 | FAST    |
B_i[3][2][0]   | C_o[2][2][0]   |     4.461 | SLOW    |     2.312 | FAST    |
B_i[3][2][0]   | C_o[2][2][1]   |     4.681 | SLOW    |     2.316 | FAST    |
B_i[3][2][0]   | C_o[2][2][2]   |     4.691 | SLOW    |     2.316 | FAST    |
B_i[3][2][0]   | C_o[3][2][0]   |     4.461 | SLOW    |     2.312 | FAST    |
B_i[3][2][0]   | C_o[3][2][1]   |     4.681 | SLOW    |     2.316 | FAST    |
B_i[3][2][0]   | C_o[3][2][2]   |     4.691 | SLOW    |     2.316 | FAST    |
B_i[3][2][1]   | C_o[0][2][1]   |     4.542 | SLOW    |     2.366 | FAST    |
B_i[3][2][1]   | C_o[0][2][2]   |     4.680 | SLOW    |     2.328 | FAST    |
B_i[3][2][1]   | C_o[1][2][1]   |     4.573 | SLOW    |     2.386 | FAST    |
B_i[3][2][1]   | C_o[1][2][2]   |     4.684 | SLOW    |     2.328 | FAST    |
B_i[3][2][1]   | C_o[2][2][1]   |     4.542 | SLOW    |     2.366 | FAST    |
B_i[3][2][1]   | C_o[2][2][2]   |     4.680 | SLOW    |     2.328 | FAST    |
B_i[3][2][1]   | C_o[3][2][1]   |     4.573 | SLOW    |     2.386 | FAST    |
B_i[3][2][1]   | C_o[3][2][2]   |     4.684 | SLOW    |     2.328 | FAST    |
B_i[3][2][2]   | C_o[0][2][2]   |     4.628 | SLOW    |     2.415 | FAST    |
B_i[3][2][2]   | C_o[1][2][2]   |     4.628 | SLOW    |     2.415 | FAST    |
B_i[3][2][2]   | C_o[2][2][2]   |     4.628 | SLOW    |     2.415 | FAST    |
B_i[3][2][2]   | C_o[3][2][2]   |     4.628 | SLOW    |     2.415 | FAST    |
B_i[3][3][0]   | C_o[0][3][0]   |     4.461 | SLOW    |     2.312 | FAST    |
B_i[3][3][0]   | C_o[0][3][1]   |     4.681 | SLOW    |     2.316 | FAST    |
B_i[3][3][0]   | C_o[0][3][2]   |     4.691 | SLOW    |     2.316 | FAST    |
B_i[3][3][0]   | C_o[1][3][0]   |     4.461 | SLOW    |     2.312 | FAST    |
B_i[3][3][0]   | C_o[1][3][1]   |     4.681 | SLOW    |     2.316 | FAST    |
B_i[3][3][0]   | C_o[1][3][2]   |     4.691 | SLOW    |     2.316 | FAST    |
B_i[3][3][0]   | C_o[2][3][0]   |     4.461 | SLOW    |     2.312 | FAST    |
B_i[3][3][0]   | C_o[2][3][1]   |     4.681 | SLOW    |     2.316 | FAST    |
B_i[3][3][0]   | C_o[2][3][2]   |     4.691 | SLOW    |     2.316 | FAST    |
B_i[3][3][0]   | C_o[3][3][0]   |     4.461 | SLOW    |     2.312 | FAST    |
B_i[3][3][0]   | C_o[3][3][1]   |     4.681 | SLOW    |     2.316 | FAST    |
B_i[3][3][0]   | C_o[3][3][2]   |     4.691 | SLOW    |     2.316 | FAST    |
B_i[3][3][1]   | C_o[0][3][1]   |     4.542 | SLOW    |     2.366 | FAST    |
B_i[3][3][1]   | C_o[0][3][2]   |     4.680 | SLOW    |     2.328 | FAST    |
B_i[3][3][1]   | C_o[1][3][1]   |     4.573 | SLOW    |     2.386 | FAST    |
B_i[3][3][1]   | C_o[1][3][2]   |     4.684 | SLOW    |     2.328 | FAST    |
B_i[3][3][1]   | C_o[2][3][1]   |     4.542 | SLOW    |     2.366 | FAST    |
B_i[3][3][1]   | C_o[2][3][2]   |     4.680 | SLOW    |     2.328 | FAST    |
B_i[3][3][1]   | C_o[3][3][1]   |     4.573 | SLOW    |     2.386 | FAST    |
B_i[3][3][1]   | C_o[3][3][2]   |     4.684 | SLOW    |     2.328 | FAST    |
B_i[3][3][2]   | C_o[0][3][2]   |     4.628 | SLOW    |     2.415 | FAST    |
B_i[3][3][2]   | C_o[1][3][2]   |     4.628 | SLOW    |     2.415 | FAST    |
B_i[3][3][2]   | C_o[2][3][2]   |     4.628 | SLOW    |     2.415 | FAST    |
B_i[3][3][2]   | C_o[3][3][2]   |     4.628 | SLOW    |     2.415 | FAST    |
S_A_i[0][0][0] | S_C_o[0][0][0] |     4.261 | SLOW    |     2.209 | FAST    |
S_A_i[0][0][0] | S_C_o[0][0][1] |     4.278 | SLOW    |     2.215 | FAST    |
S_A_i[0][0][0] | S_C_o[0][0][2] |     4.288 | SLOW    |     2.218 | FAST    |
S_A_i[0][0][0] | S_C_o[0][0][3] |     4.468 | SLOW    |     2.315 | FAST    |
S_A_i[0][0][0] | S_C_o[0][0][4] |     4.490 | SLOW    |     2.329 | FAST    |
S_A_i[0][0][0] | S_C_o[0][0][5] |     4.555 | SLOW    |     2.366 | FAST    |
S_A_i[0][0][0] | S_C_o[0][0][6] |     4.712 | SLOW    |     2.452 | FAST    |
S_A_i[0][0][0] | S_C_o[0][0][7] |     4.777 | SLOW    |     2.489 | FAST    |
S_A_i[0][0][0] | S_C_o[0][1][0] |     4.261 | SLOW    |     2.209 | FAST    |
S_A_i[0][0][0] | S_C_o[0][1][1] |     4.278 | SLOW    |     2.215 | FAST    |
S_A_i[0][0][0] | S_C_o[0][1][2] |     4.288 | SLOW    |     2.218 | FAST    |
S_A_i[0][0][0] | S_C_o[0][1][3] |     4.468 | SLOW    |     2.315 | FAST    |
S_A_i[0][0][0] | S_C_o[0][1][4] |     4.490 | SLOW    |     2.329 | FAST    |
S_A_i[0][0][0] | S_C_o[0][1][5] |     4.555 | SLOW    |     2.366 | FAST    |
S_A_i[0][0][0] | S_C_o[0][1][6] |     4.712 | SLOW    |     2.452 | FAST    |
S_A_i[0][0][0] | S_C_o[0][1][7] |     4.777 | SLOW    |     2.489 | FAST    |
S_A_i[0][0][0] | S_C_o[0][2][0] |     4.261 | SLOW    |     2.209 | FAST    |
S_A_i[0][0][0] | S_C_o[0][2][1] |     4.278 | SLOW    |     2.215 | FAST    |
S_A_i[0][0][0] | S_C_o[0][2][2] |     4.288 | SLOW    |     2.218 | FAST    |
S_A_i[0][0][0] | S_C_o[0][2][3] |     4.468 | SLOW    |     2.315 | FAST    |
S_A_i[0][0][0] | S_C_o[0][2][4] |     4.490 | SLOW    |     2.329 | FAST    |
S_A_i[0][0][0] | S_C_o[0][2][5] |     4.555 | SLOW    |     2.366 | FAST    |
S_A_i[0][0][0] | S_C_o[0][2][6] |     4.712 | SLOW    |     2.452 | FAST    |
S_A_i[0][0][0] | S_C_o[0][2][7] |     4.777 | SLOW    |     2.489 | FAST    |
S_A_i[0][0][0] | S_C_o[0][3][0] |     4.261 | SLOW    |     2.209 | FAST    |
S_A_i[0][0][0] | S_C_o[0][3][1] |     4.278 | SLOW    |     2.215 | FAST    |
S_A_i[0][0][0] | S_C_o[0][3][2] |     4.288 | SLOW    |     2.218 | FAST    |
S_A_i[0][0][0] | S_C_o[0][3][3] |     4.468 | SLOW    |     2.315 | FAST    |
S_A_i[0][0][0] | S_C_o[0][3][4] |     4.490 | SLOW    |     2.329 | FAST    |
S_A_i[0][0][0] | S_C_o[0][3][5] |     4.555 | SLOW    |     2.366 | FAST    |
S_A_i[0][0][0] | S_C_o[0][3][6] |     4.712 | SLOW    |     2.452 | FAST    |
S_A_i[0][0][0] | S_C_o[0][3][7] |     4.777 | SLOW    |     2.489 | FAST    |
S_A_i[0][0][1] | S_C_o[0][0][1] |     4.286 | SLOW    |     2.226 | FAST    |
S_A_i[0][0][1] | S_C_o[0][0][2] |     4.282 | SLOW    |     2.215 | FAST    |
S_A_i[0][0][1] | S_C_o[0][0][3] |     4.467 | SLOW    |     2.320 | FAST    |
S_A_i[0][0][1] | S_C_o[0][0][4] |     4.489 | SLOW    |     2.334 | FAST    |
S_A_i[0][0][1] | S_C_o[0][0][5] |     4.554 | SLOW    |     2.371 | FAST    |
S_A_i[0][0][1] | S_C_o[0][0][6] |     4.711 | SLOW    |     2.457 | FAST    |
S_A_i[0][0][1] | S_C_o[0][0][7] |     4.776 | SLOW    |     2.494 | FAST    |
S_A_i[0][0][1] | S_C_o[0][1][1] |     4.286 | SLOW    |     2.226 | FAST    |
S_A_i[0][0][1] | S_C_o[0][1][2] |     4.282 | SLOW    |     2.215 | FAST    |
S_A_i[0][0][1] | S_C_o[0][1][3] |     4.467 | SLOW    |     2.320 | FAST    |
S_A_i[0][0][1] | S_C_o[0][1][4] |     4.489 | SLOW    |     2.334 | FAST    |
S_A_i[0][0][1] | S_C_o[0][1][5] |     4.554 | SLOW    |     2.371 | FAST    |
S_A_i[0][0][1] | S_C_o[0][1][6] |     4.711 | SLOW    |     2.457 | FAST    |
S_A_i[0][0][1] | S_C_o[0][1][7] |     4.776 | SLOW    |     2.494 | FAST    |
S_A_i[0][0][1] | S_C_o[0][2][1] |     4.286 | SLOW    |     2.226 | FAST    |
S_A_i[0][0][1] | S_C_o[0][2][2] |     4.282 | SLOW    |     2.215 | FAST    |
S_A_i[0][0][1] | S_C_o[0][2][3] |     4.467 | SLOW    |     2.320 | FAST    |
S_A_i[0][0][1] | S_C_o[0][2][4] |     4.489 | SLOW    |     2.334 | FAST    |
S_A_i[0][0][1] | S_C_o[0][2][5] |     4.554 | SLOW    |     2.371 | FAST    |
S_A_i[0][0][1] | S_C_o[0][2][6] |     4.711 | SLOW    |     2.457 | FAST    |
S_A_i[0][0][1] | S_C_o[0][2][7] |     4.776 | SLOW    |     2.494 | FAST    |
S_A_i[0][0][1] | S_C_o[0][3][1] |     4.286 | SLOW    |     2.226 | FAST    |
S_A_i[0][0][1] | S_C_o[0][3][2] |     4.282 | SLOW    |     2.215 | FAST    |
S_A_i[0][0][1] | S_C_o[0][3][3] |     4.467 | SLOW    |     2.320 | FAST    |
S_A_i[0][0][1] | S_C_o[0][3][4] |     4.489 | SLOW    |     2.334 | FAST    |
S_A_i[0][0][1] | S_C_o[0][3][5] |     4.554 | SLOW    |     2.371 | FAST    |
S_A_i[0][0][1] | S_C_o[0][3][6] |     4.711 | SLOW    |     2.457 | FAST    |
S_A_i[0][0][1] | S_C_o[0][3][7] |     4.776 | SLOW    |     2.494 | FAST    |
S_A_i[0][0][2] | S_C_o[0][0][2] |     4.246 | SLOW    |     2.201 | FAST    |
S_A_i[0][0][2] | S_C_o[0][0][3] |     4.485 | SLOW    |     2.324 | FAST    |
S_A_i[0][0][2] | S_C_o[0][0][4] |     4.507 | SLOW    |     2.338 | FAST    |
S_A_i[0][0][2] | S_C_o[0][0][5] |     4.572 | SLOW    |     2.375 | FAST    |
S_A_i[0][0][2] | S_C_o[0][0][6] |     4.729 | SLOW    |     2.461 | FAST    |
S_A_i[0][0][2] | S_C_o[0][0][7] |     4.794 | SLOW    |     2.498 | FAST    |
S_A_i[0][0][2] | S_C_o[0][1][2] |     4.246 | SLOW    |     2.201 | FAST    |
S_A_i[0][0][2] | S_C_o[0][1][3] |     4.485 | SLOW    |     2.324 | FAST    |
S_A_i[0][0][2] | S_C_o[0][1][4] |     4.507 | SLOW    |     2.338 | FAST    |
S_A_i[0][0][2] | S_C_o[0][1][5] |     4.572 | SLOW    |     2.375 | FAST    |
S_A_i[0][0][2] | S_C_o[0][1][6] |     4.729 | SLOW    |     2.461 | FAST    |
S_A_i[0][0][2] | S_C_o[0][1][7] |     4.794 | SLOW    |     2.498 | FAST    |
S_A_i[0][0][2] | S_C_o[0][2][2] |     4.246 | SLOW    |     2.201 | FAST    |
S_A_i[0][0][2] | S_C_o[0][2][3] |     4.485 | SLOW    |     2.324 | FAST    |
S_A_i[0][0][2] | S_C_o[0][2][4] |     4.507 | SLOW    |     2.338 | FAST    |
S_A_i[0][0][2] | S_C_o[0][2][5] |     4.572 | SLOW    |     2.375 | FAST    |
S_A_i[0][0][2] | S_C_o[0][2][6] |     4.729 | SLOW    |     2.461 | FAST    |
S_A_i[0][0][2] | S_C_o[0][2][7] |     4.794 | SLOW    |     2.498 | FAST    |
S_A_i[0][0][2] | S_C_o[0][3][2] |     4.246 | SLOW    |     2.201 | FAST    |
S_A_i[0][0][2] | S_C_o[0][3][3] |     4.485 | SLOW    |     2.324 | FAST    |
S_A_i[0][0][2] | S_C_o[0][3][4] |     4.507 | SLOW    |     2.338 | FAST    |
S_A_i[0][0][2] | S_C_o[0][3][5] |     4.572 | SLOW    |     2.375 | FAST    |
S_A_i[0][0][2] | S_C_o[0][3][6] |     4.729 | SLOW    |     2.461 | FAST    |
S_A_i[0][0][2] | S_C_o[0][3][7] |     4.794 | SLOW    |     2.498 | FAST    |
S_A_i[0][0][3] | S_C_o[0][0][3] |     4.261 | SLOW    |     2.209 | FAST    |
S_A_i[0][0][3] | S_C_o[0][0][4] |     4.278 | SLOW    |     2.215 | FAST    |
S_A_i[0][0][3] | S_C_o[0][0][5] |     4.256 | SLOW    |     2.201 | FAST    |
S_A_i[0][0][3] | S_C_o[0][0][6] |     4.514 | SLOW    |     2.352 | FAST    |
S_A_i[0][0][3] | S_C_o[0][0][7] |     4.579 | SLOW    |     2.389 | FAST    |
S_A_i[0][0][3] | S_C_o[0][1][3] |     4.261 | SLOW    |     2.209 | FAST    |
S_A_i[0][0][3] | S_C_o[0][1][4] |     4.278 | SLOW    |     2.215 | FAST    |
S_A_i[0][0][3] | S_C_o[0][1][5] |     4.256 | SLOW    |     2.201 | FAST    |
S_A_i[0][0][3] | S_C_o[0][1][6] |     4.514 | SLOW    |     2.352 | FAST    |
S_A_i[0][0][3] | S_C_o[0][1][7] |     4.579 | SLOW    |     2.389 | FAST    |
S_A_i[0][0][3] | S_C_o[0][2][3] |     4.261 | SLOW    |     2.209 | FAST    |
S_A_i[0][0][3] | S_C_o[0][2][4] |     4.278 | SLOW    |     2.215 | FAST    |
S_A_i[0][0][3] | S_C_o[0][2][5] |     4.256 | SLOW    |     2.201 | FAST    |
S_A_i[0][0][3] | S_C_o[0][2][6] |     4.514 | SLOW    |     2.352 | FAST    |
S_A_i[0][0][3] | S_C_o[0][2][7] |     4.579 | SLOW    |     2.389 | FAST    |
S_A_i[0][0][3] | S_C_o[0][3][3] |     4.261 | SLOW    |     2.209 | FAST    |
S_A_i[0][0][3] | S_C_o[0][3][4] |     4.278 | SLOW    |     2.215 | FAST    |
S_A_i[0][0][3] | S_C_o[0][3][5] |     4.256 | SLOW    |     2.201 | FAST    |
S_A_i[0][0][3] | S_C_o[0][3][6] |     4.514 | SLOW    |     2.352 | FAST    |
S_A_i[0][0][3] | S_C_o[0][3][7] |     4.579 | SLOW    |     2.389 | FAST    |
S_A_i[0][0][4] | S_C_o[0][0][4] |     4.286 | SLOW    |     2.226 | FAST    |
S_A_i[0][0][4] | S_C_o[0][0][5] |     4.282 | SLOW    |     2.215 | FAST    |
S_A_i[0][0][4] | S_C_o[0][0][6] |     4.494 | SLOW    |     2.335 | FAST    |
S_A_i[0][0][4] | S_C_o[0][0][7] |     4.559 | SLOW    |     2.372 | FAST    |
S_A_i[0][0][4] | S_C_o[0][1][4] |     4.286 | SLOW    |     2.226 | FAST    |
S_A_i[0][0][4] | S_C_o[0][1][5] |     4.282 | SLOW    |     2.215 | FAST    |
S_A_i[0][0][4] | S_C_o[0][1][6] |     4.494 | SLOW    |     2.335 | FAST    |
S_A_i[0][0][4] | S_C_o[0][1][7] |     4.559 | SLOW    |     2.372 | FAST    |
S_A_i[0][0][4] | S_C_o[0][2][4] |     4.286 | SLOW    |     2.226 | FAST    |
S_A_i[0][0][4] | S_C_o[0][2][5] |     4.282 | SLOW    |     2.215 | FAST    |
S_A_i[0][0][4] | S_C_o[0][2][6] |     4.494 | SLOW    |     2.335 | FAST    |
S_A_i[0][0][4] | S_C_o[0][2][7] |     4.559 | SLOW    |     2.372 | FAST    |
S_A_i[0][0][4] | S_C_o[0][3][4] |     4.286 | SLOW    |     2.226 | FAST    |
S_A_i[0][0][4] | S_C_o[0][3][5] |     4.282 | SLOW    |     2.215 | FAST    |
S_A_i[0][0][4] | S_C_o[0][3][6] |     4.494 | SLOW    |     2.335 | FAST    |
S_A_i[0][0][4] | S_C_o[0][3][7] |     4.559 | SLOW    |     2.372 | FAST    |
S_A_i[0][0][5] | S_C_o[0][0][5] |     4.453 | SLOW    |     2.319 | FAST    |
S_A_i[0][0][5] | S_C_o[0][0][6] |     4.272 | SLOW    |     2.212 | FAST    |
S_A_i[0][0][5] | S_C_o[0][0][7] |     4.282 | SLOW    |     2.215 | FAST    |
S_A_i[0][0][5] | S_C_o[0][1][5] |     4.453 | SLOW    |     2.319 | FAST    |
S_A_i[0][0][5] | S_C_o[0][1][6] |     4.272 | SLOW    |     2.212 | FAST    |
S_A_i[0][0][5] | S_C_o[0][1][7] |     4.282 | SLOW    |     2.215 | FAST    |
S_A_i[0][0][5] | S_C_o[0][2][5] |     4.453 | SLOW    |     2.319 | FAST    |
S_A_i[0][0][5] | S_C_o[0][2][6] |     4.272 | SLOW    |     2.212 | FAST    |
S_A_i[0][0][5] | S_C_o[0][2][7] |     4.282 | SLOW    |     2.215 | FAST    |
S_A_i[0][0][5] | S_C_o[0][3][5] |     4.453 | SLOW    |     2.319 | FAST    |
S_A_i[0][0][5] | S_C_o[0][3][6] |     4.272 | SLOW    |     2.212 | FAST    |
S_A_i[0][0][5] | S_C_o[0][3][7] |     4.282 | SLOW    |     2.215 | FAST    |
S_A_i[0][0][6] | S_C_o[0][0][6] |     4.277 | SLOW    |     2.221 | FAST    |
S_A_i[0][0][6] | S_C_o[0][0][7] |     4.241 | SLOW    |     2.193 | FAST    |
S_A_i[0][0][6] | S_C_o[0][1][6] |     4.277 | SLOW    |     2.221 | FAST    |
S_A_i[0][0][6] | S_C_o[0][1][7] |     4.241 | SLOW    |     2.193 | FAST    |
S_A_i[0][0][6] | S_C_o[0][2][6] |     4.277 | SLOW    |     2.221 | FAST    |
S_A_i[0][0][6] | S_C_o[0][2][7] |     4.241 | SLOW    |     2.193 | FAST    |
S_A_i[0][0][6] | S_C_o[0][3][6] |     4.277 | SLOW    |     2.221 | FAST    |
S_A_i[0][0][6] | S_C_o[0][3][7] |     4.241 | SLOW    |     2.193 | FAST    |
S_A_i[0][0][7] | S_C_o[0][0][7] |     4.428 | SLOW    |     2.306 | FAST    |
S_A_i[0][0][7] | S_C_o[0][1][7] |     4.459 | SLOW    |     2.326 | FAST    |
S_A_i[0][0][7] | S_C_o[0][2][7] |     4.428 | SLOW    |     2.306 | FAST    |
S_A_i[0][0][7] | S_C_o[0][3][7] |     4.459 | SLOW    |     2.326 | FAST    |
S_A_i[1][0][0] | S_C_o[1][0][0] |     4.261 | SLOW    |     2.209 | FAST    |
S_A_i[1][0][0] | S_C_o[1][0][1] |     4.278 | SLOW    |     2.215 | FAST    |
S_A_i[1][0][0] | S_C_o[1][0][2] |     4.288 | SLOW    |     2.218 | FAST    |
S_A_i[1][0][0] | S_C_o[1][0][3] |     4.468 | SLOW    |     2.315 | FAST    |
S_A_i[1][0][0] | S_C_o[1][0][4] |     4.490 | SLOW    |     2.329 | FAST    |
S_A_i[1][0][0] | S_C_o[1][0][5] |     4.555 | SLOW    |     2.366 | FAST    |
S_A_i[1][0][0] | S_C_o[1][0][6] |     4.712 | SLOW    |     2.452 | FAST    |
S_A_i[1][0][0] | S_C_o[1][0][7] |     4.777 | SLOW    |     2.489 | FAST    |
S_A_i[1][0][0] | S_C_o[1][1][0] |     4.261 | SLOW    |     2.209 | FAST    |
S_A_i[1][0][0] | S_C_o[1][1][1] |     4.278 | SLOW    |     2.215 | FAST    |
S_A_i[1][0][0] | S_C_o[1][1][2] |     4.288 | SLOW    |     2.218 | FAST    |
S_A_i[1][0][0] | S_C_o[1][1][3] |     4.468 | SLOW    |     2.315 | FAST    |
S_A_i[1][0][0] | S_C_o[1][1][4] |     4.490 | SLOW    |     2.329 | FAST    |
S_A_i[1][0][0] | S_C_o[1][1][5] |     4.555 | SLOW    |     2.366 | FAST    |
S_A_i[1][0][0] | S_C_o[1][1][6] |     4.712 | SLOW    |     2.452 | FAST    |
S_A_i[1][0][0] | S_C_o[1][1][7] |     4.777 | SLOW    |     2.489 | FAST    |
S_A_i[1][0][0] | S_C_o[1][2][0] |     4.261 | SLOW    |     2.209 | FAST    |
S_A_i[1][0][0] | S_C_o[1][2][1] |     4.278 | SLOW    |     2.215 | FAST    |
S_A_i[1][0][0] | S_C_o[1][2][2] |     4.288 | SLOW    |     2.218 | FAST    |
S_A_i[1][0][0] | S_C_o[1][2][3] |     4.468 | SLOW    |     2.315 | FAST    |
S_A_i[1][0][0] | S_C_o[1][2][4] |     4.490 | SLOW    |     2.329 | FAST    |
S_A_i[1][0][0] | S_C_o[1][2][5] |     4.555 | SLOW    |     2.366 | FAST    |
S_A_i[1][0][0] | S_C_o[1][2][6] |     4.712 | SLOW    |     2.452 | FAST    |
S_A_i[1][0][0] | S_C_o[1][2][7] |     4.777 | SLOW    |     2.489 | FAST    |
S_A_i[1][0][0] | S_C_o[1][3][0] |     4.261 | SLOW    |     2.209 | FAST    |
S_A_i[1][0][0] | S_C_o[1][3][1] |     4.278 | SLOW    |     2.215 | FAST    |
S_A_i[1][0][0] | S_C_o[1][3][2] |     4.288 | SLOW    |     2.218 | FAST    |
S_A_i[1][0][0] | S_C_o[1][3][3] |     4.468 | SLOW    |     2.315 | FAST    |
S_A_i[1][0][0] | S_C_o[1][3][4] |     4.490 | SLOW    |     2.329 | FAST    |
S_A_i[1][0][0] | S_C_o[1][3][5] |     4.555 | SLOW    |     2.366 | FAST    |
S_A_i[1][0][0] | S_C_o[1][3][6] |     4.712 | SLOW    |     2.452 | FAST    |
S_A_i[1][0][0] | S_C_o[1][3][7] |     4.777 | SLOW    |     2.489 | FAST    |
S_A_i[1][0][1] | S_C_o[1][0][1] |     4.286 | SLOW    |     2.226 | FAST    |
S_A_i[1][0][1] | S_C_o[1][0][2] |     4.282 | SLOW    |     2.215 | FAST    |
S_A_i[1][0][1] | S_C_o[1][0][3] |     4.467 | SLOW    |     2.320 | FAST    |
S_A_i[1][0][1] | S_C_o[1][0][4] |     4.489 | SLOW    |     2.334 | FAST    |
S_A_i[1][0][1] | S_C_o[1][0][5] |     4.554 | SLOW    |     2.371 | FAST    |
S_A_i[1][0][1] | S_C_o[1][0][6] |     4.711 | SLOW    |     2.457 | FAST    |
S_A_i[1][0][1] | S_C_o[1][0][7] |     4.776 | SLOW    |     2.494 | FAST    |
S_A_i[1][0][1] | S_C_o[1][1][1] |     4.286 | SLOW    |     2.226 | FAST    |
S_A_i[1][0][1] | S_C_o[1][1][2] |     4.282 | SLOW    |     2.215 | FAST    |
S_A_i[1][0][1] | S_C_o[1][1][3] |     4.467 | SLOW    |     2.320 | FAST    |
S_A_i[1][0][1] | S_C_o[1][1][4] |     4.489 | SLOW    |     2.334 | FAST    |
S_A_i[1][0][1] | S_C_o[1][1][5] |     4.554 | SLOW    |     2.371 | FAST    |
S_A_i[1][0][1] | S_C_o[1][1][6] |     4.711 | SLOW    |     2.457 | FAST    |
S_A_i[1][0][1] | S_C_o[1][1][7] |     4.776 | SLOW    |     2.494 | FAST    |
S_A_i[1][0][1] | S_C_o[1][2][1] |     4.286 | SLOW    |     2.226 | FAST    |
S_A_i[1][0][1] | S_C_o[1][2][2] |     4.282 | SLOW    |     2.215 | FAST    |
S_A_i[1][0][1] | S_C_o[1][2][3] |     4.467 | SLOW    |     2.320 | FAST    |
S_A_i[1][0][1] | S_C_o[1][2][4] |     4.489 | SLOW    |     2.334 | FAST    |
S_A_i[1][0][1] | S_C_o[1][2][5] |     4.554 | SLOW    |     2.371 | FAST    |
S_A_i[1][0][1] | S_C_o[1][2][6] |     4.711 | SLOW    |     2.457 | FAST    |
S_A_i[1][0][1] | S_C_o[1][2][7] |     4.776 | SLOW    |     2.494 | FAST    |
S_A_i[1][0][1] | S_C_o[1][3][1] |     4.286 | SLOW    |     2.226 | FAST    |
S_A_i[1][0][1] | S_C_o[1][3][2] |     4.282 | SLOW    |     2.215 | FAST    |
S_A_i[1][0][1] | S_C_o[1][3][3] |     4.467 | SLOW    |     2.320 | FAST    |
S_A_i[1][0][1] | S_C_o[1][3][4] |     4.489 | SLOW    |     2.334 | FAST    |
S_A_i[1][0][1] | S_C_o[1][3][5] |     4.554 | SLOW    |     2.371 | FAST    |
S_A_i[1][0][1] | S_C_o[1][3][6] |     4.711 | SLOW    |     2.457 | FAST    |
S_A_i[1][0][1] | S_C_o[1][3][7] |     4.776 | SLOW    |     2.494 | FAST    |
S_A_i[1][0][2] | S_C_o[1][0][2] |     4.246 | SLOW    |     2.201 | FAST    |
S_A_i[1][0][2] | S_C_o[1][0][3] |     4.485 | SLOW    |     2.324 | FAST    |
S_A_i[1][0][2] | S_C_o[1][0][4] |     4.507 | SLOW    |     2.338 | FAST    |
S_A_i[1][0][2] | S_C_o[1][0][5] |     4.572 | SLOW    |     2.375 | FAST    |
S_A_i[1][0][2] | S_C_o[1][0][6] |     4.729 | SLOW    |     2.461 | FAST    |
S_A_i[1][0][2] | S_C_o[1][0][7] |     4.794 | SLOW    |     2.498 | FAST    |
S_A_i[1][0][2] | S_C_o[1][1][2] |     4.246 | SLOW    |     2.201 | FAST    |
S_A_i[1][0][2] | S_C_o[1][1][3] |     4.485 | SLOW    |     2.324 | FAST    |
S_A_i[1][0][2] | S_C_o[1][1][4] |     4.507 | SLOW    |     2.338 | FAST    |
S_A_i[1][0][2] | S_C_o[1][1][5] |     4.572 | SLOW    |     2.375 | FAST    |
S_A_i[1][0][2] | S_C_o[1][1][6] |     4.729 | SLOW    |     2.461 | FAST    |
S_A_i[1][0][2] | S_C_o[1][1][7] |     4.794 | SLOW    |     2.498 | FAST    |
S_A_i[1][0][2] | S_C_o[1][2][2] |     4.246 | SLOW    |     2.201 | FAST    |
S_A_i[1][0][2] | S_C_o[1][2][3] |     4.485 | SLOW    |     2.324 | FAST    |
S_A_i[1][0][2] | S_C_o[1][2][4] |     4.507 | SLOW    |     2.338 | FAST    |
S_A_i[1][0][2] | S_C_o[1][2][5] |     4.572 | SLOW    |     2.375 | FAST    |
S_A_i[1][0][2] | S_C_o[1][2][6] |     4.729 | SLOW    |     2.461 | FAST    |
S_A_i[1][0][2] | S_C_o[1][2][7] |     4.794 | SLOW    |     2.498 | FAST    |
S_A_i[1][0][2] | S_C_o[1][3][2] |     4.246 | SLOW    |     2.201 | FAST    |
S_A_i[1][0][2] | S_C_o[1][3][3] |     4.485 | SLOW    |     2.324 | FAST    |
S_A_i[1][0][2] | S_C_o[1][3][4] |     4.507 | SLOW    |     2.338 | FAST    |
S_A_i[1][0][2] | S_C_o[1][3][5] |     4.572 | SLOW    |     2.375 | FAST    |
S_A_i[1][0][2] | S_C_o[1][3][6] |     4.729 | SLOW    |     2.461 | FAST    |
S_A_i[1][0][2] | S_C_o[1][3][7] |     4.794 | SLOW    |     2.498 | FAST    |
S_A_i[1][0][3] | S_C_o[1][0][3] |     4.261 | SLOW    |     2.209 | FAST    |
S_A_i[1][0][3] | S_C_o[1][0][4] |     4.278 | SLOW    |     2.215 | FAST    |
S_A_i[1][0][3] | S_C_o[1][0][5] |     4.256 | SLOW    |     2.201 | FAST    |
S_A_i[1][0][3] | S_C_o[1][0][6] |     4.514 | SLOW    |     2.352 | FAST    |
S_A_i[1][0][3] | S_C_o[1][0][7] |     4.579 | SLOW    |     2.389 | FAST    |
S_A_i[1][0][3] | S_C_o[1][1][3] |     4.261 | SLOW    |     2.209 | FAST    |
S_A_i[1][0][3] | S_C_o[1][1][4] |     4.278 | SLOW    |     2.215 | FAST    |
S_A_i[1][0][3] | S_C_o[1][1][5] |     4.256 | SLOW    |     2.201 | FAST    |
S_A_i[1][0][3] | S_C_o[1][1][6] |     4.514 | SLOW    |     2.352 | FAST    |
S_A_i[1][0][3] | S_C_o[1][1][7] |     4.579 | SLOW    |     2.389 | FAST    |
S_A_i[1][0][3] | S_C_o[1][2][3] |     4.261 | SLOW    |     2.209 | FAST    |
S_A_i[1][0][3] | S_C_o[1][2][4] |     4.278 | SLOW    |     2.215 | FAST    |
S_A_i[1][0][3] | S_C_o[1][2][5] |     4.256 | SLOW    |     2.201 | FAST    |
S_A_i[1][0][3] | S_C_o[1][2][6] |     4.514 | SLOW    |     2.352 | FAST    |
S_A_i[1][0][3] | S_C_o[1][2][7] |     4.579 | SLOW    |     2.389 | FAST    |
S_A_i[1][0][3] | S_C_o[1][3][3] |     4.261 | SLOW    |     2.209 | FAST    |
S_A_i[1][0][3] | S_C_o[1][3][4] |     4.278 | SLOW    |     2.215 | FAST    |
S_A_i[1][0][3] | S_C_o[1][3][5] |     4.256 | SLOW    |     2.201 | FAST    |
S_A_i[1][0][3] | S_C_o[1][3][6] |     4.514 | SLOW    |     2.352 | FAST    |
S_A_i[1][0][3] | S_C_o[1][3][7] |     4.579 | SLOW    |     2.389 | FAST    |
S_A_i[1][0][4] | S_C_o[1][0][4] |     4.286 | SLOW    |     2.226 | FAST    |
S_A_i[1][0][4] | S_C_o[1][0][5] |     4.282 | SLOW    |     2.215 | FAST    |
S_A_i[1][0][4] | S_C_o[1][0][6] |     4.494 | SLOW    |     2.335 | FAST    |
S_A_i[1][0][4] | S_C_o[1][0][7] |     4.559 | SLOW    |     2.372 | FAST    |
S_A_i[1][0][4] | S_C_o[1][1][4] |     4.286 | SLOW    |     2.226 | FAST    |
S_A_i[1][0][4] | S_C_o[1][1][5] |     4.282 | SLOW    |     2.215 | FAST    |
S_A_i[1][0][4] | S_C_o[1][1][6] |     4.494 | SLOW    |     2.335 | FAST    |
S_A_i[1][0][4] | S_C_o[1][1][7] |     4.559 | SLOW    |     2.372 | FAST    |
S_A_i[1][0][4] | S_C_o[1][2][4] |     4.286 | SLOW    |     2.226 | FAST    |
S_A_i[1][0][4] | S_C_o[1][2][5] |     4.282 | SLOW    |     2.215 | FAST    |
S_A_i[1][0][4] | S_C_o[1][2][6] |     4.494 | SLOW    |     2.335 | FAST    |
S_A_i[1][0][4] | S_C_o[1][2][7] |     4.559 | SLOW    |     2.372 | FAST    |
S_A_i[1][0][4] | S_C_o[1][3][4] |     4.286 | SLOW    |     2.226 | FAST    |
S_A_i[1][0][4] | S_C_o[1][3][5] |     4.282 | SLOW    |     2.215 | FAST    |
S_A_i[1][0][4] | S_C_o[1][3][6] |     4.494 | SLOW    |     2.335 | FAST    |
S_A_i[1][0][4] | S_C_o[1][3][7] |     4.559 | SLOW    |     2.372 | FAST    |
S_A_i[1][0][5] | S_C_o[1][0][5] |     4.453 | SLOW    |     2.319 | FAST    |
S_A_i[1][0][5] | S_C_o[1][0][6] |     4.272 | SLOW    |     2.212 | FAST    |
S_A_i[1][0][5] | S_C_o[1][0][7] |     4.282 | SLOW    |     2.215 | FAST    |
S_A_i[1][0][5] | S_C_o[1][1][5] |     4.453 | SLOW    |     2.319 | FAST    |
S_A_i[1][0][5] | S_C_o[1][1][6] |     4.272 | SLOW    |     2.212 | FAST    |
S_A_i[1][0][5] | S_C_o[1][1][7] |     4.282 | SLOW    |     2.215 | FAST    |
S_A_i[1][0][5] | S_C_o[1][2][5] |     4.453 | SLOW    |     2.319 | FAST    |
S_A_i[1][0][5] | S_C_o[1][2][6] |     4.272 | SLOW    |     2.212 | FAST    |
S_A_i[1][0][5] | S_C_o[1][2][7] |     4.282 | SLOW    |     2.215 | FAST    |
S_A_i[1][0][5] | S_C_o[1][3][5] |     4.453 | SLOW    |     2.319 | FAST    |
S_A_i[1][0][5] | S_C_o[1][3][6] |     4.272 | SLOW    |     2.212 | FAST    |
S_A_i[1][0][5] | S_C_o[1][3][7] |     4.282 | SLOW    |     2.215 | FAST    |
S_A_i[1][0][6] | S_C_o[1][0][6] |     4.277 | SLOW    |     2.221 | FAST    |
S_A_i[1][0][6] | S_C_o[1][0][7] |     4.241 | SLOW    |     2.193 | FAST    |
S_A_i[1][0][6] | S_C_o[1][1][6] |     4.277 | SLOW    |     2.221 | FAST    |
S_A_i[1][0][6] | S_C_o[1][1][7] |     4.241 | SLOW    |     2.193 | FAST    |
S_A_i[1][0][6] | S_C_o[1][2][6] |     4.277 | SLOW    |     2.221 | FAST    |
S_A_i[1][0][6] | S_C_o[1][2][7] |     4.241 | SLOW    |     2.193 | FAST    |
S_A_i[1][0][6] | S_C_o[1][3][6] |     4.277 | SLOW    |     2.221 | FAST    |
S_A_i[1][0][6] | S_C_o[1][3][7] |     4.241 | SLOW    |     2.193 | FAST    |
S_A_i[1][0][7] | S_C_o[1][0][7] |     4.428 | SLOW    |     2.306 | FAST    |
S_A_i[1][0][7] | S_C_o[1][1][7] |     4.459 | SLOW    |     2.326 | FAST    |
S_A_i[1][0][7] | S_C_o[1][2][7] |     4.428 | SLOW    |     2.306 | FAST    |
S_A_i[1][0][7] | S_C_o[1][3][7] |     4.459 | SLOW    |     2.326 | FAST    |
S_A_i[2][0][0] | S_C_o[2][0][0] |     4.261 | SLOW    |     2.209 | FAST    |
S_A_i[2][0][0] | S_C_o[2][0][1] |     4.278 | SLOW    |     2.215 | FAST    |
S_A_i[2][0][0] | S_C_o[2][0][2] |     4.288 | SLOW    |     2.218 | FAST    |
S_A_i[2][0][0] | S_C_o[2][0][3] |     4.468 | SLOW    |     2.315 | FAST    |
S_A_i[2][0][0] | S_C_o[2][0][4] |     4.490 | SLOW    |     2.329 | FAST    |
S_A_i[2][0][0] | S_C_o[2][0][5] |     4.555 | SLOW    |     2.366 | FAST    |
S_A_i[2][0][0] | S_C_o[2][0][6] |     4.712 | SLOW    |     2.452 | FAST    |
S_A_i[2][0][0] | S_C_o[2][0][7] |     4.777 | SLOW    |     2.489 | FAST    |
S_A_i[2][0][0] | S_C_o[2][1][0] |     4.261 | SLOW    |     2.209 | FAST    |
S_A_i[2][0][0] | S_C_o[2][1][1] |     4.278 | SLOW    |     2.215 | FAST    |
S_A_i[2][0][0] | S_C_o[2][1][2] |     4.288 | SLOW    |     2.218 | FAST    |
S_A_i[2][0][0] | S_C_o[2][1][3] |     4.468 | SLOW    |     2.315 | FAST    |
S_A_i[2][0][0] | S_C_o[2][1][4] |     4.490 | SLOW    |     2.329 | FAST    |
S_A_i[2][0][0] | S_C_o[2][1][5] |     4.555 | SLOW    |     2.366 | FAST    |
S_A_i[2][0][0] | S_C_o[2][1][6] |     4.712 | SLOW    |     2.452 | FAST    |
S_A_i[2][0][0] | S_C_o[2][1][7] |     4.777 | SLOW    |     2.489 | FAST    |
S_A_i[2][0][0] | S_C_o[2][2][0] |     4.261 | SLOW    |     2.209 | FAST    |
S_A_i[2][0][0] | S_C_o[2][2][1] |     4.278 | SLOW    |     2.215 | FAST    |
S_A_i[2][0][0] | S_C_o[2][2][2] |     4.288 | SLOW    |     2.218 | FAST    |
S_A_i[2][0][0] | S_C_o[2][2][3] |     4.468 | SLOW    |     2.315 | FAST    |
S_A_i[2][0][0] | S_C_o[2][2][4] |     4.490 | SLOW    |     2.329 | FAST    |
S_A_i[2][0][0] | S_C_o[2][2][5] |     4.555 | SLOW    |     2.366 | FAST    |
S_A_i[2][0][0] | S_C_o[2][2][6] |     4.712 | SLOW    |     2.452 | FAST    |
S_A_i[2][0][0] | S_C_o[2][2][7] |     4.777 | SLOW    |     2.489 | FAST    |
S_A_i[2][0][0] | S_C_o[2][3][0] |     4.261 | SLOW    |     2.209 | FAST    |
S_A_i[2][0][0] | S_C_o[2][3][1] |     4.278 | SLOW    |     2.215 | FAST    |
S_A_i[2][0][0] | S_C_o[2][3][2] |     4.288 | SLOW    |     2.218 | FAST    |
S_A_i[2][0][0] | S_C_o[2][3][3] |     4.468 | SLOW    |     2.315 | FAST    |
S_A_i[2][0][0] | S_C_o[2][3][4] |     4.490 | SLOW    |     2.329 | FAST    |
S_A_i[2][0][0] | S_C_o[2][3][5] |     4.555 | SLOW    |     2.366 | FAST    |
S_A_i[2][0][0] | S_C_o[2][3][6] |     4.712 | SLOW    |     2.452 | FAST    |
S_A_i[2][0][0] | S_C_o[2][3][7] |     4.777 | SLOW    |     2.489 | FAST    |
S_A_i[2][0][1] | S_C_o[2][0][1] |     4.286 | SLOW    |     2.226 | FAST    |
S_A_i[2][0][1] | S_C_o[2][0][2] |     4.282 | SLOW    |     2.215 | FAST    |
S_A_i[2][0][1] | S_C_o[2][0][3] |     4.467 | SLOW    |     2.320 | FAST    |
S_A_i[2][0][1] | S_C_o[2][0][4] |     4.489 | SLOW    |     2.334 | FAST    |
S_A_i[2][0][1] | S_C_o[2][0][5] |     4.554 | SLOW    |     2.371 | FAST    |
S_A_i[2][0][1] | S_C_o[2][0][6] |     4.711 | SLOW    |     2.457 | FAST    |
S_A_i[2][0][1] | S_C_o[2][0][7] |     4.776 | SLOW    |     2.494 | FAST    |
S_A_i[2][0][1] | S_C_o[2][1][1] |     4.286 | SLOW    |     2.226 | FAST    |
S_A_i[2][0][1] | S_C_o[2][1][2] |     4.282 | SLOW    |     2.215 | FAST    |
S_A_i[2][0][1] | S_C_o[2][1][3] |     4.467 | SLOW    |     2.320 | FAST    |
S_A_i[2][0][1] | S_C_o[2][1][4] |     4.489 | SLOW    |     2.334 | FAST    |
S_A_i[2][0][1] | S_C_o[2][1][5] |     4.554 | SLOW    |     2.371 | FAST    |
S_A_i[2][0][1] | S_C_o[2][1][6] |     4.711 | SLOW    |     2.457 | FAST    |
S_A_i[2][0][1] | S_C_o[2][1][7] |     4.776 | SLOW    |     2.494 | FAST    |
S_A_i[2][0][1] | S_C_o[2][2][1] |     4.286 | SLOW    |     2.226 | FAST    |
S_A_i[2][0][1] | S_C_o[2][2][2] |     4.282 | SLOW    |     2.215 | FAST    |
S_A_i[2][0][1] | S_C_o[2][2][3] |     4.467 | SLOW    |     2.320 | FAST    |
S_A_i[2][0][1] | S_C_o[2][2][4] |     4.489 | SLOW    |     2.334 | FAST    |
S_A_i[2][0][1] | S_C_o[2][2][5] |     4.554 | SLOW    |     2.371 | FAST    |
S_A_i[2][0][1] | S_C_o[2][2][6] |     4.711 | SLOW    |     2.457 | FAST    |
S_A_i[2][0][1] | S_C_o[2][2][7] |     4.776 | SLOW    |     2.494 | FAST    |
S_A_i[2][0][1] | S_C_o[2][3][1] |     4.286 | SLOW    |     2.226 | FAST    |
S_A_i[2][0][1] | S_C_o[2][3][2] |     4.282 | SLOW    |     2.215 | FAST    |
S_A_i[2][0][1] | S_C_o[2][3][3] |     4.467 | SLOW    |     2.320 | FAST    |
S_A_i[2][0][1] | S_C_o[2][3][4] |     4.489 | SLOW    |     2.334 | FAST    |
S_A_i[2][0][1] | S_C_o[2][3][5] |     4.554 | SLOW    |     2.371 | FAST    |
S_A_i[2][0][1] | S_C_o[2][3][6] |     4.711 | SLOW    |     2.457 | FAST    |
S_A_i[2][0][1] | S_C_o[2][3][7] |     4.776 | SLOW    |     2.494 | FAST    |
S_A_i[2][0][2] | S_C_o[2][0][2] |     4.246 | SLOW    |     2.201 | FAST    |
S_A_i[2][0][2] | S_C_o[2][0][3] |     4.485 | SLOW    |     2.324 | FAST    |
S_A_i[2][0][2] | S_C_o[2][0][4] |     4.507 | SLOW    |     2.338 | FAST    |
S_A_i[2][0][2] | S_C_o[2][0][5] |     4.572 | SLOW    |     2.375 | FAST    |
S_A_i[2][0][2] | S_C_o[2][0][6] |     4.729 | SLOW    |     2.461 | FAST    |
S_A_i[2][0][2] | S_C_o[2][0][7] |     4.794 | SLOW    |     2.498 | FAST    |
S_A_i[2][0][2] | S_C_o[2][1][2] |     4.246 | SLOW    |     2.201 | FAST    |
S_A_i[2][0][2] | S_C_o[2][1][3] |     4.485 | SLOW    |     2.324 | FAST    |
S_A_i[2][0][2] | S_C_o[2][1][4] |     4.507 | SLOW    |     2.338 | FAST    |
S_A_i[2][0][2] | S_C_o[2][1][5] |     4.572 | SLOW    |     2.375 | FAST    |
S_A_i[2][0][2] | S_C_o[2][1][6] |     4.729 | SLOW    |     2.461 | FAST    |
S_A_i[2][0][2] | S_C_o[2][1][7] |     4.794 | SLOW    |     2.498 | FAST    |
S_A_i[2][0][2] | S_C_o[2][2][2] |     4.246 | SLOW    |     2.201 | FAST    |
S_A_i[2][0][2] | S_C_o[2][2][3] |     4.485 | SLOW    |     2.324 | FAST    |
S_A_i[2][0][2] | S_C_o[2][2][4] |     4.507 | SLOW    |     2.338 | FAST    |
S_A_i[2][0][2] | S_C_o[2][2][5] |     4.572 | SLOW    |     2.375 | FAST    |
S_A_i[2][0][2] | S_C_o[2][2][6] |     4.729 | SLOW    |     2.461 | FAST    |
S_A_i[2][0][2] | S_C_o[2][2][7] |     4.794 | SLOW    |     2.498 | FAST    |
S_A_i[2][0][2] | S_C_o[2][3][2] |     4.246 | SLOW    |     2.201 | FAST    |
S_A_i[2][0][2] | S_C_o[2][3][3] |     4.485 | SLOW    |     2.324 | FAST    |
S_A_i[2][0][2] | S_C_o[2][3][4] |     4.507 | SLOW    |     2.338 | FAST    |
S_A_i[2][0][2] | S_C_o[2][3][5] |     4.572 | SLOW    |     2.375 | FAST    |
S_A_i[2][0][2] | S_C_o[2][3][6] |     4.729 | SLOW    |     2.461 | FAST    |
S_A_i[2][0][2] | S_C_o[2][3][7] |     4.794 | SLOW    |     2.498 | FAST    |
S_A_i[2][0][3] | S_C_o[2][0][3] |     4.261 | SLOW    |     2.209 | FAST    |
S_A_i[2][0][3] | S_C_o[2][0][4] |     4.278 | SLOW    |     2.215 | FAST    |
S_A_i[2][0][3] | S_C_o[2][0][5] |     4.256 | SLOW    |     2.201 | FAST    |
S_A_i[2][0][3] | S_C_o[2][0][6] |     4.514 | SLOW    |     2.352 | FAST    |
S_A_i[2][0][3] | S_C_o[2][0][7] |     4.579 | SLOW    |     2.389 | FAST    |
S_A_i[2][0][3] | S_C_o[2][1][3] |     4.261 | SLOW    |     2.209 | FAST    |
S_A_i[2][0][3] | S_C_o[2][1][4] |     4.278 | SLOW    |     2.215 | FAST    |
S_A_i[2][0][3] | S_C_o[2][1][5] |     4.256 | SLOW    |     2.201 | FAST    |
S_A_i[2][0][3] | S_C_o[2][1][6] |     4.514 | SLOW    |     2.352 | FAST    |
S_A_i[2][0][3] | S_C_o[2][1][7] |     4.579 | SLOW    |     2.389 | FAST    |
S_A_i[2][0][3] | S_C_o[2][2][3] |     4.261 | SLOW    |     2.209 | FAST    |
S_A_i[2][0][3] | S_C_o[2][2][4] |     4.278 | SLOW    |     2.215 | FAST    |
S_A_i[2][0][3] | S_C_o[2][2][5] |     4.256 | SLOW    |     2.201 | FAST    |
S_A_i[2][0][3] | S_C_o[2][2][6] |     4.514 | SLOW    |     2.352 | FAST    |
S_A_i[2][0][3] | S_C_o[2][2][7] |     4.579 | SLOW    |     2.389 | FAST    |
S_A_i[2][0][3] | S_C_o[2][3][3] |     4.261 | SLOW    |     2.209 | FAST    |
S_A_i[2][0][3] | S_C_o[2][3][4] |     4.278 | SLOW    |     2.215 | FAST    |
S_A_i[2][0][3] | S_C_o[2][3][5] |     4.256 | SLOW    |     2.201 | FAST    |
S_A_i[2][0][3] | S_C_o[2][3][6] |     4.514 | SLOW    |     2.352 | FAST    |
S_A_i[2][0][3] | S_C_o[2][3][7] |     4.579 | SLOW    |     2.389 | FAST    |
S_A_i[2][0][4] | S_C_o[2][0][4] |     4.286 | SLOW    |     2.226 | FAST    |
S_A_i[2][0][4] | S_C_o[2][0][5] |     4.282 | SLOW    |     2.215 | FAST    |
S_A_i[2][0][4] | S_C_o[2][0][6] |     4.494 | SLOW    |     2.335 | FAST    |
S_A_i[2][0][4] | S_C_o[2][0][7] |     4.559 | SLOW    |     2.372 | FAST    |
S_A_i[2][0][4] | S_C_o[2][1][4] |     4.286 | SLOW    |     2.226 | FAST    |
S_A_i[2][0][4] | S_C_o[2][1][5] |     4.282 | SLOW    |     2.215 | FAST    |
S_A_i[2][0][4] | S_C_o[2][1][6] |     4.494 | SLOW    |     2.335 | FAST    |
S_A_i[2][0][4] | S_C_o[2][1][7] |     4.559 | SLOW    |     2.372 | FAST    |
S_A_i[2][0][4] | S_C_o[2][2][4] |     4.286 | SLOW    |     2.226 | FAST    |
S_A_i[2][0][4] | S_C_o[2][2][5] |     4.282 | SLOW    |     2.215 | FAST    |
S_A_i[2][0][4] | S_C_o[2][2][6] |     4.494 | SLOW    |     2.335 | FAST    |
S_A_i[2][0][4] | S_C_o[2][2][7] |     4.559 | SLOW    |     2.372 | FAST    |
S_A_i[2][0][4] | S_C_o[2][3][4] |     4.286 | SLOW    |     2.226 | FAST    |
S_A_i[2][0][4] | S_C_o[2][3][5] |     4.282 | SLOW    |     2.215 | FAST    |
S_A_i[2][0][4] | S_C_o[2][3][6] |     4.494 | SLOW    |     2.335 | FAST    |
S_A_i[2][0][4] | S_C_o[2][3][7] |     4.559 | SLOW    |     2.372 | FAST    |
S_A_i[2][0][5] | S_C_o[2][0][5] |     4.453 | SLOW    |     2.319 | FAST    |
S_A_i[2][0][5] | S_C_o[2][0][6] |     4.272 | SLOW    |     2.212 | FAST    |
S_A_i[2][0][5] | S_C_o[2][0][7] |     4.282 | SLOW    |     2.215 | FAST    |
S_A_i[2][0][5] | S_C_o[2][1][5] |     4.453 | SLOW    |     2.319 | FAST    |
S_A_i[2][0][5] | S_C_o[2][1][6] |     4.272 | SLOW    |     2.212 | FAST    |
S_A_i[2][0][5] | S_C_o[2][1][7] |     4.282 | SLOW    |     2.215 | FAST    |
S_A_i[2][0][5] | S_C_o[2][2][5] |     4.453 | SLOW    |     2.319 | FAST    |
S_A_i[2][0][5] | S_C_o[2][2][6] |     4.272 | SLOW    |     2.212 | FAST    |
S_A_i[2][0][5] | S_C_o[2][2][7] |     4.282 | SLOW    |     2.215 | FAST    |
S_A_i[2][0][5] | S_C_o[2][3][5] |     4.453 | SLOW    |     2.319 | FAST    |
S_A_i[2][0][5] | S_C_o[2][3][6] |     4.272 | SLOW    |     2.212 | FAST    |
S_A_i[2][0][5] | S_C_o[2][3][7] |     4.282 | SLOW    |     2.215 | FAST    |
S_A_i[2][0][6] | S_C_o[2][0][6] |     4.277 | SLOW    |     2.221 | FAST    |
S_A_i[2][0][6] | S_C_o[2][0][7] |     4.241 | SLOW    |     2.193 | FAST    |
S_A_i[2][0][6] | S_C_o[2][1][6] |     4.277 | SLOW    |     2.221 | FAST    |
S_A_i[2][0][6] | S_C_o[2][1][7] |     4.241 | SLOW    |     2.193 | FAST    |
S_A_i[2][0][6] | S_C_o[2][2][6] |     4.277 | SLOW    |     2.221 | FAST    |
S_A_i[2][0][6] | S_C_o[2][2][7] |     4.241 | SLOW    |     2.193 | FAST    |
S_A_i[2][0][6] | S_C_o[2][3][6] |     4.277 | SLOW    |     2.221 | FAST    |
S_A_i[2][0][6] | S_C_o[2][3][7] |     4.241 | SLOW    |     2.193 | FAST    |
S_A_i[2][0][7] | S_C_o[2][0][7] |     4.428 | SLOW    |     2.306 | FAST    |
S_A_i[2][0][7] | S_C_o[2][1][7] |     4.459 | SLOW    |     2.326 | FAST    |
S_A_i[2][0][7] | S_C_o[2][2][7] |     4.428 | SLOW    |     2.306 | FAST    |
S_A_i[2][0][7] | S_C_o[2][3][7] |     4.459 | SLOW    |     2.326 | FAST    |
S_A_i[3][0][0] | S_C_o[3][0][0] |     4.261 | SLOW    |     2.209 | FAST    |
S_A_i[3][0][0] | S_C_o[3][0][1] |     4.278 | SLOW    |     2.215 | FAST    |
S_A_i[3][0][0] | S_C_o[3][0][2] |     4.288 | SLOW    |     2.218 | FAST    |
S_A_i[3][0][0] | S_C_o[3][0][3] |     4.468 | SLOW    |     2.315 | FAST    |
S_A_i[3][0][0] | S_C_o[3][0][4] |     4.490 | SLOW    |     2.329 | FAST    |
S_A_i[3][0][0] | S_C_o[3][0][5] |     4.555 | SLOW    |     2.366 | FAST    |
S_A_i[3][0][0] | S_C_o[3][0][6] |     4.712 | SLOW    |     2.452 | FAST    |
S_A_i[3][0][0] | S_C_o[3][0][7] |     4.777 | SLOW    |     2.489 | FAST    |
S_A_i[3][0][0] | S_C_o[3][1][0] |     4.261 | SLOW    |     2.209 | FAST    |
S_A_i[3][0][0] | S_C_o[3][1][1] |     4.278 | SLOW    |     2.215 | FAST    |
S_A_i[3][0][0] | S_C_o[3][1][2] |     4.288 | SLOW    |     2.218 | FAST    |
S_A_i[3][0][0] | S_C_o[3][1][3] |     4.468 | SLOW    |     2.315 | FAST    |
S_A_i[3][0][0] | S_C_o[3][1][4] |     4.490 | SLOW    |     2.329 | FAST    |
S_A_i[3][0][0] | S_C_o[3][1][5] |     4.555 | SLOW    |     2.366 | FAST    |
S_A_i[3][0][0] | S_C_o[3][1][6] |     4.712 | SLOW    |     2.452 | FAST    |
S_A_i[3][0][0] | S_C_o[3][1][7] |     4.777 | SLOW    |     2.489 | FAST    |
S_A_i[3][0][0] | S_C_o[3][2][0] |     4.261 | SLOW    |     2.209 | FAST    |
S_A_i[3][0][0] | S_C_o[3][2][1] |     4.278 | SLOW    |     2.215 | FAST    |
S_A_i[3][0][0] | S_C_o[3][2][2] |     4.288 | SLOW    |     2.218 | FAST    |
S_A_i[3][0][0] | S_C_o[3][2][3] |     4.468 | SLOW    |     2.315 | FAST    |
S_A_i[3][0][0] | S_C_o[3][2][4] |     4.490 | SLOW    |     2.329 | FAST    |
S_A_i[3][0][0] | S_C_o[3][2][5] |     4.555 | SLOW    |     2.366 | FAST    |
S_A_i[3][0][0] | S_C_o[3][2][6] |     4.712 | SLOW    |     2.452 | FAST    |
S_A_i[3][0][0] | S_C_o[3][2][7] |     4.777 | SLOW    |     2.489 | FAST    |
S_A_i[3][0][0] | S_C_o[3][3][0] |     4.261 | SLOW    |     2.209 | FAST    |
S_A_i[3][0][0] | S_C_o[3][3][1] |     4.278 | SLOW    |     2.215 | FAST    |
S_A_i[3][0][0] | S_C_o[3][3][2] |     4.288 | SLOW    |     2.218 | FAST    |
S_A_i[3][0][0] | S_C_o[3][3][3] |     4.468 | SLOW    |     2.315 | FAST    |
S_A_i[3][0][0] | S_C_o[3][3][4] |     4.490 | SLOW    |     2.329 | FAST    |
S_A_i[3][0][0] | S_C_o[3][3][5] |     4.555 | SLOW    |     2.366 | FAST    |
S_A_i[3][0][0] | S_C_o[3][3][6] |     4.712 | SLOW    |     2.452 | FAST    |
S_A_i[3][0][0] | S_C_o[3][3][7] |     4.777 | SLOW    |     2.489 | FAST    |
S_A_i[3][0][1] | S_C_o[3][0][1] |     4.286 | SLOW    |     2.226 | FAST    |
S_A_i[3][0][1] | S_C_o[3][0][2] |     4.282 | SLOW    |     2.215 | FAST    |
S_A_i[3][0][1] | S_C_o[3][0][3] |     4.467 | SLOW    |     2.320 | FAST    |
S_A_i[3][0][1] | S_C_o[3][0][4] |     4.489 | SLOW    |     2.334 | FAST    |
S_A_i[3][0][1] | S_C_o[3][0][5] |     4.554 | SLOW    |     2.371 | FAST    |
S_A_i[3][0][1] | S_C_o[3][0][6] |     4.711 | SLOW    |     2.457 | FAST    |
S_A_i[3][0][1] | S_C_o[3][0][7] |     4.776 | SLOW    |     2.494 | FAST    |
S_A_i[3][0][1] | S_C_o[3][1][1] |     4.286 | SLOW    |     2.226 | FAST    |
S_A_i[3][0][1] | S_C_o[3][1][2] |     4.282 | SLOW    |     2.215 | FAST    |
S_A_i[3][0][1] | S_C_o[3][1][3] |     4.467 | SLOW    |     2.320 | FAST    |
S_A_i[3][0][1] | S_C_o[3][1][4] |     4.489 | SLOW    |     2.334 | FAST    |
S_A_i[3][0][1] | S_C_o[3][1][5] |     4.554 | SLOW    |     2.371 | FAST    |
S_A_i[3][0][1] | S_C_o[3][1][6] |     4.711 | SLOW    |     2.457 | FAST    |
S_A_i[3][0][1] | S_C_o[3][1][7] |     4.776 | SLOW    |     2.494 | FAST    |
S_A_i[3][0][1] | S_C_o[3][2][1] |     4.286 | SLOW    |     2.226 | FAST    |
S_A_i[3][0][1] | S_C_o[3][2][2] |     4.282 | SLOW    |     2.215 | FAST    |
S_A_i[3][0][1] | S_C_o[3][2][3] |     4.467 | SLOW    |     2.320 | FAST    |
S_A_i[3][0][1] | S_C_o[3][2][4] |     4.489 | SLOW    |     2.334 | FAST    |
S_A_i[3][0][1] | S_C_o[3][2][5] |     4.554 | SLOW    |     2.371 | FAST    |
S_A_i[3][0][1] | S_C_o[3][2][6] |     4.711 | SLOW    |     2.457 | FAST    |
S_A_i[3][0][1] | S_C_o[3][2][7] |     4.776 | SLOW    |     2.494 | FAST    |
S_A_i[3][0][1] | S_C_o[3][3][1] |     4.286 | SLOW    |     2.226 | FAST    |
S_A_i[3][0][1] | S_C_o[3][3][2] |     4.282 | SLOW    |     2.215 | FAST    |
S_A_i[3][0][1] | S_C_o[3][3][3] |     4.467 | SLOW    |     2.320 | FAST    |
S_A_i[3][0][1] | S_C_o[3][3][4] |     4.489 | SLOW    |     2.334 | FAST    |
S_A_i[3][0][1] | S_C_o[3][3][5] |     4.554 | SLOW    |     2.371 | FAST    |
S_A_i[3][0][1] | S_C_o[3][3][6] |     4.711 | SLOW    |     2.457 | FAST    |
S_A_i[3][0][1] | S_C_o[3][3][7] |     4.776 | SLOW    |     2.494 | FAST    |
S_A_i[3][0][2] | S_C_o[3][0][2] |     4.246 | SLOW    |     2.201 | FAST    |
S_A_i[3][0][2] | S_C_o[3][0][3] |     4.485 | SLOW    |     2.324 | FAST    |
S_A_i[3][0][2] | S_C_o[3][0][4] |     4.507 | SLOW    |     2.338 | FAST    |
S_A_i[3][0][2] | S_C_o[3][0][5] |     4.572 | SLOW    |     2.375 | FAST    |
S_A_i[3][0][2] | S_C_o[3][0][6] |     4.729 | SLOW    |     2.461 | FAST    |
S_A_i[3][0][2] | S_C_o[3][0][7] |     4.794 | SLOW    |     2.498 | FAST    |
S_A_i[3][0][2] | S_C_o[3][1][2] |     4.246 | SLOW    |     2.201 | FAST    |
S_A_i[3][0][2] | S_C_o[3][1][3] |     4.485 | SLOW    |     2.324 | FAST    |
S_A_i[3][0][2] | S_C_o[3][1][4] |     4.507 | SLOW    |     2.338 | FAST    |
S_A_i[3][0][2] | S_C_o[3][1][5] |     4.572 | SLOW    |     2.375 | FAST    |
S_A_i[3][0][2] | S_C_o[3][1][6] |     4.729 | SLOW    |     2.461 | FAST    |
S_A_i[3][0][2] | S_C_o[3][1][7] |     4.794 | SLOW    |     2.498 | FAST    |
S_A_i[3][0][2] | S_C_o[3][2][2] |     4.246 | SLOW    |     2.201 | FAST    |
S_A_i[3][0][2] | S_C_o[3][2][3] |     4.485 | SLOW    |     2.324 | FAST    |
S_A_i[3][0][2] | S_C_o[3][2][4] |     4.507 | SLOW    |     2.338 | FAST    |
S_A_i[3][0][2] | S_C_o[3][2][5] |     4.572 | SLOW    |     2.375 | FAST    |
S_A_i[3][0][2] | S_C_o[3][2][6] |     4.729 | SLOW    |     2.461 | FAST    |
S_A_i[3][0][2] | S_C_o[3][2][7] |     4.794 | SLOW    |     2.498 | FAST    |
S_A_i[3][0][2] | S_C_o[3][3][2] |     4.246 | SLOW    |     2.201 | FAST    |
S_A_i[3][0][2] | S_C_o[3][3][3] |     4.485 | SLOW    |     2.324 | FAST    |
S_A_i[3][0][2] | S_C_o[3][3][4] |     4.507 | SLOW    |     2.338 | FAST    |
S_A_i[3][0][2] | S_C_o[3][3][5] |     4.572 | SLOW    |     2.375 | FAST    |
S_A_i[3][0][2] | S_C_o[3][3][6] |     4.729 | SLOW    |     2.461 | FAST    |
S_A_i[3][0][2] | S_C_o[3][3][7] |     4.794 | SLOW    |     2.498 | FAST    |
S_A_i[3][0][3] | S_C_o[3][0][3] |     4.261 | SLOW    |     2.209 | FAST    |
S_A_i[3][0][3] | S_C_o[3][0][4] |     4.278 | SLOW    |     2.215 | FAST    |
S_A_i[3][0][3] | S_C_o[3][0][5] |     4.256 | SLOW    |     2.201 | FAST    |
S_A_i[3][0][3] | S_C_o[3][0][6] |     4.514 | SLOW    |     2.352 | FAST    |
S_A_i[3][0][3] | S_C_o[3][0][7] |     4.579 | SLOW    |     2.389 | FAST    |
S_A_i[3][0][3] | S_C_o[3][1][3] |     4.261 | SLOW    |     2.209 | FAST    |
S_A_i[3][0][3] | S_C_o[3][1][4] |     4.278 | SLOW    |     2.215 | FAST    |
S_A_i[3][0][3] | S_C_o[3][1][5] |     4.256 | SLOW    |     2.201 | FAST    |
S_A_i[3][0][3] | S_C_o[3][1][6] |     4.514 | SLOW    |     2.352 | FAST    |
S_A_i[3][0][3] | S_C_o[3][1][7] |     4.579 | SLOW    |     2.389 | FAST    |
S_A_i[3][0][3] | S_C_o[3][2][3] |     4.261 | SLOW    |     2.209 | FAST    |
S_A_i[3][0][3] | S_C_o[3][2][4] |     4.278 | SLOW    |     2.215 | FAST    |
S_A_i[3][0][3] | S_C_o[3][2][5] |     4.256 | SLOW    |     2.201 | FAST    |
S_A_i[3][0][3] | S_C_o[3][2][6] |     4.514 | SLOW    |     2.352 | FAST    |
S_A_i[3][0][3] | S_C_o[3][2][7] |     4.579 | SLOW    |     2.389 | FAST    |
S_A_i[3][0][3] | S_C_o[3][3][3] |     4.261 | SLOW    |     2.209 | FAST    |
S_A_i[3][0][3] | S_C_o[3][3][4] |     4.278 | SLOW    |     2.215 | FAST    |
S_A_i[3][0][3] | S_C_o[3][3][5] |     4.256 | SLOW    |     2.201 | FAST    |
S_A_i[3][0][3] | S_C_o[3][3][6] |     4.514 | SLOW    |     2.352 | FAST    |
S_A_i[3][0][3] | S_C_o[3][3][7] |     4.579 | SLOW    |     2.389 | FAST    |
S_A_i[3][0][4] | S_C_o[3][0][4] |     4.286 | SLOW    |     2.226 | FAST    |
S_A_i[3][0][4] | S_C_o[3][0][5] |     4.282 | SLOW    |     2.215 | FAST    |
S_A_i[3][0][4] | S_C_o[3][0][6] |     4.494 | SLOW    |     2.335 | FAST    |
S_A_i[3][0][4] | S_C_o[3][0][7] |     4.559 | SLOW    |     2.372 | FAST    |
S_A_i[3][0][4] | S_C_o[3][1][4] |     4.286 | SLOW    |     2.226 | FAST    |
S_A_i[3][0][4] | S_C_o[3][1][5] |     4.282 | SLOW    |     2.215 | FAST    |
S_A_i[3][0][4] | S_C_o[3][1][6] |     4.494 | SLOW    |     2.335 | FAST    |
S_A_i[3][0][4] | S_C_o[3][1][7] |     4.559 | SLOW    |     2.372 | FAST    |
S_A_i[3][0][4] | S_C_o[3][2][4] |     4.286 | SLOW    |     2.226 | FAST    |
S_A_i[3][0][4] | S_C_o[3][2][5] |     4.282 | SLOW    |     2.215 | FAST    |
S_A_i[3][0][4] | S_C_o[3][2][6] |     4.494 | SLOW    |     2.335 | FAST    |
S_A_i[3][0][4] | S_C_o[3][2][7] |     4.559 | SLOW    |     2.372 | FAST    |
S_A_i[3][0][4] | S_C_o[3][3][4] |     4.286 | SLOW    |     2.226 | FAST    |
S_A_i[3][0][4] | S_C_o[3][3][5] |     4.282 | SLOW    |     2.215 | FAST    |
S_A_i[3][0][4] | S_C_o[3][3][6] |     4.494 | SLOW    |     2.335 | FAST    |
S_A_i[3][0][4] | S_C_o[3][3][7] |     4.559 | SLOW    |     2.372 | FAST    |
S_A_i[3][0][5] | S_C_o[3][0][5] |     4.453 | SLOW    |     2.319 | FAST    |
S_A_i[3][0][5] | S_C_o[3][0][6] |     4.272 | SLOW    |     2.212 | FAST    |
S_A_i[3][0][5] | S_C_o[3][0][7] |     4.282 | SLOW    |     2.215 | FAST    |
S_A_i[3][0][5] | S_C_o[3][1][5] |     4.453 | SLOW    |     2.319 | FAST    |
S_A_i[3][0][5] | S_C_o[3][1][6] |     4.272 | SLOW    |     2.212 | FAST    |
S_A_i[3][0][5] | S_C_o[3][1][7] |     4.282 | SLOW    |     2.215 | FAST    |
S_A_i[3][0][5] | S_C_o[3][2][5] |     4.453 | SLOW    |     2.319 | FAST    |
S_A_i[3][0][5] | S_C_o[3][2][6] |     4.272 | SLOW    |     2.212 | FAST    |
S_A_i[3][0][5] | S_C_o[3][2][7] |     4.282 | SLOW    |     2.215 | FAST    |
S_A_i[3][0][5] | S_C_o[3][3][5] |     4.453 | SLOW    |     2.319 | FAST    |
S_A_i[3][0][5] | S_C_o[3][3][6] |     4.272 | SLOW    |     2.212 | FAST    |
S_A_i[3][0][5] | S_C_o[3][3][7] |     4.282 | SLOW    |     2.215 | FAST    |
S_A_i[3][0][6] | S_C_o[3][0][6] |     4.277 | SLOW    |     2.221 | FAST    |
S_A_i[3][0][6] | S_C_o[3][0][7] |     4.241 | SLOW    |     2.193 | FAST    |
S_A_i[3][0][6] | S_C_o[3][1][6] |     4.277 | SLOW    |     2.221 | FAST    |
S_A_i[3][0][6] | S_C_o[3][1][7] |     4.241 | SLOW    |     2.193 | FAST    |
S_A_i[3][0][6] | S_C_o[3][2][6] |     4.277 | SLOW    |     2.221 | FAST    |
S_A_i[3][0][6] | S_C_o[3][2][7] |     4.241 | SLOW    |     2.193 | FAST    |
S_A_i[3][0][6] | S_C_o[3][3][6] |     4.277 | SLOW    |     2.221 | FAST    |
S_A_i[3][0][6] | S_C_o[3][3][7] |     4.241 | SLOW    |     2.193 | FAST    |
S_A_i[3][0][7] | S_C_o[3][0][7] |     4.428 | SLOW    |     2.306 | FAST    |
S_A_i[3][0][7] | S_C_o[3][1][7] |     4.459 | SLOW    |     2.326 | FAST    |
S_A_i[3][0][7] | S_C_o[3][2][7] |     4.428 | SLOW    |     2.306 | FAST    |
S_A_i[3][0][7] | S_C_o[3][3][7] |     4.459 | SLOW    |     2.326 | FAST    |
S_B_i[0][0][0] | S_C_o[0][0][0] |     4.261 | SLOW    |     2.209 | FAST    |
S_B_i[0][0][0] | S_C_o[0][0][1] |     4.278 | SLOW    |     2.215 | FAST    |
S_B_i[0][0][0] | S_C_o[0][0][2] |     4.256 | SLOW    |     2.201 | FAST    |
S_B_i[0][0][0] | S_C_o[0][0][3] |     4.500 | SLOW    |     2.332 | FAST    |
S_B_i[0][0][0] | S_C_o[0][0][4] |     4.522 | SLOW    |     2.346 | FAST    |
S_B_i[0][0][0] | S_C_o[0][0][5] |     4.587 | SLOW    |     2.383 | FAST    |
S_B_i[0][0][0] | S_C_o[0][0][6] |     4.744 | SLOW    |     2.469 | FAST    |
S_B_i[0][0][0] | S_C_o[0][0][7] |     4.809 | SLOW    |     2.506 | FAST    |
S_B_i[0][0][0] | S_C_o[1][0][0] |     4.261 | SLOW    |     2.209 | FAST    |
S_B_i[0][0][0] | S_C_o[1][0][1] |     4.278 | SLOW    |     2.215 | FAST    |
S_B_i[0][0][0] | S_C_o[1][0][2] |     4.256 | SLOW    |     2.201 | FAST    |
S_B_i[0][0][0] | S_C_o[1][0][3] |     4.500 | SLOW    |     2.332 | FAST    |
S_B_i[0][0][0] | S_C_o[1][0][4] |     4.522 | SLOW    |     2.346 | FAST    |
S_B_i[0][0][0] | S_C_o[1][0][5] |     4.587 | SLOW    |     2.383 | FAST    |
S_B_i[0][0][0] | S_C_o[1][0][6] |     4.744 | SLOW    |     2.469 | FAST    |
S_B_i[0][0][0] | S_C_o[1][0][7] |     4.809 | SLOW    |     2.506 | FAST    |
S_B_i[0][0][0] | S_C_o[2][0][0] |     4.261 | SLOW    |     2.209 | FAST    |
S_B_i[0][0][0] | S_C_o[2][0][1] |     4.278 | SLOW    |     2.215 | FAST    |
S_B_i[0][0][0] | S_C_o[2][0][2] |     4.256 | SLOW    |     2.201 | FAST    |
S_B_i[0][0][0] | S_C_o[2][0][3] |     4.500 | SLOW    |     2.332 | FAST    |
S_B_i[0][0][0] | S_C_o[2][0][4] |     4.522 | SLOW    |     2.346 | FAST    |
S_B_i[0][0][0] | S_C_o[2][0][5] |     4.587 | SLOW    |     2.383 | FAST    |
S_B_i[0][0][0] | S_C_o[2][0][6] |     4.744 | SLOW    |     2.469 | FAST    |
S_B_i[0][0][0] | S_C_o[2][0][7] |     4.809 | SLOW    |     2.506 | FAST    |
S_B_i[0][0][0] | S_C_o[3][0][0] |     4.261 | SLOW    |     2.209 | FAST    |
S_B_i[0][0][0] | S_C_o[3][0][1] |     4.278 | SLOW    |     2.215 | FAST    |
S_B_i[0][0][0] | S_C_o[3][0][2] |     4.256 | SLOW    |     2.201 | FAST    |
S_B_i[0][0][0] | S_C_o[3][0][3] |     4.500 | SLOW    |     2.332 | FAST    |
S_B_i[0][0][0] | S_C_o[3][0][4] |     4.522 | SLOW    |     2.346 | FAST    |
S_B_i[0][0][0] | S_C_o[3][0][5] |     4.587 | SLOW    |     2.383 | FAST    |
S_B_i[0][0][0] | S_C_o[3][0][6] |     4.744 | SLOW    |     2.469 | FAST    |
S_B_i[0][0][0] | S_C_o[3][0][7] |     4.809 | SLOW    |     2.506 | FAST    |
S_B_i[0][0][1] | S_C_o[0][0][1] |     4.286 | SLOW    |     2.226 | FAST    |
S_B_i[0][0][1] | S_C_o[0][0][2] |     4.250 | SLOW    |     2.198 | FAST    |
S_B_i[0][0][1] | S_C_o[0][0][3] |     4.467 | SLOW    |     2.320 | FAST    |
S_B_i[0][0][1] | S_C_o[0][0][4] |     4.489 | SLOW    |     2.334 | FAST    |
S_B_i[0][0][1] | S_C_o[0][0][5] |     4.554 | SLOW    |     2.371 | FAST    |
S_B_i[0][0][1] | S_C_o[0][0][6] |     4.711 | SLOW    |     2.457 | FAST    |
S_B_i[0][0][1] | S_C_o[0][0][7] |     4.776 | SLOW    |     2.494 | FAST    |
S_B_i[0][0][1] | S_C_o[1][0][1] |     4.286 | SLOW    |     2.226 | FAST    |
S_B_i[0][0][1] | S_C_o[1][0][2] |     4.250 | SLOW    |     2.198 | FAST    |
S_B_i[0][0][1] | S_C_o[1][0][3] |     4.467 | SLOW    |     2.320 | FAST    |
S_B_i[0][0][1] | S_C_o[1][0][4] |     4.489 | SLOW    |     2.334 | FAST    |
S_B_i[0][0][1] | S_C_o[1][0][5] |     4.554 | SLOW    |     2.371 | FAST    |
S_B_i[0][0][1] | S_C_o[1][0][6] |     4.711 | SLOW    |     2.457 | FAST    |
S_B_i[0][0][1] | S_C_o[1][0][7] |     4.776 | SLOW    |     2.494 | FAST    |
S_B_i[0][0][1] | S_C_o[2][0][1] |     4.286 | SLOW    |     2.226 | FAST    |
S_B_i[0][0][1] | S_C_o[2][0][2] |     4.250 | SLOW    |     2.198 | FAST    |
S_B_i[0][0][1] | S_C_o[2][0][3] |     4.467 | SLOW    |     2.320 | FAST    |
S_B_i[0][0][1] | S_C_o[2][0][4] |     4.489 | SLOW    |     2.334 | FAST    |
S_B_i[0][0][1] | S_C_o[2][0][5] |     4.554 | SLOW    |     2.371 | FAST    |
S_B_i[0][0][1] | S_C_o[2][0][6] |     4.711 | SLOW    |     2.457 | FAST    |
S_B_i[0][0][1] | S_C_o[2][0][7] |     4.776 | SLOW    |     2.494 | FAST    |
S_B_i[0][0][1] | S_C_o[3][0][1] |     4.286 | SLOW    |     2.226 | FAST    |
S_B_i[0][0][1] | S_C_o[3][0][2] |     4.250 | SLOW    |     2.198 | FAST    |
S_B_i[0][0][1] | S_C_o[3][0][3] |     4.467 | SLOW    |     2.320 | FAST    |
S_B_i[0][0][1] | S_C_o[3][0][4] |     4.489 | SLOW    |     2.334 | FAST    |
S_B_i[0][0][1] | S_C_o[3][0][5] |     4.554 | SLOW    |     2.371 | FAST    |
S_B_i[0][0][1] | S_C_o[3][0][6] |     4.711 | SLOW    |     2.457 | FAST    |
S_B_i[0][0][1] | S_C_o[3][0][7] |     4.776 | SLOW    |     2.494 | FAST    |
S_B_i[0][0][2] | S_C_o[0][0][2] |     4.246 | SLOW    |     2.201 | FAST    |
S_B_i[0][0][2] | S_C_o[0][0][3] |     4.453 | SLOW    |     2.307 | FAST    |
S_B_i[0][0][2] | S_C_o[0][0][4] |     4.475 | SLOW    |     2.321 | FAST    |
S_B_i[0][0][2] | S_C_o[0][0][5] |     4.540 | SLOW    |     2.358 | FAST    |
S_B_i[0][0][2] | S_C_o[0][0][6] |     4.697 | SLOW    |     2.444 | FAST    |
S_B_i[0][0][2] | S_C_o[0][0][7] |     4.762 | SLOW    |     2.481 | FAST    |
S_B_i[0][0][2] | S_C_o[1][0][2] |     4.246 | SLOW    |     2.201 | FAST    |
S_B_i[0][0][2] | S_C_o[1][0][3] |     4.453 | SLOW    |     2.307 | FAST    |
S_B_i[0][0][2] | S_C_o[1][0][4] |     4.475 | SLOW    |     2.321 | FAST    |
S_B_i[0][0][2] | S_C_o[1][0][5] |     4.540 | SLOW    |     2.358 | FAST    |
S_B_i[0][0][2] | S_C_o[1][0][6] |     4.697 | SLOW    |     2.444 | FAST    |
S_B_i[0][0][2] | S_C_o[1][0][7] |     4.762 | SLOW    |     2.481 | FAST    |
S_B_i[0][0][2] | S_C_o[2][0][2] |     4.246 | SLOW    |     2.201 | FAST    |
S_B_i[0][0][2] | S_C_o[2][0][3] |     4.453 | SLOW    |     2.307 | FAST    |
S_B_i[0][0][2] | S_C_o[2][0][4] |     4.475 | SLOW    |     2.321 | FAST    |
S_B_i[0][0][2] | S_C_o[2][0][5] |     4.540 | SLOW    |     2.358 | FAST    |
S_B_i[0][0][2] | S_C_o[2][0][6] |     4.697 | SLOW    |     2.444 | FAST    |
S_B_i[0][0][2] | S_C_o[2][0][7] |     4.762 | SLOW    |     2.481 | FAST    |
S_B_i[0][0][2] | S_C_o[3][0][2] |     4.246 | SLOW    |     2.201 | FAST    |
S_B_i[0][0][2] | S_C_o[3][0][3] |     4.453 | SLOW    |     2.307 | FAST    |
S_B_i[0][0][2] | S_C_o[3][0][4] |     4.475 | SLOW    |     2.321 | FAST    |
S_B_i[0][0][2] | S_C_o[3][0][5] |     4.540 | SLOW    |     2.358 | FAST    |
S_B_i[0][0][2] | S_C_o[3][0][6] |     4.697 | SLOW    |     2.444 | FAST    |
S_B_i[0][0][2] | S_C_o[3][0][7] |     4.762 | SLOW    |     2.481 | FAST    |
S_B_i[0][0][3] | S_C_o[0][0][3] |     4.261 | SLOW    |     2.209 | FAST    |
S_B_i[0][0][3] | S_C_o[0][0][4] |     4.278 | SLOW    |     2.215 | FAST    |
S_B_i[0][0][3] | S_C_o[0][0][5] |     4.261 | SLOW    |     2.209 | FAST    |
S_B_i[0][0][3] | S_C_o[0][0][6] |     4.514 | SLOW    |     2.352 | FAST    |
S_B_i[0][0][3] | S_C_o[0][0][7] |     4.579 | SLOW    |     2.389 | FAST    |
S_B_i[0][0][3] | S_C_o[1][0][3] |     4.261 | SLOW    |     2.209 | FAST    |
S_B_i[0][0][3] | S_C_o[1][0][4] |     4.278 | SLOW    |     2.215 | FAST    |
S_B_i[0][0][3] | S_C_o[1][0][5] |     4.261 | SLOW    |     2.209 | FAST    |
S_B_i[0][0][3] | S_C_o[1][0][6] |     4.514 | SLOW    |     2.352 | FAST    |
S_B_i[0][0][3] | S_C_o[1][0][7] |     4.579 | SLOW    |     2.389 | FAST    |
S_B_i[0][0][3] | S_C_o[2][0][3] |     4.261 | SLOW    |     2.209 | FAST    |
S_B_i[0][0][3] | S_C_o[2][0][4] |     4.278 | SLOW    |     2.215 | FAST    |
S_B_i[0][0][3] | S_C_o[2][0][5] |     4.261 | SLOW    |     2.209 | FAST    |
S_B_i[0][0][3] | S_C_o[2][0][6] |     4.514 | SLOW    |     2.352 | FAST    |
S_B_i[0][0][3] | S_C_o[2][0][7] |     4.579 | SLOW    |     2.389 | FAST    |
S_B_i[0][0][3] | S_C_o[3][0][3] |     4.261 | SLOW    |     2.209 | FAST    |
S_B_i[0][0][3] | S_C_o[3][0][4] |     4.278 | SLOW    |     2.215 | FAST    |
S_B_i[0][0][3] | S_C_o[3][0][5] |     4.261 | SLOW    |     2.209 | FAST    |
S_B_i[0][0][3] | S_C_o[3][0][6] |     4.514 | SLOW    |     2.352 | FAST    |
S_B_i[0][0][3] | S_C_o[3][0][7] |     4.579 | SLOW    |     2.389 | FAST    |
S_B_i[0][0][4] | S_C_o[0][0][4] |     4.286 | SLOW    |     2.226 | FAST    |
S_B_i[0][0][4] | S_C_o[0][0][5] |     4.250 | SLOW    |     2.198 | FAST    |
S_B_i[0][0][4] | S_C_o[0][0][6] |     4.494 | SLOW    |     2.335 | FAST    |
S_B_i[0][0][4] | S_C_o[0][0][7] |     4.559 | SLOW    |     2.372 | FAST    |
S_B_i[0][0][4] | S_C_o[1][0][4] |     4.286 | SLOW    |     2.226 | FAST    |
S_B_i[0][0][4] | S_C_o[1][0][5] |     4.250 | SLOW    |     2.198 | FAST    |
S_B_i[0][0][4] | S_C_o[1][0][6] |     4.494 | SLOW    |     2.335 | FAST    |
S_B_i[0][0][4] | S_C_o[1][0][7] |     4.559 | SLOW    |     2.372 | FAST    |
S_B_i[0][0][4] | S_C_o[2][0][4] |     4.286 | SLOW    |     2.226 | FAST    |
S_B_i[0][0][4] | S_C_o[2][0][5] |     4.250 | SLOW    |     2.198 | FAST    |
S_B_i[0][0][4] | S_C_o[2][0][6] |     4.494 | SLOW    |     2.335 | FAST    |
S_B_i[0][0][4] | S_C_o[2][0][7] |     4.559 | SLOW    |     2.372 | FAST    |
S_B_i[0][0][4] | S_C_o[3][0][4] |     4.286 | SLOW    |     2.226 | FAST    |
S_B_i[0][0][4] | S_C_o[3][0][5] |     4.250 | SLOW    |     2.198 | FAST    |
S_B_i[0][0][4] | S_C_o[3][0][6] |     4.494 | SLOW    |     2.335 | FAST    |
S_B_i[0][0][4] | S_C_o[3][0][7] |     4.559 | SLOW    |     2.372 | FAST    |
S_B_i[0][0][5] | S_C_o[0][0][5] |     4.453 | SLOW    |     2.319 | FAST    |
S_B_i[0][0][5] | S_C_o[0][0][6] |     4.272 | SLOW    |     2.212 | FAST    |
S_B_i[0][0][5] | S_C_o[0][0][7] |     4.250 | SLOW    |     2.198 | FAST    |
S_B_i[0][0][5] | S_C_o[1][0][5] |     4.453 | SLOW    |     2.319 | FAST    |
S_B_i[0][0][5] | S_C_o[1][0][6] |     4.272 | SLOW    |     2.212 | FAST    |
S_B_i[0][0][5] | S_C_o[1][0][7] |     4.250 | SLOW    |     2.198 | FAST    |
S_B_i[0][0][5] | S_C_o[2][0][5] |     4.453 | SLOW    |     2.319 | FAST    |
S_B_i[0][0][5] | S_C_o[2][0][6] |     4.272 | SLOW    |     2.212 | FAST    |
S_B_i[0][0][5] | S_C_o[2][0][7] |     4.250 | SLOW    |     2.198 | FAST    |
S_B_i[0][0][5] | S_C_o[3][0][5] |     4.453 | SLOW    |     2.319 | FAST    |
S_B_i[0][0][5] | S_C_o[3][0][6] |     4.272 | SLOW    |     2.212 | FAST    |
S_B_i[0][0][5] | S_C_o[3][0][7] |     4.250 | SLOW    |     2.198 | FAST    |
S_B_i[0][0][6] | S_C_o[0][0][6] |     4.277 | SLOW    |     2.221 | FAST    |
S_B_i[0][0][6] | S_C_o[0][0][7] |     4.246 | SLOW    |     2.201 | FAST    |
S_B_i[0][0][6] | S_C_o[1][0][6] |     4.277 | SLOW    |     2.221 | FAST    |
S_B_i[0][0][6] | S_C_o[1][0][7] |     4.246 | SLOW    |     2.201 | FAST    |
S_B_i[0][0][6] | S_C_o[2][0][6] |     4.277 | SLOW    |     2.221 | FAST    |
S_B_i[0][0][6] | S_C_o[2][0][7] |     4.246 | SLOW    |     2.201 | FAST    |
S_B_i[0][0][6] | S_C_o[3][0][6] |     4.277 | SLOW    |     2.221 | FAST    |
S_B_i[0][0][6] | S_C_o[3][0][7] |     4.246 | SLOW    |     2.201 | FAST    |
S_B_i[0][0][7] | S_C_o[0][0][7] |     4.428 | SLOW    |     2.306 | FAST    |
S_B_i[0][0][7] | S_C_o[1][0][7] |     4.428 | SLOW    |     2.306 | FAST    |
S_B_i[0][0][7] | S_C_o[2][0][7] |     4.428 | SLOW    |     2.306 | FAST    |
S_B_i[0][0][7] | S_C_o[3][0][7] |     4.428 | SLOW    |     2.306 | FAST    |
S_B_i[0][1][0] | S_C_o[0][1][0] |     4.261 | SLOW    |     2.209 | FAST    |
S_B_i[0][1][0] | S_C_o[0][1][1] |     4.278 | SLOW    |     2.215 | FAST    |
S_B_i[0][1][0] | S_C_o[0][1][2] |     4.256 | SLOW    |     2.201 | FAST    |
S_B_i[0][1][0] | S_C_o[0][1][3] |     4.500 | SLOW    |     2.332 | FAST    |
S_B_i[0][1][0] | S_C_o[0][1][4] |     4.522 | SLOW    |     2.346 | FAST    |
S_B_i[0][1][0] | S_C_o[0][1][5] |     4.587 | SLOW    |     2.383 | FAST    |
S_B_i[0][1][0] | S_C_o[0][1][6] |     4.744 | SLOW    |     2.469 | FAST    |
S_B_i[0][1][0] | S_C_o[0][1][7] |     4.809 | SLOW    |     2.506 | FAST    |
S_B_i[0][1][0] | S_C_o[1][1][0] |     4.261 | SLOW    |     2.209 | FAST    |
S_B_i[0][1][0] | S_C_o[1][1][1] |     4.278 | SLOW    |     2.215 | FAST    |
S_B_i[0][1][0] | S_C_o[1][1][2] |     4.256 | SLOW    |     2.201 | FAST    |
S_B_i[0][1][0] | S_C_o[1][1][3] |     4.500 | SLOW    |     2.332 | FAST    |
S_B_i[0][1][0] | S_C_o[1][1][4] |     4.522 | SLOW    |     2.346 | FAST    |
S_B_i[0][1][0] | S_C_o[1][1][5] |     4.587 | SLOW    |     2.383 | FAST    |
S_B_i[0][1][0] | S_C_o[1][1][6] |     4.744 | SLOW    |     2.469 | FAST    |
S_B_i[0][1][0] | S_C_o[1][1][7] |     4.809 | SLOW    |     2.506 | FAST    |
S_B_i[0][1][0] | S_C_o[2][1][0] |     4.261 | SLOW    |     2.209 | FAST    |
S_B_i[0][1][0] | S_C_o[2][1][1] |     4.278 | SLOW    |     2.215 | FAST    |
S_B_i[0][1][0] | S_C_o[2][1][2] |     4.256 | SLOW    |     2.201 | FAST    |
S_B_i[0][1][0] | S_C_o[2][1][3] |     4.500 | SLOW    |     2.332 | FAST    |
S_B_i[0][1][0] | S_C_o[2][1][4] |     4.522 | SLOW    |     2.346 | FAST    |
S_B_i[0][1][0] | S_C_o[2][1][5] |     4.587 | SLOW    |     2.383 | FAST    |
S_B_i[0][1][0] | S_C_o[2][1][6] |     4.744 | SLOW    |     2.469 | FAST    |
S_B_i[0][1][0] | S_C_o[2][1][7] |     4.809 | SLOW    |     2.506 | FAST    |
S_B_i[0][1][0] | S_C_o[3][1][0] |     4.261 | SLOW    |     2.209 | FAST    |
S_B_i[0][1][0] | S_C_o[3][1][1] |     4.278 | SLOW    |     2.215 | FAST    |
S_B_i[0][1][0] | S_C_o[3][1][2] |     4.256 | SLOW    |     2.201 | FAST    |
S_B_i[0][1][0] | S_C_o[3][1][3] |     4.500 | SLOW    |     2.332 | FAST    |
S_B_i[0][1][0] | S_C_o[3][1][4] |     4.522 | SLOW    |     2.346 | FAST    |
S_B_i[0][1][0] | S_C_o[3][1][5] |     4.587 | SLOW    |     2.383 | FAST    |
S_B_i[0][1][0] | S_C_o[3][1][6] |     4.744 | SLOW    |     2.469 | FAST    |
S_B_i[0][1][0] | S_C_o[3][1][7] |     4.809 | SLOW    |     2.506 | FAST    |
S_B_i[0][1][1] | S_C_o[0][1][1] |     4.286 | SLOW    |     2.226 | FAST    |
S_B_i[0][1][1] | S_C_o[0][1][2] |     4.250 | SLOW    |     2.198 | FAST    |
S_B_i[0][1][1] | S_C_o[0][1][3] |     4.467 | SLOW    |     2.320 | FAST    |
S_B_i[0][1][1] | S_C_o[0][1][4] |     4.489 | SLOW    |     2.334 | FAST    |
S_B_i[0][1][1] | S_C_o[0][1][5] |     4.554 | SLOW    |     2.371 | FAST    |
S_B_i[0][1][1] | S_C_o[0][1][6] |     4.711 | SLOW    |     2.457 | FAST    |
S_B_i[0][1][1] | S_C_o[0][1][7] |     4.776 | SLOW    |     2.494 | FAST    |
S_B_i[0][1][1] | S_C_o[1][1][1] |     4.286 | SLOW    |     2.226 | FAST    |
S_B_i[0][1][1] | S_C_o[1][1][2] |     4.250 | SLOW    |     2.198 | FAST    |
S_B_i[0][1][1] | S_C_o[1][1][3] |     4.467 | SLOW    |     2.320 | FAST    |
S_B_i[0][1][1] | S_C_o[1][1][4] |     4.489 | SLOW    |     2.334 | FAST    |
S_B_i[0][1][1] | S_C_o[1][1][5] |     4.554 | SLOW    |     2.371 | FAST    |
S_B_i[0][1][1] | S_C_o[1][1][6] |     4.711 | SLOW    |     2.457 | FAST    |
S_B_i[0][1][1] | S_C_o[1][1][7] |     4.776 | SLOW    |     2.494 | FAST    |
S_B_i[0][1][1] | S_C_o[2][1][1] |     4.286 | SLOW    |     2.226 | FAST    |
S_B_i[0][1][1] | S_C_o[2][1][2] |     4.250 | SLOW    |     2.198 | FAST    |
S_B_i[0][1][1] | S_C_o[2][1][3] |     4.467 | SLOW    |     2.320 | FAST    |
S_B_i[0][1][1] | S_C_o[2][1][4] |     4.489 | SLOW    |     2.334 | FAST    |
S_B_i[0][1][1] | S_C_o[2][1][5] |     4.554 | SLOW    |     2.371 | FAST    |
S_B_i[0][1][1] | S_C_o[2][1][6] |     4.711 | SLOW    |     2.457 | FAST    |
S_B_i[0][1][1] | S_C_o[2][1][7] |     4.776 | SLOW    |     2.494 | FAST    |
S_B_i[0][1][1] | S_C_o[3][1][1] |     4.286 | SLOW    |     2.226 | FAST    |
S_B_i[0][1][1] | S_C_o[3][1][2] |     4.250 | SLOW    |     2.198 | FAST    |
S_B_i[0][1][1] | S_C_o[3][1][3] |     4.467 | SLOW    |     2.320 | FAST    |
S_B_i[0][1][1] | S_C_o[3][1][4] |     4.489 | SLOW    |     2.334 | FAST    |
S_B_i[0][1][1] | S_C_o[3][1][5] |     4.554 | SLOW    |     2.371 | FAST    |
S_B_i[0][1][1] | S_C_o[3][1][6] |     4.711 | SLOW    |     2.457 | FAST    |
S_B_i[0][1][1] | S_C_o[3][1][7] |     4.776 | SLOW    |     2.494 | FAST    |
S_B_i[0][1][2] | S_C_o[0][1][2] |     4.246 | SLOW    |     2.201 | FAST    |
S_B_i[0][1][2] | S_C_o[0][1][3] |     4.453 | SLOW    |     2.307 | FAST    |
S_B_i[0][1][2] | S_C_o[0][1][4] |     4.475 | SLOW    |     2.321 | FAST    |
S_B_i[0][1][2] | S_C_o[0][1][5] |     4.540 | SLOW    |     2.358 | FAST    |
S_B_i[0][1][2] | S_C_o[0][1][6] |     4.697 | SLOW    |     2.444 | FAST    |
S_B_i[0][1][2] | S_C_o[0][1][7] |     4.762 | SLOW    |     2.481 | FAST    |
S_B_i[0][1][2] | S_C_o[1][1][2] |     4.246 | SLOW    |     2.201 | FAST    |
S_B_i[0][1][2] | S_C_o[1][1][3] |     4.453 | SLOW    |     2.307 | FAST    |
S_B_i[0][1][2] | S_C_o[1][1][4] |     4.475 | SLOW    |     2.321 | FAST    |
S_B_i[0][1][2] | S_C_o[1][1][5] |     4.540 | SLOW    |     2.358 | FAST    |
S_B_i[0][1][2] | S_C_o[1][1][6] |     4.697 | SLOW    |     2.444 | FAST    |
S_B_i[0][1][2] | S_C_o[1][1][7] |     4.762 | SLOW    |     2.481 | FAST    |
S_B_i[0][1][2] | S_C_o[2][1][2] |     4.246 | SLOW    |     2.201 | FAST    |
S_B_i[0][1][2] | S_C_o[2][1][3] |     4.453 | SLOW    |     2.307 | FAST    |
S_B_i[0][1][2] | S_C_o[2][1][4] |     4.475 | SLOW    |     2.321 | FAST    |
S_B_i[0][1][2] | S_C_o[2][1][5] |     4.540 | SLOW    |     2.358 | FAST    |
S_B_i[0][1][2] | S_C_o[2][1][6] |     4.697 | SLOW    |     2.444 | FAST    |
S_B_i[0][1][2] | S_C_o[2][1][7] |     4.762 | SLOW    |     2.481 | FAST    |
S_B_i[0][1][2] | S_C_o[3][1][2] |     4.246 | SLOW    |     2.201 | FAST    |
S_B_i[0][1][2] | S_C_o[3][1][3] |     4.453 | SLOW    |     2.307 | FAST    |
S_B_i[0][1][2] | S_C_o[3][1][4] |     4.475 | SLOW    |     2.321 | FAST    |
S_B_i[0][1][2] | S_C_o[3][1][5] |     4.540 | SLOW    |     2.358 | FAST    |
S_B_i[0][1][2] | S_C_o[3][1][6] |     4.697 | SLOW    |     2.444 | FAST    |
S_B_i[0][1][2] | S_C_o[3][1][7] |     4.762 | SLOW    |     2.481 | FAST    |
S_B_i[0][1][3] | S_C_o[0][1][3] |     4.261 | SLOW    |     2.209 | FAST    |
S_B_i[0][1][3] | S_C_o[0][1][4] |     4.278 | SLOW    |     2.215 | FAST    |
S_B_i[0][1][3] | S_C_o[0][1][5] |     4.261 | SLOW    |     2.209 | FAST    |
S_B_i[0][1][3] | S_C_o[0][1][6] |     4.514 | SLOW    |     2.352 | FAST    |
S_B_i[0][1][3] | S_C_o[0][1][7] |     4.579 | SLOW    |     2.389 | FAST    |
S_B_i[0][1][3] | S_C_o[1][1][3] |     4.261 | SLOW    |     2.209 | FAST    |
S_B_i[0][1][3] | S_C_o[1][1][4] |     4.278 | SLOW    |     2.215 | FAST    |
S_B_i[0][1][3] | S_C_o[1][1][5] |     4.261 | SLOW    |     2.209 | FAST    |
S_B_i[0][1][3] | S_C_o[1][1][6] |     4.514 | SLOW    |     2.352 | FAST    |
S_B_i[0][1][3] | S_C_o[1][1][7] |     4.579 | SLOW    |     2.389 | FAST    |
S_B_i[0][1][3] | S_C_o[2][1][3] |     4.261 | SLOW    |     2.209 | FAST    |
S_B_i[0][1][3] | S_C_o[2][1][4] |     4.278 | SLOW    |     2.215 | FAST    |
S_B_i[0][1][3] | S_C_o[2][1][5] |     4.261 | SLOW    |     2.209 | FAST    |
S_B_i[0][1][3] | S_C_o[2][1][6] |     4.514 | SLOW    |     2.352 | FAST    |
S_B_i[0][1][3] | S_C_o[2][1][7] |     4.579 | SLOW    |     2.389 | FAST    |
S_B_i[0][1][3] | S_C_o[3][1][3] |     4.261 | SLOW    |     2.209 | FAST    |
S_B_i[0][1][3] | S_C_o[3][1][4] |     4.278 | SLOW    |     2.215 | FAST    |
S_B_i[0][1][3] | S_C_o[3][1][5] |     4.261 | SLOW    |     2.209 | FAST    |
S_B_i[0][1][3] | S_C_o[3][1][6] |     4.514 | SLOW    |     2.352 | FAST    |
S_B_i[0][1][3] | S_C_o[3][1][7] |     4.579 | SLOW    |     2.389 | FAST    |
S_B_i[0][1][4] | S_C_o[0][1][4] |     4.286 | SLOW    |     2.226 | FAST    |
S_B_i[0][1][4] | S_C_o[0][1][5] |     4.250 | SLOW    |     2.198 | FAST    |
S_B_i[0][1][4] | S_C_o[0][1][6] |     4.494 | SLOW    |     2.335 | FAST    |
S_B_i[0][1][4] | S_C_o[0][1][7] |     4.559 | SLOW    |     2.372 | FAST    |
S_B_i[0][1][4] | S_C_o[1][1][4] |     4.286 | SLOW    |     2.226 | FAST    |
S_B_i[0][1][4] | S_C_o[1][1][5] |     4.250 | SLOW    |     2.198 | FAST    |
S_B_i[0][1][4] | S_C_o[1][1][6] |     4.494 | SLOW    |     2.335 | FAST    |
S_B_i[0][1][4] | S_C_o[1][1][7] |     4.559 | SLOW    |     2.372 | FAST    |
S_B_i[0][1][4] | S_C_o[2][1][4] |     4.286 | SLOW    |     2.226 | FAST    |
S_B_i[0][1][4] | S_C_o[2][1][5] |     4.250 | SLOW    |     2.198 | FAST    |
S_B_i[0][1][4] | S_C_o[2][1][6] |     4.494 | SLOW    |     2.335 | FAST    |
S_B_i[0][1][4] | S_C_o[2][1][7] |     4.559 | SLOW    |     2.372 | FAST    |
S_B_i[0][1][4] | S_C_o[3][1][4] |     4.286 | SLOW    |     2.226 | FAST    |
S_B_i[0][1][4] | S_C_o[3][1][5] |     4.250 | SLOW    |     2.198 | FAST    |
S_B_i[0][1][4] | S_C_o[3][1][6] |     4.494 | SLOW    |     2.335 | FAST    |
S_B_i[0][1][4] | S_C_o[3][1][7] |     4.559 | SLOW    |     2.372 | FAST    |
S_B_i[0][1][5] | S_C_o[0][1][5] |     4.453 | SLOW    |     2.319 | FAST    |
S_B_i[0][1][5] | S_C_o[0][1][6] |     4.272 | SLOW    |     2.212 | FAST    |
S_B_i[0][1][5] | S_C_o[0][1][7] |     4.250 | SLOW    |     2.198 | FAST    |
S_B_i[0][1][5] | S_C_o[1][1][5] |     4.453 | SLOW    |     2.319 | FAST    |
S_B_i[0][1][5] | S_C_o[1][1][6] |     4.272 | SLOW    |     2.212 | FAST    |
S_B_i[0][1][5] | S_C_o[1][1][7] |     4.250 | SLOW    |     2.198 | FAST    |
S_B_i[0][1][5] | S_C_o[2][1][5] |     4.453 | SLOW    |     2.319 | FAST    |
S_B_i[0][1][5] | S_C_o[2][1][6] |     4.272 | SLOW    |     2.212 | FAST    |
S_B_i[0][1][5] | S_C_o[2][1][7] |     4.250 | SLOW    |     2.198 | FAST    |
S_B_i[0][1][5] | S_C_o[3][1][5] |     4.453 | SLOW    |     2.319 | FAST    |
S_B_i[0][1][5] | S_C_o[3][1][6] |     4.272 | SLOW    |     2.212 | FAST    |
S_B_i[0][1][5] | S_C_o[3][1][7] |     4.250 | SLOW    |     2.198 | FAST    |
S_B_i[0][1][6] | S_C_o[0][1][6] |     4.277 | SLOW    |     2.221 | FAST    |
S_B_i[0][1][6] | S_C_o[0][1][7] |     4.246 | SLOW    |     2.201 | FAST    |
S_B_i[0][1][6] | S_C_o[1][1][6] |     4.277 | SLOW    |     2.221 | FAST    |
S_B_i[0][1][6] | S_C_o[1][1][7] |     4.246 | SLOW    |     2.201 | FAST    |
S_B_i[0][1][6] | S_C_o[2][1][6] |     4.277 | SLOW    |     2.221 | FAST    |
S_B_i[0][1][6] | S_C_o[2][1][7] |     4.246 | SLOW    |     2.201 | FAST    |
S_B_i[0][1][6] | S_C_o[3][1][6] |     4.277 | SLOW    |     2.221 | FAST    |
S_B_i[0][1][6] | S_C_o[3][1][7] |     4.246 | SLOW    |     2.201 | FAST    |
S_B_i[0][1][7] | S_C_o[0][1][7] |     4.459 | SLOW    |     2.326 | FAST    |
S_B_i[0][1][7] | S_C_o[1][1][7] |     4.459 | SLOW    |     2.326 | FAST    |
S_B_i[0][1][7] | S_C_o[2][1][7] |     4.459 | SLOW    |     2.326 | FAST    |
S_B_i[0][1][7] | S_C_o[3][1][7] |     4.459 | SLOW    |     2.326 | FAST    |
S_B_i[0][2][0] | S_C_o[0][2][0] |     4.261 | SLOW    |     2.209 | FAST    |
S_B_i[0][2][0] | S_C_o[0][2][1] |     4.278 | SLOW    |     2.215 | FAST    |
S_B_i[0][2][0] | S_C_o[0][2][2] |     4.256 | SLOW    |     2.201 | FAST    |
S_B_i[0][2][0] | S_C_o[0][2][3] |     4.500 | SLOW    |     2.332 | FAST    |
S_B_i[0][2][0] | S_C_o[0][2][4] |     4.522 | SLOW    |     2.346 | FAST    |
S_B_i[0][2][0] | S_C_o[0][2][5] |     4.587 | SLOW    |     2.383 | FAST    |
S_B_i[0][2][0] | S_C_o[0][2][6] |     4.744 | SLOW    |     2.469 | FAST    |
S_B_i[0][2][0] | S_C_o[0][2][7] |     4.809 | SLOW    |     2.506 | FAST    |
S_B_i[0][2][0] | S_C_o[1][2][0] |     4.261 | SLOW    |     2.209 | FAST    |
S_B_i[0][2][0] | S_C_o[1][2][1] |     4.278 | SLOW    |     2.215 | FAST    |
S_B_i[0][2][0] | S_C_o[1][2][2] |     4.256 | SLOW    |     2.201 | FAST    |
S_B_i[0][2][0] | S_C_o[1][2][3] |     4.500 | SLOW    |     2.332 | FAST    |
S_B_i[0][2][0] | S_C_o[1][2][4] |     4.522 | SLOW    |     2.346 | FAST    |
S_B_i[0][2][0] | S_C_o[1][2][5] |     4.587 | SLOW    |     2.383 | FAST    |
S_B_i[0][2][0] | S_C_o[1][2][6] |     4.744 | SLOW    |     2.469 | FAST    |
S_B_i[0][2][0] | S_C_o[1][2][7] |     4.809 | SLOW    |     2.506 | FAST    |
S_B_i[0][2][0] | S_C_o[2][2][0] |     4.261 | SLOW    |     2.209 | FAST    |
S_B_i[0][2][0] | S_C_o[2][2][1] |     4.278 | SLOW    |     2.215 | FAST    |
S_B_i[0][2][0] | S_C_o[2][2][2] |     4.256 | SLOW    |     2.201 | FAST    |
S_B_i[0][2][0] | S_C_o[2][2][3] |     4.500 | SLOW    |     2.332 | FAST    |
S_B_i[0][2][0] | S_C_o[2][2][4] |     4.522 | SLOW    |     2.346 | FAST    |
S_B_i[0][2][0] | S_C_o[2][2][5] |     4.587 | SLOW    |     2.383 | FAST    |
S_B_i[0][2][0] | S_C_o[2][2][6] |     4.744 | SLOW    |     2.469 | FAST    |
S_B_i[0][2][0] | S_C_o[2][2][7] |     4.809 | SLOW    |     2.506 | FAST    |
S_B_i[0][2][0] | S_C_o[3][2][0] |     4.261 | SLOW    |     2.209 | FAST    |
S_B_i[0][2][0] | S_C_o[3][2][1] |     4.278 | SLOW    |     2.215 | FAST    |
S_B_i[0][2][0] | S_C_o[3][2][2] |     4.256 | SLOW    |     2.201 | FAST    |
S_B_i[0][2][0] | S_C_o[3][2][3] |     4.500 | SLOW    |     2.332 | FAST    |
S_B_i[0][2][0] | S_C_o[3][2][4] |     4.522 | SLOW    |     2.346 | FAST    |
S_B_i[0][2][0] | S_C_o[3][2][5] |     4.587 | SLOW    |     2.383 | FAST    |
S_B_i[0][2][0] | S_C_o[3][2][6] |     4.744 | SLOW    |     2.469 | FAST    |
S_B_i[0][2][0] | S_C_o[3][2][7] |     4.809 | SLOW    |     2.506 | FAST    |
S_B_i[0][2][1] | S_C_o[0][2][1] |     4.286 | SLOW    |     2.226 | FAST    |
S_B_i[0][2][1] | S_C_o[0][2][2] |     4.250 | SLOW    |     2.198 | FAST    |
S_B_i[0][2][1] | S_C_o[0][2][3] |     4.467 | SLOW    |     2.320 | FAST    |
S_B_i[0][2][1] | S_C_o[0][2][4] |     4.489 | SLOW    |     2.334 | FAST    |
S_B_i[0][2][1] | S_C_o[0][2][5] |     4.554 | SLOW    |     2.371 | FAST    |
S_B_i[0][2][1] | S_C_o[0][2][6] |     4.711 | SLOW    |     2.457 | FAST    |
S_B_i[0][2][1] | S_C_o[0][2][7] |     4.776 | SLOW    |     2.494 | FAST    |
S_B_i[0][2][1] | S_C_o[1][2][1] |     4.286 | SLOW    |     2.226 | FAST    |
S_B_i[0][2][1] | S_C_o[1][2][2] |     4.250 | SLOW    |     2.198 | FAST    |
S_B_i[0][2][1] | S_C_o[1][2][3] |     4.467 | SLOW    |     2.320 | FAST    |
S_B_i[0][2][1] | S_C_o[1][2][4] |     4.489 | SLOW    |     2.334 | FAST    |
S_B_i[0][2][1] | S_C_o[1][2][5] |     4.554 | SLOW    |     2.371 | FAST    |
S_B_i[0][2][1] | S_C_o[1][2][6] |     4.711 | SLOW    |     2.457 | FAST    |
S_B_i[0][2][1] | S_C_o[1][2][7] |     4.776 | SLOW    |     2.494 | FAST    |
S_B_i[0][2][1] | S_C_o[2][2][1] |     4.286 | SLOW    |     2.226 | FAST    |
S_B_i[0][2][1] | S_C_o[2][2][2] |     4.250 | SLOW    |     2.198 | FAST    |
S_B_i[0][2][1] | S_C_o[2][2][3] |     4.467 | SLOW    |     2.320 | FAST    |
S_B_i[0][2][1] | S_C_o[2][2][4] |     4.489 | SLOW    |     2.334 | FAST    |
S_B_i[0][2][1] | S_C_o[2][2][5] |     4.554 | SLOW    |     2.371 | FAST    |
S_B_i[0][2][1] | S_C_o[2][2][6] |     4.711 | SLOW    |     2.457 | FAST    |
S_B_i[0][2][1] | S_C_o[2][2][7] |     4.776 | SLOW    |     2.494 | FAST    |
S_B_i[0][2][1] | S_C_o[3][2][1] |     4.286 | SLOW    |     2.226 | FAST    |
S_B_i[0][2][1] | S_C_o[3][2][2] |     4.250 | SLOW    |     2.198 | FAST    |
S_B_i[0][2][1] | S_C_o[3][2][3] |     4.467 | SLOW    |     2.320 | FAST    |
S_B_i[0][2][1] | S_C_o[3][2][4] |     4.489 | SLOW    |     2.334 | FAST    |
S_B_i[0][2][1] | S_C_o[3][2][5] |     4.554 | SLOW    |     2.371 | FAST    |
S_B_i[0][2][1] | S_C_o[3][2][6] |     4.711 | SLOW    |     2.457 | FAST    |
S_B_i[0][2][1] | S_C_o[3][2][7] |     4.776 | SLOW    |     2.494 | FAST    |
S_B_i[0][2][2] | S_C_o[0][2][2] |     4.246 | SLOW    |     2.201 | FAST    |
S_B_i[0][2][2] | S_C_o[0][2][3] |     4.453 | SLOW    |     2.307 | FAST    |
S_B_i[0][2][2] | S_C_o[0][2][4] |     4.475 | SLOW    |     2.321 | FAST    |
S_B_i[0][2][2] | S_C_o[0][2][5] |     4.540 | SLOW    |     2.358 | FAST    |
S_B_i[0][2][2] | S_C_o[0][2][6] |     4.697 | SLOW    |     2.444 | FAST    |
S_B_i[0][2][2] | S_C_o[0][2][7] |     4.762 | SLOW    |     2.481 | FAST    |
S_B_i[0][2][2] | S_C_o[1][2][2] |     4.246 | SLOW    |     2.201 | FAST    |
S_B_i[0][2][2] | S_C_o[1][2][3] |     4.453 | SLOW    |     2.307 | FAST    |
S_B_i[0][2][2] | S_C_o[1][2][4] |     4.475 | SLOW    |     2.321 | FAST    |
S_B_i[0][2][2] | S_C_o[1][2][5] |     4.540 | SLOW    |     2.358 | FAST    |
S_B_i[0][2][2] | S_C_o[1][2][6] |     4.697 | SLOW    |     2.444 | FAST    |
S_B_i[0][2][2] | S_C_o[1][2][7] |     4.762 | SLOW    |     2.481 | FAST    |
S_B_i[0][2][2] | S_C_o[2][2][2] |     4.246 | SLOW    |     2.201 | FAST    |
S_B_i[0][2][2] | S_C_o[2][2][3] |     4.453 | SLOW    |     2.307 | FAST    |
S_B_i[0][2][2] | S_C_o[2][2][4] |     4.475 | SLOW    |     2.321 | FAST    |
S_B_i[0][2][2] | S_C_o[2][2][5] |     4.540 | SLOW    |     2.358 | FAST    |
S_B_i[0][2][2] | S_C_o[2][2][6] |     4.697 | SLOW    |     2.444 | FAST    |
S_B_i[0][2][2] | S_C_o[2][2][7] |     4.762 | SLOW    |     2.481 | FAST    |
S_B_i[0][2][2] | S_C_o[3][2][2] |     4.246 | SLOW    |     2.201 | FAST    |
S_B_i[0][2][2] | S_C_o[3][2][3] |     4.453 | SLOW    |     2.307 | FAST    |
S_B_i[0][2][2] | S_C_o[3][2][4] |     4.475 | SLOW    |     2.321 | FAST    |
S_B_i[0][2][2] | S_C_o[3][2][5] |     4.540 | SLOW    |     2.358 | FAST    |
S_B_i[0][2][2] | S_C_o[3][2][6] |     4.697 | SLOW    |     2.444 | FAST    |
S_B_i[0][2][2] | S_C_o[3][2][7] |     4.762 | SLOW    |     2.481 | FAST    |
S_B_i[0][2][3] | S_C_o[0][2][3] |     4.261 | SLOW    |     2.209 | FAST    |
S_B_i[0][2][3] | S_C_o[0][2][4] |     4.278 | SLOW    |     2.215 | FAST    |
S_B_i[0][2][3] | S_C_o[0][2][5] |     4.261 | SLOW    |     2.209 | FAST    |
S_B_i[0][2][3] | S_C_o[0][2][6] |     4.514 | SLOW    |     2.352 | FAST    |
S_B_i[0][2][3] | S_C_o[0][2][7] |     4.579 | SLOW    |     2.389 | FAST    |
S_B_i[0][2][3] | S_C_o[1][2][3] |     4.261 | SLOW    |     2.209 | FAST    |
S_B_i[0][2][3] | S_C_o[1][2][4] |     4.278 | SLOW    |     2.215 | FAST    |
S_B_i[0][2][3] | S_C_o[1][2][5] |     4.261 | SLOW    |     2.209 | FAST    |
S_B_i[0][2][3] | S_C_o[1][2][6] |     4.514 | SLOW    |     2.352 | FAST    |
S_B_i[0][2][3] | S_C_o[1][2][7] |     4.579 | SLOW    |     2.389 | FAST    |
S_B_i[0][2][3] | S_C_o[2][2][3] |     4.261 | SLOW    |     2.209 | FAST    |
S_B_i[0][2][3] | S_C_o[2][2][4] |     4.278 | SLOW    |     2.215 | FAST    |
S_B_i[0][2][3] | S_C_o[2][2][5] |     4.261 | SLOW    |     2.209 | FAST    |
S_B_i[0][2][3] | S_C_o[2][2][6] |     4.514 | SLOW    |     2.352 | FAST    |
S_B_i[0][2][3] | S_C_o[2][2][7] |     4.579 | SLOW    |     2.389 | FAST    |
S_B_i[0][2][3] | S_C_o[3][2][3] |     4.261 | SLOW    |     2.209 | FAST    |
S_B_i[0][2][3] | S_C_o[3][2][4] |     4.278 | SLOW    |     2.215 | FAST    |
S_B_i[0][2][3] | S_C_o[3][2][5] |     4.261 | SLOW    |     2.209 | FAST    |
S_B_i[0][2][3] | S_C_o[3][2][6] |     4.514 | SLOW    |     2.352 | FAST    |
S_B_i[0][2][3] | S_C_o[3][2][7] |     4.579 | SLOW    |     2.389 | FAST    |
S_B_i[0][2][4] | S_C_o[0][2][4] |     4.286 | SLOW    |     2.226 | FAST    |
S_B_i[0][2][4] | S_C_o[0][2][5] |     4.250 | SLOW    |     2.198 | FAST    |
S_B_i[0][2][4] | S_C_o[0][2][6] |     4.494 | SLOW    |     2.335 | FAST    |
S_B_i[0][2][4] | S_C_o[0][2][7] |     4.559 | SLOW    |     2.372 | FAST    |
S_B_i[0][2][4] | S_C_o[1][2][4] |     4.286 | SLOW    |     2.226 | FAST    |
S_B_i[0][2][4] | S_C_o[1][2][5] |     4.250 | SLOW    |     2.198 | FAST    |
S_B_i[0][2][4] | S_C_o[1][2][6] |     4.494 | SLOW    |     2.335 | FAST    |
S_B_i[0][2][4] | S_C_o[1][2][7] |     4.559 | SLOW    |     2.372 | FAST    |
S_B_i[0][2][4] | S_C_o[2][2][4] |     4.286 | SLOW    |     2.226 | FAST    |
S_B_i[0][2][4] | S_C_o[2][2][5] |     4.250 | SLOW    |     2.198 | FAST    |
S_B_i[0][2][4] | S_C_o[2][2][6] |     4.494 | SLOW    |     2.335 | FAST    |
S_B_i[0][2][4] | S_C_o[2][2][7] |     4.559 | SLOW    |     2.372 | FAST    |
S_B_i[0][2][4] | S_C_o[3][2][4] |     4.286 | SLOW    |     2.226 | FAST    |
S_B_i[0][2][4] | S_C_o[3][2][5] |     4.250 | SLOW    |     2.198 | FAST    |
S_B_i[0][2][4] | S_C_o[3][2][6] |     4.494 | SLOW    |     2.335 | FAST    |
S_B_i[0][2][4] | S_C_o[3][2][7] |     4.559 | SLOW    |     2.372 | FAST    |
S_B_i[0][2][5] | S_C_o[0][2][5] |     4.453 | SLOW    |     2.319 | FAST    |
S_B_i[0][2][5] | S_C_o[0][2][6] |     4.272 | SLOW    |     2.212 | FAST    |
S_B_i[0][2][5] | S_C_o[0][2][7] |     4.250 | SLOW    |     2.198 | FAST    |
S_B_i[0][2][5] | S_C_o[1][2][5] |     4.453 | SLOW    |     2.319 | FAST    |
S_B_i[0][2][5] | S_C_o[1][2][6] |     4.272 | SLOW    |     2.212 | FAST    |
S_B_i[0][2][5] | S_C_o[1][2][7] |     4.250 | SLOW    |     2.198 | FAST    |
S_B_i[0][2][5] | S_C_o[2][2][5] |     4.453 | SLOW    |     2.319 | FAST    |
S_B_i[0][2][5] | S_C_o[2][2][6] |     4.272 | SLOW    |     2.212 | FAST    |
S_B_i[0][2][5] | S_C_o[2][2][7] |     4.250 | SLOW    |     2.198 | FAST    |
S_B_i[0][2][5] | S_C_o[3][2][5] |     4.453 | SLOW    |     2.319 | FAST    |
S_B_i[0][2][5] | S_C_o[3][2][6] |     4.272 | SLOW    |     2.212 | FAST    |
S_B_i[0][2][5] | S_C_o[3][2][7] |     4.250 | SLOW    |     2.198 | FAST    |
S_B_i[0][2][6] | S_C_o[0][2][6] |     4.277 | SLOW    |     2.221 | FAST    |
S_B_i[0][2][6] | S_C_o[0][2][7] |     4.246 | SLOW    |     2.201 | FAST    |
S_B_i[0][2][6] | S_C_o[1][2][6] |     4.277 | SLOW    |     2.221 | FAST    |
S_B_i[0][2][6] | S_C_o[1][2][7] |     4.246 | SLOW    |     2.201 | FAST    |
S_B_i[0][2][6] | S_C_o[2][2][6] |     4.277 | SLOW    |     2.221 | FAST    |
S_B_i[0][2][6] | S_C_o[2][2][7] |     4.246 | SLOW    |     2.201 | FAST    |
S_B_i[0][2][6] | S_C_o[3][2][6] |     4.277 | SLOW    |     2.221 | FAST    |
S_B_i[0][2][6] | S_C_o[3][2][7] |     4.246 | SLOW    |     2.201 | FAST    |
S_B_i[0][2][7] | S_C_o[0][2][7] |     4.428 | SLOW    |     2.306 | FAST    |
S_B_i[0][2][7] | S_C_o[1][2][7] |     4.428 | SLOW    |     2.306 | FAST    |
S_B_i[0][2][7] | S_C_o[2][2][7] |     4.428 | SLOW    |     2.306 | FAST    |
S_B_i[0][2][7] | S_C_o[3][2][7] |     4.428 | SLOW    |     2.306 | FAST    |
S_B_i[0][3][0] | S_C_o[0][3][0] |     4.261 | SLOW    |     2.209 | FAST    |
S_B_i[0][3][0] | S_C_o[0][3][1] |     4.278 | SLOW    |     2.215 | FAST    |
S_B_i[0][3][0] | S_C_o[0][3][2] |     4.256 | SLOW    |     2.201 | FAST    |
S_B_i[0][3][0] | S_C_o[0][3][3] |     4.500 | SLOW    |     2.332 | FAST    |
S_B_i[0][3][0] | S_C_o[0][3][4] |     4.522 | SLOW    |     2.346 | FAST    |
S_B_i[0][3][0] | S_C_o[0][3][5] |     4.587 | SLOW    |     2.383 | FAST    |
S_B_i[0][3][0] | S_C_o[0][3][6] |     4.744 | SLOW    |     2.469 | FAST    |
S_B_i[0][3][0] | S_C_o[0][3][7] |     4.809 | SLOW    |     2.506 | FAST    |
S_B_i[0][3][0] | S_C_o[1][3][0] |     4.261 | SLOW    |     2.209 | FAST    |
S_B_i[0][3][0] | S_C_o[1][3][1] |     4.278 | SLOW    |     2.215 | FAST    |
S_B_i[0][3][0] | S_C_o[1][3][2] |     4.256 | SLOW    |     2.201 | FAST    |
S_B_i[0][3][0] | S_C_o[1][3][3] |     4.500 | SLOW    |     2.332 | FAST    |
S_B_i[0][3][0] | S_C_o[1][3][4] |     4.522 | SLOW    |     2.346 | FAST    |
S_B_i[0][3][0] | S_C_o[1][3][5] |     4.587 | SLOW    |     2.383 | FAST    |
S_B_i[0][3][0] | S_C_o[1][3][6] |     4.744 | SLOW    |     2.469 | FAST    |
S_B_i[0][3][0] | S_C_o[1][3][7] |     4.809 | SLOW    |     2.506 | FAST    |
S_B_i[0][3][0] | S_C_o[2][3][0] |     4.261 | SLOW    |     2.209 | FAST    |
S_B_i[0][3][0] | S_C_o[2][3][1] |     4.278 | SLOW    |     2.215 | FAST    |
S_B_i[0][3][0] | S_C_o[2][3][2] |     4.256 | SLOW    |     2.201 | FAST    |
S_B_i[0][3][0] | S_C_o[2][3][3] |     4.500 | SLOW    |     2.332 | FAST    |
S_B_i[0][3][0] | S_C_o[2][3][4] |     4.522 | SLOW    |     2.346 | FAST    |
S_B_i[0][3][0] | S_C_o[2][3][5] |     4.587 | SLOW    |     2.383 | FAST    |
S_B_i[0][3][0] | S_C_o[2][3][6] |     4.744 | SLOW    |     2.469 | FAST    |
S_B_i[0][3][0] | S_C_o[2][3][7] |     4.809 | SLOW    |     2.506 | FAST    |
S_B_i[0][3][0] | S_C_o[3][3][0] |     4.261 | SLOW    |     2.209 | FAST    |
S_B_i[0][3][0] | S_C_o[3][3][1] |     4.278 | SLOW    |     2.215 | FAST    |
S_B_i[0][3][0] | S_C_o[3][3][2] |     4.256 | SLOW    |     2.201 | FAST    |
S_B_i[0][3][0] | S_C_o[3][3][3] |     4.500 | SLOW    |     2.332 | FAST    |
S_B_i[0][3][0] | S_C_o[3][3][4] |     4.522 | SLOW    |     2.346 | FAST    |
S_B_i[0][3][0] | S_C_o[3][3][5] |     4.587 | SLOW    |     2.383 | FAST    |
S_B_i[0][3][0] | S_C_o[3][3][6] |     4.744 | SLOW    |     2.469 | FAST    |
S_B_i[0][3][0] | S_C_o[3][3][7] |     4.809 | SLOW    |     2.506 | FAST    |
S_B_i[0][3][1] | S_C_o[0][3][1] |     4.286 | SLOW    |     2.226 | FAST    |
S_B_i[0][3][1] | S_C_o[0][3][2] |     4.250 | SLOW    |     2.198 | FAST    |
S_B_i[0][3][1] | S_C_o[0][3][3] |     4.467 | SLOW    |     2.320 | FAST    |
S_B_i[0][3][1] | S_C_o[0][3][4] |     4.489 | SLOW    |     2.334 | FAST    |
S_B_i[0][3][1] | S_C_o[0][3][5] |     4.554 | SLOW    |     2.371 | FAST    |
S_B_i[0][3][1] | S_C_o[0][3][6] |     4.711 | SLOW    |     2.457 | FAST    |
S_B_i[0][3][1] | S_C_o[0][3][7] |     4.776 | SLOW    |     2.494 | FAST    |
S_B_i[0][3][1] | S_C_o[1][3][1] |     4.286 | SLOW    |     2.226 | FAST    |
S_B_i[0][3][1] | S_C_o[1][3][2] |     4.250 | SLOW    |     2.198 | FAST    |
S_B_i[0][3][1] | S_C_o[1][3][3] |     4.467 | SLOW    |     2.320 | FAST    |
S_B_i[0][3][1] | S_C_o[1][3][4] |     4.489 | SLOW    |     2.334 | FAST    |
S_B_i[0][3][1] | S_C_o[1][3][5] |     4.554 | SLOW    |     2.371 | FAST    |
S_B_i[0][3][1] | S_C_o[1][3][6] |     4.711 | SLOW    |     2.457 | FAST    |
S_B_i[0][3][1] | S_C_o[1][3][7] |     4.776 | SLOW    |     2.494 | FAST    |
S_B_i[0][3][1] | S_C_o[2][3][1] |     4.286 | SLOW    |     2.226 | FAST    |
S_B_i[0][3][1] | S_C_o[2][3][2] |     4.250 | SLOW    |     2.198 | FAST    |
S_B_i[0][3][1] | S_C_o[2][3][3] |     4.467 | SLOW    |     2.320 | FAST    |
S_B_i[0][3][1] | S_C_o[2][3][4] |     4.489 | SLOW    |     2.334 | FAST    |
S_B_i[0][3][1] | S_C_o[2][3][5] |     4.554 | SLOW    |     2.371 | FAST    |
S_B_i[0][3][1] | S_C_o[2][3][6] |     4.711 | SLOW    |     2.457 | FAST    |
S_B_i[0][3][1] | S_C_o[2][3][7] |     4.776 | SLOW    |     2.494 | FAST    |
S_B_i[0][3][1] | S_C_o[3][3][1] |     4.286 | SLOW    |     2.226 | FAST    |
S_B_i[0][3][1] | S_C_o[3][3][2] |     4.250 | SLOW    |     2.198 | FAST    |
S_B_i[0][3][1] | S_C_o[3][3][3] |     4.467 | SLOW    |     2.320 | FAST    |
S_B_i[0][3][1] | S_C_o[3][3][4] |     4.489 | SLOW    |     2.334 | FAST    |
S_B_i[0][3][1] | S_C_o[3][3][5] |     4.554 | SLOW    |     2.371 | FAST    |
S_B_i[0][3][1] | S_C_o[3][3][6] |     4.711 | SLOW    |     2.457 | FAST    |
S_B_i[0][3][1] | S_C_o[3][3][7] |     4.776 | SLOW    |     2.494 | FAST    |
S_B_i[0][3][2] | S_C_o[0][3][2] |     4.246 | SLOW    |     2.201 | FAST    |
S_B_i[0][3][2] | S_C_o[0][3][3] |     4.453 | SLOW    |     2.307 | FAST    |
S_B_i[0][3][2] | S_C_o[0][3][4] |     4.475 | SLOW    |     2.321 | FAST    |
S_B_i[0][3][2] | S_C_o[0][3][5] |     4.540 | SLOW    |     2.358 | FAST    |
S_B_i[0][3][2] | S_C_o[0][3][6] |     4.697 | SLOW    |     2.444 | FAST    |
S_B_i[0][3][2] | S_C_o[0][3][7] |     4.762 | SLOW    |     2.481 | FAST    |
S_B_i[0][3][2] | S_C_o[1][3][2] |     4.246 | SLOW    |     2.201 | FAST    |
S_B_i[0][3][2] | S_C_o[1][3][3] |     4.453 | SLOW    |     2.307 | FAST    |
S_B_i[0][3][2] | S_C_o[1][3][4] |     4.475 | SLOW    |     2.321 | FAST    |
S_B_i[0][3][2] | S_C_o[1][3][5] |     4.540 | SLOW    |     2.358 | FAST    |
S_B_i[0][3][2] | S_C_o[1][3][6] |     4.697 | SLOW    |     2.444 | FAST    |
S_B_i[0][3][2] | S_C_o[1][3][7] |     4.762 | SLOW    |     2.481 | FAST    |
S_B_i[0][3][2] | S_C_o[2][3][2] |     4.246 | SLOW    |     2.201 | FAST    |
S_B_i[0][3][2] | S_C_o[2][3][3] |     4.453 | SLOW    |     2.307 | FAST    |
S_B_i[0][3][2] | S_C_o[2][3][4] |     4.475 | SLOW    |     2.321 | FAST    |
S_B_i[0][3][2] | S_C_o[2][3][5] |     4.540 | SLOW    |     2.358 | FAST    |
S_B_i[0][3][2] | S_C_o[2][3][6] |     4.697 | SLOW    |     2.444 | FAST    |
S_B_i[0][3][2] | S_C_o[2][3][7] |     4.762 | SLOW    |     2.481 | FAST    |
S_B_i[0][3][2] | S_C_o[3][3][2] |     4.246 | SLOW    |     2.201 | FAST    |
S_B_i[0][3][2] | S_C_o[3][3][3] |     4.453 | SLOW    |     2.307 | FAST    |
S_B_i[0][3][2] | S_C_o[3][3][4] |     4.475 | SLOW    |     2.321 | FAST    |
S_B_i[0][3][2] | S_C_o[3][3][5] |     4.540 | SLOW    |     2.358 | FAST    |
S_B_i[0][3][2] | S_C_o[3][3][6] |     4.697 | SLOW    |     2.444 | FAST    |
S_B_i[0][3][2] | S_C_o[3][3][7] |     4.762 | SLOW    |     2.481 | FAST    |
S_B_i[0][3][3] | S_C_o[0][3][3] |     4.261 | SLOW    |     2.209 | FAST    |
S_B_i[0][3][3] | S_C_o[0][3][4] |     4.278 | SLOW    |     2.215 | FAST    |
S_B_i[0][3][3] | S_C_o[0][3][5] |     4.261 | SLOW    |     2.209 | FAST    |
S_B_i[0][3][3] | S_C_o[0][3][6] |     4.514 | SLOW    |     2.352 | FAST    |
S_B_i[0][3][3] | S_C_o[0][3][7] |     4.579 | SLOW    |     2.389 | FAST    |
S_B_i[0][3][3] | S_C_o[1][3][3] |     4.261 | SLOW    |     2.209 | FAST    |
S_B_i[0][3][3] | S_C_o[1][3][4] |     4.278 | SLOW    |     2.215 | FAST    |
S_B_i[0][3][3] | S_C_o[1][3][5] |     4.261 | SLOW    |     2.209 | FAST    |
S_B_i[0][3][3] | S_C_o[1][3][6] |     4.514 | SLOW    |     2.352 | FAST    |
S_B_i[0][3][3] | S_C_o[1][3][7] |     4.579 | SLOW    |     2.389 | FAST    |
S_B_i[0][3][3] | S_C_o[2][3][3] |     4.261 | SLOW    |     2.209 | FAST    |
S_B_i[0][3][3] | S_C_o[2][3][4] |     4.278 | SLOW    |     2.215 | FAST    |
S_B_i[0][3][3] | S_C_o[2][3][5] |     4.261 | SLOW    |     2.209 | FAST    |
S_B_i[0][3][3] | S_C_o[2][3][6] |     4.514 | SLOW    |     2.352 | FAST    |
S_B_i[0][3][3] | S_C_o[2][3][7] |     4.579 | SLOW    |     2.389 | FAST    |
S_B_i[0][3][3] | S_C_o[3][3][3] |     4.261 | SLOW    |     2.209 | FAST    |
S_B_i[0][3][3] | S_C_o[3][3][4] |     4.278 | SLOW    |     2.215 | FAST    |
S_B_i[0][3][3] | S_C_o[3][3][5] |     4.261 | SLOW    |     2.209 | FAST    |
S_B_i[0][3][3] | S_C_o[3][3][6] |     4.514 | SLOW    |     2.352 | FAST    |
S_B_i[0][3][3] | S_C_o[3][3][7] |     4.579 | SLOW    |     2.389 | FAST    |
S_B_i[0][3][4] | S_C_o[0][3][4] |     4.286 | SLOW    |     2.226 | FAST    |
S_B_i[0][3][4] | S_C_o[0][3][5] |     4.250 | SLOW    |     2.198 | FAST    |
S_B_i[0][3][4] | S_C_o[0][3][6] |     4.494 | SLOW    |     2.335 | FAST    |
S_B_i[0][3][4] | S_C_o[0][3][7] |     4.559 | SLOW    |     2.372 | FAST    |
S_B_i[0][3][4] | S_C_o[1][3][4] |     4.286 | SLOW    |     2.226 | FAST    |
S_B_i[0][3][4] | S_C_o[1][3][5] |     4.250 | SLOW    |     2.198 | FAST    |
S_B_i[0][3][4] | S_C_o[1][3][6] |     4.494 | SLOW    |     2.335 | FAST    |
S_B_i[0][3][4] | S_C_o[1][3][7] |     4.559 | SLOW    |     2.372 | FAST    |
S_B_i[0][3][4] | S_C_o[2][3][4] |     4.286 | SLOW    |     2.226 | FAST    |
S_B_i[0][3][4] | S_C_o[2][3][5] |     4.250 | SLOW    |     2.198 | FAST    |
S_B_i[0][3][4] | S_C_o[2][3][6] |     4.494 | SLOW    |     2.335 | FAST    |
S_B_i[0][3][4] | S_C_o[2][3][7] |     4.559 | SLOW    |     2.372 | FAST    |
S_B_i[0][3][4] | S_C_o[3][3][4] |     4.286 | SLOW    |     2.226 | FAST    |
S_B_i[0][3][4] | S_C_o[3][3][5] |     4.250 | SLOW    |     2.198 | FAST    |
S_B_i[0][3][4] | S_C_o[3][3][6] |     4.494 | SLOW    |     2.335 | FAST    |
S_B_i[0][3][4] | S_C_o[3][3][7] |     4.559 | SLOW    |     2.372 | FAST    |
S_B_i[0][3][5] | S_C_o[0][3][5] |     4.453 | SLOW    |     2.319 | FAST    |
S_B_i[0][3][5] | S_C_o[0][3][6] |     4.272 | SLOW    |     2.212 | FAST    |
S_B_i[0][3][5] | S_C_o[0][3][7] |     4.250 | SLOW    |     2.198 | FAST    |
S_B_i[0][3][5] | S_C_o[1][3][5] |     4.453 | SLOW    |     2.319 | FAST    |
S_B_i[0][3][5] | S_C_o[1][3][6] |     4.272 | SLOW    |     2.212 | FAST    |
S_B_i[0][3][5] | S_C_o[1][3][7] |     4.250 | SLOW    |     2.198 | FAST    |
S_B_i[0][3][5] | S_C_o[2][3][5] |     4.453 | SLOW    |     2.319 | FAST    |
S_B_i[0][3][5] | S_C_o[2][3][6] |     4.272 | SLOW    |     2.212 | FAST    |
S_B_i[0][3][5] | S_C_o[2][3][7] |     4.250 | SLOW    |     2.198 | FAST    |
S_B_i[0][3][5] | S_C_o[3][3][5] |     4.453 | SLOW    |     2.319 | FAST    |
S_B_i[0][3][5] | S_C_o[3][3][6] |     4.272 | SLOW    |     2.212 | FAST    |
S_B_i[0][3][5] | S_C_o[3][3][7] |     4.250 | SLOW    |     2.198 | FAST    |
S_B_i[0][3][6] | S_C_o[0][3][6] |     4.277 | SLOW    |     2.221 | FAST    |
S_B_i[0][3][6] | S_C_o[0][3][7] |     4.246 | SLOW    |     2.201 | FAST    |
S_B_i[0][3][6] | S_C_o[1][3][6] |     4.277 | SLOW    |     2.221 | FAST    |
S_B_i[0][3][6] | S_C_o[1][3][7] |     4.246 | SLOW    |     2.201 | FAST    |
S_B_i[0][3][6] | S_C_o[2][3][6] |     4.277 | SLOW    |     2.221 | FAST    |
S_B_i[0][3][6] | S_C_o[2][3][7] |     4.246 | SLOW    |     2.201 | FAST    |
S_B_i[0][3][6] | S_C_o[3][3][6] |     4.277 | SLOW    |     2.221 | FAST    |
S_B_i[0][3][6] | S_C_o[3][3][7] |     4.246 | SLOW    |     2.201 | FAST    |
S_B_i[0][3][7] | S_C_o[0][3][7] |     4.459 | SLOW    |     2.326 | FAST    |
S_B_i[0][3][7] | S_C_o[1][3][7] |     4.459 | SLOW    |     2.326 | FAST    |
S_B_i[0][3][7] | S_C_o[2][3][7] |     4.459 | SLOW    |     2.326 | FAST    |
S_B_i[0][3][7] | S_C_o[3][3][7] |     4.459 | SLOW    |     2.326 | FAST    |
---------------+----------------+-----------+---------+-----------+---------+



