Copyright 1986-2022 Xilinx, Inc. All Rights Reserved. Copyright 2022-2024 Advanced Micro Devices, Inc. All Rights Reserved.
---------------------------------------------------------------------------------------------------------------------------------------------------------------------------------------------------------------------------------------------------------------------------------------
| Tool Version      : Vivado v.2024.2 (lin64) Build 5239630 Fri Nov 08 22:34:34 MST 2024
| Date              : Thu Jan 15 19:55:52 2026
| Host              : ee-kraken running 64-bit Red Hat Enterprise Linux 9.5 (Plow)
| Command           : report_timing_summary -datasheet -file ./src/attention/synth_output_matmul/matmul_fp_S_q_8_S_kv_8_d_kq_4_d_v_4_k_4_scale_width_8_M1_E_0_M1_M_3_M2_E_0_M2_M_3_M3_E_0_M3_M_3_ACCUM_METHOD_KULISCH_KULISCH_KULISCH_DSP_auto_auto_auto_time_20260115_1952_timing.rpt
| Design            : matmul_fp
| Device            : xcv80-lsva4737
| Speed File        : -2MHP  PRODUCTION 2.04 2024-08-06
| Design State      : Synthesized
| Temperature Grade : E
---------------------------------------------------------------------------------------------------------------------------------------------------------------------------------------------------------------------------------------------------------------------------------------

Timing Summary Report

------------------------------------------------------------------------------------------------
| Timer Settings
| --------------
------------------------------------------------------------------------------------------------

  Enable Multi Corner Analysis               :  Yes
  Enable Pessimism Removal                   :  Yes
  Pessimism Removal Resolution               :  Nearest Common Node
  Enable Input Delay Default Clock           :  No
  Enable Preset / Clear Arcs                 :  No
  Disable Flight Delays                      :  No
  Ignore I/O Paths                           :  No
  Timing Early Launch at Borrowing Latches   :  No
  Borrow Time for Max Delay Exceptions       :  Yes
  Merge Timing Exceptions                    :  Yes
  Inter-SLR Compensation                     :  Conservative

  Corner  Analyze    Analyze    
  Name    Max Paths  Min Paths  
  ------  ---------  ---------  
  Slow    Yes        Yes        
  Fast    Yes        Yes        


------------------------------------------------------------------------------------------------
| Report Methodology
| ------------------
------------------------------------------------------------------------------------------------

No report available as report_methodology has not been run prior. Run report_methodology on the current design for the summary of methodology violations.



check_timing report

Table of Contents
-----------------
1. checking no_clock (0)
2. checking constant_clock (0)
3. checking pulse_width_clock (0)
4. checking unconstrained_internal_endpoints (0)
5. checking no_input_delay (0)
6. checking no_output_delay (0)
7. checking multiple_clock (0)
8. checking generated_clocks (0)
9. checking loops (0)
10. checking partial_input_delay (0)
11. checking partial_output_delay (0)
12. checking latch_loops (0)

1. checking no_clock (0)
------------------------
 There are 0 register/latch pins with no clock.


2. checking constant_clock (0)
------------------------------
 There are 0 register/latch pins with constant_clock.


3. checking pulse_width_clock (0)
---------------------------------
 There are 0 register/latch pins which need pulse_width check


4. checking unconstrained_internal_endpoints (0)
------------------------------------------------
 There are 0 pins that are not constrained for maximum delay.

 There are 0 pins that are not constrained for maximum delay due to constant clock.


5. checking no_input_delay (0)
------------------------------
 There are 0 input ports with no input delay specified.

 There are 0 input ports with no input delay but user has a false path constraint.


6. checking no_output_delay (0)
-------------------------------
 There are 0 ports with no output delay specified.

 There are 0 ports with no output delay but user has a false path constraint

 There are 0 ports with no output delay but with a timing clock defined on it or propagating through it


7. checking multiple_clock (0)
------------------------------
 There are 0 register/latch pins with multiple clocks.


8. checking generated_clocks (0)
--------------------------------
 There are 0 generated clocks that are not connected to a clock source.


9. checking loops (0)
---------------------
 There are 0 combinational loops in the design.


10. checking partial_input_delay (0)
------------------------------------
 There are 0 input ports with partial input delay specified.


11. checking partial_output_delay (0)
-------------------------------------
 There are 0 ports with partial output delay specified.


12. checking latch_loops (0)
----------------------------
 There are 0 combinational latch loops in the design through latch input



------------------------------------------------------------------------------------------------
| Design Timing Summary
| ---------------------
------------------------------------------------------------------------------------------------

    WNS(ns)      TNS(ns)  TNS Failing Endpoints  TNS Total Endpoints      WHS(ns)      THS(ns)  THS Failing Endpoints  THS Total Endpoints     WPWS(ns)     TPWS(ns)  TPWS Failing Endpoints  TPWS Total Endpoints  
    -------      -------  ---------------------  -------------------      -------      -------  ---------------------  -------------------     --------     --------  ----------------------  --------------------  
         NA           NA                     NA                   NA           NA           NA                     NA                   NA           NA           NA                      NA                    NA  


All user specified timing constraints are met.


------------------------------------------------------------------------------------------------
| Clock Summary
| -------------
------------------------------------------------------------------------------------------------

Clock  Waveform(ns)         Period(ns)      Frequency(MHz)
-----  ------------         ----------      --------------
i_clk  {0.000 2.500}        5.000           200.000         


------------------------------------------------------------------------------------------------
| Intra Clock Table
| -----------------
------------------------------------------------------------------------------------------------

Clock             WNS(ns)      TNS(ns)  TNS Failing Endpoints  TNS Total Endpoints      WHS(ns)      THS(ns)  THS Failing Endpoints  THS Total Endpoints     WPWS(ns)     TPWS(ns)  TPWS Failing Endpoints  TPWS Total Endpoints  
-----             -------      -------  ---------------------  -------------------      -------      -------  ---------------------  -------------------     --------     --------  ----------------------  --------------------  


------------------------------------------------------------------------------------------------
| Inter Clock Table
| -----------------
------------------------------------------------------------------------------------------------

From Clock    To Clock          WNS(ns)      TNS(ns)  TNS Failing Endpoints  TNS Total Endpoints      WHS(ns)      THS(ns)  THS Failing Endpoints  THS Total Endpoints  
----------    --------          -------      -------  ---------------------  -------------------      -------      -------  ---------------------  -------------------  


------------------------------------------------------------------------------------------------
| Other Path Groups Table
| -----------------------
------------------------------------------------------------------------------------------------

Path Group    From Clock    To Clock          WNS(ns)      TNS(ns)  TNS Failing Endpoints  TNS Total Endpoints      WHS(ns)      THS(ns)  THS Failing Endpoints  THS Total Endpoints  
----------    ----------    --------          -------      -------  ---------------------  -------------------      -------      -------  ---------------------  -------------------  


------------------------------------------------------------------------------------------------
| Timing Details
| --------------
------------------------------------------------------------------------------------------------


------------------------------------------------------------------------------------------------
| Data sheet
| ----------
------------------------------------------------------------------------------------------------

Combinational Delays

---------------+----------------+-----------+---------+-----------+---------+
From           | To             |   Max     | Process |   Min     | Process |
Port           | Port           | Delay(ns) | Corner  | Delay(ns) | Corner  |
---------------+----------------+-----------+---------+-----------+---------+
A_i[0][0][0]   | C_o[0][0][0]   |     4.285 | SLOW    |     2.215 | FAST    |
A_i[0][0][0]   | C_o[0][0][1]   |     4.691 | SLOW    |     2.344 | FAST    |
A_i[0][0][0]   | C_o[0][0][2]   |     4.707 | SLOW    |     2.344 | FAST    |
A_i[0][0][0]   | C_o[0][0][3]   |     5.004 | SLOW    |     2.324 | FAST    |
A_i[0][0][0]   | C_o[0][1][0]   |     4.285 | SLOW    |     2.215 | FAST    |
A_i[0][0][0]   | C_o[0][1][1]   |     4.713 | SLOW    |     2.344 | FAST    |
A_i[0][0][0]   | C_o[0][1][2]   |     4.729 | SLOW    |     2.344 | FAST    |
A_i[0][0][0]   | C_o[0][1][3]   |     5.022 | SLOW    |     2.324 | FAST    |
A_i[0][0][0]   | C_o[0][2][0]   |     4.285 | SLOW    |     2.215 | FAST    |
A_i[0][0][0]   | C_o[0][2][1]   |     4.691 | SLOW    |     2.344 | FAST    |
A_i[0][0][0]   | C_o[0][2][2]   |     4.707 | SLOW    |     2.344 | FAST    |
A_i[0][0][0]   | C_o[0][2][3]   |     5.004 | SLOW    |     2.324 | FAST    |
A_i[0][0][0]   | C_o[0][3][0]   |     4.285 | SLOW    |     2.215 | FAST    |
A_i[0][0][0]   | C_o[0][3][1]   |     4.713 | SLOW    |     2.344 | FAST    |
A_i[0][0][0]   | C_o[0][3][2]   |     4.729 | SLOW    |     2.344 | FAST    |
A_i[0][0][0]   | C_o[0][3][3]   |     5.022 | SLOW    |     2.324 | FAST    |
A_i[0][0][0]   | C_o[0][4][0]   |     4.285 | SLOW    |     2.215 | FAST    |
A_i[0][0][0]   | C_o[0][4][1]   |     4.691 | SLOW    |     2.344 | FAST    |
A_i[0][0][0]   | C_o[0][4][2]   |     4.707 | SLOW    |     2.344 | FAST    |
A_i[0][0][0]   | C_o[0][4][3]   |     5.004 | SLOW    |     2.324 | FAST    |
A_i[0][0][0]   | C_o[0][5][0]   |     4.285 | SLOW    |     2.215 | FAST    |
A_i[0][0][0]   | C_o[0][5][1]   |     4.713 | SLOW    |     2.344 | FAST    |
A_i[0][0][0]   | C_o[0][5][2]   |     4.729 | SLOW    |     2.344 | FAST    |
A_i[0][0][0]   | C_o[0][5][3]   |     5.022 | SLOW    |     2.324 | FAST    |
A_i[0][0][0]   | C_o[0][6][0]   |     4.285 | SLOW    |     2.215 | FAST    |
A_i[0][0][0]   | C_o[0][6][1]   |     4.691 | SLOW    |     2.344 | FAST    |
A_i[0][0][0]   | C_o[0][6][2]   |     4.707 | SLOW    |     2.344 | FAST    |
A_i[0][0][0]   | C_o[0][6][3]   |     5.004 | SLOW    |     2.324 | FAST    |
A_i[0][0][0]   | C_o[0][7][0]   |     4.285 | SLOW    |     2.215 | FAST    |
A_i[0][0][0]   | C_o[0][7][1]   |     4.713 | SLOW    |     2.344 | FAST    |
A_i[0][0][0]   | C_o[0][7][2]   |     4.729 | SLOW    |     2.344 | FAST    |
A_i[0][0][0]   | C_o[0][7][3]   |     5.022 | SLOW    |     2.324 | FAST    |
A_i[0][0][1]   | C_o[0][0][1]   |     4.688 | SLOW    |     2.439 | FAST    |
A_i[0][0][1]   | C_o[0][0][2]   |     4.704 | SLOW    |     2.388 | FAST    |
A_i[0][0][1]   | C_o[0][0][3]   |     4.997 | SLOW    |     2.337 | FAST    |
A_i[0][0][1]   | C_o[0][1][1]   |     4.719 | SLOW    |     2.459 | FAST    |
A_i[0][0][1]   | C_o[0][1][2]   |     4.735 | SLOW    |     2.388 | FAST    |
A_i[0][0][1]   | C_o[0][1][3]   |     5.028 | SLOW    |     2.337 | FAST    |
A_i[0][0][1]   | C_o[0][2][1]   |     4.688 | SLOW    |     2.439 | FAST    |
A_i[0][0][1]   | C_o[0][2][2]   |     4.704 | SLOW    |     2.388 | FAST    |
A_i[0][0][1]   | C_o[0][2][3]   |     4.997 | SLOW    |     2.337 | FAST    |
A_i[0][0][1]   | C_o[0][3][1]   |     4.719 | SLOW    |     2.459 | FAST    |
A_i[0][0][1]   | C_o[0][3][2]   |     4.735 | SLOW    |     2.388 | FAST    |
A_i[0][0][1]   | C_o[0][3][3]   |     5.028 | SLOW    |     2.337 | FAST    |
A_i[0][0][1]   | C_o[0][4][1]   |     4.688 | SLOW    |     2.439 | FAST    |
A_i[0][0][1]   | C_o[0][4][2]   |     4.704 | SLOW    |     2.388 | FAST    |
A_i[0][0][1]   | C_o[0][4][3]   |     4.997 | SLOW    |     2.337 | FAST    |
A_i[0][0][1]   | C_o[0][5][1]   |     4.719 | SLOW    |     2.459 | FAST    |
A_i[0][0][1]   | C_o[0][5][2]   |     4.735 | SLOW    |     2.388 | FAST    |
A_i[0][0][1]   | C_o[0][5][3]   |     5.028 | SLOW    |     2.337 | FAST    |
A_i[0][0][1]   | C_o[0][6][1]   |     4.688 | SLOW    |     2.439 | FAST    |
A_i[0][0][1]   | C_o[0][6][2]   |     4.704 | SLOW    |     2.388 | FAST    |
A_i[0][0][1]   | C_o[0][6][3]   |     4.997 | SLOW    |     2.337 | FAST    |
A_i[0][0][1]   | C_o[0][7][1]   |     4.719 | SLOW    |     2.459 | FAST    |
A_i[0][0][1]   | C_o[0][7][2]   |     4.735 | SLOW    |     2.388 | FAST    |
A_i[0][0][1]   | C_o[0][7][3]   |     5.028 | SLOW    |     2.337 | FAST    |
A_i[0][0][2]   | C_o[0][0][2]   |     4.557 | SLOW    |     2.373 | FAST    |
A_i[0][0][2]   | C_o[0][0][3]   |     4.984 | SLOW    |     2.322 | FAST    |
A_i[0][0][2]   | C_o[0][1][2]   |     4.557 | SLOW    |     2.373 | FAST    |
A_i[0][0][2]   | C_o[0][1][3]   |     4.984 | SLOW    |     2.322 | FAST    |
A_i[0][0][2]   | C_o[0][2][2]   |     4.557 | SLOW    |     2.373 | FAST    |
A_i[0][0][2]   | C_o[0][2][3]   |     4.984 | SLOW    |     2.322 | FAST    |
A_i[0][0][2]   | C_o[0][3][2]   |     4.557 | SLOW    |     2.373 | FAST    |
A_i[0][0][2]   | C_o[0][3][3]   |     4.984 | SLOW    |     2.322 | FAST    |
A_i[0][0][2]   | C_o[0][4][2]   |     4.557 | SLOW    |     2.373 | FAST    |
A_i[0][0][2]   | C_o[0][4][3]   |     4.984 | SLOW    |     2.322 | FAST    |
A_i[0][0][2]   | C_o[0][5][2]   |     4.557 | SLOW    |     2.373 | FAST    |
A_i[0][0][2]   | C_o[0][5][3]   |     4.984 | SLOW    |     2.322 | FAST    |
A_i[0][0][2]   | C_o[0][6][2]   |     4.557 | SLOW    |     2.373 | FAST    |
A_i[0][0][2]   | C_o[0][6][3]   |     4.984 | SLOW    |     2.322 | FAST    |
A_i[0][0][2]   | C_o[0][7][2]   |     4.557 | SLOW    |     2.373 | FAST    |
A_i[0][0][2]   | C_o[0][7][3]   |     4.984 | SLOW    |     2.322 | FAST    |
A_i[0][0][3]   | C_o[0][0][3]   |     4.846 | SLOW    |     2.528 | FAST    |
A_i[0][0][3]   | C_o[0][1][3]   |     4.846 | SLOW    |     2.528 | FAST    |
A_i[0][0][3]   | C_o[0][2][3]   |     4.846 | SLOW    |     2.528 | FAST    |
A_i[0][0][3]   | C_o[0][3][3]   |     4.846 | SLOW    |     2.528 | FAST    |
A_i[0][0][3]   | C_o[0][4][3]   |     4.846 | SLOW    |     2.528 | FAST    |
A_i[0][0][3]   | C_o[0][5][3]   |     4.846 | SLOW    |     2.528 | FAST    |
A_i[0][0][3]   | C_o[0][6][3]   |     4.846 | SLOW    |     2.528 | FAST    |
A_i[0][0][3]   | C_o[0][7][3]   |     4.846 | SLOW    |     2.528 | FAST    |
A_i[0][1][0]   | C_o[0][0][0]   |     4.483 | SLOW    |     2.328 | FAST    |
A_i[0][1][0]   | C_o[0][0][1]   |     4.718 | SLOW    |     2.347 | FAST    |
A_i[0][1][0]   | C_o[0][0][2]   |     4.782 | SLOW    |     2.343 | FAST    |
A_i[0][1][0]   | C_o[0][0][3]   |     5.036 | SLOW    |     2.439 | FAST    |
A_i[0][1][0]   | C_o[0][1][0]   |     4.483 | SLOW    |     2.328 | FAST    |
A_i[0][1][0]   | C_o[0][1][1]   |     4.725 | SLOW    |     2.347 | FAST    |
A_i[0][1][0]   | C_o[0][1][2]   |     4.804 | SLOW    |     2.343 | FAST    |
A_i[0][1][0]   | C_o[0][1][3]   |     5.036 | SLOW    |     2.439 | FAST    |
A_i[0][1][0]   | C_o[0][2][0]   |     4.483 | SLOW    |     2.328 | FAST    |
A_i[0][1][0]   | C_o[0][2][1]   |     4.718 | SLOW    |     2.347 | FAST    |
A_i[0][1][0]   | C_o[0][2][2]   |     4.782 | SLOW    |     2.343 | FAST    |
A_i[0][1][0]   | C_o[0][2][3]   |     5.036 | SLOW    |     2.439 | FAST    |
A_i[0][1][0]   | C_o[0][3][0]   |     4.483 | SLOW    |     2.328 | FAST    |
A_i[0][1][0]   | C_o[0][3][1]   |     4.725 | SLOW    |     2.347 | FAST    |
A_i[0][1][0]   | C_o[0][3][2]   |     4.804 | SLOW    |     2.343 | FAST    |
A_i[0][1][0]   | C_o[0][3][3]   |     5.036 | SLOW    |     2.439 | FAST    |
A_i[0][1][0]   | C_o[0][4][0]   |     4.483 | SLOW    |     2.328 | FAST    |
A_i[0][1][0]   | C_o[0][4][1]   |     4.718 | SLOW    |     2.347 | FAST    |
A_i[0][1][0]   | C_o[0][4][2]   |     4.782 | SLOW    |     2.343 | FAST    |
A_i[0][1][0]   | C_o[0][4][3]   |     5.036 | SLOW    |     2.439 | FAST    |
A_i[0][1][0]   | C_o[0][5][0]   |     4.483 | SLOW    |     2.328 | FAST    |
A_i[0][1][0]   | C_o[0][5][1]   |     4.725 | SLOW    |     2.347 | FAST    |
A_i[0][1][0]   | C_o[0][5][2]   |     4.804 | SLOW    |     2.343 | FAST    |
A_i[0][1][0]   | C_o[0][5][3]   |     5.036 | SLOW    |     2.439 | FAST    |
A_i[0][1][0]   | C_o[0][6][0]   |     4.483 | SLOW    |     2.328 | FAST    |
A_i[0][1][0]   | C_o[0][6][1]   |     4.718 | SLOW    |     2.347 | FAST    |
A_i[0][1][0]   | C_o[0][6][2]   |     4.782 | SLOW    |     2.343 | FAST    |
A_i[0][1][0]   | C_o[0][6][3]   |     5.036 | SLOW    |     2.439 | FAST    |
A_i[0][1][0]   | C_o[0][7][0]   |     4.483 | SLOW    |     2.328 | FAST    |
A_i[0][1][0]   | C_o[0][7][1]   |     4.725 | SLOW    |     2.347 | FAST    |
A_i[0][1][0]   | C_o[0][7][2]   |     4.804 | SLOW    |     2.343 | FAST    |
A_i[0][1][0]   | C_o[0][7][3]   |     5.036 | SLOW    |     2.439 | FAST    |
A_i[0][1][1]   | C_o[0][0][1]   |     4.700 | SLOW    |     2.444 | FAST    |
A_i[0][1][1]   | C_o[0][0][2]   |     4.802 | SLOW    |     2.448 | FAST    |
A_i[0][1][1]   | C_o[0][0][3]   |     5.009 | SLOW    |     2.446 | FAST    |
A_i[0][1][1]   | C_o[0][1][1]   |     4.731 | SLOW    |     2.464 | FAST    |
A_i[0][1][1]   | C_o[0][1][2]   |     4.810 | SLOW    |     2.468 | FAST    |
A_i[0][1][1]   | C_o[0][1][3]   |     5.040 | SLOW    |     2.452 | FAST    |
A_i[0][1][1]   | C_o[0][2][1]   |     4.700 | SLOW    |     2.444 | FAST    |
A_i[0][1][1]   | C_o[0][2][2]   |     4.802 | SLOW    |     2.448 | FAST    |
A_i[0][1][1]   | C_o[0][2][3]   |     5.009 | SLOW    |     2.446 | FAST    |
A_i[0][1][1]   | C_o[0][3][1]   |     4.731 | SLOW    |     2.464 | FAST    |
A_i[0][1][1]   | C_o[0][3][2]   |     4.810 | SLOW    |     2.468 | FAST    |
A_i[0][1][1]   | C_o[0][3][3]   |     5.040 | SLOW    |     2.452 | FAST    |
A_i[0][1][1]   | C_o[0][4][1]   |     4.700 | SLOW    |     2.444 | FAST    |
A_i[0][1][1]   | C_o[0][4][2]   |     4.802 | SLOW    |     2.448 | FAST    |
A_i[0][1][1]   | C_o[0][4][3]   |     5.009 | SLOW    |     2.446 | FAST    |
A_i[0][1][1]   | C_o[0][5][1]   |     4.731 | SLOW    |     2.464 | FAST    |
A_i[0][1][1]   | C_o[0][5][2]   |     4.810 | SLOW    |     2.468 | FAST    |
A_i[0][1][1]   | C_o[0][5][3]   |     5.040 | SLOW    |     2.452 | FAST    |
A_i[0][1][1]   | C_o[0][6][1]   |     4.700 | SLOW    |     2.444 | FAST    |
A_i[0][1][1]   | C_o[0][6][2]   |     4.802 | SLOW    |     2.448 | FAST    |
A_i[0][1][1]   | C_o[0][6][3]   |     5.009 | SLOW    |     2.446 | FAST    |
A_i[0][1][1]   | C_o[0][7][1]   |     4.731 | SLOW    |     2.464 | FAST    |
A_i[0][1][1]   | C_o[0][7][2]   |     4.810 | SLOW    |     2.468 | FAST    |
A_i[0][1][1]   | C_o[0][7][3]   |     5.040 | SLOW    |     2.452 | FAST    |
A_i[0][1][2]   | C_o[0][0][2]   |     4.763 | SLOW    |     2.484 | FAST    |
A_i[0][1][2]   | C_o[0][0][3]   |     4.897 | SLOW    |     2.437 | FAST    |
A_i[0][1][2]   | C_o[0][1][2]   |     4.763 | SLOW    |     2.484 | FAST    |
A_i[0][1][2]   | C_o[0][1][3]   |     4.897 | SLOW    |     2.437 | FAST    |
A_i[0][1][2]   | C_o[0][2][2]   |     4.763 | SLOW    |     2.484 | FAST    |
A_i[0][1][2]   | C_o[0][2][3]   |     4.897 | SLOW    |     2.437 | FAST    |
A_i[0][1][2]   | C_o[0][3][2]   |     4.763 | SLOW    |     2.484 | FAST    |
A_i[0][1][2]   | C_o[0][3][3]   |     4.897 | SLOW    |     2.437 | FAST    |
A_i[0][1][2]   | C_o[0][4][2]   |     4.763 | SLOW    |     2.484 | FAST    |
A_i[0][1][2]   | C_o[0][4][3]   |     4.897 | SLOW    |     2.437 | FAST    |
A_i[0][1][2]   | C_o[0][5][2]   |     4.763 | SLOW    |     2.484 | FAST    |
A_i[0][1][2]   | C_o[0][5][3]   |     4.897 | SLOW    |     2.437 | FAST    |
A_i[0][1][2]   | C_o[0][6][2]   |     4.763 | SLOW    |     2.484 | FAST    |
A_i[0][1][2]   | C_o[0][6][3]   |     4.897 | SLOW    |     2.437 | FAST    |
A_i[0][1][2]   | C_o[0][7][2]   |     4.763 | SLOW    |     2.484 | FAST    |
A_i[0][1][2]   | C_o[0][7][3]   |     4.897 | SLOW    |     2.437 | FAST    |
A_i[0][1][3]   | C_o[0][0][3]   |     4.933 | SLOW    |     2.579 | FAST    |
A_i[0][1][3]   | C_o[0][1][3]   |     4.933 | SLOW    |     2.579 | FAST    |
A_i[0][1][3]   | C_o[0][2][3]   |     4.933 | SLOW    |     2.579 | FAST    |
A_i[0][1][3]   | C_o[0][3][3]   |     4.933 | SLOW    |     2.579 | FAST    |
A_i[0][1][3]   | C_o[0][4][3]   |     4.933 | SLOW    |     2.579 | FAST    |
A_i[0][1][3]   | C_o[0][5][3]   |     4.933 | SLOW    |     2.579 | FAST    |
A_i[0][1][3]   | C_o[0][6][3]   |     4.933 | SLOW    |     2.579 | FAST    |
A_i[0][1][3]   | C_o[0][7][3]   |     4.933 | SLOW    |     2.579 | FAST    |
A_i[0][2][0]   | C_o[0][0][0]   |     4.488 | SLOW    |     2.336 | FAST    |
A_i[0][2][0]   | C_o[0][0][1]   |     4.723 | SLOW    |     2.330 | FAST    |
A_i[0][2][0]   | C_o[0][0][2]   |     4.865 | SLOW    |     2.326 | FAST    |
A_i[0][2][0]   | C_o[0][0][3]   |     5.041 | SLOW    |     2.439 | FAST    |
A_i[0][2][0]   | C_o[0][1][0]   |     4.488 | SLOW    |     2.336 | FAST    |
A_i[0][2][0]   | C_o[0][1][1]   |     4.723 | SLOW    |     2.330 | FAST    |
A_i[0][2][0]   | C_o[0][1][2]   |     4.865 | SLOW    |     2.326 | FAST    |
A_i[0][2][0]   | C_o[0][1][3]   |     5.041 | SLOW    |     2.439 | FAST    |
A_i[0][2][0]   | C_o[0][2][0]   |     4.488 | SLOW    |     2.336 | FAST    |
A_i[0][2][0]   | C_o[0][2][1]   |     4.723 | SLOW    |     2.330 | FAST    |
A_i[0][2][0]   | C_o[0][2][2]   |     4.865 | SLOW    |     2.326 | FAST    |
A_i[0][2][0]   | C_o[0][2][3]   |     5.041 | SLOW    |     2.439 | FAST    |
A_i[0][2][0]   | C_o[0][3][0]   |     4.488 | SLOW    |     2.336 | FAST    |
A_i[0][2][0]   | C_o[0][3][1]   |     4.723 | SLOW    |     2.330 | FAST    |
A_i[0][2][0]   | C_o[0][3][2]   |     4.865 | SLOW    |     2.326 | FAST    |
A_i[0][2][0]   | C_o[0][3][3]   |     5.041 | SLOW    |     2.439 | FAST    |
A_i[0][2][0]   | C_o[0][4][0]   |     4.488 | SLOW    |     2.336 | FAST    |
A_i[0][2][0]   | C_o[0][4][1]   |     4.723 | SLOW    |     2.330 | FAST    |
A_i[0][2][0]   | C_o[0][4][2]   |     4.865 | SLOW    |     2.326 | FAST    |
A_i[0][2][0]   | C_o[0][4][3]   |     5.041 | SLOW    |     2.439 | FAST    |
A_i[0][2][0]   | C_o[0][5][0]   |     4.488 | SLOW    |     2.336 | FAST    |
A_i[0][2][0]   | C_o[0][5][1]   |     4.723 | SLOW    |     2.330 | FAST    |
A_i[0][2][0]   | C_o[0][5][2]   |     4.865 | SLOW    |     2.326 | FAST    |
A_i[0][2][0]   | C_o[0][5][3]   |     5.041 | SLOW    |     2.439 | FAST    |
A_i[0][2][0]   | C_o[0][6][0]   |     4.488 | SLOW    |     2.336 | FAST    |
A_i[0][2][0]   | C_o[0][6][1]   |     4.723 | SLOW    |     2.330 | FAST    |
A_i[0][2][0]   | C_o[0][6][2]   |     4.865 | SLOW    |     2.326 | FAST    |
A_i[0][2][0]   | C_o[0][6][3]   |     5.041 | SLOW    |     2.439 | FAST    |
A_i[0][2][0]   | C_o[0][7][0]   |     4.488 | SLOW    |     2.336 | FAST    |
A_i[0][2][0]   | C_o[0][7][1]   |     4.723 | SLOW    |     2.330 | FAST    |
A_i[0][2][0]   | C_o[0][7][2]   |     4.865 | SLOW    |     2.326 | FAST    |
A_i[0][2][0]   | C_o[0][7][3]   |     5.041 | SLOW    |     2.439 | FAST    |
A_i[0][2][1]   | C_o[0][0][1]   |     4.698 | SLOW    |     2.448 | FAST    |
A_i[0][2][1]   | C_o[0][0][2]   |     4.889 | SLOW    |     2.452 | FAST    |
A_i[0][2][1]   | C_o[0][0][3]   |     5.007 | SLOW    |     2.450 | FAST    |
A_i[0][2][1]   | C_o[0][1][1]   |     4.729 | SLOW    |     2.468 | FAST    |
A_i[0][2][1]   | C_o[0][1][2]   |     4.889 | SLOW    |     2.472 | FAST    |
A_i[0][2][1]   | C_o[0][1][3]   |     5.038 | SLOW    |     2.452 | FAST    |
A_i[0][2][1]   | C_o[0][2][1]   |     4.698 | SLOW    |     2.448 | FAST    |
A_i[0][2][1]   | C_o[0][2][2]   |     4.889 | SLOW    |     2.452 | FAST    |
A_i[0][2][1]   | C_o[0][2][3]   |     5.007 | SLOW    |     2.450 | FAST    |
A_i[0][2][1]   | C_o[0][3][1]   |     4.729 | SLOW    |     2.468 | FAST    |
A_i[0][2][1]   | C_o[0][3][2]   |     4.889 | SLOW    |     2.472 | FAST    |
A_i[0][2][1]   | C_o[0][3][3]   |     5.038 | SLOW    |     2.452 | FAST    |
A_i[0][2][1]   | C_o[0][4][1]   |     4.698 | SLOW    |     2.448 | FAST    |
A_i[0][2][1]   | C_o[0][4][2]   |     4.889 | SLOW    |     2.452 | FAST    |
A_i[0][2][1]   | C_o[0][4][3]   |     5.007 | SLOW    |     2.450 | FAST    |
A_i[0][2][1]   | C_o[0][5][1]   |     4.729 | SLOW    |     2.468 | FAST    |
A_i[0][2][1]   | C_o[0][5][2]   |     4.889 | SLOW    |     2.472 | FAST    |
A_i[0][2][1]   | C_o[0][5][3]   |     5.038 | SLOW    |     2.452 | FAST    |
A_i[0][2][1]   | C_o[0][6][1]   |     4.698 | SLOW    |     2.448 | FAST    |
A_i[0][2][1]   | C_o[0][6][2]   |     4.889 | SLOW    |     2.452 | FAST    |
A_i[0][2][1]   | C_o[0][6][3]   |     5.007 | SLOW    |     2.450 | FAST    |
A_i[0][2][1]   | C_o[0][7][1]   |     4.729 | SLOW    |     2.468 | FAST    |
A_i[0][2][1]   | C_o[0][7][2]   |     4.889 | SLOW    |     2.472 | FAST    |
A_i[0][2][1]   | C_o[0][7][3]   |     5.038 | SLOW    |     2.452 | FAST    |
A_i[0][2][2]   | C_o[0][0][2]   |     4.850 | SLOW    |     2.535 | FAST    |
A_i[0][2][2]   | C_o[0][0][3]   |     4.895 | SLOW    |     2.437 | FAST    |
A_i[0][2][2]   | C_o[0][1][2]   |     4.850 | SLOW    |     2.535 | FAST    |
A_i[0][2][2]   | C_o[0][1][3]   |     4.895 | SLOW    |     2.437 | FAST    |
A_i[0][2][2]   | C_o[0][2][2]   |     4.850 | SLOW    |     2.535 | FAST    |
A_i[0][2][2]   | C_o[0][2][3]   |     4.895 | SLOW    |     2.437 | FAST    |
A_i[0][2][2]   | C_o[0][3][2]   |     4.850 | SLOW    |     2.535 | FAST    |
A_i[0][2][2]   | C_o[0][3][3]   |     4.895 | SLOW    |     2.437 | FAST    |
A_i[0][2][2]   | C_o[0][4][2]   |     4.850 | SLOW    |     2.535 | FAST    |
A_i[0][2][2]   | C_o[0][4][3]   |     4.895 | SLOW    |     2.437 | FAST    |
A_i[0][2][2]   | C_o[0][5][2]   |     4.850 | SLOW    |     2.535 | FAST    |
A_i[0][2][2]   | C_o[0][5][3]   |     4.895 | SLOW    |     2.437 | FAST    |
A_i[0][2][2]   | C_o[0][6][2]   |     4.850 | SLOW    |     2.535 | FAST    |
A_i[0][2][2]   | C_o[0][6][3]   |     4.895 | SLOW    |     2.437 | FAST    |
A_i[0][2][2]   | C_o[0][7][2]   |     4.850 | SLOW    |     2.535 | FAST    |
A_i[0][2][2]   | C_o[0][7][3]   |     4.895 | SLOW    |     2.437 | FAST    |
A_i[0][2][3]   | C_o[0][0][3]   |     4.844 | SLOW    |     2.532 | FAST    |
A_i[0][2][3]   | C_o[0][1][3]   |     4.844 | SLOW    |     2.532 | FAST    |
A_i[0][2][3]   | C_o[0][2][3]   |     4.844 | SLOW    |     2.532 | FAST    |
A_i[0][2][3]   | C_o[0][3][3]   |     4.844 | SLOW    |     2.532 | FAST    |
A_i[0][2][3]   | C_o[0][4][3]   |     4.844 | SLOW    |     2.532 | FAST    |
A_i[0][2][3]   | C_o[0][5][3]   |     4.844 | SLOW    |     2.532 | FAST    |
A_i[0][2][3]   | C_o[0][6][3]   |     4.844 | SLOW    |     2.532 | FAST    |
A_i[0][2][3]   | C_o[0][7][3]   |     4.844 | SLOW    |     2.532 | FAST    |
A_i[0][3][0]   | C_o[0][0][0]   |     4.483 | SLOW    |     2.328 | FAST    |
A_i[0][3][0]   | C_o[0][0][1]   |     4.718 | SLOW    |     2.338 | FAST    |
A_i[0][3][0]   | C_o[0][0][2]   |     4.897 | SLOW    |     2.334 | FAST    |
A_i[0][3][0]   | C_o[0][0][3]   |     5.036 | SLOW    |     2.446 | FAST    |
A_i[0][3][0]   | C_o[0][1][0]   |     4.483 | SLOW    |     2.328 | FAST    |
A_i[0][3][0]   | C_o[0][1][1]   |     4.723 | SLOW    |     2.338 | FAST    |
A_i[0][3][0]   | C_o[0][1][2]   |     4.897 | SLOW    |     2.334 | FAST    |
A_i[0][3][0]   | C_o[0][1][3]   |     5.036 | SLOW    |     2.452 | FAST    |
A_i[0][3][0]   | C_o[0][2][0]   |     4.483 | SLOW    |     2.328 | FAST    |
A_i[0][3][0]   | C_o[0][2][1]   |     4.718 | SLOW    |     2.338 | FAST    |
A_i[0][3][0]   | C_o[0][2][2]   |     4.897 | SLOW    |     2.334 | FAST    |
A_i[0][3][0]   | C_o[0][2][3]   |     5.036 | SLOW    |     2.446 | FAST    |
A_i[0][3][0]   | C_o[0][3][0]   |     4.483 | SLOW    |     2.328 | FAST    |
A_i[0][3][0]   | C_o[0][3][1]   |     4.723 | SLOW    |     2.338 | FAST    |
A_i[0][3][0]   | C_o[0][3][2]   |     4.897 | SLOW    |     2.334 | FAST    |
A_i[0][3][0]   | C_o[0][3][3]   |     5.036 | SLOW    |     2.452 | FAST    |
A_i[0][3][0]   | C_o[0][4][0]   |     4.483 | SLOW    |     2.328 | FAST    |
A_i[0][3][0]   | C_o[0][4][1]   |     4.718 | SLOW    |     2.338 | FAST    |
A_i[0][3][0]   | C_o[0][4][2]   |     4.897 | SLOW    |     2.334 | FAST    |
A_i[0][3][0]   | C_o[0][4][3]   |     5.036 | SLOW    |     2.446 | FAST    |
A_i[0][3][0]   | C_o[0][5][0]   |     4.483 | SLOW    |     2.328 | FAST    |
A_i[0][3][0]   | C_o[0][5][1]   |     4.723 | SLOW    |     2.338 | FAST    |
A_i[0][3][0]   | C_o[0][5][2]   |     4.897 | SLOW    |     2.334 | FAST    |
A_i[0][3][0]   | C_o[0][5][3]   |     5.036 | SLOW    |     2.452 | FAST    |
A_i[0][3][0]   | C_o[0][6][0]   |     4.483 | SLOW    |     2.328 | FAST    |
A_i[0][3][0]   | C_o[0][6][1]   |     4.718 | SLOW    |     2.338 | FAST    |
A_i[0][3][0]   | C_o[0][6][2]   |     4.897 | SLOW    |     2.334 | FAST    |
A_i[0][3][0]   | C_o[0][6][3]   |     5.036 | SLOW    |     2.446 | FAST    |
A_i[0][3][0]   | C_o[0][7][0]   |     4.483 | SLOW    |     2.328 | FAST    |
A_i[0][3][0]   | C_o[0][7][1]   |     4.723 | SLOW    |     2.338 | FAST    |
A_i[0][3][0]   | C_o[0][7][2]   |     4.897 | SLOW    |     2.334 | FAST    |
A_i[0][3][0]   | C_o[0][7][3]   |     5.036 | SLOW    |     2.452 | FAST    |
A_i[0][3][1]   | C_o[0][0][1]   |     4.698 | SLOW    |     2.448 | FAST    |
A_i[0][3][1]   | C_o[0][0][2]   |     4.862 | SLOW    |     2.452 | FAST    |
A_i[0][3][1]   | C_o[0][0][3]   |     5.007 | SLOW    |     2.439 | FAST    |
A_i[0][3][1]   | C_o[0][1][1]   |     4.729 | SLOW    |     2.468 | FAST    |
A_i[0][3][1]   | C_o[0][1][2]   |     4.862 | SLOW    |     2.472 | FAST    |
A_i[0][3][1]   | C_o[0][1][3]   |     5.038 | SLOW    |     2.439 | FAST    |
A_i[0][3][1]   | C_o[0][2][1]   |     4.698 | SLOW    |     2.448 | FAST    |
A_i[0][3][1]   | C_o[0][2][2]   |     4.862 | SLOW    |     2.452 | FAST    |
A_i[0][3][1]   | C_o[0][2][3]   |     5.007 | SLOW    |     2.439 | FAST    |
A_i[0][3][1]   | C_o[0][3][1]   |     4.729 | SLOW    |     2.468 | FAST    |
A_i[0][3][1]   | C_o[0][3][2]   |     4.862 | SLOW    |     2.472 | FAST    |
A_i[0][3][1]   | C_o[0][3][3]   |     5.038 | SLOW    |     2.439 | FAST    |
A_i[0][3][1]   | C_o[0][4][1]   |     4.698 | SLOW    |     2.448 | FAST    |
A_i[0][3][1]   | C_o[0][4][2]   |     4.862 | SLOW    |     2.452 | FAST    |
A_i[0][3][1]   | C_o[0][4][3]   |     5.007 | SLOW    |     2.439 | FAST    |
A_i[0][3][1]   | C_o[0][5][1]   |     4.729 | SLOW    |     2.468 | FAST    |
A_i[0][3][1]   | C_o[0][5][2]   |     4.862 | SLOW    |     2.472 | FAST    |
A_i[0][3][1]   | C_o[0][5][3]   |     5.038 | SLOW    |     2.439 | FAST    |
A_i[0][3][1]   | C_o[0][6][1]   |     4.698 | SLOW    |     2.448 | FAST    |
A_i[0][3][1]   | C_o[0][6][2]   |     4.862 | SLOW    |     2.452 | FAST    |
A_i[0][3][1]   | C_o[0][6][3]   |     5.007 | SLOW    |     2.439 | FAST    |
A_i[0][3][1]   | C_o[0][7][1]   |     4.729 | SLOW    |     2.468 | FAST    |
A_i[0][3][1]   | C_o[0][7][2]   |     4.862 | SLOW    |     2.472 | FAST    |
A_i[0][3][1]   | C_o[0][7][3]   |     5.038 | SLOW    |     2.439 | FAST    |
A_i[0][3][2]   | C_o[0][0][2]   |     4.845 | SLOW    |     2.527 | FAST    |
A_i[0][3][2]   | C_o[0][0][3]   |     4.952 | SLOW    |     2.425 | FAST    |
A_i[0][3][2]   | C_o[0][1][2]   |     4.845 | SLOW    |     2.527 | FAST    |
A_i[0][3][2]   | C_o[0][1][3]   |     4.952 | SLOW    |     2.425 | FAST    |
A_i[0][3][2]   | C_o[0][2][2]   |     4.845 | SLOW    |     2.527 | FAST    |
A_i[0][3][2]   | C_o[0][2][3]   |     4.952 | SLOW    |     2.425 | FAST    |
A_i[0][3][2]   | C_o[0][3][2]   |     4.845 | SLOW    |     2.527 | FAST    |
A_i[0][3][2]   | C_o[0][3][3]   |     4.952 | SLOW    |     2.425 | FAST    |
A_i[0][3][2]   | C_o[0][4][2]   |     4.845 | SLOW    |     2.527 | FAST    |
A_i[0][3][2]   | C_o[0][4][3]   |     4.952 | SLOW    |     2.425 | FAST    |
A_i[0][3][2]   | C_o[0][5][2]   |     4.845 | SLOW    |     2.527 | FAST    |
A_i[0][3][2]   | C_o[0][5][3]   |     4.952 | SLOW    |     2.425 | FAST    |
A_i[0][3][2]   | C_o[0][6][2]   |     4.845 | SLOW    |     2.527 | FAST    |
A_i[0][3][2]   | C_o[0][6][3]   |     4.952 | SLOW    |     2.425 | FAST    |
A_i[0][3][2]   | C_o[0][7][2]   |     4.845 | SLOW    |     2.527 | FAST    |
A_i[0][3][2]   | C_o[0][7][3]   |     4.952 | SLOW    |     2.425 | FAST    |
A_i[0][3][3]   | C_o[0][0][3]   |     4.844 | SLOW    |     2.532 | FAST    |
A_i[0][3][3]   | C_o[0][1][3]   |     4.844 | SLOW    |     2.532 | FAST    |
A_i[0][3][3]   | C_o[0][2][3]   |     4.844 | SLOW    |     2.532 | FAST    |
A_i[0][3][3]   | C_o[0][3][3]   |     4.844 | SLOW    |     2.532 | FAST    |
A_i[0][3][3]   | C_o[0][4][3]   |     4.844 | SLOW    |     2.532 | FAST    |
A_i[0][3][3]   | C_o[0][5][3]   |     4.844 | SLOW    |     2.532 | FAST    |
A_i[0][3][3]   | C_o[0][6][3]   |     4.844 | SLOW    |     2.532 | FAST    |
A_i[0][3][3]   | C_o[0][7][3]   |     4.844 | SLOW    |     2.532 | FAST    |
A_i[1][0][0]   | C_o[1][0][0]   |     4.285 | SLOW    |     2.215 | FAST    |
A_i[1][0][0]   | C_o[1][0][1]   |     4.691 | SLOW    |     2.344 | FAST    |
A_i[1][0][0]   | C_o[1][0][2]   |     4.707 | SLOW    |     2.344 | FAST    |
A_i[1][0][0]   | C_o[1][0][3]   |     5.004 | SLOW    |     2.324 | FAST    |
A_i[1][0][0]   | C_o[1][1][0]   |     4.285 | SLOW    |     2.215 | FAST    |
A_i[1][0][0]   | C_o[1][1][1]   |     4.713 | SLOW    |     2.344 | FAST    |
A_i[1][0][0]   | C_o[1][1][2]   |     4.729 | SLOW    |     2.344 | FAST    |
A_i[1][0][0]   | C_o[1][1][3]   |     5.022 | SLOW    |     2.324 | FAST    |
A_i[1][0][0]   | C_o[1][2][0]   |     4.285 | SLOW    |     2.215 | FAST    |
A_i[1][0][0]   | C_o[1][2][1]   |     4.691 | SLOW    |     2.344 | FAST    |
A_i[1][0][0]   | C_o[1][2][2]   |     4.707 | SLOW    |     2.344 | FAST    |
A_i[1][0][0]   | C_o[1][2][3]   |     5.004 | SLOW    |     2.324 | FAST    |
A_i[1][0][0]   | C_o[1][3][0]   |     4.285 | SLOW    |     2.215 | FAST    |
A_i[1][0][0]   | C_o[1][3][1]   |     4.713 | SLOW    |     2.344 | FAST    |
A_i[1][0][0]   | C_o[1][3][2]   |     4.729 | SLOW    |     2.344 | FAST    |
A_i[1][0][0]   | C_o[1][3][3]   |     5.022 | SLOW    |     2.324 | FAST    |
A_i[1][0][0]   | C_o[1][4][0]   |     4.285 | SLOW    |     2.215 | FAST    |
A_i[1][0][0]   | C_o[1][4][1]   |     4.691 | SLOW    |     2.344 | FAST    |
A_i[1][0][0]   | C_o[1][4][2]   |     4.707 | SLOW    |     2.344 | FAST    |
A_i[1][0][0]   | C_o[1][4][3]   |     5.004 | SLOW    |     2.324 | FAST    |
A_i[1][0][0]   | C_o[1][5][0]   |     4.285 | SLOW    |     2.215 | FAST    |
A_i[1][0][0]   | C_o[1][5][1]   |     4.713 | SLOW    |     2.344 | FAST    |
A_i[1][0][0]   | C_o[1][5][2]   |     4.729 | SLOW    |     2.344 | FAST    |
A_i[1][0][0]   | C_o[1][5][3]   |     5.022 | SLOW    |     2.324 | FAST    |
A_i[1][0][0]   | C_o[1][6][0]   |     4.285 | SLOW    |     2.215 | FAST    |
A_i[1][0][0]   | C_o[1][6][1]   |     4.691 | SLOW    |     2.344 | FAST    |
A_i[1][0][0]   | C_o[1][6][2]   |     4.707 | SLOW    |     2.344 | FAST    |
A_i[1][0][0]   | C_o[1][6][3]   |     5.004 | SLOW    |     2.324 | FAST    |
A_i[1][0][0]   | C_o[1][7][0]   |     4.285 | SLOW    |     2.215 | FAST    |
A_i[1][0][0]   | C_o[1][7][1]   |     4.713 | SLOW    |     2.344 | FAST    |
A_i[1][0][0]   | C_o[1][7][2]   |     4.729 | SLOW    |     2.344 | FAST    |
A_i[1][0][0]   | C_o[1][7][3]   |     5.022 | SLOW    |     2.324 | FAST    |
A_i[1][0][1]   | C_o[1][0][1]   |     4.688 | SLOW    |     2.439 | FAST    |
A_i[1][0][1]   | C_o[1][0][2]   |     4.704 | SLOW    |     2.388 | FAST    |
A_i[1][0][1]   | C_o[1][0][3]   |     4.997 | SLOW    |     2.337 | FAST    |
A_i[1][0][1]   | C_o[1][1][1]   |     4.719 | SLOW    |     2.459 | FAST    |
A_i[1][0][1]   | C_o[1][1][2]   |     4.735 | SLOW    |     2.388 | FAST    |
A_i[1][0][1]   | C_o[1][1][3]   |     5.028 | SLOW    |     2.337 | FAST    |
A_i[1][0][1]   | C_o[1][2][1]   |     4.688 | SLOW    |     2.439 | FAST    |
A_i[1][0][1]   | C_o[1][2][2]   |     4.704 | SLOW    |     2.388 | FAST    |
A_i[1][0][1]   | C_o[1][2][3]   |     4.997 | SLOW    |     2.337 | FAST    |
A_i[1][0][1]   | C_o[1][3][1]   |     4.719 | SLOW    |     2.459 | FAST    |
A_i[1][0][1]   | C_o[1][3][2]   |     4.735 | SLOW    |     2.388 | FAST    |
A_i[1][0][1]   | C_o[1][3][3]   |     5.028 | SLOW    |     2.337 | FAST    |
A_i[1][0][1]   | C_o[1][4][1]   |     4.688 | SLOW    |     2.439 | FAST    |
A_i[1][0][1]   | C_o[1][4][2]   |     4.704 | SLOW    |     2.388 | FAST    |
A_i[1][0][1]   | C_o[1][4][3]   |     4.997 | SLOW    |     2.337 | FAST    |
A_i[1][0][1]   | C_o[1][5][1]   |     4.719 | SLOW    |     2.459 | FAST    |
A_i[1][0][1]   | C_o[1][5][2]   |     4.735 | SLOW    |     2.388 | FAST    |
A_i[1][0][1]   | C_o[1][5][3]   |     5.028 | SLOW    |     2.337 | FAST    |
A_i[1][0][1]   | C_o[1][6][1]   |     4.688 | SLOW    |     2.439 | FAST    |
A_i[1][0][1]   | C_o[1][6][2]   |     4.704 | SLOW    |     2.388 | FAST    |
A_i[1][0][1]   | C_o[1][6][3]   |     4.997 | SLOW    |     2.337 | FAST    |
A_i[1][0][1]   | C_o[1][7][1]   |     4.719 | SLOW    |     2.459 | FAST    |
A_i[1][0][1]   | C_o[1][7][2]   |     4.735 | SLOW    |     2.388 | FAST    |
A_i[1][0][1]   | C_o[1][7][3]   |     5.028 | SLOW    |     2.337 | FAST    |
A_i[1][0][2]   | C_o[1][0][2]   |     4.557 | SLOW    |     2.373 | FAST    |
A_i[1][0][2]   | C_o[1][0][3]   |     4.984 | SLOW    |     2.322 | FAST    |
A_i[1][0][2]   | C_o[1][1][2]   |     4.557 | SLOW    |     2.373 | FAST    |
A_i[1][0][2]   | C_o[1][1][3]   |     4.984 | SLOW    |     2.322 | FAST    |
A_i[1][0][2]   | C_o[1][2][2]   |     4.557 | SLOW    |     2.373 | FAST    |
A_i[1][0][2]   | C_o[1][2][3]   |     4.984 | SLOW    |     2.322 | FAST    |
A_i[1][0][2]   | C_o[1][3][2]   |     4.557 | SLOW    |     2.373 | FAST    |
A_i[1][0][2]   | C_o[1][3][3]   |     4.984 | SLOW    |     2.322 | FAST    |
A_i[1][0][2]   | C_o[1][4][2]   |     4.557 | SLOW    |     2.373 | FAST    |
A_i[1][0][2]   | C_o[1][4][3]   |     4.984 | SLOW    |     2.322 | FAST    |
A_i[1][0][2]   | C_o[1][5][2]   |     4.557 | SLOW    |     2.373 | FAST    |
A_i[1][0][2]   | C_o[1][5][3]   |     4.984 | SLOW    |     2.322 | FAST    |
A_i[1][0][2]   | C_o[1][6][2]   |     4.557 | SLOW    |     2.373 | FAST    |
A_i[1][0][2]   | C_o[1][6][3]   |     4.984 | SLOW    |     2.322 | FAST    |
A_i[1][0][2]   | C_o[1][7][2]   |     4.557 | SLOW    |     2.373 | FAST    |
A_i[1][0][2]   | C_o[1][7][3]   |     4.984 | SLOW    |     2.322 | FAST    |
A_i[1][0][3]   | C_o[1][0][3]   |     4.846 | SLOW    |     2.528 | FAST    |
A_i[1][0][3]   | C_o[1][1][3]   |     4.846 | SLOW    |     2.528 | FAST    |
A_i[1][0][3]   | C_o[1][2][3]   |     4.846 | SLOW    |     2.528 | FAST    |
A_i[1][0][3]   | C_o[1][3][3]   |     4.846 | SLOW    |     2.528 | FAST    |
A_i[1][0][3]   | C_o[1][4][3]   |     4.846 | SLOW    |     2.528 | FAST    |
A_i[1][0][3]   | C_o[1][5][3]   |     4.846 | SLOW    |     2.528 | FAST    |
A_i[1][0][3]   | C_o[1][6][3]   |     4.846 | SLOW    |     2.528 | FAST    |
A_i[1][0][3]   | C_o[1][7][3]   |     4.846 | SLOW    |     2.528 | FAST    |
A_i[1][1][0]   | C_o[1][0][0]   |     4.483 | SLOW    |     2.328 | FAST    |
A_i[1][1][0]   | C_o[1][0][1]   |     4.718 | SLOW    |     2.347 | FAST    |
A_i[1][1][0]   | C_o[1][0][2]   |     4.782 | SLOW    |     2.343 | FAST    |
A_i[1][1][0]   | C_o[1][0][3]   |     5.036 | SLOW    |     2.439 | FAST    |
A_i[1][1][0]   | C_o[1][1][0]   |     4.483 | SLOW    |     2.328 | FAST    |
A_i[1][1][0]   | C_o[1][1][1]   |     4.725 | SLOW    |     2.347 | FAST    |
A_i[1][1][0]   | C_o[1][1][2]   |     4.804 | SLOW    |     2.343 | FAST    |
A_i[1][1][0]   | C_o[1][1][3]   |     5.036 | SLOW    |     2.439 | FAST    |
A_i[1][1][0]   | C_o[1][2][0]   |     4.483 | SLOW    |     2.328 | FAST    |
A_i[1][1][0]   | C_o[1][2][1]   |     4.718 | SLOW    |     2.347 | FAST    |
A_i[1][1][0]   | C_o[1][2][2]   |     4.782 | SLOW    |     2.343 | FAST    |
A_i[1][1][0]   | C_o[1][2][3]   |     5.036 | SLOW    |     2.439 | FAST    |
A_i[1][1][0]   | C_o[1][3][0]   |     4.483 | SLOW    |     2.328 | FAST    |
A_i[1][1][0]   | C_o[1][3][1]   |     4.725 | SLOW    |     2.347 | FAST    |
A_i[1][1][0]   | C_o[1][3][2]   |     4.804 | SLOW    |     2.343 | FAST    |
A_i[1][1][0]   | C_o[1][3][3]   |     5.036 | SLOW    |     2.439 | FAST    |
A_i[1][1][0]   | C_o[1][4][0]   |     4.483 | SLOW    |     2.328 | FAST    |
A_i[1][1][0]   | C_o[1][4][1]   |     4.718 | SLOW    |     2.347 | FAST    |
A_i[1][1][0]   | C_o[1][4][2]   |     4.782 | SLOW    |     2.343 | FAST    |
A_i[1][1][0]   | C_o[1][4][3]   |     5.036 | SLOW    |     2.439 | FAST    |
A_i[1][1][0]   | C_o[1][5][0]   |     4.483 | SLOW    |     2.328 | FAST    |
A_i[1][1][0]   | C_o[1][5][1]   |     4.725 | SLOW    |     2.347 | FAST    |
A_i[1][1][0]   | C_o[1][5][2]   |     4.804 | SLOW    |     2.343 | FAST    |
A_i[1][1][0]   | C_o[1][5][3]   |     5.036 | SLOW    |     2.439 | FAST    |
A_i[1][1][0]   | C_o[1][6][0]   |     4.483 | SLOW    |     2.328 | FAST    |
A_i[1][1][0]   | C_o[1][6][1]   |     4.718 | SLOW    |     2.347 | FAST    |
A_i[1][1][0]   | C_o[1][6][2]   |     4.782 | SLOW    |     2.343 | FAST    |
A_i[1][1][0]   | C_o[1][6][3]   |     5.036 | SLOW    |     2.439 | FAST    |
A_i[1][1][0]   | C_o[1][7][0]   |     4.483 | SLOW    |     2.328 | FAST    |
A_i[1][1][0]   | C_o[1][7][1]   |     4.725 | SLOW    |     2.347 | FAST    |
A_i[1][1][0]   | C_o[1][7][2]   |     4.804 | SLOW    |     2.343 | FAST    |
A_i[1][1][0]   | C_o[1][7][3]   |     5.036 | SLOW    |     2.439 | FAST    |
A_i[1][1][1]   | C_o[1][0][1]   |     4.700 | SLOW    |     2.444 | FAST    |
A_i[1][1][1]   | C_o[1][0][2]   |     4.802 | SLOW    |     2.448 | FAST    |
A_i[1][1][1]   | C_o[1][0][3]   |     5.009 | SLOW    |     2.446 | FAST    |
A_i[1][1][1]   | C_o[1][1][1]   |     4.731 | SLOW    |     2.464 | FAST    |
A_i[1][1][1]   | C_o[1][1][2]   |     4.810 | SLOW    |     2.468 | FAST    |
A_i[1][1][1]   | C_o[1][1][3]   |     5.040 | SLOW    |     2.452 | FAST    |
A_i[1][1][1]   | C_o[1][2][1]   |     4.700 | SLOW    |     2.444 | FAST    |
A_i[1][1][1]   | C_o[1][2][2]   |     4.802 | SLOW    |     2.448 | FAST    |
A_i[1][1][1]   | C_o[1][2][3]   |     5.009 | SLOW    |     2.446 | FAST    |
A_i[1][1][1]   | C_o[1][3][1]   |     4.731 | SLOW    |     2.464 | FAST    |
A_i[1][1][1]   | C_o[1][3][2]   |     4.810 | SLOW    |     2.468 | FAST    |
A_i[1][1][1]   | C_o[1][3][3]   |     5.040 | SLOW    |     2.452 | FAST    |
A_i[1][1][1]   | C_o[1][4][1]   |     4.700 | SLOW    |     2.444 | FAST    |
A_i[1][1][1]   | C_o[1][4][2]   |     4.802 | SLOW    |     2.448 | FAST    |
A_i[1][1][1]   | C_o[1][4][3]   |     5.009 | SLOW    |     2.446 | FAST    |
A_i[1][1][1]   | C_o[1][5][1]   |     4.731 | SLOW    |     2.464 | FAST    |
A_i[1][1][1]   | C_o[1][5][2]   |     4.810 | SLOW    |     2.468 | FAST    |
A_i[1][1][1]   | C_o[1][5][3]   |     5.040 | SLOW    |     2.452 | FAST    |
A_i[1][1][1]   | C_o[1][6][1]   |     4.700 | SLOW    |     2.444 | FAST    |
A_i[1][1][1]   | C_o[1][6][2]   |     4.802 | SLOW    |     2.448 | FAST    |
A_i[1][1][1]   | C_o[1][6][3]   |     5.009 | SLOW    |     2.446 | FAST    |
A_i[1][1][1]   | C_o[1][7][1]   |     4.731 | SLOW    |     2.464 | FAST    |
A_i[1][1][1]   | C_o[1][7][2]   |     4.810 | SLOW    |     2.468 | FAST    |
A_i[1][1][1]   | C_o[1][7][3]   |     5.040 | SLOW    |     2.452 | FAST    |
A_i[1][1][2]   | C_o[1][0][2]   |     4.763 | SLOW    |     2.484 | FAST    |
A_i[1][1][2]   | C_o[1][0][3]   |     4.897 | SLOW    |     2.437 | FAST    |
A_i[1][1][2]   | C_o[1][1][2]   |     4.763 | SLOW    |     2.484 | FAST    |
A_i[1][1][2]   | C_o[1][1][3]   |     4.897 | SLOW    |     2.437 | FAST    |
A_i[1][1][2]   | C_o[1][2][2]   |     4.763 | SLOW    |     2.484 | FAST    |
A_i[1][1][2]   | C_o[1][2][3]   |     4.897 | SLOW    |     2.437 | FAST    |
A_i[1][1][2]   | C_o[1][3][2]   |     4.763 | SLOW    |     2.484 | FAST    |
A_i[1][1][2]   | C_o[1][3][3]   |     4.897 | SLOW    |     2.437 | FAST    |
A_i[1][1][2]   | C_o[1][4][2]   |     4.763 | SLOW    |     2.484 | FAST    |
A_i[1][1][2]   | C_o[1][4][3]   |     4.897 | SLOW    |     2.437 | FAST    |
A_i[1][1][2]   | C_o[1][5][2]   |     4.763 | SLOW    |     2.484 | FAST    |
A_i[1][1][2]   | C_o[1][5][3]   |     4.897 | SLOW    |     2.437 | FAST    |
A_i[1][1][2]   | C_o[1][6][2]   |     4.763 | SLOW    |     2.484 | FAST    |
A_i[1][1][2]   | C_o[1][6][3]   |     4.897 | SLOW    |     2.437 | FAST    |
A_i[1][1][2]   | C_o[1][7][2]   |     4.763 | SLOW    |     2.484 | FAST    |
A_i[1][1][2]   | C_o[1][7][3]   |     4.897 | SLOW    |     2.437 | FAST    |
A_i[1][1][3]   | C_o[1][0][3]   |     4.933 | SLOW    |     2.579 | FAST    |
A_i[1][1][3]   | C_o[1][1][3]   |     4.933 | SLOW    |     2.579 | FAST    |
A_i[1][1][3]   | C_o[1][2][3]   |     4.933 | SLOW    |     2.579 | FAST    |
A_i[1][1][3]   | C_o[1][3][3]   |     4.933 | SLOW    |     2.579 | FAST    |
A_i[1][1][3]   | C_o[1][4][3]   |     4.933 | SLOW    |     2.579 | FAST    |
A_i[1][1][3]   | C_o[1][5][3]   |     4.933 | SLOW    |     2.579 | FAST    |
A_i[1][1][3]   | C_o[1][6][3]   |     4.933 | SLOW    |     2.579 | FAST    |
A_i[1][1][3]   | C_o[1][7][3]   |     4.933 | SLOW    |     2.579 | FAST    |
A_i[1][2][0]   | C_o[1][0][0]   |     4.488 | SLOW    |     2.336 | FAST    |
A_i[1][2][0]   | C_o[1][0][1]   |     4.723 | SLOW    |     2.330 | FAST    |
A_i[1][2][0]   | C_o[1][0][2]   |     4.865 | SLOW    |     2.326 | FAST    |
A_i[1][2][0]   | C_o[1][0][3]   |     5.041 | SLOW    |     2.439 | FAST    |
A_i[1][2][0]   | C_o[1][1][0]   |     4.488 | SLOW    |     2.336 | FAST    |
A_i[1][2][0]   | C_o[1][1][1]   |     4.723 | SLOW    |     2.330 | FAST    |
A_i[1][2][0]   | C_o[1][1][2]   |     4.865 | SLOW    |     2.326 | FAST    |
A_i[1][2][0]   | C_o[1][1][3]   |     5.041 | SLOW    |     2.439 | FAST    |
A_i[1][2][0]   | C_o[1][2][0]   |     4.488 | SLOW    |     2.336 | FAST    |
A_i[1][2][0]   | C_o[1][2][1]   |     4.723 | SLOW    |     2.330 | FAST    |
A_i[1][2][0]   | C_o[1][2][2]   |     4.865 | SLOW    |     2.326 | FAST    |
A_i[1][2][0]   | C_o[1][2][3]   |     5.041 | SLOW    |     2.439 | FAST    |
A_i[1][2][0]   | C_o[1][3][0]   |     4.488 | SLOW    |     2.336 | FAST    |
A_i[1][2][0]   | C_o[1][3][1]   |     4.723 | SLOW    |     2.330 | FAST    |
A_i[1][2][0]   | C_o[1][3][2]   |     4.865 | SLOW    |     2.326 | FAST    |
A_i[1][2][0]   | C_o[1][3][3]   |     5.041 | SLOW    |     2.439 | FAST    |
A_i[1][2][0]   | C_o[1][4][0]   |     4.488 | SLOW    |     2.336 | FAST    |
A_i[1][2][0]   | C_o[1][4][1]   |     4.723 | SLOW    |     2.330 | FAST    |
A_i[1][2][0]   | C_o[1][4][2]   |     4.865 | SLOW    |     2.326 | FAST    |
A_i[1][2][0]   | C_o[1][4][3]   |     5.041 | SLOW    |     2.439 | FAST    |
A_i[1][2][0]   | C_o[1][5][0]   |     4.488 | SLOW    |     2.336 | FAST    |
A_i[1][2][0]   | C_o[1][5][1]   |     4.723 | SLOW    |     2.330 | FAST    |
A_i[1][2][0]   | C_o[1][5][2]   |     4.865 | SLOW    |     2.326 | FAST    |
A_i[1][2][0]   | C_o[1][5][3]   |     5.041 | SLOW    |     2.439 | FAST    |
A_i[1][2][0]   | C_o[1][6][0]   |     4.488 | SLOW    |     2.336 | FAST    |
A_i[1][2][0]   | C_o[1][6][1]   |     4.723 | SLOW    |     2.330 | FAST    |
A_i[1][2][0]   | C_o[1][6][2]   |     4.865 | SLOW    |     2.326 | FAST    |
A_i[1][2][0]   | C_o[1][6][3]   |     5.041 | SLOW    |     2.439 | FAST    |
A_i[1][2][0]   | C_o[1][7][0]   |     4.488 | SLOW    |     2.336 | FAST    |
A_i[1][2][0]   | C_o[1][7][1]   |     4.723 | SLOW    |     2.330 | FAST    |
A_i[1][2][0]   | C_o[1][7][2]   |     4.865 | SLOW    |     2.326 | FAST    |
A_i[1][2][0]   | C_o[1][7][3]   |     5.041 | SLOW    |     2.439 | FAST    |
A_i[1][2][1]   | C_o[1][0][1]   |     4.698 | SLOW    |     2.448 | FAST    |
A_i[1][2][1]   | C_o[1][0][2]   |     4.889 | SLOW    |     2.452 | FAST    |
A_i[1][2][1]   | C_o[1][0][3]   |     5.007 | SLOW    |     2.450 | FAST    |
A_i[1][2][1]   | C_o[1][1][1]   |     4.729 | SLOW    |     2.468 | FAST    |
A_i[1][2][1]   | C_o[1][1][2]   |     4.889 | SLOW    |     2.472 | FAST    |
A_i[1][2][1]   | C_o[1][1][3]   |     5.038 | SLOW    |     2.452 | FAST    |
A_i[1][2][1]   | C_o[1][2][1]   |     4.698 | SLOW    |     2.448 | FAST    |
A_i[1][2][1]   | C_o[1][2][2]   |     4.889 | SLOW    |     2.452 | FAST    |
A_i[1][2][1]   | C_o[1][2][3]   |     5.007 | SLOW    |     2.450 | FAST    |
A_i[1][2][1]   | C_o[1][3][1]   |     4.729 | SLOW    |     2.468 | FAST    |
A_i[1][2][1]   | C_o[1][3][2]   |     4.889 | SLOW    |     2.472 | FAST    |
A_i[1][2][1]   | C_o[1][3][3]   |     5.038 | SLOW    |     2.452 | FAST    |
A_i[1][2][1]   | C_o[1][4][1]   |     4.698 | SLOW    |     2.448 | FAST    |
A_i[1][2][1]   | C_o[1][4][2]   |     4.889 | SLOW    |     2.452 | FAST    |
A_i[1][2][1]   | C_o[1][4][3]   |     5.007 | SLOW    |     2.450 | FAST    |
A_i[1][2][1]   | C_o[1][5][1]   |     4.729 | SLOW    |     2.468 | FAST    |
A_i[1][2][1]   | C_o[1][5][2]   |     4.889 | SLOW    |     2.472 | FAST    |
A_i[1][2][1]   | C_o[1][5][3]   |     5.038 | SLOW    |     2.452 | FAST    |
A_i[1][2][1]   | C_o[1][6][1]   |     4.698 | SLOW    |     2.448 | FAST    |
A_i[1][2][1]   | C_o[1][6][2]   |     4.889 | SLOW    |     2.452 | FAST    |
A_i[1][2][1]   | C_o[1][6][3]   |     5.007 | SLOW    |     2.450 | FAST    |
A_i[1][2][1]   | C_o[1][7][1]   |     4.729 | SLOW    |     2.468 | FAST    |
A_i[1][2][1]   | C_o[1][7][2]   |     4.889 | SLOW    |     2.472 | FAST    |
A_i[1][2][1]   | C_o[1][7][3]   |     5.038 | SLOW    |     2.452 | FAST    |
A_i[1][2][2]   | C_o[1][0][2]   |     4.850 | SLOW    |     2.535 | FAST    |
A_i[1][2][2]   | C_o[1][0][3]   |     4.895 | SLOW    |     2.437 | FAST    |
A_i[1][2][2]   | C_o[1][1][2]   |     4.850 | SLOW    |     2.535 | FAST    |
A_i[1][2][2]   | C_o[1][1][3]   |     4.895 | SLOW    |     2.437 | FAST    |
A_i[1][2][2]   | C_o[1][2][2]   |     4.850 | SLOW    |     2.535 | FAST    |
A_i[1][2][2]   | C_o[1][2][3]   |     4.895 | SLOW    |     2.437 | FAST    |
A_i[1][2][2]   | C_o[1][3][2]   |     4.850 | SLOW    |     2.535 | FAST    |
A_i[1][2][2]   | C_o[1][3][3]   |     4.895 | SLOW    |     2.437 | FAST    |
A_i[1][2][2]   | C_o[1][4][2]   |     4.850 | SLOW    |     2.535 | FAST    |
A_i[1][2][2]   | C_o[1][4][3]   |     4.895 | SLOW    |     2.437 | FAST    |
A_i[1][2][2]   | C_o[1][5][2]   |     4.850 | SLOW    |     2.535 | FAST    |
A_i[1][2][2]   | C_o[1][5][3]   |     4.895 | SLOW    |     2.437 | FAST    |
A_i[1][2][2]   | C_o[1][6][2]   |     4.850 | SLOW    |     2.535 | FAST    |
A_i[1][2][2]   | C_o[1][6][3]   |     4.895 | SLOW    |     2.437 | FAST    |
A_i[1][2][2]   | C_o[1][7][2]   |     4.850 | SLOW    |     2.535 | FAST    |
A_i[1][2][2]   | C_o[1][7][3]   |     4.895 | SLOW    |     2.437 | FAST    |
A_i[1][2][3]   | C_o[1][0][3]   |     4.844 | SLOW    |     2.532 | FAST    |
A_i[1][2][3]   | C_o[1][1][3]   |     4.844 | SLOW    |     2.532 | FAST    |
A_i[1][2][3]   | C_o[1][2][3]   |     4.844 | SLOW    |     2.532 | FAST    |
A_i[1][2][3]   | C_o[1][3][3]   |     4.844 | SLOW    |     2.532 | FAST    |
A_i[1][2][3]   | C_o[1][4][3]   |     4.844 | SLOW    |     2.532 | FAST    |
A_i[1][2][3]   | C_o[1][5][3]   |     4.844 | SLOW    |     2.532 | FAST    |
A_i[1][2][3]   | C_o[1][6][3]   |     4.844 | SLOW    |     2.532 | FAST    |
A_i[1][2][3]   | C_o[1][7][3]   |     4.844 | SLOW    |     2.532 | FAST    |
A_i[1][3][0]   | C_o[1][0][0]   |     4.483 | SLOW    |     2.328 | FAST    |
A_i[1][3][0]   | C_o[1][0][1]   |     4.718 | SLOW    |     2.338 | FAST    |
A_i[1][3][0]   | C_o[1][0][2]   |     4.897 | SLOW    |     2.334 | FAST    |
A_i[1][3][0]   | C_o[1][0][3]   |     5.036 | SLOW    |     2.446 | FAST    |
A_i[1][3][0]   | C_o[1][1][0]   |     4.483 | SLOW    |     2.328 | FAST    |
A_i[1][3][0]   | C_o[1][1][1]   |     4.723 | SLOW    |     2.338 | FAST    |
A_i[1][3][0]   | C_o[1][1][2]   |     4.897 | SLOW    |     2.334 | FAST    |
A_i[1][3][0]   | C_o[1][1][3]   |     5.036 | SLOW    |     2.452 | FAST    |
A_i[1][3][0]   | C_o[1][2][0]   |     4.483 | SLOW    |     2.328 | FAST    |
A_i[1][3][0]   | C_o[1][2][1]   |     4.718 | SLOW    |     2.338 | FAST    |
A_i[1][3][0]   | C_o[1][2][2]   |     4.897 | SLOW    |     2.334 | FAST    |
A_i[1][3][0]   | C_o[1][2][3]   |     5.036 | SLOW    |     2.446 | FAST    |
A_i[1][3][0]   | C_o[1][3][0]   |     4.483 | SLOW    |     2.328 | FAST    |
A_i[1][3][0]   | C_o[1][3][1]   |     4.723 | SLOW    |     2.338 | FAST    |
A_i[1][3][0]   | C_o[1][3][2]   |     4.897 | SLOW    |     2.334 | FAST    |
A_i[1][3][0]   | C_o[1][3][3]   |     5.036 | SLOW    |     2.452 | FAST    |
A_i[1][3][0]   | C_o[1][4][0]   |     4.483 | SLOW    |     2.328 | FAST    |
A_i[1][3][0]   | C_o[1][4][1]   |     4.718 | SLOW    |     2.338 | FAST    |
A_i[1][3][0]   | C_o[1][4][2]   |     4.897 | SLOW    |     2.334 | FAST    |
A_i[1][3][0]   | C_o[1][4][3]   |     5.036 | SLOW    |     2.446 | FAST    |
A_i[1][3][0]   | C_o[1][5][0]   |     4.483 | SLOW    |     2.328 | FAST    |
A_i[1][3][0]   | C_o[1][5][1]   |     4.723 | SLOW    |     2.338 | FAST    |
A_i[1][3][0]   | C_o[1][5][2]   |     4.897 | SLOW    |     2.334 | FAST    |
A_i[1][3][0]   | C_o[1][5][3]   |     5.036 | SLOW    |     2.452 | FAST    |
A_i[1][3][0]   | C_o[1][6][0]   |     4.483 | SLOW    |     2.328 | FAST    |
A_i[1][3][0]   | C_o[1][6][1]   |     4.718 | SLOW    |     2.338 | FAST    |
A_i[1][3][0]   | C_o[1][6][2]   |     4.897 | SLOW    |     2.334 | FAST    |
A_i[1][3][0]   | C_o[1][6][3]   |     5.036 | SLOW    |     2.446 | FAST    |
A_i[1][3][0]   | C_o[1][7][0]   |     4.483 | SLOW    |     2.328 | FAST    |
A_i[1][3][0]   | C_o[1][7][1]   |     4.723 | SLOW    |     2.338 | FAST    |
A_i[1][3][0]   | C_o[1][7][2]   |     4.897 | SLOW    |     2.334 | FAST    |
A_i[1][3][0]   | C_o[1][7][3]   |     5.036 | SLOW    |     2.452 | FAST    |
A_i[1][3][1]   | C_o[1][0][1]   |     4.698 | SLOW    |     2.448 | FAST    |
A_i[1][3][1]   | C_o[1][0][2]   |     4.862 | SLOW    |     2.452 | FAST    |
A_i[1][3][1]   | C_o[1][0][3]   |     5.007 | SLOW    |     2.439 | FAST    |
A_i[1][3][1]   | C_o[1][1][1]   |     4.729 | SLOW    |     2.468 | FAST    |
A_i[1][3][1]   | C_o[1][1][2]   |     4.862 | SLOW    |     2.472 | FAST    |
A_i[1][3][1]   | C_o[1][1][3]   |     5.038 | SLOW    |     2.439 | FAST    |
A_i[1][3][1]   | C_o[1][2][1]   |     4.698 | SLOW    |     2.448 | FAST    |
A_i[1][3][1]   | C_o[1][2][2]   |     4.862 | SLOW    |     2.452 | FAST    |
A_i[1][3][1]   | C_o[1][2][3]   |     5.007 | SLOW    |     2.439 | FAST    |
A_i[1][3][1]   | C_o[1][3][1]   |     4.729 | SLOW    |     2.468 | FAST    |
A_i[1][3][1]   | C_o[1][3][2]   |     4.862 | SLOW    |     2.472 | FAST    |
A_i[1][3][1]   | C_o[1][3][3]   |     5.038 | SLOW    |     2.439 | FAST    |
A_i[1][3][1]   | C_o[1][4][1]   |     4.698 | SLOW    |     2.448 | FAST    |
A_i[1][3][1]   | C_o[1][4][2]   |     4.862 | SLOW    |     2.452 | FAST    |
A_i[1][3][1]   | C_o[1][4][3]   |     5.007 | SLOW    |     2.439 | FAST    |
A_i[1][3][1]   | C_o[1][5][1]   |     4.729 | SLOW    |     2.468 | FAST    |
A_i[1][3][1]   | C_o[1][5][2]   |     4.862 | SLOW    |     2.472 | FAST    |
A_i[1][3][1]   | C_o[1][5][3]   |     5.038 | SLOW    |     2.439 | FAST    |
A_i[1][3][1]   | C_o[1][6][1]   |     4.698 | SLOW    |     2.448 | FAST    |
A_i[1][3][1]   | C_o[1][6][2]   |     4.862 | SLOW    |     2.452 | FAST    |
A_i[1][3][1]   | C_o[1][6][3]   |     5.007 | SLOW    |     2.439 | FAST    |
A_i[1][3][1]   | C_o[1][7][1]   |     4.729 | SLOW    |     2.468 | FAST    |
A_i[1][3][1]   | C_o[1][7][2]   |     4.862 | SLOW    |     2.472 | FAST    |
A_i[1][3][1]   | C_o[1][7][3]   |     5.038 | SLOW    |     2.439 | FAST    |
A_i[1][3][2]   | C_o[1][0][2]   |     4.845 | SLOW    |     2.527 | FAST    |
A_i[1][3][2]   | C_o[1][0][3]   |     4.952 | SLOW    |     2.425 | FAST    |
A_i[1][3][2]   | C_o[1][1][2]   |     4.845 | SLOW    |     2.527 | FAST    |
A_i[1][3][2]   | C_o[1][1][3]   |     4.952 | SLOW    |     2.425 | FAST    |
A_i[1][3][2]   | C_o[1][2][2]   |     4.845 | SLOW    |     2.527 | FAST    |
A_i[1][3][2]   | C_o[1][2][3]   |     4.952 | SLOW    |     2.425 | FAST    |
A_i[1][3][2]   | C_o[1][3][2]   |     4.845 | SLOW    |     2.527 | FAST    |
A_i[1][3][2]   | C_o[1][3][3]   |     4.952 | SLOW    |     2.425 | FAST    |
A_i[1][3][2]   | C_o[1][4][2]   |     4.845 | SLOW    |     2.527 | FAST    |
A_i[1][3][2]   | C_o[1][4][3]   |     4.952 | SLOW    |     2.425 | FAST    |
A_i[1][3][2]   | C_o[1][5][2]   |     4.845 | SLOW    |     2.527 | FAST    |
A_i[1][3][2]   | C_o[1][5][3]   |     4.952 | SLOW    |     2.425 | FAST    |
A_i[1][3][2]   | C_o[1][6][2]   |     4.845 | SLOW    |     2.527 | FAST    |
A_i[1][3][2]   | C_o[1][6][3]   |     4.952 | SLOW    |     2.425 | FAST    |
A_i[1][3][2]   | C_o[1][7][2]   |     4.845 | SLOW    |     2.527 | FAST    |
A_i[1][3][2]   | C_o[1][7][3]   |     4.952 | SLOW    |     2.425 | FAST    |
A_i[1][3][3]   | C_o[1][0][3]   |     4.844 | SLOW    |     2.532 | FAST    |
A_i[1][3][3]   | C_o[1][1][3]   |     4.844 | SLOW    |     2.532 | FAST    |
A_i[1][3][3]   | C_o[1][2][3]   |     4.844 | SLOW    |     2.532 | FAST    |
A_i[1][3][3]   | C_o[1][3][3]   |     4.844 | SLOW    |     2.532 | FAST    |
A_i[1][3][3]   | C_o[1][4][3]   |     4.844 | SLOW    |     2.532 | FAST    |
A_i[1][3][3]   | C_o[1][5][3]   |     4.844 | SLOW    |     2.532 | FAST    |
A_i[1][3][3]   | C_o[1][6][3]   |     4.844 | SLOW    |     2.532 | FAST    |
A_i[1][3][3]   | C_o[1][7][3]   |     4.844 | SLOW    |     2.532 | FAST    |
A_i[2][0][0]   | C_o[2][0][0]   |     4.285 | SLOW    |     2.215 | FAST    |
A_i[2][0][0]   | C_o[2][0][1]   |     4.691 | SLOW    |     2.344 | FAST    |
A_i[2][0][0]   | C_o[2][0][2]   |     4.707 | SLOW    |     2.344 | FAST    |
A_i[2][0][0]   | C_o[2][0][3]   |     5.004 | SLOW    |     2.324 | FAST    |
A_i[2][0][0]   | C_o[2][1][0]   |     4.285 | SLOW    |     2.215 | FAST    |
A_i[2][0][0]   | C_o[2][1][1]   |     4.713 | SLOW    |     2.344 | FAST    |
A_i[2][0][0]   | C_o[2][1][2]   |     4.729 | SLOW    |     2.344 | FAST    |
A_i[2][0][0]   | C_o[2][1][3]   |     5.022 | SLOW    |     2.324 | FAST    |
A_i[2][0][0]   | C_o[2][2][0]   |     4.285 | SLOW    |     2.215 | FAST    |
A_i[2][0][0]   | C_o[2][2][1]   |     4.691 | SLOW    |     2.344 | FAST    |
A_i[2][0][0]   | C_o[2][2][2]   |     4.707 | SLOW    |     2.344 | FAST    |
A_i[2][0][0]   | C_o[2][2][3]   |     5.004 | SLOW    |     2.324 | FAST    |
A_i[2][0][0]   | C_o[2][3][0]   |     4.285 | SLOW    |     2.215 | FAST    |
A_i[2][0][0]   | C_o[2][3][1]   |     4.713 | SLOW    |     2.344 | FAST    |
A_i[2][0][0]   | C_o[2][3][2]   |     4.729 | SLOW    |     2.344 | FAST    |
A_i[2][0][0]   | C_o[2][3][3]   |     5.022 | SLOW    |     2.324 | FAST    |
A_i[2][0][0]   | C_o[2][4][0]   |     4.285 | SLOW    |     2.215 | FAST    |
A_i[2][0][0]   | C_o[2][4][1]   |     4.691 | SLOW    |     2.344 | FAST    |
A_i[2][0][0]   | C_o[2][4][2]   |     4.707 | SLOW    |     2.344 | FAST    |
A_i[2][0][0]   | C_o[2][4][3]   |     5.004 | SLOW    |     2.324 | FAST    |
A_i[2][0][0]   | C_o[2][5][0]   |     4.285 | SLOW    |     2.215 | FAST    |
A_i[2][0][0]   | C_o[2][5][1]   |     4.713 | SLOW    |     2.344 | FAST    |
A_i[2][0][0]   | C_o[2][5][2]   |     4.729 | SLOW    |     2.344 | FAST    |
A_i[2][0][0]   | C_o[2][5][3]   |     5.022 | SLOW    |     2.324 | FAST    |
A_i[2][0][0]   | C_o[2][6][0]   |     4.285 | SLOW    |     2.215 | FAST    |
A_i[2][0][0]   | C_o[2][6][1]   |     4.691 | SLOW    |     2.344 | FAST    |
A_i[2][0][0]   | C_o[2][6][2]   |     4.707 | SLOW    |     2.344 | FAST    |
A_i[2][0][0]   | C_o[2][6][3]   |     5.004 | SLOW    |     2.324 | FAST    |
A_i[2][0][0]   | C_o[2][7][0]   |     4.285 | SLOW    |     2.215 | FAST    |
A_i[2][0][0]   | C_o[2][7][1]   |     4.713 | SLOW    |     2.344 | FAST    |
A_i[2][0][0]   | C_o[2][7][2]   |     4.729 | SLOW    |     2.344 | FAST    |
A_i[2][0][0]   | C_o[2][7][3]   |     5.022 | SLOW    |     2.324 | FAST    |
A_i[2][0][1]   | C_o[2][0][1]   |     4.688 | SLOW    |     2.439 | FAST    |
A_i[2][0][1]   | C_o[2][0][2]   |     4.704 | SLOW    |     2.388 | FAST    |
A_i[2][0][1]   | C_o[2][0][3]   |     4.997 | SLOW    |     2.337 | FAST    |
A_i[2][0][1]   | C_o[2][1][1]   |     4.719 | SLOW    |     2.459 | FAST    |
A_i[2][0][1]   | C_o[2][1][2]   |     4.735 | SLOW    |     2.388 | FAST    |
A_i[2][0][1]   | C_o[2][1][3]   |     5.028 | SLOW    |     2.337 | FAST    |
A_i[2][0][1]   | C_o[2][2][1]   |     4.688 | SLOW    |     2.439 | FAST    |
A_i[2][0][1]   | C_o[2][2][2]   |     4.704 | SLOW    |     2.388 | FAST    |
A_i[2][0][1]   | C_o[2][2][3]   |     4.997 | SLOW    |     2.337 | FAST    |
A_i[2][0][1]   | C_o[2][3][1]   |     4.719 | SLOW    |     2.459 | FAST    |
A_i[2][0][1]   | C_o[2][3][2]   |     4.735 | SLOW    |     2.388 | FAST    |
A_i[2][0][1]   | C_o[2][3][3]   |     5.028 | SLOW    |     2.337 | FAST    |
A_i[2][0][1]   | C_o[2][4][1]   |     4.688 | SLOW    |     2.439 | FAST    |
A_i[2][0][1]   | C_o[2][4][2]   |     4.704 | SLOW    |     2.388 | FAST    |
A_i[2][0][1]   | C_o[2][4][3]   |     4.997 | SLOW    |     2.337 | FAST    |
A_i[2][0][1]   | C_o[2][5][1]   |     4.719 | SLOW    |     2.459 | FAST    |
A_i[2][0][1]   | C_o[2][5][2]   |     4.735 | SLOW    |     2.388 | FAST    |
A_i[2][0][1]   | C_o[2][5][3]   |     5.028 | SLOW    |     2.337 | FAST    |
A_i[2][0][1]   | C_o[2][6][1]   |     4.688 | SLOW    |     2.439 | FAST    |
A_i[2][0][1]   | C_o[2][6][2]   |     4.704 | SLOW    |     2.388 | FAST    |
A_i[2][0][1]   | C_o[2][6][3]   |     4.997 | SLOW    |     2.337 | FAST    |
A_i[2][0][1]   | C_o[2][7][1]   |     4.719 | SLOW    |     2.459 | FAST    |
A_i[2][0][1]   | C_o[2][7][2]   |     4.735 | SLOW    |     2.388 | FAST    |
A_i[2][0][1]   | C_o[2][7][3]   |     5.028 | SLOW    |     2.337 | FAST    |
A_i[2][0][2]   | C_o[2][0][2]   |     4.557 | SLOW    |     2.373 | FAST    |
A_i[2][0][2]   | C_o[2][0][3]   |     4.984 | SLOW    |     2.322 | FAST    |
A_i[2][0][2]   | C_o[2][1][2]   |     4.557 | SLOW    |     2.373 | FAST    |
A_i[2][0][2]   | C_o[2][1][3]   |     4.984 | SLOW    |     2.322 | FAST    |
A_i[2][0][2]   | C_o[2][2][2]   |     4.557 | SLOW    |     2.373 | FAST    |
A_i[2][0][2]   | C_o[2][2][3]   |     4.984 | SLOW    |     2.322 | FAST    |
A_i[2][0][2]   | C_o[2][3][2]   |     4.557 | SLOW    |     2.373 | FAST    |
A_i[2][0][2]   | C_o[2][3][3]   |     4.984 | SLOW    |     2.322 | FAST    |
A_i[2][0][2]   | C_o[2][4][2]   |     4.557 | SLOW    |     2.373 | FAST    |
A_i[2][0][2]   | C_o[2][4][3]   |     4.984 | SLOW    |     2.322 | FAST    |
A_i[2][0][2]   | C_o[2][5][2]   |     4.557 | SLOW    |     2.373 | FAST    |
A_i[2][0][2]   | C_o[2][5][3]   |     4.984 | SLOW    |     2.322 | FAST    |
A_i[2][0][2]   | C_o[2][6][2]   |     4.557 | SLOW    |     2.373 | FAST    |
A_i[2][0][2]   | C_o[2][6][3]   |     4.984 | SLOW    |     2.322 | FAST    |
A_i[2][0][2]   | C_o[2][7][2]   |     4.557 | SLOW    |     2.373 | FAST    |
A_i[2][0][2]   | C_o[2][7][3]   |     4.984 | SLOW    |     2.322 | FAST    |
A_i[2][0][3]   | C_o[2][0][3]   |     4.846 | SLOW    |     2.528 | FAST    |
A_i[2][0][3]   | C_o[2][1][3]   |     4.846 | SLOW    |     2.528 | FAST    |
A_i[2][0][3]   | C_o[2][2][3]   |     4.846 | SLOW    |     2.528 | FAST    |
A_i[2][0][3]   | C_o[2][3][3]   |     4.846 | SLOW    |     2.528 | FAST    |
A_i[2][0][3]   | C_o[2][4][3]   |     4.846 | SLOW    |     2.528 | FAST    |
A_i[2][0][3]   | C_o[2][5][3]   |     4.846 | SLOW    |     2.528 | FAST    |
A_i[2][0][3]   | C_o[2][6][3]   |     4.846 | SLOW    |     2.528 | FAST    |
A_i[2][0][3]   | C_o[2][7][3]   |     4.846 | SLOW    |     2.528 | FAST    |
A_i[2][1][0]   | C_o[2][0][0]   |     4.483 | SLOW    |     2.328 | FAST    |
A_i[2][1][0]   | C_o[2][0][1]   |     4.718 | SLOW    |     2.347 | FAST    |
A_i[2][1][0]   | C_o[2][0][2]   |     4.782 | SLOW    |     2.343 | FAST    |
A_i[2][1][0]   | C_o[2][0][3]   |     5.036 | SLOW    |     2.439 | FAST    |
A_i[2][1][0]   | C_o[2][1][0]   |     4.483 | SLOW    |     2.328 | FAST    |
A_i[2][1][0]   | C_o[2][1][1]   |     4.725 | SLOW    |     2.347 | FAST    |
A_i[2][1][0]   | C_o[2][1][2]   |     4.804 | SLOW    |     2.343 | FAST    |
A_i[2][1][0]   | C_o[2][1][3]   |     5.036 | SLOW    |     2.439 | FAST    |
A_i[2][1][0]   | C_o[2][2][0]   |     4.483 | SLOW    |     2.328 | FAST    |
A_i[2][1][0]   | C_o[2][2][1]   |     4.718 | SLOW    |     2.347 | FAST    |
A_i[2][1][0]   | C_o[2][2][2]   |     4.782 | SLOW    |     2.343 | FAST    |
A_i[2][1][0]   | C_o[2][2][3]   |     5.036 | SLOW    |     2.439 | FAST    |
A_i[2][1][0]   | C_o[2][3][0]   |     4.483 | SLOW    |     2.328 | FAST    |
A_i[2][1][0]   | C_o[2][3][1]   |     4.725 | SLOW    |     2.347 | FAST    |
A_i[2][1][0]   | C_o[2][3][2]   |     4.804 | SLOW    |     2.343 | FAST    |
A_i[2][1][0]   | C_o[2][3][3]   |     5.036 | SLOW    |     2.439 | FAST    |
A_i[2][1][0]   | C_o[2][4][0]   |     4.483 | SLOW    |     2.328 | FAST    |
A_i[2][1][0]   | C_o[2][4][1]   |     4.718 | SLOW    |     2.347 | FAST    |
A_i[2][1][0]   | C_o[2][4][2]   |     4.782 | SLOW    |     2.343 | FAST    |
A_i[2][1][0]   | C_o[2][4][3]   |     5.036 | SLOW    |     2.439 | FAST    |
A_i[2][1][0]   | C_o[2][5][0]   |     4.483 | SLOW    |     2.328 | FAST    |
A_i[2][1][0]   | C_o[2][5][1]   |     4.725 | SLOW    |     2.347 | FAST    |
A_i[2][1][0]   | C_o[2][5][2]   |     4.804 | SLOW    |     2.343 | FAST    |
A_i[2][1][0]   | C_o[2][5][3]   |     5.036 | SLOW    |     2.439 | FAST    |
A_i[2][1][0]   | C_o[2][6][0]   |     4.483 | SLOW    |     2.328 | FAST    |
A_i[2][1][0]   | C_o[2][6][1]   |     4.718 | SLOW    |     2.347 | FAST    |
A_i[2][1][0]   | C_o[2][6][2]   |     4.782 | SLOW    |     2.343 | FAST    |
A_i[2][1][0]   | C_o[2][6][3]   |     5.036 | SLOW    |     2.439 | FAST    |
A_i[2][1][0]   | C_o[2][7][0]   |     4.483 | SLOW    |     2.328 | FAST    |
A_i[2][1][0]   | C_o[2][7][1]   |     4.725 | SLOW    |     2.347 | FAST    |
A_i[2][1][0]   | C_o[2][7][2]   |     4.804 | SLOW    |     2.343 | FAST    |
A_i[2][1][0]   | C_o[2][7][3]   |     5.036 | SLOW    |     2.439 | FAST    |
A_i[2][1][1]   | C_o[2][0][1]   |     4.700 | SLOW    |     2.444 | FAST    |
A_i[2][1][1]   | C_o[2][0][2]   |     4.802 | SLOW    |     2.448 | FAST    |
A_i[2][1][1]   | C_o[2][0][3]   |     5.009 | SLOW    |     2.446 | FAST    |
A_i[2][1][1]   | C_o[2][1][1]   |     4.731 | SLOW    |     2.464 | FAST    |
A_i[2][1][1]   | C_o[2][1][2]   |     4.810 | SLOW    |     2.468 | FAST    |
A_i[2][1][1]   | C_o[2][1][3]   |     5.040 | SLOW    |     2.452 | FAST    |
A_i[2][1][1]   | C_o[2][2][1]   |     4.700 | SLOW    |     2.444 | FAST    |
A_i[2][1][1]   | C_o[2][2][2]   |     4.802 | SLOW    |     2.448 | FAST    |
A_i[2][1][1]   | C_o[2][2][3]   |     5.009 | SLOW    |     2.446 | FAST    |
A_i[2][1][1]   | C_o[2][3][1]   |     4.731 | SLOW    |     2.464 | FAST    |
A_i[2][1][1]   | C_o[2][3][2]   |     4.810 | SLOW    |     2.468 | FAST    |
A_i[2][1][1]   | C_o[2][3][3]   |     5.040 | SLOW    |     2.452 | FAST    |
A_i[2][1][1]   | C_o[2][4][1]   |     4.700 | SLOW    |     2.444 | FAST    |
A_i[2][1][1]   | C_o[2][4][2]   |     4.802 | SLOW    |     2.448 | FAST    |
A_i[2][1][1]   | C_o[2][4][3]   |     5.009 | SLOW    |     2.446 | FAST    |
A_i[2][1][1]   | C_o[2][5][1]   |     4.731 | SLOW    |     2.464 | FAST    |
A_i[2][1][1]   | C_o[2][5][2]   |     4.810 | SLOW    |     2.468 | FAST    |
A_i[2][1][1]   | C_o[2][5][3]   |     5.040 | SLOW    |     2.452 | FAST    |
A_i[2][1][1]   | C_o[2][6][1]   |     4.700 | SLOW    |     2.444 | FAST    |
A_i[2][1][1]   | C_o[2][6][2]   |     4.802 | SLOW    |     2.448 | FAST    |
A_i[2][1][1]   | C_o[2][6][3]   |     5.009 | SLOW    |     2.446 | FAST    |
A_i[2][1][1]   | C_o[2][7][1]   |     4.731 | SLOW    |     2.464 | FAST    |
A_i[2][1][1]   | C_o[2][7][2]   |     4.810 | SLOW    |     2.468 | FAST    |
A_i[2][1][1]   | C_o[2][7][3]   |     5.040 | SLOW    |     2.452 | FAST    |
A_i[2][1][2]   | C_o[2][0][2]   |     4.763 | SLOW    |     2.484 | FAST    |
A_i[2][1][2]   | C_o[2][0][3]   |     4.897 | SLOW    |     2.437 | FAST    |
A_i[2][1][2]   | C_o[2][1][2]   |     4.763 | SLOW    |     2.484 | FAST    |
A_i[2][1][2]   | C_o[2][1][3]   |     4.897 | SLOW    |     2.437 | FAST    |
A_i[2][1][2]   | C_o[2][2][2]   |     4.763 | SLOW    |     2.484 | FAST    |
A_i[2][1][2]   | C_o[2][2][3]   |     4.897 | SLOW    |     2.437 | FAST    |
A_i[2][1][2]   | C_o[2][3][2]   |     4.763 | SLOW    |     2.484 | FAST    |
A_i[2][1][2]   | C_o[2][3][3]   |     4.897 | SLOW    |     2.437 | FAST    |
A_i[2][1][2]   | C_o[2][4][2]   |     4.763 | SLOW    |     2.484 | FAST    |
A_i[2][1][2]   | C_o[2][4][3]   |     4.897 | SLOW    |     2.437 | FAST    |
A_i[2][1][2]   | C_o[2][5][2]   |     4.763 | SLOW    |     2.484 | FAST    |
A_i[2][1][2]   | C_o[2][5][3]   |     4.897 | SLOW    |     2.437 | FAST    |
A_i[2][1][2]   | C_o[2][6][2]   |     4.763 | SLOW    |     2.484 | FAST    |
A_i[2][1][2]   | C_o[2][6][3]   |     4.897 | SLOW    |     2.437 | FAST    |
A_i[2][1][2]   | C_o[2][7][2]   |     4.763 | SLOW    |     2.484 | FAST    |
A_i[2][1][2]   | C_o[2][7][3]   |     4.897 | SLOW    |     2.437 | FAST    |
A_i[2][1][3]   | C_o[2][0][3]   |     4.933 | SLOW    |     2.579 | FAST    |
A_i[2][1][3]   | C_o[2][1][3]   |     4.933 | SLOW    |     2.579 | FAST    |
A_i[2][1][3]   | C_o[2][2][3]   |     4.933 | SLOW    |     2.579 | FAST    |
A_i[2][1][3]   | C_o[2][3][3]   |     4.933 | SLOW    |     2.579 | FAST    |
A_i[2][1][3]   | C_o[2][4][3]   |     4.933 | SLOW    |     2.579 | FAST    |
A_i[2][1][3]   | C_o[2][5][3]   |     4.933 | SLOW    |     2.579 | FAST    |
A_i[2][1][3]   | C_o[2][6][3]   |     4.933 | SLOW    |     2.579 | FAST    |
A_i[2][1][3]   | C_o[2][7][3]   |     4.933 | SLOW    |     2.579 | FAST    |
A_i[2][2][0]   | C_o[2][0][0]   |     4.488 | SLOW    |     2.336 | FAST    |
A_i[2][2][0]   | C_o[2][0][1]   |     4.723 | SLOW    |     2.330 | FAST    |
A_i[2][2][0]   | C_o[2][0][2]   |     4.865 | SLOW    |     2.326 | FAST    |
A_i[2][2][0]   | C_o[2][0][3]   |     5.041 | SLOW    |     2.439 | FAST    |
A_i[2][2][0]   | C_o[2][1][0]   |     4.488 | SLOW    |     2.336 | FAST    |
A_i[2][2][0]   | C_o[2][1][1]   |     4.723 | SLOW    |     2.330 | FAST    |
A_i[2][2][0]   | C_o[2][1][2]   |     4.865 | SLOW    |     2.326 | FAST    |
A_i[2][2][0]   | C_o[2][1][3]   |     5.041 | SLOW    |     2.439 | FAST    |
A_i[2][2][0]   | C_o[2][2][0]   |     4.488 | SLOW    |     2.336 | FAST    |
A_i[2][2][0]   | C_o[2][2][1]   |     4.723 | SLOW    |     2.330 | FAST    |
A_i[2][2][0]   | C_o[2][2][2]   |     4.865 | SLOW    |     2.326 | FAST    |
A_i[2][2][0]   | C_o[2][2][3]   |     5.041 | SLOW    |     2.439 | FAST    |
A_i[2][2][0]   | C_o[2][3][0]   |     4.488 | SLOW    |     2.336 | FAST    |
A_i[2][2][0]   | C_o[2][3][1]   |     4.723 | SLOW    |     2.330 | FAST    |
A_i[2][2][0]   | C_o[2][3][2]   |     4.865 | SLOW    |     2.326 | FAST    |
A_i[2][2][0]   | C_o[2][3][3]   |     5.041 | SLOW    |     2.439 | FAST    |
A_i[2][2][0]   | C_o[2][4][0]   |     4.488 | SLOW    |     2.336 | FAST    |
A_i[2][2][0]   | C_o[2][4][1]   |     4.723 | SLOW    |     2.330 | FAST    |
A_i[2][2][0]   | C_o[2][4][2]   |     4.865 | SLOW    |     2.326 | FAST    |
A_i[2][2][0]   | C_o[2][4][3]   |     5.041 | SLOW    |     2.439 | FAST    |
A_i[2][2][0]   | C_o[2][5][0]   |     4.488 | SLOW    |     2.336 | FAST    |
A_i[2][2][0]   | C_o[2][5][1]   |     4.723 | SLOW    |     2.330 | FAST    |
A_i[2][2][0]   | C_o[2][5][2]   |     4.865 | SLOW    |     2.326 | FAST    |
A_i[2][2][0]   | C_o[2][5][3]   |     5.041 | SLOW    |     2.439 | FAST    |
A_i[2][2][0]   | C_o[2][6][0]   |     4.488 | SLOW    |     2.336 | FAST    |
A_i[2][2][0]   | C_o[2][6][1]   |     4.723 | SLOW    |     2.330 | FAST    |
A_i[2][2][0]   | C_o[2][6][2]   |     4.865 | SLOW    |     2.326 | FAST    |
A_i[2][2][0]   | C_o[2][6][3]   |     5.041 | SLOW    |     2.439 | FAST    |
A_i[2][2][0]   | C_o[2][7][0]   |     4.488 | SLOW    |     2.336 | FAST    |
A_i[2][2][0]   | C_o[2][7][1]   |     4.723 | SLOW    |     2.330 | FAST    |
A_i[2][2][0]   | C_o[2][7][2]   |     4.865 | SLOW    |     2.326 | FAST    |
A_i[2][2][0]   | C_o[2][7][3]   |     5.041 | SLOW    |     2.439 | FAST    |
A_i[2][2][1]   | C_o[2][0][1]   |     4.698 | SLOW    |     2.448 | FAST    |
A_i[2][2][1]   | C_o[2][0][2]   |     4.889 | SLOW    |     2.452 | FAST    |
A_i[2][2][1]   | C_o[2][0][3]   |     5.007 | SLOW    |     2.450 | FAST    |
A_i[2][2][1]   | C_o[2][1][1]   |     4.729 | SLOW    |     2.468 | FAST    |
A_i[2][2][1]   | C_o[2][1][2]   |     4.889 | SLOW    |     2.472 | FAST    |
A_i[2][2][1]   | C_o[2][1][3]   |     5.038 | SLOW    |     2.452 | FAST    |
A_i[2][2][1]   | C_o[2][2][1]   |     4.698 | SLOW    |     2.448 | FAST    |
A_i[2][2][1]   | C_o[2][2][2]   |     4.889 | SLOW    |     2.452 | FAST    |
A_i[2][2][1]   | C_o[2][2][3]   |     5.007 | SLOW    |     2.450 | FAST    |
A_i[2][2][1]   | C_o[2][3][1]   |     4.729 | SLOW    |     2.468 | FAST    |
A_i[2][2][1]   | C_o[2][3][2]   |     4.889 | SLOW    |     2.472 | FAST    |
A_i[2][2][1]   | C_o[2][3][3]   |     5.038 | SLOW    |     2.452 | FAST    |
A_i[2][2][1]   | C_o[2][4][1]   |     4.698 | SLOW    |     2.448 | FAST    |
A_i[2][2][1]   | C_o[2][4][2]   |     4.889 | SLOW    |     2.452 | FAST    |
A_i[2][2][1]   | C_o[2][4][3]   |     5.007 | SLOW    |     2.450 | FAST    |
A_i[2][2][1]   | C_o[2][5][1]   |     4.729 | SLOW    |     2.468 | FAST    |
A_i[2][2][1]   | C_o[2][5][2]   |     4.889 | SLOW    |     2.472 | FAST    |
A_i[2][2][1]   | C_o[2][5][3]   |     5.038 | SLOW    |     2.452 | FAST    |
A_i[2][2][1]   | C_o[2][6][1]   |     4.698 | SLOW    |     2.448 | FAST    |
A_i[2][2][1]   | C_o[2][6][2]   |     4.889 | SLOW    |     2.452 | FAST    |
A_i[2][2][1]   | C_o[2][6][3]   |     5.007 | SLOW    |     2.450 | FAST    |
A_i[2][2][1]   | C_o[2][7][1]   |     4.729 | SLOW    |     2.468 | FAST    |
A_i[2][2][1]   | C_o[2][7][2]   |     4.889 | SLOW    |     2.472 | FAST    |
A_i[2][2][1]   | C_o[2][7][3]   |     5.038 | SLOW    |     2.452 | FAST    |
A_i[2][2][2]   | C_o[2][0][2]   |     4.850 | SLOW    |     2.535 | FAST    |
A_i[2][2][2]   | C_o[2][0][3]   |     4.895 | SLOW    |     2.437 | FAST    |
A_i[2][2][2]   | C_o[2][1][2]   |     4.850 | SLOW    |     2.535 | FAST    |
A_i[2][2][2]   | C_o[2][1][3]   |     4.895 | SLOW    |     2.437 | FAST    |
A_i[2][2][2]   | C_o[2][2][2]   |     4.850 | SLOW    |     2.535 | FAST    |
A_i[2][2][2]   | C_o[2][2][3]   |     4.895 | SLOW    |     2.437 | FAST    |
A_i[2][2][2]   | C_o[2][3][2]   |     4.850 | SLOW    |     2.535 | FAST    |
A_i[2][2][2]   | C_o[2][3][3]   |     4.895 | SLOW    |     2.437 | FAST    |
A_i[2][2][2]   | C_o[2][4][2]   |     4.850 | SLOW    |     2.535 | FAST    |
A_i[2][2][2]   | C_o[2][4][3]   |     4.895 | SLOW    |     2.437 | FAST    |
A_i[2][2][2]   | C_o[2][5][2]   |     4.850 | SLOW    |     2.535 | FAST    |
A_i[2][2][2]   | C_o[2][5][3]   |     4.895 | SLOW    |     2.437 | FAST    |
A_i[2][2][2]   | C_o[2][6][2]   |     4.850 | SLOW    |     2.535 | FAST    |
A_i[2][2][2]   | C_o[2][6][3]   |     4.895 | SLOW    |     2.437 | FAST    |
A_i[2][2][2]   | C_o[2][7][2]   |     4.850 | SLOW    |     2.535 | FAST    |
A_i[2][2][2]   | C_o[2][7][3]   |     4.895 | SLOW    |     2.437 | FAST    |
A_i[2][2][3]   | C_o[2][0][3]   |     4.844 | SLOW    |     2.532 | FAST    |
A_i[2][2][3]   | C_o[2][1][3]   |     4.844 | SLOW    |     2.532 | FAST    |
A_i[2][2][3]   | C_o[2][2][3]   |     4.844 | SLOW    |     2.532 | FAST    |
A_i[2][2][3]   | C_o[2][3][3]   |     4.844 | SLOW    |     2.532 | FAST    |
A_i[2][2][3]   | C_o[2][4][3]   |     4.844 | SLOW    |     2.532 | FAST    |
A_i[2][2][3]   | C_o[2][5][3]   |     4.844 | SLOW    |     2.532 | FAST    |
A_i[2][2][3]   | C_o[2][6][3]   |     4.844 | SLOW    |     2.532 | FAST    |
A_i[2][2][3]   | C_o[2][7][3]   |     4.844 | SLOW    |     2.532 | FAST    |
A_i[2][3][0]   | C_o[2][0][0]   |     4.483 | SLOW    |     2.328 | FAST    |
A_i[2][3][0]   | C_o[2][0][1]   |     4.718 | SLOW    |     2.338 | FAST    |
A_i[2][3][0]   | C_o[2][0][2]   |     4.897 | SLOW    |     2.334 | FAST    |
A_i[2][3][0]   | C_o[2][0][3]   |     5.036 | SLOW    |     2.446 | FAST    |
A_i[2][3][0]   | C_o[2][1][0]   |     4.483 | SLOW    |     2.328 | FAST    |
A_i[2][3][0]   | C_o[2][1][1]   |     4.723 | SLOW    |     2.338 | FAST    |
A_i[2][3][0]   | C_o[2][1][2]   |     4.897 | SLOW    |     2.334 | FAST    |
A_i[2][3][0]   | C_o[2][1][3]   |     5.036 | SLOW    |     2.452 | FAST    |
A_i[2][3][0]   | C_o[2][2][0]   |     4.483 | SLOW    |     2.328 | FAST    |
A_i[2][3][0]   | C_o[2][2][1]   |     4.718 | SLOW    |     2.338 | FAST    |
A_i[2][3][0]   | C_o[2][2][2]   |     4.897 | SLOW    |     2.334 | FAST    |
A_i[2][3][0]   | C_o[2][2][3]   |     5.036 | SLOW    |     2.446 | FAST    |
A_i[2][3][0]   | C_o[2][3][0]   |     4.483 | SLOW    |     2.328 | FAST    |
A_i[2][3][0]   | C_o[2][3][1]   |     4.723 | SLOW    |     2.338 | FAST    |
A_i[2][3][0]   | C_o[2][3][2]   |     4.897 | SLOW    |     2.334 | FAST    |
A_i[2][3][0]   | C_o[2][3][3]   |     5.036 | SLOW    |     2.452 | FAST    |
A_i[2][3][0]   | C_o[2][4][0]   |     4.483 | SLOW    |     2.328 | FAST    |
A_i[2][3][0]   | C_o[2][4][1]   |     4.718 | SLOW    |     2.338 | FAST    |
A_i[2][3][0]   | C_o[2][4][2]   |     4.897 | SLOW    |     2.334 | FAST    |
A_i[2][3][0]   | C_o[2][4][3]   |     5.036 | SLOW    |     2.446 | FAST    |
A_i[2][3][0]   | C_o[2][5][0]   |     4.483 | SLOW    |     2.328 | FAST    |
A_i[2][3][0]   | C_o[2][5][1]   |     4.723 | SLOW    |     2.338 | FAST    |
A_i[2][3][0]   | C_o[2][5][2]   |     4.897 | SLOW    |     2.334 | FAST    |
A_i[2][3][0]   | C_o[2][5][3]   |     5.036 | SLOW    |     2.452 | FAST    |
A_i[2][3][0]   | C_o[2][6][0]   |     4.483 | SLOW    |     2.328 | FAST    |
A_i[2][3][0]   | C_o[2][6][1]   |     4.718 | SLOW    |     2.338 | FAST    |
A_i[2][3][0]   | C_o[2][6][2]   |     4.897 | SLOW    |     2.334 | FAST    |
A_i[2][3][0]   | C_o[2][6][3]   |     5.036 | SLOW    |     2.446 | FAST    |
A_i[2][3][0]   | C_o[2][7][0]   |     4.483 | SLOW    |     2.328 | FAST    |
A_i[2][3][0]   | C_o[2][7][1]   |     4.723 | SLOW    |     2.338 | FAST    |
A_i[2][3][0]   | C_o[2][7][2]   |     4.897 | SLOW    |     2.334 | FAST    |
A_i[2][3][0]   | C_o[2][7][3]   |     5.036 | SLOW    |     2.452 | FAST    |
A_i[2][3][1]   | C_o[2][0][1]   |     4.698 | SLOW    |     2.448 | FAST    |
A_i[2][3][1]   | C_o[2][0][2]   |     4.862 | SLOW    |     2.452 | FAST    |
A_i[2][3][1]   | C_o[2][0][3]   |     5.007 | SLOW    |     2.439 | FAST    |
A_i[2][3][1]   | C_o[2][1][1]   |     4.729 | SLOW    |     2.468 | FAST    |
A_i[2][3][1]   | C_o[2][1][2]   |     4.862 | SLOW    |     2.472 | FAST    |
A_i[2][3][1]   | C_o[2][1][3]   |     5.038 | SLOW    |     2.439 | FAST    |
A_i[2][3][1]   | C_o[2][2][1]   |     4.698 | SLOW    |     2.448 | FAST    |
A_i[2][3][1]   | C_o[2][2][2]   |     4.862 | SLOW    |     2.452 | FAST    |
A_i[2][3][1]   | C_o[2][2][3]   |     5.007 | SLOW    |     2.439 | FAST    |
A_i[2][3][1]   | C_o[2][3][1]   |     4.729 | SLOW    |     2.468 | FAST    |
A_i[2][3][1]   | C_o[2][3][2]   |     4.862 | SLOW    |     2.472 | FAST    |
A_i[2][3][1]   | C_o[2][3][3]   |     5.038 | SLOW    |     2.439 | FAST    |
A_i[2][3][1]   | C_o[2][4][1]   |     4.698 | SLOW    |     2.448 | FAST    |
A_i[2][3][1]   | C_o[2][4][2]   |     4.862 | SLOW    |     2.452 | FAST    |
A_i[2][3][1]   | C_o[2][4][3]   |     5.007 | SLOW    |     2.439 | FAST    |
A_i[2][3][1]   | C_o[2][5][1]   |     4.729 | SLOW    |     2.468 | FAST    |
A_i[2][3][1]   | C_o[2][5][2]   |     4.862 | SLOW    |     2.472 | FAST    |
A_i[2][3][1]   | C_o[2][5][3]   |     5.038 | SLOW    |     2.439 | FAST    |
A_i[2][3][1]   | C_o[2][6][1]   |     4.698 | SLOW    |     2.448 | FAST    |
A_i[2][3][1]   | C_o[2][6][2]   |     4.862 | SLOW    |     2.452 | FAST    |
A_i[2][3][1]   | C_o[2][6][3]   |     5.007 | SLOW    |     2.439 | FAST    |
A_i[2][3][1]   | C_o[2][7][1]   |     4.729 | SLOW    |     2.468 | FAST    |
A_i[2][3][1]   | C_o[2][7][2]   |     4.862 | SLOW    |     2.472 | FAST    |
A_i[2][3][1]   | C_o[2][7][3]   |     5.038 | SLOW    |     2.439 | FAST    |
A_i[2][3][2]   | C_o[2][0][2]   |     4.845 | SLOW    |     2.527 | FAST    |
A_i[2][3][2]   | C_o[2][0][3]   |     4.952 | SLOW    |     2.425 | FAST    |
A_i[2][3][2]   | C_o[2][1][2]   |     4.845 | SLOW    |     2.527 | FAST    |
A_i[2][3][2]   | C_o[2][1][3]   |     4.952 | SLOW    |     2.425 | FAST    |
A_i[2][3][2]   | C_o[2][2][2]   |     4.845 | SLOW    |     2.527 | FAST    |
A_i[2][3][2]   | C_o[2][2][3]   |     4.952 | SLOW    |     2.425 | FAST    |
A_i[2][3][2]   | C_o[2][3][2]   |     4.845 | SLOW    |     2.527 | FAST    |
A_i[2][3][2]   | C_o[2][3][3]   |     4.952 | SLOW    |     2.425 | FAST    |
A_i[2][3][2]   | C_o[2][4][2]   |     4.845 | SLOW    |     2.527 | FAST    |
A_i[2][3][2]   | C_o[2][4][3]   |     4.952 | SLOW    |     2.425 | FAST    |
A_i[2][3][2]   | C_o[2][5][2]   |     4.845 | SLOW    |     2.527 | FAST    |
A_i[2][3][2]   | C_o[2][5][3]   |     4.952 | SLOW    |     2.425 | FAST    |
A_i[2][3][2]   | C_o[2][6][2]   |     4.845 | SLOW    |     2.527 | FAST    |
A_i[2][3][2]   | C_o[2][6][3]   |     4.952 | SLOW    |     2.425 | FAST    |
A_i[2][3][2]   | C_o[2][7][2]   |     4.845 | SLOW    |     2.527 | FAST    |
A_i[2][3][2]   | C_o[2][7][3]   |     4.952 | SLOW    |     2.425 | FAST    |
A_i[2][3][3]   | C_o[2][0][3]   |     4.844 | SLOW    |     2.532 | FAST    |
A_i[2][3][3]   | C_o[2][1][3]   |     4.844 | SLOW    |     2.532 | FAST    |
A_i[2][3][3]   | C_o[2][2][3]   |     4.844 | SLOW    |     2.532 | FAST    |
A_i[2][3][3]   | C_o[2][3][3]   |     4.844 | SLOW    |     2.532 | FAST    |
A_i[2][3][3]   | C_o[2][4][3]   |     4.844 | SLOW    |     2.532 | FAST    |
A_i[2][3][3]   | C_o[2][5][3]   |     4.844 | SLOW    |     2.532 | FAST    |
A_i[2][3][3]   | C_o[2][6][3]   |     4.844 | SLOW    |     2.532 | FAST    |
A_i[2][3][3]   | C_o[2][7][3]   |     4.844 | SLOW    |     2.532 | FAST    |
A_i[3][0][0]   | C_o[3][0][0]   |     4.285 | SLOW    |     2.215 | FAST    |
A_i[3][0][0]   | C_o[3][0][1]   |     4.691 | SLOW    |     2.344 | FAST    |
A_i[3][0][0]   | C_o[3][0][2]   |     4.707 | SLOW    |     2.344 | FAST    |
A_i[3][0][0]   | C_o[3][0][3]   |     5.004 | SLOW    |     2.324 | FAST    |
A_i[3][0][0]   | C_o[3][1][0]   |     4.285 | SLOW    |     2.215 | FAST    |
A_i[3][0][0]   | C_o[3][1][1]   |     4.713 | SLOW    |     2.344 | FAST    |
A_i[3][0][0]   | C_o[3][1][2]   |     4.729 | SLOW    |     2.344 | FAST    |
A_i[3][0][0]   | C_o[3][1][3]   |     5.022 | SLOW    |     2.324 | FAST    |
A_i[3][0][0]   | C_o[3][2][0]   |     4.285 | SLOW    |     2.215 | FAST    |
A_i[3][0][0]   | C_o[3][2][1]   |     4.691 | SLOW    |     2.344 | FAST    |
A_i[3][0][0]   | C_o[3][2][2]   |     4.707 | SLOW    |     2.344 | FAST    |
A_i[3][0][0]   | C_o[3][2][3]   |     5.004 | SLOW    |     2.324 | FAST    |
A_i[3][0][0]   | C_o[3][3][0]   |     4.285 | SLOW    |     2.215 | FAST    |
A_i[3][0][0]   | C_o[3][3][1]   |     4.713 | SLOW    |     2.344 | FAST    |
A_i[3][0][0]   | C_o[3][3][2]   |     4.729 | SLOW    |     2.344 | FAST    |
A_i[3][0][0]   | C_o[3][3][3]   |     5.022 | SLOW    |     2.324 | FAST    |
A_i[3][0][0]   | C_o[3][4][0]   |     4.285 | SLOW    |     2.215 | FAST    |
A_i[3][0][0]   | C_o[3][4][1]   |     4.691 | SLOW    |     2.344 | FAST    |
A_i[3][0][0]   | C_o[3][4][2]   |     4.707 | SLOW    |     2.344 | FAST    |
A_i[3][0][0]   | C_o[3][4][3]   |     5.004 | SLOW    |     2.324 | FAST    |
A_i[3][0][0]   | C_o[3][5][0]   |     4.285 | SLOW    |     2.215 | FAST    |
A_i[3][0][0]   | C_o[3][5][1]   |     4.713 | SLOW    |     2.344 | FAST    |
A_i[3][0][0]   | C_o[3][5][2]   |     4.729 | SLOW    |     2.344 | FAST    |
A_i[3][0][0]   | C_o[3][5][3]   |     5.022 | SLOW    |     2.324 | FAST    |
A_i[3][0][0]   | C_o[3][6][0]   |     4.285 | SLOW    |     2.215 | FAST    |
A_i[3][0][0]   | C_o[3][6][1]   |     4.691 | SLOW    |     2.344 | FAST    |
A_i[3][0][0]   | C_o[3][6][2]   |     4.707 | SLOW    |     2.344 | FAST    |
A_i[3][0][0]   | C_o[3][6][3]   |     5.004 | SLOW    |     2.324 | FAST    |
A_i[3][0][0]   | C_o[3][7][0]   |     4.285 | SLOW    |     2.215 | FAST    |
A_i[3][0][0]   | C_o[3][7][1]   |     4.713 | SLOW    |     2.344 | FAST    |
A_i[3][0][0]   | C_o[3][7][2]   |     4.729 | SLOW    |     2.344 | FAST    |
A_i[3][0][0]   | C_o[3][7][3]   |     5.022 | SLOW    |     2.324 | FAST    |
A_i[3][0][1]   | C_o[3][0][1]   |     4.688 | SLOW    |     2.439 | FAST    |
A_i[3][0][1]   | C_o[3][0][2]   |     4.704 | SLOW    |     2.388 | FAST    |
A_i[3][0][1]   | C_o[3][0][3]   |     4.997 | SLOW    |     2.337 | FAST    |
A_i[3][0][1]   | C_o[3][1][1]   |     4.719 | SLOW    |     2.459 | FAST    |
A_i[3][0][1]   | C_o[3][1][2]   |     4.735 | SLOW    |     2.388 | FAST    |
A_i[3][0][1]   | C_o[3][1][3]   |     5.028 | SLOW    |     2.337 | FAST    |
A_i[3][0][1]   | C_o[3][2][1]   |     4.688 | SLOW    |     2.439 | FAST    |
A_i[3][0][1]   | C_o[3][2][2]   |     4.704 | SLOW    |     2.388 | FAST    |
A_i[3][0][1]   | C_o[3][2][3]   |     4.997 | SLOW    |     2.337 | FAST    |
A_i[3][0][1]   | C_o[3][3][1]   |     4.719 | SLOW    |     2.459 | FAST    |
A_i[3][0][1]   | C_o[3][3][2]   |     4.735 | SLOW    |     2.388 | FAST    |
A_i[3][0][1]   | C_o[3][3][3]   |     5.028 | SLOW    |     2.337 | FAST    |
A_i[3][0][1]   | C_o[3][4][1]   |     4.688 | SLOW    |     2.439 | FAST    |
A_i[3][0][1]   | C_o[3][4][2]   |     4.704 | SLOW    |     2.388 | FAST    |
A_i[3][0][1]   | C_o[3][4][3]   |     4.997 | SLOW    |     2.337 | FAST    |
A_i[3][0][1]   | C_o[3][5][1]   |     4.719 | SLOW    |     2.459 | FAST    |
A_i[3][0][1]   | C_o[3][5][2]   |     4.735 | SLOW    |     2.388 | FAST    |
A_i[3][0][1]   | C_o[3][5][3]   |     5.028 | SLOW    |     2.337 | FAST    |
A_i[3][0][1]   | C_o[3][6][1]   |     4.688 | SLOW    |     2.439 | FAST    |
A_i[3][0][1]   | C_o[3][6][2]   |     4.704 | SLOW    |     2.388 | FAST    |
A_i[3][0][1]   | C_o[3][6][3]   |     4.997 | SLOW    |     2.337 | FAST    |
A_i[3][0][1]   | C_o[3][7][1]   |     4.719 | SLOW    |     2.459 | FAST    |
A_i[3][0][1]   | C_o[3][7][2]   |     4.735 | SLOW    |     2.388 | FAST    |
A_i[3][0][1]   | C_o[3][7][3]   |     5.028 | SLOW    |     2.337 | FAST    |
A_i[3][0][2]   | C_o[3][0][2]   |     4.557 | SLOW    |     2.373 | FAST    |
A_i[3][0][2]   | C_o[3][0][3]   |     4.984 | SLOW    |     2.322 | FAST    |
A_i[3][0][2]   | C_o[3][1][2]   |     4.557 | SLOW    |     2.373 | FAST    |
A_i[3][0][2]   | C_o[3][1][3]   |     4.984 | SLOW    |     2.322 | FAST    |
A_i[3][0][2]   | C_o[3][2][2]   |     4.557 | SLOW    |     2.373 | FAST    |
A_i[3][0][2]   | C_o[3][2][3]   |     4.984 | SLOW    |     2.322 | FAST    |
A_i[3][0][2]   | C_o[3][3][2]   |     4.557 | SLOW    |     2.373 | FAST    |
A_i[3][0][2]   | C_o[3][3][3]   |     4.984 | SLOW    |     2.322 | FAST    |
A_i[3][0][2]   | C_o[3][4][2]   |     4.557 | SLOW    |     2.373 | FAST    |
A_i[3][0][2]   | C_o[3][4][3]   |     4.984 | SLOW    |     2.322 | FAST    |
A_i[3][0][2]   | C_o[3][5][2]   |     4.557 | SLOW    |     2.373 | FAST    |
A_i[3][0][2]   | C_o[3][5][3]   |     4.984 | SLOW    |     2.322 | FAST    |
A_i[3][0][2]   | C_o[3][6][2]   |     4.557 | SLOW    |     2.373 | FAST    |
A_i[3][0][2]   | C_o[3][6][3]   |     4.984 | SLOW    |     2.322 | FAST    |
A_i[3][0][2]   | C_o[3][7][2]   |     4.557 | SLOW    |     2.373 | FAST    |
A_i[3][0][2]   | C_o[3][7][3]   |     4.984 | SLOW    |     2.322 | FAST    |
A_i[3][0][3]   | C_o[3][0][3]   |     4.846 | SLOW    |     2.528 | FAST    |
A_i[3][0][3]   | C_o[3][1][3]   |     4.846 | SLOW    |     2.528 | FAST    |
A_i[3][0][3]   | C_o[3][2][3]   |     4.846 | SLOW    |     2.528 | FAST    |
A_i[3][0][3]   | C_o[3][3][3]   |     4.846 | SLOW    |     2.528 | FAST    |
A_i[3][0][3]   | C_o[3][4][3]   |     4.846 | SLOW    |     2.528 | FAST    |
A_i[3][0][3]   | C_o[3][5][3]   |     4.846 | SLOW    |     2.528 | FAST    |
A_i[3][0][3]   | C_o[3][6][3]   |     4.846 | SLOW    |     2.528 | FAST    |
A_i[3][0][3]   | C_o[3][7][3]   |     4.846 | SLOW    |     2.528 | FAST    |
A_i[3][1][0]   | C_o[3][0][0]   |     4.483 | SLOW    |     2.328 | FAST    |
A_i[3][1][0]   | C_o[3][0][1]   |     4.718 | SLOW    |     2.347 | FAST    |
A_i[3][1][0]   | C_o[3][0][2]   |     4.782 | SLOW    |     2.343 | FAST    |
A_i[3][1][0]   | C_o[3][0][3]   |     5.036 | SLOW    |     2.439 | FAST    |
A_i[3][1][0]   | C_o[3][1][0]   |     4.483 | SLOW    |     2.328 | FAST    |
A_i[3][1][0]   | C_o[3][1][1]   |     4.725 | SLOW    |     2.347 | FAST    |
A_i[3][1][0]   | C_o[3][1][2]   |     4.804 | SLOW    |     2.343 | FAST    |
A_i[3][1][0]   | C_o[3][1][3]   |     5.036 | SLOW    |     2.439 | FAST    |
A_i[3][1][0]   | C_o[3][2][0]   |     4.483 | SLOW    |     2.328 | FAST    |
A_i[3][1][0]   | C_o[3][2][1]   |     4.718 | SLOW    |     2.347 | FAST    |
A_i[3][1][0]   | C_o[3][2][2]   |     4.782 | SLOW    |     2.343 | FAST    |
A_i[3][1][0]   | C_o[3][2][3]   |     5.036 | SLOW    |     2.439 | FAST    |
A_i[3][1][0]   | C_o[3][3][0]   |     4.483 | SLOW    |     2.328 | FAST    |
A_i[3][1][0]   | C_o[3][3][1]   |     4.725 | SLOW    |     2.347 | FAST    |
A_i[3][1][0]   | C_o[3][3][2]   |     4.804 | SLOW    |     2.343 | FAST    |
A_i[3][1][0]   | C_o[3][3][3]   |     5.036 | SLOW    |     2.439 | FAST    |
A_i[3][1][0]   | C_o[3][4][0]   |     4.483 | SLOW    |     2.328 | FAST    |
A_i[3][1][0]   | C_o[3][4][1]   |     4.718 | SLOW    |     2.347 | FAST    |
A_i[3][1][0]   | C_o[3][4][2]   |     4.782 | SLOW    |     2.343 | FAST    |
A_i[3][1][0]   | C_o[3][4][3]   |     5.036 | SLOW    |     2.439 | FAST    |
A_i[3][1][0]   | C_o[3][5][0]   |     4.483 | SLOW    |     2.328 | FAST    |
A_i[3][1][0]   | C_o[3][5][1]   |     4.725 | SLOW    |     2.347 | FAST    |
A_i[3][1][0]   | C_o[3][5][2]   |     4.804 | SLOW    |     2.343 | FAST    |
A_i[3][1][0]   | C_o[3][5][3]   |     5.036 | SLOW    |     2.439 | FAST    |
A_i[3][1][0]   | C_o[3][6][0]   |     4.483 | SLOW    |     2.328 | FAST    |
A_i[3][1][0]   | C_o[3][6][1]   |     4.718 | SLOW    |     2.347 | FAST    |
A_i[3][1][0]   | C_o[3][6][2]   |     4.782 | SLOW    |     2.343 | FAST    |
A_i[3][1][0]   | C_o[3][6][3]   |     5.036 | SLOW    |     2.439 | FAST    |
A_i[3][1][0]   | C_o[3][7][0]   |     4.483 | SLOW    |     2.328 | FAST    |
A_i[3][1][0]   | C_o[3][7][1]   |     4.725 | SLOW    |     2.347 | FAST    |
A_i[3][1][0]   | C_o[3][7][2]   |     4.804 | SLOW    |     2.343 | FAST    |
A_i[3][1][0]   | C_o[3][7][3]   |     5.036 | SLOW    |     2.439 | FAST    |
A_i[3][1][1]   | C_o[3][0][1]   |     4.700 | SLOW    |     2.444 | FAST    |
A_i[3][1][1]   | C_o[3][0][2]   |     4.802 | SLOW    |     2.448 | FAST    |
A_i[3][1][1]   | C_o[3][0][3]   |     5.009 | SLOW    |     2.446 | FAST    |
A_i[3][1][1]   | C_o[3][1][1]   |     4.731 | SLOW    |     2.464 | FAST    |
A_i[3][1][1]   | C_o[3][1][2]   |     4.810 | SLOW    |     2.468 | FAST    |
A_i[3][1][1]   | C_o[3][1][3]   |     5.040 | SLOW    |     2.452 | FAST    |
A_i[3][1][1]   | C_o[3][2][1]   |     4.700 | SLOW    |     2.444 | FAST    |
A_i[3][1][1]   | C_o[3][2][2]   |     4.802 | SLOW    |     2.448 | FAST    |
A_i[3][1][1]   | C_o[3][2][3]   |     5.009 | SLOW    |     2.446 | FAST    |
A_i[3][1][1]   | C_o[3][3][1]   |     4.731 | SLOW    |     2.464 | FAST    |
A_i[3][1][1]   | C_o[3][3][2]   |     4.810 | SLOW    |     2.468 | FAST    |
A_i[3][1][1]   | C_o[3][3][3]   |     5.040 | SLOW    |     2.452 | FAST    |
A_i[3][1][1]   | C_o[3][4][1]   |     4.700 | SLOW    |     2.444 | FAST    |
A_i[3][1][1]   | C_o[3][4][2]   |     4.802 | SLOW    |     2.448 | FAST    |
A_i[3][1][1]   | C_o[3][4][3]   |     5.009 | SLOW    |     2.446 | FAST    |
A_i[3][1][1]   | C_o[3][5][1]   |     4.731 | SLOW    |     2.464 | FAST    |
A_i[3][1][1]   | C_o[3][5][2]   |     4.810 | SLOW    |     2.468 | FAST    |
A_i[3][1][1]   | C_o[3][5][3]   |     5.040 | SLOW    |     2.452 | FAST    |
A_i[3][1][1]   | C_o[3][6][1]   |     4.700 | SLOW    |     2.444 | FAST    |
A_i[3][1][1]   | C_o[3][6][2]   |     4.802 | SLOW    |     2.448 | FAST    |
A_i[3][1][1]   | C_o[3][6][3]   |     5.009 | SLOW    |     2.446 | FAST    |
A_i[3][1][1]   | C_o[3][7][1]   |     4.731 | SLOW    |     2.464 | FAST    |
A_i[3][1][1]   | C_o[3][7][2]   |     4.810 | SLOW    |     2.468 | FAST    |
A_i[3][1][1]   | C_o[3][7][3]   |     5.040 | SLOW    |     2.452 | FAST    |
A_i[3][1][2]   | C_o[3][0][2]   |     4.763 | SLOW    |     2.484 | FAST    |
A_i[3][1][2]   | C_o[3][0][3]   |     4.897 | SLOW    |     2.437 | FAST    |
A_i[3][1][2]   | C_o[3][1][2]   |     4.763 | SLOW    |     2.484 | FAST    |
A_i[3][1][2]   | C_o[3][1][3]   |     4.897 | SLOW    |     2.437 | FAST    |
A_i[3][1][2]   | C_o[3][2][2]   |     4.763 | SLOW    |     2.484 | FAST    |
A_i[3][1][2]   | C_o[3][2][3]   |     4.897 | SLOW    |     2.437 | FAST    |
A_i[3][1][2]   | C_o[3][3][2]   |     4.763 | SLOW    |     2.484 | FAST    |
A_i[3][1][2]   | C_o[3][3][3]   |     4.897 | SLOW    |     2.437 | FAST    |
A_i[3][1][2]   | C_o[3][4][2]   |     4.763 | SLOW    |     2.484 | FAST    |
A_i[3][1][2]   | C_o[3][4][3]   |     4.897 | SLOW    |     2.437 | FAST    |
A_i[3][1][2]   | C_o[3][5][2]   |     4.763 | SLOW    |     2.484 | FAST    |
A_i[3][1][2]   | C_o[3][5][3]   |     4.897 | SLOW    |     2.437 | FAST    |
A_i[3][1][2]   | C_o[3][6][2]   |     4.763 | SLOW    |     2.484 | FAST    |
A_i[3][1][2]   | C_o[3][6][3]   |     4.897 | SLOW    |     2.437 | FAST    |
A_i[3][1][2]   | C_o[3][7][2]   |     4.763 | SLOW    |     2.484 | FAST    |
A_i[3][1][2]   | C_o[3][7][3]   |     4.897 | SLOW    |     2.437 | FAST    |
A_i[3][1][3]   | C_o[3][0][3]   |     4.933 | SLOW    |     2.579 | FAST    |
A_i[3][1][3]   | C_o[3][1][3]   |     4.933 | SLOW    |     2.579 | FAST    |
A_i[3][1][3]   | C_o[3][2][3]   |     4.933 | SLOW    |     2.579 | FAST    |
A_i[3][1][3]   | C_o[3][3][3]   |     4.933 | SLOW    |     2.579 | FAST    |
A_i[3][1][3]   | C_o[3][4][3]   |     4.933 | SLOW    |     2.579 | FAST    |
A_i[3][1][3]   | C_o[3][5][3]   |     4.933 | SLOW    |     2.579 | FAST    |
A_i[3][1][3]   | C_o[3][6][3]   |     4.933 | SLOW    |     2.579 | FAST    |
A_i[3][1][3]   | C_o[3][7][3]   |     4.933 | SLOW    |     2.579 | FAST    |
A_i[3][2][0]   | C_o[3][0][0]   |     4.488 | SLOW    |     2.336 | FAST    |
A_i[3][2][0]   | C_o[3][0][1]   |     4.723 | SLOW    |     2.330 | FAST    |
A_i[3][2][0]   | C_o[3][0][2]   |     4.865 | SLOW    |     2.326 | FAST    |
A_i[3][2][0]   | C_o[3][0][3]   |     5.041 | SLOW    |     2.439 | FAST    |
A_i[3][2][0]   | C_o[3][1][0]   |     4.488 | SLOW    |     2.336 | FAST    |
A_i[3][2][0]   | C_o[3][1][1]   |     4.723 | SLOW    |     2.330 | FAST    |
A_i[3][2][0]   | C_o[3][1][2]   |     4.865 | SLOW    |     2.326 | FAST    |
A_i[3][2][0]   | C_o[3][1][3]   |     5.041 | SLOW    |     2.439 | FAST    |
A_i[3][2][0]   | C_o[3][2][0]   |     4.488 | SLOW    |     2.336 | FAST    |
A_i[3][2][0]   | C_o[3][2][1]   |     4.723 | SLOW    |     2.330 | FAST    |
A_i[3][2][0]   | C_o[3][2][2]   |     4.865 | SLOW    |     2.326 | FAST    |
A_i[3][2][0]   | C_o[3][2][3]   |     5.041 | SLOW    |     2.439 | FAST    |
A_i[3][2][0]   | C_o[3][3][0]   |     4.488 | SLOW    |     2.336 | FAST    |
A_i[3][2][0]   | C_o[3][3][1]   |     4.723 | SLOW    |     2.330 | FAST    |
A_i[3][2][0]   | C_o[3][3][2]   |     4.865 | SLOW    |     2.326 | FAST    |
A_i[3][2][0]   | C_o[3][3][3]   |     5.041 | SLOW    |     2.439 | FAST    |
A_i[3][2][0]   | C_o[3][4][0]   |     4.488 | SLOW    |     2.336 | FAST    |
A_i[3][2][0]   | C_o[3][4][1]   |     4.723 | SLOW    |     2.330 | FAST    |
A_i[3][2][0]   | C_o[3][4][2]   |     4.865 | SLOW    |     2.326 | FAST    |
A_i[3][2][0]   | C_o[3][4][3]   |     5.041 | SLOW    |     2.439 | FAST    |
A_i[3][2][0]   | C_o[3][5][0]   |     4.488 | SLOW    |     2.336 | FAST    |
A_i[3][2][0]   | C_o[3][5][1]   |     4.723 | SLOW    |     2.330 | FAST    |
A_i[3][2][0]   | C_o[3][5][2]   |     4.865 | SLOW    |     2.326 | FAST    |
A_i[3][2][0]   | C_o[3][5][3]   |     5.041 | SLOW    |     2.439 | FAST    |
A_i[3][2][0]   | C_o[3][6][0]   |     4.488 | SLOW    |     2.336 | FAST    |
A_i[3][2][0]   | C_o[3][6][1]   |     4.723 | SLOW    |     2.330 | FAST    |
A_i[3][2][0]   | C_o[3][6][2]   |     4.865 | SLOW    |     2.326 | FAST    |
A_i[3][2][0]   | C_o[3][6][3]   |     5.041 | SLOW    |     2.439 | FAST    |
A_i[3][2][0]   | C_o[3][7][0]   |     4.488 | SLOW    |     2.336 | FAST    |
A_i[3][2][0]   | C_o[3][7][1]   |     4.723 | SLOW    |     2.330 | FAST    |
A_i[3][2][0]   | C_o[3][7][2]   |     4.865 | SLOW    |     2.326 | FAST    |
A_i[3][2][0]   | C_o[3][7][3]   |     5.041 | SLOW    |     2.439 | FAST    |
A_i[3][2][1]   | C_o[3][0][1]   |     4.698 | SLOW    |     2.448 | FAST    |
A_i[3][2][1]   | C_o[3][0][2]   |     4.889 | SLOW    |     2.452 | FAST    |
A_i[3][2][1]   | C_o[3][0][3]   |     5.007 | SLOW    |     2.450 | FAST    |
A_i[3][2][1]   | C_o[3][1][1]   |     4.729 | SLOW    |     2.468 | FAST    |
A_i[3][2][1]   | C_o[3][1][2]   |     4.889 | SLOW    |     2.472 | FAST    |
A_i[3][2][1]   | C_o[3][1][3]   |     5.038 | SLOW    |     2.452 | FAST    |
A_i[3][2][1]   | C_o[3][2][1]   |     4.698 | SLOW    |     2.448 | FAST    |
A_i[3][2][1]   | C_o[3][2][2]   |     4.889 | SLOW    |     2.452 | FAST    |
A_i[3][2][1]   | C_o[3][2][3]   |     5.007 | SLOW    |     2.450 | FAST    |
A_i[3][2][1]   | C_o[3][3][1]   |     4.729 | SLOW    |     2.468 | FAST    |
A_i[3][2][1]   | C_o[3][3][2]   |     4.889 | SLOW    |     2.472 | FAST    |
A_i[3][2][1]   | C_o[3][3][3]   |     5.038 | SLOW    |     2.452 | FAST    |
A_i[3][2][1]   | C_o[3][4][1]   |     4.698 | SLOW    |     2.448 | FAST    |
A_i[3][2][1]   | C_o[3][4][2]   |     4.889 | SLOW    |     2.452 | FAST    |
A_i[3][2][1]   | C_o[3][4][3]   |     5.007 | SLOW    |     2.450 | FAST    |
A_i[3][2][1]   | C_o[3][5][1]   |     4.729 | SLOW    |     2.468 | FAST    |
A_i[3][2][1]   | C_o[3][5][2]   |     4.889 | SLOW    |     2.472 | FAST    |
A_i[3][2][1]   | C_o[3][5][3]   |     5.038 | SLOW    |     2.452 | FAST    |
A_i[3][2][1]   | C_o[3][6][1]   |     4.698 | SLOW    |     2.448 | FAST    |
A_i[3][2][1]   | C_o[3][6][2]   |     4.889 | SLOW    |     2.452 | FAST    |
A_i[3][2][1]   | C_o[3][6][3]   |     5.007 | SLOW    |     2.450 | FAST    |
A_i[3][2][1]   | C_o[3][7][1]   |     4.729 | SLOW    |     2.468 | FAST    |
A_i[3][2][1]   | C_o[3][7][2]   |     4.889 | SLOW    |     2.472 | FAST    |
A_i[3][2][1]   | C_o[3][7][3]   |     5.038 | SLOW    |     2.452 | FAST    |
A_i[3][2][2]   | C_o[3][0][2]   |     4.850 | SLOW    |     2.535 | FAST    |
A_i[3][2][2]   | C_o[3][0][3]   |     4.895 | SLOW    |     2.437 | FAST    |
A_i[3][2][2]   | C_o[3][1][2]   |     4.850 | SLOW    |     2.535 | FAST    |
A_i[3][2][2]   | C_o[3][1][3]   |     4.895 | SLOW    |     2.437 | FAST    |
A_i[3][2][2]   | C_o[3][2][2]   |     4.850 | SLOW    |     2.535 | FAST    |
A_i[3][2][2]   | C_o[3][2][3]   |     4.895 | SLOW    |     2.437 | FAST    |
A_i[3][2][2]   | C_o[3][3][2]   |     4.850 | SLOW    |     2.535 | FAST    |
A_i[3][2][2]   | C_o[3][3][3]   |     4.895 | SLOW    |     2.437 | FAST    |
A_i[3][2][2]   | C_o[3][4][2]   |     4.850 | SLOW    |     2.535 | FAST    |
A_i[3][2][2]   | C_o[3][4][3]   |     4.895 | SLOW    |     2.437 | FAST    |
A_i[3][2][2]   | C_o[3][5][2]   |     4.850 | SLOW    |     2.535 | FAST    |
A_i[3][2][2]   | C_o[3][5][3]   |     4.895 | SLOW    |     2.437 | FAST    |
A_i[3][2][2]   | C_o[3][6][2]   |     4.850 | SLOW    |     2.535 | FAST    |
A_i[3][2][2]   | C_o[3][6][3]   |     4.895 | SLOW    |     2.437 | FAST    |
A_i[3][2][2]   | C_o[3][7][2]   |     4.850 | SLOW    |     2.535 | FAST    |
A_i[3][2][2]   | C_o[3][7][3]   |     4.895 | SLOW    |     2.437 | FAST    |
A_i[3][2][3]   | C_o[3][0][3]   |     4.844 | SLOW    |     2.532 | FAST    |
A_i[3][2][3]   | C_o[3][1][3]   |     4.844 | SLOW    |     2.532 | FAST    |
A_i[3][2][3]   | C_o[3][2][3]   |     4.844 | SLOW    |     2.532 | FAST    |
A_i[3][2][3]   | C_o[3][3][3]   |     4.844 | SLOW    |     2.532 | FAST    |
A_i[3][2][3]   | C_o[3][4][3]   |     4.844 | SLOW    |     2.532 | FAST    |
A_i[3][2][3]   | C_o[3][5][3]   |     4.844 | SLOW    |     2.532 | FAST    |
A_i[3][2][3]   | C_o[3][6][3]   |     4.844 | SLOW    |     2.532 | FAST    |
A_i[3][2][3]   | C_o[3][7][3]   |     4.844 | SLOW    |     2.532 | FAST    |
A_i[3][3][0]   | C_o[3][0][0]   |     4.483 | SLOW    |     2.328 | FAST    |
A_i[3][3][0]   | C_o[3][0][1]   |     4.718 | SLOW    |     2.338 | FAST    |
A_i[3][3][0]   | C_o[3][0][2]   |     4.897 | SLOW    |     2.334 | FAST    |
A_i[3][3][0]   | C_o[3][0][3]   |     5.036 | SLOW    |     2.446 | FAST    |
A_i[3][3][0]   | C_o[3][1][0]   |     4.483 | SLOW    |     2.328 | FAST    |
A_i[3][3][0]   | C_o[3][1][1]   |     4.723 | SLOW    |     2.338 | FAST    |
A_i[3][3][0]   | C_o[3][1][2]   |     4.897 | SLOW    |     2.334 | FAST    |
A_i[3][3][0]   | C_o[3][1][3]   |     5.036 | SLOW    |     2.452 | FAST    |
A_i[3][3][0]   | C_o[3][2][0]   |     4.483 | SLOW    |     2.328 | FAST    |
A_i[3][3][0]   | C_o[3][2][1]   |     4.718 | SLOW    |     2.338 | FAST    |
A_i[3][3][0]   | C_o[3][2][2]   |     4.897 | SLOW    |     2.334 | FAST    |
A_i[3][3][0]   | C_o[3][2][3]   |     5.036 | SLOW    |     2.446 | FAST    |
A_i[3][3][0]   | C_o[3][3][0]   |     4.483 | SLOW    |     2.328 | FAST    |
A_i[3][3][0]   | C_o[3][3][1]   |     4.723 | SLOW    |     2.338 | FAST    |
A_i[3][3][0]   | C_o[3][3][2]   |     4.897 | SLOW    |     2.334 | FAST    |
A_i[3][3][0]   | C_o[3][3][3]   |     5.036 | SLOW    |     2.452 | FAST    |
A_i[3][3][0]   | C_o[3][4][0]   |     4.483 | SLOW    |     2.328 | FAST    |
A_i[3][3][0]   | C_o[3][4][1]   |     4.718 | SLOW    |     2.338 | FAST    |
A_i[3][3][0]   | C_o[3][4][2]   |     4.897 | SLOW    |     2.334 | FAST    |
A_i[3][3][0]   | C_o[3][4][3]   |     5.036 | SLOW    |     2.446 | FAST    |
A_i[3][3][0]   | C_o[3][5][0]   |     4.483 | SLOW    |     2.328 | FAST    |
A_i[3][3][0]   | C_o[3][5][1]   |     4.723 | SLOW    |     2.338 | FAST    |
A_i[3][3][0]   | C_o[3][5][2]   |     4.897 | SLOW    |     2.334 | FAST    |
A_i[3][3][0]   | C_o[3][5][3]   |     5.036 | SLOW    |     2.452 | FAST    |
A_i[3][3][0]   | C_o[3][6][0]   |     4.483 | SLOW    |     2.328 | FAST    |
A_i[3][3][0]   | C_o[3][6][1]   |     4.718 | SLOW    |     2.338 | FAST    |
A_i[3][3][0]   | C_o[3][6][2]   |     4.897 | SLOW    |     2.334 | FAST    |
A_i[3][3][0]   | C_o[3][6][3]   |     5.036 | SLOW    |     2.446 | FAST    |
A_i[3][3][0]   | C_o[3][7][0]   |     4.483 | SLOW    |     2.328 | FAST    |
A_i[3][3][0]   | C_o[3][7][1]   |     4.723 | SLOW    |     2.338 | FAST    |
A_i[3][3][0]   | C_o[3][7][2]   |     4.897 | SLOW    |     2.334 | FAST    |
A_i[3][3][0]   | C_o[3][7][3]   |     5.036 | SLOW    |     2.452 | FAST    |
A_i[3][3][1]   | C_o[3][0][1]   |     4.698 | SLOW    |     2.448 | FAST    |
A_i[3][3][1]   | C_o[3][0][2]   |     4.862 | SLOW    |     2.452 | FAST    |
A_i[3][3][1]   | C_o[3][0][3]   |     5.007 | SLOW    |     2.439 | FAST    |
A_i[3][3][1]   | C_o[3][1][1]   |     4.729 | SLOW    |     2.468 | FAST    |
A_i[3][3][1]   | C_o[3][1][2]   |     4.862 | SLOW    |     2.472 | FAST    |
A_i[3][3][1]   | C_o[3][1][3]   |     5.038 | SLOW    |     2.439 | FAST    |
A_i[3][3][1]   | C_o[3][2][1]   |     4.698 | SLOW    |     2.448 | FAST    |
A_i[3][3][1]   | C_o[3][2][2]   |     4.862 | SLOW    |     2.452 | FAST    |
A_i[3][3][1]   | C_o[3][2][3]   |     5.007 | SLOW    |     2.439 | FAST    |
A_i[3][3][1]   | C_o[3][3][1]   |     4.729 | SLOW    |     2.468 | FAST    |
A_i[3][3][1]   | C_o[3][3][2]   |     4.862 | SLOW    |     2.472 | FAST    |
A_i[3][3][1]   | C_o[3][3][3]   |     5.038 | SLOW    |     2.439 | FAST    |
A_i[3][3][1]   | C_o[3][4][1]   |     4.698 | SLOW    |     2.448 | FAST    |
A_i[3][3][1]   | C_o[3][4][2]   |     4.862 | SLOW    |     2.452 | FAST    |
A_i[3][3][1]   | C_o[3][4][3]   |     5.007 | SLOW    |     2.439 | FAST    |
A_i[3][3][1]   | C_o[3][5][1]   |     4.729 | SLOW    |     2.468 | FAST    |
A_i[3][3][1]   | C_o[3][5][2]   |     4.862 | SLOW    |     2.472 | FAST    |
A_i[3][3][1]   | C_o[3][5][3]   |     5.038 | SLOW    |     2.439 | FAST    |
A_i[3][3][1]   | C_o[3][6][1]   |     4.698 | SLOW    |     2.448 | FAST    |
A_i[3][3][1]   | C_o[3][6][2]   |     4.862 | SLOW    |     2.452 | FAST    |
A_i[3][3][1]   | C_o[3][6][3]   |     5.007 | SLOW    |     2.439 | FAST    |
A_i[3][3][1]   | C_o[3][7][1]   |     4.729 | SLOW    |     2.468 | FAST    |
A_i[3][3][1]   | C_o[3][7][2]   |     4.862 | SLOW    |     2.472 | FAST    |
A_i[3][3][1]   | C_o[3][7][3]   |     5.038 | SLOW    |     2.439 | FAST    |
A_i[3][3][2]   | C_o[3][0][2]   |     4.845 | SLOW    |     2.527 | FAST    |
A_i[3][3][2]   | C_o[3][0][3]   |     4.952 | SLOW    |     2.425 | FAST    |
A_i[3][3][2]   | C_o[3][1][2]   |     4.845 | SLOW    |     2.527 | FAST    |
A_i[3][3][2]   | C_o[3][1][3]   |     4.952 | SLOW    |     2.425 | FAST    |
A_i[3][3][2]   | C_o[3][2][2]   |     4.845 | SLOW    |     2.527 | FAST    |
A_i[3][3][2]   | C_o[3][2][3]   |     4.952 | SLOW    |     2.425 | FAST    |
A_i[3][3][2]   | C_o[3][3][2]   |     4.845 | SLOW    |     2.527 | FAST    |
A_i[3][3][2]   | C_o[3][3][3]   |     4.952 | SLOW    |     2.425 | FAST    |
A_i[3][3][2]   | C_o[3][4][2]   |     4.845 | SLOW    |     2.527 | FAST    |
A_i[3][3][2]   | C_o[3][4][3]   |     4.952 | SLOW    |     2.425 | FAST    |
A_i[3][3][2]   | C_o[3][5][2]   |     4.845 | SLOW    |     2.527 | FAST    |
A_i[3][3][2]   | C_o[3][5][3]   |     4.952 | SLOW    |     2.425 | FAST    |
A_i[3][3][2]   | C_o[3][6][2]   |     4.845 | SLOW    |     2.527 | FAST    |
A_i[3][3][2]   | C_o[3][6][3]   |     4.952 | SLOW    |     2.425 | FAST    |
A_i[3][3][2]   | C_o[3][7][2]   |     4.845 | SLOW    |     2.527 | FAST    |
A_i[3][3][2]   | C_o[3][7][3]   |     4.952 | SLOW    |     2.425 | FAST    |
A_i[3][3][3]   | C_o[3][0][3]   |     4.844 | SLOW    |     2.532 | FAST    |
A_i[3][3][3]   | C_o[3][1][3]   |     4.844 | SLOW    |     2.532 | FAST    |
A_i[3][3][3]   | C_o[3][2][3]   |     4.844 | SLOW    |     2.532 | FAST    |
A_i[3][3][3]   | C_o[3][3][3]   |     4.844 | SLOW    |     2.532 | FAST    |
A_i[3][3][3]   | C_o[3][4][3]   |     4.844 | SLOW    |     2.532 | FAST    |
A_i[3][3][3]   | C_o[3][5][3]   |     4.844 | SLOW    |     2.532 | FAST    |
A_i[3][3][3]   | C_o[3][6][3]   |     4.844 | SLOW    |     2.532 | FAST    |
A_i[3][3][3]   | C_o[3][7][3]   |     4.844 | SLOW    |     2.532 | FAST    |
A_i[4][0][0]   | C_o[4][0][0]   |     4.285 | SLOW    |     2.215 | FAST    |
A_i[4][0][0]   | C_o[4][0][1]   |     4.691 | SLOW    |     2.344 | FAST    |
A_i[4][0][0]   | C_o[4][0][2]   |     4.707 | SLOW    |     2.344 | FAST    |
A_i[4][0][0]   | C_o[4][0][3]   |     5.004 | SLOW    |     2.324 | FAST    |
A_i[4][0][0]   | C_o[4][1][0]   |     4.285 | SLOW    |     2.215 | FAST    |
A_i[4][0][0]   | C_o[4][1][1]   |     4.713 | SLOW    |     2.344 | FAST    |
A_i[4][0][0]   | C_o[4][1][2]   |     4.729 | SLOW    |     2.344 | FAST    |
A_i[4][0][0]   | C_o[4][1][3]   |     5.022 | SLOW    |     2.324 | FAST    |
A_i[4][0][0]   | C_o[4][2][0]   |     4.285 | SLOW    |     2.215 | FAST    |
A_i[4][0][0]   | C_o[4][2][1]   |     4.691 | SLOW    |     2.344 | FAST    |
A_i[4][0][0]   | C_o[4][2][2]   |     4.707 | SLOW    |     2.344 | FAST    |
A_i[4][0][0]   | C_o[4][2][3]   |     5.004 | SLOW    |     2.324 | FAST    |
A_i[4][0][0]   | C_o[4][3][0]   |     4.285 | SLOW    |     2.215 | FAST    |
A_i[4][0][0]   | C_o[4][3][1]   |     4.713 | SLOW    |     2.344 | FAST    |
A_i[4][0][0]   | C_o[4][3][2]   |     4.729 | SLOW    |     2.344 | FAST    |
A_i[4][0][0]   | C_o[4][3][3]   |     5.022 | SLOW    |     2.324 | FAST    |
A_i[4][0][0]   | C_o[4][4][0]   |     4.285 | SLOW    |     2.215 | FAST    |
A_i[4][0][0]   | C_o[4][4][1]   |     4.691 | SLOW    |     2.344 | FAST    |
A_i[4][0][0]   | C_o[4][4][2]   |     4.707 | SLOW    |     2.344 | FAST    |
A_i[4][0][0]   | C_o[4][4][3]   |     5.004 | SLOW    |     2.324 | FAST    |
A_i[4][0][0]   | C_o[4][5][0]   |     4.285 | SLOW    |     2.215 | FAST    |
A_i[4][0][0]   | C_o[4][5][1]   |     4.713 | SLOW    |     2.344 | FAST    |
A_i[4][0][0]   | C_o[4][5][2]   |     4.729 | SLOW    |     2.344 | FAST    |
A_i[4][0][0]   | C_o[4][5][3]   |     5.022 | SLOW    |     2.324 | FAST    |
A_i[4][0][0]   | C_o[4][6][0]   |     4.285 | SLOW    |     2.215 | FAST    |
A_i[4][0][0]   | C_o[4][6][1]   |     4.691 | SLOW    |     2.344 | FAST    |
A_i[4][0][0]   | C_o[4][6][2]   |     4.707 | SLOW    |     2.344 | FAST    |
A_i[4][0][0]   | C_o[4][6][3]   |     5.004 | SLOW    |     2.324 | FAST    |
A_i[4][0][0]   | C_o[4][7][0]   |     4.285 | SLOW    |     2.215 | FAST    |
A_i[4][0][0]   | C_o[4][7][1]   |     4.713 | SLOW    |     2.344 | FAST    |
A_i[4][0][0]   | C_o[4][7][2]   |     4.729 | SLOW    |     2.344 | FAST    |
A_i[4][0][0]   | C_o[4][7][3]   |     5.022 | SLOW    |     2.324 | FAST    |
A_i[4][0][1]   | C_o[4][0][1]   |     4.688 | SLOW    |     2.439 | FAST    |
A_i[4][0][1]   | C_o[4][0][2]   |     4.704 | SLOW    |     2.388 | FAST    |
A_i[4][0][1]   | C_o[4][0][3]   |     4.997 | SLOW    |     2.337 | FAST    |
A_i[4][0][1]   | C_o[4][1][1]   |     4.719 | SLOW    |     2.459 | FAST    |
A_i[4][0][1]   | C_o[4][1][2]   |     4.735 | SLOW    |     2.388 | FAST    |
A_i[4][0][1]   | C_o[4][1][3]   |     5.028 | SLOW    |     2.337 | FAST    |
A_i[4][0][1]   | C_o[4][2][1]   |     4.688 | SLOW    |     2.439 | FAST    |
A_i[4][0][1]   | C_o[4][2][2]   |     4.704 | SLOW    |     2.388 | FAST    |
A_i[4][0][1]   | C_o[4][2][3]   |     4.997 | SLOW    |     2.337 | FAST    |
A_i[4][0][1]   | C_o[4][3][1]   |     4.719 | SLOW    |     2.459 | FAST    |
A_i[4][0][1]   | C_o[4][3][2]   |     4.735 | SLOW    |     2.388 | FAST    |
A_i[4][0][1]   | C_o[4][3][3]   |     5.028 | SLOW    |     2.337 | FAST    |
A_i[4][0][1]   | C_o[4][4][1]   |     4.688 | SLOW    |     2.439 | FAST    |
A_i[4][0][1]   | C_o[4][4][2]   |     4.704 | SLOW    |     2.388 | FAST    |
A_i[4][0][1]   | C_o[4][4][3]   |     4.997 | SLOW    |     2.337 | FAST    |
A_i[4][0][1]   | C_o[4][5][1]   |     4.719 | SLOW    |     2.459 | FAST    |
A_i[4][0][1]   | C_o[4][5][2]   |     4.735 | SLOW    |     2.388 | FAST    |
A_i[4][0][1]   | C_o[4][5][3]   |     5.028 | SLOW    |     2.337 | FAST    |
A_i[4][0][1]   | C_o[4][6][1]   |     4.688 | SLOW    |     2.439 | FAST    |
A_i[4][0][1]   | C_o[4][6][2]   |     4.704 | SLOW    |     2.388 | FAST    |
A_i[4][0][1]   | C_o[4][6][3]   |     4.997 | SLOW    |     2.337 | FAST    |
A_i[4][0][1]   | C_o[4][7][1]   |     4.719 | SLOW    |     2.459 | FAST    |
A_i[4][0][1]   | C_o[4][7][2]   |     4.735 | SLOW    |     2.388 | FAST    |
A_i[4][0][1]   | C_o[4][7][3]   |     5.028 | SLOW    |     2.337 | FAST    |
A_i[4][0][2]   | C_o[4][0][2]   |     4.557 | SLOW    |     2.373 | FAST    |
A_i[4][0][2]   | C_o[4][0][3]   |     4.984 | SLOW    |     2.322 | FAST    |
A_i[4][0][2]   | C_o[4][1][2]   |     4.557 | SLOW    |     2.373 | FAST    |
A_i[4][0][2]   | C_o[4][1][3]   |     4.984 | SLOW    |     2.322 | FAST    |
A_i[4][0][2]   | C_o[4][2][2]   |     4.557 | SLOW    |     2.373 | FAST    |
A_i[4][0][2]   | C_o[4][2][3]   |     4.984 | SLOW    |     2.322 | FAST    |
A_i[4][0][2]   | C_o[4][3][2]   |     4.557 | SLOW    |     2.373 | FAST    |
A_i[4][0][2]   | C_o[4][3][3]   |     4.984 | SLOW    |     2.322 | FAST    |
A_i[4][0][2]   | C_o[4][4][2]   |     4.557 | SLOW    |     2.373 | FAST    |
A_i[4][0][2]   | C_o[4][4][3]   |     4.984 | SLOW    |     2.322 | FAST    |
A_i[4][0][2]   | C_o[4][5][2]   |     4.557 | SLOW    |     2.373 | FAST    |
A_i[4][0][2]   | C_o[4][5][3]   |     4.984 | SLOW    |     2.322 | FAST    |
A_i[4][0][2]   | C_o[4][6][2]   |     4.557 | SLOW    |     2.373 | FAST    |
A_i[4][0][2]   | C_o[4][6][3]   |     4.984 | SLOW    |     2.322 | FAST    |
A_i[4][0][2]   | C_o[4][7][2]   |     4.557 | SLOW    |     2.373 | FAST    |
A_i[4][0][2]   | C_o[4][7][3]   |     4.984 | SLOW    |     2.322 | FAST    |
A_i[4][0][3]   | C_o[4][0][3]   |     4.846 | SLOW    |     2.528 | FAST    |
A_i[4][0][3]   | C_o[4][1][3]   |     4.846 | SLOW    |     2.528 | FAST    |
A_i[4][0][3]   | C_o[4][2][3]   |     4.846 | SLOW    |     2.528 | FAST    |
A_i[4][0][3]   | C_o[4][3][3]   |     4.846 | SLOW    |     2.528 | FAST    |
A_i[4][0][3]   | C_o[4][4][3]   |     4.846 | SLOW    |     2.528 | FAST    |
A_i[4][0][3]   | C_o[4][5][3]   |     4.846 | SLOW    |     2.528 | FAST    |
A_i[4][0][3]   | C_o[4][6][3]   |     4.846 | SLOW    |     2.528 | FAST    |
A_i[4][0][3]   | C_o[4][7][3]   |     4.846 | SLOW    |     2.528 | FAST    |
A_i[4][1][0]   | C_o[4][0][0]   |     4.483 | SLOW    |     2.328 | FAST    |
A_i[4][1][0]   | C_o[4][0][1]   |     4.718 | SLOW    |     2.347 | FAST    |
A_i[4][1][0]   | C_o[4][0][2]   |     4.782 | SLOW    |     2.343 | FAST    |
A_i[4][1][0]   | C_o[4][0][3]   |     5.036 | SLOW    |     2.439 | FAST    |
A_i[4][1][0]   | C_o[4][1][0]   |     4.483 | SLOW    |     2.328 | FAST    |
A_i[4][1][0]   | C_o[4][1][1]   |     4.725 | SLOW    |     2.347 | FAST    |
A_i[4][1][0]   | C_o[4][1][2]   |     4.804 | SLOW    |     2.343 | FAST    |
A_i[4][1][0]   | C_o[4][1][3]   |     5.036 | SLOW    |     2.439 | FAST    |
A_i[4][1][0]   | C_o[4][2][0]   |     4.483 | SLOW    |     2.328 | FAST    |
A_i[4][1][0]   | C_o[4][2][1]   |     4.718 | SLOW    |     2.347 | FAST    |
A_i[4][1][0]   | C_o[4][2][2]   |     4.782 | SLOW    |     2.343 | FAST    |
A_i[4][1][0]   | C_o[4][2][3]   |     5.036 | SLOW    |     2.439 | FAST    |
A_i[4][1][0]   | C_o[4][3][0]   |     4.483 | SLOW    |     2.328 | FAST    |
A_i[4][1][0]   | C_o[4][3][1]   |     4.725 | SLOW    |     2.347 | FAST    |
A_i[4][1][0]   | C_o[4][3][2]   |     4.804 | SLOW    |     2.343 | FAST    |
A_i[4][1][0]   | C_o[4][3][3]   |     5.036 | SLOW    |     2.439 | FAST    |
A_i[4][1][0]   | C_o[4][4][0]   |     4.483 | SLOW    |     2.328 | FAST    |
A_i[4][1][0]   | C_o[4][4][1]   |     4.718 | SLOW    |     2.347 | FAST    |
A_i[4][1][0]   | C_o[4][4][2]   |     4.782 | SLOW    |     2.343 | FAST    |
A_i[4][1][0]   | C_o[4][4][3]   |     5.036 | SLOW    |     2.439 | FAST    |
A_i[4][1][0]   | C_o[4][5][0]   |     4.483 | SLOW    |     2.328 | FAST    |
A_i[4][1][0]   | C_o[4][5][1]   |     4.725 | SLOW    |     2.347 | FAST    |
A_i[4][1][0]   | C_o[4][5][2]   |     4.804 | SLOW    |     2.343 | FAST    |
A_i[4][1][0]   | C_o[4][5][3]   |     5.036 | SLOW    |     2.439 | FAST    |
A_i[4][1][0]   | C_o[4][6][0]   |     4.483 | SLOW    |     2.328 | FAST    |
A_i[4][1][0]   | C_o[4][6][1]   |     4.718 | SLOW    |     2.347 | FAST    |
A_i[4][1][0]   | C_o[4][6][2]   |     4.782 | SLOW    |     2.343 | FAST    |
A_i[4][1][0]   | C_o[4][6][3]   |     5.036 | SLOW    |     2.439 | FAST    |
A_i[4][1][0]   | C_o[4][7][0]   |     4.483 | SLOW    |     2.328 | FAST    |
A_i[4][1][0]   | C_o[4][7][1]   |     4.725 | SLOW    |     2.347 | FAST    |
A_i[4][1][0]   | C_o[4][7][2]   |     4.804 | SLOW    |     2.343 | FAST    |
A_i[4][1][0]   | C_o[4][7][3]   |     5.036 | SLOW    |     2.439 | FAST    |
A_i[4][1][1]   | C_o[4][0][1]   |     4.700 | SLOW    |     2.444 | FAST    |
A_i[4][1][1]   | C_o[4][0][2]   |     4.802 | SLOW    |     2.448 | FAST    |
A_i[4][1][1]   | C_o[4][0][3]   |     5.009 | SLOW    |     2.446 | FAST    |
A_i[4][1][1]   | C_o[4][1][1]   |     4.731 | SLOW    |     2.464 | FAST    |
A_i[4][1][1]   | C_o[4][1][2]   |     4.810 | SLOW    |     2.468 | FAST    |
A_i[4][1][1]   | C_o[4][1][3]   |     5.040 | SLOW    |     2.452 | FAST    |
A_i[4][1][1]   | C_o[4][2][1]   |     4.700 | SLOW    |     2.444 | FAST    |
A_i[4][1][1]   | C_o[4][2][2]   |     4.802 | SLOW    |     2.448 | FAST    |
A_i[4][1][1]   | C_o[4][2][3]   |     5.009 | SLOW    |     2.446 | FAST    |
A_i[4][1][1]   | C_o[4][3][1]   |     4.731 | SLOW    |     2.464 | FAST    |
A_i[4][1][1]   | C_o[4][3][2]   |     4.810 | SLOW    |     2.468 | FAST    |
A_i[4][1][1]   | C_o[4][3][3]   |     5.040 | SLOW    |     2.452 | FAST    |
A_i[4][1][1]   | C_o[4][4][1]   |     4.700 | SLOW    |     2.444 | FAST    |
A_i[4][1][1]   | C_o[4][4][2]   |     4.802 | SLOW    |     2.448 | FAST    |
A_i[4][1][1]   | C_o[4][4][3]   |     5.009 | SLOW    |     2.446 | FAST    |
A_i[4][1][1]   | C_o[4][5][1]   |     4.731 | SLOW    |     2.464 | FAST    |
A_i[4][1][1]   | C_o[4][5][2]   |     4.810 | SLOW    |     2.468 | FAST    |
A_i[4][1][1]   | C_o[4][5][3]   |     5.040 | SLOW    |     2.452 | FAST    |
A_i[4][1][1]   | C_o[4][6][1]   |     4.700 | SLOW    |     2.444 | FAST    |
A_i[4][1][1]   | C_o[4][6][2]   |     4.802 | SLOW    |     2.448 | FAST    |
A_i[4][1][1]   | C_o[4][6][3]   |     5.009 | SLOW    |     2.446 | FAST    |
A_i[4][1][1]   | C_o[4][7][1]   |     4.731 | SLOW    |     2.464 | FAST    |
A_i[4][1][1]   | C_o[4][7][2]   |     4.810 | SLOW    |     2.468 | FAST    |
A_i[4][1][1]   | C_o[4][7][3]   |     5.040 | SLOW    |     2.452 | FAST    |
A_i[4][1][2]   | C_o[4][0][2]   |     4.763 | SLOW    |     2.484 | FAST    |
A_i[4][1][2]   | C_o[4][0][3]   |     4.897 | SLOW    |     2.437 | FAST    |
A_i[4][1][2]   | C_o[4][1][2]   |     4.763 | SLOW    |     2.484 | FAST    |
A_i[4][1][2]   | C_o[4][1][3]   |     4.897 | SLOW    |     2.437 | FAST    |
A_i[4][1][2]   | C_o[4][2][2]   |     4.763 | SLOW    |     2.484 | FAST    |
A_i[4][1][2]   | C_o[4][2][3]   |     4.897 | SLOW    |     2.437 | FAST    |
A_i[4][1][2]   | C_o[4][3][2]   |     4.763 | SLOW    |     2.484 | FAST    |
A_i[4][1][2]   | C_o[4][3][3]   |     4.897 | SLOW    |     2.437 | FAST    |
A_i[4][1][2]   | C_o[4][4][2]   |     4.763 | SLOW    |     2.484 | FAST    |
A_i[4][1][2]   | C_o[4][4][3]   |     4.897 | SLOW    |     2.437 | FAST    |
A_i[4][1][2]   | C_o[4][5][2]   |     4.763 | SLOW    |     2.484 | FAST    |
A_i[4][1][2]   | C_o[4][5][3]   |     4.897 | SLOW    |     2.437 | FAST    |
A_i[4][1][2]   | C_o[4][6][2]   |     4.763 | SLOW    |     2.484 | FAST    |
A_i[4][1][2]   | C_o[4][6][3]   |     4.897 | SLOW    |     2.437 | FAST    |
A_i[4][1][2]   | C_o[4][7][2]   |     4.763 | SLOW    |     2.484 | FAST    |
A_i[4][1][2]   | C_o[4][7][3]   |     4.897 | SLOW    |     2.437 | FAST    |
A_i[4][1][3]   | C_o[4][0][3]   |     4.933 | SLOW    |     2.579 | FAST    |
A_i[4][1][3]   | C_o[4][1][3]   |     4.933 | SLOW    |     2.579 | FAST    |
A_i[4][1][3]   | C_o[4][2][3]   |     4.933 | SLOW    |     2.579 | FAST    |
A_i[4][1][3]   | C_o[4][3][3]   |     4.933 | SLOW    |     2.579 | FAST    |
A_i[4][1][3]   | C_o[4][4][3]   |     4.933 | SLOW    |     2.579 | FAST    |
A_i[4][1][3]   | C_o[4][5][3]   |     4.933 | SLOW    |     2.579 | FAST    |
A_i[4][1][3]   | C_o[4][6][3]   |     4.933 | SLOW    |     2.579 | FAST    |
A_i[4][1][3]   | C_o[4][7][3]   |     4.933 | SLOW    |     2.579 | FAST    |
A_i[4][2][0]   | C_o[4][0][0]   |     4.488 | SLOW    |     2.336 | FAST    |
A_i[4][2][0]   | C_o[4][0][1]   |     4.723 | SLOW    |     2.330 | FAST    |
A_i[4][2][0]   | C_o[4][0][2]   |     4.865 | SLOW    |     2.326 | FAST    |
A_i[4][2][0]   | C_o[4][0][3]   |     5.041 | SLOW    |     2.439 | FAST    |
A_i[4][2][0]   | C_o[4][1][0]   |     4.488 | SLOW    |     2.336 | FAST    |
A_i[4][2][0]   | C_o[4][1][1]   |     4.723 | SLOW    |     2.330 | FAST    |
A_i[4][2][0]   | C_o[4][1][2]   |     4.865 | SLOW    |     2.326 | FAST    |
A_i[4][2][0]   | C_o[4][1][3]   |     5.041 | SLOW    |     2.439 | FAST    |
A_i[4][2][0]   | C_o[4][2][0]   |     4.488 | SLOW    |     2.336 | FAST    |
A_i[4][2][0]   | C_o[4][2][1]   |     4.723 | SLOW    |     2.330 | FAST    |
A_i[4][2][0]   | C_o[4][2][2]   |     4.865 | SLOW    |     2.326 | FAST    |
A_i[4][2][0]   | C_o[4][2][3]   |     5.041 | SLOW    |     2.439 | FAST    |
A_i[4][2][0]   | C_o[4][3][0]   |     4.488 | SLOW    |     2.336 | FAST    |
A_i[4][2][0]   | C_o[4][3][1]   |     4.723 | SLOW    |     2.330 | FAST    |
A_i[4][2][0]   | C_o[4][3][2]   |     4.865 | SLOW    |     2.326 | FAST    |
A_i[4][2][0]   | C_o[4][3][3]   |     5.041 | SLOW    |     2.439 | FAST    |
A_i[4][2][0]   | C_o[4][4][0]   |     4.488 | SLOW    |     2.336 | FAST    |
A_i[4][2][0]   | C_o[4][4][1]   |     4.723 | SLOW    |     2.330 | FAST    |
A_i[4][2][0]   | C_o[4][4][2]   |     4.865 | SLOW    |     2.326 | FAST    |
A_i[4][2][0]   | C_o[4][4][3]   |     5.041 | SLOW    |     2.439 | FAST    |
A_i[4][2][0]   | C_o[4][5][0]   |     4.488 | SLOW    |     2.336 | FAST    |
A_i[4][2][0]   | C_o[4][5][1]   |     4.723 | SLOW    |     2.330 | FAST    |
A_i[4][2][0]   | C_o[4][5][2]   |     4.865 | SLOW    |     2.326 | FAST    |
A_i[4][2][0]   | C_o[4][5][3]   |     5.041 | SLOW    |     2.439 | FAST    |
A_i[4][2][0]   | C_o[4][6][0]   |     4.488 | SLOW    |     2.336 | FAST    |
A_i[4][2][0]   | C_o[4][6][1]   |     4.723 | SLOW    |     2.330 | FAST    |
A_i[4][2][0]   | C_o[4][6][2]   |     4.865 | SLOW    |     2.326 | FAST    |
A_i[4][2][0]   | C_o[4][6][3]   |     5.041 | SLOW    |     2.439 | FAST    |
A_i[4][2][0]   | C_o[4][7][0]   |     4.488 | SLOW    |     2.336 | FAST    |
A_i[4][2][0]   | C_o[4][7][1]   |     4.723 | SLOW    |     2.330 | FAST    |
A_i[4][2][0]   | C_o[4][7][2]   |     4.865 | SLOW    |     2.326 | FAST    |
A_i[4][2][0]   | C_o[4][7][3]   |     5.041 | SLOW    |     2.439 | FAST    |
A_i[4][2][1]   | C_o[4][0][1]   |     4.698 | SLOW    |     2.448 | FAST    |
A_i[4][2][1]   | C_o[4][0][2]   |     4.889 | SLOW    |     2.452 | FAST    |
A_i[4][2][1]   | C_o[4][0][3]   |     5.007 | SLOW    |     2.450 | FAST    |
A_i[4][2][1]   | C_o[4][1][1]   |     4.729 | SLOW    |     2.468 | FAST    |
A_i[4][2][1]   | C_o[4][1][2]   |     4.889 | SLOW    |     2.472 | FAST    |
A_i[4][2][1]   | C_o[4][1][3]   |     5.038 | SLOW    |     2.452 | FAST    |
A_i[4][2][1]   | C_o[4][2][1]   |     4.698 | SLOW    |     2.448 | FAST    |
A_i[4][2][1]   | C_o[4][2][2]   |     4.889 | SLOW    |     2.452 | FAST    |
A_i[4][2][1]   | C_o[4][2][3]   |     5.007 | SLOW    |     2.450 | FAST    |
A_i[4][2][1]   | C_o[4][3][1]   |     4.729 | SLOW    |     2.468 | FAST    |
A_i[4][2][1]   | C_o[4][3][2]   |     4.889 | SLOW    |     2.472 | FAST    |
A_i[4][2][1]   | C_o[4][3][3]   |     5.038 | SLOW    |     2.452 | FAST    |
A_i[4][2][1]   | C_o[4][4][1]   |     4.698 | SLOW    |     2.448 | FAST    |
A_i[4][2][1]   | C_o[4][4][2]   |     4.889 | SLOW    |     2.452 | FAST    |
A_i[4][2][1]   | C_o[4][4][3]   |     5.007 | SLOW    |     2.450 | FAST    |
A_i[4][2][1]   | C_o[4][5][1]   |     4.729 | SLOW    |     2.468 | FAST    |
A_i[4][2][1]   | C_o[4][5][2]   |     4.889 | SLOW    |     2.472 | FAST    |
A_i[4][2][1]   | C_o[4][5][3]   |     5.038 | SLOW    |     2.452 | FAST    |
A_i[4][2][1]   | C_o[4][6][1]   |     4.698 | SLOW    |     2.448 | FAST    |
A_i[4][2][1]   | C_o[4][6][2]   |     4.889 | SLOW    |     2.452 | FAST    |
A_i[4][2][1]   | C_o[4][6][3]   |     5.007 | SLOW    |     2.450 | FAST    |
A_i[4][2][1]   | C_o[4][7][1]   |     4.729 | SLOW    |     2.468 | FAST    |
A_i[4][2][1]   | C_o[4][7][2]   |     4.889 | SLOW    |     2.472 | FAST    |
A_i[4][2][1]   | C_o[4][7][3]   |     5.038 | SLOW    |     2.452 | FAST    |
A_i[4][2][2]   | C_o[4][0][2]   |     4.850 | SLOW    |     2.535 | FAST    |
A_i[4][2][2]   | C_o[4][0][3]   |     4.895 | SLOW    |     2.437 | FAST    |
A_i[4][2][2]   | C_o[4][1][2]   |     4.850 | SLOW    |     2.535 | FAST    |
A_i[4][2][2]   | C_o[4][1][3]   |     4.895 | SLOW    |     2.437 | FAST    |
A_i[4][2][2]   | C_o[4][2][2]   |     4.850 | SLOW    |     2.535 | FAST    |
A_i[4][2][2]   | C_o[4][2][3]   |     4.895 | SLOW    |     2.437 | FAST    |
A_i[4][2][2]   | C_o[4][3][2]   |     4.850 | SLOW    |     2.535 | FAST    |
A_i[4][2][2]   | C_o[4][3][3]   |     4.895 | SLOW    |     2.437 | FAST    |
A_i[4][2][2]   | C_o[4][4][2]   |     4.850 | SLOW    |     2.535 | FAST    |
A_i[4][2][2]   | C_o[4][4][3]   |     4.895 | SLOW    |     2.437 | FAST    |
A_i[4][2][2]   | C_o[4][5][2]   |     4.850 | SLOW    |     2.535 | FAST    |
A_i[4][2][2]   | C_o[4][5][3]   |     4.895 | SLOW    |     2.437 | FAST    |
A_i[4][2][2]   | C_o[4][6][2]   |     4.850 | SLOW    |     2.535 | FAST    |
A_i[4][2][2]   | C_o[4][6][3]   |     4.895 | SLOW    |     2.437 | FAST    |
A_i[4][2][2]   | C_o[4][7][2]   |     4.850 | SLOW    |     2.535 | FAST    |
A_i[4][2][2]   | C_o[4][7][3]   |     4.895 | SLOW    |     2.437 | FAST    |
A_i[4][2][3]   | C_o[4][0][3]   |     4.844 | SLOW    |     2.532 | FAST    |
A_i[4][2][3]   | C_o[4][1][3]   |     4.844 | SLOW    |     2.532 | FAST    |
A_i[4][2][3]   | C_o[4][2][3]   |     4.844 | SLOW    |     2.532 | FAST    |
A_i[4][2][3]   | C_o[4][3][3]   |     4.844 | SLOW    |     2.532 | FAST    |
A_i[4][2][3]   | C_o[4][4][3]   |     4.844 | SLOW    |     2.532 | FAST    |
A_i[4][2][3]   | C_o[4][5][3]   |     4.844 | SLOW    |     2.532 | FAST    |
A_i[4][2][3]   | C_o[4][6][3]   |     4.844 | SLOW    |     2.532 | FAST    |
A_i[4][2][3]   | C_o[4][7][3]   |     4.844 | SLOW    |     2.532 | FAST    |
A_i[4][3][0]   | C_o[4][0][0]   |     4.483 | SLOW    |     2.328 | FAST    |
A_i[4][3][0]   | C_o[4][0][1]   |     4.718 | SLOW    |     2.338 | FAST    |
A_i[4][3][0]   | C_o[4][0][2]   |     4.897 | SLOW    |     2.334 | FAST    |
A_i[4][3][0]   | C_o[4][0][3]   |     5.036 | SLOW    |     2.446 | FAST    |
A_i[4][3][0]   | C_o[4][1][0]   |     4.483 | SLOW    |     2.328 | FAST    |
A_i[4][3][0]   | C_o[4][1][1]   |     4.723 | SLOW    |     2.338 | FAST    |
A_i[4][3][0]   | C_o[4][1][2]   |     4.897 | SLOW    |     2.334 | FAST    |
A_i[4][3][0]   | C_o[4][1][3]   |     5.036 | SLOW    |     2.452 | FAST    |
A_i[4][3][0]   | C_o[4][2][0]   |     4.483 | SLOW    |     2.328 | FAST    |
A_i[4][3][0]   | C_o[4][2][1]   |     4.718 | SLOW    |     2.338 | FAST    |
A_i[4][3][0]   | C_o[4][2][2]   |     4.897 | SLOW    |     2.334 | FAST    |
A_i[4][3][0]   | C_o[4][2][3]   |     5.036 | SLOW    |     2.446 | FAST    |
A_i[4][3][0]   | C_o[4][3][0]   |     4.483 | SLOW    |     2.328 | FAST    |
A_i[4][3][0]   | C_o[4][3][1]   |     4.723 | SLOW    |     2.338 | FAST    |
A_i[4][3][0]   | C_o[4][3][2]   |     4.897 | SLOW    |     2.334 | FAST    |
A_i[4][3][0]   | C_o[4][3][3]   |     5.036 | SLOW    |     2.452 | FAST    |
A_i[4][3][0]   | C_o[4][4][0]   |     4.483 | SLOW    |     2.328 | FAST    |
A_i[4][3][0]   | C_o[4][4][1]   |     4.718 | SLOW    |     2.338 | FAST    |
A_i[4][3][0]   | C_o[4][4][2]   |     4.897 | SLOW    |     2.334 | FAST    |
A_i[4][3][0]   | C_o[4][4][3]   |     5.036 | SLOW    |     2.446 | FAST    |
A_i[4][3][0]   | C_o[4][5][0]   |     4.483 | SLOW    |     2.328 | FAST    |
A_i[4][3][0]   | C_o[4][5][1]   |     4.723 | SLOW    |     2.338 | FAST    |
A_i[4][3][0]   | C_o[4][5][2]   |     4.897 | SLOW    |     2.334 | FAST    |
A_i[4][3][0]   | C_o[4][5][3]   |     5.036 | SLOW    |     2.452 | FAST    |
A_i[4][3][0]   | C_o[4][6][0]   |     4.483 | SLOW    |     2.328 | FAST    |
A_i[4][3][0]   | C_o[4][6][1]   |     4.718 | SLOW    |     2.338 | FAST    |
A_i[4][3][0]   | C_o[4][6][2]   |     4.897 | SLOW    |     2.334 | FAST    |
A_i[4][3][0]   | C_o[4][6][3]   |     5.036 | SLOW    |     2.446 | FAST    |
A_i[4][3][0]   | C_o[4][7][0]   |     4.483 | SLOW    |     2.328 | FAST    |
A_i[4][3][0]   | C_o[4][7][1]   |     4.723 | SLOW    |     2.338 | FAST    |
A_i[4][3][0]   | C_o[4][7][2]   |     4.897 | SLOW    |     2.334 | FAST    |
A_i[4][3][0]   | C_o[4][7][3]   |     5.036 | SLOW    |     2.452 | FAST    |
A_i[4][3][1]   | C_o[4][0][1]   |     4.698 | SLOW    |     2.448 | FAST    |
A_i[4][3][1]   | C_o[4][0][2]   |     4.862 | SLOW    |     2.452 | FAST    |
A_i[4][3][1]   | C_o[4][0][3]   |     5.007 | SLOW    |     2.439 | FAST    |
A_i[4][3][1]   | C_o[4][1][1]   |     4.729 | SLOW    |     2.468 | FAST    |
A_i[4][3][1]   | C_o[4][1][2]   |     4.862 | SLOW    |     2.472 | FAST    |
A_i[4][3][1]   | C_o[4][1][3]   |     5.038 | SLOW    |     2.439 | FAST    |
A_i[4][3][1]   | C_o[4][2][1]   |     4.698 | SLOW    |     2.448 | FAST    |
A_i[4][3][1]   | C_o[4][2][2]   |     4.862 | SLOW    |     2.452 | FAST    |
A_i[4][3][1]   | C_o[4][2][3]   |     5.007 | SLOW    |     2.439 | FAST    |
A_i[4][3][1]   | C_o[4][3][1]   |     4.729 | SLOW    |     2.468 | FAST    |
A_i[4][3][1]   | C_o[4][3][2]   |     4.862 | SLOW    |     2.472 | FAST    |
A_i[4][3][1]   | C_o[4][3][3]   |     5.038 | SLOW    |     2.439 | FAST    |
A_i[4][3][1]   | C_o[4][4][1]   |     4.698 | SLOW    |     2.448 | FAST    |
A_i[4][3][1]   | C_o[4][4][2]   |     4.862 | SLOW    |     2.452 | FAST    |
A_i[4][3][1]   | C_o[4][4][3]   |     5.007 | SLOW    |     2.439 | FAST    |
A_i[4][3][1]   | C_o[4][5][1]   |     4.729 | SLOW    |     2.468 | FAST    |
A_i[4][3][1]   | C_o[4][5][2]   |     4.862 | SLOW    |     2.472 | FAST    |
A_i[4][3][1]   | C_o[4][5][3]   |     5.038 | SLOW    |     2.439 | FAST    |
A_i[4][3][1]   | C_o[4][6][1]   |     4.698 | SLOW    |     2.448 | FAST    |
A_i[4][3][1]   | C_o[4][6][2]   |     4.862 | SLOW    |     2.452 | FAST    |
A_i[4][3][1]   | C_o[4][6][3]   |     5.007 | SLOW    |     2.439 | FAST    |
A_i[4][3][1]   | C_o[4][7][1]   |     4.729 | SLOW    |     2.468 | FAST    |
A_i[4][3][1]   | C_o[4][7][2]   |     4.862 | SLOW    |     2.472 | FAST    |
A_i[4][3][1]   | C_o[4][7][3]   |     5.038 | SLOW    |     2.439 | FAST    |
A_i[4][3][2]   | C_o[4][0][2]   |     4.845 | SLOW    |     2.527 | FAST    |
A_i[4][3][2]   | C_o[4][0][3]   |     4.952 | SLOW    |     2.425 | FAST    |
A_i[4][3][2]   | C_o[4][1][2]   |     4.845 | SLOW    |     2.527 | FAST    |
A_i[4][3][2]   | C_o[4][1][3]   |     4.952 | SLOW    |     2.425 | FAST    |
A_i[4][3][2]   | C_o[4][2][2]   |     4.845 | SLOW    |     2.527 | FAST    |
A_i[4][3][2]   | C_o[4][2][3]   |     4.952 | SLOW    |     2.425 | FAST    |
A_i[4][3][2]   | C_o[4][3][2]   |     4.845 | SLOW    |     2.527 | FAST    |
A_i[4][3][2]   | C_o[4][3][3]   |     4.952 | SLOW    |     2.425 | FAST    |
A_i[4][3][2]   | C_o[4][4][2]   |     4.845 | SLOW    |     2.527 | FAST    |
A_i[4][3][2]   | C_o[4][4][3]   |     4.952 | SLOW    |     2.425 | FAST    |
A_i[4][3][2]   | C_o[4][5][2]   |     4.845 | SLOW    |     2.527 | FAST    |
A_i[4][3][2]   | C_o[4][5][3]   |     4.952 | SLOW    |     2.425 | FAST    |
A_i[4][3][2]   | C_o[4][6][2]   |     4.845 | SLOW    |     2.527 | FAST    |
A_i[4][3][2]   | C_o[4][6][3]   |     4.952 | SLOW    |     2.425 | FAST    |
A_i[4][3][2]   | C_o[4][7][2]   |     4.845 | SLOW    |     2.527 | FAST    |
A_i[4][3][2]   | C_o[4][7][3]   |     4.952 | SLOW    |     2.425 | FAST    |
A_i[4][3][3]   | C_o[4][0][3]   |     4.844 | SLOW    |     2.532 | FAST    |
A_i[4][3][3]   | C_o[4][1][3]   |     4.844 | SLOW    |     2.532 | FAST    |
A_i[4][3][3]   | C_o[4][2][3]   |     4.844 | SLOW    |     2.532 | FAST    |
A_i[4][3][3]   | C_o[4][3][3]   |     4.844 | SLOW    |     2.532 | FAST    |
A_i[4][3][3]   | C_o[4][4][3]   |     4.844 | SLOW    |     2.532 | FAST    |
A_i[4][3][3]   | C_o[4][5][3]   |     4.844 | SLOW    |     2.532 | FAST    |
A_i[4][3][3]   | C_o[4][6][3]   |     4.844 | SLOW    |     2.532 | FAST    |
A_i[4][3][3]   | C_o[4][7][3]   |     4.844 | SLOW    |     2.532 | FAST    |
A_i[5][0][0]   | C_o[5][0][0]   |     4.285 | SLOW    |     2.215 | FAST    |
A_i[5][0][0]   | C_o[5][0][1]   |     4.691 | SLOW    |     2.344 | FAST    |
A_i[5][0][0]   | C_o[5][0][2]   |     4.707 | SLOW    |     2.344 | FAST    |
A_i[5][0][0]   | C_o[5][0][3]   |     5.004 | SLOW    |     2.324 | FAST    |
A_i[5][0][0]   | C_o[5][1][0]   |     4.285 | SLOW    |     2.215 | FAST    |
A_i[5][0][0]   | C_o[5][1][1]   |     4.713 | SLOW    |     2.344 | FAST    |
A_i[5][0][0]   | C_o[5][1][2]   |     4.729 | SLOW    |     2.344 | FAST    |
A_i[5][0][0]   | C_o[5][1][3]   |     5.022 | SLOW    |     2.324 | FAST    |
A_i[5][0][0]   | C_o[5][2][0]   |     4.285 | SLOW    |     2.215 | FAST    |
A_i[5][0][0]   | C_o[5][2][1]   |     4.691 | SLOW    |     2.344 | FAST    |
A_i[5][0][0]   | C_o[5][2][2]   |     4.707 | SLOW    |     2.344 | FAST    |
A_i[5][0][0]   | C_o[5][2][3]   |     5.004 | SLOW    |     2.324 | FAST    |
A_i[5][0][0]   | C_o[5][3][0]   |     4.285 | SLOW    |     2.215 | FAST    |
A_i[5][0][0]   | C_o[5][3][1]   |     4.713 | SLOW    |     2.344 | FAST    |
A_i[5][0][0]   | C_o[5][3][2]   |     4.729 | SLOW    |     2.344 | FAST    |
A_i[5][0][0]   | C_o[5][3][3]   |     5.022 | SLOW    |     2.324 | FAST    |
A_i[5][0][0]   | C_o[5][4][0]   |     4.285 | SLOW    |     2.215 | FAST    |
A_i[5][0][0]   | C_o[5][4][1]   |     4.691 | SLOW    |     2.344 | FAST    |
A_i[5][0][0]   | C_o[5][4][2]   |     4.707 | SLOW    |     2.344 | FAST    |
A_i[5][0][0]   | C_o[5][4][3]   |     5.004 | SLOW    |     2.324 | FAST    |
A_i[5][0][0]   | C_o[5][5][0]   |     4.285 | SLOW    |     2.215 | FAST    |
A_i[5][0][0]   | C_o[5][5][1]   |     4.713 | SLOW    |     2.344 | FAST    |
A_i[5][0][0]   | C_o[5][5][2]   |     4.729 | SLOW    |     2.344 | FAST    |
A_i[5][0][0]   | C_o[5][5][3]   |     5.022 | SLOW    |     2.324 | FAST    |
A_i[5][0][0]   | C_o[5][6][0]   |     4.285 | SLOW    |     2.215 | FAST    |
A_i[5][0][0]   | C_o[5][6][1]   |     4.691 | SLOW    |     2.344 | FAST    |
A_i[5][0][0]   | C_o[5][6][2]   |     4.707 | SLOW    |     2.344 | FAST    |
A_i[5][0][0]   | C_o[5][6][3]   |     5.004 | SLOW    |     2.324 | FAST    |
A_i[5][0][0]   | C_o[5][7][0]   |     4.285 | SLOW    |     2.215 | FAST    |
A_i[5][0][0]   | C_o[5][7][1]   |     4.713 | SLOW    |     2.344 | FAST    |
A_i[5][0][0]   | C_o[5][7][2]   |     4.729 | SLOW    |     2.344 | FAST    |
A_i[5][0][0]   | C_o[5][7][3]   |     5.022 | SLOW    |     2.324 | FAST    |
A_i[5][0][1]   | C_o[5][0][1]   |     4.688 | SLOW    |     2.439 | FAST    |
A_i[5][0][1]   | C_o[5][0][2]   |     4.704 | SLOW    |     2.388 | FAST    |
A_i[5][0][1]   | C_o[5][0][3]   |     4.997 | SLOW    |     2.337 | FAST    |
A_i[5][0][1]   | C_o[5][1][1]   |     4.719 | SLOW    |     2.459 | FAST    |
A_i[5][0][1]   | C_o[5][1][2]   |     4.735 | SLOW    |     2.388 | FAST    |
A_i[5][0][1]   | C_o[5][1][3]   |     5.028 | SLOW    |     2.337 | FAST    |
A_i[5][0][1]   | C_o[5][2][1]   |     4.688 | SLOW    |     2.439 | FAST    |
A_i[5][0][1]   | C_o[5][2][2]   |     4.704 | SLOW    |     2.388 | FAST    |
A_i[5][0][1]   | C_o[5][2][3]   |     4.997 | SLOW    |     2.337 | FAST    |
A_i[5][0][1]   | C_o[5][3][1]   |     4.719 | SLOW    |     2.459 | FAST    |
A_i[5][0][1]   | C_o[5][3][2]   |     4.735 | SLOW    |     2.388 | FAST    |
A_i[5][0][1]   | C_o[5][3][3]   |     5.028 | SLOW    |     2.337 | FAST    |
A_i[5][0][1]   | C_o[5][4][1]   |     4.688 | SLOW    |     2.439 | FAST    |
A_i[5][0][1]   | C_o[5][4][2]   |     4.704 | SLOW    |     2.388 | FAST    |
A_i[5][0][1]   | C_o[5][4][3]   |     4.997 | SLOW    |     2.337 | FAST    |
A_i[5][0][1]   | C_o[5][5][1]   |     4.719 | SLOW    |     2.459 | FAST    |
A_i[5][0][1]   | C_o[5][5][2]   |     4.735 | SLOW    |     2.388 | FAST    |
A_i[5][0][1]   | C_o[5][5][3]   |     5.028 | SLOW    |     2.337 | FAST    |
A_i[5][0][1]   | C_o[5][6][1]   |     4.688 | SLOW    |     2.439 | FAST    |
A_i[5][0][1]   | C_o[5][6][2]   |     4.704 | SLOW    |     2.388 | FAST    |
A_i[5][0][1]   | C_o[5][6][3]   |     4.997 | SLOW    |     2.337 | FAST    |
A_i[5][0][1]   | C_o[5][7][1]   |     4.719 | SLOW    |     2.459 | FAST    |
A_i[5][0][1]   | C_o[5][7][2]   |     4.735 | SLOW    |     2.388 | FAST    |
A_i[5][0][1]   | C_o[5][7][3]   |     5.028 | SLOW    |     2.337 | FAST    |
A_i[5][0][2]   | C_o[5][0][2]   |     4.557 | SLOW    |     2.373 | FAST    |
A_i[5][0][2]   | C_o[5][0][3]   |     4.984 | SLOW    |     2.322 | FAST    |
A_i[5][0][2]   | C_o[5][1][2]   |     4.557 | SLOW    |     2.373 | FAST    |
A_i[5][0][2]   | C_o[5][1][3]   |     4.984 | SLOW    |     2.322 | FAST    |
A_i[5][0][2]   | C_o[5][2][2]   |     4.557 | SLOW    |     2.373 | FAST    |
A_i[5][0][2]   | C_o[5][2][3]   |     4.984 | SLOW    |     2.322 | FAST    |
A_i[5][0][2]   | C_o[5][3][2]   |     4.557 | SLOW    |     2.373 | FAST    |
A_i[5][0][2]   | C_o[5][3][3]   |     4.984 | SLOW    |     2.322 | FAST    |
A_i[5][0][2]   | C_o[5][4][2]   |     4.557 | SLOW    |     2.373 | FAST    |
A_i[5][0][2]   | C_o[5][4][3]   |     4.984 | SLOW    |     2.322 | FAST    |
A_i[5][0][2]   | C_o[5][5][2]   |     4.557 | SLOW    |     2.373 | FAST    |
A_i[5][0][2]   | C_o[5][5][3]   |     4.984 | SLOW    |     2.322 | FAST    |
A_i[5][0][2]   | C_o[5][6][2]   |     4.557 | SLOW    |     2.373 | FAST    |
A_i[5][0][2]   | C_o[5][6][3]   |     4.984 | SLOW    |     2.322 | FAST    |
A_i[5][0][2]   | C_o[5][7][2]   |     4.557 | SLOW    |     2.373 | FAST    |
A_i[5][0][2]   | C_o[5][7][3]   |     4.984 | SLOW    |     2.322 | FAST    |
A_i[5][0][3]   | C_o[5][0][3]   |     4.846 | SLOW    |     2.528 | FAST    |
A_i[5][0][3]   | C_o[5][1][3]   |     4.846 | SLOW    |     2.528 | FAST    |
A_i[5][0][3]   | C_o[5][2][3]   |     4.846 | SLOW    |     2.528 | FAST    |
A_i[5][0][3]   | C_o[5][3][3]   |     4.846 | SLOW    |     2.528 | FAST    |
A_i[5][0][3]   | C_o[5][4][3]   |     4.846 | SLOW    |     2.528 | FAST    |
A_i[5][0][3]   | C_o[5][5][3]   |     4.846 | SLOW    |     2.528 | FAST    |
A_i[5][0][3]   | C_o[5][6][3]   |     4.846 | SLOW    |     2.528 | FAST    |
A_i[5][0][3]   | C_o[5][7][3]   |     4.846 | SLOW    |     2.528 | FAST    |
A_i[5][1][0]   | C_o[5][0][0]   |     4.483 | SLOW    |     2.328 | FAST    |
A_i[5][1][0]   | C_o[5][0][1]   |     4.718 | SLOW    |     2.347 | FAST    |
A_i[5][1][0]   | C_o[5][0][2]   |     4.782 | SLOW    |     2.343 | FAST    |
A_i[5][1][0]   | C_o[5][0][3]   |     5.036 | SLOW    |     2.439 | FAST    |
A_i[5][1][0]   | C_o[5][1][0]   |     4.483 | SLOW    |     2.328 | FAST    |
A_i[5][1][0]   | C_o[5][1][1]   |     4.725 | SLOW    |     2.347 | FAST    |
A_i[5][1][0]   | C_o[5][1][2]   |     4.804 | SLOW    |     2.343 | FAST    |
A_i[5][1][0]   | C_o[5][1][3]   |     5.036 | SLOW    |     2.439 | FAST    |
A_i[5][1][0]   | C_o[5][2][0]   |     4.483 | SLOW    |     2.328 | FAST    |
A_i[5][1][0]   | C_o[5][2][1]   |     4.718 | SLOW    |     2.347 | FAST    |
A_i[5][1][0]   | C_o[5][2][2]   |     4.782 | SLOW    |     2.343 | FAST    |
A_i[5][1][0]   | C_o[5][2][3]   |     5.036 | SLOW    |     2.439 | FAST    |
A_i[5][1][0]   | C_o[5][3][0]   |     4.483 | SLOW    |     2.328 | FAST    |
A_i[5][1][0]   | C_o[5][3][1]   |     4.725 | SLOW    |     2.347 | FAST    |
A_i[5][1][0]   | C_o[5][3][2]   |     4.804 | SLOW    |     2.343 | FAST    |
A_i[5][1][0]   | C_o[5][3][3]   |     5.036 | SLOW    |     2.439 | FAST    |
A_i[5][1][0]   | C_o[5][4][0]   |     4.483 | SLOW    |     2.328 | FAST    |
A_i[5][1][0]   | C_o[5][4][1]   |     4.718 | SLOW    |     2.347 | FAST    |
A_i[5][1][0]   | C_o[5][4][2]   |     4.782 | SLOW    |     2.343 | FAST    |
A_i[5][1][0]   | C_o[5][4][3]   |     5.036 | SLOW    |     2.439 | FAST    |
A_i[5][1][0]   | C_o[5][5][0]   |     4.483 | SLOW    |     2.328 | FAST    |
A_i[5][1][0]   | C_o[5][5][1]   |     4.725 | SLOW    |     2.347 | FAST    |
A_i[5][1][0]   | C_o[5][5][2]   |     4.804 | SLOW    |     2.343 | FAST    |
A_i[5][1][0]   | C_o[5][5][3]   |     5.036 | SLOW    |     2.439 | FAST    |
A_i[5][1][0]   | C_o[5][6][0]   |     4.483 | SLOW    |     2.328 | FAST    |
A_i[5][1][0]   | C_o[5][6][1]   |     4.718 | SLOW    |     2.347 | FAST    |
A_i[5][1][0]   | C_o[5][6][2]   |     4.782 | SLOW    |     2.343 | FAST    |
A_i[5][1][0]   | C_o[5][6][3]   |     5.036 | SLOW    |     2.439 | FAST    |
A_i[5][1][0]   | C_o[5][7][0]   |     4.483 | SLOW    |     2.328 | FAST    |
A_i[5][1][0]   | C_o[5][7][1]   |     4.725 | SLOW    |     2.347 | FAST    |
A_i[5][1][0]   | C_o[5][7][2]   |     4.804 | SLOW    |     2.343 | FAST    |
A_i[5][1][0]   | C_o[5][7][3]   |     5.036 | SLOW    |     2.439 | FAST    |
A_i[5][1][1]   | C_o[5][0][1]   |     4.700 | SLOW    |     2.444 | FAST    |
A_i[5][1][1]   | C_o[5][0][2]   |     4.802 | SLOW    |     2.448 | FAST    |
A_i[5][1][1]   | C_o[5][0][3]   |     5.009 | SLOW    |     2.446 | FAST    |
A_i[5][1][1]   | C_o[5][1][1]   |     4.731 | SLOW    |     2.464 | FAST    |
A_i[5][1][1]   | C_o[5][1][2]   |     4.810 | SLOW    |     2.468 | FAST    |
A_i[5][1][1]   | C_o[5][1][3]   |     5.040 | SLOW    |     2.452 | FAST    |
A_i[5][1][1]   | C_o[5][2][1]   |     4.700 | SLOW    |     2.444 | FAST    |
A_i[5][1][1]   | C_o[5][2][2]   |     4.802 | SLOW    |     2.448 | FAST    |
A_i[5][1][1]   | C_o[5][2][3]   |     5.009 | SLOW    |     2.446 | FAST    |
A_i[5][1][1]   | C_o[5][3][1]   |     4.731 | SLOW    |     2.464 | FAST    |
A_i[5][1][1]   | C_o[5][3][2]   |     4.810 | SLOW    |     2.468 | FAST    |
A_i[5][1][1]   | C_o[5][3][3]   |     5.040 | SLOW    |     2.452 | FAST    |
A_i[5][1][1]   | C_o[5][4][1]   |     4.700 | SLOW    |     2.444 | FAST    |
A_i[5][1][1]   | C_o[5][4][2]   |     4.802 | SLOW    |     2.448 | FAST    |
A_i[5][1][1]   | C_o[5][4][3]   |     5.009 | SLOW    |     2.446 | FAST    |
A_i[5][1][1]   | C_o[5][5][1]   |     4.731 | SLOW    |     2.464 | FAST    |
A_i[5][1][1]   | C_o[5][5][2]   |     4.810 | SLOW    |     2.468 | FAST    |
A_i[5][1][1]   | C_o[5][5][3]   |     5.040 | SLOW    |     2.452 | FAST    |
A_i[5][1][1]   | C_o[5][6][1]   |     4.700 | SLOW    |     2.444 | FAST    |
A_i[5][1][1]   | C_o[5][6][2]   |     4.802 | SLOW    |     2.448 | FAST    |
A_i[5][1][1]   | C_o[5][6][3]   |     5.009 | SLOW    |     2.446 | FAST    |
A_i[5][1][1]   | C_o[5][7][1]   |     4.731 | SLOW    |     2.464 | FAST    |
A_i[5][1][1]   | C_o[5][7][2]   |     4.810 | SLOW    |     2.468 | FAST    |
A_i[5][1][1]   | C_o[5][7][3]   |     5.040 | SLOW    |     2.452 | FAST    |
A_i[5][1][2]   | C_o[5][0][2]   |     4.763 | SLOW    |     2.484 | FAST    |
A_i[5][1][2]   | C_o[5][0][3]   |     4.897 | SLOW    |     2.437 | FAST    |
A_i[5][1][2]   | C_o[5][1][2]   |     4.763 | SLOW    |     2.484 | FAST    |
A_i[5][1][2]   | C_o[5][1][3]   |     4.897 | SLOW    |     2.437 | FAST    |
A_i[5][1][2]   | C_o[5][2][2]   |     4.763 | SLOW    |     2.484 | FAST    |
A_i[5][1][2]   | C_o[5][2][3]   |     4.897 | SLOW    |     2.437 | FAST    |
A_i[5][1][2]   | C_o[5][3][2]   |     4.763 | SLOW    |     2.484 | FAST    |
A_i[5][1][2]   | C_o[5][3][3]   |     4.897 | SLOW    |     2.437 | FAST    |
A_i[5][1][2]   | C_o[5][4][2]   |     4.763 | SLOW    |     2.484 | FAST    |
A_i[5][1][2]   | C_o[5][4][3]   |     4.897 | SLOW    |     2.437 | FAST    |
A_i[5][1][2]   | C_o[5][5][2]   |     4.763 | SLOW    |     2.484 | FAST    |
A_i[5][1][2]   | C_o[5][5][3]   |     4.897 | SLOW    |     2.437 | FAST    |
A_i[5][1][2]   | C_o[5][6][2]   |     4.763 | SLOW    |     2.484 | FAST    |
A_i[5][1][2]   | C_o[5][6][3]   |     4.897 | SLOW    |     2.437 | FAST    |
A_i[5][1][2]   | C_o[5][7][2]   |     4.763 | SLOW    |     2.484 | FAST    |
A_i[5][1][2]   | C_o[5][7][3]   |     4.897 | SLOW    |     2.437 | FAST    |
A_i[5][1][3]   | C_o[5][0][3]   |     4.933 | SLOW    |     2.579 | FAST    |
A_i[5][1][3]   | C_o[5][1][3]   |     4.933 | SLOW    |     2.579 | FAST    |
A_i[5][1][3]   | C_o[5][2][3]   |     4.933 | SLOW    |     2.579 | FAST    |
A_i[5][1][3]   | C_o[5][3][3]   |     4.933 | SLOW    |     2.579 | FAST    |
A_i[5][1][3]   | C_o[5][4][3]   |     4.933 | SLOW    |     2.579 | FAST    |
A_i[5][1][3]   | C_o[5][5][3]   |     4.933 | SLOW    |     2.579 | FAST    |
A_i[5][1][3]   | C_o[5][6][3]   |     4.933 | SLOW    |     2.579 | FAST    |
A_i[5][1][3]   | C_o[5][7][3]   |     4.933 | SLOW    |     2.579 | FAST    |
A_i[5][2][0]   | C_o[5][0][0]   |     4.488 | SLOW    |     2.336 | FAST    |
A_i[5][2][0]   | C_o[5][0][1]   |     4.723 | SLOW    |     2.330 | FAST    |
A_i[5][2][0]   | C_o[5][0][2]   |     4.865 | SLOW    |     2.326 | FAST    |
A_i[5][2][0]   | C_o[5][0][3]   |     5.041 | SLOW    |     2.439 | FAST    |
A_i[5][2][0]   | C_o[5][1][0]   |     4.488 | SLOW    |     2.336 | FAST    |
A_i[5][2][0]   | C_o[5][1][1]   |     4.723 | SLOW    |     2.330 | FAST    |
A_i[5][2][0]   | C_o[5][1][2]   |     4.865 | SLOW    |     2.326 | FAST    |
A_i[5][2][0]   | C_o[5][1][3]   |     5.041 | SLOW    |     2.439 | FAST    |
A_i[5][2][0]   | C_o[5][2][0]   |     4.488 | SLOW    |     2.336 | FAST    |
A_i[5][2][0]   | C_o[5][2][1]   |     4.723 | SLOW    |     2.330 | FAST    |
A_i[5][2][0]   | C_o[5][2][2]   |     4.865 | SLOW    |     2.326 | FAST    |
A_i[5][2][0]   | C_o[5][2][3]   |     5.041 | SLOW    |     2.439 | FAST    |
A_i[5][2][0]   | C_o[5][3][0]   |     4.488 | SLOW    |     2.336 | FAST    |
A_i[5][2][0]   | C_o[5][3][1]   |     4.723 | SLOW    |     2.330 | FAST    |
A_i[5][2][0]   | C_o[5][3][2]   |     4.865 | SLOW    |     2.326 | FAST    |
A_i[5][2][0]   | C_o[5][3][3]   |     5.041 | SLOW    |     2.439 | FAST    |
A_i[5][2][0]   | C_o[5][4][0]   |     4.488 | SLOW    |     2.336 | FAST    |
A_i[5][2][0]   | C_o[5][4][1]   |     4.723 | SLOW    |     2.330 | FAST    |
A_i[5][2][0]   | C_o[5][4][2]   |     4.865 | SLOW    |     2.326 | FAST    |
A_i[5][2][0]   | C_o[5][4][3]   |     5.041 | SLOW    |     2.439 | FAST    |
A_i[5][2][0]   | C_o[5][5][0]   |     4.488 | SLOW    |     2.336 | FAST    |
A_i[5][2][0]   | C_o[5][5][1]   |     4.723 | SLOW    |     2.330 | FAST    |
A_i[5][2][0]   | C_o[5][5][2]   |     4.865 | SLOW    |     2.326 | FAST    |
A_i[5][2][0]   | C_o[5][5][3]   |     5.041 | SLOW    |     2.439 | FAST    |
A_i[5][2][0]   | C_o[5][6][0]   |     4.488 | SLOW    |     2.336 | FAST    |
A_i[5][2][0]   | C_o[5][6][1]   |     4.723 | SLOW    |     2.330 | FAST    |
A_i[5][2][0]   | C_o[5][6][2]   |     4.865 | SLOW    |     2.326 | FAST    |
A_i[5][2][0]   | C_o[5][6][3]   |     5.041 | SLOW    |     2.439 | FAST    |
A_i[5][2][0]   | C_o[5][7][0]   |     4.488 | SLOW    |     2.336 | FAST    |
A_i[5][2][0]   | C_o[5][7][1]   |     4.723 | SLOW    |     2.330 | FAST    |
A_i[5][2][0]   | C_o[5][7][2]   |     4.865 | SLOW    |     2.326 | FAST    |
A_i[5][2][0]   | C_o[5][7][3]   |     5.041 | SLOW    |     2.439 | FAST    |
A_i[5][2][1]   | C_o[5][0][1]   |     4.698 | SLOW    |     2.448 | FAST    |
A_i[5][2][1]   | C_o[5][0][2]   |     4.889 | SLOW    |     2.452 | FAST    |
A_i[5][2][1]   | C_o[5][0][3]   |     5.007 | SLOW    |     2.450 | FAST    |
A_i[5][2][1]   | C_o[5][1][1]   |     4.729 | SLOW    |     2.468 | FAST    |
A_i[5][2][1]   | C_o[5][1][2]   |     4.889 | SLOW    |     2.472 | FAST    |
A_i[5][2][1]   | C_o[5][1][3]   |     5.038 | SLOW    |     2.452 | FAST    |
A_i[5][2][1]   | C_o[5][2][1]   |     4.698 | SLOW    |     2.448 | FAST    |
A_i[5][2][1]   | C_o[5][2][2]   |     4.889 | SLOW    |     2.452 | FAST    |
A_i[5][2][1]   | C_o[5][2][3]   |     5.007 | SLOW    |     2.450 | FAST    |
A_i[5][2][1]   | C_o[5][3][1]   |     4.729 | SLOW    |     2.468 | FAST    |
A_i[5][2][1]   | C_o[5][3][2]   |     4.889 | SLOW    |     2.472 | FAST    |
A_i[5][2][1]   | C_o[5][3][3]   |     5.038 | SLOW    |     2.452 | FAST    |
A_i[5][2][1]   | C_o[5][4][1]   |     4.698 | SLOW    |     2.448 | FAST    |
A_i[5][2][1]   | C_o[5][4][2]   |     4.889 | SLOW    |     2.452 | FAST    |
A_i[5][2][1]   | C_o[5][4][3]   |     5.007 | SLOW    |     2.450 | FAST    |
A_i[5][2][1]   | C_o[5][5][1]   |     4.729 | SLOW    |     2.468 | FAST    |
A_i[5][2][1]   | C_o[5][5][2]   |     4.889 | SLOW    |     2.472 | FAST    |
A_i[5][2][1]   | C_o[5][5][3]   |     5.038 | SLOW    |     2.452 | FAST    |
A_i[5][2][1]   | C_o[5][6][1]   |     4.698 | SLOW    |     2.448 | FAST    |
A_i[5][2][1]   | C_o[5][6][2]   |     4.889 | SLOW    |     2.452 | FAST    |
A_i[5][2][1]   | C_o[5][6][3]   |     5.007 | SLOW    |     2.450 | FAST    |
A_i[5][2][1]   | C_o[5][7][1]   |     4.729 | SLOW    |     2.468 | FAST    |
A_i[5][2][1]   | C_o[5][7][2]   |     4.889 | SLOW    |     2.472 | FAST    |
A_i[5][2][1]   | C_o[5][7][3]   |     5.038 | SLOW    |     2.452 | FAST    |
A_i[5][2][2]   | C_o[5][0][2]   |     4.850 | SLOW    |     2.535 | FAST    |
A_i[5][2][2]   | C_o[5][0][3]   |     4.895 | SLOW    |     2.437 | FAST    |
A_i[5][2][2]   | C_o[5][1][2]   |     4.850 | SLOW    |     2.535 | FAST    |
A_i[5][2][2]   | C_o[5][1][3]   |     4.895 | SLOW    |     2.437 | FAST    |
A_i[5][2][2]   | C_o[5][2][2]   |     4.850 | SLOW    |     2.535 | FAST    |
A_i[5][2][2]   | C_o[5][2][3]   |     4.895 | SLOW    |     2.437 | FAST    |
A_i[5][2][2]   | C_o[5][3][2]   |     4.850 | SLOW    |     2.535 | FAST    |
A_i[5][2][2]   | C_o[5][3][3]   |     4.895 | SLOW    |     2.437 | FAST    |
A_i[5][2][2]   | C_o[5][4][2]   |     4.850 | SLOW    |     2.535 | FAST    |
A_i[5][2][2]   | C_o[5][4][3]   |     4.895 | SLOW    |     2.437 | FAST    |
A_i[5][2][2]   | C_o[5][5][2]   |     4.850 | SLOW    |     2.535 | FAST    |
A_i[5][2][2]   | C_o[5][5][3]   |     4.895 | SLOW    |     2.437 | FAST    |
A_i[5][2][2]   | C_o[5][6][2]   |     4.850 | SLOW    |     2.535 | FAST    |
A_i[5][2][2]   | C_o[5][6][3]   |     4.895 | SLOW    |     2.437 | FAST    |
A_i[5][2][2]   | C_o[5][7][2]   |     4.850 | SLOW    |     2.535 | FAST    |
A_i[5][2][2]   | C_o[5][7][3]   |     4.895 | SLOW    |     2.437 | FAST    |
A_i[5][2][3]   | C_o[5][0][3]   |     4.844 | SLOW    |     2.532 | FAST    |
A_i[5][2][3]   | C_o[5][1][3]   |     4.844 | SLOW    |     2.532 | FAST    |
A_i[5][2][3]   | C_o[5][2][3]   |     4.844 | SLOW    |     2.532 | FAST    |
A_i[5][2][3]   | C_o[5][3][3]   |     4.844 | SLOW    |     2.532 | FAST    |
A_i[5][2][3]   | C_o[5][4][3]   |     4.844 | SLOW    |     2.532 | FAST    |
A_i[5][2][3]   | C_o[5][5][3]   |     4.844 | SLOW    |     2.532 | FAST    |
A_i[5][2][3]   | C_o[5][6][3]   |     4.844 | SLOW    |     2.532 | FAST    |
A_i[5][2][3]   | C_o[5][7][3]   |     4.844 | SLOW    |     2.532 | FAST    |
A_i[5][3][0]   | C_o[5][0][0]   |     4.483 | SLOW    |     2.328 | FAST    |
A_i[5][3][0]   | C_o[5][0][1]   |     4.718 | SLOW    |     2.338 | FAST    |
A_i[5][3][0]   | C_o[5][0][2]   |     4.897 | SLOW    |     2.334 | FAST    |
A_i[5][3][0]   | C_o[5][0][3]   |     5.036 | SLOW    |     2.446 | FAST    |
A_i[5][3][0]   | C_o[5][1][0]   |     4.483 | SLOW    |     2.328 | FAST    |
A_i[5][3][0]   | C_o[5][1][1]   |     4.723 | SLOW    |     2.338 | FAST    |
A_i[5][3][0]   | C_o[5][1][2]   |     4.897 | SLOW    |     2.334 | FAST    |
A_i[5][3][0]   | C_o[5][1][3]   |     5.036 | SLOW    |     2.452 | FAST    |
A_i[5][3][0]   | C_o[5][2][0]   |     4.483 | SLOW    |     2.328 | FAST    |
A_i[5][3][0]   | C_o[5][2][1]   |     4.718 | SLOW    |     2.338 | FAST    |
A_i[5][3][0]   | C_o[5][2][2]   |     4.897 | SLOW    |     2.334 | FAST    |
A_i[5][3][0]   | C_o[5][2][3]   |     5.036 | SLOW    |     2.446 | FAST    |
A_i[5][3][0]   | C_o[5][3][0]   |     4.483 | SLOW    |     2.328 | FAST    |
A_i[5][3][0]   | C_o[5][3][1]   |     4.723 | SLOW    |     2.338 | FAST    |
A_i[5][3][0]   | C_o[5][3][2]   |     4.897 | SLOW    |     2.334 | FAST    |
A_i[5][3][0]   | C_o[5][3][3]   |     5.036 | SLOW    |     2.452 | FAST    |
A_i[5][3][0]   | C_o[5][4][0]   |     4.483 | SLOW    |     2.328 | FAST    |
A_i[5][3][0]   | C_o[5][4][1]   |     4.718 | SLOW    |     2.338 | FAST    |
A_i[5][3][0]   | C_o[5][4][2]   |     4.897 | SLOW    |     2.334 | FAST    |
A_i[5][3][0]   | C_o[5][4][3]   |     5.036 | SLOW    |     2.446 | FAST    |
A_i[5][3][0]   | C_o[5][5][0]   |     4.483 | SLOW    |     2.328 | FAST    |
A_i[5][3][0]   | C_o[5][5][1]   |     4.723 | SLOW    |     2.338 | FAST    |
A_i[5][3][0]   | C_o[5][5][2]   |     4.897 | SLOW    |     2.334 | FAST    |
A_i[5][3][0]   | C_o[5][5][3]   |     5.036 | SLOW    |     2.452 | FAST    |
A_i[5][3][0]   | C_o[5][6][0]   |     4.483 | SLOW    |     2.328 | FAST    |
A_i[5][3][0]   | C_o[5][6][1]   |     4.718 | SLOW    |     2.338 | FAST    |
A_i[5][3][0]   | C_o[5][6][2]   |     4.897 | SLOW    |     2.334 | FAST    |
A_i[5][3][0]   | C_o[5][6][3]   |     5.036 | SLOW    |     2.446 | FAST    |
A_i[5][3][0]   | C_o[5][7][0]   |     4.483 | SLOW    |     2.328 | FAST    |
A_i[5][3][0]   | C_o[5][7][1]   |     4.723 | SLOW    |     2.338 | FAST    |
A_i[5][3][0]   | C_o[5][7][2]   |     4.897 | SLOW    |     2.334 | FAST    |
A_i[5][3][0]   | C_o[5][7][3]   |     5.036 | SLOW    |     2.452 | FAST    |
A_i[5][3][1]   | C_o[5][0][1]   |     4.698 | SLOW    |     2.448 | FAST    |
A_i[5][3][1]   | C_o[5][0][2]   |     4.862 | SLOW    |     2.452 | FAST    |
A_i[5][3][1]   | C_o[5][0][3]   |     5.007 | SLOW    |     2.439 | FAST    |
A_i[5][3][1]   | C_o[5][1][1]   |     4.729 | SLOW    |     2.468 | FAST    |
A_i[5][3][1]   | C_o[5][1][2]   |     4.862 | SLOW    |     2.472 | FAST    |
A_i[5][3][1]   | C_o[5][1][3]   |     5.038 | SLOW    |     2.439 | FAST    |
A_i[5][3][1]   | C_o[5][2][1]   |     4.698 | SLOW    |     2.448 | FAST    |
A_i[5][3][1]   | C_o[5][2][2]   |     4.862 | SLOW    |     2.452 | FAST    |
A_i[5][3][1]   | C_o[5][2][3]   |     5.007 | SLOW    |     2.439 | FAST    |
A_i[5][3][1]   | C_o[5][3][1]   |     4.729 | SLOW    |     2.468 | FAST    |
A_i[5][3][1]   | C_o[5][3][2]   |     4.862 | SLOW    |     2.472 | FAST    |
A_i[5][3][1]   | C_o[5][3][3]   |     5.038 | SLOW    |     2.439 | FAST    |
A_i[5][3][1]   | C_o[5][4][1]   |     4.698 | SLOW    |     2.448 | FAST    |
A_i[5][3][1]   | C_o[5][4][2]   |     4.862 | SLOW    |     2.452 | FAST    |
A_i[5][3][1]   | C_o[5][4][3]   |     5.007 | SLOW    |     2.439 | FAST    |
A_i[5][3][1]   | C_o[5][5][1]   |     4.729 | SLOW    |     2.468 | FAST    |
A_i[5][3][1]   | C_o[5][5][2]   |     4.862 | SLOW    |     2.472 | FAST    |
A_i[5][3][1]   | C_o[5][5][3]   |     5.038 | SLOW    |     2.439 | FAST    |
A_i[5][3][1]   | C_o[5][6][1]   |     4.698 | SLOW    |     2.448 | FAST    |
A_i[5][3][1]   | C_o[5][6][2]   |     4.862 | SLOW    |     2.452 | FAST    |
A_i[5][3][1]   | C_o[5][6][3]   |     5.007 | SLOW    |     2.439 | FAST    |
A_i[5][3][1]   | C_o[5][7][1]   |     4.729 | SLOW    |     2.468 | FAST    |
A_i[5][3][1]   | C_o[5][7][2]   |     4.862 | SLOW    |     2.472 | FAST    |
A_i[5][3][1]   | C_o[5][7][3]   |     5.038 | SLOW    |     2.439 | FAST    |
A_i[5][3][2]   | C_o[5][0][2]   |     4.845 | SLOW    |     2.527 | FAST    |
A_i[5][3][2]   | C_o[5][0][3]   |     4.952 | SLOW    |     2.425 | FAST    |
A_i[5][3][2]   | C_o[5][1][2]   |     4.845 | SLOW    |     2.527 | FAST    |
A_i[5][3][2]   | C_o[5][1][3]   |     4.952 | SLOW    |     2.425 | FAST    |
A_i[5][3][2]   | C_o[5][2][2]   |     4.845 | SLOW    |     2.527 | FAST    |
A_i[5][3][2]   | C_o[5][2][3]   |     4.952 | SLOW    |     2.425 | FAST    |
A_i[5][3][2]   | C_o[5][3][2]   |     4.845 | SLOW    |     2.527 | FAST    |
A_i[5][3][2]   | C_o[5][3][3]   |     4.952 | SLOW    |     2.425 | FAST    |
A_i[5][3][2]   | C_o[5][4][2]   |     4.845 | SLOW    |     2.527 | FAST    |
A_i[5][3][2]   | C_o[5][4][3]   |     4.952 | SLOW    |     2.425 | FAST    |
A_i[5][3][2]   | C_o[5][5][2]   |     4.845 | SLOW    |     2.527 | FAST    |
A_i[5][3][2]   | C_o[5][5][3]   |     4.952 | SLOW    |     2.425 | FAST    |
A_i[5][3][2]   | C_o[5][6][2]   |     4.845 | SLOW    |     2.527 | FAST    |
A_i[5][3][2]   | C_o[5][6][3]   |     4.952 | SLOW    |     2.425 | FAST    |
A_i[5][3][2]   | C_o[5][7][2]   |     4.845 | SLOW    |     2.527 | FAST    |
A_i[5][3][2]   | C_o[5][7][3]   |     4.952 | SLOW    |     2.425 | FAST    |
A_i[5][3][3]   | C_o[5][0][3]   |     4.844 | SLOW    |     2.532 | FAST    |
A_i[5][3][3]   | C_o[5][1][3]   |     4.844 | SLOW    |     2.532 | FAST    |
A_i[5][3][3]   | C_o[5][2][3]   |     4.844 | SLOW    |     2.532 | FAST    |
A_i[5][3][3]   | C_o[5][3][3]   |     4.844 | SLOW    |     2.532 | FAST    |
A_i[5][3][3]   | C_o[5][4][3]   |     4.844 | SLOW    |     2.532 | FAST    |
A_i[5][3][3]   | C_o[5][5][3]   |     4.844 | SLOW    |     2.532 | FAST    |
A_i[5][3][3]   | C_o[5][6][3]   |     4.844 | SLOW    |     2.532 | FAST    |
A_i[5][3][3]   | C_o[5][7][3]   |     4.844 | SLOW    |     2.532 | FAST    |
A_i[6][0][0]   | C_o[6][0][0]   |     4.285 | SLOW    |     2.215 | FAST    |
A_i[6][0][0]   | C_o[6][0][1]   |     4.691 | SLOW    |     2.344 | FAST    |
A_i[6][0][0]   | C_o[6][0][2]   |     4.707 | SLOW    |     2.344 | FAST    |
A_i[6][0][0]   | C_o[6][0][3]   |     5.004 | SLOW    |     2.324 | FAST    |
A_i[6][0][0]   | C_o[6][1][0]   |     4.285 | SLOW    |     2.215 | FAST    |
A_i[6][0][0]   | C_o[6][1][1]   |     4.713 | SLOW    |     2.344 | FAST    |
A_i[6][0][0]   | C_o[6][1][2]   |     4.729 | SLOW    |     2.344 | FAST    |
A_i[6][0][0]   | C_o[6][1][3]   |     5.022 | SLOW    |     2.324 | FAST    |
A_i[6][0][0]   | C_o[6][2][0]   |     4.285 | SLOW    |     2.215 | FAST    |
A_i[6][0][0]   | C_o[6][2][1]   |     4.691 | SLOW    |     2.344 | FAST    |
A_i[6][0][0]   | C_o[6][2][2]   |     4.707 | SLOW    |     2.344 | FAST    |
A_i[6][0][0]   | C_o[6][2][3]   |     5.004 | SLOW    |     2.324 | FAST    |
A_i[6][0][0]   | C_o[6][3][0]   |     4.285 | SLOW    |     2.215 | FAST    |
A_i[6][0][0]   | C_o[6][3][1]   |     4.713 | SLOW    |     2.344 | FAST    |
A_i[6][0][0]   | C_o[6][3][2]   |     4.729 | SLOW    |     2.344 | FAST    |
A_i[6][0][0]   | C_o[6][3][3]   |     5.022 | SLOW    |     2.324 | FAST    |
A_i[6][0][0]   | C_o[6][4][0]   |     4.285 | SLOW    |     2.215 | FAST    |
A_i[6][0][0]   | C_o[6][4][1]   |     4.691 | SLOW    |     2.344 | FAST    |
A_i[6][0][0]   | C_o[6][4][2]   |     4.707 | SLOW    |     2.344 | FAST    |
A_i[6][0][0]   | C_o[6][4][3]   |     5.004 | SLOW    |     2.324 | FAST    |
A_i[6][0][0]   | C_o[6][5][0]   |     4.285 | SLOW    |     2.215 | FAST    |
A_i[6][0][0]   | C_o[6][5][1]   |     4.713 | SLOW    |     2.344 | FAST    |
A_i[6][0][0]   | C_o[6][5][2]   |     4.729 | SLOW    |     2.344 | FAST    |
A_i[6][0][0]   | C_o[6][5][3]   |     5.022 | SLOW    |     2.324 | FAST    |
A_i[6][0][0]   | C_o[6][6][0]   |     4.285 | SLOW    |     2.215 | FAST    |
A_i[6][0][0]   | C_o[6][6][1]   |     4.691 | SLOW    |     2.344 | FAST    |
A_i[6][0][0]   | C_o[6][6][2]   |     4.707 | SLOW    |     2.344 | FAST    |
A_i[6][0][0]   | C_o[6][6][3]   |     5.004 | SLOW    |     2.324 | FAST    |
A_i[6][0][0]   | C_o[6][7][0]   |     4.285 | SLOW    |     2.215 | FAST    |
A_i[6][0][0]   | C_o[6][7][1]   |     4.713 | SLOW    |     2.344 | FAST    |
A_i[6][0][0]   | C_o[6][7][2]   |     4.729 | SLOW    |     2.344 | FAST    |
A_i[6][0][0]   | C_o[6][7][3]   |     5.022 | SLOW    |     2.324 | FAST    |
A_i[6][0][1]   | C_o[6][0][1]   |     4.688 | SLOW    |     2.439 | FAST    |
A_i[6][0][1]   | C_o[6][0][2]   |     4.704 | SLOW    |     2.388 | FAST    |
A_i[6][0][1]   | C_o[6][0][3]   |     4.997 | SLOW    |     2.337 | FAST    |
A_i[6][0][1]   | C_o[6][1][1]   |     4.719 | SLOW    |     2.459 | FAST    |
A_i[6][0][1]   | C_o[6][1][2]   |     4.735 | SLOW    |     2.388 | FAST    |
A_i[6][0][1]   | C_o[6][1][3]   |     5.028 | SLOW    |     2.337 | FAST    |
A_i[6][0][1]   | C_o[6][2][1]   |     4.688 | SLOW    |     2.439 | FAST    |
A_i[6][0][1]   | C_o[6][2][2]   |     4.704 | SLOW    |     2.388 | FAST    |
A_i[6][0][1]   | C_o[6][2][3]   |     4.997 | SLOW    |     2.337 | FAST    |
A_i[6][0][1]   | C_o[6][3][1]   |     4.719 | SLOW    |     2.459 | FAST    |
A_i[6][0][1]   | C_o[6][3][2]   |     4.735 | SLOW    |     2.388 | FAST    |
A_i[6][0][1]   | C_o[6][3][3]   |     5.028 | SLOW    |     2.337 | FAST    |
A_i[6][0][1]   | C_o[6][4][1]   |     4.688 | SLOW    |     2.439 | FAST    |
A_i[6][0][1]   | C_o[6][4][2]   |     4.704 | SLOW    |     2.388 | FAST    |
A_i[6][0][1]   | C_o[6][4][3]   |     4.997 | SLOW    |     2.337 | FAST    |
A_i[6][0][1]   | C_o[6][5][1]   |     4.719 | SLOW    |     2.459 | FAST    |
A_i[6][0][1]   | C_o[6][5][2]   |     4.735 | SLOW    |     2.388 | FAST    |
A_i[6][0][1]   | C_o[6][5][3]   |     5.028 | SLOW    |     2.337 | FAST    |
A_i[6][0][1]   | C_o[6][6][1]   |     4.688 | SLOW    |     2.439 | FAST    |
A_i[6][0][1]   | C_o[6][6][2]   |     4.704 | SLOW    |     2.388 | FAST    |
A_i[6][0][1]   | C_o[6][6][3]   |     4.997 | SLOW    |     2.337 | FAST    |
A_i[6][0][1]   | C_o[6][7][1]   |     4.719 | SLOW    |     2.459 | FAST    |
A_i[6][0][1]   | C_o[6][7][2]   |     4.735 | SLOW    |     2.388 | FAST    |
A_i[6][0][1]   | C_o[6][7][3]   |     5.028 | SLOW    |     2.337 | FAST    |
A_i[6][0][2]   | C_o[6][0][2]   |     4.557 | SLOW    |     2.373 | FAST    |
A_i[6][0][2]   | C_o[6][0][3]   |     4.984 | SLOW    |     2.322 | FAST    |
A_i[6][0][2]   | C_o[6][1][2]   |     4.557 | SLOW    |     2.373 | FAST    |
A_i[6][0][2]   | C_o[6][1][3]   |     4.984 | SLOW    |     2.322 | FAST    |
A_i[6][0][2]   | C_o[6][2][2]   |     4.557 | SLOW    |     2.373 | FAST    |
A_i[6][0][2]   | C_o[6][2][3]   |     4.984 | SLOW    |     2.322 | FAST    |
A_i[6][0][2]   | C_o[6][3][2]   |     4.557 | SLOW    |     2.373 | FAST    |
A_i[6][0][2]   | C_o[6][3][3]   |     4.984 | SLOW    |     2.322 | FAST    |
A_i[6][0][2]   | C_o[6][4][2]   |     4.557 | SLOW    |     2.373 | FAST    |
A_i[6][0][2]   | C_o[6][4][3]   |     4.984 | SLOW    |     2.322 | FAST    |
A_i[6][0][2]   | C_o[6][5][2]   |     4.557 | SLOW    |     2.373 | FAST    |
A_i[6][0][2]   | C_o[6][5][3]   |     4.984 | SLOW    |     2.322 | FAST    |
A_i[6][0][2]   | C_o[6][6][2]   |     4.557 | SLOW    |     2.373 | FAST    |
A_i[6][0][2]   | C_o[6][6][3]   |     4.984 | SLOW    |     2.322 | FAST    |
A_i[6][0][2]   | C_o[6][7][2]   |     4.557 | SLOW    |     2.373 | FAST    |
A_i[6][0][2]   | C_o[6][7][3]   |     4.984 | SLOW    |     2.322 | FAST    |
A_i[6][0][3]   | C_o[6][0][3]   |     4.846 | SLOW    |     2.528 | FAST    |
A_i[6][0][3]   | C_o[6][1][3]   |     4.846 | SLOW    |     2.528 | FAST    |
A_i[6][0][3]   | C_o[6][2][3]   |     4.846 | SLOW    |     2.528 | FAST    |
A_i[6][0][3]   | C_o[6][3][3]   |     4.846 | SLOW    |     2.528 | FAST    |
A_i[6][0][3]   | C_o[6][4][3]   |     4.846 | SLOW    |     2.528 | FAST    |
A_i[6][0][3]   | C_o[6][5][3]   |     4.846 | SLOW    |     2.528 | FAST    |
A_i[6][0][3]   | C_o[6][6][3]   |     4.846 | SLOW    |     2.528 | FAST    |
A_i[6][0][3]   | C_o[6][7][3]   |     4.846 | SLOW    |     2.528 | FAST    |
A_i[6][1][0]   | C_o[6][0][0]   |     4.483 | SLOW    |     2.328 | FAST    |
A_i[6][1][0]   | C_o[6][0][1]   |     4.718 | SLOW    |     2.347 | FAST    |
A_i[6][1][0]   | C_o[6][0][2]   |     4.782 | SLOW    |     2.343 | FAST    |
A_i[6][1][0]   | C_o[6][0][3]   |     5.036 | SLOW    |     2.439 | FAST    |
A_i[6][1][0]   | C_o[6][1][0]   |     4.483 | SLOW    |     2.328 | FAST    |
A_i[6][1][0]   | C_o[6][1][1]   |     4.725 | SLOW    |     2.347 | FAST    |
A_i[6][1][0]   | C_o[6][1][2]   |     4.804 | SLOW    |     2.343 | FAST    |
A_i[6][1][0]   | C_o[6][1][3]   |     5.036 | SLOW    |     2.439 | FAST    |
A_i[6][1][0]   | C_o[6][2][0]   |     4.483 | SLOW    |     2.328 | FAST    |
A_i[6][1][0]   | C_o[6][2][1]   |     4.718 | SLOW    |     2.347 | FAST    |
A_i[6][1][0]   | C_o[6][2][2]   |     4.782 | SLOW    |     2.343 | FAST    |
A_i[6][1][0]   | C_o[6][2][3]   |     5.036 | SLOW    |     2.439 | FAST    |
A_i[6][1][0]   | C_o[6][3][0]   |     4.483 | SLOW    |     2.328 | FAST    |
A_i[6][1][0]   | C_o[6][3][1]   |     4.725 | SLOW    |     2.347 | FAST    |
A_i[6][1][0]   | C_o[6][3][2]   |     4.804 | SLOW    |     2.343 | FAST    |
A_i[6][1][0]   | C_o[6][3][3]   |     5.036 | SLOW    |     2.439 | FAST    |
A_i[6][1][0]   | C_o[6][4][0]   |     4.483 | SLOW    |     2.328 | FAST    |
A_i[6][1][0]   | C_o[6][4][1]   |     4.718 | SLOW    |     2.347 | FAST    |
A_i[6][1][0]   | C_o[6][4][2]   |     4.782 | SLOW    |     2.343 | FAST    |
A_i[6][1][0]   | C_o[6][4][3]   |     5.036 | SLOW    |     2.439 | FAST    |
A_i[6][1][0]   | C_o[6][5][0]   |     4.483 | SLOW    |     2.328 | FAST    |
A_i[6][1][0]   | C_o[6][5][1]   |     4.725 | SLOW    |     2.347 | FAST    |
A_i[6][1][0]   | C_o[6][5][2]   |     4.804 | SLOW    |     2.343 | FAST    |
A_i[6][1][0]   | C_o[6][5][3]   |     5.036 | SLOW    |     2.439 | FAST    |
A_i[6][1][0]   | C_o[6][6][0]   |     4.483 | SLOW    |     2.328 | FAST    |
A_i[6][1][0]   | C_o[6][6][1]   |     4.718 | SLOW    |     2.347 | FAST    |
A_i[6][1][0]   | C_o[6][6][2]   |     4.782 | SLOW    |     2.343 | FAST    |
A_i[6][1][0]   | C_o[6][6][3]   |     5.036 | SLOW    |     2.439 | FAST    |
A_i[6][1][0]   | C_o[6][7][0]   |     4.483 | SLOW    |     2.328 | FAST    |
A_i[6][1][0]   | C_o[6][7][1]   |     4.725 | SLOW    |     2.347 | FAST    |
A_i[6][1][0]   | C_o[6][7][2]   |     4.804 | SLOW    |     2.343 | FAST    |
A_i[6][1][0]   | C_o[6][7][3]   |     5.036 | SLOW    |     2.439 | FAST    |
A_i[6][1][1]   | C_o[6][0][1]   |     4.700 | SLOW    |     2.444 | FAST    |
A_i[6][1][1]   | C_o[6][0][2]   |     4.802 | SLOW    |     2.448 | FAST    |
A_i[6][1][1]   | C_o[6][0][3]   |     5.009 | SLOW    |     2.446 | FAST    |
A_i[6][1][1]   | C_o[6][1][1]   |     4.731 | SLOW    |     2.464 | FAST    |
A_i[6][1][1]   | C_o[6][1][2]   |     4.810 | SLOW    |     2.468 | FAST    |
A_i[6][1][1]   | C_o[6][1][3]   |     5.040 | SLOW    |     2.452 | FAST    |
A_i[6][1][1]   | C_o[6][2][1]   |     4.700 | SLOW    |     2.444 | FAST    |
A_i[6][1][1]   | C_o[6][2][2]   |     4.802 | SLOW    |     2.448 | FAST    |
A_i[6][1][1]   | C_o[6][2][3]   |     5.009 | SLOW    |     2.446 | FAST    |
A_i[6][1][1]   | C_o[6][3][1]   |     4.731 | SLOW    |     2.464 | FAST    |
A_i[6][1][1]   | C_o[6][3][2]   |     4.810 | SLOW    |     2.468 | FAST    |
A_i[6][1][1]   | C_o[6][3][3]   |     5.040 | SLOW    |     2.452 | FAST    |
A_i[6][1][1]   | C_o[6][4][1]   |     4.700 | SLOW    |     2.444 | FAST    |
A_i[6][1][1]   | C_o[6][4][2]   |     4.802 | SLOW    |     2.448 | FAST    |
A_i[6][1][1]   | C_o[6][4][3]   |     5.009 | SLOW    |     2.446 | FAST    |
A_i[6][1][1]   | C_o[6][5][1]   |     4.731 | SLOW    |     2.464 | FAST    |
A_i[6][1][1]   | C_o[6][5][2]   |     4.810 | SLOW    |     2.468 | FAST    |
A_i[6][1][1]   | C_o[6][5][3]   |     5.040 | SLOW    |     2.452 | FAST    |
A_i[6][1][1]   | C_o[6][6][1]   |     4.700 | SLOW    |     2.444 | FAST    |
A_i[6][1][1]   | C_o[6][6][2]   |     4.802 | SLOW    |     2.448 | FAST    |
A_i[6][1][1]   | C_o[6][6][3]   |     5.009 | SLOW    |     2.446 | FAST    |
A_i[6][1][1]   | C_o[6][7][1]   |     4.731 | SLOW    |     2.464 | FAST    |
A_i[6][1][1]   | C_o[6][7][2]   |     4.810 | SLOW    |     2.468 | FAST    |
A_i[6][1][1]   | C_o[6][7][3]   |     5.040 | SLOW    |     2.452 | FAST    |
A_i[6][1][2]   | C_o[6][0][2]   |     4.763 | SLOW    |     2.484 | FAST    |
A_i[6][1][2]   | C_o[6][0][3]   |     4.897 | SLOW    |     2.437 | FAST    |
A_i[6][1][2]   | C_o[6][1][2]   |     4.763 | SLOW    |     2.484 | FAST    |
A_i[6][1][2]   | C_o[6][1][3]   |     4.897 | SLOW    |     2.437 | FAST    |
A_i[6][1][2]   | C_o[6][2][2]   |     4.763 | SLOW    |     2.484 | FAST    |
A_i[6][1][2]   | C_o[6][2][3]   |     4.897 | SLOW    |     2.437 | FAST    |
A_i[6][1][2]   | C_o[6][3][2]   |     4.763 | SLOW    |     2.484 | FAST    |
A_i[6][1][2]   | C_o[6][3][3]   |     4.897 | SLOW    |     2.437 | FAST    |
A_i[6][1][2]   | C_o[6][4][2]   |     4.763 | SLOW    |     2.484 | FAST    |
A_i[6][1][2]   | C_o[6][4][3]   |     4.897 | SLOW    |     2.437 | FAST    |
A_i[6][1][2]   | C_o[6][5][2]   |     4.763 | SLOW    |     2.484 | FAST    |
A_i[6][1][2]   | C_o[6][5][3]   |     4.897 | SLOW    |     2.437 | FAST    |
A_i[6][1][2]   | C_o[6][6][2]   |     4.763 | SLOW    |     2.484 | FAST    |
A_i[6][1][2]   | C_o[6][6][3]   |     4.897 | SLOW    |     2.437 | FAST    |
A_i[6][1][2]   | C_o[6][7][2]   |     4.763 | SLOW    |     2.484 | FAST    |
A_i[6][1][2]   | C_o[6][7][3]   |     4.897 | SLOW    |     2.437 | FAST    |
A_i[6][1][3]   | C_o[6][0][3]   |     4.933 | SLOW    |     2.579 | FAST    |
A_i[6][1][3]   | C_o[6][1][3]   |     4.933 | SLOW    |     2.579 | FAST    |
A_i[6][1][3]   | C_o[6][2][3]   |     4.933 | SLOW    |     2.579 | FAST    |
A_i[6][1][3]   | C_o[6][3][3]   |     4.933 | SLOW    |     2.579 | FAST    |
A_i[6][1][3]   | C_o[6][4][3]   |     4.933 | SLOW    |     2.579 | FAST    |
A_i[6][1][3]   | C_o[6][5][3]   |     4.933 | SLOW    |     2.579 | FAST    |
A_i[6][1][3]   | C_o[6][6][3]   |     4.933 | SLOW    |     2.579 | FAST    |
A_i[6][1][3]   | C_o[6][7][3]   |     4.933 | SLOW    |     2.579 | FAST    |
A_i[6][2][0]   | C_o[6][0][0]   |     4.488 | SLOW    |     2.336 | FAST    |
A_i[6][2][0]   | C_o[6][0][1]   |     4.723 | SLOW    |     2.330 | FAST    |
A_i[6][2][0]   | C_o[6][0][2]   |     4.865 | SLOW    |     2.326 | FAST    |
A_i[6][2][0]   | C_o[6][0][3]   |     5.041 | SLOW    |     2.439 | FAST    |
A_i[6][2][0]   | C_o[6][1][0]   |     4.488 | SLOW    |     2.336 | FAST    |
A_i[6][2][0]   | C_o[6][1][1]   |     4.723 | SLOW    |     2.330 | FAST    |
A_i[6][2][0]   | C_o[6][1][2]   |     4.865 | SLOW    |     2.326 | FAST    |
A_i[6][2][0]   | C_o[6][1][3]   |     5.041 | SLOW    |     2.439 | FAST    |
A_i[6][2][0]   | C_o[6][2][0]   |     4.488 | SLOW    |     2.336 | FAST    |
A_i[6][2][0]   | C_o[6][2][1]   |     4.723 | SLOW    |     2.330 | FAST    |
A_i[6][2][0]   | C_o[6][2][2]   |     4.865 | SLOW    |     2.326 | FAST    |
A_i[6][2][0]   | C_o[6][2][3]   |     5.041 | SLOW    |     2.439 | FAST    |
A_i[6][2][0]   | C_o[6][3][0]   |     4.488 | SLOW    |     2.336 | FAST    |
A_i[6][2][0]   | C_o[6][3][1]   |     4.723 | SLOW    |     2.330 | FAST    |
A_i[6][2][0]   | C_o[6][3][2]   |     4.865 | SLOW    |     2.326 | FAST    |
A_i[6][2][0]   | C_o[6][3][3]   |     5.041 | SLOW    |     2.439 | FAST    |
A_i[6][2][0]   | C_o[6][4][0]   |     4.488 | SLOW    |     2.336 | FAST    |
A_i[6][2][0]   | C_o[6][4][1]   |     4.723 | SLOW    |     2.330 | FAST    |
A_i[6][2][0]   | C_o[6][4][2]   |     4.865 | SLOW    |     2.326 | FAST    |
A_i[6][2][0]   | C_o[6][4][3]   |     5.041 | SLOW    |     2.439 | FAST    |
A_i[6][2][0]   | C_o[6][5][0]   |     4.488 | SLOW    |     2.336 | FAST    |
A_i[6][2][0]   | C_o[6][5][1]   |     4.723 | SLOW    |     2.330 | FAST    |
A_i[6][2][0]   | C_o[6][5][2]   |     4.865 | SLOW    |     2.326 | FAST    |
A_i[6][2][0]   | C_o[6][5][3]   |     5.041 | SLOW    |     2.439 | FAST    |
A_i[6][2][0]   | C_o[6][6][0]   |     4.488 | SLOW    |     2.336 | FAST    |
A_i[6][2][0]   | C_o[6][6][1]   |     4.723 | SLOW    |     2.330 | FAST    |
A_i[6][2][0]   | C_o[6][6][2]   |     4.865 | SLOW    |     2.326 | FAST    |
A_i[6][2][0]   | C_o[6][6][3]   |     5.041 | SLOW    |     2.439 | FAST    |
A_i[6][2][0]   | C_o[6][7][0]   |     4.488 | SLOW    |     2.336 | FAST    |
A_i[6][2][0]   | C_o[6][7][1]   |     4.723 | SLOW    |     2.330 | FAST    |
A_i[6][2][0]   | C_o[6][7][2]   |     4.865 | SLOW    |     2.326 | FAST    |
A_i[6][2][0]   | C_o[6][7][3]   |     5.041 | SLOW    |     2.439 | FAST    |
A_i[6][2][1]   | C_o[6][0][1]   |     4.698 | SLOW    |     2.448 | FAST    |
A_i[6][2][1]   | C_o[6][0][2]   |     4.889 | SLOW    |     2.452 | FAST    |
A_i[6][2][1]   | C_o[6][0][3]   |     5.007 | SLOW    |     2.450 | FAST    |
A_i[6][2][1]   | C_o[6][1][1]   |     4.729 | SLOW    |     2.468 | FAST    |
A_i[6][2][1]   | C_o[6][1][2]   |     4.889 | SLOW    |     2.472 | FAST    |
A_i[6][2][1]   | C_o[6][1][3]   |     5.038 | SLOW    |     2.452 | FAST    |
A_i[6][2][1]   | C_o[6][2][1]   |     4.698 | SLOW    |     2.448 | FAST    |
A_i[6][2][1]   | C_o[6][2][2]   |     4.889 | SLOW    |     2.452 | FAST    |
A_i[6][2][1]   | C_o[6][2][3]   |     5.007 | SLOW    |     2.450 | FAST    |
A_i[6][2][1]   | C_o[6][3][1]   |     4.729 | SLOW    |     2.468 | FAST    |
A_i[6][2][1]   | C_o[6][3][2]   |     4.889 | SLOW    |     2.472 | FAST    |
A_i[6][2][1]   | C_o[6][3][3]   |     5.038 | SLOW    |     2.452 | FAST    |
A_i[6][2][1]   | C_o[6][4][1]   |     4.698 | SLOW    |     2.448 | FAST    |
A_i[6][2][1]   | C_o[6][4][2]   |     4.889 | SLOW    |     2.452 | FAST    |
A_i[6][2][1]   | C_o[6][4][3]   |     5.007 | SLOW    |     2.450 | FAST    |
A_i[6][2][1]   | C_o[6][5][1]   |     4.729 | SLOW    |     2.468 | FAST    |
A_i[6][2][1]   | C_o[6][5][2]   |     4.889 | SLOW    |     2.472 | FAST    |
A_i[6][2][1]   | C_o[6][5][3]   |     5.038 | SLOW    |     2.452 | FAST    |
A_i[6][2][1]   | C_o[6][6][1]   |     4.698 | SLOW    |     2.448 | FAST    |
A_i[6][2][1]   | C_o[6][6][2]   |     4.889 | SLOW    |     2.452 | FAST    |
A_i[6][2][1]   | C_o[6][6][3]   |     5.007 | SLOW    |     2.450 | FAST    |
A_i[6][2][1]   | C_o[6][7][1]   |     4.729 | SLOW    |     2.468 | FAST    |
A_i[6][2][1]   | C_o[6][7][2]   |     4.889 | SLOW    |     2.472 | FAST    |
A_i[6][2][1]   | C_o[6][7][3]   |     5.038 | SLOW    |     2.452 | FAST    |
A_i[6][2][2]   | C_o[6][0][2]   |     4.850 | SLOW    |     2.535 | FAST    |
A_i[6][2][2]   | C_o[6][0][3]   |     4.895 | SLOW    |     2.437 | FAST    |
A_i[6][2][2]   | C_o[6][1][2]   |     4.850 | SLOW    |     2.535 | FAST    |
A_i[6][2][2]   | C_o[6][1][3]   |     4.895 | SLOW    |     2.437 | FAST    |
A_i[6][2][2]   | C_o[6][2][2]   |     4.850 | SLOW    |     2.535 | FAST    |
A_i[6][2][2]   | C_o[6][2][3]   |     4.895 | SLOW    |     2.437 | FAST    |
A_i[6][2][2]   | C_o[6][3][2]   |     4.850 | SLOW    |     2.535 | FAST    |
A_i[6][2][2]   | C_o[6][3][3]   |     4.895 | SLOW    |     2.437 | FAST    |
A_i[6][2][2]   | C_o[6][4][2]   |     4.850 | SLOW    |     2.535 | FAST    |
A_i[6][2][2]   | C_o[6][4][3]   |     4.895 | SLOW    |     2.437 | FAST    |
A_i[6][2][2]   | C_o[6][5][2]   |     4.850 | SLOW    |     2.535 | FAST    |
A_i[6][2][2]   | C_o[6][5][3]   |     4.895 | SLOW    |     2.437 | FAST    |
A_i[6][2][2]   | C_o[6][6][2]   |     4.850 | SLOW    |     2.535 | FAST    |
A_i[6][2][2]   | C_o[6][6][3]   |     4.895 | SLOW    |     2.437 | FAST    |
A_i[6][2][2]   | C_o[6][7][2]   |     4.850 | SLOW    |     2.535 | FAST    |
A_i[6][2][2]   | C_o[6][7][3]   |     4.895 | SLOW    |     2.437 | FAST    |
A_i[6][2][3]   | C_o[6][0][3]   |     4.844 | SLOW    |     2.532 | FAST    |
A_i[6][2][3]   | C_o[6][1][3]   |     4.844 | SLOW    |     2.532 | FAST    |
A_i[6][2][3]   | C_o[6][2][3]   |     4.844 | SLOW    |     2.532 | FAST    |
A_i[6][2][3]   | C_o[6][3][3]   |     4.844 | SLOW    |     2.532 | FAST    |
A_i[6][2][3]   | C_o[6][4][3]   |     4.844 | SLOW    |     2.532 | FAST    |
A_i[6][2][3]   | C_o[6][5][3]   |     4.844 | SLOW    |     2.532 | FAST    |
A_i[6][2][3]   | C_o[6][6][3]   |     4.844 | SLOW    |     2.532 | FAST    |
A_i[6][2][3]   | C_o[6][7][3]   |     4.844 | SLOW    |     2.532 | FAST    |
A_i[6][3][0]   | C_o[6][0][0]   |     4.483 | SLOW    |     2.328 | FAST    |
A_i[6][3][0]   | C_o[6][0][1]   |     4.718 | SLOW    |     2.338 | FAST    |
A_i[6][3][0]   | C_o[6][0][2]   |     4.897 | SLOW    |     2.334 | FAST    |
A_i[6][3][0]   | C_o[6][0][3]   |     5.036 | SLOW    |     2.446 | FAST    |
A_i[6][3][0]   | C_o[6][1][0]   |     4.483 | SLOW    |     2.328 | FAST    |
A_i[6][3][0]   | C_o[6][1][1]   |     4.723 | SLOW    |     2.338 | FAST    |
A_i[6][3][0]   | C_o[6][1][2]   |     4.897 | SLOW    |     2.334 | FAST    |
A_i[6][3][0]   | C_o[6][1][3]   |     5.036 | SLOW    |     2.452 | FAST    |
A_i[6][3][0]   | C_o[6][2][0]   |     4.483 | SLOW    |     2.328 | FAST    |
A_i[6][3][0]   | C_o[6][2][1]   |     4.718 | SLOW    |     2.338 | FAST    |
A_i[6][3][0]   | C_o[6][2][2]   |     4.897 | SLOW    |     2.334 | FAST    |
A_i[6][3][0]   | C_o[6][2][3]   |     5.036 | SLOW    |     2.446 | FAST    |
A_i[6][3][0]   | C_o[6][3][0]   |     4.483 | SLOW    |     2.328 | FAST    |
A_i[6][3][0]   | C_o[6][3][1]   |     4.723 | SLOW    |     2.338 | FAST    |
A_i[6][3][0]   | C_o[6][3][2]   |     4.897 | SLOW    |     2.334 | FAST    |
A_i[6][3][0]   | C_o[6][3][3]   |     5.036 | SLOW    |     2.452 | FAST    |
A_i[6][3][0]   | C_o[6][4][0]   |     4.483 | SLOW    |     2.328 | FAST    |
A_i[6][3][0]   | C_o[6][4][1]   |     4.718 | SLOW    |     2.338 | FAST    |
A_i[6][3][0]   | C_o[6][4][2]   |     4.897 | SLOW    |     2.334 | FAST    |
A_i[6][3][0]   | C_o[6][4][3]   |     5.036 | SLOW    |     2.446 | FAST    |
A_i[6][3][0]   | C_o[6][5][0]   |     4.483 | SLOW    |     2.328 | FAST    |
A_i[6][3][0]   | C_o[6][5][1]   |     4.723 | SLOW    |     2.338 | FAST    |
A_i[6][3][0]   | C_o[6][5][2]   |     4.897 | SLOW    |     2.334 | FAST    |
A_i[6][3][0]   | C_o[6][5][3]   |     5.036 | SLOW    |     2.452 | FAST    |
A_i[6][3][0]   | C_o[6][6][0]   |     4.483 | SLOW    |     2.328 | FAST    |
A_i[6][3][0]   | C_o[6][6][1]   |     4.718 | SLOW    |     2.338 | FAST    |
A_i[6][3][0]   | C_o[6][6][2]   |     4.897 | SLOW    |     2.334 | FAST    |
A_i[6][3][0]   | C_o[6][6][3]   |     5.036 | SLOW    |     2.446 | FAST    |
A_i[6][3][0]   | C_o[6][7][0]   |     4.483 | SLOW    |     2.328 | FAST    |
A_i[6][3][0]   | C_o[6][7][1]   |     4.723 | SLOW    |     2.338 | FAST    |
A_i[6][3][0]   | C_o[6][7][2]   |     4.897 | SLOW    |     2.334 | FAST    |
A_i[6][3][0]   | C_o[6][7][3]   |     5.036 | SLOW    |     2.452 | FAST    |
A_i[6][3][1]   | C_o[6][0][1]   |     4.698 | SLOW    |     2.448 | FAST    |
A_i[6][3][1]   | C_o[6][0][2]   |     4.862 | SLOW    |     2.452 | FAST    |
A_i[6][3][1]   | C_o[6][0][3]   |     5.007 | SLOW    |     2.439 | FAST    |
A_i[6][3][1]   | C_o[6][1][1]   |     4.729 | SLOW    |     2.468 | FAST    |
A_i[6][3][1]   | C_o[6][1][2]   |     4.862 | SLOW    |     2.472 | FAST    |
A_i[6][3][1]   | C_o[6][1][3]   |     5.038 | SLOW    |     2.439 | FAST    |
A_i[6][3][1]   | C_o[6][2][1]   |     4.698 | SLOW    |     2.448 | FAST    |
A_i[6][3][1]   | C_o[6][2][2]   |     4.862 | SLOW    |     2.452 | FAST    |
A_i[6][3][1]   | C_o[6][2][3]   |     5.007 | SLOW    |     2.439 | FAST    |
A_i[6][3][1]   | C_o[6][3][1]   |     4.729 | SLOW    |     2.468 | FAST    |
A_i[6][3][1]   | C_o[6][3][2]   |     4.862 | SLOW    |     2.472 | FAST    |
A_i[6][3][1]   | C_o[6][3][3]   |     5.038 | SLOW    |     2.439 | FAST    |
A_i[6][3][1]   | C_o[6][4][1]   |     4.698 | SLOW    |     2.448 | FAST    |
A_i[6][3][1]   | C_o[6][4][2]   |     4.862 | SLOW    |     2.452 | FAST    |
A_i[6][3][1]   | C_o[6][4][3]   |     5.007 | SLOW    |     2.439 | FAST    |
A_i[6][3][1]   | C_o[6][5][1]   |     4.729 | SLOW    |     2.468 | FAST    |
A_i[6][3][1]   | C_o[6][5][2]   |     4.862 | SLOW    |     2.472 | FAST    |
A_i[6][3][1]   | C_o[6][5][3]   |     5.038 | SLOW    |     2.439 | FAST    |
A_i[6][3][1]   | C_o[6][6][1]   |     4.698 | SLOW    |     2.448 | FAST    |
A_i[6][3][1]   | C_o[6][6][2]   |     4.862 | SLOW    |     2.452 | FAST    |
A_i[6][3][1]   | C_o[6][6][3]   |     5.007 | SLOW    |     2.439 | FAST    |
A_i[6][3][1]   | C_o[6][7][1]   |     4.729 | SLOW    |     2.468 | FAST    |
A_i[6][3][1]   | C_o[6][7][2]   |     4.862 | SLOW    |     2.472 | FAST    |
A_i[6][3][1]   | C_o[6][7][3]   |     5.038 | SLOW    |     2.439 | FAST    |
A_i[6][3][2]   | C_o[6][0][2]   |     4.845 | SLOW    |     2.527 | FAST    |
A_i[6][3][2]   | C_o[6][0][3]   |     4.952 | SLOW    |     2.425 | FAST    |
A_i[6][3][2]   | C_o[6][1][2]   |     4.845 | SLOW    |     2.527 | FAST    |
A_i[6][3][2]   | C_o[6][1][3]   |     4.952 | SLOW    |     2.425 | FAST    |
A_i[6][3][2]   | C_o[6][2][2]   |     4.845 | SLOW    |     2.527 | FAST    |
A_i[6][3][2]   | C_o[6][2][3]   |     4.952 | SLOW    |     2.425 | FAST    |
A_i[6][3][2]   | C_o[6][3][2]   |     4.845 | SLOW    |     2.527 | FAST    |
A_i[6][3][2]   | C_o[6][3][3]   |     4.952 | SLOW    |     2.425 | FAST    |
A_i[6][3][2]   | C_o[6][4][2]   |     4.845 | SLOW    |     2.527 | FAST    |
A_i[6][3][2]   | C_o[6][4][3]   |     4.952 | SLOW    |     2.425 | FAST    |
A_i[6][3][2]   | C_o[6][5][2]   |     4.845 | SLOW    |     2.527 | FAST    |
A_i[6][3][2]   | C_o[6][5][3]   |     4.952 | SLOW    |     2.425 | FAST    |
A_i[6][3][2]   | C_o[6][6][2]   |     4.845 | SLOW    |     2.527 | FAST    |
A_i[6][3][2]   | C_o[6][6][3]   |     4.952 | SLOW    |     2.425 | FAST    |
A_i[6][3][2]   | C_o[6][7][2]   |     4.845 | SLOW    |     2.527 | FAST    |
A_i[6][3][2]   | C_o[6][7][3]   |     4.952 | SLOW    |     2.425 | FAST    |
A_i[6][3][3]   | C_o[6][0][3]   |     4.844 | SLOW    |     2.532 | FAST    |
A_i[6][3][3]   | C_o[6][1][3]   |     4.844 | SLOW    |     2.532 | FAST    |
A_i[6][3][3]   | C_o[6][2][3]   |     4.844 | SLOW    |     2.532 | FAST    |
A_i[6][3][3]   | C_o[6][3][3]   |     4.844 | SLOW    |     2.532 | FAST    |
A_i[6][3][3]   | C_o[6][4][3]   |     4.844 | SLOW    |     2.532 | FAST    |
A_i[6][3][3]   | C_o[6][5][3]   |     4.844 | SLOW    |     2.532 | FAST    |
A_i[6][3][3]   | C_o[6][6][3]   |     4.844 | SLOW    |     2.532 | FAST    |
A_i[6][3][3]   | C_o[6][7][3]   |     4.844 | SLOW    |     2.532 | FAST    |
A_i[7][0][0]   | C_o[7][0][0]   |     4.285 | SLOW    |     2.215 | FAST    |
A_i[7][0][0]   | C_o[7][0][1]   |     4.691 | SLOW    |     2.344 | FAST    |
A_i[7][0][0]   | C_o[7][0][2]   |     4.707 | SLOW    |     2.344 | FAST    |
A_i[7][0][0]   | C_o[7][0][3]   |     5.004 | SLOW    |     2.324 | FAST    |
A_i[7][0][0]   | C_o[7][1][0]   |     4.285 | SLOW    |     2.215 | FAST    |
A_i[7][0][0]   | C_o[7][1][1]   |     4.713 | SLOW    |     2.344 | FAST    |
A_i[7][0][0]   | C_o[7][1][2]   |     4.729 | SLOW    |     2.344 | FAST    |
A_i[7][0][0]   | C_o[7][1][3]   |     5.022 | SLOW    |     2.324 | FAST    |
A_i[7][0][0]   | C_o[7][2][0]   |     4.285 | SLOW    |     2.215 | FAST    |
A_i[7][0][0]   | C_o[7][2][1]   |     4.691 | SLOW    |     2.344 | FAST    |
A_i[7][0][0]   | C_o[7][2][2]   |     4.707 | SLOW    |     2.344 | FAST    |
A_i[7][0][0]   | C_o[7][2][3]   |     5.004 | SLOW    |     2.324 | FAST    |
A_i[7][0][0]   | C_o[7][3][0]   |     4.285 | SLOW    |     2.215 | FAST    |
A_i[7][0][0]   | C_o[7][3][1]   |     4.713 | SLOW    |     2.344 | FAST    |
A_i[7][0][0]   | C_o[7][3][2]   |     4.729 | SLOW    |     2.344 | FAST    |
A_i[7][0][0]   | C_o[7][3][3]   |     5.022 | SLOW    |     2.324 | FAST    |
A_i[7][0][0]   | C_o[7][4][0]   |     4.285 | SLOW    |     2.215 | FAST    |
A_i[7][0][0]   | C_o[7][4][1]   |     4.691 | SLOW    |     2.344 | FAST    |
A_i[7][0][0]   | C_o[7][4][2]   |     4.707 | SLOW    |     2.344 | FAST    |
A_i[7][0][0]   | C_o[7][4][3]   |     5.004 | SLOW    |     2.324 | FAST    |
A_i[7][0][0]   | C_o[7][5][0]   |     4.285 | SLOW    |     2.215 | FAST    |
A_i[7][0][0]   | C_o[7][5][1]   |     4.713 | SLOW    |     2.344 | FAST    |
A_i[7][0][0]   | C_o[7][5][2]   |     4.729 | SLOW    |     2.344 | FAST    |
A_i[7][0][0]   | C_o[7][5][3]   |     5.022 | SLOW    |     2.324 | FAST    |
A_i[7][0][0]   | C_o[7][6][0]   |     4.285 | SLOW    |     2.215 | FAST    |
A_i[7][0][0]   | C_o[7][6][1]   |     4.691 | SLOW    |     2.344 | FAST    |
A_i[7][0][0]   | C_o[7][6][2]   |     4.707 | SLOW    |     2.344 | FAST    |
A_i[7][0][0]   | C_o[7][6][3]   |     5.004 | SLOW    |     2.324 | FAST    |
A_i[7][0][0]   | C_o[7][7][0]   |     4.285 | SLOW    |     2.215 | FAST    |
A_i[7][0][0]   | C_o[7][7][1]   |     4.713 | SLOW    |     2.344 | FAST    |
A_i[7][0][0]   | C_o[7][7][2]   |     4.729 | SLOW    |     2.344 | FAST    |
A_i[7][0][0]   | C_o[7][7][3]   |     5.022 | SLOW    |     2.324 | FAST    |
A_i[7][0][1]   | C_o[7][0][1]   |     4.688 | SLOW    |     2.439 | FAST    |
A_i[7][0][1]   | C_o[7][0][2]   |     4.704 | SLOW    |     2.388 | FAST    |
A_i[7][0][1]   | C_o[7][0][3]   |     4.997 | SLOW    |     2.337 | FAST    |
A_i[7][0][1]   | C_o[7][1][1]   |     4.719 | SLOW    |     2.459 | FAST    |
A_i[7][0][1]   | C_o[7][1][2]   |     4.735 | SLOW    |     2.388 | FAST    |
A_i[7][0][1]   | C_o[7][1][3]   |     5.028 | SLOW    |     2.337 | FAST    |
A_i[7][0][1]   | C_o[7][2][1]   |     4.688 | SLOW    |     2.439 | FAST    |
A_i[7][0][1]   | C_o[7][2][2]   |     4.704 | SLOW    |     2.388 | FAST    |
A_i[7][0][1]   | C_o[7][2][3]   |     4.997 | SLOW    |     2.337 | FAST    |
A_i[7][0][1]   | C_o[7][3][1]   |     4.719 | SLOW    |     2.459 | FAST    |
A_i[7][0][1]   | C_o[7][3][2]   |     4.735 | SLOW    |     2.388 | FAST    |
A_i[7][0][1]   | C_o[7][3][3]   |     5.028 | SLOW    |     2.337 | FAST    |
A_i[7][0][1]   | C_o[7][4][1]   |     4.688 | SLOW    |     2.439 | FAST    |
A_i[7][0][1]   | C_o[7][4][2]   |     4.704 | SLOW    |     2.388 | FAST    |
A_i[7][0][1]   | C_o[7][4][3]   |     4.997 | SLOW    |     2.337 | FAST    |
A_i[7][0][1]   | C_o[7][5][1]   |     4.719 | SLOW    |     2.459 | FAST    |
A_i[7][0][1]   | C_o[7][5][2]   |     4.735 | SLOW    |     2.388 | FAST    |
A_i[7][0][1]   | C_o[7][5][3]   |     5.028 | SLOW    |     2.337 | FAST    |
A_i[7][0][1]   | C_o[7][6][1]   |     4.688 | SLOW    |     2.439 | FAST    |
A_i[7][0][1]   | C_o[7][6][2]   |     4.704 | SLOW    |     2.388 | FAST    |
A_i[7][0][1]   | C_o[7][6][3]   |     4.997 | SLOW    |     2.337 | FAST    |
A_i[7][0][1]   | C_o[7][7][1]   |     4.719 | SLOW    |     2.459 | FAST    |
A_i[7][0][1]   | C_o[7][7][2]   |     4.735 | SLOW    |     2.388 | FAST    |
A_i[7][0][1]   | C_o[7][7][3]   |     5.028 | SLOW    |     2.337 | FAST    |
A_i[7][0][2]   | C_o[7][0][2]   |     4.557 | SLOW    |     2.373 | FAST    |
A_i[7][0][2]   | C_o[7][0][3]   |     4.984 | SLOW    |     2.322 | FAST    |
A_i[7][0][2]   | C_o[7][1][2]   |     4.557 | SLOW    |     2.373 | FAST    |
A_i[7][0][2]   | C_o[7][1][3]   |     4.984 | SLOW    |     2.322 | FAST    |
A_i[7][0][2]   | C_o[7][2][2]   |     4.557 | SLOW    |     2.373 | FAST    |
A_i[7][0][2]   | C_o[7][2][3]   |     4.984 | SLOW    |     2.322 | FAST    |
A_i[7][0][2]   | C_o[7][3][2]   |     4.557 | SLOW    |     2.373 | FAST    |
A_i[7][0][2]   | C_o[7][3][3]   |     4.984 | SLOW    |     2.322 | FAST    |
A_i[7][0][2]   | C_o[7][4][2]   |     4.557 | SLOW    |     2.373 | FAST    |
A_i[7][0][2]   | C_o[7][4][3]   |     4.984 | SLOW    |     2.322 | FAST    |
A_i[7][0][2]   | C_o[7][5][2]   |     4.557 | SLOW    |     2.373 | FAST    |
A_i[7][0][2]   | C_o[7][5][3]   |     4.984 | SLOW    |     2.322 | FAST    |
A_i[7][0][2]   | C_o[7][6][2]   |     4.557 | SLOW    |     2.373 | FAST    |
A_i[7][0][2]   | C_o[7][6][3]   |     4.984 | SLOW    |     2.322 | FAST    |
A_i[7][0][2]   | C_o[7][7][2]   |     4.557 | SLOW    |     2.373 | FAST    |
A_i[7][0][2]   | C_o[7][7][3]   |     4.984 | SLOW    |     2.322 | FAST    |
A_i[7][0][3]   | C_o[7][0][3]   |     4.846 | SLOW    |     2.528 | FAST    |
A_i[7][0][3]   | C_o[7][1][3]   |     4.846 | SLOW    |     2.528 | FAST    |
A_i[7][0][3]   | C_o[7][2][3]   |     4.846 | SLOW    |     2.528 | FAST    |
A_i[7][0][3]   | C_o[7][3][3]   |     4.846 | SLOW    |     2.528 | FAST    |
A_i[7][0][3]   | C_o[7][4][3]   |     4.846 | SLOW    |     2.528 | FAST    |
A_i[7][0][3]   | C_o[7][5][3]   |     4.846 | SLOW    |     2.528 | FAST    |
A_i[7][0][3]   | C_o[7][6][3]   |     4.846 | SLOW    |     2.528 | FAST    |
A_i[7][0][3]   | C_o[7][7][3]   |     4.846 | SLOW    |     2.528 | FAST    |
A_i[7][1][0]   | C_o[7][0][0]   |     4.483 | SLOW    |     2.328 | FAST    |
A_i[7][1][0]   | C_o[7][0][1]   |     4.718 | SLOW    |     2.347 | FAST    |
A_i[7][1][0]   | C_o[7][0][2]   |     4.782 | SLOW    |     2.343 | FAST    |
A_i[7][1][0]   | C_o[7][0][3]   |     5.036 | SLOW    |     2.439 | FAST    |
A_i[7][1][0]   | C_o[7][1][0]   |     4.483 | SLOW    |     2.328 | FAST    |
A_i[7][1][0]   | C_o[7][1][1]   |     4.725 | SLOW    |     2.347 | FAST    |
A_i[7][1][0]   | C_o[7][1][2]   |     4.804 | SLOW    |     2.343 | FAST    |
A_i[7][1][0]   | C_o[7][1][3]   |     5.036 | SLOW    |     2.439 | FAST    |
A_i[7][1][0]   | C_o[7][2][0]   |     4.483 | SLOW    |     2.328 | FAST    |
A_i[7][1][0]   | C_o[7][2][1]   |     4.718 | SLOW    |     2.347 | FAST    |
A_i[7][1][0]   | C_o[7][2][2]   |     4.782 | SLOW    |     2.343 | FAST    |
A_i[7][1][0]   | C_o[7][2][3]   |     5.036 | SLOW    |     2.439 | FAST    |
A_i[7][1][0]   | C_o[7][3][0]   |     4.483 | SLOW    |     2.328 | FAST    |
A_i[7][1][0]   | C_o[7][3][1]   |     4.725 | SLOW    |     2.347 | FAST    |
A_i[7][1][0]   | C_o[7][3][2]   |     4.804 | SLOW    |     2.343 | FAST    |
A_i[7][1][0]   | C_o[7][3][3]   |     5.036 | SLOW    |     2.439 | FAST    |
A_i[7][1][0]   | C_o[7][4][0]   |     4.483 | SLOW    |     2.328 | FAST    |
A_i[7][1][0]   | C_o[7][4][1]   |     4.718 | SLOW    |     2.347 | FAST    |
A_i[7][1][0]   | C_o[7][4][2]   |     4.782 | SLOW    |     2.343 | FAST    |
A_i[7][1][0]   | C_o[7][4][3]   |     5.036 | SLOW    |     2.439 | FAST    |
A_i[7][1][0]   | C_o[7][5][0]   |     4.483 | SLOW    |     2.328 | FAST    |
A_i[7][1][0]   | C_o[7][5][1]   |     4.725 | SLOW    |     2.347 | FAST    |
A_i[7][1][0]   | C_o[7][5][2]   |     4.804 | SLOW    |     2.343 | FAST    |
A_i[7][1][0]   | C_o[7][5][3]   |     5.036 | SLOW    |     2.439 | FAST    |
A_i[7][1][0]   | C_o[7][6][0]   |     4.483 | SLOW    |     2.328 | FAST    |
A_i[7][1][0]   | C_o[7][6][1]   |     4.718 | SLOW    |     2.347 | FAST    |
A_i[7][1][0]   | C_o[7][6][2]   |     4.782 | SLOW    |     2.343 | FAST    |
A_i[7][1][0]   | C_o[7][6][3]   |     5.036 | SLOW    |     2.439 | FAST    |
A_i[7][1][0]   | C_o[7][7][0]   |     4.483 | SLOW    |     2.328 | FAST    |
A_i[7][1][0]   | C_o[7][7][1]   |     4.725 | SLOW    |     2.347 | FAST    |
A_i[7][1][0]   | C_o[7][7][2]   |     4.804 | SLOW    |     2.343 | FAST    |
A_i[7][1][0]   | C_o[7][7][3]   |     5.036 | SLOW    |     2.439 | FAST    |
A_i[7][1][1]   | C_o[7][0][1]   |     4.700 | SLOW    |     2.444 | FAST    |
A_i[7][1][1]   | C_o[7][0][2]   |     4.802 | SLOW    |     2.448 | FAST    |
A_i[7][1][1]   | C_o[7][0][3]   |     5.009 | SLOW    |     2.446 | FAST    |
A_i[7][1][1]   | C_o[7][1][1]   |     4.731 | SLOW    |     2.464 | FAST    |
A_i[7][1][1]   | C_o[7][1][2]   |     4.810 | SLOW    |     2.468 | FAST    |
A_i[7][1][1]   | C_o[7][1][3]   |     5.040 | SLOW    |     2.452 | FAST    |
A_i[7][1][1]   | C_o[7][2][1]   |     4.700 | SLOW    |     2.444 | FAST    |
A_i[7][1][1]   | C_o[7][2][2]   |     4.802 | SLOW    |     2.448 | FAST    |
A_i[7][1][1]   | C_o[7][2][3]   |     5.009 | SLOW    |     2.446 | FAST    |
A_i[7][1][1]   | C_o[7][3][1]   |     4.731 | SLOW    |     2.464 | FAST    |
A_i[7][1][1]   | C_o[7][3][2]   |     4.810 | SLOW    |     2.468 | FAST    |
A_i[7][1][1]   | C_o[7][3][3]   |     5.040 | SLOW    |     2.452 | FAST    |
A_i[7][1][1]   | C_o[7][4][1]   |     4.700 | SLOW    |     2.444 | FAST    |
A_i[7][1][1]   | C_o[7][4][2]   |     4.802 | SLOW    |     2.448 | FAST    |
A_i[7][1][1]   | C_o[7][4][3]   |     5.009 | SLOW    |     2.446 | FAST    |
A_i[7][1][1]   | C_o[7][5][1]   |     4.731 | SLOW    |     2.464 | FAST    |
A_i[7][1][1]   | C_o[7][5][2]   |     4.810 | SLOW    |     2.468 | FAST    |
A_i[7][1][1]   | C_o[7][5][3]   |     5.040 | SLOW    |     2.452 | FAST    |
A_i[7][1][1]   | C_o[7][6][1]   |     4.700 | SLOW    |     2.444 | FAST    |
A_i[7][1][1]   | C_o[7][6][2]   |     4.802 | SLOW    |     2.448 | FAST    |
A_i[7][1][1]   | C_o[7][6][3]   |     5.009 | SLOW    |     2.446 | FAST    |
A_i[7][1][1]   | C_o[7][7][1]   |     4.731 | SLOW    |     2.464 | FAST    |
A_i[7][1][1]   | C_o[7][7][2]   |     4.810 | SLOW    |     2.468 | FAST    |
A_i[7][1][1]   | C_o[7][7][3]   |     5.040 | SLOW    |     2.452 | FAST    |
A_i[7][1][2]   | C_o[7][0][2]   |     4.763 | SLOW    |     2.484 | FAST    |
A_i[7][1][2]   | C_o[7][0][3]   |     4.897 | SLOW    |     2.437 | FAST    |
A_i[7][1][2]   | C_o[7][1][2]   |     4.763 | SLOW    |     2.484 | FAST    |
A_i[7][1][2]   | C_o[7][1][3]   |     4.897 | SLOW    |     2.437 | FAST    |
A_i[7][1][2]   | C_o[7][2][2]   |     4.763 | SLOW    |     2.484 | FAST    |
A_i[7][1][2]   | C_o[7][2][3]   |     4.897 | SLOW    |     2.437 | FAST    |
A_i[7][1][2]   | C_o[7][3][2]   |     4.763 | SLOW    |     2.484 | FAST    |
A_i[7][1][2]   | C_o[7][3][3]   |     4.897 | SLOW    |     2.437 | FAST    |
A_i[7][1][2]   | C_o[7][4][2]   |     4.763 | SLOW    |     2.484 | FAST    |
A_i[7][1][2]   | C_o[7][4][3]   |     4.897 | SLOW    |     2.437 | FAST    |
A_i[7][1][2]   | C_o[7][5][2]   |     4.763 | SLOW    |     2.484 | FAST    |
A_i[7][1][2]   | C_o[7][5][3]   |     4.897 | SLOW    |     2.437 | FAST    |
A_i[7][1][2]   | C_o[7][6][2]   |     4.763 | SLOW    |     2.484 | FAST    |
A_i[7][1][2]   | C_o[7][6][3]   |     4.897 | SLOW    |     2.437 | FAST    |
A_i[7][1][2]   | C_o[7][7][2]   |     4.763 | SLOW    |     2.484 | FAST    |
A_i[7][1][2]   | C_o[7][7][3]   |     4.897 | SLOW    |     2.437 | FAST    |
A_i[7][1][3]   | C_o[7][0][3]   |     4.933 | SLOW    |     2.579 | FAST    |
A_i[7][1][3]   | C_o[7][1][3]   |     4.933 | SLOW    |     2.579 | FAST    |
A_i[7][1][3]   | C_o[7][2][3]   |     4.933 | SLOW    |     2.579 | FAST    |
A_i[7][1][3]   | C_o[7][3][3]   |     4.933 | SLOW    |     2.579 | FAST    |
A_i[7][1][3]   | C_o[7][4][3]   |     4.933 | SLOW    |     2.579 | FAST    |
A_i[7][1][3]   | C_o[7][5][3]   |     4.933 | SLOW    |     2.579 | FAST    |
A_i[7][1][3]   | C_o[7][6][3]   |     4.933 | SLOW    |     2.579 | FAST    |
A_i[7][1][3]   | C_o[7][7][3]   |     4.933 | SLOW    |     2.579 | FAST    |
A_i[7][2][0]   | C_o[7][0][0]   |     4.488 | SLOW    |     2.336 | FAST    |
A_i[7][2][0]   | C_o[7][0][1]   |     4.723 | SLOW    |     2.330 | FAST    |
A_i[7][2][0]   | C_o[7][0][2]   |     4.865 | SLOW    |     2.326 | FAST    |
A_i[7][2][0]   | C_o[7][0][3]   |     5.041 | SLOW    |     2.439 | FAST    |
A_i[7][2][0]   | C_o[7][1][0]   |     4.488 | SLOW    |     2.336 | FAST    |
A_i[7][2][0]   | C_o[7][1][1]   |     4.723 | SLOW    |     2.330 | FAST    |
A_i[7][2][0]   | C_o[7][1][2]   |     4.865 | SLOW    |     2.326 | FAST    |
A_i[7][2][0]   | C_o[7][1][3]   |     5.041 | SLOW    |     2.439 | FAST    |
A_i[7][2][0]   | C_o[7][2][0]   |     4.488 | SLOW    |     2.336 | FAST    |
A_i[7][2][0]   | C_o[7][2][1]   |     4.723 | SLOW    |     2.330 | FAST    |
A_i[7][2][0]   | C_o[7][2][2]   |     4.865 | SLOW    |     2.326 | FAST    |
A_i[7][2][0]   | C_o[7][2][3]   |     5.041 | SLOW    |     2.439 | FAST    |
A_i[7][2][0]   | C_o[7][3][0]   |     4.488 | SLOW    |     2.336 | FAST    |
A_i[7][2][0]   | C_o[7][3][1]   |     4.723 | SLOW    |     2.330 | FAST    |
A_i[7][2][0]   | C_o[7][3][2]   |     4.865 | SLOW    |     2.326 | FAST    |
A_i[7][2][0]   | C_o[7][3][3]   |     5.041 | SLOW    |     2.439 | FAST    |
A_i[7][2][0]   | C_o[7][4][0]   |     4.488 | SLOW    |     2.336 | FAST    |
A_i[7][2][0]   | C_o[7][4][1]   |     4.723 | SLOW    |     2.330 | FAST    |
A_i[7][2][0]   | C_o[7][4][2]   |     4.865 | SLOW    |     2.326 | FAST    |
A_i[7][2][0]   | C_o[7][4][3]   |     5.041 | SLOW    |     2.439 | FAST    |
A_i[7][2][0]   | C_o[7][5][0]   |     4.488 | SLOW    |     2.336 | FAST    |
A_i[7][2][0]   | C_o[7][5][1]   |     4.723 | SLOW    |     2.330 | FAST    |
A_i[7][2][0]   | C_o[7][5][2]   |     4.865 | SLOW    |     2.326 | FAST    |
A_i[7][2][0]   | C_o[7][5][3]   |     5.041 | SLOW    |     2.439 | FAST    |
A_i[7][2][0]   | C_o[7][6][0]   |     4.488 | SLOW    |     2.336 | FAST    |
A_i[7][2][0]   | C_o[7][6][1]   |     4.723 | SLOW    |     2.330 | FAST    |
A_i[7][2][0]   | C_o[7][6][2]   |     4.865 | SLOW    |     2.326 | FAST    |
A_i[7][2][0]   | C_o[7][6][3]   |     5.041 | SLOW    |     2.439 | FAST    |
A_i[7][2][0]   | C_o[7][7][0]   |     4.488 | SLOW    |     2.336 | FAST    |
A_i[7][2][0]   | C_o[7][7][1]   |     4.723 | SLOW    |     2.330 | FAST    |
A_i[7][2][0]   | C_o[7][7][2]   |     4.865 | SLOW    |     2.326 | FAST    |
A_i[7][2][0]   | C_o[7][7][3]   |     5.041 | SLOW    |     2.439 | FAST    |
A_i[7][2][1]   | C_o[7][0][1]   |     4.698 | SLOW    |     2.448 | FAST    |
A_i[7][2][1]   | C_o[7][0][2]   |     4.889 | SLOW    |     2.452 | FAST    |
A_i[7][2][1]   | C_o[7][0][3]   |     5.007 | SLOW    |     2.450 | FAST    |
A_i[7][2][1]   | C_o[7][1][1]   |     4.729 | SLOW    |     2.468 | FAST    |
A_i[7][2][1]   | C_o[7][1][2]   |     4.889 | SLOW    |     2.472 | FAST    |
A_i[7][2][1]   | C_o[7][1][3]   |     5.038 | SLOW    |     2.452 | FAST    |
A_i[7][2][1]   | C_o[7][2][1]   |     4.698 | SLOW    |     2.448 | FAST    |
A_i[7][2][1]   | C_o[7][2][2]   |     4.889 | SLOW    |     2.452 | FAST    |
A_i[7][2][1]   | C_o[7][2][3]   |     5.007 | SLOW    |     2.450 | FAST    |
A_i[7][2][1]   | C_o[7][3][1]   |     4.729 | SLOW    |     2.468 | FAST    |
A_i[7][2][1]   | C_o[7][3][2]   |     4.889 | SLOW    |     2.472 | FAST    |
A_i[7][2][1]   | C_o[7][3][3]   |     5.038 | SLOW    |     2.452 | FAST    |
A_i[7][2][1]   | C_o[7][4][1]   |     4.698 | SLOW    |     2.448 | FAST    |
A_i[7][2][1]   | C_o[7][4][2]   |     4.889 | SLOW    |     2.452 | FAST    |
A_i[7][2][1]   | C_o[7][4][3]   |     5.007 | SLOW    |     2.450 | FAST    |
A_i[7][2][1]   | C_o[7][5][1]   |     4.729 | SLOW    |     2.468 | FAST    |
A_i[7][2][1]   | C_o[7][5][2]   |     4.889 | SLOW    |     2.472 | FAST    |
A_i[7][2][1]   | C_o[7][5][3]   |     5.038 | SLOW    |     2.452 | FAST    |
A_i[7][2][1]   | C_o[7][6][1]   |     4.698 | SLOW    |     2.448 | FAST    |
A_i[7][2][1]   | C_o[7][6][2]   |     4.889 | SLOW    |     2.452 | FAST    |
A_i[7][2][1]   | C_o[7][6][3]   |     5.007 | SLOW    |     2.450 | FAST    |
A_i[7][2][1]   | C_o[7][7][1]   |     4.729 | SLOW    |     2.468 | FAST    |
A_i[7][2][1]   | C_o[7][7][2]   |     4.889 | SLOW    |     2.472 | FAST    |
A_i[7][2][1]   | C_o[7][7][3]   |     5.038 | SLOW    |     2.452 | FAST    |
A_i[7][2][2]   | C_o[7][0][2]   |     4.850 | SLOW    |     2.535 | FAST    |
A_i[7][2][2]   | C_o[7][0][3]   |     4.895 | SLOW    |     2.437 | FAST    |
A_i[7][2][2]   | C_o[7][1][2]   |     4.850 | SLOW    |     2.535 | FAST    |
A_i[7][2][2]   | C_o[7][1][3]   |     4.895 | SLOW    |     2.437 | FAST    |
A_i[7][2][2]   | C_o[7][2][2]   |     4.850 | SLOW    |     2.535 | FAST    |
A_i[7][2][2]   | C_o[7][2][3]   |     4.895 | SLOW    |     2.437 | FAST    |
A_i[7][2][2]   | C_o[7][3][2]   |     4.850 | SLOW    |     2.535 | FAST    |
A_i[7][2][2]   | C_o[7][3][3]   |     4.895 | SLOW    |     2.437 | FAST    |
A_i[7][2][2]   | C_o[7][4][2]   |     4.850 | SLOW    |     2.535 | FAST    |
A_i[7][2][2]   | C_o[7][4][3]   |     4.895 | SLOW    |     2.437 | FAST    |
A_i[7][2][2]   | C_o[7][5][2]   |     4.850 | SLOW    |     2.535 | FAST    |
A_i[7][2][2]   | C_o[7][5][3]   |     4.895 | SLOW    |     2.437 | FAST    |
A_i[7][2][2]   | C_o[7][6][2]   |     4.850 | SLOW    |     2.535 | FAST    |
A_i[7][2][2]   | C_o[7][6][3]   |     4.895 | SLOW    |     2.437 | FAST    |
A_i[7][2][2]   | C_o[7][7][2]   |     4.850 | SLOW    |     2.535 | FAST    |
A_i[7][2][2]   | C_o[7][7][3]   |     4.895 | SLOW    |     2.437 | FAST    |
A_i[7][2][3]   | C_o[7][0][3]   |     4.844 | SLOW    |     2.532 | FAST    |
A_i[7][2][3]   | C_o[7][1][3]   |     4.844 | SLOW    |     2.532 | FAST    |
A_i[7][2][3]   | C_o[7][2][3]   |     4.844 | SLOW    |     2.532 | FAST    |
A_i[7][2][3]   | C_o[7][3][3]   |     4.844 | SLOW    |     2.532 | FAST    |
A_i[7][2][3]   | C_o[7][4][3]   |     4.844 | SLOW    |     2.532 | FAST    |
A_i[7][2][3]   | C_o[7][5][3]   |     4.844 | SLOW    |     2.532 | FAST    |
A_i[7][2][3]   | C_o[7][6][3]   |     4.844 | SLOW    |     2.532 | FAST    |
A_i[7][2][3]   | C_o[7][7][3]   |     4.844 | SLOW    |     2.532 | FAST    |
A_i[7][3][0]   | C_o[7][0][0]   |     4.483 | SLOW    |     2.328 | FAST    |
A_i[7][3][0]   | C_o[7][0][1]   |     4.718 | SLOW    |     2.338 | FAST    |
A_i[7][3][0]   | C_o[7][0][2]   |     4.897 | SLOW    |     2.334 | FAST    |
A_i[7][3][0]   | C_o[7][0][3]   |     5.036 | SLOW    |     2.446 | FAST    |
A_i[7][3][0]   | C_o[7][1][0]   |     4.483 | SLOW    |     2.328 | FAST    |
A_i[7][3][0]   | C_o[7][1][1]   |     4.723 | SLOW    |     2.338 | FAST    |
A_i[7][3][0]   | C_o[7][1][2]   |     4.897 | SLOW    |     2.334 | FAST    |
A_i[7][3][0]   | C_o[7][1][3]   |     5.036 | SLOW    |     2.452 | FAST    |
A_i[7][3][0]   | C_o[7][2][0]   |     4.483 | SLOW    |     2.328 | FAST    |
A_i[7][3][0]   | C_o[7][2][1]   |     4.718 | SLOW    |     2.338 | FAST    |
A_i[7][3][0]   | C_o[7][2][2]   |     4.897 | SLOW    |     2.334 | FAST    |
A_i[7][3][0]   | C_o[7][2][3]   |     5.036 | SLOW    |     2.446 | FAST    |
A_i[7][3][0]   | C_o[7][3][0]   |     4.483 | SLOW    |     2.328 | FAST    |
A_i[7][3][0]   | C_o[7][3][1]   |     4.723 | SLOW    |     2.338 | FAST    |
A_i[7][3][0]   | C_o[7][3][2]   |     4.897 | SLOW    |     2.334 | FAST    |
A_i[7][3][0]   | C_o[7][3][3]   |     5.036 | SLOW    |     2.452 | FAST    |
A_i[7][3][0]   | C_o[7][4][0]   |     4.483 | SLOW    |     2.328 | FAST    |
A_i[7][3][0]   | C_o[7][4][1]   |     4.718 | SLOW    |     2.338 | FAST    |
A_i[7][3][0]   | C_o[7][4][2]   |     4.897 | SLOW    |     2.334 | FAST    |
A_i[7][3][0]   | C_o[7][4][3]   |     5.036 | SLOW    |     2.446 | FAST    |
A_i[7][3][0]   | C_o[7][5][0]   |     4.483 | SLOW    |     2.328 | FAST    |
A_i[7][3][0]   | C_o[7][5][1]   |     4.723 | SLOW    |     2.338 | FAST    |
A_i[7][3][0]   | C_o[7][5][2]   |     4.897 | SLOW    |     2.334 | FAST    |
A_i[7][3][0]   | C_o[7][5][3]   |     5.036 | SLOW    |     2.452 | FAST    |
A_i[7][3][0]   | C_o[7][6][0]   |     4.483 | SLOW    |     2.328 | FAST    |
A_i[7][3][0]   | C_o[7][6][1]   |     4.718 | SLOW    |     2.338 | FAST    |
A_i[7][3][0]   | C_o[7][6][2]   |     4.897 | SLOW    |     2.334 | FAST    |
A_i[7][3][0]   | C_o[7][6][3]   |     5.036 | SLOW    |     2.446 | FAST    |
A_i[7][3][0]   | C_o[7][7][0]   |     4.483 | SLOW    |     2.328 | FAST    |
A_i[7][3][0]   | C_o[7][7][1]   |     4.723 | SLOW    |     2.338 | FAST    |
A_i[7][3][0]   | C_o[7][7][2]   |     4.897 | SLOW    |     2.334 | FAST    |
A_i[7][3][0]   | C_o[7][7][3]   |     5.036 | SLOW    |     2.452 | FAST    |
A_i[7][3][1]   | C_o[7][0][1]   |     4.698 | SLOW    |     2.448 | FAST    |
A_i[7][3][1]   | C_o[7][0][2]   |     4.862 | SLOW    |     2.452 | FAST    |
A_i[7][3][1]   | C_o[7][0][3]   |     5.007 | SLOW    |     2.439 | FAST    |
A_i[7][3][1]   | C_o[7][1][1]   |     4.729 | SLOW    |     2.468 | FAST    |
A_i[7][3][1]   | C_o[7][1][2]   |     4.862 | SLOW    |     2.472 | FAST    |
A_i[7][3][1]   | C_o[7][1][3]   |     5.038 | SLOW    |     2.439 | FAST    |
A_i[7][3][1]   | C_o[7][2][1]   |     4.698 | SLOW    |     2.448 | FAST    |
A_i[7][3][1]   | C_o[7][2][2]   |     4.862 | SLOW    |     2.452 | FAST    |
A_i[7][3][1]   | C_o[7][2][3]   |     5.007 | SLOW    |     2.439 | FAST    |
A_i[7][3][1]   | C_o[7][3][1]   |     4.729 | SLOW    |     2.468 | FAST    |
A_i[7][3][1]   | C_o[7][3][2]   |     4.862 | SLOW    |     2.472 | FAST    |
A_i[7][3][1]   | C_o[7][3][3]   |     5.038 | SLOW    |     2.439 | FAST    |
A_i[7][3][1]   | C_o[7][4][1]   |     4.698 | SLOW    |     2.448 | FAST    |
A_i[7][3][1]   | C_o[7][4][2]   |     4.862 | SLOW    |     2.452 | FAST    |
A_i[7][3][1]   | C_o[7][4][3]   |     5.007 | SLOW    |     2.439 | FAST    |
A_i[7][3][1]   | C_o[7][5][1]   |     4.729 | SLOW    |     2.468 | FAST    |
A_i[7][3][1]   | C_o[7][5][2]   |     4.862 | SLOW    |     2.472 | FAST    |
A_i[7][3][1]   | C_o[7][5][3]   |     5.038 | SLOW    |     2.439 | FAST    |
A_i[7][3][1]   | C_o[7][6][1]   |     4.698 | SLOW    |     2.448 | FAST    |
A_i[7][3][1]   | C_o[7][6][2]   |     4.862 | SLOW    |     2.452 | FAST    |
A_i[7][3][1]   | C_o[7][6][3]   |     5.007 | SLOW    |     2.439 | FAST    |
A_i[7][3][1]   | C_o[7][7][1]   |     4.729 | SLOW    |     2.468 | FAST    |
A_i[7][3][1]   | C_o[7][7][2]   |     4.862 | SLOW    |     2.472 | FAST    |
A_i[7][3][1]   | C_o[7][7][3]   |     5.038 | SLOW    |     2.439 | FAST    |
A_i[7][3][2]   | C_o[7][0][2]   |     4.845 | SLOW    |     2.527 | FAST    |
A_i[7][3][2]   | C_o[7][0][3]   |     4.952 | SLOW    |     2.425 | FAST    |
A_i[7][3][2]   | C_o[7][1][2]   |     4.845 | SLOW    |     2.527 | FAST    |
A_i[7][3][2]   | C_o[7][1][3]   |     4.952 | SLOW    |     2.425 | FAST    |
A_i[7][3][2]   | C_o[7][2][2]   |     4.845 | SLOW    |     2.527 | FAST    |
A_i[7][3][2]   | C_o[7][2][3]   |     4.952 | SLOW    |     2.425 | FAST    |
A_i[7][3][2]   | C_o[7][3][2]   |     4.845 | SLOW    |     2.527 | FAST    |
A_i[7][3][2]   | C_o[7][3][3]   |     4.952 | SLOW    |     2.425 | FAST    |
A_i[7][3][2]   | C_o[7][4][2]   |     4.845 | SLOW    |     2.527 | FAST    |
A_i[7][3][2]   | C_o[7][4][3]   |     4.952 | SLOW    |     2.425 | FAST    |
A_i[7][3][2]   | C_o[7][5][2]   |     4.845 | SLOW    |     2.527 | FAST    |
A_i[7][3][2]   | C_o[7][5][3]   |     4.952 | SLOW    |     2.425 | FAST    |
A_i[7][3][2]   | C_o[7][6][2]   |     4.845 | SLOW    |     2.527 | FAST    |
A_i[7][3][2]   | C_o[7][6][3]   |     4.952 | SLOW    |     2.425 | FAST    |
A_i[7][3][2]   | C_o[7][7][2]   |     4.845 | SLOW    |     2.527 | FAST    |
A_i[7][3][2]   | C_o[7][7][3]   |     4.952 | SLOW    |     2.425 | FAST    |
A_i[7][3][3]   | C_o[7][0][3]   |     4.844 | SLOW    |     2.532 | FAST    |
A_i[7][3][3]   | C_o[7][1][3]   |     4.844 | SLOW    |     2.532 | FAST    |
A_i[7][3][3]   | C_o[7][2][3]   |     4.844 | SLOW    |     2.532 | FAST    |
A_i[7][3][3]   | C_o[7][3][3]   |     4.844 | SLOW    |     2.532 | FAST    |
A_i[7][3][3]   | C_o[7][4][3]   |     4.844 | SLOW    |     2.532 | FAST    |
A_i[7][3][3]   | C_o[7][5][3]   |     4.844 | SLOW    |     2.532 | FAST    |
A_i[7][3][3]   | C_o[7][6][3]   |     4.844 | SLOW    |     2.532 | FAST    |
A_i[7][3][3]   | C_o[7][7][3]   |     4.844 | SLOW    |     2.532 | FAST    |
B_i[0][0][0]   | C_o[0][0][0]   |     4.286 | SLOW    |     2.221 | FAST    |
B_i[0][0][0]   | C_o[0][0][1]   |     4.692 | SLOW    |     2.356 | FAST    |
B_i[0][0][0]   | C_o[0][0][2]   |     4.708 | SLOW    |     2.356 | FAST    |
B_i[0][0][0]   | C_o[0][0][3]   |     5.001 | SLOW    |     2.330 | FAST    |
B_i[0][0][0]   | C_o[1][0][0]   |     4.286 | SLOW    |     2.221 | FAST    |
B_i[0][0][0]   | C_o[1][0][1]   |     4.692 | SLOW    |     2.356 | FAST    |
B_i[0][0][0]   | C_o[1][0][2]   |     4.708 | SLOW    |     2.356 | FAST    |
B_i[0][0][0]   | C_o[1][0][3]   |     5.001 | SLOW    |     2.330 | FAST    |
B_i[0][0][0]   | C_o[2][0][0]   |     4.286 | SLOW    |     2.221 | FAST    |
B_i[0][0][0]   | C_o[2][0][1]   |     4.692 | SLOW    |     2.356 | FAST    |
B_i[0][0][0]   | C_o[2][0][2]   |     4.708 | SLOW    |     2.356 | FAST    |
B_i[0][0][0]   | C_o[2][0][3]   |     5.001 | SLOW    |     2.330 | FAST    |
B_i[0][0][0]   | C_o[3][0][0]   |     4.286 | SLOW    |     2.221 | FAST    |
B_i[0][0][0]   | C_o[3][0][1]   |     4.692 | SLOW    |     2.356 | FAST    |
B_i[0][0][0]   | C_o[3][0][2]   |     4.708 | SLOW    |     2.356 | FAST    |
B_i[0][0][0]   | C_o[3][0][3]   |     5.001 | SLOW    |     2.330 | FAST    |
B_i[0][0][0]   | C_o[4][0][0]   |     4.286 | SLOW    |     2.221 | FAST    |
B_i[0][0][0]   | C_o[4][0][1]   |     4.692 | SLOW    |     2.356 | FAST    |
B_i[0][0][0]   | C_o[4][0][2]   |     4.708 | SLOW    |     2.356 | FAST    |
B_i[0][0][0]   | C_o[4][0][3]   |     5.001 | SLOW    |     2.330 | FAST    |
B_i[0][0][0]   | C_o[5][0][0]   |     4.286 | SLOW    |     2.221 | FAST    |
B_i[0][0][0]   | C_o[5][0][1]   |     4.692 | SLOW    |     2.356 | FAST    |
B_i[0][0][0]   | C_o[5][0][2]   |     4.708 | SLOW    |     2.356 | FAST    |
B_i[0][0][0]   | C_o[5][0][3]   |     5.001 | SLOW    |     2.330 | FAST    |
B_i[0][0][0]   | C_o[6][0][0]   |     4.286 | SLOW    |     2.221 | FAST    |
B_i[0][0][0]   | C_o[6][0][1]   |     4.692 | SLOW    |     2.356 | FAST    |
B_i[0][0][0]   | C_o[6][0][2]   |     4.708 | SLOW    |     2.356 | FAST    |
B_i[0][0][0]   | C_o[6][0][3]   |     5.001 | SLOW    |     2.330 | FAST    |
B_i[0][0][0]   | C_o[7][0][0]   |     4.286 | SLOW    |     2.221 | FAST    |
B_i[0][0][0]   | C_o[7][0][1]   |     4.692 | SLOW    |     2.356 | FAST    |
B_i[0][0][0]   | C_o[7][0][2]   |     4.708 | SLOW    |     2.356 | FAST    |
B_i[0][0][0]   | C_o[7][0][3]   |     5.001 | SLOW    |     2.330 | FAST    |
B_i[0][0][1]   | C_o[0][0][1]   |     4.683 | SLOW    |     2.431 | FAST    |
B_i[0][0][1]   | C_o[0][0][2]   |     4.699 | SLOW    |     2.371 | FAST    |
B_i[0][0][1]   | C_o[0][0][3]   |     4.992 | SLOW    |     2.320 | FAST    |
B_i[0][0][1]   | C_o[1][0][1]   |     4.683 | SLOW    |     2.431 | FAST    |
B_i[0][0][1]   | C_o[1][0][2]   |     4.699 | SLOW    |     2.371 | FAST    |
B_i[0][0][1]   | C_o[1][0][3]   |     4.992 | SLOW    |     2.320 | FAST    |
B_i[0][0][1]   | C_o[2][0][1]   |     4.683 | SLOW    |     2.431 | FAST    |
B_i[0][0][1]   | C_o[2][0][2]   |     4.699 | SLOW    |     2.371 | FAST    |
B_i[0][0][1]   | C_o[2][0][3]   |     4.992 | SLOW    |     2.320 | FAST    |
B_i[0][0][1]   | C_o[3][0][1]   |     4.683 | SLOW    |     2.431 | FAST    |
B_i[0][0][1]   | C_o[3][0][2]   |     4.699 | SLOW    |     2.371 | FAST    |
B_i[0][0][1]   | C_o[3][0][3]   |     4.992 | SLOW    |     2.320 | FAST    |
B_i[0][0][1]   | C_o[4][0][1]   |     4.683 | SLOW    |     2.431 | FAST    |
B_i[0][0][1]   | C_o[4][0][2]   |     4.699 | SLOW    |     2.371 | FAST    |
B_i[0][0][1]   | C_o[4][0][3]   |     4.992 | SLOW    |     2.320 | FAST    |
B_i[0][0][1]   | C_o[5][0][1]   |     4.683 | SLOW    |     2.431 | FAST    |
B_i[0][0][1]   | C_o[5][0][2]   |     4.699 | SLOW    |     2.371 | FAST    |
B_i[0][0][1]   | C_o[5][0][3]   |     4.992 | SLOW    |     2.320 | FAST    |
B_i[0][0][1]   | C_o[6][0][1]   |     4.683 | SLOW    |     2.431 | FAST    |
B_i[0][0][1]   | C_o[6][0][2]   |     4.699 | SLOW    |     2.371 | FAST    |
B_i[0][0][1]   | C_o[6][0][3]   |     4.992 | SLOW    |     2.320 | FAST    |
B_i[0][0][1]   | C_o[7][0][1]   |     4.683 | SLOW    |     2.431 | FAST    |
B_i[0][0][1]   | C_o[7][0][2]   |     4.699 | SLOW    |     2.371 | FAST    |
B_i[0][0][1]   | C_o[7][0][3]   |     4.992 | SLOW    |     2.320 | FAST    |
B_i[0][0][2]   | C_o[0][0][2]   |     4.591 | SLOW    |     2.386 | FAST    |
B_i[0][0][2]   | C_o[0][0][3]   |     4.964 | SLOW    |     2.335 | FAST    |
B_i[0][0][2]   | C_o[1][0][2]   |     4.591 | SLOW    |     2.386 | FAST    |
B_i[0][0][2]   | C_o[1][0][3]   |     4.964 | SLOW    |     2.335 | FAST    |
B_i[0][0][2]   | C_o[2][0][2]   |     4.591 | SLOW    |     2.386 | FAST    |
B_i[0][0][2]   | C_o[2][0][3]   |     4.964 | SLOW    |     2.335 | FAST    |
B_i[0][0][2]   | C_o[3][0][2]   |     4.591 | SLOW    |     2.386 | FAST    |
B_i[0][0][2]   | C_o[3][0][3]   |     4.964 | SLOW    |     2.335 | FAST    |
B_i[0][0][2]   | C_o[4][0][2]   |     4.591 | SLOW    |     2.386 | FAST    |
B_i[0][0][2]   | C_o[4][0][3]   |     4.964 | SLOW    |     2.335 | FAST    |
B_i[0][0][2]   | C_o[5][0][2]   |     4.591 | SLOW    |     2.386 | FAST    |
B_i[0][0][2]   | C_o[5][0][3]   |     4.964 | SLOW    |     2.335 | FAST    |
B_i[0][0][2]   | C_o[6][0][2]   |     4.591 | SLOW    |     2.386 | FAST    |
B_i[0][0][2]   | C_o[6][0][3]   |     4.964 | SLOW    |     2.335 | FAST    |
B_i[0][0][2]   | C_o[7][0][2]   |     4.591 | SLOW    |     2.386 | FAST    |
B_i[0][0][2]   | C_o[7][0][3]   |     4.964 | SLOW    |     2.335 | FAST    |
B_i[0][0][3]   | C_o[0][0][3]   |     4.928 | SLOW    |     2.571 | FAST    |
B_i[0][0][3]   | C_o[1][0][3]   |     4.928 | SLOW    |     2.571 | FAST    |
B_i[0][0][3]   | C_o[2][0][3]   |     4.928 | SLOW    |     2.571 | FAST    |
B_i[0][0][3]   | C_o[3][0][3]   |     4.928 | SLOW    |     2.571 | FAST    |
B_i[0][0][3]   | C_o[4][0][3]   |     4.928 | SLOW    |     2.571 | FAST    |
B_i[0][0][3]   | C_o[5][0][3]   |     4.928 | SLOW    |     2.571 | FAST    |
B_i[0][0][3]   | C_o[6][0][3]   |     4.928 | SLOW    |     2.571 | FAST    |
B_i[0][0][3]   | C_o[7][0][3]   |     4.928 | SLOW    |     2.571 | FAST    |
B_i[0][1][0]   | C_o[0][1][0]   |     4.286 | SLOW    |     2.221 | FAST    |
B_i[0][1][0]   | C_o[0][1][1]   |     4.723 | SLOW    |     2.356 | FAST    |
B_i[0][1][0]   | C_o[0][1][2]   |     4.739 | SLOW    |     2.356 | FAST    |
B_i[0][1][0]   | C_o[0][1][3]   |     5.032 | SLOW    |     2.330 | FAST    |
B_i[0][1][0]   | C_o[1][1][0]   |     4.286 | SLOW    |     2.221 | FAST    |
B_i[0][1][0]   | C_o[1][1][1]   |     4.723 | SLOW    |     2.356 | FAST    |
B_i[0][1][0]   | C_o[1][1][2]   |     4.739 | SLOW    |     2.356 | FAST    |
B_i[0][1][0]   | C_o[1][1][3]   |     5.032 | SLOW    |     2.330 | FAST    |
B_i[0][1][0]   | C_o[2][1][0]   |     4.286 | SLOW    |     2.221 | FAST    |
B_i[0][1][0]   | C_o[2][1][1]   |     4.723 | SLOW    |     2.356 | FAST    |
B_i[0][1][0]   | C_o[2][1][2]   |     4.739 | SLOW    |     2.356 | FAST    |
B_i[0][1][0]   | C_o[2][1][3]   |     5.032 | SLOW    |     2.330 | FAST    |
B_i[0][1][0]   | C_o[3][1][0]   |     4.286 | SLOW    |     2.221 | FAST    |
B_i[0][1][0]   | C_o[3][1][1]   |     4.723 | SLOW    |     2.356 | FAST    |
B_i[0][1][0]   | C_o[3][1][2]   |     4.739 | SLOW    |     2.356 | FAST    |
B_i[0][1][0]   | C_o[3][1][3]   |     5.032 | SLOW    |     2.330 | FAST    |
B_i[0][1][0]   | C_o[4][1][0]   |     4.286 | SLOW    |     2.221 | FAST    |
B_i[0][1][0]   | C_o[4][1][1]   |     4.723 | SLOW    |     2.356 | FAST    |
B_i[0][1][0]   | C_o[4][1][2]   |     4.739 | SLOW    |     2.356 | FAST    |
B_i[0][1][0]   | C_o[4][1][3]   |     5.032 | SLOW    |     2.330 | FAST    |
B_i[0][1][0]   | C_o[5][1][0]   |     4.286 | SLOW    |     2.221 | FAST    |
B_i[0][1][0]   | C_o[5][1][1]   |     4.723 | SLOW    |     2.356 | FAST    |
B_i[0][1][0]   | C_o[5][1][2]   |     4.739 | SLOW    |     2.356 | FAST    |
B_i[0][1][0]   | C_o[5][1][3]   |     5.032 | SLOW    |     2.330 | FAST    |
B_i[0][1][0]   | C_o[6][1][0]   |     4.286 | SLOW    |     2.221 | FAST    |
B_i[0][1][0]   | C_o[6][1][1]   |     4.723 | SLOW    |     2.356 | FAST    |
B_i[0][1][0]   | C_o[6][1][2]   |     4.739 | SLOW    |     2.356 | FAST    |
B_i[0][1][0]   | C_o[6][1][3]   |     5.032 | SLOW    |     2.330 | FAST    |
B_i[0][1][0]   | C_o[7][1][0]   |     4.286 | SLOW    |     2.221 | FAST    |
B_i[0][1][0]   | C_o[7][1][1]   |     4.723 | SLOW    |     2.356 | FAST    |
B_i[0][1][0]   | C_o[7][1][2]   |     4.739 | SLOW    |     2.356 | FAST    |
B_i[0][1][0]   | C_o[7][1][3]   |     5.032 | SLOW    |     2.330 | FAST    |
B_i[0][1][1]   | C_o[0][1][1]   |     4.705 | SLOW    |     2.445 | FAST    |
B_i[0][1][1]   | C_o[0][1][2]   |     4.721 | SLOW    |     2.371 | FAST    |
B_i[0][1][1]   | C_o[0][1][3]   |     5.014 | SLOW    |     2.320 | FAST    |
B_i[0][1][1]   | C_o[1][1][1]   |     4.705 | SLOW    |     2.445 | FAST    |
B_i[0][1][1]   | C_o[1][1][2]   |     4.721 | SLOW    |     2.371 | FAST    |
B_i[0][1][1]   | C_o[1][1][3]   |     5.014 | SLOW    |     2.320 | FAST    |
B_i[0][1][1]   | C_o[2][1][1]   |     4.705 | SLOW    |     2.445 | FAST    |
B_i[0][1][1]   | C_o[2][1][2]   |     4.721 | SLOW    |     2.371 | FAST    |
B_i[0][1][1]   | C_o[2][1][3]   |     5.014 | SLOW    |     2.320 | FAST    |
B_i[0][1][1]   | C_o[3][1][1]   |     4.705 | SLOW    |     2.445 | FAST    |
B_i[0][1][1]   | C_o[3][1][2]   |     4.721 | SLOW    |     2.371 | FAST    |
B_i[0][1][1]   | C_o[3][1][3]   |     5.014 | SLOW    |     2.320 | FAST    |
B_i[0][1][1]   | C_o[4][1][1]   |     4.705 | SLOW    |     2.445 | FAST    |
B_i[0][1][1]   | C_o[4][1][2]   |     4.721 | SLOW    |     2.371 | FAST    |
B_i[0][1][1]   | C_o[4][1][3]   |     5.014 | SLOW    |     2.320 | FAST    |
B_i[0][1][1]   | C_o[5][1][1]   |     4.705 | SLOW    |     2.445 | FAST    |
B_i[0][1][1]   | C_o[5][1][2]   |     4.721 | SLOW    |     2.371 | FAST    |
B_i[0][1][1]   | C_o[5][1][3]   |     5.014 | SLOW    |     2.320 | FAST    |
B_i[0][1][1]   | C_o[6][1][1]   |     4.705 | SLOW    |     2.445 | FAST    |
B_i[0][1][1]   | C_o[6][1][2]   |     4.721 | SLOW    |     2.371 | FAST    |
B_i[0][1][1]   | C_o[6][1][3]   |     5.014 | SLOW    |     2.320 | FAST    |
B_i[0][1][1]   | C_o[7][1][1]   |     4.705 | SLOW    |     2.445 | FAST    |
B_i[0][1][1]   | C_o[7][1][2]   |     4.721 | SLOW    |     2.371 | FAST    |
B_i[0][1][1]   | C_o[7][1][3]   |     5.014 | SLOW    |     2.320 | FAST    |
B_i[0][1][2]   | C_o[0][1][2]   |     4.591 | SLOW    |     2.386 | FAST    |
B_i[0][1][2]   | C_o[0][1][3]   |     4.964 | SLOW    |     2.335 | FAST    |
B_i[0][1][2]   | C_o[1][1][2]   |     4.591 | SLOW    |     2.386 | FAST    |
B_i[0][1][2]   | C_o[1][1][3]   |     4.964 | SLOW    |     2.335 | FAST    |
B_i[0][1][2]   | C_o[2][1][2]   |     4.591 | SLOW    |     2.386 | FAST    |
B_i[0][1][2]   | C_o[2][1][3]   |     4.964 | SLOW    |     2.335 | FAST    |
B_i[0][1][2]   | C_o[3][1][2]   |     4.591 | SLOW    |     2.386 | FAST    |
B_i[0][1][2]   | C_o[3][1][3]   |     4.964 | SLOW    |     2.335 | FAST    |
B_i[0][1][2]   | C_o[4][1][2]   |     4.591 | SLOW    |     2.386 | FAST    |
B_i[0][1][2]   | C_o[4][1][3]   |     4.964 | SLOW    |     2.335 | FAST    |
B_i[0][1][2]   | C_o[5][1][2]   |     4.591 | SLOW    |     2.386 | FAST    |
B_i[0][1][2]   | C_o[5][1][3]   |     4.964 | SLOW    |     2.335 | FAST    |
B_i[0][1][2]   | C_o[6][1][2]   |     4.591 | SLOW    |     2.386 | FAST    |
B_i[0][1][2]   | C_o[6][1][3]   |     4.964 | SLOW    |     2.335 | FAST    |
B_i[0][1][2]   | C_o[7][1][2]   |     4.591 | SLOW    |     2.386 | FAST    |
B_i[0][1][2]   | C_o[7][1][3]   |     4.964 | SLOW    |     2.335 | FAST    |
B_i[0][1][3]   | C_o[0][1][3]   |     4.928 | SLOW    |     2.571 | FAST    |
B_i[0][1][3]   | C_o[1][1][3]   |     4.928 | SLOW    |     2.571 | FAST    |
B_i[0][1][3]   | C_o[2][1][3]   |     4.928 | SLOW    |     2.571 | FAST    |
B_i[0][1][3]   | C_o[3][1][3]   |     4.928 | SLOW    |     2.571 | FAST    |
B_i[0][1][3]   | C_o[4][1][3]   |     4.928 | SLOW    |     2.571 | FAST    |
B_i[0][1][3]   | C_o[5][1][3]   |     4.928 | SLOW    |     2.571 | FAST    |
B_i[0][1][3]   | C_o[6][1][3]   |     4.928 | SLOW    |     2.571 | FAST    |
B_i[0][1][3]   | C_o[7][1][3]   |     4.928 | SLOW    |     2.571 | FAST    |
B_i[0][2][0]   | C_o[0][2][0]   |     4.286 | SLOW    |     2.221 | FAST    |
B_i[0][2][0]   | C_o[0][2][1]   |     4.692 | SLOW    |     2.356 | FAST    |
B_i[0][2][0]   | C_o[0][2][2]   |     4.708 | SLOW    |     2.356 | FAST    |
B_i[0][2][0]   | C_o[0][2][3]   |     5.001 | SLOW    |     2.330 | FAST    |
B_i[0][2][0]   | C_o[1][2][0]   |     4.286 | SLOW    |     2.221 | FAST    |
B_i[0][2][0]   | C_o[1][2][1]   |     4.692 | SLOW    |     2.356 | FAST    |
B_i[0][2][0]   | C_o[1][2][2]   |     4.708 | SLOW    |     2.356 | FAST    |
B_i[0][2][0]   | C_o[1][2][3]   |     5.001 | SLOW    |     2.330 | FAST    |
B_i[0][2][0]   | C_o[2][2][0]   |     4.286 | SLOW    |     2.221 | FAST    |
B_i[0][2][0]   | C_o[2][2][1]   |     4.692 | SLOW    |     2.356 | FAST    |
B_i[0][2][0]   | C_o[2][2][2]   |     4.708 | SLOW    |     2.356 | FAST    |
B_i[0][2][0]   | C_o[2][2][3]   |     5.001 | SLOW    |     2.330 | FAST    |
B_i[0][2][0]   | C_o[3][2][0]   |     4.286 | SLOW    |     2.221 | FAST    |
B_i[0][2][0]   | C_o[3][2][1]   |     4.692 | SLOW    |     2.356 | FAST    |
B_i[0][2][0]   | C_o[3][2][2]   |     4.708 | SLOW    |     2.356 | FAST    |
B_i[0][2][0]   | C_o[3][2][3]   |     5.001 | SLOW    |     2.330 | FAST    |
B_i[0][2][0]   | C_o[4][2][0]   |     4.286 | SLOW    |     2.221 | FAST    |
B_i[0][2][0]   | C_o[4][2][1]   |     4.692 | SLOW    |     2.356 | FAST    |
B_i[0][2][0]   | C_o[4][2][2]   |     4.708 | SLOW    |     2.356 | FAST    |
B_i[0][2][0]   | C_o[4][2][3]   |     5.001 | SLOW    |     2.330 | FAST    |
B_i[0][2][0]   | C_o[5][2][0]   |     4.286 | SLOW    |     2.221 | FAST    |
B_i[0][2][0]   | C_o[5][2][1]   |     4.692 | SLOW    |     2.356 | FAST    |
B_i[0][2][0]   | C_o[5][2][2]   |     4.708 | SLOW    |     2.356 | FAST    |
B_i[0][2][0]   | C_o[5][2][3]   |     5.001 | SLOW    |     2.330 | FAST    |
B_i[0][2][0]   | C_o[6][2][0]   |     4.286 | SLOW    |     2.221 | FAST    |
B_i[0][2][0]   | C_o[6][2][1]   |     4.692 | SLOW    |     2.356 | FAST    |
B_i[0][2][0]   | C_o[6][2][2]   |     4.708 | SLOW    |     2.356 | FAST    |
B_i[0][2][0]   | C_o[6][2][3]   |     5.001 | SLOW    |     2.330 | FAST    |
B_i[0][2][0]   | C_o[7][2][0]   |     4.286 | SLOW    |     2.221 | FAST    |
B_i[0][2][0]   | C_o[7][2][1]   |     4.692 | SLOW    |     2.356 | FAST    |
B_i[0][2][0]   | C_o[7][2][2]   |     4.708 | SLOW    |     2.356 | FAST    |
B_i[0][2][0]   | C_o[7][2][3]   |     5.001 | SLOW    |     2.330 | FAST    |
B_i[0][2][1]   | C_o[0][2][1]   |     4.683 | SLOW    |     2.431 | FAST    |
B_i[0][2][1]   | C_o[0][2][2]   |     4.699 | SLOW    |     2.371 | FAST    |
B_i[0][2][1]   | C_o[0][2][3]   |     4.992 | SLOW    |     2.320 | FAST    |
B_i[0][2][1]   | C_o[1][2][1]   |     4.683 | SLOW    |     2.431 | FAST    |
B_i[0][2][1]   | C_o[1][2][2]   |     4.699 | SLOW    |     2.371 | FAST    |
B_i[0][2][1]   | C_o[1][2][3]   |     4.992 | SLOW    |     2.320 | FAST    |
B_i[0][2][1]   | C_o[2][2][1]   |     4.683 | SLOW    |     2.431 | FAST    |
B_i[0][2][1]   | C_o[2][2][2]   |     4.699 | SLOW    |     2.371 | FAST    |
B_i[0][2][1]   | C_o[2][2][3]   |     4.992 | SLOW    |     2.320 | FAST    |
B_i[0][2][1]   | C_o[3][2][1]   |     4.683 | SLOW    |     2.431 | FAST    |
B_i[0][2][1]   | C_o[3][2][2]   |     4.699 | SLOW    |     2.371 | FAST    |
B_i[0][2][1]   | C_o[3][2][3]   |     4.992 | SLOW    |     2.320 | FAST    |
B_i[0][2][1]   | C_o[4][2][1]   |     4.683 | SLOW    |     2.431 | FAST    |
B_i[0][2][1]   | C_o[4][2][2]   |     4.699 | SLOW    |     2.371 | FAST    |
B_i[0][2][1]   | C_o[4][2][3]   |     4.992 | SLOW    |     2.320 | FAST    |
B_i[0][2][1]   | C_o[5][2][1]   |     4.683 | SLOW    |     2.431 | FAST    |
B_i[0][2][1]   | C_o[5][2][2]   |     4.699 | SLOW    |     2.371 | FAST    |
B_i[0][2][1]   | C_o[5][2][3]   |     4.992 | SLOW    |     2.320 | FAST    |
B_i[0][2][1]   | C_o[6][2][1]   |     4.683 | SLOW    |     2.431 | FAST    |
B_i[0][2][1]   | C_o[6][2][2]   |     4.699 | SLOW    |     2.371 | FAST    |
B_i[0][2][1]   | C_o[6][2][3]   |     4.992 | SLOW    |     2.320 | FAST    |
B_i[0][2][1]   | C_o[7][2][1]   |     4.683 | SLOW    |     2.431 | FAST    |
B_i[0][2][1]   | C_o[7][2][2]   |     4.699 | SLOW    |     2.371 | FAST    |
B_i[0][2][1]   | C_o[7][2][3]   |     4.992 | SLOW    |     2.320 | FAST    |
B_i[0][2][2]   | C_o[0][2][2]   |     4.591 | SLOW    |     2.386 | FAST    |
B_i[0][2][2]   | C_o[0][2][3]   |     4.964 | SLOW    |     2.335 | FAST    |
B_i[0][2][2]   | C_o[1][2][2]   |     4.591 | SLOW    |     2.386 | FAST    |
B_i[0][2][2]   | C_o[1][2][3]   |     4.964 | SLOW    |     2.335 | FAST    |
B_i[0][2][2]   | C_o[2][2][2]   |     4.591 | SLOW    |     2.386 | FAST    |
B_i[0][2][2]   | C_o[2][2][3]   |     4.964 | SLOW    |     2.335 | FAST    |
B_i[0][2][2]   | C_o[3][2][2]   |     4.591 | SLOW    |     2.386 | FAST    |
B_i[0][2][2]   | C_o[3][2][3]   |     4.964 | SLOW    |     2.335 | FAST    |
B_i[0][2][2]   | C_o[4][2][2]   |     4.591 | SLOW    |     2.386 | FAST    |
B_i[0][2][2]   | C_o[4][2][3]   |     4.964 | SLOW    |     2.335 | FAST    |
B_i[0][2][2]   | C_o[5][2][2]   |     4.591 | SLOW    |     2.386 | FAST    |
B_i[0][2][2]   | C_o[5][2][3]   |     4.964 | SLOW    |     2.335 | FAST    |
B_i[0][2][2]   | C_o[6][2][2]   |     4.591 | SLOW    |     2.386 | FAST    |
B_i[0][2][2]   | C_o[6][2][3]   |     4.964 | SLOW    |     2.335 | FAST    |
B_i[0][2][2]   | C_o[7][2][2]   |     4.591 | SLOW    |     2.386 | FAST    |
B_i[0][2][2]   | C_o[7][2][3]   |     4.964 | SLOW    |     2.335 | FAST    |
B_i[0][2][3]   | C_o[0][2][3]   |     4.928 | SLOW    |     2.571 | FAST    |
B_i[0][2][3]   | C_o[1][2][3]   |     4.928 | SLOW    |     2.571 | FAST    |
B_i[0][2][3]   | C_o[2][2][3]   |     4.928 | SLOW    |     2.571 | FAST    |
B_i[0][2][3]   | C_o[3][2][3]   |     4.928 | SLOW    |     2.571 | FAST    |
B_i[0][2][3]   | C_o[4][2][3]   |     4.928 | SLOW    |     2.571 | FAST    |
B_i[0][2][3]   | C_o[5][2][3]   |     4.928 | SLOW    |     2.571 | FAST    |
B_i[0][2][3]   | C_o[6][2][3]   |     4.928 | SLOW    |     2.571 | FAST    |
B_i[0][2][3]   | C_o[7][2][3]   |     4.928 | SLOW    |     2.571 | FAST    |
B_i[0][3][0]   | C_o[0][3][0]   |     4.286 | SLOW    |     2.221 | FAST    |
B_i[0][3][0]   | C_o[0][3][1]   |     4.723 | SLOW    |     2.356 | FAST    |
B_i[0][3][0]   | C_o[0][3][2]   |     4.739 | SLOW    |     2.356 | FAST    |
B_i[0][3][0]   | C_o[0][3][3]   |     5.032 | SLOW    |     2.330 | FAST    |
B_i[0][3][0]   | C_o[1][3][0]   |     4.286 | SLOW    |     2.221 | FAST    |
B_i[0][3][0]   | C_o[1][3][1]   |     4.723 | SLOW    |     2.356 | FAST    |
B_i[0][3][0]   | C_o[1][3][2]   |     4.739 | SLOW    |     2.356 | FAST    |
B_i[0][3][0]   | C_o[1][3][3]   |     5.032 | SLOW    |     2.330 | FAST    |
B_i[0][3][0]   | C_o[2][3][0]   |     4.286 | SLOW    |     2.221 | FAST    |
B_i[0][3][0]   | C_o[2][3][1]   |     4.723 | SLOW    |     2.356 | FAST    |
B_i[0][3][0]   | C_o[2][3][2]   |     4.739 | SLOW    |     2.356 | FAST    |
B_i[0][3][0]   | C_o[2][3][3]   |     5.032 | SLOW    |     2.330 | FAST    |
B_i[0][3][0]   | C_o[3][3][0]   |     4.286 | SLOW    |     2.221 | FAST    |
B_i[0][3][0]   | C_o[3][3][1]   |     4.723 | SLOW    |     2.356 | FAST    |
B_i[0][3][0]   | C_o[3][3][2]   |     4.739 | SLOW    |     2.356 | FAST    |
B_i[0][3][0]   | C_o[3][3][3]   |     5.032 | SLOW    |     2.330 | FAST    |
B_i[0][3][0]   | C_o[4][3][0]   |     4.286 | SLOW    |     2.221 | FAST    |
B_i[0][3][0]   | C_o[4][3][1]   |     4.723 | SLOW    |     2.356 | FAST    |
B_i[0][3][0]   | C_o[4][3][2]   |     4.739 | SLOW    |     2.356 | FAST    |
B_i[0][3][0]   | C_o[4][3][3]   |     5.032 | SLOW    |     2.330 | FAST    |
B_i[0][3][0]   | C_o[5][3][0]   |     4.286 | SLOW    |     2.221 | FAST    |
B_i[0][3][0]   | C_o[5][3][1]   |     4.723 | SLOW    |     2.356 | FAST    |
B_i[0][3][0]   | C_o[5][3][2]   |     4.739 | SLOW    |     2.356 | FAST    |
B_i[0][3][0]   | C_o[5][3][3]   |     5.032 | SLOW    |     2.330 | FAST    |
B_i[0][3][0]   | C_o[6][3][0]   |     4.286 | SLOW    |     2.221 | FAST    |
B_i[0][3][0]   | C_o[6][3][1]   |     4.723 | SLOW    |     2.356 | FAST    |
B_i[0][3][0]   | C_o[6][3][2]   |     4.739 | SLOW    |     2.356 | FAST    |
B_i[0][3][0]   | C_o[6][3][3]   |     5.032 | SLOW    |     2.330 | FAST    |
B_i[0][3][0]   | C_o[7][3][0]   |     4.286 | SLOW    |     2.221 | FAST    |
B_i[0][3][0]   | C_o[7][3][1]   |     4.723 | SLOW    |     2.356 | FAST    |
B_i[0][3][0]   | C_o[7][3][2]   |     4.739 | SLOW    |     2.356 | FAST    |
B_i[0][3][0]   | C_o[7][3][3]   |     5.032 | SLOW    |     2.330 | FAST    |
B_i[0][3][1]   | C_o[0][3][1]   |     4.705 | SLOW    |     2.445 | FAST    |
B_i[0][3][1]   | C_o[0][3][2]   |     4.721 | SLOW    |     2.371 | FAST    |
B_i[0][3][1]   | C_o[0][3][3]   |     5.014 | SLOW    |     2.320 | FAST    |
B_i[0][3][1]   | C_o[1][3][1]   |     4.705 | SLOW    |     2.445 | FAST    |
B_i[0][3][1]   | C_o[1][3][2]   |     4.721 | SLOW    |     2.371 | FAST    |
B_i[0][3][1]   | C_o[1][3][3]   |     5.014 | SLOW    |     2.320 | FAST    |
B_i[0][3][1]   | C_o[2][3][1]   |     4.705 | SLOW    |     2.445 | FAST    |
B_i[0][3][1]   | C_o[2][3][2]   |     4.721 | SLOW    |     2.371 | FAST    |
B_i[0][3][1]   | C_o[2][3][3]   |     5.014 | SLOW    |     2.320 | FAST    |
B_i[0][3][1]   | C_o[3][3][1]   |     4.705 | SLOW    |     2.445 | FAST    |
B_i[0][3][1]   | C_o[3][3][2]   |     4.721 | SLOW    |     2.371 | FAST    |
B_i[0][3][1]   | C_o[3][3][3]   |     5.014 | SLOW    |     2.320 | FAST    |
B_i[0][3][1]   | C_o[4][3][1]   |     4.705 | SLOW    |     2.445 | FAST    |
B_i[0][3][1]   | C_o[4][3][2]   |     4.721 | SLOW    |     2.371 | FAST    |
B_i[0][3][1]   | C_o[4][3][3]   |     5.014 | SLOW    |     2.320 | FAST    |
B_i[0][3][1]   | C_o[5][3][1]   |     4.705 | SLOW    |     2.445 | FAST    |
B_i[0][3][1]   | C_o[5][3][2]   |     4.721 | SLOW    |     2.371 | FAST    |
B_i[0][3][1]   | C_o[5][3][3]   |     5.014 | SLOW    |     2.320 | FAST    |
B_i[0][3][1]   | C_o[6][3][1]   |     4.705 | SLOW    |     2.445 | FAST    |
B_i[0][3][1]   | C_o[6][3][2]   |     4.721 | SLOW    |     2.371 | FAST    |
B_i[0][3][1]   | C_o[6][3][3]   |     5.014 | SLOW    |     2.320 | FAST    |
B_i[0][3][1]   | C_o[7][3][1]   |     4.705 | SLOW    |     2.445 | FAST    |
B_i[0][3][1]   | C_o[7][3][2]   |     4.721 | SLOW    |     2.371 | FAST    |
B_i[0][3][1]   | C_o[7][3][3]   |     5.014 | SLOW    |     2.320 | FAST    |
B_i[0][3][2]   | C_o[0][3][2]   |     4.591 | SLOW    |     2.386 | FAST    |
B_i[0][3][2]   | C_o[0][3][3]   |     4.964 | SLOW    |     2.335 | FAST    |
B_i[0][3][2]   | C_o[1][3][2]   |     4.591 | SLOW    |     2.386 | FAST    |
B_i[0][3][2]   | C_o[1][3][3]   |     4.964 | SLOW    |     2.335 | FAST    |
B_i[0][3][2]   | C_o[2][3][2]   |     4.591 | SLOW    |     2.386 | FAST    |
B_i[0][3][2]   | C_o[2][3][3]   |     4.964 | SLOW    |     2.335 | FAST    |
B_i[0][3][2]   | C_o[3][3][2]   |     4.591 | SLOW    |     2.386 | FAST    |
B_i[0][3][2]   | C_o[3][3][3]   |     4.964 | SLOW    |     2.335 | FAST    |
B_i[0][3][2]   | C_o[4][3][2]   |     4.591 | SLOW    |     2.386 | FAST    |
B_i[0][3][2]   | C_o[4][3][3]   |     4.964 | SLOW    |     2.335 | FAST    |
B_i[0][3][2]   | C_o[5][3][2]   |     4.591 | SLOW    |     2.386 | FAST    |
B_i[0][3][2]   | C_o[5][3][3]   |     4.964 | SLOW    |     2.335 | FAST    |
B_i[0][3][2]   | C_o[6][3][2]   |     4.591 | SLOW    |     2.386 | FAST    |
B_i[0][3][2]   | C_o[6][3][3]   |     4.964 | SLOW    |     2.335 | FAST    |
B_i[0][3][2]   | C_o[7][3][2]   |     4.591 | SLOW    |     2.386 | FAST    |
B_i[0][3][2]   | C_o[7][3][3]   |     4.964 | SLOW    |     2.335 | FAST    |
B_i[0][3][3]   | C_o[0][3][3]   |     4.928 | SLOW    |     2.571 | FAST    |
B_i[0][3][3]   | C_o[1][3][3]   |     4.928 | SLOW    |     2.571 | FAST    |
B_i[0][3][3]   | C_o[2][3][3]   |     4.928 | SLOW    |     2.571 | FAST    |
B_i[0][3][3]   | C_o[3][3][3]   |     4.928 | SLOW    |     2.571 | FAST    |
B_i[0][3][3]   | C_o[4][3][3]   |     4.928 | SLOW    |     2.571 | FAST    |
B_i[0][3][3]   | C_o[5][3][3]   |     4.928 | SLOW    |     2.571 | FAST    |
B_i[0][3][3]   | C_o[6][3][3]   |     4.928 | SLOW    |     2.571 | FAST    |
B_i[0][3][3]   | C_o[7][3][3]   |     4.928 | SLOW    |     2.571 | FAST    |
B_i[0][4][0]   | C_o[0][4][0]   |     4.286 | SLOW    |     2.221 | FAST    |
B_i[0][4][0]   | C_o[0][4][1]   |     4.692 | SLOW    |     2.356 | FAST    |
B_i[0][4][0]   | C_o[0][4][2]   |     4.708 | SLOW    |     2.356 | FAST    |
B_i[0][4][0]   | C_o[0][4][3]   |     5.001 | SLOW    |     2.330 | FAST    |
B_i[0][4][0]   | C_o[1][4][0]   |     4.286 | SLOW    |     2.221 | FAST    |
B_i[0][4][0]   | C_o[1][4][1]   |     4.692 | SLOW    |     2.356 | FAST    |
B_i[0][4][0]   | C_o[1][4][2]   |     4.708 | SLOW    |     2.356 | FAST    |
B_i[0][4][0]   | C_o[1][4][3]   |     5.001 | SLOW    |     2.330 | FAST    |
B_i[0][4][0]   | C_o[2][4][0]   |     4.286 | SLOW    |     2.221 | FAST    |
B_i[0][4][0]   | C_o[2][4][1]   |     4.692 | SLOW    |     2.356 | FAST    |
B_i[0][4][0]   | C_o[2][4][2]   |     4.708 | SLOW    |     2.356 | FAST    |
B_i[0][4][0]   | C_o[2][4][3]   |     5.001 | SLOW    |     2.330 | FAST    |
B_i[0][4][0]   | C_o[3][4][0]   |     4.286 | SLOW    |     2.221 | FAST    |
B_i[0][4][0]   | C_o[3][4][1]   |     4.692 | SLOW    |     2.356 | FAST    |
B_i[0][4][0]   | C_o[3][4][2]   |     4.708 | SLOW    |     2.356 | FAST    |
B_i[0][4][0]   | C_o[3][4][3]   |     5.001 | SLOW    |     2.330 | FAST    |
B_i[0][4][0]   | C_o[4][4][0]   |     4.286 | SLOW    |     2.221 | FAST    |
B_i[0][4][0]   | C_o[4][4][1]   |     4.692 | SLOW    |     2.356 | FAST    |
B_i[0][4][0]   | C_o[4][4][2]   |     4.708 | SLOW    |     2.356 | FAST    |
B_i[0][4][0]   | C_o[4][4][3]   |     5.001 | SLOW    |     2.330 | FAST    |
B_i[0][4][0]   | C_o[5][4][0]   |     4.286 | SLOW    |     2.221 | FAST    |
B_i[0][4][0]   | C_o[5][4][1]   |     4.692 | SLOW    |     2.356 | FAST    |
B_i[0][4][0]   | C_o[5][4][2]   |     4.708 | SLOW    |     2.356 | FAST    |
B_i[0][4][0]   | C_o[5][4][3]   |     5.001 | SLOW    |     2.330 | FAST    |
B_i[0][4][0]   | C_o[6][4][0]   |     4.286 | SLOW    |     2.221 | FAST    |
B_i[0][4][0]   | C_o[6][4][1]   |     4.692 | SLOW    |     2.356 | FAST    |
B_i[0][4][0]   | C_o[6][4][2]   |     4.708 | SLOW    |     2.356 | FAST    |
B_i[0][4][0]   | C_o[6][4][3]   |     5.001 | SLOW    |     2.330 | FAST    |
B_i[0][4][0]   | C_o[7][4][0]   |     4.286 | SLOW    |     2.221 | FAST    |
B_i[0][4][0]   | C_o[7][4][1]   |     4.692 | SLOW    |     2.356 | FAST    |
B_i[0][4][0]   | C_o[7][4][2]   |     4.708 | SLOW    |     2.356 | FAST    |
B_i[0][4][0]   | C_o[7][4][3]   |     5.001 | SLOW    |     2.330 | FAST    |
B_i[0][4][1]   | C_o[0][4][1]   |     4.683 | SLOW    |     2.431 | FAST    |
B_i[0][4][1]   | C_o[0][4][2]   |     4.699 | SLOW    |     2.371 | FAST    |
B_i[0][4][1]   | C_o[0][4][3]   |     4.992 | SLOW    |     2.320 | FAST    |
B_i[0][4][1]   | C_o[1][4][1]   |     4.683 | SLOW    |     2.431 | FAST    |
B_i[0][4][1]   | C_o[1][4][2]   |     4.699 | SLOW    |     2.371 | FAST    |
B_i[0][4][1]   | C_o[1][4][3]   |     4.992 | SLOW    |     2.320 | FAST    |
B_i[0][4][1]   | C_o[2][4][1]   |     4.683 | SLOW    |     2.431 | FAST    |
B_i[0][4][1]   | C_o[2][4][2]   |     4.699 | SLOW    |     2.371 | FAST    |
B_i[0][4][1]   | C_o[2][4][3]   |     4.992 | SLOW    |     2.320 | FAST    |
B_i[0][4][1]   | C_o[3][4][1]   |     4.683 | SLOW    |     2.431 | FAST    |
B_i[0][4][1]   | C_o[3][4][2]   |     4.699 | SLOW    |     2.371 | FAST    |
B_i[0][4][1]   | C_o[3][4][3]   |     4.992 | SLOW    |     2.320 | FAST    |
B_i[0][4][1]   | C_o[4][4][1]   |     4.683 | SLOW    |     2.431 | FAST    |
B_i[0][4][1]   | C_o[4][4][2]   |     4.699 | SLOW    |     2.371 | FAST    |
B_i[0][4][1]   | C_o[4][4][3]   |     4.992 | SLOW    |     2.320 | FAST    |
B_i[0][4][1]   | C_o[5][4][1]   |     4.683 | SLOW    |     2.431 | FAST    |
B_i[0][4][1]   | C_o[5][4][2]   |     4.699 | SLOW    |     2.371 | FAST    |
B_i[0][4][1]   | C_o[5][4][3]   |     4.992 | SLOW    |     2.320 | FAST    |
B_i[0][4][1]   | C_o[6][4][1]   |     4.683 | SLOW    |     2.431 | FAST    |
B_i[0][4][1]   | C_o[6][4][2]   |     4.699 | SLOW    |     2.371 | FAST    |
B_i[0][4][1]   | C_o[6][4][3]   |     4.992 | SLOW    |     2.320 | FAST    |
B_i[0][4][1]   | C_o[7][4][1]   |     4.683 | SLOW    |     2.431 | FAST    |
B_i[0][4][1]   | C_o[7][4][2]   |     4.699 | SLOW    |     2.371 | FAST    |
B_i[0][4][1]   | C_o[7][4][3]   |     4.992 | SLOW    |     2.320 | FAST    |
B_i[0][4][2]   | C_o[0][4][2]   |     4.591 | SLOW    |     2.386 | FAST    |
B_i[0][4][2]   | C_o[0][4][3]   |     4.964 | SLOW    |     2.335 | FAST    |
B_i[0][4][2]   | C_o[1][4][2]   |     4.591 | SLOW    |     2.386 | FAST    |
B_i[0][4][2]   | C_o[1][4][3]   |     4.964 | SLOW    |     2.335 | FAST    |
B_i[0][4][2]   | C_o[2][4][2]   |     4.591 | SLOW    |     2.386 | FAST    |
B_i[0][4][2]   | C_o[2][4][3]   |     4.964 | SLOW    |     2.335 | FAST    |
B_i[0][4][2]   | C_o[3][4][2]   |     4.591 | SLOW    |     2.386 | FAST    |
B_i[0][4][2]   | C_o[3][4][3]   |     4.964 | SLOW    |     2.335 | FAST    |
B_i[0][4][2]   | C_o[4][4][2]   |     4.591 | SLOW    |     2.386 | FAST    |
B_i[0][4][2]   | C_o[4][4][3]   |     4.964 | SLOW    |     2.335 | FAST    |
B_i[0][4][2]   | C_o[5][4][2]   |     4.591 | SLOW    |     2.386 | FAST    |
B_i[0][4][2]   | C_o[5][4][3]   |     4.964 | SLOW    |     2.335 | FAST    |
B_i[0][4][2]   | C_o[6][4][2]   |     4.591 | SLOW    |     2.386 | FAST    |
B_i[0][4][2]   | C_o[6][4][3]   |     4.964 | SLOW    |     2.335 | FAST    |
B_i[0][4][2]   | C_o[7][4][2]   |     4.591 | SLOW    |     2.386 | FAST    |
B_i[0][4][2]   | C_o[7][4][3]   |     4.964 | SLOW    |     2.335 | FAST    |
B_i[0][4][3]   | C_o[0][4][3]   |     4.928 | SLOW    |     2.571 | FAST    |
B_i[0][4][3]   | C_o[1][4][3]   |     4.928 | SLOW    |     2.571 | FAST    |
B_i[0][4][3]   | C_o[2][4][3]   |     4.928 | SLOW    |     2.571 | FAST    |
B_i[0][4][3]   | C_o[3][4][3]   |     4.928 | SLOW    |     2.571 | FAST    |
B_i[0][4][3]   | C_o[4][4][3]   |     4.928 | SLOW    |     2.571 | FAST    |
B_i[0][4][3]   | C_o[5][4][3]   |     4.928 | SLOW    |     2.571 | FAST    |
B_i[0][4][3]   | C_o[6][4][3]   |     4.928 | SLOW    |     2.571 | FAST    |
B_i[0][4][3]   | C_o[7][4][3]   |     4.928 | SLOW    |     2.571 | FAST    |
B_i[0][5][0]   | C_o[0][5][0]   |     4.286 | SLOW    |     2.221 | FAST    |
B_i[0][5][0]   | C_o[0][5][1]   |     4.723 | SLOW    |     2.356 | FAST    |
B_i[0][5][0]   | C_o[0][5][2]   |     4.739 | SLOW    |     2.356 | FAST    |
B_i[0][5][0]   | C_o[0][5][3]   |     5.032 | SLOW    |     2.330 | FAST    |
B_i[0][5][0]   | C_o[1][5][0]   |     4.286 | SLOW    |     2.221 | FAST    |
B_i[0][5][0]   | C_o[1][5][1]   |     4.723 | SLOW    |     2.356 | FAST    |
B_i[0][5][0]   | C_o[1][5][2]   |     4.739 | SLOW    |     2.356 | FAST    |
B_i[0][5][0]   | C_o[1][5][3]   |     5.032 | SLOW    |     2.330 | FAST    |
B_i[0][5][0]   | C_o[2][5][0]   |     4.286 | SLOW    |     2.221 | FAST    |
B_i[0][5][0]   | C_o[2][5][1]   |     4.723 | SLOW    |     2.356 | FAST    |
B_i[0][5][0]   | C_o[2][5][2]   |     4.739 | SLOW    |     2.356 | FAST    |
B_i[0][5][0]   | C_o[2][5][3]   |     5.032 | SLOW    |     2.330 | FAST    |
B_i[0][5][0]   | C_o[3][5][0]   |     4.286 | SLOW    |     2.221 | FAST    |
B_i[0][5][0]   | C_o[3][5][1]   |     4.723 | SLOW    |     2.356 | FAST    |
B_i[0][5][0]   | C_o[3][5][2]   |     4.739 | SLOW    |     2.356 | FAST    |
B_i[0][5][0]   | C_o[3][5][3]   |     5.032 | SLOW    |     2.330 | FAST    |
B_i[0][5][0]   | C_o[4][5][0]   |     4.286 | SLOW    |     2.221 | FAST    |
B_i[0][5][0]   | C_o[4][5][1]   |     4.723 | SLOW    |     2.356 | FAST    |
B_i[0][5][0]   | C_o[4][5][2]   |     4.739 | SLOW    |     2.356 | FAST    |
B_i[0][5][0]   | C_o[4][5][3]   |     5.032 | SLOW    |     2.330 | FAST    |
B_i[0][5][0]   | C_o[5][5][0]   |     4.286 | SLOW    |     2.221 | FAST    |
B_i[0][5][0]   | C_o[5][5][1]   |     4.723 | SLOW    |     2.356 | FAST    |
B_i[0][5][0]   | C_o[5][5][2]   |     4.739 | SLOW    |     2.356 | FAST    |
B_i[0][5][0]   | C_o[5][5][3]   |     5.032 | SLOW    |     2.330 | FAST    |
B_i[0][5][0]   | C_o[6][5][0]   |     4.286 | SLOW    |     2.221 | FAST    |
B_i[0][5][0]   | C_o[6][5][1]   |     4.723 | SLOW    |     2.356 | FAST    |
B_i[0][5][0]   | C_o[6][5][2]   |     4.739 | SLOW    |     2.356 | FAST    |
B_i[0][5][0]   | C_o[6][5][3]   |     5.032 | SLOW    |     2.330 | FAST    |
B_i[0][5][0]   | C_o[7][5][0]   |     4.286 | SLOW    |     2.221 | FAST    |
B_i[0][5][0]   | C_o[7][5][1]   |     4.723 | SLOW    |     2.356 | FAST    |
B_i[0][5][0]   | C_o[7][5][2]   |     4.739 | SLOW    |     2.356 | FAST    |
B_i[0][5][0]   | C_o[7][5][3]   |     5.032 | SLOW    |     2.330 | FAST    |
B_i[0][5][1]   | C_o[0][5][1]   |     4.705 | SLOW    |     2.445 | FAST    |
B_i[0][5][1]   | C_o[0][5][2]   |     4.721 | SLOW    |     2.371 | FAST    |
B_i[0][5][1]   | C_o[0][5][3]   |     5.014 | SLOW    |     2.320 | FAST    |
B_i[0][5][1]   | C_o[1][5][1]   |     4.705 | SLOW    |     2.445 | FAST    |
B_i[0][5][1]   | C_o[1][5][2]   |     4.721 | SLOW    |     2.371 | FAST    |
B_i[0][5][1]   | C_o[1][5][3]   |     5.014 | SLOW    |     2.320 | FAST    |
B_i[0][5][1]   | C_o[2][5][1]   |     4.705 | SLOW    |     2.445 | FAST    |
B_i[0][5][1]   | C_o[2][5][2]   |     4.721 | SLOW    |     2.371 | FAST    |
B_i[0][5][1]   | C_o[2][5][3]   |     5.014 | SLOW    |     2.320 | FAST    |
B_i[0][5][1]   | C_o[3][5][1]   |     4.705 | SLOW    |     2.445 | FAST    |
B_i[0][5][1]   | C_o[3][5][2]   |     4.721 | SLOW    |     2.371 | FAST    |
B_i[0][5][1]   | C_o[3][5][3]   |     5.014 | SLOW    |     2.320 | FAST    |
B_i[0][5][1]   | C_o[4][5][1]   |     4.705 | SLOW    |     2.445 | FAST    |
B_i[0][5][1]   | C_o[4][5][2]   |     4.721 | SLOW    |     2.371 | FAST    |
B_i[0][5][1]   | C_o[4][5][3]   |     5.014 | SLOW    |     2.320 | FAST    |
B_i[0][5][1]   | C_o[5][5][1]   |     4.705 | SLOW    |     2.445 | FAST    |
B_i[0][5][1]   | C_o[5][5][2]   |     4.721 | SLOW    |     2.371 | FAST    |
B_i[0][5][1]   | C_o[5][5][3]   |     5.014 | SLOW    |     2.320 | FAST    |
B_i[0][5][1]   | C_o[6][5][1]   |     4.705 | SLOW    |     2.445 | FAST    |
B_i[0][5][1]   | C_o[6][5][2]   |     4.721 | SLOW    |     2.371 | FAST    |
B_i[0][5][1]   | C_o[6][5][3]   |     5.014 | SLOW    |     2.320 | FAST    |
B_i[0][5][1]   | C_o[7][5][1]   |     4.705 | SLOW    |     2.445 | FAST    |
B_i[0][5][1]   | C_o[7][5][2]   |     4.721 | SLOW    |     2.371 | FAST    |
B_i[0][5][1]   | C_o[7][5][3]   |     5.014 | SLOW    |     2.320 | FAST    |
B_i[0][5][2]   | C_o[0][5][2]   |     4.591 | SLOW    |     2.386 | FAST    |
B_i[0][5][2]   | C_o[0][5][3]   |     4.964 | SLOW    |     2.335 | FAST    |
B_i[0][5][2]   | C_o[1][5][2]   |     4.591 | SLOW    |     2.386 | FAST    |
B_i[0][5][2]   | C_o[1][5][3]   |     4.964 | SLOW    |     2.335 | FAST    |
B_i[0][5][2]   | C_o[2][5][2]   |     4.591 | SLOW    |     2.386 | FAST    |
B_i[0][5][2]   | C_o[2][5][3]   |     4.964 | SLOW    |     2.335 | FAST    |
B_i[0][5][2]   | C_o[3][5][2]   |     4.591 | SLOW    |     2.386 | FAST    |
B_i[0][5][2]   | C_o[3][5][3]   |     4.964 | SLOW    |     2.335 | FAST    |
B_i[0][5][2]   | C_o[4][5][2]   |     4.591 | SLOW    |     2.386 | FAST    |
B_i[0][5][2]   | C_o[4][5][3]   |     4.964 | SLOW    |     2.335 | FAST    |
B_i[0][5][2]   | C_o[5][5][2]   |     4.591 | SLOW    |     2.386 | FAST    |
B_i[0][5][2]   | C_o[5][5][3]   |     4.964 | SLOW    |     2.335 | FAST    |
B_i[0][5][2]   | C_o[6][5][2]   |     4.591 | SLOW    |     2.386 | FAST    |
B_i[0][5][2]   | C_o[6][5][3]   |     4.964 | SLOW    |     2.335 | FAST    |
B_i[0][5][2]   | C_o[7][5][2]   |     4.591 | SLOW    |     2.386 | FAST    |
B_i[0][5][2]   | C_o[7][5][3]   |     4.964 | SLOW    |     2.335 | FAST    |
B_i[0][5][3]   | C_o[0][5][3]   |     4.928 | SLOW    |     2.571 | FAST    |
B_i[0][5][3]   | C_o[1][5][3]   |     4.928 | SLOW    |     2.571 | FAST    |
B_i[0][5][3]   | C_o[2][5][3]   |     4.928 | SLOW    |     2.571 | FAST    |
B_i[0][5][3]   | C_o[3][5][3]   |     4.928 | SLOW    |     2.571 | FAST    |
B_i[0][5][3]   | C_o[4][5][3]   |     4.928 | SLOW    |     2.571 | FAST    |
B_i[0][5][3]   | C_o[5][5][3]   |     4.928 | SLOW    |     2.571 | FAST    |
B_i[0][5][3]   | C_o[6][5][3]   |     4.928 | SLOW    |     2.571 | FAST    |
B_i[0][5][3]   | C_o[7][5][3]   |     4.928 | SLOW    |     2.571 | FAST    |
B_i[0][6][0]   | C_o[0][6][0]   |     4.286 | SLOW    |     2.221 | FAST    |
B_i[0][6][0]   | C_o[0][6][1]   |     4.692 | SLOW    |     2.356 | FAST    |
B_i[0][6][0]   | C_o[0][6][2]   |     4.708 | SLOW    |     2.356 | FAST    |
B_i[0][6][0]   | C_o[0][6][3]   |     5.001 | SLOW    |     2.330 | FAST    |
B_i[0][6][0]   | C_o[1][6][0]   |     4.286 | SLOW    |     2.221 | FAST    |
B_i[0][6][0]   | C_o[1][6][1]   |     4.692 | SLOW    |     2.356 | FAST    |
B_i[0][6][0]   | C_o[1][6][2]   |     4.708 | SLOW    |     2.356 | FAST    |
B_i[0][6][0]   | C_o[1][6][3]   |     5.001 | SLOW    |     2.330 | FAST    |
B_i[0][6][0]   | C_o[2][6][0]   |     4.286 | SLOW    |     2.221 | FAST    |
B_i[0][6][0]   | C_o[2][6][1]   |     4.692 | SLOW    |     2.356 | FAST    |
B_i[0][6][0]   | C_o[2][6][2]   |     4.708 | SLOW    |     2.356 | FAST    |
B_i[0][6][0]   | C_o[2][6][3]   |     5.001 | SLOW    |     2.330 | FAST    |
B_i[0][6][0]   | C_o[3][6][0]   |     4.286 | SLOW    |     2.221 | FAST    |
B_i[0][6][0]   | C_o[3][6][1]   |     4.692 | SLOW    |     2.356 | FAST    |
B_i[0][6][0]   | C_o[3][6][2]   |     4.708 | SLOW    |     2.356 | FAST    |
B_i[0][6][0]   | C_o[3][6][3]   |     5.001 | SLOW    |     2.330 | FAST    |
B_i[0][6][0]   | C_o[4][6][0]   |     4.286 | SLOW    |     2.221 | FAST    |
B_i[0][6][0]   | C_o[4][6][1]   |     4.692 | SLOW    |     2.356 | FAST    |
B_i[0][6][0]   | C_o[4][6][2]   |     4.708 | SLOW    |     2.356 | FAST    |
B_i[0][6][0]   | C_o[4][6][3]   |     5.001 | SLOW    |     2.330 | FAST    |
B_i[0][6][0]   | C_o[5][6][0]   |     4.286 | SLOW    |     2.221 | FAST    |
B_i[0][6][0]   | C_o[5][6][1]   |     4.692 | SLOW    |     2.356 | FAST    |
B_i[0][6][0]   | C_o[5][6][2]   |     4.708 | SLOW    |     2.356 | FAST    |
B_i[0][6][0]   | C_o[5][6][3]   |     5.001 | SLOW    |     2.330 | FAST    |
B_i[0][6][0]   | C_o[6][6][0]   |     4.286 | SLOW    |     2.221 | FAST    |
B_i[0][6][0]   | C_o[6][6][1]   |     4.692 | SLOW    |     2.356 | FAST    |
B_i[0][6][0]   | C_o[6][6][2]   |     4.708 | SLOW    |     2.356 | FAST    |
B_i[0][6][0]   | C_o[6][6][3]   |     5.001 | SLOW    |     2.330 | FAST    |
B_i[0][6][0]   | C_o[7][6][0]   |     4.286 | SLOW    |     2.221 | FAST    |
B_i[0][6][0]   | C_o[7][6][1]   |     4.692 | SLOW    |     2.356 | FAST    |
B_i[0][6][0]   | C_o[7][6][2]   |     4.708 | SLOW    |     2.356 | FAST    |
B_i[0][6][0]   | C_o[7][6][3]   |     5.001 | SLOW    |     2.330 | FAST    |
B_i[0][6][1]   | C_o[0][6][1]   |     4.683 | SLOW    |     2.431 | FAST    |
B_i[0][6][1]   | C_o[0][6][2]   |     4.699 | SLOW    |     2.371 | FAST    |
B_i[0][6][1]   | C_o[0][6][3]   |     4.992 | SLOW    |     2.320 | FAST    |
B_i[0][6][1]   | C_o[1][6][1]   |     4.683 | SLOW    |     2.431 | FAST    |
B_i[0][6][1]   | C_o[1][6][2]   |     4.699 | SLOW    |     2.371 | FAST    |
B_i[0][6][1]   | C_o[1][6][3]   |     4.992 | SLOW    |     2.320 | FAST    |
B_i[0][6][1]   | C_o[2][6][1]   |     4.683 | SLOW    |     2.431 | FAST    |
B_i[0][6][1]   | C_o[2][6][2]   |     4.699 | SLOW    |     2.371 | FAST    |
B_i[0][6][1]   | C_o[2][6][3]   |     4.992 | SLOW    |     2.320 | FAST    |
B_i[0][6][1]   | C_o[3][6][1]   |     4.683 | SLOW    |     2.431 | FAST    |
B_i[0][6][1]   | C_o[3][6][2]   |     4.699 | SLOW    |     2.371 | FAST    |
B_i[0][6][1]   | C_o[3][6][3]   |     4.992 | SLOW    |     2.320 | FAST    |
B_i[0][6][1]   | C_o[4][6][1]   |     4.683 | SLOW    |     2.431 | FAST    |
B_i[0][6][1]   | C_o[4][6][2]   |     4.699 | SLOW    |     2.371 | FAST    |
B_i[0][6][1]   | C_o[4][6][3]   |     4.992 | SLOW    |     2.320 | FAST    |
B_i[0][6][1]   | C_o[5][6][1]   |     4.683 | SLOW    |     2.431 | FAST    |
B_i[0][6][1]   | C_o[5][6][2]   |     4.699 | SLOW    |     2.371 | FAST    |
B_i[0][6][1]   | C_o[5][6][3]   |     4.992 | SLOW    |     2.320 | FAST    |
B_i[0][6][1]   | C_o[6][6][1]   |     4.683 | SLOW    |     2.431 | FAST    |
B_i[0][6][1]   | C_o[6][6][2]   |     4.699 | SLOW    |     2.371 | FAST    |
B_i[0][6][1]   | C_o[6][6][3]   |     4.992 | SLOW    |     2.320 | FAST    |
B_i[0][6][1]   | C_o[7][6][1]   |     4.683 | SLOW    |     2.431 | FAST    |
B_i[0][6][1]   | C_o[7][6][2]   |     4.699 | SLOW    |     2.371 | FAST    |
B_i[0][6][1]   | C_o[7][6][3]   |     4.992 | SLOW    |     2.320 | FAST    |
B_i[0][6][2]   | C_o[0][6][2]   |     4.591 | SLOW    |     2.386 | FAST    |
B_i[0][6][2]   | C_o[0][6][3]   |     4.964 | SLOW    |     2.335 | FAST    |
B_i[0][6][2]   | C_o[1][6][2]   |     4.591 | SLOW    |     2.386 | FAST    |
B_i[0][6][2]   | C_o[1][6][3]   |     4.964 | SLOW    |     2.335 | FAST    |
B_i[0][6][2]   | C_o[2][6][2]   |     4.591 | SLOW    |     2.386 | FAST    |
B_i[0][6][2]   | C_o[2][6][3]   |     4.964 | SLOW    |     2.335 | FAST    |
B_i[0][6][2]   | C_o[3][6][2]   |     4.591 | SLOW    |     2.386 | FAST    |
B_i[0][6][2]   | C_o[3][6][3]   |     4.964 | SLOW    |     2.335 | FAST    |
B_i[0][6][2]   | C_o[4][6][2]   |     4.591 | SLOW    |     2.386 | FAST    |
B_i[0][6][2]   | C_o[4][6][3]   |     4.964 | SLOW    |     2.335 | FAST    |
B_i[0][6][2]   | C_o[5][6][2]   |     4.591 | SLOW    |     2.386 | FAST    |
B_i[0][6][2]   | C_o[5][6][3]   |     4.964 | SLOW    |     2.335 | FAST    |
B_i[0][6][2]   | C_o[6][6][2]   |     4.591 | SLOW    |     2.386 | FAST    |
B_i[0][6][2]   | C_o[6][6][3]   |     4.964 | SLOW    |     2.335 | FAST    |
B_i[0][6][2]   | C_o[7][6][2]   |     4.591 | SLOW    |     2.386 | FAST    |
B_i[0][6][2]   | C_o[7][6][3]   |     4.964 | SLOW    |     2.335 | FAST    |
B_i[0][6][3]   | C_o[0][6][3]   |     4.928 | SLOW    |     2.571 | FAST    |
B_i[0][6][3]   | C_o[1][6][3]   |     4.928 | SLOW    |     2.571 | FAST    |
B_i[0][6][3]   | C_o[2][6][3]   |     4.928 | SLOW    |     2.571 | FAST    |
B_i[0][6][3]   | C_o[3][6][3]   |     4.928 | SLOW    |     2.571 | FAST    |
B_i[0][6][3]   | C_o[4][6][3]   |     4.928 | SLOW    |     2.571 | FAST    |
B_i[0][6][3]   | C_o[5][6][3]   |     4.928 | SLOW    |     2.571 | FAST    |
B_i[0][6][3]   | C_o[6][6][3]   |     4.928 | SLOW    |     2.571 | FAST    |
B_i[0][6][3]   | C_o[7][6][3]   |     4.928 | SLOW    |     2.571 | FAST    |
B_i[0][7][0]   | C_o[0][7][0]   |     4.286 | SLOW    |     2.221 | FAST    |
B_i[0][7][0]   | C_o[0][7][1]   |     4.723 | SLOW    |     2.356 | FAST    |
B_i[0][7][0]   | C_o[0][7][2]   |     4.739 | SLOW    |     2.356 | FAST    |
B_i[0][7][0]   | C_o[0][7][3]   |     5.032 | SLOW    |     2.330 | FAST    |
B_i[0][7][0]   | C_o[1][7][0]   |     4.286 | SLOW    |     2.221 | FAST    |
B_i[0][7][0]   | C_o[1][7][1]   |     4.723 | SLOW    |     2.356 | FAST    |
B_i[0][7][0]   | C_o[1][7][2]   |     4.739 | SLOW    |     2.356 | FAST    |
B_i[0][7][0]   | C_o[1][7][3]   |     5.032 | SLOW    |     2.330 | FAST    |
B_i[0][7][0]   | C_o[2][7][0]   |     4.286 | SLOW    |     2.221 | FAST    |
B_i[0][7][0]   | C_o[2][7][1]   |     4.723 | SLOW    |     2.356 | FAST    |
B_i[0][7][0]   | C_o[2][7][2]   |     4.739 | SLOW    |     2.356 | FAST    |
B_i[0][7][0]   | C_o[2][7][3]   |     5.032 | SLOW    |     2.330 | FAST    |
B_i[0][7][0]   | C_o[3][7][0]   |     4.286 | SLOW    |     2.221 | FAST    |
B_i[0][7][0]   | C_o[3][7][1]   |     4.723 | SLOW    |     2.356 | FAST    |
B_i[0][7][0]   | C_o[3][7][2]   |     4.739 | SLOW    |     2.356 | FAST    |
B_i[0][7][0]   | C_o[3][7][3]   |     5.032 | SLOW    |     2.330 | FAST    |
B_i[0][7][0]   | C_o[4][7][0]   |     4.286 | SLOW    |     2.221 | FAST    |
B_i[0][7][0]   | C_o[4][7][1]   |     4.723 | SLOW    |     2.356 | FAST    |
B_i[0][7][0]   | C_o[4][7][2]   |     4.739 | SLOW    |     2.356 | FAST    |
B_i[0][7][0]   | C_o[4][7][3]   |     5.032 | SLOW    |     2.330 | FAST    |
B_i[0][7][0]   | C_o[5][7][0]   |     4.286 | SLOW    |     2.221 | FAST    |
B_i[0][7][0]   | C_o[5][7][1]   |     4.723 | SLOW    |     2.356 | FAST    |
B_i[0][7][0]   | C_o[5][7][2]   |     4.739 | SLOW    |     2.356 | FAST    |
B_i[0][7][0]   | C_o[5][7][3]   |     5.032 | SLOW    |     2.330 | FAST    |
B_i[0][7][0]   | C_o[6][7][0]   |     4.286 | SLOW    |     2.221 | FAST    |
B_i[0][7][0]   | C_o[6][7][1]   |     4.723 | SLOW    |     2.356 | FAST    |
B_i[0][7][0]   | C_o[6][7][2]   |     4.739 | SLOW    |     2.356 | FAST    |
B_i[0][7][0]   | C_o[6][7][3]   |     5.032 | SLOW    |     2.330 | FAST    |
B_i[0][7][0]   | C_o[7][7][0]   |     4.286 | SLOW    |     2.221 | FAST    |
B_i[0][7][0]   | C_o[7][7][1]   |     4.723 | SLOW    |     2.356 | FAST    |
B_i[0][7][0]   | C_o[7][7][2]   |     4.739 | SLOW    |     2.356 | FAST    |
B_i[0][7][0]   | C_o[7][7][3]   |     5.032 | SLOW    |     2.330 | FAST    |
B_i[0][7][1]   | C_o[0][7][1]   |     4.705 | SLOW    |     2.445 | FAST    |
B_i[0][7][1]   | C_o[0][7][2]   |     4.721 | SLOW    |     2.371 | FAST    |
B_i[0][7][1]   | C_o[0][7][3]   |     5.014 | SLOW    |     2.320 | FAST    |
B_i[0][7][1]   | C_o[1][7][1]   |     4.705 | SLOW    |     2.445 | FAST    |
B_i[0][7][1]   | C_o[1][7][2]   |     4.721 | SLOW    |     2.371 | FAST    |
B_i[0][7][1]   | C_o[1][7][3]   |     5.014 | SLOW    |     2.320 | FAST    |
B_i[0][7][1]   | C_o[2][7][1]   |     4.705 | SLOW    |     2.445 | FAST    |
B_i[0][7][1]   | C_o[2][7][2]   |     4.721 | SLOW    |     2.371 | FAST    |
B_i[0][7][1]   | C_o[2][7][3]   |     5.014 | SLOW    |     2.320 | FAST    |
B_i[0][7][1]   | C_o[3][7][1]   |     4.705 | SLOW    |     2.445 | FAST    |
B_i[0][7][1]   | C_o[3][7][2]   |     4.721 | SLOW    |     2.371 | FAST    |
B_i[0][7][1]   | C_o[3][7][3]   |     5.014 | SLOW    |     2.320 | FAST    |
B_i[0][7][1]   | C_o[4][7][1]   |     4.705 | SLOW    |     2.445 | FAST    |
B_i[0][7][1]   | C_o[4][7][2]   |     4.721 | SLOW    |     2.371 | FAST    |
B_i[0][7][1]   | C_o[4][7][3]   |     5.014 | SLOW    |     2.320 | FAST    |
B_i[0][7][1]   | C_o[5][7][1]   |     4.705 | SLOW    |     2.445 | FAST    |
B_i[0][7][1]   | C_o[5][7][2]   |     4.721 | SLOW    |     2.371 | FAST    |
B_i[0][7][1]   | C_o[5][7][3]   |     5.014 | SLOW    |     2.320 | FAST    |
B_i[0][7][1]   | C_o[6][7][1]   |     4.705 | SLOW    |     2.445 | FAST    |
B_i[0][7][1]   | C_o[6][7][2]   |     4.721 | SLOW    |     2.371 | FAST    |
B_i[0][7][1]   | C_o[6][7][3]   |     5.014 | SLOW    |     2.320 | FAST    |
B_i[0][7][1]   | C_o[7][7][1]   |     4.705 | SLOW    |     2.445 | FAST    |
B_i[0][7][1]   | C_o[7][7][2]   |     4.721 | SLOW    |     2.371 | FAST    |
B_i[0][7][1]   | C_o[7][7][3]   |     5.014 | SLOW    |     2.320 | FAST    |
B_i[0][7][2]   | C_o[0][7][2]   |     4.591 | SLOW    |     2.386 | FAST    |
B_i[0][7][2]   | C_o[0][7][3]   |     4.964 | SLOW    |     2.335 | FAST    |
B_i[0][7][2]   | C_o[1][7][2]   |     4.591 | SLOW    |     2.386 | FAST    |
B_i[0][7][2]   | C_o[1][7][3]   |     4.964 | SLOW    |     2.335 | FAST    |
B_i[0][7][2]   | C_o[2][7][2]   |     4.591 | SLOW    |     2.386 | FAST    |
B_i[0][7][2]   | C_o[2][7][3]   |     4.964 | SLOW    |     2.335 | FAST    |
B_i[0][7][2]   | C_o[3][7][2]   |     4.591 | SLOW    |     2.386 | FAST    |
B_i[0][7][2]   | C_o[3][7][3]   |     4.964 | SLOW    |     2.335 | FAST    |
B_i[0][7][2]   | C_o[4][7][2]   |     4.591 | SLOW    |     2.386 | FAST    |
B_i[0][7][2]   | C_o[4][7][3]   |     4.964 | SLOW    |     2.335 | FAST    |
B_i[0][7][2]   | C_o[5][7][2]   |     4.591 | SLOW    |     2.386 | FAST    |
B_i[0][7][2]   | C_o[5][7][3]   |     4.964 | SLOW    |     2.335 | FAST    |
B_i[0][7][2]   | C_o[6][7][2]   |     4.591 | SLOW    |     2.386 | FAST    |
B_i[0][7][2]   | C_o[6][7][3]   |     4.964 | SLOW    |     2.335 | FAST    |
B_i[0][7][2]   | C_o[7][7][2]   |     4.591 | SLOW    |     2.386 | FAST    |
B_i[0][7][2]   | C_o[7][7][3]   |     4.964 | SLOW    |     2.335 | FAST    |
B_i[0][7][3]   | C_o[0][7][3]   |     4.928 | SLOW    |     2.571 | FAST    |
B_i[0][7][3]   | C_o[1][7][3]   |     4.928 | SLOW    |     2.571 | FAST    |
B_i[0][7][3]   | C_o[2][7][3]   |     4.928 | SLOW    |     2.571 | FAST    |
B_i[0][7][3]   | C_o[3][7][3]   |     4.928 | SLOW    |     2.571 | FAST    |
B_i[0][7][3]   | C_o[4][7][3]   |     4.928 | SLOW    |     2.571 | FAST    |
B_i[0][7][3]   | C_o[5][7][3]   |     4.928 | SLOW    |     2.571 | FAST    |
B_i[0][7][3]   | C_o[6][7][3]   |     4.928 | SLOW    |     2.571 | FAST    |
B_i[0][7][3]   | C_o[7][7][3]   |     4.928 | SLOW    |     2.571 | FAST    |
B_i[1][0][0]   | C_o[0][0][0]   |     4.511 | SLOW    |     2.343 | FAST    |
B_i[1][0][0]   | C_o[0][0][1]   |     4.746 | SLOW    |     2.328 | FAST    |
B_i[1][0][0]   | C_o[0][0][2]   |     4.783 | SLOW    |     2.324 | FAST    |
B_i[1][0][0]   | C_o[0][0][3]   |     5.064 | SLOW    |     2.445 | FAST    |
B_i[1][0][0]   | C_o[1][0][0]   |     4.511 | SLOW    |     2.343 | FAST    |
B_i[1][0][0]   | C_o[1][0][1]   |     4.746 | SLOW    |     2.328 | FAST    |
B_i[1][0][0]   | C_o[1][0][2]   |     4.783 | SLOW    |     2.324 | FAST    |
B_i[1][0][0]   | C_o[1][0][3]   |     5.064 | SLOW    |     2.445 | FAST    |
B_i[1][0][0]   | C_o[2][0][0]   |     4.511 | SLOW    |     2.343 | FAST    |
B_i[1][0][0]   | C_o[2][0][1]   |     4.746 | SLOW    |     2.328 | FAST    |
B_i[1][0][0]   | C_o[2][0][2]   |     4.783 | SLOW    |     2.324 | FAST    |
B_i[1][0][0]   | C_o[2][0][3]   |     5.064 | SLOW    |     2.445 | FAST    |
B_i[1][0][0]   | C_o[3][0][0]   |     4.511 | SLOW    |     2.343 | FAST    |
B_i[1][0][0]   | C_o[3][0][1]   |     4.746 | SLOW    |     2.328 | FAST    |
B_i[1][0][0]   | C_o[3][0][2]   |     4.783 | SLOW    |     2.324 | FAST    |
B_i[1][0][0]   | C_o[3][0][3]   |     5.064 | SLOW    |     2.445 | FAST    |
B_i[1][0][0]   | C_o[4][0][0]   |     4.511 | SLOW    |     2.343 | FAST    |
B_i[1][0][0]   | C_o[4][0][1]   |     4.746 | SLOW    |     2.328 | FAST    |
B_i[1][0][0]   | C_o[4][0][2]   |     4.783 | SLOW    |     2.324 | FAST    |
B_i[1][0][0]   | C_o[4][0][3]   |     5.064 | SLOW    |     2.445 | FAST    |
B_i[1][0][0]   | C_o[5][0][0]   |     4.511 | SLOW    |     2.343 | FAST    |
B_i[1][0][0]   | C_o[5][0][1]   |     4.746 | SLOW    |     2.328 | FAST    |
B_i[1][0][0]   | C_o[5][0][2]   |     4.783 | SLOW    |     2.324 | FAST    |
B_i[1][0][0]   | C_o[5][0][3]   |     5.064 | SLOW    |     2.445 | FAST    |
B_i[1][0][0]   | C_o[6][0][0]   |     4.511 | SLOW    |     2.343 | FAST    |
B_i[1][0][0]   | C_o[6][0][1]   |     4.746 | SLOW    |     2.328 | FAST    |
B_i[1][0][0]   | C_o[6][0][2]   |     4.783 | SLOW    |     2.324 | FAST    |
B_i[1][0][0]   | C_o[6][0][3]   |     5.064 | SLOW    |     2.445 | FAST    |
B_i[1][0][0]   | C_o[7][0][0]   |     4.511 | SLOW    |     2.343 | FAST    |
B_i[1][0][0]   | C_o[7][0][1]   |     4.746 | SLOW    |     2.328 | FAST    |
B_i[1][0][0]   | C_o[7][0][2]   |     4.783 | SLOW    |     2.324 | FAST    |
B_i[1][0][0]   | C_o[7][0][3]   |     5.064 | SLOW    |     2.445 | FAST    |
B_i[1][0][1]   | C_o[0][0][1]   |     4.695 | SLOW    |     2.436 | FAST    |
B_i[1][0][1]   | C_o[0][0][2]   |     4.774 | SLOW    |     2.440 | FAST    |
B_i[1][0][1]   | C_o[0][0][3]   |     5.004 | SLOW    |     2.435 | FAST    |
B_i[1][0][1]   | C_o[1][0][1]   |     4.695 | SLOW    |     2.436 | FAST    |
B_i[1][0][1]   | C_o[1][0][2]   |     4.774 | SLOW    |     2.440 | FAST    |
B_i[1][0][1]   | C_o[1][0][3]   |     5.004 | SLOW    |     2.435 | FAST    |
B_i[1][0][1]   | C_o[2][0][1]   |     4.695 | SLOW    |     2.436 | FAST    |
B_i[1][0][1]   | C_o[2][0][2]   |     4.774 | SLOW    |     2.440 | FAST    |
B_i[1][0][1]   | C_o[2][0][3]   |     5.004 | SLOW    |     2.435 | FAST    |
B_i[1][0][1]   | C_o[3][0][1]   |     4.695 | SLOW    |     2.436 | FAST    |
B_i[1][0][1]   | C_o[3][0][2]   |     4.774 | SLOW    |     2.440 | FAST    |
B_i[1][0][1]   | C_o[3][0][3]   |     5.004 | SLOW    |     2.435 | FAST    |
B_i[1][0][1]   | C_o[4][0][1]   |     4.695 | SLOW    |     2.436 | FAST    |
B_i[1][0][1]   | C_o[4][0][2]   |     4.774 | SLOW    |     2.440 | FAST    |
B_i[1][0][1]   | C_o[4][0][3]   |     5.004 | SLOW    |     2.435 | FAST    |
B_i[1][0][1]   | C_o[5][0][1]   |     4.695 | SLOW    |     2.436 | FAST    |
B_i[1][0][1]   | C_o[5][0][2]   |     4.774 | SLOW    |     2.440 | FAST    |
B_i[1][0][1]   | C_o[5][0][3]   |     5.004 | SLOW    |     2.435 | FAST    |
B_i[1][0][1]   | C_o[6][0][1]   |     4.695 | SLOW    |     2.436 | FAST    |
B_i[1][0][1]   | C_o[6][0][2]   |     4.774 | SLOW    |     2.440 | FAST    |
B_i[1][0][1]   | C_o[6][0][3]   |     5.004 | SLOW    |     2.435 | FAST    |
B_i[1][0][1]   | C_o[7][0][1]   |     4.695 | SLOW    |     2.436 | FAST    |
B_i[1][0][1]   | C_o[7][0][2]   |     4.774 | SLOW    |     2.440 | FAST    |
B_i[1][0][1]   | C_o[7][0][3]   |     5.004 | SLOW    |     2.435 | FAST    |
B_i[1][0][2]   | C_o[0][0][2]   |     4.797 | SLOW    |     2.497 | FAST    |
B_i[1][0][2]   | C_o[0][0][3]   |     4.959 | SLOW    |     2.450 | FAST    |
B_i[1][0][2]   | C_o[1][0][2]   |     4.797 | SLOW    |     2.497 | FAST    |
B_i[1][0][2]   | C_o[1][0][3]   |     4.959 | SLOW    |     2.450 | FAST    |
B_i[1][0][2]   | C_o[2][0][2]   |     4.797 | SLOW    |     2.497 | FAST    |
B_i[1][0][2]   | C_o[2][0][3]   |     4.959 | SLOW    |     2.450 | FAST    |
B_i[1][0][2]   | C_o[3][0][2]   |     4.797 | SLOW    |     2.497 | FAST    |
B_i[1][0][2]   | C_o[3][0][3]   |     4.959 | SLOW    |     2.450 | FAST    |
B_i[1][0][2]   | C_o[4][0][2]   |     4.797 | SLOW    |     2.497 | FAST    |
B_i[1][0][2]   | C_o[4][0][3]   |     4.959 | SLOW    |     2.450 | FAST    |
B_i[1][0][2]   | C_o[5][0][2]   |     4.797 | SLOW    |     2.497 | FAST    |
B_i[1][0][2]   | C_o[5][0][3]   |     4.959 | SLOW    |     2.450 | FAST    |
B_i[1][0][2]   | C_o[6][0][2]   |     4.797 | SLOW    |     2.497 | FAST    |
B_i[1][0][2]   | C_o[6][0][3]   |     4.959 | SLOW    |     2.450 | FAST    |
B_i[1][0][2]   | C_o[7][0][2]   |     4.797 | SLOW    |     2.497 | FAST    |
B_i[1][0][2]   | C_o[7][0][3]   |     4.959 | SLOW    |     2.450 | FAST    |
B_i[1][0][3]   | C_o[0][0][3]   |     4.841 | SLOW    |     2.520 | FAST    |
B_i[1][0][3]   | C_o[1][0][3]   |     4.841 | SLOW    |     2.520 | FAST    |
B_i[1][0][3]   | C_o[2][0][3]   |     4.841 | SLOW    |     2.520 | FAST    |
B_i[1][0][3]   | C_o[3][0][3]   |     4.841 | SLOW    |     2.520 | FAST    |
B_i[1][0][3]   | C_o[4][0][3]   |     4.841 | SLOW    |     2.520 | FAST    |
B_i[1][0][3]   | C_o[5][0][3]   |     4.841 | SLOW    |     2.520 | FAST    |
B_i[1][0][3]   | C_o[6][0][3]   |     4.841 | SLOW    |     2.520 | FAST    |
B_i[1][0][3]   | C_o[7][0][3]   |     4.841 | SLOW    |     2.520 | FAST    |
B_i[1][1][0]   | C_o[0][1][0]   |     4.511 | SLOW    |     2.343 | FAST    |
B_i[1][1][0]   | C_o[0][1][1]   |     4.746 | SLOW    |     2.328 | FAST    |
B_i[1][1][0]   | C_o[0][1][2]   |     4.814 | SLOW    |     2.324 | FAST    |
B_i[1][1][0]   | C_o[0][1][3]   |     5.064 | SLOW    |     2.445 | FAST    |
B_i[1][1][0]   | C_o[1][1][0]   |     4.511 | SLOW    |     2.343 | FAST    |
B_i[1][1][0]   | C_o[1][1][1]   |     4.746 | SLOW    |     2.328 | FAST    |
B_i[1][1][0]   | C_o[1][1][2]   |     4.814 | SLOW    |     2.324 | FAST    |
B_i[1][1][0]   | C_o[1][1][3]   |     5.064 | SLOW    |     2.445 | FAST    |
B_i[1][1][0]   | C_o[2][1][0]   |     4.511 | SLOW    |     2.343 | FAST    |
B_i[1][1][0]   | C_o[2][1][1]   |     4.746 | SLOW    |     2.328 | FAST    |
B_i[1][1][0]   | C_o[2][1][2]   |     4.814 | SLOW    |     2.324 | FAST    |
B_i[1][1][0]   | C_o[2][1][3]   |     5.064 | SLOW    |     2.445 | FAST    |
B_i[1][1][0]   | C_o[3][1][0]   |     4.511 | SLOW    |     2.343 | FAST    |
B_i[1][1][0]   | C_o[3][1][1]   |     4.746 | SLOW    |     2.328 | FAST    |
B_i[1][1][0]   | C_o[3][1][2]   |     4.814 | SLOW    |     2.324 | FAST    |
B_i[1][1][0]   | C_o[3][1][3]   |     5.064 | SLOW    |     2.445 | FAST    |
B_i[1][1][0]   | C_o[4][1][0]   |     4.511 | SLOW    |     2.343 | FAST    |
B_i[1][1][0]   | C_o[4][1][1]   |     4.746 | SLOW    |     2.328 | FAST    |
B_i[1][1][0]   | C_o[4][1][2]   |     4.814 | SLOW    |     2.324 | FAST    |
B_i[1][1][0]   | C_o[4][1][3]   |     5.064 | SLOW    |     2.445 | FAST    |
B_i[1][1][0]   | C_o[5][1][0]   |     4.511 | SLOW    |     2.343 | FAST    |
B_i[1][1][0]   | C_o[5][1][1]   |     4.746 | SLOW    |     2.328 | FAST    |
B_i[1][1][0]   | C_o[5][1][2]   |     4.814 | SLOW    |     2.324 | FAST    |
B_i[1][1][0]   | C_o[5][1][3]   |     5.064 | SLOW    |     2.445 | FAST    |
B_i[1][1][0]   | C_o[6][1][0]   |     4.511 | SLOW    |     2.343 | FAST    |
B_i[1][1][0]   | C_o[6][1][1]   |     4.746 | SLOW    |     2.328 | FAST    |
B_i[1][1][0]   | C_o[6][1][2]   |     4.814 | SLOW    |     2.324 | FAST    |
B_i[1][1][0]   | C_o[6][1][3]   |     5.064 | SLOW    |     2.445 | FAST    |
B_i[1][1][0]   | C_o[7][1][0]   |     4.511 | SLOW    |     2.343 | FAST    |
B_i[1][1][0]   | C_o[7][1][1]   |     4.746 | SLOW    |     2.328 | FAST    |
B_i[1][1][0]   | C_o[7][1][2]   |     4.814 | SLOW    |     2.324 | FAST    |
B_i[1][1][0]   | C_o[7][1][3]   |     5.064 | SLOW    |     2.445 | FAST    |
B_i[1][1][1]   | C_o[0][1][1]   |     4.717 | SLOW    |     2.450 | FAST    |
B_i[1][1][1]   | C_o[0][1][2]   |     4.796 | SLOW    |     2.454 | FAST    |
B_i[1][1][1]   | C_o[0][1][3]   |     5.026 | SLOW    |     2.435 | FAST    |
B_i[1][1][1]   | C_o[1][1][1]   |     4.717 | SLOW    |     2.450 | FAST    |
B_i[1][1][1]   | C_o[1][1][2]   |     4.796 | SLOW    |     2.454 | FAST    |
B_i[1][1][1]   | C_o[1][1][3]   |     5.026 | SLOW    |     2.435 | FAST    |
B_i[1][1][1]   | C_o[2][1][1]   |     4.717 | SLOW    |     2.450 | FAST    |
B_i[1][1][1]   | C_o[2][1][2]   |     4.796 | SLOW    |     2.454 | FAST    |
B_i[1][1][1]   | C_o[2][1][3]   |     5.026 | SLOW    |     2.435 | FAST    |
B_i[1][1][1]   | C_o[3][1][1]   |     4.717 | SLOW    |     2.450 | FAST    |
B_i[1][1][1]   | C_o[3][1][2]   |     4.796 | SLOW    |     2.454 | FAST    |
B_i[1][1][1]   | C_o[3][1][3]   |     5.026 | SLOW    |     2.435 | FAST    |
B_i[1][1][1]   | C_o[4][1][1]   |     4.717 | SLOW    |     2.450 | FAST    |
B_i[1][1][1]   | C_o[4][1][2]   |     4.796 | SLOW    |     2.454 | FAST    |
B_i[1][1][1]   | C_o[4][1][3]   |     5.026 | SLOW    |     2.435 | FAST    |
B_i[1][1][1]   | C_o[5][1][1]   |     4.717 | SLOW    |     2.450 | FAST    |
B_i[1][1][1]   | C_o[5][1][2]   |     4.796 | SLOW    |     2.454 | FAST    |
B_i[1][1][1]   | C_o[5][1][3]   |     5.026 | SLOW    |     2.435 | FAST    |
B_i[1][1][1]   | C_o[6][1][1]   |     4.717 | SLOW    |     2.450 | FAST    |
B_i[1][1][1]   | C_o[6][1][2]   |     4.796 | SLOW    |     2.454 | FAST    |
B_i[1][1][1]   | C_o[6][1][3]   |     5.026 | SLOW    |     2.435 | FAST    |
B_i[1][1][1]   | C_o[7][1][1]   |     4.717 | SLOW    |     2.450 | FAST    |
B_i[1][1][1]   | C_o[7][1][2]   |     4.796 | SLOW    |     2.454 | FAST    |
B_i[1][1][1]   | C_o[7][1][3]   |     5.026 | SLOW    |     2.435 | FAST    |
B_i[1][1][2]   | C_o[0][1][2]   |     4.797 | SLOW    |     2.497 | FAST    |
B_i[1][1][2]   | C_o[0][1][3]   |     4.959 | SLOW    |     2.450 | FAST    |
B_i[1][1][2]   | C_o[1][1][2]   |     4.797 | SLOW    |     2.497 | FAST    |
B_i[1][1][2]   | C_o[1][1][3]   |     4.959 | SLOW    |     2.450 | FAST    |
B_i[1][1][2]   | C_o[2][1][2]   |     4.797 | SLOW    |     2.497 | FAST    |
B_i[1][1][2]   | C_o[2][1][3]   |     4.959 | SLOW    |     2.450 | FAST    |
B_i[1][1][2]   | C_o[3][1][2]   |     4.797 | SLOW    |     2.497 | FAST    |
B_i[1][1][2]   | C_o[3][1][3]   |     4.959 | SLOW    |     2.450 | FAST    |
B_i[1][1][2]   | C_o[4][1][2]   |     4.797 | SLOW    |     2.497 | FAST    |
B_i[1][1][2]   | C_o[4][1][3]   |     4.959 | SLOW    |     2.450 | FAST    |
B_i[1][1][2]   | C_o[5][1][2]   |     4.797 | SLOW    |     2.497 | FAST    |
B_i[1][1][2]   | C_o[5][1][3]   |     4.959 | SLOW    |     2.450 | FAST    |
B_i[1][1][2]   | C_o[6][1][2]   |     4.797 | SLOW    |     2.497 | FAST    |
B_i[1][1][2]   | C_o[6][1][3]   |     4.959 | SLOW    |     2.450 | FAST    |
B_i[1][1][2]   | C_o[7][1][2]   |     4.797 | SLOW    |     2.497 | FAST    |
B_i[1][1][2]   | C_o[7][1][3]   |     4.959 | SLOW    |     2.450 | FAST    |
B_i[1][1][3]   | C_o[0][1][3]   |     4.841 | SLOW    |     2.520 | FAST    |
B_i[1][1][3]   | C_o[1][1][3]   |     4.841 | SLOW    |     2.520 | FAST    |
B_i[1][1][3]   | C_o[2][1][3]   |     4.841 | SLOW    |     2.520 | FAST    |
B_i[1][1][3]   | C_o[3][1][3]   |     4.841 | SLOW    |     2.520 | FAST    |
B_i[1][1][3]   | C_o[4][1][3]   |     4.841 | SLOW    |     2.520 | FAST    |
B_i[1][1][3]   | C_o[5][1][3]   |     4.841 | SLOW    |     2.520 | FAST    |
B_i[1][1][3]   | C_o[6][1][3]   |     4.841 | SLOW    |     2.520 | FAST    |
B_i[1][1][3]   | C_o[7][1][3]   |     4.841 | SLOW    |     2.520 | FAST    |
B_i[1][2][0]   | C_o[0][2][0]   |     4.511 | SLOW    |     2.343 | FAST    |
B_i[1][2][0]   | C_o[0][2][1]   |     4.746 | SLOW    |     2.328 | FAST    |
B_i[1][2][0]   | C_o[0][2][2]   |     4.783 | SLOW    |     2.324 | FAST    |
B_i[1][2][0]   | C_o[0][2][3]   |     5.064 | SLOW    |     2.445 | FAST    |
B_i[1][2][0]   | C_o[1][2][0]   |     4.511 | SLOW    |     2.343 | FAST    |
B_i[1][2][0]   | C_o[1][2][1]   |     4.746 | SLOW    |     2.328 | FAST    |
B_i[1][2][0]   | C_o[1][2][2]   |     4.783 | SLOW    |     2.324 | FAST    |
B_i[1][2][0]   | C_o[1][2][3]   |     5.064 | SLOW    |     2.445 | FAST    |
B_i[1][2][0]   | C_o[2][2][0]   |     4.511 | SLOW    |     2.343 | FAST    |
B_i[1][2][0]   | C_o[2][2][1]   |     4.746 | SLOW    |     2.328 | FAST    |
B_i[1][2][0]   | C_o[2][2][2]   |     4.783 | SLOW    |     2.324 | FAST    |
B_i[1][2][0]   | C_o[2][2][3]   |     5.064 | SLOW    |     2.445 | FAST    |
B_i[1][2][0]   | C_o[3][2][0]   |     4.511 | SLOW    |     2.343 | FAST    |
B_i[1][2][0]   | C_o[3][2][1]   |     4.746 | SLOW    |     2.328 | FAST    |
B_i[1][2][0]   | C_o[3][2][2]   |     4.783 | SLOW    |     2.324 | FAST    |
B_i[1][2][0]   | C_o[3][2][3]   |     5.064 | SLOW    |     2.445 | FAST    |
B_i[1][2][0]   | C_o[4][2][0]   |     4.511 | SLOW    |     2.343 | FAST    |
B_i[1][2][0]   | C_o[4][2][1]   |     4.746 | SLOW    |     2.328 | FAST    |
B_i[1][2][0]   | C_o[4][2][2]   |     4.783 | SLOW    |     2.324 | FAST    |
B_i[1][2][0]   | C_o[4][2][3]   |     5.064 | SLOW    |     2.445 | FAST    |
B_i[1][2][0]   | C_o[5][2][0]   |     4.511 | SLOW    |     2.343 | FAST    |
B_i[1][2][0]   | C_o[5][2][1]   |     4.746 | SLOW    |     2.328 | FAST    |
B_i[1][2][0]   | C_o[5][2][2]   |     4.783 | SLOW    |     2.324 | FAST    |
B_i[1][2][0]   | C_o[5][2][3]   |     5.064 | SLOW    |     2.445 | FAST    |
B_i[1][2][0]   | C_o[6][2][0]   |     4.511 | SLOW    |     2.343 | FAST    |
B_i[1][2][0]   | C_o[6][2][1]   |     4.746 | SLOW    |     2.328 | FAST    |
B_i[1][2][0]   | C_o[6][2][2]   |     4.783 | SLOW    |     2.324 | FAST    |
B_i[1][2][0]   | C_o[6][2][3]   |     5.064 | SLOW    |     2.445 | FAST    |
B_i[1][2][0]   | C_o[7][2][0]   |     4.511 | SLOW    |     2.343 | FAST    |
B_i[1][2][0]   | C_o[7][2][1]   |     4.746 | SLOW    |     2.328 | FAST    |
B_i[1][2][0]   | C_o[7][2][2]   |     4.783 | SLOW    |     2.324 | FAST    |
B_i[1][2][0]   | C_o[7][2][3]   |     5.064 | SLOW    |     2.445 | FAST    |
B_i[1][2][1]   | C_o[0][2][1]   |     4.695 | SLOW    |     2.436 | FAST    |
B_i[1][2][1]   | C_o[0][2][2]   |     4.774 | SLOW    |     2.440 | FAST    |
B_i[1][2][1]   | C_o[0][2][3]   |     5.004 | SLOW    |     2.435 | FAST    |
B_i[1][2][1]   | C_o[1][2][1]   |     4.695 | SLOW    |     2.436 | FAST    |
B_i[1][2][1]   | C_o[1][2][2]   |     4.774 | SLOW    |     2.440 | FAST    |
B_i[1][2][1]   | C_o[1][2][3]   |     5.004 | SLOW    |     2.435 | FAST    |
B_i[1][2][1]   | C_o[2][2][1]   |     4.695 | SLOW    |     2.436 | FAST    |
B_i[1][2][1]   | C_o[2][2][2]   |     4.774 | SLOW    |     2.440 | FAST    |
B_i[1][2][1]   | C_o[2][2][3]   |     5.004 | SLOW    |     2.435 | FAST    |
B_i[1][2][1]   | C_o[3][2][1]   |     4.695 | SLOW    |     2.436 | FAST    |
B_i[1][2][1]   | C_o[3][2][2]   |     4.774 | SLOW    |     2.440 | FAST    |
B_i[1][2][1]   | C_o[3][2][3]   |     5.004 | SLOW    |     2.435 | FAST    |
B_i[1][2][1]   | C_o[4][2][1]   |     4.695 | SLOW    |     2.436 | FAST    |
B_i[1][2][1]   | C_o[4][2][2]   |     4.774 | SLOW    |     2.440 | FAST    |
B_i[1][2][1]   | C_o[4][2][3]   |     5.004 | SLOW    |     2.435 | FAST    |
B_i[1][2][1]   | C_o[5][2][1]   |     4.695 | SLOW    |     2.436 | FAST    |
B_i[1][2][1]   | C_o[5][2][2]   |     4.774 | SLOW    |     2.440 | FAST    |
B_i[1][2][1]   | C_o[5][2][3]   |     5.004 | SLOW    |     2.435 | FAST    |
B_i[1][2][1]   | C_o[6][2][1]   |     4.695 | SLOW    |     2.436 | FAST    |
B_i[1][2][1]   | C_o[6][2][2]   |     4.774 | SLOW    |     2.440 | FAST    |
B_i[1][2][1]   | C_o[6][2][3]   |     5.004 | SLOW    |     2.435 | FAST    |
B_i[1][2][1]   | C_o[7][2][1]   |     4.695 | SLOW    |     2.436 | FAST    |
B_i[1][2][1]   | C_o[7][2][2]   |     4.774 | SLOW    |     2.440 | FAST    |
B_i[1][2][1]   | C_o[7][2][3]   |     5.004 | SLOW    |     2.435 | FAST    |
B_i[1][2][2]   | C_o[0][2][2]   |     4.797 | SLOW    |     2.497 | FAST    |
B_i[1][2][2]   | C_o[0][2][3]   |     4.959 | SLOW    |     2.450 | FAST    |
B_i[1][2][2]   | C_o[1][2][2]   |     4.797 | SLOW    |     2.497 | FAST    |
B_i[1][2][2]   | C_o[1][2][3]   |     4.959 | SLOW    |     2.450 | FAST    |
B_i[1][2][2]   | C_o[2][2][2]   |     4.797 | SLOW    |     2.497 | FAST    |
B_i[1][2][2]   | C_o[2][2][3]   |     4.959 | SLOW    |     2.450 | FAST    |
B_i[1][2][2]   | C_o[3][2][2]   |     4.797 | SLOW    |     2.497 | FAST    |
B_i[1][2][2]   | C_o[3][2][3]   |     4.959 | SLOW    |     2.450 | FAST    |
B_i[1][2][2]   | C_o[4][2][2]   |     4.797 | SLOW    |     2.497 | FAST    |
B_i[1][2][2]   | C_o[4][2][3]   |     4.959 | SLOW    |     2.450 | FAST    |
B_i[1][2][2]   | C_o[5][2][2]   |     4.797 | SLOW    |     2.497 | FAST    |
B_i[1][2][2]   | C_o[5][2][3]   |     4.959 | SLOW    |     2.450 | FAST    |
B_i[1][2][2]   | C_o[6][2][2]   |     4.797 | SLOW    |     2.497 | FAST    |
B_i[1][2][2]   | C_o[6][2][3]   |     4.959 | SLOW    |     2.450 | FAST    |
B_i[1][2][2]   | C_o[7][2][2]   |     4.797 | SLOW    |     2.497 | FAST    |
B_i[1][2][2]   | C_o[7][2][3]   |     4.959 | SLOW    |     2.450 | FAST    |
B_i[1][2][3]   | C_o[0][2][3]   |     4.841 | SLOW    |     2.520 | FAST    |
B_i[1][2][3]   | C_o[1][2][3]   |     4.841 | SLOW    |     2.520 | FAST    |
B_i[1][2][3]   | C_o[2][2][3]   |     4.841 | SLOW    |     2.520 | FAST    |
B_i[1][2][3]   | C_o[3][2][3]   |     4.841 | SLOW    |     2.520 | FAST    |
B_i[1][2][3]   | C_o[4][2][3]   |     4.841 | SLOW    |     2.520 | FAST    |
B_i[1][2][3]   | C_o[5][2][3]   |     4.841 | SLOW    |     2.520 | FAST    |
B_i[1][2][3]   | C_o[6][2][3]   |     4.841 | SLOW    |     2.520 | FAST    |
B_i[1][2][3]   | C_o[7][2][3]   |     4.841 | SLOW    |     2.520 | FAST    |
B_i[1][3][0]   | C_o[0][3][0]   |     4.511 | SLOW    |     2.343 | FAST    |
B_i[1][3][0]   | C_o[0][3][1]   |     4.746 | SLOW    |     2.328 | FAST    |
B_i[1][3][0]   | C_o[0][3][2]   |     4.814 | SLOW    |     2.324 | FAST    |
B_i[1][3][0]   | C_o[0][3][3]   |     5.064 | SLOW    |     2.445 | FAST    |
B_i[1][3][0]   | C_o[1][3][0]   |     4.511 | SLOW    |     2.343 | FAST    |
B_i[1][3][0]   | C_o[1][3][1]   |     4.746 | SLOW    |     2.328 | FAST    |
B_i[1][3][0]   | C_o[1][3][2]   |     4.814 | SLOW    |     2.324 | FAST    |
B_i[1][3][0]   | C_o[1][3][3]   |     5.064 | SLOW    |     2.445 | FAST    |
B_i[1][3][0]   | C_o[2][3][0]   |     4.511 | SLOW    |     2.343 | FAST    |
B_i[1][3][0]   | C_o[2][3][1]   |     4.746 | SLOW    |     2.328 | FAST    |
B_i[1][3][0]   | C_o[2][3][2]   |     4.814 | SLOW    |     2.324 | FAST    |
B_i[1][3][0]   | C_o[2][3][3]   |     5.064 | SLOW    |     2.445 | FAST    |
B_i[1][3][0]   | C_o[3][3][0]   |     4.511 | SLOW    |     2.343 | FAST    |
B_i[1][3][0]   | C_o[3][3][1]   |     4.746 | SLOW    |     2.328 | FAST    |
B_i[1][3][0]   | C_o[3][3][2]   |     4.814 | SLOW    |     2.324 | FAST    |
B_i[1][3][0]   | C_o[3][3][3]   |     5.064 | SLOW    |     2.445 | FAST    |
B_i[1][3][0]   | C_o[4][3][0]   |     4.511 | SLOW    |     2.343 | FAST    |
B_i[1][3][0]   | C_o[4][3][1]   |     4.746 | SLOW    |     2.328 | FAST    |
B_i[1][3][0]   | C_o[4][3][2]   |     4.814 | SLOW    |     2.324 | FAST    |
B_i[1][3][0]   | C_o[4][3][3]   |     5.064 | SLOW    |     2.445 | FAST    |
B_i[1][3][0]   | C_o[5][3][0]   |     4.511 | SLOW    |     2.343 | FAST    |
B_i[1][3][0]   | C_o[5][3][1]   |     4.746 | SLOW    |     2.328 | FAST    |
B_i[1][3][0]   | C_o[5][3][2]   |     4.814 | SLOW    |     2.324 | FAST    |
B_i[1][3][0]   | C_o[5][3][3]   |     5.064 | SLOW    |     2.445 | FAST    |
B_i[1][3][0]   | C_o[6][3][0]   |     4.511 | SLOW    |     2.343 | FAST    |
B_i[1][3][0]   | C_o[6][3][1]   |     4.746 | SLOW    |     2.328 | FAST    |
B_i[1][3][0]   | C_o[6][3][2]   |     4.814 | SLOW    |     2.324 | FAST    |
B_i[1][3][0]   | C_o[6][3][3]   |     5.064 | SLOW    |     2.445 | FAST    |
B_i[1][3][0]   | C_o[7][3][0]   |     4.511 | SLOW    |     2.343 | FAST    |
B_i[1][3][0]   | C_o[7][3][1]   |     4.746 | SLOW    |     2.328 | FAST    |
B_i[1][3][0]   | C_o[7][3][2]   |     4.814 | SLOW    |     2.324 | FAST    |
B_i[1][3][0]   | C_o[7][3][3]   |     5.064 | SLOW    |     2.445 | FAST    |
B_i[1][3][1]   | C_o[0][3][1]   |     4.717 | SLOW    |     2.450 | FAST    |
B_i[1][3][1]   | C_o[0][3][2]   |     4.796 | SLOW    |     2.454 | FAST    |
B_i[1][3][1]   | C_o[0][3][3]   |     5.026 | SLOW    |     2.435 | FAST    |
B_i[1][3][1]   | C_o[1][3][1]   |     4.717 | SLOW    |     2.450 | FAST    |
B_i[1][3][1]   | C_o[1][3][2]   |     4.796 | SLOW    |     2.454 | FAST    |
B_i[1][3][1]   | C_o[1][3][3]   |     5.026 | SLOW    |     2.435 | FAST    |
B_i[1][3][1]   | C_o[2][3][1]   |     4.717 | SLOW    |     2.450 | FAST    |
B_i[1][3][1]   | C_o[2][3][2]   |     4.796 | SLOW    |     2.454 | FAST    |
B_i[1][3][1]   | C_o[2][3][3]   |     5.026 | SLOW    |     2.435 | FAST    |
B_i[1][3][1]   | C_o[3][3][1]   |     4.717 | SLOW    |     2.450 | FAST    |
B_i[1][3][1]   | C_o[3][3][2]   |     4.796 | SLOW    |     2.454 | FAST    |
B_i[1][3][1]   | C_o[3][3][3]   |     5.026 | SLOW    |     2.435 | FAST    |
B_i[1][3][1]   | C_o[4][3][1]   |     4.717 | SLOW    |     2.450 | FAST    |
B_i[1][3][1]   | C_o[4][3][2]   |     4.796 | SLOW    |     2.454 | FAST    |
B_i[1][3][1]   | C_o[4][3][3]   |     5.026 | SLOW    |     2.435 | FAST    |
B_i[1][3][1]   | C_o[5][3][1]   |     4.717 | SLOW    |     2.450 | FAST    |
B_i[1][3][1]   | C_o[5][3][2]   |     4.796 | SLOW    |     2.454 | FAST    |
B_i[1][3][1]   | C_o[5][3][3]   |     5.026 | SLOW    |     2.435 | FAST    |
B_i[1][3][1]   | C_o[6][3][1]   |     4.717 | SLOW    |     2.450 | FAST    |
B_i[1][3][1]   | C_o[6][3][2]   |     4.796 | SLOW    |     2.454 | FAST    |
B_i[1][3][1]   | C_o[6][3][3]   |     5.026 | SLOW    |     2.435 | FAST    |
B_i[1][3][1]   | C_o[7][3][1]   |     4.717 | SLOW    |     2.450 | FAST    |
B_i[1][3][1]   | C_o[7][3][2]   |     4.796 | SLOW    |     2.454 | FAST    |
B_i[1][3][1]   | C_o[7][3][3]   |     5.026 | SLOW    |     2.435 | FAST    |
B_i[1][3][2]   | C_o[0][3][2]   |     4.797 | SLOW    |     2.497 | FAST    |
B_i[1][3][2]   | C_o[0][3][3]   |     4.959 | SLOW    |     2.450 | FAST    |
B_i[1][3][2]   | C_o[1][3][2]   |     4.797 | SLOW    |     2.497 | FAST    |
B_i[1][3][2]   | C_o[1][3][3]   |     4.959 | SLOW    |     2.450 | FAST    |
B_i[1][3][2]   | C_o[2][3][2]   |     4.797 | SLOW    |     2.497 | FAST    |
B_i[1][3][2]   | C_o[2][3][3]   |     4.959 | SLOW    |     2.450 | FAST    |
B_i[1][3][2]   | C_o[3][3][2]   |     4.797 | SLOW    |     2.497 | FAST    |
B_i[1][3][2]   | C_o[3][3][3]   |     4.959 | SLOW    |     2.450 | FAST    |
B_i[1][3][2]   | C_o[4][3][2]   |     4.797 | SLOW    |     2.497 | FAST    |
B_i[1][3][2]   | C_o[4][3][3]   |     4.959 | SLOW    |     2.450 | FAST    |
B_i[1][3][2]   | C_o[5][3][2]   |     4.797 | SLOW    |     2.497 | FAST    |
B_i[1][3][2]   | C_o[5][3][3]   |     4.959 | SLOW    |     2.450 | FAST    |
B_i[1][3][2]   | C_o[6][3][2]   |     4.797 | SLOW    |     2.497 | FAST    |
B_i[1][3][2]   | C_o[6][3][3]   |     4.959 | SLOW    |     2.450 | FAST    |
B_i[1][3][2]   | C_o[7][3][2]   |     4.797 | SLOW    |     2.497 | FAST    |
B_i[1][3][2]   | C_o[7][3][3]   |     4.959 | SLOW    |     2.450 | FAST    |
B_i[1][3][3]   | C_o[0][3][3]   |     4.841 | SLOW    |     2.520 | FAST    |
B_i[1][3][3]   | C_o[1][3][3]   |     4.841 | SLOW    |     2.520 | FAST    |
B_i[1][3][3]   | C_o[2][3][3]   |     4.841 | SLOW    |     2.520 | FAST    |
B_i[1][3][3]   | C_o[3][3][3]   |     4.841 | SLOW    |     2.520 | FAST    |
B_i[1][3][3]   | C_o[4][3][3]   |     4.841 | SLOW    |     2.520 | FAST    |
B_i[1][3][3]   | C_o[5][3][3]   |     4.841 | SLOW    |     2.520 | FAST    |
B_i[1][3][3]   | C_o[6][3][3]   |     4.841 | SLOW    |     2.520 | FAST    |
B_i[1][3][3]   | C_o[7][3][3]   |     4.841 | SLOW    |     2.520 | FAST    |
B_i[1][4][0]   | C_o[0][4][0]   |     4.511 | SLOW    |     2.343 | FAST    |
B_i[1][4][0]   | C_o[0][4][1]   |     4.746 | SLOW    |     2.328 | FAST    |
B_i[1][4][0]   | C_o[0][4][2]   |     4.783 | SLOW    |     2.324 | FAST    |
B_i[1][4][0]   | C_o[0][4][3]   |     5.064 | SLOW    |     2.445 | FAST    |
B_i[1][4][0]   | C_o[1][4][0]   |     4.511 | SLOW    |     2.343 | FAST    |
B_i[1][4][0]   | C_o[1][4][1]   |     4.746 | SLOW    |     2.328 | FAST    |
B_i[1][4][0]   | C_o[1][4][2]   |     4.783 | SLOW    |     2.324 | FAST    |
B_i[1][4][0]   | C_o[1][4][3]   |     5.064 | SLOW    |     2.445 | FAST    |
B_i[1][4][0]   | C_o[2][4][0]   |     4.511 | SLOW    |     2.343 | FAST    |
B_i[1][4][0]   | C_o[2][4][1]   |     4.746 | SLOW    |     2.328 | FAST    |
B_i[1][4][0]   | C_o[2][4][2]   |     4.783 | SLOW    |     2.324 | FAST    |
B_i[1][4][0]   | C_o[2][4][3]   |     5.064 | SLOW    |     2.445 | FAST    |
B_i[1][4][0]   | C_o[3][4][0]   |     4.511 | SLOW    |     2.343 | FAST    |
B_i[1][4][0]   | C_o[3][4][1]   |     4.746 | SLOW    |     2.328 | FAST    |
B_i[1][4][0]   | C_o[3][4][2]   |     4.783 | SLOW    |     2.324 | FAST    |
B_i[1][4][0]   | C_o[3][4][3]   |     5.064 | SLOW    |     2.445 | FAST    |
B_i[1][4][0]   | C_o[4][4][0]   |     4.511 | SLOW    |     2.343 | FAST    |
B_i[1][4][0]   | C_o[4][4][1]   |     4.746 | SLOW    |     2.328 | FAST    |
B_i[1][4][0]   | C_o[4][4][2]   |     4.783 | SLOW    |     2.324 | FAST    |
B_i[1][4][0]   | C_o[4][4][3]   |     5.064 | SLOW    |     2.445 | FAST    |
B_i[1][4][0]   | C_o[5][4][0]   |     4.511 | SLOW    |     2.343 | FAST    |
B_i[1][4][0]   | C_o[5][4][1]   |     4.746 | SLOW    |     2.328 | FAST    |
B_i[1][4][0]   | C_o[5][4][2]   |     4.783 | SLOW    |     2.324 | FAST    |
B_i[1][4][0]   | C_o[5][4][3]   |     5.064 | SLOW    |     2.445 | FAST    |
B_i[1][4][0]   | C_o[6][4][0]   |     4.511 | SLOW    |     2.343 | FAST    |
B_i[1][4][0]   | C_o[6][4][1]   |     4.746 | SLOW    |     2.328 | FAST    |
B_i[1][4][0]   | C_o[6][4][2]   |     4.783 | SLOW    |     2.324 | FAST    |
B_i[1][4][0]   | C_o[6][4][3]   |     5.064 | SLOW    |     2.445 | FAST    |
B_i[1][4][0]   | C_o[7][4][0]   |     4.511 | SLOW    |     2.343 | FAST    |
B_i[1][4][0]   | C_o[7][4][1]   |     4.746 | SLOW    |     2.328 | FAST    |
B_i[1][4][0]   | C_o[7][4][2]   |     4.783 | SLOW    |     2.324 | FAST    |
B_i[1][4][0]   | C_o[7][4][3]   |     5.064 | SLOW    |     2.445 | FAST    |
B_i[1][4][1]   | C_o[0][4][1]   |     4.695 | SLOW    |     2.436 | FAST    |
B_i[1][4][1]   | C_o[0][4][2]   |     4.774 | SLOW    |     2.440 | FAST    |
B_i[1][4][1]   | C_o[0][4][3]   |     5.004 | SLOW    |     2.435 | FAST    |
B_i[1][4][1]   | C_o[1][4][1]   |     4.695 | SLOW    |     2.436 | FAST    |
B_i[1][4][1]   | C_o[1][4][2]   |     4.774 | SLOW    |     2.440 | FAST    |
B_i[1][4][1]   | C_o[1][4][3]   |     5.004 | SLOW    |     2.435 | FAST    |
B_i[1][4][1]   | C_o[2][4][1]   |     4.695 | SLOW    |     2.436 | FAST    |
B_i[1][4][1]   | C_o[2][4][2]   |     4.774 | SLOW    |     2.440 | FAST    |
B_i[1][4][1]   | C_o[2][4][3]   |     5.004 | SLOW    |     2.435 | FAST    |
B_i[1][4][1]   | C_o[3][4][1]   |     4.695 | SLOW    |     2.436 | FAST    |
B_i[1][4][1]   | C_o[3][4][2]   |     4.774 | SLOW    |     2.440 | FAST    |
B_i[1][4][1]   | C_o[3][4][3]   |     5.004 | SLOW    |     2.435 | FAST    |
B_i[1][4][1]   | C_o[4][4][1]   |     4.695 | SLOW    |     2.436 | FAST    |
B_i[1][4][1]   | C_o[4][4][2]   |     4.774 | SLOW    |     2.440 | FAST    |
B_i[1][4][1]   | C_o[4][4][3]   |     5.004 | SLOW    |     2.435 | FAST    |
B_i[1][4][1]   | C_o[5][4][1]   |     4.695 | SLOW    |     2.436 | FAST    |
B_i[1][4][1]   | C_o[5][4][2]   |     4.774 | SLOW    |     2.440 | FAST    |
B_i[1][4][1]   | C_o[5][4][3]   |     5.004 | SLOW    |     2.435 | FAST    |
B_i[1][4][1]   | C_o[6][4][1]   |     4.695 | SLOW    |     2.436 | FAST    |
B_i[1][4][1]   | C_o[6][4][2]   |     4.774 | SLOW    |     2.440 | FAST    |
B_i[1][4][1]   | C_o[6][4][3]   |     5.004 | SLOW    |     2.435 | FAST    |
B_i[1][4][1]   | C_o[7][4][1]   |     4.695 | SLOW    |     2.436 | FAST    |
B_i[1][4][1]   | C_o[7][4][2]   |     4.774 | SLOW    |     2.440 | FAST    |
B_i[1][4][1]   | C_o[7][4][3]   |     5.004 | SLOW    |     2.435 | FAST    |
B_i[1][4][2]   | C_o[0][4][2]   |     4.797 | SLOW    |     2.497 | FAST    |
B_i[1][4][2]   | C_o[0][4][3]   |     4.959 | SLOW    |     2.450 | FAST    |
B_i[1][4][2]   | C_o[1][4][2]   |     4.797 | SLOW    |     2.497 | FAST    |
B_i[1][4][2]   | C_o[1][4][3]   |     4.959 | SLOW    |     2.450 | FAST    |
B_i[1][4][2]   | C_o[2][4][2]   |     4.797 | SLOW    |     2.497 | FAST    |
B_i[1][4][2]   | C_o[2][4][3]   |     4.959 | SLOW    |     2.450 | FAST    |
B_i[1][4][2]   | C_o[3][4][2]   |     4.797 | SLOW    |     2.497 | FAST    |
B_i[1][4][2]   | C_o[3][4][3]   |     4.959 | SLOW    |     2.450 | FAST    |
B_i[1][4][2]   | C_o[4][4][2]   |     4.797 | SLOW    |     2.497 | FAST    |
B_i[1][4][2]   | C_o[4][4][3]   |     4.959 | SLOW    |     2.450 | FAST    |
B_i[1][4][2]   | C_o[5][4][2]   |     4.797 | SLOW    |     2.497 | FAST    |
B_i[1][4][2]   | C_o[5][4][3]   |     4.959 | SLOW    |     2.450 | FAST    |
B_i[1][4][2]   | C_o[6][4][2]   |     4.797 | SLOW    |     2.497 | FAST    |
B_i[1][4][2]   | C_o[6][4][3]   |     4.959 | SLOW    |     2.450 | FAST    |
B_i[1][4][2]   | C_o[7][4][2]   |     4.797 | SLOW    |     2.497 | FAST    |
B_i[1][4][2]   | C_o[7][4][3]   |     4.959 | SLOW    |     2.450 | FAST    |
B_i[1][4][3]   | C_o[0][4][3]   |     4.841 | SLOW    |     2.520 | FAST    |
B_i[1][4][3]   | C_o[1][4][3]   |     4.841 | SLOW    |     2.520 | FAST    |
B_i[1][4][3]   | C_o[2][4][3]   |     4.841 | SLOW    |     2.520 | FAST    |
B_i[1][4][3]   | C_o[3][4][3]   |     4.841 | SLOW    |     2.520 | FAST    |
B_i[1][4][3]   | C_o[4][4][3]   |     4.841 | SLOW    |     2.520 | FAST    |
B_i[1][4][3]   | C_o[5][4][3]   |     4.841 | SLOW    |     2.520 | FAST    |
B_i[1][4][3]   | C_o[6][4][3]   |     4.841 | SLOW    |     2.520 | FAST    |
B_i[1][4][3]   | C_o[7][4][3]   |     4.841 | SLOW    |     2.520 | FAST    |
B_i[1][5][0]   | C_o[0][5][0]   |     4.511 | SLOW    |     2.343 | FAST    |
B_i[1][5][0]   | C_o[0][5][1]   |     4.746 | SLOW    |     2.328 | FAST    |
B_i[1][5][0]   | C_o[0][5][2]   |     4.814 | SLOW    |     2.324 | FAST    |
B_i[1][5][0]   | C_o[0][5][3]   |     5.064 | SLOW    |     2.445 | FAST    |
B_i[1][5][0]   | C_o[1][5][0]   |     4.511 | SLOW    |     2.343 | FAST    |
B_i[1][5][0]   | C_o[1][5][1]   |     4.746 | SLOW    |     2.328 | FAST    |
B_i[1][5][0]   | C_o[1][5][2]   |     4.814 | SLOW    |     2.324 | FAST    |
B_i[1][5][0]   | C_o[1][5][3]   |     5.064 | SLOW    |     2.445 | FAST    |
B_i[1][5][0]   | C_o[2][5][0]   |     4.511 | SLOW    |     2.343 | FAST    |
B_i[1][5][0]   | C_o[2][5][1]   |     4.746 | SLOW    |     2.328 | FAST    |
B_i[1][5][0]   | C_o[2][5][2]   |     4.814 | SLOW    |     2.324 | FAST    |
B_i[1][5][0]   | C_o[2][5][3]   |     5.064 | SLOW    |     2.445 | FAST    |
B_i[1][5][0]   | C_o[3][5][0]   |     4.511 | SLOW    |     2.343 | FAST    |
B_i[1][5][0]   | C_o[3][5][1]   |     4.746 | SLOW    |     2.328 | FAST    |
B_i[1][5][0]   | C_o[3][5][2]   |     4.814 | SLOW    |     2.324 | FAST    |
B_i[1][5][0]   | C_o[3][5][3]   |     5.064 | SLOW    |     2.445 | FAST    |
B_i[1][5][0]   | C_o[4][5][0]   |     4.511 | SLOW    |     2.343 | FAST    |
B_i[1][5][0]   | C_o[4][5][1]   |     4.746 | SLOW    |     2.328 | FAST    |
B_i[1][5][0]   | C_o[4][5][2]   |     4.814 | SLOW    |     2.324 | FAST    |
B_i[1][5][0]   | C_o[4][5][3]   |     5.064 | SLOW    |     2.445 | FAST    |
B_i[1][5][0]   | C_o[5][5][0]   |     4.511 | SLOW    |     2.343 | FAST    |
B_i[1][5][0]   | C_o[5][5][1]   |     4.746 | SLOW    |     2.328 | FAST    |
B_i[1][5][0]   | C_o[5][5][2]   |     4.814 | SLOW    |     2.324 | FAST    |
B_i[1][5][0]   | C_o[5][5][3]   |     5.064 | SLOW    |     2.445 | FAST    |
B_i[1][5][0]   | C_o[6][5][0]   |     4.511 | SLOW    |     2.343 | FAST    |
B_i[1][5][0]   | C_o[6][5][1]   |     4.746 | SLOW    |     2.328 | FAST    |
B_i[1][5][0]   | C_o[6][5][2]   |     4.814 | SLOW    |     2.324 | FAST    |
B_i[1][5][0]   | C_o[6][5][3]   |     5.064 | SLOW    |     2.445 | FAST    |
B_i[1][5][0]   | C_o[7][5][0]   |     4.511 | SLOW    |     2.343 | FAST    |
B_i[1][5][0]   | C_o[7][5][1]   |     4.746 | SLOW    |     2.328 | FAST    |
B_i[1][5][0]   | C_o[7][5][2]   |     4.814 | SLOW    |     2.324 | FAST    |
B_i[1][5][0]   | C_o[7][5][3]   |     5.064 | SLOW    |     2.445 | FAST    |
B_i[1][5][1]   | C_o[0][5][1]   |     4.717 | SLOW    |     2.450 | FAST    |
B_i[1][5][1]   | C_o[0][5][2]   |     4.796 | SLOW    |     2.454 | FAST    |
B_i[1][5][1]   | C_o[0][5][3]   |     5.026 | SLOW    |     2.435 | FAST    |
B_i[1][5][1]   | C_o[1][5][1]   |     4.717 | SLOW    |     2.450 | FAST    |
B_i[1][5][1]   | C_o[1][5][2]   |     4.796 | SLOW    |     2.454 | FAST    |
B_i[1][5][1]   | C_o[1][5][3]   |     5.026 | SLOW    |     2.435 | FAST    |
B_i[1][5][1]   | C_o[2][5][1]   |     4.717 | SLOW    |     2.450 | FAST    |
B_i[1][5][1]   | C_o[2][5][2]   |     4.796 | SLOW    |     2.454 | FAST    |
B_i[1][5][1]   | C_o[2][5][3]   |     5.026 | SLOW    |     2.435 | FAST    |
B_i[1][5][1]   | C_o[3][5][1]   |     4.717 | SLOW    |     2.450 | FAST    |
B_i[1][5][1]   | C_o[3][5][2]   |     4.796 | SLOW    |     2.454 | FAST    |
B_i[1][5][1]   | C_o[3][5][3]   |     5.026 | SLOW    |     2.435 | FAST    |
B_i[1][5][1]   | C_o[4][5][1]   |     4.717 | SLOW    |     2.450 | FAST    |
B_i[1][5][1]   | C_o[4][5][2]   |     4.796 | SLOW    |     2.454 | FAST    |
B_i[1][5][1]   | C_o[4][5][3]   |     5.026 | SLOW    |     2.435 | FAST    |
B_i[1][5][1]   | C_o[5][5][1]   |     4.717 | SLOW    |     2.450 | FAST    |
B_i[1][5][1]   | C_o[5][5][2]   |     4.796 | SLOW    |     2.454 | FAST    |
B_i[1][5][1]   | C_o[5][5][3]   |     5.026 | SLOW    |     2.435 | FAST    |
B_i[1][5][1]   | C_o[6][5][1]   |     4.717 | SLOW    |     2.450 | FAST    |
B_i[1][5][1]   | C_o[6][5][2]   |     4.796 | SLOW    |     2.454 | FAST    |
B_i[1][5][1]   | C_o[6][5][3]   |     5.026 | SLOW    |     2.435 | FAST    |
B_i[1][5][1]   | C_o[7][5][1]   |     4.717 | SLOW    |     2.450 | FAST    |
B_i[1][5][1]   | C_o[7][5][2]   |     4.796 | SLOW    |     2.454 | FAST    |
B_i[1][5][1]   | C_o[7][5][3]   |     5.026 | SLOW    |     2.435 | FAST    |
B_i[1][5][2]   | C_o[0][5][2]   |     4.797 | SLOW    |     2.497 | FAST    |
B_i[1][5][2]   | C_o[0][5][3]   |     4.959 | SLOW    |     2.450 | FAST    |
B_i[1][5][2]   | C_o[1][5][2]   |     4.797 | SLOW    |     2.497 | FAST    |
B_i[1][5][2]   | C_o[1][5][3]   |     4.959 | SLOW    |     2.450 | FAST    |
B_i[1][5][2]   | C_o[2][5][2]   |     4.797 | SLOW    |     2.497 | FAST    |
B_i[1][5][2]   | C_o[2][5][3]   |     4.959 | SLOW    |     2.450 | FAST    |
B_i[1][5][2]   | C_o[3][5][2]   |     4.797 | SLOW    |     2.497 | FAST    |
B_i[1][5][2]   | C_o[3][5][3]   |     4.959 | SLOW    |     2.450 | FAST    |
B_i[1][5][2]   | C_o[4][5][2]   |     4.797 | SLOW    |     2.497 | FAST    |
B_i[1][5][2]   | C_o[4][5][3]   |     4.959 | SLOW    |     2.450 | FAST    |
B_i[1][5][2]   | C_o[5][5][2]   |     4.797 | SLOW    |     2.497 | FAST    |
B_i[1][5][2]   | C_o[5][5][3]   |     4.959 | SLOW    |     2.450 | FAST    |
B_i[1][5][2]   | C_o[6][5][2]   |     4.797 | SLOW    |     2.497 | FAST    |
B_i[1][5][2]   | C_o[6][5][3]   |     4.959 | SLOW    |     2.450 | FAST    |
B_i[1][5][2]   | C_o[7][5][2]   |     4.797 | SLOW    |     2.497 | FAST    |
B_i[1][5][2]   | C_o[7][5][3]   |     4.959 | SLOW    |     2.450 | FAST    |
B_i[1][5][3]   | C_o[0][5][3]   |     4.841 | SLOW    |     2.520 | FAST    |
B_i[1][5][3]   | C_o[1][5][3]   |     4.841 | SLOW    |     2.520 | FAST    |
B_i[1][5][3]   | C_o[2][5][3]   |     4.841 | SLOW    |     2.520 | FAST    |
B_i[1][5][3]   | C_o[3][5][3]   |     4.841 | SLOW    |     2.520 | FAST    |
B_i[1][5][3]   | C_o[4][5][3]   |     4.841 | SLOW    |     2.520 | FAST    |
B_i[1][5][3]   | C_o[5][5][3]   |     4.841 | SLOW    |     2.520 | FAST    |
B_i[1][5][3]   | C_o[6][5][3]   |     4.841 | SLOW    |     2.520 | FAST    |
B_i[1][5][3]   | C_o[7][5][3]   |     4.841 | SLOW    |     2.520 | FAST    |
B_i[1][6][0]   | C_o[0][6][0]   |     4.511 | SLOW    |     2.343 | FAST    |
B_i[1][6][0]   | C_o[0][6][1]   |     4.746 | SLOW    |     2.328 | FAST    |
B_i[1][6][0]   | C_o[0][6][2]   |     4.783 | SLOW    |     2.324 | FAST    |
B_i[1][6][0]   | C_o[0][6][3]   |     5.064 | SLOW    |     2.445 | FAST    |
B_i[1][6][0]   | C_o[1][6][0]   |     4.511 | SLOW    |     2.343 | FAST    |
B_i[1][6][0]   | C_o[1][6][1]   |     4.746 | SLOW    |     2.328 | FAST    |
B_i[1][6][0]   | C_o[1][6][2]   |     4.783 | SLOW    |     2.324 | FAST    |
B_i[1][6][0]   | C_o[1][6][3]   |     5.064 | SLOW    |     2.445 | FAST    |
B_i[1][6][0]   | C_o[2][6][0]   |     4.511 | SLOW    |     2.343 | FAST    |
B_i[1][6][0]   | C_o[2][6][1]   |     4.746 | SLOW    |     2.328 | FAST    |
B_i[1][6][0]   | C_o[2][6][2]   |     4.783 | SLOW    |     2.324 | FAST    |
B_i[1][6][0]   | C_o[2][6][3]   |     5.064 | SLOW    |     2.445 | FAST    |
B_i[1][6][0]   | C_o[3][6][0]   |     4.511 | SLOW    |     2.343 | FAST    |
B_i[1][6][0]   | C_o[3][6][1]   |     4.746 | SLOW    |     2.328 | FAST    |
B_i[1][6][0]   | C_o[3][6][2]   |     4.783 | SLOW    |     2.324 | FAST    |
B_i[1][6][0]   | C_o[3][6][3]   |     5.064 | SLOW    |     2.445 | FAST    |
B_i[1][6][0]   | C_o[4][6][0]   |     4.511 | SLOW    |     2.343 | FAST    |
B_i[1][6][0]   | C_o[4][6][1]   |     4.746 | SLOW    |     2.328 | FAST    |
B_i[1][6][0]   | C_o[4][6][2]   |     4.783 | SLOW    |     2.324 | FAST    |
B_i[1][6][0]   | C_o[4][6][3]   |     5.064 | SLOW    |     2.445 | FAST    |
B_i[1][6][0]   | C_o[5][6][0]   |     4.511 | SLOW    |     2.343 | FAST    |
B_i[1][6][0]   | C_o[5][6][1]   |     4.746 | SLOW    |     2.328 | FAST    |
B_i[1][6][0]   | C_o[5][6][2]   |     4.783 | SLOW    |     2.324 | FAST    |
B_i[1][6][0]   | C_o[5][6][3]   |     5.064 | SLOW    |     2.445 | FAST    |
B_i[1][6][0]   | C_o[6][6][0]   |     4.511 | SLOW    |     2.343 | FAST    |
B_i[1][6][0]   | C_o[6][6][1]   |     4.746 | SLOW    |     2.328 | FAST    |
B_i[1][6][0]   | C_o[6][6][2]   |     4.783 | SLOW    |     2.324 | FAST    |
B_i[1][6][0]   | C_o[6][6][3]   |     5.064 | SLOW    |     2.445 | FAST    |
B_i[1][6][0]   | C_o[7][6][0]   |     4.511 | SLOW    |     2.343 | FAST    |
B_i[1][6][0]   | C_o[7][6][1]   |     4.746 | SLOW    |     2.328 | FAST    |
B_i[1][6][0]   | C_o[7][6][2]   |     4.783 | SLOW    |     2.324 | FAST    |
B_i[1][6][0]   | C_o[7][6][3]   |     5.064 | SLOW    |     2.445 | FAST    |
B_i[1][6][1]   | C_o[0][6][1]   |     4.695 | SLOW    |     2.436 | FAST    |
B_i[1][6][1]   | C_o[0][6][2]   |     4.774 | SLOW    |     2.440 | FAST    |
B_i[1][6][1]   | C_o[0][6][3]   |     5.004 | SLOW    |     2.435 | FAST    |
B_i[1][6][1]   | C_o[1][6][1]   |     4.695 | SLOW    |     2.436 | FAST    |
B_i[1][6][1]   | C_o[1][6][2]   |     4.774 | SLOW    |     2.440 | FAST    |
B_i[1][6][1]   | C_o[1][6][3]   |     5.004 | SLOW    |     2.435 | FAST    |
B_i[1][6][1]   | C_o[2][6][1]   |     4.695 | SLOW    |     2.436 | FAST    |
B_i[1][6][1]   | C_o[2][6][2]   |     4.774 | SLOW    |     2.440 | FAST    |
B_i[1][6][1]   | C_o[2][6][3]   |     5.004 | SLOW    |     2.435 | FAST    |
B_i[1][6][1]   | C_o[3][6][1]   |     4.695 | SLOW    |     2.436 | FAST    |
B_i[1][6][1]   | C_o[3][6][2]   |     4.774 | SLOW    |     2.440 | FAST    |
B_i[1][6][1]   | C_o[3][6][3]   |     5.004 | SLOW    |     2.435 | FAST    |
B_i[1][6][1]   | C_o[4][6][1]   |     4.695 | SLOW    |     2.436 | FAST    |
B_i[1][6][1]   | C_o[4][6][2]   |     4.774 | SLOW    |     2.440 | FAST    |
B_i[1][6][1]   | C_o[4][6][3]   |     5.004 | SLOW    |     2.435 | FAST    |
B_i[1][6][1]   | C_o[5][6][1]   |     4.695 | SLOW    |     2.436 | FAST    |
B_i[1][6][1]   | C_o[5][6][2]   |     4.774 | SLOW    |     2.440 | FAST    |
B_i[1][6][1]   | C_o[5][6][3]   |     5.004 | SLOW    |     2.435 | FAST    |
B_i[1][6][1]   | C_o[6][6][1]   |     4.695 | SLOW    |     2.436 | FAST    |
B_i[1][6][1]   | C_o[6][6][2]   |     4.774 | SLOW    |     2.440 | FAST    |
B_i[1][6][1]   | C_o[6][6][3]   |     5.004 | SLOW    |     2.435 | FAST    |
B_i[1][6][1]   | C_o[7][6][1]   |     4.695 | SLOW    |     2.436 | FAST    |
B_i[1][6][1]   | C_o[7][6][2]   |     4.774 | SLOW    |     2.440 | FAST    |
B_i[1][6][1]   | C_o[7][6][3]   |     5.004 | SLOW    |     2.435 | FAST    |
B_i[1][6][2]   | C_o[0][6][2]   |     4.797 | SLOW    |     2.497 | FAST    |
B_i[1][6][2]   | C_o[0][6][3]   |     4.959 | SLOW    |     2.450 | FAST    |
B_i[1][6][2]   | C_o[1][6][2]   |     4.797 | SLOW    |     2.497 | FAST    |
B_i[1][6][2]   | C_o[1][6][3]   |     4.959 | SLOW    |     2.450 | FAST    |
B_i[1][6][2]   | C_o[2][6][2]   |     4.797 | SLOW    |     2.497 | FAST    |
B_i[1][6][2]   | C_o[2][6][3]   |     4.959 | SLOW    |     2.450 | FAST    |
B_i[1][6][2]   | C_o[3][6][2]   |     4.797 | SLOW    |     2.497 | FAST    |
B_i[1][6][2]   | C_o[3][6][3]   |     4.959 | SLOW    |     2.450 | FAST    |
B_i[1][6][2]   | C_o[4][6][2]   |     4.797 | SLOW    |     2.497 | FAST    |
B_i[1][6][2]   | C_o[4][6][3]   |     4.959 | SLOW    |     2.450 | FAST    |
B_i[1][6][2]   | C_o[5][6][2]   |     4.797 | SLOW    |     2.497 | FAST    |
B_i[1][6][2]   | C_o[5][6][3]   |     4.959 | SLOW    |     2.450 | FAST    |
B_i[1][6][2]   | C_o[6][6][2]   |     4.797 | SLOW    |     2.497 | FAST    |
B_i[1][6][2]   | C_o[6][6][3]   |     4.959 | SLOW    |     2.450 | FAST    |
B_i[1][6][2]   | C_o[7][6][2]   |     4.797 | SLOW    |     2.497 | FAST    |
B_i[1][6][2]   | C_o[7][6][3]   |     4.959 | SLOW    |     2.450 | FAST    |
B_i[1][6][3]   | C_o[0][6][3]   |     4.841 | SLOW    |     2.520 | FAST    |
B_i[1][6][3]   | C_o[1][6][3]   |     4.841 | SLOW    |     2.520 | FAST    |
B_i[1][6][3]   | C_o[2][6][3]   |     4.841 | SLOW    |     2.520 | FAST    |
B_i[1][6][3]   | C_o[3][6][3]   |     4.841 | SLOW    |     2.520 | FAST    |
B_i[1][6][3]   | C_o[4][6][3]   |     4.841 | SLOW    |     2.520 | FAST    |
B_i[1][6][3]   | C_o[5][6][3]   |     4.841 | SLOW    |     2.520 | FAST    |
B_i[1][6][3]   | C_o[6][6][3]   |     4.841 | SLOW    |     2.520 | FAST    |
B_i[1][6][3]   | C_o[7][6][3]   |     4.841 | SLOW    |     2.520 | FAST    |
B_i[1][7][0]   | C_o[0][7][0]   |     4.511 | SLOW    |     2.343 | FAST    |
B_i[1][7][0]   | C_o[0][7][1]   |     4.746 | SLOW    |     2.328 | FAST    |
B_i[1][7][0]   | C_o[0][7][2]   |     4.814 | SLOW    |     2.324 | FAST    |
B_i[1][7][0]   | C_o[0][7][3]   |     5.064 | SLOW    |     2.445 | FAST    |
B_i[1][7][0]   | C_o[1][7][0]   |     4.511 | SLOW    |     2.343 | FAST    |
B_i[1][7][0]   | C_o[1][7][1]   |     4.746 | SLOW    |     2.328 | FAST    |
B_i[1][7][0]   | C_o[1][7][2]   |     4.814 | SLOW    |     2.324 | FAST    |
B_i[1][7][0]   | C_o[1][7][3]   |     5.064 | SLOW    |     2.445 | FAST    |
B_i[1][7][0]   | C_o[2][7][0]   |     4.511 | SLOW    |     2.343 | FAST    |
B_i[1][7][0]   | C_o[2][7][1]   |     4.746 | SLOW    |     2.328 | FAST    |
B_i[1][7][0]   | C_o[2][7][2]   |     4.814 | SLOW    |     2.324 | FAST    |
B_i[1][7][0]   | C_o[2][7][3]   |     5.064 | SLOW    |     2.445 | FAST    |
B_i[1][7][0]   | C_o[3][7][0]   |     4.511 | SLOW    |     2.343 | FAST    |
B_i[1][7][0]   | C_o[3][7][1]   |     4.746 | SLOW    |     2.328 | FAST    |
B_i[1][7][0]   | C_o[3][7][2]   |     4.814 | SLOW    |     2.324 | FAST    |
B_i[1][7][0]   | C_o[3][7][3]   |     5.064 | SLOW    |     2.445 | FAST    |
B_i[1][7][0]   | C_o[4][7][0]   |     4.511 | SLOW    |     2.343 | FAST    |
B_i[1][7][0]   | C_o[4][7][1]   |     4.746 | SLOW    |     2.328 | FAST    |
B_i[1][7][0]   | C_o[4][7][2]   |     4.814 | SLOW    |     2.324 | FAST    |
B_i[1][7][0]   | C_o[4][7][3]   |     5.064 | SLOW    |     2.445 | FAST    |
B_i[1][7][0]   | C_o[5][7][0]   |     4.511 | SLOW    |     2.343 | FAST    |
B_i[1][7][0]   | C_o[5][7][1]   |     4.746 | SLOW    |     2.328 | FAST    |
B_i[1][7][0]   | C_o[5][7][2]   |     4.814 | SLOW    |     2.324 | FAST    |
B_i[1][7][0]   | C_o[5][7][3]   |     5.064 | SLOW    |     2.445 | FAST    |
B_i[1][7][0]   | C_o[6][7][0]   |     4.511 | SLOW    |     2.343 | FAST    |
B_i[1][7][0]   | C_o[6][7][1]   |     4.746 | SLOW    |     2.328 | FAST    |
B_i[1][7][0]   | C_o[6][7][2]   |     4.814 | SLOW    |     2.324 | FAST    |
B_i[1][7][0]   | C_o[6][7][3]   |     5.064 | SLOW    |     2.445 | FAST    |
B_i[1][7][0]   | C_o[7][7][0]   |     4.511 | SLOW    |     2.343 | FAST    |
B_i[1][7][0]   | C_o[7][7][1]   |     4.746 | SLOW    |     2.328 | FAST    |
B_i[1][7][0]   | C_o[7][7][2]   |     4.814 | SLOW    |     2.324 | FAST    |
B_i[1][7][0]   | C_o[7][7][3]   |     5.064 | SLOW    |     2.445 | FAST    |
B_i[1][7][1]   | C_o[0][7][1]   |     4.717 | SLOW    |     2.450 | FAST    |
B_i[1][7][1]   | C_o[0][7][2]   |     4.796 | SLOW    |     2.454 | FAST    |
B_i[1][7][1]   | C_o[0][7][3]   |     5.026 | SLOW    |     2.435 | FAST    |
B_i[1][7][1]   | C_o[1][7][1]   |     4.717 | SLOW    |     2.450 | FAST    |
B_i[1][7][1]   | C_o[1][7][2]   |     4.796 | SLOW    |     2.454 | FAST    |
B_i[1][7][1]   | C_o[1][7][3]   |     5.026 | SLOW    |     2.435 | FAST    |
B_i[1][7][1]   | C_o[2][7][1]   |     4.717 | SLOW    |     2.450 | FAST    |
B_i[1][7][1]   | C_o[2][7][2]   |     4.796 | SLOW    |     2.454 | FAST    |
B_i[1][7][1]   | C_o[2][7][3]   |     5.026 | SLOW    |     2.435 | FAST    |
B_i[1][7][1]   | C_o[3][7][1]   |     4.717 | SLOW    |     2.450 | FAST    |
B_i[1][7][1]   | C_o[3][7][2]   |     4.796 | SLOW    |     2.454 | FAST    |
B_i[1][7][1]   | C_o[3][7][3]   |     5.026 | SLOW    |     2.435 | FAST    |
B_i[1][7][1]   | C_o[4][7][1]   |     4.717 | SLOW    |     2.450 | FAST    |
B_i[1][7][1]   | C_o[4][7][2]   |     4.796 | SLOW    |     2.454 | FAST    |
B_i[1][7][1]   | C_o[4][7][3]   |     5.026 | SLOW    |     2.435 | FAST    |
B_i[1][7][1]   | C_o[5][7][1]   |     4.717 | SLOW    |     2.450 | FAST    |
B_i[1][7][1]   | C_o[5][7][2]   |     4.796 | SLOW    |     2.454 | FAST    |
B_i[1][7][1]   | C_o[5][7][3]   |     5.026 | SLOW    |     2.435 | FAST    |
B_i[1][7][1]   | C_o[6][7][1]   |     4.717 | SLOW    |     2.450 | FAST    |
B_i[1][7][1]   | C_o[6][7][2]   |     4.796 | SLOW    |     2.454 | FAST    |
B_i[1][7][1]   | C_o[6][7][3]   |     5.026 | SLOW    |     2.435 | FAST    |
B_i[1][7][1]   | C_o[7][7][1]   |     4.717 | SLOW    |     2.450 | FAST    |
B_i[1][7][1]   | C_o[7][7][2]   |     4.796 | SLOW    |     2.454 | FAST    |
B_i[1][7][1]   | C_o[7][7][3]   |     5.026 | SLOW    |     2.435 | FAST    |
B_i[1][7][2]   | C_o[0][7][2]   |     4.797 | SLOW    |     2.497 | FAST    |
B_i[1][7][2]   | C_o[0][7][3]   |     4.959 | SLOW    |     2.450 | FAST    |
B_i[1][7][2]   | C_o[1][7][2]   |     4.797 | SLOW    |     2.497 | FAST    |
B_i[1][7][2]   | C_o[1][7][3]   |     4.959 | SLOW    |     2.450 | FAST    |
B_i[1][7][2]   | C_o[2][7][2]   |     4.797 | SLOW    |     2.497 | FAST    |
B_i[1][7][2]   | C_o[2][7][3]   |     4.959 | SLOW    |     2.450 | FAST    |
B_i[1][7][2]   | C_o[3][7][2]   |     4.797 | SLOW    |     2.497 | FAST    |
B_i[1][7][2]   | C_o[3][7][3]   |     4.959 | SLOW    |     2.450 | FAST    |
B_i[1][7][2]   | C_o[4][7][2]   |     4.797 | SLOW    |     2.497 | FAST    |
B_i[1][7][2]   | C_o[4][7][3]   |     4.959 | SLOW    |     2.450 | FAST    |
B_i[1][7][2]   | C_o[5][7][2]   |     4.797 | SLOW    |     2.497 | FAST    |
B_i[1][7][2]   | C_o[5][7][3]   |     4.959 | SLOW    |     2.450 | FAST    |
B_i[1][7][2]   | C_o[6][7][2]   |     4.797 | SLOW    |     2.497 | FAST    |
B_i[1][7][2]   | C_o[6][7][3]   |     4.959 | SLOW    |     2.450 | FAST    |
B_i[1][7][2]   | C_o[7][7][2]   |     4.797 | SLOW    |     2.497 | FAST    |
B_i[1][7][2]   | C_o[7][7][3]   |     4.959 | SLOW    |     2.450 | FAST    |
B_i[1][7][3]   | C_o[0][7][3]   |     4.841 | SLOW    |     2.520 | FAST    |
B_i[1][7][3]   | C_o[1][7][3]   |     4.841 | SLOW    |     2.520 | FAST    |
B_i[1][7][3]   | C_o[2][7][3]   |     4.841 | SLOW    |     2.520 | FAST    |
B_i[1][7][3]   | C_o[3][7][3]   |     4.841 | SLOW    |     2.520 | FAST    |
B_i[1][7][3]   | C_o[4][7][3]   |     4.841 | SLOW    |     2.520 | FAST    |
B_i[1][7][3]   | C_o[5][7][3]   |     4.841 | SLOW    |     2.520 | FAST    |
B_i[1][7][3]   | C_o[6][7][3]   |     4.841 | SLOW    |     2.520 | FAST    |
B_i[1][7][3]   | C_o[7][7][3]   |     4.841 | SLOW    |     2.520 | FAST    |
B_i[2][0][0]   | C_o[0][0][0]   |     4.484 | SLOW    |     2.334 | FAST    |
B_i[2][0][0]   | C_o[0][0][1]   |     4.719 | SLOW    |     2.345 | FAST    |
B_i[2][0][0]   | C_o[0][0][2]   |     4.866 | SLOW    |     2.341 | FAST    |
B_i[2][0][0]   | C_o[0][0][3]   |     5.037 | SLOW    |     2.445 | FAST    |
B_i[2][0][0]   | C_o[1][0][0]   |     4.484 | SLOW    |     2.334 | FAST    |
B_i[2][0][0]   | C_o[1][0][1]   |     4.719 | SLOW    |     2.345 | FAST    |
B_i[2][0][0]   | C_o[1][0][2]   |     4.866 | SLOW    |     2.341 | FAST    |
B_i[2][0][0]   | C_o[1][0][3]   |     5.037 | SLOW    |     2.445 | FAST    |
B_i[2][0][0]   | C_o[2][0][0]   |     4.484 | SLOW    |     2.334 | FAST    |
B_i[2][0][0]   | C_o[2][0][1]   |     4.719 | SLOW    |     2.345 | FAST    |
B_i[2][0][0]   | C_o[2][0][2]   |     4.866 | SLOW    |     2.341 | FAST    |
B_i[2][0][0]   | C_o[2][0][3]   |     5.037 | SLOW    |     2.445 | FAST    |
B_i[2][0][0]   | C_o[3][0][0]   |     4.484 | SLOW    |     2.334 | FAST    |
B_i[2][0][0]   | C_o[3][0][1]   |     4.719 | SLOW    |     2.345 | FAST    |
B_i[2][0][0]   | C_o[3][0][2]   |     4.866 | SLOW    |     2.341 | FAST    |
B_i[2][0][0]   | C_o[3][0][3]   |     5.037 | SLOW    |     2.445 | FAST    |
B_i[2][0][0]   | C_o[4][0][0]   |     4.484 | SLOW    |     2.334 | FAST    |
B_i[2][0][0]   | C_o[4][0][1]   |     4.719 | SLOW    |     2.345 | FAST    |
B_i[2][0][0]   | C_o[4][0][2]   |     4.866 | SLOW    |     2.341 | FAST    |
B_i[2][0][0]   | C_o[4][0][3]   |     5.037 | SLOW    |     2.445 | FAST    |
B_i[2][0][0]   | C_o[5][0][0]   |     4.484 | SLOW    |     2.334 | FAST    |
B_i[2][0][0]   | C_o[5][0][1]   |     4.719 | SLOW    |     2.345 | FAST    |
B_i[2][0][0]   | C_o[5][0][2]   |     4.866 | SLOW    |     2.341 | FAST    |
B_i[2][0][0]   | C_o[5][0][3]   |     5.037 | SLOW    |     2.445 | FAST    |
B_i[2][0][0]   | C_o[6][0][0]   |     4.484 | SLOW    |     2.334 | FAST    |
B_i[2][0][0]   | C_o[6][0][1]   |     4.719 | SLOW    |     2.345 | FAST    |
B_i[2][0][0]   | C_o[6][0][2]   |     4.866 | SLOW    |     2.341 | FAST    |
B_i[2][0][0]   | C_o[6][0][3]   |     5.037 | SLOW    |     2.445 | FAST    |
B_i[2][0][0]   | C_o[7][0][0]   |     4.484 | SLOW    |     2.334 | FAST    |
B_i[2][0][0]   | C_o[7][0][1]   |     4.719 | SLOW    |     2.345 | FAST    |
B_i[2][0][0]   | C_o[7][0][2]   |     4.866 | SLOW    |     2.341 | FAST    |
B_i[2][0][0]   | C_o[7][0][3]   |     5.037 | SLOW    |     2.445 | FAST    |
B_i[2][0][1]   | C_o[0][0][1]   |     4.693 | SLOW    |     2.440 | FAST    |
B_i[2][0][1]   | C_o[0][0][2]   |     4.857 | SLOW    |     2.444 | FAST    |
B_i[2][0][1]   | C_o[0][0][3]   |     5.002 | SLOW    |     2.435 | FAST    |
B_i[2][0][1]   | C_o[1][0][1]   |     4.693 | SLOW    |     2.440 | FAST    |
B_i[2][0][1]   | C_o[1][0][2]   |     4.857 | SLOW    |     2.444 | FAST    |
B_i[2][0][1]   | C_o[1][0][3]   |     5.002 | SLOW    |     2.435 | FAST    |
B_i[2][0][1]   | C_o[2][0][1]   |     4.693 | SLOW    |     2.440 | FAST    |
B_i[2][0][1]   | C_o[2][0][2]   |     4.857 | SLOW    |     2.444 | FAST    |
B_i[2][0][1]   | C_o[2][0][3]   |     5.002 | SLOW    |     2.435 | FAST    |
B_i[2][0][1]   | C_o[3][0][1]   |     4.693 | SLOW    |     2.440 | FAST    |
B_i[2][0][1]   | C_o[3][0][2]   |     4.857 | SLOW    |     2.444 | FAST    |
B_i[2][0][1]   | C_o[3][0][3]   |     5.002 | SLOW    |     2.435 | FAST    |
B_i[2][0][1]   | C_o[4][0][1]   |     4.693 | SLOW    |     2.440 | FAST    |
B_i[2][0][1]   | C_o[4][0][2]   |     4.857 | SLOW    |     2.444 | FAST    |
B_i[2][0][1]   | C_o[4][0][3]   |     5.002 | SLOW    |     2.435 | FAST    |
B_i[2][0][1]   | C_o[5][0][1]   |     4.693 | SLOW    |     2.440 | FAST    |
B_i[2][0][1]   | C_o[5][0][2]   |     4.857 | SLOW    |     2.444 | FAST    |
B_i[2][0][1]   | C_o[5][0][3]   |     5.002 | SLOW    |     2.435 | FAST    |
B_i[2][0][1]   | C_o[6][0][1]   |     4.693 | SLOW    |     2.440 | FAST    |
B_i[2][0][1]   | C_o[6][0][2]   |     4.857 | SLOW    |     2.444 | FAST    |
B_i[2][0][1]   | C_o[6][0][3]   |     5.002 | SLOW    |     2.435 | FAST    |
B_i[2][0][1]   | C_o[7][0][1]   |     4.693 | SLOW    |     2.440 | FAST    |
B_i[2][0][1]   | C_o[7][0][2]   |     4.857 | SLOW    |     2.444 | FAST    |
B_i[2][0][1]   | C_o[7][0][3]   |     5.002 | SLOW    |     2.435 | FAST    |
B_i[2][0][2]   | C_o[0][0][2]   |     4.884 | SLOW    |     2.548 | FAST    |
B_i[2][0][2]   | C_o[0][0][3]   |     4.877 | SLOW    |     2.450 | FAST    |
B_i[2][0][2]   | C_o[1][0][2]   |     4.884 | SLOW    |     2.548 | FAST    |
B_i[2][0][2]   | C_o[1][0][3]   |     4.877 | SLOW    |     2.450 | FAST    |
B_i[2][0][2]   | C_o[2][0][2]   |     4.884 | SLOW    |     2.548 | FAST    |
B_i[2][0][2]   | C_o[2][0][3]   |     4.877 | SLOW    |     2.450 | FAST    |
B_i[2][0][2]   | C_o[3][0][2]   |     4.884 | SLOW    |     2.548 | FAST    |
B_i[2][0][2]   | C_o[3][0][3]   |     4.877 | SLOW    |     2.450 | FAST    |
B_i[2][0][2]   | C_o[4][0][2]   |     4.884 | SLOW    |     2.548 | FAST    |
B_i[2][0][2]   | C_o[4][0][3]   |     4.877 | SLOW    |     2.450 | FAST    |
B_i[2][0][2]   | C_o[5][0][2]   |     4.884 | SLOW    |     2.548 | FAST    |
B_i[2][0][2]   | C_o[5][0][3]   |     4.877 | SLOW    |     2.450 | FAST    |
B_i[2][0][2]   | C_o[6][0][2]   |     4.884 | SLOW    |     2.548 | FAST    |
B_i[2][0][2]   | C_o[6][0][3]   |     4.877 | SLOW    |     2.450 | FAST    |
B_i[2][0][2]   | C_o[7][0][2]   |     4.884 | SLOW    |     2.548 | FAST    |
B_i[2][0][2]   | C_o[7][0][3]   |     4.877 | SLOW    |     2.450 | FAST    |
B_i[2][0][3]   | C_o[0][0][3]   |     4.839 | SLOW    |     2.524 | FAST    |
B_i[2][0][3]   | C_o[1][0][3]   |     4.839 | SLOW    |     2.524 | FAST    |
B_i[2][0][3]   | C_o[2][0][3]   |     4.839 | SLOW    |     2.524 | FAST    |
B_i[2][0][3]   | C_o[3][0][3]   |     4.839 | SLOW    |     2.524 | FAST    |
B_i[2][0][3]   | C_o[4][0][3]   |     4.839 | SLOW    |     2.524 | FAST    |
B_i[2][0][3]   | C_o[5][0][3]   |     4.839 | SLOW    |     2.524 | FAST    |
B_i[2][0][3]   | C_o[6][0][3]   |     4.839 | SLOW    |     2.524 | FAST    |
B_i[2][0][3]   | C_o[7][0][3]   |     4.839 | SLOW    |     2.524 | FAST    |
B_i[2][1][0]   | C_o[0][1][0]   |     4.484 | SLOW    |     2.334 | FAST    |
B_i[2][1][0]   | C_o[0][1][1]   |     4.733 | SLOW    |     2.345 | FAST    |
B_i[2][1][0]   | C_o[0][1][2]   |     4.866 | SLOW    |     2.341 | FAST    |
B_i[2][1][0]   | C_o[0][1][3]   |     5.042 | SLOW    |     2.445 | FAST    |
B_i[2][1][0]   | C_o[1][1][0]   |     4.484 | SLOW    |     2.334 | FAST    |
B_i[2][1][0]   | C_o[1][1][1]   |     4.733 | SLOW    |     2.345 | FAST    |
B_i[2][1][0]   | C_o[1][1][2]   |     4.866 | SLOW    |     2.341 | FAST    |
B_i[2][1][0]   | C_o[1][1][3]   |     5.042 | SLOW    |     2.445 | FAST    |
B_i[2][1][0]   | C_o[2][1][0]   |     4.484 | SLOW    |     2.334 | FAST    |
B_i[2][1][0]   | C_o[2][1][1]   |     4.733 | SLOW    |     2.345 | FAST    |
B_i[2][1][0]   | C_o[2][1][2]   |     4.866 | SLOW    |     2.341 | FAST    |
B_i[2][1][0]   | C_o[2][1][3]   |     5.042 | SLOW    |     2.445 | FAST    |
B_i[2][1][0]   | C_o[3][1][0]   |     4.484 | SLOW    |     2.334 | FAST    |
B_i[2][1][0]   | C_o[3][1][1]   |     4.733 | SLOW    |     2.345 | FAST    |
B_i[2][1][0]   | C_o[3][1][2]   |     4.866 | SLOW    |     2.341 | FAST    |
B_i[2][1][0]   | C_o[3][1][3]   |     5.042 | SLOW    |     2.445 | FAST    |
B_i[2][1][0]   | C_o[4][1][0]   |     4.484 | SLOW    |     2.334 | FAST    |
B_i[2][1][0]   | C_o[4][1][1]   |     4.733 | SLOW    |     2.345 | FAST    |
B_i[2][1][0]   | C_o[4][1][2]   |     4.866 | SLOW    |     2.341 | FAST    |
B_i[2][1][0]   | C_o[4][1][3]   |     5.042 | SLOW    |     2.445 | FAST    |
B_i[2][1][0]   | C_o[5][1][0]   |     4.484 | SLOW    |     2.334 | FAST    |
B_i[2][1][0]   | C_o[5][1][1]   |     4.733 | SLOW    |     2.345 | FAST    |
B_i[2][1][0]   | C_o[5][1][2]   |     4.866 | SLOW    |     2.341 | FAST    |
B_i[2][1][0]   | C_o[5][1][3]   |     5.042 | SLOW    |     2.445 | FAST    |
B_i[2][1][0]   | C_o[6][1][0]   |     4.484 | SLOW    |     2.334 | FAST    |
B_i[2][1][0]   | C_o[6][1][1]   |     4.733 | SLOW    |     2.345 | FAST    |
B_i[2][1][0]   | C_o[6][1][2]   |     4.866 | SLOW    |     2.341 | FAST    |
B_i[2][1][0]   | C_o[6][1][3]   |     5.042 | SLOW    |     2.445 | FAST    |
B_i[2][1][0]   | C_o[7][1][0]   |     4.484 | SLOW    |     2.334 | FAST    |
B_i[2][1][0]   | C_o[7][1][1]   |     4.733 | SLOW    |     2.345 | FAST    |
B_i[2][1][0]   | C_o[7][1][2]   |     4.866 | SLOW    |     2.341 | FAST    |
B_i[2][1][0]   | C_o[7][1][3]   |     5.042 | SLOW    |     2.445 | FAST    |
B_i[2][1][1]   | C_o[0][1][1]   |     4.715 | SLOW    |     2.454 | FAST    |
B_i[2][1][1]   | C_o[0][1][2]   |     4.857 | SLOW    |     2.458 | FAST    |
B_i[2][1][1]   | C_o[0][1][3]   |     5.024 | SLOW    |     2.435 | FAST    |
B_i[2][1][1]   | C_o[1][1][1]   |     4.715 | SLOW    |     2.454 | FAST    |
B_i[2][1][1]   | C_o[1][1][2]   |     4.857 | SLOW    |     2.458 | FAST    |
B_i[2][1][1]   | C_o[1][1][3]   |     5.024 | SLOW    |     2.435 | FAST    |
B_i[2][1][1]   | C_o[2][1][1]   |     4.715 | SLOW    |     2.454 | FAST    |
B_i[2][1][1]   | C_o[2][1][2]   |     4.857 | SLOW    |     2.458 | FAST    |
B_i[2][1][1]   | C_o[2][1][3]   |     5.024 | SLOW    |     2.435 | FAST    |
B_i[2][1][1]   | C_o[3][1][1]   |     4.715 | SLOW    |     2.454 | FAST    |
B_i[2][1][1]   | C_o[3][1][2]   |     4.857 | SLOW    |     2.458 | FAST    |
B_i[2][1][1]   | C_o[3][1][3]   |     5.024 | SLOW    |     2.435 | FAST    |
B_i[2][1][1]   | C_o[4][1][1]   |     4.715 | SLOW    |     2.454 | FAST    |
B_i[2][1][1]   | C_o[4][1][2]   |     4.857 | SLOW    |     2.458 | FAST    |
B_i[2][1][1]   | C_o[4][1][3]   |     5.024 | SLOW    |     2.435 | FAST    |
B_i[2][1][1]   | C_o[5][1][1]   |     4.715 | SLOW    |     2.454 | FAST    |
B_i[2][1][1]   | C_o[5][1][2]   |     4.857 | SLOW    |     2.458 | FAST    |
B_i[2][1][1]   | C_o[5][1][3]   |     5.024 | SLOW    |     2.435 | FAST    |
B_i[2][1][1]   | C_o[6][1][1]   |     4.715 | SLOW    |     2.454 | FAST    |
B_i[2][1][1]   | C_o[6][1][2]   |     4.857 | SLOW    |     2.458 | FAST    |
B_i[2][1][1]   | C_o[6][1][3]   |     5.024 | SLOW    |     2.435 | FAST    |
B_i[2][1][1]   | C_o[7][1][1]   |     4.715 | SLOW    |     2.454 | FAST    |
B_i[2][1][1]   | C_o[7][1][2]   |     4.857 | SLOW    |     2.458 | FAST    |
B_i[2][1][1]   | C_o[7][1][3]   |     5.024 | SLOW    |     2.435 | FAST    |
B_i[2][1][2]   | C_o[0][1][2]   |     4.884 | SLOW    |     2.548 | FAST    |
B_i[2][1][2]   | C_o[0][1][3]   |     4.877 | SLOW    |     2.450 | FAST    |
B_i[2][1][2]   | C_o[1][1][2]   |     4.884 | SLOW    |     2.548 | FAST    |
B_i[2][1][2]   | C_o[1][1][3]   |     4.877 | SLOW    |     2.450 | FAST    |
B_i[2][1][2]   | C_o[2][1][2]   |     4.884 | SLOW    |     2.548 | FAST    |
B_i[2][1][2]   | C_o[2][1][3]   |     4.877 | SLOW    |     2.450 | FAST    |
B_i[2][1][2]   | C_o[3][1][2]   |     4.884 | SLOW    |     2.548 | FAST    |
B_i[2][1][2]   | C_o[3][1][3]   |     4.877 | SLOW    |     2.450 | FAST    |
B_i[2][1][2]   | C_o[4][1][2]   |     4.884 | SLOW    |     2.548 | FAST    |
B_i[2][1][2]   | C_o[4][1][3]   |     4.877 | SLOW    |     2.450 | FAST    |
B_i[2][1][2]   | C_o[5][1][2]   |     4.884 | SLOW    |     2.548 | FAST    |
B_i[2][1][2]   | C_o[5][1][3]   |     4.877 | SLOW    |     2.450 | FAST    |
B_i[2][1][2]   | C_o[6][1][2]   |     4.884 | SLOW    |     2.548 | FAST    |
B_i[2][1][2]   | C_o[6][1][3]   |     4.877 | SLOW    |     2.450 | FAST    |
B_i[2][1][2]   | C_o[7][1][2]   |     4.884 | SLOW    |     2.548 | FAST    |
B_i[2][1][2]   | C_o[7][1][3]   |     4.877 | SLOW    |     2.450 | FAST    |
B_i[2][1][3]   | C_o[0][1][3]   |     4.839 | SLOW    |     2.524 | FAST    |
B_i[2][1][3]   | C_o[1][1][3]   |     4.839 | SLOW    |     2.524 | FAST    |
B_i[2][1][3]   | C_o[2][1][3]   |     4.839 | SLOW    |     2.524 | FAST    |
B_i[2][1][3]   | C_o[3][1][3]   |     4.839 | SLOW    |     2.524 | FAST    |
B_i[2][1][3]   | C_o[4][1][3]   |     4.839 | SLOW    |     2.524 | FAST    |
B_i[2][1][3]   | C_o[5][1][3]   |     4.839 | SLOW    |     2.524 | FAST    |
B_i[2][1][3]   | C_o[6][1][3]   |     4.839 | SLOW    |     2.524 | FAST    |
B_i[2][1][3]   | C_o[7][1][3]   |     4.839 | SLOW    |     2.524 | FAST    |
B_i[2][2][0]   | C_o[0][2][0]   |     4.484 | SLOW    |     2.334 | FAST    |
B_i[2][2][0]   | C_o[0][2][1]   |     4.719 | SLOW    |     2.345 | FAST    |
B_i[2][2][0]   | C_o[0][2][2]   |     4.866 | SLOW    |     2.341 | FAST    |
B_i[2][2][0]   | C_o[0][2][3]   |     5.037 | SLOW    |     2.445 | FAST    |
B_i[2][2][0]   | C_o[1][2][0]   |     4.484 | SLOW    |     2.334 | FAST    |
B_i[2][2][0]   | C_o[1][2][1]   |     4.719 | SLOW    |     2.345 | FAST    |
B_i[2][2][0]   | C_o[1][2][2]   |     4.866 | SLOW    |     2.341 | FAST    |
B_i[2][2][0]   | C_o[1][2][3]   |     5.037 | SLOW    |     2.445 | FAST    |
B_i[2][2][0]   | C_o[2][2][0]   |     4.484 | SLOW    |     2.334 | FAST    |
B_i[2][2][0]   | C_o[2][2][1]   |     4.719 | SLOW    |     2.345 | FAST    |
B_i[2][2][0]   | C_o[2][2][2]   |     4.866 | SLOW    |     2.341 | FAST    |
B_i[2][2][0]   | C_o[2][2][3]   |     5.037 | SLOW    |     2.445 | FAST    |
B_i[2][2][0]   | C_o[3][2][0]   |     4.484 | SLOW    |     2.334 | FAST    |
B_i[2][2][0]   | C_o[3][2][1]   |     4.719 | SLOW    |     2.345 | FAST    |
B_i[2][2][0]   | C_o[3][2][2]   |     4.866 | SLOW    |     2.341 | FAST    |
B_i[2][2][0]   | C_o[3][2][3]   |     5.037 | SLOW    |     2.445 | FAST    |
B_i[2][2][0]   | C_o[4][2][0]   |     4.484 | SLOW    |     2.334 | FAST    |
B_i[2][2][0]   | C_o[4][2][1]   |     4.719 | SLOW    |     2.345 | FAST    |
B_i[2][2][0]   | C_o[4][2][2]   |     4.866 | SLOW    |     2.341 | FAST    |
B_i[2][2][0]   | C_o[4][2][3]   |     5.037 | SLOW    |     2.445 | FAST    |
B_i[2][2][0]   | C_o[5][2][0]   |     4.484 | SLOW    |     2.334 | FAST    |
B_i[2][2][0]   | C_o[5][2][1]   |     4.719 | SLOW    |     2.345 | FAST    |
B_i[2][2][0]   | C_o[5][2][2]   |     4.866 | SLOW    |     2.341 | FAST    |
B_i[2][2][0]   | C_o[5][2][3]   |     5.037 | SLOW    |     2.445 | FAST    |
B_i[2][2][0]   | C_o[6][2][0]   |     4.484 | SLOW    |     2.334 | FAST    |
B_i[2][2][0]   | C_o[6][2][1]   |     4.719 | SLOW    |     2.345 | FAST    |
B_i[2][2][0]   | C_o[6][2][2]   |     4.866 | SLOW    |     2.341 | FAST    |
B_i[2][2][0]   | C_o[6][2][3]   |     5.037 | SLOW    |     2.445 | FAST    |
B_i[2][2][0]   | C_o[7][2][0]   |     4.484 | SLOW    |     2.334 | FAST    |
B_i[2][2][0]   | C_o[7][2][1]   |     4.719 | SLOW    |     2.345 | FAST    |
B_i[2][2][0]   | C_o[7][2][2]   |     4.866 | SLOW    |     2.341 | FAST    |
B_i[2][2][0]   | C_o[7][2][3]   |     5.037 | SLOW    |     2.445 | FAST    |
B_i[2][2][1]   | C_o[0][2][1]   |     4.693 | SLOW    |     2.440 | FAST    |
B_i[2][2][1]   | C_o[0][2][2]   |     4.857 | SLOW    |     2.444 | FAST    |
B_i[2][2][1]   | C_o[0][2][3]   |     5.002 | SLOW    |     2.435 | FAST    |
B_i[2][2][1]   | C_o[1][2][1]   |     4.693 | SLOW    |     2.440 | FAST    |
B_i[2][2][1]   | C_o[1][2][2]   |     4.857 | SLOW    |     2.444 | FAST    |
B_i[2][2][1]   | C_o[1][2][3]   |     5.002 | SLOW    |     2.435 | FAST    |
B_i[2][2][1]   | C_o[2][2][1]   |     4.693 | SLOW    |     2.440 | FAST    |
B_i[2][2][1]   | C_o[2][2][2]   |     4.857 | SLOW    |     2.444 | FAST    |
B_i[2][2][1]   | C_o[2][2][3]   |     5.002 | SLOW    |     2.435 | FAST    |
B_i[2][2][1]   | C_o[3][2][1]   |     4.693 | SLOW    |     2.440 | FAST    |
B_i[2][2][1]   | C_o[3][2][2]   |     4.857 | SLOW    |     2.444 | FAST    |
B_i[2][2][1]   | C_o[3][2][3]   |     5.002 | SLOW    |     2.435 | FAST    |
B_i[2][2][1]   | C_o[4][2][1]   |     4.693 | SLOW    |     2.440 | FAST    |
B_i[2][2][1]   | C_o[4][2][2]   |     4.857 | SLOW    |     2.444 | FAST    |
B_i[2][2][1]   | C_o[4][2][3]   |     5.002 | SLOW    |     2.435 | FAST    |
B_i[2][2][1]   | C_o[5][2][1]   |     4.693 | SLOW    |     2.440 | FAST    |
B_i[2][2][1]   | C_o[5][2][2]   |     4.857 | SLOW    |     2.444 | FAST    |
B_i[2][2][1]   | C_o[5][2][3]   |     5.002 | SLOW    |     2.435 | FAST    |
B_i[2][2][1]   | C_o[6][2][1]   |     4.693 | SLOW    |     2.440 | FAST    |
B_i[2][2][1]   | C_o[6][2][2]   |     4.857 | SLOW    |     2.444 | FAST    |
B_i[2][2][1]   | C_o[6][2][3]   |     5.002 | SLOW    |     2.435 | FAST    |
B_i[2][2][1]   | C_o[7][2][1]   |     4.693 | SLOW    |     2.440 | FAST    |
B_i[2][2][1]   | C_o[7][2][2]   |     4.857 | SLOW    |     2.444 | FAST    |
B_i[2][2][1]   | C_o[7][2][3]   |     5.002 | SLOW    |     2.435 | FAST    |
B_i[2][2][2]   | C_o[0][2][2]   |     4.884 | SLOW    |     2.548 | FAST    |
B_i[2][2][2]   | C_o[0][2][3]   |     4.877 | SLOW    |     2.450 | FAST    |
B_i[2][2][2]   | C_o[1][2][2]   |     4.884 | SLOW    |     2.548 | FAST    |
B_i[2][2][2]   | C_o[1][2][3]   |     4.877 | SLOW    |     2.450 | FAST    |
B_i[2][2][2]   | C_o[2][2][2]   |     4.884 | SLOW    |     2.548 | FAST    |
B_i[2][2][2]   | C_o[2][2][3]   |     4.877 | SLOW    |     2.450 | FAST    |
B_i[2][2][2]   | C_o[3][2][2]   |     4.884 | SLOW    |     2.548 | FAST    |
B_i[2][2][2]   | C_o[3][2][3]   |     4.877 | SLOW    |     2.450 | FAST    |
B_i[2][2][2]   | C_o[4][2][2]   |     4.884 | SLOW    |     2.548 | FAST    |
B_i[2][2][2]   | C_o[4][2][3]   |     4.877 | SLOW    |     2.450 | FAST    |
B_i[2][2][2]   | C_o[5][2][2]   |     4.884 | SLOW    |     2.548 | FAST    |
B_i[2][2][2]   | C_o[5][2][3]   |     4.877 | SLOW    |     2.450 | FAST    |
B_i[2][2][2]   | C_o[6][2][2]   |     4.884 | SLOW    |     2.548 | FAST    |
B_i[2][2][2]   | C_o[6][2][3]   |     4.877 | SLOW    |     2.450 | FAST    |
B_i[2][2][2]   | C_o[7][2][2]   |     4.884 | SLOW    |     2.548 | FAST    |
B_i[2][2][2]   | C_o[7][2][3]   |     4.877 | SLOW    |     2.450 | FAST    |
B_i[2][2][3]   | C_o[0][2][3]   |     4.839 | SLOW    |     2.524 | FAST    |
B_i[2][2][3]   | C_o[1][2][3]   |     4.839 | SLOW    |     2.524 | FAST    |
B_i[2][2][3]   | C_o[2][2][3]   |     4.839 | SLOW    |     2.524 | FAST    |
B_i[2][2][3]   | C_o[3][2][3]   |     4.839 | SLOW    |     2.524 | FAST    |
B_i[2][2][3]   | C_o[4][2][3]   |     4.839 | SLOW    |     2.524 | FAST    |
B_i[2][2][3]   | C_o[5][2][3]   |     4.839 | SLOW    |     2.524 | FAST    |
B_i[2][2][3]   | C_o[6][2][3]   |     4.839 | SLOW    |     2.524 | FAST    |
B_i[2][2][3]   | C_o[7][2][3]   |     4.839 | SLOW    |     2.524 | FAST    |
B_i[2][3][0]   | C_o[0][3][0]   |     4.484 | SLOW    |     2.334 | FAST    |
B_i[2][3][0]   | C_o[0][3][1]   |     4.733 | SLOW    |     2.345 | FAST    |
B_i[2][3][0]   | C_o[0][3][2]   |     4.866 | SLOW    |     2.341 | FAST    |
B_i[2][3][0]   | C_o[0][3][3]   |     5.042 | SLOW    |     2.445 | FAST    |
B_i[2][3][0]   | C_o[1][3][0]   |     4.484 | SLOW    |     2.334 | FAST    |
B_i[2][3][0]   | C_o[1][3][1]   |     4.733 | SLOW    |     2.345 | FAST    |
B_i[2][3][0]   | C_o[1][3][2]   |     4.866 | SLOW    |     2.341 | FAST    |
B_i[2][3][0]   | C_o[1][3][3]   |     5.042 | SLOW    |     2.445 | FAST    |
B_i[2][3][0]   | C_o[2][3][0]   |     4.484 | SLOW    |     2.334 | FAST    |
B_i[2][3][0]   | C_o[2][3][1]   |     4.733 | SLOW    |     2.345 | FAST    |
B_i[2][3][0]   | C_o[2][3][2]   |     4.866 | SLOW    |     2.341 | FAST    |
B_i[2][3][0]   | C_o[2][3][3]   |     5.042 | SLOW    |     2.445 | FAST    |
B_i[2][3][0]   | C_o[3][3][0]   |     4.484 | SLOW    |     2.334 | FAST    |
B_i[2][3][0]   | C_o[3][3][1]   |     4.733 | SLOW    |     2.345 | FAST    |
B_i[2][3][0]   | C_o[3][3][2]   |     4.866 | SLOW    |     2.341 | FAST    |
B_i[2][3][0]   | C_o[3][3][3]   |     5.042 | SLOW    |     2.445 | FAST    |
B_i[2][3][0]   | C_o[4][3][0]   |     4.484 | SLOW    |     2.334 | FAST    |
B_i[2][3][0]   | C_o[4][3][1]   |     4.733 | SLOW    |     2.345 | FAST    |
B_i[2][3][0]   | C_o[4][3][2]   |     4.866 | SLOW    |     2.341 | FAST    |
B_i[2][3][0]   | C_o[4][3][3]   |     5.042 | SLOW    |     2.445 | FAST    |
B_i[2][3][0]   | C_o[5][3][0]   |     4.484 | SLOW    |     2.334 | FAST    |
B_i[2][3][0]   | C_o[5][3][1]   |     4.733 | SLOW    |     2.345 | FAST    |
B_i[2][3][0]   | C_o[5][3][2]   |     4.866 | SLOW    |     2.341 | FAST    |
B_i[2][3][0]   | C_o[5][3][3]   |     5.042 | SLOW    |     2.445 | FAST    |
B_i[2][3][0]   | C_o[6][3][0]   |     4.484 | SLOW    |     2.334 | FAST    |
B_i[2][3][0]   | C_o[6][3][1]   |     4.733 | SLOW    |     2.345 | FAST    |
B_i[2][3][0]   | C_o[6][3][2]   |     4.866 | SLOW    |     2.341 | FAST    |
B_i[2][3][0]   | C_o[6][3][3]   |     5.042 | SLOW    |     2.445 | FAST    |
B_i[2][3][0]   | C_o[7][3][0]   |     4.484 | SLOW    |     2.334 | FAST    |
B_i[2][3][0]   | C_o[7][3][1]   |     4.733 | SLOW    |     2.345 | FAST    |
B_i[2][3][0]   | C_o[7][3][2]   |     4.866 | SLOW    |     2.341 | FAST    |
B_i[2][3][0]   | C_o[7][3][3]   |     5.042 | SLOW    |     2.445 | FAST    |
B_i[2][3][1]   | C_o[0][3][1]   |     4.715 | SLOW    |     2.454 | FAST    |
B_i[2][3][1]   | C_o[0][3][2]   |     4.857 | SLOW    |     2.458 | FAST    |
B_i[2][3][1]   | C_o[0][3][3]   |     5.024 | SLOW    |     2.435 | FAST    |
B_i[2][3][1]   | C_o[1][3][1]   |     4.715 | SLOW    |     2.454 | FAST    |
B_i[2][3][1]   | C_o[1][3][2]   |     4.857 | SLOW    |     2.458 | FAST    |
B_i[2][3][1]   | C_o[1][3][3]   |     5.024 | SLOW    |     2.435 | FAST    |
B_i[2][3][1]   | C_o[2][3][1]   |     4.715 | SLOW    |     2.454 | FAST    |
B_i[2][3][1]   | C_o[2][3][2]   |     4.857 | SLOW    |     2.458 | FAST    |
B_i[2][3][1]   | C_o[2][3][3]   |     5.024 | SLOW    |     2.435 | FAST    |
B_i[2][3][1]   | C_o[3][3][1]   |     4.715 | SLOW    |     2.454 | FAST    |
B_i[2][3][1]   | C_o[3][3][2]   |     4.857 | SLOW    |     2.458 | FAST    |
B_i[2][3][1]   | C_o[3][3][3]   |     5.024 | SLOW    |     2.435 | FAST    |
B_i[2][3][1]   | C_o[4][3][1]   |     4.715 | SLOW    |     2.454 | FAST    |
B_i[2][3][1]   | C_o[4][3][2]   |     4.857 | SLOW    |     2.458 | FAST    |
B_i[2][3][1]   | C_o[4][3][3]   |     5.024 | SLOW    |     2.435 | FAST    |
B_i[2][3][1]   | C_o[5][3][1]   |     4.715 | SLOW    |     2.454 | FAST    |
B_i[2][3][1]   | C_o[5][3][2]   |     4.857 | SLOW    |     2.458 | FAST    |
B_i[2][3][1]   | C_o[5][3][3]   |     5.024 | SLOW    |     2.435 | FAST    |
B_i[2][3][1]   | C_o[6][3][1]   |     4.715 | SLOW    |     2.454 | FAST    |
B_i[2][3][1]   | C_o[6][3][2]   |     4.857 | SLOW    |     2.458 | FAST    |
B_i[2][3][1]   | C_o[6][3][3]   |     5.024 | SLOW    |     2.435 | FAST    |
B_i[2][3][1]   | C_o[7][3][1]   |     4.715 | SLOW    |     2.454 | FAST    |
B_i[2][3][1]   | C_o[7][3][2]   |     4.857 | SLOW    |     2.458 | FAST    |
B_i[2][3][1]   | C_o[7][3][3]   |     5.024 | SLOW    |     2.435 | FAST    |
B_i[2][3][2]   | C_o[0][3][2]   |     4.884 | SLOW    |     2.548 | FAST    |
B_i[2][3][2]   | C_o[0][3][3]   |     4.877 | SLOW    |     2.450 | FAST    |
B_i[2][3][2]   | C_o[1][3][2]   |     4.884 | SLOW    |     2.548 | FAST    |
B_i[2][3][2]   | C_o[1][3][3]   |     4.877 | SLOW    |     2.450 | FAST    |
B_i[2][3][2]   | C_o[2][3][2]   |     4.884 | SLOW    |     2.548 | FAST    |
B_i[2][3][2]   | C_o[2][3][3]   |     4.877 | SLOW    |     2.450 | FAST    |
B_i[2][3][2]   | C_o[3][3][2]   |     4.884 | SLOW    |     2.548 | FAST    |
B_i[2][3][2]   | C_o[3][3][3]   |     4.877 | SLOW    |     2.450 | FAST    |
B_i[2][3][2]   | C_o[4][3][2]   |     4.884 | SLOW    |     2.548 | FAST    |
B_i[2][3][2]   | C_o[4][3][3]   |     4.877 | SLOW    |     2.450 | FAST    |
B_i[2][3][2]   | C_o[5][3][2]   |     4.884 | SLOW    |     2.548 | FAST    |
B_i[2][3][2]   | C_o[5][3][3]   |     4.877 | SLOW    |     2.450 | FAST    |
B_i[2][3][2]   | C_o[6][3][2]   |     4.884 | SLOW    |     2.548 | FAST    |
B_i[2][3][2]   | C_o[6][3][3]   |     4.877 | SLOW    |     2.450 | FAST    |
B_i[2][3][2]   | C_o[7][3][2]   |     4.884 | SLOW    |     2.548 | FAST    |
B_i[2][3][2]   | C_o[7][3][3]   |     4.877 | SLOW    |     2.450 | FAST    |
B_i[2][3][3]   | C_o[0][3][3]   |     4.839 | SLOW    |     2.524 | FAST    |
B_i[2][3][3]   | C_o[1][3][3]   |     4.839 | SLOW    |     2.524 | FAST    |
B_i[2][3][3]   | C_o[2][3][3]   |     4.839 | SLOW    |     2.524 | FAST    |
B_i[2][3][3]   | C_o[3][3][3]   |     4.839 | SLOW    |     2.524 | FAST    |
B_i[2][3][3]   | C_o[4][3][3]   |     4.839 | SLOW    |     2.524 | FAST    |
B_i[2][3][3]   | C_o[5][3][3]   |     4.839 | SLOW    |     2.524 | FAST    |
B_i[2][3][3]   | C_o[6][3][3]   |     4.839 | SLOW    |     2.524 | FAST    |
B_i[2][3][3]   | C_o[7][3][3]   |     4.839 | SLOW    |     2.524 | FAST    |
B_i[2][4][0]   | C_o[0][4][0]   |     4.484 | SLOW    |     2.334 | FAST    |
B_i[2][4][0]   | C_o[0][4][1]   |     4.719 | SLOW    |     2.345 | FAST    |
B_i[2][4][0]   | C_o[0][4][2]   |     4.866 | SLOW    |     2.341 | FAST    |
B_i[2][4][0]   | C_o[0][4][3]   |     5.037 | SLOW    |     2.445 | FAST    |
B_i[2][4][0]   | C_o[1][4][0]   |     4.484 | SLOW    |     2.334 | FAST    |
B_i[2][4][0]   | C_o[1][4][1]   |     4.719 | SLOW    |     2.345 | FAST    |
B_i[2][4][0]   | C_o[1][4][2]   |     4.866 | SLOW    |     2.341 | FAST    |
B_i[2][4][0]   | C_o[1][4][3]   |     5.037 | SLOW    |     2.445 | FAST    |
B_i[2][4][0]   | C_o[2][4][0]   |     4.484 | SLOW    |     2.334 | FAST    |
B_i[2][4][0]   | C_o[2][4][1]   |     4.719 | SLOW    |     2.345 | FAST    |
B_i[2][4][0]   | C_o[2][4][2]   |     4.866 | SLOW    |     2.341 | FAST    |
B_i[2][4][0]   | C_o[2][4][3]   |     5.037 | SLOW    |     2.445 | FAST    |
B_i[2][4][0]   | C_o[3][4][0]   |     4.484 | SLOW    |     2.334 | FAST    |
B_i[2][4][0]   | C_o[3][4][1]   |     4.719 | SLOW    |     2.345 | FAST    |
B_i[2][4][0]   | C_o[3][4][2]   |     4.866 | SLOW    |     2.341 | FAST    |
B_i[2][4][0]   | C_o[3][4][3]   |     5.037 | SLOW    |     2.445 | FAST    |
B_i[2][4][0]   | C_o[4][4][0]   |     4.484 | SLOW    |     2.334 | FAST    |
B_i[2][4][0]   | C_o[4][4][1]   |     4.719 | SLOW    |     2.345 | FAST    |
B_i[2][4][0]   | C_o[4][4][2]   |     4.866 | SLOW    |     2.341 | FAST    |
B_i[2][4][0]   | C_o[4][4][3]   |     5.037 | SLOW    |     2.445 | FAST    |
B_i[2][4][0]   | C_o[5][4][0]   |     4.484 | SLOW    |     2.334 | FAST    |
B_i[2][4][0]   | C_o[5][4][1]   |     4.719 | SLOW    |     2.345 | FAST    |
B_i[2][4][0]   | C_o[5][4][2]   |     4.866 | SLOW    |     2.341 | FAST    |
B_i[2][4][0]   | C_o[5][4][3]   |     5.037 | SLOW    |     2.445 | FAST    |
B_i[2][4][0]   | C_o[6][4][0]   |     4.484 | SLOW    |     2.334 | FAST    |
B_i[2][4][0]   | C_o[6][4][1]   |     4.719 | SLOW    |     2.345 | FAST    |
B_i[2][4][0]   | C_o[6][4][2]   |     4.866 | SLOW    |     2.341 | FAST    |
B_i[2][4][0]   | C_o[6][4][3]   |     5.037 | SLOW    |     2.445 | FAST    |
B_i[2][4][0]   | C_o[7][4][0]   |     4.484 | SLOW    |     2.334 | FAST    |
B_i[2][4][0]   | C_o[7][4][1]   |     4.719 | SLOW    |     2.345 | FAST    |
B_i[2][4][0]   | C_o[7][4][2]   |     4.866 | SLOW    |     2.341 | FAST    |
B_i[2][4][0]   | C_o[7][4][3]   |     5.037 | SLOW    |     2.445 | FAST    |
B_i[2][4][1]   | C_o[0][4][1]   |     4.693 | SLOW    |     2.440 | FAST    |
B_i[2][4][1]   | C_o[0][4][2]   |     4.857 | SLOW    |     2.444 | FAST    |
B_i[2][4][1]   | C_o[0][4][3]   |     5.002 | SLOW    |     2.435 | FAST    |
B_i[2][4][1]   | C_o[1][4][1]   |     4.693 | SLOW    |     2.440 | FAST    |
B_i[2][4][1]   | C_o[1][4][2]   |     4.857 | SLOW    |     2.444 | FAST    |
B_i[2][4][1]   | C_o[1][4][3]   |     5.002 | SLOW    |     2.435 | FAST    |
B_i[2][4][1]   | C_o[2][4][1]   |     4.693 | SLOW    |     2.440 | FAST    |
B_i[2][4][1]   | C_o[2][4][2]   |     4.857 | SLOW    |     2.444 | FAST    |
B_i[2][4][1]   | C_o[2][4][3]   |     5.002 | SLOW    |     2.435 | FAST    |
B_i[2][4][1]   | C_o[3][4][1]   |     4.693 | SLOW    |     2.440 | FAST    |
B_i[2][4][1]   | C_o[3][4][2]   |     4.857 | SLOW    |     2.444 | FAST    |
B_i[2][4][1]   | C_o[3][4][3]   |     5.002 | SLOW    |     2.435 | FAST    |
B_i[2][4][1]   | C_o[4][4][1]   |     4.693 | SLOW    |     2.440 | FAST    |
B_i[2][4][1]   | C_o[4][4][2]   |     4.857 | SLOW    |     2.444 | FAST    |
B_i[2][4][1]   | C_o[4][4][3]   |     5.002 | SLOW    |     2.435 | FAST    |
B_i[2][4][1]   | C_o[5][4][1]   |     4.693 | SLOW    |     2.440 | FAST    |
B_i[2][4][1]   | C_o[5][4][2]   |     4.857 | SLOW    |     2.444 | FAST    |
B_i[2][4][1]   | C_o[5][4][3]   |     5.002 | SLOW    |     2.435 | FAST    |
B_i[2][4][1]   | C_o[6][4][1]   |     4.693 | SLOW    |     2.440 | FAST    |
B_i[2][4][1]   | C_o[6][4][2]   |     4.857 | SLOW    |     2.444 | FAST    |
B_i[2][4][1]   | C_o[6][4][3]   |     5.002 | SLOW    |     2.435 | FAST    |
B_i[2][4][1]   | C_o[7][4][1]   |     4.693 | SLOW    |     2.440 | FAST    |
B_i[2][4][1]   | C_o[7][4][2]   |     4.857 | SLOW    |     2.444 | FAST    |
B_i[2][4][1]   | C_o[7][4][3]   |     5.002 | SLOW    |     2.435 | FAST    |
B_i[2][4][2]   | C_o[0][4][2]   |     4.884 | SLOW    |     2.548 | FAST    |
B_i[2][4][2]   | C_o[0][4][3]   |     4.877 | SLOW    |     2.450 | FAST    |
B_i[2][4][2]   | C_o[1][4][2]   |     4.884 | SLOW    |     2.548 | FAST    |
B_i[2][4][2]   | C_o[1][4][3]   |     4.877 | SLOW    |     2.450 | FAST    |
B_i[2][4][2]   | C_o[2][4][2]   |     4.884 | SLOW    |     2.548 | FAST    |
B_i[2][4][2]   | C_o[2][4][3]   |     4.877 | SLOW    |     2.450 | FAST    |
B_i[2][4][2]   | C_o[3][4][2]   |     4.884 | SLOW    |     2.548 | FAST    |
B_i[2][4][2]   | C_o[3][4][3]   |     4.877 | SLOW    |     2.450 | FAST    |
B_i[2][4][2]   | C_o[4][4][2]   |     4.884 | SLOW    |     2.548 | FAST    |
B_i[2][4][2]   | C_o[4][4][3]   |     4.877 | SLOW    |     2.450 | FAST    |
B_i[2][4][2]   | C_o[5][4][2]   |     4.884 | SLOW    |     2.548 | FAST    |
B_i[2][4][2]   | C_o[5][4][3]   |     4.877 | SLOW    |     2.450 | FAST    |
B_i[2][4][2]   | C_o[6][4][2]   |     4.884 | SLOW    |     2.548 | FAST    |
B_i[2][4][2]   | C_o[6][4][3]   |     4.877 | SLOW    |     2.450 | FAST    |
B_i[2][4][2]   | C_o[7][4][2]   |     4.884 | SLOW    |     2.548 | FAST    |
B_i[2][4][2]   | C_o[7][4][3]   |     4.877 | SLOW    |     2.450 | FAST    |
B_i[2][4][3]   | C_o[0][4][3]   |     4.839 | SLOW    |     2.524 | FAST    |
B_i[2][4][3]   | C_o[1][4][3]   |     4.839 | SLOW    |     2.524 | FAST    |
B_i[2][4][3]   | C_o[2][4][3]   |     4.839 | SLOW    |     2.524 | FAST    |
B_i[2][4][3]   | C_o[3][4][3]   |     4.839 | SLOW    |     2.524 | FAST    |
B_i[2][4][3]   | C_o[4][4][3]   |     4.839 | SLOW    |     2.524 | FAST    |
B_i[2][4][3]   | C_o[5][4][3]   |     4.839 | SLOW    |     2.524 | FAST    |
B_i[2][4][3]   | C_o[6][4][3]   |     4.839 | SLOW    |     2.524 | FAST    |
B_i[2][4][3]   | C_o[7][4][3]   |     4.839 | SLOW    |     2.524 | FAST    |
B_i[2][5][0]   | C_o[0][5][0]   |     4.484 | SLOW    |     2.334 | FAST    |
B_i[2][5][0]   | C_o[0][5][1]   |     4.733 | SLOW    |     2.345 | FAST    |
B_i[2][5][0]   | C_o[0][5][2]   |     4.866 | SLOW    |     2.341 | FAST    |
B_i[2][5][0]   | C_o[0][5][3]   |     5.042 | SLOW    |     2.445 | FAST    |
B_i[2][5][0]   | C_o[1][5][0]   |     4.484 | SLOW    |     2.334 | FAST    |
B_i[2][5][0]   | C_o[1][5][1]   |     4.733 | SLOW    |     2.345 | FAST    |
B_i[2][5][0]   | C_o[1][5][2]   |     4.866 | SLOW    |     2.341 | FAST    |
B_i[2][5][0]   | C_o[1][5][3]   |     5.042 | SLOW    |     2.445 | FAST    |
B_i[2][5][0]   | C_o[2][5][0]   |     4.484 | SLOW    |     2.334 | FAST    |
B_i[2][5][0]   | C_o[2][5][1]   |     4.733 | SLOW    |     2.345 | FAST    |
B_i[2][5][0]   | C_o[2][5][2]   |     4.866 | SLOW    |     2.341 | FAST    |
B_i[2][5][0]   | C_o[2][5][3]   |     5.042 | SLOW    |     2.445 | FAST    |
B_i[2][5][0]   | C_o[3][5][0]   |     4.484 | SLOW    |     2.334 | FAST    |
B_i[2][5][0]   | C_o[3][5][1]   |     4.733 | SLOW    |     2.345 | FAST    |
B_i[2][5][0]   | C_o[3][5][2]   |     4.866 | SLOW    |     2.341 | FAST    |
B_i[2][5][0]   | C_o[3][5][3]   |     5.042 | SLOW    |     2.445 | FAST    |
B_i[2][5][0]   | C_o[4][5][0]   |     4.484 | SLOW    |     2.334 | FAST    |
B_i[2][5][0]   | C_o[4][5][1]   |     4.733 | SLOW    |     2.345 | FAST    |
B_i[2][5][0]   | C_o[4][5][2]   |     4.866 | SLOW    |     2.341 | FAST    |
B_i[2][5][0]   | C_o[4][5][3]   |     5.042 | SLOW    |     2.445 | FAST    |
B_i[2][5][0]   | C_o[5][5][0]   |     4.484 | SLOW    |     2.334 | FAST    |
B_i[2][5][0]   | C_o[5][5][1]   |     4.733 | SLOW    |     2.345 | FAST    |
B_i[2][5][0]   | C_o[5][5][2]   |     4.866 | SLOW    |     2.341 | FAST    |
B_i[2][5][0]   | C_o[5][5][3]   |     5.042 | SLOW    |     2.445 | FAST    |
B_i[2][5][0]   | C_o[6][5][0]   |     4.484 | SLOW    |     2.334 | FAST    |
B_i[2][5][0]   | C_o[6][5][1]   |     4.733 | SLOW    |     2.345 | FAST    |
B_i[2][5][0]   | C_o[6][5][2]   |     4.866 | SLOW    |     2.341 | FAST    |
B_i[2][5][0]   | C_o[6][5][3]   |     5.042 | SLOW    |     2.445 | FAST    |
B_i[2][5][0]   | C_o[7][5][0]   |     4.484 | SLOW    |     2.334 | FAST    |
B_i[2][5][0]   | C_o[7][5][1]   |     4.733 | SLOW    |     2.345 | FAST    |
B_i[2][5][0]   | C_o[7][5][2]   |     4.866 | SLOW    |     2.341 | FAST    |
B_i[2][5][0]   | C_o[7][5][3]   |     5.042 | SLOW    |     2.445 | FAST    |
B_i[2][5][1]   | C_o[0][5][1]   |     4.715 | SLOW    |     2.454 | FAST    |
B_i[2][5][1]   | C_o[0][5][2]   |     4.857 | SLOW    |     2.458 | FAST    |
B_i[2][5][1]   | C_o[0][5][3]   |     5.024 | SLOW    |     2.435 | FAST    |
B_i[2][5][1]   | C_o[1][5][1]   |     4.715 | SLOW    |     2.454 | FAST    |
B_i[2][5][1]   | C_o[1][5][2]   |     4.857 | SLOW    |     2.458 | FAST    |
B_i[2][5][1]   | C_o[1][5][3]   |     5.024 | SLOW    |     2.435 | FAST    |
B_i[2][5][1]   | C_o[2][5][1]   |     4.715 | SLOW    |     2.454 | FAST    |
B_i[2][5][1]   | C_o[2][5][2]   |     4.857 | SLOW    |     2.458 | FAST    |
B_i[2][5][1]   | C_o[2][5][3]   |     5.024 | SLOW    |     2.435 | FAST    |
B_i[2][5][1]   | C_o[3][5][1]   |     4.715 | SLOW    |     2.454 | FAST    |
B_i[2][5][1]   | C_o[3][5][2]   |     4.857 | SLOW    |     2.458 | FAST    |
B_i[2][5][1]   | C_o[3][5][3]   |     5.024 | SLOW    |     2.435 | FAST    |
B_i[2][5][1]   | C_o[4][5][1]   |     4.715 | SLOW    |     2.454 | FAST    |
B_i[2][5][1]   | C_o[4][5][2]   |     4.857 | SLOW    |     2.458 | FAST    |
B_i[2][5][1]   | C_o[4][5][3]   |     5.024 | SLOW    |     2.435 | FAST    |
B_i[2][5][1]   | C_o[5][5][1]   |     4.715 | SLOW    |     2.454 | FAST    |
B_i[2][5][1]   | C_o[5][5][2]   |     4.857 | SLOW    |     2.458 | FAST    |
B_i[2][5][1]   | C_o[5][5][3]   |     5.024 | SLOW    |     2.435 | FAST    |
B_i[2][5][1]   | C_o[6][5][1]   |     4.715 | SLOW    |     2.454 | FAST    |
B_i[2][5][1]   | C_o[6][5][2]   |     4.857 | SLOW    |     2.458 | FAST    |
B_i[2][5][1]   | C_o[6][5][3]   |     5.024 | SLOW    |     2.435 | FAST    |
B_i[2][5][1]   | C_o[7][5][1]   |     4.715 | SLOW    |     2.454 | FAST    |
B_i[2][5][1]   | C_o[7][5][2]   |     4.857 | SLOW    |     2.458 | FAST    |
B_i[2][5][1]   | C_o[7][5][3]   |     5.024 | SLOW    |     2.435 | FAST    |
B_i[2][5][2]   | C_o[0][5][2]   |     4.884 | SLOW    |     2.548 | FAST    |
B_i[2][5][2]   | C_o[0][5][3]   |     4.877 | SLOW    |     2.450 | FAST    |
B_i[2][5][2]   | C_o[1][5][2]   |     4.884 | SLOW    |     2.548 | FAST    |
B_i[2][5][2]   | C_o[1][5][3]   |     4.877 | SLOW    |     2.450 | FAST    |
B_i[2][5][2]   | C_o[2][5][2]   |     4.884 | SLOW    |     2.548 | FAST    |
B_i[2][5][2]   | C_o[2][5][3]   |     4.877 | SLOW    |     2.450 | FAST    |
B_i[2][5][2]   | C_o[3][5][2]   |     4.884 | SLOW    |     2.548 | FAST    |
B_i[2][5][2]   | C_o[3][5][3]   |     4.877 | SLOW    |     2.450 | FAST    |
B_i[2][5][2]   | C_o[4][5][2]   |     4.884 | SLOW    |     2.548 | FAST    |
B_i[2][5][2]   | C_o[4][5][3]   |     4.877 | SLOW    |     2.450 | FAST    |
B_i[2][5][2]   | C_o[5][5][2]   |     4.884 | SLOW    |     2.548 | FAST    |
B_i[2][5][2]   | C_o[5][5][3]   |     4.877 | SLOW    |     2.450 | FAST    |
B_i[2][5][2]   | C_o[6][5][2]   |     4.884 | SLOW    |     2.548 | FAST    |
B_i[2][5][2]   | C_o[6][5][3]   |     4.877 | SLOW    |     2.450 | FAST    |
B_i[2][5][2]   | C_o[7][5][2]   |     4.884 | SLOW    |     2.548 | FAST    |
B_i[2][5][2]   | C_o[7][5][3]   |     4.877 | SLOW    |     2.450 | FAST    |
B_i[2][5][3]   | C_o[0][5][3]   |     4.839 | SLOW    |     2.524 | FAST    |
B_i[2][5][3]   | C_o[1][5][3]   |     4.839 | SLOW    |     2.524 | FAST    |
B_i[2][5][3]   | C_o[2][5][3]   |     4.839 | SLOW    |     2.524 | FAST    |
B_i[2][5][3]   | C_o[3][5][3]   |     4.839 | SLOW    |     2.524 | FAST    |
B_i[2][5][3]   | C_o[4][5][3]   |     4.839 | SLOW    |     2.524 | FAST    |
B_i[2][5][3]   | C_o[5][5][3]   |     4.839 | SLOW    |     2.524 | FAST    |
B_i[2][5][3]   | C_o[6][5][3]   |     4.839 | SLOW    |     2.524 | FAST    |
B_i[2][5][3]   | C_o[7][5][3]   |     4.839 | SLOW    |     2.524 | FAST    |
B_i[2][6][0]   | C_o[0][6][0]   |     4.484 | SLOW    |     2.334 | FAST    |
B_i[2][6][0]   | C_o[0][6][1]   |     4.719 | SLOW    |     2.345 | FAST    |
B_i[2][6][0]   | C_o[0][6][2]   |     4.866 | SLOW    |     2.341 | FAST    |
B_i[2][6][0]   | C_o[0][6][3]   |     5.037 | SLOW    |     2.445 | FAST    |
B_i[2][6][0]   | C_o[1][6][0]   |     4.484 | SLOW    |     2.334 | FAST    |
B_i[2][6][0]   | C_o[1][6][1]   |     4.719 | SLOW    |     2.345 | FAST    |
B_i[2][6][0]   | C_o[1][6][2]   |     4.866 | SLOW    |     2.341 | FAST    |
B_i[2][6][0]   | C_o[1][6][3]   |     5.037 | SLOW    |     2.445 | FAST    |
B_i[2][6][0]   | C_o[2][6][0]   |     4.484 | SLOW    |     2.334 | FAST    |
B_i[2][6][0]   | C_o[2][6][1]   |     4.719 | SLOW    |     2.345 | FAST    |
B_i[2][6][0]   | C_o[2][6][2]   |     4.866 | SLOW    |     2.341 | FAST    |
B_i[2][6][0]   | C_o[2][6][3]   |     5.037 | SLOW    |     2.445 | FAST    |
B_i[2][6][0]   | C_o[3][6][0]   |     4.484 | SLOW    |     2.334 | FAST    |
B_i[2][6][0]   | C_o[3][6][1]   |     4.719 | SLOW    |     2.345 | FAST    |
B_i[2][6][0]   | C_o[3][6][2]   |     4.866 | SLOW    |     2.341 | FAST    |
B_i[2][6][0]   | C_o[3][6][3]   |     5.037 | SLOW    |     2.445 | FAST    |
B_i[2][6][0]   | C_o[4][6][0]   |     4.484 | SLOW    |     2.334 | FAST    |
B_i[2][6][0]   | C_o[4][6][1]   |     4.719 | SLOW    |     2.345 | FAST    |
B_i[2][6][0]   | C_o[4][6][2]   |     4.866 | SLOW    |     2.341 | FAST    |
B_i[2][6][0]   | C_o[4][6][3]   |     5.037 | SLOW    |     2.445 | FAST    |
B_i[2][6][0]   | C_o[5][6][0]   |     4.484 | SLOW    |     2.334 | FAST    |
B_i[2][6][0]   | C_o[5][6][1]   |     4.719 | SLOW    |     2.345 | FAST    |
B_i[2][6][0]   | C_o[5][6][2]   |     4.866 | SLOW    |     2.341 | FAST    |
B_i[2][6][0]   | C_o[5][6][3]   |     5.037 | SLOW    |     2.445 | FAST    |
B_i[2][6][0]   | C_o[6][6][0]   |     4.484 | SLOW    |     2.334 | FAST    |
B_i[2][6][0]   | C_o[6][6][1]   |     4.719 | SLOW    |     2.345 | FAST    |
B_i[2][6][0]   | C_o[6][6][2]   |     4.866 | SLOW    |     2.341 | FAST    |
B_i[2][6][0]   | C_o[6][6][3]   |     5.037 | SLOW    |     2.445 | FAST    |
B_i[2][6][0]   | C_o[7][6][0]   |     4.484 | SLOW    |     2.334 | FAST    |
B_i[2][6][0]   | C_o[7][6][1]   |     4.719 | SLOW    |     2.345 | FAST    |
B_i[2][6][0]   | C_o[7][6][2]   |     4.866 | SLOW    |     2.341 | FAST    |
B_i[2][6][0]   | C_o[7][6][3]   |     5.037 | SLOW    |     2.445 | FAST    |
B_i[2][6][1]   | C_o[0][6][1]   |     4.693 | SLOW    |     2.440 | FAST    |
B_i[2][6][1]   | C_o[0][6][2]   |     4.857 | SLOW    |     2.444 | FAST    |
B_i[2][6][1]   | C_o[0][6][3]   |     5.002 | SLOW    |     2.435 | FAST    |
B_i[2][6][1]   | C_o[1][6][1]   |     4.693 | SLOW    |     2.440 | FAST    |
B_i[2][6][1]   | C_o[1][6][2]   |     4.857 | SLOW    |     2.444 | FAST    |
B_i[2][6][1]   | C_o[1][6][3]   |     5.002 | SLOW    |     2.435 | FAST    |
B_i[2][6][1]   | C_o[2][6][1]   |     4.693 | SLOW    |     2.440 | FAST    |
B_i[2][6][1]   | C_o[2][6][2]   |     4.857 | SLOW    |     2.444 | FAST    |
B_i[2][6][1]   | C_o[2][6][3]   |     5.002 | SLOW    |     2.435 | FAST    |
B_i[2][6][1]   | C_o[3][6][1]   |     4.693 | SLOW    |     2.440 | FAST    |
B_i[2][6][1]   | C_o[3][6][2]   |     4.857 | SLOW    |     2.444 | FAST    |
B_i[2][6][1]   | C_o[3][6][3]   |     5.002 | SLOW    |     2.435 | FAST    |
B_i[2][6][1]   | C_o[4][6][1]   |     4.693 | SLOW    |     2.440 | FAST    |
B_i[2][6][1]   | C_o[4][6][2]   |     4.857 | SLOW    |     2.444 | FAST    |
B_i[2][6][1]   | C_o[4][6][3]   |     5.002 | SLOW    |     2.435 | FAST    |
B_i[2][6][1]   | C_o[5][6][1]   |     4.693 | SLOW    |     2.440 | FAST    |
B_i[2][6][1]   | C_o[5][6][2]   |     4.857 | SLOW    |     2.444 | FAST    |
B_i[2][6][1]   | C_o[5][6][3]   |     5.002 | SLOW    |     2.435 | FAST    |
B_i[2][6][1]   | C_o[6][6][1]   |     4.693 | SLOW    |     2.440 | FAST    |
B_i[2][6][1]   | C_o[6][6][2]   |     4.857 | SLOW    |     2.444 | FAST    |
B_i[2][6][1]   | C_o[6][6][3]   |     5.002 | SLOW    |     2.435 | FAST    |
B_i[2][6][1]   | C_o[7][6][1]   |     4.693 | SLOW    |     2.440 | FAST    |
B_i[2][6][1]   | C_o[7][6][2]   |     4.857 | SLOW    |     2.444 | FAST    |
B_i[2][6][1]   | C_o[7][6][3]   |     5.002 | SLOW    |     2.435 | FAST    |
B_i[2][6][2]   | C_o[0][6][2]   |     4.884 | SLOW    |     2.548 | FAST    |
B_i[2][6][2]   | C_o[0][6][3]   |     4.877 | SLOW    |     2.450 | FAST    |
B_i[2][6][2]   | C_o[1][6][2]   |     4.884 | SLOW    |     2.548 | FAST    |
B_i[2][6][2]   | C_o[1][6][3]   |     4.877 | SLOW    |     2.450 | FAST    |
B_i[2][6][2]   | C_o[2][6][2]   |     4.884 | SLOW    |     2.548 | FAST    |
B_i[2][6][2]   | C_o[2][6][3]   |     4.877 | SLOW    |     2.450 | FAST    |
B_i[2][6][2]   | C_o[3][6][2]   |     4.884 | SLOW    |     2.548 | FAST    |
B_i[2][6][2]   | C_o[3][6][3]   |     4.877 | SLOW    |     2.450 | FAST    |
B_i[2][6][2]   | C_o[4][6][2]   |     4.884 | SLOW    |     2.548 | FAST    |
B_i[2][6][2]   | C_o[4][6][3]   |     4.877 | SLOW    |     2.450 | FAST    |
B_i[2][6][2]   | C_o[5][6][2]   |     4.884 | SLOW    |     2.548 | FAST    |
B_i[2][6][2]   | C_o[5][6][3]   |     4.877 | SLOW    |     2.450 | FAST    |
B_i[2][6][2]   | C_o[6][6][2]   |     4.884 | SLOW    |     2.548 | FAST    |
B_i[2][6][2]   | C_o[6][6][3]   |     4.877 | SLOW    |     2.450 | FAST    |
B_i[2][6][2]   | C_o[7][6][2]   |     4.884 | SLOW    |     2.548 | FAST    |
B_i[2][6][2]   | C_o[7][6][3]   |     4.877 | SLOW    |     2.450 | FAST    |
B_i[2][6][3]   | C_o[0][6][3]   |     4.839 | SLOW    |     2.524 | FAST    |
B_i[2][6][3]   | C_o[1][6][3]   |     4.839 | SLOW    |     2.524 | FAST    |
B_i[2][6][3]   | C_o[2][6][3]   |     4.839 | SLOW    |     2.524 | FAST    |
B_i[2][6][3]   | C_o[3][6][3]   |     4.839 | SLOW    |     2.524 | FAST    |
B_i[2][6][3]   | C_o[4][6][3]   |     4.839 | SLOW    |     2.524 | FAST    |
B_i[2][6][3]   | C_o[5][6][3]   |     4.839 | SLOW    |     2.524 | FAST    |
B_i[2][6][3]   | C_o[6][6][3]   |     4.839 | SLOW    |     2.524 | FAST    |
B_i[2][6][3]   | C_o[7][6][3]   |     4.839 | SLOW    |     2.524 | FAST    |
B_i[2][7][0]   | C_o[0][7][0]   |     4.484 | SLOW    |     2.334 | FAST    |
B_i[2][7][0]   | C_o[0][7][1]   |     4.733 | SLOW    |     2.345 | FAST    |
B_i[2][7][0]   | C_o[0][7][2]   |     4.866 | SLOW    |     2.341 | FAST    |
B_i[2][7][0]   | C_o[0][7][3]   |     5.042 | SLOW    |     2.445 | FAST    |
B_i[2][7][0]   | C_o[1][7][0]   |     4.484 | SLOW    |     2.334 | FAST    |
B_i[2][7][0]   | C_o[1][7][1]   |     4.733 | SLOW    |     2.345 | FAST    |
B_i[2][7][0]   | C_o[1][7][2]   |     4.866 | SLOW    |     2.341 | FAST    |
B_i[2][7][0]   | C_o[1][7][3]   |     5.042 | SLOW    |     2.445 | FAST    |
B_i[2][7][0]   | C_o[2][7][0]   |     4.484 | SLOW    |     2.334 | FAST    |
B_i[2][7][0]   | C_o[2][7][1]   |     4.733 | SLOW    |     2.345 | FAST    |
B_i[2][7][0]   | C_o[2][7][2]   |     4.866 | SLOW    |     2.341 | FAST    |
B_i[2][7][0]   | C_o[2][7][3]   |     5.042 | SLOW    |     2.445 | FAST    |
B_i[2][7][0]   | C_o[3][7][0]   |     4.484 | SLOW    |     2.334 | FAST    |
B_i[2][7][0]   | C_o[3][7][1]   |     4.733 | SLOW    |     2.345 | FAST    |
B_i[2][7][0]   | C_o[3][7][2]   |     4.866 | SLOW    |     2.341 | FAST    |
B_i[2][7][0]   | C_o[3][7][3]   |     5.042 | SLOW    |     2.445 | FAST    |
B_i[2][7][0]   | C_o[4][7][0]   |     4.484 | SLOW    |     2.334 | FAST    |
B_i[2][7][0]   | C_o[4][7][1]   |     4.733 | SLOW    |     2.345 | FAST    |
B_i[2][7][0]   | C_o[4][7][2]   |     4.866 | SLOW    |     2.341 | FAST    |
B_i[2][7][0]   | C_o[4][7][3]   |     5.042 | SLOW    |     2.445 | FAST    |
B_i[2][7][0]   | C_o[5][7][0]   |     4.484 | SLOW    |     2.334 | FAST    |
B_i[2][7][0]   | C_o[5][7][1]   |     4.733 | SLOW    |     2.345 | FAST    |
B_i[2][7][0]   | C_o[5][7][2]   |     4.866 | SLOW    |     2.341 | FAST    |
B_i[2][7][0]   | C_o[5][7][3]   |     5.042 | SLOW    |     2.445 | FAST    |
B_i[2][7][0]   | C_o[6][7][0]   |     4.484 | SLOW    |     2.334 | FAST    |
B_i[2][7][0]   | C_o[6][7][1]   |     4.733 | SLOW    |     2.345 | FAST    |
B_i[2][7][0]   | C_o[6][7][2]   |     4.866 | SLOW    |     2.341 | FAST    |
B_i[2][7][0]   | C_o[6][7][3]   |     5.042 | SLOW    |     2.445 | FAST    |
B_i[2][7][0]   | C_o[7][7][0]   |     4.484 | SLOW    |     2.334 | FAST    |
B_i[2][7][0]   | C_o[7][7][1]   |     4.733 | SLOW    |     2.345 | FAST    |
B_i[2][7][0]   | C_o[7][7][2]   |     4.866 | SLOW    |     2.341 | FAST    |
B_i[2][7][0]   | C_o[7][7][3]   |     5.042 | SLOW    |     2.445 | FAST    |
B_i[2][7][1]   | C_o[0][7][1]   |     4.715 | SLOW    |     2.454 | FAST    |
B_i[2][7][1]   | C_o[0][7][2]   |     4.857 | SLOW    |     2.458 | FAST    |
B_i[2][7][1]   | C_o[0][7][3]   |     5.024 | SLOW    |     2.435 | FAST    |
B_i[2][7][1]   | C_o[1][7][1]   |     4.715 | SLOW    |     2.454 | FAST    |
B_i[2][7][1]   | C_o[1][7][2]   |     4.857 | SLOW    |     2.458 | FAST    |
B_i[2][7][1]   | C_o[1][7][3]   |     5.024 | SLOW    |     2.435 | FAST    |
B_i[2][7][1]   | C_o[2][7][1]   |     4.715 | SLOW    |     2.454 | FAST    |
B_i[2][7][1]   | C_o[2][7][2]   |     4.857 | SLOW    |     2.458 | FAST    |
B_i[2][7][1]   | C_o[2][7][3]   |     5.024 | SLOW    |     2.435 | FAST    |
B_i[2][7][1]   | C_o[3][7][1]   |     4.715 | SLOW    |     2.454 | FAST    |
B_i[2][7][1]   | C_o[3][7][2]   |     4.857 | SLOW    |     2.458 | FAST    |
B_i[2][7][1]   | C_o[3][7][3]   |     5.024 | SLOW    |     2.435 | FAST    |
B_i[2][7][1]   | C_o[4][7][1]   |     4.715 | SLOW    |     2.454 | FAST    |
B_i[2][7][1]   | C_o[4][7][2]   |     4.857 | SLOW    |     2.458 | FAST    |
B_i[2][7][1]   | C_o[4][7][3]   |     5.024 | SLOW    |     2.435 | FAST    |
B_i[2][7][1]   | C_o[5][7][1]   |     4.715 | SLOW    |     2.454 | FAST    |
B_i[2][7][1]   | C_o[5][7][2]   |     4.857 | SLOW    |     2.458 | FAST    |
B_i[2][7][1]   | C_o[5][7][3]   |     5.024 | SLOW    |     2.435 | FAST    |
B_i[2][7][1]   | C_o[6][7][1]   |     4.715 | SLOW    |     2.454 | FAST    |
B_i[2][7][1]   | C_o[6][7][2]   |     4.857 | SLOW    |     2.458 | FAST    |
B_i[2][7][1]   | C_o[6][7][3]   |     5.024 | SLOW    |     2.435 | FAST    |
B_i[2][7][1]   | C_o[7][7][1]   |     4.715 | SLOW    |     2.454 | FAST    |
B_i[2][7][1]   | C_o[7][7][2]   |     4.857 | SLOW    |     2.458 | FAST    |
B_i[2][7][1]   | C_o[7][7][3]   |     5.024 | SLOW    |     2.435 | FAST    |
B_i[2][7][2]   | C_o[0][7][2]   |     4.884 | SLOW    |     2.548 | FAST    |
B_i[2][7][2]   | C_o[0][7][3]   |     4.877 | SLOW    |     2.450 | FAST    |
B_i[2][7][2]   | C_o[1][7][2]   |     4.884 | SLOW    |     2.548 | FAST    |
B_i[2][7][2]   | C_o[1][7][3]   |     4.877 | SLOW    |     2.450 | FAST    |
B_i[2][7][2]   | C_o[2][7][2]   |     4.884 | SLOW    |     2.548 | FAST    |
B_i[2][7][2]   | C_o[2][7][3]   |     4.877 | SLOW    |     2.450 | FAST    |
B_i[2][7][2]   | C_o[3][7][2]   |     4.884 | SLOW    |     2.548 | FAST    |
B_i[2][7][2]   | C_o[3][7][3]   |     4.877 | SLOW    |     2.450 | FAST    |
B_i[2][7][2]   | C_o[4][7][2]   |     4.884 | SLOW    |     2.548 | FAST    |
B_i[2][7][2]   | C_o[4][7][3]   |     4.877 | SLOW    |     2.450 | FAST    |
B_i[2][7][2]   | C_o[5][7][2]   |     4.884 | SLOW    |     2.548 | FAST    |
B_i[2][7][2]   | C_o[5][7][3]   |     4.877 | SLOW    |     2.450 | FAST    |
B_i[2][7][2]   | C_o[6][7][2]   |     4.884 | SLOW    |     2.548 | FAST    |
B_i[2][7][2]   | C_o[6][7][3]   |     4.877 | SLOW    |     2.450 | FAST    |
B_i[2][7][2]   | C_o[7][7][2]   |     4.884 | SLOW    |     2.548 | FAST    |
B_i[2][7][2]   | C_o[7][7][3]   |     4.877 | SLOW    |     2.450 | FAST    |
B_i[2][7][3]   | C_o[0][7][3]   |     4.839 | SLOW    |     2.524 | FAST    |
B_i[2][7][3]   | C_o[1][7][3]   |     4.839 | SLOW    |     2.524 | FAST    |
B_i[2][7][3]   | C_o[2][7][3]   |     4.839 | SLOW    |     2.524 | FAST    |
B_i[2][7][3]   | C_o[3][7][3]   |     4.839 | SLOW    |     2.524 | FAST    |
B_i[2][7][3]   | C_o[4][7][3]   |     4.839 | SLOW    |     2.524 | FAST    |
B_i[2][7][3]   | C_o[5][7][3]   |     4.839 | SLOW    |     2.524 | FAST    |
B_i[2][7][3]   | C_o[6][7][3]   |     4.839 | SLOW    |     2.524 | FAST    |
B_i[2][7][3]   | C_o[7][7][3]   |     4.839 | SLOW    |     2.524 | FAST    |
B_i[3][0][0]   | C_o[0][0][0]   |     4.511 | SLOW    |     2.343 | FAST    |
B_i[3][0][0]   | C_o[0][0][1]   |     4.746 | SLOW    |     2.336 | FAST    |
B_i[3][0][0]   | C_o[0][0][2]   |     4.893 | SLOW    |     2.332 | FAST    |
B_i[3][0][0]   | C_o[0][0][3]   |     5.064 | SLOW    |     2.450 | FAST    |
B_i[3][0][0]   | C_o[1][0][0]   |     4.511 | SLOW    |     2.343 | FAST    |
B_i[3][0][0]   | C_o[1][0][1]   |     4.746 | SLOW    |     2.336 | FAST    |
B_i[3][0][0]   | C_o[1][0][2]   |     4.893 | SLOW    |     2.332 | FAST    |
B_i[3][0][0]   | C_o[1][0][3]   |     5.064 | SLOW    |     2.450 | FAST    |
B_i[3][0][0]   | C_o[2][0][0]   |     4.511 | SLOW    |     2.343 | FAST    |
B_i[3][0][0]   | C_o[2][0][1]   |     4.746 | SLOW    |     2.336 | FAST    |
B_i[3][0][0]   | C_o[2][0][2]   |     4.893 | SLOW    |     2.332 | FAST    |
B_i[3][0][0]   | C_o[2][0][3]   |     5.064 | SLOW    |     2.450 | FAST    |
B_i[3][0][0]   | C_o[3][0][0]   |     4.511 | SLOW    |     2.343 | FAST    |
B_i[3][0][0]   | C_o[3][0][1]   |     4.746 | SLOW    |     2.336 | FAST    |
B_i[3][0][0]   | C_o[3][0][2]   |     4.893 | SLOW    |     2.332 | FAST    |
B_i[3][0][0]   | C_o[3][0][3]   |     5.064 | SLOW    |     2.450 | FAST    |
B_i[3][0][0]   | C_o[4][0][0]   |     4.511 | SLOW    |     2.343 | FAST    |
B_i[3][0][0]   | C_o[4][0][1]   |     4.746 | SLOW    |     2.336 | FAST    |
B_i[3][0][0]   | C_o[4][0][2]   |     4.893 | SLOW    |     2.332 | FAST    |
B_i[3][0][0]   | C_o[4][0][3]   |     5.064 | SLOW    |     2.450 | FAST    |
B_i[3][0][0]   | C_o[5][0][0]   |     4.511 | SLOW    |     2.343 | FAST    |
B_i[3][0][0]   | C_o[5][0][1]   |     4.746 | SLOW    |     2.336 | FAST    |
B_i[3][0][0]   | C_o[5][0][2]   |     4.893 | SLOW    |     2.332 | FAST    |
B_i[3][0][0]   | C_o[5][0][3]   |     5.064 | SLOW    |     2.450 | FAST    |
B_i[3][0][0]   | C_o[6][0][0]   |     4.511 | SLOW    |     2.343 | FAST    |
B_i[3][0][0]   | C_o[6][0][1]   |     4.746 | SLOW    |     2.336 | FAST    |
B_i[3][0][0]   | C_o[6][0][2]   |     4.893 | SLOW    |     2.332 | FAST    |
B_i[3][0][0]   | C_o[6][0][3]   |     5.064 | SLOW    |     2.450 | FAST    |
B_i[3][0][0]   | C_o[7][0][0]   |     4.511 | SLOW    |     2.343 | FAST    |
B_i[3][0][0]   | C_o[7][0][1]   |     4.746 | SLOW    |     2.336 | FAST    |
B_i[3][0][0]   | C_o[7][0][2]   |     4.893 | SLOW    |     2.332 | FAST    |
B_i[3][0][0]   | C_o[7][0][3]   |     5.064 | SLOW    |     2.450 | FAST    |
B_i[3][0][1]   | C_o[0][0][1]   |     4.693 | SLOW    |     2.440 | FAST    |
B_i[3][0][1]   | C_o[0][0][2]   |     4.862 | SLOW    |     2.444 | FAST    |
B_i[3][0][1]   | C_o[0][0][3]   |     5.002 | SLOW    |     2.439 | FAST    |
B_i[3][0][1]   | C_o[1][0][1]   |     4.693 | SLOW    |     2.440 | FAST    |
B_i[3][0][1]   | C_o[1][0][2]   |     4.862 | SLOW    |     2.444 | FAST    |
B_i[3][0][1]   | C_o[1][0][3]   |     5.002 | SLOW    |     2.439 | FAST    |
B_i[3][0][1]   | C_o[2][0][1]   |     4.693 | SLOW    |     2.440 | FAST    |
B_i[3][0][1]   | C_o[2][0][2]   |     4.862 | SLOW    |     2.444 | FAST    |
B_i[3][0][1]   | C_o[2][0][3]   |     5.002 | SLOW    |     2.439 | FAST    |
B_i[3][0][1]   | C_o[3][0][1]   |     4.693 | SLOW    |     2.440 | FAST    |
B_i[3][0][1]   | C_o[3][0][2]   |     4.862 | SLOW    |     2.444 | FAST    |
B_i[3][0][1]   | C_o[3][0][3]   |     5.002 | SLOW    |     2.439 | FAST    |
B_i[3][0][1]   | C_o[4][0][1]   |     4.693 | SLOW    |     2.440 | FAST    |
B_i[3][0][1]   | C_o[4][0][2]   |     4.862 | SLOW    |     2.444 | FAST    |
B_i[3][0][1]   | C_o[4][0][3]   |     5.002 | SLOW    |     2.439 | FAST    |
B_i[3][0][1]   | C_o[5][0][1]   |     4.693 | SLOW    |     2.440 | FAST    |
B_i[3][0][1]   | C_o[5][0][2]   |     4.862 | SLOW    |     2.444 | FAST    |
B_i[3][0][1]   | C_o[5][0][3]   |     5.002 | SLOW    |     2.439 | FAST    |
B_i[3][0][1]   | C_o[6][0][1]   |     4.693 | SLOW    |     2.440 | FAST    |
B_i[3][0][1]   | C_o[6][0][2]   |     4.862 | SLOW    |     2.444 | FAST    |
B_i[3][0][1]   | C_o[6][0][3]   |     5.002 | SLOW    |     2.439 | FAST    |
B_i[3][0][1]   | C_o[7][0][1]   |     4.693 | SLOW    |     2.440 | FAST    |
B_i[3][0][1]   | C_o[7][0][2]   |     4.862 | SLOW    |     2.444 | FAST    |
B_i[3][0][1]   | C_o[7][0][3]   |     5.002 | SLOW    |     2.439 | FAST    |
B_i[3][0][2]   | C_o[0][0][2]   |     4.852 | SLOW    |     2.531 | FAST    |
B_i[3][0][2]   | C_o[0][0][3]   |     4.959 | SLOW    |     2.429 | FAST    |
B_i[3][0][2]   | C_o[1][0][2]   |     4.852 | SLOW    |     2.531 | FAST    |
B_i[3][0][2]   | C_o[1][0][3]   |     4.959 | SLOW    |     2.429 | FAST    |
B_i[3][0][2]   | C_o[2][0][2]   |     4.852 | SLOW    |     2.531 | FAST    |
B_i[3][0][2]   | C_o[2][0][3]   |     4.959 | SLOW    |     2.429 | FAST    |
B_i[3][0][2]   | C_o[3][0][2]   |     4.852 | SLOW    |     2.531 | FAST    |
B_i[3][0][2]   | C_o[3][0][3]   |     4.959 | SLOW    |     2.429 | FAST    |
B_i[3][0][2]   | C_o[4][0][2]   |     4.852 | SLOW    |     2.531 | FAST    |
B_i[3][0][2]   | C_o[4][0][3]   |     4.959 | SLOW    |     2.429 | FAST    |
B_i[3][0][2]   | C_o[5][0][2]   |     4.852 | SLOW    |     2.531 | FAST    |
B_i[3][0][2]   | C_o[5][0][3]   |     4.959 | SLOW    |     2.429 | FAST    |
B_i[3][0][2]   | C_o[6][0][2]   |     4.852 | SLOW    |     2.531 | FAST    |
B_i[3][0][2]   | C_o[6][0][3]   |     4.959 | SLOW    |     2.429 | FAST    |
B_i[3][0][2]   | C_o[7][0][2]   |     4.852 | SLOW    |     2.531 | FAST    |
B_i[3][0][2]   | C_o[7][0][3]   |     4.959 | SLOW    |     2.429 | FAST    |
B_i[3][0][3]   | C_o[0][0][3]   |     4.839 | SLOW    |     2.524 | FAST    |
B_i[3][0][3]   | C_o[1][0][3]   |     4.839 | SLOW    |     2.524 | FAST    |
B_i[3][0][3]   | C_o[2][0][3]   |     4.839 | SLOW    |     2.524 | FAST    |
B_i[3][0][3]   | C_o[3][0][3]   |     4.839 | SLOW    |     2.524 | FAST    |
B_i[3][0][3]   | C_o[4][0][3]   |     4.839 | SLOW    |     2.524 | FAST    |
B_i[3][0][3]   | C_o[5][0][3]   |     4.839 | SLOW    |     2.524 | FAST    |
B_i[3][0][3]   | C_o[6][0][3]   |     4.839 | SLOW    |     2.524 | FAST    |
B_i[3][0][3]   | C_o[7][0][3]   |     4.839 | SLOW    |     2.524 | FAST    |
B_i[3][1][0]   | C_o[0][1][0]   |     4.511 | SLOW    |     2.343 | FAST    |
B_i[3][1][0]   | C_o[0][1][1]   |     4.746 | SLOW    |     2.336 | FAST    |
B_i[3][1][0]   | C_o[0][1][2]   |     4.893 | SLOW    |     2.332 | FAST    |
B_i[3][1][0]   | C_o[0][1][3]   |     5.064 | SLOW    |     2.450 | FAST    |
B_i[3][1][0]   | C_o[1][1][0]   |     4.511 | SLOW    |     2.343 | FAST    |
B_i[3][1][0]   | C_o[1][1][1]   |     4.746 | SLOW    |     2.336 | FAST    |
B_i[3][1][0]   | C_o[1][1][2]   |     4.893 | SLOW    |     2.332 | FAST    |
B_i[3][1][0]   | C_o[1][1][3]   |     5.064 | SLOW    |     2.450 | FAST    |
B_i[3][1][0]   | C_o[2][1][0]   |     4.511 | SLOW    |     2.343 | FAST    |
B_i[3][1][0]   | C_o[2][1][1]   |     4.746 | SLOW    |     2.336 | FAST    |
B_i[3][1][0]   | C_o[2][1][2]   |     4.893 | SLOW    |     2.332 | FAST    |
B_i[3][1][0]   | C_o[2][1][3]   |     5.064 | SLOW    |     2.450 | FAST    |
B_i[3][1][0]   | C_o[3][1][0]   |     4.511 | SLOW    |     2.343 | FAST    |
B_i[3][1][0]   | C_o[3][1][1]   |     4.746 | SLOW    |     2.336 | FAST    |
B_i[3][1][0]   | C_o[3][1][2]   |     4.893 | SLOW    |     2.332 | FAST    |
B_i[3][1][0]   | C_o[3][1][3]   |     5.064 | SLOW    |     2.450 | FAST    |
B_i[3][1][0]   | C_o[4][1][0]   |     4.511 | SLOW    |     2.343 | FAST    |
B_i[3][1][0]   | C_o[4][1][1]   |     4.746 | SLOW    |     2.336 | FAST    |
B_i[3][1][0]   | C_o[4][1][2]   |     4.893 | SLOW    |     2.332 | FAST    |
B_i[3][1][0]   | C_o[4][1][3]   |     5.064 | SLOW    |     2.450 | FAST    |
B_i[3][1][0]   | C_o[5][1][0]   |     4.511 | SLOW    |     2.343 | FAST    |
B_i[3][1][0]   | C_o[5][1][1]   |     4.746 | SLOW    |     2.336 | FAST    |
B_i[3][1][0]   | C_o[5][1][2]   |     4.893 | SLOW    |     2.332 | FAST    |
B_i[3][1][0]   | C_o[5][1][3]   |     5.064 | SLOW    |     2.450 | FAST    |
B_i[3][1][0]   | C_o[6][1][0]   |     4.511 | SLOW    |     2.343 | FAST    |
B_i[3][1][0]   | C_o[6][1][1]   |     4.746 | SLOW    |     2.336 | FAST    |
B_i[3][1][0]   | C_o[6][1][2]   |     4.893 | SLOW    |     2.332 | FAST    |
B_i[3][1][0]   | C_o[6][1][3]   |     5.064 | SLOW    |     2.450 | FAST    |
B_i[3][1][0]   | C_o[7][1][0]   |     4.511 | SLOW    |     2.343 | FAST    |
B_i[3][1][0]   | C_o[7][1][1]   |     4.746 | SLOW    |     2.336 | FAST    |
B_i[3][1][0]   | C_o[7][1][2]   |     4.893 | SLOW    |     2.332 | FAST    |
B_i[3][1][0]   | C_o[7][1][3]   |     5.064 | SLOW    |     2.450 | FAST    |
B_i[3][1][1]   | C_o[0][1][1]   |     4.715 | SLOW    |     2.454 | FAST    |
B_i[3][1][1]   | C_o[0][1][2]   |     4.862 | SLOW    |     2.458 | FAST    |
B_i[3][1][1]   | C_o[0][1][3]   |     5.024 | SLOW    |     2.439 | FAST    |
B_i[3][1][1]   | C_o[1][1][1]   |     4.715 | SLOW    |     2.454 | FAST    |
B_i[3][1][1]   | C_o[1][1][2]   |     4.862 | SLOW    |     2.458 | FAST    |
B_i[3][1][1]   | C_o[1][1][3]   |     5.024 | SLOW    |     2.439 | FAST    |
B_i[3][1][1]   | C_o[2][1][1]   |     4.715 | SLOW    |     2.454 | FAST    |
B_i[3][1][1]   | C_o[2][1][2]   |     4.862 | SLOW    |     2.458 | FAST    |
B_i[3][1][1]   | C_o[2][1][3]   |     5.024 | SLOW    |     2.439 | FAST    |
B_i[3][1][1]   | C_o[3][1][1]   |     4.715 | SLOW    |     2.454 | FAST    |
B_i[3][1][1]   | C_o[3][1][2]   |     4.862 | SLOW    |     2.458 | FAST    |
B_i[3][1][1]   | C_o[3][1][3]   |     5.024 | SLOW    |     2.439 | FAST    |
B_i[3][1][1]   | C_o[4][1][1]   |     4.715 | SLOW    |     2.454 | FAST    |
B_i[3][1][1]   | C_o[4][1][2]   |     4.862 | SLOW    |     2.458 | FAST    |
B_i[3][1][1]   | C_o[4][1][3]   |     5.024 | SLOW    |     2.439 | FAST    |
B_i[3][1][1]   | C_o[5][1][1]   |     4.715 | SLOW    |     2.454 | FAST    |
B_i[3][1][1]   | C_o[5][1][2]   |     4.862 | SLOW    |     2.458 | FAST    |
B_i[3][1][1]   | C_o[5][1][3]   |     5.024 | SLOW    |     2.439 | FAST    |
B_i[3][1][1]   | C_o[6][1][1]   |     4.715 | SLOW    |     2.454 | FAST    |
B_i[3][1][1]   | C_o[6][1][2]   |     4.862 | SLOW    |     2.458 | FAST    |
B_i[3][1][1]   | C_o[6][1][3]   |     5.024 | SLOW    |     2.439 | FAST    |
B_i[3][1][1]   | C_o[7][1][1]   |     4.715 | SLOW    |     2.454 | FAST    |
B_i[3][1][1]   | C_o[7][1][2]   |     4.862 | SLOW    |     2.458 | FAST    |
B_i[3][1][1]   | C_o[7][1][3]   |     5.024 | SLOW    |     2.439 | FAST    |
B_i[3][1][2]   | C_o[0][1][2]   |     4.852 | SLOW    |     2.531 | FAST    |
B_i[3][1][2]   | C_o[0][1][3]   |     4.959 | SLOW    |     2.429 | FAST    |
B_i[3][1][2]   | C_o[1][1][2]   |     4.852 | SLOW    |     2.531 | FAST    |
B_i[3][1][2]   | C_o[1][1][3]   |     4.959 | SLOW    |     2.429 | FAST    |
B_i[3][1][2]   | C_o[2][1][2]   |     4.852 | SLOW    |     2.531 | FAST    |
B_i[3][1][2]   | C_o[2][1][3]   |     4.959 | SLOW    |     2.429 | FAST    |
B_i[3][1][2]   | C_o[3][1][2]   |     4.852 | SLOW    |     2.531 | FAST    |
B_i[3][1][2]   | C_o[3][1][3]   |     4.959 | SLOW    |     2.429 | FAST    |
B_i[3][1][2]   | C_o[4][1][2]   |     4.852 | SLOW    |     2.531 | FAST    |
B_i[3][1][2]   | C_o[4][1][3]   |     4.959 | SLOW    |     2.429 | FAST    |
B_i[3][1][2]   | C_o[5][1][2]   |     4.852 | SLOW    |     2.531 | FAST    |
B_i[3][1][2]   | C_o[5][1][3]   |     4.959 | SLOW    |     2.429 | FAST    |
B_i[3][1][2]   | C_o[6][1][2]   |     4.852 | SLOW    |     2.531 | FAST    |
B_i[3][1][2]   | C_o[6][1][3]   |     4.959 | SLOW    |     2.429 | FAST    |
B_i[3][1][2]   | C_o[7][1][2]   |     4.852 | SLOW    |     2.531 | FAST    |
B_i[3][1][2]   | C_o[7][1][3]   |     4.959 | SLOW    |     2.429 | FAST    |
B_i[3][1][3]   | C_o[0][1][3]   |     4.839 | SLOW    |     2.524 | FAST    |
B_i[3][1][3]   | C_o[1][1][3]   |     4.839 | SLOW    |     2.524 | FAST    |
B_i[3][1][3]   | C_o[2][1][3]   |     4.839 | SLOW    |     2.524 | FAST    |
B_i[3][1][3]   | C_o[3][1][3]   |     4.839 | SLOW    |     2.524 | FAST    |
B_i[3][1][3]   | C_o[4][1][3]   |     4.839 | SLOW    |     2.524 | FAST    |
B_i[3][1][3]   | C_o[5][1][3]   |     4.839 | SLOW    |     2.524 | FAST    |
B_i[3][1][3]   | C_o[6][1][3]   |     4.839 | SLOW    |     2.524 | FAST    |
B_i[3][1][3]   | C_o[7][1][3]   |     4.839 | SLOW    |     2.524 | FAST    |
B_i[3][2][0]   | C_o[0][2][0]   |     4.511 | SLOW    |     2.343 | FAST    |
B_i[3][2][0]   | C_o[0][2][1]   |     4.746 | SLOW    |     2.336 | FAST    |
B_i[3][2][0]   | C_o[0][2][2]   |     4.893 | SLOW    |     2.332 | FAST    |
B_i[3][2][0]   | C_o[0][2][3]   |     5.064 | SLOW    |     2.450 | FAST    |
B_i[3][2][0]   | C_o[1][2][0]   |     4.511 | SLOW    |     2.343 | FAST    |
B_i[3][2][0]   | C_o[1][2][1]   |     4.746 | SLOW    |     2.336 | FAST    |
B_i[3][2][0]   | C_o[1][2][2]   |     4.893 | SLOW    |     2.332 | FAST    |
B_i[3][2][0]   | C_o[1][2][3]   |     5.064 | SLOW    |     2.450 | FAST    |
B_i[3][2][0]   | C_o[2][2][0]   |     4.511 | SLOW    |     2.343 | FAST    |
B_i[3][2][0]   | C_o[2][2][1]   |     4.746 | SLOW    |     2.336 | FAST    |
B_i[3][2][0]   | C_o[2][2][2]   |     4.893 | SLOW    |     2.332 | FAST    |
B_i[3][2][0]   | C_o[2][2][3]   |     5.064 | SLOW    |     2.450 | FAST    |
B_i[3][2][0]   | C_o[3][2][0]   |     4.511 | SLOW    |     2.343 | FAST    |
B_i[3][2][0]   | C_o[3][2][1]   |     4.746 | SLOW    |     2.336 | FAST    |
B_i[3][2][0]   | C_o[3][2][2]   |     4.893 | SLOW    |     2.332 | FAST    |
B_i[3][2][0]   | C_o[3][2][3]   |     5.064 | SLOW    |     2.450 | FAST    |
B_i[3][2][0]   | C_o[4][2][0]   |     4.511 | SLOW    |     2.343 | FAST    |
B_i[3][2][0]   | C_o[4][2][1]   |     4.746 | SLOW    |     2.336 | FAST    |
B_i[3][2][0]   | C_o[4][2][2]   |     4.893 | SLOW    |     2.332 | FAST    |
B_i[3][2][0]   | C_o[4][2][3]   |     5.064 | SLOW    |     2.450 | FAST    |
B_i[3][2][0]   | C_o[5][2][0]   |     4.511 | SLOW    |     2.343 | FAST    |
B_i[3][2][0]   | C_o[5][2][1]   |     4.746 | SLOW    |     2.336 | FAST    |
B_i[3][2][0]   | C_o[5][2][2]   |     4.893 | SLOW    |     2.332 | FAST    |
B_i[3][2][0]   | C_o[5][2][3]   |     5.064 | SLOW    |     2.450 | FAST    |
B_i[3][2][0]   | C_o[6][2][0]   |     4.511 | SLOW    |     2.343 | FAST    |
B_i[3][2][0]   | C_o[6][2][1]   |     4.746 | SLOW    |     2.336 | FAST    |
B_i[3][2][0]   | C_o[6][2][2]   |     4.893 | SLOW    |     2.332 | FAST    |
B_i[3][2][0]   | C_o[6][2][3]   |     5.064 | SLOW    |     2.450 | FAST    |
B_i[3][2][0]   | C_o[7][2][0]   |     4.511 | SLOW    |     2.343 | FAST    |
B_i[3][2][0]   | C_o[7][2][1]   |     4.746 | SLOW    |     2.336 | FAST    |
B_i[3][2][0]   | C_o[7][2][2]   |     4.893 | SLOW    |     2.332 | FAST    |
B_i[3][2][0]   | C_o[7][2][3]   |     5.064 | SLOW    |     2.450 | FAST    |
B_i[3][2][1]   | C_o[0][2][1]   |     4.693 | SLOW    |     2.440 | FAST    |
B_i[3][2][1]   | C_o[0][2][2]   |     4.862 | SLOW    |     2.444 | FAST    |
B_i[3][2][1]   | C_o[0][2][3]   |     5.002 | SLOW    |     2.439 | FAST    |
B_i[3][2][1]   | C_o[1][2][1]   |     4.693 | SLOW    |     2.440 | FAST    |
B_i[3][2][1]   | C_o[1][2][2]   |     4.862 | SLOW    |     2.444 | FAST    |
B_i[3][2][1]   | C_o[1][2][3]   |     5.002 | SLOW    |     2.439 | FAST    |
B_i[3][2][1]   | C_o[2][2][1]   |     4.693 | SLOW    |     2.440 | FAST    |
B_i[3][2][1]   | C_o[2][2][2]   |     4.862 | SLOW    |     2.444 | FAST    |
B_i[3][2][1]   | C_o[2][2][3]   |     5.002 | SLOW    |     2.439 | FAST    |
B_i[3][2][1]   | C_o[3][2][1]   |     4.693 | SLOW    |     2.440 | FAST    |
B_i[3][2][1]   | C_o[3][2][2]   |     4.862 | SLOW    |     2.444 | FAST    |
B_i[3][2][1]   | C_o[3][2][3]   |     5.002 | SLOW    |     2.439 | FAST    |
B_i[3][2][1]   | C_o[4][2][1]   |     4.693 | SLOW    |     2.440 | FAST    |
B_i[3][2][1]   | C_o[4][2][2]   |     4.862 | SLOW    |     2.444 | FAST    |
B_i[3][2][1]   | C_o[4][2][3]   |     5.002 | SLOW    |     2.439 | FAST    |
B_i[3][2][1]   | C_o[5][2][1]   |     4.693 | SLOW    |     2.440 | FAST    |
B_i[3][2][1]   | C_o[5][2][2]   |     4.862 | SLOW    |     2.444 | FAST    |
B_i[3][2][1]   | C_o[5][2][3]   |     5.002 | SLOW    |     2.439 | FAST    |
B_i[3][2][1]   | C_o[6][2][1]   |     4.693 | SLOW    |     2.440 | FAST    |
B_i[3][2][1]   | C_o[6][2][2]   |     4.862 | SLOW    |     2.444 | FAST    |
B_i[3][2][1]   | C_o[6][2][3]   |     5.002 | SLOW    |     2.439 | FAST    |
B_i[3][2][1]   | C_o[7][2][1]   |     4.693 | SLOW    |     2.440 | FAST    |
B_i[3][2][1]   | C_o[7][2][2]   |     4.862 | SLOW    |     2.444 | FAST    |
B_i[3][2][1]   | C_o[7][2][3]   |     5.002 | SLOW    |     2.439 | FAST    |
B_i[3][2][2]   | C_o[0][2][2]   |     4.852 | SLOW    |     2.531 | FAST    |
B_i[3][2][2]   | C_o[0][2][3]   |     4.959 | SLOW    |     2.429 | FAST    |
B_i[3][2][2]   | C_o[1][2][2]   |     4.852 | SLOW    |     2.531 | FAST    |
B_i[3][2][2]   | C_o[1][2][3]   |     4.959 | SLOW    |     2.429 | FAST    |
B_i[3][2][2]   | C_o[2][2][2]   |     4.852 | SLOW    |     2.531 | FAST    |
B_i[3][2][2]   | C_o[2][2][3]   |     4.959 | SLOW    |     2.429 | FAST    |
B_i[3][2][2]   | C_o[3][2][2]   |     4.852 | SLOW    |     2.531 | FAST    |
B_i[3][2][2]   | C_o[3][2][3]   |     4.959 | SLOW    |     2.429 | FAST    |
B_i[3][2][2]   | C_o[4][2][2]   |     4.852 | SLOW    |     2.531 | FAST    |
B_i[3][2][2]   | C_o[4][2][3]   |     4.959 | SLOW    |     2.429 | FAST    |
B_i[3][2][2]   | C_o[5][2][2]   |     4.852 | SLOW    |     2.531 | FAST    |
B_i[3][2][2]   | C_o[5][2][3]   |     4.959 | SLOW    |     2.429 | FAST    |
B_i[3][2][2]   | C_o[6][2][2]   |     4.852 | SLOW    |     2.531 | FAST    |
B_i[3][2][2]   | C_o[6][2][3]   |     4.959 | SLOW    |     2.429 | FAST    |
B_i[3][2][2]   | C_o[7][2][2]   |     4.852 | SLOW    |     2.531 | FAST    |
B_i[3][2][2]   | C_o[7][2][3]   |     4.959 | SLOW    |     2.429 | FAST    |
B_i[3][2][3]   | C_o[0][2][3]   |     4.839 | SLOW    |     2.524 | FAST    |
B_i[3][2][3]   | C_o[1][2][3]   |     4.839 | SLOW    |     2.524 | FAST    |
B_i[3][2][3]   | C_o[2][2][3]   |     4.839 | SLOW    |     2.524 | FAST    |
B_i[3][2][3]   | C_o[3][2][3]   |     4.839 | SLOW    |     2.524 | FAST    |
B_i[3][2][3]   | C_o[4][2][3]   |     4.839 | SLOW    |     2.524 | FAST    |
B_i[3][2][3]   | C_o[5][2][3]   |     4.839 | SLOW    |     2.524 | FAST    |
B_i[3][2][3]   | C_o[6][2][3]   |     4.839 | SLOW    |     2.524 | FAST    |
B_i[3][2][3]   | C_o[7][2][3]   |     4.839 | SLOW    |     2.524 | FAST    |
B_i[3][3][0]   | C_o[0][3][0]   |     4.511 | SLOW    |     2.343 | FAST    |
B_i[3][3][0]   | C_o[0][3][1]   |     4.746 | SLOW    |     2.336 | FAST    |
B_i[3][3][0]   | C_o[0][3][2]   |     4.893 | SLOW    |     2.332 | FAST    |
B_i[3][3][0]   | C_o[0][3][3]   |     5.064 | SLOW    |     2.450 | FAST    |
B_i[3][3][0]   | C_o[1][3][0]   |     4.511 | SLOW    |     2.343 | FAST    |
B_i[3][3][0]   | C_o[1][3][1]   |     4.746 | SLOW    |     2.336 | FAST    |
B_i[3][3][0]   | C_o[1][3][2]   |     4.893 | SLOW    |     2.332 | FAST    |
B_i[3][3][0]   | C_o[1][3][3]   |     5.064 | SLOW    |     2.450 | FAST    |
B_i[3][3][0]   | C_o[2][3][0]   |     4.511 | SLOW    |     2.343 | FAST    |
B_i[3][3][0]   | C_o[2][3][1]   |     4.746 | SLOW    |     2.336 | FAST    |
B_i[3][3][0]   | C_o[2][3][2]   |     4.893 | SLOW    |     2.332 | FAST    |
B_i[3][3][0]   | C_o[2][3][3]   |     5.064 | SLOW    |     2.450 | FAST    |
B_i[3][3][0]   | C_o[3][3][0]   |     4.511 | SLOW    |     2.343 | FAST    |
B_i[3][3][0]   | C_o[3][3][1]   |     4.746 | SLOW    |     2.336 | FAST    |
B_i[3][3][0]   | C_o[3][3][2]   |     4.893 | SLOW    |     2.332 | FAST    |
B_i[3][3][0]   | C_o[3][3][3]   |     5.064 | SLOW    |     2.450 | FAST    |
B_i[3][3][0]   | C_o[4][3][0]   |     4.511 | SLOW    |     2.343 | FAST    |
B_i[3][3][0]   | C_o[4][3][1]   |     4.746 | SLOW    |     2.336 | FAST    |
B_i[3][3][0]   | C_o[4][3][2]   |     4.893 | SLOW    |     2.332 | FAST    |
B_i[3][3][0]   | C_o[4][3][3]   |     5.064 | SLOW    |     2.450 | FAST    |
B_i[3][3][0]   | C_o[5][3][0]   |     4.511 | SLOW    |     2.343 | FAST    |
B_i[3][3][0]   | C_o[5][3][1]   |     4.746 | SLOW    |     2.336 | FAST    |
B_i[3][3][0]   | C_o[5][3][2]   |     4.893 | SLOW    |     2.332 | FAST    |
B_i[3][3][0]   | C_o[5][3][3]   |     5.064 | SLOW    |     2.450 | FAST    |
B_i[3][3][0]   | C_o[6][3][0]   |     4.511 | SLOW    |     2.343 | FAST    |
B_i[3][3][0]   | C_o[6][3][1]   |     4.746 | SLOW    |     2.336 | FAST    |
B_i[3][3][0]   | C_o[6][3][2]   |     4.893 | SLOW    |     2.332 | FAST    |
B_i[3][3][0]   | C_o[6][3][3]   |     5.064 | SLOW    |     2.450 | FAST    |
B_i[3][3][0]   | C_o[7][3][0]   |     4.511 | SLOW    |     2.343 | FAST    |
B_i[3][3][0]   | C_o[7][3][1]   |     4.746 | SLOW    |     2.336 | FAST    |
B_i[3][3][0]   | C_o[7][3][2]   |     4.893 | SLOW    |     2.332 | FAST    |
B_i[3][3][0]   | C_o[7][3][3]   |     5.064 | SLOW    |     2.450 | FAST    |
B_i[3][3][1]   | C_o[0][3][1]   |     4.715 | SLOW    |     2.454 | FAST    |
B_i[3][3][1]   | C_o[0][3][2]   |     4.862 | SLOW    |     2.458 | FAST    |
B_i[3][3][1]   | C_o[0][3][3]   |     5.024 | SLOW    |     2.439 | FAST    |
B_i[3][3][1]   | C_o[1][3][1]   |     4.715 | SLOW    |     2.454 | FAST    |
B_i[3][3][1]   | C_o[1][3][2]   |     4.862 | SLOW    |     2.458 | FAST    |
B_i[3][3][1]   | C_o[1][3][3]   |     5.024 | SLOW    |     2.439 | FAST    |
B_i[3][3][1]   | C_o[2][3][1]   |     4.715 | SLOW    |     2.454 | FAST    |
B_i[3][3][1]   | C_o[2][3][2]   |     4.862 | SLOW    |     2.458 | FAST    |
B_i[3][3][1]   | C_o[2][3][3]   |     5.024 | SLOW    |     2.439 | FAST    |
B_i[3][3][1]   | C_o[3][3][1]   |     4.715 | SLOW    |     2.454 | FAST    |
B_i[3][3][1]   | C_o[3][3][2]   |     4.862 | SLOW    |     2.458 | FAST    |
B_i[3][3][1]   | C_o[3][3][3]   |     5.024 | SLOW    |     2.439 | FAST    |
B_i[3][3][1]   | C_o[4][3][1]   |     4.715 | SLOW    |     2.454 | FAST    |
B_i[3][3][1]   | C_o[4][3][2]   |     4.862 | SLOW    |     2.458 | FAST    |
B_i[3][3][1]   | C_o[4][3][3]   |     5.024 | SLOW    |     2.439 | FAST    |
B_i[3][3][1]   | C_o[5][3][1]   |     4.715 | SLOW    |     2.454 | FAST    |
B_i[3][3][1]   | C_o[5][3][2]   |     4.862 | SLOW    |     2.458 | FAST    |
B_i[3][3][1]   | C_o[5][3][3]   |     5.024 | SLOW    |     2.439 | FAST    |
B_i[3][3][1]   | C_o[6][3][1]   |     4.715 | SLOW    |     2.454 | FAST    |
B_i[3][3][1]   | C_o[6][3][2]   |     4.862 | SLOW    |     2.458 | FAST    |
B_i[3][3][1]   | C_o[6][3][3]   |     5.024 | SLOW    |     2.439 | FAST    |
B_i[3][3][1]   | C_o[7][3][1]   |     4.715 | SLOW    |     2.454 | FAST    |
B_i[3][3][1]   | C_o[7][3][2]   |     4.862 | SLOW    |     2.458 | FAST    |
B_i[3][3][1]   | C_o[7][3][3]   |     5.024 | SLOW    |     2.439 | FAST    |
B_i[3][3][2]   | C_o[0][3][2]   |     4.852 | SLOW    |     2.531 | FAST    |
B_i[3][3][2]   | C_o[0][3][3]   |     4.959 | SLOW    |     2.429 | FAST    |
B_i[3][3][2]   | C_o[1][3][2]   |     4.852 | SLOW    |     2.531 | FAST    |
B_i[3][3][2]   | C_o[1][3][3]   |     4.959 | SLOW    |     2.429 | FAST    |
B_i[3][3][2]   | C_o[2][3][2]   |     4.852 | SLOW    |     2.531 | FAST    |
B_i[3][3][2]   | C_o[2][3][3]   |     4.959 | SLOW    |     2.429 | FAST    |
B_i[3][3][2]   | C_o[3][3][2]   |     4.852 | SLOW    |     2.531 | FAST    |
B_i[3][3][2]   | C_o[3][3][3]   |     4.959 | SLOW    |     2.429 | FAST    |
B_i[3][3][2]   | C_o[4][3][2]   |     4.852 | SLOW    |     2.531 | FAST    |
B_i[3][3][2]   | C_o[4][3][3]   |     4.959 | SLOW    |     2.429 | FAST    |
B_i[3][3][2]   | C_o[5][3][2]   |     4.852 | SLOW    |     2.531 | FAST    |
B_i[3][3][2]   | C_o[5][3][3]   |     4.959 | SLOW    |     2.429 | FAST    |
B_i[3][3][2]   | C_o[6][3][2]   |     4.852 | SLOW    |     2.531 | FAST    |
B_i[3][3][2]   | C_o[6][3][3]   |     4.959 | SLOW    |     2.429 | FAST    |
B_i[3][3][2]   | C_o[7][3][2]   |     4.852 | SLOW    |     2.531 | FAST    |
B_i[3][3][2]   | C_o[7][3][3]   |     4.959 | SLOW    |     2.429 | FAST    |
B_i[3][3][3]   | C_o[0][3][3]   |     4.839 | SLOW    |     2.524 | FAST    |
B_i[3][3][3]   | C_o[1][3][3]   |     4.839 | SLOW    |     2.524 | FAST    |
B_i[3][3][3]   | C_o[2][3][3]   |     4.839 | SLOW    |     2.524 | FAST    |
B_i[3][3][3]   | C_o[3][3][3]   |     4.839 | SLOW    |     2.524 | FAST    |
B_i[3][3][3]   | C_o[4][3][3]   |     4.839 | SLOW    |     2.524 | FAST    |
B_i[3][3][3]   | C_o[5][3][3]   |     4.839 | SLOW    |     2.524 | FAST    |
B_i[3][3][3]   | C_o[6][3][3]   |     4.839 | SLOW    |     2.524 | FAST    |
B_i[3][3][3]   | C_o[7][3][3]   |     4.839 | SLOW    |     2.524 | FAST    |
B_i[3][4][0]   | C_o[0][4][0]   |     4.511 | SLOW    |     2.343 | FAST    |
B_i[3][4][0]   | C_o[0][4][1]   |     4.746 | SLOW    |     2.336 | FAST    |
B_i[3][4][0]   | C_o[0][4][2]   |     4.893 | SLOW    |     2.332 | FAST    |
B_i[3][4][0]   | C_o[0][4][3]   |     5.064 | SLOW    |     2.450 | FAST    |
B_i[3][4][0]   | C_o[1][4][0]   |     4.511 | SLOW    |     2.343 | FAST    |
B_i[3][4][0]   | C_o[1][4][1]   |     4.746 | SLOW    |     2.336 | FAST    |
B_i[3][4][0]   | C_o[1][4][2]   |     4.893 | SLOW    |     2.332 | FAST    |
B_i[3][4][0]   | C_o[1][4][3]   |     5.064 | SLOW    |     2.450 | FAST    |
B_i[3][4][0]   | C_o[2][4][0]   |     4.511 | SLOW    |     2.343 | FAST    |
B_i[3][4][0]   | C_o[2][4][1]   |     4.746 | SLOW    |     2.336 | FAST    |
B_i[3][4][0]   | C_o[2][4][2]   |     4.893 | SLOW    |     2.332 | FAST    |
B_i[3][4][0]   | C_o[2][4][3]   |     5.064 | SLOW    |     2.450 | FAST    |
B_i[3][4][0]   | C_o[3][4][0]   |     4.511 | SLOW    |     2.343 | FAST    |
B_i[3][4][0]   | C_o[3][4][1]   |     4.746 | SLOW    |     2.336 | FAST    |
B_i[3][4][0]   | C_o[3][4][2]   |     4.893 | SLOW    |     2.332 | FAST    |
B_i[3][4][0]   | C_o[3][4][3]   |     5.064 | SLOW    |     2.450 | FAST    |
B_i[3][4][0]   | C_o[4][4][0]   |     4.511 | SLOW    |     2.343 | FAST    |
B_i[3][4][0]   | C_o[4][4][1]   |     4.746 | SLOW    |     2.336 | FAST    |
B_i[3][4][0]   | C_o[4][4][2]   |     4.893 | SLOW    |     2.332 | FAST    |
B_i[3][4][0]   | C_o[4][4][3]   |     5.064 | SLOW    |     2.450 | FAST    |
B_i[3][4][0]   | C_o[5][4][0]   |     4.511 | SLOW    |     2.343 | FAST    |
B_i[3][4][0]   | C_o[5][4][1]   |     4.746 | SLOW    |     2.336 | FAST    |
B_i[3][4][0]   | C_o[5][4][2]   |     4.893 | SLOW    |     2.332 | FAST    |
B_i[3][4][0]   | C_o[5][4][3]   |     5.064 | SLOW    |     2.450 | FAST    |
B_i[3][4][0]   | C_o[6][4][0]   |     4.511 | SLOW    |     2.343 | FAST    |
B_i[3][4][0]   | C_o[6][4][1]   |     4.746 | SLOW    |     2.336 | FAST    |
B_i[3][4][0]   | C_o[6][4][2]   |     4.893 | SLOW    |     2.332 | FAST    |
B_i[3][4][0]   | C_o[6][4][3]   |     5.064 | SLOW    |     2.450 | FAST    |
B_i[3][4][0]   | C_o[7][4][0]   |     4.511 | SLOW    |     2.343 | FAST    |
B_i[3][4][0]   | C_o[7][4][1]   |     4.746 | SLOW    |     2.336 | FAST    |
B_i[3][4][0]   | C_o[7][4][2]   |     4.893 | SLOW    |     2.332 | FAST    |
B_i[3][4][0]   | C_o[7][4][3]   |     5.064 | SLOW    |     2.450 | FAST    |
B_i[3][4][1]   | C_o[0][4][1]   |     4.693 | SLOW    |     2.440 | FAST    |
B_i[3][4][1]   | C_o[0][4][2]   |     4.862 | SLOW    |     2.444 | FAST    |
B_i[3][4][1]   | C_o[0][4][3]   |     5.002 | SLOW    |     2.439 | FAST    |
B_i[3][4][1]   | C_o[1][4][1]   |     4.693 | SLOW    |     2.440 | FAST    |
B_i[3][4][1]   | C_o[1][4][2]   |     4.862 | SLOW    |     2.444 | FAST    |
B_i[3][4][1]   | C_o[1][4][3]   |     5.002 | SLOW    |     2.439 | FAST    |
B_i[3][4][1]   | C_o[2][4][1]   |     4.693 | SLOW    |     2.440 | FAST    |
B_i[3][4][1]   | C_o[2][4][2]   |     4.862 | SLOW    |     2.444 | FAST    |
B_i[3][4][1]   | C_o[2][4][3]   |     5.002 | SLOW    |     2.439 | FAST    |
B_i[3][4][1]   | C_o[3][4][1]   |     4.693 | SLOW    |     2.440 | FAST    |
B_i[3][4][1]   | C_o[3][4][2]   |     4.862 | SLOW    |     2.444 | FAST    |
B_i[3][4][1]   | C_o[3][4][3]   |     5.002 | SLOW    |     2.439 | FAST    |
B_i[3][4][1]   | C_o[4][4][1]   |     4.693 | SLOW    |     2.440 | FAST    |
B_i[3][4][1]   | C_o[4][4][2]   |     4.862 | SLOW    |     2.444 | FAST    |
B_i[3][4][1]   | C_o[4][4][3]   |     5.002 | SLOW    |     2.439 | FAST    |
B_i[3][4][1]   | C_o[5][4][1]   |     4.693 | SLOW    |     2.440 | FAST    |
B_i[3][4][1]   | C_o[5][4][2]   |     4.862 | SLOW    |     2.444 | FAST    |
B_i[3][4][1]   | C_o[5][4][3]   |     5.002 | SLOW    |     2.439 | FAST    |
B_i[3][4][1]   | C_o[6][4][1]   |     4.693 | SLOW    |     2.440 | FAST    |
B_i[3][4][1]   | C_o[6][4][2]   |     4.862 | SLOW    |     2.444 | FAST    |
B_i[3][4][1]   | C_o[6][4][3]   |     5.002 | SLOW    |     2.439 | FAST    |
B_i[3][4][1]   | C_o[7][4][1]   |     4.693 | SLOW    |     2.440 | FAST    |
B_i[3][4][1]   | C_o[7][4][2]   |     4.862 | SLOW    |     2.444 | FAST    |
B_i[3][4][1]   | C_o[7][4][3]   |     5.002 | SLOW    |     2.439 | FAST    |
B_i[3][4][2]   | C_o[0][4][2]   |     4.852 | SLOW    |     2.531 | FAST    |
B_i[3][4][2]   | C_o[0][4][3]   |     4.959 | SLOW    |     2.429 | FAST    |
B_i[3][4][2]   | C_o[1][4][2]   |     4.852 | SLOW    |     2.531 | FAST    |
B_i[3][4][2]   | C_o[1][4][3]   |     4.959 | SLOW    |     2.429 | FAST    |
B_i[3][4][2]   | C_o[2][4][2]   |     4.852 | SLOW    |     2.531 | FAST    |
B_i[3][4][2]   | C_o[2][4][3]   |     4.959 | SLOW    |     2.429 | FAST    |
B_i[3][4][2]   | C_o[3][4][2]   |     4.852 | SLOW    |     2.531 | FAST    |
B_i[3][4][2]   | C_o[3][4][3]   |     4.959 | SLOW    |     2.429 | FAST    |
B_i[3][4][2]   | C_o[4][4][2]   |     4.852 | SLOW    |     2.531 | FAST    |
B_i[3][4][2]   | C_o[4][4][3]   |     4.959 | SLOW    |     2.429 | FAST    |
B_i[3][4][2]   | C_o[5][4][2]   |     4.852 | SLOW    |     2.531 | FAST    |
B_i[3][4][2]   | C_o[5][4][3]   |     4.959 | SLOW    |     2.429 | FAST    |
B_i[3][4][2]   | C_o[6][4][2]   |     4.852 | SLOW    |     2.531 | FAST    |
B_i[3][4][2]   | C_o[6][4][3]   |     4.959 | SLOW    |     2.429 | FAST    |
B_i[3][4][2]   | C_o[7][4][2]   |     4.852 | SLOW    |     2.531 | FAST    |
B_i[3][4][2]   | C_o[7][4][3]   |     4.959 | SLOW    |     2.429 | FAST    |
B_i[3][4][3]   | C_o[0][4][3]   |     4.839 | SLOW    |     2.524 | FAST    |
B_i[3][4][3]   | C_o[1][4][3]   |     4.839 | SLOW    |     2.524 | FAST    |
B_i[3][4][3]   | C_o[2][4][3]   |     4.839 | SLOW    |     2.524 | FAST    |
B_i[3][4][3]   | C_o[3][4][3]   |     4.839 | SLOW    |     2.524 | FAST    |
B_i[3][4][3]   | C_o[4][4][3]   |     4.839 | SLOW    |     2.524 | FAST    |
B_i[3][4][3]   | C_o[5][4][3]   |     4.839 | SLOW    |     2.524 | FAST    |
B_i[3][4][3]   | C_o[6][4][3]   |     4.839 | SLOW    |     2.524 | FAST    |
B_i[3][4][3]   | C_o[7][4][3]   |     4.839 | SLOW    |     2.524 | FAST    |
B_i[3][5][0]   | C_o[0][5][0]   |     4.511 | SLOW    |     2.343 | FAST    |
B_i[3][5][0]   | C_o[0][5][1]   |     4.746 | SLOW    |     2.336 | FAST    |
B_i[3][5][0]   | C_o[0][5][2]   |     4.893 | SLOW    |     2.332 | FAST    |
B_i[3][5][0]   | C_o[0][5][3]   |     5.064 | SLOW    |     2.450 | FAST    |
B_i[3][5][0]   | C_o[1][5][0]   |     4.511 | SLOW    |     2.343 | FAST    |
B_i[3][5][0]   | C_o[1][5][1]   |     4.746 | SLOW    |     2.336 | FAST    |
B_i[3][5][0]   | C_o[1][5][2]   |     4.893 | SLOW    |     2.332 | FAST    |
B_i[3][5][0]   | C_o[1][5][3]   |     5.064 | SLOW    |     2.450 | FAST    |
B_i[3][5][0]   | C_o[2][5][0]   |     4.511 | SLOW    |     2.343 | FAST    |
B_i[3][5][0]   | C_o[2][5][1]   |     4.746 | SLOW    |     2.336 | FAST    |
B_i[3][5][0]   | C_o[2][5][2]   |     4.893 | SLOW    |     2.332 | FAST    |
B_i[3][5][0]   | C_o[2][5][3]   |     5.064 | SLOW    |     2.450 | FAST    |
B_i[3][5][0]   | C_o[3][5][0]   |     4.511 | SLOW    |     2.343 | FAST    |
B_i[3][5][0]   | C_o[3][5][1]   |     4.746 | SLOW    |     2.336 | FAST    |
B_i[3][5][0]   | C_o[3][5][2]   |     4.893 | SLOW    |     2.332 | FAST    |
B_i[3][5][0]   | C_o[3][5][3]   |     5.064 | SLOW    |     2.450 | FAST    |
B_i[3][5][0]   | C_o[4][5][0]   |     4.511 | SLOW    |     2.343 | FAST    |
B_i[3][5][0]   | C_o[4][5][1]   |     4.746 | SLOW    |     2.336 | FAST    |
B_i[3][5][0]   | C_o[4][5][2]   |     4.893 | SLOW    |     2.332 | FAST    |
B_i[3][5][0]   | C_o[4][5][3]   |     5.064 | SLOW    |     2.450 | FAST    |
B_i[3][5][0]   | C_o[5][5][0]   |     4.511 | SLOW    |     2.343 | FAST    |
B_i[3][5][0]   | C_o[5][5][1]   |     4.746 | SLOW    |     2.336 | FAST    |
B_i[3][5][0]   | C_o[5][5][2]   |     4.893 | SLOW    |     2.332 | FAST    |
B_i[3][5][0]   | C_o[5][5][3]   |     5.064 | SLOW    |     2.450 | FAST    |
B_i[3][5][0]   | C_o[6][5][0]   |     4.511 | SLOW    |     2.343 | FAST    |
B_i[3][5][0]   | C_o[6][5][1]   |     4.746 | SLOW    |     2.336 | FAST    |
B_i[3][5][0]   | C_o[6][5][2]   |     4.893 | SLOW    |     2.332 | FAST    |
B_i[3][5][0]   | C_o[6][5][3]   |     5.064 | SLOW    |     2.450 | FAST    |
B_i[3][5][0]   | C_o[7][5][0]   |     4.511 | SLOW    |     2.343 | FAST    |
B_i[3][5][0]   | C_o[7][5][1]   |     4.746 | SLOW    |     2.336 | FAST    |
B_i[3][5][0]   | C_o[7][5][2]   |     4.893 | SLOW    |     2.332 | FAST    |
B_i[3][5][0]   | C_o[7][5][3]   |     5.064 | SLOW    |     2.450 | FAST    |
B_i[3][5][1]   | C_o[0][5][1]   |     4.715 | SLOW    |     2.454 | FAST    |
B_i[3][5][1]   | C_o[0][5][2]   |     4.862 | SLOW    |     2.458 | FAST    |
B_i[3][5][1]   | C_o[0][5][3]   |     5.024 | SLOW    |     2.439 | FAST    |
B_i[3][5][1]   | C_o[1][5][1]   |     4.715 | SLOW    |     2.454 | FAST    |
B_i[3][5][1]   | C_o[1][5][2]   |     4.862 | SLOW    |     2.458 | FAST    |
B_i[3][5][1]   | C_o[1][5][3]   |     5.024 | SLOW    |     2.439 | FAST    |
B_i[3][5][1]   | C_o[2][5][1]   |     4.715 | SLOW    |     2.454 | FAST    |
B_i[3][5][1]   | C_o[2][5][2]   |     4.862 | SLOW    |     2.458 | FAST    |
B_i[3][5][1]   | C_o[2][5][3]   |     5.024 | SLOW    |     2.439 | FAST    |
B_i[3][5][1]   | C_o[3][5][1]   |     4.715 | SLOW    |     2.454 | FAST    |
B_i[3][5][1]   | C_o[3][5][2]   |     4.862 | SLOW    |     2.458 | FAST    |
B_i[3][5][1]   | C_o[3][5][3]   |     5.024 | SLOW    |     2.439 | FAST    |
B_i[3][5][1]   | C_o[4][5][1]   |     4.715 | SLOW    |     2.454 | FAST    |
B_i[3][5][1]   | C_o[4][5][2]   |     4.862 | SLOW    |     2.458 | FAST    |
B_i[3][5][1]   | C_o[4][5][3]   |     5.024 | SLOW    |     2.439 | FAST    |
B_i[3][5][1]   | C_o[5][5][1]   |     4.715 | SLOW    |     2.454 | FAST    |
B_i[3][5][1]   | C_o[5][5][2]   |     4.862 | SLOW    |     2.458 | FAST    |
B_i[3][5][1]   | C_o[5][5][3]   |     5.024 | SLOW    |     2.439 | FAST    |
B_i[3][5][1]   | C_o[6][5][1]   |     4.715 | SLOW    |     2.454 | FAST    |
B_i[3][5][1]   | C_o[6][5][2]   |     4.862 | SLOW    |     2.458 | FAST    |
B_i[3][5][1]   | C_o[6][5][3]   |     5.024 | SLOW    |     2.439 | FAST    |
B_i[3][5][1]   | C_o[7][5][1]   |     4.715 | SLOW    |     2.454 | FAST    |
B_i[3][5][1]   | C_o[7][5][2]   |     4.862 | SLOW    |     2.458 | FAST    |
B_i[3][5][1]   | C_o[7][5][3]   |     5.024 | SLOW    |     2.439 | FAST    |
B_i[3][5][2]   | C_o[0][5][2]   |     4.852 | SLOW    |     2.531 | FAST    |
B_i[3][5][2]   | C_o[0][5][3]   |     4.959 | SLOW    |     2.429 | FAST    |
B_i[3][5][2]   | C_o[1][5][2]   |     4.852 | SLOW    |     2.531 | FAST    |
B_i[3][5][2]   | C_o[1][5][3]   |     4.959 | SLOW    |     2.429 | FAST    |
B_i[3][5][2]   | C_o[2][5][2]   |     4.852 | SLOW    |     2.531 | FAST    |
B_i[3][5][2]   | C_o[2][5][3]   |     4.959 | SLOW    |     2.429 | FAST    |
B_i[3][5][2]   | C_o[3][5][2]   |     4.852 | SLOW    |     2.531 | FAST    |
B_i[3][5][2]   | C_o[3][5][3]   |     4.959 | SLOW    |     2.429 | FAST    |
B_i[3][5][2]   | C_o[4][5][2]   |     4.852 | SLOW    |     2.531 | FAST    |
B_i[3][5][2]   | C_o[4][5][3]   |     4.959 | SLOW    |     2.429 | FAST    |
B_i[3][5][2]   | C_o[5][5][2]   |     4.852 | SLOW    |     2.531 | FAST    |
B_i[3][5][2]   | C_o[5][5][3]   |     4.959 | SLOW    |     2.429 | FAST    |
B_i[3][5][2]   | C_o[6][5][2]   |     4.852 | SLOW    |     2.531 | FAST    |
B_i[3][5][2]   | C_o[6][5][3]   |     4.959 | SLOW    |     2.429 | FAST    |
B_i[3][5][2]   | C_o[7][5][2]   |     4.852 | SLOW    |     2.531 | FAST    |
B_i[3][5][2]   | C_o[7][5][3]   |     4.959 | SLOW    |     2.429 | FAST    |
B_i[3][5][3]   | C_o[0][5][3]   |     4.839 | SLOW    |     2.524 | FAST    |
B_i[3][5][3]   | C_o[1][5][3]   |     4.839 | SLOW    |     2.524 | FAST    |
B_i[3][5][3]   | C_o[2][5][3]   |     4.839 | SLOW    |     2.524 | FAST    |
B_i[3][5][3]   | C_o[3][5][3]   |     4.839 | SLOW    |     2.524 | FAST    |
B_i[3][5][3]   | C_o[4][5][3]   |     4.839 | SLOW    |     2.524 | FAST    |
B_i[3][5][3]   | C_o[5][5][3]   |     4.839 | SLOW    |     2.524 | FAST    |
B_i[3][5][3]   | C_o[6][5][3]   |     4.839 | SLOW    |     2.524 | FAST    |
B_i[3][5][3]   | C_o[7][5][3]   |     4.839 | SLOW    |     2.524 | FAST    |
B_i[3][6][0]   | C_o[0][6][0]   |     4.511 | SLOW    |     2.343 | FAST    |
B_i[3][6][0]   | C_o[0][6][1]   |     4.746 | SLOW    |     2.336 | FAST    |
B_i[3][6][0]   | C_o[0][6][2]   |     4.893 | SLOW    |     2.332 | FAST    |
B_i[3][6][0]   | C_o[0][6][3]   |     5.064 | SLOW    |     2.450 | FAST    |
B_i[3][6][0]   | C_o[1][6][0]   |     4.511 | SLOW    |     2.343 | FAST    |
B_i[3][6][0]   | C_o[1][6][1]   |     4.746 | SLOW    |     2.336 | FAST    |
B_i[3][6][0]   | C_o[1][6][2]   |     4.893 | SLOW    |     2.332 | FAST    |
B_i[3][6][0]   | C_o[1][6][3]   |     5.064 | SLOW    |     2.450 | FAST    |
B_i[3][6][0]   | C_o[2][6][0]   |     4.511 | SLOW    |     2.343 | FAST    |
B_i[3][6][0]   | C_o[2][6][1]   |     4.746 | SLOW    |     2.336 | FAST    |
B_i[3][6][0]   | C_o[2][6][2]   |     4.893 | SLOW    |     2.332 | FAST    |
B_i[3][6][0]   | C_o[2][6][3]   |     5.064 | SLOW    |     2.450 | FAST    |
B_i[3][6][0]   | C_o[3][6][0]   |     4.511 | SLOW    |     2.343 | FAST    |
B_i[3][6][0]   | C_o[3][6][1]   |     4.746 | SLOW    |     2.336 | FAST    |
B_i[3][6][0]   | C_o[3][6][2]   |     4.893 | SLOW    |     2.332 | FAST    |
B_i[3][6][0]   | C_o[3][6][3]   |     5.064 | SLOW    |     2.450 | FAST    |
B_i[3][6][0]   | C_o[4][6][0]   |     4.511 | SLOW    |     2.343 | FAST    |
B_i[3][6][0]   | C_o[4][6][1]   |     4.746 | SLOW    |     2.336 | FAST    |
B_i[3][6][0]   | C_o[4][6][2]   |     4.893 | SLOW    |     2.332 | FAST    |
B_i[3][6][0]   | C_o[4][6][3]   |     5.064 | SLOW    |     2.450 | FAST    |
B_i[3][6][0]   | C_o[5][6][0]   |     4.511 | SLOW    |     2.343 | FAST    |
B_i[3][6][0]   | C_o[5][6][1]   |     4.746 | SLOW    |     2.336 | FAST    |
B_i[3][6][0]   | C_o[5][6][2]   |     4.893 | SLOW    |     2.332 | FAST    |
B_i[3][6][0]   | C_o[5][6][3]   |     5.064 | SLOW    |     2.450 | FAST    |
B_i[3][6][0]   | C_o[6][6][0]   |     4.511 | SLOW    |     2.343 | FAST    |
B_i[3][6][0]   | C_o[6][6][1]   |     4.746 | SLOW    |     2.336 | FAST    |
B_i[3][6][0]   | C_o[6][6][2]   |     4.893 | SLOW    |     2.332 | FAST    |
B_i[3][6][0]   | C_o[6][6][3]   |     5.064 | SLOW    |     2.450 | FAST    |
B_i[3][6][0]   | C_o[7][6][0]   |     4.511 | SLOW    |     2.343 | FAST    |
B_i[3][6][0]   | C_o[7][6][1]   |     4.746 | SLOW    |     2.336 | FAST    |
B_i[3][6][0]   | C_o[7][6][2]   |     4.893 | SLOW    |     2.332 | FAST    |
B_i[3][6][0]   | C_o[7][6][3]   |     5.064 | SLOW    |     2.450 | FAST    |
B_i[3][6][1]   | C_o[0][6][1]   |     4.693 | SLOW    |     2.440 | FAST    |
B_i[3][6][1]   | C_o[0][6][2]   |     4.862 | SLOW    |     2.444 | FAST    |
B_i[3][6][1]   | C_o[0][6][3]   |     5.002 | SLOW    |     2.439 | FAST    |
B_i[3][6][1]   | C_o[1][6][1]   |     4.693 | SLOW    |     2.440 | FAST    |
B_i[3][6][1]   | C_o[1][6][2]   |     4.862 | SLOW    |     2.444 | FAST    |
B_i[3][6][1]   | C_o[1][6][3]   |     5.002 | SLOW    |     2.439 | FAST    |
B_i[3][6][1]   | C_o[2][6][1]   |     4.693 | SLOW    |     2.440 | FAST    |
B_i[3][6][1]   | C_o[2][6][2]   |     4.862 | SLOW    |     2.444 | FAST    |
B_i[3][6][1]   | C_o[2][6][3]   |     5.002 | SLOW    |     2.439 | FAST    |
B_i[3][6][1]   | C_o[3][6][1]   |     4.693 | SLOW    |     2.440 | FAST    |
B_i[3][6][1]   | C_o[3][6][2]   |     4.862 | SLOW    |     2.444 | FAST    |
B_i[3][6][1]   | C_o[3][6][3]   |     5.002 | SLOW    |     2.439 | FAST    |
B_i[3][6][1]   | C_o[4][6][1]   |     4.693 | SLOW    |     2.440 | FAST    |
B_i[3][6][1]   | C_o[4][6][2]   |     4.862 | SLOW    |     2.444 | FAST    |
B_i[3][6][1]   | C_o[4][6][3]   |     5.002 | SLOW    |     2.439 | FAST    |
B_i[3][6][1]   | C_o[5][6][1]   |     4.693 | SLOW    |     2.440 | FAST    |
B_i[3][6][1]   | C_o[5][6][2]   |     4.862 | SLOW    |     2.444 | FAST    |
B_i[3][6][1]   | C_o[5][6][3]   |     5.002 | SLOW    |     2.439 | FAST    |
B_i[3][6][1]   | C_o[6][6][1]   |     4.693 | SLOW    |     2.440 | FAST    |
B_i[3][6][1]   | C_o[6][6][2]   |     4.862 | SLOW    |     2.444 | FAST    |
B_i[3][6][1]   | C_o[6][6][3]   |     5.002 | SLOW    |     2.439 | FAST    |
B_i[3][6][1]   | C_o[7][6][1]   |     4.693 | SLOW    |     2.440 | FAST    |
B_i[3][6][1]   | C_o[7][6][2]   |     4.862 | SLOW    |     2.444 | FAST    |
B_i[3][6][1]   | C_o[7][6][3]   |     5.002 | SLOW    |     2.439 | FAST    |
B_i[3][6][2]   | C_o[0][6][2]   |     4.852 | SLOW    |     2.531 | FAST    |
B_i[3][6][2]   | C_o[0][6][3]   |     4.959 | SLOW    |     2.429 | FAST    |
B_i[3][6][2]   | C_o[1][6][2]   |     4.852 | SLOW    |     2.531 | FAST    |
B_i[3][6][2]   | C_o[1][6][3]   |     4.959 | SLOW    |     2.429 | FAST    |
B_i[3][6][2]   | C_o[2][6][2]   |     4.852 | SLOW    |     2.531 | FAST    |
B_i[3][6][2]   | C_o[2][6][3]   |     4.959 | SLOW    |     2.429 | FAST    |
B_i[3][6][2]   | C_o[3][6][2]   |     4.852 | SLOW    |     2.531 | FAST    |
B_i[3][6][2]   | C_o[3][6][3]   |     4.959 | SLOW    |     2.429 | FAST    |
B_i[3][6][2]   | C_o[4][6][2]   |     4.852 | SLOW    |     2.531 | FAST    |
B_i[3][6][2]   | C_o[4][6][3]   |     4.959 | SLOW    |     2.429 | FAST    |
B_i[3][6][2]   | C_o[5][6][2]   |     4.852 | SLOW    |     2.531 | FAST    |
B_i[3][6][2]   | C_o[5][6][3]   |     4.959 | SLOW    |     2.429 | FAST    |
B_i[3][6][2]   | C_o[6][6][2]   |     4.852 | SLOW    |     2.531 | FAST    |
B_i[3][6][2]   | C_o[6][6][3]   |     4.959 | SLOW    |     2.429 | FAST    |
B_i[3][6][2]   | C_o[7][6][2]   |     4.852 | SLOW    |     2.531 | FAST    |
B_i[3][6][2]   | C_o[7][6][3]   |     4.959 | SLOW    |     2.429 | FAST    |
B_i[3][6][3]   | C_o[0][6][3]   |     4.839 | SLOW    |     2.524 | FAST    |
B_i[3][6][3]   | C_o[1][6][3]   |     4.839 | SLOW    |     2.524 | FAST    |
B_i[3][6][3]   | C_o[2][6][3]   |     4.839 | SLOW    |     2.524 | FAST    |
B_i[3][6][3]   | C_o[3][6][3]   |     4.839 | SLOW    |     2.524 | FAST    |
B_i[3][6][3]   | C_o[4][6][3]   |     4.839 | SLOW    |     2.524 | FAST    |
B_i[3][6][3]   | C_o[5][6][3]   |     4.839 | SLOW    |     2.524 | FAST    |
B_i[3][6][3]   | C_o[6][6][3]   |     4.839 | SLOW    |     2.524 | FAST    |
B_i[3][6][3]   | C_o[7][6][3]   |     4.839 | SLOW    |     2.524 | FAST    |
B_i[3][7][0]   | C_o[0][7][0]   |     4.511 | SLOW    |     2.343 | FAST    |
B_i[3][7][0]   | C_o[0][7][1]   |     4.746 | SLOW    |     2.336 | FAST    |
B_i[3][7][0]   | C_o[0][7][2]   |     4.893 | SLOW    |     2.332 | FAST    |
B_i[3][7][0]   | C_o[0][7][3]   |     5.064 | SLOW    |     2.450 | FAST    |
B_i[3][7][0]   | C_o[1][7][0]   |     4.511 | SLOW    |     2.343 | FAST    |
B_i[3][7][0]   | C_o[1][7][1]   |     4.746 | SLOW    |     2.336 | FAST    |
B_i[3][7][0]   | C_o[1][7][2]   |     4.893 | SLOW    |     2.332 | FAST    |
B_i[3][7][0]   | C_o[1][7][3]   |     5.064 | SLOW    |     2.450 | FAST    |
B_i[3][7][0]   | C_o[2][7][0]   |     4.511 | SLOW    |     2.343 | FAST    |
B_i[3][7][0]   | C_o[2][7][1]   |     4.746 | SLOW    |     2.336 | FAST    |
B_i[3][7][0]   | C_o[2][7][2]   |     4.893 | SLOW    |     2.332 | FAST    |
B_i[3][7][0]   | C_o[2][7][3]   |     5.064 | SLOW    |     2.450 | FAST    |
B_i[3][7][0]   | C_o[3][7][0]   |     4.511 | SLOW    |     2.343 | FAST    |
B_i[3][7][0]   | C_o[3][7][1]   |     4.746 | SLOW    |     2.336 | FAST    |
B_i[3][7][0]   | C_o[3][7][2]   |     4.893 | SLOW    |     2.332 | FAST    |
B_i[3][7][0]   | C_o[3][7][3]   |     5.064 | SLOW    |     2.450 | FAST    |
B_i[3][7][0]   | C_o[4][7][0]   |     4.511 | SLOW    |     2.343 | FAST    |
B_i[3][7][0]   | C_o[4][7][1]   |     4.746 | SLOW    |     2.336 | FAST    |
B_i[3][7][0]   | C_o[4][7][2]   |     4.893 | SLOW    |     2.332 | FAST    |
B_i[3][7][0]   | C_o[4][7][3]   |     5.064 | SLOW    |     2.450 | FAST    |
B_i[3][7][0]   | C_o[5][7][0]   |     4.511 | SLOW    |     2.343 | FAST    |
B_i[3][7][0]   | C_o[5][7][1]   |     4.746 | SLOW    |     2.336 | FAST    |
B_i[3][7][0]   | C_o[5][7][2]   |     4.893 | SLOW    |     2.332 | FAST    |
B_i[3][7][0]   | C_o[5][7][3]   |     5.064 | SLOW    |     2.450 | FAST    |
B_i[3][7][0]   | C_o[6][7][0]   |     4.511 | SLOW    |     2.343 | FAST    |
B_i[3][7][0]   | C_o[6][7][1]   |     4.746 | SLOW    |     2.336 | FAST    |
B_i[3][7][0]   | C_o[6][7][2]   |     4.893 | SLOW    |     2.332 | FAST    |
B_i[3][7][0]   | C_o[6][7][3]   |     5.064 | SLOW    |     2.450 | FAST    |
B_i[3][7][0]   | C_o[7][7][0]   |     4.511 | SLOW    |     2.343 | FAST    |
B_i[3][7][0]   | C_o[7][7][1]   |     4.746 | SLOW    |     2.336 | FAST    |
B_i[3][7][0]   | C_o[7][7][2]   |     4.893 | SLOW    |     2.332 | FAST    |
B_i[3][7][0]   | C_o[7][7][3]   |     5.064 | SLOW    |     2.450 | FAST    |
B_i[3][7][1]   | C_o[0][7][1]   |     4.715 | SLOW    |     2.454 | FAST    |
B_i[3][7][1]   | C_o[0][7][2]   |     4.862 | SLOW    |     2.458 | FAST    |
B_i[3][7][1]   | C_o[0][7][3]   |     5.024 | SLOW    |     2.439 | FAST    |
B_i[3][7][1]   | C_o[1][7][1]   |     4.715 | SLOW    |     2.454 | FAST    |
B_i[3][7][1]   | C_o[1][7][2]   |     4.862 | SLOW    |     2.458 | FAST    |
B_i[3][7][1]   | C_o[1][7][3]   |     5.024 | SLOW    |     2.439 | FAST    |
B_i[3][7][1]   | C_o[2][7][1]   |     4.715 | SLOW    |     2.454 | FAST    |
B_i[3][7][1]   | C_o[2][7][2]   |     4.862 | SLOW    |     2.458 | FAST    |
B_i[3][7][1]   | C_o[2][7][3]   |     5.024 | SLOW    |     2.439 | FAST    |
B_i[3][7][1]   | C_o[3][7][1]   |     4.715 | SLOW    |     2.454 | FAST    |
B_i[3][7][1]   | C_o[3][7][2]   |     4.862 | SLOW    |     2.458 | FAST    |
B_i[3][7][1]   | C_o[3][7][3]   |     5.024 | SLOW    |     2.439 | FAST    |
B_i[3][7][1]   | C_o[4][7][1]   |     4.715 | SLOW    |     2.454 | FAST    |
B_i[3][7][1]   | C_o[4][7][2]   |     4.862 | SLOW    |     2.458 | FAST    |
B_i[3][7][1]   | C_o[4][7][3]   |     5.024 | SLOW    |     2.439 | FAST    |
B_i[3][7][1]   | C_o[5][7][1]   |     4.715 | SLOW    |     2.454 | FAST    |
B_i[3][7][1]   | C_o[5][7][2]   |     4.862 | SLOW    |     2.458 | FAST    |
B_i[3][7][1]   | C_o[5][7][3]   |     5.024 | SLOW    |     2.439 | FAST    |
B_i[3][7][1]   | C_o[6][7][1]   |     4.715 | SLOW    |     2.454 | FAST    |
B_i[3][7][1]   | C_o[6][7][2]   |     4.862 | SLOW    |     2.458 | FAST    |
B_i[3][7][1]   | C_o[6][7][3]   |     5.024 | SLOW    |     2.439 | FAST    |
B_i[3][7][1]   | C_o[7][7][1]   |     4.715 | SLOW    |     2.454 | FAST    |
B_i[3][7][1]   | C_o[7][7][2]   |     4.862 | SLOW    |     2.458 | FAST    |
B_i[3][7][1]   | C_o[7][7][3]   |     5.024 | SLOW    |     2.439 | FAST    |
B_i[3][7][2]   | C_o[0][7][2]   |     4.852 | SLOW    |     2.531 | FAST    |
B_i[3][7][2]   | C_o[0][7][3]   |     4.959 | SLOW    |     2.429 | FAST    |
B_i[3][7][2]   | C_o[1][7][2]   |     4.852 | SLOW    |     2.531 | FAST    |
B_i[3][7][2]   | C_o[1][7][3]   |     4.959 | SLOW    |     2.429 | FAST    |
B_i[3][7][2]   | C_o[2][7][2]   |     4.852 | SLOW    |     2.531 | FAST    |
B_i[3][7][2]   | C_o[2][7][3]   |     4.959 | SLOW    |     2.429 | FAST    |
B_i[3][7][2]   | C_o[3][7][2]   |     4.852 | SLOW    |     2.531 | FAST    |
B_i[3][7][2]   | C_o[3][7][3]   |     4.959 | SLOW    |     2.429 | FAST    |
B_i[3][7][2]   | C_o[4][7][2]   |     4.852 | SLOW    |     2.531 | FAST    |
B_i[3][7][2]   | C_o[4][7][3]   |     4.959 | SLOW    |     2.429 | FAST    |
B_i[3][7][2]   | C_o[5][7][2]   |     4.852 | SLOW    |     2.531 | FAST    |
B_i[3][7][2]   | C_o[5][7][3]   |     4.959 | SLOW    |     2.429 | FAST    |
B_i[3][7][2]   | C_o[6][7][2]   |     4.852 | SLOW    |     2.531 | FAST    |
B_i[3][7][2]   | C_o[6][7][3]   |     4.959 | SLOW    |     2.429 | FAST    |
B_i[3][7][2]   | C_o[7][7][2]   |     4.852 | SLOW    |     2.531 | FAST    |
B_i[3][7][2]   | C_o[7][7][3]   |     4.959 | SLOW    |     2.429 | FAST    |
B_i[3][7][3]   | C_o[0][7][3]   |     4.839 | SLOW    |     2.524 | FAST    |
B_i[3][7][3]   | C_o[1][7][3]   |     4.839 | SLOW    |     2.524 | FAST    |
B_i[3][7][3]   | C_o[2][7][3]   |     4.839 | SLOW    |     2.524 | FAST    |
B_i[3][7][3]   | C_o[3][7][3]   |     4.839 | SLOW    |     2.524 | FAST    |
B_i[3][7][3]   | C_o[4][7][3]   |     4.839 | SLOW    |     2.524 | FAST    |
B_i[3][7][3]   | C_o[5][7][3]   |     4.839 | SLOW    |     2.524 | FAST    |
B_i[3][7][3]   | C_o[6][7][3]   |     4.839 | SLOW    |     2.524 | FAST    |
B_i[3][7][3]   | C_o[7][7][3]   |     4.839 | SLOW    |     2.524 | FAST    |
S_A_i[0][0][0] | S_C_o[0][0][0] |     4.277 | SLOW    |     2.217 | FAST    |
S_A_i[0][0][0] | S_C_o[0][0][1] |     4.294 | SLOW    |     2.223 | FAST    |
S_A_i[0][0][0] | S_C_o[0][0][2] |     4.304 | SLOW    |     2.226 | FAST    |
S_A_i[0][0][0] | S_C_o[0][0][3] |     4.478 | SLOW    |     2.320 | FAST    |
S_A_i[0][0][0] | S_C_o[0][0][4] |     4.478 | SLOW    |     2.320 | FAST    |
S_A_i[0][0][0] | S_C_o[0][0][5] |     4.706 | SLOW    |     2.445 | FAST    |
S_A_i[0][0][0] | S_C_o[0][0][6] |     4.728 | SLOW    |     2.459 | FAST    |
S_A_i[0][0][0] | S_C_o[0][0][7] |     4.793 | SLOW    |     2.496 | FAST    |
S_A_i[0][0][0] | S_C_o[0][1][0] |     4.277 | SLOW    |     2.217 | FAST    |
S_A_i[0][0][0] | S_C_o[0][1][1] |     4.294 | SLOW    |     2.223 | FAST    |
S_A_i[0][0][0] | S_C_o[0][1][2] |     4.304 | SLOW    |     2.226 | FAST    |
S_A_i[0][0][0] | S_C_o[0][1][3] |     4.478 | SLOW    |     2.320 | FAST    |
S_A_i[0][0][0] | S_C_o[0][1][4] |     4.478 | SLOW    |     2.320 | FAST    |
S_A_i[0][0][0] | S_C_o[0][1][5] |     4.706 | SLOW    |     2.445 | FAST    |
S_A_i[0][0][0] | S_C_o[0][1][6] |     4.728 | SLOW    |     2.459 | FAST    |
S_A_i[0][0][0] | S_C_o[0][1][7] |     4.793 | SLOW    |     2.496 | FAST    |
S_A_i[0][0][0] | S_C_o[0][2][0] |     4.277 | SLOW    |     2.217 | FAST    |
S_A_i[0][0][0] | S_C_o[0][2][1] |     4.294 | SLOW    |     2.223 | FAST    |
S_A_i[0][0][0] | S_C_o[0][2][2] |     4.304 | SLOW    |     2.226 | FAST    |
S_A_i[0][0][0] | S_C_o[0][2][3] |     4.478 | SLOW    |     2.320 | FAST    |
S_A_i[0][0][0] | S_C_o[0][2][4] |     4.478 | SLOW    |     2.320 | FAST    |
S_A_i[0][0][0] | S_C_o[0][2][5] |     4.706 | SLOW    |     2.445 | FAST    |
S_A_i[0][0][0] | S_C_o[0][2][6] |     4.728 | SLOW    |     2.459 | FAST    |
S_A_i[0][0][0] | S_C_o[0][2][7] |     4.793 | SLOW    |     2.496 | FAST    |
S_A_i[0][0][0] | S_C_o[0][3][0] |     4.277 | SLOW    |     2.217 | FAST    |
S_A_i[0][0][0] | S_C_o[0][3][1] |     4.294 | SLOW    |     2.223 | FAST    |
S_A_i[0][0][0] | S_C_o[0][3][2] |     4.304 | SLOW    |     2.226 | FAST    |
S_A_i[0][0][0] | S_C_o[0][3][3] |     4.478 | SLOW    |     2.320 | FAST    |
S_A_i[0][0][0] | S_C_o[0][3][4] |     4.478 | SLOW    |     2.320 | FAST    |
S_A_i[0][0][0] | S_C_o[0][3][5] |     4.706 | SLOW    |     2.445 | FAST    |
S_A_i[0][0][0] | S_C_o[0][3][6] |     4.728 | SLOW    |     2.459 | FAST    |
S_A_i[0][0][0] | S_C_o[0][3][7] |     4.793 | SLOW    |     2.496 | FAST    |
S_A_i[0][0][0] | S_C_o[0][4][0] |     4.277 | SLOW    |     2.217 | FAST    |
S_A_i[0][0][0] | S_C_o[0][4][1] |     4.294 | SLOW    |     2.223 | FAST    |
S_A_i[0][0][0] | S_C_o[0][4][2] |     4.304 | SLOW    |     2.226 | FAST    |
S_A_i[0][0][0] | S_C_o[0][4][3] |     4.478 | SLOW    |     2.320 | FAST    |
S_A_i[0][0][0] | S_C_o[0][4][4] |     4.478 | SLOW    |     2.320 | FAST    |
S_A_i[0][0][0] | S_C_o[0][4][5] |     4.706 | SLOW    |     2.445 | FAST    |
S_A_i[0][0][0] | S_C_o[0][4][6] |     4.728 | SLOW    |     2.459 | FAST    |
S_A_i[0][0][0] | S_C_o[0][4][7] |     4.793 | SLOW    |     2.496 | FAST    |
S_A_i[0][0][0] | S_C_o[0][5][0] |     4.277 | SLOW    |     2.217 | FAST    |
S_A_i[0][0][0] | S_C_o[0][5][1] |     4.294 | SLOW    |     2.223 | FAST    |
S_A_i[0][0][0] | S_C_o[0][5][2] |     4.304 | SLOW    |     2.226 | FAST    |
S_A_i[0][0][0] | S_C_o[0][5][3] |     4.478 | SLOW    |     2.320 | FAST    |
S_A_i[0][0][0] | S_C_o[0][5][4] |     4.478 | SLOW    |     2.320 | FAST    |
S_A_i[0][0][0] | S_C_o[0][5][5] |     4.706 | SLOW    |     2.445 | FAST    |
S_A_i[0][0][0] | S_C_o[0][5][6] |     4.728 | SLOW    |     2.459 | FAST    |
S_A_i[0][0][0] | S_C_o[0][5][7] |     4.793 | SLOW    |     2.496 | FAST    |
S_A_i[0][0][0] | S_C_o[0][6][0] |     4.277 | SLOW    |     2.217 | FAST    |
S_A_i[0][0][0] | S_C_o[0][6][1] |     4.294 | SLOW    |     2.223 | FAST    |
S_A_i[0][0][0] | S_C_o[0][6][2] |     4.304 | SLOW    |     2.226 | FAST    |
S_A_i[0][0][0] | S_C_o[0][6][3] |     4.478 | SLOW    |     2.320 | FAST    |
S_A_i[0][0][0] | S_C_o[0][6][4] |     4.478 | SLOW    |     2.320 | FAST    |
S_A_i[0][0][0] | S_C_o[0][6][5] |     4.706 | SLOW    |     2.445 | FAST    |
S_A_i[0][0][0] | S_C_o[0][6][6] |     4.728 | SLOW    |     2.459 | FAST    |
S_A_i[0][0][0] | S_C_o[0][6][7] |     4.793 | SLOW    |     2.496 | FAST    |
S_A_i[0][0][0] | S_C_o[0][7][0] |     4.277 | SLOW    |     2.217 | FAST    |
S_A_i[0][0][0] | S_C_o[0][7][1] |     4.294 | SLOW    |     2.223 | FAST    |
S_A_i[0][0][0] | S_C_o[0][7][2] |     4.304 | SLOW    |     2.226 | FAST    |
S_A_i[0][0][0] | S_C_o[0][7][3] |     4.478 | SLOW    |     2.320 | FAST    |
S_A_i[0][0][0] | S_C_o[0][7][4] |     4.478 | SLOW    |     2.320 | FAST    |
S_A_i[0][0][0] | S_C_o[0][7][5] |     4.706 | SLOW    |     2.445 | FAST    |
S_A_i[0][0][0] | S_C_o[0][7][6] |     4.728 | SLOW    |     2.459 | FAST    |
S_A_i[0][0][0] | S_C_o[0][7][7] |     4.793 | SLOW    |     2.496 | FAST    |
S_A_i[0][0][1] | S_C_o[0][0][1] |     4.301 | SLOW    |     2.233 | FAST    |
S_A_i[0][0][1] | S_C_o[0][0][2] |     4.297 | SLOW    |     2.222 | FAST    |
S_A_i[0][0][1] | S_C_o[0][0][3] |     4.476 | SLOW    |     2.324 | FAST    |
S_A_i[0][0][1] | S_C_o[0][0][4] |     4.476 | SLOW    |     2.324 | FAST    |
S_A_i[0][0][1] | S_C_o[0][0][5] |     4.704 | SLOW    |     2.449 | FAST    |
S_A_i[0][0][1] | S_C_o[0][0][6] |     4.726 | SLOW    |     2.463 | FAST    |
S_A_i[0][0][1] | S_C_o[0][0][7] |     4.791 | SLOW    |     2.500 | FAST    |
S_A_i[0][0][1] | S_C_o[0][1][1] |     4.301 | SLOW    |     2.233 | FAST    |
S_A_i[0][0][1] | S_C_o[0][1][2] |     4.297 | SLOW    |     2.222 | FAST    |
S_A_i[0][0][1] | S_C_o[0][1][3] |     4.476 | SLOW    |     2.324 | FAST    |
S_A_i[0][0][1] | S_C_o[0][1][4] |     4.476 | SLOW    |     2.324 | FAST    |
S_A_i[0][0][1] | S_C_o[0][1][5] |     4.704 | SLOW    |     2.449 | FAST    |
S_A_i[0][0][1] | S_C_o[0][1][6] |     4.726 | SLOW    |     2.463 | FAST    |
S_A_i[0][0][1] | S_C_o[0][1][7] |     4.791 | SLOW    |     2.500 | FAST    |
S_A_i[0][0][1] | S_C_o[0][2][1] |     4.301 | SLOW    |     2.233 | FAST    |
S_A_i[0][0][1] | S_C_o[0][2][2] |     4.297 | SLOW    |     2.222 | FAST    |
S_A_i[0][0][1] | S_C_o[0][2][3] |     4.476 | SLOW    |     2.324 | FAST    |
S_A_i[0][0][1] | S_C_o[0][2][4] |     4.476 | SLOW    |     2.324 | FAST    |
S_A_i[0][0][1] | S_C_o[0][2][5] |     4.704 | SLOW    |     2.449 | FAST    |
S_A_i[0][0][1] | S_C_o[0][2][6] |     4.726 | SLOW    |     2.463 | FAST    |
S_A_i[0][0][1] | S_C_o[0][2][7] |     4.791 | SLOW    |     2.500 | FAST    |
S_A_i[0][0][1] | S_C_o[0][3][1] |     4.301 | SLOW    |     2.233 | FAST    |
S_A_i[0][0][1] | S_C_o[0][3][2] |     4.297 | SLOW    |     2.222 | FAST    |
S_A_i[0][0][1] | S_C_o[0][3][3] |     4.476 | SLOW    |     2.324 | FAST    |
S_A_i[0][0][1] | S_C_o[0][3][4] |     4.476 | SLOW    |     2.324 | FAST    |
S_A_i[0][0][1] | S_C_o[0][3][5] |     4.704 | SLOW    |     2.449 | FAST    |
S_A_i[0][0][1] | S_C_o[0][3][6] |     4.726 | SLOW    |     2.463 | FAST    |
S_A_i[0][0][1] | S_C_o[0][3][7] |     4.791 | SLOW    |     2.500 | FAST    |
S_A_i[0][0][1] | S_C_o[0][4][1] |     4.301 | SLOW    |     2.233 | FAST    |
S_A_i[0][0][1] | S_C_o[0][4][2] |     4.297 | SLOW    |     2.222 | FAST    |
S_A_i[0][0][1] | S_C_o[0][4][3] |     4.476 | SLOW    |     2.324 | FAST    |
S_A_i[0][0][1] | S_C_o[0][4][4] |     4.476 | SLOW    |     2.324 | FAST    |
S_A_i[0][0][1] | S_C_o[0][4][5] |     4.704 | SLOW    |     2.449 | FAST    |
S_A_i[0][0][1] | S_C_o[0][4][6] |     4.726 | SLOW    |     2.463 | FAST    |
S_A_i[0][0][1] | S_C_o[0][4][7] |     4.791 | SLOW    |     2.500 | FAST    |
S_A_i[0][0][1] | S_C_o[0][5][1] |     4.301 | SLOW    |     2.233 | FAST    |
S_A_i[0][0][1] | S_C_o[0][5][2] |     4.297 | SLOW    |     2.222 | FAST    |
S_A_i[0][0][1] | S_C_o[0][5][3] |     4.476 | SLOW    |     2.324 | FAST    |
S_A_i[0][0][1] | S_C_o[0][5][4] |     4.476 | SLOW    |     2.324 | FAST    |
S_A_i[0][0][1] | S_C_o[0][5][5] |     4.704 | SLOW    |     2.449 | FAST    |
S_A_i[0][0][1] | S_C_o[0][5][6] |     4.726 | SLOW    |     2.463 | FAST    |
S_A_i[0][0][1] | S_C_o[0][5][7] |     4.791 | SLOW    |     2.500 | FAST    |
S_A_i[0][0][1] | S_C_o[0][6][1] |     4.301 | SLOW    |     2.233 | FAST    |
S_A_i[0][0][1] | S_C_o[0][6][2] |     4.297 | SLOW    |     2.222 | FAST    |
S_A_i[0][0][1] | S_C_o[0][6][3] |     4.476 | SLOW    |     2.324 | FAST    |
S_A_i[0][0][1] | S_C_o[0][6][4] |     4.476 | SLOW    |     2.324 | FAST    |
S_A_i[0][0][1] | S_C_o[0][6][5] |     4.704 | SLOW    |     2.449 | FAST    |
S_A_i[0][0][1] | S_C_o[0][6][6] |     4.726 | SLOW    |     2.463 | FAST    |
S_A_i[0][0][1] | S_C_o[0][6][7] |     4.791 | SLOW    |     2.500 | FAST    |
S_A_i[0][0][1] | S_C_o[0][7][1] |     4.301 | SLOW    |     2.233 | FAST    |
S_A_i[0][0][1] | S_C_o[0][7][2] |     4.297 | SLOW    |     2.222 | FAST    |
S_A_i[0][0][1] | S_C_o[0][7][3] |     4.476 | SLOW    |     2.324 | FAST    |
S_A_i[0][0][1] | S_C_o[0][7][4] |     4.476 | SLOW    |     2.324 | FAST    |
S_A_i[0][0][1] | S_C_o[0][7][5] |     4.704 | SLOW    |     2.449 | FAST    |
S_A_i[0][0][1] | S_C_o[0][7][6] |     4.726 | SLOW    |     2.463 | FAST    |
S_A_i[0][0][1] | S_C_o[0][7][7] |     4.791 | SLOW    |     2.500 | FAST    |
S_A_i[0][0][2] | S_C_o[0][0][2] |     4.261 | SLOW    |     2.209 | FAST    |
S_A_i[0][0][2] | S_C_o[0][0][3] |     4.494 | SLOW    |     2.329 | FAST    |
S_A_i[0][0][2] | S_C_o[0][0][4] |     4.494 | SLOW    |     2.329 | FAST    |
S_A_i[0][0][2] | S_C_o[0][0][5] |     4.722 | SLOW    |     2.454 | FAST    |
S_A_i[0][0][2] | S_C_o[0][0][6] |     4.744 | SLOW    |     2.468 | FAST    |
S_A_i[0][0][2] | S_C_o[0][0][7] |     4.809 | SLOW    |     2.505 | FAST    |
S_A_i[0][0][2] | S_C_o[0][1][2] |     4.261 | SLOW    |     2.209 | FAST    |
S_A_i[0][0][2] | S_C_o[0][1][3] |     4.494 | SLOW    |     2.329 | FAST    |
S_A_i[0][0][2] | S_C_o[0][1][4] |     4.494 | SLOW    |     2.329 | FAST    |
S_A_i[0][0][2] | S_C_o[0][1][5] |     4.722 | SLOW    |     2.454 | FAST    |
S_A_i[0][0][2] | S_C_o[0][1][6] |     4.744 | SLOW    |     2.468 | FAST    |
S_A_i[0][0][2] | S_C_o[0][1][7] |     4.809 | SLOW    |     2.505 | FAST    |
S_A_i[0][0][2] | S_C_o[0][2][2] |     4.261 | SLOW    |     2.209 | FAST    |
S_A_i[0][0][2] | S_C_o[0][2][3] |     4.494 | SLOW    |     2.329 | FAST    |
S_A_i[0][0][2] | S_C_o[0][2][4] |     4.494 | SLOW    |     2.329 | FAST    |
S_A_i[0][0][2] | S_C_o[0][2][5] |     4.722 | SLOW    |     2.454 | FAST    |
S_A_i[0][0][2] | S_C_o[0][2][6] |     4.744 | SLOW    |     2.468 | FAST    |
S_A_i[0][0][2] | S_C_o[0][2][7] |     4.809 | SLOW    |     2.505 | FAST    |
S_A_i[0][0][2] | S_C_o[0][3][2] |     4.261 | SLOW    |     2.209 | FAST    |
S_A_i[0][0][2] | S_C_o[0][3][3] |     4.494 | SLOW    |     2.329 | FAST    |
S_A_i[0][0][2] | S_C_o[0][3][4] |     4.494 | SLOW    |     2.329 | FAST    |
S_A_i[0][0][2] | S_C_o[0][3][5] |     4.722 | SLOW    |     2.454 | FAST    |
S_A_i[0][0][2] | S_C_o[0][3][6] |     4.744 | SLOW    |     2.468 | FAST    |
S_A_i[0][0][2] | S_C_o[0][3][7] |     4.809 | SLOW    |     2.505 | FAST    |
S_A_i[0][0][2] | S_C_o[0][4][2] |     4.261 | SLOW    |     2.209 | FAST    |
S_A_i[0][0][2] | S_C_o[0][4][3] |     4.494 | SLOW    |     2.329 | FAST    |
S_A_i[0][0][2] | S_C_o[0][4][4] |     4.494 | SLOW    |     2.329 | FAST    |
S_A_i[0][0][2] | S_C_o[0][4][5] |     4.722 | SLOW    |     2.454 | FAST    |
S_A_i[0][0][2] | S_C_o[0][4][6] |     4.744 | SLOW    |     2.468 | FAST    |
S_A_i[0][0][2] | S_C_o[0][4][7] |     4.809 | SLOW    |     2.505 | FAST    |
S_A_i[0][0][2] | S_C_o[0][5][2] |     4.261 | SLOW    |     2.209 | FAST    |
S_A_i[0][0][2] | S_C_o[0][5][3] |     4.494 | SLOW    |     2.329 | FAST    |
S_A_i[0][0][2] | S_C_o[0][5][4] |     4.494 | SLOW    |     2.329 | FAST    |
S_A_i[0][0][2] | S_C_o[0][5][5] |     4.722 | SLOW    |     2.454 | FAST    |
S_A_i[0][0][2] | S_C_o[0][5][6] |     4.744 | SLOW    |     2.468 | FAST    |
S_A_i[0][0][2] | S_C_o[0][5][7] |     4.809 | SLOW    |     2.505 | FAST    |
S_A_i[0][0][2] | S_C_o[0][6][2] |     4.261 | SLOW    |     2.209 | FAST    |
S_A_i[0][0][2] | S_C_o[0][6][3] |     4.494 | SLOW    |     2.329 | FAST    |
S_A_i[0][0][2] | S_C_o[0][6][4] |     4.494 | SLOW    |     2.329 | FAST    |
S_A_i[0][0][2] | S_C_o[0][6][5] |     4.722 | SLOW    |     2.454 | FAST    |
S_A_i[0][0][2] | S_C_o[0][6][6] |     4.744 | SLOW    |     2.468 | FAST    |
S_A_i[0][0][2] | S_C_o[0][6][7] |     4.809 | SLOW    |     2.505 | FAST    |
S_A_i[0][0][2] | S_C_o[0][7][2] |     4.261 | SLOW    |     2.209 | FAST    |
S_A_i[0][0][2] | S_C_o[0][7][3] |     4.494 | SLOW    |     2.329 | FAST    |
S_A_i[0][0][2] | S_C_o[0][7][4] |     4.494 | SLOW    |     2.329 | FAST    |
S_A_i[0][0][2] | S_C_o[0][7][5] |     4.722 | SLOW    |     2.454 | FAST    |
S_A_i[0][0][2] | S_C_o[0][7][6] |     4.744 | SLOW    |     2.468 | FAST    |
S_A_i[0][0][2] | S_C_o[0][7][7] |     4.809 | SLOW    |     2.505 | FAST    |
S_A_i[0][0][3] | S_C_o[0][0][3] |     4.270 | SLOW    |     2.213 | FAST    |
S_A_i[0][0][3] | S_C_o[0][0][4] |     4.265 | SLOW    |     2.205 | FAST    |
S_A_i[0][0][3] | S_C_o[0][0][5] |     4.507 | SLOW    |     2.344 | FAST    |
S_A_i[0][0][3] | S_C_o[0][0][6] |     4.529 | SLOW    |     2.358 | FAST    |
S_A_i[0][0][3] | S_C_o[0][0][7] |     4.594 | SLOW    |     2.395 | FAST    |
S_A_i[0][0][3] | S_C_o[0][1][3] |     4.270 | SLOW    |     2.213 | FAST    |
S_A_i[0][0][3] | S_C_o[0][1][4] |     4.265 | SLOW    |     2.205 | FAST    |
S_A_i[0][0][3] | S_C_o[0][1][5] |     4.507 | SLOW    |     2.344 | FAST    |
S_A_i[0][0][3] | S_C_o[0][1][6] |     4.529 | SLOW    |     2.358 | FAST    |
S_A_i[0][0][3] | S_C_o[0][1][7] |     4.594 | SLOW    |     2.395 | FAST    |
S_A_i[0][0][3] | S_C_o[0][2][3] |     4.270 | SLOW    |     2.213 | FAST    |
S_A_i[0][0][3] | S_C_o[0][2][4] |     4.265 | SLOW    |     2.205 | FAST    |
S_A_i[0][0][3] | S_C_o[0][2][5] |     4.507 | SLOW    |     2.344 | FAST    |
S_A_i[0][0][3] | S_C_o[0][2][6] |     4.529 | SLOW    |     2.358 | FAST    |
S_A_i[0][0][3] | S_C_o[0][2][7] |     4.594 | SLOW    |     2.395 | FAST    |
S_A_i[0][0][3] | S_C_o[0][3][3] |     4.270 | SLOW    |     2.213 | FAST    |
S_A_i[0][0][3] | S_C_o[0][3][4] |     4.265 | SLOW    |     2.205 | FAST    |
S_A_i[0][0][3] | S_C_o[0][3][5] |     4.507 | SLOW    |     2.344 | FAST    |
S_A_i[0][0][3] | S_C_o[0][3][6] |     4.529 | SLOW    |     2.358 | FAST    |
S_A_i[0][0][3] | S_C_o[0][3][7] |     4.594 | SLOW    |     2.395 | FAST    |
S_A_i[0][0][3] | S_C_o[0][4][3] |     4.270 | SLOW    |     2.213 | FAST    |
S_A_i[0][0][3] | S_C_o[0][4][4] |     4.265 | SLOW    |     2.205 | FAST    |
S_A_i[0][0][3] | S_C_o[0][4][5] |     4.507 | SLOW    |     2.344 | FAST    |
S_A_i[0][0][3] | S_C_o[0][4][6] |     4.529 | SLOW    |     2.358 | FAST    |
S_A_i[0][0][3] | S_C_o[0][4][7] |     4.594 | SLOW    |     2.395 | FAST    |
S_A_i[0][0][3] | S_C_o[0][5][3] |     4.270 | SLOW    |     2.213 | FAST    |
S_A_i[0][0][3] | S_C_o[0][5][4] |     4.265 | SLOW    |     2.205 | FAST    |
S_A_i[0][0][3] | S_C_o[0][5][5] |     4.507 | SLOW    |     2.344 | FAST    |
S_A_i[0][0][3] | S_C_o[0][5][6] |     4.529 | SLOW    |     2.358 | FAST    |
S_A_i[0][0][3] | S_C_o[0][5][7] |     4.594 | SLOW    |     2.395 | FAST    |
S_A_i[0][0][3] | S_C_o[0][6][3] |     4.270 | SLOW    |     2.213 | FAST    |
S_A_i[0][0][3] | S_C_o[0][6][4] |     4.265 | SLOW    |     2.205 | FAST    |
S_A_i[0][0][3] | S_C_o[0][6][5] |     4.507 | SLOW    |     2.344 | FAST    |
S_A_i[0][0][3] | S_C_o[0][6][6] |     4.529 | SLOW    |     2.358 | FAST    |
S_A_i[0][0][3] | S_C_o[0][6][7] |     4.594 | SLOW    |     2.395 | FAST    |
S_A_i[0][0][3] | S_C_o[0][7][3] |     4.270 | SLOW    |     2.213 | FAST    |
S_A_i[0][0][3] | S_C_o[0][7][4] |     4.265 | SLOW    |     2.205 | FAST    |
S_A_i[0][0][3] | S_C_o[0][7][5] |     4.507 | SLOW    |     2.344 | FAST    |
S_A_i[0][0][3] | S_C_o[0][7][6] |     4.529 | SLOW    |     2.358 | FAST    |
S_A_i[0][0][3] | S_C_o[0][7][7] |     4.594 | SLOW    |     2.395 | FAST    |
S_A_i[0][0][4] | S_C_o[0][0][4] |     4.261 | SLOW    |     2.209 | FAST    |
S_A_i[0][0][4] | S_C_o[0][0][5] |     4.484 | SLOW    |     2.326 | FAST    |
S_A_i[0][0][4] | S_C_o[0][0][6] |     4.506 | SLOW    |     2.340 | FAST    |
S_A_i[0][0][4] | S_C_o[0][0][7] |     4.571 | SLOW    |     2.377 | FAST    |
S_A_i[0][0][4] | S_C_o[0][1][4] |     4.261 | SLOW    |     2.209 | FAST    |
S_A_i[0][0][4] | S_C_o[0][1][5] |     4.484 | SLOW    |     2.326 | FAST    |
S_A_i[0][0][4] | S_C_o[0][1][6] |     4.506 | SLOW    |     2.340 | FAST    |
S_A_i[0][0][4] | S_C_o[0][1][7] |     4.571 | SLOW    |     2.377 | FAST    |
S_A_i[0][0][4] | S_C_o[0][2][4] |     4.261 | SLOW    |     2.209 | FAST    |
S_A_i[0][0][4] | S_C_o[0][2][5] |     4.484 | SLOW    |     2.326 | FAST    |
S_A_i[0][0][4] | S_C_o[0][2][6] |     4.506 | SLOW    |     2.340 | FAST    |
S_A_i[0][0][4] | S_C_o[0][2][7] |     4.571 | SLOW    |     2.377 | FAST    |
S_A_i[0][0][4] | S_C_o[0][3][4] |     4.261 | SLOW    |     2.209 | FAST    |
S_A_i[0][0][4] | S_C_o[0][3][5] |     4.484 | SLOW    |     2.326 | FAST    |
S_A_i[0][0][4] | S_C_o[0][3][6] |     4.506 | SLOW    |     2.340 | FAST    |
S_A_i[0][0][4] | S_C_o[0][3][7] |     4.571 | SLOW    |     2.377 | FAST    |
S_A_i[0][0][4] | S_C_o[0][4][4] |     4.261 | SLOW    |     2.209 | FAST    |
S_A_i[0][0][4] | S_C_o[0][4][5] |     4.484 | SLOW    |     2.326 | FAST    |
S_A_i[0][0][4] | S_C_o[0][4][6] |     4.506 | SLOW    |     2.340 | FAST    |
S_A_i[0][0][4] | S_C_o[0][4][7] |     4.571 | SLOW    |     2.377 | FAST    |
S_A_i[0][0][4] | S_C_o[0][5][4] |     4.261 | SLOW    |     2.209 | FAST    |
S_A_i[0][0][4] | S_C_o[0][5][5] |     4.484 | SLOW    |     2.326 | FAST    |
S_A_i[0][0][4] | S_C_o[0][5][6] |     4.506 | SLOW    |     2.340 | FAST    |
S_A_i[0][0][4] | S_C_o[0][5][7] |     4.571 | SLOW    |     2.377 | FAST    |
S_A_i[0][0][4] | S_C_o[0][6][4] |     4.261 | SLOW    |     2.209 | FAST    |
S_A_i[0][0][4] | S_C_o[0][6][5] |     4.484 | SLOW    |     2.326 | FAST    |
S_A_i[0][0][4] | S_C_o[0][6][6] |     4.506 | SLOW    |     2.340 | FAST    |
S_A_i[0][0][4] | S_C_o[0][6][7] |     4.571 | SLOW    |     2.377 | FAST    |
S_A_i[0][0][4] | S_C_o[0][7][4] |     4.261 | SLOW    |     2.209 | FAST    |
S_A_i[0][0][4] | S_C_o[0][7][5] |     4.484 | SLOW    |     2.326 | FAST    |
S_A_i[0][0][4] | S_C_o[0][7][6] |     4.506 | SLOW    |     2.340 | FAST    |
S_A_i[0][0][4] | S_C_o[0][7][7] |     4.571 | SLOW    |     2.377 | FAST    |
S_A_i[0][0][5] | S_C_o[0][0][5] |     4.270 | SLOW    |     2.213 | FAST    |
S_A_i[0][0][5] | S_C_o[0][0][6] |     4.287 | SLOW    |     2.219 | FAST    |
S_A_i[0][0][5] | S_C_o[0][0][7] |     4.297 | SLOW    |     2.222 | FAST    |
S_A_i[0][0][5] | S_C_o[0][1][5] |     4.270 | SLOW    |     2.213 | FAST    |
S_A_i[0][0][5] | S_C_o[0][1][6] |     4.287 | SLOW    |     2.219 | FAST    |
S_A_i[0][0][5] | S_C_o[0][1][7] |     4.297 | SLOW    |     2.222 | FAST    |
S_A_i[0][0][5] | S_C_o[0][2][5] |     4.270 | SLOW    |     2.213 | FAST    |
S_A_i[0][0][5] | S_C_o[0][2][6] |     4.287 | SLOW    |     2.219 | FAST    |
S_A_i[0][0][5] | S_C_o[0][2][7] |     4.297 | SLOW    |     2.222 | FAST    |
S_A_i[0][0][5] | S_C_o[0][3][5] |     4.270 | SLOW    |     2.213 | FAST    |
S_A_i[0][0][5] | S_C_o[0][3][6] |     4.287 | SLOW    |     2.219 | FAST    |
S_A_i[0][0][5] | S_C_o[0][3][7] |     4.297 | SLOW    |     2.222 | FAST    |
S_A_i[0][0][5] | S_C_o[0][4][5] |     4.270 | SLOW    |     2.213 | FAST    |
S_A_i[0][0][5] | S_C_o[0][4][6] |     4.287 | SLOW    |     2.219 | FAST    |
S_A_i[0][0][5] | S_C_o[0][4][7] |     4.297 | SLOW    |     2.222 | FAST    |
S_A_i[0][0][5] | S_C_o[0][5][5] |     4.270 | SLOW    |     2.213 | FAST    |
S_A_i[0][0][5] | S_C_o[0][5][6] |     4.287 | SLOW    |     2.219 | FAST    |
S_A_i[0][0][5] | S_C_o[0][5][7] |     4.297 | SLOW    |     2.222 | FAST    |
S_A_i[0][0][5] | S_C_o[0][6][5] |     4.270 | SLOW    |     2.213 | FAST    |
S_A_i[0][0][5] | S_C_o[0][6][6] |     4.287 | SLOW    |     2.219 | FAST    |
S_A_i[0][0][5] | S_C_o[0][6][7] |     4.297 | SLOW    |     2.222 | FAST    |
S_A_i[0][0][5] | S_C_o[0][7][5] |     4.270 | SLOW    |     2.213 | FAST    |
S_A_i[0][0][5] | S_C_o[0][7][6] |     4.287 | SLOW    |     2.219 | FAST    |
S_A_i[0][0][5] | S_C_o[0][7][7] |     4.297 | SLOW    |     2.222 | FAST    |
S_A_i[0][0][6] | S_C_o[0][0][6] |     4.292 | SLOW    |     2.229 | FAST    |
S_A_i[0][0][6] | S_C_o[0][0][7] |     4.256 | SLOW    |     2.201 | FAST    |
S_A_i[0][0][6] | S_C_o[0][1][6] |     4.292 | SLOW    |     2.229 | FAST    |
S_A_i[0][0][6] | S_C_o[0][1][7] |     4.256 | SLOW    |     2.201 | FAST    |
S_A_i[0][0][6] | S_C_o[0][2][6] |     4.292 | SLOW    |     2.229 | FAST    |
S_A_i[0][0][6] | S_C_o[0][2][7] |     4.256 | SLOW    |     2.201 | FAST    |
S_A_i[0][0][6] | S_C_o[0][3][6] |     4.292 | SLOW    |     2.229 | FAST    |
S_A_i[0][0][6] | S_C_o[0][3][7] |     4.256 | SLOW    |     2.201 | FAST    |
S_A_i[0][0][6] | S_C_o[0][4][6] |     4.292 | SLOW    |     2.229 | FAST    |
S_A_i[0][0][6] | S_C_o[0][4][7] |     4.256 | SLOW    |     2.201 | FAST    |
S_A_i[0][0][6] | S_C_o[0][5][6] |     4.292 | SLOW    |     2.229 | FAST    |
S_A_i[0][0][6] | S_C_o[0][5][7] |     4.256 | SLOW    |     2.201 | FAST    |
S_A_i[0][0][6] | S_C_o[0][6][6] |     4.292 | SLOW    |     2.229 | FAST    |
S_A_i[0][0][6] | S_C_o[0][6][7] |     4.256 | SLOW    |     2.201 | FAST    |
S_A_i[0][0][6] | S_C_o[0][7][6] |     4.292 | SLOW    |     2.229 | FAST    |
S_A_i[0][0][6] | S_C_o[0][7][7] |     4.256 | SLOW    |     2.201 | FAST    |
S_A_i[0][0][7] | S_C_o[0][0][7] |     4.444 | SLOW    |     2.314 | FAST    |
S_A_i[0][0][7] | S_C_o[0][1][7] |     4.444 | SLOW    |     2.314 | FAST    |
S_A_i[0][0][7] | S_C_o[0][2][7] |     4.444 | SLOW    |     2.314 | FAST    |
S_A_i[0][0][7] | S_C_o[0][3][7] |     4.444 | SLOW    |     2.314 | FAST    |
S_A_i[0][0][7] | S_C_o[0][4][7] |     4.444 | SLOW    |     2.314 | FAST    |
S_A_i[0][0][7] | S_C_o[0][5][7] |     4.444 | SLOW    |     2.314 | FAST    |
S_A_i[0][0][7] | S_C_o[0][6][7] |     4.444 | SLOW    |     2.314 | FAST    |
S_A_i[0][0][7] | S_C_o[0][7][7] |     4.444 | SLOW    |     2.314 | FAST    |
S_A_i[1][0][0] | S_C_o[1][0][0] |     4.277 | SLOW    |     2.217 | FAST    |
S_A_i[1][0][0] | S_C_o[1][0][1] |     4.294 | SLOW    |     2.223 | FAST    |
S_A_i[1][0][0] | S_C_o[1][0][2] |     4.304 | SLOW    |     2.226 | FAST    |
S_A_i[1][0][0] | S_C_o[1][0][3] |     4.478 | SLOW    |     2.320 | FAST    |
S_A_i[1][0][0] | S_C_o[1][0][4] |     4.478 | SLOW    |     2.320 | FAST    |
S_A_i[1][0][0] | S_C_o[1][0][5] |     4.706 | SLOW    |     2.445 | FAST    |
S_A_i[1][0][0] | S_C_o[1][0][6] |     4.728 | SLOW    |     2.459 | FAST    |
S_A_i[1][0][0] | S_C_o[1][0][7] |     4.793 | SLOW    |     2.496 | FAST    |
S_A_i[1][0][0] | S_C_o[1][1][0] |     4.277 | SLOW    |     2.217 | FAST    |
S_A_i[1][0][0] | S_C_o[1][1][1] |     4.294 | SLOW    |     2.223 | FAST    |
S_A_i[1][0][0] | S_C_o[1][1][2] |     4.304 | SLOW    |     2.226 | FAST    |
S_A_i[1][0][0] | S_C_o[1][1][3] |     4.478 | SLOW    |     2.320 | FAST    |
S_A_i[1][0][0] | S_C_o[1][1][4] |     4.478 | SLOW    |     2.320 | FAST    |
S_A_i[1][0][0] | S_C_o[1][1][5] |     4.706 | SLOW    |     2.445 | FAST    |
S_A_i[1][0][0] | S_C_o[1][1][6] |     4.728 | SLOW    |     2.459 | FAST    |
S_A_i[1][0][0] | S_C_o[1][1][7] |     4.793 | SLOW    |     2.496 | FAST    |
S_A_i[1][0][0] | S_C_o[1][2][0] |     4.277 | SLOW    |     2.217 | FAST    |
S_A_i[1][0][0] | S_C_o[1][2][1] |     4.294 | SLOW    |     2.223 | FAST    |
S_A_i[1][0][0] | S_C_o[1][2][2] |     4.304 | SLOW    |     2.226 | FAST    |
S_A_i[1][0][0] | S_C_o[1][2][3] |     4.478 | SLOW    |     2.320 | FAST    |
S_A_i[1][0][0] | S_C_o[1][2][4] |     4.478 | SLOW    |     2.320 | FAST    |
S_A_i[1][0][0] | S_C_o[1][2][5] |     4.706 | SLOW    |     2.445 | FAST    |
S_A_i[1][0][0] | S_C_o[1][2][6] |     4.728 | SLOW    |     2.459 | FAST    |
S_A_i[1][0][0] | S_C_o[1][2][7] |     4.793 | SLOW    |     2.496 | FAST    |
S_A_i[1][0][0] | S_C_o[1][3][0] |     4.277 | SLOW    |     2.217 | FAST    |
S_A_i[1][0][0] | S_C_o[1][3][1] |     4.294 | SLOW    |     2.223 | FAST    |
S_A_i[1][0][0] | S_C_o[1][3][2] |     4.304 | SLOW    |     2.226 | FAST    |
S_A_i[1][0][0] | S_C_o[1][3][3] |     4.478 | SLOW    |     2.320 | FAST    |
S_A_i[1][0][0] | S_C_o[1][3][4] |     4.478 | SLOW    |     2.320 | FAST    |
S_A_i[1][0][0] | S_C_o[1][3][5] |     4.706 | SLOW    |     2.445 | FAST    |
S_A_i[1][0][0] | S_C_o[1][3][6] |     4.728 | SLOW    |     2.459 | FAST    |
S_A_i[1][0][0] | S_C_o[1][3][7] |     4.793 | SLOW    |     2.496 | FAST    |
S_A_i[1][0][0] | S_C_o[1][4][0] |     4.277 | SLOW    |     2.217 | FAST    |
S_A_i[1][0][0] | S_C_o[1][4][1] |     4.294 | SLOW    |     2.223 | FAST    |
S_A_i[1][0][0] | S_C_o[1][4][2] |     4.304 | SLOW    |     2.226 | FAST    |
S_A_i[1][0][0] | S_C_o[1][4][3] |     4.478 | SLOW    |     2.320 | FAST    |
S_A_i[1][0][0] | S_C_o[1][4][4] |     4.478 | SLOW    |     2.320 | FAST    |
S_A_i[1][0][0] | S_C_o[1][4][5] |     4.706 | SLOW    |     2.445 | FAST    |
S_A_i[1][0][0] | S_C_o[1][4][6] |     4.728 | SLOW    |     2.459 | FAST    |
S_A_i[1][0][0] | S_C_o[1][4][7] |     4.793 | SLOW    |     2.496 | FAST    |
S_A_i[1][0][0] | S_C_o[1][5][0] |     4.277 | SLOW    |     2.217 | FAST    |
S_A_i[1][0][0] | S_C_o[1][5][1] |     4.294 | SLOW    |     2.223 | FAST    |
S_A_i[1][0][0] | S_C_o[1][5][2] |     4.304 | SLOW    |     2.226 | FAST    |
S_A_i[1][0][0] | S_C_o[1][5][3] |     4.478 | SLOW    |     2.320 | FAST    |
S_A_i[1][0][0] | S_C_o[1][5][4] |     4.478 | SLOW    |     2.320 | FAST    |
S_A_i[1][0][0] | S_C_o[1][5][5] |     4.706 | SLOW    |     2.445 | FAST    |
S_A_i[1][0][0] | S_C_o[1][5][6] |     4.728 | SLOW    |     2.459 | FAST    |
S_A_i[1][0][0] | S_C_o[1][5][7] |     4.793 | SLOW    |     2.496 | FAST    |
S_A_i[1][0][0] | S_C_o[1][6][0] |     4.277 | SLOW    |     2.217 | FAST    |
S_A_i[1][0][0] | S_C_o[1][6][1] |     4.294 | SLOW    |     2.223 | FAST    |
S_A_i[1][0][0] | S_C_o[1][6][2] |     4.304 | SLOW    |     2.226 | FAST    |
S_A_i[1][0][0] | S_C_o[1][6][3] |     4.478 | SLOW    |     2.320 | FAST    |
S_A_i[1][0][0] | S_C_o[1][6][4] |     4.478 | SLOW    |     2.320 | FAST    |
S_A_i[1][0][0] | S_C_o[1][6][5] |     4.706 | SLOW    |     2.445 | FAST    |
S_A_i[1][0][0] | S_C_o[1][6][6] |     4.728 | SLOW    |     2.459 | FAST    |
S_A_i[1][0][0] | S_C_o[1][6][7] |     4.793 | SLOW    |     2.496 | FAST    |
S_A_i[1][0][0] | S_C_o[1][7][0] |     4.277 | SLOW    |     2.217 | FAST    |
S_A_i[1][0][0] | S_C_o[1][7][1] |     4.294 | SLOW    |     2.223 | FAST    |
S_A_i[1][0][0] | S_C_o[1][7][2] |     4.304 | SLOW    |     2.226 | FAST    |
S_A_i[1][0][0] | S_C_o[1][7][3] |     4.478 | SLOW    |     2.320 | FAST    |
S_A_i[1][0][0] | S_C_o[1][7][4] |     4.478 | SLOW    |     2.320 | FAST    |
S_A_i[1][0][0] | S_C_o[1][7][5] |     4.706 | SLOW    |     2.445 | FAST    |
S_A_i[1][0][0] | S_C_o[1][7][6] |     4.728 | SLOW    |     2.459 | FAST    |
S_A_i[1][0][0] | S_C_o[1][7][7] |     4.793 | SLOW    |     2.496 | FAST    |
S_A_i[1][0][1] | S_C_o[1][0][1] |     4.301 | SLOW    |     2.233 | FAST    |
S_A_i[1][0][1] | S_C_o[1][0][2] |     4.297 | SLOW    |     2.222 | FAST    |
S_A_i[1][0][1] | S_C_o[1][0][3] |     4.476 | SLOW    |     2.324 | FAST    |
S_A_i[1][0][1] | S_C_o[1][0][4] |     4.476 | SLOW    |     2.324 | FAST    |
S_A_i[1][0][1] | S_C_o[1][0][5] |     4.704 | SLOW    |     2.449 | FAST    |
S_A_i[1][0][1] | S_C_o[1][0][6] |     4.726 | SLOW    |     2.463 | FAST    |
S_A_i[1][0][1] | S_C_o[1][0][7] |     4.791 | SLOW    |     2.500 | FAST    |
S_A_i[1][0][1] | S_C_o[1][1][1] |     4.301 | SLOW    |     2.233 | FAST    |
S_A_i[1][0][1] | S_C_o[1][1][2] |     4.297 | SLOW    |     2.222 | FAST    |
S_A_i[1][0][1] | S_C_o[1][1][3] |     4.476 | SLOW    |     2.324 | FAST    |
S_A_i[1][0][1] | S_C_o[1][1][4] |     4.476 | SLOW    |     2.324 | FAST    |
S_A_i[1][0][1] | S_C_o[1][1][5] |     4.704 | SLOW    |     2.449 | FAST    |
S_A_i[1][0][1] | S_C_o[1][1][6] |     4.726 | SLOW    |     2.463 | FAST    |
S_A_i[1][0][1] | S_C_o[1][1][7] |     4.791 | SLOW    |     2.500 | FAST    |
S_A_i[1][0][1] | S_C_o[1][2][1] |     4.301 | SLOW    |     2.233 | FAST    |
S_A_i[1][0][1] | S_C_o[1][2][2] |     4.297 | SLOW    |     2.222 | FAST    |
S_A_i[1][0][1] | S_C_o[1][2][3] |     4.476 | SLOW    |     2.324 | FAST    |
S_A_i[1][0][1] | S_C_o[1][2][4] |     4.476 | SLOW    |     2.324 | FAST    |
S_A_i[1][0][1] | S_C_o[1][2][5] |     4.704 | SLOW    |     2.449 | FAST    |
S_A_i[1][0][1] | S_C_o[1][2][6] |     4.726 | SLOW    |     2.463 | FAST    |
S_A_i[1][0][1] | S_C_o[1][2][7] |     4.791 | SLOW    |     2.500 | FAST    |
S_A_i[1][0][1] | S_C_o[1][3][1] |     4.301 | SLOW    |     2.233 | FAST    |
S_A_i[1][0][1] | S_C_o[1][3][2] |     4.297 | SLOW    |     2.222 | FAST    |
S_A_i[1][0][1] | S_C_o[1][3][3] |     4.476 | SLOW    |     2.324 | FAST    |
S_A_i[1][0][1] | S_C_o[1][3][4] |     4.476 | SLOW    |     2.324 | FAST    |
S_A_i[1][0][1] | S_C_o[1][3][5] |     4.704 | SLOW    |     2.449 | FAST    |
S_A_i[1][0][1] | S_C_o[1][3][6] |     4.726 | SLOW    |     2.463 | FAST    |
S_A_i[1][0][1] | S_C_o[1][3][7] |     4.791 | SLOW    |     2.500 | FAST    |
S_A_i[1][0][1] | S_C_o[1][4][1] |     4.301 | SLOW    |     2.233 | FAST    |
S_A_i[1][0][1] | S_C_o[1][4][2] |     4.297 | SLOW    |     2.222 | FAST    |
S_A_i[1][0][1] | S_C_o[1][4][3] |     4.476 | SLOW    |     2.324 | FAST    |
S_A_i[1][0][1] | S_C_o[1][4][4] |     4.476 | SLOW    |     2.324 | FAST    |
S_A_i[1][0][1] | S_C_o[1][4][5] |     4.704 | SLOW    |     2.449 | FAST    |
S_A_i[1][0][1] | S_C_o[1][4][6] |     4.726 | SLOW    |     2.463 | FAST    |
S_A_i[1][0][1] | S_C_o[1][4][7] |     4.791 | SLOW    |     2.500 | FAST    |
S_A_i[1][0][1] | S_C_o[1][5][1] |     4.301 | SLOW    |     2.233 | FAST    |
S_A_i[1][0][1] | S_C_o[1][5][2] |     4.297 | SLOW    |     2.222 | FAST    |
S_A_i[1][0][1] | S_C_o[1][5][3] |     4.476 | SLOW    |     2.324 | FAST    |
S_A_i[1][0][1] | S_C_o[1][5][4] |     4.476 | SLOW    |     2.324 | FAST    |
S_A_i[1][0][1] | S_C_o[1][5][5] |     4.704 | SLOW    |     2.449 | FAST    |
S_A_i[1][0][1] | S_C_o[1][5][6] |     4.726 | SLOW    |     2.463 | FAST    |
S_A_i[1][0][1] | S_C_o[1][5][7] |     4.791 | SLOW    |     2.500 | FAST    |
S_A_i[1][0][1] | S_C_o[1][6][1] |     4.301 | SLOW    |     2.233 | FAST    |
S_A_i[1][0][1] | S_C_o[1][6][2] |     4.297 | SLOW    |     2.222 | FAST    |
S_A_i[1][0][1] | S_C_o[1][6][3] |     4.476 | SLOW    |     2.324 | FAST    |
S_A_i[1][0][1] | S_C_o[1][6][4] |     4.476 | SLOW    |     2.324 | FAST    |
S_A_i[1][0][1] | S_C_o[1][6][5] |     4.704 | SLOW    |     2.449 | FAST    |
S_A_i[1][0][1] | S_C_o[1][6][6] |     4.726 | SLOW    |     2.463 | FAST    |
S_A_i[1][0][1] | S_C_o[1][6][7] |     4.791 | SLOW    |     2.500 | FAST    |
S_A_i[1][0][1] | S_C_o[1][7][1] |     4.301 | SLOW    |     2.233 | FAST    |
S_A_i[1][0][1] | S_C_o[1][7][2] |     4.297 | SLOW    |     2.222 | FAST    |
S_A_i[1][0][1] | S_C_o[1][7][3] |     4.476 | SLOW    |     2.324 | FAST    |
S_A_i[1][0][1] | S_C_o[1][7][4] |     4.476 | SLOW    |     2.324 | FAST    |
S_A_i[1][0][1] | S_C_o[1][7][5] |     4.704 | SLOW    |     2.449 | FAST    |
S_A_i[1][0][1] | S_C_o[1][7][6] |     4.726 | SLOW    |     2.463 | FAST    |
S_A_i[1][0][1] | S_C_o[1][7][7] |     4.791 | SLOW    |     2.500 | FAST    |
S_A_i[1][0][2] | S_C_o[1][0][2] |     4.261 | SLOW    |     2.209 | FAST    |
S_A_i[1][0][2] | S_C_o[1][0][3] |     4.494 | SLOW    |     2.329 | FAST    |
S_A_i[1][0][2] | S_C_o[1][0][4] |     4.494 | SLOW    |     2.329 | FAST    |
S_A_i[1][0][2] | S_C_o[1][0][5] |     4.722 | SLOW    |     2.454 | FAST    |
S_A_i[1][0][2] | S_C_o[1][0][6] |     4.744 | SLOW    |     2.468 | FAST    |
S_A_i[1][0][2] | S_C_o[1][0][7] |     4.809 | SLOW    |     2.505 | FAST    |
S_A_i[1][0][2] | S_C_o[1][1][2] |     4.261 | SLOW    |     2.209 | FAST    |
S_A_i[1][0][2] | S_C_o[1][1][3] |     4.494 | SLOW    |     2.329 | FAST    |
S_A_i[1][0][2] | S_C_o[1][1][4] |     4.494 | SLOW    |     2.329 | FAST    |
S_A_i[1][0][2] | S_C_o[1][1][5] |     4.722 | SLOW    |     2.454 | FAST    |
S_A_i[1][0][2] | S_C_o[1][1][6] |     4.744 | SLOW    |     2.468 | FAST    |
S_A_i[1][0][2] | S_C_o[1][1][7] |     4.809 | SLOW    |     2.505 | FAST    |
S_A_i[1][0][2] | S_C_o[1][2][2] |     4.261 | SLOW    |     2.209 | FAST    |
S_A_i[1][0][2] | S_C_o[1][2][3] |     4.494 | SLOW    |     2.329 | FAST    |
S_A_i[1][0][2] | S_C_o[1][2][4] |     4.494 | SLOW    |     2.329 | FAST    |
S_A_i[1][0][2] | S_C_o[1][2][5] |     4.722 | SLOW    |     2.454 | FAST    |
S_A_i[1][0][2] | S_C_o[1][2][6] |     4.744 | SLOW    |     2.468 | FAST    |
S_A_i[1][0][2] | S_C_o[1][2][7] |     4.809 | SLOW    |     2.505 | FAST    |
S_A_i[1][0][2] | S_C_o[1][3][2] |     4.261 | SLOW    |     2.209 | FAST    |
S_A_i[1][0][2] | S_C_o[1][3][3] |     4.494 | SLOW    |     2.329 | FAST    |
S_A_i[1][0][2] | S_C_o[1][3][4] |     4.494 | SLOW    |     2.329 | FAST    |
S_A_i[1][0][2] | S_C_o[1][3][5] |     4.722 | SLOW    |     2.454 | FAST    |
S_A_i[1][0][2] | S_C_o[1][3][6] |     4.744 | SLOW    |     2.468 | FAST    |
S_A_i[1][0][2] | S_C_o[1][3][7] |     4.809 | SLOW    |     2.505 | FAST    |
S_A_i[1][0][2] | S_C_o[1][4][2] |     4.261 | SLOW    |     2.209 | FAST    |
S_A_i[1][0][2] | S_C_o[1][4][3] |     4.494 | SLOW    |     2.329 | FAST    |
S_A_i[1][0][2] | S_C_o[1][4][4] |     4.494 | SLOW    |     2.329 | FAST    |
S_A_i[1][0][2] | S_C_o[1][4][5] |     4.722 | SLOW    |     2.454 | FAST    |
S_A_i[1][0][2] | S_C_o[1][4][6] |     4.744 | SLOW    |     2.468 | FAST    |
S_A_i[1][0][2] | S_C_o[1][4][7] |     4.809 | SLOW    |     2.505 | FAST    |
S_A_i[1][0][2] | S_C_o[1][5][2] |     4.261 | SLOW    |     2.209 | FAST    |
S_A_i[1][0][2] | S_C_o[1][5][3] |     4.494 | SLOW    |     2.329 | FAST    |
S_A_i[1][0][2] | S_C_o[1][5][4] |     4.494 | SLOW    |     2.329 | FAST    |
S_A_i[1][0][2] | S_C_o[1][5][5] |     4.722 | SLOW    |     2.454 | FAST    |
S_A_i[1][0][2] | S_C_o[1][5][6] |     4.744 | SLOW    |     2.468 | FAST    |
S_A_i[1][0][2] | S_C_o[1][5][7] |     4.809 | SLOW    |     2.505 | FAST    |
S_A_i[1][0][2] | S_C_o[1][6][2] |     4.261 | SLOW    |     2.209 | FAST    |
S_A_i[1][0][2] | S_C_o[1][6][3] |     4.494 | SLOW    |     2.329 | FAST    |
S_A_i[1][0][2] | S_C_o[1][6][4] |     4.494 | SLOW    |     2.329 | FAST    |
S_A_i[1][0][2] | S_C_o[1][6][5] |     4.722 | SLOW    |     2.454 | FAST    |
S_A_i[1][0][2] | S_C_o[1][6][6] |     4.744 | SLOW    |     2.468 | FAST    |
S_A_i[1][0][2] | S_C_o[1][6][7] |     4.809 | SLOW    |     2.505 | FAST    |
S_A_i[1][0][2] | S_C_o[1][7][2] |     4.261 | SLOW    |     2.209 | FAST    |
S_A_i[1][0][2] | S_C_o[1][7][3] |     4.494 | SLOW    |     2.329 | FAST    |
S_A_i[1][0][2] | S_C_o[1][7][4] |     4.494 | SLOW    |     2.329 | FAST    |
S_A_i[1][0][2] | S_C_o[1][7][5] |     4.722 | SLOW    |     2.454 | FAST    |
S_A_i[1][0][2] | S_C_o[1][7][6] |     4.744 | SLOW    |     2.468 | FAST    |
S_A_i[1][0][2] | S_C_o[1][7][7] |     4.809 | SLOW    |     2.505 | FAST    |
S_A_i[1][0][3] | S_C_o[1][0][3] |     4.270 | SLOW    |     2.213 | FAST    |
S_A_i[1][0][3] | S_C_o[1][0][4] |     4.265 | SLOW    |     2.205 | FAST    |
S_A_i[1][0][3] | S_C_o[1][0][5] |     4.507 | SLOW    |     2.344 | FAST    |
S_A_i[1][0][3] | S_C_o[1][0][6] |     4.529 | SLOW    |     2.358 | FAST    |
S_A_i[1][0][3] | S_C_o[1][0][7] |     4.594 | SLOW    |     2.395 | FAST    |
S_A_i[1][0][3] | S_C_o[1][1][3] |     4.270 | SLOW    |     2.213 | FAST    |
S_A_i[1][0][3] | S_C_o[1][1][4] |     4.265 | SLOW    |     2.205 | FAST    |
S_A_i[1][0][3] | S_C_o[1][1][5] |     4.507 | SLOW    |     2.344 | FAST    |
S_A_i[1][0][3] | S_C_o[1][1][6] |     4.529 | SLOW    |     2.358 | FAST    |
S_A_i[1][0][3] | S_C_o[1][1][7] |     4.594 | SLOW    |     2.395 | FAST    |
S_A_i[1][0][3] | S_C_o[1][2][3] |     4.270 | SLOW    |     2.213 | FAST    |
S_A_i[1][0][3] | S_C_o[1][2][4] |     4.265 | SLOW    |     2.205 | FAST    |
S_A_i[1][0][3] | S_C_o[1][2][5] |     4.507 | SLOW    |     2.344 | FAST    |
S_A_i[1][0][3] | S_C_o[1][2][6] |     4.529 | SLOW    |     2.358 | FAST    |
S_A_i[1][0][3] | S_C_o[1][2][7] |     4.594 | SLOW    |     2.395 | FAST    |
S_A_i[1][0][3] | S_C_o[1][3][3] |     4.270 | SLOW    |     2.213 | FAST    |
S_A_i[1][0][3] | S_C_o[1][3][4] |     4.265 | SLOW    |     2.205 | FAST    |
S_A_i[1][0][3] | S_C_o[1][3][5] |     4.507 | SLOW    |     2.344 | FAST    |
S_A_i[1][0][3] | S_C_o[1][3][6] |     4.529 | SLOW    |     2.358 | FAST    |
S_A_i[1][0][3] | S_C_o[1][3][7] |     4.594 | SLOW    |     2.395 | FAST    |
S_A_i[1][0][3] | S_C_o[1][4][3] |     4.270 | SLOW    |     2.213 | FAST    |
S_A_i[1][0][3] | S_C_o[1][4][4] |     4.265 | SLOW    |     2.205 | FAST    |
S_A_i[1][0][3] | S_C_o[1][4][5] |     4.507 | SLOW    |     2.344 | FAST    |
S_A_i[1][0][3] | S_C_o[1][4][6] |     4.529 | SLOW    |     2.358 | FAST    |
S_A_i[1][0][3] | S_C_o[1][4][7] |     4.594 | SLOW    |     2.395 | FAST    |
S_A_i[1][0][3] | S_C_o[1][5][3] |     4.270 | SLOW    |     2.213 | FAST    |
S_A_i[1][0][3] | S_C_o[1][5][4] |     4.265 | SLOW    |     2.205 | FAST    |
S_A_i[1][0][3] | S_C_o[1][5][5] |     4.507 | SLOW    |     2.344 | FAST    |
S_A_i[1][0][3] | S_C_o[1][5][6] |     4.529 | SLOW    |     2.358 | FAST    |
S_A_i[1][0][3] | S_C_o[1][5][7] |     4.594 | SLOW    |     2.395 | FAST    |
S_A_i[1][0][3] | S_C_o[1][6][3] |     4.270 | SLOW    |     2.213 | FAST    |
S_A_i[1][0][3] | S_C_o[1][6][4] |     4.265 | SLOW    |     2.205 | FAST    |
S_A_i[1][0][3] | S_C_o[1][6][5] |     4.507 | SLOW    |     2.344 | FAST    |
S_A_i[1][0][3] | S_C_o[1][6][6] |     4.529 | SLOW    |     2.358 | FAST    |
S_A_i[1][0][3] | S_C_o[1][6][7] |     4.594 | SLOW    |     2.395 | FAST    |
S_A_i[1][0][3] | S_C_o[1][7][3] |     4.270 | SLOW    |     2.213 | FAST    |
S_A_i[1][0][3] | S_C_o[1][7][4] |     4.265 | SLOW    |     2.205 | FAST    |
S_A_i[1][0][3] | S_C_o[1][7][5] |     4.507 | SLOW    |     2.344 | FAST    |
S_A_i[1][0][3] | S_C_o[1][7][6] |     4.529 | SLOW    |     2.358 | FAST    |
S_A_i[1][0][3] | S_C_o[1][7][7] |     4.594 | SLOW    |     2.395 | FAST    |
S_A_i[1][0][4] | S_C_o[1][0][4] |     4.261 | SLOW    |     2.209 | FAST    |
S_A_i[1][0][4] | S_C_o[1][0][5] |     4.484 | SLOW    |     2.326 | FAST    |
S_A_i[1][0][4] | S_C_o[1][0][6] |     4.506 | SLOW    |     2.340 | FAST    |
S_A_i[1][0][4] | S_C_o[1][0][7] |     4.571 | SLOW    |     2.377 | FAST    |
S_A_i[1][0][4] | S_C_o[1][1][4] |     4.261 | SLOW    |     2.209 | FAST    |
S_A_i[1][0][4] | S_C_o[1][1][5] |     4.484 | SLOW    |     2.326 | FAST    |
S_A_i[1][0][4] | S_C_o[1][1][6] |     4.506 | SLOW    |     2.340 | FAST    |
S_A_i[1][0][4] | S_C_o[1][1][7] |     4.571 | SLOW    |     2.377 | FAST    |
S_A_i[1][0][4] | S_C_o[1][2][4] |     4.261 | SLOW    |     2.209 | FAST    |
S_A_i[1][0][4] | S_C_o[1][2][5] |     4.484 | SLOW    |     2.326 | FAST    |
S_A_i[1][0][4] | S_C_o[1][2][6] |     4.506 | SLOW    |     2.340 | FAST    |
S_A_i[1][0][4] | S_C_o[1][2][7] |     4.571 | SLOW    |     2.377 | FAST    |
S_A_i[1][0][4] | S_C_o[1][3][4] |     4.261 | SLOW    |     2.209 | FAST    |
S_A_i[1][0][4] | S_C_o[1][3][5] |     4.484 | SLOW    |     2.326 | FAST    |
S_A_i[1][0][4] | S_C_o[1][3][6] |     4.506 | SLOW    |     2.340 | FAST    |
S_A_i[1][0][4] | S_C_o[1][3][7] |     4.571 | SLOW    |     2.377 | FAST    |
S_A_i[1][0][4] | S_C_o[1][4][4] |     4.261 | SLOW    |     2.209 | FAST    |
S_A_i[1][0][4] | S_C_o[1][4][5] |     4.484 | SLOW    |     2.326 | FAST    |
S_A_i[1][0][4] | S_C_o[1][4][6] |     4.506 | SLOW    |     2.340 | FAST    |
S_A_i[1][0][4] | S_C_o[1][4][7] |     4.571 | SLOW    |     2.377 | FAST    |
S_A_i[1][0][4] | S_C_o[1][5][4] |     4.261 | SLOW    |     2.209 | FAST    |
S_A_i[1][0][4] | S_C_o[1][5][5] |     4.484 | SLOW    |     2.326 | FAST    |
S_A_i[1][0][4] | S_C_o[1][5][6] |     4.506 | SLOW    |     2.340 | FAST    |
S_A_i[1][0][4] | S_C_o[1][5][7] |     4.571 | SLOW    |     2.377 | FAST    |
S_A_i[1][0][4] | S_C_o[1][6][4] |     4.261 | SLOW    |     2.209 | FAST    |
S_A_i[1][0][4] | S_C_o[1][6][5] |     4.484 | SLOW    |     2.326 | FAST    |
S_A_i[1][0][4] | S_C_o[1][6][6] |     4.506 | SLOW    |     2.340 | FAST    |
S_A_i[1][0][4] | S_C_o[1][6][7] |     4.571 | SLOW    |     2.377 | FAST    |
S_A_i[1][0][4] | S_C_o[1][7][4] |     4.261 | SLOW    |     2.209 | FAST    |
S_A_i[1][0][4] | S_C_o[1][7][5] |     4.484 | SLOW    |     2.326 | FAST    |
S_A_i[1][0][4] | S_C_o[1][7][6] |     4.506 | SLOW    |     2.340 | FAST    |
S_A_i[1][0][4] | S_C_o[1][7][7] |     4.571 | SLOW    |     2.377 | FAST    |
S_A_i[1][0][5] | S_C_o[1][0][5] |     4.270 | SLOW    |     2.213 | FAST    |
S_A_i[1][0][5] | S_C_o[1][0][6] |     4.287 | SLOW    |     2.219 | FAST    |
S_A_i[1][0][5] | S_C_o[1][0][7] |     4.297 | SLOW    |     2.222 | FAST    |
S_A_i[1][0][5] | S_C_o[1][1][5] |     4.270 | SLOW    |     2.213 | FAST    |
S_A_i[1][0][5] | S_C_o[1][1][6] |     4.287 | SLOW    |     2.219 | FAST    |
S_A_i[1][0][5] | S_C_o[1][1][7] |     4.297 | SLOW    |     2.222 | FAST    |
S_A_i[1][0][5] | S_C_o[1][2][5] |     4.270 | SLOW    |     2.213 | FAST    |
S_A_i[1][0][5] | S_C_o[1][2][6] |     4.287 | SLOW    |     2.219 | FAST    |
S_A_i[1][0][5] | S_C_o[1][2][7] |     4.297 | SLOW    |     2.222 | FAST    |
S_A_i[1][0][5] | S_C_o[1][3][5] |     4.270 | SLOW    |     2.213 | FAST    |
S_A_i[1][0][5] | S_C_o[1][3][6] |     4.287 | SLOW    |     2.219 | FAST    |
S_A_i[1][0][5] | S_C_o[1][3][7] |     4.297 | SLOW    |     2.222 | FAST    |
S_A_i[1][0][5] | S_C_o[1][4][5] |     4.270 | SLOW    |     2.213 | FAST    |
S_A_i[1][0][5] | S_C_o[1][4][6] |     4.287 | SLOW    |     2.219 | FAST    |
S_A_i[1][0][5] | S_C_o[1][4][7] |     4.297 | SLOW    |     2.222 | FAST    |
S_A_i[1][0][5] | S_C_o[1][5][5] |     4.270 | SLOW    |     2.213 | FAST    |
S_A_i[1][0][5] | S_C_o[1][5][6] |     4.287 | SLOW    |     2.219 | FAST    |
S_A_i[1][0][5] | S_C_o[1][5][7] |     4.297 | SLOW    |     2.222 | FAST    |
S_A_i[1][0][5] | S_C_o[1][6][5] |     4.270 | SLOW    |     2.213 | FAST    |
S_A_i[1][0][5] | S_C_o[1][6][6] |     4.287 | SLOW    |     2.219 | FAST    |
S_A_i[1][0][5] | S_C_o[1][6][7] |     4.297 | SLOW    |     2.222 | FAST    |
S_A_i[1][0][5] | S_C_o[1][7][5] |     4.270 | SLOW    |     2.213 | FAST    |
S_A_i[1][0][5] | S_C_o[1][7][6] |     4.287 | SLOW    |     2.219 | FAST    |
S_A_i[1][0][5] | S_C_o[1][7][7] |     4.297 | SLOW    |     2.222 | FAST    |
S_A_i[1][0][6] | S_C_o[1][0][6] |     4.292 | SLOW    |     2.229 | FAST    |
S_A_i[1][0][6] | S_C_o[1][0][7] |     4.256 | SLOW    |     2.201 | FAST    |
S_A_i[1][0][6] | S_C_o[1][1][6] |     4.292 | SLOW    |     2.229 | FAST    |
S_A_i[1][0][6] | S_C_o[1][1][7] |     4.256 | SLOW    |     2.201 | FAST    |
S_A_i[1][0][6] | S_C_o[1][2][6] |     4.292 | SLOW    |     2.229 | FAST    |
S_A_i[1][0][6] | S_C_o[1][2][7] |     4.256 | SLOW    |     2.201 | FAST    |
S_A_i[1][0][6] | S_C_o[1][3][6] |     4.292 | SLOW    |     2.229 | FAST    |
S_A_i[1][0][6] | S_C_o[1][3][7] |     4.256 | SLOW    |     2.201 | FAST    |
S_A_i[1][0][6] | S_C_o[1][4][6] |     4.292 | SLOW    |     2.229 | FAST    |
S_A_i[1][0][6] | S_C_o[1][4][7] |     4.256 | SLOW    |     2.201 | FAST    |
S_A_i[1][0][6] | S_C_o[1][5][6] |     4.292 | SLOW    |     2.229 | FAST    |
S_A_i[1][0][6] | S_C_o[1][5][7] |     4.256 | SLOW    |     2.201 | FAST    |
S_A_i[1][0][6] | S_C_o[1][6][6] |     4.292 | SLOW    |     2.229 | FAST    |
S_A_i[1][0][6] | S_C_o[1][6][7] |     4.256 | SLOW    |     2.201 | FAST    |
S_A_i[1][0][6] | S_C_o[1][7][6] |     4.292 | SLOW    |     2.229 | FAST    |
S_A_i[1][0][6] | S_C_o[1][7][7] |     4.256 | SLOW    |     2.201 | FAST    |
S_A_i[1][0][7] | S_C_o[1][0][7] |     4.444 | SLOW    |     2.314 | FAST    |
S_A_i[1][0][7] | S_C_o[1][1][7] |     4.444 | SLOW    |     2.314 | FAST    |
S_A_i[1][0][7] | S_C_o[1][2][7] |     4.444 | SLOW    |     2.314 | FAST    |
S_A_i[1][0][7] | S_C_o[1][3][7] |     4.444 | SLOW    |     2.314 | FAST    |
S_A_i[1][0][7] | S_C_o[1][4][7] |     4.444 | SLOW    |     2.314 | FAST    |
S_A_i[1][0][7] | S_C_o[1][5][7] |     4.444 | SLOW    |     2.314 | FAST    |
S_A_i[1][0][7] | S_C_o[1][6][7] |     4.444 | SLOW    |     2.314 | FAST    |
S_A_i[1][0][7] | S_C_o[1][7][7] |     4.444 | SLOW    |     2.314 | FAST    |
S_A_i[2][0][0] | S_C_o[2][0][0] |     4.277 | SLOW    |     2.217 | FAST    |
S_A_i[2][0][0] | S_C_o[2][0][1] |     4.294 | SLOW    |     2.223 | FAST    |
S_A_i[2][0][0] | S_C_o[2][0][2] |     4.304 | SLOW    |     2.226 | FAST    |
S_A_i[2][0][0] | S_C_o[2][0][3] |     4.478 | SLOW    |     2.320 | FAST    |
S_A_i[2][0][0] | S_C_o[2][0][4] |     4.478 | SLOW    |     2.320 | FAST    |
S_A_i[2][0][0] | S_C_o[2][0][5] |     4.706 | SLOW    |     2.445 | FAST    |
S_A_i[2][0][0] | S_C_o[2][0][6] |     4.728 | SLOW    |     2.459 | FAST    |
S_A_i[2][0][0] | S_C_o[2][0][7] |     4.793 | SLOW    |     2.496 | FAST    |
S_A_i[2][0][0] | S_C_o[2][1][0] |     4.277 | SLOW    |     2.217 | FAST    |
S_A_i[2][0][0] | S_C_o[2][1][1] |     4.294 | SLOW    |     2.223 | FAST    |
S_A_i[2][0][0] | S_C_o[2][1][2] |     4.304 | SLOW    |     2.226 | FAST    |
S_A_i[2][0][0] | S_C_o[2][1][3] |     4.478 | SLOW    |     2.320 | FAST    |
S_A_i[2][0][0] | S_C_o[2][1][4] |     4.478 | SLOW    |     2.320 | FAST    |
S_A_i[2][0][0] | S_C_o[2][1][5] |     4.706 | SLOW    |     2.445 | FAST    |
S_A_i[2][0][0] | S_C_o[2][1][6] |     4.728 | SLOW    |     2.459 | FAST    |
S_A_i[2][0][0] | S_C_o[2][1][7] |     4.793 | SLOW    |     2.496 | FAST    |
S_A_i[2][0][0] | S_C_o[2][2][0] |     4.277 | SLOW    |     2.217 | FAST    |
S_A_i[2][0][0] | S_C_o[2][2][1] |     4.294 | SLOW    |     2.223 | FAST    |
S_A_i[2][0][0] | S_C_o[2][2][2] |     4.304 | SLOW    |     2.226 | FAST    |
S_A_i[2][0][0] | S_C_o[2][2][3] |     4.478 | SLOW    |     2.320 | FAST    |
S_A_i[2][0][0] | S_C_o[2][2][4] |     4.478 | SLOW    |     2.320 | FAST    |
S_A_i[2][0][0] | S_C_o[2][2][5] |     4.706 | SLOW    |     2.445 | FAST    |
S_A_i[2][0][0] | S_C_o[2][2][6] |     4.728 | SLOW    |     2.459 | FAST    |
S_A_i[2][0][0] | S_C_o[2][2][7] |     4.793 | SLOW    |     2.496 | FAST    |
S_A_i[2][0][0] | S_C_o[2][3][0] |     4.277 | SLOW    |     2.217 | FAST    |
S_A_i[2][0][0] | S_C_o[2][3][1] |     4.294 | SLOW    |     2.223 | FAST    |
S_A_i[2][0][0] | S_C_o[2][3][2] |     4.304 | SLOW    |     2.226 | FAST    |
S_A_i[2][0][0] | S_C_o[2][3][3] |     4.478 | SLOW    |     2.320 | FAST    |
S_A_i[2][0][0] | S_C_o[2][3][4] |     4.478 | SLOW    |     2.320 | FAST    |
S_A_i[2][0][0] | S_C_o[2][3][5] |     4.706 | SLOW    |     2.445 | FAST    |
S_A_i[2][0][0] | S_C_o[2][3][6] |     4.728 | SLOW    |     2.459 | FAST    |
S_A_i[2][0][0] | S_C_o[2][3][7] |     4.793 | SLOW    |     2.496 | FAST    |
S_A_i[2][0][0] | S_C_o[2][4][0] |     4.277 | SLOW    |     2.217 | FAST    |
S_A_i[2][0][0] | S_C_o[2][4][1] |     4.294 | SLOW    |     2.223 | FAST    |
S_A_i[2][0][0] | S_C_o[2][4][2] |     4.304 | SLOW    |     2.226 | FAST    |
S_A_i[2][0][0] | S_C_o[2][4][3] |     4.478 | SLOW    |     2.320 | FAST    |
S_A_i[2][0][0] | S_C_o[2][4][4] |     4.478 | SLOW    |     2.320 | FAST    |
S_A_i[2][0][0] | S_C_o[2][4][5] |     4.706 | SLOW    |     2.445 | FAST    |
S_A_i[2][0][0] | S_C_o[2][4][6] |     4.728 | SLOW    |     2.459 | FAST    |
S_A_i[2][0][0] | S_C_o[2][4][7] |     4.793 | SLOW    |     2.496 | FAST    |
S_A_i[2][0][0] | S_C_o[2][5][0] |     4.277 | SLOW    |     2.217 | FAST    |
S_A_i[2][0][0] | S_C_o[2][5][1] |     4.294 | SLOW    |     2.223 | FAST    |
S_A_i[2][0][0] | S_C_o[2][5][2] |     4.304 | SLOW    |     2.226 | FAST    |
S_A_i[2][0][0] | S_C_o[2][5][3] |     4.478 | SLOW    |     2.320 | FAST    |
S_A_i[2][0][0] | S_C_o[2][5][4] |     4.478 | SLOW    |     2.320 | FAST    |
S_A_i[2][0][0] | S_C_o[2][5][5] |     4.706 | SLOW    |     2.445 | FAST    |
S_A_i[2][0][0] | S_C_o[2][5][6] |     4.728 | SLOW    |     2.459 | FAST    |
S_A_i[2][0][0] | S_C_o[2][5][7] |     4.793 | SLOW    |     2.496 | FAST    |
S_A_i[2][0][0] | S_C_o[2][6][0] |     4.277 | SLOW    |     2.217 | FAST    |
S_A_i[2][0][0] | S_C_o[2][6][1] |     4.294 | SLOW    |     2.223 | FAST    |
S_A_i[2][0][0] | S_C_o[2][6][2] |     4.304 | SLOW    |     2.226 | FAST    |
S_A_i[2][0][0] | S_C_o[2][6][3] |     4.478 | SLOW    |     2.320 | FAST    |
S_A_i[2][0][0] | S_C_o[2][6][4] |     4.478 | SLOW    |     2.320 | FAST    |
S_A_i[2][0][0] | S_C_o[2][6][5] |     4.706 | SLOW    |     2.445 | FAST    |
S_A_i[2][0][0] | S_C_o[2][6][6] |     4.728 | SLOW    |     2.459 | FAST    |
S_A_i[2][0][0] | S_C_o[2][6][7] |     4.793 | SLOW    |     2.496 | FAST    |
S_A_i[2][0][0] | S_C_o[2][7][0] |     4.277 | SLOW    |     2.217 | FAST    |
S_A_i[2][0][0] | S_C_o[2][7][1] |     4.294 | SLOW    |     2.223 | FAST    |
S_A_i[2][0][0] | S_C_o[2][7][2] |     4.304 | SLOW    |     2.226 | FAST    |
S_A_i[2][0][0] | S_C_o[2][7][3] |     4.478 | SLOW    |     2.320 | FAST    |
S_A_i[2][0][0] | S_C_o[2][7][4] |     4.478 | SLOW    |     2.320 | FAST    |
S_A_i[2][0][0] | S_C_o[2][7][5] |     4.706 | SLOW    |     2.445 | FAST    |
S_A_i[2][0][0] | S_C_o[2][7][6] |     4.728 | SLOW    |     2.459 | FAST    |
S_A_i[2][0][0] | S_C_o[2][7][7] |     4.793 | SLOW    |     2.496 | FAST    |
S_A_i[2][0][1] | S_C_o[2][0][1] |     4.301 | SLOW    |     2.233 | FAST    |
S_A_i[2][0][1] | S_C_o[2][0][2] |     4.297 | SLOW    |     2.222 | FAST    |
S_A_i[2][0][1] | S_C_o[2][0][3] |     4.476 | SLOW    |     2.324 | FAST    |
S_A_i[2][0][1] | S_C_o[2][0][4] |     4.476 | SLOW    |     2.324 | FAST    |
S_A_i[2][0][1] | S_C_o[2][0][5] |     4.704 | SLOW    |     2.449 | FAST    |
S_A_i[2][0][1] | S_C_o[2][0][6] |     4.726 | SLOW    |     2.463 | FAST    |
S_A_i[2][0][1] | S_C_o[2][0][7] |     4.791 | SLOW    |     2.500 | FAST    |
S_A_i[2][0][1] | S_C_o[2][1][1] |     4.301 | SLOW    |     2.233 | FAST    |
S_A_i[2][0][1] | S_C_o[2][1][2] |     4.297 | SLOW    |     2.222 | FAST    |
S_A_i[2][0][1] | S_C_o[2][1][3] |     4.476 | SLOW    |     2.324 | FAST    |
S_A_i[2][0][1] | S_C_o[2][1][4] |     4.476 | SLOW    |     2.324 | FAST    |
S_A_i[2][0][1] | S_C_o[2][1][5] |     4.704 | SLOW    |     2.449 | FAST    |
S_A_i[2][0][1] | S_C_o[2][1][6] |     4.726 | SLOW    |     2.463 | FAST    |
S_A_i[2][0][1] | S_C_o[2][1][7] |     4.791 | SLOW    |     2.500 | FAST    |
S_A_i[2][0][1] | S_C_o[2][2][1] |     4.301 | SLOW    |     2.233 | FAST    |
S_A_i[2][0][1] | S_C_o[2][2][2] |     4.297 | SLOW    |     2.222 | FAST    |
S_A_i[2][0][1] | S_C_o[2][2][3] |     4.476 | SLOW    |     2.324 | FAST    |
S_A_i[2][0][1] | S_C_o[2][2][4] |     4.476 | SLOW    |     2.324 | FAST    |
S_A_i[2][0][1] | S_C_o[2][2][5] |     4.704 | SLOW    |     2.449 | FAST    |
S_A_i[2][0][1] | S_C_o[2][2][6] |     4.726 | SLOW    |     2.463 | FAST    |
S_A_i[2][0][1] | S_C_o[2][2][7] |     4.791 | SLOW    |     2.500 | FAST    |
S_A_i[2][0][1] | S_C_o[2][3][1] |     4.301 | SLOW    |     2.233 | FAST    |
S_A_i[2][0][1] | S_C_o[2][3][2] |     4.297 | SLOW    |     2.222 | FAST    |
S_A_i[2][0][1] | S_C_o[2][3][3] |     4.476 | SLOW    |     2.324 | FAST    |
S_A_i[2][0][1] | S_C_o[2][3][4] |     4.476 | SLOW    |     2.324 | FAST    |
S_A_i[2][0][1] | S_C_o[2][3][5] |     4.704 | SLOW    |     2.449 | FAST    |
S_A_i[2][0][1] | S_C_o[2][3][6] |     4.726 | SLOW    |     2.463 | FAST    |
S_A_i[2][0][1] | S_C_o[2][3][7] |     4.791 | SLOW    |     2.500 | FAST    |
S_A_i[2][0][1] | S_C_o[2][4][1] |     4.301 | SLOW    |     2.233 | FAST    |
S_A_i[2][0][1] | S_C_o[2][4][2] |     4.297 | SLOW    |     2.222 | FAST    |
S_A_i[2][0][1] | S_C_o[2][4][3] |     4.476 | SLOW    |     2.324 | FAST    |
S_A_i[2][0][1] | S_C_o[2][4][4] |     4.476 | SLOW    |     2.324 | FAST    |
S_A_i[2][0][1] | S_C_o[2][4][5] |     4.704 | SLOW    |     2.449 | FAST    |
S_A_i[2][0][1] | S_C_o[2][4][6] |     4.726 | SLOW    |     2.463 | FAST    |
S_A_i[2][0][1] | S_C_o[2][4][7] |     4.791 | SLOW    |     2.500 | FAST    |
S_A_i[2][0][1] | S_C_o[2][5][1] |     4.301 | SLOW    |     2.233 | FAST    |
S_A_i[2][0][1] | S_C_o[2][5][2] |     4.297 | SLOW    |     2.222 | FAST    |
S_A_i[2][0][1] | S_C_o[2][5][3] |     4.476 | SLOW    |     2.324 | FAST    |
S_A_i[2][0][1] | S_C_o[2][5][4] |     4.476 | SLOW    |     2.324 | FAST    |
S_A_i[2][0][1] | S_C_o[2][5][5] |     4.704 | SLOW    |     2.449 | FAST    |
S_A_i[2][0][1] | S_C_o[2][5][6] |     4.726 | SLOW    |     2.463 | FAST    |
S_A_i[2][0][1] | S_C_o[2][5][7] |     4.791 | SLOW    |     2.500 | FAST    |
S_A_i[2][0][1] | S_C_o[2][6][1] |     4.301 | SLOW    |     2.233 | FAST    |
S_A_i[2][0][1] | S_C_o[2][6][2] |     4.297 | SLOW    |     2.222 | FAST    |
S_A_i[2][0][1] | S_C_o[2][6][3] |     4.476 | SLOW    |     2.324 | FAST    |
S_A_i[2][0][1] | S_C_o[2][6][4] |     4.476 | SLOW    |     2.324 | FAST    |
S_A_i[2][0][1] | S_C_o[2][6][5] |     4.704 | SLOW    |     2.449 | FAST    |
S_A_i[2][0][1] | S_C_o[2][6][6] |     4.726 | SLOW    |     2.463 | FAST    |
S_A_i[2][0][1] | S_C_o[2][6][7] |     4.791 | SLOW    |     2.500 | FAST    |
S_A_i[2][0][1] | S_C_o[2][7][1] |     4.301 | SLOW    |     2.233 | FAST    |
S_A_i[2][0][1] | S_C_o[2][7][2] |     4.297 | SLOW    |     2.222 | FAST    |
S_A_i[2][0][1] | S_C_o[2][7][3] |     4.476 | SLOW    |     2.324 | FAST    |
S_A_i[2][0][1] | S_C_o[2][7][4] |     4.476 | SLOW    |     2.324 | FAST    |
S_A_i[2][0][1] | S_C_o[2][7][5] |     4.704 | SLOW    |     2.449 | FAST    |
S_A_i[2][0][1] | S_C_o[2][7][6] |     4.726 | SLOW    |     2.463 | FAST    |
S_A_i[2][0][1] | S_C_o[2][7][7] |     4.791 | SLOW    |     2.500 | FAST    |
S_A_i[2][0][2] | S_C_o[2][0][2] |     4.261 | SLOW    |     2.209 | FAST    |
S_A_i[2][0][2] | S_C_o[2][0][3] |     4.494 | SLOW    |     2.329 | FAST    |
S_A_i[2][0][2] | S_C_o[2][0][4] |     4.494 | SLOW    |     2.329 | FAST    |
S_A_i[2][0][2] | S_C_o[2][0][5] |     4.722 | SLOW    |     2.454 | FAST    |
S_A_i[2][0][2] | S_C_o[2][0][6] |     4.744 | SLOW    |     2.468 | FAST    |
S_A_i[2][0][2] | S_C_o[2][0][7] |     4.809 | SLOW    |     2.505 | FAST    |
S_A_i[2][0][2] | S_C_o[2][1][2] |     4.261 | SLOW    |     2.209 | FAST    |
S_A_i[2][0][2] | S_C_o[2][1][3] |     4.494 | SLOW    |     2.329 | FAST    |
S_A_i[2][0][2] | S_C_o[2][1][4] |     4.494 | SLOW    |     2.329 | FAST    |
S_A_i[2][0][2] | S_C_o[2][1][5] |     4.722 | SLOW    |     2.454 | FAST    |
S_A_i[2][0][2] | S_C_o[2][1][6] |     4.744 | SLOW    |     2.468 | FAST    |
S_A_i[2][0][2] | S_C_o[2][1][7] |     4.809 | SLOW    |     2.505 | FAST    |
S_A_i[2][0][2] | S_C_o[2][2][2] |     4.261 | SLOW    |     2.209 | FAST    |
S_A_i[2][0][2] | S_C_o[2][2][3] |     4.494 | SLOW    |     2.329 | FAST    |
S_A_i[2][0][2] | S_C_o[2][2][4] |     4.494 | SLOW    |     2.329 | FAST    |
S_A_i[2][0][2] | S_C_o[2][2][5] |     4.722 | SLOW    |     2.454 | FAST    |
S_A_i[2][0][2] | S_C_o[2][2][6] |     4.744 | SLOW    |     2.468 | FAST    |
S_A_i[2][0][2] | S_C_o[2][2][7] |     4.809 | SLOW    |     2.505 | FAST    |
S_A_i[2][0][2] | S_C_o[2][3][2] |     4.261 | SLOW    |     2.209 | FAST    |
S_A_i[2][0][2] | S_C_o[2][3][3] |     4.494 | SLOW    |     2.329 | FAST    |
S_A_i[2][0][2] | S_C_o[2][3][4] |     4.494 | SLOW    |     2.329 | FAST    |
S_A_i[2][0][2] | S_C_o[2][3][5] |     4.722 | SLOW    |     2.454 | FAST    |
S_A_i[2][0][2] | S_C_o[2][3][6] |     4.744 | SLOW    |     2.468 | FAST    |
S_A_i[2][0][2] | S_C_o[2][3][7] |     4.809 | SLOW    |     2.505 | FAST    |
S_A_i[2][0][2] | S_C_o[2][4][2] |     4.261 | SLOW    |     2.209 | FAST    |
S_A_i[2][0][2] | S_C_o[2][4][3] |     4.494 | SLOW    |     2.329 | FAST    |
S_A_i[2][0][2] | S_C_o[2][4][4] |     4.494 | SLOW    |     2.329 | FAST    |
S_A_i[2][0][2] | S_C_o[2][4][5] |     4.722 | SLOW    |     2.454 | FAST    |
S_A_i[2][0][2] | S_C_o[2][4][6] |     4.744 | SLOW    |     2.468 | FAST    |
S_A_i[2][0][2] | S_C_o[2][4][7] |     4.809 | SLOW    |     2.505 | FAST    |
S_A_i[2][0][2] | S_C_o[2][5][2] |     4.261 | SLOW    |     2.209 | FAST    |
S_A_i[2][0][2] | S_C_o[2][5][3] |     4.494 | SLOW    |     2.329 | FAST    |
S_A_i[2][0][2] | S_C_o[2][5][4] |     4.494 | SLOW    |     2.329 | FAST    |
S_A_i[2][0][2] | S_C_o[2][5][5] |     4.722 | SLOW    |     2.454 | FAST    |
S_A_i[2][0][2] | S_C_o[2][5][6] |     4.744 | SLOW    |     2.468 | FAST    |
S_A_i[2][0][2] | S_C_o[2][5][7] |     4.809 | SLOW    |     2.505 | FAST    |
S_A_i[2][0][2] | S_C_o[2][6][2] |     4.261 | SLOW    |     2.209 | FAST    |
S_A_i[2][0][2] | S_C_o[2][6][3] |     4.494 | SLOW    |     2.329 | FAST    |
S_A_i[2][0][2] | S_C_o[2][6][4] |     4.494 | SLOW    |     2.329 | FAST    |
S_A_i[2][0][2] | S_C_o[2][6][5] |     4.722 | SLOW    |     2.454 | FAST    |
S_A_i[2][0][2] | S_C_o[2][6][6] |     4.744 | SLOW    |     2.468 | FAST    |
S_A_i[2][0][2] | S_C_o[2][6][7] |     4.809 | SLOW    |     2.505 | FAST    |
S_A_i[2][0][2] | S_C_o[2][7][2] |     4.261 | SLOW    |     2.209 | FAST    |
S_A_i[2][0][2] | S_C_o[2][7][3] |     4.494 | SLOW    |     2.329 | FAST    |
S_A_i[2][0][2] | S_C_o[2][7][4] |     4.494 | SLOW    |     2.329 | FAST    |
S_A_i[2][0][2] | S_C_o[2][7][5] |     4.722 | SLOW    |     2.454 | FAST    |
S_A_i[2][0][2] | S_C_o[2][7][6] |     4.744 | SLOW    |     2.468 | FAST    |
S_A_i[2][0][2] | S_C_o[2][7][7] |     4.809 | SLOW    |     2.505 | FAST    |
S_A_i[2][0][3] | S_C_o[2][0][3] |     4.270 | SLOW    |     2.213 | FAST    |
S_A_i[2][0][3] | S_C_o[2][0][4] |     4.265 | SLOW    |     2.205 | FAST    |
S_A_i[2][0][3] | S_C_o[2][0][5] |     4.507 | SLOW    |     2.344 | FAST    |
S_A_i[2][0][3] | S_C_o[2][0][6] |     4.529 | SLOW    |     2.358 | FAST    |
S_A_i[2][0][3] | S_C_o[2][0][7] |     4.594 | SLOW    |     2.395 | FAST    |
S_A_i[2][0][3] | S_C_o[2][1][3] |     4.270 | SLOW    |     2.213 | FAST    |
S_A_i[2][0][3] | S_C_o[2][1][4] |     4.265 | SLOW    |     2.205 | FAST    |
S_A_i[2][0][3] | S_C_o[2][1][5] |     4.507 | SLOW    |     2.344 | FAST    |
S_A_i[2][0][3] | S_C_o[2][1][6] |     4.529 | SLOW    |     2.358 | FAST    |
S_A_i[2][0][3] | S_C_o[2][1][7] |     4.594 | SLOW    |     2.395 | FAST    |
S_A_i[2][0][3] | S_C_o[2][2][3] |     4.270 | SLOW    |     2.213 | FAST    |
S_A_i[2][0][3] | S_C_o[2][2][4] |     4.265 | SLOW    |     2.205 | FAST    |
S_A_i[2][0][3] | S_C_o[2][2][5] |     4.507 | SLOW    |     2.344 | FAST    |
S_A_i[2][0][3] | S_C_o[2][2][6] |     4.529 | SLOW    |     2.358 | FAST    |
S_A_i[2][0][3] | S_C_o[2][2][7] |     4.594 | SLOW    |     2.395 | FAST    |
S_A_i[2][0][3] | S_C_o[2][3][3] |     4.270 | SLOW    |     2.213 | FAST    |
S_A_i[2][0][3] | S_C_o[2][3][4] |     4.265 | SLOW    |     2.205 | FAST    |
S_A_i[2][0][3] | S_C_o[2][3][5] |     4.507 | SLOW    |     2.344 | FAST    |
S_A_i[2][0][3] | S_C_o[2][3][6] |     4.529 | SLOW    |     2.358 | FAST    |
S_A_i[2][0][3] | S_C_o[2][3][7] |     4.594 | SLOW    |     2.395 | FAST    |
S_A_i[2][0][3] | S_C_o[2][4][3] |     4.270 | SLOW    |     2.213 | FAST    |
S_A_i[2][0][3] | S_C_o[2][4][4] |     4.265 | SLOW    |     2.205 | FAST    |
S_A_i[2][0][3] | S_C_o[2][4][5] |     4.507 | SLOW    |     2.344 | FAST    |
S_A_i[2][0][3] | S_C_o[2][4][6] |     4.529 | SLOW    |     2.358 | FAST    |
S_A_i[2][0][3] | S_C_o[2][4][7] |     4.594 | SLOW    |     2.395 | FAST    |
S_A_i[2][0][3] | S_C_o[2][5][3] |     4.270 | SLOW    |     2.213 | FAST    |
S_A_i[2][0][3] | S_C_o[2][5][4] |     4.265 | SLOW    |     2.205 | FAST    |
S_A_i[2][0][3] | S_C_o[2][5][5] |     4.507 | SLOW    |     2.344 | FAST    |
S_A_i[2][0][3] | S_C_o[2][5][6] |     4.529 | SLOW    |     2.358 | FAST    |
S_A_i[2][0][3] | S_C_o[2][5][7] |     4.594 | SLOW    |     2.395 | FAST    |
S_A_i[2][0][3] | S_C_o[2][6][3] |     4.270 | SLOW    |     2.213 | FAST    |
S_A_i[2][0][3] | S_C_o[2][6][4] |     4.265 | SLOW    |     2.205 | FAST    |
S_A_i[2][0][3] | S_C_o[2][6][5] |     4.507 | SLOW    |     2.344 | FAST    |
S_A_i[2][0][3] | S_C_o[2][6][6] |     4.529 | SLOW    |     2.358 | FAST    |
S_A_i[2][0][3] | S_C_o[2][6][7] |     4.594 | SLOW    |     2.395 | FAST    |
S_A_i[2][0][3] | S_C_o[2][7][3] |     4.270 | SLOW    |     2.213 | FAST    |
S_A_i[2][0][3] | S_C_o[2][7][4] |     4.265 | SLOW    |     2.205 | FAST    |
S_A_i[2][0][3] | S_C_o[2][7][5] |     4.507 | SLOW    |     2.344 | FAST    |
S_A_i[2][0][3] | S_C_o[2][7][6] |     4.529 | SLOW    |     2.358 | FAST    |
S_A_i[2][0][3] | S_C_o[2][7][7] |     4.594 | SLOW    |     2.395 | FAST    |
S_A_i[2][0][4] | S_C_o[2][0][4] |     4.261 | SLOW    |     2.209 | FAST    |
S_A_i[2][0][4] | S_C_o[2][0][5] |     4.484 | SLOW    |     2.326 | FAST    |
S_A_i[2][0][4] | S_C_o[2][0][6] |     4.506 | SLOW    |     2.340 | FAST    |
S_A_i[2][0][4] | S_C_o[2][0][7] |     4.571 | SLOW    |     2.377 | FAST    |
S_A_i[2][0][4] | S_C_o[2][1][4] |     4.261 | SLOW    |     2.209 | FAST    |
S_A_i[2][0][4] | S_C_o[2][1][5] |     4.484 | SLOW    |     2.326 | FAST    |
S_A_i[2][0][4] | S_C_o[2][1][6] |     4.506 | SLOW    |     2.340 | FAST    |
S_A_i[2][0][4] | S_C_o[2][1][7] |     4.571 | SLOW    |     2.377 | FAST    |
S_A_i[2][0][4] | S_C_o[2][2][4] |     4.261 | SLOW    |     2.209 | FAST    |
S_A_i[2][0][4] | S_C_o[2][2][5] |     4.484 | SLOW    |     2.326 | FAST    |
S_A_i[2][0][4] | S_C_o[2][2][6] |     4.506 | SLOW    |     2.340 | FAST    |
S_A_i[2][0][4] | S_C_o[2][2][7] |     4.571 | SLOW    |     2.377 | FAST    |
S_A_i[2][0][4] | S_C_o[2][3][4] |     4.261 | SLOW    |     2.209 | FAST    |
S_A_i[2][0][4] | S_C_o[2][3][5] |     4.484 | SLOW    |     2.326 | FAST    |
S_A_i[2][0][4] | S_C_o[2][3][6] |     4.506 | SLOW    |     2.340 | FAST    |
S_A_i[2][0][4] | S_C_o[2][3][7] |     4.571 | SLOW    |     2.377 | FAST    |
S_A_i[2][0][4] | S_C_o[2][4][4] |     4.261 | SLOW    |     2.209 | FAST    |
S_A_i[2][0][4] | S_C_o[2][4][5] |     4.484 | SLOW    |     2.326 | FAST    |
S_A_i[2][0][4] | S_C_o[2][4][6] |     4.506 | SLOW    |     2.340 | FAST    |
S_A_i[2][0][4] | S_C_o[2][4][7] |     4.571 | SLOW    |     2.377 | FAST    |
S_A_i[2][0][4] | S_C_o[2][5][4] |     4.261 | SLOW    |     2.209 | FAST    |
S_A_i[2][0][4] | S_C_o[2][5][5] |     4.484 | SLOW    |     2.326 | FAST    |
S_A_i[2][0][4] | S_C_o[2][5][6] |     4.506 | SLOW    |     2.340 | FAST    |
S_A_i[2][0][4] | S_C_o[2][5][7] |     4.571 | SLOW    |     2.377 | FAST    |
S_A_i[2][0][4] | S_C_o[2][6][4] |     4.261 | SLOW    |     2.209 | FAST    |
S_A_i[2][0][4] | S_C_o[2][6][5] |     4.484 | SLOW    |     2.326 | FAST    |
S_A_i[2][0][4] | S_C_o[2][6][6] |     4.506 | SLOW    |     2.340 | FAST    |
S_A_i[2][0][4] | S_C_o[2][6][7] |     4.571 | SLOW    |     2.377 | FAST    |
S_A_i[2][0][4] | S_C_o[2][7][4] |     4.261 | SLOW    |     2.209 | FAST    |
S_A_i[2][0][4] | S_C_o[2][7][5] |     4.484 | SLOW    |     2.326 | FAST    |
S_A_i[2][0][4] | S_C_o[2][7][6] |     4.506 | SLOW    |     2.340 | FAST    |
S_A_i[2][0][4] | S_C_o[2][7][7] |     4.571 | SLOW    |     2.377 | FAST    |
S_A_i[2][0][5] | S_C_o[2][0][5] |     4.270 | SLOW    |     2.213 | FAST    |
S_A_i[2][0][5] | S_C_o[2][0][6] |     4.287 | SLOW    |     2.219 | FAST    |
S_A_i[2][0][5] | S_C_o[2][0][7] |     4.297 | SLOW    |     2.222 | FAST    |
S_A_i[2][0][5] | S_C_o[2][1][5] |     4.270 | SLOW    |     2.213 | FAST    |
S_A_i[2][0][5] | S_C_o[2][1][6] |     4.287 | SLOW    |     2.219 | FAST    |
S_A_i[2][0][5] | S_C_o[2][1][7] |     4.297 | SLOW    |     2.222 | FAST    |
S_A_i[2][0][5] | S_C_o[2][2][5] |     4.270 | SLOW    |     2.213 | FAST    |
S_A_i[2][0][5] | S_C_o[2][2][6] |     4.287 | SLOW    |     2.219 | FAST    |
S_A_i[2][0][5] | S_C_o[2][2][7] |     4.297 | SLOW    |     2.222 | FAST    |
S_A_i[2][0][5] | S_C_o[2][3][5] |     4.270 | SLOW    |     2.213 | FAST    |
S_A_i[2][0][5] | S_C_o[2][3][6] |     4.287 | SLOW    |     2.219 | FAST    |
S_A_i[2][0][5] | S_C_o[2][3][7] |     4.297 | SLOW    |     2.222 | FAST    |
S_A_i[2][0][5] | S_C_o[2][4][5] |     4.270 | SLOW    |     2.213 | FAST    |
S_A_i[2][0][5] | S_C_o[2][4][6] |     4.287 | SLOW    |     2.219 | FAST    |
S_A_i[2][0][5] | S_C_o[2][4][7] |     4.297 | SLOW    |     2.222 | FAST    |
S_A_i[2][0][5] | S_C_o[2][5][5] |     4.270 | SLOW    |     2.213 | FAST    |
S_A_i[2][0][5] | S_C_o[2][5][6] |     4.287 | SLOW    |     2.219 | FAST    |
S_A_i[2][0][5] | S_C_o[2][5][7] |     4.297 | SLOW    |     2.222 | FAST    |
S_A_i[2][0][5] | S_C_o[2][6][5] |     4.270 | SLOW    |     2.213 | FAST    |
S_A_i[2][0][5] | S_C_o[2][6][6] |     4.287 | SLOW    |     2.219 | FAST    |
S_A_i[2][0][5] | S_C_o[2][6][7] |     4.297 | SLOW    |     2.222 | FAST    |
S_A_i[2][0][5] | S_C_o[2][7][5] |     4.270 | SLOW    |     2.213 | FAST    |
S_A_i[2][0][5] | S_C_o[2][7][6] |     4.287 | SLOW    |     2.219 | FAST    |
S_A_i[2][0][5] | S_C_o[2][7][7] |     4.297 | SLOW    |     2.222 | FAST    |
S_A_i[2][0][6] | S_C_o[2][0][6] |     4.292 | SLOW    |     2.229 | FAST    |
S_A_i[2][0][6] | S_C_o[2][0][7] |     4.256 | SLOW    |     2.201 | FAST    |
S_A_i[2][0][6] | S_C_o[2][1][6] |     4.292 | SLOW    |     2.229 | FAST    |
S_A_i[2][0][6] | S_C_o[2][1][7] |     4.256 | SLOW    |     2.201 | FAST    |
S_A_i[2][0][6] | S_C_o[2][2][6] |     4.292 | SLOW    |     2.229 | FAST    |
S_A_i[2][0][6] | S_C_o[2][2][7] |     4.256 | SLOW    |     2.201 | FAST    |
S_A_i[2][0][6] | S_C_o[2][3][6] |     4.292 | SLOW    |     2.229 | FAST    |
S_A_i[2][0][6] | S_C_o[2][3][7] |     4.256 | SLOW    |     2.201 | FAST    |
S_A_i[2][0][6] | S_C_o[2][4][6] |     4.292 | SLOW    |     2.229 | FAST    |
S_A_i[2][0][6] | S_C_o[2][4][7] |     4.256 | SLOW    |     2.201 | FAST    |
S_A_i[2][0][6] | S_C_o[2][5][6] |     4.292 | SLOW    |     2.229 | FAST    |
S_A_i[2][0][6] | S_C_o[2][5][7] |     4.256 | SLOW    |     2.201 | FAST    |
S_A_i[2][0][6] | S_C_o[2][6][6] |     4.292 | SLOW    |     2.229 | FAST    |
S_A_i[2][0][6] | S_C_o[2][6][7] |     4.256 | SLOW    |     2.201 | FAST    |
S_A_i[2][0][6] | S_C_o[2][7][6] |     4.292 | SLOW    |     2.229 | FAST    |
S_A_i[2][0][6] | S_C_o[2][7][7] |     4.256 | SLOW    |     2.201 | FAST    |
S_A_i[2][0][7] | S_C_o[2][0][7] |     4.444 | SLOW    |     2.314 | FAST    |
S_A_i[2][0][7] | S_C_o[2][1][7] |     4.444 | SLOW    |     2.314 | FAST    |
S_A_i[2][0][7] | S_C_o[2][2][7] |     4.444 | SLOW    |     2.314 | FAST    |
S_A_i[2][0][7] | S_C_o[2][3][7] |     4.444 | SLOW    |     2.314 | FAST    |
S_A_i[2][0][7] | S_C_o[2][4][7] |     4.444 | SLOW    |     2.314 | FAST    |
S_A_i[2][0][7] | S_C_o[2][5][7] |     4.444 | SLOW    |     2.314 | FAST    |
S_A_i[2][0][7] | S_C_o[2][6][7] |     4.444 | SLOW    |     2.314 | FAST    |
S_A_i[2][0][7] | S_C_o[2][7][7] |     4.444 | SLOW    |     2.314 | FAST    |
S_A_i[3][0][0] | S_C_o[3][0][0] |     4.277 | SLOW    |     2.217 | FAST    |
S_A_i[3][0][0] | S_C_o[3][0][1] |     4.294 | SLOW    |     2.223 | FAST    |
S_A_i[3][0][0] | S_C_o[3][0][2] |     4.304 | SLOW    |     2.226 | FAST    |
S_A_i[3][0][0] | S_C_o[3][0][3] |     4.478 | SLOW    |     2.320 | FAST    |
S_A_i[3][0][0] | S_C_o[3][0][4] |     4.478 | SLOW    |     2.320 | FAST    |
S_A_i[3][0][0] | S_C_o[3][0][5] |     4.706 | SLOW    |     2.445 | FAST    |
S_A_i[3][0][0] | S_C_o[3][0][6] |     4.728 | SLOW    |     2.459 | FAST    |
S_A_i[3][0][0] | S_C_o[3][0][7] |     4.793 | SLOW    |     2.496 | FAST    |
S_A_i[3][0][0] | S_C_o[3][1][0] |     4.277 | SLOW    |     2.217 | FAST    |
S_A_i[3][0][0] | S_C_o[3][1][1] |     4.294 | SLOW    |     2.223 | FAST    |
S_A_i[3][0][0] | S_C_o[3][1][2] |     4.304 | SLOW    |     2.226 | FAST    |
S_A_i[3][0][0] | S_C_o[3][1][3] |     4.478 | SLOW    |     2.320 | FAST    |
S_A_i[3][0][0] | S_C_o[3][1][4] |     4.478 | SLOW    |     2.320 | FAST    |
S_A_i[3][0][0] | S_C_o[3][1][5] |     4.706 | SLOW    |     2.445 | FAST    |
S_A_i[3][0][0] | S_C_o[3][1][6] |     4.728 | SLOW    |     2.459 | FAST    |
S_A_i[3][0][0] | S_C_o[3][1][7] |     4.793 | SLOW    |     2.496 | FAST    |
S_A_i[3][0][0] | S_C_o[3][2][0] |     4.277 | SLOW    |     2.217 | FAST    |
S_A_i[3][0][0] | S_C_o[3][2][1] |     4.294 | SLOW    |     2.223 | FAST    |
S_A_i[3][0][0] | S_C_o[3][2][2] |     4.304 | SLOW    |     2.226 | FAST    |
S_A_i[3][0][0] | S_C_o[3][2][3] |     4.478 | SLOW    |     2.320 | FAST    |
S_A_i[3][0][0] | S_C_o[3][2][4] |     4.478 | SLOW    |     2.320 | FAST    |
S_A_i[3][0][0] | S_C_o[3][2][5] |     4.706 | SLOW    |     2.445 | FAST    |
S_A_i[3][0][0] | S_C_o[3][2][6] |     4.728 | SLOW    |     2.459 | FAST    |
S_A_i[3][0][0] | S_C_o[3][2][7] |     4.793 | SLOW    |     2.496 | FAST    |
S_A_i[3][0][0] | S_C_o[3][3][0] |     4.277 | SLOW    |     2.217 | FAST    |
S_A_i[3][0][0] | S_C_o[3][3][1] |     4.294 | SLOW    |     2.223 | FAST    |
S_A_i[3][0][0] | S_C_o[3][3][2] |     4.304 | SLOW    |     2.226 | FAST    |
S_A_i[3][0][0] | S_C_o[3][3][3] |     4.478 | SLOW    |     2.320 | FAST    |
S_A_i[3][0][0] | S_C_o[3][3][4] |     4.478 | SLOW    |     2.320 | FAST    |
S_A_i[3][0][0] | S_C_o[3][3][5] |     4.706 | SLOW    |     2.445 | FAST    |
S_A_i[3][0][0] | S_C_o[3][3][6] |     4.728 | SLOW    |     2.459 | FAST    |
S_A_i[3][0][0] | S_C_o[3][3][7] |     4.793 | SLOW    |     2.496 | FAST    |
S_A_i[3][0][0] | S_C_o[3][4][0] |     4.277 | SLOW    |     2.217 | FAST    |
S_A_i[3][0][0] | S_C_o[3][4][1] |     4.294 | SLOW    |     2.223 | FAST    |
S_A_i[3][0][0] | S_C_o[3][4][2] |     4.304 | SLOW    |     2.226 | FAST    |
S_A_i[3][0][0] | S_C_o[3][4][3] |     4.478 | SLOW    |     2.320 | FAST    |
S_A_i[3][0][0] | S_C_o[3][4][4] |     4.478 | SLOW    |     2.320 | FAST    |
S_A_i[3][0][0] | S_C_o[3][4][5] |     4.706 | SLOW    |     2.445 | FAST    |
S_A_i[3][0][0] | S_C_o[3][4][6] |     4.728 | SLOW    |     2.459 | FAST    |
S_A_i[3][0][0] | S_C_o[3][4][7] |     4.793 | SLOW    |     2.496 | FAST    |
S_A_i[3][0][0] | S_C_o[3][5][0] |     4.277 | SLOW    |     2.217 | FAST    |
S_A_i[3][0][0] | S_C_o[3][5][1] |     4.294 | SLOW    |     2.223 | FAST    |
S_A_i[3][0][0] | S_C_o[3][5][2] |     4.304 | SLOW    |     2.226 | FAST    |
S_A_i[3][0][0] | S_C_o[3][5][3] |     4.478 | SLOW    |     2.320 | FAST    |
S_A_i[3][0][0] | S_C_o[3][5][4] |     4.478 | SLOW    |     2.320 | FAST    |
S_A_i[3][0][0] | S_C_o[3][5][5] |     4.706 | SLOW    |     2.445 | FAST    |
S_A_i[3][0][0] | S_C_o[3][5][6] |     4.728 | SLOW    |     2.459 | FAST    |
S_A_i[3][0][0] | S_C_o[3][5][7] |     4.793 | SLOW    |     2.496 | FAST    |
S_A_i[3][0][0] | S_C_o[3][6][0] |     4.277 | SLOW    |     2.217 | FAST    |
S_A_i[3][0][0] | S_C_o[3][6][1] |     4.294 | SLOW    |     2.223 | FAST    |
S_A_i[3][0][0] | S_C_o[3][6][2] |     4.304 | SLOW    |     2.226 | FAST    |
S_A_i[3][0][0] | S_C_o[3][6][3] |     4.478 | SLOW    |     2.320 | FAST    |
S_A_i[3][0][0] | S_C_o[3][6][4] |     4.478 | SLOW    |     2.320 | FAST    |
S_A_i[3][0][0] | S_C_o[3][6][5] |     4.706 | SLOW    |     2.445 | FAST    |
S_A_i[3][0][0] | S_C_o[3][6][6] |     4.728 | SLOW    |     2.459 | FAST    |
S_A_i[3][0][0] | S_C_o[3][6][7] |     4.793 | SLOW    |     2.496 | FAST    |
S_A_i[3][0][0] | S_C_o[3][7][0] |     4.277 | SLOW    |     2.217 | FAST    |
S_A_i[3][0][0] | S_C_o[3][7][1] |     4.294 | SLOW    |     2.223 | FAST    |
S_A_i[3][0][0] | S_C_o[3][7][2] |     4.304 | SLOW    |     2.226 | FAST    |
S_A_i[3][0][0] | S_C_o[3][7][3] |     4.478 | SLOW    |     2.320 | FAST    |
S_A_i[3][0][0] | S_C_o[3][7][4] |     4.478 | SLOW    |     2.320 | FAST    |
S_A_i[3][0][0] | S_C_o[3][7][5] |     4.706 | SLOW    |     2.445 | FAST    |
S_A_i[3][0][0] | S_C_o[3][7][6] |     4.728 | SLOW    |     2.459 | FAST    |
S_A_i[3][0][0] | S_C_o[3][7][7] |     4.793 | SLOW    |     2.496 | FAST    |
S_A_i[3][0][1] | S_C_o[3][0][1] |     4.301 | SLOW    |     2.233 | FAST    |
S_A_i[3][0][1] | S_C_o[3][0][2] |     4.297 | SLOW    |     2.222 | FAST    |
S_A_i[3][0][1] | S_C_o[3][0][3] |     4.476 | SLOW    |     2.324 | FAST    |
S_A_i[3][0][1] | S_C_o[3][0][4] |     4.476 | SLOW    |     2.324 | FAST    |
S_A_i[3][0][1] | S_C_o[3][0][5] |     4.704 | SLOW    |     2.449 | FAST    |
S_A_i[3][0][1] | S_C_o[3][0][6] |     4.726 | SLOW    |     2.463 | FAST    |
S_A_i[3][0][1] | S_C_o[3][0][7] |     4.791 | SLOW    |     2.500 | FAST    |
S_A_i[3][0][1] | S_C_o[3][1][1] |     4.301 | SLOW    |     2.233 | FAST    |
S_A_i[3][0][1] | S_C_o[3][1][2] |     4.297 | SLOW    |     2.222 | FAST    |
S_A_i[3][0][1] | S_C_o[3][1][3] |     4.476 | SLOW    |     2.324 | FAST    |
S_A_i[3][0][1] | S_C_o[3][1][4] |     4.476 | SLOW    |     2.324 | FAST    |
S_A_i[3][0][1] | S_C_o[3][1][5] |     4.704 | SLOW    |     2.449 | FAST    |
S_A_i[3][0][1] | S_C_o[3][1][6] |     4.726 | SLOW    |     2.463 | FAST    |
S_A_i[3][0][1] | S_C_o[3][1][7] |     4.791 | SLOW    |     2.500 | FAST    |
S_A_i[3][0][1] | S_C_o[3][2][1] |     4.301 | SLOW    |     2.233 | FAST    |
S_A_i[3][0][1] | S_C_o[3][2][2] |     4.297 | SLOW    |     2.222 | FAST    |
S_A_i[3][0][1] | S_C_o[3][2][3] |     4.476 | SLOW    |     2.324 | FAST    |
S_A_i[3][0][1] | S_C_o[3][2][4] |     4.476 | SLOW    |     2.324 | FAST    |
S_A_i[3][0][1] | S_C_o[3][2][5] |     4.704 | SLOW    |     2.449 | FAST    |
S_A_i[3][0][1] | S_C_o[3][2][6] |     4.726 | SLOW    |     2.463 | FAST    |
S_A_i[3][0][1] | S_C_o[3][2][7] |     4.791 | SLOW    |     2.500 | FAST    |
S_A_i[3][0][1] | S_C_o[3][3][1] |     4.301 | SLOW    |     2.233 | FAST    |
S_A_i[3][0][1] | S_C_o[3][3][2] |     4.297 | SLOW    |     2.222 | FAST    |
S_A_i[3][0][1] | S_C_o[3][3][3] |     4.476 | SLOW    |     2.324 | FAST    |
S_A_i[3][0][1] | S_C_o[3][3][4] |     4.476 | SLOW    |     2.324 | FAST    |
S_A_i[3][0][1] | S_C_o[3][3][5] |     4.704 | SLOW    |     2.449 | FAST    |
S_A_i[3][0][1] | S_C_o[3][3][6] |     4.726 | SLOW    |     2.463 | FAST    |
S_A_i[3][0][1] | S_C_o[3][3][7] |     4.791 | SLOW    |     2.500 | FAST    |
S_A_i[3][0][1] | S_C_o[3][4][1] |     4.301 | SLOW    |     2.233 | FAST    |
S_A_i[3][0][1] | S_C_o[3][4][2] |     4.297 | SLOW    |     2.222 | FAST    |
S_A_i[3][0][1] | S_C_o[3][4][3] |     4.476 | SLOW    |     2.324 | FAST    |
S_A_i[3][0][1] | S_C_o[3][4][4] |     4.476 | SLOW    |     2.324 | FAST    |
S_A_i[3][0][1] | S_C_o[3][4][5] |     4.704 | SLOW    |     2.449 | FAST    |
S_A_i[3][0][1] | S_C_o[3][4][6] |     4.726 | SLOW    |     2.463 | FAST    |
S_A_i[3][0][1] | S_C_o[3][4][7] |     4.791 | SLOW    |     2.500 | FAST    |
S_A_i[3][0][1] | S_C_o[3][5][1] |     4.301 | SLOW    |     2.233 | FAST    |
S_A_i[3][0][1] | S_C_o[3][5][2] |     4.297 | SLOW    |     2.222 | FAST    |
S_A_i[3][0][1] | S_C_o[3][5][3] |     4.476 | SLOW    |     2.324 | FAST    |
S_A_i[3][0][1] | S_C_o[3][5][4] |     4.476 | SLOW    |     2.324 | FAST    |
S_A_i[3][0][1] | S_C_o[3][5][5] |     4.704 | SLOW    |     2.449 | FAST    |
S_A_i[3][0][1] | S_C_o[3][5][6] |     4.726 | SLOW    |     2.463 | FAST    |
S_A_i[3][0][1] | S_C_o[3][5][7] |     4.791 | SLOW    |     2.500 | FAST    |
S_A_i[3][0][1] | S_C_o[3][6][1] |     4.301 | SLOW    |     2.233 | FAST    |
S_A_i[3][0][1] | S_C_o[3][6][2] |     4.297 | SLOW    |     2.222 | FAST    |
S_A_i[3][0][1] | S_C_o[3][6][3] |     4.476 | SLOW    |     2.324 | FAST    |
S_A_i[3][0][1] | S_C_o[3][6][4] |     4.476 | SLOW    |     2.324 | FAST    |
S_A_i[3][0][1] | S_C_o[3][6][5] |     4.704 | SLOW    |     2.449 | FAST    |
S_A_i[3][0][1] | S_C_o[3][6][6] |     4.726 | SLOW    |     2.463 | FAST    |
S_A_i[3][0][1] | S_C_o[3][6][7] |     4.791 | SLOW    |     2.500 | FAST    |
S_A_i[3][0][1] | S_C_o[3][7][1] |     4.301 | SLOW    |     2.233 | FAST    |
S_A_i[3][0][1] | S_C_o[3][7][2] |     4.297 | SLOW    |     2.222 | FAST    |
S_A_i[3][0][1] | S_C_o[3][7][3] |     4.476 | SLOW    |     2.324 | FAST    |
S_A_i[3][0][1] | S_C_o[3][7][4] |     4.476 | SLOW    |     2.324 | FAST    |
S_A_i[3][0][1] | S_C_o[3][7][5] |     4.704 | SLOW    |     2.449 | FAST    |
S_A_i[3][0][1] | S_C_o[3][7][6] |     4.726 | SLOW    |     2.463 | FAST    |
S_A_i[3][0][1] | S_C_o[3][7][7] |     4.791 | SLOW    |     2.500 | FAST    |
S_A_i[3][0][2] | S_C_o[3][0][2] |     4.261 | SLOW    |     2.209 | FAST    |
S_A_i[3][0][2] | S_C_o[3][0][3] |     4.494 | SLOW    |     2.329 | FAST    |
S_A_i[3][0][2] | S_C_o[3][0][4] |     4.494 | SLOW    |     2.329 | FAST    |
S_A_i[3][0][2] | S_C_o[3][0][5] |     4.722 | SLOW    |     2.454 | FAST    |
S_A_i[3][0][2] | S_C_o[3][0][6] |     4.744 | SLOW    |     2.468 | FAST    |
S_A_i[3][0][2] | S_C_o[3][0][7] |     4.809 | SLOW    |     2.505 | FAST    |
S_A_i[3][0][2] | S_C_o[3][1][2] |     4.261 | SLOW    |     2.209 | FAST    |
S_A_i[3][0][2] | S_C_o[3][1][3] |     4.494 | SLOW    |     2.329 | FAST    |
S_A_i[3][0][2] | S_C_o[3][1][4] |     4.494 | SLOW    |     2.329 | FAST    |
S_A_i[3][0][2] | S_C_o[3][1][5] |     4.722 | SLOW    |     2.454 | FAST    |
S_A_i[3][0][2] | S_C_o[3][1][6] |     4.744 | SLOW    |     2.468 | FAST    |
S_A_i[3][0][2] | S_C_o[3][1][7] |     4.809 | SLOW    |     2.505 | FAST    |
S_A_i[3][0][2] | S_C_o[3][2][2] |     4.261 | SLOW    |     2.209 | FAST    |
S_A_i[3][0][2] | S_C_o[3][2][3] |     4.494 | SLOW    |     2.329 | FAST    |
S_A_i[3][0][2] | S_C_o[3][2][4] |     4.494 | SLOW    |     2.329 | FAST    |
S_A_i[3][0][2] | S_C_o[3][2][5] |     4.722 | SLOW    |     2.454 | FAST    |
S_A_i[3][0][2] | S_C_o[3][2][6] |     4.744 | SLOW    |     2.468 | FAST    |
S_A_i[3][0][2] | S_C_o[3][2][7] |     4.809 | SLOW    |     2.505 | FAST    |
S_A_i[3][0][2] | S_C_o[3][3][2] |     4.261 | SLOW    |     2.209 | FAST    |
S_A_i[3][0][2] | S_C_o[3][3][3] |     4.494 | SLOW    |     2.329 | FAST    |
S_A_i[3][0][2] | S_C_o[3][3][4] |     4.494 | SLOW    |     2.329 | FAST    |
S_A_i[3][0][2] | S_C_o[3][3][5] |     4.722 | SLOW    |     2.454 | FAST    |
S_A_i[3][0][2] | S_C_o[3][3][6] |     4.744 | SLOW    |     2.468 | FAST    |
S_A_i[3][0][2] | S_C_o[3][3][7] |     4.809 | SLOW    |     2.505 | FAST    |
S_A_i[3][0][2] | S_C_o[3][4][2] |     4.261 | SLOW    |     2.209 | FAST    |
S_A_i[3][0][2] | S_C_o[3][4][3] |     4.494 | SLOW    |     2.329 | FAST    |
S_A_i[3][0][2] | S_C_o[3][4][4] |     4.494 | SLOW    |     2.329 | FAST    |
S_A_i[3][0][2] | S_C_o[3][4][5] |     4.722 | SLOW    |     2.454 | FAST    |
S_A_i[3][0][2] | S_C_o[3][4][6] |     4.744 | SLOW    |     2.468 | FAST    |
S_A_i[3][0][2] | S_C_o[3][4][7] |     4.809 | SLOW    |     2.505 | FAST    |
S_A_i[3][0][2] | S_C_o[3][5][2] |     4.261 | SLOW    |     2.209 | FAST    |
S_A_i[3][0][2] | S_C_o[3][5][3] |     4.494 | SLOW    |     2.329 | FAST    |
S_A_i[3][0][2] | S_C_o[3][5][4] |     4.494 | SLOW    |     2.329 | FAST    |
S_A_i[3][0][2] | S_C_o[3][5][5] |     4.722 | SLOW    |     2.454 | FAST    |
S_A_i[3][0][2] | S_C_o[3][5][6] |     4.744 | SLOW    |     2.468 | FAST    |
S_A_i[3][0][2] | S_C_o[3][5][7] |     4.809 | SLOW    |     2.505 | FAST    |
S_A_i[3][0][2] | S_C_o[3][6][2] |     4.261 | SLOW    |     2.209 | FAST    |
S_A_i[3][0][2] | S_C_o[3][6][3] |     4.494 | SLOW    |     2.329 | FAST    |
S_A_i[3][0][2] | S_C_o[3][6][4] |     4.494 | SLOW    |     2.329 | FAST    |
S_A_i[3][0][2] | S_C_o[3][6][5] |     4.722 | SLOW    |     2.454 | FAST    |
S_A_i[3][0][2] | S_C_o[3][6][6] |     4.744 | SLOW    |     2.468 | FAST    |
S_A_i[3][0][2] | S_C_o[3][6][7] |     4.809 | SLOW    |     2.505 | FAST    |
S_A_i[3][0][2] | S_C_o[3][7][2] |     4.261 | SLOW    |     2.209 | FAST    |
S_A_i[3][0][2] | S_C_o[3][7][3] |     4.494 | SLOW    |     2.329 | FAST    |
S_A_i[3][0][2] | S_C_o[3][7][4] |     4.494 | SLOW    |     2.329 | FAST    |
S_A_i[3][0][2] | S_C_o[3][7][5] |     4.722 | SLOW    |     2.454 | FAST    |
S_A_i[3][0][2] | S_C_o[3][7][6] |     4.744 | SLOW    |     2.468 | FAST    |
S_A_i[3][0][2] | S_C_o[3][7][7] |     4.809 | SLOW    |     2.505 | FAST    |
S_A_i[3][0][3] | S_C_o[3][0][3] |     4.270 | SLOW    |     2.213 | FAST    |
S_A_i[3][0][3] | S_C_o[3][0][4] |     4.265 | SLOW    |     2.205 | FAST    |
S_A_i[3][0][3] | S_C_o[3][0][5] |     4.507 | SLOW    |     2.344 | FAST    |
S_A_i[3][0][3] | S_C_o[3][0][6] |     4.529 | SLOW    |     2.358 | FAST    |
S_A_i[3][0][3] | S_C_o[3][0][7] |     4.594 | SLOW    |     2.395 | FAST    |
S_A_i[3][0][3] | S_C_o[3][1][3] |     4.270 | SLOW    |     2.213 | FAST    |
S_A_i[3][0][3] | S_C_o[3][1][4] |     4.265 | SLOW    |     2.205 | FAST    |
S_A_i[3][0][3] | S_C_o[3][1][5] |     4.507 | SLOW    |     2.344 | FAST    |
S_A_i[3][0][3] | S_C_o[3][1][6] |     4.529 | SLOW    |     2.358 | FAST    |
S_A_i[3][0][3] | S_C_o[3][1][7] |     4.594 | SLOW    |     2.395 | FAST    |
S_A_i[3][0][3] | S_C_o[3][2][3] |     4.270 | SLOW    |     2.213 | FAST    |
S_A_i[3][0][3] | S_C_o[3][2][4] |     4.265 | SLOW    |     2.205 | FAST    |
S_A_i[3][0][3] | S_C_o[3][2][5] |     4.507 | SLOW    |     2.344 | FAST    |
S_A_i[3][0][3] | S_C_o[3][2][6] |     4.529 | SLOW    |     2.358 | FAST    |
S_A_i[3][0][3] | S_C_o[3][2][7] |     4.594 | SLOW    |     2.395 | FAST    |
S_A_i[3][0][3] | S_C_o[3][3][3] |     4.270 | SLOW    |     2.213 | FAST    |
S_A_i[3][0][3] | S_C_o[3][3][4] |     4.265 | SLOW    |     2.205 | FAST    |
S_A_i[3][0][3] | S_C_o[3][3][5] |     4.507 | SLOW    |     2.344 | FAST    |
S_A_i[3][0][3] | S_C_o[3][3][6] |     4.529 | SLOW    |     2.358 | FAST    |
S_A_i[3][0][3] | S_C_o[3][3][7] |     4.594 | SLOW    |     2.395 | FAST    |
S_A_i[3][0][3] | S_C_o[3][4][3] |     4.270 | SLOW    |     2.213 | FAST    |
S_A_i[3][0][3] | S_C_o[3][4][4] |     4.265 | SLOW    |     2.205 | FAST    |
S_A_i[3][0][3] | S_C_o[3][4][5] |     4.507 | SLOW    |     2.344 | FAST    |
S_A_i[3][0][3] | S_C_o[3][4][6] |     4.529 | SLOW    |     2.358 | FAST    |
S_A_i[3][0][3] | S_C_o[3][4][7] |     4.594 | SLOW    |     2.395 | FAST    |
S_A_i[3][0][3] | S_C_o[3][5][3] |     4.270 | SLOW    |     2.213 | FAST    |
S_A_i[3][0][3] | S_C_o[3][5][4] |     4.265 | SLOW    |     2.205 | FAST    |
S_A_i[3][0][3] | S_C_o[3][5][5] |     4.507 | SLOW    |     2.344 | FAST    |
S_A_i[3][0][3] | S_C_o[3][5][6] |     4.529 | SLOW    |     2.358 | FAST    |
S_A_i[3][0][3] | S_C_o[3][5][7] |     4.594 | SLOW    |     2.395 | FAST    |
S_A_i[3][0][3] | S_C_o[3][6][3] |     4.270 | SLOW    |     2.213 | FAST    |
S_A_i[3][0][3] | S_C_o[3][6][4] |     4.265 | SLOW    |     2.205 | FAST    |
S_A_i[3][0][3] | S_C_o[3][6][5] |     4.507 | SLOW    |     2.344 | FAST    |
S_A_i[3][0][3] | S_C_o[3][6][6] |     4.529 | SLOW    |     2.358 | FAST    |
S_A_i[3][0][3] | S_C_o[3][6][7] |     4.594 | SLOW    |     2.395 | FAST    |
S_A_i[3][0][3] | S_C_o[3][7][3] |     4.270 | SLOW    |     2.213 | FAST    |
S_A_i[3][0][3] | S_C_o[3][7][4] |     4.265 | SLOW    |     2.205 | FAST    |
S_A_i[3][0][3] | S_C_o[3][7][5] |     4.507 | SLOW    |     2.344 | FAST    |
S_A_i[3][0][3] | S_C_o[3][7][6] |     4.529 | SLOW    |     2.358 | FAST    |
S_A_i[3][0][3] | S_C_o[3][7][7] |     4.594 | SLOW    |     2.395 | FAST    |
S_A_i[3][0][4] | S_C_o[3][0][4] |     4.261 | SLOW    |     2.209 | FAST    |
S_A_i[3][0][4] | S_C_o[3][0][5] |     4.484 | SLOW    |     2.326 | FAST    |
S_A_i[3][0][4] | S_C_o[3][0][6] |     4.506 | SLOW    |     2.340 | FAST    |
S_A_i[3][0][4] | S_C_o[3][0][7] |     4.571 | SLOW    |     2.377 | FAST    |
S_A_i[3][0][4] | S_C_o[3][1][4] |     4.261 | SLOW    |     2.209 | FAST    |
S_A_i[3][0][4] | S_C_o[3][1][5] |     4.484 | SLOW    |     2.326 | FAST    |
S_A_i[3][0][4] | S_C_o[3][1][6] |     4.506 | SLOW    |     2.340 | FAST    |
S_A_i[3][0][4] | S_C_o[3][1][7] |     4.571 | SLOW    |     2.377 | FAST    |
S_A_i[3][0][4] | S_C_o[3][2][4] |     4.261 | SLOW    |     2.209 | FAST    |
S_A_i[3][0][4] | S_C_o[3][2][5] |     4.484 | SLOW    |     2.326 | FAST    |
S_A_i[3][0][4] | S_C_o[3][2][6] |     4.506 | SLOW    |     2.340 | FAST    |
S_A_i[3][0][4] | S_C_o[3][2][7] |     4.571 | SLOW    |     2.377 | FAST    |
S_A_i[3][0][4] | S_C_o[3][3][4] |     4.261 | SLOW    |     2.209 | FAST    |
S_A_i[3][0][4] | S_C_o[3][3][5] |     4.484 | SLOW    |     2.326 | FAST    |
S_A_i[3][0][4] | S_C_o[3][3][6] |     4.506 | SLOW    |     2.340 | FAST    |
S_A_i[3][0][4] | S_C_o[3][3][7] |     4.571 | SLOW    |     2.377 | FAST    |
S_A_i[3][0][4] | S_C_o[3][4][4] |     4.261 | SLOW    |     2.209 | FAST    |
S_A_i[3][0][4] | S_C_o[3][4][5] |     4.484 | SLOW    |     2.326 | FAST    |
S_A_i[3][0][4] | S_C_o[3][4][6] |     4.506 | SLOW    |     2.340 | FAST    |
S_A_i[3][0][4] | S_C_o[3][4][7] |     4.571 | SLOW    |     2.377 | FAST    |
S_A_i[3][0][4] | S_C_o[3][5][4] |     4.261 | SLOW    |     2.209 | FAST    |
S_A_i[3][0][4] | S_C_o[3][5][5] |     4.484 | SLOW    |     2.326 | FAST    |
S_A_i[3][0][4] | S_C_o[3][5][6] |     4.506 | SLOW    |     2.340 | FAST    |
S_A_i[3][0][4] | S_C_o[3][5][7] |     4.571 | SLOW    |     2.377 | FAST    |
S_A_i[3][0][4] | S_C_o[3][6][4] |     4.261 | SLOW    |     2.209 | FAST    |
S_A_i[3][0][4] | S_C_o[3][6][5] |     4.484 | SLOW    |     2.326 | FAST    |
S_A_i[3][0][4] | S_C_o[3][6][6] |     4.506 | SLOW    |     2.340 | FAST    |
S_A_i[3][0][4] | S_C_o[3][6][7] |     4.571 | SLOW    |     2.377 | FAST    |
S_A_i[3][0][4] | S_C_o[3][7][4] |     4.261 | SLOW    |     2.209 | FAST    |
S_A_i[3][0][4] | S_C_o[3][7][5] |     4.484 | SLOW    |     2.326 | FAST    |
S_A_i[3][0][4] | S_C_o[3][7][6] |     4.506 | SLOW    |     2.340 | FAST    |
S_A_i[3][0][4] | S_C_o[3][7][7] |     4.571 | SLOW    |     2.377 | FAST    |
S_A_i[3][0][5] | S_C_o[3][0][5] |     4.270 | SLOW    |     2.213 | FAST    |
S_A_i[3][0][5] | S_C_o[3][0][6] |     4.287 | SLOW    |     2.219 | FAST    |
S_A_i[3][0][5] | S_C_o[3][0][7] |     4.297 | SLOW    |     2.222 | FAST    |
S_A_i[3][0][5] | S_C_o[3][1][5] |     4.270 | SLOW    |     2.213 | FAST    |
S_A_i[3][0][5] | S_C_o[3][1][6] |     4.287 | SLOW    |     2.219 | FAST    |
S_A_i[3][0][5] | S_C_o[3][1][7] |     4.297 | SLOW    |     2.222 | FAST    |
S_A_i[3][0][5] | S_C_o[3][2][5] |     4.270 | SLOW    |     2.213 | FAST    |
S_A_i[3][0][5] | S_C_o[3][2][6] |     4.287 | SLOW    |     2.219 | FAST    |
S_A_i[3][0][5] | S_C_o[3][2][7] |     4.297 | SLOW    |     2.222 | FAST    |
S_A_i[3][0][5] | S_C_o[3][3][5] |     4.270 | SLOW    |     2.213 | FAST    |
S_A_i[3][0][5] | S_C_o[3][3][6] |     4.287 | SLOW    |     2.219 | FAST    |
S_A_i[3][0][5] | S_C_o[3][3][7] |     4.297 | SLOW    |     2.222 | FAST    |
S_A_i[3][0][5] | S_C_o[3][4][5] |     4.270 | SLOW    |     2.213 | FAST    |
S_A_i[3][0][5] | S_C_o[3][4][6] |     4.287 | SLOW    |     2.219 | FAST    |
S_A_i[3][0][5] | S_C_o[3][4][7] |     4.297 | SLOW    |     2.222 | FAST    |
S_A_i[3][0][5] | S_C_o[3][5][5] |     4.270 | SLOW    |     2.213 | FAST    |
S_A_i[3][0][5] | S_C_o[3][5][6] |     4.287 | SLOW    |     2.219 | FAST    |
S_A_i[3][0][5] | S_C_o[3][5][7] |     4.297 | SLOW    |     2.222 | FAST    |
S_A_i[3][0][5] | S_C_o[3][6][5] |     4.270 | SLOW    |     2.213 | FAST    |
S_A_i[3][0][5] | S_C_o[3][6][6] |     4.287 | SLOW    |     2.219 | FAST    |
S_A_i[3][0][5] | S_C_o[3][6][7] |     4.297 | SLOW    |     2.222 | FAST    |
S_A_i[3][0][5] | S_C_o[3][7][5] |     4.270 | SLOW    |     2.213 | FAST    |
S_A_i[3][0][5] | S_C_o[3][7][6] |     4.287 | SLOW    |     2.219 | FAST    |
S_A_i[3][0][5] | S_C_o[3][7][7] |     4.297 | SLOW    |     2.222 | FAST    |
S_A_i[3][0][6] | S_C_o[3][0][6] |     4.292 | SLOW    |     2.229 | FAST    |
S_A_i[3][0][6] | S_C_o[3][0][7] |     4.256 | SLOW    |     2.201 | FAST    |
S_A_i[3][0][6] | S_C_o[3][1][6] |     4.292 | SLOW    |     2.229 | FAST    |
S_A_i[3][0][6] | S_C_o[3][1][7] |     4.256 | SLOW    |     2.201 | FAST    |
S_A_i[3][0][6] | S_C_o[3][2][6] |     4.292 | SLOW    |     2.229 | FAST    |
S_A_i[3][0][6] | S_C_o[3][2][7] |     4.256 | SLOW    |     2.201 | FAST    |
S_A_i[3][0][6] | S_C_o[3][3][6] |     4.292 | SLOW    |     2.229 | FAST    |
S_A_i[3][0][6] | S_C_o[3][3][7] |     4.256 | SLOW    |     2.201 | FAST    |
S_A_i[3][0][6] | S_C_o[3][4][6] |     4.292 | SLOW    |     2.229 | FAST    |
S_A_i[3][0][6] | S_C_o[3][4][7] |     4.256 | SLOW    |     2.201 | FAST    |
S_A_i[3][0][6] | S_C_o[3][5][6] |     4.292 | SLOW    |     2.229 | FAST    |
S_A_i[3][0][6] | S_C_o[3][5][7] |     4.256 | SLOW    |     2.201 | FAST    |
S_A_i[3][0][6] | S_C_o[3][6][6] |     4.292 | SLOW    |     2.229 | FAST    |
S_A_i[3][0][6] | S_C_o[3][6][7] |     4.256 | SLOW    |     2.201 | FAST    |
S_A_i[3][0][6] | S_C_o[3][7][6] |     4.292 | SLOW    |     2.229 | FAST    |
S_A_i[3][0][6] | S_C_o[3][7][7] |     4.256 | SLOW    |     2.201 | FAST    |
S_A_i[3][0][7] | S_C_o[3][0][7] |     4.444 | SLOW    |     2.314 | FAST    |
S_A_i[3][0][7] | S_C_o[3][1][7] |     4.444 | SLOW    |     2.314 | FAST    |
S_A_i[3][0][7] | S_C_o[3][2][7] |     4.444 | SLOW    |     2.314 | FAST    |
S_A_i[3][0][7] | S_C_o[3][3][7] |     4.444 | SLOW    |     2.314 | FAST    |
S_A_i[3][0][7] | S_C_o[3][4][7] |     4.444 | SLOW    |     2.314 | FAST    |
S_A_i[3][0][7] | S_C_o[3][5][7] |     4.444 | SLOW    |     2.314 | FAST    |
S_A_i[3][0][7] | S_C_o[3][6][7] |     4.444 | SLOW    |     2.314 | FAST    |
S_A_i[3][0][7] | S_C_o[3][7][7] |     4.444 | SLOW    |     2.314 | FAST    |
S_A_i[4][0][0] | S_C_o[4][0][0] |     4.277 | SLOW    |     2.217 | FAST    |
S_A_i[4][0][0] | S_C_o[4][0][1] |     4.294 | SLOW    |     2.223 | FAST    |
S_A_i[4][0][0] | S_C_o[4][0][2] |     4.304 | SLOW    |     2.226 | FAST    |
S_A_i[4][0][0] | S_C_o[4][0][3] |     4.478 | SLOW    |     2.320 | FAST    |
S_A_i[4][0][0] | S_C_o[4][0][4] |     4.478 | SLOW    |     2.320 | FAST    |
S_A_i[4][0][0] | S_C_o[4][0][5] |     4.706 | SLOW    |     2.445 | FAST    |
S_A_i[4][0][0] | S_C_o[4][0][6] |     4.728 | SLOW    |     2.459 | FAST    |
S_A_i[4][0][0] | S_C_o[4][0][7] |     4.793 | SLOW    |     2.496 | FAST    |
S_A_i[4][0][0] | S_C_o[4][1][0] |     4.277 | SLOW    |     2.217 | FAST    |
S_A_i[4][0][0] | S_C_o[4][1][1] |     4.294 | SLOW    |     2.223 | FAST    |
S_A_i[4][0][0] | S_C_o[4][1][2] |     4.304 | SLOW    |     2.226 | FAST    |
S_A_i[4][0][0] | S_C_o[4][1][3] |     4.478 | SLOW    |     2.320 | FAST    |
S_A_i[4][0][0] | S_C_o[4][1][4] |     4.478 | SLOW    |     2.320 | FAST    |
S_A_i[4][0][0] | S_C_o[4][1][5] |     4.706 | SLOW    |     2.445 | FAST    |
S_A_i[4][0][0] | S_C_o[4][1][6] |     4.728 | SLOW    |     2.459 | FAST    |
S_A_i[4][0][0] | S_C_o[4][1][7] |     4.793 | SLOW    |     2.496 | FAST    |
S_A_i[4][0][0] | S_C_o[4][2][0] |     4.277 | SLOW    |     2.217 | FAST    |
S_A_i[4][0][0] | S_C_o[4][2][1] |     4.294 | SLOW    |     2.223 | FAST    |
S_A_i[4][0][0] | S_C_o[4][2][2] |     4.304 | SLOW    |     2.226 | FAST    |
S_A_i[4][0][0] | S_C_o[4][2][3] |     4.478 | SLOW    |     2.320 | FAST    |
S_A_i[4][0][0] | S_C_o[4][2][4] |     4.478 | SLOW    |     2.320 | FAST    |
S_A_i[4][0][0] | S_C_o[4][2][5] |     4.706 | SLOW    |     2.445 | FAST    |
S_A_i[4][0][0] | S_C_o[4][2][6] |     4.728 | SLOW    |     2.459 | FAST    |
S_A_i[4][0][0] | S_C_o[4][2][7] |     4.793 | SLOW    |     2.496 | FAST    |
S_A_i[4][0][0] | S_C_o[4][3][0] |     4.277 | SLOW    |     2.217 | FAST    |
S_A_i[4][0][0] | S_C_o[4][3][1] |     4.294 | SLOW    |     2.223 | FAST    |
S_A_i[4][0][0] | S_C_o[4][3][2] |     4.304 | SLOW    |     2.226 | FAST    |
S_A_i[4][0][0] | S_C_o[4][3][3] |     4.478 | SLOW    |     2.320 | FAST    |
S_A_i[4][0][0] | S_C_o[4][3][4] |     4.478 | SLOW    |     2.320 | FAST    |
S_A_i[4][0][0] | S_C_o[4][3][5] |     4.706 | SLOW    |     2.445 | FAST    |
S_A_i[4][0][0] | S_C_o[4][3][6] |     4.728 | SLOW    |     2.459 | FAST    |
S_A_i[4][0][0] | S_C_o[4][3][7] |     4.793 | SLOW    |     2.496 | FAST    |
S_A_i[4][0][0] | S_C_o[4][4][0] |     4.277 | SLOW    |     2.217 | FAST    |
S_A_i[4][0][0] | S_C_o[4][4][1] |     4.294 | SLOW    |     2.223 | FAST    |
S_A_i[4][0][0] | S_C_o[4][4][2] |     4.304 | SLOW    |     2.226 | FAST    |
S_A_i[4][0][0] | S_C_o[4][4][3] |     4.478 | SLOW    |     2.320 | FAST    |
S_A_i[4][0][0] | S_C_o[4][4][4] |     4.478 | SLOW    |     2.320 | FAST    |
S_A_i[4][0][0] | S_C_o[4][4][5] |     4.706 | SLOW    |     2.445 | FAST    |
S_A_i[4][0][0] | S_C_o[4][4][6] |     4.728 | SLOW    |     2.459 | FAST    |
S_A_i[4][0][0] | S_C_o[4][4][7] |     4.793 | SLOW    |     2.496 | FAST    |
S_A_i[4][0][0] | S_C_o[4][5][0] |     4.277 | SLOW    |     2.217 | FAST    |
S_A_i[4][0][0] | S_C_o[4][5][1] |     4.294 | SLOW    |     2.223 | FAST    |
S_A_i[4][0][0] | S_C_o[4][5][2] |     4.304 | SLOW    |     2.226 | FAST    |
S_A_i[4][0][0] | S_C_o[4][5][3] |     4.478 | SLOW    |     2.320 | FAST    |
S_A_i[4][0][0] | S_C_o[4][5][4] |     4.478 | SLOW    |     2.320 | FAST    |
S_A_i[4][0][0] | S_C_o[4][5][5] |     4.706 | SLOW    |     2.445 | FAST    |
S_A_i[4][0][0] | S_C_o[4][5][6] |     4.728 | SLOW    |     2.459 | FAST    |
S_A_i[4][0][0] | S_C_o[4][5][7] |     4.793 | SLOW    |     2.496 | FAST    |
S_A_i[4][0][0] | S_C_o[4][6][0] |     4.277 | SLOW    |     2.217 | FAST    |
S_A_i[4][0][0] | S_C_o[4][6][1] |     4.294 | SLOW    |     2.223 | FAST    |
S_A_i[4][0][0] | S_C_o[4][6][2] |     4.304 | SLOW    |     2.226 | FAST    |
S_A_i[4][0][0] | S_C_o[4][6][3] |     4.478 | SLOW    |     2.320 | FAST    |
S_A_i[4][0][0] | S_C_o[4][6][4] |     4.478 | SLOW    |     2.320 | FAST    |
S_A_i[4][0][0] | S_C_o[4][6][5] |     4.706 | SLOW    |     2.445 | FAST    |
S_A_i[4][0][0] | S_C_o[4][6][6] |     4.728 | SLOW    |     2.459 | FAST    |
S_A_i[4][0][0] | S_C_o[4][6][7] |     4.793 | SLOW    |     2.496 | FAST    |
S_A_i[4][0][0] | S_C_o[4][7][0] |     4.277 | SLOW    |     2.217 | FAST    |
S_A_i[4][0][0] | S_C_o[4][7][1] |     4.294 | SLOW    |     2.223 | FAST    |
S_A_i[4][0][0] | S_C_o[4][7][2] |     4.304 | SLOW    |     2.226 | FAST    |
S_A_i[4][0][0] | S_C_o[4][7][3] |     4.478 | SLOW    |     2.320 | FAST    |
S_A_i[4][0][0] | S_C_o[4][7][4] |     4.478 | SLOW    |     2.320 | FAST    |
S_A_i[4][0][0] | S_C_o[4][7][5] |     4.706 | SLOW    |     2.445 | FAST    |
S_A_i[4][0][0] | S_C_o[4][7][6] |     4.728 | SLOW    |     2.459 | FAST    |
S_A_i[4][0][0] | S_C_o[4][7][7] |     4.793 | SLOW    |     2.496 | FAST    |
S_A_i[4][0][1] | S_C_o[4][0][1] |     4.301 | SLOW    |     2.233 | FAST    |
S_A_i[4][0][1] | S_C_o[4][0][2] |     4.297 | SLOW    |     2.222 | FAST    |
S_A_i[4][0][1] | S_C_o[4][0][3] |     4.476 | SLOW    |     2.324 | FAST    |
S_A_i[4][0][1] | S_C_o[4][0][4] |     4.476 | SLOW    |     2.324 | FAST    |
S_A_i[4][0][1] | S_C_o[4][0][5] |     4.704 | SLOW    |     2.449 | FAST    |
S_A_i[4][0][1] | S_C_o[4][0][6] |     4.726 | SLOW    |     2.463 | FAST    |
S_A_i[4][0][1] | S_C_o[4][0][7] |     4.791 | SLOW    |     2.500 | FAST    |
S_A_i[4][0][1] | S_C_o[4][1][1] |     4.301 | SLOW    |     2.233 | FAST    |
S_A_i[4][0][1] | S_C_o[4][1][2] |     4.297 | SLOW    |     2.222 | FAST    |
S_A_i[4][0][1] | S_C_o[4][1][3] |     4.476 | SLOW    |     2.324 | FAST    |
S_A_i[4][0][1] | S_C_o[4][1][4] |     4.476 | SLOW    |     2.324 | FAST    |
S_A_i[4][0][1] | S_C_o[4][1][5] |     4.704 | SLOW    |     2.449 | FAST    |
S_A_i[4][0][1] | S_C_o[4][1][6] |     4.726 | SLOW    |     2.463 | FAST    |
S_A_i[4][0][1] | S_C_o[4][1][7] |     4.791 | SLOW    |     2.500 | FAST    |
S_A_i[4][0][1] | S_C_o[4][2][1] |     4.301 | SLOW    |     2.233 | FAST    |
S_A_i[4][0][1] | S_C_o[4][2][2] |     4.297 | SLOW    |     2.222 | FAST    |
S_A_i[4][0][1] | S_C_o[4][2][3] |     4.476 | SLOW    |     2.324 | FAST    |
S_A_i[4][0][1] | S_C_o[4][2][4] |     4.476 | SLOW    |     2.324 | FAST    |
S_A_i[4][0][1] | S_C_o[4][2][5] |     4.704 | SLOW    |     2.449 | FAST    |
S_A_i[4][0][1] | S_C_o[4][2][6] |     4.726 | SLOW    |     2.463 | FAST    |
S_A_i[4][0][1] | S_C_o[4][2][7] |     4.791 | SLOW    |     2.500 | FAST    |
S_A_i[4][0][1] | S_C_o[4][3][1] |     4.301 | SLOW    |     2.233 | FAST    |
S_A_i[4][0][1] | S_C_o[4][3][2] |     4.297 | SLOW    |     2.222 | FAST    |
S_A_i[4][0][1] | S_C_o[4][3][3] |     4.476 | SLOW    |     2.324 | FAST    |
S_A_i[4][0][1] | S_C_o[4][3][4] |     4.476 | SLOW    |     2.324 | FAST    |
S_A_i[4][0][1] | S_C_o[4][3][5] |     4.704 | SLOW    |     2.449 | FAST    |
S_A_i[4][0][1] | S_C_o[4][3][6] |     4.726 | SLOW    |     2.463 | FAST    |
S_A_i[4][0][1] | S_C_o[4][3][7] |     4.791 | SLOW    |     2.500 | FAST    |
S_A_i[4][0][1] | S_C_o[4][4][1] |     4.301 | SLOW    |     2.233 | FAST    |
S_A_i[4][0][1] | S_C_o[4][4][2] |     4.297 | SLOW    |     2.222 | FAST    |
S_A_i[4][0][1] | S_C_o[4][4][3] |     4.476 | SLOW    |     2.324 | FAST    |
S_A_i[4][0][1] | S_C_o[4][4][4] |     4.476 | SLOW    |     2.324 | FAST    |
S_A_i[4][0][1] | S_C_o[4][4][5] |     4.704 | SLOW    |     2.449 | FAST    |
S_A_i[4][0][1] | S_C_o[4][4][6] |     4.726 | SLOW    |     2.463 | FAST    |
S_A_i[4][0][1] | S_C_o[4][4][7] |     4.791 | SLOW    |     2.500 | FAST    |
S_A_i[4][0][1] | S_C_o[4][5][1] |     4.301 | SLOW    |     2.233 | FAST    |
S_A_i[4][0][1] | S_C_o[4][5][2] |     4.297 | SLOW    |     2.222 | FAST    |
S_A_i[4][0][1] | S_C_o[4][5][3] |     4.476 | SLOW    |     2.324 | FAST    |
S_A_i[4][0][1] | S_C_o[4][5][4] |     4.476 | SLOW    |     2.324 | FAST    |
S_A_i[4][0][1] | S_C_o[4][5][5] |     4.704 | SLOW    |     2.449 | FAST    |
S_A_i[4][0][1] | S_C_o[4][5][6] |     4.726 | SLOW    |     2.463 | FAST    |
S_A_i[4][0][1] | S_C_o[4][5][7] |     4.791 | SLOW    |     2.500 | FAST    |
S_A_i[4][0][1] | S_C_o[4][6][1] |     4.301 | SLOW    |     2.233 | FAST    |
S_A_i[4][0][1] | S_C_o[4][6][2] |     4.297 | SLOW    |     2.222 | FAST    |
S_A_i[4][0][1] | S_C_o[4][6][3] |     4.476 | SLOW    |     2.324 | FAST    |
S_A_i[4][0][1] | S_C_o[4][6][4] |     4.476 | SLOW    |     2.324 | FAST    |
S_A_i[4][0][1] | S_C_o[4][6][5] |     4.704 | SLOW    |     2.449 | FAST    |
S_A_i[4][0][1] | S_C_o[4][6][6] |     4.726 | SLOW    |     2.463 | FAST    |
S_A_i[4][0][1] | S_C_o[4][6][7] |     4.791 | SLOW    |     2.500 | FAST    |
S_A_i[4][0][1] | S_C_o[4][7][1] |     4.301 | SLOW    |     2.233 | FAST    |
S_A_i[4][0][1] | S_C_o[4][7][2] |     4.297 | SLOW    |     2.222 | FAST    |
S_A_i[4][0][1] | S_C_o[4][7][3] |     4.476 | SLOW    |     2.324 | FAST    |
S_A_i[4][0][1] | S_C_o[4][7][4] |     4.476 | SLOW    |     2.324 | FAST    |
S_A_i[4][0][1] | S_C_o[4][7][5] |     4.704 | SLOW    |     2.449 | FAST    |
S_A_i[4][0][1] | S_C_o[4][7][6] |     4.726 | SLOW    |     2.463 | FAST    |
S_A_i[4][0][1] | S_C_o[4][7][7] |     4.791 | SLOW    |     2.500 | FAST    |
S_A_i[4][0][2] | S_C_o[4][0][2] |     4.261 | SLOW    |     2.209 | FAST    |
S_A_i[4][0][2] | S_C_o[4][0][3] |     4.494 | SLOW    |     2.329 | FAST    |
S_A_i[4][0][2] | S_C_o[4][0][4] |     4.494 | SLOW    |     2.329 | FAST    |
S_A_i[4][0][2] | S_C_o[4][0][5] |     4.722 | SLOW    |     2.454 | FAST    |
S_A_i[4][0][2] | S_C_o[4][0][6] |     4.744 | SLOW    |     2.468 | FAST    |
S_A_i[4][0][2] | S_C_o[4][0][7] |     4.809 | SLOW    |     2.505 | FAST    |
S_A_i[4][0][2] | S_C_o[4][1][2] |     4.261 | SLOW    |     2.209 | FAST    |
S_A_i[4][0][2] | S_C_o[4][1][3] |     4.494 | SLOW    |     2.329 | FAST    |
S_A_i[4][0][2] | S_C_o[4][1][4] |     4.494 | SLOW    |     2.329 | FAST    |
S_A_i[4][0][2] | S_C_o[4][1][5] |     4.722 | SLOW    |     2.454 | FAST    |
S_A_i[4][0][2] | S_C_o[4][1][6] |     4.744 | SLOW    |     2.468 | FAST    |
S_A_i[4][0][2] | S_C_o[4][1][7] |     4.809 | SLOW    |     2.505 | FAST    |
S_A_i[4][0][2] | S_C_o[4][2][2] |     4.261 | SLOW    |     2.209 | FAST    |
S_A_i[4][0][2] | S_C_o[4][2][3] |     4.494 | SLOW    |     2.329 | FAST    |
S_A_i[4][0][2] | S_C_o[4][2][4] |     4.494 | SLOW    |     2.329 | FAST    |
S_A_i[4][0][2] | S_C_o[4][2][5] |     4.722 | SLOW    |     2.454 | FAST    |
S_A_i[4][0][2] | S_C_o[4][2][6] |     4.744 | SLOW    |     2.468 | FAST    |
S_A_i[4][0][2] | S_C_o[4][2][7] |     4.809 | SLOW    |     2.505 | FAST    |
S_A_i[4][0][2] | S_C_o[4][3][2] |     4.261 | SLOW    |     2.209 | FAST    |
S_A_i[4][0][2] | S_C_o[4][3][3] |     4.494 | SLOW    |     2.329 | FAST    |
S_A_i[4][0][2] | S_C_o[4][3][4] |     4.494 | SLOW    |     2.329 | FAST    |
S_A_i[4][0][2] | S_C_o[4][3][5] |     4.722 | SLOW    |     2.454 | FAST    |
S_A_i[4][0][2] | S_C_o[4][3][6] |     4.744 | SLOW    |     2.468 | FAST    |
S_A_i[4][0][2] | S_C_o[4][3][7] |     4.809 | SLOW    |     2.505 | FAST    |
S_A_i[4][0][2] | S_C_o[4][4][2] |     4.261 | SLOW    |     2.209 | FAST    |
S_A_i[4][0][2] | S_C_o[4][4][3] |     4.494 | SLOW    |     2.329 | FAST    |
S_A_i[4][0][2] | S_C_o[4][4][4] |     4.494 | SLOW    |     2.329 | FAST    |
S_A_i[4][0][2] | S_C_o[4][4][5] |     4.722 | SLOW    |     2.454 | FAST    |
S_A_i[4][0][2] | S_C_o[4][4][6] |     4.744 | SLOW    |     2.468 | FAST    |
S_A_i[4][0][2] | S_C_o[4][4][7] |     4.809 | SLOW    |     2.505 | FAST    |
S_A_i[4][0][2] | S_C_o[4][5][2] |     4.261 | SLOW    |     2.209 | FAST    |
S_A_i[4][0][2] | S_C_o[4][5][3] |     4.494 | SLOW    |     2.329 | FAST    |
S_A_i[4][0][2] | S_C_o[4][5][4] |     4.494 | SLOW    |     2.329 | FAST    |
S_A_i[4][0][2] | S_C_o[4][5][5] |     4.722 | SLOW    |     2.454 | FAST    |
S_A_i[4][0][2] | S_C_o[4][5][6] |     4.744 | SLOW    |     2.468 | FAST    |
S_A_i[4][0][2] | S_C_o[4][5][7] |     4.809 | SLOW    |     2.505 | FAST    |
S_A_i[4][0][2] | S_C_o[4][6][2] |     4.261 | SLOW    |     2.209 | FAST    |
S_A_i[4][0][2] | S_C_o[4][6][3] |     4.494 | SLOW    |     2.329 | FAST    |
S_A_i[4][0][2] | S_C_o[4][6][4] |     4.494 | SLOW    |     2.329 | FAST    |
S_A_i[4][0][2] | S_C_o[4][6][5] |     4.722 | SLOW    |     2.454 | FAST    |
S_A_i[4][0][2] | S_C_o[4][6][6] |     4.744 | SLOW    |     2.468 | FAST    |
S_A_i[4][0][2] | S_C_o[4][6][7] |     4.809 | SLOW    |     2.505 | FAST    |
S_A_i[4][0][2] | S_C_o[4][7][2] |     4.261 | SLOW    |     2.209 | FAST    |
S_A_i[4][0][2] | S_C_o[4][7][3] |     4.494 | SLOW    |     2.329 | FAST    |
S_A_i[4][0][2] | S_C_o[4][7][4] |     4.494 | SLOW    |     2.329 | FAST    |
S_A_i[4][0][2] | S_C_o[4][7][5] |     4.722 | SLOW    |     2.454 | FAST    |
S_A_i[4][0][2] | S_C_o[4][7][6] |     4.744 | SLOW    |     2.468 | FAST    |
S_A_i[4][0][2] | S_C_o[4][7][7] |     4.809 | SLOW    |     2.505 | FAST    |
S_A_i[4][0][3] | S_C_o[4][0][3] |     4.270 | SLOW    |     2.213 | FAST    |
S_A_i[4][0][3] | S_C_o[4][0][4] |     4.265 | SLOW    |     2.205 | FAST    |
S_A_i[4][0][3] | S_C_o[4][0][5] |     4.507 | SLOW    |     2.344 | FAST    |
S_A_i[4][0][3] | S_C_o[4][0][6] |     4.529 | SLOW    |     2.358 | FAST    |
S_A_i[4][0][3] | S_C_o[4][0][7] |     4.594 | SLOW    |     2.395 | FAST    |
S_A_i[4][0][3] | S_C_o[4][1][3] |     4.270 | SLOW    |     2.213 | FAST    |
S_A_i[4][0][3] | S_C_o[4][1][4] |     4.265 | SLOW    |     2.205 | FAST    |
S_A_i[4][0][3] | S_C_o[4][1][5] |     4.507 | SLOW    |     2.344 | FAST    |
S_A_i[4][0][3] | S_C_o[4][1][6] |     4.529 | SLOW    |     2.358 | FAST    |
S_A_i[4][0][3] | S_C_o[4][1][7] |     4.594 | SLOW    |     2.395 | FAST    |
S_A_i[4][0][3] | S_C_o[4][2][3] |     4.270 | SLOW    |     2.213 | FAST    |
S_A_i[4][0][3] | S_C_o[4][2][4] |     4.265 | SLOW    |     2.205 | FAST    |
S_A_i[4][0][3] | S_C_o[4][2][5] |     4.507 | SLOW    |     2.344 | FAST    |
S_A_i[4][0][3] | S_C_o[4][2][6] |     4.529 | SLOW    |     2.358 | FAST    |
S_A_i[4][0][3] | S_C_o[4][2][7] |     4.594 | SLOW    |     2.395 | FAST    |
S_A_i[4][0][3] | S_C_o[4][3][3] |     4.270 | SLOW    |     2.213 | FAST    |
S_A_i[4][0][3] | S_C_o[4][3][4] |     4.265 | SLOW    |     2.205 | FAST    |
S_A_i[4][0][3] | S_C_o[4][3][5] |     4.507 | SLOW    |     2.344 | FAST    |
S_A_i[4][0][3] | S_C_o[4][3][6] |     4.529 | SLOW    |     2.358 | FAST    |
S_A_i[4][0][3] | S_C_o[4][3][7] |     4.594 | SLOW    |     2.395 | FAST    |
S_A_i[4][0][3] | S_C_o[4][4][3] |     4.270 | SLOW    |     2.213 | FAST    |
S_A_i[4][0][3] | S_C_o[4][4][4] |     4.265 | SLOW    |     2.205 | FAST    |
S_A_i[4][0][3] | S_C_o[4][4][5] |     4.507 | SLOW    |     2.344 | FAST    |
S_A_i[4][0][3] | S_C_o[4][4][6] |     4.529 | SLOW    |     2.358 | FAST    |
S_A_i[4][0][3] | S_C_o[4][4][7] |     4.594 | SLOW    |     2.395 | FAST    |
S_A_i[4][0][3] | S_C_o[4][5][3] |     4.270 | SLOW    |     2.213 | FAST    |
S_A_i[4][0][3] | S_C_o[4][5][4] |     4.265 | SLOW    |     2.205 | FAST    |
S_A_i[4][0][3] | S_C_o[4][5][5] |     4.507 | SLOW    |     2.344 | FAST    |
S_A_i[4][0][3] | S_C_o[4][5][6] |     4.529 | SLOW    |     2.358 | FAST    |
S_A_i[4][0][3] | S_C_o[4][5][7] |     4.594 | SLOW    |     2.395 | FAST    |
S_A_i[4][0][3] | S_C_o[4][6][3] |     4.270 | SLOW    |     2.213 | FAST    |
S_A_i[4][0][3] | S_C_o[4][6][4] |     4.265 | SLOW    |     2.205 | FAST    |
S_A_i[4][0][3] | S_C_o[4][6][5] |     4.507 | SLOW    |     2.344 | FAST    |
S_A_i[4][0][3] | S_C_o[4][6][6] |     4.529 | SLOW    |     2.358 | FAST    |
S_A_i[4][0][3] | S_C_o[4][6][7] |     4.594 | SLOW    |     2.395 | FAST    |
S_A_i[4][0][3] | S_C_o[4][7][3] |     4.270 | SLOW    |     2.213 | FAST    |
S_A_i[4][0][3] | S_C_o[4][7][4] |     4.265 | SLOW    |     2.205 | FAST    |
S_A_i[4][0][3] | S_C_o[4][7][5] |     4.507 | SLOW    |     2.344 | FAST    |
S_A_i[4][0][3] | S_C_o[4][7][6] |     4.529 | SLOW    |     2.358 | FAST    |
S_A_i[4][0][3] | S_C_o[4][7][7] |     4.594 | SLOW    |     2.395 | FAST    |
S_A_i[4][0][4] | S_C_o[4][0][4] |     4.261 | SLOW    |     2.209 | FAST    |
S_A_i[4][0][4] | S_C_o[4][0][5] |     4.484 | SLOW    |     2.326 | FAST    |
S_A_i[4][0][4] | S_C_o[4][0][6] |     4.506 | SLOW    |     2.340 | FAST    |
S_A_i[4][0][4] | S_C_o[4][0][7] |     4.571 | SLOW    |     2.377 | FAST    |
S_A_i[4][0][4] | S_C_o[4][1][4] |     4.261 | SLOW    |     2.209 | FAST    |
S_A_i[4][0][4] | S_C_o[4][1][5] |     4.484 | SLOW    |     2.326 | FAST    |
S_A_i[4][0][4] | S_C_o[4][1][6] |     4.506 | SLOW    |     2.340 | FAST    |
S_A_i[4][0][4] | S_C_o[4][1][7] |     4.571 | SLOW    |     2.377 | FAST    |
S_A_i[4][0][4] | S_C_o[4][2][4] |     4.261 | SLOW    |     2.209 | FAST    |
S_A_i[4][0][4] | S_C_o[4][2][5] |     4.484 | SLOW    |     2.326 | FAST    |
S_A_i[4][0][4] | S_C_o[4][2][6] |     4.506 | SLOW    |     2.340 | FAST    |
S_A_i[4][0][4] | S_C_o[4][2][7] |     4.571 | SLOW    |     2.377 | FAST    |
S_A_i[4][0][4] | S_C_o[4][3][4] |     4.261 | SLOW    |     2.209 | FAST    |
S_A_i[4][0][4] | S_C_o[4][3][5] |     4.484 | SLOW    |     2.326 | FAST    |
S_A_i[4][0][4] | S_C_o[4][3][6] |     4.506 | SLOW    |     2.340 | FAST    |
S_A_i[4][0][4] | S_C_o[4][3][7] |     4.571 | SLOW    |     2.377 | FAST    |
S_A_i[4][0][4] | S_C_o[4][4][4] |     4.261 | SLOW    |     2.209 | FAST    |
S_A_i[4][0][4] | S_C_o[4][4][5] |     4.484 | SLOW    |     2.326 | FAST    |
S_A_i[4][0][4] | S_C_o[4][4][6] |     4.506 | SLOW    |     2.340 | FAST    |
S_A_i[4][0][4] | S_C_o[4][4][7] |     4.571 | SLOW    |     2.377 | FAST    |
S_A_i[4][0][4] | S_C_o[4][5][4] |     4.261 | SLOW    |     2.209 | FAST    |
S_A_i[4][0][4] | S_C_o[4][5][5] |     4.484 | SLOW    |     2.326 | FAST    |
S_A_i[4][0][4] | S_C_o[4][5][6] |     4.506 | SLOW    |     2.340 | FAST    |
S_A_i[4][0][4] | S_C_o[4][5][7] |     4.571 | SLOW    |     2.377 | FAST    |
S_A_i[4][0][4] | S_C_o[4][6][4] |     4.261 | SLOW    |     2.209 | FAST    |
S_A_i[4][0][4] | S_C_o[4][6][5] |     4.484 | SLOW    |     2.326 | FAST    |
S_A_i[4][0][4] | S_C_o[4][6][6] |     4.506 | SLOW    |     2.340 | FAST    |
S_A_i[4][0][4] | S_C_o[4][6][7] |     4.571 | SLOW    |     2.377 | FAST    |
S_A_i[4][0][4] | S_C_o[4][7][4] |     4.261 | SLOW    |     2.209 | FAST    |
S_A_i[4][0][4] | S_C_o[4][7][5] |     4.484 | SLOW    |     2.326 | FAST    |
S_A_i[4][0][4] | S_C_o[4][7][6] |     4.506 | SLOW    |     2.340 | FAST    |
S_A_i[4][0][4] | S_C_o[4][7][7] |     4.571 | SLOW    |     2.377 | FAST    |
S_A_i[4][0][5] | S_C_o[4][0][5] |     4.270 | SLOW    |     2.213 | FAST    |
S_A_i[4][0][5] | S_C_o[4][0][6] |     4.287 | SLOW    |     2.219 | FAST    |
S_A_i[4][0][5] | S_C_o[4][0][7] |     4.297 | SLOW    |     2.222 | FAST    |
S_A_i[4][0][5] | S_C_o[4][1][5] |     4.270 | SLOW    |     2.213 | FAST    |
S_A_i[4][0][5] | S_C_o[4][1][6] |     4.287 | SLOW    |     2.219 | FAST    |
S_A_i[4][0][5] | S_C_o[4][1][7] |     4.297 | SLOW    |     2.222 | FAST    |
S_A_i[4][0][5] | S_C_o[4][2][5] |     4.270 | SLOW    |     2.213 | FAST    |
S_A_i[4][0][5] | S_C_o[4][2][6] |     4.287 | SLOW    |     2.219 | FAST    |
S_A_i[4][0][5] | S_C_o[4][2][7] |     4.297 | SLOW    |     2.222 | FAST    |
S_A_i[4][0][5] | S_C_o[4][3][5] |     4.270 | SLOW    |     2.213 | FAST    |
S_A_i[4][0][5] | S_C_o[4][3][6] |     4.287 | SLOW    |     2.219 | FAST    |
S_A_i[4][0][5] | S_C_o[4][3][7] |     4.297 | SLOW    |     2.222 | FAST    |
S_A_i[4][0][5] | S_C_o[4][4][5] |     4.270 | SLOW    |     2.213 | FAST    |
S_A_i[4][0][5] | S_C_o[4][4][6] |     4.287 | SLOW    |     2.219 | FAST    |
S_A_i[4][0][5] | S_C_o[4][4][7] |     4.297 | SLOW    |     2.222 | FAST    |
S_A_i[4][0][5] | S_C_o[4][5][5] |     4.270 | SLOW    |     2.213 | FAST    |
S_A_i[4][0][5] | S_C_o[4][5][6] |     4.287 | SLOW    |     2.219 | FAST    |
S_A_i[4][0][5] | S_C_o[4][5][7] |     4.297 | SLOW    |     2.222 | FAST    |
S_A_i[4][0][5] | S_C_o[4][6][5] |     4.270 | SLOW    |     2.213 | FAST    |
S_A_i[4][0][5] | S_C_o[4][6][6] |     4.287 | SLOW    |     2.219 | FAST    |
S_A_i[4][0][5] | S_C_o[4][6][7] |     4.297 | SLOW    |     2.222 | FAST    |
S_A_i[4][0][5] | S_C_o[4][7][5] |     4.270 | SLOW    |     2.213 | FAST    |
S_A_i[4][0][5] | S_C_o[4][7][6] |     4.287 | SLOW    |     2.219 | FAST    |
S_A_i[4][0][5] | S_C_o[4][7][7] |     4.297 | SLOW    |     2.222 | FAST    |
S_A_i[4][0][6] | S_C_o[4][0][6] |     4.292 | SLOW    |     2.229 | FAST    |
S_A_i[4][0][6] | S_C_o[4][0][7] |     4.256 | SLOW    |     2.201 | FAST    |
S_A_i[4][0][6] | S_C_o[4][1][6] |     4.292 | SLOW    |     2.229 | FAST    |
S_A_i[4][0][6] | S_C_o[4][1][7] |     4.256 | SLOW    |     2.201 | FAST    |
S_A_i[4][0][6] | S_C_o[4][2][6] |     4.292 | SLOW    |     2.229 | FAST    |
S_A_i[4][0][6] | S_C_o[4][2][7] |     4.256 | SLOW    |     2.201 | FAST    |
S_A_i[4][0][6] | S_C_o[4][3][6] |     4.292 | SLOW    |     2.229 | FAST    |
S_A_i[4][0][6] | S_C_o[4][3][7] |     4.256 | SLOW    |     2.201 | FAST    |
S_A_i[4][0][6] | S_C_o[4][4][6] |     4.292 | SLOW    |     2.229 | FAST    |
S_A_i[4][0][6] | S_C_o[4][4][7] |     4.256 | SLOW    |     2.201 | FAST    |
S_A_i[4][0][6] | S_C_o[4][5][6] |     4.292 | SLOW    |     2.229 | FAST    |
S_A_i[4][0][6] | S_C_o[4][5][7] |     4.256 | SLOW    |     2.201 | FAST    |
S_A_i[4][0][6] | S_C_o[4][6][6] |     4.292 | SLOW    |     2.229 | FAST    |
S_A_i[4][0][6] | S_C_o[4][6][7] |     4.256 | SLOW    |     2.201 | FAST    |
S_A_i[4][0][6] | S_C_o[4][7][6] |     4.292 | SLOW    |     2.229 | FAST    |
S_A_i[4][0][6] | S_C_o[4][7][7] |     4.256 | SLOW    |     2.201 | FAST    |
S_A_i[4][0][7] | S_C_o[4][0][7] |     4.444 | SLOW    |     2.314 | FAST    |
S_A_i[4][0][7] | S_C_o[4][1][7] |     4.444 | SLOW    |     2.314 | FAST    |
S_A_i[4][0][7] | S_C_o[4][2][7] |     4.444 | SLOW    |     2.314 | FAST    |
S_A_i[4][0][7] | S_C_o[4][3][7] |     4.444 | SLOW    |     2.314 | FAST    |
S_A_i[4][0][7] | S_C_o[4][4][7] |     4.444 | SLOW    |     2.314 | FAST    |
S_A_i[4][0][7] | S_C_o[4][5][7] |     4.444 | SLOW    |     2.314 | FAST    |
S_A_i[4][0][7] | S_C_o[4][6][7] |     4.444 | SLOW    |     2.314 | FAST    |
S_A_i[4][0][7] | S_C_o[4][7][7] |     4.444 | SLOW    |     2.314 | FAST    |
S_A_i[5][0][0] | S_C_o[5][0][0] |     4.277 | SLOW    |     2.217 | FAST    |
S_A_i[5][0][0] | S_C_o[5][0][1] |     4.294 | SLOW    |     2.223 | FAST    |
S_A_i[5][0][0] | S_C_o[5][0][2] |     4.304 | SLOW    |     2.226 | FAST    |
S_A_i[5][0][0] | S_C_o[5][0][3] |     4.478 | SLOW    |     2.320 | FAST    |
S_A_i[5][0][0] | S_C_o[5][0][4] |     4.478 | SLOW    |     2.320 | FAST    |
S_A_i[5][0][0] | S_C_o[5][0][5] |     4.706 | SLOW    |     2.445 | FAST    |
S_A_i[5][0][0] | S_C_o[5][0][6] |     4.728 | SLOW    |     2.459 | FAST    |
S_A_i[5][0][0] | S_C_o[5][0][7] |     4.793 | SLOW    |     2.496 | FAST    |
S_A_i[5][0][0] | S_C_o[5][1][0] |     4.277 | SLOW    |     2.217 | FAST    |
S_A_i[5][0][0] | S_C_o[5][1][1] |     4.294 | SLOW    |     2.223 | FAST    |
S_A_i[5][0][0] | S_C_o[5][1][2] |     4.304 | SLOW    |     2.226 | FAST    |
S_A_i[5][0][0] | S_C_o[5][1][3] |     4.478 | SLOW    |     2.320 | FAST    |
S_A_i[5][0][0] | S_C_o[5][1][4] |     4.478 | SLOW    |     2.320 | FAST    |
S_A_i[5][0][0] | S_C_o[5][1][5] |     4.706 | SLOW    |     2.445 | FAST    |
S_A_i[5][0][0] | S_C_o[5][1][6] |     4.728 | SLOW    |     2.459 | FAST    |
S_A_i[5][0][0] | S_C_o[5][1][7] |     4.793 | SLOW    |     2.496 | FAST    |
S_A_i[5][0][0] | S_C_o[5][2][0] |     4.277 | SLOW    |     2.217 | FAST    |
S_A_i[5][0][0] | S_C_o[5][2][1] |     4.294 | SLOW    |     2.223 | FAST    |
S_A_i[5][0][0] | S_C_o[5][2][2] |     4.304 | SLOW    |     2.226 | FAST    |
S_A_i[5][0][0] | S_C_o[5][2][3] |     4.478 | SLOW    |     2.320 | FAST    |
S_A_i[5][0][0] | S_C_o[5][2][4] |     4.478 | SLOW    |     2.320 | FAST    |
S_A_i[5][0][0] | S_C_o[5][2][5] |     4.706 | SLOW    |     2.445 | FAST    |
S_A_i[5][0][0] | S_C_o[5][2][6] |     4.728 | SLOW    |     2.459 | FAST    |
S_A_i[5][0][0] | S_C_o[5][2][7] |     4.793 | SLOW    |     2.496 | FAST    |
S_A_i[5][0][0] | S_C_o[5][3][0] |     4.277 | SLOW    |     2.217 | FAST    |
S_A_i[5][0][0] | S_C_o[5][3][1] |     4.294 | SLOW    |     2.223 | FAST    |
S_A_i[5][0][0] | S_C_o[5][3][2] |     4.304 | SLOW    |     2.226 | FAST    |
S_A_i[5][0][0] | S_C_o[5][3][3] |     4.478 | SLOW    |     2.320 | FAST    |
S_A_i[5][0][0] | S_C_o[5][3][4] |     4.478 | SLOW    |     2.320 | FAST    |
S_A_i[5][0][0] | S_C_o[5][3][5] |     4.706 | SLOW    |     2.445 | FAST    |
S_A_i[5][0][0] | S_C_o[5][3][6] |     4.728 | SLOW    |     2.459 | FAST    |
S_A_i[5][0][0] | S_C_o[5][3][7] |     4.793 | SLOW    |     2.496 | FAST    |
S_A_i[5][0][0] | S_C_o[5][4][0] |     4.277 | SLOW    |     2.217 | FAST    |
S_A_i[5][0][0] | S_C_o[5][4][1] |     4.294 | SLOW    |     2.223 | FAST    |
S_A_i[5][0][0] | S_C_o[5][4][2] |     4.304 | SLOW    |     2.226 | FAST    |
S_A_i[5][0][0] | S_C_o[5][4][3] |     4.478 | SLOW    |     2.320 | FAST    |
S_A_i[5][0][0] | S_C_o[5][4][4] |     4.478 | SLOW    |     2.320 | FAST    |
S_A_i[5][0][0] | S_C_o[5][4][5] |     4.706 | SLOW    |     2.445 | FAST    |
S_A_i[5][0][0] | S_C_o[5][4][6] |     4.728 | SLOW    |     2.459 | FAST    |
S_A_i[5][0][0] | S_C_o[5][4][7] |     4.793 | SLOW    |     2.496 | FAST    |
S_A_i[5][0][0] | S_C_o[5][5][0] |     4.277 | SLOW    |     2.217 | FAST    |
S_A_i[5][0][0] | S_C_o[5][5][1] |     4.294 | SLOW    |     2.223 | FAST    |
S_A_i[5][0][0] | S_C_o[5][5][2] |     4.304 | SLOW    |     2.226 | FAST    |
S_A_i[5][0][0] | S_C_o[5][5][3] |     4.478 | SLOW    |     2.320 | FAST    |
S_A_i[5][0][0] | S_C_o[5][5][4] |     4.478 | SLOW    |     2.320 | FAST    |
S_A_i[5][0][0] | S_C_o[5][5][5] |     4.706 | SLOW    |     2.445 | FAST    |
S_A_i[5][0][0] | S_C_o[5][5][6] |     4.728 | SLOW    |     2.459 | FAST    |
S_A_i[5][0][0] | S_C_o[5][5][7] |     4.793 | SLOW    |     2.496 | FAST    |
S_A_i[5][0][0] | S_C_o[5][6][0] |     4.277 | SLOW    |     2.217 | FAST    |
S_A_i[5][0][0] | S_C_o[5][6][1] |     4.294 | SLOW    |     2.223 | FAST    |
S_A_i[5][0][0] | S_C_o[5][6][2] |     4.304 | SLOW    |     2.226 | FAST    |
S_A_i[5][0][0] | S_C_o[5][6][3] |     4.478 | SLOW    |     2.320 | FAST    |
S_A_i[5][0][0] | S_C_o[5][6][4] |     4.478 | SLOW    |     2.320 | FAST    |
S_A_i[5][0][0] | S_C_o[5][6][5] |     4.706 | SLOW    |     2.445 | FAST    |
S_A_i[5][0][0] | S_C_o[5][6][6] |     4.728 | SLOW    |     2.459 | FAST    |
S_A_i[5][0][0] | S_C_o[5][6][7] |     4.793 | SLOW    |     2.496 | FAST    |
S_A_i[5][0][0] | S_C_o[5][7][0] |     4.277 | SLOW    |     2.217 | FAST    |
S_A_i[5][0][0] | S_C_o[5][7][1] |     4.294 | SLOW    |     2.223 | FAST    |
S_A_i[5][0][0] | S_C_o[5][7][2] |     4.304 | SLOW    |     2.226 | FAST    |
S_A_i[5][0][0] | S_C_o[5][7][3] |     4.478 | SLOW    |     2.320 | FAST    |
S_A_i[5][0][0] | S_C_o[5][7][4] |     4.478 | SLOW    |     2.320 | FAST    |
S_A_i[5][0][0] | S_C_o[5][7][5] |     4.706 | SLOW    |     2.445 | FAST    |
S_A_i[5][0][0] | S_C_o[5][7][6] |     4.728 | SLOW    |     2.459 | FAST    |
S_A_i[5][0][0] | S_C_o[5][7][7] |     4.793 | SLOW    |     2.496 | FAST    |
S_A_i[5][0][1] | S_C_o[5][0][1] |     4.301 | SLOW    |     2.233 | FAST    |
S_A_i[5][0][1] | S_C_o[5][0][2] |     4.297 | SLOW    |     2.222 | FAST    |
S_A_i[5][0][1] | S_C_o[5][0][3] |     4.476 | SLOW    |     2.324 | FAST    |
S_A_i[5][0][1] | S_C_o[5][0][4] |     4.476 | SLOW    |     2.324 | FAST    |
S_A_i[5][0][1] | S_C_o[5][0][5] |     4.704 | SLOW    |     2.449 | FAST    |
S_A_i[5][0][1] | S_C_o[5][0][6] |     4.726 | SLOW    |     2.463 | FAST    |
S_A_i[5][0][1] | S_C_o[5][0][7] |     4.791 | SLOW    |     2.500 | FAST    |
S_A_i[5][0][1] | S_C_o[5][1][1] |     4.301 | SLOW    |     2.233 | FAST    |
S_A_i[5][0][1] | S_C_o[5][1][2] |     4.297 | SLOW    |     2.222 | FAST    |
S_A_i[5][0][1] | S_C_o[5][1][3] |     4.476 | SLOW    |     2.324 | FAST    |
S_A_i[5][0][1] | S_C_o[5][1][4] |     4.476 | SLOW    |     2.324 | FAST    |
S_A_i[5][0][1] | S_C_o[5][1][5] |     4.704 | SLOW    |     2.449 | FAST    |
S_A_i[5][0][1] | S_C_o[5][1][6] |     4.726 | SLOW    |     2.463 | FAST    |
S_A_i[5][0][1] | S_C_o[5][1][7] |     4.791 | SLOW    |     2.500 | FAST    |
S_A_i[5][0][1] | S_C_o[5][2][1] |     4.301 | SLOW    |     2.233 | FAST    |
S_A_i[5][0][1] | S_C_o[5][2][2] |     4.297 | SLOW    |     2.222 | FAST    |
S_A_i[5][0][1] | S_C_o[5][2][3] |     4.476 | SLOW    |     2.324 | FAST    |
S_A_i[5][0][1] | S_C_o[5][2][4] |     4.476 | SLOW    |     2.324 | FAST    |
S_A_i[5][0][1] | S_C_o[5][2][5] |     4.704 | SLOW    |     2.449 | FAST    |
S_A_i[5][0][1] | S_C_o[5][2][6] |     4.726 | SLOW    |     2.463 | FAST    |
S_A_i[5][0][1] | S_C_o[5][2][7] |     4.791 | SLOW    |     2.500 | FAST    |
S_A_i[5][0][1] | S_C_o[5][3][1] |     4.301 | SLOW    |     2.233 | FAST    |
S_A_i[5][0][1] | S_C_o[5][3][2] |     4.297 | SLOW    |     2.222 | FAST    |
S_A_i[5][0][1] | S_C_o[5][3][3] |     4.476 | SLOW    |     2.324 | FAST    |
S_A_i[5][0][1] | S_C_o[5][3][4] |     4.476 | SLOW    |     2.324 | FAST    |
S_A_i[5][0][1] | S_C_o[5][3][5] |     4.704 | SLOW    |     2.449 | FAST    |
S_A_i[5][0][1] | S_C_o[5][3][6] |     4.726 | SLOW    |     2.463 | FAST    |
S_A_i[5][0][1] | S_C_o[5][3][7] |     4.791 | SLOW    |     2.500 | FAST    |
S_A_i[5][0][1] | S_C_o[5][4][1] |     4.301 | SLOW    |     2.233 | FAST    |
S_A_i[5][0][1] | S_C_o[5][4][2] |     4.297 | SLOW    |     2.222 | FAST    |
S_A_i[5][0][1] | S_C_o[5][4][3] |     4.476 | SLOW    |     2.324 | FAST    |
S_A_i[5][0][1] | S_C_o[5][4][4] |     4.476 | SLOW    |     2.324 | FAST    |
S_A_i[5][0][1] | S_C_o[5][4][5] |     4.704 | SLOW    |     2.449 | FAST    |
S_A_i[5][0][1] | S_C_o[5][4][6] |     4.726 | SLOW    |     2.463 | FAST    |
S_A_i[5][0][1] | S_C_o[5][4][7] |     4.791 | SLOW    |     2.500 | FAST    |
S_A_i[5][0][1] | S_C_o[5][5][1] |     4.301 | SLOW    |     2.233 | FAST    |
S_A_i[5][0][1] | S_C_o[5][5][2] |     4.297 | SLOW    |     2.222 | FAST    |
S_A_i[5][0][1] | S_C_o[5][5][3] |     4.476 | SLOW    |     2.324 | FAST    |
S_A_i[5][0][1] | S_C_o[5][5][4] |     4.476 | SLOW    |     2.324 | FAST    |
S_A_i[5][0][1] | S_C_o[5][5][5] |     4.704 | SLOW    |     2.449 | FAST    |
S_A_i[5][0][1] | S_C_o[5][5][6] |     4.726 | SLOW    |     2.463 | FAST    |
S_A_i[5][0][1] | S_C_o[5][5][7] |     4.791 | SLOW    |     2.500 | FAST    |
S_A_i[5][0][1] | S_C_o[5][6][1] |     4.301 | SLOW    |     2.233 | FAST    |
S_A_i[5][0][1] | S_C_o[5][6][2] |     4.297 | SLOW    |     2.222 | FAST    |
S_A_i[5][0][1] | S_C_o[5][6][3] |     4.476 | SLOW    |     2.324 | FAST    |
S_A_i[5][0][1] | S_C_o[5][6][4] |     4.476 | SLOW    |     2.324 | FAST    |
S_A_i[5][0][1] | S_C_o[5][6][5] |     4.704 | SLOW    |     2.449 | FAST    |
S_A_i[5][0][1] | S_C_o[5][6][6] |     4.726 | SLOW    |     2.463 | FAST    |
S_A_i[5][0][1] | S_C_o[5][6][7] |     4.791 | SLOW    |     2.500 | FAST    |
S_A_i[5][0][1] | S_C_o[5][7][1] |     4.301 | SLOW    |     2.233 | FAST    |
S_A_i[5][0][1] | S_C_o[5][7][2] |     4.297 | SLOW    |     2.222 | FAST    |
S_A_i[5][0][1] | S_C_o[5][7][3] |     4.476 | SLOW    |     2.324 | FAST    |
S_A_i[5][0][1] | S_C_o[5][7][4] |     4.476 | SLOW    |     2.324 | FAST    |
S_A_i[5][0][1] | S_C_o[5][7][5] |     4.704 | SLOW    |     2.449 | FAST    |
S_A_i[5][0][1] | S_C_o[5][7][6] |     4.726 | SLOW    |     2.463 | FAST    |
S_A_i[5][0][1] | S_C_o[5][7][7] |     4.791 | SLOW    |     2.500 | FAST    |
S_A_i[5][0][2] | S_C_o[5][0][2] |     4.261 | SLOW    |     2.209 | FAST    |
S_A_i[5][0][2] | S_C_o[5][0][3] |     4.494 | SLOW    |     2.329 | FAST    |
S_A_i[5][0][2] | S_C_o[5][0][4] |     4.494 | SLOW    |     2.329 | FAST    |
S_A_i[5][0][2] | S_C_o[5][0][5] |     4.722 | SLOW    |     2.454 | FAST    |
S_A_i[5][0][2] | S_C_o[5][0][6] |     4.744 | SLOW    |     2.468 | FAST    |
S_A_i[5][0][2] | S_C_o[5][0][7] |     4.809 | SLOW    |     2.505 | FAST    |
S_A_i[5][0][2] | S_C_o[5][1][2] |     4.261 | SLOW    |     2.209 | FAST    |
S_A_i[5][0][2] | S_C_o[5][1][3] |     4.494 | SLOW    |     2.329 | FAST    |
S_A_i[5][0][2] | S_C_o[5][1][4] |     4.494 | SLOW    |     2.329 | FAST    |
S_A_i[5][0][2] | S_C_o[5][1][5] |     4.722 | SLOW    |     2.454 | FAST    |
S_A_i[5][0][2] | S_C_o[5][1][6] |     4.744 | SLOW    |     2.468 | FAST    |
S_A_i[5][0][2] | S_C_o[5][1][7] |     4.809 | SLOW    |     2.505 | FAST    |
S_A_i[5][0][2] | S_C_o[5][2][2] |     4.261 | SLOW    |     2.209 | FAST    |
S_A_i[5][0][2] | S_C_o[5][2][3] |     4.494 | SLOW    |     2.329 | FAST    |
S_A_i[5][0][2] | S_C_o[5][2][4] |     4.494 | SLOW    |     2.329 | FAST    |
S_A_i[5][0][2] | S_C_o[5][2][5] |     4.722 | SLOW    |     2.454 | FAST    |
S_A_i[5][0][2] | S_C_o[5][2][6] |     4.744 | SLOW    |     2.468 | FAST    |
S_A_i[5][0][2] | S_C_o[5][2][7] |     4.809 | SLOW    |     2.505 | FAST    |
S_A_i[5][0][2] | S_C_o[5][3][2] |     4.261 | SLOW    |     2.209 | FAST    |
S_A_i[5][0][2] | S_C_o[5][3][3] |     4.494 | SLOW    |     2.329 | FAST    |
S_A_i[5][0][2] | S_C_o[5][3][4] |     4.494 | SLOW    |     2.329 | FAST    |
S_A_i[5][0][2] | S_C_o[5][3][5] |     4.722 | SLOW    |     2.454 | FAST    |
S_A_i[5][0][2] | S_C_o[5][3][6] |     4.744 | SLOW    |     2.468 | FAST    |
S_A_i[5][0][2] | S_C_o[5][3][7] |     4.809 | SLOW    |     2.505 | FAST    |
S_A_i[5][0][2] | S_C_o[5][4][2] |     4.261 | SLOW    |     2.209 | FAST    |
S_A_i[5][0][2] | S_C_o[5][4][3] |     4.494 | SLOW    |     2.329 | FAST    |
S_A_i[5][0][2] | S_C_o[5][4][4] |     4.494 | SLOW    |     2.329 | FAST    |
S_A_i[5][0][2] | S_C_o[5][4][5] |     4.722 | SLOW    |     2.454 | FAST    |
S_A_i[5][0][2] | S_C_o[5][4][6] |     4.744 | SLOW    |     2.468 | FAST    |
S_A_i[5][0][2] | S_C_o[5][4][7] |     4.809 | SLOW    |     2.505 | FAST    |
S_A_i[5][0][2] | S_C_o[5][5][2] |     4.261 | SLOW    |     2.209 | FAST    |
S_A_i[5][0][2] | S_C_o[5][5][3] |     4.494 | SLOW    |     2.329 | FAST    |
S_A_i[5][0][2] | S_C_o[5][5][4] |     4.494 | SLOW    |     2.329 | FAST    |
S_A_i[5][0][2] | S_C_o[5][5][5] |     4.722 | SLOW    |     2.454 | FAST    |
S_A_i[5][0][2] | S_C_o[5][5][6] |     4.744 | SLOW    |     2.468 | FAST    |
S_A_i[5][0][2] | S_C_o[5][5][7] |     4.809 | SLOW    |     2.505 | FAST    |
S_A_i[5][0][2] | S_C_o[5][6][2] |     4.261 | SLOW    |     2.209 | FAST    |
S_A_i[5][0][2] | S_C_o[5][6][3] |     4.494 | SLOW    |     2.329 | FAST    |
S_A_i[5][0][2] | S_C_o[5][6][4] |     4.494 | SLOW    |     2.329 | FAST    |
S_A_i[5][0][2] | S_C_o[5][6][5] |     4.722 | SLOW    |     2.454 | FAST    |
S_A_i[5][0][2] | S_C_o[5][6][6] |     4.744 | SLOW    |     2.468 | FAST    |
S_A_i[5][0][2] | S_C_o[5][6][7] |     4.809 | SLOW    |     2.505 | FAST    |
S_A_i[5][0][2] | S_C_o[5][7][2] |     4.261 | SLOW    |     2.209 | FAST    |
S_A_i[5][0][2] | S_C_o[5][7][3] |     4.494 | SLOW    |     2.329 | FAST    |
S_A_i[5][0][2] | S_C_o[5][7][4] |     4.494 | SLOW    |     2.329 | FAST    |
S_A_i[5][0][2] | S_C_o[5][7][5] |     4.722 | SLOW    |     2.454 | FAST    |
S_A_i[5][0][2] | S_C_o[5][7][6] |     4.744 | SLOW    |     2.468 | FAST    |
S_A_i[5][0][2] | S_C_o[5][7][7] |     4.809 | SLOW    |     2.505 | FAST    |
S_A_i[5][0][3] | S_C_o[5][0][3] |     4.270 | SLOW    |     2.213 | FAST    |
S_A_i[5][0][3] | S_C_o[5][0][4] |     4.265 | SLOW    |     2.205 | FAST    |
S_A_i[5][0][3] | S_C_o[5][0][5] |     4.507 | SLOW    |     2.344 | FAST    |
S_A_i[5][0][3] | S_C_o[5][0][6] |     4.529 | SLOW    |     2.358 | FAST    |
S_A_i[5][0][3] | S_C_o[5][0][7] |     4.594 | SLOW    |     2.395 | FAST    |
S_A_i[5][0][3] | S_C_o[5][1][3] |     4.270 | SLOW    |     2.213 | FAST    |
S_A_i[5][0][3] | S_C_o[5][1][4] |     4.265 | SLOW    |     2.205 | FAST    |
S_A_i[5][0][3] | S_C_o[5][1][5] |     4.507 | SLOW    |     2.344 | FAST    |
S_A_i[5][0][3] | S_C_o[5][1][6] |     4.529 | SLOW    |     2.358 | FAST    |
S_A_i[5][0][3] | S_C_o[5][1][7] |     4.594 | SLOW    |     2.395 | FAST    |
S_A_i[5][0][3] | S_C_o[5][2][3] |     4.270 | SLOW    |     2.213 | FAST    |
S_A_i[5][0][3] | S_C_o[5][2][4] |     4.265 | SLOW    |     2.205 | FAST    |
S_A_i[5][0][3] | S_C_o[5][2][5] |     4.507 | SLOW    |     2.344 | FAST    |
S_A_i[5][0][3] | S_C_o[5][2][6] |     4.529 | SLOW    |     2.358 | FAST    |
S_A_i[5][0][3] | S_C_o[5][2][7] |     4.594 | SLOW    |     2.395 | FAST    |
S_A_i[5][0][3] | S_C_o[5][3][3] |     4.270 | SLOW    |     2.213 | FAST    |
S_A_i[5][0][3] | S_C_o[5][3][4] |     4.265 | SLOW    |     2.205 | FAST    |
S_A_i[5][0][3] | S_C_o[5][3][5] |     4.507 | SLOW    |     2.344 | FAST    |
S_A_i[5][0][3] | S_C_o[5][3][6] |     4.529 | SLOW    |     2.358 | FAST    |
S_A_i[5][0][3] | S_C_o[5][3][7] |     4.594 | SLOW    |     2.395 | FAST    |
S_A_i[5][0][3] | S_C_o[5][4][3] |     4.270 | SLOW    |     2.213 | FAST    |
S_A_i[5][0][3] | S_C_o[5][4][4] |     4.265 | SLOW    |     2.205 | FAST    |
S_A_i[5][0][3] | S_C_o[5][4][5] |     4.507 | SLOW    |     2.344 | FAST    |
S_A_i[5][0][3] | S_C_o[5][4][6] |     4.529 | SLOW    |     2.358 | FAST    |
S_A_i[5][0][3] | S_C_o[5][4][7] |     4.594 | SLOW    |     2.395 | FAST    |
S_A_i[5][0][3] | S_C_o[5][5][3] |     4.270 | SLOW    |     2.213 | FAST    |
S_A_i[5][0][3] | S_C_o[5][5][4] |     4.265 | SLOW    |     2.205 | FAST    |
S_A_i[5][0][3] | S_C_o[5][5][5] |     4.507 | SLOW    |     2.344 | FAST    |
S_A_i[5][0][3] | S_C_o[5][5][6] |     4.529 | SLOW    |     2.358 | FAST    |
S_A_i[5][0][3] | S_C_o[5][5][7] |     4.594 | SLOW    |     2.395 | FAST    |
S_A_i[5][0][3] | S_C_o[5][6][3] |     4.270 | SLOW    |     2.213 | FAST    |
S_A_i[5][0][3] | S_C_o[5][6][4] |     4.265 | SLOW    |     2.205 | FAST    |
S_A_i[5][0][3] | S_C_o[5][6][5] |     4.507 | SLOW    |     2.344 | FAST    |
S_A_i[5][0][3] | S_C_o[5][6][6] |     4.529 | SLOW    |     2.358 | FAST    |
S_A_i[5][0][3] | S_C_o[5][6][7] |     4.594 | SLOW    |     2.395 | FAST    |
S_A_i[5][0][3] | S_C_o[5][7][3] |     4.270 | SLOW    |     2.213 | FAST    |
S_A_i[5][0][3] | S_C_o[5][7][4] |     4.265 | SLOW    |     2.205 | FAST    |
S_A_i[5][0][3] | S_C_o[5][7][5] |     4.507 | SLOW    |     2.344 | FAST    |
S_A_i[5][0][3] | S_C_o[5][7][6] |     4.529 | SLOW    |     2.358 | FAST    |
S_A_i[5][0][3] | S_C_o[5][7][7] |     4.594 | SLOW    |     2.395 | FAST    |
S_A_i[5][0][4] | S_C_o[5][0][4] |     4.261 | SLOW    |     2.209 | FAST    |
S_A_i[5][0][4] | S_C_o[5][0][5] |     4.484 | SLOW    |     2.326 | FAST    |
S_A_i[5][0][4] | S_C_o[5][0][6] |     4.506 | SLOW    |     2.340 | FAST    |
S_A_i[5][0][4] | S_C_o[5][0][7] |     4.571 | SLOW    |     2.377 | FAST    |
S_A_i[5][0][4] | S_C_o[5][1][4] |     4.261 | SLOW    |     2.209 | FAST    |
S_A_i[5][0][4] | S_C_o[5][1][5] |     4.484 | SLOW    |     2.326 | FAST    |
S_A_i[5][0][4] | S_C_o[5][1][6] |     4.506 | SLOW    |     2.340 | FAST    |
S_A_i[5][0][4] | S_C_o[5][1][7] |     4.571 | SLOW    |     2.377 | FAST    |
S_A_i[5][0][4] | S_C_o[5][2][4] |     4.261 | SLOW    |     2.209 | FAST    |
S_A_i[5][0][4] | S_C_o[5][2][5] |     4.484 | SLOW    |     2.326 | FAST    |
S_A_i[5][0][4] | S_C_o[5][2][6] |     4.506 | SLOW    |     2.340 | FAST    |
S_A_i[5][0][4] | S_C_o[5][2][7] |     4.571 | SLOW    |     2.377 | FAST    |
S_A_i[5][0][4] | S_C_o[5][3][4] |     4.261 | SLOW    |     2.209 | FAST    |
S_A_i[5][0][4] | S_C_o[5][3][5] |     4.484 | SLOW    |     2.326 | FAST    |
S_A_i[5][0][4] | S_C_o[5][3][6] |     4.506 | SLOW    |     2.340 | FAST    |
S_A_i[5][0][4] | S_C_o[5][3][7] |     4.571 | SLOW    |     2.377 | FAST    |
S_A_i[5][0][4] | S_C_o[5][4][4] |     4.261 | SLOW    |     2.209 | FAST    |
S_A_i[5][0][4] | S_C_o[5][4][5] |     4.484 | SLOW    |     2.326 | FAST    |
S_A_i[5][0][4] | S_C_o[5][4][6] |     4.506 | SLOW    |     2.340 | FAST    |
S_A_i[5][0][4] | S_C_o[5][4][7] |     4.571 | SLOW    |     2.377 | FAST    |
S_A_i[5][0][4] | S_C_o[5][5][4] |     4.261 | SLOW    |     2.209 | FAST    |
S_A_i[5][0][4] | S_C_o[5][5][5] |     4.484 | SLOW    |     2.326 | FAST    |
S_A_i[5][0][4] | S_C_o[5][5][6] |     4.506 | SLOW    |     2.340 | FAST    |
S_A_i[5][0][4] | S_C_o[5][5][7] |     4.571 | SLOW    |     2.377 | FAST    |
S_A_i[5][0][4] | S_C_o[5][6][4] |     4.261 | SLOW    |     2.209 | FAST    |
S_A_i[5][0][4] | S_C_o[5][6][5] |     4.484 | SLOW    |     2.326 | FAST    |
S_A_i[5][0][4] | S_C_o[5][6][6] |     4.506 | SLOW    |     2.340 | FAST    |
S_A_i[5][0][4] | S_C_o[5][6][7] |     4.571 | SLOW    |     2.377 | FAST    |
S_A_i[5][0][4] | S_C_o[5][7][4] |     4.261 | SLOW    |     2.209 | FAST    |
S_A_i[5][0][4] | S_C_o[5][7][5] |     4.484 | SLOW    |     2.326 | FAST    |
S_A_i[5][0][4] | S_C_o[5][7][6] |     4.506 | SLOW    |     2.340 | FAST    |
S_A_i[5][0][4] | S_C_o[5][7][7] |     4.571 | SLOW    |     2.377 | FAST    |
S_A_i[5][0][5] | S_C_o[5][0][5] |     4.270 | SLOW    |     2.213 | FAST    |
S_A_i[5][0][5] | S_C_o[5][0][6] |     4.287 | SLOW    |     2.219 | FAST    |
S_A_i[5][0][5] | S_C_o[5][0][7] |     4.297 | SLOW    |     2.222 | FAST    |
S_A_i[5][0][5] | S_C_o[5][1][5] |     4.270 | SLOW    |     2.213 | FAST    |
S_A_i[5][0][5] | S_C_o[5][1][6] |     4.287 | SLOW    |     2.219 | FAST    |
S_A_i[5][0][5] | S_C_o[5][1][7] |     4.297 | SLOW    |     2.222 | FAST    |
S_A_i[5][0][5] | S_C_o[5][2][5] |     4.270 | SLOW    |     2.213 | FAST    |
S_A_i[5][0][5] | S_C_o[5][2][6] |     4.287 | SLOW    |     2.219 | FAST    |
S_A_i[5][0][5] | S_C_o[5][2][7] |     4.297 | SLOW    |     2.222 | FAST    |
S_A_i[5][0][5] | S_C_o[5][3][5] |     4.270 | SLOW    |     2.213 | FAST    |
S_A_i[5][0][5] | S_C_o[5][3][6] |     4.287 | SLOW    |     2.219 | FAST    |
S_A_i[5][0][5] | S_C_o[5][3][7] |     4.297 | SLOW    |     2.222 | FAST    |
S_A_i[5][0][5] | S_C_o[5][4][5] |     4.270 | SLOW    |     2.213 | FAST    |
S_A_i[5][0][5] | S_C_o[5][4][6] |     4.287 | SLOW    |     2.219 | FAST    |
S_A_i[5][0][5] | S_C_o[5][4][7] |     4.297 | SLOW    |     2.222 | FAST    |
S_A_i[5][0][5] | S_C_o[5][5][5] |     4.270 | SLOW    |     2.213 | FAST    |
S_A_i[5][0][5] | S_C_o[5][5][6] |     4.287 | SLOW    |     2.219 | FAST    |
S_A_i[5][0][5] | S_C_o[5][5][7] |     4.297 | SLOW    |     2.222 | FAST    |
S_A_i[5][0][5] | S_C_o[5][6][5] |     4.270 | SLOW    |     2.213 | FAST    |
S_A_i[5][0][5] | S_C_o[5][6][6] |     4.287 | SLOW    |     2.219 | FAST    |
S_A_i[5][0][5] | S_C_o[5][6][7] |     4.297 | SLOW    |     2.222 | FAST    |
S_A_i[5][0][5] | S_C_o[5][7][5] |     4.270 | SLOW    |     2.213 | FAST    |
S_A_i[5][0][5] | S_C_o[5][7][6] |     4.287 | SLOW    |     2.219 | FAST    |
S_A_i[5][0][5] | S_C_o[5][7][7] |     4.297 | SLOW    |     2.222 | FAST    |
S_A_i[5][0][6] | S_C_o[5][0][6] |     4.292 | SLOW    |     2.229 | FAST    |
S_A_i[5][0][6] | S_C_o[5][0][7] |     4.256 | SLOW    |     2.201 | FAST    |
S_A_i[5][0][6] | S_C_o[5][1][6] |     4.292 | SLOW    |     2.229 | FAST    |
S_A_i[5][0][6] | S_C_o[5][1][7] |     4.256 | SLOW    |     2.201 | FAST    |
S_A_i[5][0][6] | S_C_o[5][2][6] |     4.292 | SLOW    |     2.229 | FAST    |
S_A_i[5][0][6] | S_C_o[5][2][7] |     4.256 | SLOW    |     2.201 | FAST    |
S_A_i[5][0][6] | S_C_o[5][3][6] |     4.292 | SLOW    |     2.229 | FAST    |
S_A_i[5][0][6] | S_C_o[5][3][7] |     4.256 | SLOW    |     2.201 | FAST    |
S_A_i[5][0][6] | S_C_o[5][4][6] |     4.292 | SLOW    |     2.229 | FAST    |
S_A_i[5][0][6] | S_C_o[5][4][7] |     4.256 | SLOW    |     2.201 | FAST    |
S_A_i[5][0][6] | S_C_o[5][5][6] |     4.292 | SLOW    |     2.229 | FAST    |
S_A_i[5][0][6] | S_C_o[5][5][7] |     4.256 | SLOW    |     2.201 | FAST    |
S_A_i[5][0][6] | S_C_o[5][6][6] |     4.292 | SLOW    |     2.229 | FAST    |
S_A_i[5][0][6] | S_C_o[5][6][7] |     4.256 | SLOW    |     2.201 | FAST    |
S_A_i[5][0][6] | S_C_o[5][7][6] |     4.292 | SLOW    |     2.229 | FAST    |
S_A_i[5][0][6] | S_C_o[5][7][7] |     4.256 | SLOW    |     2.201 | FAST    |
S_A_i[5][0][7] | S_C_o[5][0][7] |     4.444 | SLOW    |     2.314 | FAST    |
S_A_i[5][0][7] | S_C_o[5][1][7] |     4.444 | SLOW    |     2.314 | FAST    |
S_A_i[5][0][7] | S_C_o[5][2][7] |     4.444 | SLOW    |     2.314 | FAST    |
S_A_i[5][0][7] | S_C_o[5][3][7] |     4.444 | SLOW    |     2.314 | FAST    |
S_A_i[5][0][7] | S_C_o[5][4][7] |     4.444 | SLOW    |     2.314 | FAST    |
S_A_i[5][0][7] | S_C_o[5][5][7] |     4.444 | SLOW    |     2.314 | FAST    |
S_A_i[5][0][7] | S_C_o[5][6][7] |     4.444 | SLOW    |     2.314 | FAST    |
S_A_i[5][0][7] | S_C_o[5][7][7] |     4.444 | SLOW    |     2.314 | FAST    |
S_A_i[6][0][0] | S_C_o[6][0][0] |     4.277 | SLOW    |     2.217 | FAST    |
S_A_i[6][0][0] | S_C_o[6][0][1] |     4.294 | SLOW    |     2.223 | FAST    |
S_A_i[6][0][0] | S_C_o[6][0][2] |     4.304 | SLOW    |     2.226 | FAST    |
S_A_i[6][0][0] | S_C_o[6][0][3] |     4.478 | SLOW    |     2.320 | FAST    |
S_A_i[6][0][0] | S_C_o[6][0][4] |     4.478 | SLOW    |     2.320 | FAST    |
S_A_i[6][0][0] | S_C_o[6][0][5] |     4.706 | SLOW    |     2.445 | FAST    |
S_A_i[6][0][0] | S_C_o[6][0][6] |     4.728 | SLOW    |     2.459 | FAST    |
S_A_i[6][0][0] | S_C_o[6][0][7] |     4.793 | SLOW    |     2.496 | FAST    |
S_A_i[6][0][0] | S_C_o[6][1][0] |     4.277 | SLOW    |     2.217 | FAST    |
S_A_i[6][0][0] | S_C_o[6][1][1] |     4.294 | SLOW    |     2.223 | FAST    |
S_A_i[6][0][0] | S_C_o[6][1][2] |     4.304 | SLOW    |     2.226 | FAST    |
S_A_i[6][0][0] | S_C_o[6][1][3] |     4.478 | SLOW    |     2.320 | FAST    |
S_A_i[6][0][0] | S_C_o[6][1][4] |     4.478 | SLOW    |     2.320 | FAST    |
S_A_i[6][0][0] | S_C_o[6][1][5] |     4.706 | SLOW    |     2.445 | FAST    |
S_A_i[6][0][0] | S_C_o[6][1][6] |     4.728 | SLOW    |     2.459 | FAST    |
S_A_i[6][0][0] | S_C_o[6][1][7] |     4.793 | SLOW    |     2.496 | FAST    |
S_A_i[6][0][0] | S_C_o[6][2][0] |     4.277 | SLOW    |     2.217 | FAST    |
S_A_i[6][0][0] | S_C_o[6][2][1] |     4.294 | SLOW    |     2.223 | FAST    |
S_A_i[6][0][0] | S_C_o[6][2][2] |     4.304 | SLOW    |     2.226 | FAST    |
S_A_i[6][0][0] | S_C_o[6][2][3] |     4.478 | SLOW    |     2.320 | FAST    |
S_A_i[6][0][0] | S_C_o[6][2][4] |     4.478 | SLOW    |     2.320 | FAST    |
S_A_i[6][0][0] | S_C_o[6][2][5] |     4.706 | SLOW    |     2.445 | FAST    |
S_A_i[6][0][0] | S_C_o[6][2][6] |     4.728 | SLOW    |     2.459 | FAST    |
S_A_i[6][0][0] | S_C_o[6][2][7] |     4.793 | SLOW    |     2.496 | FAST    |
S_A_i[6][0][0] | S_C_o[6][3][0] |     4.277 | SLOW    |     2.217 | FAST    |
S_A_i[6][0][0] | S_C_o[6][3][1] |     4.294 | SLOW    |     2.223 | FAST    |
S_A_i[6][0][0] | S_C_o[6][3][2] |     4.304 | SLOW    |     2.226 | FAST    |
S_A_i[6][0][0] | S_C_o[6][3][3] |     4.478 | SLOW    |     2.320 | FAST    |
S_A_i[6][0][0] | S_C_o[6][3][4] |     4.478 | SLOW    |     2.320 | FAST    |
S_A_i[6][0][0] | S_C_o[6][3][5] |     4.706 | SLOW    |     2.445 | FAST    |
S_A_i[6][0][0] | S_C_o[6][3][6] |     4.728 | SLOW    |     2.459 | FAST    |
S_A_i[6][0][0] | S_C_o[6][3][7] |     4.793 | SLOW    |     2.496 | FAST    |
S_A_i[6][0][0] | S_C_o[6][4][0] |     4.277 | SLOW    |     2.217 | FAST    |
S_A_i[6][0][0] | S_C_o[6][4][1] |     4.294 | SLOW    |     2.223 | FAST    |
S_A_i[6][0][0] | S_C_o[6][4][2] |     4.304 | SLOW    |     2.226 | FAST    |
S_A_i[6][0][0] | S_C_o[6][4][3] |     4.478 | SLOW    |     2.320 | FAST    |
S_A_i[6][0][0] | S_C_o[6][4][4] |     4.478 | SLOW    |     2.320 | FAST    |
S_A_i[6][0][0] | S_C_o[6][4][5] |     4.706 | SLOW    |     2.445 | FAST    |
S_A_i[6][0][0] | S_C_o[6][4][6] |     4.728 | SLOW    |     2.459 | FAST    |
S_A_i[6][0][0] | S_C_o[6][4][7] |     4.793 | SLOW    |     2.496 | FAST    |
S_A_i[6][0][0] | S_C_o[6][5][0] |     4.277 | SLOW    |     2.217 | FAST    |
S_A_i[6][0][0] | S_C_o[6][5][1] |     4.294 | SLOW    |     2.223 | FAST    |
S_A_i[6][0][0] | S_C_o[6][5][2] |     4.304 | SLOW    |     2.226 | FAST    |
S_A_i[6][0][0] | S_C_o[6][5][3] |     4.478 | SLOW    |     2.320 | FAST    |
S_A_i[6][0][0] | S_C_o[6][5][4] |     4.478 | SLOW    |     2.320 | FAST    |
S_A_i[6][0][0] | S_C_o[6][5][5] |     4.706 | SLOW    |     2.445 | FAST    |
S_A_i[6][0][0] | S_C_o[6][5][6] |     4.728 | SLOW    |     2.459 | FAST    |
S_A_i[6][0][0] | S_C_o[6][5][7] |     4.793 | SLOW    |     2.496 | FAST    |
S_A_i[6][0][0] | S_C_o[6][6][0] |     4.277 | SLOW    |     2.217 | FAST    |
S_A_i[6][0][0] | S_C_o[6][6][1] |     4.294 | SLOW    |     2.223 | FAST    |
S_A_i[6][0][0] | S_C_o[6][6][2] |     4.304 | SLOW    |     2.226 | FAST    |
S_A_i[6][0][0] | S_C_o[6][6][3] |     4.478 | SLOW    |     2.320 | FAST    |
S_A_i[6][0][0] | S_C_o[6][6][4] |     4.478 | SLOW    |     2.320 | FAST    |
S_A_i[6][0][0] | S_C_o[6][6][5] |     4.706 | SLOW    |     2.445 | FAST    |
S_A_i[6][0][0] | S_C_o[6][6][6] |     4.728 | SLOW    |     2.459 | FAST    |
S_A_i[6][0][0] | S_C_o[6][6][7] |     4.793 | SLOW    |     2.496 | FAST    |
S_A_i[6][0][0] | S_C_o[6][7][0] |     4.277 | SLOW    |     2.217 | FAST    |
S_A_i[6][0][0] | S_C_o[6][7][1] |     4.294 | SLOW    |     2.223 | FAST    |
S_A_i[6][0][0] | S_C_o[6][7][2] |     4.304 | SLOW    |     2.226 | FAST    |
S_A_i[6][0][0] | S_C_o[6][7][3] |     4.478 | SLOW    |     2.320 | FAST    |
S_A_i[6][0][0] | S_C_o[6][7][4] |     4.478 | SLOW    |     2.320 | FAST    |
S_A_i[6][0][0] | S_C_o[6][7][5] |     4.706 | SLOW    |     2.445 | FAST    |
S_A_i[6][0][0] | S_C_o[6][7][6] |     4.728 | SLOW    |     2.459 | FAST    |
S_A_i[6][0][0] | S_C_o[6][7][7] |     4.793 | SLOW    |     2.496 | FAST    |
S_A_i[6][0][1] | S_C_o[6][0][1] |     4.301 | SLOW    |     2.233 | FAST    |
S_A_i[6][0][1] | S_C_o[6][0][2] |     4.297 | SLOW    |     2.222 | FAST    |
S_A_i[6][0][1] | S_C_o[6][0][3] |     4.476 | SLOW    |     2.324 | FAST    |
S_A_i[6][0][1] | S_C_o[6][0][4] |     4.476 | SLOW    |     2.324 | FAST    |
S_A_i[6][0][1] | S_C_o[6][0][5] |     4.704 | SLOW    |     2.449 | FAST    |
S_A_i[6][0][1] | S_C_o[6][0][6] |     4.726 | SLOW    |     2.463 | FAST    |
S_A_i[6][0][1] | S_C_o[6][0][7] |     4.791 | SLOW    |     2.500 | FAST    |
S_A_i[6][0][1] | S_C_o[6][1][1] |     4.301 | SLOW    |     2.233 | FAST    |
S_A_i[6][0][1] | S_C_o[6][1][2] |     4.297 | SLOW    |     2.222 | FAST    |
S_A_i[6][0][1] | S_C_o[6][1][3] |     4.476 | SLOW    |     2.324 | FAST    |
S_A_i[6][0][1] | S_C_o[6][1][4] |     4.476 | SLOW    |     2.324 | FAST    |
S_A_i[6][0][1] | S_C_o[6][1][5] |     4.704 | SLOW    |     2.449 | FAST    |
S_A_i[6][0][1] | S_C_o[6][1][6] |     4.726 | SLOW    |     2.463 | FAST    |
S_A_i[6][0][1] | S_C_o[6][1][7] |     4.791 | SLOW    |     2.500 | FAST    |
S_A_i[6][0][1] | S_C_o[6][2][1] |     4.301 | SLOW    |     2.233 | FAST    |
S_A_i[6][0][1] | S_C_o[6][2][2] |     4.297 | SLOW    |     2.222 | FAST    |
S_A_i[6][0][1] | S_C_o[6][2][3] |     4.476 | SLOW    |     2.324 | FAST    |
S_A_i[6][0][1] | S_C_o[6][2][4] |     4.476 | SLOW    |     2.324 | FAST    |
S_A_i[6][0][1] | S_C_o[6][2][5] |     4.704 | SLOW    |     2.449 | FAST    |
S_A_i[6][0][1] | S_C_o[6][2][6] |     4.726 | SLOW    |     2.463 | FAST    |
S_A_i[6][0][1] | S_C_o[6][2][7] |     4.791 | SLOW    |     2.500 | FAST    |
S_A_i[6][0][1] | S_C_o[6][3][1] |     4.301 | SLOW    |     2.233 | FAST    |
S_A_i[6][0][1] | S_C_o[6][3][2] |     4.297 | SLOW    |     2.222 | FAST    |
S_A_i[6][0][1] | S_C_o[6][3][3] |     4.476 | SLOW    |     2.324 | FAST    |
S_A_i[6][0][1] | S_C_o[6][3][4] |     4.476 | SLOW    |     2.324 | FAST    |
S_A_i[6][0][1] | S_C_o[6][3][5] |     4.704 | SLOW    |     2.449 | FAST    |
S_A_i[6][0][1] | S_C_o[6][3][6] |     4.726 | SLOW    |     2.463 | FAST    |
S_A_i[6][0][1] | S_C_o[6][3][7] |     4.791 | SLOW    |     2.500 | FAST    |
S_A_i[6][0][1] | S_C_o[6][4][1] |     4.301 | SLOW    |     2.233 | FAST    |
S_A_i[6][0][1] | S_C_o[6][4][2] |     4.297 | SLOW    |     2.222 | FAST    |
S_A_i[6][0][1] | S_C_o[6][4][3] |     4.476 | SLOW    |     2.324 | FAST    |
S_A_i[6][0][1] | S_C_o[6][4][4] |     4.476 | SLOW    |     2.324 | FAST    |
S_A_i[6][0][1] | S_C_o[6][4][5] |     4.704 | SLOW    |     2.449 | FAST    |
S_A_i[6][0][1] | S_C_o[6][4][6] |     4.726 | SLOW    |     2.463 | FAST    |
S_A_i[6][0][1] | S_C_o[6][4][7] |     4.791 | SLOW    |     2.500 | FAST    |
S_A_i[6][0][1] | S_C_o[6][5][1] |     4.301 | SLOW    |     2.233 | FAST    |
S_A_i[6][0][1] | S_C_o[6][5][2] |     4.297 | SLOW    |     2.222 | FAST    |
S_A_i[6][0][1] | S_C_o[6][5][3] |     4.476 | SLOW    |     2.324 | FAST    |
S_A_i[6][0][1] | S_C_o[6][5][4] |     4.476 | SLOW    |     2.324 | FAST    |
S_A_i[6][0][1] | S_C_o[6][5][5] |     4.704 | SLOW    |     2.449 | FAST    |
S_A_i[6][0][1] | S_C_o[6][5][6] |     4.726 | SLOW    |     2.463 | FAST    |
S_A_i[6][0][1] | S_C_o[6][5][7] |     4.791 | SLOW    |     2.500 | FAST    |
S_A_i[6][0][1] | S_C_o[6][6][1] |     4.301 | SLOW    |     2.233 | FAST    |
S_A_i[6][0][1] | S_C_o[6][6][2] |     4.297 | SLOW    |     2.222 | FAST    |
S_A_i[6][0][1] | S_C_o[6][6][3] |     4.476 | SLOW    |     2.324 | FAST    |
S_A_i[6][0][1] | S_C_o[6][6][4] |     4.476 | SLOW    |     2.324 | FAST    |
S_A_i[6][0][1] | S_C_o[6][6][5] |     4.704 | SLOW    |     2.449 | FAST    |
S_A_i[6][0][1] | S_C_o[6][6][6] |     4.726 | SLOW    |     2.463 | FAST    |
S_A_i[6][0][1] | S_C_o[6][6][7] |     4.791 | SLOW    |     2.500 | FAST    |
S_A_i[6][0][1] | S_C_o[6][7][1] |     4.301 | SLOW    |     2.233 | FAST    |
S_A_i[6][0][1] | S_C_o[6][7][2] |     4.297 | SLOW    |     2.222 | FAST    |
S_A_i[6][0][1] | S_C_o[6][7][3] |     4.476 | SLOW    |     2.324 | FAST    |
S_A_i[6][0][1] | S_C_o[6][7][4] |     4.476 | SLOW    |     2.324 | FAST    |
S_A_i[6][0][1] | S_C_o[6][7][5] |     4.704 | SLOW    |     2.449 | FAST    |
S_A_i[6][0][1] | S_C_o[6][7][6] |     4.726 | SLOW    |     2.463 | FAST    |
S_A_i[6][0][1] | S_C_o[6][7][7] |     4.791 | SLOW    |     2.500 | FAST    |
S_A_i[6][0][2] | S_C_o[6][0][2] |     4.261 | SLOW    |     2.209 | FAST    |
S_A_i[6][0][2] | S_C_o[6][0][3] |     4.494 | SLOW    |     2.329 | FAST    |
S_A_i[6][0][2] | S_C_o[6][0][4] |     4.494 | SLOW    |     2.329 | FAST    |
S_A_i[6][0][2] | S_C_o[6][0][5] |     4.722 | SLOW    |     2.454 | FAST    |
S_A_i[6][0][2] | S_C_o[6][0][6] |     4.744 | SLOW    |     2.468 | FAST    |
S_A_i[6][0][2] | S_C_o[6][0][7] |     4.809 | SLOW    |     2.505 | FAST    |
S_A_i[6][0][2] | S_C_o[6][1][2] |     4.261 | SLOW    |     2.209 | FAST    |
S_A_i[6][0][2] | S_C_o[6][1][3] |     4.494 | SLOW    |     2.329 | FAST    |
S_A_i[6][0][2] | S_C_o[6][1][4] |     4.494 | SLOW    |     2.329 | FAST    |
S_A_i[6][0][2] | S_C_o[6][1][5] |     4.722 | SLOW    |     2.454 | FAST    |
S_A_i[6][0][2] | S_C_o[6][1][6] |     4.744 | SLOW    |     2.468 | FAST    |
S_A_i[6][0][2] | S_C_o[6][1][7] |     4.809 | SLOW    |     2.505 | FAST    |
S_A_i[6][0][2] | S_C_o[6][2][2] |     4.261 | SLOW    |     2.209 | FAST    |
S_A_i[6][0][2] | S_C_o[6][2][3] |     4.494 | SLOW    |     2.329 | FAST    |
S_A_i[6][0][2] | S_C_o[6][2][4] |     4.494 | SLOW    |     2.329 | FAST    |
S_A_i[6][0][2] | S_C_o[6][2][5] |     4.722 | SLOW    |     2.454 | FAST    |
S_A_i[6][0][2] | S_C_o[6][2][6] |     4.744 | SLOW    |     2.468 | FAST    |
S_A_i[6][0][2] | S_C_o[6][2][7] |     4.809 | SLOW    |     2.505 | FAST    |
S_A_i[6][0][2] | S_C_o[6][3][2] |     4.261 | SLOW    |     2.209 | FAST    |
S_A_i[6][0][2] | S_C_o[6][3][3] |     4.494 | SLOW    |     2.329 | FAST    |
S_A_i[6][0][2] | S_C_o[6][3][4] |     4.494 | SLOW    |     2.329 | FAST    |
S_A_i[6][0][2] | S_C_o[6][3][5] |     4.722 | SLOW    |     2.454 | FAST    |
S_A_i[6][0][2] | S_C_o[6][3][6] |     4.744 | SLOW    |     2.468 | FAST    |
S_A_i[6][0][2] | S_C_o[6][3][7] |     4.809 | SLOW    |     2.505 | FAST    |
S_A_i[6][0][2] | S_C_o[6][4][2] |     4.261 | SLOW    |     2.209 | FAST    |
S_A_i[6][0][2] | S_C_o[6][4][3] |     4.494 | SLOW    |     2.329 | FAST    |
S_A_i[6][0][2] | S_C_o[6][4][4] |     4.494 | SLOW    |     2.329 | FAST    |
S_A_i[6][0][2] | S_C_o[6][4][5] |     4.722 | SLOW    |     2.454 | FAST    |
S_A_i[6][0][2] | S_C_o[6][4][6] |     4.744 | SLOW    |     2.468 | FAST    |
S_A_i[6][0][2] | S_C_o[6][4][7] |     4.809 | SLOW    |     2.505 | FAST    |
S_A_i[6][0][2] | S_C_o[6][5][2] |     4.261 | SLOW    |     2.209 | FAST    |
S_A_i[6][0][2] | S_C_o[6][5][3] |     4.494 | SLOW    |     2.329 | FAST    |
S_A_i[6][0][2] | S_C_o[6][5][4] |     4.494 | SLOW    |     2.329 | FAST    |
S_A_i[6][0][2] | S_C_o[6][5][5] |     4.722 | SLOW    |     2.454 | FAST    |
S_A_i[6][0][2] | S_C_o[6][5][6] |     4.744 | SLOW    |     2.468 | FAST    |
S_A_i[6][0][2] | S_C_o[6][5][7] |     4.809 | SLOW    |     2.505 | FAST    |
S_A_i[6][0][2] | S_C_o[6][6][2] |     4.261 | SLOW    |     2.209 | FAST    |
S_A_i[6][0][2] | S_C_o[6][6][3] |     4.494 | SLOW    |     2.329 | FAST    |
S_A_i[6][0][2] | S_C_o[6][6][4] |     4.494 | SLOW    |     2.329 | FAST    |
S_A_i[6][0][2] | S_C_o[6][6][5] |     4.722 | SLOW    |     2.454 | FAST    |
S_A_i[6][0][2] | S_C_o[6][6][6] |     4.744 | SLOW    |     2.468 | FAST    |
S_A_i[6][0][2] | S_C_o[6][6][7] |     4.809 | SLOW    |     2.505 | FAST    |
S_A_i[6][0][2] | S_C_o[6][7][2] |     4.261 | SLOW    |     2.209 | FAST    |
S_A_i[6][0][2] | S_C_o[6][7][3] |     4.494 | SLOW    |     2.329 | FAST    |
S_A_i[6][0][2] | S_C_o[6][7][4] |     4.494 | SLOW    |     2.329 | FAST    |
S_A_i[6][0][2] | S_C_o[6][7][5] |     4.722 | SLOW    |     2.454 | FAST    |
S_A_i[6][0][2] | S_C_o[6][7][6] |     4.744 | SLOW    |     2.468 | FAST    |
S_A_i[6][0][2] | S_C_o[6][7][7] |     4.809 | SLOW    |     2.505 | FAST    |
S_A_i[6][0][3] | S_C_o[6][0][3] |     4.270 | SLOW    |     2.213 | FAST    |
S_A_i[6][0][3] | S_C_o[6][0][4] |     4.265 | SLOW    |     2.205 | FAST    |
S_A_i[6][0][3] | S_C_o[6][0][5] |     4.507 | SLOW    |     2.344 | FAST    |
S_A_i[6][0][3] | S_C_o[6][0][6] |     4.529 | SLOW    |     2.358 | FAST    |
S_A_i[6][0][3] | S_C_o[6][0][7] |     4.594 | SLOW    |     2.395 | FAST    |
S_A_i[6][0][3] | S_C_o[6][1][3] |     4.270 | SLOW    |     2.213 | FAST    |
S_A_i[6][0][3] | S_C_o[6][1][4] |     4.265 | SLOW    |     2.205 | FAST    |
S_A_i[6][0][3] | S_C_o[6][1][5] |     4.507 | SLOW    |     2.344 | FAST    |
S_A_i[6][0][3] | S_C_o[6][1][6] |     4.529 | SLOW    |     2.358 | FAST    |
S_A_i[6][0][3] | S_C_o[6][1][7] |     4.594 | SLOW    |     2.395 | FAST    |
S_A_i[6][0][3] | S_C_o[6][2][3] |     4.270 | SLOW    |     2.213 | FAST    |
S_A_i[6][0][3] | S_C_o[6][2][4] |     4.265 | SLOW    |     2.205 | FAST    |
S_A_i[6][0][3] | S_C_o[6][2][5] |     4.507 | SLOW    |     2.344 | FAST    |
S_A_i[6][0][3] | S_C_o[6][2][6] |     4.529 | SLOW    |     2.358 | FAST    |
S_A_i[6][0][3] | S_C_o[6][2][7] |     4.594 | SLOW    |     2.395 | FAST    |
S_A_i[6][0][3] | S_C_o[6][3][3] |     4.270 | SLOW    |     2.213 | FAST    |
S_A_i[6][0][3] | S_C_o[6][3][4] |     4.265 | SLOW    |     2.205 | FAST    |
S_A_i[6][0][3] | S_C_o[6][3][5] |     4.507 | SLOW    |     2.344 | FAST    |
S_A_i[6][0][3] | S_C_o[6][3][6] |     4.529 | SLOW    |     2.358 | FAST    |
S_A_i[6][0][3] | S_C_o[6][3][7] |     4.594 | SLOW    |     2.395 | FAST    |
S_A_i[6][0][3] | S_C_o[6][4][3] |     4.270 | SLOW    |     2.213 | FAST    |
S_A_i[6][0][3] | S_C_o[6][4][4] |     4.265 | SLOW    |     2.205 | FAST    |
S_A_i[6][0][3] | S_C_o[6][4][5] |     4.507 | SLOW    |     2.344 | FAST    |
S_A_i[6][0][3] | S_C_o[6][4][6] |     4.529 | SLOW    |     2.358 | FAST    |
S_A_i[6][0][3] | S_C_o[6][4][7] |     4.594 | SLOW    |     2.395 | FAST    |
S_A_i[6][0][3] | S_C_o[6][5][3] |     4.270 | SLOW    |     2.213 | FAST    |
S_A_i[6][0][3] | S_C_o[6][5][4] |     4.265 | SLOW    |     2.205 | FAST    |
S_A_i[6][0][3] | S_C_o[6][5][5] |     4.507 | SLOW    |     2.344 | FAST    |
S_A_i[6][0][3] | S_C_o[6][5][6] |     4.529 | SLOW    |     2.358 | FAST    |
S_A_i[6][0][3] | S_C_o[6][5][7] |     4.594 | SLOW    |     2.395 | FAST    |
S_A_i[6][0][3] | S_C_o[6][6][3] |     4.270 | SLOW    |     2.213 | FAST    |
S_A_i[6][0][3] | S_C_o[6][6][4] |     4.265 | SLOW    |     2.205 | FAST    |
S_A_i[6][0][3] | S_C_o[6][6][5] |     4.507 | SLOW    |     2.344 | FAST    |
S_A_i[6][0][3] | S_C_o[6][6][6] |     4.529 | SLOW    |     2.358 | FAST    |
S_A_i[6][0][3] | S_C_o[6][6][7] |     4.594 | SLOW    |     2.395 | FAST    |
S_A_i[6][0][3] | S_C_o[6][7][3] |     4.270 | SLOW    |     2.213 | FAST    |
S_A_i[6][0][3] | S_C_o[6][7][4] |     4.265 | SLOW    |     2.205 | FAST    |
S_A_i[6][0][3] | S_C_o[6][7][5] |     4.507 | SLOW    |     2.344 | FAST    |
S_A_i[6][0][3] | S_C_o[6][7][6] |     4.529 | SLOW    |     2.358 | FAST    |
S_A_i[6][0][3] | S_C_o[6][7][7] |     4.594 | SLOW    |     2.395 | FAST    |
S_A_i[6][0][4] | S_C_o[6][0][4] |     4.261 | SLOW    |     2.209 | FAST    |
S_A_i[6][0][4] | S_C_o[6][0][5] |     4.484 | SLOW    |     2.326 | FAST    |
S_A_i[6][0][4] | S_C_o[6][0][6] |     4.506 | SLOW    |     2.340 | FAST    |
S_A_i[6][0][4] | S_C_o[6][0][7] |     4.571 | SLOW    |     2.377 | FAST    |
S_A_i[6][0][4] | S_C_o[6][1][4] |     4.261 | SLOW    |     2.209 | FAST    |
S_A_i[6][0][4] | S_C_o[6][1][5] |     4.484 | SLOW    |     2.326 | FAST    |
S_A_i[6][0][4] | S_C_o[6][1][6] |     4.506 | SLOW    |     2.340 | FAST    |
S_A_i[6][0][4] | S_C_o[6][1][7] |     4.571 | SLOW    |     2.377 | FAST    |
S_A_i[6][0][4] | S_C_o[6][2][4] |     4.261 | SLOW    |     2.209 | FAST    |
S_A_i[6][0][4] | S_C_o[6][2][5] |     4.484 | SLOW    |     2.326 | FAST    |
S_A_i[6][0][4] | S_C_o[6][2][6] |     4.506 | SLOW    |     2.340 | FAST    |
S_A_i[6][0][4] | S_C_o[6][2][7] |     4.571 | SLOW    |     2.377 | FAST    |
S_A_i[6][0][4] | S_C_o[6][3][4] |     4.261 | SLOW    |     2.209 | FAST    |
S_A_i[6][0][4] | S_C_o[6][3][5] |     4.484 | SLOW    |     2.326 | FAST    |
S_A_i[6][0][4] | S_C_o[6][3][6] |     4.506 | SLOW    |     2.340 | FAST    |
S_A_i[6][0][4] | S_C_o[6][3][7] |     4.571 | SLOW    |     2.377 | FAST    |
S_A_i[6][0][4] | S_C_o[6][4][4] |     4.261 | SLOW    |     2.209 | FAST    |
S_A_i[6][0][4] | S_C_o[6][4][5] |     4.484 | SLOW    |     2.326 | FAST    |
S_A_i[6][0][4] | S_C_o[6][4][6] |     4.506 | SLOW    |     2.340 | FAST    |
S_A_i[6][0][4] | S_C_o[6][4][7] |     4.571 | SLOW    |     2.377 | FAST    |
S_A_i[6][0][4] | S_C_o[6][5][4] |     4.261 | SLOW    |     2.209 | FAST    |
S_A_i[6][0][4] | S_C_o[6][5][5] |     4.484 | SLOW    |     2.326 | FAST    |
S_A_i[6][0][4] | S_C_o[6][5][6] |     4.506 | SLOW    |     2.340 | FAST    |
S_A_i[6][0][4] | S_C_o[6][5][7] |     4.571 | SLOW    |     2.377 | FAST    |
S_A_i[6][0][4] | S_C_o[6][6][4] |     4.261 | SLOW    |     2.209 | FAST    |
S_A_i[6][0][4] | S_C_o[6][6][5] |     4.484 | SLOW    |     2.326 | FAST    |
S_A_i[6][0][4] | S_C_o[6][6][6] |     4.506 | SLOW    |     2.340 | FAST    |
S_A_i[6][0][4] | S_C_o[6][6][7] |     4.571 | SLOW    |     2.377 | FAST    |
S_A_i[6][0][4] | S_C_o[6][7][4] |     4.261 | SLOW    |     2.209 | FAST    |
S_A_i[6][0][4] | S_C_o[6][7][5] |     4.484 | SLOW    |     2.326 | FAST    |
S_A_i[6][0][4] | S_C_o[6][7][6] |     4.506 | SLOW    |     2.340 | FAST    |
S_A_i[6][0][4] | S_C_o[6][7][7] |     4.571 | SLOW    |     2.377 | FAST    |
S_A_i[6][0][5] | S_C_o[6][0][5] |     4.270 | SLOW    |     2.213 | FAST    |
S_A_i[6][0][5] | S_C_o[6][0][6] |     4.287 | SLOW    |     2.219 | FAST    |
S_A_i[6][0][5] | S_C_o[6][0][7] |     4.297 | SLOW    |     2.222 | FAST    |
S_A_i[6][0][5] | S_C_o[6][1][5] |     4.270 | SLOW    |     2.213 | FAST    |
S_A_i[6][0][5] | S_C_o[6][1][6] |     4.287 | SLOW    |     2.219 | FAST    |
S_A_i[6][0][5] | S_C_o[6][1][7] |     4.297 | SLOW    |     2.222 | FAST    |
S_A_i[6][0][5] | S_C_o[6][2][5] |     4.270 | SLOW    |     2.213 | FAST    |
S_A_i[6][0][5] | S_C_o[6][2][6] |     4.287 | SLOW    |     2.219 | FAST    |
S_A_i[6][0][5] | S_C_o[6][2][7] |     4.297 | SLOW    |     2.222 | FAST    |
S_A_i[6][0][5] | S_C_o[6][3][5] |     4.270 | SLOW    |     2.213 | FAST    |
S_A_i[6][0][5] | S_C_o[6][3][6] |     4.287 | SLOW    |     2.219 | FAST    |
S_A_i[6][0][5] | S_C_o[6][3][7] |     4.297 | SLOW    |     2.222 | FAST    |
S_A_i[6][0][5] | S_C_o[6][4][5] |     4.270 | SLOW    |     2.213 | FAST    |
S_A_i[6][0][5] | S_C_o[6][4][6] |     4.287 | SLOW    |     2.219 | FAST    |
S_A_i[6][0][5] | S_C_o[6][4][7] |     4.297 | SLOW    |     2.222 | FAST    |
S_A_i[6][0][5] | S_C_o[6][5][5] |     4.270 | SLOW    |     2.213 | FAST    |
S_A_i[6][0][5] | S_C_o[6][5][6] |     4.287 | SLOW    |     2.219 | FAST    |
S_A_i[6][0][5] | S_C_o[6][5][7] |     4.297 | SLOW    |     2.222 | FAST    |
S_A_i[6][0][5] | S_C_o[6][6][5] |     4.270 | SLOW    |     2.213 | FAST    |
S_A_i[6][0][5] | S_C_o[6][6][6] |     4.287 | SLOW    |     2.219 | FAST    |
S_A_i[6][0][5] | S_C_o[6][6][7] |     4.297 | SLOW    |     2.222 | FAST    |
S_A_i[6][0][5] | S_C_o[6][7][5] |     4.270 | SLOW    |     2.213 | FAST    |
S_A_i[6][0][5] | S_C_o[6][7][6] |     4.287 | SLOW    |     2.219 | FAST    |
S_A_i[6][0][5] | S_C_o[6][7][7] |     4.297 | SLOW    |     2.222 | FAST    |
S_A_i[6][0][6] | S_C_o[6][0][6] |     4.292 | SLOW    |     2.229 | FAST    |
S_A_i[6][0][6] | S_C_o[6][0][7] |     4.256 | SLOW    |     2.201 | FAST    |
S_A_i[6][0][6] | S_C_o[6][1][6] |     4.292 | SLOW    |     2.229 | FAST    |
S_A_i[6][0][6] | S_C_o[6][1][7] |     4.256 | SLOW    |     2.201 | FAST    |
S_A_i[6][0][6] | S_C_o[6][2][6] |     4.292 | SLOW    |     2.229 | FAST    |
S_A_i[6][0][6] | S_C_o[6][2][7] |     4.256 | SLOW    |     2.201 | FAST    |
S_A_i[6][0][6] | S_C_o[6][3][6] |     4.292 | SLOW    |     2.229 | FAST    |
S_A_i[6][0][6] | S_C_o[6][3][7] |     4.256 | SLOW    |     2.201 | FAST    |
S_A_i[6][0][6] | S_C_o[6][4][6] |     4.292 | SLOW    |     2.229 | FAST    |
S_A_i[6][0][6] | S_C_o[6][4][7] |     4.256 | SLOW    |     2.201 | FAST    |
S_A_i[6][0][6] | S_C_o[6][5][6] |     4.292 | SLOW    |     2.229 | FAST    |
S_A_i[6][0][6] | S_C_o[6][5][7] |     4.256 | SLOW    |     2.201 | FAST    |
S_A_i[6][0][6] | S_C_o[6][6][6] |     4.292 | SLOW    |     2.229 | FAST    |
S_A_i[6][0][6] | S_C_o[6][6][7] |     4.256 | SLOW    |     2.201 | FAST    |
S_A_i[6][0][6] | S_C_o[6][7][6] |     4.292 | SLOW    |     2.229 | FAST    |
S_A_i[6][0][6] | S_C_o[6][7][7] |     4.256 | SLOW    |     2.201 | FAST    |
S_A_i[6][0][7] | S_C_o[6][0][7] |     4.444 | SLOW    |     2.314 | FAST    |
S_A_i[6][0][7] | S_C_o[6][1][7] |     4.444 | SLOW    |     2.314 | FAST    |
S_A_i[6][0][7] | S_C_o[6][2][7] |     4.444 | SLOW    |     2.314 | FAST    |
S_A_i[6][0][7] | S_C_o[6][3][7] |     4.444 | SLOW    |     2.314 | FAST    |
S_A_i[6][0][7] | S_C_o[6][4][7] |     4.444 | SLOW    |     2.314 | FAST    |
S_A_i[6][0][7] | S_C_o[6][5][7] |     4.444 | SLOW    |     2.314 | FAST    |
S_A_i[6][0][7] | S_C_o[6][6][7] |     4.444 | SLOW    |     2.314 | FAST    |
S_A_i[6][0][7] | S_C_o[6][7][7] |     4.444 | SLOW    |     2.314 | FAST    |
S_A_i[7][0][0] | S_C_o[7][0][0] |     4.277 | SLOW    |     2.217 | FAST    |
S_A_i[7][0][0] | S_C_o[7][0][1] |     4.294 | SLOW    |     2.223 | FAST    |
S_A_i[7][0][0] | S_C_o[7][0][2] |     4.304 | SLOW    |     2.226 | FAST    |
S_A_i[7][0][0] | S_C_o[7][0][3] |     4.478 | SLOW    |     2.320 | FAST    |
S_A_i[7][0][0] | S_C_o[7][0][4] |     4.478 | SLOW    |     2.320 | FAST    |
S_A_i[7][0][0] | S_C_o[7][0][5] |     4.706 | SLOW    |     2.445 | FAST    |
S_A_i[7][0][0] | S_C_o[7][0][6] |     4.728 | SLOW    |     2.459 | FAST    |
S_A_i[7][0][0] | S_C_o[7][0][7] |     4.793 | SLOW    |     2.496 | FAST    |
S_A_i[7][0][0] | S_C_o[7][1][0] |     4.277 | SLOW    |     2.217 | FAST    |
S_A_i[7][0][0] | S_C_o[7][1][1] |     4.294 | SLOW    |     2.223 | FAST    |
S_A_i[7][0][0] | S_C_o[7][1][2] |     4.304 | SLOW    |     2.226 | FAST    |
S_A_i[7][0][0] | S_C_o[7][1][3] |     4.478 | SLOW    |     2.320 | FAST    |
S_A_i[7][0][0] | S_C_o[7][1][4] |     4.478 | SLOW    |     2.320 | FAST    |
S_A_i[7][0][0] | S_C_o[7][1][5] |     4.706 | SLOW    |     2.445 | FAST    |
S_A_i[7][0][0] | S_C_o[7][1][6] |     4.728 | SLOW    |     2.459 | FAST    |
S_A_i[7][0][0] | S_C_o[7][1][7] |     4.793 | SLOW    |     2.496 | FAST    |
S_A_i[7][0][0] | S_C_o[7][2][0] |     4.277 | SLOW    |     2.217 | FAST    |
S_A_i[7][0][0] | S_C_o[7][2][1] |     4.294 | SLOW    |     2.223 | FAST    |
S_A_i[7][0][0] | S_C_o[7][2][2] |     4.304 | SLOW    |     2.226 | FAST    |
S_A_i[7][0][0] | S_C_o[7][2][3] |     4.478 | SLOW    |     2.320 | FAST    |
S_A_i[7][0][0] | S_C_o[7][2][4] |     4.478 | SLOW    |     2.320 | FAST    |
S_A_i[7][0][0] | S_C_o[7][2][5] |     4.706 | SLOW    |     2.445 | FAST    |
S_A_i[7][0][0] | S_C_o[7][2][6] |     4.728 | SLOW    |     2.459 | FAST    |
S_A_i[7][0][0] | S_C_o[7][2][7] |     4.793 | SLOW    |     2.496 | FAST    |
S_A_i[7][0][0] | S_C_o[7][3][0] |     4.277 | SLOW    |     2.217 | FAST    |
S_A_i[7][0][0] | S_C_o[7][3][1] |     4.294 | SLOW    |     2.223 | FAST    |
S_A_i[7][0][0] | S_C_o[7][3][2] |     4.304 | SLOW    |     2.226 | FAST    |
S_A_i[7][0][0] | S_C_o[7][3][3] |     4.478 | SLOW    |     2.320 | FAST    |
S_A_i[7][0][0] | S_C_o[7][3][4] |     4.478 | SLOW    |     2.320 | FAST    |
S_A_i[7][0][0] | S_C_o[7][3][5] |     4.706 | SLOW    |     2.445 | FAST    |
S_A_i[7][0][0] | S_C_o[7][3][6] |     4.728 | SLOW    |     2.459 | FAST    |
S_A_i[7][0][0] | S_C_o[7][3][7] |     4.793 | SLOW    |     2.496 | FAST    |
S_A_i[7][0][0] | S_C_o[7][4][0] |     4.277 | SLOW    |     2.217 | FAST    |
S_A_i[7][0][0] | S_C_o[7][4][1] |     4.294 | SLOW    |     2.223 | FAST    |
S_A_i[7][0][0] | S_C_o[7][4][2] |     4.304 | SLOW    |     2.226 | FAST    |
S_A_i[7][0][0] | S_C_o[7][4][3] |     4.478 | SLOW    |     2.320 | FAST    |
S_A_i[7][0][0] | S_C_o[7][4][4] |     4.478 | SLOW    |     2.320 | FAST    |
S_A_i[7][0][0] | S_C_o[7][4][5] |     4.706 | SLOW    |     2.445 | FAST    |
S_A_i[7][0][0] | S_C_o[7][4][6] |     4.728 | SLOW    |     2.459 | FAST    |
S_A_i[7][0][0] | S_C_o[7][4][7] |     4.793 | SLOW    |     2.496 | FAST    |
S_A_i[7][0][0] | S_C_o[7][5][0] |     4.277 | SLOW    |     2.217 | FAST    |
S_A_i[7][0][0] | S_C_o[7][5][1] |     4.294 | SLOW    |     2.223 | FAST    |
S_A_i[7][0][0] | S_C_o[7][5][2] |     4.304 | SLOW    |     2.226 | FAST    |
S_A_i[7][0][0] | S_C_o[7][5][3] |     4.478 | SLOW    |     2.320 | FAST    |
S_A_i[7][0][0] | S_C_o[7][5][4] |     4.478 | SLOW    |     2.320 | FAST    |
S_A_i[7][0][0] | S_C_o[7][5][5] |     4.706 | SLOW    |     2.445 | FAST    |
S_A_i[7][0][0] | S_C_o[7][5][6] |     4.728 | SLOW    |     2.459 | FAST    |
S_A_i[7][0][0] | S_C_o[7][5][7] |     4.793 | SLOW    |     2.496 | FAST    |
S_A_i[7][0][0] | S_C_o[7][6][0] |     4.277 | SLOW    |     2.217 | FAST    |
S_A_i[7][0][0] | S_C_o[7][6][1] |     4.294 | SLOW    |     2.223 | FAST    |
S_A_i[7][0][0] | S_C_o[7][6][2] |     4.304 | SLOW    |     2.226 | FAST    |
S_A_i[7][0][0] | S_C_o[7][6][3] |     4.478 | SLOW    |     2.320 | FAST    |
S_A_i[7][0][0] | S_C_o[7][6][4] |     4.478 | SLOW    |     2.320 | FAST    |
S_A_i[7][0][0] | S_C_o[7][6][5] |     4.706 | SLOW    |     2.445 | FAST    |
S_A_i[7][0][0] | S_C_o[7][6][6] |     4.728 | SLOW    |     2.459 | FAST    |
S_A_i[7][0][0] | S_C_o[7][6][7] |     4.793 | SLOW    |     2.496 | FAST    |
S_A_i[7][0][0] | S_C_o[7][7][0] |     4.277 | SLOW    |     2.217 | FAST    |
S_A_i[7][0][0] | S_C_o[7][7][1] |     4.294 | SLOW    |     2.223 | FAST    |
S_A_i[7][0][0] | S_C_o[7][7][2] |     4.304 | SLOW    |     2.226 | FAST    |
S_A_i[7][0][0] | S_C_o[7][7][3] |     4.478 | SLOW    |     2.320 | FAST    |
S_A_i[7][0][0] | S_C_o[7][7][4] |     4.478 | SLOW    |     2.320 | FAST    |
S_A_i[7][0][0] | S_C_o[7][7][5] |     4.706 | SLOW    |     2.445 | FAST    |
S_A_i[7][0][0] | S_C_o[7][7][6] |     4.728 | SLOW    |     2.459 | FAST    |
S_A_i[7][0][0] | S_C_o[7][7][7] |     4.793 | SLOW    |     2.496 | FAST    |
S_A_i[7][0][1] | S_C_o[7][0][1] |     4.301 | SLOW    |     2.233 | FAST    |
S_A_i[7][0][1] | S_C_o[7][0][2] |     4.297 | SLOW    |     2.222 | FAST    |
S_A_i[7][0][1] | S_C_o[7][0][3] |     4.476 | SLOW    |     2.324 | FAST    |
S_A_i[7][0][1] | S_C_o[7][0][4] |     4.476 | SLOW    |     2.324 | FAST    |
S_A_i[7][0][1] | S_C_o[7][0][5] |     4.704 | SLOW    |     2.449 | FAST    |
S_A_i[7][0][1] | S_C_o[7][0][6] |     4.726 | SLOW    |     2.463 | FAST    |
S_A_i[7][0][1] | S_C_o[7][0][7] |     4.791 | SLOW    |     2.500 | FAST    |
S_A_i[7][0][1] | S_C_o[7][1][1] |     4.301 | SLOW    |     2.233 | FAST    |
S_A_i[7][0][1] | S_C_o[7][1][2] |     4.297 | SLOW    |     2.222 | FAST    |
S_A_i[7][0][1] | S_C_o[7][1][3] |     4.476 | SLOW    |     2.324 | FAST    |
S_A_i[7][0][1] | S_C_o[7][1][4] |     4.476 | SLOW    |     2.324 | FAST    |
S_A_i[7][0][1] | S_C_o[7][1][5] |     4.704 | SLOW    |     2.449 | FAST    |
S_A_i[7][0][1] | S_C_o[7][1][6] |     4.726 | SLOW    |     2.463 | FAST    |
S_A_i[7][0][1] | S_C_o[7][1][7] |     4.791 | SLOW    |     2.500 | FAST    |
S_A_i[7][0][1] | S_C_o[7][2][1] |     4.301 | SLOW    |     2.233 | FAST    |
S_A_i[7][0][1] | S_C_o[7][2][2] |     4.297 | SLOW    |     2.222 | FAST    |
S_A_i[7][0][1] | S_C_o[7][2][3] |     4.476 | SLOW    |     2.324 | FAST    |
S_A_i[7][0][1] | S_C_o[7][2][4] |     4.476 | SLOW    |     2.324 | FAST    |
S_A_i[7][0][1] | S_C_o[7][2][5] |     4.704 | SLOW    |     2.449 | FAST    |
S_A_i[7][0][1] | S_C_o[7][2][6] |     4.726 | SLOW    |     2.463 | FAST    |
S_A_i[7][0][1] | S_C_o[7][2][7] |     4.791 | SLOW    |     2.500 | FAST    |
S_A_i[7][0][1] | S_C_o[7][3][1] |     4.301 | SLOW    |     2.233 | FAST    |
S_A_i[7][0][1] | S_C_o[7][3][2] |     4.297 | SLOW    |     2.222 | FAST    |
S_A_i[7][0][1] | S_C_o[7][3][3] |     4.476 | SLOW    |     2.324 | FAST    |
S_A_i[7][0][1] | S_C_o[7][3][4] |     4.476 | SLOW    |     2.324 | FAST    |
S_A_i[7][0][1] | S_C_o[7][3][5] |     4.704 | SLOW    |     2.449 | FAST    |
S_A_i[7][0][1] | S_C_o[7][3][6] |     4.726 | SLOW    |     2.463 | FAST    |
S_A_i[7][0][1] | S_C_o[7][3][7] |     4.791 | SLOW    |     2.500 | FAST    |
S_A_i[7][0][1] | S_C_o[7][4][1] |     4.301 | SLOW    |     2.233 | FAST    |
S_A_i[7][0][1] | S_C_o[7][4][2] |     4.297 | SLOW    |     2.222 | FAST    |
S_A_i[7][0][1] | S_C_o[7][4][3] |     4.476 | SLOW    |     2.324 | FAST    |
S_A_i[7][0][1] | S_C_o[7][4][4] |     4.476 | SLOW    |     2.324 | FAST    |
S_A_i[7][0][1] | S_C_o[7][4][5] |     4.704 | SLOW    |     2.449 | FAST    |
S_A_i[7][0][1] | S_C_o[7][4][6] |     4.726 | SLOW    |     2.463 | FAST    |
S_A_i[7][0][1] | S_C_o[7][4][7] |     4.791 | SLOW    |     2.500 | FAST    |
S_A_i[7][0][1] | S_C_o[7][5][1] |     4.301 | SLOW    |     2.233 | FAST    |
S_A_i[7][0][1] | S_C_o[7][5][2] |     4.297 | SLOW    |     2.222 | FAST    |
S_A_i[7][0][1] | S_C_o[7][5][3] |     4.476 | SLOW    |     2.324 | FAST    |
S_A_i[7][0][1] | S_C_o[7][5][4] |     4.476 | SLOW    |     2.324 | FAST    |
S_A_i[7][0][1] | S_C_o[7][5][5] |     4.704 | SLOW    |     2.449 | FAST    |
S_A_i[7][0][1] | S_C_o[7][5][6] |     4.726 | SLOW    |     2.463 | FAST    |
S_A_i[7][0][1] | S_C_o[7][5][7] |     4.791 | SLOW    |     2.500 | FAST    |
S_A_i[7][0][1] | S_C_o[7][6][1] |     4.301 | SLOW    |     2.233 | FAST    |
S_A_i[7][0][1] | S_C_o[7][6][2] |     4.297 | SLOW    |     2.222 | FAST    |
S_A_i[7][0][1] | S_C_o[7][6][3] |     4.476 | SLOW    |     2.324 | FAST    |
S_A_i[7][0][1] | S_C_o[7][6][4] |     4.476 | SLOW    |     2.324 | FAST    |
S_A_i[7][0][1] | S_C_o[7][6][5] |     4.704 | SLOW    |     2.449 | FAST    |
S_A_i[7][0][1] | S_C_o[7][6][6] |     4.726 | SLOW    |     2.463 | FAST    |
S_A_i[7][0][1] | S_C_o[7][6][7] |     4.791 | SLOW    |     2.500 | FAST    |
S_A_i[7][0][1] | S_C_o[7][7][1] |     4.301 | SLOW    |     2.233 | FAST    |
S_A_i[7][0][1] | S_C_o[7][7][2] |     4.297 | SLOW    |     2.222 | FAST    |
S_A_i[7][0][1] | S_C_o[7][7][3] |     4.476 | SLOW    |     2.324 | FAST    |
S_A_i[7][0][1] | S_C_o[7][7][4] |     4.476 | SLOW    |     2.324 | FAST    |
S_A_i[7][0][1] | S_C_o[7][7][5] |     4.704 | SLOW    |     2.449 | FAST    |
S_A_i[7][0][1] | S_C_o[7][7][6] |     4.726 | SLOW    |     2.463 | FAST    |
S_A_i[7][0][1] | S_C_o[7][7][7] |     4.791 | SLOW    |     2.500 | FAST    |
S_A_i[7][0][2] | S_C_o[7][0][2] |     4.261 | SLOW    |     2.209 | FAST    |
S_A_i[7][0][2] | S_C_o[7][0][3] |     4.494 | SLOW    |     2.329 | FAST    |
S_A_i[7][0][2] | S_C_o[7][0][4] |     4.494 | SLOW    |     2.329 | FAST    |
S_A_i[7][0][2] | S_C_o[7][0][5] |     4.722 | SLOW    |     2.454 | FAST    |
S_A_i[7][0][2] | S_C_o[7][0][6] |     4.744 | SLOW    |     2.468 | FAST    |
S_A_i[7][0][2] | S_C_o[7][0][7] |     4.809 | SLOW    |     2.505 | FAST    |
S_A_i[7][0][2] | S_C_o[7][1][2] |     4.261 | SLOW    |     2.209 | FAST    |
S_A_i[7][0][2] | S_C_o[7][1][3] |     4.494 | SLOW    |     2.329 | FAST    |
S_A_i[7][0][2] | S_C_o[7][1][4] |     4.494 | SLOW    |     2.329 | FAST    |
S_A_i[7][0][2] | S_C_o[7][1][5] |     4.722 | SLOW    |     2.454 | FAST    |
S_A_i[7][0][2] | S_C_o[7][1][6] |     4.744 | SLOW    |     2.468 | FAST    |
S_A_i[7][0][2] | S_C_o[7][1][7] |     4.809 | SLOW    |     2.505 | FAST    |
S_A_i[7][0][2] | S_C_o[7][2][2] |     4.261 | SLOW    |     2.209 | FAST    |
S_A_i[7][0][2] | S_C_o[7][2][3] |     4.494 | SLOW    |     2.329 | FAST    |
S_A_i[7][0][2] | S_C_o[7][2][4] |     4.494 | SLOW    |     2.329 | FAST    |
S_A_i[7][0][2] | S_C_o[7][2][5] |     4.722 | SLOW    |     2.454 | FAST    |
S_A_i[7][0][2] | S_C_o[7][2][6] |     4.744 | SLOW    |     2.468 | FAST    |
S_A_i[7][0][2] | S_C_o[7][2][7] |     4.809 | SLOW    |     2.505 | FAST    |
S_A_i[7][0][2] | S_C_o[7][3][2] |     4.261 | SLOW    |     2.209 | FAST    |
S_A_i[7][0][2] | S_C_o[7][3][3] |     4.494 | SLOW    |     2.329 | FAST    |
S_A_i[7][0][2] | S_C_o[7][3][4] |     4.494 | SLOW    |     2.329 | FAST    |
S_A_i[7][0][2] | S_C_o[7][3][5] |     4.722 | SLOW    |     2.454 | FAST    |
S_A_i[7][0][2] | S_C_o[7][3][6] |     4.744 | SLOW    |     2.468 | FAST    |
S_A_i[7][0][2] | S_C_o[7][3][7] |     4.809 | SLOW    |     2.505 | FAST    |
S_A_i[7][0][2] | S_C_o[7][4][2] |     4.261 | SLOW    |     2.209 | FAST    |
S_A_i[7][0][2] | S_C_o[7][4][3] |     4.494 | SLOW    |     2.329 | FAST    |
S_A_i[7][0][2] | S_C_o[7][4][4] |     4.494 | SLOW    |     2.329 | FAST    |
S_A_i[7][0][2] | S_C_o[7][4][5] |     4.722 | SLOW    |     2.454 | FAST    |
S_A_i[7][0][2] | S_C_o[7][4][6] |     4.744 | SLOW    |     2.468 | FAST    |
S_A_i[7][0][2] | S_C_o[7][4][7] |     4.809 | SLOW    |     2.505 | FAST    |
S_A_i[7][0][2] | S_C_o[7][5][2] |     4.261 | SLOW    |     2.209 | FAST    |
S_A_i[7][0][2] | S_C_o[7][5][3] |     4.494 | SLOW    |     2.329 | FAST    |
S_A_i[7][0][2] | S_C_o[7][5][4] |     4.494 | SLOW    |     2.329 | FAST    |
S_A_i[7][0][2] | S_C_o[7][5][5] |     4.722 | SLOW    |     2.454 | FAST    |
S_A_i[7][0][2] | S_C_o[7][5][6] |     4.744 | SLOW    |     2.468 | FAST    |
S_A_i[7][0][2] | S_C_o[7][5][7] |     4.809 | SLOW    |     2.505 | FAST    |
S_A_i[7][0][2] | S_C_o[7][6][2] |     4.261 | SLOW    |     2.209 | FAST    |
S_A_i[7][0][2] | S_C_o[7][6][3] |     4.494 | SLOW    |     2.329 | FAST    |
S_A_i[7][0][2] | S_C_o[7][6][4] |     4.494 | SLOW    |     2.329 | FAST    |
S_A_i[7][0][2] | S_C_o[7][6][5] |     4.722 | SLOW    |     2.454 | FAST    |
S_A_i[7][0][2] | S_C_o[7][6][6] |     4.744 | SLOW    |     2.468 | FAST    |
S_A_i[7][0][2] | S_C_o[7][6][7] |     4.809 | SLOW    |     2.505 | FAST    |
S_A_i[7][0][2] | S_C_o[7][7][2] |     4.261 | SLOW    |     2.209 | FAST    |
S_A_i[7][0][2] | S_C_o[7][7][3] |     4.494 | SLOW    |     2.329 | FAST    |
S_A_i[7][0][2] | S_C_o[7][7][4] |     4.494 | SLOW    |     2.329 | FAST    |
S_A_i[7][0][2] | S_C_o[7][7][5] |     4.722 | SLOW    |     2.454 | FAST    |
S_A_i[7][0][2] | S_C_o[7][7][6] |     4.744 | SLOW    |     2.468 | FAST    |
S_A_i[7][0][2] | S_C_o[7][7][7] |     4.809 | SLOW    |     2.505 | FAST    |
S_A_i[7][0][3] | S_C_o[7][0][3] |     4.270 | SLOW    |     2.213 | FAST    |
S_A_i[7][0][3] | S_C_o[7][0][4] |     4.265 | SLOW    |     2.205 | FAST    |
S_A_i[7][0][3] | S_C_o[7][0][5] |     4.507 | SLOW    |     2.344 | FAST    |
S_A_i[7][0][3] | S_C_o[7][0][6] |     4.529 | SLOW    |     2.358 | FAST    |
S_A_i[7][0][3] | S_C_o[7][0][7] |     4.594 | SLOW    |     2.395 | FAST    |
S_A_i[7][0][3] | S_C_o[7][1][3] |     4.270 | SLOW    |     2.213 | FAST    |
S_A_i[7][0][3] | S_C_o[7][1][4] |     4.265 | SLOW    |     2.205 | FAST    |
S_A_i[7][0][3] | S_C_o[7][1][5] |     4.507 | SLOW    |     2.344 | FAST    |
S_A_i[7][0][3] | S_C_o[7][1][6] |     4.529 | SLOW    |     2.358 | FAST    |
S_A_i[7][0][3] | S_C_o[7][1][7] |     4.594 | SLOW    |     2.395 | FAST    |
S_A_i[7][0][3] | S_C_o[7][2][3] |     4.270 | SLOW    |     2.213 | FAST    |
S_A_i[7][0][3] | S_C_o[7][2][4] |     4.265 | SLOW    |     2.205 | FAST    |
S_A_i[7][0][3] | S_C_o[7][2][5] |     4.507 | SLOW    |     2.344 | FAST    |
S_A_i[7][0][3] | S_C_o[7][2][6] |     4.529 | SLOW    |     2.358 | FAST    |
S_A_i[7][0][3] | S_C_o[7][2][7] |     4.594 | SLOW    |     2.395 | FAST    |
S_A_i[7][0][3] | S_C_o[7][3][3] |     4.270 | SLOW    |     2.213 | FAST    |
S_A_i[7][0][3] | S_C_o[7][3][4] |     4.265 | SLOW    |     2.205 | FAST    |
S_A_i[7][0][3] | S_C_o[7][3][5] |     4.507 | SLOW    |     2.344 | FAST    |
S_A_i[7][0][3] | S_C_o[7][3][6] |     4.529 | SLOW    |     2.358 | FAST    |
S_A_i[7][0][3] | S_C_o[7][3][7] |     4.594 | SLOW    |     2.395 | FAST    |
S_A_i[7][0][3] | S_C_o[7][4][3] |     4.270 | SLOW    |     2.213 | FAST    |
S_A_i[7][0][3] | S_C_o[7][4][4] |     4.265 | SLOW    |     2.205 | FAST    |
S_A_i[7][0][3] | S_C_o[7][4][5] |     4.507 | SLOW    |     2.344 | FAST    |
S_A_i[7][0][3] | S_C_o[7][4][6] |     4.529 | SLOW    |     2.358 | FAST    |
S_A_i[7][0][3] | S_C_o[7][4][7] |     4.594 | SLOW    |     2.395 | FAST    |
S_A_i[7][0][3] | S_C_o[7][5][3] |     4.270 | SLOW    |     2.213 | FAST    |
S_A_i[7][0][3] | S_C_o[7][5][4] |     4.265 | SLOW    |     2.205 | FAST    |
S_A_i[7][0][3] | S_C_o[7][5][5] |     4.507 | SLOW    |     2.344 | FAST    |
S_A_i[7][0][3] | S_C_o[7][5][6] |     4.529 | SLOW    |     2.358 | FAST    |
S_A_i[7][0][3] | S_C_o[7][5][7] |     4.594 | SLOW    |     2.395 | FAST    |
S_A_i[7][0][3] | S_C_o[7][6][3] |     4.270 | SLOW    |     2.213 | FAST    |
S_A_i[7][0][3] | S_C_o[7][6][4] |     4.265 | SLOW    |     2.205 | FAST    |
S_A_i[7][0][3] | S_C_o[7][6][5] |     4.507 | SLOW    |     2.344 | FAST    |
S_A_i[7][0][3] | S_C_o[7][6][6] |     4.529 | SLOW    |     2.358 | FAST    |
S_A_i[7][0][3] | S_C_o[7][6][7] |     4.594 | SLOW    |     2.395 | FAST    |
S_A_i[7][0][3] | S_C_o[7][7][3] |     4.270 | SLOW    |     2.213 | FAST    |
S_A_i[7][0][3] | S_C_o[7][7][4] |     4.265 | SLOW    |     2.205 | FAST    |
S_A_i[7][0][3] | S_C_o[7][7][5] |     4.507 | SLOW    |     2.344 | FAST    |
S_A_i[7][0][3] | S_C_o[7][7][6] |     4.529 | SLOW    |     2.358 | FAST    |
S_A_i[7][0][3] | S_C_o[7][7][7] |     4.594 | SLOW    |     2.395 | FAST    |
S_A_i[7][0][4] | S_C_o[7][0][4] |     4.261 | SLOW    |     2.209 | FAST    |
S_A_i[7][0][4] | S_C_o[7][0][5] |     4.484 | SLOW    |     2.326 | FAST    |
S_A_i[7][0][4] | S_C_o[7][0][6] |     4.506 | SLOW    |     2.340 | FAST    |
S_A_i[7][0][4] | S_C_o[7][0][7] |     4.571 | SLOW    |     2.377 | FAST    |
S_A_i[7][0][4] | S_C_o[7][1][4] |     4.261 | SLOW    |     2.209 | FAST    |
S_A_i[7][0][4] | S_C_o[7][1][5] |     4.484 | SLOW    |     2.326 | FAST    |
S_A_i[7][0][4] | S_C_o[7][1][6] |     4.506 | SLOW    |     2.340 | FAST    |
S_A_i[7][0][4] | S_C_o[7][1][7] |     4.571 | SLOW    |     2.377 | FAST    |
S_A_i[7][0][4] | S_C_o[7][2][4] |     4.261 | SLOW    |     2.209 | FAST    |
S_A_i[7][0][4] | S_C_o[7][2][5] |     4.484 | SLOW    |     2.326 | FAST    |
S_A_i[7][0][4] | S_C_o[7][2][6] |     4.506 | SLOW    |     2.340 | FAST    |
S_A_i[7][0][4] | S_C_o[7][2][7] |     4.571 | SLOW    |     2.377 | FAST    |
S_A_i[7][0][4] | S_C_o[7][3][4] |     4.261 | SLOW    |     2.209 | FAST    |
S_A_i[7][0][4] | S_C_o[7][3][5] |     4.484 | SLOW    |     2.326 | FAST    |
S_A_i[7][0][4] | S_C_o[7][3][6] |     4.506 | SLOW    |     2.340 | FAST    |
S_A_i[7][0][4] | S_C_o[7][3][7] |     4.571 | SLOW    |     2.377 | FAST    |
S_A_i[7][0][4] | S_C_o[7][4][4] |     4.261 | SLOW    |     2.209 | FAST    |
S_A_i[7][0][4] | S_C_o[7][4][5] |     4.484 | SLOW    |     2.326 | FAST    |
S_A_i[7][0][4] | S_C_o[7][4][6] |     4.506 | SLOW    |     2.340 | FAST    |
S_A_i[7][0][4] | S_C_o[7][4][7] |     4.571 | SLOW    |     2.377 | FAST    |
S_A_i[7][0][4] | S_C_o[7][5][4] |     4.261 | SLOW    |     2.209 | FAST    |
S_A_i[7][0][4] | S_C_o[7][5][5] |     4.484 | SLOW    |     2.326 | FAST    |
S_A_i[7][0][4] | S_C_o[7][5][6] |     4.506 | SLOW    |     2.340 | FAST    |
S_A_i[7][0][4] | S_C_o[7][5][7] |     4.571 | SLOW    |     2.377 | FAST    |
S_A_i[7][0][4] | S_C_o[7][6][4] |     4.261 | SLOW    |     2.209 | FAST    |
S_A_i[7][0][4] | S_C_o[7][6][5] |     4.484 | SLOW    |     2.326 | FAST    |
S_A_i[7][0][4] | S_C_o[7][6][6] |     4.506 | SLOW    |     2.340 | FAST    |
S_A_i[7][0][4] | S_C_o[7][6][7] |     4.571 | SLOW    |     2.377 | FAST    |
S_A_i[7][0][4] | S_C_o[7][7][4] |     4.261 | SLOW    |     2.209 | FAST    |
S_A_i[7][0][4] | S_C_o[7][7][5] |     4.484 | SLOW    |     2.326 | FAST    |
S_A_i[7][0][4] | S_C_o[7][7][6] |     4.506 | SLOW    |     2.340 | FAST    |
S_A_i[7][0][4] | S_C_o[7][7][7] |     4.571 | SLOW    |     2.377 | FAST    |
S_A_i[7][0][5] | S_C_o[7][0][5] |     4.270 | SLOW    |     2.213 | FAST    |
S_A_i[7][0][5] | S_C_o[7][0][6] |     4.287 | SLOW    |     2.219 | FAST    |
S_A_i[7][0][5] | S_C_o[7][0][7] |     4.297 | SLOW    |     2.222 | FAST    |
S_A_i[7][0][5] | S_C_o[7][1][5] |     4.270 | SLOW    |     2.213 | FAST    |
S_A_i[7][0][5] | S_C_o[7][1][6] |     4.287 | SLOW    |     2.219 | FAST    |
S_A_i[7][0][5] | S_C_o[7][1][7] |     4.297 | SLOW    |     2.222 | FAST    |
S_A_i[7][0][5] | S_C_o[7][2][5] |     4.270 | SLOW    |     2.213 | FAST    |
S_A_i[7][0][5] | S_C_o[7][2][6] |     4.287 | SLOW    |     2.219 | FAST    |
S_A_i[7][0][5] | S_C_o[7][2][7] |     4.297 | SLOW    |     2.222 | FAST    |
S_A_i[7][0][5] | S_C_o[7][3][5] |     4.270 | SLOW    |     2.213 | FAST    |
S_A_i[7][0][5] | S_C_o[7][3][6] |     4.287 | SLOW    |     2.219 | FAST    |
S_A_i[7][0][5] | S_C_o[7][3][7] |     4.297 | SLOW    |     2.222 | FAST    |
S_A_i[7][0][5] | S_C_o[7][4][5] |     4.270 | SLOW    |     2.213 | FAST    |
S_A_i[7][0][5] | S_C_o[7][4][6] |     4.287 | SLOW    |     2.219 | FAST    |
S_A_i[7][0][5] | S_C_o[7][4][7] |     4.297 | SLOW    |     2.222 | FAST    |
S_A_i[7][0][5] | S_C_o[7][5][5] |     4.270 | SLOW    |     2.213 | FAST    |
S_A_i[7][0][5] | S_C_o[7][5][6] |     4.287 | SLOW    |     2.219 | FAST    |
S_A_i[7][0][5] | S_C_o[7][5][7] |     4.297 | SLOW    |     2.222 | FAST    |
S_A_i[7][0][5] | S_C_o[7][6][5] |     4.270 | SLOW    |     2.213 | FAST    |
S_A_i[7][0][5] | S_C_o[7][6][6] |     4.287 | SLOW    |     2.219 | FAST    |
S_A_i[7][0][5] | S_C_o[7][6][7] |     4.297 | SLOW    |     2.222 | FAST    |
S_A_i[7][0][5] | S_C_o[7][7][5] |     4.270 | SLOW    |     2.213 | FAST    |
S_A_i[7][0][5] | S_C_o[7][7][6] |     4.287 | SLOW    |     2.219 | FAST    |
S_A_i[7][0][5] | S_C_o[7][7][7] |     4.297 | SLOW    |     2.222 | FAST    |
S_A_i[7][0][6] | S_C_o[7][0][6] |     4.292 | SLOW    |     2.229 | FAST    |
S_A_i[7][0][6] | S_C_o[7][0][7] |     4.256 | SLOW    |     2.201 | FAST    |
S_A_i[7][0][6] | S_C_o[7][1][6] |     4.292 | SLOW    |     2.229 | FAST    |
S_A_i[7][0][6] | S_C_o[7][1][7] |     4.256 | SLOW    |     2.201 | FAST    |
S_A_i[7][0][6] | S_C_o[7][2][6] |     4.292 | SLOW    |     2.229 | FAST    |
S_A_i[7][0][6] | S_C_o[7][2][7] |     4.256 | SLOW    |     2.201 | FAST    |
S_A_i[7][0][6] | S_C_o[7][3][6] |     4.292 | SLOW    |     2.229 | FAST    |
S_A_i[7][0][6] | S_C_o[7][3][7] |     4.256 | SLOW    |     2.201 | FAST    |
S_A_i[7][0][6] | S_C_o[7][4][6] |     4.292 | SLOW    |     2.229 | FAST    |
S_A_i[7][0][6] | S_C_o[7][4][7] |     4.256 | SLOW    |     2.201 | FAST    |
S_A_i[7][0][6] | S_C_o[7][5][6] |     4.292 | SLOW    |     2.229 | FAST    |
S_A_i[7][0][6] | S_C_o[7][5][7] |     4.256 | SLOW    |     2.201 | FAST    |
S_A_i[7][0][6] | S_C_o[7][6][6] |     4.292 | SLOW    |     2.229 | FAST    |
S_A_i[7][0][6] | S_C_o[7][6][7] |     4.256 | SLOW    |     2.201 | FAST    |
S_A_i[7][0][6] | S_C_o[7][7][6] |     4.292 | SLOW    |     2.229 | FAST    |
S_A_i[7][0][6] | S_C_o[7][7][7] |     4.256 | SLOW    |     2.201 | FAST    |
S_A_i[7][0][7] | S_C_o[7][0][7] |     4.444 | SLOW    |     2.314 | FAST    |
S_A_i[7][0][7] | S_C_o[7][1][7] |     4.444 | SLOW    |     2.314 | FAST    |
S_A_i[7][0][7] | S_C_o[7][2][7] |     4.444 | SLOW    |     2.314 | FAST    |
S_A_i[7][0][7] | S_C_o[7][3][7] |     4.444 | SLOW    |     2.314 | FAST    |
S_A_i[7][0][7] | S_C_o[7][4][7] |     4.444 | SLOW    |     2.314 | FAST    |
S_A_i[7][0][7] | S_C_o[7][5][7] |     4.444 | SLOW    |     2.314 | FAST    |
S_A_i[7][0][7] | S_C_o[7][6][7] |     4.444 | SLOW    |     2.314 | FAST    |
S_A_i[7][0][7] | S_C_o[7][7][7] |     4.444 | SLOW    |     2.314 | FAST    |
S_B_i[0][0][0] | S_C_o[0][0][0] |     4.277 | SLOW    |     2.217 | FAST    |
S_B_i[0][0][0] | S_C_o[0][0][1] |     4.294 | SLOW    |     2.223 | FAST    |
S_B_i[0][0][0] | S_C_o[0][0][2] |     4.272 | SLOW    |     2.209 | FAST    |
S_B_i[0][0][0] | S_C_o[0][0][3] |     4.510 | SLOW    |     2.337 | FAST    |
S_B_i[0][0][0] | S_C_o[0][0][4] |     4.510 | SLOW    |     2.337 | FAST    |
S_B_i[0][0][0] | S_C_o[0][0][5] |     4.738 | SLOW    |     2.462 | FAST    |
S_B_i[0][0][0] | S_C_o[0][0][6] |     4.760 | SLOW    |     2.476 | FAST    |
S_B_i[0][0][0] | S_C_o[0][0][7] |     4.825 | SLOW    |     2.513 | FAST    |
S_B_i[0][0][0] | S_C_o[1][0][0] |     4.277 | SLOW    |     2.217 | FAST    |
S_B_i[0][0][0] | S_C_o[1][0][1] |     4.294 | SLOW    |     2.223 | FAST    |
S_B_i[0][0][0] | S_C_o[1][0][2] |     4.272 | SLOW    |     2.209 | FAST    |
S_B_i[0][0][0] | S_C_o[1][0][3] |     4.510 | SLOW    |     2.337 | FAST    |
S_B_i[0][0][0] | S_C_o[1][0][4] |     4.510 | SLOW    |     2.337 | FAST    |
S_B_i[0][0][0] | S_C_o[1][0][5] |     4.738 | SLOW    |     2.462 | FAST    |
S_B_i[0][0][0] | S_C_o[1][0][6] |     4.760 | SLOW    |     2.476 | FAST    |
S_B_i[0][0][0] | S_C_o[1][0][7] |     4.825 | SLOW    |     2.513 | FAST    |
S_B_i[0][0][0] | S_C_o[2][0][0] |     4.277 | SLOW    |     2.217 | FAST    |
S_B_i[0][0][0] | S_C_o[2][0][1] |     4.294 | SLOW    |     2.223 | FAST    |
S_B_i[0][0][0] | S_C_o[2][0][2] |     4.272 | SLOW    |     2.209 | FAST    |
S_B_i[0][0][0] | S_C_o[2][0][3] |     4.510 | SLOW    |     2.337 | FAST    |
S_B_i[0][0][0] | S_C_o[2][0][4] |     4.510 | SLOW    |     2.337 | FAST    |
S_B_i[0][0][0] | S_C_o[2][0][5] |     4.738 | SLOW    |     2.462 | FAST    |
S_B_i[0][0][0] | S_C_o[2][0][6] |     4.760 | SLOW    |     2.476 | FAST    |
S_B_i[0][0][0] | S_C_o[2][0][7] |     4.825 | SLOW    |     2.513 | FAST    |
S_B_i[0][0][0] | S_C_o[3][0][0] |     4.277 | SLOW    |     2.217 | FAST    |
S_B_i[0][0][0] | S_C_o[3][0][1] |     4.294 | SLOW    |     2.223 | FAST    |
S_B_i[0][0][0] | S_C_o[3][0][2] |     4.272 | SLOW    |     2.209 | FAST    |
S_B_i[0][0][0] | S_C_o[3][0][3] |     4.510 | SLOW    |     2.337 | FAST    |
S_B_i[0][0][0] | S_C_o[3][0][4] |     4.510 | SLOW    |     2.337 | FAST    |
S_B_i[0][0][0] | S_C_o[3][0][5] |     4.738 | SLOW    |     2.462 | FAST    |
S_B_i[0][0][0] | S_C_o[3][0][6] |     4.760 | SLOW    |     2.476 | FAST    |
S_B_i[0][0][0] | S_C_o[3][0][7] |     4.825 | SLOW    |     2.513 | FAST    |
S_B_i[0][0][0] | S_C_o[4][0][0] |     4.277 | SLOW    |     2.217 | FAST    |
S_B_i[0][0][0] | S_C_o[4][0][1] |     4.294 | SLOW    |     2.223 | FAST    |
S_B_i[0][0][0] | S_C_o[4][0][2] |     4.272 | SLOW    |     2.209 | FAST    |
S_B_i[0][0][0] | S_C_o[4][0][3] |     4.510 | SLOW    |     2.337 | FAST    |
S_B_i[0][0][0] | S_C_o[4][0][4] |     4.510 | SLOW    |     2.337 | FAST    |
S_B_i[0][0][0] | S_C_o[4][0][5] |     4.738 | SLOW    |     2.462 | FAST    |
S_B_i[0][0][0] | S_C_o[4][0][6] |     4.760 | SLOW    |     2.476 | FAST    |
S_B_i[0][0][0] | S_C_o[4][0][7] |     4.825 | SLOW    |     2.513 | FAST    |
S_B_i[0][0][0] | S_C_o[5][0][0] |     4.277 | SLOW    |     2.217 | FAST    |
S_B_i[0][0][0] | S_C_o[5][0][1] |     4.294 | SLOW    |     2.223 | FAST    |
S_B_i[0][0][0] | S_C_o[5][0][2] |     4.272 | SLOW    |     2.209 | FAST    |
S_B_i[0][0][0] | S_C_o[5][0][3] |     4.510 | SLOW    |     2.337 | FAST    |
S_B_i[0][0][0] | S_C_o[5][0][4] |     4.510 | SLOW    |     2.337 | FAST    |
S_B_i[0][0][0] | S_C_o[5][0][5] |     4.738 | SLOW    |     2.462 | FAST    |
S_B_i[0][0][0] | S_C_o[5][0][6] |     4.760 | SLOW    |     2.476 | FAST    |
S_B_i[0][0][0] | S_C_o[5][0][7] |     4.825 | SLOW    |     2.513 | FAST    |
S_B_i[0][0][0] | S_C_o[6][0][0] |     4.277 | SLOW    |     2.217 | FAST    |
S_B_i[0][0][0] | S_C_o[6][0][1] |     4.294 | SLOW    |     2.223 | FAST    |
S_B_i[0][0][0] | S_C_o[6][0][2] |     4.272 | SLOW    |     2.209 | FAST    |
S_B_i[0][0][0] | S_C_o[6][0][3] |     4.510 | SLOW    |     2.337 | FAST    |
S_B_i[0][0][0] | S_C_o[6][0][4] |     4.510 | SLOW    |     2.337 | FAST    |
S_B_i[0][0][0] | S_C_o[6][0][5] |     4.738 | SLOW    |     2.462 | FAST    |
S_B_i[0][0][0] | S_C_o[6][0][6] |     4.760 | SLOW    |     2.476 | FAST    |
S_B_i[0][0][0] | S_C_o[6][0][7] |     4.825 | SLOW    |     2.513 | FAST    |
S_B_i[0][0][0] | S_C_o[7][0][0] |     4.277 | SLOW    |     2.217 | FAST    |
S_B_i[0][0][0] | S_C_o[7][0][1] |     4.294 | SLOW    |     2.223 | FAST    |
S_B_i[0][0][0] | S_C_o[7][0][2] |     4.272 | SLOW    |     2.209 | FAST    |
S_B_i[0][0][0] | S_C_o[7][0][3] |     4.510 | SLOW    |     2.337 | FAST    |
S_B_i[0][0][0] | S_C_o[7][0][4] |     4.510 | SLOW    |     2.337 | FAST    |
S_B_i[0][0][0] | S_C_o[7][0][5] |     4.738 | SLOW    |     2.462 | FAST    |
S_B_i[0][0][0] | S_C_o[7][0][6] |     4.760 | SLOW    |     2.476 | FAST    |
S_B_i[0][0][0] | S_C_o[7][0][7] |     4.825 | SLOW    |     2.513 | FAST    |
S_B_i[0][0][1] | S_C_o[0][0][1] |     4.301 | SLOW    |     2.233 | FAST    |
S_B_i[0][0][1] | S_C_o[0][0][2] |     4.265 | SLOW    |     2.205 | FAST    |
S_B_i[0][0][1] | S_C_o[0][0][3] |     4.476 | SLOW    |     2.324 | FAST    |
S_B_i[0][0][1] | S_C_o[0][0][4] |     4.476 | SLOW    |     2.324 | FAST    |
S_B_i[0][0][1] | S_C_o[0][0][5] |     4.704 | SLOW    |     2.449 | FAST    |
S_B_i[0][0][1] | S_C_o[0][0][6] |     4.726 | SLOW    |     2.463 | FAST    |
S_B_i[0][0][1] | S_C_o[0][0][7] |     4.791 | SLOW    |     2.500 | FAST    |
S_B_i[0][0][1] | S_C_o[1][0][1] |     4.301 | SLOW    |     2.233 | FAST    |
S_B_i[0][0][1] | S_C_o[1][0][2] |     4.265 | SLOW    |     2.205 | FAST    |
S_B_i[0][0][1] | S_C_o[1][0][3] |     4.476 | SLOW    |     2.324 | FAST    |
S_B_i[0][0][1] | S_C_o[1][0][4] |     4.476 | SLOW    |     2.324 | FAST    |
S_B_i[0][0][1] | S_C_o[1][0][5] |     4.704 | SLOW    |     2.449 | FAST    |
S_B_i[0][0][1] | S_C_o[1][0][6] |     4.726 | SLOW    |     2.463 | FAST    |
S_B_i[0][0][1] | S_C_o[1][0][7] |     4.791 | SLOW    |     2.500 | FAST    |
S_B_i[0][0][1] | S_C_o[2][0][1] |     4.301 | SLOW    |     2.233 | FAST    |
S_B_i[0][0][1] | S_C_o[2][0][2] |     4.265 | SLOW    |     2.205 | FAST    |
S_B_i[0][0][1] | S_C_o[2][0][3] |     4.476 | SLOW    |     2.324 | FAST    |
S_B_i[0][0][1] | S_C_o[2][0][4] |     4.476 | SLOW    |     2.324 | FAST    |
S_B_i[0][0][1] | S_C_o[2][0][5] |     4.704 | SLOW    |     2.449 | FAST    |
S_B_i[0][0][1] | S_C_o[2][0][6] |     4.726 | SLOW    |     2.463 | FAST    |
S_B_i[0][0][1] | S_C_o[2][0][7] |     4.791 | SLOW    |     2.500 | FAST    |
S_B_i[0][0][1] | S_C_o[3][0][1] |     4.301 | SLOW    |     2.233 | FAST    |
S_B_i[0][0][1] | S_C_o[3][0][2] |     4.265 | SLOW    |     2.205 | FAST    |
S_B_i[0][0][1] | S_C_o[3][0][3] |     4.476 | SLOW    |     2.324 | FAST    |
S_B_i[0][0][1] | S_C_o[3][0][4] |     4.476 | SLOW    |     2.324 | FAST    |
S_B_i[0][0][1] | S_C_o[3][0][5] |     4.704 | SLOW    |     2.449 | FAST    |
S_B_i[0][0][1] | S_C_o[3][0][6] |     4.726 | SLOW    |     2.463 | FAST    |
S_B_i[0][0][1] | S_C_o[3][0][7] |     4.791 | SLOW    |     2.500 | FAST    |
S_B_i[0][0][1] | S_C_o[4][0][1] |     4.301 | SLOW    |     2.233 | FAST    |
S_B_i[0][0][1] | S_C_o[4][0][2] |     4.265 | SLOW    |     2.205 | FAST    |
S_B_i[0][0][1] | S_C_o[4][0][3] |     4.476 | SLOW    |     2.324 | FAST    |
S_B_i[0][0][1] | S_C_o[4][0][4] |     4.476 | SLOW    |     2.324 | FAST    |
S_B_i[0][0][1] | S_C_o[4][0][5] |     4.704 | SLOW    |     2.449 | FAST    |
S_B_i[0][0][1] | S_C_o[4][0][6] |     4.726 | SLOW    |     2.463 | FAST    |
S_B_i[0][0][1] | S_C_o[4][0][7] |     4.791 | SLOW    |     2.500 | FAST    |
S_B_i[0][0][1] | S_C_o[5][0][1] |     4.301 | SLOW    |     2.233 | FAST    |
S_B_i[0][0][1] | S_C_o[5][0][2] |     4.265 | SLOW    |     2.205 | FAST    |
S_B_i[0][0][1] | S_C_o[5][0][3] |     4.476 | SLOW    |     2.324 | FAST    |
S_B_i[0][0][1] | S_C_o[5][0][4] |     4.476 | SLOW    |     2.324 | FAST    |
S_B_i[0][0][1] | S_C_o[5][0][5] |     4.704 | SLOW    |     2.449 | FAST    |
S_B_i[0][0][1] | S_C_o[5][0][6] |     4.726 | SLOW    |     2.463 | FAST    |
S_B_i[0][0][1] | S_C_o[5][0][7] |     4.791 | SLOW    |     2.500 | FAST    |
S_B_i[0][0][1] | S_C_o[6][0][1] |     4.301 | SLOW    |     2.233 | FAST    |
S_B_i[0][0][1] | S_C_o[6][0][2] |     4.265 | SLOW    |     2.205 | FAST    |
S_B_i[0][0][1] | S_C_o[6][0][3] |     4.476 | SLOW    |     2.324 | FAST    |
S_B_i[0][0][1] | S_C_o[6][0][4] |     4.476 | SLOW    |     2.324 | FAST    |
S_B_i[0][0][1] | S_C_o[6][0][5] |     4.704 | SLOW    |     2.449 | FAST    |
S_B_i[0][0][1] | S_C_o[6][0][6] |     4.726 | SLOW    |     2.463 | FAST    |
S_B_i[0][0][1] | S_C_o[6][0][7] |     4.791 | SLOW    |     2.500 | FAST    |
S_B_i[0][0][1] | S_C_o[7][0][1] |     4.301 | SLOW    |     2.233 | FAST    |
S_B_i[0][0][1] | S_C_o[7][0][2] |     4.265 | SLOW    |     2.205 | FAST    |
S_B_i[0][0][1] | S_C_o[7][0][3] |     4.476 | SLOW    |     2.324 | FAST    |
S_B_i[0][0][1] | S_C_o[7][0][4] |     4.476 | SLOW    |     2.324 | FAST    |
S_B_i[0][0][1] | S_C_o[7][0][5] |     4.704 | SLOW    |     2.449 | FAST    |
S_B_i[0][0][1] | S_C_o[7][0][6] |     4.726 | SLOW    |     2.463 | FAST    |
S_B_i[0][0][1] | S_C_o[7][0][7] |     4.791 | SLOW    |     2.500 | FAST    |
S_B_i[0][0][2] | S_C_o[0][0][2] |     4.261 | SLOW    |     2.209 | FAST    |
S_B_i[0][0][2] | S_C_o[0][0][3] |     4.462 | SLOW    |     2.312 | FAST    |
S_B_i[0][0][2] | S_C_o[0][0][4] |     4.462 | SLOW    |     2.312 | FAST    |
S_B_i[0][0][2] | S_C_o[0][0][5] |     4.690 | SLOW    |     2.437 | FAST    |
S_B_i[0][0][2] | S_C_o[0][0][6] |     4.712 | SLOW    |     2.451 | FAST    |
S_B_i[0][0][2] | S_C_o[0][0][7] |     4.777 | SLOW    |     2.488 | FAST    |
S_B_i[0][0][2] | S_C_o[1][0][2] |     4.261 | SLOW    |     2.209 | FAST    |
S_B_i[0][0][2] | S_C_o[1][0][3] |     4.462 | SLOW    |     2.312 | FAST    |
S_B_i[0][0][2] | S_C_o[1][0][4] |     4.462 | SLOW    |     2.312 | FAST    |
S_B_i[0][0][2] | S_C_o[1][0][5] |     4.690 | SLOW    |     2.437 | FAST    |
S_B_i[0][0][2] | S_C_o[1][0][6] |     4.712 | SLOW    |     2.451 | FAST    |
S_B_i[0][0][2] | S_C_o[1][0][7] |     4.777 | SLOW    |     2.488 | FAST    |
S_B_i[0][0][2] | S_C_o[2][0][2] |     4.261 | SLOW    |     2.209 | FAST    |
S_B_i[0][0][2] | S_C_o[2][0][3] |     4.462 | SLOW    |     2.312 | FAST    |
S_B_i[0][0][2] | S_C_o[2][0][4] |     4.462 | SLOW    |     2.312 | FAST    |
S_B_i[0][0][2] | S_C_o[2][0][5] |     4.690 | SLOW    |     2.437 | FAST    |
S_B_i[0][0][2] | S_C_o[2][0][6] |     4.712 | SLOW    |     2.451 | FAST    |
S_B_i[0][0][2] | S_C_o[2][0][7] |     4.777 | SLOW    |     2.488 | FAST    |
S_B_i[0][0][2] | S_C_o[3][0][2] |     4.261 | SLOW    |     2.209 | FAST    |
S_B_i[0][0][2] | S_C_o[3][0][3] |     4.462 | SLOW    |     2.312 | FAST    |
S_B_i[0][0][2] | S_C_o[3][0][4] |     4.462 | SLOW    |     2.312 | FAST    |
S_B_i[0][0][2] | S_C_o[3][0][5] |     4.690 | SLOW    |     2.437 | FAST    |
S_B_i[0][0][2] | S_C_o[3][0][6] |     4.712 | SLOW    |     2.451 | FAST    |
S_B_i[0][0][2] | S_C_o[3][0][7] |     4.777 | SLOW    |     2.488 | FAST    |
S_B_i[0][0][2] | S_C_o[4][0][2] |     4.261 | SLOW    |     2.209 | FAST    |
S_B_i[0][0][2] | S_C_o[4][0][3] |     4.462 | SLOW    |     2.312 | FAST    |
S_B_i[0][0][2] | S_C_o[4][0][4] |     4.462 | SLOW    |     2.312 | FAST    |
S_B_i[0][0][2] | S_C_o[4][0][5] |     4.690 | SLOW    |     2.437 | FAST    |
S_B_i[0][0][2] | S_C_o[4][0][6] |     4.712 | SLOW    |     2.451 | FAST    |
S_B_i[0][0][2] | S_C_o[4][0][7] |     4.777 | SLOW    |     2.488 | FAST    |
S_B_i[0][0][2] | S_C_o[5][0][2] |     4.261 | SLOW    |     2.209 | FAST    |
S_B_i[0][0][2] | S_C_o[5][0][3] |     4.462 | SLOW    |     2.312 | FAST    |
S_B_i[0][0][2] | S_C_o[5][0][4] |     4.462 | SLOW    |     2.312 | FAST    |
S_B_i[0][0][2] | S_C_o[5][0][5] |     4.690 | SLOW    |     2.437 | FAST    |
S_B_i[0][0][2] | S_C_o[5][0][6] |     4.712 | SLOW    |     2.451 | FAST    |
S_B_i[0][0][2] | S_C_o[5][0][7] |     4.777 | SLOW    |     2.488 | FAST    |
S_B_i[0][0][2] | S_C_o[6][0][2] |     4.261 | SLOW    |     2.209 | FAST    |
S_B_i[0][0][2] | S_C_o[6][0][3] |     4.462 | SLOW    |     2.312 | FAST    |
S_B_i[0][0][2] | S_C_o[6][0][4] |     4.462 | SLOW    |     2.312 | FAST    |
S_B_i[0][0][2] | S_C_o[6][0][5] |     4.690 | SLOW    |     2.437 | FAST    |
S_B_i[0][0][2] | S_C_o[6][0][6] |     4.712 | SLOW    |     2.451 | FAST    |
S_B_i[0][0][2] | S_C_o[6][0][7] |     4.777 | SLOW    |     2.488 | FAST    |
S_B_i[0][0][2] | S_C_o[7][0][2] |     4.261 | SLOW    |     2.209 | FAST    |
S_B_i[0][0][2] | S_C_o[7][0][3] |     4.462 | SLOW    |     2.312 | FAST    |
S_B_i[0][0][2] | S_C_o[7][0][4] |     4.462 | SLOW    |     2.312 | FAST    |
S_B_i[0][0][2] | S_C_o[7][0][5] |     4.690 | SLOW    |     2.437 | FAST    |
S_B_i[0][0][2] | S_C_o[7][0][6] |     4.712 | SLOW    |     2.451 | FAST    |
S_B_i[0][0][2] | S_C_o[7][0][7] |     4.777 | SLOW    |     2.488 | FAST    |
S_B_i[0][0][3] | S_C_o[0][0][3] |     4.270 | SLOW    |     2.213 | FAST    |
S_B_i[0][0][3] | S_C_o[0][0][4] |     4.265 | SLOW    |     2.205 | FAST    |
S_B_i[0][0][3] | S_C_o[0][0][5] |     4.507 | SLOW    |     2.344 | FAST    |
S_B_i[0][0][3] | S_C_o[0][0][6] |     4.529 | SLOW    |     2.358 | FAST    |
S_B_i[0][0][3] | S_C_o[0][0][7] |     4.594 | SLOW    |     2.395 | FAST    |
S_B_i[0][0][3] | S_C_o[1][0][3] |     4.270 | SLOW    |     2.213 | FAST    |
S_B_i[0][0][3] | S_C_o[1][0][4] |     4.265 | SLOW    |     2.205 | FAST    |
S_B_i[0][0][3] | S_C_o[1][0][5] |     4.507 | SLOW    |     2.344 | FAST    |
S_B_i[0][0][3] | S_C_o[1][0][6] |     4.529 | SLOW    |     2.358 | FAST    |
S_B_i[0][0][3] | S_C_o[1][0][7] |     4.594 | SLOW    |     2.395 | FAST    |
S_B_i[0][0][3] | S_C_o[2][0][3] |     4.270 | SLOW    |     2.213 | FAST    |
S_B_i[0][0][3] | S_C_o[2][0][4] |     4.265 | SLOW    |     2.205 | FAST    |
S_B_i[0][0][3] | S_C_o[2][0][5] |     4.507 | SLOW    |     2.344 | FAST    |
S_B_i[0][0][3] | S_C_o[2][0][6] |     4.529 | SLOW    |     2.358 | FAST    |
S_B_i[0][0][3] | S_C_o[2][0][7] |     4.594 | SLOW    |     2.395 | FAST    |
S_B_i[0][0][3] | S_C_o[3][0][3] |     4.270 | SLOW    |     2.213 | FAST    |
S_B_i[0][0][3] | S_C_o[3][0][4] |     4.265 | SLOW    |     2.205 | FAST    |
S_B_i[0][0][3] | S_C_o[3][0][5] |     4.507 | SLOW    |     2.344 | FAST    |
S_B_i[0][0][3] | S_C_o[3][0][6] |     4.529 | SLOW    |     2.358 | FAST    |
S_B_i[0][0][3] | S_C_o[3][0][7] |     4.594 | SLOW    |     2.395 | FAST    |
S_B_i[0][0][3] | S_C_o[4][0][3] |     4.270 | SLOW    |     2.213 | FAST    |
S_B_i[0][0][3] | S_C_o[4][0][4] |     4.265 | SLOW    |     2.205 | FAST    |
S_B_i[0][0][3] | S_C_o[4][0][5] |     4.507 | SLOW    |     2.344 | FAST    |
S_B_i[0][0][3] | S_C_o[4][0][6] |     4.529 | SLOW    |     2.358 | FAST    |
S_B_i[0][0][3] | S_C_o[4][0][7] |     4.594 | SLOW    |     2.395 | FAST    |
S_B_i[0][0][3] | S_C_o[5][0][3] |     4.270 | SLOW    |     2.213 | FAST    |
S_B_i[0][0][3] | S_C_o[5][0][4] |     4.265 | SLOW    |     2.205 | FAST    |
S_B_i[0][0][3] | S_C_o[5][0][5] |     4.507 | SLOW    |     2.344 | FAST    |
S_B_i[0][0][3] | S_C_o[5][0][6] |     4.529 | SLOW    |     2.358 | FAST    |
S_B_i[0][0][3] | S_C_o[5][0][7] |     4.594 | SLOW    |     2.395 | FAST    |
S_B_i[0][0][3] | S_C_o[6][0][3] |     4.270 | SLOW    |     2.213 | FAST    |
S_B_i[0][0][3] | S_C_o[6][0][4] |     4.265 | SLOW    |     2.205 | FAST    |
S_B_i[0][0][3] | S_C_o[6][0][5] |     4.507 | SLOW    |     2.344 | FAST    |
S_B_i[0][0][3] | S_C_o[6][0][6] |     4.529 | SLOW    |     2.358 | FAST    |
S_B_i[0][0][3] | S_C_o[6][0][7] |     4.594 | SLOW    |     2.395 | FAST    |
S_B_i[0][0][3] | S_C_o[7][0][3] |     4.270 | SLOW    |     2.213 | FAST    |
S_B_i[0][0][3] | S_C_o[7][0][4] |     4.265 | SLOW    |     2.205 | FAST    |
S_B_i[0][0][3] | S_C_o[7][0][5] |     4.507 | SLOW    |     2.344 | FAST    |
S_B_i[0][0][3] | S_C_o[7][0][6] |     4.529 | SLOW    |     2.358 | FAST    |
S_B_i[0][0][3] | S_C_o[7][0][7] |     4.594 | SLOW    |     2.395 | FAST    |
S_B_i[0][0][4] | S_C_o[0][0][4] |     4.261 | SLOW    |     2.209 | FAST    |
S_B_i[0][0][4] | S_C_o[0][0][5] |     4.484 | SLOW    |     2.326 | FAST    |
S_B_i[0][0][4] | S_C_o[0][0][6] |     4.506 | SLOW    |     2.340 | FAST    |
S_B_i[0][0][4] | S_C_o[0][0][7] |     4.571 | SLOW    |     2.377 | FAST    |
S_B_i[0][0][4] | S_C_o[1][0][4] |     4.261 | SLOW    |     2.209 | FAST    |
S_B_i[0][0][4] | S_C_o[1][0][5] |     4.484 | SLOW    |     2.326 | FAST    |
S_B_i[0][0][4] | S_C_o[1][0][6] |     4.506 | SLOW    |     2.340 | FAST    |
S_B_i[0][0][4] | S_C_o[1][0][7] |     4.571 | SLOW    |     2.377 | FAST    |
S_B_i[0][0][4] | S_C_o[2][0][4] |     4.261 | SLOW    |     2.209 | FAST    |
S_B_i[0][0][4] | S_C_o[2][0][5] |     4.484 | SLOW    |     2.326 | FAST    |
S_B_i[0][0][4] | S_C_o[2][0][6] |     4.506 | SLOW    |     2.340 | FAST    |
S_B_i[0][0][4] | S_C_o[2][0][7] |     4.571 | SLOW    |     2.377 | FAST    |
S_B_i[0][0][4] | S_C_o[3][0][4] |     4.261 | SLOW    |     2.209 | FAST    |
S_B_i[0][0][4] | S_C_o[3][0][5] |     4.484 | SLOW    |     2.326 | FAST    |
S_B_i[0][0][4] | S_C_o[3][0][6] |     4.506 | SLOW    |     2.340 | FAST    |
S_B_i[0][0][4] | S_C_o[3][0][7] |     4.571 | SLOW    |     2.377 | FAST    |
S_B_i[0][0][4] | S_C_o[4][0][4] |     4.261 | SLOW    |     2.209 | FAST    |
S_B_i[0][0][4] | S_C_o[4][0][5] |     4.484 | SLOW    |     2.326 | FAST    |
S_B_i[0][0][4] | S_C_o[4][0][6] |     4.506 | SLOW    |     2.340 | FAST    |
S_B_i[0][0][4] | S_C_o[4][0][7] |     4.571 | SLOW    |     2.377 | FAST    |
S_B_i[0][0][4] | S_C_o[5][0][4] |     4.261 | SLOW    |     2.209 | FAST    |
S_B_i[0][0][4] | S_C_o[5][0][5] |     4.484 | SLOW    |     2.326 | FAST    |
S_B_i[0][0][4] | S_C_o[5][0][6] |     4.506 | SLOW    |     2.340 | FAST    |
S_B_i[0][0][4] | S_C_o[5][0][7] |     4.571 | SLOW    |     2.377 | FAST    |
S_B_i[0][0][4] | S_C_o[6][0][4] |     4.261 | SLOW    |     2.209 | FAST    |
S_B_i[0][0][4] | S_C_o[6][0][5] |     4.484 | SLOW    |     2.326 | FAST    |
S_B_i[0][0][4] | S_C_o[6][0][6] |     4.506 | SLOW    |     2.340 | FAST    |
S_B_i[0][0][4] | S_C_o[6][0][7] |     4.571 | SLOW    |     2.377 | FAST    |
S_B_i[0][0][4] | S_C_o[7][0][4] |     4.261 | SLOW    |     2.209 | FAST    |
S_B_i[0][0][4] | S_C_o[7][0][5] |     4.484 | SLOW    |     2.326 | FAST    |
S_B_i[0][0][4] | S_C_o[7][0][6] |     4.506 | SLOW    |     2.340 | FAST    |
S_B_i[0][0][4] | S_C_o[7][0][7] |     4.571 | SLOW    |     2.377 | FAST    |
S_B_i[0][0][5] | S_C_o[0][0][5] |     4.270 | SLOW    |     2.213 | FAST    |
S_B_i[0][0][5] | S_C_o[0][0][6] |     4.287 | SLOW    |     2.219 | FAST    |
S_B_i[0][0][5] | S_C_o[0][0][7] |     4.265 | SLOW    |     2.205 | FAST    |
S_B_i[0][0][5] | S_C_o[1][0][5] |     4.270 | SLOW    |     2.213 | FAST    |
S_B_i[0][0][5] | S_C_o[1][0][6] |     4.287 | SLOW    |     2.219 | FAST    |
S_B_i[0][0][5] | S_C_o[1][0][7] |     4.265 | SLOW    |     2.205 | FAST    |
S_B_i[0][0][5] | S_C_o[2][0][5] |     4.270 | SLOW    |     2.213 | FAST    |
S_B_i[0][0][5] | S_C_o[2][0][6] |     4.287 | SLOW    |     2.219 | FAST    |
S_B_i[0][0][5] | S_C_o[2][0][7] |     4.265 | SLOW    |     2.205 | FAST    |
S_B_i[0][0][5] | S_C_o[3][0][5] |     4.270 | SLOW    |     2.213 | FAST    |
S_B_i[0][0][5] | S_C_o[3][0][6] |     4.287 | SLOW    |     2.219 | FAST    |
S_B_i[0][0][5] | S_C_o[3][0][7] |     4.265 | SLOW    |     2.205 | FAST    |
S_B_i[0][0][5] | S_C_o[4][0][5] |     4.270 | SLOW    |     2.213 | FAST    |
S_B_i[0][0][5] | S_C_o[4][0][6] |     4.287 | SLOW    |     2.219 | FAST    |
S_B_i[0][0][5] | S_C_o[4][0][7] |     4.265 | SLOW    |     2.205 | FAST    |
S_B_i[0][0][5] | S_C_o[5][0][5] |     4.270 | SLOW    |     2.213 | FAST    |
S_B_i[0][0][5] | S_C_o[5][0][6] |     4.287 | SLOW    |     2.219 | FAST    |
S_B_i[0][0][5] | S_C_o[5][0][7] |     4.265 | SLOW    |     2.205 | FAST    |
S_B_i[0][0][5] | S_C_o[6][0][5] |     4.270 | SLOW    |     2.213 | FAST    |
S_B_i[0][0][5] | S_C_o[6][0][6] |     4.287 | SLOW    |     2.219 | FAST    |
S_B_i[0][0][5] | S_C_o[6][0][7] |     4.265 | SLOW    |     2.205 | FAST    |
S_B_i[0][0][5] | S_C_o[7][0][5] |     4.270 | SLOW    |     2.213 | FAST    |
S_B_i[0][0][5] | S_C_o[7][0][6] |     4.287 | SLOW    |     2.219 | FAST    |
S_B_i[0][0][5] | S_C_o[7][0][7] |     4.265 | SLOW    |     2.205 | FAST    |
S_B_i[0][0][6] | S_C_o[0][0][6] |     4.292 | SLOW    |     2.229 | FAST    |
S_B_i[0][0][6] | S_C_o[0][0][7] |     4.261 | SLOW    |     2.209 | FAST    |
S_B_i[0][0][6] | S_C_o[1][0][6] |     4.292 | SLOW    |     2.229 | FAST    |
S_B_i[0][0][6] | S_C_o[1][0][7] |     4.261 | SLOW    |     2.209 | FAST    |
S_B_i[0][0][6] | S_C_o[2][0][6] |     4.292 | SLOW    |     2.229 | FAST    |
S_B_i[0][0][6] | S_C_o[2][0][7] |     4.261 | SLOW    |     2.209 | FAST    |
S_B_i[0][0][6] | S_C_o[3][0][6] |     4.292 | SLOW    |     2.229 | FAST    |
S_B_i[0][0][6] | S_C_o[3][0][7] |     4.261 | SLOW    |     2.209 | FAST    |
S_B_i[0][0][6] | S_C_o[4][0][6] |     4.292 | SLOW    |     2.229 | FAST    |
S_B_i[0][0][6] | S_C_o[4][0][7] |     4.261 | SLOW    |     2.209 | FAST    |
S_B_i[0][0][6] | S_C_o[5][0][6] |     4.292 | SLOW    |     2.229 | FAST    |
S_B_i[0][0][6] | S_C_o[5][0][7] |     4.261 | SLOW    |     2.209 | FAST    |
S_B_i[0][0][6] | S_C_o[6][0][6] |     4.292 | SLOW    |     2.229 | FAST    |
S_B_i[0][0][6] | S_C_o[6][0][7] |     4.261 | SLOW    |     2.209 | FAST    |
S_B_i[0][0][6] | S_C_o[7][0][6] |     4.292 | SLOW    |     2.229 | FAST    |
S_B_i[0][0][6] | S_C_o[7][0][7] |     4.261 | SLOW    |     2.209 | FAST    |
S_B_i[0][0][7] | S_C_o[0][0][7] |     4.444 | SLOW    |     2.314 | FAST    |
S_B_i[0][0][7] | S_C_o[1][0][7] |     4.444 | SLOW    |     2.314 | FAST    |
S_B_i[0][0][7] | S_C_o[2][0][7] |     4.444 | SLOW    |     2.314 | FAST    |
S_B_i[0][0][7] | S_C_o[3][0][7] |     4.444 | SLOW    |     2.314 | FAST    |
S_B_i[0][0][7] | S_C_o[4][0][7] |     4.444 | SLOW    |     2.314 | FAST    |
S_B_i[0][0][7] | S_C_o[5][0][7] |     4.444 | SLOW    |     2.314 | FAST    |
S_B_i[0][0][7] | S_C_o[6][0][7] |     4.444 | SLOW    |     2.314 | FAST    |
S_B_i[0][0][7] | S_C_o[7][0][7] |     4.444 | SLOW    |     2.314 | FAST    |
S_B_i[0][1][0] | S_C_o[0][1][0] |     4.277 | SLOW    |     2.217 | FAST    |
S_B_i[0][1][0] | S_C_o[0][1][1] |     4.294 | SLOW    |     2.223 | FAST    |
S_B_i[0][1][0] | S_C_o[0][1][2] |     4.272 | SLOW    |     2.209 | FAST    |
S_B_i[0][1][0] | S_C_o[0][1][3] |     4.510 | SLOW    |     2.337 | FAST    |
S_B_i[0][1][0] | S_C_o[0][1][4] |     4.510 | SLOW    |     2.337 | FAST    |
S_B_i[0][1][0] | S_C_o[0][1][5] |     4.738 | SLOW    |     2.462 | FAST    |
S_B_i[0][1][0] | S_C_o[0][1][6] |     4.760 | SLOW    |     2.476 | FAST    |
S_B_i[0][1][0] | S_C_o[0][1][7] |     4.825 | SLOW    |     2.513 | FAST    |
S_B_i[0][1][0] | S_C_o[1][1][0] |     4.277 | SLOW    |     2.217 | FAST    |
S_B_i[0][1][0] | S_C_o[1][1][1] |     4.294 | SLOW    |     2.223 | FAST    |
S_B_i[0][1][0] | S_C_o[1][1][2] |     4.272 | SLOW    |     2.209 | FAST    |
S_B_i[0][1][0] | S_C_o[1][1][3] |     4.510 | SLOW    |     2.337 | FAST    |
S_B_i[0][1][0] | S_C_o[1][1][4] |     4.510 | SLOW    |     2.337 | FAST    |
S_B_i[0][1][0] | S_C_o[1][1][5] |     4.738 | SLOW    |     2.462 | FAST    |
S_B_i[0][1][0] | S_C_o[1][1][6] |     4.760 | SLOW    |     2.476 | FAST    |
S_B_i[0][1][0] | S_C_o[1][1][7] |     4.825 | SLOW    |     2.513 | FAST    |
S_B_i[0][1][0] | S_C_o[2][1][0] |     4.277 | SLOW    |     2.217 | FAST    |
S_B_i[0][1][0] | S_C_o[2][1][1] |     4.294 | SLOW    |     2.223 | FAST    |
S_B_i[0][1][0] | S_C_o[2][1][2] |     4.272 | SLOW    |     2.209 | FAST    |
S_B_i[0][1][0] | S_C_o[2][1][3] |     4.510 | SLOW    |     2.337 | FAST    |
S_B_i[0][1][0] | S_C_o[2][1][4] |     4.510 | SLOW    |     2.337 | FAST    |
S_B_i[0][1][0] | S_C_o[2][1][5] |     4.738 | SLOW    |     2.462 | FAST    |
S_B_i[0][1][0] | S_C_o[2][1][6] |     4.760 | SLOW    |     2.476 | FAST    |
S_B_i[0][1][0] | S_C_o[2][1][7] |     4.825 | SLOW    |     2.513 | FAST    |
S_B_i[0][1][0] | S_C_o[3][1][0] |     4.277 | SLOW    |     2.217 | FAST    |
S_B_i[0][1][0] | S_C_o[3][1][1] |     4.294 | SLOW    |     2.223 | FAST    |
S_B_i[0][1][0] | S_C_o[3][1][2] |     4.272 | SLOW    |     2.209 | FAST    |
S_B_i[0][1][0] | S_C_o[3][1][3] |     4.510 | SLOW    |     2.337 | FAST    |
S_B_i[0][1][0] | S_C_o[3][1][4] |     4.510 | SLOW    |     2.337 | FAST    |
S_B_i[0][1][0] | S_C_o[3][1][5] |     4.738 | SLOW    |     2.462 | FAST    |
S_B_i[0][1][0] | S_C_o[3][1][6] |     4.760 | SLOW    |     2.476 | FAST    |
S_B_i[0][1][0] | S_C_o[3][1][7] |     4.825 | SLOW    |     2.513 | FAST    |
S_B_i[0][1][0] | S_C_o[4][1][0] |     4.277 | SLOW    |     2.217 | FAST    |
S_B_i[0][1][0] | S_C_o[4][1][1] |     4.294 | SLOW    |     2.223 | FAST    |
S_B_i[0][1][0] | S_C_o[4][1][2] |     4.272 | SLOW    |     2.209 | FAST    |
S_B_i[0][1][0] | S_C_o[4][1][3] |     4.510 | SLOW    |     2.337 | FAST    |
S_B_i[0][1][0] | S_C_o[4][1][4] |     4.510 | SLOW    |     2.337 | FAST    |
S_B_i[0][1][0] | S_C_o[4][1][5] |     4.738 | SLOW    |     2.462 | FAST    |
S_B_i[0][1][0] | S_C_o[4][1][6] |     4.760 | SLOW    |     2.476 | FAST    |
S_B_i[0][1][0] | S_C_o[4][1][7] |     4.825 | SLOW    |     2.513 | FAST    |
S_B_i[0][1][0] | S_C_o[5][1][0] |     4.277 | SLOW    |     2.217 | FAST    |
S_B_i[0][1][0] | S_C_o[5][1][1] |     4.294 | SLOW    |     2.223 | FAST    |
S_B_i[0][1][0] | S_C_o[5][1][2] |     4.272 | SLOW    |     2.209 | FAST    |
S_B_i[0][1][0] | S_C_o[5][1][3] |     4.510 | SLOW    |     2.337 | FAST    |
S_B_i[0][1][0] | S_C_o[5][1][4] |     4.510 | SLOW    |     2.337 | FAST    |
S_B_i[0][1][0] | S_C_o[5][1][5] |     4.738 | SLOW    |     2.462 | FAST    |
S_B_i[0][1][0] | S_C_o[5][1][6] |     4.760 | SLOW    |     2.476 | FAST    |
S_B_i[0][1][0] | S_C_o[5][1][7] |     4.825 | SLOW    |     2.513 | FAST    |
S_B_i[0][1][0] | S_C_o[6][1][0] |     4.277 | SLOW    |     2.217 | FAST    |
S_B_i[0][1][0] | S_C_o[6][1][1] |     4.294 | SLOW    |     2.223 | FAST    |
S_B_i[0][1][0] | S_C_o[6][1][2] |     4.272 | SLOW    |     2.209 | FAST    |
S_B_i[0][1][0] | S_C_o[6][1][3] |     4.510 | SLOW    |     2.337 | FAST    |
S_B_i[0][1][0] | S_C_o[6][1][4] |     4.510 | SLOW    |     2.337 | FAST    |
S_B_i[0][1][0] | S_C_o[6][1][5] |     4.738 | SLOW    |     2.462 | FAST    |
S_B_i[0][1][0] | S_C_o[6][1][6] |     4.760 | SLOW    |     2.476 | FAST    |
S_B_i[0][1][0] | S_C_o[6][1][7] |     4.825 | SLOW    |     2.513 | FAST    |
S_B_i[0][1][0] | S_C_o[7][1][0] |     4.277 | SLOW    |     2.217 | FAST    |
S_B_i[0][1][0] | S_C_o[7][1][1] |     4.294 | SLOW    |     2.223 | FAST    |
S_B_i[0][1][0] | S_C_o[7][1][2] |     4.272 | SLOW    |     2.209 | FAST    |
S_B_i[0][1][0] | S_C_o[7][1][3] |     4.510 | SLOW    |     2.337 | FAST    |
S_B_i[0][1][0] | S_C_o[7][1][4] |     4.510 | SLOW    |     2.337 | FAST    |
S_B_i[0][1][0] | S_C_o[7][1][5] |     4.738 | SLOW    |     2.462 | FAST    |
S_B_i[0][1][0] | S_C_o[7][1][6] |     4.760 | SLOW    |     2.476 | FAST    |
S_B_i[0][1][0] | S_C_o[7][1][7] |     4.825 | SLOW    |     2.513 | FAST    |
S_B_i[0][1][1] | S_C_o[0][1][1] |     4.301 | SLOW    |     2.233 | FAST    |
S_B_i[0][1][1] | S_C_o[0][1][2] |     4.265 | SLOW    |     2.205 | FAST    |
S_B_i[0][1][1] | S_C_o[0][1][3] |     4.476 | SLOW    |     2.324 | FAST    |
S_B_i[0][1][1] | S_C_o[0][1][4] |     4.476 | SLOW    |     2.324 | FAST    |
S_B_i[0][1][1] | S_C_o[0][1][5] |     4.704 | SLOW    |     2.449 | FAST    |
S_B_i[0][1][1] | S_C_o[0][1][6] |     4.726 | SLOW    |     2.463 | FAST    |
S_B_i[0][1][1] | S_C_o[0][1][7] |     4.791 | SLOW    |     2.500 | FAST    |
S_B_i[0][1][1] | S_C_o[1][1][1] |     4.301 | SLOW    |     2.233 | FAST    |
S_B_i[0][1][1] | S_C_o[1][1][2] |     4.265 | SLOW    |     2.205 | FAST    |
S_B_i[0][1][1] | S_C_o[1][1][3] |     4.476 | SLOW    |     2.324 | FAST    |
S_B_i[0][1][1] | S_C_o[1][1][4] |     4.476 | SLOW    |     2.324 | FAST    |
S_B_i[0][1][1] | S_C_o[1][1][5] |     4.704 | SLOW    |     2.449 | FAST    |
S_B_i[0][1][1] | S_C_o[1][1][6] |     4.726 | SLOW    |     2.463 | FAST    |
S_B_i[0][1][1] | S_C_o[1][1][7] |     4.791 | SLOW    |     2.500 | FAST    |
S_B_i[0][1][1] | S_C_o[2][1][1] |     4.301 | SLOW    |     2.233 | FAST    |
S_B_i[0][1][1] | S_C_o[2][1][2] |     4.265 | SLOW    |     2.205 | FAST    |
S_B_i[0][1][1] | S_C_o[2][1][3] |     4.476 | SLOW    |     2.324 | FAST    |
S_B_i[0][1][1] | S_C_o[2][1][4] |     4.476 | SLOW    |     2.324 | FAST    |
S_B_i[0][1][1] | S_C_o[2][1][5] |     4.704 | SLOW    |     2.449 | FAST    |
S_B_i[0][1][1] | S_C_o[2][1][6] |     4.726 | SLOW    |     2.463 | FAST    |
S_B_i[0][1][1] | S_C_o[2][1][7] |     4.791 | SLOW    |     2.500 | FAST    |
S_B_i[0][1][1] | S_C_o[3][1][1] |     4.301 | SLOW    |     2.233 | FAST    |
S_B_i[0][1][1] | S_C_o[3][1][2] |     4.265 | SLOW    |     2.205 | FAST    |
S_B_i[0][1][1] | S_C_o[3][1][3] |     4.476 | SLOW    |     2.324 | FAST    |
S_B_i[0][1][1] | S_C_o[3][1][4] |     4.476 | SLOW    |     2.324 | FAST    |
S_B_i[0][1][1] | S_C_o[3][1][5] |     4.704 | SLOW    |     2.449 | FAST    |
S_B_i[0][1][1] | S_C_o[3][1][6] |     4.726 | SLOW    |     2.463 | FAST    |
S_B_i[0][1][1] | S_C_o[3][1][7] |     4.791 | SLOW    |     2.500 | FAST    |
S_B_i[0][1][1] | S_C_o[4][1][1] |     4.301 | SLOW    |     2.233 | FAST    |
S_B_i[0][1][1] | S_C_o[4][1][2] |     4.265 | SLOW    |     2.205 | FAST    |
S_B_i[0][1][1] | S_C_o[4][1][3] |     4.476 | SLOW    |     2.324 | FAST    |
S_B_i[0][1][1] | S_C_o[4][1][4] |     4.476 | SLOW    |     2.324 | FAST    |
S_B_i[0][1][1] | S_C_o[4][1][5] |     4.704 | SLOW    |     2.449 | FAST    |
S_B_i[0][1][1] | S_C_o[4][1][6] |     4.726 | SLOW    |     2.463 | FAST    |
S_B_i[0][1][1] | S_C_o[4][1][7] |     4.791 | SLOW    |     2.500 | FAST    |
S_B_i[0][1][1] | S_C_o[5][1][1] |     4.301 | SLOW    |     2.233 | FAST    |
S_B_i[0][1][1] | S_C_o[5][1][2] |     4.265 | SLOW    |     2.205 | FAST    |
S_B_i[0][1][1] | S_C_o[5][1][3] |     4.476 | SLOW    |     2.324 | FAST    |
S_B_i[0][1][1] | S_C_o[5][1][4] |     4.476 | SLOW    |     2.324 | FAST    |
S_B_i[0][1][1] | S_C_o[5][1][5] |     4.704 | SLOW    |     2.449 | FAST    |
S_B_i[0][1][1] | S_C_o[5][1][6] |     4.726 | SLOW    |     2.463 | FAST    |
S_B_i[0][1][1] | S_C_o[5][1][7] |     4.791 | SLOW    |     2.500 | FAST    |
S_B_i[0][1][1] | S_C_o[6][1][1] |     4.301 | SLOW    |     2.233 | FAST    |
S_B_i[0][1][1] | S_C_o[6][1][2] |     4.265 | SLOW    |     2.205 | FAST    |
S_B_i[0][1][1] | S_C_o[6][1][3] |     4.476 | SLOW    |     2.324 | FAST    |
S_B_i[0][1][1] | S_C_o[6][1][4] |     4.476 | SLOW    |     2.324 | FAST    |
S_B_i[0][1][1] | S_C_o[6][1][5] |     4.704 | SLOW    |     2.449 | FAST    |
S_B_i[0][1][1] | S_C_o[6][1][6] |     4.726 | SLOW    |     2.463 | FAST    |
S_B_i[0][1][1] | S_C_o[6][1][7] |     4.791 | SLOW    |     2.500 | FAST    |
S_B_i[0][1][1] | S_C_o[7][1][1] |     4.301 | SLOW    |     2.233 | FAST    |
S_B_i[0][1][1] | S_C_o[7][1][2] |     4.265 | SLOW    |     2.205 | FAST    |
S_B_i[0][1][1] | S_C_o[7][1][3] |     4.476 | SLOW    |     2.324 | FAST    |
S_B_i[0][1][1] | S_C_o[7][1][4] |     4.476 | SLOW    |     2.324 | FAST    |
S_B_i[0][1][1] | S_C_o[7][1][5] |     4.704 | SLOW    |     2.449 | FAST    |
S_B_i[0][1][1] | S_C_o[7][1][6] |     4.726 | SLOW    |     2.463 | FAST    |
S_B_i[0][1][1] | S_C_o[7][1][7] |     4.791 | SLOW    |     2.500 | FAST    |
S_B_i[0][1][2] | S_C_o[0][1][2] |     4.261 | SLOW    |     2.209 | FAST    |
S_B_i[0][1][2] | S_C_o[0][1][3] |     4.462 | SLOW    |     2.312 | FAST    |
S_B_i[0][1][2] | S_C_o[0][1][4] |     4.462 | SLOW    |     2.312 | FAST    |
S_B_i[0][1][2] | S_C_o[0][1][5] |     4.690 | SLOW    |     2.437 | FAST    |
S_B_i[0][1][2] | S_C_o[0][1][6] |     4.712 | SLOW    |     2.451 | FAST    |
S_B_i[0][1][2] | S_C_o[0][1][7] |     4.777 | SLOW    |     2.488 | FAST    |
S_B_i[0][1][2] | S_C_o[1][1][2] |     4.261 | SLOW    |     2.209 | FAST    |
S_B_i[0][1][2] | S_C_o[1][1][3] |     4.462 | SLOW    |     2.312 | FAST    |
S_B_i[0][1][2] | S_C_o[1][1][4] |     4.462 | SLOW    |     2.312 | FAST    |
S_B_i[0][1][2] | S_C_o[1][1][5] |     4.690 | SLOW    |     2.437 | FAST    |
S_B_i[0][1][2] | S_C_o[1][1][6] |     4.712 | SLOW    |     2.451 | FAST    |
S_B_i[0][1][2] | S_C_o[1][1][7] |     4.777 | SLOW    |     2.488 | FAST    |
S_B_i[0][1][2] | S_C_o[2][1][2] |     4.261 | SLOW    |     2.209 | FAST    |
S_B_i[0][1][2] | S_C_o[2][1][3] |     4.462 | SLOW    |     2.312 | FAST    |
S_B_i[0][1][2] | S_C_o[2][1][4] |     4.462 | SLOW    |     2.312 | FAST    |
S_B_i[0][1][2] | S_C_o[2][1][5] |     4.690 | SLOW    |     2.437 | FAST    |
S_B_i[0][1][2] | S_C_o[2][1][6] |     4.712 | SLOW    |     2.451 | FAST    |
S_B_i[0][1][2] | S_C_o[2][1][7] |     4.777 | SLOW    |     2.488 | FAST    |
S_B_i[0][1][2] | S_C_o[3][1][2] |     4.261 | SLOW    |     2.209 | FAST    |
S_B_i[0][1][2] | S_C_o[3][1][3] |     4.462 | SLOW    |     2.312 | FAST    |
S_B_i[0][1][2] | S_C_o[3][1][4] |     4.462 | SLOW    |     2.312 | FAST    |
S_B_i[0][1][2] | S_C_o[3][1][5] |     4.690 | SLOW    |     2.437 | FAST    |
S_B_i[0][1][2] | S_C_o[3][1][6] |     4.712 | SLOW    |     2.451 | FAST    |
S_B_i[0][1][2] | S_C_o[3][1][7] |     4.777 | SLOW    |     2.488 | FAST    |
S_B_i[0][1][2] | S_C_o[4][1][2] |     4.261 | SLOW    |     2.209 | FAST    |
S_B_i[0][1][2] | S_C_o[4][1][3] |     4.462 | SLOW    |     2.312 | FAST    |
S_B_i[0][1][2] | S_C_o[4][1][4] |     4.462 | SLOW    |     2.312 | FAST    |
S_B_i[0][1][2] | S_C_o[4][1][5] |     4.690 | SLOW    |     2.437 | FAST    |
S_B_i[0][1][2] | S_C_o[4][1][6] |     4.712 | SLOW    |     2.451 | FAST    |
S_B_i[0][1][2] | S_C_o[4][1][7] |     4.777 | SLOW    |     2.488 | FAST    |
S_B_i[0][1][2] | S_C_o[5][1][2] |     4.261 | SLOW    |     2.209 | FAST    |
S_B_i[0][1][2] | S_C_o[5][1][3] |     4.462 | SLOW    |     2.312 | FAST    |
S_B_i[0][1][2] | S_C_o[5][1][4] |     4.462 | SLOW    |     2.312 | FAST    |
S_B_i[0][1][2] | S_C_o[5][1][5] |     4.690 | SLOW    |     2.437 | FAST    |
S_B_i[0][1][2] | S_C_o[5][1][6] |     4.712 | SLOW    |     2.451 | FAST    |
S_B_i[0][1][2] | S_C_o[5][1][7] |     4.777 | SLOW    |     2.488 | FAST    |
S_B_i[0][1][2] | S_C_o[6][1][2] |     4.261 | SLOW    |     2.209 | FAST    |
S_B_i[0][1][2] | S_C_o[6][1][3] |     4.462 | SLOW    |     2.312 | FAST    |
S_B_i[0][1][2] | S_C_o[6][1][4] |     4.462 | SLOW    |     2.312 | FAST    |
S_B_i[0][1][2] | S_C_o[6][1][5] |     4.690 | SLOW    |     2.437 | FAST    |
S_B_i[0][1][2] | S_C_o[6][1][6] |     4.712 | SLOW    |     2.451 | FAST    |
S_B_i[0][1][2] | S_C_o[6][1][7] |     4.777 | SLOW    |     2.488 | FAST    |
S_B_i[0][1][2] | S_C_o[7][1][2] |     4.261 | SLOW    |     2.209 | FAST    |
S_B_i[0][1][2] | S_C_o[7][1][3] |     4.462 | SLOW    |     2.312 | FAST    |
S_B_i[0][1][2] | S_C_o[7][1][4] |     4.462 | SLOW    |     2.312 | FAST    |
S_B_i[0][1][2] | S_C_o[7][1][5] |     4.690 | SLOW    |     2.437 | FAST    |
S_B_i[0][1][2] | S_C_o[7][1][6] |     4.712 | SLOW    |     2.451 | FAST    |
S_B_i[0][1][2] | S_C_o[7][1][7] |     4.777 | SLOW    |     2.488 | FAST    |
S_B_i[0][1][3] | S_C_o[0][1][3] |     4.270 | SLOW    |     2.213 | FAST    |
S_B_i[0][1][3] | S_C_o[0][1][4] |     4.265 | SLOW    |     2.205 | FAST    |
S_B_i[0][1][3] | S_C_o[0][1][5] |     4.507 | SLOW    |     2.344 | FAST    |
S_B_i[0][1][3] | S_C_o[0][1][6] |     4.529 | SLOW    |     2.358 | FAST    |
S_B_i[0][1][3] | S_C_o[0][1][7] |     4.594 | SLOW    |     2.395 | FAST    |
S_B_i[0][1][3] | S_C_o[1][1][3] |     4.270 | SLOW    |     2.213 | FAST    |
S_B_i[0][1][3] | S_C_o[1][1][4] |     4.265 | SLOW    |     2.205 | FAST    |
S_B_i[0][1][3] | S_C_o[1][1][5] |     4.507 | SLOW    |     2.344 | FAST    |
S_B_i[0][1][3] | S_C_o[1][1][6] |     4.529 | SLOW    |     2.358 | FAST    |
S_B_i[0][1][3] | S_C_o[1][1][7] |     4.594 | SLOW    |     2.395 | FAST    |
S_B_i[0][1][3] | S_C_o[2][1][3] |     4.270 | SLOW    |     2.213 | FAST    |
S_B_i[0][1][3] | S_C_o[2][1][4] |     4.265 | SLOW    |     2.205 | FAST    |
S_B_i[0][1][3] | S_C_o[2][1][5] |     4.507 | SLOW    |     2.344 | FAST    |
S_B_i[0][1][3] | S_C_o[2][1][6] |     4.529 | SLOW    |     2.358 | FAST    |
S_B_i[0][1][3] | S_C_o[2][1][7] |     4.594 | SLOW    |     2.395 | FAST    |
S_B_i[0][1][3] | S_C_o[3][1][3] |     4.270 | SLOW    |     2.213 | FAST    |
S_B_i[0][1][3] | S_C_o[3][1][4] |     4.265 | SLOW    |     2.205 | FAST    |
S_B_i[0][1][3] | S_C_o[3][1][5] |     4.507 | SLOW    |     2.344 | FAST    |
S_B_i[0][1][3] | S_C_o[3][1][6] |     4.529 | SLOW    |     2.358 | FAST    |
S_B_i[0][1][3] | S_C_o[3][1][7] |     4.594 | SLOW    |     2.395 | FAST    |
S_B_i[0][1][3] | S_C_o[4][1][3] |     4.270 | SLOW    |     2.213 | FAST    |
S_B_i[0][1][3] | S_C_o[4][1][4] |     4.265 | SLOW    |     2.205 | FAST    |
S_B_i[0][1][3] | S_C_o[4][1][5] |     4.507 | SLOW    |     2.344 | FAST    |
S_B_i[0][1][3] | S_C_o[4][1][6] |     4.529 | SLOW    |     2.358 | FAST    |
S_B_i[0][1][3] | S_C_o[4][1][7] |     4.594 | SLOW    |     2.395 | FAST    |
S_B_i[0][1][3] | S_C_o[5][1][3] |     4.270 | SLOW    |     2.213 | FAST    |
S_B_i[0][1][3] | S_C_o[5][1][4] |     4.265 | SLOW    |     2.205 | FAST    |
S_B_i[0][1][3] | S_C_o[5][1][5] |     4.507 | SLOW    |     2.344 | FAST    |
S_B_i[0][1][3] | S_C_o[5][1][6] |     4.529 | SLOW    |     2.358 | FAST    |
S_B_i[0][1][3] | S_C_o[5][1][7] |     4.594 | SLOW    |     2.395 | FAST    |
S_B_i[0][1][3] | S_C_o[6][1][3] |     4.270 | SLOW    |     2.213 | FAST    |
S_B_i[0][1][3] | S_C_o[6][1][4] |     4.265 | SLOW    |     2.205 | FAST    |
S_B_i[0][1][3] | S_C_o[6][1][5] |     4.507 | SLOW    |     2.344 | FAST    |
S_B_i[0][1][3] | S_C_o[6][1][6] |     4.529 | SLOW    |     2.358 | FAST    |
S_B_i[0][1][3] | S_C_o[6][1][7] |     4.594 | SLOW    |     2.395 | FAST    |
S_B_i[0][1][3] | S_C_o[7][1][3] |     4.270 | SLOW    |     2.213 | FAST    |
S_B_i[0][1][3] | S_C_o[7][1][4] |     4.265 | SLOW    |     2.205 | FAST    |
S_B_i[0][1][3] | S_C_o[7][1][5] |     4.507 | SLOW    |     2.344 | FAST    |
S_B_i[0][1][3] | S_C_o[7][1][6] |     4.529 | SLOW    |     2.358 | FAST    |
S_B_i[0][1][3] | S_C_o[7][1][7] |     4.594 | SLOW    |     2.395 | FAST    |
S_B_i[0][1][4] | S_C_o[0][1][4] |     4.261 | SLOW    |     2.209 | FAST    |
S_B_i[0][1][4] | S_C_o[0][1][5] |     4.484 | SLOW    |     2.326 | FAST    |
S_B_i[0][1][4] | S_C_o[0][1][6] |     4.506 | SLOW    |     2.340 | FAST    |
S_B_i[0][1][4] | S_C_o[0][1][7] |     4.571 | SLOW    |     2.377 | FAST    |
S_B_i[0][1][4] | S_C_o[1][1][4] |     4.261 | SLOW    |     2.209 | FAST    |
S_B_i[0][1][4] | S_C_o[1][1][5] |     4.484 | SLOW    |     2.326 | FAST    |
S_B_i[0][1][4] | S_C_o[1][1][6] |     4.506 | SLOW    |     2.340 | FAST    |
S_B_i[0][1][4] | S_C_o[1][1][7] |     4.571 | SLOW    |     2.377 | FAST    |
S_B_i[0][1][4] | S_C_o[2][1][4] |     4.261 | SLOW    |     2.209 | FAST    |
S_B_i[0][1][4] | S_C_o[2][1][5] |     4.484 | SLOW    |     2.326 | FAST    |
S_B_i[0][1][4] | S_C_o[2][1][6] |     4.506 | SLOW    |     2.340 | FAST    |
S_B_i[0][1][4] | S_C_o[2][1][7] |     4.571 | SLOW    |     2.377 | FAST    |
S_B_i[0][1][4] | S_C_o[3][1][4] |     4.261 | SLOW    |     2.209 | FAST    |
S_B_i[0][1][4] | S_C_o[3][1][5] |     4.484 | SLOW    |     2.326 | FAST    |
S_B_i[0][1][4] | S_C_o[3][1][6] |     4.506 | SLOW    |     2.340 | FAST    |
S_B_i[0][1][4] | S_C_o[3][1][7] |     4.571 | SLOW    |     2.377 | FAST    |
S_B_i[0][1][4] | S_C_o[4][1][4] |     4.261 | SLOW    |     2.209 | FAST    |
S_B_i[0][1][4] | S_C_o[4][1][5] |     4.484 | SLOW    |     2.326 | FAST    |
S_B_i[0][1][4] | S_C_o[4][1][6] |     4.506 | SLOW    |     2.340 | FAST    |
S_B_i[0][1][4] | S_C_o[4][1][7] |     4.571 | SLOW    |     2.377 | FAST    |
S_B_i[0][1][4] | S_C_o[5][1][4] |     4.261 | SLOW    |     2.209 | FAST    |
S_B_i[0][1][4] | S_C_o[5][1][5] |     4.484 | SLOW    |     2.326 | FAST    |
S_B_i[0][1][4] | S_C_o[5][1][6] |     4.506 | SLOW    |     2.340 | FAST    |
S_B_i[0][1][4] | S_C_o[5][1][7] |     4.571 | SLOW    |     2.377 | FAST    |
S_B_i[0][1][4] | S_C_o[6][1][4] |     4.261 | SLOW    |     2.209 | FAST    |
S_B_i[0][1][4] | S_C_o[6][1][5] |     4.484 | SLOW    |     2.326 | FAST    |
S_B_i[0][1][4] | S_C_o[6][1][6] |     4.506 | SLOW    |     2.340 | FAST    |
S_B_i[0][1][4] | S_C_o[6][1][7] |     4.571 | SLOW    |     2.377 | FAST    |
S_B_i[0][1][4] | S_C_o[7][1][4] |     4.261 | SLOW    |     2.209 | FAST    |
S_B_i[0][1][4] | S_C_o[7][1][5] |     4.484 | SLOW    |     2.326 | FAST    |
S_B_i[0][1][4] | S_C_o[7][1][6] |     4.506 | SLOW    |     2.340 | FAST    |
S_B_i[0][1][4] | S_C_o[7][1][7] |     4.571 | SLOW    |     2.377 | FAST    |
S_B_i[0][1][5] | S_C_o[0][1][5] |     4.270 | SLOW    |     2.213 | FAST    |
S_B_i[0][1][5] | S_C_o[0][1][6] |     4.287 | SLOW    |     2.219 | FAST    |
S_B_i[0][1][5] | S_C_o[0][1][7] |     4.265 | SLOW    |     2.205 | FAST    |
S_B_i[0][1][5] | S_C_o[1][1][5] |     4.270 | SLOW    |     2.213 | FAST    |
S_B_i[0][1][5] | S_C_o[1][1][6] |     4.287 | SLOW    |     2.219 | FAST    |
S_B_i[0][1][5] | S_C_o[1][1][7] |     4.265 | SLOW    |     2.205 | FAST    |
S_B_i[0][1][5] | S_C_o[2][1][5] |     4.270 | SLOW    |     2.213 | FAST    |
S_B_i[0][1][5] | S_C_o[2][1][6] |     4.287 | SLOW    |     2.219 | FAST    |
S_B_i[0][1][5] | S_C_o[2][1][7] |     4.265 | SLOW    |     2.205 | FAST    |
S_B_i[0][1][5] | S_C_o[3][1][5] |     4.270 | SLOW    |     2.213 | FAST    |
S_B_i[0][1][5] | S_C_o[3][1][6] |     4.287 | SLOW    |     2.219 | FAST    |
S_B_i[0][1][5] | S_C_o[3][1][7] |     4.265 | SLOW    |     2.205 | FAST    |
S_B_i[0][1][5] | S_C_o[4][1][5] |     4.270 | SLOW    |     2.213 | FAST    |
S_B_i[0][1][5] | S_C_o[4][1][6] |     4.287 | SLOW    |     2.219 | FAST    |
S_B_i[0][1][5] | S_C_o[4][1][7] |     4.265 | SLOW    |     2.205 | FAST    |
S_B_i[0][1][5] | S_C_o[5][1][5] |     4.270 | SLOW    |     2.213 | FAST    |
S_B_i[0][1][5] | S_C_o[5][1][6] |     4.287 | SLOW    |     2.219 | FAST    |
S_B_i[0][1][5] | S_C_o[5][1][7] |     4.265 | SLOW    |     2.205 | FAST    |
S_B_i[0][1][5] | S_C_o[6][1][5] |     4.270 | SLOW    |     2.213 | FAST    |
S_B_i[0][1][5] | S_C_o[6][1][6] |     4.287 | SLOW    |     2.219 | FAST    |
S_B_i[0][1][5] | S_C_o[6][1][7] |     4.265 | SLOW    |     2.205 | FAST    |
S_B_i[0][1][5] | S_C_o[7][1][5] |     4.270 | SLOW    |     2.213 | FAST    |
S_B_i[0][1][5] | S_C_o[7][1][6] |     4.287 | SLOW    |     2.219 | FAST    |
S_B_i[0][1][5] | S_C_o[7][1][7] |     4.265 | SLOW    |     2.205 | FAST    |
S_B_i[0][1][6] | S_C_o[0][1][6] |     4.292 | SLOW    |     2.229 | FAST    |
S_B_i[0][1][6] | S_C_o[0][1][7] |     4.261 | SLOW    |     2.209 | FAST    |
S_B_i[0][1][6] | S_C_o[1][1][6] |     4.292 | SLOW    |     2.229 | FAST    |
S_B_i[0][1][6] | S_C_o[1][1][7] |     4.261 | SLOW    |     2.209 | FAST    |
S_B_i[0][1][6] | S_C_o[2][1][6] |     4.292 | SLOW    |     2.229 | FAST    |
S_B_i[0][1][6] | S_C_o[2][1][7] |     4.261 | SLOW    |     2.209 | FAST    |
S_B_i[0][1][6] | S_C_o[3][1][6] |     4.292 | SLOW    |     2.229 | FAST    |
S_B_i[0][1][6] | S_C_o[3][1][7] |     4.261 | SLOW    |     2.209 | FAST    |
S_B_i[0][1][6] | S_C_o[4][1][6] |     4.292 | SLOW    |     2.229 | FAST    |
S_B_i[0][1][6] | S_C_o[4][1][7] |     4.261 | SLOW    |     2.209 | FAST    |
S_B_i[0][1][6] | S_C_o[5][1][6] |     4.292 | SLOW    |     2.229 | FAST    |
S_B_i[0][1][6] | S_C_o[5][1][7] |     4.261 | SLOW    |     2.209 | FAST    |
S_B_i[0][1][6] | S_C_o[6][1][6] |     4.292 | SLOW    |     2.229 | FAST    |
S_B_i[0][1][6] | S_C_o[6][1][7] |     4.261 | SLOW    |     2.209 | FAST    |
S_B_i[0][1][6] | S_C_o[7][1][6] |     4.292 | SLOW    |     2.229 | FAST    |
S_B_i[0][1][6] | S_C_o[7][1][7] |     4.261 | SLOW    |     2.209 | FAST    |
S_B_i[0][1][7] | S_C_o[0][1][7] |     4.444 | SLOW    |     2.314 | FAST    |
S_B_i[0][1][7] | S_C_o[1][1][7] |     4.444 | SLOW    |     2.314 | FAST    |
S_B_i[0][1][7] | S_C_o[2][1][7] |     4.444 | SLOW    |     2.314 | FAST    |
S_B_i[0][1][7] | S_C_o[3][1][7] |     4.444 | SLOW    |     2.314 | FAST    |
S_B_i[0][1][7] | S_C_o[4][1][7] |     4.444 | SLOW    |     2.314 | FAST    |
S_B_i[0][1][7] | S_C_o[5][1][7] |     4.444 | SLOW    |     2.314 | FAST    |
S_B_i[0][1][7] | S_C_o[6][1][7] |     4.444 | SLOW    |     2.314 | FAST    |
S_B_i[0][1][7] | S_C_o[7][1][7] |     4.444 | SLOW    |     2.314 | FAST    |
S_B_i[0][2][0] | S_C_o[0][2][0] |     4.277 | SLOW    |     2.217 | FAST    |
S_B_i[0][2][0] | S_C_o[0][2][1] |     4.294 | SLOW    |     2.223 | FAST    |
S_B_i[0][2][0] | S_C_o[0][2][2] |     4.272 | SLOW    |     2.209 | FAST    |
S_B_i[0][2][0] | S_C_o[0][2][3] |     4.510 | SLOW    |     2.337 | FAST    |
S_B_i[0][2][0] | S_C_o[0][2][4] |     4.510 | SLOW    |     2.337 | FAST    |
S_B_i[0][2][0] | S_C_o[0][2][5] |     4.738 | SLOW    |     2.462 | FAST    |
S_B_i[0][2][0] | S_C_o[0][2][6] |     4.760 | SLOW    |     2.476 | FAST    |
S_B_i[0][2][0] | S_C_o[0][2][7] |     4.825 | SLOW    |     2.513 | FAST    |
S_B_i[0][2][0] | S_C_o[1][2][0] |     4.277 | SLOW    |     2.217 | FAST    |
S_B_i[0][2][0] | S_C_o[1][2][1] |     4.294 | SLOW    |     2.223 | FAST    |
S_B_i[0][2][0] | S_C_o[1][2][2] |     4.272 | SLOW    |     2.209 | FAST    |
S_B_i[0][2][0] | S_C_o[1][2][3] |     4.510 | SLOW    |     2.337 | FAST    |
S_B_i[0][2][0] | S_C_o[1][2][4] |     4.510 | SLOW    |     2.337 | FAST    |
S_B_i[0][2][0] | S_C_o[1][2][5] |     4.738 | SLOW    |     2.462 | FAST    |
S_B_i[0][2][0] | S_C_o[1][2][6] |     4.760 | SLOW    |     2.476 | FAST    |
S_B_i[0][2][0] | S_C_o[1][2][7] |     4.825 | SLOW    |     2.513 | FAST    |
S_B_i[0][2][0] | S_C_o[2][2][0] |     4.277 | SLOW    |     2.217 | FAST    |
S_B_i[0][2][0] | S_C_o[2][2][1] |     4.294 | SLOW    |     2.223 | FAST    |
S_B_i[0][2][0] | S_C_o[2][2][2] |     4.272 | SLOW    |     2.209 | FAST    |
S_B_i[0][2][0] | S_C_o[2][2][3] |     4.510 | SLOW    |     2.337 | FAST    |
S_B_i[0][2][0] | S_C_o[2][2][4] |     4.510 | SLOW    |     2.337 | FAST    |
S_B_i[0][2][0] | S_C_o[2][2][5] |     4.738 | SLOW    |     2.462 | FAST    |
S_B_i[0][2][0] | S_C_o[2][2][6] |     4.760 | SLOW    |     2.476 | FAST    |
S_B_i[0][2][0] | S_C_o[2][2][7] |     4.825 | SLOW    |     2.513 | FAST    |
S_B_i[0][2][0] | S_C_o[3][2][0] |     4.277 | SLOW    |     2.217 | FAST    |
S_B_i[0][2][0] | S_C_o[3][2][1] |     4.294 | SLOW    |     2.223 | FAST    |
S_B_i[0][2][0] | S_C_o[3][2][2] |     4.272 | SLOW    |     2.209 | FAST    |
S_B_i[0][2][0] | S_C_o[3][2][3] |     4.510 | SLOW    |     2.337 | FAST    |
S_B_i[0][2][0] | S_C_o[3][2][4] |     4.510 | SLOW    |     2.337 | FAST    |
S_B_i[0][2][0] | S_C_o[3][2][5] |     4.738 | SLOW    |     2.462 | FAST    |
S_B_i[0][2][0] | S_C_o[3][2][6] |     4.760 | SLOW    |     2.476 | FAST    |
S_B_i[0][2][0] | S_C_o[3][2][7] |     4.825 | SLOW    |     2.513 | FAST    |
S_B_i[0][2][0] | S_C_o[4][2][0] |     4.277 | SLOW    |     2.217 | FAST    |
S_B_i[0][2][0] | S_C_o[4][2][1] |     4.294 | SLOW    |     2.223 | FAST    |
S_B_i[0][2][0] | S_C_o[4][2][2] |     4.272 | SLOW    |     2.209 | FAST    |
S_B_i[0][2][0] | S_C_o[4][2][3] |     4.510 | SLOW    |     2.337 | FAST    |
S_B_i[0][2][0] | S_C_o[4][2][4] |     4.510 | SLOW    |     2.337 | FAST    |
S_B_i[0][2][0] | S_C_o[4][2][5] |     4.738 | SLOW    |     2.462 | FAST    |
S_B_i[0][2][0] | S_C_o[4][2][6] |     4.760 | SLOW    |     2.476 | FAST    |
S_B_i[0][2][0] | S_C_o[4][2][7] |     4.825 | SLOW    |     2.513 | FAST    |
S_B_i[0][2][0] | S_C_o[5][2][0] |     4.277 | SLOW    |     2.217 | FAST    |
S_B_i[0][2][0] | S_C_o[5][2][1] |     4.294 | SLOW    |     2.223 | FAST    |
S_B_i[0][2][0] | S_C_o[5][2][2] |     4.272 | SLOW    |     2.209 | FAST    |
S_B_i[0][2][0] | S_C_o[5][2][3] |     4.510 | SLOW    |     2.337 | FAST    |
S_B_i[0][2][0] | S_C_o[5][2][4] |     4.510 | SLOW    |     2.337 | FAST    |
S_B_i[0][2][0] | S_C_o[5][2][5] |     4.738 | SLOW    |     2.462 | FAST    |
S_B_i[0][2][0] | S_C_o[5][2][6] |     4.760 | SLOW    |     2.476 | FAST    |
S_B_i[0][2][0] | S_C_o[5][2][7] |     4.825 | SLOW    |     2.513 | FAST    |
S_B_i[0][2][0] | S_C_o[6][2][0] |     4.277 | SLOW    |     2.217 | FAST    |
S_B_i[0][2][0] | S_C_o[6][2][1] |     4.294 | SLOW    |     2.223 | FAST    |
S_B_i[0][2][0] | S_C_o[6][2][2] |     4.272 | SLOW    |     2.209 | FAST    |
S_B_i[0][2][0] | S_C_o[6][2][3] |     4.510 | SLOW    |     2.337 | FAST    |
S_B_i[0][2][0] | S_C_o[6][2][4] |     4.510 | SLOW    |     2.337 | FAST    |
S_B_i[0][2][0] | S_C_o[6][2][5] |     4.738 | SLOW    |     2.462 | FAST    |
S_B_i[0][2][0] | S_C_o[6][2][6] |     4.760 | SLOW    |     2.476 | FAST    |
S_B_i[0][2][0] | S_C_o[6][2][7] |     4.825 | SLOW    |     2.513 | FAST    |
S_B_i[0][2][0] | S_C_o[7][2][0] |     4.277 | SLOW    |     2.217 | FAST    |
S_B_i[0][2][0] | S_C_o[7][2][1] |     4.294 | SLOW    |     2.223 | FAST    |
S_B_i[0][2][0] | S_C_o[7][2][2] |     4.272 | SLOW    |     2.209 | FAST    |
S_B_i[0][2][0] | S_C_o[7][2][3] |     4.510 | SLOW    |     2.337 | FAST    |
S_B_i[0][2][0] | S_C_o[7][2][4] |     4.510 | SLOW    |     2.337 | FAST    |
S_B_i[0][2][0] | S_C_o[7][2][5] |     4.738 | SLOW    |     2.462 | FAST    |
S_B_i[0][2][0] | S_C_o[7][2][6] |     4.760 | SLOW    |     2.476 | FAST    |
S_B_i[0][2][0] | S_C_o[7][2][7] |     4.825 | SLOW    |     2.513 | FAST    |
S_B_i[0][2][1] | S_C_o[0][2][1] |     4.301 | SLOW    |     2.233 | FAST    |
S_B_i[0][2][1] | S_C_o[0][2][2] |     4.265 | SLOW    |     2.205 | FAST    |
S_B_i[0][2][1] | S_C_o[0][2][3] |     4.476 | SLOW    |     2.324 | FAST    |
S_B_i[0][2][1] | S_C_o[0][2][4] |     4.476 | SLOW    |     2.324 | FAST    |
S_B_i[0][2][1] | S_C_o[0][2][5] |     4.704 | SLOW    |     2.449 | FAST    |
S_B_i[0][2][1] | S_C_o[0][2][6] |     4.726 | SLOW    |     2.463 | FAST    |
S_B_i[0][2][1] | S_C_o[0][2][7] |     4.791 | SLOW    |     2.500 | FAST    |
S_B_i[0][2][1] | S_C_o[1][2][1] |     4.301 | SLOW    |     2.233 | FAST    |
S_B_i[0][2][1] | S_C_o[1][2][2] |     4.265 | SLOW    |     2.205 | FAST    |
S_B_i[0][2][1] | S_C_o[1][2][3] |     4.476 | SLOW    |     2.324 | FAST    |
S_B_i[0][2][1] | S_C_o[1][2][4] |     4.476 | SLOW    |     2.324 | FAST    |
S_B_i[0][2][1] | S_C_o[1][2][5] |     4.704 | SLOW    |     2.449 | FAST    |
S_B_i[0][2][1] | S_C_o[1][2][6] |     4.726 | SLOW    |     2.463 | FAST    |
S_B_i[0][2][1] | S_C_o[1][2][7] |     4.791 | SLOW    |     2.500 | FAST    |
S_B_i[0][2][1] | S_C_o[2][2][1] |     4.301 | SLOW    |     2.233 | FAST    |
S_B_i[0][2][1] | S_C_o[2][2][2] |     4.265 | SLOW    |     2.205 | FAST    |
S_B_i[0][2][1] | S_C_o[2][2][3] |     4.476 | SLOW    |     2.324 | FAST    |
S_B_i[0][2][1] | S_C_o[2][2][4] |     4.476 | SLOW    |     2.324 | FAST    |
S_B_i[0][2][1] | S_C_o[2][2][5] |     4.704 | SLOW    |     2.449 | FAST    |
S_B_i[0][2][1] | S_C_o[2][2][6] |     4.726 | SLOW    |     2.463 | FAST    |
S_B_i[0][2][1] | S_C_o[2][2][7] |     4.791 | SLOW    |     2.500 | FAST    |
S_B_i[0][2][1] | S_C_o[3][2][1] |     4.301 | SLOW    |     2.233 | FAST    |
S_B_i[0][2][1] | S_C_o[3][2][2] |     4.265 | SLOW    |     2.205 | FAST    |
S_B_i[0][2][1] | S_C_o[3][2][3] |     4.476 | SLOW    |     2.324 | FAST    |
S_B_i[0][2][1] | S_C_o[3][2][4] |     4.476 | SLOW    |     2.324 | FAST    |
S_B_i[0][2][1] | S_C_o[3][2][5] |     4.704 | SLOW    |     2.449 | FAST    |
S_B_i[0][2][1] | S_C_o[3][2][6] |     4.726 | SLOW    |     2.463 | FAST    |
S_B_i[0][2][1] | S_C_o[3][2][7] |     4.791 | SLOW    |     2.500 | FAST    |
S_B_i[0][2][1] | S_C_o[4][2][1] |     4.301 | SLOW    |     2.233 | FAST    |
S_B_i[0][2][1] | S_C_o[4][2][2] |     4.265 | SLOW    |     2.205 | FAST    |
S_B_i[0][2][1] | S_C_o[4][2][3] |     4.476 | SLOW    |     2.324 | FAST    |
S_B_i[0][2][1] | S_C_o[4][2][4] |     4.476 | SLOW    |     2.324 | FAST    |
S_B_i[0][2][1] | S_C_o[4][2][5] |     4.704 | SLOW    |     2.449 | FAST    |
S_B_i[0][2][1] | S_C_o[4][2][6] |     4.726 | SLOW    |     2.463 | FAST    |
S_B_i[0][2][1] | S_C_o[4][2][7] |     4.791 | SLOW    |     2.500 | FAST    |
S_B_i[0][2][1] | S_C_o[5][2][1] |     4.301 | SLOW    |     2.233 | FAST    |
S_B_i[0][2][1] | S_C_o[5][2][2] |     4.265 | SLOW    |     2.205 | FAST    |
S_B_i[0][2][1] | S_C_o[5][2][3] |     4.476 | SLOW    |     2.324 | FAST    |
S_B_i[0][2][1] | S_C_o[5][2][4] |     4.476 | SLOW    |     2.324 | FAST    |
S_B_i[0][2][1] | S_C_o[5][2][5] |     4.704 | SLOW    |     2.449 | FAST    |
S_B_i[0][2][1] | S_C_o[5][2][6] |     4.726 | SLOW    |     2.463 | FAST    |
S_B_i[0][2][1] | S_C_o[5][2][7] |     4.791 | SLOW    |     2.500 | FAST    |
S_B_i[0][2][1] | S_C_o[6][2][1] |     4.301 | SLOW    |     2.233 | FAST    |
S_B_i[0][2][1] | S_C_o[6][2][2] |     4.265 | SLOW    |     2.205 | FAST    |
S_B_i[0][2][1] | S_C_o[6][2][3] |     4.476 | SLOW    |     2.324 | FAST    |
S_B_i[0][2][1] | S_C_o[6][2][4] |     4.476 | SLOW    |     2.324 | FAST    |
S_B_i[0][2][1] | S_C_o[6][2][5] |     4.704 | SLOW    |     2.449 | FAST    |
S_B_i[0][2][1] | S_C_o[6][2][6] |     4.726 | SLOW    |     2.463 | FAST    |
S_B_i[0][2][1] | S_C_o[6][2][7] |     4.791 | SLOW    |     2.500 | FAST    |
S_B_i[0][2][1] | S_C_o[7][2][1] |     4.301 | SLOW    |     2.233 | FAST    |
S_B_i[0][2][1] | S_C_o[7][2][2] |     4.265 | SLOW    |     2.205 | FAST    |
S_B_i[0][2][1] | S_C_o[7][2][3] |     4.476 | SLOW    |     2.324 | FAST    |
S_B_i[0][2][1] | S_C_o[7][2][4] |     4.476 | SLOW    |     2.324 | FAST    |
S_B_i[0][2][1] | S_C_o[7][2][5] |     4.704 | SLOW    |     2.449 | FAST    |
S_B_i[0][2][1] | S_C_o[7][2][6] |     4.726 | SLOW    |     2.463 | FAST    |
S_B_i[0][2][1] | S_C_o[7][2][7] |     4.791 | SLOW    |     2.500 | FAST    |
S_B_i[0][2][2] | S_C_o[0][2][2] |     4.261 | SLOW    |     2.209 | FAST    |
S_B_i[0][2][2] | S_C_o[0][2][3] |     4.462 | SLOW    |     2.312 | FAST    |
S_B_i[0][2][2] | S_C_o[0][2][4] |     4.462 | SLOW    |     2.312 | FAST    |
S_B_i[0][2][2] | S_C_o[0][2][5] |     4.690 | SLOW    |     2.437 | FAST    |
S_B_i[0][2][2] | S_C_o[0][2][6] |     4.712 | SLOW    |     2.451 | FAST    |
S_B_i[0][2][2] | S_C_o[0][2][7] |     4.777 | SLOW    |     2.488 | FAST    |
S_B_i[0][2][2] | S_C_o[1][2][2] |     4.261 | SLOW    |     2.209 | FAST    |
S_B_i[0][2][2] | S_C_o[1][2][3] |     4.462 | SLOW    |     2.312 | FAST    |
S_B_i[0][2][2] | S_C_o[1][2][4] |     4.462 | SLOW    |     2.312 | FAST    |
S_B_i[0][2][2] | S_C_o[1][2][5] |     4.690 | SLOW    |     2.437 | FAST    |
S_B_i[0][2][2] | S_C_o[1][2][6] |     4.712 | SLOW    |     2.451 | FAST    |
S_B_i[0][2][2] | S_C_o[1][2][7] |     4.777 | SLOW    |     2.488 | FAST    |
S_B_i[0][2][2] | S_C_o[2][2][2] |     4.261 | SLOW    |     2.209 | FAST    |
S_B_i[0][2][2] | S_C_o[2][2][3] |     4.462 | SLOW    |     2.312 | FAST    |
S_B_i[0][2][2] | S_C_o[2][2][4] |     4.462 | SLOW    |     2.312 | FAST    |
S_B_i[0][2][2] | S_C_o[2][2][5] |     4.690 | SLOW    |     2.437 | FAST    |
S_B_i[0][2][2] | S_C_o[2][2][6] |     4.712 | SLOW    |     2.451 | FAST    |
S_B_i[0][2][2] | S_C_o[2][2][7] |     4.777 | SLOW    |     2.488 | FAST    |
S_B_i[0][2][2] | S_C_o[3][2][2] |     4.261 | SLOW    |     2.209 | FAST    |
S_B_i[0][2][2] | S_C_o[3][2][3] |     4.462 | SLOW    |     2.312 | FAST    |
S_B_i[0][2][2] | S_C_o[3][2][4] |     4.462 | SLOW    |     2.312 | FAST    |
S_B_i[0][2][2] | S_C_o[3][2][5] |     4.690 | SLOW    |     2.437 | FAST    |
S_B_i[0][2][2] | S_C_o[3][2][6] |     4.712 | SLOW    |     2.451 | FAST    |
S_B_i[0][2][2] | S_C_o[3][2][7] |     4.777 | SLOW    |     2.488 | FAST    |
S_B_i[0][2][2] | S_C_o[4][2][2] |     4.261 | SLOW    |     2.209 | FAST    |
S_B_i[0][2][2] | S_C_o[4][2][3] |     4.462 | SLOW    |     2.312 | FAST    |
S_B_i[0][2][2] | S_C_o[4][2][4] |     4.462 | SLOW    |     2.312 | FAST    |
S_B_i[0][2][2] | S_C_o[4][2][5] |     4.690 | SLOW    |     2.437 | FAST    |
S_B_i[0][2][2] | S_C_o[4][2][6] |     4.712 | SLOW    |     2.451 | FAST    |
S_B_i[0][2][2] | S_C_o[4][2][7] |     4.777 | SLOW    |     2.488 | FAST    |
S_B_i[0][2][2] | S_C_o[5][2][2] |     4.261 | SLOW    |     2.209 | FAST    |
S_B_i[0][2][2] | S_C_o[5][2][3] |     4.462 | SLOW    |     2.312 | FAST    |
S_B_i[0][2][2] | S_C_o[5][2][4] |     4.462 | SLOW    |     2.312 | FAST    |
S_B_i[0][2][2] | S_C_o[5][2][5] |     4.690 | SLOW    |     2.437 | FAST    |
S_B_i[0][2][2] | S_C_o[5][2][6] |     4.712 | SLOW    |     2.451 | FAST    |
S_B_i[0][2][2] | S_C_o[5][2][7] |     4.777 | SLOW    |     2.488 | FAST    |
S_B_i[0][2][2] | S_C_o[6][2][2] |     4.261 | SLOW    |     2.209 | FAST    |
S_B_i[0][2][2] | S_C_o[6][2][3] |     4.462 | SLOW    |     2.312 | FAST    |
S_B_i[0][2][2] | S_C_o[6][2][4] |     4.462 | SLOW    |     2.312 | FAST    |
S_B_i[0][2][2] | S_C_o[6][2][5] |     4.690 | SLOW    |     2.437 | FAST    |
S_B_i[0][2][2] | S_C_o[6][2][6] |     4.712 | SLOW    |     2.451 | FAST    |
S_B_i[0][2][2] | S_C_o[6][2][7] |     4.777 | SLOW    |     2.488 | FAST    |
S_B_i[0][2][2] | S_C_o[7][2][2] |     4.261 | SLOW    |     2.209 | FAST    |
S_B_i[0][2][2] | S_C_o[7][2][3] |     4.462 | SLOW    |     2.312 | FAST    |
S_B_i[0][2][2] | S_C_o[7][2][4] |     4.462 | SLOW    |     2.312 | FAST    |
S_B_i[0][2][2] | S_C_o[7][2][5] |     4.690 | SLOW    |     2.437 | FAST    |
S_B_i[0][2][2] | S_C_o[7][2][6] |     4.712 | SLOW    |     2.451 | FAST    |
S_B_i[0][2][2] | S_C_o[7][2][7] |     4.777 | SLOW    |     2.488 | FAST    |
S_B_i[0][2][3] | S_C_o[0][2][3] |     4.270 | SLOW    |     2.213 | FAST    |
S_B_i[0][2][3] | S_C_o[0][2][4] |     4.265 | SLOW    |     2.205 | FAST    |
S_B_i[0][2][3] | S_C_o[0][2][5] |     4.507 | SLOW    |     2.344 | FAST    |
S_B_i[0][2][3] | S_C_o[0][2][6] |     4.529 | SLOW    |     2.358 | FAST    |
S_B_i[0][2][3] | S_C_o[0][2][7] |     4.594 | SLOW    |     2.395 | FAST    |
S_B_i[0][2][3] | S_C_o[1][2][3] |     4.270 | SLOW    |     2.213 | FAST    |
S_B_i[0][2][3] | S_C_o[1][2][4] |     4.265 | SLOW    |     2.205 | FAST    |
S_B_i[0][2][3] | S_C_o[1][2][5] |     4.507 | SLOW    |     2.344 | FAST    |
S_B_i[0][2][3] | S_C_o[1][2][6] |     4.529 | SLOW    |     2.358 | FAST    |
S_B_i[0][2][3] | S_C_o[1][2][7] |     4.594 | SLOW    |     2.395 | FAST    |
S_B_i[0][2][3] | S_C_o[2][2][3] |     4.270 | SLOW    |     2.213 | FAST    |
S_B_i[0][2][3] | S_C_o[2][2][4] |     4.265 | SLOW    |     2.205 | FAST    |
S_B_i[0][2][3] | S_C_o[2][2][5] |     4.507 | SLOW    |     2.344 | FAST    |
S_B_i[0][2][3] | S_C_o[2][2][6] |     4.529 | SLOW    |     2.358 | FAST    |
S_B_i[0][2][3] | S_C_o[2][2][7] |     4.594 | SLOW    |     2.395 | FAST    |
S_B_i[0][2][3] | S_C_o[3][2][3] |     4.270 | SLOW    |     2.213 | FAST    |
S_B_i[0][2][3] | S_C_o[3][2][4] |     4.265 | SLOW    |     2.205 | FAST    |
S_B_i[0][2][3] | S_C_o[3][2][5] |     4.507 | SLOW    |     2.344 | FAST    |
S_B_i[0][2][3] | S_C_o[3][2][6] |     4.529 | SLOW    |     2.358 | FAST    |
S_B_i[0][2][3] | S_C_o[3][2][7] |     4.594 | SLOW    |     2.395 | FAST    |
S_B_i[0][2][3] | S_C_o[4][2][3] |     4.270 | SLOW    |     2.213 | FAST    |
S_B_i[0][2][3] | S_C_o[4][2][4] |     4.265 | SLOW    |     2.205 | FAST    |
S_B_i[0][2][3] | S_C_o[4][2][5] |     4.507 | SLOW    |     2.344 | FAST    |
S_B_i[0][2][3] | S_C_o[4][2][6] |     4.529 | SLOW    |     2.358 | FAST    |
S_B_i[0][2][3] | S_C_o[4][2][7] |     4.594 | SLOW    |     2.395 | FAST    |
S_B_i[0][2][3] | S_C_o[5][2][3] |     4.270 | SLOW    |     2.213 | FAST    |
S_B_i[0][2][3] | S_C_o[5][2][4] |     4.265 | SLOW    |     2.205 | FAST    |
S_B_i[0][2][3] | S_C_o[5][2][5] |     4.507 | SLOW    |     2.344 | FAST    |
S_B_i[0][2][3] | S_C_o[5][2][6] |     4.529 | SLOW    |     2.358 | FAST    |
S_B_i[0][2][3] | S_C_o[5][2][7] |     4.594 | SLOW    |     2.395 | FAST    |
S_B_i[0][2][3] | S_C_o[6][2][3] |     4.270 | SLOW    |     2.213 | FAST    |
S_B_i[0][2][3] | S_C_o[6][2][4] |     4.265 | SLOW    |     2.205 | FAST    |
S_B_i[0][2][3] | S_C_o[6][2][5] |     4.507 | SLOW    |     2.344 | FAST    |
S_B_i[0][2][3] | S_C_o[6][2][6] |     4.529 | SLOW    |     2.358 | FAST    |
S_B_i[0][2][3] | S_C_o[6][2][7] |     4.594 | SLOW    |     2.395 | FAST    |
S_B_i[0][2][3] | S_C_o[7][2][3] |     4.270 | SLOW    |     2.213 | FAST    |
S_B_i[0][2][3] | S_C_o[7][2][4] |     4.265 | SLOW    |     2.205 | FAST    |
S_B_i[0][2][3] | S_C_o[7][2][5] |     4.507 | SLOW    |     2.344 | FAST    |
S_B_i[0][2][3] | S_C_o[7][2][6] |     4.529 | SLOW    |     2.358 | FAST    |
S_B_i[0][2][3] | S_C_o[7][2][7] |     4.594 | SLOW    |     2.395 | FAST    |
S_B_i[0][2][4] | S_C_o[0][2][4] |     4.261 | SLOW    |     2.209 | FAST    |
S_B_i[0][2][4] | S_C_o[0][2][5] |     4.484 | SLOW    |     2.326 | FAST    |
S_B_i[0][2][4] | S_C_o[0][2][6] |     4.506 | SLOW    |     2.340 | FAST    |
S_B_i[0][2][4] | S_C_o[0][2][7] |     4.571 | SLOW    |     2.377 | FAST    |
S_B_i[0][2][4] | S_C_o[1][2][4] |     4.261 | SLOW    |     2.209 | FAST    |
S_B_i[0][2][4] | S_C_o[1][2][5] |     4.484 | SLOW    |     2.326 | FAST    |
S_B_i[0][2][4] | S_C_o[1][2][6] |     4.506 | SLOW    |     2.340 | FAST    |
S_B_i[0][2][4] | S_C_o[1][2][7] |     4.571 | SLOW    |     2.377 | FAST    |
S_B_i[0][2][4] | S_C_o[2][2][4] |     4.261 | SLOW    |     2.209 | FAST    |
S_B_i[0][2][4] | S_C_o[2][2][5] |     4.484 | SLOW    |     2.326 | FAST    |
S_B_i[0][2][4] | S_C_o[2][2][6] |     4.506 | SLOW    |     2.340 | FAST    |
S_B_i[0][2][4] | S_C_o[2][2][7] |     4.571 | SLOW    |     2.377 | FAST    |
S_B_i[0][2][4] | S_C_o[3][2][4] |     4.261 | SLOW    |     2.209 | FAST    |
S_B_i[0][2][4] | S_C_o[3][2][5] |     4.484 | SLOW    |     2.326 | FAST    |
S_B_i[0][2][4] | S_C_o[3][2][6] |     4.506 | SLOW    |     2.340 | FAST    |
S_B_i[0][2][4] | S_C_o[3][2][7] |     4.571 | SLOW    |     2.377 | FAST    |
S_B_i[0][2][4] | S_C_o[4][2][4] |     4.261 | SLOW    |     2.209 | FAST    |
S_B_i[0][2][4] | S_C_o[4][2][5] |     4.484 | SLOW    |     2.326 | FAST    |
S_B_i[0][2][4] | S_C_o[4][2][6] |     4.506 | SLOW    |     2.340 | FAST    |
S_B_i[0][2][4] | S_C_o[4][2][7] |     4.571 | SLOW    |     2.377 | FAST    |
S_B_i[0][2][4] | S_C_o[5][2][4] |     4.261 | SLOW    |     2.209 | FAST    |
S_B_i[0][2][4] | S_C_o[5][2][5] |     4.484 | SLOW    |     2.326 | FAST    |
S_B_i[0][2][4] | S_C_o[5][2][6] |     4.506 | SLOW    |     2.340 | FAST    |
S_B_i[0][2][4] | S_C_o[5][2][7] |     4.571 | SLOW    |     2.377 | FAST    |
S_B_i[0][2][4] | S_C_o[6][2][4] |     4.261 | SLOW    |     2.209 | FAST    |
S_B_i[0][2][4] | S_C_o[6][2][5] |     4.484 | SLOW    |     2.326 | FAST    |
S_B_i[0][2][4] | S_C_o[6][2][6] |     4.506 | SLOW    |     2.340 | FAST    |
S_B_i[0][2][4] | S_C_o[6][2][7] |     4.571 | SLOW    |     2.377 | FAST    |
S_B_i[0][2][4] | S_C_o[7][2][4] |     4.261 | SLOW    |     2.209 | FAST    |
S_B_i[0][2][4] | S_C_o[7][2][5] |     4.484 | SLOW    |     2.326 | FAST    |
S_B_i[0][2][4] | S_C_o[7][2][6] |     4.506 | SLOW    |     2.340 | FAST    |
S_B_i[0][2][4] | S_C_o[7][2][7] |     4.571 | SLOW    |     2.377 | FAST    |
S_B_i[0][2][5] | S_C_o[0][2][5] |     4.270 | SLOW    |     2.213 | FAST    |
S_B_i[0][2][5] | S_C_o[0][2][6] |     4.287 | SLOW    |     2.219 | FAST    |
S_B_i[0][2][5] | S_C_o[0][2][7] |     4.265 | SLOW    |     2.205 | FAST    |
S_B_i[0][2][5] | S_C_o[1][2][5] |     4.270 | SLOW    |     2.213 | FAST    |
S_B_i[0][2][5] | S_C_o[1][2][6] |     4.287 | SLOW    |     2.219 | FAST    |
S_B_i[0][2][5] | S_C_o[1][2][7] |     4.265 | SLOW    |     2.205 | FAST    |
S_B_i[0][2][5] | S_C_o[2][2][5] |     4.270 | SLOW    |     2.213 | FAST    |
S_B_i[0][2][5] | S_C_o[2][2][6] |     4.287 | SLOW    |     2.219 | FAST    |
S_B_i[0][2][5] | S_C_o[2][2][7] |     4.265 | SLOW    |     2.205 | FAST    |
S_B_i[0][2][5] | S_C_o[3][2][5] |     4.270 | SLOW    |     2.213 | FAST    |
S_B_i[0][2][5] | S_C_o[3][2][6] |     4.287 | SLOW    |     2.219 | FAST    |
S_B_i[0][2][5] | S_C_o[3][2][7] |     4.265 | SLOW    |     2.205 | FAST    |
S_B_i[0][2][5] | S_C_o[4][2][5] |     4.270 | SLOW    |     2.213 | FAST    |
S_B_i[0][2][5] | S_C_o[4][2][6] |     4.287 | SLOW    |     2.219 | FAST    |
S_B_i[0][2][5] | S_C_o[4][2][7] |     4.265 | SLOW    |     2.205 | FAST    |
S_B_i[0][2][5] | S_C_o[5][2][5] |     4.270 | SLOW    |     2.213 | FAST    |
S_B_i[0][2][5] | S_C_o[5][2][6] |     4.287 | SLOW    |     2.219 | FAST    |
S_B_i[0][2][5] | S_C_o[5][2][7] |     4.265 | SLOW    |     2.205 | FAST    |
S_B_i[0][2][5] | S_C_o[6][2][5] |     4.270 | SLOW    |     2.213 | FAST    |
S_B_i[0][2][5] | S_C_o[6][2][6] |     4.287 | SLOW    |     2.219 | FAST    |
S_B_i[0][2][5] | S_C_o[6][2][7] |     4.265 | SLOW    |     2.205 | FAST    |
S_B_i[0][2][5] | S_C_o[7][2][5] |     4.270 | SLOW    |     2.213 | FAST    |
S_B_i[0][2][5] | S_C_o[7][2][6] |     4.287 | SLOW    |     2.219 | FAST    |
S_B_i[0][2][5] | S_C_o[7][2][7] |     4.265 | SLOW    |     2.205 | FAST    |
S_B_i[0][2][6] | S_C_o[0][2][6] |     4.292 | SLOW    |     2.229 | FAST    |
S_B_i[0][2][6] | S_C_o[0][2][7] |     4.261 | SLOW    |     2.209 | FAST    |
S_B_i[0][2][6] | S_C_o[1][2][6] |     4.292 | SLOW    |     2.229 | FAST    |
S_B_i[0][2][6] | S_C_o[1][2][7] |     4.261 | SLOW    |     2.209 | FAST    |
S_B_i[0][2][6] | S_C_o[2][2][6] |     4.292 | SLOW    |     2.229 | FAST    |
S_B_i[0][2][6] | S_C_o[2][2][7] |     4.261 | SLOW    |     2.209 | FAST    |
S_B_i[0][2][6] | S_C_o[3][2][6] |     4.292 | SLOW    |     2.229 | FAST    |
S_B_i[0][2][6] | S_C_o[3][2][7] |     4.261 | SLOW    |     2.209 | FAST    |
S_B_i[0][2][6] | S_C_o[4][2][6] |     4.292 | SLOW    |     2.229 | FAST    |
S_B_i[0][2][6] | S_C_o[4][2][7] |     4.261 | SLOW    |     2.209 | FAST    |
S_B_i[0][2][6] | S_C_o[5][2][6] |     4.292 | SLOW    |     2.229 | FAST    |
S_B_i[0][2][6] | S_C_o[5][2][7] |     4.261 | SLOW    |     2.209 | FAST    |
S_B_i[0][2][6] | S_C_o[6][2][6] |     4.292 | SLOW    |     2.229 | FAST    |
S_B_i[0][2][6] | S_C_o[6][2][7] |     4.261 | SLOW    |     2.209 | FAST    |
S_B_i[0][2][6] | S_C_o[7][2][6] |     4.292 | SLOW    |     2.229 | FAST    |
S_B_i[0][2][6] | S_C_o[7][2][7] |     4.261 | SLOW    |     2.209 | FAST    |
S_B_i[0][2][7] | S_C_o[0][2][7] |     4.444 | SLOW    |     2.314 | FAST    |
S_B_i[0][2][7] | S_C_o[1][2][7] |     4.444 | SLOW    |     2.314 | FAST    |
S_B_i[0][2][7] | S_C_o[2][2][7] |     4.444 | SLOW    |     2.314 | FAST    |
S_B_i[0][2][7] | S_C_o[3][2][7] |     4.444 | SLOW    |     2.314 | FAST    |
S_B_i[0][2][7] | S_C_o[4][2][7] |     4.444 | SLOW    |     2.314 | FAST    |
S_B_i[0][2][7] | S_C_o[5][2][7] |     4.444 | SLOW    |     2.314 | FAST    |
S_B_i[0][2][7] | S_C_o[6][2][7] |     4.444 | SLOW    |     2.314 | FAST    |
S_B_i[0][2][7] | S_C_o[7][2][7] |     4.444 | SLOW    |     2.314 | FAST    |
S_B_i[0][3][0] | S_C_o[0][3][0] |     4.277 | SLOW    |     2.217 | FAST    |
S_B_i[0][3][0] | S_C_o[0][3][1] |     4.294 | SLOW    |     2.223 | FAST    |
S_B_i[0][3][0] | S_C_o[0][3][2] |     4.272 | SLOW    |     2.209 | FAST    |
S_B_i[0][3][0] | S_C_o[0][3][3] |     4.510 | SLOW    |     2.337 | FAST    |
S_B_i[0][3][0] | S_C_o[0][3][4] |     4.510 | SLOW    |     2.337 | FAST    |
S_B_i[0][3][0] | S_C_o[0][3][5] |     4.738 | SLOW    |     2.462 | FAST    |
S_B_i[0][3][0] | S_C_o[0][3][6] |     4.760 | SLOW    |     2.476 | FAST    |
S_B_i[0][3][0] | S_C_o[0][3][7] |     4.825 | SLOW    |     2.513 | FAST    |
S_B_i[0][3][0] | S_C_o[1][3][0] |     4.277 | SLOW    |     2.217 | FAST    |
S_B_i[0][3][0] | S_C_o[1][3][1] |     4.294 | SLOW    |     2.223 | FAST    |
S_B_i[0][3][0] | S_C_o[1][3][2] |     4.272 | SLOW    |     2.209 | FAST    |
S_B_i[0][3][0] | S_C_o[1][3][3] |     4.510 | SLOW    |     2.337 | FAST    |
S_B_i[0][3][0] | S_C_o[1][3][4] |     4.510 | SLOW    |     2.337 | FAST    |
S_B_i[0][3][0] | S_C_o[1][3][5] |     4.738 | SLOW    |     2.462 | FAST    |
S_B_i[0][3][0] | S_C_o[1][3][6] |     4.760 | SLOW    |     2.476 | FAST    |
S_B_i[0][3][0] | S_C_o[1][3][7] |     4.825 | SLOW    |     2.513 | FAST    |
S_B_i[0][3][0] | S_C_o[2][3][0] |     4.277 | SLOW    |     2.217 | FAST    |
S_B_i[0][3][0] | S_C_o[2][3][1] |     4.294 | SLOW    |     2.223 | FAST    |
S_B_i[0][3][0] | S_C_o[2][3][2] |     4.272 | SLOW    |     2.209 | FAST    |
S_B_i[0][3][0] | S_C_o[2][3][3] |     4.510 | SLOW    |     2.337 | FAST    |
S_B_i[0][3][0] | S_C_o[2][3][4] |     4.510 | SLOW    |     2.337 | FAST    |
S_B_i[0][3][0] | S_C_o[2][3][5] |     4.738 | SLOW    |     2.462 | FAST    |
S_B_i[0][3][0] | S_C_o[2][3][6] |     4.760 | SLOW    |     2.476 | FAST    |
S_B_i[0][3][0] | S_C_o[2][3][7] |     4.825 | SLOW    |     2.513 | FAST    |
S_B_i[0][3][0] | S_C_o[3][3][0] |     4.277 | SLOW    |     2.217 | FAST    |
S_B_i[0][3][0] | S_C_o[3][3][1] |     4.294 | SLOW    |     2.223 | FAST    |
S_B_i[0][3][0] | S_C_o[3][3][2] |     4.272 | SLOW    |     2.209 | FAST    |
S_B_i[0][3][0] | S_C_o[3][3][3] |     4.510 | SLOW    |     2.337 | FAST    |
S_B_i[0][3][0] | S_C_o[3][3][4] |     4.510 | SLOW    |     2.337 | FAST    |
S_B_i[0][3][0] | S_C_o[3][3][5] |     4.738 | SLOW    |     2.462 | FAST    |
S_B_i[0][3][0] | S_C_o[3][3][6] |     4.760 | SLOW    |     2.476 | FAST    |
S_B_i[0][3][0] | S_C_o[3][3][7] |     4.825 | SLOW    |     2.513 | FAST    |
S_B_i[0][3][0] | S_C_o[4][3][0] |     4.277 | SLOW    |     2.217 | FAST    |
S_B_i[0][3][0] | S_C_o[4][3][1] |     4.294 | SLOW    |     2.223 | FAST    |
S_B_i[0][3][0] | S_C_o[4][3][2] |     4.272 | SLOW    |     2.209 | FAST    |
S_B_i[0][3][0] | S_C_o[4][3][3] |     4.510 | SLOW    |     2.337 | FAST    |
S_B_i[0][3][0] | S_C_o[4][3][4] |     4.510 | SLOW    |     2.337 | FAST    |
S_B_i[0][3][0] | S_C_o[4][3][5] |     4.738 | SLOW    |     2.462 | FAST    |
S_B_i[0][3][0] | S_C_o[4][3][6] |     4.760 | SLOW    |     2.476 | FAST    |
S_B_i[0][3][0] | S_C_o[4][3][7] |     4.825 | SLOW    |     2.513 | FAST    |
S_B_i[0][3][0] | S_C_o[5][3][0] |     4.277 | SLOW    |     2.217 | FAST    |
S_B_i[0][3][0] | S_C_o[5][3][1] |     4.294 | SLOW    |     2.223 | FAST    |
S_B_i[0][3][0] | S_C_o[5][3][2] |     4.272 | SLOW    |     2.209 | FAST    |
S_B_i[0][3][0] | S_C_o[5][3][3] |     4.510 | SLOW    |     2.337 | FAST    |
S_B_i[0][3][0] | S_C_o[5][3][4] |     4.510 | SLOW    |     2.337 | FAST    |
S_B_i[0][3][0] | S_C_o[5][3][5] |     4.738 | SLOW    |     2.462 | FAST    |
S_B_i[0][3][0] | S_C_o[5][3][6] |     4.760 | SLOW    |     2.476 | FAST    |
S_B_i[0][3][0] | S_C_o[5][3][7] |     4.825 | SLOW    |     2.513 | FAST    |
S_B_i[0][3][0] | S_C_o[6][3][0] |     4.277 | SLOW    |     2.217 | FAST    |
S_B_i[0][3][0] | S_C_o[6][3][1] |     4.294 | SLOW    |     2.223 | FAST    |
S_B_i[0][3][0] | S_C_o[6][3][2] |     4.272 | SLOW    |     2.209 | FAST    |
S_B_i[0][3][0] | S_C_o[6][3][3] |     4.510 | SLOW    |     2.337 | FAST    |
S_B_i[0][3][0] | S_C_o[6][3][4] |     4.510 | SLOW    |     2.337 | FAST    |
S_B_i[0][3][0] | S_C_o[6][3][5] |     4.738 | SLOW    |     2.462 | FAST    |
S_B_i[0][3][0] | S_C_o[6][3][6] |     4.760 | SLOW    |     2.476 | FAST    |
S_B_i[0][3][0] | S_C_o[6][3][7] |     4.825 | SLOW    |     2.513 | FAST    |
S_B_i[0][3][0] | S_C_o[7][3][0] |     4.277 | SLOW    |     2.217 | FAST    |
S_B_i[0][3][0] | S_C_o[7][3][1] |     4.294 | SLOW    |     2.223 | FAST    |
S_B_i[0][3][0] | S_C_o[7][3][2] |     4.272 | SLOW    |     2.209 | FAST    |
S_B_i[0][3][0] | S_C_o[7][3][3] |     4.510 | SLOW    |     2.337 | FAST    |
S_B_i[0][3][0] | S_C_o[7][3][4] |     4.510 | SLOW    |     2.337 | FAST    |
S_B_i[0][3][0] | S_C_o[7][3][5] |     4.738 | SLOW    |     2.462 | FAST    |
S_B_i[0][3][0] | S_C_o[7][3][6] |     4.760 | SLOW    |     2.476 | FAST    |
S_B_i[0][3][0] | S_C_o[7][3][7] |     4.825 | SLOW    |     2.513 | FAST    |
S_B_i[0][3][1] | S_C_o[0][3][1] |     4.301 | SLOW    |     2.233 | FAST    |
S_B_i[0][3][1] | S_C_o[0][3][2] |     4.265 | SLOW    |     2.205 | FAST    |
S_B_i[0][3][1] | S_C_o[0][3][3] |     4.476 | SLOW    |     2.324 | FAST    |
S_B_i[0][3][1] | S_C_o[0][3][4] |     4.476 | SLOW    |     2.324 | FAST    |
S_B_i[0][3][1] | S_C_o[0][3][5] |     4.704 | SLOW    |     2.449 | FAST    |
S_B_i[0][3][1] | S_C_o[0][3][6] |     4.726 | SLOW    |     2.463 | FAST    |
S_B_i[0][3][1] | S_C_o[0][3][7] |     4.791 | SLOW    |     2.500 | FAST    |
S_B_i[0][3][1] | S_C_o[1][3][1] |     4.301 | SLOW    |     2.233 | FAST    |
S_B_i[0][3][1] | S_C_o[1][3][2] |     4.265 | SLOW    |     2.205 | FAST    |
S_B_i[0][3][1] | S_C_o[1][3][3] |     4.476 | SLOW    |     2.324 | FAST    |
S_B_i[0][3][1] | S_C_o[1][3][4] |     4.476 | SLOW    |     2.324 | FAST    |
S_B_i[0][3][1] | S_C_o[1][3][5] |     4.704 | SLOW    |     2.449 | FAST    |
S_B_i[0][3][1] | S_C_o[1][3][6] |     4.726 | SLOW    |     2.463 | FAST    |
S_B_i[0][3][1] | S_C_o[1][3][7] |     4.791 | SLOW    |     2.500 | FAST    |
S_B_i[0][3][1] | S_C_o[2][3][1] |     4.301 | SLOW    |     2.233 | FAST    |
S_B_i[0][3][1] | S_C_o[2][3][2] |     4.265 | SLOW    |     2.205 | FAST    |
S_B_i[0][3][1] | S_C_o[2][3][3] |     4.476 | SLOW    |     2.324 | FAST    |
S_B_i[0][3][1] | S_C_o[2][3][4] |     4.476 | SLOW    |     2.324 | FAST    |
S_B_i[0][3][1] | S_C_o[2][3][5] |     4.704 | SLOW    |     2.449 | FAST    |
S_B_i[0][3][1] | S_C_o[2][3][6] |     4.726 | SLOW    |     2.463 | FAST    |
S_B_i[0][3][1] | S_C_o[2][3][7] |     4.791 | SLOW    |     2.500 | FAST    |
S_B_i[0][3][1] | S_C_o[3][3][1] |     4.301 | SLOW    |     2.233 | FAST    |
S_B_i[0][3][1] | S_C_o[3][3][2] |     4.265 | SLOW    |     2.205 | FAST    |
S_B_i[0][3][1] | S_C_o[3][3][3] |     4.476 | SLOW    |     2.324 | FAST    |
S_B_i[0][3][1] | S_C_o[3][3][4] |     4.476 | SLOW    |     2.324 | FAST    |
S_B_i[0][3][1] | S_C_o[3][3][5] |     4.704 | SLOW    |     2.449 | FAST    |
S_B_i[0][3][1] | S_C_o[3][3][6] |     4.726 | SLOW    |     2.463 | FAST    |
S_B_i[0][3][1] | S_C_o[3][3][7] |     4.791 | SLOW    |     2.500 | FAST    |
S_B_i[0][3][1] | S_C_o[4][3][1] |     4.301 | SLOW    |     2.233 | FAST    |
S_B_i[0][3][1] | S_C_o[4][3][2] |     4.265 | SLOW    |     2.205 | FAST    |
S_B_i[0][3][1] | S_C_o[4][3][3] |     4.476 | SLOW    |     2.324 | FAST    |
S_B_i[0][3][1] | S_C_o[4][3][4] |     4.476 | SLOW    |     2.324 | FAST    |
S_B_i[0][3][1] | S_C_o[4][3][5] |     4.704 | SLOW    |     2.449 | FAST    |
S_B_i[0][3][1] | S_C_o[4][3][6] |     4.726 | SLOW    |     2.463 | FAST    |
S_B_i[0][3][1] | S_C_o[4][3][7] |     4.791 | SLOW    |     2.500 | FAST    |
S_B_i[0][3][1] | S_C_o[5][3][1] |     4.301 | SLOW    |     2.233 | FAST    |
S_B_i[0][3][1] | S_C_o[5][3][2] |     4.265 | SLOW    |     2.205 | FAST    |
S_B_i[0][3][1] | S_C_o[5][3][3] |     4.476 | SLOW    |     2.324 | FAST    |
S_B_i[0][3][1] | S_C_o[5][3][4] |     4.476 | SLOW    |     2.324 | FAST    |
S_B_i[0][3][1] | S_C_o[5][3][5] |     4.704 | SLOW    |     2.449 | FAST    |
S_B_i[0][3][1] | S_C_o[5][3][6] |     4.726 | SLOW    |     2.463 | FAST    |
S_B_i[0][3][1] | S_C_o[5][3][7] |     4.791 | SLOW    |     2.500 | FAST    |
S_B_i[0][3][1] | S_C_o[6][3][1] |     4.301 | SLOW    |     2.233 | FAST    |
S_B_i[0][3][1] | S_C_o[6][3][2] |     4.265 | SLOW    |     2.205 | FAST    |
S_B_i[0][3][1] | S_C_o[6][3][3] |     4.476 | SLOW    |     2.324 | FAST    |
S_B_i[0][3][1] | S_C_o[6][3][4] |     4.476 | SLOW    |     2.324 | FAST    |
S_B_i[0][3][1] | S_C_o[6][3][5] |     4.704 | SLOW    |     2.449 | FAST    |
S_B_i[0][3][1] | S_C_o[6][3][6] |     4.726 | SLOW    |     2.463 | FAST    |
S_B_i[0][3][1] | S_C_o[6][3][7] |     4.791 | SLOW    |     2.500 | FAST    |
S_B_i[0][3][1] | S_C_o[7][3][1] |     4.301 | SLOW    |     2.233 | FAST    |
S_B_i[0][3][1] | S_C_o[7][3][2] |     4.265 | SLOW    |     2.205 | FAST    |
S_B_i[0][3][1] | S_C_o[7][3][3] |     4.476 | SLOW    |     2.324 | FAST    |
S_B_i[0][3][1] | S_C_o[7][3][4] |     4.476 | SLOW    |     2.324 | FAST    |
S_B_i[0][3][1] | S_C_o[7][3][5] |     4.704 | SLOW    |     2.449 | FAST    |
S_B_i[0][3][1] | S_C_o[7][3][6] |     4.726 | SLOW    |     2.463 | FAST    |
S_B_i[0][3][1] | S_C_o[7][3][7] |     4.791 | SLOW    |     2.500 | FAST    |
S_B_i[0][3][2] | S_C_o[0][3][2] |     4.261 | SLOW    |     2.209 | FAST    |
S_B_i[0][3][2] | S_C_o[0][3][3] |     4.462 | SLOW    |     2.312 | FAST    |
S_B_i[0][3][2] | S_C_o[0][3][4] |     4.462 | SLOW    |     2.312 | FAST    |
S_B_i[0][3][2] | S_C_o[0][3][5] |     4.690 | SLOW    |     2.437 | FAST    |
S_B_i[0][3][2] | S_C_o[0][3][6] |     4.712 | SLOW    |     2.451 | FAST    |
S_B_i[0][3][2] | S_C_o[0][3][7] |     4.777 | SLOW    |     2.488 | FAST    |
S_B_i[0][3][2] | S_C_o[1][3][2] |     4.261 | SLOW    |     2.209 | FAST    |
S_B_i[0][3][2] | S_C_o[1][3][3] |     4.462 | SLOW    |     2.312 | FAST    |
S_B_i[0][3][2] | S_C_o[1][3][4] |     4.462 | SLOW    |     2.312 | FAST    |
S_B_i[0][3][2] | S_C_o[1][3][5] |     4.690 | SLOW    |     2.437 | FAST    |
S_B_i[0][3][2] | S_C_o[1][3][6] |     4.712 | SLOW    |     2.451 | FAST    |
S_B_i[0][3][2] | S_C_o[1][3][7] |     4.777 | SLOW    |     2.488 | FAST    |
S_B_i[0][3][2] | S_C_o[2][3][2] |     4.261 | SLOW    |     2.209 | FAST    |
S_B_i[0][3][2] | S_C_o[2][3][3] |     4.462 | SLOW    |     2.312 | FAST    |
S_B_i[0][3][2] | S_C_o[2][3][4] |     4.462 | SLOW    |     2.312 | FAST    |
S_B_i[0][3][2] | S_C_o[2][3][5] |     4.690 | SLOW    |     2.437 | FAST    |
S_B_i[0][3][2] | S_C_o[2][3][6] |     4.712 | SLOW    |     2.451 | FAST    |
S_B_i[0][3][2] | S_C_o[2][3][7] |     4.777 | SLOW    |     2.488 | FAST    |
S_B_i[0][3][2] | S_C_o[3][3][2] |     4.261 | SLOW    |     2.209 | FAST    |
S_B_i[0][3][2] | S_C_o[3][3][3] |     4.462 | SLOW    |     2.312 | FAST    |
S_B_i[0][3][2] | S_C_o[3][3][4] |     4.462 | SLOW    |     2.312 | FAST    |
S_B_i[0][3][2] | S_C_o[3][3][5] |     4.690 | SLOW    |     2.437 | FAST    |
S_B_i[0][3][2] | S_C_o[3][3][6] |     4.712 | SLOW    |     2.451 | FAST    |
S_B_i[0][3][2] | S_C_o[3][3][7] |     4.777 | SLOW    |     2.488 | FAST    |
S_B_i[0][3][2] | S_C_o[4][3][2] |     4.261 | SLOW    |     2.209 | FAST    |
S_B_i[0][3][2] | S_C_o[4][3][3] |     4.462 | SLOW    |     2.312 | FAST    |
S_B_i[0][3][2] | S_C_o[4][3][4] |     4.462 | SLOW    |     2.312 | FAST    |
S_B_i[0][3][2] | S_C_o[4][3][5] |     4.690 | SLOW    |     2.437 | FAST    |
S_B_i[0][3][2] | S_C_o[4][3][6] |     4.712 | SLOW    |     2.451 | FAST    |
S_B_i[0][3][2] | S_C_o[4][3][7] |     4.777 | SLOW    |     2.488 | FAST    |
S_B_i[0][3][2] | S_C_o[5][3][2] |     4.261 | SLOW    |     2.209 | FAST    |
S_B_i[0][3][2] | S_C_o[5][3][3] |     4.462 | SLOW    |     2.312 | FAST    |
S_B_i[0][3][2] | S_C_o[5][3][4] |     4.462 | SLOW    |     2.312 | FAST    |
S_B_i[0][3][2] | S_C_o[5][3][5] |     4.690 | SLOW    |     2.437 | FAST    |
S_B_i[0][3][2] | S_C_o[5][3][6] |     4.712 | SLOW    |     2.451 | FAST    |
S_B_i[0][3][2] | S_C_o[5][3][7] |     4.777 | SLOW    |     2.488 | FAST    |
S_B_i[0][3][2] | S_C_o[6][3][2] |     4.261 | SLOW    |     2.209 | FAST    |
S_B_i[0][3][2] | S_C_o[6][3][3] |     4.462 | SLOW    |     2.312 | FAST    |
S_B_i[0][3][2] | S_C_o[6][3][4] |     4.462 | SLOW    |     2.312 | FAST    |
S_B_i[0][3][2] | S_C_o[6][3][5] |     4.690 | SLOW    |     2.437 | FAST    |
S_B_i[0][3][2] | S_C_o[6][3][6] |     4.712 | SLOW    |     2.451 | FAST    |
S_B_i[0][3][2] | S_C_o[6][3][7] |     4.777 | SLOW    |     2.488 | FAST    |
S_B_i[0][3][2] | S_C_o[7][3][2] |     4.261 | SLOW    |     2.209 | FAST    |
S_B_i[0][3][2] | S_C_o[7][3][3] |     4.462 | SLOW    |     2.312 | FAST    |
S_B_i[0][3][2] | S_C_o[7][3][4] |     4.462 | SLOW    |     2.312 | FAST    |
S_B_i[0][3][2] | S_C_o[7][3][5] |     4.690 | SLOW    |     2.437 | FAST    |
S_B_i[0][3][2] | S_C_o[7][3][6] |     4.712 | SLOW    |     2.451 | FAST    |
S_B_i[0][3][2] | S_C_o[7][3][7] |     4.777 | SLOW    |     2.488 | FAST    |
S_B_i[0][3][3] | S_C_o[0][3][3] |     4.270 | SLOW    |     2.213 | FAST    |
S_B_i[0][3][3] | S_C_o[0][3][4] |     4.265 | SLOW    |     2.205 | FAST    |
S_B_i[0][3][3] | S_C_o[0][3][5] |     4.507 | SLOW    |     2.344 | FAST    |
S_B_i[0][3][3] | S_C_o[0][3][6] |     4.529 | SLOW    |     2.358 | FAST    |
S_B_i[0][3][3] | S_C_o[0][3][7] |     4.594 | SLOW    |     2.395 | FAST    |
S_B_i[0][3][3] | S_C_o[1][3][3] |     4.270 | SLOW    |     2.213 | FAST    |
S_B_i[0][3][3] | S_C_o[1][3][4] |     4.265 | SLOW    |     2.205 | FAST    |
S_B_i[0][3][3] | S_C_o[1][3][5] |     4.507 | SLOW    |     2.344 | FAST    |
S_B_i[0][3][3] | S_C_o[1][3][6] |     4.529 | SLOW    |     2.358 | FAST    |
S_B_i[0][3][3] | S_C_o[1][3][7] |     4.594 | SLOW    |     2.395 | FAST    |
S_B_i[0][3][3] | S_C_o[2][3][3] |     4.270 | SLOW    |     2.213 | FAST    |
S_B_i[0][3][3] | S_C_o[2][3][4] |     4.265 | SLOW    |     2.205 | FAST    |
S_B_i[0][3][3] | S_C_o[2][3][5] |     4.507 | SLOW    |     2.344 | FAST    |
S_B_i[0][3][3] | S_C_o[2][3][6] |     4.529 | SLOW    |     2.358 | FAST    |
S_B_i[0][3][3] | S_C_o[2][3][7] |     4.594 | SLOW    |     2.395 | FAST    |
S_B_i[0][3][3] | S_C_o[3][3][3] |     4.270 | SLOW    |     2.213 | FAST    |
S_B_i[0][3][3] | S_C_o[3][3][4] |     4.265 | SLOW    |     2.205 | FAST    |
S_B_i[0][3][3] | S_C_o[3][3][5] |     4.507 | SLOW    |     2.344 | FAST    |
S_B_i[0][3][3] | S_C_o[3][3][6] |     4.529 | SLOW    |     2.358 | FAST    |
S_B_i[0][3][3] | S_C_o[3][3][7] |     4.594 | SLOW    |     2.395 | FAST    |
S_B_i[0][3][3] | S_C_o[4][3][3] |     4.270 | SLOW    |     2.213 | FAST    |
S_B_i[0][3][3] | S_C_o[4][3][4] |     4.265 | SLOW    |     2.205 | FAST    |
S_B_i[0][3][3] | S_C_o[4][3][5] |     4.507 | SLOW    |     2.344 | FAST    |
S_B_i[0][3][3] | S_C_o[4][3][6] |     4.529 | SLOW    |     2.358 | FAST    |
S_B_i[0][3][3] | S_C_o[4][3][7] |     4.594 | SLOW    |     2.395 | FAST    |
S_B_i[0][3][3] | S_C_o[5][3][3] |     4.270 | SLOW    |     2.213 | FAST    |
S_B_i[0][3][3] | S_C_o[5][3][4] |     4.265 | SLOW    |     2.205 | FAST    |
S_B_i[0][3][3] | S_C_o[5][3][5] |     4.507 | SLOW    |     2.344 | FAST    |
S_B_i[0][3][3] | S_C_o[5][3][6] |     4.529 | SLOW    |     2.358 | FAST    |
S_B_i[0][3][3] | S_C_o[5][3][7] |     4.594 | SLOW    |     2.395 | FAST    |
S_B_i[0][3][3] | S_C_o[6][3][3] |     4.270 | SLOW    |     2.213 | FAST    |
S_B_i[0][3][3] | S_C_o[6][3][4] |     4.265 | SLOW    |     2.205 | FAST    |
S_B_i[0][3][3] | S_C_o[6][3][5] |     4.507 | SLOW    |     2.344 | FAST    |
S_B_i[0][3][3] | S_C_o[6][3][6] |     4.529 | SLOW    |     2.358 | FAST    |
S_B_i[0][3][3] | S_C_o[6][3][7] |     4.594 | SLOW    |     2.395 | FAST    |
S_B_i[0][3][3] | S_C_o[7][3][3] |     4.270 | SLOW    |     2.213 | FAST    |
S_B_i[0][3][3] | S_C_o[7][3][4] |     4.265 | SLOW    |     2.205 | FAST    |
S_B_i[0][3][3] | S_C_o[7][3][5] |     4.507 | SLOW    |     2.344 | FAST    |
S_B_i[0][3][3] | S_C_o[7][3][6] |     4.529 | SLOW    |     2.358 | FAST    |
S_B_i[0][3][3] | S_C_o[7][3][7] |     4.594 | SLOW    |     2.395 | FAST    |
S_B_i[0][3][4] | S_C_o[0][3][4] |     4.261 | SLOW    |     2.209 | FAST    |
S_B_i[0][3][4] | S_C_o[0][3][5] |     4.484 | SLOW    |     2.326 | FAST    |
S_B_i[0][3][4] | S_C_o[0][3][6] |     4.506 | SLOW    |     2.340 | FAST    |
S_B_i[0][3][4] | S_C_o[0][3][7] |     4.571 | SLOW    |     2.377 | FAST    |
S_B_i[0][3][4] | S_C_o[1][3][4] |     4.261 | SLOW    |     2.209 | FAST    |
S_B_i[0][3][4] | S_C_o[1][3][5] |     4.484 | SLOW    |     2.326 | FAST    |
S_B_i[0][3][4] | S_C_o[1][3][6] |     4.506 | SLOW    |     2.340 | FAST    |
S_B_i[0][3][4] | S_C_o[1][3][7] |     4.571 | SLOW    |     2.377 | FAST    |
S_B_i[0][3][4] | S_C_o[2][3][4] |     4.261 | SLOW    |     2.209 | FAST    |
S_B_i[0][3][4] | S_C_o[2][3][5] |     4.484 | SLOW    |     2.326 | FAST    |
S_B_i[0][3][4] | S_C_o[2][3][6] |     4.506 | SLOW    |     2.340 | FAST    |
S_B_i[0][3][4] | S_C_o[2][3][7] |     4.571 | SLOW    |     2.377 | FAST    |
S_B_i[0][3][4] | S_C_o[3][3][4] |     4.261 | SLOW    |     2.209 | FAST    |
S_B_i[0][3][4] | S_C_o[3][3][5] |     4.484 | SLOW    |     2.326 | FAST    |
S_B_i[0][3][4] | S_C_o[3][3][6] |     4.506 | SLOW    |     2.340 | FAST    |
S_B_i[0][3][4] | S_C_o[3][3][7] |     4.571 | SLOW    |     2.377 | FAST    |
S_B_i[0][3][4] | S_C_o[4][3][4] |     4.261 | SLOW    |     2.209 | FAST    |
S_B_i[0][3][4] | S_C_o[4][3][5] |     4.484 | SLOW    |     2.326 | FAST    |
S_B_i[0][3][4] | S_C_o[4][3][6] |     4.506 | SLOW    |     2.340 | FAST    |
S_B_i[0][3][4] | S_C_o[4][3][7] |     4.571 | SLOW    |     2.377 | FAST    |
S_B_i[0][3][4] | S_C_o[5][3][4] |     4.261 | SLOW    |     2.209 | FAST    |
S_B_i[0][3][4] | S_C_o[5][3][5] |     4.484 | SLOW    |     2.326 | FAST    |
S_B_i[0][3][4] | S_C_o[5][3][6] |     4.506 | SLOW    |     2.340 | FAST    |
S_B_i[0][3][4] | S_C_o[5][3][7] |     4.571 | SLOW    |     2.377 | FAST    |
S_B_i[0][3][4] | S_C_o[6][3][4] |     4.261 | SLOW    |     2.209 | FAST    |
S_B_i[0][3][4] | S_C_o[6][3][5] |     4.484 | SLOW    |     2.326 | FAST    |
S_B_i[0][3][4] | S_C_o[6][3][6] |     4.506 | SLOW    |     2.340 | FAST    |
S_B_i[0][3][4] | S_C_o[6][3][7] |     4.571 | SLOW    |     2.377 | FAST    |
S_B_i[0][3][4] | S_C_o[7][3][4] |     4.261 | SLOW    |     2.209 | FAST    |
S_B_i[0][3][4] | S_C_o[7][3][5] |     4.484 | SLOW    |     2.326 | FAST    |
S_B_i[0][3][4] | S_C_o[7][3][6] |     4.506 | SLOW    |     2.340 | FAST    |
S_B_i[0][3][4] | S_C_o[7][3][7] |     4.571 | SLOW    |     2.377 | FAST    |
S_B_i[0][3][5] | S_C_o[0][3][5] |     4.270 | SLOW    |     2.213 | FAST    |
S_B_i[0][3][5] | S_C_o[0][3][6] |     4.287 | SLOW    |     2.219 | FAST    |
S_B_i[0][3][5] | S_C_o[0][3][7] |     4.265 | SLOW    |     2.205 | FAST    |
S_B_i[0][3][5] | S_C_o[1][3][5] |     4.270 | SLOW    |     2.213 | FAST    |
S_B_i[0][3][5] | S_C_o[1][3][6] |     4.287 | SLOW    |     2.219 | FAST    |
S_B_i[0][3][5] | S_C_o[1][3][7] |     4.265 | SLOW    |     2.205 | FAST    |
S_B_i[0][3][5] | S_C_o[2][3][5] |     4.270 | SLOW    |     2.213 | FAST    |
S_B_i[0][3][5] | S_C_o[2][3][6] |     4.287 | SLOW    |     2.219 | FAST    |
S_B_i[0][3][5] | S_C_o[2][3][7] |     4.265 | SLOW    |     2.205 | FAST    |
S_B_i[0][3][5] | S_C_o[3][3][5] |     4.270 | SLOW    |     2.213 | FAST    |
S_B_i[0][3][5] | S_C_o[3][3][6] |     4.287 | SLOW    |     2.219 | FAST    |
S_B_i[0][3][5] | S_C_o[3][3][7] |     4.265 | SLOW    |     2.205 | FAST    |
S_B_i[0][3][5] | S_C_o[4][3][5] |     4.270 | SLOW    |     2.213 | FAST    |
S_B_i[0][3][5] | S_C_o[4][3][6] |     4.287 | SLOW    |     2.219 | FAST    |
S_B_i[0][3][5] | S_C_o[4][3][7] |     4.265 | SLOW    |     2.205 | FAST    |
S_B_i[0][3][5] | S_C_o[5][3][5] |     4.270 | SLOW    |     2.213 | FAST    |
S_B_i[0][3][5] | S_C_o[5][3][6] |     4.287 | SLOW    |     2.219 | FAST    |
S_B_i[0][3][5] | S_C_o[5][3][7] |     4.265 | SLOW    |     2.205 | FAST    |
S_B_i[0][3][5] | S_C_o[6][3][5] |     4.270 | SLOW    |     2.213 | FAST    |
S_B_i[0][3][5] | S_C_o[6][3][6] |     4.287 | SLOW    |     2.219 | FAST    |
S_B_i[0][3][5] | S_C_o[6][3][7] |     4.265 | SLOW    |     2.205 | FAST    |
S_B_i[0][3][5] | S_C_o[7][3][5] |     4.270 | SLOW    |     2.213 | FAST    |
S_B_i[0][3][5] | S_C_o[7][3][6] |     4.287 | SLOW    |     2.219 | FAST    |
S_B_i[0][3][5] | S_C_o[7][3][7] |     4.265 | SLOW    |     2.205 | FAST    |
S_B_i[0][3][6] | S_C_o[0][3][6] |     4.292 | SLOW    |     2.229 | FAST    |
S_B_i[0][3][6] | S_C_o[0][3][7] |     4.261 | SLOW    |     2.209 | FAST    |
S_B_i[0][3][6] | S_C_o[1][3][6] |     4.292 | SLOW    |     2.229 | FAST    |
S_B_i[0][3][6] | S_C_o[1][3][7] |     4.261 | SLOW    |     2.209 | FAST    |
S_B_i[0][3][6] | S_C_o[2][3][6] |     4.292 | SLOW    |     2.229 | FAST    |
S_B_i[0][3][6] | S_C_o[2][3][7] |     4.261 | SLOW    |     2.209 | FAST    |
S_B_i[0][3][6] | S_C_o[3][3][6] |     4.292 | SLOW    |     2.229 | FAST    |
S_B_i[0][3][6] | S_C_o[3][3][7] |     4.261 | SLOW    |     2.209 | FAST    |
S_B_i[0][3][6] | S_C_o[4][3][6] |     4.292 | SLOW    |     2.229 | FAST    |
S_B_i[0][3][6] | S_C_o[4][3][7] |     4.261 | SLOW    |     2.209 | FAST    |
S_B_i[0][3][6] | S_C_o[5][3][6] |     4.292 | SLOW    |     2.229 | FAST    |
S_B_i[0][3][6] | S_C_o[5][3][7] |     4.261 | SLOW    |     2.209 | FAST    |
S_B_i[0][3][6] | S_C_o[6][3][6] |     4.292 | SLOW    |     2.229 | FAST    |
S_B_i[0][3][6] | S_C_o[6][3][7] |     4.261 | SLOW    |     2.209 | FAST    |
S_B_i[0][3][6] | S_C_o[7][3][6] |     4.292 | SLOW    |     2.229 | FAST    |
S_B_i[0][3][6] | S_C_o[7][3][7] |     4.261 | SLOW    |     2.209 | FAST    |
S_B_i[0][3][7] | S_C_o[0][3][7] |     4.444 | SLOW    |     2.314 | FAST    |
S_B_i[0][3][7] | S_C_o[1][3][7] |     4.444 | SLOW    |     2.314 | FAST    |
S_B_i[0][3][7] | S_C_o[2][3][7] |     4.444 | SLOW    |     2.314 | FAST    |
S_B_i[0][3][7] | S_C_o[3][3][7] |     4.444 | SLOW    |     2.314 | FAST    |
S_B_i[0][3][7] | S_C_o[4][3][7] |     4.444 | SLOW    |     2.314 | FAST    |
S_B_i[0][3][7] | S_C_o[5][3][7] |     4.444 | SLOW    |     2.314 | FAST    |
S_B_i[0][3][7] | S_C_o[6][3][7] |     4.444 | SLOW    |     2.314 | FAST    |
S_B_i[0][3][7] | S_C_o[7][3][7] |     4.444 | SLOW    |     2.314 | FAST    |
S_B_i[0][4][0] | S_C_o[0][4][0] |     4.277 | SLOW    |     2.217 | FAST    |
S_B_i[0][4][0] | S_C_o[0][4][1] |     4.294 | SLOW    |     2.223 | FAST    |
S_B_i[0][4][0] | S_C_o[0][4][2] |     4.272 | SLOW    |     2.209 | FAST    |
S_B_i[0][4][0] | S_C_o[0][4][3] |     4.510 | SLOW    |     2.337 | FAST    |
S_B_i[0][4][0] | S_C_o[0][4][4] |     4.510 | SLOW    |     2.337 | FAST    |
S_B_i[0][4][0] | S_C_o[0][4][5] |     4.738 | SLOW    |     2.462 | FAST    |
S_B_i[0][4][0] | S_C_o[0][4][6] |     4.760 | SLOW    |     2.476 | FAST    |
S_B_i[0][4][0] | S_C_o[0][4][7] |     4.825 | SLOW    |     2.513 | FAST    |
S_B_i[0][4][0] | S_C_o[1][4][0] |     4.277 | SLOW    |     2.217 | FAST    |
S_B_i[0][4][0] | S_C_o[1][4][1] |     4.294 | SLOW    |     2.223 | FAST    |
S_B_i[0][4][0] | S_C_o[1][4][2] |     4.272 | SLOW    |     2.209 | FAST    |
S_B_i[0][4][0] | S_C_o[1][4][3] |     4.510 | SLOW    |     2.337 | FAST    |
S_B_i[0][4][0] | S_C_o[1][4][4] |     4.510 | SLOW    |     2.337 | FAST    |
S_B_i[0][4][0] | S_C_o[1][4][5] |     4.738 | SLOW    |     2.462 | FAST    |
S_B_i[0][4][0] | S_C_o[1][4][6] |     4.760 | SLOW    |     2.476 | FAST    |
S_B_i[0][4][0] | S_C_o[1][4][7] |     4.825 | SLOW    |     2.513 | FAST    |
S_B_i[0][4][0] | S_C_o[2][4][0] |     4.277 | SLOW    |     2.217 | FAST    |
S_B_i[0][4][0] | S_C_o[2][4][1] |     4.294 | SLOW    |     2.223 | FAST    |
S_B_i[0][4][0] | S_C_o[2][4][2] |     4.272 | SLOW    |     2.209 | FAST    |
S_B_i[0][4][0] | S_C_o[2][4][3] |     4.510 | SLOW    |     2.337 | FAST    |
S_B_i[0][4][0] | S_C_o[2][4][4] |     4.510 | SLOW    |     2.337 | FAST    |
S_B_i[0][4][0] | S_C_o[2][4][5] |     4.738 | SLOW    |     2.462 | FAST    |
S_B_i[0][4][0] | S_C_o[2][4][6] |     4.760 | SLOW    |     2.476 | FAST    |
S_B_i[0][4][0] | S_C_o[2][4][7] |     4.825 | SLOW    |     2.513 | FAST    |
S_B_i[0][4][0] | S_C_o[3][4][0] |     4.277 | SLOW    |     2.217 | FAST    |
S_B_i[0][4][0] | S_C_o[3][4][1] |     4.294 | SLOW    |     2.223 | FAST    |
S_B_i[0][4][0] | S_C_o[3][4][2] |     4.272 | SLOW    |     2.209 | FAST    |
S_B_i[0][4][0] | S_C_o[3][4][3] |     4.510 | SLOW    |     2.337 | FAST    |
S_B_i[0][4][0] | S_C_o[3][4][4] |     4.510 | SLOW    |     2.337 | FAST    |
S_B_i[0][4][0] | S_C_o[3][4][5] |     4.738 | SLOW    |     2.462 | FAST    |
S_B_i[0][4][0] | S_C_o[3][4][6] |     4.760 | SLOW    |     2.476 | FAST    |
S_B_i[0][4][0] | S_C_o[3][4][7] |     4.825 | SLOW    |     2.513 | FAST    |
S_B_i[0][4][0] | S_C_o[4][4][0] |     4.277 | SLOW    |     2.217 | FAST    |
S_B_i[0][4][0] | S_C_o[4][4][1] |     4.294 | SLOW    |     2.223 | FAST    |
S_B_i[0][4][0] | S_C_o[4][4][2] |     4.272 | SLOW    |     2.209 | FAST    |
S_B_i[0][4][0] | S_C_o[4][4][3] |     4.510 | SLOW    |     2.337 | FAST    |
S_B_i[0][4][0] | S_C_o[4][4][4] |     4.510 | SLOW    |     2.337 | FAST    |
S_B_i[0][4][0] | S_C_o[4][4][5] |     4.738 | SLOW    |     2.462 | FAST    |
S_B_i[0][4][0] | S_C_o[4][4][6] |     4.760 | SLOW    |     2.476 | FAST    |
S_B_i[0][4][0] | S_C_o[4][4][7] |     4.825 | SLOW    |     2.513 | FAST    |
S_B_i[0][4][0] | S_C_o[5][4][0] |     4.277 | SLOW    |     2.217 | FAST    |
S_B_i[0][4][0] | S_C_o[5][4][1] |     4.294 | SLOW    |     2.223 | FAST    |
S_B_i[0][4][0] | S_C_o[5][4][2] |     4.272 | SLOW    |     2.209 | FAST    |
S_B_i[0][4][0] | S_C_o[5][4][3] |     4.510 | SLOW    |     2.337 | FAST    |
S_B_i[0][4][0] | S_C_o[5][4][4] |     4.510 | SLOW    |     2.337 | FAST    |
S_B_i[0][4][0] | S_C_o[5][4][5] |     4.738 | SLOW    |     2.462 | FAST    |
S_B_i[0][4][0] | S_C_o[5][4][6] |     4.760 | SLOW    |     2.476 | FAST    |
S_B_i[0][4][0] | S_C_o[5][4][7] |     4.825 | SLOW    |     2.513 | FAST    |
S_B_i[0][4][0] | S_C_o[6][4][0] |     4.277 | SLOW    |     2.217 | FAST    |
S_B_i[0][4][0] | S_C_o[6][4][1] |     4.294 | SLOW    |     2.223 | FAST    |
S_B_i[0][4][0] | S_C_o[6][4][2] |     4.272 | SLOW    |     2.209 | FAST    |
S_B_i[0][4][0] | S_C_o[6][4][3] |     4.510 | SLOW    |     2.337 | FAST    |
S_B_i[0][4][0] | S_C_o[6][4][4] |     4.510 | SLOW    |     2.337 | FAST    |
S_B_i[0][4][0] | S_C_o[6][4][5] |     4.738 | SLOW    |     2.462 | FAST    |
S_B_i[0][4][0] | S_C_o[6][4][6] |     4.760 | SLOW    |     2.476 | FAST    |
S_B_i[0][4][0] | S_C_o[6][4][7] |     4.825 | SLOW    |     2.513 | FAST    |
S_B_i[0][4][0] | S_C_o[7][4][0] |     4.277 | SLOW    |     2.217 | FAST    |
S_B_i[0][4][0] | S_C_o[7][4][1] |     4.294 | SLOW    |     2.223 | FAST    |
S_B_i[0][4][0] | S_C_o[7][4][2] |     4.272 | SLOW    |     2.209 | FAST    |
S_B_i[0][4][0] | S_C_o[7][4][3] |     4.510 | SLOW    |     2.337 | FAST    |
S_B_i[0][4][0] | S_C_o[7][4][4] |     4.510 | SLOW    |     2.337 | FAST    |
S_B_i[0][4][0] | S_C_o[7][4][5] |     4.738 | SLOW    |     2.462 | FAST    |
S_B_i[0][4][0] | S_C_o[7][4][6] |     4.760 | SLOW    |     2.476 | FAST    |
S_B_i[0][4][0] | S_C_o[7][4][7] |     4.825 | SLOW    |     2.513 | FAST    |
S_B_i[0][4][1] | S_C_o[0][4][1] |     4.301 | SLOW    |     2.233 | FAST    |
S_B_i[0][4][1] | S_C_o[0][4][2] |     4.265 | SLOW    |     2.205 | FAST    |
S_B_i[0][4][1] | S_C_o[0][4][3] |     4.476 | SLOW    |     2.324 | FAST    |
S_B_i[0][4][1] | S_C_o[0][4][4] |     4.476 | SLOW    |     2.324 | FAST    |
S_B_i[0][4][1] | S_C_o[0][4][5] |     4.704 | SLOW    |     2.449 | FAST    |
S_B_i[0][4][1] | S_C_o[0][4][6] |     4.726 | SLOW    |     2.463 | FAST    |
S_B_i[0][4][1] | S_C_o[0][4][7] |     4.791 | SLOW    |     2.500 | FAST    |
S_B_i[0][4][1] | S_C_o[1][4][1] |     4.301 | SLOW    |     2.233 | FAST    |
S_B_i[0][4][1] | S_C_o[1][4][2] |     4.265 | SLOW    |     2.205 | FAST    |
S_B_i[0][4][1] | S_C_o[1][4][3] |     4.476 | SLOW    |     2.324 | FAST    |
S_B_i[0][4][1] | S_C_o[1][4][4] |     4.476 | SLOW    |     2.324 | FAST    |
S_B_i[0][4][1] | S_C_o[1][4][5] |     4.704 | SLOW    |     2.449 | FAST    |
S_B_i[0][4][1] | S_C_o[1][4][6] |     4.726 | SLOW    |     2.463 | FAST    |
S_B_i[0][4][1] | S_C_o[1][4][7] |     4.791 | SLOW    |     2.500 | FAST    |
S_B_i[0][4][1] | S_C_o[2][4][1] |     4.301 | SLOW    |     2.233 | FAST    |
S_B_i[0][4][1] | S_C_o[2][4][2] |     4.265 | SLOW    |     2.205 | FAST    |
S_B_i[0][4][1] | S_C_o[2][4][3] |     4.476 | SLOW    |     2.324 | FAST    |
S_B_i[0][4][1] | S_C_o[2][4][4] |     4.476 | SLOW    |     2.324 | FAST    |
S_B_i[0][4][1] | S_C_o[2][4][5] |     4.704 | SLOW    |     2.449 | FAST    |
S_B_i[0][4][1] | S_C_o[2][4][6] |     4.726 | SLOW    |     2.463 | FAST    |
S_B_i[0][4][1] | S_C_o[2][4][7] |     4.791 | SLOW    |     2.500 | FAST    |
S_B_i[0][4][1] | S_C_o[3][4][1] |     4.301 | SLOW    |     2.233 | FAST    |
S_B_i[0][4][1] | S_C_o[3][4][2] |     4.265 | SLOW    |     2.205 | FAST    |
S_B_i[0][4][1] | S_C_o[3][4][3] |     4.476 | SLOW    |     2.324 | FAST    |
S_B_i[0][4][1] | S_C_o[3][4][4] |     4.476 | SLOW    |     2.324 | FAST    |
S_B_i[0][4][1] | S_C_o[3][4][5] |     4.704 | SLOW    |     2.449 | FAST    |
S_B_i[0][4][1] | S_C_o[3][4][6] |     4.726 | SLOW    |     2.463 | FAST    |
S_B_i[0][4][1] | S_C_o[3][4][7] |     4.791 | SLOW    |     2.500 | FAST    |
S_B_i[0][4][1] | S_C_o[4][4][1] |     4.301 | SLOW    |     2.233 | FAST    |
S_B_i[0][4][1] | S_C_o[4][4][2] |     4.265 | SLOW    |     2.205 | FAST    |
S_B_i[0][4][1] | S_C_o[4][4][3] |     4.476 | SLOW    |     2.324 | FAST    |
S_B_i[0][4][1] | S_C_o[4][4][4] |     4.476 | SLOW    |     2.324 | FAST    |
S_B_i[0][4][1] | S_C_o[4][4][5] |     4.704 | SLOW    |     2.449 | FAST    |
S_B_i[0][4][1] | S_C_o[4][4][6] |     4.726 | SLOW    |     2.463 | FAST    |
S_B_i[0][4][1] | S_C_o[4][4][7] |     4.791 | SLOW    |     2.500 | FAST    |
S_B_i[0][4][1] | S_C_o[5][4][1] |     4.301 | SLOW    |     2.233 | FAST    |
S_B_i[0][4][1] | S_C_o[5][4][2] |     4.265 | SLOW    |     2.205 | FAST    |
S_B_i[0][4][1] | S_C_o[5][4][3] |     4.476 | SLOW    |     2.324 | FAST    |
S_B_i[0][4][1] | S_C_o[5][4][4] |     4.476 | SLOW    |     2.324 | FAST    |
S_B_i[0][4][1] | S_C_o[5][4][5] |     4.704 | SLOW    |     2.449 | FAST    |
S_B_i[0][4][1] | S_C_o[5][4][6] |     4.726 | SLOW    |     2.463 | FAST    |
S_B_i[0][4][1] | S_C_o[5][4][7] |     4.791 | SLOW    |     2.500 | FAST    |
S_B_i[0][4][1] | S_C_o[6][4][1] |     4.301 | SLOW    |     2.233 | FAST    |
S_B_i[0][4][1] | S_C_o[6][4][2] |     4.265 | SLOW    |     2.205 | FAST    |
S_B_i[0][4][1] | S_C_o[6][4][3] |     4.476 | SLOW    |     2.324 | FAST    |
S_B_i[0][4][1] | S_C_o[6][4][4] |     4.476 | SLOW    |     2.324 | FAST    |
S_B_i[0][4][1] | S_C_o[6][4][5] |     4.704 | SLOW    |     2.449 | FAST    |
S_B_i[0][4][1] | S_C_o[6][4][6] |     4.726 | SLOW    |     2.463 | FAST    |
S_B_i[0][4][1] | S_C_o[6][4][7] |     4.791 | SLOW    |     2.500 | FAST    |
S_B_i[0][4][1] | S_C_o[7][4][1] |     4.301 | SLOW    |     2.233 | FAST    |
S_B_i[0][4][1] | S_C_o[7][4][2] |     4.265 | SLOW    |     2.205 | FAST    |
S_B_i[0][4][1] | S_C_o[7][4][3] |     4.476 | SLOW    |     2.324 | FAST    |
S_B_i[0][4][1] | S_C_o[7][4][4] |     4.476 | SLOW    |     2.324 | FAST    |
S_B_i[0][4][1] | S_C_o[7][4][5] |     4.704 | SLOW    |     2.449 | FAST    |
S_B_i[0][4][1] | S_C_o[7][4][6] |     4.726 | SLOW    |     2.463 | FAST    |
S_B_i[0][4][1] | S_C_o[7][4][7] |     4.791 | SLOW    |     2.500 | FAST    |
S_B_i[0][4][2] | S_C_o[0][4][2] |     4.261 | SLOW    |     2.209 | FAST    |
S_B_i[0][4][2] | S_C_o[0][4][3] |     4.462 | SLOW    |     2.312 | FAST    |
S_B_i[0][4][2] | S_C_o[0][4][4] |     4.462 | SLOW    |     2.312 | FAST    |
S_B_i[0][4][2] | S_C_o[0][4][5] |     4.690 | SLOW    |     2.437 | FAST    |
S_B_i[0][4][2] | S_C_o[0][4][6] |     4.712 | SLOW    |     2.451 | FAST    |
S_B_i[0][4][2] | S_C_o[0][4][7] |     4.777 | SLOW    |     2.488 | FAST    |
S_B_i[0][4][2] | S_C_o[1][4][2] |     4.261 | SLOW    |     2.209 | FAST    |
S_B_i[0][4][2] | S_C_o[1][4][3] |     4.462 | SLOW    |     2.312 | FAST    |
S_B_i[0][4][2] | S_C_o[1][4][4] |     4.462 | SLOW    |     2.312 | FAST    |
S_B_i[0][4][2] | S_C_o[1][4][5] |     4.690 | SLOW    |     2.437 | FAST    |
S_B_i[0][4][2] | S_C_o[1][4][6] |     4.712 | SLOW    |     2.451 | FAST    |
S_B_i[0][4][2] | S_C_o[1][4][7] |     4.777 | SLOW    |     2.488 | FAST    |
S_B_i[0][4][2] | S_C_o[2][4][2] |     4.261 | SLOW    |     2.209 | FAST    |
S_B_i[0][4][2] | S_C_o[2][4][3] |     4.462 | SLOW    |     2.312 | FAST    |
S_B_i[0][4][2] | S_C_o[2][4][4] |     4.462 | SLOW    |     2.312 | FAST    |
S_B_i[0][4][2] | S_C_o[2][4][5] |     4.690 | SLOW    |     2.437 | FAST    |
S_B_i[0][4][2] | S_C_o[2][4][6] |     4.712 | SLOW    |     2.451 | FAST    |
S_B_i[0][4][2] | S_C_o[2][4][7] |     4.777 | SLOW    |     2.488 | FAST    |
S_B_i[0][4][2] | S_C_o[3][4][2] |     4.261 | SLOW    |     2.209 | FAST    |
S_B_i[0][4][2] | S_C_o[3][4][3] |     4.462 | SLOW    |     2.312 | FAST    |
S_B_i[0][4][2] | S_C_o[3][4][4] |     4.462 | SLOW    |     2.312 | FAST    |
S_B_i[0][4][2] | S_C_o[3][4][5] |     4.690 | SLOW    |     2.437 | FAST    |
S_B_i[0][4][2] | S_C_o[3][4][6] |     4.712 | SLOW    |     2.451 | FAST    |
S_B_i[0][4][2] | S_C_o[3][4][7] |     4.777 | SLOW    |     2.488 | FAST    |
S_B_i[0][4][2] | S_C_o[4][4][2] |     4.261 | SLOW    |     2.209 | FAST    |
S_B_i[0][4][2] | S_C_o[4][4][3] |     4.462 | SLOW    |     2.312 | FAST    |
S_B_i[0][4][2] | S_C_o[4][4][4] |     4.462 | SLOW    |     2.312 | FAST    |
S_B_i[0][4][2] | S_C_o[4][4][5] |     4.690 | SLOW    |     2.437 | FAST    |
S_B_i[0][4][2] | S_C_o[4][4][6] |     4.712 | SLOW    |     2.451 | FAST    |
S_B_i[0][4][2] | S_C_o[4][4][7] |     4.777 | SLOW    |     2.488 | FAST    |
S_B_i[0][4][2] | S_C_o[5][4][2] |     4.261 | SLOW    |     2.209 | FAST    |
S_B_i[0][4][2] | S_C_o[5][4][3] |     4.462 | SLOW    |     2.312 | FAST    |
S_B_i[0][4][2] | S_C_o[5][4][4] |     4.462 | SLOW    |     2.312 | FAST    |
S_B_i[0][4][2] | S_C_o[5][4][5] |     4.690 | SLOW    |     2.437 | FAST    |
S_B_i[0][4][2] | S_C_o[5][4][6] |     4.712 | SLOW    |     2.451 | FAST    |
S_B_i[0][4][2] | S_C_o[5][4][7] |     4.777 | SLOW    |     2.488 | FAST    |
S_B_i[0][4][2] | S_C_o[6][4][2] |     4.261 | SLOW    |     2.209 | FAST    |
S_B_i[0][4][2] | S_C_o[6][4][3] |     4.462 | SLOW    |     2.312 | FAST    |
S_B_i[0][4][2] | S_C_o[6][4][4] |     4.462 | SLOW    |     2.312 | FAST    |
S_B_i[0][4][2] | S_C_o[6][4][5] |     4.690 | SLOW    |     2.437 | FAST    |
S_B_i[0][4][2] | S_C_o[6][4][6] |     4.712 | SLOW    |     2.451 | FAST    |
S_B_i[0][4][2] | S_C_o[6][4][7] |     4.777 | SLOW    |     2.488 | FAST    |
S_B_i[0][4][2] | S_C_o[7][4][2] |     4.261 | SLOW    |     2.209 | FAST    |
S_B_i[0][4][2] | S_C_o[7][4][3] |     4.462 | SLOW    |     2.312 | FAST    |
S_B_i[0][4][2] | S_C_o[7][4][4] |     4.462 | SLOW    |     2.312 | FAST    |
S_B_i[0][4][2] | S_C_o[7][4][5] |     4.690 | SLOW    |     2.437 | FAST    |
S_B_i[0][4][2] | S_C_o[7][4][6] |     4.712 | SLOW    |     2.451 | FAST    |
S_B_i[0][4][2] | S_C_o[7][4][7] |     4.777 | SLOW    |     2.488 | FAST    |
S_B_i[0][4][3] | S_C_o[0][4][3] |     4.270 | SLOW    |     2.213 | FAST    |
S_B_i[0][4][3] | S_C_o[0][4][4] |     4.265 | SLOW    |     2.205 | FAST    |
S_B_i[0][4][3] | S_C_o[0][4][5] |     4.507 | SLOW    |     2.344 | FAST    |
S_B_i[0][4][3] | S_C_o[0][4][6] |     4.529 | SLOW    |     2.358 | FAST    |
S_B_i[0][4][3] | S_C_o[0][4][7] |     4.594 | SLOW    |     2.395 | FAST    |
S_B_i[0][4][3] | S_C_o[1][4][3] |     4.270 | SLOW    |     2.213 | FAST    |
S_B_i[0][4][3] | S_C_o[1][4][4] |     4.265 | SLOW    |     2.205 | FAST    |
S_B_i[0][4][3] | S_C_o[1][4][5] |     4.507 | SLOW    |     2.344 | FAST    |
S_B_i[0][4][3] | S_C_o[1][4][6] |     4.529 | SLOW    |     2.358 | FAST    |
S_B_i[0][4][3] | S_C_o[1][4][7] |     4.594 | SLOW    |     2.395 | FAST    |
S_B_i[0][4][3] | S_C_o[2][4][3] |     4.270 | SLOW    |     2.213 | FAST    |
S_B_i[0][4][3] | S_C_o[2][4][4] |     4.265 | SLOW    |     2.205 | FAST    |
S_B_i[0][4][3] | S_C_o[2][4][5] |     4.507 | SLOW    |     2.344 | FAST    |
S_B_i[0][4][3] | S_C_o[2][4][6] |     4.529 | SLOW    |     2.358 | FAST    |
S_B_i[0][4][3] | S_C_o[2][4][7] |     4.594 | SLOW    |     2.395 | FAST    |
S_B_i[0][4][3] | S_C_o[3][4][3] |     4.270 | SLOW    |     2.213 | FAST    |
S_B_i[0][4][3] | S_C_o[3][4][4] |     4.265 | SLOW    |     2.205 | FAST    |
S_B_i[0][4][3] | S_C_o[3][4][5] |     4.507 | SLOW    |     2.344 | FAST    |
S_B_i[0][4][3] | S_C_o[3][4][6] |     4.529 | SLOW    |     2.358 | FAST    |
S_B_i[0][4][3] | S_C_o[3][4][7] |     4.594 | SLOW    |     2.395 | FAST    |
S_B_i[0][4][3] | S_C_o[4][4][3] |     4.270 | SLOW    |     2.213 | FAST    |
S_B_i[0][4][3] | S_C_o[4][4][4] |     4.265 | SLOW    |     2.205 | FAST    |
S_B_i[0][4][3] | S_C_o[4][4][5] |     4.507 | SLOW    |     2.344 | FAST    |
S_B_i[0][4][3] | S_C_o[4][4][6] |     4.529 | SLOW    |     2.358 | FAST    |
S_B_i[0][4][3] | S_C_o[4][4][7] |     4.594 | SLOW    |     2.395 | FAST    |
S_B_i[0][4][3] | S_C_o[5][4][3] |     4.270 | SLOW    |     2.213 | FAST    |
S_B_i[0][4][3] | S_C_o[5][4][4] |     4.265 | SLOW    |     2.205 | FAST    |
S_B_i[0][4][3] | S_C_o[5][4][5] |     4.507 | SLOW    |     2.344 | FAST    |
S_B_i[0][4][3] | S_C_o[5][4][6] |     4.529 | SLOW    |     2.358 | FAST    |
S_B_i[0][4][3] | S_C_o[5][4][7] |     4.594 | SLOW    |     2.395 | FAST    |
S_B_i[0][4][3] | S_C_o[6][4][3] |     4.270 | SLOW    |     2.213 | FAST    |
S_B_i[0][4][3] | S_C_o[6][4][4] |     4.265 | SLOW    |     2.205 | FAST    |
S_B_i[0][4][3] | S_C_o[6][4][5] |     4.507 | SLOW    |     2.344 | FAST    |
S_B_i[0][4][3] | S_C_o[6][4][6] |     4.529 | SLOW    |     2.358 | FAST    |
S_B_i[0][4][3] | S_C_o[6][4][7] |     4.594 | SLOW    |     2.395 | FAST    |
S_B_i[0][4][3] | S_C_o[7][4][3] |     4.270 | SLOW    |     2.213 | FAST    |
S_B_i[0][4][3] | S_C_o[7][4][4] |     4.265 | SLOW    |     2.205 | FAST    |
S_B_i[0][4][3] | S_C_o[7][4][5] |     4.507 | SLOW    |     2.344 | FAST    |
S_B_i[0][4][3] | S_C_o[7][4][6] |     4.529 | SLOW    |     2.358 | FAST    |
S_B_i[0][4][3] | S_C_o[7][4][7] |     4.594 | SLOW    |     2.395 | FAST    |
S_B_i[0][4][4] | S_C_o[0][4][4] |     4.261 | SLOW    |     2.209 | FAST    |
S_B_i[0][4][4] | S_C_o[0][4][5] |     4.484 | SLOW    |     2.326 | FAST    |
S_B_i[0][4][4] | S_C_o[0][4][6] |     4.506 | SLOW    |     2.340 | FAST    |
S_B_i[0][4][4] | S_C_o[0][4][7] |     4.571 | SLOW    |     2.377 | FAST    |
S_B_i[0][4][4] | S_C_o[1][4][4] |     4.261 | SLOW    |     2.209 | FAST    |
S_B_i[0][4][4] | S_C_o[1][4][5] |     4.484 | SLOW    |     2.326 | FAST    |
S_B_i[0][4][4] | S_C_o[1][4][6] |     4.506 | SLOW    |     2.340 | FAST    |
S_B_i[0][4][4] | S_C_o[1][4][7] |     4.571 | SLOW    |     2.377 | FAST    |
S_B_i[0][4][4] | S_C_o[2][4][4] |     4.261 | SLOW    |     2.209 | FAST    |
S_B_i[0][4][4] | S_C_o[2][4][5] |     4.484 | SLOW    |     2.326 | FAST    |
S_B_i[0][4][4] | S_C_o[2][4][6] |     4.506 | SLOW    |     2.340 | FAST    |
S_B_i[0][4][4] | S_C_o[2][4][7] |     4.571 | SLOW    |     2.377 | FAST    |
S_B_i[0][4][4] | S_C_o[3][4][4] |     4.261 | SLOW    |     2.209 | FAST    |
S_B_i[0][4][4] | S_C_o[3][4][5] |     4.484 | SLOW    |     2.326 | FAST    |
S_B_i[0][4][4] | S_C_o[3][4][6] |     4.506 | SLOW    |     2.340 | FAST    |
S_B_i[0][4][4] | S_C_o[3][4][7] |     4.571 | SLOW    |     2.377 | FAST    |
S_B_i[0][4][4] | S_C_o[4][4][4] |     4.261 | SLOW    |     2.209 | FAST    |
S_B_i[0][4][4] | S_C_o[4][4][5] |     4.484 | SLOW    |     2.326 | FAST    |
S_B_i[0][4][4] | S_C_o[4][4][6] |     4.506 | SLOW    |     2.340 | FAST    |
S_B_i[0][4][4] | S_C_o[4][4][7] |     4.571 | SLOW    |     2.377 | FAST    |
S_B_i[0][4][4] | S_C_o[5][4][4] |     4.261 | SLOW    |     2.209 | FAST    |
S_B_i[0][4][4] | S_C_o[5][4][5] |     4.484 | SLOW    |     2.326 | FAST    |
S_B_i[0][4][4] | S_C_o[5][4][6] |     4.506 | SLOW    |     2.340 | FAST    |
S_B_i[0][4][4] | S_C_o[5][4][7] |     4.571 | SLOW    |     2.377 | FAST    |
S_B_i[0][4][4] | S_C_o[6][4][4] |     4.261 | SLOW    |     2.209 | FAST    |
S_B_i[0][4][4] | S_C_o[6][4][5] |     4.484 | SLOW    |     2.326 | FAST    |
S_B_i[0][4][4] | S_C_o[6][4][6] |     4.506 | SLOW    |     2.340 | FAST    |
S_B_i[0][4][4] | S_C_o[6][4][7] |     4.571 | SLOW    |     2.377 | FAST    |
S_B_i[0][4][4] | S_C_o[7][4][4] |     4.261 | SLOW    |     2.209 | FAST    |
S_B_i[0][4][4] | S_C_o[7][4][5] |     4.484 | SLOW    |     2.326 | FAST    |
S_B_i[0][4][4] | S_C_o[7][4][6] |     4.506 | SLOW    |     2.340 | FAST    |
S_B_i[0][4][4] | S_C_o[7][4][7] |     4.571 | SLOW    |     2.377 | FAST    |
S_B_i[0][4][5] | S_C_o[0][4][5] |     4.270 | SLOW    |     2.213 | FAST    |
S_B_i[0][4][5] | S_C_o[0][4][6] |     4.287 | SLOW    |     2.219 | FAST    |
S_B_i[0][4][5] | S_C_o[0][4][7] |     4.265 | SLOW    |     2.205 | FAST    |
S_B_i[0][4][5] | S_C_o[1][4][5] |     4.270 | SLOW    |     2.213 | FAST    |
S_B_i[0][4][5] | S_C_o[1][4][6] |     4.287 | SLOW    |     2.219 | FAST    |
S_B_i[0][4][5] | S_C_o[1][4][7] |     4.265 | SLOW    |     2.205 | FAST    |
S_B_i[0][4][5] | S_C_o[2][4][5] |     4.270 | SLOW    |     2.213 | FAST    |
S_B_i[0][4][5] | S_C_o[2][4][6] |     4.287 | SLOW    |     2.219 | FAST    |
S_B_i[0][4][5] | S_C_o[2][4][7] |     4.265 | SLOW    |     2.205 | FAST    |
S_B_i[0][4][5] | S_C_o[3][4][5] |     4.270 | SLOW    |     2.213 | FAST    |
S_B_i[0][4][5] | S_C_o[3][4][6] |     4.287 | SLOW    |     2.219 | FAST    |
S_B_i[0][4][5] | S_C_o[3][4][7] |     4.265 | SLOW    |     2.205 | FAST    |
S_B_i[0][4][5] | S_C_o[4][4][5] |     4.270 | SLOW    |     2.213 | FAST    |
S_B_i[0][4][5] | S_C_o[4][4][6] |     4.287 | SLOW    |     2.219 | FAST    |
S_B_i[0][4][5] | S_C_o[4][4][7] |     4.265 | SLOW    |     2.205 | FAST    |
S_B_i[0][4][5] | S_C_o[5][4][5] |     4.270 | SLOW    |     2.213 | FAST    |
S_B_i[0][4][5] | S_C_o[5][4][6] |     4.287 | SLOW    |     2.219 | FAST    |
S_B_i[0][4][5] | S_C_o[5][4][7] |     4.265 | SLOW    |     2.205 | FAST    |
S_B_i[0][4][5] | S_C_o[6][4][5] |     4.270 | SLOW    |     2.213 | FAST    |
S_B_i[0][4][5] | S_C_o[6][4][6] |     4.287 | SLOW    |     2.219 | FAST    |
S_B_i[0][4][5] | S_C_o[6][4][7] |     4.265 | SLOW    |     2.205 | FAST    |
S_B_i[0][4][5] | S_C_o[7][4][5] |     4.270 | SLOW    |     2.213 | FAST    |
S_B_i[0][4][5] | S_C_o[7][4][6] |     4.287 | SLOW    |     2.219 | FAST    |
S_B_i[0][4][5] | S_C_o[7][4][7] |     4.265 | SLOW    |     2.205 | FAST    |
S_B_i[0][4][6] | S_C_o[0][4][6] |     4.292 | SLOW    |     2.229 | FAST    |
S_B_i[0][4][6] | S_C_o[0][4][7] |     4.261 | SLOW    |     2.209 | FAST    |
S_B_i[0][4][6] | S_C_o[1][4][6] |     4.292 | SLOW    |     2.229 | FAST    |
S_B_i[0][4][6] | S_C_o[1][4][7] |     4.261 | SLOW    |     2.209 | FAST    |
S_B_i[0][4][6] | S_C_o[2][4][6] |     4.292 | SLOW    |     2.229 | FAST    |
S_B_i[0][4][6] | S_C_o[2][4][7] |     4.261 | SLOW    |     2.209 | FAST    |
S_B_i[0][4][6] | S_C_o[3][4][6] |     4.292 | SLOW    |     2.229 | FAST    |
S_B_i[0][4][6] | S_C_o[3][4][7] |     4.261 | SLOW    |     2.209 | FAST    |
S_B_i[0][4][6] | S_C_o[4][4][6] |     4.292 | SLOW    |     2.229 | FAST    |
S_B_i[0][4][6] | S_C_o[4][4][7] |     4.261 | SLOW    |     2.209 | FAST    |
S_B_i[0][4][6] | S_C_o[5][4][6] |     4.292 | SLOW    |     2.229 | FAST    |
S_B_i[0][4][6] | S_C_o[5][4][7] |     4.261 | SLOW    |     2.209 | FAST    |
S_B_i[0][4][6] | S_C_o[6][4][6] |     4.292 | SLOW    |     2.229 | FAST    |
S_B_i[0][4][6] | S_C_o[6][4][7] |     4.261 | SLOW    |     2.209 | FAST    |
S_B_i[0][4][6] | S_C_o[7][4][6] |     4.292 | SLOW    |     2.229 | FAST    |
S_B_i[0][4][6] | S_C_o[7][4][7] |     4.261 | SLOW    |     2.209 | FAST    |
S_B_i[0][4][7] | S_C_o[0][4][7] |     4.444 | SLOW    |     2.314 | FAST    |
S_B_i[0][4][7] | S_C_o[1][4][7] |     4.444 | SLOW    |     2.314 | FAST    |
S_B_i[0][4][7] | S_C_o[2][4][7] |     4.444 | SLOW    |     2.314 | FAST    |
S_B_i[0][4][7] | S_C_o[3][4][7] |     4.444 | SLOW    |     2.314 | FAST    |
S_B_i[0][4][7] | S_C_o[4][4][7] |     4.444 | SLOW    |     2.314 | FAST    |
S_B_i[0][4][7] | S_C_o[5][4][7] |     4.444 | SLOW    |     2.314 | FAST    |
S_B_i[0][4][7] | S_C_o[6][4][7] |     4.444 | SLOW    |     2.314 | FAST    |
S_B_i[0][4][7] | S_C_o[7][4][7] |     4.444 | SLOW    |     2.314 | FAST    |
S_B_i[0][5][0] | S_C_o[0][5][0] |     4.277 | SLOW    |     2.217 | FAST    |
S_B_i[0][5][0] | S_C_o[0][5][1] |     4.294 | SLOW    |     2.223 | FAST    |
S_B_i[0][5][0] | S_C_o[0][5][2] |     4.272 | SLOW    |     2.209 | FAST    |
S_B_i[0][5][0] | S_C_o[0][5][3] |     4.510 | SLOW    |     2.337 | FAST    |
S_B_i[0][5][0] | S_C_o[0][5][4] |     4.510 | SLOW    |     2.337 | FAST    |
S_B_i[0][5][0] | S_C_o[0][5][5] |     4.738 | SLOW    |     2.462 | FAST    |
S_B_i[0][5][0] | S_C_o[0][5][6] |     4.760 | SLOW    |     2.476 | FAST    |
S_B_i[0][5][0] | S_C_o[0][5][7] |     4.825 | SLOW    |     2.513 | FAST    |
S_B_i[0][5][0] | S_C_o[1][5][0] |     4.277 | SLOW    |     2.217 | FAST    |
S_B_i[0][5][0] | S_C_o[1][5][1] |     4.294 | SLOW    |     2.223 | FAST    |
S_B_i[0][5][0] | S_C_o[1][5][2] |     4.272 | SLOW    |     2.209 | FAST    |
S_B_i[0][5][0] | S_C_o[1][5][3] |     4.510 | SLOW    |     2.337 | FAST    |
S_B_i[0][5][0] | S_C_o[1][5][4] |     4.510 | SLOW    |     2.337 | FAST    |
S_B_i[0][5][0] | S_C_o[1][5][5] |     4.738 | SLOW    |     2.462 | FAST    |
S_B_i[0][5][0] | S_C_o[1][5][6] |     4.760 | SLOW    |     2.476 | FAST    |
S_B_i[0][5][0] | S_C_o[1][5][7] |     4.825 | SLOW    |     2.513 | FAST    |
S_B_i[0][5][0] | S_C_o[2][5][0] |     4.277 | SLOW    |     2.217 | FAST    |
S_B_i[0][5][0] | S_C_o[2][5][1] |     4.294 | SLOW    |     2.223 | FAST    |
S_B_i[0][5][0] | S_C_o[2][5][2] |     4.272 | SLOW    |     2.209 | FAST    |
S_B_i[0][5][0] | S_C_o[2][5][3] |     4.510 | SLOW    |     2.337 | FAST    |
S_B_i[0][5][0] | S_C_o[2][5][4] |     4.510 | SLOW    |     2.337 | FAST    |
S_B_i[0][5][0] | S_C_o[2][5][5] |     4.738 | SLOW    |     2.462 | FAST    |
S_B_i[0][5][0] | S_C_o[2][5][6] |     4.760 | SLOW    |     2.476 | FAST    |
S_B_i[0][5][0] | S_C_o[2][5][7] |     4.825 | SLOW    |     2.513 | FAST    |
S_B_i[0][5][0] | S_C_o[3][5][0] |     4.277 | SLOW    |     2.217 | FAST    |
S_B_i[0][5][0] | S_C_o[3][5][1] |     4.294 | SLOW    |     2.223 | FAST    |
S_B_i[0][5][0] | S_C_o[3][5][2] |     4.272 | SLOW    |     2.209 | FAST    |
S_B_i[0][5][0] | S_C_o[3][5][3] |     4.510 | SLOW    |     2.337 | FAST    |
S_B_i[0][5][0] | S_C_o[3][5][4] |     4.510 | SLOW    |     2.337 | FAST    |
S_B_i[0][5][0] | S_C_o[3][5][5] |     4.738 | SLOW    |     2.462 | FAST    |
S_B_i[0][5][0] | S_C_o[3][5][6] |     4.760 | SLOW    |     2.476 | FAST    |
S_B_i[0][5][0] | S_C_o[3][5][7] |     4.825 | SLOW    |     2.513 | FAST    |
S_B_i[0][5][0] | S_C_o[4][5][0] |     4.277 | SLOW    |     2.217 | FAST    |
S_B_i[0][5][0] | S_C_o[4][5][1] |     4.294 | SLOW    |     2.223 | FAST    |
S_B_i[0][5][0] | S_C_o[4][5][2] |     4.272 | SLOW    |     2.209 | FAST    |
S_B_i[0][5][0] | S_C_o[4][5][3] |     4.510 | SLOW    |     2.337 | FAST    |
S_B_i[0][5][0] | S_C_o[4][5][4] |     4.510 | SLOW    |     2.337 | FAST    |
S_B_i[0][5][0] | S_C_o[4][5][5] |     4.738 | SLOW    |     2.462 | FAST    |
S_B_i[0][5][0] | S_C_o[4][5][6] |     4.760 | SLOW    |     2.476 | FAST    |
S_B_i[0][5][0] | S_C_o[4][5][7] |     4.825 | SLOW    |     2.513 | FAST    |
S_B_i[0][5][0] | S_C_o[5][5][0] |     4.277 | SLOW    |     2.217 | FAST    |
S_B_i[0][5][0] | S_C_o[5][5][1] |     4.294 | SLOW    |     2.223 | FAST    |
S_B_i[0][5][0] | S_C_o[5][5][2] |     4.272 | SLOW    |     2.209 | FAST    |
S_B_i[0][5][0] | S_C_o[5][5][3] |     4.510 | SLOW    |     2.337 | FAST    |
S_B_i[0][5][0] | S_C_o[5][5][4] |     4.510 | SLOW    |     2.337 | FAST    |
S_B_i[0][5][0] | S_C_o[5][5][5] |     4.738 | SLOW    |     2.462 | FAST    |
S_B_i[0][5][0] | S_C_o[5][5][6] |     4.760 | SLOW    |     2.476 | FAST    |
S_B_i[0][5][0] | S_C_o[5][5][7] |     4.825 | SLOW    |     2.513 | FAST    |
S_B_i[0][5][0] | S_C_o[6][5][0] |     4.277 | SLOW    |     2.217 | FAST    |
S_B_i[0][5][0] | S_C_o[6][5][1] |     4.294 | SLOW    |     2.223 | FAST    |
S_B_i[0][5][0] | S_C_o[6][5][2] |     4.272 | SLOW    |     2.209 | FAST    |
S_B_i[0][5][0] | S_C_o[6][5][3] |     4.510 | SLOW    |     2.337 | FAST    |
S_B_i[0][5][0] | S_C_o[6][5][4] |     4.510 | SLOW    |     2.337 | FAST    |
S_B_i[0][5][0] | S_C_o[6][5][5] |     4.738 | SLOW    |     2.462 | FAST    |
S_B_i[0][5][0] | S_C_o[6][5][6] |     4.760 | SLOW    |     2.476 | FAST    |
S_B_i[0][5][0] | S_C_o[6][5][7] |     4.825 | SLOW    |     2.513 | FAST    |
S_B_i[0][5][0] | S_C_o[7][5][0] |     4.277 | SLOW    |     2.217 | FAST    |
S_B_i[0][5][0] | S_C_o[7][5][1] |     4.294 | SLOW    |     2.223 | FAST    |
S_B_i[0][5][0] | S_C_o[7][5][2] |     4.272 | SLOW    |     2.209 | FAST    |
S_B_i[0][5][0] | S_C_o[7][5][3] |     4.510 | SLOW    |     2.337 | FAST    |
S_B_i[0][5][0] | S_C_o[7][5][4] |     4.510 | SLOW    |     2.337 | FAST    |
S_B_i[0][5][0] | S_C_o[7][5][5] |     4.738 | SLOW    |     2.462 | FAST    |
S_B_i[0][5][0] | S_C_o[7][5][6] |     4.760 | SLOW    |     2.476 | FAST    |
S_B_i[0][5][0] | S_C_o[7][5][7] |     4.825 | SLOW    |     2.513 | FAST    |
S_B_i[0][5][1] | S_C_o[0][5][1] |     4.301 | SLOW    |     2.233 | FAST    |
S_B_i[0][5][1] | S_C_o[0][5][2] |     4.265 | SLOW    |     2.205 | FAST    |
S_B_i[0][5][1] | S_C_o[0][5][3] |     4.476 | SLOW    |     2.324 | FAST    |
S_B_i[0][5][1] | S_C_o[0][5][4] |     4.476 | SLOW    |     2.324 | FAST    |
S_B_i[0][5][1] | S_C_o[0][5][5] |     4.704 | SLOW    |     2.449 | FAST    |
S_B_i[0][5][1] | S_C_o[0][5][6] |     4.726 | SLOW    |     2.463 | FAST    |
S_B_i[0][5][1] | S_C_o[0][5][7] |     4.791 | SLOW    |     2.500 | FAST    |
S_B_i[0][5][1] | S_C_o[1][5][1] |     4.301 | SLOW    |     2.233 | FAST    |
S_B_i[0][5][1] | S_C_o[1][5][2] |     4.265 | SLOW    |     2.205 | FAST    |
S_B_i[0][5][1] | S_C_o[1][5][3] |     4.476 | SLOW    |     2.324 | FAST    |
S_B_i[0][5][1] | S_C_o[1][5][4] |     4.476 | SLOW    |     2.324 | FAST    |
S_B_i[0][5][1] | S_C_o[1][5][5] |     4.704 | SLOW    |     2.449 | FAST    |
S_B_i[0][5][1] | S_C_o[1][5][6] |     4.726 | SLOW    |     2.463 | FAST    |
S_B_i[0][5][1] | S_C_o[1][5][7] |     4.791 | SLOW    |     2.500 | FAST    |
S_B_i[0][5][1] | S_C_o[2][5][1] |     4.301 | SLOW    |     2.233 | FAST    |
S_B_i[0][5][1] | S_C_o[2][5][2] |     4.265 | SLOW    |     2.205 | FAST    |
S_B_i[0][5][1] | S_C_o[2][5][3] |     4.476 | SLOW    |     2.324 | FAST    |
S_B_i[0][5][1] | S_C_o[2][5][4] |     4.476 | SLOW    |     2.324 | FAST    |
S_B_i[0][5][1] | S_C_o[2][5][5] |     4.704 | SLOW    |     2.449 | FAST    |
S_B_i[0][5][1] | S_C_o[2][5][6] |     4.726 | SLOW    |     2.463 | FAST    |
S_B_i[0][5][1] | S_C_o[2][5][7] |     4.791 | SLOW    |     2.500 | FAST    |
S_B_i[0][5][1] | S_C_o[3][5][1] |     4.301 | SLOW    |     2.233 | FAST    |
S_B_i[0][5][1] | S_C_o[3][5][2] |     4.265 | SLOW    |     2.205 | FAST    |
S_B_i[0][5][1] | S_C_o[3][5][3] |     4.476 | SLOW    |     2.324 | FAST    |
S_B_i[0][5][1] | S_C_o[3][5][4] |     4.476 | SLOW    |     2.324 | FAST    |
S_B_i[0][5][1] | S_C_o[3][5][5] |     4.704 | SLOW    |     2.449 | FAST    |
S_B_i[0][5][1] | S_C_o[3][5][6] |     4.726 | SLOW    |     2.463 | FAST    |
S_B_i[0][5][1] | S_C_o[3][5][7] |     4.791 | SLOW    |     2.500 | FAST    |
S_B_i[0][5][1] | S_C_o[4][5][1] |     4.301 | SLOW    |     2.233 | FAST    |
S_B_i[0][5][1] | S_C_o[4][5][2] |     4.265 | SLOW    |     2.205 | FAST    |
S_B_i[0][5][1] | S_C_o[4][5][3] |     4.476 | SLOW    |     2.324 | FAST    |
S_B_i[0][5][1] | S_C_o[4][5][4] |     4.476 | SLOW    |     2.324 | FAST    |
S_B_i[0][5][1] | S_C_o[4][5][5] |     4.704 | SLOW    |     2.449 | FAST    |
S_B_i[0][5][1] | S_C_o[4][5][6] |     4.726 | SLOW    |     2.463 | FAST    |
S_B_i[0][5][1] | S_C_o[4][5][7] |     4.791 | SLOW    |     2.500 | FAST    |
S_B_i[0][5][1] | S_C_o[5][5][1] |     4.301 | SLOW    |     2.233 | FAST    |
S_B_i[0][5][1] | S_C_o[5][5][2] |     4.265 | SLOW    |     2.205 | FAST    |
S_B_i[0][5][1] | S_C_o[5][5][3] |     4.476 | SLOW    |     2.324 | FAST    |
S_B_i[0][5][1] | S_C_o[5][5][4] |     4.476 | SLOW    |     2.324 | FAST    |
S_B_i[0][5][1] | S_C_o[5][5][5] |     4.704 | SLOW    |     2.449 | FAST    |
S_B_i[0][5][1] | S_C_o[5][5][6] |     4.726 | SLOW    |     2.463 | FAST    |
S_B_i[0][5][1] | S_C_o[5][5][7] |     4.791 | SLOW    |     2.500 | FAST    |
S_B_i[0][5][1] | S_C_o[6][5][1] |     4.301 | SLOW    |     2.233 | FAST    |
S_B_i[0][5][1] | S_C_o[6][5][2] |     4.265 | SLOW    |     2.205 | FAST    |
S_B_i[0][5][1] | S_C_o[6][5][3] |     4.476 | SLOW    |     2.324 | FAST    |
S_B_i[0][5][1] | S_C_o[6][5][4] |     4.476 | SLOW    |     2.324 | FAST    |
S_B_i[0][5][1] | S_C_o[6][5][5] |     4.704 | SLOW    |     2.449 | FAST    |
S_B_i[0][5][1] | S_C_o[6][5][6] |     4.726 | SLOW    |     2.463 | FAST    |
S_B_i[0][5][1] | S_C_o[6][5][7] |     4.791 | SLOW    |     2.500 | FAST    |
S_B_i[0][5][1] | S_C_o[7][5][1] |     4.301 | SLOW    |     2.233 | FAST    |
S_B_i[0][5][1] | S_C_o[7][5][2] |     4.265 | SLOW    |     2.205 | FAST    |
S_B_i[0][5][1] | S_C_o[7][5][3] |     4.476 | SLOW    |     2.324 | FAST    |
S_B_i[0][5][1] | S_C_o[7][5][4] |     4.476 | SLOW    |     2.324 | FAST    |
S_B_i[0][5][1] | S_C_o[7][5][5] |     4.704 | SLOW    |     2.449 | FAST    |
S_B_i[0][5][1] | S_C_o[7][5][6] |     4.726 | SLOW    |     2.463 | FAST    |
S_B_i[0][5][1] | S_C_o[7][5][7] |     4.791 | SLOW    |     2.500 | FAST    |
S_B_i[0][5][2] | S_C_o[0][5][2] |     4.261 | SLOW    |     2.209 | FAST    |
S_B_i[0][5][2] | S_C_o[0][5][3] |     4.462 | SLOW    |     2.312 | FAST    |
S_B_i[0][5][2] | S_C_o[0][5][4] |     4.462 | SLOW    |     2.312 | FAST    |
S_B_i[0][5][2] | S_C_o[0][5][5] |     4.690 | SLOW    |     2.437 | FAST    |
S_B_i[0][5][2] | S_C_o[0][5][6] |     4.712 | SLOW    |     2.451 | FAST    |
S_B_i[0][5][2] | S_C_o[0][5][7] |     4.777 | SLOW    |     2.488 | FAST    |
S_B_i[0][5][2] | S_C_o[1][5][2] |     4.261 | SLOW    |     2.209 | FAST    |
S_B_i[0][5][2] | S_C_o[1][5][3] |     4.462 | SLOW    |     2.312 | FAST    |
S_B_i[0][5][2] | S_C_o[1][5][4] |     4.462 | SLOW    |     2.312 | FAST    |
S_B_i[0][5][2] | S_C_o[1][5][5] |     4.690 | SLOW    |     2.437 | FAST    |
S_B_i[0][5][2] | S_C_o[1][5][6] |     4.712 | SLOW    |     2.451 | FAST    |
S_B_i[0][5][2] | S_C_o[1][5][7] |     4.777 | SLOW    |     2.488 | FAST    |
S_B_i[0][5][2] | S_C_o[2][5][2] |     4.261 | SLOW    |     2.209 | FAST    |
S_B_i[0][5][2] | S_C_o[2][5][3] |     4.462 | SLOW    |     2.312 | FAST    |
S_B_i[0][5][2] | S_C_o[2][5][4] |     4.462 | SLOW    |     2.312 | FAST    |
S_B_i[0][5][2] | S_C_o[2][5][5] |     4.690 | SLOW    |     2.437 | FAST    |
S_B_i[0][5][2] | S_C_o[2][5][6] |     4.712 | SLOW    |     2.451 | FAST    |
S_B_i[0][5][2] | S_C_o[2][5][7] |     4.777 | SLOW    |     2.488 | FAST    |
S_B_i[0][5][2] | S_C_o[3][5][2] |     4.261 | SLOW    |     2.209 | FAST    |
S_B_i[0][5][2] | S_C_o[3][5][3] |     4.462 | SLOW    |     2.312 | FAST    |
S_B_i[0][5][2] | S_C_o[3][5][4] |     4.462 | SLOW    |     2.312 | FAST    |
S_B_i[0][5][2] | S_C_o[3][5][5] |     4.690 | SLOW    |     2.437 | FAST    |
S_B_i[0][5][2] | S_C_o[3][5][6] |     4.712 | SLOW    |     2.451 | FAST    |
S_B_i[0][5][2] | S_C_o[3][5][7] |     4.777 | SLOW    |     2.488 | FAST    |
S_B_i[0][5][2] | S_C_o[4][5][2] |     4.261 | SLOW    |     2.209 | FAST    |
S_B_i[0][5][2] | S_C_o[4][5][3] |     4.462 | SLOW    |     2.312 | FAST    |
S_B_i[0][5][2] | S_C_o[4][5][4] |     4.462 | SLOW    |     2.312 | FAST    |
S_B_i[0][5][2] | S_C_o[4][5][5] |     4.690 | SLOW    |     2.437 | FAST    |
S_B_i[0][5][2] | S_C_o[4][5][6] |     4.712 | SLOW    |     2.451 | FAST    |
S_B_i[0][5][2] | S_C_o[4][5][7] |     4.777 | SLOW    |     2.488 | FAST    |
S_B_i[0][5][2] | S_C_o[5][5][2] |     4.261 | SLOW    |     2.209 | FAST    |
S_B_i[0][5][2] | S_C_o[5][5][3] |     4.462 | SLOW    |     2.312 | FAST    |
S_B_i[0][5][2] | S_C_o[5][5][4] |     4.462 | SLOW    |     2.312 | FAST    |
S_B_i[0][5][2] | S_C_o[5][5][5] |     4.690 | SLOW    |     2.437 | FAST    |
S_B_i[0][5][2] | S_C_o[5][5][6] |     4.712 | SLOW    |     2.451 | FAST    |
S_B_i[0][5][2] | S_C_o[5][5][7] |     4.777 | SLOW    |     2.488 | FAST    |
S_B_i[0][5][2] | S_C_o[6][5][2] |     4.261 | SLOW    |     2.209 | FAST    |
S_B_i[0][5][2] | S_C_o[6][5][3] |     4.462 | SLOW    |     2.312 | FAST    |
S_B_i[0][5][2] | S_C_o[6][5][4] |     4.462 | SLOW    |     2.312 | FAST    |
S_B_i[0][5][2] | S_C_o[6][5][5] |     4.690 | SLOW    |     2.437 | FAST    |
S_B_i[0][5][2] | S_C_o[6][5][6] |     4.712 | SLOW    |     2.451 | FAST    |
S_B_i[0][5][2] | S_C_o[6][5][7] |     4.777 | SLOW    |     2.488 | FAST    |
S_B_i[0][5][2] | S_C_o[7][5][2] |     4.261 | SLOW    |     2.209 | FAST    |
S_B_i[0][5][2] | S_C_o[7][5][3] |     4.462 | SLOW    |     2.312 | FAST    |
S_B_i[0][5][2] | S_C_o[7][5][4] |     4.462 | SLOW    |     2.312 | FAST    |
S_B_i[0][5][2] | S_C_o[7][5][5] |     4.690 | SLOW    |     2.437 | FAST    |
S_B_i[0][5][2] | S_C_o[7][5][6] |     4.712 | SLOW    |     2.451 | FAST    |
S_B_i[0][5][2] | S_C_o[7][5][7] |     4.777 | SLOW    |     2.488 | FAST    |
S_B_i[0][5][3] | S_C_o[0][5][3] |     4.270 | SLOW    |     2.213 | FAST    |
S_B_i[0][5][3] | S_C_o[0][5][4] |     4.265 | SLOW    |     2.205 | FAST    |
S_B_i[0][5][3] | S_C_o[0][5][5] |     4.507 | SLOW    |     2.344 | FAST    |
S_B_i[0][5][3] | S_C_o[0][5][6] |     4.529 | SLOW    |     2.358 | FAST    |
S_B_i[0][5][3] | S_C_o[0][5][7] |     4.594 | SLOW    |     2.395 | FAST    |
S_B_i[0][5][3] | S_C_o[1][5][3] |     4.270 | SLOW    |     2.213 | FAST    |
S_B_i[0][5][3] | S_C_o[1][5][4] |     4.265 | SLOW    |     2.205 | FAST    |
S_B_i[0][5][3] | S_C_o[1][5][5] |     4.507 | SLOW    |     2.344 | FAST    |
S_B_i[0][5][3] | S_C_o[1][5][6] |     4.529 | SLOW    |     2.358 | FAST    |
S_B_i[0][5][3] | S_C_o[1][5][7] |     4.594 | SLOW    |     2.395 | FAST    |
S_B_i[0][5][3] | S_C_o[2][5][3] |     4.270 | SLOW    |     2.213 | FAST    |
S_B_i[0][5][3] | S_C_o[2][5][4] |     4.265 | SLOW    |     2.205 | FAST    |
S_B_i[0][5][3] | S_C_o[2][5][5] |     4.507 | SLOW    |     2.344 | FAST    |
S_B_i[0][5][3] | S_C_o[2][5][6] |     4.529 | SLOW    |     2.358 | FAST    |
S_B_i[0][5][3] | S_C_o[2][5][7] |     4.594 | SLOW    |     2.395 | FAST    |
S_B_i[0][5][3] | S_C_o[3][5][3] |     4.270 | SLOW    |     2.213 | FAST    |
S_B_i[0][5][3] | S_C_o[3][5][4] |     4.265 | SLOW    |     2.205 | FAST    |
S_B_i[0][5][3] | S_C_o[3][5][5] |     4.507 | SLOW    |     2.344 | FAST    |
S_B_i[0][5][3] | S_C_o[3][5][6] |     4.529 | SLOW    |     2.358 | FAST    |
S_B_i[0][5][3] | S_C_o[3][5][7] |     4.594 | SLOW    |     2.395 | FAST    |
S_B_i[0][5][3] | S_C_o[4][5][3] |     4.270 | SLOW    |     2.213 | FAST    |
S_B_i[0][5][3] | S_C_o[4][5][4] |     4.265 | SLOW    |     2.205 | FAST    |
S_B_i[0][5][3] | S_C_o[4][5][5] |     4.507 | SLOW    |     2.344 | FAST    |
S_B_i[0][5][3] | S_C_o[4][5][6] |     4.529 | SLOW    |     2.358 | FAST    |
S_B_i[0][5][3] | S_C_o[4][5][7] |     4.594 | SLOW    |     2.395 | FAST    |
S_B_i[0][5][3] | S_C_o[5][5][3] |     4.270 | SLOW    |     2.213 | FAST    |
S_B_i[0][5][3] | S_C_o[5][5][4] |     4.265 | SLOW    |     2.205 | FAST    |
S_B_i[0][5][3] | S_C_o[5][5][5] |     4.507 | SLOW    |     2.344 | FAST    |
S_B_i[0][5][3] | S_C_o[5][5][6] |     4.529 | SLOW    |     2.358 | FAST    |
S_B_i[0][5][3] | S_C_o[5][5][7] |     4.594 | SLOW    |     2.395 | FAST    |
S_B_i[0][5][3] | S_C_o[6][5][3] |     4.270 | SLOW    |     2.213 | FAST    |
S_B_i[0][5][3] | S_C_o[6][5][4] |     4.265 | SLOW    |     2.205 | FAST    |
S_B_i[0][5][3] | S_C_o[6][5][5] |     4.507 | SLOW    |     2.344 | FAST    |
S_B_i[0][5][3] | S_C_o[6][5][6] |     4.529 | SLOW    |     2.358 | FAST    |
S_B_i[0][5][3] | S_C_o[6][5][7] |     4.594 | SLOW    |     2.395 | FAST    |
S_B_i[0][5][3] | S_C_o[7][5][3] |     4.270 | SLOW    |     2.213 | FAST    |
S_B_i[0][5][3] | S_C_o[7][5][4] |     4.265 | SLOW    |     2.205 | FAST    |
S_B_i[0][5][3] | S_C_o[7][5][5] |     4.507 | SLOW    |     2.344 | FAST    |
S_B_i[0][5][3] | S_C_o[7][5][6] |     4.529 | SLOW    |     2.358 | FAST    |
S_B_i[0][5][3] | S_C_o[7][5][7] |     4.594 | SLOW    |     2.395 | FAST    |
S_B_i[0][5][4] | S_C_o[0][5][4] |     4.261 | SLOW    |     2.209 | FAST    |
S_B_i[0][5][4] | S_C_o[0][5][5] |     4.484 | SLOW    |     2.326 | FAST    |
S_B_i[0][5][4] | S_C_o[0][5][6] |     4.506 | SLOW    |     2.340 | FAST    |
S_B_i[0][5][4] | S_C_o[0][5][7] |     4.571 | SLOW    |     2.377 | FAST    |
S_B_i[0][5][4] | S_C_o[1][5][4] |     4.261 | SLOW    |     2.209 | FAST    |
S_B_i[0][5][4] | S_C_o[1][5][5] |     4.484 | SLOW    |     2.326 | FAST    |
S_B_i[0][5][4] | S_C_o[1][5][6] |     4.506 | SLOW    |     2.340 | FAST    |
S_B_i[0][5][4] | S_C_o[1][5][7] |     4.571 | SLOW    |     2.377 | FAST    |
S_B_i[0][5][4] | S_C_o[2][5][4] |     4.261 | SLOW    |     2.209 | FAST    |
S_B_i[0][5][4] | S_C_o[2][5][5] |     4.484 | SLOW    |     2.326 | FAST    |
S_B_i[0][5][4] | S_C_o[2][5][6] |     4.506 | SLOW    |     2.340 | FAST    |
S_B_i[0][5][4] | S_C_o[2][5][7] |     4.571 | SLOW    |     2.377 | FAST    |
S_B_i[0][5][4] | S_C_o[3][5][4] |     4.261 | SLOW    |     2.209 | FAST    |
S_B_i[0][5][4] | S_C_o[3][5][5] |     4.484 | SLOW    |     2.326 | FAST    |
S_B_i[0][5][4] | S_C_o[3][5][6] |     4.506 | SLOW    |     2.340 | FAST    |
S_B_i[0][5][4] | S_C_o[3][5][7] |     4.571 | SLOW    |     2.377 | FAST    |
S_B_i[0][5][4] | S_C_o[4][5][4] |     4.261 | SLOW    |     2.209 | FAST    |
S_B_i[0][5][4] | S_C_o[4][5][5] |     4.484 | SLOW    |     2.326 | FAST    |
S_B_i[0][5][4] | S_C_o[4][5][6] |     4.506 | SLOW    |     2.340 | FAST    |
S_B_i[0][5][4] | S_C_o[4][5][7] |     4.571 | SLOW    |     2.377 | FAST    |
S_B_i[0][5][4] | S_C_o[5][5][4] |     4.261 | SLOW    |     2.209 | FAST    |
S_B_i[0][5][4] | S_C_o[5][5][5] |     4.484 | SLOW    |     2.326 | FAST    |
S_B_i[0][5][4] | S_C_o[5][5][6] |     4.506 | SLOW    |     2.340 | FAST    |
S_B_i[0][5][4] | S_C_o[5][5][7] |     4.571 | SLOW    |     2.377 | FAST    |
S_B_i[0][5][4] | S_C_o[6][5][4] |     4.261 | SLOW    |     2.209 | FAST    |
S_B_i[0][5][4] | S_C_o[6][5][5] |     4.484 | SLOW    |     2.326 | FAST    |
S_B_i[0][5][4] | S_C_o[6][5][6] |     4.506 | SLOW    |     2.340 | FAST    |
S_B_i[0][5][4] | S_C_o[6][5][7] |     4.571 | SLOW    |     2.377 | FAST    |
S_B_i[0][5][4] | S_C_o[7][5][4] |     4.261 | SLOW    |     2.209 | FAST    |
S_B_i[0][5][4] | S_C_o[7][5][5] |     4.484 | SLOW    |     2.326 | FAST    |
S_B_i[0][5][4] | S_C_o[7][5][6] |     4.506 | SLOW    |     2.340 | FAST    |
S_B_i[0][5][4] | S_C_o[7][5][7] |     4.571 | SLOW    |     2.377 | FAST    |
S_B_i[0][5][5] | S_C_o[0][5][5] |     4.270 | SLOW    |     2.213 | FAST    |
S_B_i[0][5][5] | S_C_o[0][5][6] |     4.287 | SLOW    |     2.219 | FAST    |
S_B_i[0][5][5] | S_C_o[0][5][7] |     4.265 | SLOW    |     2.205 | FAST    |
S_B_i[0][5][5] | S_C_o[1][5][5] |     4.270 | SLOW    |     2.213 | FAST    |
S_B_i[0][5][5] | S_C_o[1][5][6] |     4.287 | SLOW    |     2.219 | FAST    |
S_B_i[0][5][5] | S_C_o[1][5][7] |     4.265 | SLOW    |     2.205 | FAST    |
S_B_i[0][5][5] | S_C_o[2][5][5] |     4.270 | SLOW    |     2.213 | FAST    |
S_B_i[0][5][5] | S_C_o[2][5][6] |     4.287 | SLOW    |     2.219 | FAST    |
S_B_i[0][5][5] | S_C_o[2][5][7] |     4.265 | SLOW    |     2.205 | FAST    |
S_B_i[0][5][5] | S_C_o[3][5][5] |     4.270 | SLOW    |     2.213 | FAST    |
S_B_i[0][5][5] | S_C_o[3][5][6] |     4.287 | SLOW    |     2.219 | FAST    |
S_B_i[0][5][5] | S_C_o[3][5][7] |     4.265 | SLOW    |     2.205 | FAST    |
S_B_i[0][5][5] | S_C_o[4][5][5] |     4.270 | SLOW    |     2.213 | FAST    |
S_B_i[0][5][5] | S_C_o[4][5][6] |     4.287 | SLOW    |     2.219 | FAST    |
S_B_i[0][5][5] | S_C_o[4][5][7] |     4.265 | SLOW    |     2.205 | FAST    |
S_B_i[0][5][5] | S_C_o[5][5][5] |     4.270 | SLOW    |     2.213 | FAST    |
S_B_i[0][5][5] | S_C_o[5][5][6] |     4.287 | SLOW    |     2.219 | FAST    |
S_B_i[0][5][5] | S_C_o[5][5][7] |     4.265 | SLOW    |     2.205 | FAST    |
S_B_i[0][5][5] | S_C_o[6][5][5] |     4.270 | SLOW    |     2.213 | FAST    |
S_B_i[0][5][5] | S_C_o[6][5][6] |     4.287 | SLOW    |     2.219 | FAST    |
S_B_i[0][5][5] | S_C_o[6][5][7] |     4.265 | SLOW    |     2.205 | FAST    |
S_B_i[0][5][5] | S_C_o[7][5][5] |     4.270 | SLOW    |     2.213 | FAST    |
S_B_i[0][5][5] | S_C_o[7][5][6] |     4.287 | SLOW    |     2.219 | FAST    |
S_B_i[0][5][5] | S_C_o[7][5][7] |     4.265 | SLOW    |     2.205 | FAST    |
S_B_i[0][5][6] | S_C_o[0][5][6] |     4.292 | SLOW    |     2.229 | FAST    |
S_B_i[0][5][6] | S_C_o[0][5][7] |     4.261 | SLOW    |     2.209 | FAST    |
S_B_i[0][5][6] | S_C_o[1][5][6] |     4.292 | SLOW    |     2.229 | FAST    |
S_B_i[0][5][6] | S_C_o[1][5][7] |     4.261 | SLOW    |     2.209 | FAST    |
S_B_i[0][5][6] | S_C_o[2][5][6] |     4.292 | SLOW    |     2.229 | FAST    |
S_B_i[0][5][6] | S_C_o[2][5][7] |     4.261 | SLOW    |     2.209 | FAST    |
S_B_i[0][5][6] | S_C_o[3][5][6] |     4.292 | SLOW    |     2.229 | FAST    |
S_B_i[0][5][6] | S_C_o[3][5][7] |     4.261 | SLOW    |     2.209 | FAST    |
S_B_i[0][5][6] | S_C_o[4][5][6] |     4.292 | SLOW    |     2.229 | FAST    |
S_B_i[0][5][6] | S_C_o[4][5][7] |     4.261 | SLOW    |     2.209 | FAST    |
S_B_i[0][5][6] | S_C_o[5][5][6] |     4.292 | SLOW    |     2.229 | FAST    |
S_B_i[0][5][6] | S_C_o[5][5][7] |     4.261 | SLOW    |     2.209 | FAST    |
S_B_i[0][5][6] | S_C_o[6][5][6] |     4.292 | SLOW    |     2.229 | FAST    |
S_B_i[0][5][6] | S_C_o[6][5][7] |     4.261 | SLOW    |     2.209 | FAST    |
S_B_i[0][5][6] | S_C_o[7][5][6] |     4.292 | SLOW    |     2.229 | FAST    |
S_B_i[0][5][6] | S_C_o[7][5][7] |     4.261 | SLOW    |     2.209 | FAST    |
S_B_i[0][5][7] | S_C_o[0][5][7] |     4.444 | SLOW    |     2.314 | FAST    |
S_B_i[0][5][7] | S_C_o[1][5][7] |     4.444 | SLOW    |     2.314 | FAST    |
S_B_i[0][5][7] | S_C_o[2][5][7] |     4.444 | SLOW    |     2.314 | FAST    |
S_B_i[0][5][7] | S_C_o[3][5][7] |     4.444 | SLOW    |     2.314 | FAST    |
S_B_i[0][5][7] | S_C_o[4][5][7] |     4.444 | SLOW    |     2.314 | FAST    |
S_B_i[0][5][7] | S_C_o[5][5][7] |     4.444 | SLOW    |     2.314 | FAST    |
S_B_i[0][5][7] | S_C_o[6][5][7] |     4.444 | SLOW    |     2.314 | FAST    |
S_B_i[0][5][7] | S_C_o[7][5][7] |     4.444 | SLOW    |     2.314 | FAST    |
S_B_i[0][6][0] | S_C_o[0][6][0] |     4.277 | SLOW    |     2.217 | FAST    |
S_B_i[0][6][0] | S_C_o[0][6][1] |     4.294 | SLOW    |     2.223 | FAST    |
S_B_i[0][6][0] | S_C_o[0][6][2] |     4.272 | SLOW    |     2.209 | FAST    |
S_B_i[0][6][0] | S_C_o[0][6][3] |     4.510 | SLOW    |     2.337 | FAST    |
S_B_i[0][6][0] | S_C_o[0][6][4] |     4.510 | SLOW    |     2.337 | FAST    |
S_B_i[0][6][0] | S_C_o[0][6][5] |     4.738 | SLOW    |     2.462 | FAST    |
S_B_i[0][6][0] | S_C_o[0][6][6] |     4.760 | SLOW    |     2.476 | FAST    |
S_B_i[0][6][0] | S_C_o[0][6][7] |     4.825 | SLOW    |     2.513 | FAST    |
S_B_i[0][6][0] | S_C_o[1][6][0] |     4.277 | SLOW    |     2.217 | FAST    |
S_B_i[0][6][0] | S_C_o[1][6][1] |     4.294 | SLOW    |     2.223 | FAST    |
S_B_i[0][6][0] | S_C_o[1][6][2] |     4.272 | SLOW    |     2.209 | FAST    |
S_B_i[0][6][0] | S_C_o[1][6][3] |     4.510 | SLOW    |     2.337 | FAST    |
S_B_i[0][6][0] | S_C_o[1][6][4] |     4.510 | SLOW    |     2.337 | FAST    |
S_B_i[0][6][0] | S_C_o[1][6][5] |     4.738 | SLOW    |     2.462 | FAST    |
S_B_i[0][6][0] | S_C_o[1][6][6] |     4.760 | SLOW    |     2.476 | FAST    |
S_B_i[0][6][0] | S_C_o[1][6][7] |     4.825 | SLOW    |     2.513 | FAST    |
S_B_i[0][6][0] | S_C_o[2][6][0] |     4.277 | SLOW    |     2.217 | FAST    |
S_B_i[0][6][0] | S_C_o[2][6][1] |     4.294 | SLOW    |     2.223 | FAST    |
S_B_i[0][6][0] | S_C_o[2][6][2] |     4.272 | SLOW    |     2.209 | FAST    |
S_B_i[0][6][0] | S_C_o[2][6][3] |     4.510 | SLOW    |     2.337 | FAST    |
S_B_i[0][6][0] | S_C_o[2][6][4] |     4.510 | SLOW    |     2.337 | FAST    |
S_B_i[0][6][0] | S_C_o[2][6][5] |     4.738 | SLOW    |     2.462 | FAST    |
S_B_i[0][6][0] | S_C_o[2][6][6] |     4.760 | SLOW    |     2.476 | FAST    |
S_B_i[0][6][0] | S_C_o[2][6][7] |     4.825 | SLOW    |     2.513 | FAST    |
S_B_i[0][6][0] | S_C_o[3][6][0] |     4.277 | SLOW    |     2.217 | FAST    |
S_B_i[0][6][0] | S_C_o[3][6][1] |     4.294 | SLOW    |     2.223 | FAST    |
S_B_i[0][6][0] | S_C_o[3][6][2] |     4.272 | SLOW    |     2.209 | FAST    |
S_B_i[0][6][0] | S_C_o[3][6][3] |     4.510 | SLOW    |     2.337 | FAST    |
S_B_i[0][6][0] | S_C_o[3][6][4] |     4.510 | SLOW    |     2.337 | FAST    |
S_B_i[0][6][0] | S_C_o[3][6][5] |     4.738 | SLOW    |     2.462 | FAST    |
S_B_i[0][6][0] | S_C_o[3][6][6] |     4.760 | SLOW    |     2.476 | FAST    |
S_B_i[0][6][0] | S_C_o[3][6][7] |     4.825 | SLOW    |     2.513 | FAST    |
S_B_i[0][6][0] | S_C_o[4][6][0] |     4.277 | SLOW    |     2.217 | FAST    |
S_B_i[0][6][0] | S_C_o[4][6][1] |     4.294 | SLOW    |     2.223 | FAST    |
S_B_i[0][6][0] | S_C_o[4][6][2] |     4.272 | SLOW    |     2.209 | FAST    |
S_B_i[0][6][0] | S_C_o[4][6][3] |     4.510 | SLOW    |     2.337 | FAST    |
S_B_i[0][6][0] | S_C_o[4][6][4] |     4.510 | SLOW    |     2.337 | FAST    |
S_B_i[0][6][0] | S_C_o[4][6][5] |     4.738 | SLOW    |     2.462 | FAST    |
S_B_i[0][6][0] | S_C_o[4][6][6] |     4.760 | SLOW    |     2.476 | FAST    |
S_B_i[0][6][0] | S_C_o[4][6][7] |     4.825 | SLOW    |     2.513 | FAST    |
S_B_i[0][6][0] | S_C_o[5][6][0] |     4.277 | SLOW    |     2.217 | FAST    |
S_B_i[0][6][0] | S_C_o[5][6][1] |     4.294 | SLOW    |     2.223 | FAST    |
S_B_i[0][6][0] | S_C_o[5][6][2] |     4.272 | SLOW    |     2.209 | FAST    |
S_B_i[0][6][0] | S_C_o[5][6][3] |     4.510 | SLOW    |     2.337 | FAST    |
S_B_i[0][6][0] | S_C_o[5][6][4] |     4.510 | SLOW    |     2.337 | FAST    |
S_B_i[0][6][0] | S_C_o[5][6][5] |     4.738 | SLOW    |     2.462 | FAST    |
S_B_i[0][6][0] | S_C_o[5][6][6] |     4.760 | SLOW    |     2.476 | FAST    |
S_B_i[0][6][0] | S_C_o[5][6][7] |     4.825 | SLOW    |     2.513 | FAST    |
S_B_i[0][6][0] | S_C_o[6][6][0] |     4.277 | SLOW    |     2.217 | FAST    |
S_B_i[0][6][0] | S_C_o[6][6][1] |     4.294 | SLOW    |     2.223 | FAST    |
S_B_i[0][6][0] | S_C_o[6][6][2] |     4.272 | SLOW    |     2.209 | FAST    |
S_B_i[0][6][0] | S_C_o[6][6][3] |     4.510 | SLOW    |     2.337 | FAST    |
S_B_i[0][6][0] | S_C_o[6][6][4] |     4.510 | SLOW    |     2.337 | FAST    |
S_B_i[0][6][0] | S_C_o[6][6][5] |     4.738 | SLOW    |     2.462 | FAST    |
S_B_i[0][6][0] | S_C_o[6][6][6] |     4.760 | SLOW    |     2.476 | FAST    |
S_B_i[0][6][0] | S_C_o[6][6][7] |     4.825 | SLOW    |     2.513 | FAST    |
S_B_i[0][6][0] | S_C_o[7][6][0] |     4.277 | SLOW    |     2.217 | FAST    |
S_B_i[0][6][0] | S_C_o[7][6][1] |     4.294 | SLOW    |     2.223 | FAST    |
S_B_i[0][6][0] | S_C_o[7][6][2] |     4.272 | SLOW    |     2.209 | FAST    |
S_B_i[0][6][0] | S_C_o[7][6][3] |     4.510 | SLOW    |     2.337 | FAST    |
S_B_i[0][6][0] | S_C_o[7][6][4] |     4.510 | SLOW    |     2.337 | FAST    |
S_B_i[0][6][0] | S_C_o[7][6][5] |     4.738 | SLOW    |     2.462 | FAST    |
S_B_i[0][6][0] | S_C_o[7][6][6] |     4.760 | SLOW    |     2.476 | FAST    |
S_B_i[0][6][0] | S_C_o[7][6][7] |     4.825 | SLOW    |     2.513 | FAST    |
S_B_i[0][6][1] | S_C_o[0][6][1] |     4.301 | SLOW    |     2.233 | FAST    |
S_B_i[0][6][1] | S_C_o[0][6][2] |     4.265 | SLOW    |     2.205 | FAST    |
S_B_i[0][6][1] | S_C_o[0][6][3] |     4.476 | SLOW    |     2.324 | FAST    |
S_B_i[0][6][1] | S_C_o[0][6][4] |     4.476 | SLOW    |     2.324 | FAST    |
S_B_i[0][6][1] | S_C_o[0][6][5] |     4.704 | SLOW    |     2.449 | FAST    |
S_B_i[0][6][1] | S_C_o[0][6][6] |     4.726 | SLOW    |     2.463 | FAST    |
S_B_i[0][6][1] | S_C_o[0][6][7] |     4.791 | SLOW    |     2.500 | FAST    |
S_B_i[0][6][1] | S_C_o[1][6][1] |     4.301 | SLOW    |     2.233 | FAST    |
S_B_i[0][6][1] | S_C_o[1][6][2] |     4.265 | SLOW    |     2.205 | FAST    |
S_B_i[0][6][1] | S_C_o[1][6][3] |     4.476 | SLOW    |     2.324 | FAST    |
S_B_i[0][6][1] | S_C_o[1][6][4] |     4.476 | SLOW    |     2.324 | FAST    |
S_B_i[0][6][1] | S_C_o[1][6][5] |     4.704 | SLOW    |     2.449 | FAST    |
S_B_i[0][6][1] | S_C_o[1][6][6] |     4.726 | SLOW    |     2.463 | FAST    |
S_B_i[0][6][1] | S_C_o[1][6][7] |     4.791 | SLOW    |     2.500 | FAST    |
S_B_i[0][6][1] | S_C_o[2][6][1] |     4.301 | SLOW    |     2.233 | FAST    |
S_B_i[0][6][1] | S_C_o[2][6][2] |     4.265 | SLOW    |     2.205 | FAST    |
S_B_i[0][6][1] | S_C_o[2][6][3] |     4.476 | SLOW    |     2.324 | FAST    |
S_B_i[0][6][1] | S_C_o[2][6][4] |     4.476 | SLOW    |     2.324 | FAST    |
S_B_i[0][6][1] | S_C_o[2][6][5] |     4.704 | SLOW    |     2.449 | FAST    |
S_B_i[0][6][1] | S_C_o[2][6][6] |     4.726 | SLOW    |     2.463 | FAST    |
S_B_i[0][6][1] | S_C_o[2][6][7] |     4.791 | SLOW    |     2.500 | FAST    |
S_B_i[0][6][1] | S_C_o[3][6][1] |     4.301 | SLOW    |     2.233 | FAST    |
S_B_i[0][6][1] | S_C_o[3][6][2] |     4.265 | SLOW    |     2.205 | FAST    |
S_B_i[0][6][1] | S_C_o[3][6][3] |     4.476 | SLOW    |     2.324 | FAST    |
S_B_i[0][6][1] | S_C_o[3][6][4] |     4.476 | SLOW    |     2.324 | FAST    |
S_B_i[0][6][1] | S_C_o[3][6][5] |     4.704 | SLOW    |     2.449 | FAST    |
S_B_i[0][6][1] | S_C_o[3][6][6] |     4.726 | SLOW    |     2.463 | FAST    |
S_B_i[0][6][1] | S_C_o[3][6][7] |     4.791 | SLOW    |     2.500 | FAST    |
S_B_i[0][6][1] | S_C_o[4][6][1] |     4.301 | SLOW    |     2.233 | FAST    |
S_B_i[0][6][1] | S_C_o[4][6][2] |     4.265 | SLOW    |     2.205 | FAST    |
S_B_i[0][6][1] | S_C_o[4][6][3] |     4.476 | SLOW    |     2.324 | FAST    |
S_B_i[0][6][1] | S_C_o[4][6][4] |     4.476 | SLOW    |     2.324 | FAST    |
S_B_i[0][6][1] | S_C_o[4][6][5] |     4.704 | SLOW    |     2.449 | FAST    |
S_B_i[0][6][1] | S_C_o[4][6][6] |     4.726 | SLOW    |     2.463 | FAST    |
S_B_i[0][6][1] | S_C_o[4][6][7] |     4.791 | SLOW    |     2.500 | FAST    |
S_B_i[0][6][1] | S_C_o[5][6][1] |     4.301 | SLOW    |     2.233 | FAST    |
S_B_i[0][6][1] | S_C_o[5][6][2] |     4.265 | SLOW    |     2.205 | FAST    |
S_B_i[0][6][1] | S_C_o[5][6][3] |     4.476 | SLOW    |     2.324 | FAST    |
S_B_i[0][6][1] | S_C_o[5][6][4] |     4.476 | SLOW    |     2.324 | FAST    |
S_B_i[0][6][1] | S_C_o[5][6][5] |     4.704 | SLOW    |     2.449 | FAST    |
S_B_i[0][6][1] | S_C_o[5][6][6] |     4.726 | SLOW    |     2.463 | FAST    |
S_B_i[0][6][1] | S_C_o[5][6][7] |     4.791 | SLOW    |     2.500 | FAST    |
S_B_i[0][6][1] | S_C_o[6][6][1] |     4.301 | SLOW    |     2.233 | FAST    |
S_B_i[0][6][1] | S_C_o[6][6][2] |     4.265 | SLOW    |     2.205 | FAST    |
S_B_i[0][6][1] | S_C_o[6][6][3] |     4.476 | SLOW    |     2.324 | FAST    |
S_B_i[0][6][1] | S_C_o[6][6][4] |     4.476 | SLOW    |     2.324 | FAST    |
S_B_i[0][6][1] | S_C_o[6][6][5] |     4.704 | SLOW    |     2.449 | FAST    |
S_B_i[0][6][1] | S_C_o[6][6][6] |     4.726 | SLOW    |     2.463 | FAST    |
S_B_i[0][6][1] | S_C_o[6][6][7] |     4.791 | SLOW    |     2.500 | FAST    |
S_B_i[0][6][1] | S_C_o[7][6][1] |     4.301 | SLOW    |     2.233 | FAST    |
S_B_i[0][6][1] | S_C_o[7][6][2] |     4.265 | SLOW    |     2.205 | FAST    |
S_B_i[0][6][1] | S_C_o[7][6][3] |     4.476 | SLOW    |     2.324 | FAST    |
S_B_i[0][6][1] | S_C_o[7][6][4] |     4.476 | SLOW    |     2.324 | FAST    |
S_B_i[0][6][1] | S_C_o[7][6][5] |     4.704 | SLOW    |     2.449 | FAST    |
S_B_i[0][6][1] | S_C_o[7][6][6] |     4.726 | SLOW    |     2.463 | FAST    |
S_B_i[0][6][1] | S_C_o[7][6][7] |     4.791 | SLOW    |     2.500 | FAST    |
S_B_i[0][6][2] | S_C_o[0][6][2] |     4.261 | SLOW    |     2.209 | FAST    |
S_B_i[0][6][2] | S_C_o[0][6][3] |     4.462 | SLOW    |     2.312 | FAST    |
S_B_i[0][6][2] | S_C_o[0][6][4] |     4.462 | SLOW    |     2.312 | FAST    |
S_B_i[0][6][2] | S_C_o[0][6][5] |     4.690 | SLOW    |     2.437 | FAST    |
S_B_i[0][6][2] | S_C_o[0][6][6] |     4.712 | SLOW    |     2.451 | FAST    |
S_B_i[0][6][2] | S_C_o[0][6][7] |     4.777 | SLOW    |     2.488 | FAST    |
S_B_i[0][6][2] | S_C_o[1][6][2] |     4.261 | SLOW    |     2.209 | FAST    |
S_B_i[0][6][2] | S_C_o[1][6][3] |     4.462 | SLOW    |     2.312 | FAST    |
S_B_i[0][6][2] | S_C_o[1][6][4] |     4.462 | SLOW    |     2.312 | FAST    |
S_B_i[0][6][2] | S_C_o[1][6][5] |     4.690 | SLOW    |     2.437 | FAST    |
S_B_i[0][6][2] | S_C_o[1][6][6] |     4.712 | SLOW    |     2.451 | FAST    |
S_B_i[0][6][2] | S_C_o[1][6][7] |     4.777 | SLOW    |     2.488 | FAST    |
S_B_i[0][6][2] | S_C_o[2][6][2] |     4.261 | SLOW    |     2.209 | FAST    |
S_B_i[0][6][2] | S_C_o[2][6][3] |     4.462 | SLOW    |     2.312 | FAST    |
S_B_i[0][6][2] | S_C_o[2][6][4] |     4.462 | SLOW    |     2.312 | FAST    |
S_B_i[0][6][2] | S_C_o[2][6][5] |     4.690 | SLOW    |     2.437 | FAST    |
S_B_i[0][6][2] | S_C_o[2][6][6] |     4.712 | SLOW    |     2.451 | FAST    |
S_B_i[0][6][2] | S_C_o[2][6][7] |     4.777 | SLOW    |     2.488 | FAST    |
S_B_i[0][6][2] | S_C_o[3][6][2] |     4.261 | SLOW    |     2.209 | FAST    |
S_B_i[0][6][2] | S_C_o[3][6][3] |     4.462 | SLOW    |     2.312 | FAST    |
S_B_i[0][6][2] | S_C_o[3][6][4] |     4.462 | SLOW    |     2.312 | FAST    |
S_B_i[0][6][2] | S_C_o[3][6][5] |     4.690 | SLOW    |     2.437 | FAST    |
S_B_i[0][6][2] | S_C_o[3][6][6] |     4.712 | SLOW    |     2.451 | FAST    |
S_B_i[0][6][2] | S_C_o[3][6][7] |     4.777 | SLOW    |     2.488 | FAST    |
S_B_i[0][6][2] | S_C_o[4][6][2] |     4.261 | SLOW    |     2.209 | FAST    |
S_B_i[0][6][2] | S_C_o[4][6][3] |     4.462 | SLOW    |     2.312 | FAST    |
S_B_i[0][6][2] | S_C_o[4][6][4] |     4.462 | SLOW    |     2.312 | FAST    |
S_B_i[0][6][2] | S_C_o[4][6][5] |     4.690 | SLOW    |     2.437 | FAST    |
S_B_i[0][6][2] | S_C_o[4][6][6] |     4.712 | SLOW    |     2.451 | FAST    |
S_B_i[0][6][2] | S_C_o[4][6][7] |     4.777 | SLOW    |     2.488 | FAST    |
S_B_i[0][6][2] | S_C_o[5][6][2] |     4.261 | SLOW    |     2.209 | FAST    |
S_B_i[0][6][2] | S_C_o[5][6][3] |     4.462 | SLOW    |     2.312 | FAST    |
S_B_i[0][6][2] | S_C_o[5][6][4] |     4.462 | SLOW    |     2.312 | FAST    |
S_B_i[0][6][2] | S_C_o[5][6][5] |     4.690 | SLOW    |     2.437 | FAST    |
S_B_i[0][6][2] | S_C_o[5][6][6] |     4.712 | SLOW    |     2.451 | FAST    |
S_B_i[0][6][2] | S_C_o[5][6][7] |     4.777 | SLOW    |     2.488 | FAST    |
S_B_i[0][6][2] | S_C_o[6][6][2] |     4.261 | SLOW    |     2.209 | FAST    |
S_B_i[0][6][2] | S_C_o[6][6][3] |     4.462 | SLOW    |     2.312 | FAST    |
S_B_i[0][6][2] | S_C_o[6][6][4] |     4.462 | SLOW    |     2.312 | FAST    |
S_B_i[0][6][2] | S_C_o[6][6][5] |     4.690 | SLOW    |     2.437 | FAST    |
S_B_i[0][6][2] | S_C_o[6][6][6] |     4.712 | SLOW    |     2.451 | FAST    |
S_B_i[0][6][2] | S_C_o[6][6][7] |     4.777 | SLOW    |     2.488 | FAST    |
S_B_i[0][6][2] | S_C_o[7][6][2] |     4.261 | SLOW    |     2.209 | FAST    |
S_B_i[0][6][2] | S_C_o[7][6][3] |     4.462 | SLOW    |     2.312 | FAST    |
S_B_i[0][6][2] | S_C_o[7][6][4] |     4.462 | SLOW    |     2.312 | FAST    |
S_B_i[0][6][2] | S_C_o[7][6][5] |     4.690 | SLOW    |     2.437 | FAST    |
S_B_i[0][6][2] | S_C_o[7][6][6] |     4.712 | SLOW    |     2.451 | FAST    |
S_B_i[0][6][2] | S_C_o[7][6][7] |     4.777 | SLOW    |     2.488 | FAST    |
S_B_i[0][6][3] | S_C_o[0][6][3] |     4.270 | SLOW    |     2.213 | FAST    |
S_B_i[0][6][3] | S_C_o[0][6][4] |     4.265 | SLOW    |     2.205 | FAST    |
S_B_i[0][6][3] | S_C_o[0][6][5] |     4.507 | SLOW    |     2.344 | FAST    |
S_B_i[0][6][3] | S_C_o[0][6][6] |     4.529 | SLOW    |     2.358 | FAST    |
S_B_i[0][6][3] | S_C_o[0][6][7] |     4.594 | SLOW    |     2.395 | FAST    |
S_B_i[0][6][3] | S_C_o[1][6][3] |     4.270 | SLOW    |     2.213 | FAST    |
S_B_i[0][6][3] | S_C_o[1][6][4] |     4.265 | SLOW    |     2.205 | FAST    |
S_B_i[0][6][3] | S_C_o[1][6][5] |     4.507 | SLOW    |     2.344 | FAST    |
S_B_i[0][6][3] | S_C_o[1][6][6] |     4.529 | SLOW    |     2.358 | FAST    |
S_B_i[0][6][3] | S_C_o[1][6][7] |     4.594 | SLOW    |     2.395 | FAST    |
S_B_i[0][6][3] | S_C_o[2][6][3] |     4.270 | SLOW    |     2.213 | FAST    |
S_B_i[0][6][3] | S_C_o[2][6][4] |     4.265 | SLOW    |     2.205 | FAST    |
S_B_i[0][6][3] | S_C_o[2][6][5] |     4.507 | SLOW    |     2.344 | FAST    |
S_B_i[0][6][3] | S_C_o[2][6][6] |     4.529 | SLOW    |     2.358 | FAST    |
S_B_i[0][6][3] | S_C_o[2][6][7] |     4.594 | SLOW    |     2.395 | FAST    |
S_B_i[0][6][3] | S_C_o[3][6][3] |     4.270 | SLOW    |     2.213 | FAST    |
S_B_i[0][6][3] | S_C_o[3][6][4] |     4.265 | SLOW    |     2.205 | FAST    |
S_B_i[0][6][3] | S_C_o[3][6][5] |     4.507 | SLOW    |     2.344 | FAST    |
S_B_i[0][6][3] | S_C_o[3][6][6] |     4.529 | SLOW    |     2.358 | FAST    |
S_B_i[0][6][3] | S_C_o[3][6][7] |     4.594 | SLOW    |     2.395 | FAST    |
S_B_i[0][6][3] | S_C_o[4][6][3] |     4.270 | SLOW    |     2.213 | FAST    |
S_B_i[0][6][3] | S_C_o[4][6][4] |     4.265 | SLOW    |     2.205 | FAST    |
S_B_i[0][6][3] | S_C_o[4][6][5] |     4.507 | SLOW    |     2.344 | FAST    |
S_B_i[0][6][3] | S_C_o[4][6][6] |     4.529 | SLOW    |     2.358 | FAST    |
S_B_i[0][6][3] | S_C_o[4][6][7] |     4.594 | SLOW    |     2.395 | FAST    |
S_B_i[0][6][3] | S_C_o[5][6][3] |     4.270 | SLOW    |     2.213 | FAST    |
S_B_i[0][6][3] | S_C_o[5][6][4] |     4.265 | SLOW    |     2.205 | FAST    |
S_B_i[0][6][3] | S_C_o[5][6][5] |     4.507 | SLOW    |     2.344 | FAST    |
S_B_i[0][6][3] | S_C_o[5][6][6] |     4.529 | SLOW    |     2.358 | FAST    |
S_B_i[0][6][3] | S_C_o[5][6][7] |     4.594 | SLOW    |     2.395 | FAST    |
S_B_i[0][6][3] | S_C_o[6][6][3] |     4.270 | SLOW    |     2.213 | FAST    |
S_B_i[0][6][3] | S_C_o[6][6][4] |     4.265 | SLOW    |     2.205 | FAST    |
S_B_i[0][6][3] | S_C_o[6][6][5] |     4.507 | SLOW    |     2.344 | FAST    |
S_B_i[0][6][3] | S_C_o[6][6][6] |     4.529 | SLOW    |     2.358 | FAST    |
S_B_i[0][6][3] | S_C_o[6][6][7] |     4.594 | SLOW    |     2.395 | FAST    |
S_B_i[0][6][3] | S_C_o[7][6][3] |     4.270 | SLOW    |     2.213 | FAST    |
S_B_i[0][6][3] | S_C_o[7][6][4] |     4.265 | SLOW    |     2.205 | FAST    |
S_B_i[0][6][3] | S_C_o[7][6][5] |     4.507 | SLOW    |     2.344 | FAST    |
S_B_i[0][6][3] | S_C_o[7][6][6] |     4.529 | SLOW    |     2.358 | FAST    |
S_B_i[0][6][3] | S_C_o[7][6][7] |     4.594 | SLOW    |     2.395 | FAST    |
S_B_i[0][6][4] | S_C_o[0][6][4] |     4.261 | SLOW    |     2.209 | FAST    |
S_B_i[0][6][4] | S_C_o[0][6][5] |     4.484 | SLOW    |     2.326 | FAST    |
S_B_i[0][6][4] | S_C_o[0][6][6] |     4.506 | SLOW    |     2.340 | FAST    |
S_B_i[0][6][4] | S_C_o[0][6][7] |     4.571 | SLOW    |     2.377 | FAST    |
S_B_i[0][6][4] | S_C_o[1][6][4] |     4.261 | SLOW    |     2.209 | FAST    |
S_B_i[0][6][4] | S_C_o[1][6][5] |     4.484 | SLOW    |     2.326 | FAST    |
S_B_i[0][6][4] | S_C_o[1][6][6] |     4.506 | SLOW    |     2.340 | FAST    |
S_B_i[0][6][4] | S_C_o[1][6][7] |     4.571 | SLOW    |     2.377 | FAST    |
S_B_i[0][6][4] | S_C_o[2][6][4] |     4.261 | SLOW    |     2.209 | FAST    |
S_B_i[0][6][4] | S_C_o[2][6][5] |     4.484 | SLOW    |     2.326 | FAST    |
S_B_i[0][6][4] | S_C_o[2][6][6] |     4.506 | SLOW    |     2.340 | FAST    |
S_B_i[0][6][4] | S_C_o[2][6][7] |     4.571 | SLOW    |     2.377 | FAST    |
S_B_i[0][6][4] | S_C_o[3][6][4] |     4.261 | SLOW    |     2.209 | FAST    |
S_B_i[0][6][4] | S_C_o[3][6][5] |     4.484 | SLOW    |     2.326 | FAST    |
S_B_i[0][6][4] | S_C_o[3][6][6] |     4.506 | SLOW    |     2.340 | FAST    |
S_B_i[0][6][4] | S_C_o[3][6][7] |     4.571 | SLOW    |     2.377 | FAST    |
S_B_i[0][6][4] | S_C_o[4][6][4] |     4.261 | SLOW    |     2.209 | FAST    |
S_B_i[0][6][4] | S_C_o[4][6][5] |     4.484 | SLOW    |     2.326 | FAST    |
S_B_i[0][6][4] | S_C_o[4][6][6] |     4.506 | SLOW    |     2.340 | FAST    |
S_B_i[0][6][4] | S_C_o[4][6][7] |     4.571 | SLOW    |     2.377 | FAST    |
S_B_i[0][6][4] | S_C_o[5][6][4] |     4.261 | SLOW    |     2.209 | FAST    |
S_B_i[0][6][4] | S_C_o[5][6][5] |     4.484 | SLOW    |     2.326 | FAST    |
S_B_i[0][6][4] | S_C_o[5][6][6] |     4.506 | SLOW    |     2.340 | FAST    |
S_B_i[0][6][4] | S_C_o[5][6][7] |     4.571 | SLOW    |     2.377 | FAST    |
S_B_i[0][6][4] | S_C_o[6][6][4] |     4.261 | SLOW    |     2.209 | FAST    |
S_B_i[0][6][4] | S_C_o[6][6][5] |     4.484 | SLOW    |     2.326 | FAST    |
S_B_i[0][6][4] | S_C_o[6][6][6] |     4.506 | SLOW    |     2.340 | FAST    |
S_B_i[0][6][4] | S_C_o[6][6][7] |     4.571 | SLOW    |     2.377 | FAST    |
S_B_i[0][6][4] | S_C_o[7][6][4] |     4.261 | SLOW    |     2.209 | FAST    |
S_B_i[0][6][4] | S_C_o[7][6][5] |     4.484 | SLOW    |     2.326 | FAST    |
S_B_i[0][6][4] | S_C_o[7][6][6] |     4.506 | SLOW    |     2.340 | FAST    |
S_B_i[0][6][4] | S_C_o[7][6][7] |     4.571 | SLOW    |     2.377 | FAST    |
S_B_i[0][6][5] | S_C_o[0][6][5] |     4.270 | SLOW    |     2.213 | FAST    |
S_B_i[0][6][5] | S_C_o[0][6][6] |     4.287 | SLOW    |     2.219 | FAST    |
S_B_i[0][6][5] | S_C_o[0][6][7] |     4.265 | SLOW    |     2.205 | FAST    |
S_B_i[0][6][5] | S_C_o[1][6][5] |     4.270 | SLOW    |     2.213 | FAST    |
S_B_i[0][6][5] | S_C_o[1][6][6] |     4.287 | SLOW    |     2.219 | FAST    |
S_B_i[0][6][5] | S_C_o[1][6][7] |     4.265 | SLOW    |     2.205 | FAST    |
S_B_i[0][6][5] | S_C_o[2][6][5] |     4.270 | SLOW    |     2.213 | FAST    |
S_B_i[0][6][5] | S_C_o[2][6][6] |     4.287 | SLOW    |     2.219 | FAST    |
S_B_i[0][6][5] | S_C_o[2][6][7] |     4.265 | SLOW    |     2.205 | FAST    |
S_B_i[0][6][5] | S_C_o[3][6][5] |     4.270 | SLOW    |     2.213 | FAST    |
S_B_i[0][6][5] | S_C_o[3][6][6] |     4.287 | SLOW    |     2.219 | FAST    |
S_B_i[0][6][5] | S_C_o[3][6][7] |     4.265 | SLOW    |     2.205 | FAST    |
S_B_i[0][6][5] | S_C_o[4][6][5] |     4.270 | SLOW    |     2.213 | FAST    |
S_B_i[0][6][5] | S_C_o[4][6][6] |     4.287 | SLOW    |     2.219 | FAST    |
S_B_i[0][6][5] | S_C_o[4][6][7] |     4.265 | SLOW    |     2.205 | FAST    |
S_B_i[0][6][5] | S_C_o[5][6][5] |     4.270 | SLOW    |     2.213 | FAST    |
S_B_i[0][6][5] | S_C_o[5][6][6] |     4.287 | SLOW    |     2.219 | FAST    |
S_B_i[0][6][5] | S_C_o[5][6][7] |     4.265 | SLOW    |     2.205 | FAST    |
S_B_i[0][6][5] | S_C_o[6][6][5] |     4.270 | SLOW    |     2.213 | FAST    |
S_B_i[0][6][5] | S_C_o[6][6][6] |     4.287 | SLOW    |     2.219 | FAST    |
S_B_i[0][6][5] | S_C_o[6][6][7] |     4.265 | SLOW    |     2.205 | FAST    |
S_B_i[0][6][5] | S_C_o[7][6][5] |     4.270 | SLOW    |     2.213 | FAST    |
S_B_i[0][6][5] | S_C_o[7][6][6] |     4.287 | SLOW    |     2.219 | FAST    |
S_B_i[0][6][5] | S_C_o[7][6][7] |     4.265 | SLOW    |     2.205 | FAST    |
S_B_i[0][6][6] | S_C_o[0][6][6] |     4.292 | SLOW    |     2.229 | FAST    |
S_B_i[0][6][6] | S_C_o[0][6][7] |     4.261 | SLOW    |     2.209 | FAST    |
S_B_i[0][6][6] | S_C_o[1][6][6] |     4.292 | SLOW    |     2.229 | FAST    |
S_B_i[0][6][6] | S_C_o[1][6][7] |     4.261 | SLOW    |     2.209 | FAST    |
S_B_i[0][6][6] | S_C_o[2][6][6] |     4.292 | SLOW    |     2.229 | FAST    |
S_B_i[0][6][6] | S_C_o[2][6][7] |     4.261 | SLOW    |     2.209 | FAST    |
S_B_i[0][6][6] | S_C_o[3][6][6] |     4.292 | SLOW    |     2.229 | FAST    |
S_B_i[0][6][6] | S_C_o[3][6][7] |     4.261 | SLOW    |     2.209 | FAST    |
S_B_i[0][6][6] | S_C_o[4][6][6] |     4.292 | SLOW    |     2.229 | FAST    |
S_B_i[0][6][6] | S_C_o[4][6][7] |     4.261 | SLOW    |     2.209 | FAST    |
S_B_i[0][6][6] | S_C_o[5][6][6] |     4.292 | SLOW    |     2.229 | FAST    |
S_B_i[0][6][6] | S_C_o[5][6][7] |     4.261 | SLOW    |     2.209 | FAST    |
S_B_i[0][6][6] | S_C_o[6][6][6] |     4.292 | SLOW    |     2.229 | FAST    |
S_B_i[0][6][6] | S_C_o[6][6][7] |     4.261 | SLOW    |     2.209 | FAST    |
S_B_i[0][6][6] | S_C_o[7][6][6] |     4.292 | SLOW    |     2.229 | FAST    |
S_B_i[0][6][6] | S_C_o[7][6][7] |     4.261 | SLOW    |     2.209 | FAST    |
S_B_i[0][6][7] | S_C_o[0][6][7] |     4.444 | SLOW    |     2.314 | FAST    |
S_B_i[0][6][7] | S_C_o[1][6][7] |     4.444 | SLOW    |     2.314 | FAST    |
S_B_i[0][6][7] | S_C_o[2][6][7] |     4.444 | SLOW    |     2.314 | FAST    |
S_B_i[0][6][7] | S_C_o[3][6][7] |     4.444 | SLOW    |     2.314 | FAST    |
S_B_i[0][6][7] | S_C_o[4][6][7] |     4.444 | SLOW    |     2.314 | FAST    |
S_B_i[0][6][7] | S_C_o[5][6][7] |     4.444 | SLOW    |     2.314 | FAST    |
S_B_i[0][6][7] | S_C_o[6][6][7] |     4.444 | SLOW    |     2.314 | FAST    |
S_B_i[0][6][7] | S_C_o[7][6][7] |     4.444 | SLOW    |     2.314 | FAST    |
S_B_i[0][7][0] | S_C_o[0][7][0] |     4.277 | SLOW    |     2.217 | FAST    |
S_B_i[0][7][0] | S_C_o[0][7][1] |     4.294 | SLOW    |     2.223 | FAST    |
S_B_i[0][7][0] | S_C_o[0][7][2] |     4.272 | SLOW    |     2.209 | FAST    |
S_B_i[0][7][0] | S_C_o[0][7][3] |     4.510 | SLOW    |     2.337 | FAST    |
S_B_i[0][7][0] | S_C_o[0][7][4] |     4.510 | SLOW    |     2.337 | FAST    |
S_B_i[0][7][0] | S_C_o[0][7][5] |     4.738 | SLOW    |     2.462 | FAST    |
S_B_i[0][7][0] | S_C_o[0][7][6] |     4.760 | SLOW    |     2.476 | FAST    |
S_B_i[0][7][0] | S_C_o[0][7][7] |     4.825 | SLOW    |     2.513 | FAST    |
S_B_i[0][7][0] | S_C_o[1][7][0] |     4.277 | SLOW    |     2.217 | FAST    |
S_B_i[0][7][0] | S_C_o[1][7][1] |     4.294 | SLOW    |     2.223 | FAST    |
S_B_i[0][7][0] | S_C_o[1][7][2] |     4.272 | SLOW    |     2.209 | FAST    |
S_B_i[0][7][0] | S_C_o[1][7][3] |     4.510 | SLOW    |     2.337 | FAST    |
S_B_i[0][7][0] | S_C_o[1][7][4] |     4.510 | SLOW    |     2.337 | FAST    |
S_B_i[0][7][0] | S_C_o[1][7][5] |     4.738 | SLOW    |     2.462 | FAST    |
S_B_i[0][7][0] | S_C_o[1][7][6] |     4.760 | SLOW    |     2.476 | FAST    |
S_B_i[0][7][0] | S_C_o[1][7][7] |     4.825 | SLOW    |     2.513 | FAST    |
S_B_i[0][7][0] | S_C_o[2][7][0] |     4.277 | SLOW    |     2.217 | FAST    |
S_B_i[0][7][0] | S_C_o[2][7][1] |     4.294 | SLOW    |     2.223 | FAST    |
S_B_i[0][7][0] | S_C_o[2][7][2] |     4.272 | SLOW    |     2.209 | FAST    |
S_B_i[0][7][0] | S_C_o[2][7][3] |     4.510 | SLOW    |     2.337 | FAST    |
S_B_i[0][7][0] | S_C_o[2][7][4] |     4.510 | SLOW    |     2.337 | FAST    |
S_B_i[0][7][0] | S_C_o[2][7][5] |     4.738 | SLOW    |     2.462 | FAST    |
S_B_i[0][7][0] | S_C_o[2][7][6] |     4.760 | SLOW    |     2.476 | FAST    |
S_B_i[0][7][0] | S_C_o[2][7][7] |     4.825 | SLOW    |     2.513 | FAST    |
S_B_i[0][7][0] | S_C_o[3][7][0] |     4.277 | SLOW    |     2.217 | FAST    |
S_B_i[0][7][0] | S_C_o[3][7][1] |     4.294 | SLOW    |     2.223 | FAST    |
S_B_i[0][7][0] | S_C_o[3][7][2] |     4.272 | SLOW    |     2.209 | FAST    |
S_B_i[0][7][0] | S_C_o[3][7][3] |     4.510 | SLOW    |     2.337 | FAST    |
S_B_i[0][7][0] | S_C_o[3][7][4] |     4.510 | SLOW    |     2.337 | FAST    |
S_B_i[0][7][0] | S_C_o[3][7][5] |     4.738 | SLOW    |     2.462 | FAST    |
S_B_i[0][7][0] | S_C_o[3][7][6] |     4.760 | SLOW    |     2.476 | FAST    |
S_B_i[0][7][0] | S_C_o[3][7][7] |     4.825 | SLOW    |     2.513 | FAST    |
S_B_i[0][7][0] | S_C_o[4][7][0] |     4.277 | SLOW    |     2.217 | FAST    |
S_B_i[0][7][0] | S_C_o[4][7][1] |     4.294 | SLOW    |     2.223 | FAST    |
S_B_i[0][7][0] | S_C_o[4][7][2] |     4.272 | SLOW    |     2.209 | FAST    |
S_B_i[0][7][0] | S_C_o[4][7][3] |     4.510 | SLOW    |     2.337 | FAST    |
S_B_i[0][7][0] | S_C_o[4][7][4] |     4.510 | SLOW    |     2.337 | FAST    |
S_B_i[0][7][0] | S_C_o[4][7][5] |     4.738 | SLOW    |     2.462 | FAST    |
S_B_i[0][7][0] | S_C_o[4][7][6] |     4.760 | SLOW    |     2.476 | FAST    |
S_B_i[0][7][0] | S_C_o[4][7][7] |     4.825 | SLOW    |     2.513 | FAST    |
S_B_i[0][7][0] | S_C_o[5][7][0] |     4.277 | SLOW    |     2.217 | FAST    |
S_B_i[0][7][0] | S_C_o[5][7][1] |     4.294 | SLOW    |     2.223 | FAST    |
S_B_i[0][7][0] | S_C_o[5][7][2] |     4.272 | SLOW    |     2.209 | FAST    |
S_B_i[0][7][0] | S_C_o[5][7][3] |     4.510 | SLOW    |     2.337 | FAST    |
S_B_i[0][7][0] | S_C_o[5][7][4] |     4.510 | SLOW    |     2.337 | FAST    |
S_B_i[0][7][0] | S_C_o[5][7][5] |     4.738 | SLOW    |     2.462 | FAST    |
S_B_i[0][7][0] | S_C_o[5][7][6] |     4.760 | SLOW    |     2.476 | FAST    |
S_B_i[0][7][0] | S_C_o[5][7][7] |     4.825 | SLOW    |     2.513 | FAST    |
S_B_i[0][7][0] | S_C_o[6][7][0] |     4.277 | SLOW    |     2.217 | FAST    |
S_B_i[0][7][0] | S_C_o[6][7][1] |     4.294 | SLOW    |     2.223 | FAST    |
S_B_i[0][7][0] | S_C_o[6][7][2] |     4.272 | SLOW    |     2.209 | FAST    |
S_B_i[0][7][0] | S_C_o[6][7][3] |     4.510 | SLOW    |     2.337 | FAST    |
S_B_i[0][7][0] | S_C_o[6][7][4] |     4.510 | SLOW    |     2.337 | FAST    |
S_B_i[0][7][0] | S_C_o[6][7][5] |     4.738 | SLOW    |     2.462 | FAST    |
S_B_i[0][7][0] | S_C_o[6][7][6] |     4.760 | SLOW    |     2.476 | FAST    |
S_B_i[0][7][0] | S_C_o[6][7][7] |     4.825 | SLOW    |     2.513 | FAST    |
S_B_i[0][7][0] | S_C_o[7][7][0] |     4.277 | SLOW    |     2.217 | FAST    |
S_B_i[0][7][0] | S_C_o[7][7][1] |     4.294 | SLOW    |     2.223 | FAST    |
S_B_i[0][7][0] | S_C_o[7][7][2] |     4.272 | SLOW    |     2.209 | FAST    |
S_B_i[0][7][0] | S_C_o[7][7][3] |     4.510 | SLOW    |     2.337 | FAST    |
S_B_i[0][7][0] | S_C_o[7][7][4] |     4.510 | SLOW    |     2.337 | FAST    |
S_B_i[0][7][0] | S_C_o[7][7][5] |     4.738 | SLOW    |     2.462 | FAST    |
S_B_i[0][7][0] | S_C_o[7][7][6] |     4.760 | SLOW    |     2.476 | FAST    |
S_B_i[0][7][0] | S_C_o[7][7][7] |     4.825 | SLOW    |     2.513 | FAST    |
S_B_i[0][7][1] | S_C_o[0][7][1] |     4.301 | SLOW    |     2.233 | FAST    |
S_B_i[0][7][1] | S_C_o[0][7][2] |     4.265 | SLOW    |     2.205 | FAST    |
S_B_i[0][7][1] | S_C_o[0][7][3] |     4.476 | SLOW    |     2.324 | FAST    |
S_B_i[0][7][1] | S_C_o[0][7][4] |     4.476 | SLOW    |     2.324 | FAST    |
S_B_i[0][7][1] | S_C_o[0][7][5] |     4.704 | SLOW    |     2.449 | FAST    |
S_B_i[0][7][1] | S_C_o[0][7][6] |     4.726 | SLOW    |     2.463 | FAST    |
S_B_i[0][7][1] | S_C_o[0][7][7] |     4.791 | SLOW    |     2.500 | FAST    |
S_B_i[0][7][1] | S_C_o[1][7][1] |     4.301 | SLOW    |     2.233 | FAST    |
S_B_i[0][7][1] | S_C_o[1][7][2] |     4.265 | SLOW    |     2.205 | FAST    |
S_B_i[0][7][1] | S_C_o[1][7][3] |     4.476 | SLOW    |     2.324 | FAST    |
S_B_i[0][7][1] | S_C_o[1][7][4] |     4.476 | SLOW    |     2.324 | FAST    |
S_B_i[0][7][1] | S_C_o[1][7][5] |     4.704 | SLOW    |     2.449 | FAST    |
S_B_i[0][7][1] | S_C_o[1][7][6] |     4.726 | SLOW    |     2.463 | FAST    |
S_B_i[0][7][1] | S_C_o[1][7][7] |     4.791 | SLOW    |     2.500 | FAST    |
S_B_i[0][7][1] | S_C_o[2][7][1] |     4.301 | SLOW    |     2.233 | FAST    |
S_B_i[0][7][1] | S_C_o[2][7][2] |     4.265 | SLOW    |     2.205 | FAST    |
S_B_i[0][7][1] | S_C_o[2][7][3] |     4.476 | SLOW    |     2.324 | FAST    |
S_B_i[0][7][1] | S_C_o[2][7][4] |     4.476 | SLOW    |     2.324 | FAST    |
S_B_i[0][7][1] | S_C_o[2][7][5] |     4.704 | SLOW    |     2.449 | FAST    |
S_B_i[0][7][1] | S_C_o[2][7][6] |     4.726 | SLOW    |     2.463 | FAST    |
S_B_i[0][7][1] | S_C_o[2][7][7] |     4.791 | SLOW    |     2.500 | FAST    |
S_B_i[0][7][1] | S_C_o[3][7][1] |     4.301 | SLOW    |     2.233 | FAST    |
S_B_i[0][7][1] | S_C_o[3][7][2] |     4.265 | SLOW    |     2.205 | FAST    |
S_B_i[0][7][1] | S_C_o[3][7][3] |     4.476 | SLOW    |     2.324 | FAST    |
S_B_i[0][7][1] | S_C_o[3][7][4] |     4.476 | SLOW    |     2.324 | FAST    |
S_B_i[0][7][1] | S_C_o[3][7][5] |     4.704 | SLOW    |     2.449 | FAST    |
S_B_i[0][7][1] | S_C_o[3][7][6] |     4.726 | SLOW    |     2.463 | FAST    |
S_B_i[0][7][1] | S_C_o[3][7][7] |     4.791 | SLOW    |     2.500 | FAST    |
S_B_i[0][7][1] | S_C_o[4][7][1] |     4.301 | SLOW    |     2.233 | FAST    |
S_B_i[0][7][1] | S_C_o[4][7][2] |     4.265 | SLOW    |     2.205 | FAST    |
S_B_i[0][7][1] | S_C_o[4][7][3] |     4.476 | SLOW    |     2.324 | FAST    |
S_B_i[0][7][1] | S_C_o[4][7][4] |     4.476 | SLOW    |     2.324 | FAST    |
S_B_i[0][7][1] | S_C_o[4][7][5] |     4.704 | SLOW    |     2.449 | FAST    |
S_B_i[0][7][1] | S_C_o[4][7][6] |     4.726 | SLOW    |     2.463 | FAST    |
S_B_i[0][7][1] | S_C_o[4][7][7] |     4.791 | SLOW    |     2.500 | FAST    |
S_B_i[0][7][1] | S_C_o[5][7][1] |     4.301 | SLOW    |     2.233 | FAST    |
S_B_i[0][7][1] | S_C_o[5][7][2] |     4.265 | SLOW    |     2.205 | FAST    |
S_B_i[0][7][1] | S_C_o[5][7][3] |     4.476 | SLOW    |     2.324 | FAST    |
S_B_i[0][7][1] | S_C_o[5][7][4] |     4.476 | SLOW    |     2.324 | FAST    |
S_B_i[0][7][1] | S_C_o[5][7][5] |     4.704 | SLOW    |     2.449 | FAST    |
S_B_i[0][7][1] | S_C_o[5][7][6] |     4.726 | SLOW    |     2.463 | FAST    |
S_B_i[0][7][1] | S_C_o[5][7][7] |     4.791 | SLOW    |     2.500 | FAST    |
S_B_i[0][7][1] | S_C_o[6][7][1] |     4.301 | SLOW    |     2.233 | FAST    |
S_B_i[0][7][1] | S_C_o[6][7][2] |     4.265 | SLOW    |     2.205 | FAST    |
S_B_i[0][7][1] | S_C_o[6][7][3] |     4.476 | SLOW    |     2.324 | FAST    |
S_B_i[0][7][1] | S_C_o[6][7][4] |     4.476 | SLOW    |     2.324 | FAST    |
S_B_i[0][7][1] | S_C_o[6][7][5] |     4.704 | SLOW    |     2.449 | FAST    |
S_B_i[0][7][1] | S_C_o[6][7][6] |     4.726 | SLOW    |     2.463 | FAST    |
S_B_i[0][7][1] | S_C_o[6][7][7] |     4.791 | SLOW    |     2.500 | FAST    |
S_B_i[0][7][1] | S_C_o[7][7][1] |     4.301 | SLOW    |     2.233 | FAST    |
S_B_i[0][7][1] | S_C_o[7][7][2] |     4.265 | SLOW    |     2.205 | FAST    |
S_B_i[0][7][1] | S_C_o[7][7][3] |     4.476 | SLOW    |     2.324 | FAST    |
S_B_i[0][7][1] | S_C_o[7][7][4] |     4.476 | SLOW    |     2.324 | FAST    |
S_B_i[0][7][1] | S_C_o[7][7][5] |     4.704 | SLOW    |     2.449 | FAST    |
S_B_i[0][7][1] | S_C_o[7][7][6] |     4.726 | SLOW    |     2.463 | FAST    |
S_B_i[0][7][1] | S_C_o[7][7][7] |     4.791 | SLOW    |     2.500 | FAST    |
S_B_i[0][7][2] | S_C_o[0][7][2] |     4.261 | SLOW    |     2.209 | FAST    |
S_B_i[0][7][2] | S_C_o[0][7][3] |     4.462 | SLOW    |     2.312 | FAST    |
S_B_i[0][7][2] | S_C_o[0][7][4] |     4.462 | SLOW    |     2.312 | FAST    |
S_B_i[0][7][2] | S_C_o[0][7][5] |     4.690 | SLOW    |     2.437 | FAST    |
S_B_i[0][7][2] | S_C_o[0][7][6] |     4.712 | SLOW    |     2.451 | FAST    |
S_B_i[0][7][2] | S_C_o[0][7][7] |     4.777 | SLOW    |     2.488 | FAST    |
S_B_i[0][7][2] | S_C_o[1][7][2] |     4.261 | SLOW    |     2.209 | FAST    |
S_B_i[0][7][2] | S_C_o[1][7][3] |     4.462 | SLOW    |     2.312 | FAST    |
S_B_i[0][7][2] | S_C_o[1][7][4] |     4.462 | SLOW    |     2.312 | FAST    |
S_B_i[0][7][2] | S_C_o[1][7][5] |     4.690 | SLOW    |     2.437 | FAST    |
S_B_i[0][7][2] | S_C_o[1][7][6] |     4.712 | SLOW    |     2.451 | FAST    |
S_B_i[0][7][2] | S_C_o[1][7][7] |     4.777 | SLOW    |     2.488 | FAST    |
S_B_i[0][7][2] | S_C_o[2][7][2] |     4.261 | SLOW    |     2.209 | FAST    |
S_B_i[0][7][2] | S_C_o[2][7][3] |     4.462 | SLOW    |     2.312 | FAST    |
S_B_i[0][7][2] | S_C_o[2][7][4] |     4.462 | SLOW    |     2.312 | FAST    |
S_B_i[0][7][2] | S_C_o[2][7][5] |     4.690 | SLOW    |     2.437 | FAST    |
S_B_i[0][7][2] | S_C_o[2][7][6] |     4.712 | SLOW    |     2.451 | FAST    |
S_B_i[0][7][2] | S_C_o[2][7][7] |     4.777 | SLOW    |     2.488 | FAST    |
S_B_i[0][7][2] | S_C_o[3][7][2] |     4.261 | SLOW    |     2.209 | FAST    |
S_B_i[0][7][2] | S_C_o[3][7][3] |     4.462 | SLOW    |     2.312 | FAST    |
S_B_i[0][7][2] | S_C_o[3][7][4] |     4.462 | SLOW    |     2.312 | FAST    |
S_B_i[0][7][2] | S_C_o[3][7][5] |     4.690 | SLOW    |     2.437 | FAST    |
S_B_i[0][7][2] | S_C_o[3][7][6] |     4.712 | SLOW    |     2.451 | FAST    |
S_B_i[0][7][2] | S_C_o[3][7][7] |     4.777 | SLOW    |     2.488 | FAST    |
S_B_i[0][7][2] | S_C_o[4][7][2] |     4.261 | SLOW    |     2.209 | FAST    |
S_B_i[0][7][2] | S_C_o[4][7][3] |     4.462 | SLOW    |     2.312 | FAST    |
S_B_i[0][7][2] | S_C_o[4][7][4] |     4.462 | SLOW    |     2.312 | FAST    |
S_B_i[0][7][2] | S_C_o[4][7][5] |     4.690 | SLOW    |     2.437 | FAST    |
S_B_i[0][7][2] | S_C_o[4][7][6] |     4.712 | SLOW    |     2.451 | FAST    |
S_B_i[0][7][2] | S_C_o[4][7][7] |     4.777 | SLOW    |     2.488 | FAST    |
S_B_i[0][7][2] | S_C_o[5][7][2] |     4.261 | SLOW    |     2.209 | FAST    |
S_B_i[0][7][2] | S_C_o[5][7][3] |     4.462 | SLOW    |     2.312 | FAST    |
S_B_i[0][7][2] | S_C_o[5][7][4] |     4.462 | SLOW    |     2.312 | FAST    |
S_B_i[0][7][2] | S_C_o[5][7][5] |     4.690 | SLOW    |     2.437 | FAST    |
S_B_i[0][7][2] | S_C_o[5][7][6] |     4.712 | SLOW    |     2.451 | FAST    |
S_B_i[0][7][2] | S_C_o[5][7][7] |     4.777 | SLOW    |     2.488 | FAST    |
S_B_i[0][7][2] | S_C_o[6][7][2] |     4.261 | SLOW    |     2.209 | FAST    |
S_B_i[0][7][2] | S_C_o[6][7][3] |     4.462 | SLOW    |     2.312 | FAST    |
S_B_i[0][7][2] | S_C_o[6][7][4] |     4.462 | SLOW    |     2.312 | FAST    |
S_B_i[0][7][2] | S_C_o[6][7][5] |     4.690 | SLOW    |     2.437 | FAST    |
S_B_i[0][7][2] | S_C_o[6][7][6] |     4.712 | SLOW    |     2.451 | FAST    |
S_B_i[0][7][2] | S_C_o[6][7][7] |     4.777 | SLOW    |     2.488 | FAST    |
S_B_i[0][7][2] | S_C_o[7][7][2] |     4.261 | SLOW    |     2.209 | FAST    |
S_B_i[0][7][2] | S_C_o[7][7][3] |     4.462 | SLOW    |     2.312 | FAST    |
S_B_i[0][7][2] | S_C_o[7][7][4] |     4.462 | SLOW    |     2.312 | FAST    |
S_B_i[0][7][2] | S_C_o[7][7][5] |     4.690 | SLOW    |     2.437 | FAST    |
S_B_i[0][7][2] | S_C_o[7][7][6] |     4.712 | SLOW    |     2.451 | FAST    |
S_B_i[0][7][2] | S_C_o[7][7][7] |     4.777 | SLOW    |     2.488 | FAST    |
S_B_i[0][7][3] | S_C_o[0][7][3] |     4.270 | SLOW    |     2.213 | FAST    |
S_B_i[0][7][3] | S_C_o[0][7][4] |     4.265 | SLOW    |     2.205 | FAST    |
S_B_i[0][7][3] | S_C_o[0][7][5] |     4.507 | SLOW    |     2.344 | FAST    |
S_B_i[0][7][3] | S_C_o[0][7][6] |     4.529 | SLOW    |     2.358 | FAST    |
S_B_i[0][7][3] | S_C_o[0][7][7] |     4.594 | SLOW    |     2.395 | FAST    |
S_B_i[0][7][3] | S_C_o[1][7][3] |     4.270 | SLOW    |     2.213 | FAST    |
S_B_i[0][7][3] | S_C_o[1][7][4] |     4.265 | SLOW    |     2.205 | FAST    |
S_B_i[0][7][3] | S_C_o[1][7][5] |     4.507 | SLOW    |     2.344 | FAST    |
S_B_i[0][7][3] | S_C_o[1][7][6] |     4.529 | SLOW    |     2.358 | FAST    |
S_B_i[0][7][3] | S_C_o[1][7][7] |     4.594 | SLOW    |     2.395 | FAST    |
S_B_i[0][7][3] | S_C_o[2][7][3] |     4.270 | SLOW    |     2.213 | FAST    |
S_B_i[0][7][3] | S_C_o[2][7][4] |     4.265 | SLOW    |     2.205 | FAST    |
S_B_i[0][7][3] | S_C_o[2][7][5] |     4.507 | SLOW    |     2.344 | FAST    |
S_B_i[0][7][3] | S_C_o[2][7][6] |     4.529 | SLOW    |     2.358 | FAST    |
S_B_i[0][7][3] | S_C_o[2][7][7] |     4.594 | SLOW    |     2.395 | FAST    |
S_B_i[0][7][3] | S_C_o[3][7][3] |     4.270 | SLOW    |     2.213 | FAST    |
S_B_i[0][7][3] | S_C_o[3][7][4] |     4.265 | SLOW    |     2.205 | FAST    |
S_B_i[0][7][3] | S_C_o[3][7][5] |     4.507 | SLOW    |     2.344 | FAST    |
S_B_i[0][7][3] | S_C_o[3][7][6] |     4.529 | SLOW    |     2.358 | FAST    |
S_B_i[0][7][3] | S_C_o[3][7][7] |     4.594 | SLOW    |     2.395 | FAST    |
S_B_i[0][7][3] | S_C_o[4][7][3] |     4.270 | SLOW    |     2.213 | FAST    |
S_B_i[0][7][3] | S_C_o[4][7][4] |     4.265 | SLOW    |     2.205 | FAST    |
S_B_i[0][7][3] | S_C_o[4][7][5] |     4.507 | SLOW    |     2.344 | FAST    |
S_B_i[0][7][3] | S_C_o[4][7][6] |     4.529 | SLOW    |     2.358 | FAST    |
S_B_i[0][7][3] | S_C_o[4][7][7] |     4.594 | SLOW    |     2.395 | FAST    |
S_B_i[0][7][3] | S_C_o[5][7][3] |     4.270 | SLOW    |     2.213 | FAST    |
S_B_i[0][7][3] | S_C_o[5][7][4] |     4.265 | SLOW    |     2.205 | FAST    |
S_B_i[0][7][3] | S_C_o[5][7][5] |     4.507 | SLOW    |     2.344 | FAST    |
S_B_i[0][7][3] | S_C_o[5][7][6] |     4.529 | SLOW    |     2.358 | FAST    |
S_B_i[0][7][3] | S_C_o[5][7][7] |     4.594 | SLOW    |     2.395 | FAST    |
S_B_i[0][7][3] | S_C_o[6][7][3] |     4.270 | SLOW    |     2.213 | FAST    |
S_B_i[0][7][3] | S_C_o[6][7][4] |     4.265 | SLOW    |     2.205 | FAST    |
S_B_i[0][7][3] | S_C_o[6][7][5] |     4.507 | SLOW    |     2.344 | FAST    |
S_B_i[0][7][3] | S_C_o[6][7][6] |     4.529 | SLOW    |     2.358 | FAST    |
S_B_i[0][7][3] | S_C_o[6][7][7] |     4.594 | SLOW    |     2.395 | FAST    |
S_B_i[0][7][3] | S_C_o[7][7][3] |     4.270 | SLOW    |     2.213 | FAST    |
S_B_i[0][7][3] | S_C_o[7][7][4] |     4.265 | SLOW    |     2.205 | FAST    |
S_B_i[0][7][3] | S_C_o[7][7][5] |     4.507 | SLOW    |     2.344 | FAST    |
S_B_i[0][7][3] | S_C_o[7][7][6] |     4.529 | SLOW    |     2.358 | FAST    |
S_B_i[0][7][3] | S_C_o[7][7][7] |     4.594 | SLOW    |     2.395 | FAST    |
S_B_i[0][7][4] | S_C_o[0][7][4] |     4.261 | SLOW    |     2.209 | FAST    |
S_B_i[0][7][4] | S_C_o[0][7][5] |     4.484 | SLOW    |     2.326 | FAST    |
S_B_i[0][7][4] | S_C_o[0][7][6] |     4.506 | SLOW    |     2.340 | FAST    |
S_B_i[0][7][4] | S_C_o[0][7][7] |     4.571 | SLOW    |     2.377 | FAST    |
S_B_i[0][7][4] | S_C_o[1][7][4] |     4.261 | SLOW    |     2.209 | FAST    |
S_B_i[0][7][4] | S_C_o[1][7][5] |     4.484 | SLOW    |     2.326 | FAST    |
S_B_i[0][7][4] | S_C_o[1][7][6] |     4.506 | SLOW    |     2.340 | FAST    |
S_B_i[0][7][4] | S_C_o[1][7][7] |     4.571 | SLOW    |     2.377 | FAST    |
S_B_i[0][7][4] | S_C_o[2][7][4] |     4.261 | SLOW    |     2.209 | FAST    |
S_B_i[0][7][4] | S_C_o[2][7][5] |     4.484 | SLOW    |     2.326 | FAST    |
S_B_i[0][7][4] | S_C_o[2][7][6] |     4.506 | SLOW    |     2.340 | FAST    |
S_B_i[0][7][4] | S_C_o[2][7][7] |     4.571 | SLOW    |     2.377 | FAST    |
S_B_i[0][7][4] | S_C_o[3][7][4] |     4.261 | SLOW    |     2.209 | FAST    |
S_B_i[0][7][4] | S_C_o[3][7][5] |     4.484 | SLOW    |     2.326 | FAST    |
S_B_i[0][7][4] | S_C_o[3][7][6] |     4.506 | SLOW    |     2.340 | FAST    |
S_B_i[0][7][4] | S_C_o[3][7][7] |     4.571 | SLOW    |     2.377 | FAST    |
S_B_i[0][7][4] | S_C_o[4][7][4] |     4.261 | SLOW    |     2.209 | FAST    |
S_B_i[0][7][4] | S_C_o[4][7][5] |     4.484 | SLOW    |     2.326 | FAST    |
S_B_i[0][7][4] | S_C_o[4][7][6] |     4.506 | SLOW    |     2.340 | FAST    |
S_B_i[0][7][4] | S_C_o[4][7][7] |     4.571 | SLOW    |     2.377 | FAST    |
S_B_i[0][7][4] | S_C_o[5][7][4] |     4.261 | SLOW    |     2.209 | FAST    |
S_B_i[0][7][4] | S_C_o[5][7][5] |     4.484 | SLOW    |     2.326 | FAST    |
S_B_i[0][7][4] | S_C_o[5][7][6] |     4.506 | SLOW    |     2.340 | FAST    |
S_B_i[0][7][4] | S_C_o[5][7][7] |     4.571 | SLOW    |     2.377 | FAST    |
S_B_i[0][7][4] | S_C_o[6][7][4] |     4.261 | SLOW    |     2.209 | FAST    |
S_B_i[0][7][4] | S_C_o[6][7][5] |     4.484 | SLOW    |     2.326 | FAST    |
S_B_i[0][7][4] | S_C_o[6][7][6] |     4.506 | SLOW    |     2.340 | FAST    |
S_B_i[0][7][4] | S_C_o[6][7][7] |     4.571 | SLOW    |     2.377 | FAST    |
S_B_i[0][7][4] | S_C_o[7][7][4] |     4.261 | SLOW    |     2.209 | FAST    |
S_B_i[0][7][4] | S_C_o[7][7][5] |     4.484 | SLOW    |     2.326 | FAST    |
S_B_i[0][7][4] | S_C_o[7][7][6] |     4.506 | SLOW    |     2.340 | FAST    |
S_B_i[0][7][4] | S_C_o[7][7][7] |     4.571 | SLOW    |     2.377 | FAST    |
S_B_i[0][7][5] | S_C_o[0][7][5] |     4.270 | SLOW    |     2.213 | FAST    |
S_B_i[0][7][5] | S_C_o[0][7][6] |     4.287 | SLOW    |     2.219 | FAST    |
S_B_i[0][7][5] | S_C_o[0][7][7] |     4.265 | SLOW    |     2.205 | FAST    |
S_B_i[0][7][5] | S_C_o[1][7][5] |     4.270 | SLOW    |     2.213 | FAST    |
S_B_i[0][7][5] | S_C_o[1][7][6] |     4.287 | SLOW    |     2.219 | FAST    |
S_B_i[0][7][5] | S_C_o[1][7][7] |     4.265 | SLOW    |     2.205 | FAST    |
S_B_i[0][7][5] | S_C_o[2][7][5] |     4.270 | SLOW    |     2.213 | FAST    |
S_B_i[0][7][5] | S_C_o[2][7][6] |     4.287 | SLOW    |     2.219 | FAST    |
S_B_i[0][7][5] | S_C_o[2][7][7] |     4.265 | SLOW    |     2.205 | FAST    |
S_B_i[0][7][5] | S_C_o[3][7][5] |     4.270 | SLOW    |     2.213 | FAST    |
S_B_i[0][7][5] | S_C_o[3][7][6] |     4.287 | SLOW    |     2.219 | FAST    |
S_B_i[0][7][5] | S_C_o[3][7][7] |     4.265 | SLOW    |     2.205 | FAST    |
S_B_i[0][7][5] | S_C_o[4][7][5] |     4.270 | SLOW    |     2.213 | FAST    |
S_B_i[0][7][5] | S_C_o[4][7][6] |     4.287 | SLOW    |     2.219 | FAST    |
S_B_i[0][7][5] | S_C_o[4][7][7] |     4.265 | SLOW    |     2.205 | FAST    |
S_B_i[0][7][5] | S_C_o[5][7][5] |     4.270 | SLOW    |     2.213 | FAST    |
S_B_i[0][7][5] | S_C_o[5][7][6] |     4.287 | SLOW    |     2.219 | FAST    |
S_B_i[0][7][5] | S_C_o[5][7][7] |     4.265 | SLOW    |     2.205 | FAST    |
S_B_i[0][7][5] | S_C_o[6][7][5] |     4.270 | SLOW    |     2.213 | FAST    |
S_B_i[0][7][5] | S_C_o[6][7][6] |     4.287 | SLOW    |     2.219 | FAST    |
S_B_i[0][7][5] | S_C_o[6][7][7] |     4.265 | SLOW    |     2.205 | FAST    |
S_B_i[0][7][5] | S_C_o[7][7][5] |     4.270 | SLOW    |     2.213 | FAST    |
S_B_i[0][7][5] | S_C_o[7][7][6] |     4.287 | SLOW    |     2.219 | FAST    |
S_B_i[0][7][5] | S_C_o[7][7][7] |     4.265 | SLOW    |     2.205 | FAST    |
S_B_i[0][7][6] | S_C_o[0][7][6] |     4.292 | SLOW    |     2.229 | FAST    |
S_B_i[0][7][6] | S_C_o[0][7][7] |     4.261 | SLOW    |     2.209 | FAST    |
S_B_i[0][7][6] | S_C_o[1][7][6] |     4.292 | SLOW    |     2.229 | FAST    |
S_B_i[0][7][6] | S_C_o[1][7][7] |     4.261 | SLOW    |     2.209 | FAST    |
S_B_i[0][7][6] | S_C_o[2][7][6] |     4.292 | SLOW    |     2.229 | FAST    |
S_B_i[0][7][6] | S_C_o[2][7][7] |     4.261 | SLOW    |     2.209 | FAST    |
S_B_i[0][7][6] | S_C_o[3][7][6] |     4.292 | SLOW    |     2.229 | FAST    |
S_B_i[0][7][6] | S_C_o[3][7][7] |     4.261 | SLOW    |     2.209 | FAST    |
S_B_i[0][7][6] | S_C_o[4][7][6] |     4.292 | SLOW    |     2.229 | FAST    |
S_B_i[0][7][6] | S_C_o[4][7][7] |     4.261 | SLOW    |     2.209 | FAST    |
S_B_i[0][7][6] | S_C_o[5][7][6] |     4.292 | SLOW    |     2.229 | FAST    |
S_B_i[0][7][6] | S_C_o[5][7][7] |     4.261 | SLOW    |     2.209 | FAST    |
S_B_i[0][7][6] | S_C_o[6][7][6] |     4.292 | SLOW    |     2.229 | FAST    |
S_B_i[0][7][6] | S_C_o[6][7][7] |     4.261 | SLOW    |     2.209 | FAST    |
S_B_i[0][7][6] | S_C_o[7][7][6] |     4.292 | SLOW    |     2.229 | FAST    |
S_B_i[0][7][6] | S_C_o[7][7][7] |     4.261 | SLOW    |     2.209 | FAST    |
S_B_i[0][7][7] | S_C_o[0][7][7] |     4.444 | SLOW    |     2.314 | FAST    |
S_B_i[0][7][7] | S_C_o[1][7][7] |     4.444 | SLOW    |     2.314 | FAST    |
S_B_i[0][7][7] | S_C_o[2][7][7] |     4.444 | SLOW    |     2.314 | FAST    |
S_B_i[0][7][7] | S_C_o[3][7][7] |     4.444 | SLOW    |     2.314 | FAST    |
S_B_i[0][7][7] | S_C_o[4][7][7] |     4.444 | SLOW    |     2.314 | FAST    |
S_B_i[0][7][7] | S_C_o[5][7][7] |     4.444 | SLOW    |     2.314 | FAST    |
S_B_i[0][7][7] | S_C_o[6][7][7] |     4.444 | SLOW    |     2.314 | FAST    |
S_B_i[0][7][7] | S_C_o[7][7][7] |     4.444 | SLOW    |     2.314 | FAST    |
---------------+----------------+-----------+---------+-----------+---------+



