Copyright 1986-2022 Xilinx, Inc. All Rights Reserved. Copyright 2022-2024 Advanced Micro Devices, Inc. All Rights Reserved.
---------------------------------------------------------------------------------------------------------------------------------------------------------------------------------------------------------------------------------------------------------------------------------------
| Tool Version      : Vivado v.2024.2 (lin64) Build 5239630 Fri Nov 08 22:34:34 MST 2024
| Date              : Thu Jan 15 19:47:31 2026
| Host              : ee-kraken running 64-bit Red Hat Enterprise Linux 9.5 (Plow)
| Command           : report_timing_summary -datasheet -file ./src/attention/synth_output_matmul/matmul_fp_S_q_4_S_kv_4_d_kq_2_d_v_2_k_2_scale_width_8_M1_E_0_M1_M_7_M2_E_0_M2_M_7_M3_E_0_M3_M_7_ACCUM_METHOD_KULISCH_KULISCH_KULISCH_DSP_auto_auto_auto_time_20260115_1944_timing.rpt
| Design            : matmul_fp
| Device            : xcv80-lsva4737
| Speed File        : -2MHP  PRODUCTION 2.04 2024-08-06
| Design State      : Synthesized
| Temperature Grade : E
---------------------------------------------------------------------------------------------------------------------------------------------------------------------------------------------------------------------------------------------------------------------------------------

Timing Summary Report

------------------------------------------------------------------------------------------------
| Timer Settings
| --------------
------------------------------------------------------------------------------------------------

  Enable Multi Corner Analysis               :  Yes
  Enable Pessimism Removal                   :  Yes
  Pessimism Removal Resolution               :  Nearest Common Node
  Enable Input Delay Default Clock           :  No
  Enable Preset / Clear Arcs                 :  No
  Disable Flight Delays                      :  No
  Ignore I/O Paths                           :  No
  Timing Early Launch at Borrowing Latches   :  No
  Borrow Time for Max Delay Exceptions       :  Yes
  Merge Timing Exceptions                    :  Yes
  Inter-SLR Compensation                     :  Conservative

  Corner  Analyze    Analyze    
  Name    Max Paths  Min Paths  
  ------  ---------  ---------  
  Slow    Yes        Yes        
  Fast    Yes        Yes        


------------------------------------------------------------------------------------------------
| Report Methodology
| ------------------
------------------------------------------------------------------------------------------------

No report available as report_methodology has not been run prior. Run report_methodology on the current design for the summary of methodology violations.



check_timing report

Table of Contents
-----------------
1. checking no_clock (0)
2. checking constant_clock (0)
3. checking pulse_width_clock (0)
4. checking unconstrained_internal_endpoints (0)
5. checking no_input_delay (0)
6. checking no_output_delay (0)
7. checking multiple_clock (0)
8. checking generated_clocks (0)
9. checking loops (0)
10. checking partial_input_delay (0)
11. checking partial_output_delay (0)
12. checking latch_loops (0)

1. checking no_clock (0)
------------------------
 There are 0 register/latch pins with no clock.


2. checking constant_clock (0)
------------------------------
 There are 0 register/latch pins with constant_clock.


3. checking pulse_width_clock (0)
---------------------------------
 There are 0 register/latch pins which need pulse_width check


4. checking unconstrained_internal_endpoints (0)
------------------------------------------------
 There are 0 pins that are not constrained for maximum delay.

 There are 0 pins that are not constrained for maximum delay due to constant clock.


5. checking no_input_delay (0)
------------------------------
 There are 0 input ports with no input delay specified.

 There are 0 input ports with no input delay but user has a false path constraint.


6. checking no_output_delay (0)
-------------------------------
 There are 0 ports with no output delay specified.

 There are 0 ports with no output delay but user has a false path constraint

 There are 0 ports with no output delay but with a timing clock defined on it or propagating through it


7. checking multiple_clock (0)
------------------------------
 There are 0 register/latch pins with multiple clocks.


8. checking generated_clocks (0)
--------------------------------
 There are 0 generated clocks that are not connected to a clock source.


9. checking loops (0)
---------------------
 There are 0 combinational loops in the design.


10. checking partial_input_delay (0)
------------------------------------
 There are 0 input ports with partial input delay specified.


11. checking partial_output_delay (0)
-------------------------------------
 There are 0 ports with partial output delay specified.


12. checking latch_loops (0)
----------------------------
 There are 0 combinational latch loops in the design through latch input



------------------------------------------------------------------------------------------------
| Design Timing Summary
| ---------------------
------------------------------------------------------------------------------------------------

    WNS(ns)      TNS(ns)  TNS Failing Endpoints  TNS Total Endpoints      WHS(ns)      THS(ns)  THS Failing Endpoints  THS Total Endpoints     WPWS(ns)     TPWS(ns)  TPWS Failing Endpoints  TPWS Total Endpoints  
    -------      -------  ---------------------  -------------------      -------      -------  ---------------------  -------------------     --------     --------  ----------------------  --------------------  
         NA           NA                     NA                   NA           NA           NA                     NA                   NA           NA           NA                      NA                    NA  


All user specified timing constraints are met.


------------------------------------------------------------------------------------------------
| Clock Summary
| -------------
------------------------------------------------------------------------------------------------

Clock  Waveform(ns)         Period(ns)      Frequency(MHz)
-----  ------------         ----------      --------------
i_clk  {0.000 2.500}        5.000           200.000         


------------------------------------------------------------------------------------------------
| Intra Clock Table
| -----------------
------------------------------------------------------------------------------------------------

Clock             WNS(ns)      TNS(ns)  TNS Failing Endpoints  TNS Total Endpoints      WHS(ns)      THS(ns)  THS Failing Endpoints  THS Total Endpoints     WPWS(ns)     TPWS(ns)  TPWS Failing Endpoints  TPWS Total Endpoints  
-----             -------      -------  ---------------------  -------------------      -------      -------  ---------------------  -------------------     --------     --------  ----------------------  --------------------  


------------------------------------------------------------------------------------------------
| Inter Clock Table
| -----------------
------------------------------------------------------------------------------------------------

From Clock    To Clock          WNS(ns)      TNS(ns)  TNS Failing Endpoints  TNS Total Endpoints      WHS(ns)      THS(ns)  THS Failing Endpoints  THS Total Endpoints  
----------    --------          -------      -------  ---------------------  -------------------      -------      -------  ---------------------  -------------------  


------------------------------------------------------------------------------------------------
| Other Path Groups Table
| -----------------------
------------------------------------------------------------------------------------------------

Path Group    From Clock    To Clock          WNS(ns)      TNS(ns)  TNS Failing Endpoints  TNS Total Endpoints      WHS(ns)      THS(ns)  THS Failing Endpoints  THS Total Endpoints  
----------    ----------    --------          -------      -------  ---------------------  -------------------      -------      -------  ---------------------  -------------------  


------------------------------------------------------------------------------------------------
| Timing Details
| --------------
------------------------------------------------------------------------------------------------


------------------------------------------------------------------------------------------------
| Data sheet
| ----------
------------------------------------------------------------------------------------------------

Combinational Delays

---------------+----------------+-----------+---------+-----------+---------+
From           | To             |   Max     | Process |   Min     | Process |
Port           | Port           | Delay(ns) | Corner  | Delay(ns) | Corner  |
---------------+----------------+-----------+---------+-----------+---------+
A_i[0][0][0]   | C_o[0][0][0]   |     5.667 | SLOW    |     2.522 | FAST    |
A_i[0][0][0]   | C_o[0][0][1]   |     5.681 | SLOW    |     2.517 | FAST    |
A_i[0][0][0]   | C_o[0][0][2]   |     5.667 | SLOW    |     2.507 | FAST    |
A_i[0][0][0]   | C_o[0][0][3]   |     5.673 | SLOW    |     2.512 | FAST    |
A_i[0][0][0]   | C_o[0][0][4]   |     5.682 | SLOW    |     2.517 | FAST    |
A_i[0][0][0]   | C_o[0][0][5]   |     5.639 | SLOW    |     2.490 | FAST    |
A_i[0][0][0]   | C_o[0][0][6]   |     5.645 | SLOW    |     2.494 | FAST    |
A_i[0][0][0]   | C_o[0][0][7]   |     5.664 | SLOW    |     2.506 | FAST    |
A_i[0][0][0]   | C_o[0][1][0]   |     5.667 | SLOW    |     2.522 | FAST    |
A_i[0][0][0]   | C_o[0][1][1]   |     5.681 | SLOW    |     2.517 | FAST    |
A_i[0][0][0]   | C_o[0][1][2]   |     5.667 | SLOW    |     2.507 | FAST    |
A_i[0][0][0]   | C_o[0][1][3]   |     5.673 | SLOW    |     2.512 | FAST    |
A_i[0][0][0]   | C_o[0][1][4]   |     5.682 | SLOW    |     2.517 | FAST    |
A_i[0][0][0]   | C_o[0][1][5]   |     5.639 | SLOW    |     2.490 | FAST    |
A_i[0][0][0]   | C_o[0][1][6]   |     5.645 | SLOW    |     2.494 | FAST    |
A_i[0][0][0]   | C_o[0][1][7]   |     5.664 | SLOW    |     2.506 | FAST    |
A_i[0][0][0]   | C_o[0][2][0]   |     5.667 | SLOW    |     2.522 | FAST    |
A_i[0][0][0]   | C_o[0][2][1]   |     5.681 | SLOW    |     2.517 | FAST    |
A_i[0][0][0]   | C_o[0][2][2]   |     5.667 | SLOW    |     2.507 | FAST    |
A_i[0][0][0]   | C_o[0][2][3]   |     5.673 | SLOW    |     2.512 | FAST    |
A_i[0][0][0]   | C_o[0][2][4]   |     5.682 | SLOW    |     2.517 | FAST    |
A_i[0][0][0]   | C_o[0][2][5]   |     5.639 | SLOW    |     2.490 | FAST    |
A_i[0][0][0]   | C_o[0][2][6]   |     5.645 | SLOW    |     2.494 | FAST    |
A_i[0][0][0]   | C_o[0][2][7]   |     5.664 | SLOW    |     2.506 | FAST    |
A_i[0][0][0]   | C_o[0][3][0]   |     5.667 | SLOW    |     2.522 | FAST    |
A_i[0][0][0]   | C_o[0][3][1]   |     5.681 | SLOW    |     2.517 | FAST    |
A_i[0][0][0]   | C_o[0][3][2]   |     5.667 | SLOW    |     2.507 | FAST    |
A_i[0][0][0]   | C_o[0][3][3]   |     5.673 | SLOW    |     2.512 | FAST    |
A_i[0][0][0]   | C_o[0][3][4]   |     5.682 | SLOW    |     2.517 | FAST    |
A_i[0][0][0]   | C_o[0][3][5]   |     5.639 | SLOW    |     2.490 | FAST    |
A_i[0][0][0]   | C_o[0][3][6]   |     5.645 | SLOW    |     2.494 | FAST    |
A_i[0][0][0]   | C_o[0][3][7]   |     5.664 | SLOW    |     2.506 | FAST    |
A_i[0][0][1]   | C_o[0][0][1]   |     5.680 | SLOW    |     2.531 | FAST    |
A_i[0][0][1]   | C_o[0][0][2]   |     5.666 | SLOW    |     2.507 | FAST    |
A_i[0][0][1]   | C_o[0][0][3]   |     5.672 | SLOW    |     2.512 | FAST    |
A_i[0][0][1]   | C_o[0][0][4]   |     5.681 | SLOW    |     2.517 | FAST    |
A_i[0][0][1]   | C_o[0][0][5]   |     5.638 | SLOW    |     2.490 | FAST    |
A_i[0][0][1]   | C_o[0][0][6]   |     5.644 | SLOW    |     2.494 | FAST    |
A_i[0][0][1]   | C_o[0][0][7]   |     5.663 | SLOW    |     2.506 | FAST    |
A_i[0][0][1]   | C_o[0][1][1]   |     5.680 | SLOW    |     2.531 | FAST    |
A_i[0][0][1]   | C_o[0][1][2]   |     5.666 | SLOW    |     2.507 | FAST    |
A_i[0][0][1]   | C_o[0][1][3]   |     5.672 | SLOW    |     2.512 | FAST    |
A_i[0][0][1]   | C_o[0][1][4]   |     5.681 | SLOW    |     2.517 | FAST    |
A_i[0][0][1]   | C_o[0][1][5]   |     5.638 | SLOW    |     2.490 | FAST    |
A_i[0][0][1]   | C_o[0][1][6]   |     5.644 | SLOW    |     2.494 | FAST    |
A_i[0][0][1]   | C_o[0][1][7]   |     5.663 | SLOW    |     2.506 | FAST    |
A_i[0][0][1]   | C_o[0][2][1]   |     5.680 | SLOW    |     2.531 | FAST    |
A_i[0][0][1]   | C_o[0][2][2]   |     5.666 | SLOW    |     2.507 | FAST    |
A_i[0][0][1]   | C_o[0][2][3]   |     5.672 | SLOW    |     2.512 | FAST    |
A_i[0][0][1]   | C_o[0][2][4]   |     5.681 | SLOW    |     2.517 | FAST    |
A_i[0][0][1]   | C_o[0][2][5]   |     5.638 | SLOW    |     2.490 | FAST    |
A_i[0][0][1]   | C_o[0][2][6]   |     5.644 | SLOW    |     2.494 | FAST    |
A_i[0][0][1]   | C_o[0][2][7]   |     5.663 | SLOW    |     2.506 | FAST    |
A_i[0][0][1]   | C_o[0][3][1]   |     5.680 | SLOW    |     2.531 | FAST    |
A_i[0][0][1]   | C_o[0][3][2]   |     5.666 | SLOW    |     2.507 | FAST    |
A_i[0][0][1]   | C_o[0][3][3]   |     5.672 | SLOW    |     2.512 | FAST    |
A_i[0][0][1]   | C_o[0][3][4]   |     5.681 | SLOW    |     2.517 | FAST    |
A_i[0][0][1]   | C_o[0][3][5]   |     5.638 | SLOW    |     2.490 | FAST    |
A_i[0][0][1]   | C_o[0][3][6]   |     5.644 | SLOW    |     2.494 | FAST    |
A_i[0][0][1]   | C_o[0][3][7]   |     5.663 | SLOW    |     2.506 | FAST    |
A_i[0][0][2]   | C_o[0][0][2]   |     5.668 | SLOW    |     2.521 | FAST    |
A_i[0][0][2]   | C_o[0][0][3]   |     5.674 | SLOW    |     2.512 | FAST    |
A_i[0][0][2]   | C_o[0][0][4]   |     5.683 | SLOW    |     2.517 | FAST    |
A_i[0][0][2]   | C_o[0][0][5]   |     5.640 | SLOW    |     2.490 | FAST    |
A_i[0][0][2]   | C_o[0][0][6]   |     5.646 | SLOW    |     2.494 | FAST    |
A_i[0][0][2]   | C_o[0][0][7]   |     5.665 | SLOW    |     2.506 | FAST    |
A_i[0][0][2]   | C_o[0][1][2]   |     5.668 | SLOW    |     2.521 | FAST    |
A_i[0][0][2]   | C_o[0][1][3]   |     5.674 | SLOW    |     2.512 | FAST    |
A_i[0][0][2]   | C_o[0][1][4]   |     5.683 | SLOW    |     2.517 | FAST    |
A_i[0][0][2]   | C_o[0][1][5]   |     5.640 | SLOW    |     2.490 | FAST    |
A_i[0][0][2]   | C_o[0][1][6]   |     5.646 | SLOW    |     2.494 | FAST    |
A_i[0][0][2]   | C_o[0][1][7]   |     5.665 | SLOW    |     2.506 | FAST    |
A_i[0][0][2]   | C_o[0][2][2]   |     5.668 | SLOW    |     2.521 | FAST    |
A_i[0][0][2]   | C_o[0][2][3]   |     5.674 | SLOW    |     2.512 | FAST    |
A_i[0][0][2]   | C_o[0][2][4]   |     5.683 | SLOW    |     2.517 | FAST    |
A_i[0][0][2]   | C_o[0][2][5]   |     5.640 | SLOW    |     2.490 | FAST    |
A_i[0][0][2]   | C_o[0][2][6]   |     5.646 | SLOW    |     2.494 | FAST    |
A_i[0][0][2]   | C_o[0][2][7]   |     5.665 | SLOW    |     2.506 | FAST    |
A_i[0][0][2]   | C_o[0][3][2]   |     5.668 | SLOW    |     2.521 | FAST    |
A_i[0][0][2]   | C_o[0][3][3]   |     5.674 | SLOW    |     2.512 | FAST    |
A_i[0][0][2]   | C_o[0][3][4]   |     5.683 | SLOW    |     2.517 | FAST    |
A_i[0][0][2]   | C_o[0][3][5]   |     5.640 | SLOW    |     2.490 | FAST    |
A_i[0][0][2]   | C_o[0][3][6]   |     5.646 | SLOW    |     2.494 | FAST    |
A_i[0][0][2]   | C_o[0][3][7]   |     5.665 | SLOW    |     2.506 | FAST    |
A_i[0][0][3]   | C_o[0][0][3]   |     5.673 | SLOW    |     2.526 | FAST    |
A_i[0][0][3]   | C_o[0][0][4]   |     5.682 | SLOW    |     2.517 | FAST    |
A_i[0][0][3]   | C_o[0][0][5]   |     5.639 | SLOW    |     2.490 | FAST    |
A_i[0][0][3]   | C_o[0][0][6]   |     5.645 | SLOW    |     2.494 | FAST    |
A_i[0][0][3]   | C_o[0][0][7]   |     5.664 | SLOW    |     2.506 | FAST    |
A_i[0][0][3]   | C_o[0][1][3]   |     5.673 | SLOW    |     2.526 | FAST    |
A_i[0][0][3]   | C_o[0][1][4]   |     5.682 | SLOW    |     2.517 | FAST    |
A_i[0][0][3]   | C_o[0][1][5]   |     5.639 | SLOW    |     2.490 | FAST    |
A_i[0][0][3]   | C_o[0][1][6]   |     5.645 | SLOW    |     2.494 | FAST    |
A_i[0][0][3]   | C_o[0][1][7]   |     5.664 | SLOW    |     2.506 | FAST    |
A_i[0][0][3]   | C_o[0][2][3]   |     5.673 | SLOW    |     2.526 | FAST    |
A_i[0][0][3]   | C_o[0][2][4]   |     5.682 | SLOW    |     2.517 | FAST    |
A_i[0][0][3]   | C_o[0][2][5]   |     5.639 | SLOW    |     2.490 | FAST    |
A_i[0][0][3]   | C_o[0][2][6]   |     5.645 | SLOW    |     2.494 | FAST    |
A_i[0][0][3]   | C_o[0][2][7]   |     5.664 | SLOW    |     2.506 | FAST    |
A_i[0][0][3]   | C_o[0][3][3]   |     5.673 | SLOW    |     2.526 | FAST    |
A_i[0][0][3]   | C_o[0][3][4]   |     5.682 | SLOW    |     2.517 | FAST    |
A_i[0][0][3]   | C_o[0][3][5]   |     5.639 | SLOW    |     2.490 | FAST    |
A_i[0][0][3]   | C_o[0][3][6]   |     5.645 | SLOW    |     2.494 | FAST    |
A_i[0][0][3]   | C_o[0][3][7]   |     5.664 | SLOW    |     2.506 | FAST    |
A_i[0][0][4]   | C_o[0][0][4]   |     5.683 | SLOW    |     2.533 | FAST    |
A_i[0][0][4]   | C_o[0][0][5]   |     5.640 | SLOW    |     2.492 | FAST    |
A_i[0][0][4]   | C_o[0][0][6]   |     5.646 | SLOW    |     2.496 | FAST    |
A_i[0][0][4]   | C_o[0][0][7]   |     5.665 | SLOW    |     2.508 | FAST    |
A_i[0][0][4]   | C_o[0][1][4]   |     5.683 | SLOW    |     2.533 | FAST    |
A_i[0][0][4]   | C_o[0][1][5]   |     5.640 | SLOW    |     2.492 | FAST    |
A_i[0][0][4]   | C_o[0][1][6]   |     5.646 | SLOW    |     2.496 | FAST    |
A_i[0][0][4]   | C_o[0][1][7]   |     5.665 | SLOW    |     2.508 | FAST    |
A_i[0][0][4]   | C_o[0][2][4]   |     5.683 | SLOW    |     2.533 | FAST    |
A_i[0][0][4]   | C_o[0][2][5]   |     5.640 | SLOW    |     2.492 | FAST    |
A_i[0][0][4]   | C_o[0][2][6]   |     5.646 | SLOW    |     2.496 | FAST    |
A_i[0][0][4]   | C_o[0][2][7]   |     5.665 | SLOW    |     2.508 | FAST    |
A_i[0][0][4]   | C_o[0][3][4]   |     5.683 | SLOW    |     2.533 | FAST    |
A_i[0][0][4]   | C_o[0][3][5]   |     5.640 | SLOW    |     2.492 | FAST    |
A_i[0][0][4]   | C_o[0][3][6]   |     5.646 | SLOW    |     2.496 | FAST    |
A_i[0][0][4]   | C_o[0][3][7]   |     5.665 | SLOW    |     2.508 | FAST    |
A_i[0][0][5]   | C_o[0][0][5]   |     5.650 | SLOW    |     2.512 | FAST    |
A_i[0][0][5]   | C_o[0][0][6]   |     5.656 | SLOW    |     2.502 | FAST    |
A_i[0][0][5]   | C_o[0][0][7]   |     5.675 | SLOW    |     2.514 | FAST    |
A_i[0][0][5]   | C_o[0][1][5]   |     5.650 | SLOW    |     2.512 | FAST    |
A_i[0][0][5]   | C_o[0][1][6]   |     5.656 | SLOW    |     2.502 | FAST    |
A_i[0][0][5]   | C_o[0][1][7]   |     5.675 | SLOW    |     2.514 | FAST    |
A_i[0][0][5]   | C_o[0][2][5]   |     5.650 | SLOW    |     2.512 | FAST    |
A_i[0][0][5]   | C_o[0][2][6]   |     5.656 | SLOW    |     2.502 | FAST    |
A_i[0][0][5]   | C_o[0][2][7]   |     5.675 | SLOW    |     2.514 | FAST    |
A_i[0][0][5]   | C_o[0][3][5]   |     5.650 | SLOW    |     2.512 | FAST    |
A_i[0][0][5]   | C_o[0][3][6]   |     5.656 | SLOW    |     2.502 | FAST    |
A_i[0][0][5]   | C_o[0][3][7]   |     5.675 | SLOW    |     2.514 | FAST    |
A_i[0][0][6]   | C_o[0][0][6]   |     5.715 | SLOW    |     2.539 | FAST    |
A_i[0][0][6]   | C_o[0][0][7]   |     5.734 | SLOW    |     2.533 | FAST    |
A_i[0][0][6]   | C_o[0][1][6]   |     5.715 | SLOW    |     2.539 | FAST    |
A_i[0][0][6]   | C_o[0][1][7]   |     5.734 | SLOW    |     2.533 | FAST    |
A_i[0][0][6]   | C_o[0][2][6]   |     5.715 | SLOW    |     2.539 | FAST    |
A_i[0][0][6]   | C_o[0][2][7]   |     5.734 | SLOW    |     2.533 | FAST    |
A_i[0][0][6]   | C_o[0][3][6]   |     5.715 | SLOW    |     2.539 | FAST    |
A_i[0][0][6]   | C_o[0][3][7]   |     5.734 | SLOW    |     2.533 | FAST    |
A_i[0][0][7]   | C_o[0][0][6]   |     5.679 | SLOW    |     2.518 | FAST    |
A_i[0][0][7]   | C_o[0][0][7]   |     5.698 | SLOW    |     2.511 | FAST    |
A_i[0][0][7]   | C_o[0][1][6]   |     5.679 | SLOW    |     2.518 | FAST    |
A_i[0][0][7]   | C_o[0][1][7]   |     5.698 | SLOW    |     2.511 | FAST    |
A_i[0][0][7]   | C_o[0][2][6]   |     5.679 | SLOW    |     2.518 | FAST    |
A_i[0][0][7]   | C_o[0][2][7]   |     5.698 | SLOW    |     2.511 | FAST    |
A_i[0][0][7]   | C_o[0][3][6]   |     5.679 | SLOW    |     2.518 | FAST    |
A_i[0][0][7]   | C_o[0][3][7]   |     5.698 | SLOW    |     2.511 | FAST    |
A_i[0][1][0]   | C_o[0][0][0]   |     5.666 | SLOW    |     2.513 | FAST    |
A_i[0][1][0]   | C_o[0][0][1]   |     5.680 | SLOW    |     2.503 | FAST    |
A_i[0][1][0]   | C_o[0][0][2]   |     5.666 | SLOW    |     2.493 | FAST    |
A_i[0][1][0]   | C_o[0][0][3]   |     5.672 | SLOW    |     2.498 | FAST    |
A_i[0][1][0]   | C_o[0][0][4]   |     5.681 | SLOW    |     2.503 | FAST    |
A_i[0][1][0]   | C_o[0][0][5]   |     5.638 | SLOW    |     2.476 | FAST    |
A_i[0][1][0]   | C_o[0][0][6]   |     5.644 | SLOW    |     2.480 | FAST    |
A_i[0][1][0]   | C_o[0][0][7]   |     5.663 | SLOW    |     2.492 | FAST    |
A_i[0][1][0]   | C_o[0][1][0]   |     5.666 | SLOW    |     2.513 | FAST    |
A_i[0][1][0]   | C_o[0][1][1]   |     5.680 | SLOW    |     2.503 | FAST    |
A_i[0][1][0]   | C_o[0][1][2]   |     5.666 | SLOW    |     2.493 | FAST    |
A_i[0][1][0]   | C_o[0][1][3]   |     5.672 | SLOW    |     2.498 | FAST    |
A_i[0][1][0]   | C_o[0][1][4]   |     5.681 | SLOW    |     2.503 | FAST    |
A_i[0][1][0]   | C_o[0][1][5]   |     5.638 | SLOW    |     2.476 | FAST    |
A_i[0][1][0]   | C_o[0][1][6]   |     5.644 | SLOW    |     2.480 | FAST    |
A_i[0][1][0]   | C_o[0][1][7]   |     5.663 | SLOW    |     2.492 | FAST    |
A_i[0][1][0]   | C_o[0][2][0]   |     5.666 | SLOW    |     2.513 | FAST    |
A_i[0][1][0]   | C_o[0][2][1]   |     5.680 | SLOW    |     2.503 | FAST    |
A_i[0][1][0]   | C_o[0][2][2]   |     5.666 | SLOW    |     2.493 | FAST    |
A_i[0][1][0]   | C_o[0][2][3]   |     5.672 | SLOW    |     2.498 | FAST    |
A_i[0][1][0]   | C_o[0][2][4]   |     5.681 | SLOW    |     2.503 | FAST    |
A_i[0][1][0]   | C_o[0][2][5]   |     5.638 | SLOW    |     2.476 | FAST    |
A_i[0][1][0]   | C_o[0][2][6]   |     5.644 | SLOW    |     2.480 | FAST    |
A_i[0][1][0]   | C_o[0][2][7]   |     5.663 | SLOW    |     2.492 | FAST    |
A_i[0][1][0]   | C_o[0][3][0]   |     5.666 | SLOW    |     2.513 | FAST    |
A_i[0][1][0]   | C_o[0][3][1]   |     5.680 | SLOW    |     2.503 | FAST    |
A_i[0][1][0]   | C_o[0][3][2]   |     5.666 | SLOW    |     2.493 | FAST    |
A_i[0][1][0]   | C_o[0][3][3]   |     5.672 | SLOW    |     2.498 | FAST    |
A_i[0][1][0]   | C_o[0][3][4]   |     5.681 | SLOW    |     2.503 | FAST    |
A_i[0][1][0]   | C_o[0][3][5]   |     5.638 | SLOW    |     2.476 | FAST    |
A_i[0][1][0]   | C_o[0][3][6]   |     5.644 | SLOW    |     2.480 | FAST    |
A_i[0][1][0]   | C_o[0][3][7]   |     5.663 | SLOW    |     2.492 | FAST    |
A_i[0][1][1]   | C_o[0][0][1]   |     5.662 | SLOW    |     2.520 | FAST    |
A_i[0][1][1]   | C_o[0][0][2]   |     5.675 | SLOW    |     2.508 | FAST    |
A_i[0][1][1]   | C_o[0][0][3]   |     5.681 | SLOW    |     2.503 | FAST    |
A_i[0][1][1]   | C_o[0][0][4]   |     5.690 | SLOW    |     2.508 | FAST    |
A_i[0][1][1]   | C_o[0][0][5]   |     5.647 | SLOW    |     2.481 | FAST    |
A_i[0][1][1]   | C_o[0][0][6]   |     5.653 | SLOW    |     2.485 | FAST    |
A_i[0][1][1]   | C_o[0][0][7]   |     5.672 | SLOW    |     2.497 | FAST    |
A_i[0][1][1]   | C_o[0][1][1]   |     5.662 | SLOW    |     2.520 | FAST    |
A_i[0][1][1]   | C_o[0][1][2]   |     5.675 | SLOW    |     2.508 | FAST    |
A_i[0][1][1]   | C_o[0][1][3]   |     5.681 | SLOW    |     2.503 | FAST    |
A_i[0][1][1]   | C_o[0][1][4]   |     5.690 | SLOW    |     2.508 | FAST    |
A_i[0][1][1]   | C_o[0][1][5]   |     5.647 | SLOW    |     2.481 | FAST    |
A_i[0][1][1]   | C_o[0][1][6]   |     5.653 | SLOW    |     2.485 | FAST    |
A_i[0][1][1]   | C_o[0][1][7]   |     5.672 | SLOW    |     2.497 | FAST    |
A_i[0][1][1]   | C_o[0][2][1]   |     5.662 | SLOW    |     2.520 | FAST    |
A_i[0][1][1]   | C_o[0][2][2]   |     5.675 | SLOW    |     2.508 | FAST    |
A_i[0][1][1]   | C_o[0][2][3]   |     5.681 | SLOW    |     2.503 | FAST    |
A_i[0][1][1]   | C_o[0][2][4]   |     5.690 | SLOW    |     2.508 | FAST    |
A_i[0][1][1]   | C_o[0][2][5]   |     5.647 | SLOW    |     2.481 | FAST    |
A_i[0][1][1]   | C_o[0][2][6]   |     5.653 | SLOW    |     2.485 | FAST    |
A_i[0][1][1]   | C_o[0][2][7]   |     5.672 | SLOW    |     2.497 | FAST    |
A_i[0][1][1]   | C_o[0][3][1]   |     5.662 | SLOW    |     2.520 | FAST    |
A_i[0][1][1]   | C_o[0][3][2]   |     5.675 | SLOW    |     2.508 | FAST    |
A_i[0][1][1]   | C_o[0][3][3]   |     5.681 | SLOW    |     2.503 | FAST    |
A_i[0][1][1]   | C_o[0][3][4]   |     5.690 | SLOW    |     2.508 | FAST    |
A_i[0][1][1]   | C_o[0][3][5]   |     5.647 | SLOW    |     2.481 | FAST    |
A_i[0][1][1]   | C_o[0][3][6]   |     5.653 | SLOW    |     2.485 | FAST    |
A_i[0][1][1]   | C_o[0][3][7]   |     5.672 | SLOW    |     2.497 | FAST    |
A_i[0][1][2]   | C_o[0][0][2]   |     5.674 | SLOW    |     2.519 | FAST    |
A_i[0][1][2]   | C_o[0][0][3]   |     5.680 | SLOW    |     2.505 | FAST    |
A_i[0][1][2]   | C_o[0][0][4]   |     5.689 | SLOW    |     2.510 | FAST    |
A_i[0][1][2]   | C_o[0][0][5]   |     5.646 | SLOW    |     2.483 | FAST    |
A_i[0][1][2]   | C_o[0][0][6]   |     5.652 | SLOW    |     2.487 | FAST    |
A_i[0][1][2]   | C_o[0][0][7]   |     5.671 | SLOW    |     2.499 | FAST    |
A_i[0][1][2]   | C_o[0][1][2]   |     5.674 | SLOW    |     2.519 | FAST    |
A_i[0][1][2]   | C_o[0][1][3]   |     5.680 | SLOW    |     2.505 | FAST    |
A_i[0][1][2]   | C_o[0][1][4]   |     5.689 | SLOW    |     2.510 | FAST    |
A_i[0][1][2]   | C_o[0][1][5]   |     5.646 | SLOW    |     2.483 | FAST    |
A_i[0][1][2]   | C_o[0][1][6]   |     5.652 | SLOW    |     2.487 | FAST    |
A_i[0][1][2]   | C_o[0][1][7]   |     5.671 | SLOW    |     2.499 | FAST    |
A_i[0][1][2]   | C_o[0][2][2]   |     5.674 | SLOW    |     2.519 | FAST    |
A_i[0][1][2]   | C_o[0][2][3]   |     5.680 | SLOW    |     2.505 | FAST    |
A_i[0][1][2]   | C_o[0][2][4]   |     5.689 | SLOW    |     2.510 | FAST    |
A_i[0][1][2]   | C_o[0][2][5]   |     5.646 | SLOW    |     2.483 | FAST    |
A_i[0][1][2]   | C_o[0][2][6]   |     5.652 | SLOW    |     2.487 | FAST    |
A_i[0][1][2]   | C_o[0][2][7]   |     5.671 | SLOW    |     2.499 | FAST    |
A_i[0][1][2]   | C_o[0][3][2]   |     5.674 | SLOW    |     2.519 | FAST    |
A_i[0][1][2]   | C_o[0][3][3]   |     5.680 | SLOW    |     2.505 | FAST    |
A_i[0][1][2]   | C_o[0][3][4]   |     5.689 | SLOW    |     2.510 | FAST    |
A_i[0][1][2]   | C_o[0][3][5]   |     5.646 | SLOW    |     2.483 | FAST    |
A_i[0][1][2]   | C_o[0][3][6]   |     5.652 | SLOW    |     2.487 | FAST    |
A_i[0][1][2]   | C_o[0][3][7]   |     5.671 | SLOW    |     2.499 | FAST    |
A_i[0][1][3]   | C_o[0][0][3]   |     5.670 | SLOW    |     2.516 | FAST    |
A_i[0][1][3]   | C_o[0][0][4]   |     5.679 | SLOW    |     2.502 | FAST    |
A_i[0][1][3]   | C_o[0][0][5]   |     5.636 | SLOW    |     2.475 | FAST    |
A_i[0][1][3]   | C_o[0][0][6]   |     5.642 | SLOW    |     2.479 | FAST    |
A_i[0][1][3]   | C_o[0][0][7]   |     5.661 | SLOW    |     2.491 | FAST    |
A_i[0][1][3]   | C_o[0][1][3]   |     5.670 | SLOW    |     2.516 | FAST    |
A_i[0][1][3]   | C_o[0][1][4]   |     5.679 | SLOW    |     2.502 | FAST    |
A_i[0][1][3]   | C_o[0][1][5]   |     5.636 | SLOW    |     2.475 | FAST    |
A_i[0][1][3]   | C_o[0][1][6]   |     5.642 | SLOW    |     2.479 | FAST    |
A_i[0][1][3]   | C_o[0][1][7]   |     5.661 | SLOW    |     2.491 | FAST    |
A_i[0][1][3]   | C_o[0][2][3]   |     5.670 | SLOW    |     2.516 | FAST    |
A_i[0][1][3]   | C_o[0][2][4]   |     5.679 | SLOW    |     2.502 | FAST    |
A_i[0][1][3]   | C_o[0][2][5]   |     5.636 | SLOW    |     2.475 | FAST    |
A_i[0][1][3]   | C_o[0][2][6]   |     5.642 | SLOW    |     2.479 | FAST    |
A_i[0][1][3]   | C_o[0][2][7]   |     5.661 | SLOW    |     2.491 | FAST    |
A_i[0][1][3]   | C_o[0][3][3]   |     5.670 | SLOW    |     2.516 | FAST    |
A_i[0][1][3]   | C_o[0][3][4]   |     5.679 | SLOW    |     2.502 | FAST    |
A_i[0][1][3]   | C_o[0][3][5]   |     5.636 | SLOW    |     2.475 | FAST    |
A_i[0][1][3]   | C_o[0][3][6]   |     5.642 | SLOW    |     2.479 | FAST    |
A_i[0][1][3]   | C_o[0][3][7]   |     5.661 | SLOW    |     2.491 | FAST    |
A_i[0][1][4]   | C_o[0][0][4]   |     5.681 | SLOW    |     2.522 | FAST    |
A_i[0][1][4]   | C_o[0][0][5]   |     5.638 | SLOW    |     2.476 | FAST    |
A_i[0][1][4]   | C_o[0][0][6]   |     5.644 | SLOW    |     2.480 | FAST    |
A_i[0][1][4]   | C_o[0][0][7]   |     5.663 | SLOW    |     2.492 | FAST    |
A_i[0][1][4]   | C_o[0][1][4]   |     5.681 | SLOW    |     2.522 | FAST    |
A_i[0][1][4]   | C_o[0][1][5]   |     5.638 | SLOW    |     2.476 | FAST    |
A_i[0][1][4]   | C_o[0][1][6]   |     5.644 | SLOW    |     2.480 | FAST    |
A_i[0][1][4]   | C_o[0][1][7]   |     5.663 | SLOW    |     2.492 | FAST    |
A_i[0][1][4]   | C_o[0][2][4]   |     5.681 | SLOW    |     2.522 | FAST    |
A_i[0][1][4]   | C_o[0][2][5]   |     5.638 | SLOW    |     2.476 | FAST    |
A_i[0][1][4]   | C_o[0][2][6]   |     5.644 | SLOW    |     2.480 | FAST    |
A_i[0][1][4]   | C_o[0][2][7]   |     5.663 | SLOW    |     2.492 | FAST    |
A_i[0][1][4]   | C_o[0][3][4]   |     5.681 | SLOW    |     2.522 | FAST    |
A_i[0][1][4]   | C_o[0][3][5]   |     5.638 | SLOW    |     2.476 | FAST    |
A_i[0][1][4]   | C_o[0][3][6]   |     5.644 | SLOW    |     2.480 | FAST    |
A_i[0][1][4]   | C_o[0][3][7]   |     5.663 | SLOW    |     2.492 | FAST    |
A_i[0][1][5]   | C_o[0][0][5]   |     5.639 | SLOW    |     2.495 | FAST    |
A_i[0][1][5]   | C_o[0][0][6]   |     5.645 | SLOW    |     2.480 | FAST    |
A_i[0][1][5]   | C_o[0][0][7]   |     5.664 | SLOW    |     2.492 | FAST    |
A_i[0][1][5]   | C_o[0][1][5]   |     5.639 | SLOW    |     2.495 | FAST    |
A_i[0][1][5]   | C_o[0][1][6]   |     5.645 | SLOW    |     2.480 | FAST    |
A_i[0][1][5]   | C_o[0][1][7]   |     5.664 | SLOW    |     2.492 | FAST    |
A_i[0][1][5]   | C_o[0][2][5]   |     5.639 | SLOW    |     2.495 | FAST    |
A_i[0][1][5]   | C_o[0][2][6]   |     5.645 | SLOW    |     2.480 | FAST    |
A_i[0][1][5]   | C_o[0][2][7]   |     5.664 | SLOW    |     2.492 | FAST    |
A_i[0][1][5]   | C_o[0][3][5]   |     5.639 | SLOW    |     2.495 | FAST    |
A_i[0][1][5]   | C_o[0][3][6]   |     5.645 | SLOW    |     2.480 | FAST    |
A_i[0][1][5]   | C_o[0][3][7]   |     5.664 | SLOW    |     2.492 | FAST    |
A_i[0][1][6]   | C_o[0][0][6]   |     5.676 | SLOW    |     2.513 | FAST    |
A_i[0][1][6]   | C_o[0][0][7]   |     5.695 | SLOW    |     2.507 | FAST    |
A_i[0][1][6]   | C_o[0][1][6]   |     5.676 | SLOW    |     2.513 | FAST    |
A_i[0][1][6]   | C_o[0][1][7]   |     5.695 | SLOW    |     2.507 | FAST    |
A_i[0][1][6]   | C_o[0][2][6]   |     5.676 | SLOW    |     2.513 | FAST    |
A_i[0][1][6]   | C_o[0][2][7]   |     5.695 | SLOW    |     2.507 | FAST    |
A_i[0][1][6]   | C_o[0][3][6]   |     5.676 | SLOW    |     2.513 | FAST    |
A_i[0][1][6]   | C_o[0][3][7]   |     5.695 | SLOW    |     2.507 | FAST    |
A_i[0][1][7]   | C_o[0][0][6]   |     5.647 | SLOW    |     2.482 | FAST    |
A_i[0][1][7]   | C_o[0][0][7]   |     5.680 | SLOW    |     2.480 | FAST    |
A_i[0][1][7]   | C_o[0][1][6]   |     5.647 | SLOW    |     2.482 | FAST    |
A_i[0][1][7]   | C_o[0][1][7]   |     5.680 | SLOW    |     2.480 | FAST    |
A_i[0][1][7]   | C_o[0][2][6]   |     5.647 | SLOW    |     2.482 | FAST    |
A_i[0][1][7]   | C_o[0][2][7]   |     5.680 | SLOW    |     2.480 | FAST    |
A_i[0][1][7]   | C_o[0][3][6]   |     5.647 | SLOW    |     2.482 | FAST    |
A_i[0][1][7]   | C_o[0][3][7]   |     5.680 | SLOW    |     2.480 | FAST    |
A_i[1][0][0]   | C_o[1][0][0]   |     5.667 | SLOW    |     2.522 | FAST    |
A_i[1][0][0]   | C_o[1][0][1]   |     5.681 | SLOW    |     2.517 | FAST    |
A_i[1][0][0]   | C_o[1][0][2]   |     5.667 | SLOW    |     2.507 | FAST    |
A_i[1][0][0]   | C_o[1][0][3]   |     5.673 | SLOW    |     2.512 | FAST    |
A_i[1][0][0]   | C_o[1][0][4]   |     5.682 | SLOW    |     2.517 | FAST    |
A_i[1][0][0]   | C_o[1][0][5]   |     5.639 | SLOW    |     2.490 | FAST    |
A_i[1][0][0]   | C_o[1][0][6]   |     5.645 | SLOW    |     2.494 | FAST    |
A_i[1][0][0]   | C_o[1][0][7]   |     5.664 | SLOW    |     2.506 | FAST    |
A_i[1][0][0]   | C_o[1][1][0]   |     5.667 | SLOW    |     2.522 | FAST    |
A_i[1][0][0]   | C_o[1][1][1]   |     5.681 | SLOW    |     2.517 | FAST    |
A_i[1][0][0]   | C_o[1][1][2]   |     5.667 | SLOW    |     2.507 | FAST    |
A_i[1][0][0]   | C_o[1][1][3]   |     5.673 | SLOW    |     2.512 | FAST    |
A_i[1][0][0]   | C_o[1][1][4]   |     5.682 | SLOW    |     2.517 | FAST    |
A_i[1][0][0]   | C_o[1][1][5]   |     5.639 | SLOW    |     2.490 | FAST    |
A_i[1][0][0]   | C_o[1][1][6]   |     5.645 | SLOW    |     2.494 | FAST    |
A_i[1][0][0]   | C_o[1][1][7]   |     5.664 | SLOW    |     2.506 | FAST    |
A_i[1][0][0]   | C_o[1][2][0]   |     5.667 | SLOW    |     2.522 | FAST    |
A_i[1][0][0]   | C_o[1][2][1]   |     5.681 | SLOW    |     2.517 | FAST    |
A_i[1][0][0]   | C_o[1][2][2]   |     5.667 | SLOW    |     2.507 | FAST    |
A_i[1][0][0]   | C_o[1][2][3]   |     5.673 | SLOW    |     2.512 | FAST    |
A_i[1][0][0]   | C_o[1][2][4]   |     5.682 | SLOW    |     2.517 | FAST    |
A_i[1][0][0]   | C_o[1][2][5]   |     5.639 | SLOW    |     2.490 | FAST    |
A_i[1][0][0]   | C_o[1][2][6]   |     5.645 | SLOW    |     2.494 | FAST    |
A_i[1][0][0]   | C_o[1][2][7]   |     5.664 | SLOW    |     2.506 | FAST    |
A_i[1][0][0]   | C_o[1][3][0]   |     5.667 | SLOW    |     2.522 | FAST    |
A_i[1][0][0]   | C_o[1][3][1]   |     5.681 | SLOW    |     2.517 | FAST    |
A_i[1][0][0]   | C_o[1][3][2]   |     5.667 | SLOW    |     2.507 | FAST    |
A_i[1][0][0]   | C_o[1][3][3]   |     5.673 | SLOW    |     2.512 | FAST    |
A_i[1][0][0]   | C_o[1][3][4]   |     5.682 | SLOW    |     2.517 | FAST    |
A_i[1][0][0]   | C_o[1][3][5]   |     5.639 | SLOW    |     2.490 | FAST    |
A_i[1][0][0]   | C_o[1][3][6]   |     5.645 | SLOW    |     2.494 | FAST    |
A_i[1][0][0]   | C_o[1][3][7]   |     5.664 | SLOW    |     2.506 | FAST    |
A_i[1][0][1]   | C_o[1][0][1]   |     5.680 | SLOW    |     2.531 | FAST    |
A_i[1][0][1]   | C_o[1][0][2]   |     5.666 | SLOW    |     2.507 | FAST    |
A_i[1][0][1]   | C_o[1][0][3]   |     5.672 | SLOW    |     2.512 | FAST    |
A_i[1][0][1]   | C_o[1][0][4]   |     5.681 | SLOW    |     2.517 | FAST    |
A_i[1][0][1]   | C_o[1][0][5]   |     5.638 | SLOW    |     2.490 | FAST    |
A_i[1][0][1]   | C_o[1][0][6]   |     5.644 | SLOW    |     2.494 | FAST    |
A_i[1][0][1]   | C_o[1][0][7]   |     5.663 | SLOW    |     2.506 | FAST    |
A_i[1][0][1]   | C_o[1][1][1]   |     5.680 | SLOW    |     2.531 | FAST    |
A_i[1][0][1]   | C_o[1][1][2]   |     5.666 | SLOW    |     2.507 | FAST    |
A_i[1][0][1]   | C_o[1][1][3]   |     5.672 | SLOW    |     2.512 | FAST    |
A_i[1][0][1]   | C_o[1][1][4]   |     5.681 | SLOW    |     2.517 | FAST    |
A_i[1][0][1]   | C_o[1][1][5]   |     5.638 | SLOW    |     2.490 | FAST    |
A_i[1][0][1]   | C_o[1][1][6]   |     5.644 | SLOW    |     2.494 | FAST    |
A_i[1][0][1]   | C_o[1][1][7]   |     5.663 | SLOW    |     2.506 | FAST    |
A_i[1][0][1]   | C_o[1][2][1]   |     5.680 | SLOW    |     2.531 | FAST    |
A_i[1][0][1]   | C_o[1][2][2]   |     5.666 | SLOW    |     2.507 | FAST    |
A_i[1][0][1]   | C_o[1][2][3]   |     5.672 | SLOW    |     2.512 | FAST    |
A_i[1][0][1]   | C_o[1][2][4]   |     5.681 | SLOW    |     2.517 | FAST    |
A_i[1][0][1]   | C_o[1][2][5]   |     5.638 | SLOW    |     2.490 | FAST    |
A_i[1][0][1]   | C_o[1][2][6]   |     5.644 | SLOW    |     2.494 | FAST    |
A_i[1][0][1]   | C_o[1][2][7]   |     5.663 | SLOW    |     2.506 | FAST    |
A_i[1][0][1]   | C_o[1][3][1]   |     5.680 | SLOW    |     2.531 | FAST    |
A_i[1][0][1]   | C_o[1][3][2]   |     5.666 | SLOW    |     2.507 | FAST    |
A_i[1][0][1]   | C_o[1][3][3]   |     5.672 | SLOW    |     2.512 | FAST    |
A_i[1][0][1]   | C_o[1][3][4]   |     5.681 | SLOW    |     2.517 | FAST    |
A_i[1][0][1]   | C_o[1][3][5]   |     5.638 | SLOW    |     2.490 | FAST    |
A_i[1][0][1]   | C_o[1][3][6]   |     5.644 | SLOW    |     2.494 | FAST    |
A_i[1][0][1]   | C_o[1][3][7]   |     5.663 | SLOW    |     2.506 | FAST    |
A_i[1][0][2]   | C_o[1][0][2]   |     5.668 | SLOW    |     2.521 | FAST    |
A_i[1][0][2]   | C_o[1][0][3]   |     5.674 | SLOW    |     2.512 | FAST    |
A_i[1][0][2]   | C_o[1][0][4]   |     5.683 | SLOW    |     2.517 | FAST    |
A_i[1][0][2]   | C_o[1][0][5]   |     5.640 | SLOW    |     2.490 | FAST    |
A_i[1][0][2]   | C_o[1][0][6]   |     5.646 | SLOW    |     2.494 | FAST    |
A_i[1][0][2]   | C_o[1][0][7]   |     5.665 | SLOW    |     2.506 | FAST    |
A_i[1][0][2]   | C_o[1][1][2]   |     5.668 | SLOW    |     2.521 | FAST    |
A_i[1][0][2]   | C_o[1][1][3]   |     5.674 | SLOW    |     2.512 | FAST    |
A_i[1][0][2]   | C_o[1][1][4]   |     5.683 | SLOW    |     2.517 | FAST    |
A_i[1][0][2]   | C_o[1][1][5]   |     5.640 | SLOW    |     2.490 | FAST    |
A_i[1][0][2]   | C_o[1][1][6]   |     5.646 | SLOW    |     2.494 | FAST    |
A_i[1][0][2]   | C_o[1][1][7]   |     5.665 | SLOW    |     2.506 | FAST    |
A_i[1][0][2]   | C_o[1][2][2]   |     5.668 | SLOW    |     2.521 | FAST    |
A_i[1][0][2]   | C_o[1][2][3]   |     5.674 | SLOW    |     2.512 | FAST    |
A_i[1][0][2]   | C_o[1][2][4]   |     5.683 | SLOW    |     2.517 | FAST    |
A_i[1][0][2]   | C_o[1][2][5]   |     5.640 | SLOW    |     2.490 | FAST    |
A_i[1][0][2]   | C_o[1][2][6]   |     5.646 | SLOW    |     2.494 | FAST    |
A_i[1][0][2]   | C_o[1][2][7]   |     5.665 | SLOW    |     2.506 | FAST    |
A_i[1][0][2]   | C_o[1][3][2]   |     5.668 | SLOW    |     2.521 | FAST    |
A_i[1][0][2]   | C_o[1][3][3]   |     5.674 | SLOW    |     2.512 | FAST    |
A_i[1][0][2]   | C_o[1][3][4]   |     5.683 | SLOW    |     2.517 | FAST    |
A_i[1][0][2]   | C_o[1][3][5]   |     5.640 | SLOW    |     2.490 | FAST    |
A_i[1][0][2]   | C_o[1][3][6]   |     5.646 | SLOW    |     2.494 | FAST    |
A_i[1][0][2]   | C_o[1][3][7]   |     5.665 | SLOW    |     2.506 | FAST    |
A_i[1][0][3]   | C_o[1][0][3]   |     5.673 | SLOW    |     2.526 | FAST    |
A_i[1][0][3]   | C_o[1][0][4]   |     5.682 | SLOW    |     2.517 | FAST    |
A_i[1][0][3]   | C_o[1][0][5]   |     5.639 | SLOW    |     2.490 | FAST    |
A_i[1][0][3]   | C_o[1][0][6]   |     5.645 | SLOW    |     2.494 | FAST    |
A_i[1][0][3]   | C_o[1][0][7]   |     5.664 | SLOW    |     2.506 | FAST    |
A_i[1][0][3]   | C_o[1][1][3]   |     5.673 | SLOW    |     2.526 | FAST    |
A_i[1][0][3]   | C_o[1][1][4]   |     5.682 | SLOW    |     2.517 | FAST    |
A_i[1][0][3]   | C_o[1][1][5]   |     5.639 | SLOW    |     2.490 | FAST    |
A_i[1][0][3]   | C_o[1][1][6]   |     5.645 | SLOW    |     2.494 | FAST    |
A_i[1][0][3]   | C_o[1][1][7]   |     5.664 | SLOW    |     2.506 | FAST    |
A_i[1][0][3]   | C_o[1][2][3]   |     5.673 | SLOW    |     2.526 | FAST    |
A_i[1][0][3]   | C_o[1][2][4]   |     5.682 | SLOW    |     2.517 | FAST    |
A_i[1][0][3]   | C_o[1][2][5]   |     5.639 | SLOW    |     2.490 | FAST    |
A_i[1][0][3]   | C_o[1][2][6]   |     5.645 | SLOW    |     2.494 | FAST    |
A_i[1][0][3]   | C_o[1][2][7]   |     5.664 | SLOW    |     2.506 | FAST    |
A_i[1][0][3]   | C_o[1][3][3]   |     5.673 | SLOW    |     2.526 | FAST    |
A_i[1][0][3]   | C_o[1][3][4]   |     5.682 | SLOW    |     2.517 | FAST    |
A_i[1][0][3]   | C_o[1][3][5]   |     5.639 | SLOW    |     2.490 | FAST    |
A_i[1][0][3]   | C_o[1][3][6]   |     5.645 | SLOW    |     2.494 | FAST    |
A_i[1][0][3]   | C_o[1][3][7]   |     5.664 | SLOW    |     2.506 | FAST    |
A_i[1][0][4]   | C_o[1][0][4]   |     5.683 | SLOW    |     2.533 | FAST    |
A_i[1][0][4]   | C_o[1][0][5]   |     5.640 | SLOW    |     2.492 | FAST    |
A_i[1][0][4]   | C_o[1][0][6]   |     5.646 | SLOW    |     2.496 | FAST    |
A_i[1][0][4]   | C_o[1][0][7]   |     5.665 | SLOW    |     2.508 | FAST    |
A_i[1][0][4]   | C_o[1][1][4]   |     5.683 | SLOW    |     2.533 | FAST    |
A_i[1][0][4]   | C_o[1][1][5]   |     5.640 | SLOW    |     2.492 | FAST    |
A_i[1][0][4]   | C_o[1][1][6]   |     5.646 | SLOW    |     2.496 | FAST    |
A_i[1][0][4]   | C_o[1][1][7]   |     5.665 | SLOW    |     2.508 | FAST    |
A_i[1][0][4]   | C_o[1][2][4]   |     5.683 | SLOW    |     2.533 | FAST    |
A_i[1][0][4]   | C_o[1][2][5]   |     5.640 | SLOW    |     2.492 | FAST    |
A_i[1][0][4]   | C_o[1][2][6]   |     5.646 | SLOW    |     2.496 | FAST    |
A_i[1][0][4]   | C_o[1][2][7]   |     5.665 | SLOW    |     2.508 | FAST    |
A_i[1][0][4]   | C_o[1][3][4]   |     5.683 | SLOW    |     2.533 | FAST    |
A_i[1][0][4]   | C_o[1][3][5]   |     5.640 | SLOW    |     2.492 | FAST    |
A_i[1][0][4]   | C_o[1][3][6]   |     5.646 | SLOW    |     2.496 | FAST    |
A_i[1][0][4]   | C_o[1][3][7]   |     5.665 | SLOW    |     2.508 | FAST    |
A_i[1][0][5]   | C_o[1][0][5]   |     5.650 | SLOW    |     2.512 | FAST    |
A_i[1][0][5]   | C_o[1][0][6]   |     5.656 | SLOW    |     2.502 | FAST    |
A_i[1][0][5]   | C_o[1][0][7]   |     5.675 | SLOW    |     2.514 | FAST    |
A_i[1][0][5]   | C_o[1][1][5]   |     5.650 | SLOW    |     2.512 | FAST    |
A_i[1][0][5]   | C_o[1][1][6]   |     5.656 | SLOW    |     2.502 | FAST    |
A_i[1][0][5]   | C_o[1][1][7]   |     5.675 | SLOW    |     2.514 | FAST    |
A_i[1][0][5]   | C_o[1][2][5]   |     5.650 | SLOW    |     2.512 | FAST    |
A_i[1][0][5]   | C_o[1][2][6]   |     5.656 | SLOW    |     2.502 | FAST    |
A_i[1][0][5]   | C_o[1][2][7]   |     5.675 | SLOW    |     2.514 | FAST    |
A_i[1][0][5]   | C_o[1][3][5]   |     5.650 | SLOW    |     2.512 | FAST    |
A_i[1][0][5]   | C_o[1][3][6]   |     5.656 | SLOW    |     2.502 | FAST    |
A_i[1][0][5]   | C_o[1][3][7]   |     5.675 | SLOW    |     2.514 | FAST    |
A_i[1][0][6]   | C_o[1][0][6]   |     5.715 | SLOW    |     2.539 | FAST    |
A_i[1][0][6]   | C_o[1][0][7]   |     5.734 | SLOW    |     2.533 | FAST    |
A_i[1][0][6]   | C_o[1][1][6]   |     5.715 | SLOW    |     2.539 | FAST    |
A_i[1][0][6]   | C_o[1][1][7]   |     5.734 | SLOW    |     2.533 | FAST    |
A_i[1][0][6]   | C_o[1][2][6]   |     5.715 | SLOW    |     2.539 | FAST    |
A_i[1][0][6]   | C_o[1][2][7]   |     5.734 | SLOW    |     2.533 | FAST    |
A_i[1][0][6]   | C_o[1][3][6]   |     5.715 | SLOW    |     2.539 | FAST    |
A_i[1][0][6]   | C_o[1][3][7]   |     5.734 | SLOW    |     2.533 | FAST    |
A_i[1][0][7]   | C_o[1][0][6]   |     5.679 | SLOW    |     2.518 | FAST    |
A_i[1][0][7]   | C_o[1][0][7]   |     5.698 | SLOW    |     2.511 | FAST    |
A_i[1][0][7]   | C_o[1][1][6]   |     5.679 | SLOW    |     2.518 | FAST    |
A_i[1][0][7]   | C_o[1][1][7]   |     5.698 | SLOW    |     2.511 | FAST    |
A_i[1][0][7]   | C_o[1][2][6]   |     5.679 | SLOW    |     2.518 | FAST    |
A_i[1][0][7]   | C_o[1][2][7]   |     5.698 | SLOW    |     2.511 | FAST    |
A_i[1][0][7]   | C_o[1][3][6]   |     5.679 | SLOW    |     2.518 | FAST    |
A_i[1][0][7]   | C_o[1][3][7]   |     5.698 | SLOW    |     2.511 | FAST    |
A_i[1][1][0]   | C_o[1][0][0]   |     5.666 | SLOW    |     2.513 | FAST    |
A_i[1][1][0]   | C_o[1][0][1]   |     5.680 | SLOW    |     2.503 | FAST    |
A_i[1][1][0]   | C_o[1][0][2]   |     5.666 | SLOW    |     2.493 | FAST    |
A_i[1][1][0]   | C_o[1][0][3]   |     5.672 | SLOW    |     2.498 | FAST    |
A_i[1][1][0]   | C_o[1][0][4]   |     5.681 | SLOW    |     2.503 | FAST    |
A_i[1][1][0]   | C_o[1][0][5]   |     5.638 | SLOW    |     2.476 | FAST    |
A_i[1][1][0]   | C_o[1][0][6]   |     5.644 | SLOW    |     2.480 | FAST    |
A_i[1][1][0]   | C_o[1][0][7]   |     5.663 | SLOW    |     2.492 | FAST    |
A_i[1][1][0]   | C_o[1][1][0]   |     5.666 | SLOW    |     2.513 | FAST    |
A_i[1][1][0]   | C_o[1][1][1]   |     5.680 | SLOW    |     2.503 | FAST    |
A_i[1][1][0]   | C_o[1][1][2]   |     5.666 | SLOW    |     2.493 | FAST    |
A_i[1][1][0]   | C_o[1][1][3]   |     5.672 | SLOW    |     2.498 | FAST    |
A_i[1][1][0]   | C_o[1][1][4]   |     5.681 | SLOW    |     2.503 | FAST    |
A_i[1][1][0]   | C_o[1][1][5]   |     5.638 | SLOW    |     2.476 | FAST    |
A_i[1][1][0]   | C_o[1][1][6]   |     5.644 | SLOW    |     2.480 | FAST    |
A_i[1][1][0]   | C_o[1][1][7]   |     5.663 | SLOW    |     2.492 | FAST    |
A_i[1][1][0]   | C_o[1][2][0]   |     5.666 | SLOW    |     2.513 | FAST    |
A_i[1][1][0]   | C_o[1][2][1]   |     5.680 | SLOW    |     2.503 | FAST    |
A_i[1][1][0]   | C_o[1][2][2]   |     5.666 | SLOW    |     2.493 | FAST    |
A_i[1][1][0]   | C_o[1][2][3]   |     5.672 | SLOW    |     2.498 | FAST    |
A_i[1][1][0]   | C_o[1][2][4]   |     5.681 | SLOW    |     2.503 | FAST    |
A_i[1][1][0]   | C_o[1][2][5]   |     5.638 | SLOW    |     2.476 | FAST    |
A_i[1][1][0]   | C_o[1][2][6]   |     5.644 | SLOW    |     2.480 | FAST    |
A_i[1][1][0]   | C_o[1][2][7]   |     5.663 | SLOW    |     2.492 | FAST    |
A_i[1][1][0]   | C_o[1][3][0]   |     5.666 | SLOW    |     2.513 | FAST    |
A_i[1][1][0]   | C_o[1][3][1]   |     5.680 | SLOW    |     2.503 | FAST    |
A_i[1][1][0]   | C_o[1][3][2]   |     5.666 | SLOW    |     2.493 | FAST    |
A_i[1][1][0]   | C_o[1][3][3]   |     5.672 | SLOW    |     2.498 | FAST    |
A_i[1][1][0]   | C_o[1][3][4]   |     5.681 | SLOW    |     2.503 | FAST    |
A_i[1][1][0]   | C_o[1][3][5]   |     5.638 | SLOW    |     2.476 | FAST    |
A_i[1][1][0]   | C_o[1][3][6]   |     5.644 | SLOW    |     2.480 | FAST    |
A_i[1][1][0]   | C_o[1][3][7]   |     5.663 | SLOW    |     2.492 | FAST    |
A_i[1][1][1]   | C_o[1][0][1]   |     5.662 | SLOW    |     2.520 | FAST    |
A_i[1][1][1]   | C_o[1][0][2]   |     5.675 | SLOW    |     2.508 | FAST    |
A_i[1][1][1]   | C_o[1][0][3]   |     5.681 | SLOW    |     2.503 | FAST    |
A_i[1][1][1]   | C_o[1][0][4]   |     5.690 | SLOW    |     2.508 | FAST    |
A_i[1][1][1]   | C_o[1][0][5]   |     5.647 | SLOW    |     2.481 | FAST    |
A_i[1][1][1]   | C_o[1][0][6]   |     5.653 | SLOW    |     2.485 | FAST    |
A_i[1][1][1]   | C_o[1][0][7]   |     5.672 | SLOW    |     2.497 | FAST    |
A_i[1][1][1]   | C_o[1][1][1]   |     5.662 | SLOW    |     2.520 | FAST    |
A_i[1][1][1]   | C_o[1][1][2]   |     5.675 | SLOW    |     2.508 | FAST    |
A_i[1][1][1]   | C_o[1][1][3]   |     5.681 | SLOW    |     2.503 | FAST    |
A_i[1][1][1]   | C_o[1][1][4]   |     5.690 | SLOW    |     2.508 | FAST    |
A_i[1][1][1]   | C_o[1][1][5]   |     5.647 | SLOW    |     2.481 | FAST    |
A_i[1][1][1]   | C_o[1][1][6]   |     5.653 | SLOW    |     2.485 | FAST    |
A_i[1][1][1]   | C_o[1][1][7]   |     5.672 | SLOW    |     2.497 | FAST    |
A_i[1][1][1]   | C_o[1][2][1]   |     5.662 | SLOW    |     2.520 | FAST    |
A_i[1][1][1]   | C_o[1][2][2]   |     5.675 | SLOW    |     2.508 | FAST    |
A_i[1][1][1]   | C_o[1][2][3]   |     5.681 | SLOW    |     2.503 | FAST    |
A_i[1][1][1]   | C_o[1][2][4]   |     5.690 | SLOW    |     2.508 | FAST    |
A_i[1][1][1]   | C_o[1][2][5]   |     5.647 | SLOW    |     2.481 | FAST    |
A_i[1][1][1]   | C_o[1][2][6]   |     5.653 | SLOW    |     2.485 | FAST    |
A_i[1][1][1]   | C_o[1][2][7]   |     5.672 | SLOW    |     2.497 | FAST    |
A_i[1][1][1]   | C_o[1][3][1]   |     5.662 | SLOW    |     2.520 | FAST    |
A_i[1][1][1]   | C_o[1][3][2]   |     5.675 | SLOW    |     2.508 | FAST    |
A_i[1][1][1]   | C_o[1][3][3]   |     5.681 | SLOW    |     2.503 | FAST    |
A_i[1][1][1]   | C_o[1][3][4]   |     5.690 | SLOW    |     2.508 | FAST    |
A_i[1][1][1]   | C_o[1][3][5]   |     5.647 | SLOW    |     2.481 | FAST    |
A_i[1][1][1]   | C_o[1][3][6]   |     5.653 | SLOW    |     2.485 | FAST    |
A_i[1][1][1]   | C_o[1][3][7]   |     5.672 | SLOW    |     2.497 | FAST    |
A_i[1][1][2]   | C_o[1][0][2]   |     5.674 | SLOW    |     2.519 | FAST    |
A_i[1][1][2]   | C_o[1][0][3]   |     5.680 | SLOW    |     2.505 | FAST    |
A_i[1][1][2]   | C_o[1][0][4]   |     5.689 | SLOW    |     2.510 | FAST    |
A_i[1][1][2]   | C_o[1][0][5]   |     5.646 | SLOW    |     2.483 | FAST    |
A_i[1][1][2]   | C_o[1][0][6]   |     5.652 | SLOW    |     2.487 | FAST    |
A_i[1][1][2]   | C_o[1][0][7]   |     5.671 | SLOW    |     2.499 | FAST    |
A_i[1][1][2]   | C_o[1][1][2]   |     5.674 | SLOW    |     2.519 | FAST    |
A_i[1][1][2]   | C_o[1][1][3]   |     5.680 | SLOW    |     2.505 | FAST    |
A_i[1][1][2]   | C_o[1][1][4]   |     5.689 | SLOW    |     2.510 | FAST    |
A_i[1][1][2]   | C_o[1][1][5]   |     5.646 | SLOW    |     2.483 | FAST    |
A_i[1][1][2]   | C_o[1][1][6]   |     5.652 | SLOW    |     2.487 | FAST    |
A_i[1][1][2]   | C_o[1][1][7]   |     5.671 | SLOW    |     2.499 | FAST    |
A_i[1][1][2]   | C_o[1][2][2]   |     5.674 | SLOW    |     2.519 | FAST    |
A_i[1][1][2]   | C_o[1][2][3]   |     5.680 | SLOW    |     2.505 | FAST    |
A_i[1][1][2]   | C_o[1][2][4]   |     5.689 | SLOW    |     2.510 | FAST    |
A_i[1][1][2]   | C_o[1][2][5]   |     5.646 | SLOW    |     2.483 | FAST    |
A_i[1][1][2]   | C_o[1][2][6]   |     5.652 | SLOW    |     2.487 | FAST    |
A_i[1][1][2]   | C_o[1][2][7]   |     5.671 | SLOW    |     2.499 | FAST    |
A_i[1][1][2]   | C_o[1][3][2]   |     5.674 | SLOW    |     2.519 | FAST    |
A_i[1][1][2]   | C_o[1][3][3]   |     5.680 | SLOW    |     2.505 | FAST    |
A_i[1][1][2]   | C_o[1][3][4]   |     5.689 | SLOW    |     2.510 | FAST    |
A_i[1][1][2]   | C_o[1][3][5]   |     5.646 | SLOW    |     2.483 | FAST    |
A_i[1][1][2]   | C_o[1][3][6]   |     5.652 | SLOW    |     2.487 | FAST    |
A_i[1][1][2]   | C_o[1][3][7]   |     5.671 | SLOW    |     2.499 | FAST    |
A_i[1][1][3]   | C_o[1][0][3]   |     5.670 | SLOW    |     2.516 | FAST    |
A_i[1][1][3]   | C_o[1][0][4]   |     5.679 | SLOW    |     2.502 | FAST    |
A_i[1][1][3]   | C_o[1][0][5]   |     5.636 | SLOW    |     2.475 | FAST    |
A_i[1][1][3]   | C_o[1][0][6]   |     5.642 | SLOW    |     2.479 | FAST    |
A_i[1][1][3]   | C_o[1][0][7]   |     5.661 | SLOW    |     2.491 | FAST    |
A_i[1][1][3]   | C_o[1][1][3]   |     5.670 | SLOW    |     2.516 | FAST    |
A_i[1][1][3]   | C_o[1][1][4]   |     5.679 | SLOW    |     2.502 | FAST    |
A_i[1][1][3]   | C_o[1][1][5]   |     5.636 | SLOW    |     2.475 | FAST    |
A_i[1][1][3]   | C_o[1][1][6]   |     5.642 | SLOW    |     2.479 | FAST    |
A_i[1][1][3]   | C_o[1][1][7]   |     5.661 | SLOW    |     2.491 | FAST    |
A_i[1][1][3]   | C_o[1][2][3]   |     5.670 | SLOW    |     2.516 | FAST    |
A_i[1][1][3]   | C_o[1][2][4]   |     5.679 | SLOW    |     2.502 | FAST    |
A_i[1][1][3]   | C_o[1][2][5]   |     5.636 | SLOW    |     2.475 | FAST    |
A_i[1][1][3]   | C_o[1][2][6]   |     5.642 | SLOW    |     2.479 | FAST    |
A_i[1][1][3]   | C_o[1][2][7]   |     5.661 | SLOW    |     2.491 | FAST    |
A_i[1][1][3]   | C_o[1][3][3]   |     5.670 | SLOW    |     2.516 | FAST    |
A_i[1][1][3]   | C_o[1][3][4]   |     5.679 | SLOW    |     2.502 | FAST    |
A_i[1][1][3]   | C_o[1][3][5]   |     5.636 | SLOW    |     2.475 | FAST    |
A_i[1][1][3]   | C_o[1][3][6]   |     5.642 | SLOW    |     2.479 | FAST    |
A_i[1][1][3]   | C_o[1][3][7]   |     5.661 | SLOW    |     2.491 | FAST    |
A_i[1][1][4]   | C_o[1][0][4]   |     5.681 | SLOW    |     2.522 | FAST    |
A_i[1][1][4]   | C_o[1][0][5]   |     5.638 | SLOW    |     2.476 | FAST    |
A_i[1][1][4]   | C_o[1][0][6]   |     5.644 | SLOW    |     2.480 | FAST    |
A_i[1][1][4]   | C_o[1][0][7]   |     5.663 | SLOW    |     2.492 | FAST    |
A_i[1][1][4]   | C_o[1][1][4]   |     5.681 | SLOW    |     2.522 | FAST    |
A_i[1][1][4]   | C_o[1][1][5]   |     5.638 | SLOW    |     2.476 | FAST    |
A_i[1][1][4]   | C_o[1][1][6]   |     5.644 | SLOW    |     2.480 | FAST    |
A_i[1][1][4]   | C_o[1][1][7]   |     5.663 | SLOW    |     2.492 | FAST    |
A_i[1][1][4]   | C_o[1][2][4]   |     5.681 | SLOW    |     2.522 | FAST    |
A_i[1][1][4]   | C_o[1][2][5]   |     5.638 | SLOW    |     2.476 | FAST    |
A_i[1][1][4]   | C_o[1][2][6]   |     5.644 | SLOW    |     2.480 | FAST    |
A_i[1][1][4]   | C_o[1][2][7]   |     5.663 | SLOW    |     2.492 | FAST    |
A_i[1][1][4]   | C_o[1][3][4]   |     5.681 | SLOW    |     2.522 | FAST    |
A_i[1][1][4]   | C_o[1][3][5]   |     5.638 | SLOW    |     2.476 | FAST    |
A_i[1][1][4]   | C_o[1][3][6]   |     5.644 | SLOW    |     2.480 | FAST    |
A_i[1][1][4]   | C_o[1][3][7]   |     5.663 | SLOW    |     2.492 | FAST    |
A_i[1][1][5]   | C_o[1][0][5]   |     5.639 | SLOW    |     2.495 | FAST    |
A_i[1][1][5]   | C_o[1][0][6]   |     5.645 | SLOW    |     2.480 | FAST    |
A_i[1][1][5]   | C_o[1][0][7]   |     5.664 | SLOW    |     2.492 | FAST    |
A_i[1][1][5]   | C_o[1][1][5]   |     5.639 | SLOW    |     2.495 | FAST    |
A_i[1][1][5]   | C_o[1][1][6]   |     5.645 | SLOW    |     2.480 | FAST    |
A_i[1][1][5]   | C_o[1][1][7]   |     5.664 | SLOW    |     2.492 | FAST    |
A_i[1][1][5]   | C_o[1][2][5]   |     5.639 | SLOW    |     2.495 | FAST    |
A_i[1][1][5]   | C_o[1][2][6]   |     5.645 | SLOW    |     2.480 | FAST    |
A_i[1][1][5]   | C_o[1][2][7]   |     5.664 | SLOW    |     2.492 | FAST    |
A_i[1][1][5]   | C_o[1][3][5]   |     5.639 | SLOW    |     2.495 | FAST    |
A_i[1][1][5]   | C_o[1][3][6]   |     5.645 | SLOW    |     2.480 | FAST    |
A_i[1][1][5]   | C_o[1][3][7]   |     5.664 | SLOW    |     2.492 | FAST    |
A_i[1][1][6]   | C_o[1][0][6]   |     5.676 | SLOW    |     2.513 | FAST    |
A_i[1][1][6]   | C_o[1][0][7]   |     5.695 | SLOW    |     2.507 | FAST    |
A_i[1][1][6]   | C_o[1][1][6]   |     5.676 | SLOW    |     2.513 | FAST    |
A_i[1][1][6]   | C_o[1][1][7]   |     5.695 | SLOW    |     2.507 | FAST    |
A_i[1][1][6]   | C_o[1][2][6]   |     5.676 | SLOW    |     2.513 | FAST    |
A_i[1][1][6]   | C_o[1][2][7]   |     5.695 | SLOW    |     2.507 | FAST    |
A_i[1][1][6]   | C_o[1][3][6]   |     5.676 | SLOW    |     2.513 | FAST    |
A_i[1][1][6]   | C_o[1][3][7]   |     5.695 | SLOW    |     2.507 | FAST    |
A_i[1][1][7]   | C_o[1][0][6]   |     5.647 | SLOW    |     2.482 | FAST    |
A_i[1][1][7]   | C_o[1][0][7]   |     5.680 | SLOW    |     2.480 | FAST    |
A_i[1][1][7]   | C_o[1][1][6]   |     5.647 | SLOW    |     2.482 | FAST    |
A_i[1][1][7]   | C_o[1][1][7]   |     5.680 | SLOW    |     2.480 | FAST    |
A_i[1][1][7]   | C_o[1][2][6]   |     5.647 | SLOW    |     2.482 | FAST    |
A_i[1][1][7]   | C_o[1][2][7]   |     5.680 | SLOW    |     2.480 | FAST    |
A_i[1][1][7]   | C_o[1][3][6]   |     5.647 | SLOW    |     2.482 | FAST    |
A_i[1][1][7]   | C_o[1][3][7]   |     5.680 | SLOW    |     2.480 | FAST    |
A_i[2][0][0]   | C_o[2][0][0]   |     5.667 | SLOW    |     2.522 | FAST    |
A_i[2][0][0]   | C_o[2][0][1]   |     5.681 | SLOW    |     2.517 | FAST    |
A_i[2][0][0]   | C_o[2][0][2]   |     5.667 | SLOW    |     2.507 | FAST    |
A_i[2][0][0]   | C_o[2][0][3]   |     5.673 | SLOW    |     2.512 | FAST    |
A_i[2][0][0]   | C_o[2][0][4]   |     5.682 | SLOW    |     2.517 | FAST    |
A_i[2][0][0]   | C_o[2][0][5]   |     5.639 | SLOW    |     2.490 | FAST    |
A_i[2][0][0]   | C_o[2][0][6]   |     5.645 | SLOW    |     2.494 | FAST    |
A_i[2][0][0]   | C_o[2][0][7]   |     5.664 | SLOW    |     2.506 | FAST    |
A_i[2][0][0]   | C_o[2][1][0]   |     5.667 | SLOW    |     2.522 | FAST    |
A_i[2][0][0]   | C_o[2][1][1]   |     5.681 | SLOW    |     2.517 | FAST    |
A_i[2][0][0]   | C_o[2][1][2]   |     5.667 | SLOW    |     2.507 | FAST    |
A_i[2][0][0]   | C_o[2][1][3]   |     5.673 | SLOW    |     2.512 | FAST    |
A_i[2][0][0]   | C_o[2][1][4]   |     5.682 | SLOW    |     2.517 | FAST    |
A_i[2][0][0]   | C_o[2][1][5]   |     5.639 | SLOW    |     2.490 | FAST    |
A_i[2][0][0]   | C_o[2][1][6]   |     5.645 | SLOW    |     2.494 | FAST    |
A_i[2][0][0]   | C_o[2][1][7]   |     5.664 | SLOW    |     2.506 | FAST    |
A_i[2][0][0]   | C_o[2][2][0]   |     5.667 | SLOW    |     2.522 | FAST    |
A_i[2][0][0]   | C_o[2][2][1]   |     5.681 | SLOW    |     2.517 | FAST    |
A_i[2][0][0]   | C_o[2][2][2]   |     5.667 | SLOW    |     2.507 | FAST    |
A_i[2][0][0]   | C_o[2][2][3]   |     5.673 | SLOW    |     2.512 | FAST    |
A_i[2][0][0]   | C_o[2][2][4]   |     5.682 | SLOW    |     2.517 | FAST    |
A_i[2][0][0]   | C_o[2][2][5]   |     5.639 | SLOW    |     2.490 | FAST    |
A_i[2][0][0]   | C_o[2][2][6]   |     5.645 | SLOW    |     2.494 | FAST    |
A_i[2][0][0]   | C_o[2][2][7]   |     5.664 | SLOW    |     2.506 | FAST    |
A_i[2][0][0]   | C_o[2][3][0]   |     5.667 | SLOW    |     2.522 | FAST    |
A_i[2][0][0]   | C_o[2][3][1]   |     5.681 | SLOW    |     2.517 | FAST    |
A_i[2][0][0]   | C_o[2][3][2]   |     5.667 | SLOW    |     2.507 | FAST    |
A_i[2][0][0]   | C_o[2][3][3]   |     5.673 | SLOW    |     2.512 | FAST    |
A_i[2][0][0]   | C_o[2][3][4]   |     5.682 | SLOW    |     2.517 | FAST    |
A_i[2][0][0]   | C_o[2][3][5]   |     5.639 | SLOW    |     2.490 | FAST    |
A_i[2][0][0]   | C_o[2][3][6]   |     5.645 | SLOW    |     2.494 | FAST    |
A_i[2][0][0]   | C_o[2][3][7]   |     5.664 | SLOW    |     2.506 | FAST    |
A_i[2][0][1]   | C_o[2][0][1]   |     5.680 | SLOW    |     2.531 | FAST    |
A_i[2][0][1]   | C_o[2][0][2]   |     5.666 | SLOW    |     2.507 | FAST    |
A_i[2][0][1]   | C_o[2][0][3]   |     5.672 | SLOW    |     2.512 | FAST    |
A_i[2][0][1]   | C_o[2][0][4]   |     5.681 | SLOW    |     2.517 | FAST    |
A_i[2][0][1]   | C_o[2][0][5]   |     5.638 | SLOW    |     2.490 | FAST    |
A_i[2][0][1]   | C_o[2][0][6]   |     5.644 | SLOW    |     2.494 | FAST    |
A_i[2][0][1]   | C_o[2][0][7]   |     5.663 | SLOW    |     2.506 | FAST    |
A_i[2][0][1]   | C_o[2][1][1]   |     5.680 | SLOW    |     2.531 | FAST    |
A_i[2][0][1]   | C_o[2][1][2]   |     5.666 | SLOW    |     2.507 | FAST    |
A_i[2][0][1]   | C_o[2][1][3]   |     5.672 | SLOW    |     2.512 | FAST    |
A_i[2][0][1]   | C_o[2][1][4]   |     5.681 | SLOW    |     2.517 | FAST    |
A_i[2][0][1]   | C_o[2][1][5]   |     5.638 | SLOW    |     2.490 | FAST    |
A_i[2][0][1]   | C_o[2][1][6]   |     5.644 | SLOW    |     2.494 | FAST    |
A_i[2][0][1]   | C_o[2][1][7]   |     5.663 | SLOW    |     2.506 | FAST    |
A_i[2][0][1]   | C_o[2][2][1]   |     5.680 | SLOW    |     2.531 | FAST    |
A_i[2][0][1]   | C_o[2][2][2]   |     5.666 | SLOW    |     2.507 | FAST    |
A_i[2][0][1]   | C_o[2][2][3]   |     5.672 | SLOW    |     2.512 | FAST    |
A_i[2][0][1]   | C_o[2][2][4]   |     5.681 | SLOW    |     2.517 | FAST    |
A_i[2][0][1]   | C_o[2][2][5]   |     5.638 | SLOW    |     2.490 | FAST    |
A_i[2][0][1]   | C_o[2][2][6]   |     5.644 | SLOW    |     2.494 | FAST    |
A_i[2][0][1]   | C_o[2][2][7]   |     5.663 | SLOW    |     2.506 | FAST    |
A_i[2][0][1]   | C_o[2][3][1]   |     5.680 | SLOW    |     2.531 | FAST    |
A_i[2][0][1]   | C_o[2][3][2]   |     5.666 | SLOW    |     2.507 | FAST    |
A_i[2][0][1]   | C_o[2][3][3]   |     5.672 | SLOW    |     2.512 | FAST    |
A_i[2][0][1]   | C_o[2][3][4]   |     5.681 | SLOW    |     2.517 | FAST    |
A_i[2][0][1]   | C_o[2][3][5]   |     5.638 | SLOW    |     2.490 | FAST    |
A_i[2][0][1]   | C_o[2][3][6]   |     5.644 | SLOW    |     2.494 | FAST    |
A_i[2][0][1]   | C_o[2][3][7]   |     5.663 | SLOW    |     2.506 | FAST    |
A_i[2][0][2]   | C_o[2][0][2]   |     5.668 | SLOW    |     2.521 | FAST    |
A_i[2][0][2]   | C_o[2][0][3]   |     5.674 | SLOW    |     2.512 | FAST    |
A_i[2][0][2]   | C_o[2][0][4]   |     5.683 | SLOW    |     2.517 | FAST    |
A_i[2][0][2]   | C_o[2][0][5]   |     5.640 | SLOW    |     2.490 | FAST    |
A_i[2][0][2]   | C_o[2][0][6]   |     5.646 | SLOW    |     2.494 | FAST    |
A_i[2][0][2]   | C_o[2][0][7]   |     5.665 | SLOW    |     2.506 | FAST    |
A_i[2][0][2]   | C_o[2][1][2]   |     5.668 | SLOW    |     2.521 | FAST    |
A_i[2][0][2]   | C_o[2][1][3]   |     5.674 | SLOW    |     2.512 | FAST    |
A_i[2][0][2]   | C_o[2][1][4]   |     5.683 | SLOW    |     2.517 | FAST    |
A_i[2][0][2]   | C_o[2][1][5]   |     5.640 | SLOW    |     2.490 | FAST    |
A_i[2][0][2]   | C_o[2][1][6]   |     5.646 | SLOW    |     2.494 | FAST    |
A_i[2][0][2]   | C_o[2][1][7]   |     5.665 | SLOW    |     2.506 | FAST    |
A_i[2][0][2]   | C_o[2][2][2]   |     5.668 | SLOW    |     2.521 | FAST    |
A_i[2][0][2]   | C_o[2][2][3]   |     5.674 | SLOW    |     2.512 | FAST    |
A_i[2][0][2]   | C_o[2][2][4]   |     5.683 | SLOW    |     2.517 | FAST    |
A_i[2][0][2]   | C_o[2][2][5]   |     5.640 | SLOW    |     2.490 | FAST    |
A_i[2][0][2]   | C_o[2][2][6]   |     5.646 | SLOW    |     2.494 | FAST    |
A_i[2][0][2]   | C_o[2][2][7]   |     5.665 | SLOW    |     2.506 | FAST    |
A_i[2][0][2]   | C_o[2][3][2]   |     5.668 | SLOW    |     2.521 | FAST    |
A_i[2][0][2]   | C_o[2][3][3]   |     5.674 | SLOW    |     2.512 | FAST    |
A_i[2][0][2]   | C_o[2][3][4]   |     5.683 | SLOW    |     2.517 | FAST    |
A_i[2][0][2]   | C_o[2][3][5]   |     5.640 | SLOW    |     2.490 | FAST    |
A_i[2][0][2]   | C_o[2][3][6]   |     5.646 | SLOW    |     2.494 | FAST    |
A_i[2][0][2]   | C_o[2][3][7]   |     5.665 | SLOW    |     2.506 | FAST    |
A_i[2][0][3]   | C_o[2][0][3]   |     5.673 | SLOW    |     2.526 | FAST    |
A_i[2][0][3]   | C_o[2][0][4]   |     5.682 | SLOW    |     2.517 | FAST    |
A_i[2][0][3]   | C_o[2][0][5]   |     5.639 | SLOW    |     2.490 | FAST    |
A_i[2][0][3]   | C_o[2][0][6]   |     5.645 | SLOW    |     2.494 | FAST    |
A_i[2][0][3]   | C_o[2][0][7]   |     5.664 | SLOW    |     2.506 | FAST    |
A_i[2][0][3]   | C_o[2][1][3]   |     5.673 | SLOW    |     2.526 | FAST    |
A_i[2][0][3]   | C_o[2][1][4]   |     5.682 | SLOW    |     2.517 | FAST    |
A_i[2][0][3]   | C_o[2][1][5]   |     5.639 | SLOW    |     2.490 | FAST    |
A_i[2][0][3]   | C_o[2][1][6]   |     5.645 | SLOW    |     2.494 | FAST    |
A_i[2][0][3]   | C_o[2][1][7]   |     5.664 | SLOW    |     2.506 | FAST    |
A_i[2][0][3]   | C_o[2][2][3]   |     5.673 | SLOW    |     2.526 | FAST    |
A_i[2][0][3]   | C_o[2][2][4]   |     5.682 | SLOW    |     2.517 | FAST    |
A_i[2][0][3]   | C_o[2][2][5]   |     5.639 | SLOW    |     2.490 | FAST    |
A_i[2][0][3]   | C_o[2][2][6]   |     5.645 | SLOW    |     2.494 | FAST    |
A_i[2][0][3]   | C_o[2][2][7]   |     5.664 | SLOW    |     2.506 | FAST    |
A_i[2][0][3]   | C_o[2][3][3]   |     5.673 | SLOW    |     2.526 | FAST    |
A_i[2][0][3]   | C_o[2][3][4]   |     5.682 | SLOW    |     2.517 | FAST    |
A_i[2][0][3]   | C_o[2][3][5]   |     5.639 | SLOW    |     2.490 | FAST    |
A_i[2][0][3]   | C_o[2][3][6]   |     5.645 | SLOW    |     2.494 | FAST    |
A_i[2][0][3]   | C_o[2][3][7]   |     5.664 | SLOW    |     2.506 | FAST    |
A_i[2][0][4]   | C_o[2][0][4]   |     5.683 | SLOW    |     2.533 | FAST    |
A_i[2][0][4]   | C_o[2][0][5]   |     5.640 | SLOW    |     2.492 | FAST    |
A_i[2][0][4]   | C_o[2][0][6]   |     5.646 | SLOW    |     2.496 | FAST    |
A_i[2][0][4]   | C_o[2][0][7]   |     5.665 | SLOW    |     2.508 | FAST    |
A_i[2][0][4]   | C_o[2][1][4]   |     5.683 | SLOW    |     2.533 | FAST    |
A_i[2][0][4]   | C_o[2][1][5]   |     5.640 | SLOW    |     2.492 | FAST    |
A_i[2][0][4]   | C_o[2][1][6]   |     5.646 | SLOW    |     2.496 | FAST    |
A_i[2][0][4]   | C_o[2][1][7]   |     5.665 | SLOW    |     2.508 | FAST    |
A_i[2][0][4]   | C_o[2][2][4]   |     5.683 | SLOW    |     2.533 | FAST    |
A_i[2][0][4]   | C_o[2][2][5]   |     5.640 | SLOW    |     2.492 | FAST    |
A_i[2][0][4]   | C_o[2][2][6]   |     5.646 | SLOW    |     2.496 | FAST    |
A_i[2][0][4]   | C_o[2][2][7]   |     5.665 | SLOW    |     2.508 | FAST    |
A_i[2][0][4]   | C_o[2][3][4]   |     5.683 | SLOW    |     2.533 | FAST    |
A_i[2][0][4]   | C_o[2][3][5]   |     5.640 | SLOW    |     2.492 | FAST    |
A_i[2][0][4]   | C_o[2][3][6]   |     5.646 | SLOW    |     2.496 | FAST    |
A_i[2][0][4]   | C_o[2][3][7]   |     5.665 | SLOW    |     2.508 | FAST    |
A_i[2][0][5]   | C_o[2][0][5]   |     5.650 | SLOW    |     2.512 | FAST    |
A_i[2][0][5]   | C_o[2][0][6]   |     5.656 | SLOW    |     2.502 | FAST    |
A_i[2][0][5]   | C_o[2][0][7]   |     5.675 | SLOW    |     2.514 | FAST    |
A_i[2][0][5]   | C_o[2][1][5]   |     5.650 | SLOW    |     2.512 | FAST    |
A_i[2][0][5]   | C_o[2][1][6]   |     5.656 | SLOW    |     2.502 | FAST    |
A_i[2][0][5]   | C_o[2][1][7]   |     5.675 | SLOW    |     2.514 | FAST    |
A_i[2][0][5]   | C_o[2][2][5]   |     5.650 | SLOW    |     2.512 | FAST    |
A_i[2][0][5]   | C_o[2][2][6]   |     5.656 | SLOW    |     2.502 | FAST    |
A_i[2][0][5]   | C_o[2][2][7]   |     5.675 | SLOW    |     2.514 | FAST    |
A_i[2][0][5]   | C_o[2][3][5]   |     5.650 | SLOW    |     2.512 | FAST    |
A_i[2][0][5]   | C_o[2][3][6]   |     5.656 | SLOW    |     2.502 | FAST    |
A_i[2][0][5]   | C_o[2][3][7]   |     5.675 | SLOW    |     2.514 | FAST    |
A_i[2][0][6]   | C_o[2][0][6]   |     5.715 | SLOW    |     2.539 | FAST    |
A_i[2][0][6]   | C_o[2][0][7]   |     5.734 | SLOW    |     2.533 | FAST    |
A_i[2][0][6]   | C_o[2][1][6]   |     5.715 | SLOW    |     2.539 | FAST    |
A_i[2][0][6]   | C_o[2][1][7]   |     5.734 | SLOW    |     2.533 | FAST    |
A_i[2][0][6]   | C_o[2][2][6]   |     5.715 | SLOW    |     2.539 | FAST    |
A_i[2][0][6]   | C_o[2][2][7]   |     5.734 | SLOW    |     2.533 | FAST    |
A_i[2][0][6]   | C_o[2][3][6]   |     5.715 | SLOW    |     2.539 | FAST    |
A_i[2][0][6]   | C_o[2][3][7]   |     5.734 | SLOW    |     2.533 | FAST    |
A_i[2][0][7]   | C_o[2][0][6]   |     5.679 | SLOW    |     2.518 | FAST    |
A_i[2][0][7]   | C_o[2][0][7]   |     5.698 | SLOW    |     2.511 | FAST    |
A_i[2][0][7]   | C_o[2][1][6]   |     5.679 | SLOW    |     2.518 | FAST    |
A_i[2][0][7]   | C_o[2][1][7]   |     5.698 | SLOW    |     2.511 | FAST    |
A_i[2][0][7]   | C_o[2][2][6]   |     5.679 | SLOW    |     2.518 | FAST    |
A_i[2][0][7]   | C_o[2][2][7]   |     5.698 | SLOW    |     2.511 | FAST    |
A_i[2][0][7]   | C_o[2][3][6]   |     5.679 | SLOW    |     2.518 | FAST    |
A_i[2][0][7]   | C_o[2][3][7]   |     5.698 | SLOW    |     2.511 | FAST    |
A_i[2][1][0]   | C_o[2][0][0]   |     5.666 | SLOW    |     2.513 | FAST    |
A_i[2][1][0]   | C_o[2][0][1]   |     5.680 | SLOW    |     2.503 | FAST    |
A_i[2][1][0]   | C_o[2][0][2]   |     5.666 | SLOW    |     2.493 | FAST    |
A_i[2][1][0]   | C_o[2][0][3]   |     5.672 | SLOW    |     2.498 | FAST    |
A_i[2][1][0]   | C_o[2][0][4]   |     5.681 | SLOW    |     2.503 | FAST    |
A_i[2][1][0]   | C_o[2][0][5]   |     5.638 | SLOW    |     2.476 | FAST    |
A_i[2][1][0]   | C_o[2][0][6]   |     5.644 | SLOW    |     2.480 | FAST    |
A_i[2][1][0]   | C_o[2][0][7]   |     5.663 | SLOW    |     2.492 | FAST    |
A_i[2][1][0]   | C_o[2][1][0]   |     5.666 | SLOW    |     2.513 | FAST    |
A_i[2][1][0]   | C_o[2][1][1]   |     5.680 | SLOW    |     2.503 | FAST    |
A_i[2][1][0]   | C_o[2][1][2]   |     5.666 | SLOW    |     2.493 | FAST    |
A_i[2][1][0]   | C_o[2][1][3]   |     5.672 | SLOW    |     2.498 | FAST    |
A_i[2][1][0]   | C_o[2][1][4]   |     5.681 | SLOW    |     2.503 | FAST    |
A_i[2][1][0]   | C_o[2][1][5]   |     5.638 | SLOW    |     2.476 | FAST    |
A_i[2][1][0]   | C_o[2][1][6]   |     5.644 | SLOW    |     2.480 | FAST    |
A_i[2][1][0]   | C_o[2][1][7]   |     5.663 | SLOW    |     2.492 | FAST    |
A_i[2][1][0]   | C_o[2][2][0]   |     5.666 | SLOW    |     2.513 | FAST    |
A_i[2][1][0]   | C_o[2][2][1]   |     5.680 | SLOW    |     2.503 | FAST    |
A_i[2][1][0]   | C_o[2][2][2]   |     5.666 | SLOW    |     2.493 | FAST    |
A_i[2][1][0]   | C_o[2][2][3]   |     5.672 | SLOW    |     2.498 | FAST    |
A_i[2][1][0]   | C_o[2][2][4]   |     5.681 | SLOW    |     2.503 | FAST    |
A_i[2][1][0]   | C_o[2][2][5]   |     5.638 | SLOW    |     2.476 | FAST    |
A_i[2][1][0]   | C_o[2][2][6]   |     5.644 | SLOW    |     2.480 | FAST    |
A_i[2][1][0]   | C_o[2][2][7]   |     5.663 | SLOW    |     2.492 | FAST    |
A_i[2][1][0]   | C_o[2][3][0]   |     5.666 | SLOW    |     2.513 | FAST    |
A_i[2][1][0]   | C_o[2][3][1]   |     5.680 | SLOW    |     2.503 | FAST    |
A_i[2][1][0]   | C_o[2][3][2]   |     5.666 | SLOW    |     2.493 | FAST    |
A_i[2][1][0]   | C_o[2][3][3]   |     5.672 | SLOW    |     2.498 | FAST    |
A_i[2][1][0]   | C_o[2][3][4]   |     5.681 | SLOW    |     2.503 | FAST    |
A_i[2][1][0]   | C_o[2][3][5]   |     5.638 | SLOW    |     2.476 | FAST    |
A_i[2][1][0]   | C_o[2][3][6]   |     5.644 | SLOW    |     2.480 | FAST    |
A_i[2][1][0]   | C_o[2][3][7]   |     5.663 | SLOW    |     2.492 | FAST    |
A_i[2][1][1]   | C_o[2][0][1]   |     5.662 | SLOW    |     2.520 | FAST    |
A_i[2][1][1]   | C_o[2][0][2]   |     5.675 | SLOW    |     2.508 | FAST    |
A_i[2][1][1]   | C_o[2][0][3]   |     5.681 | SLOW    |     2.503 | FAST    |
A_i[2][1][1]   | C_o[2][0][4]   |     5.690 | SLOW    |     2.508 | FAST    |
A_i[2][1][1]   | C_o[2][0][5]   |     5.647 | SLOW    |     2.481 | FAST    |
A_i[2][1][1]   | C_o[2][0][6]   |     5.653 | SLOW    |     2.485 | FAST    |
A_i[2][1][1]   | C_o[2][0][7]   |     5.672 | SLOW    |     2.497 | FAST    |
A_i[2][1][1]   | C_o[2][1][1]   |     5.662 | SLOW    |     2.520 | FAST    |
A_i[2][1][1]   | C_o[2][1][2]   |     5.675 | SLOW    |     2.508 | FAST    |
A_i[2][1][1]   | C_o[2][1][3]   |     5.681 | SLOW    |     2.503 | FAST    |
A_i[2][1][1]   | C_o[2][1][4]   |     5.690 | SLOW    |     2.508 | FAST    |
A_i[2][1][1]   | C_o[2][1][5]   |     5.647 | SLOW    |     2.481 | FAST    |
A_i[2][1][1]   | C_o[2][1][6]   |     5.653 | SLOW    |     2.485 | FAST    |
A_i[2][1][1]   | C_o[2][1][7]   |     5.672 | SLOW    |     2.497 | FAST    |
A_i[2][1][1]   | C_o[2][2][1]   |     5.662 | SLOW    |     2.520 | FAST    |
A_i[2][1][1]   | C_o[2][2][2]   |     5.675 | SLOW    |     2.508 | FAST    |
A_i[2][1][1]   | C_o[2][2][3]   |     5.681 | SLOW    |     2.503 | FAST    |
A_i[2][1][1]   | C_o[2][2][4]   |     5.690 | SLOW    |     2.508 | FAST    |
A_i[2][1][1]   | C_o[2][2][5]   |     5.647 | SLOW    |     2.481 | FAST    |
A_i[2][1][1]   | C_o[2][2][6]   |     5.653 | SLOW    |     2.485 | FAST    |
A_i[2][1][1]   | C_o[2][2][7]   |     5.672 | SLOW    |     2.497 | FAST    |
A_i[2][1][1]   | C_o[2][3][1]   |     5.662 | SLOW    |     2.520 | FAST    |
A_i[2][1][1]   | C_o[2][3][2]   |     5.675 | SLOW    |     2.508 | FAST    |
A_i[2][1][1]   | C_o[2][3][3]   |     5.681 | SLOW    |     2.503 | FAST    |
A_i[2][1][1]   | C_o[2][3][4]   |     5.690 | SLOW    |     2.508 | FAST    |
A_i[2][1][1]   | C_o[2][3][5]   |     5.647 | SLOW    |     2.481 | FAST    |
A_i[2][1][1]   | C_o[2][3][6]   |     5.653 | SLOW    |     2.485 | FAST    |
A_i[2][1][1]   | C_o[2][3][7]   |     5.672 | SLOW    |     2.497 | FAST    |
A_i[2][1][2]   | C_o[2][0][2]   |     5.674 | SLOW    |     2.519 | FAST    |
A_i[2][1][2]   | C_o[2][0][3]   |     5.680 | SLOW    |     2.505 | FAST    |
A_i[2][1][2]   | C_o[2][0][4]   |     5.689 | SLOW    |     2.510 | FAST    |
A_i[2][1][2]   | C_o[2][0][5]   |     5.646 | SLOW    |     2.483 | FAST    |
A_i[2][1][2]   | C_o[2][0][6]   |     5.652 | SLOW    |     2.487 | FAST    |
A_i[2][1][2]   | C_o[2][0][7]   |     5.671 | SLOW    |     2.499 | FAST    |
A_i[2][1][2]   | C_o[2][1][2]   |     5.674 | SLOW    |     2.519 | FAST    |
A_i[2][1][2]   | C_o[2][1][3]   |     5.680 | SLOW    |     2.505 | FAST    |
A_i[2][1][2]   | C_o[2][1][4]   |     5.689 | SLOW    |     2.510 | FAST    |
A_i[2][1][2]   | C_o[2][1][5]   |     5.646 | SLOW    |     2.483 | FAST    |
A_i[2][1][2]   | C_o[2][1][6]   |     5.652 | SLOW    |     2.487 | FAST    |
A_i[2][1][2]   | C_o[2][1][7]   |     5.671 | SLOW    |     2.499 | FAST    |
A_i[2][1][2]   | C_o[2][2][2]   |     5.674 | SLOW    |     2.519 | FAST    |
A_i[2][1][2]   | C_o[2][2][3]   |     5.680 | SLOW    |     2.505 | FAST    |
A_i[2][1][2]   | C_o[2][2][4]   |     5.689 | SLOW    |     2.510 | FAST    |
A_i[2][1][2]   | C_o[2][2][5]   |     5.646 | SLOW    |     2.483 | FAST    |
A_i[2][1][2]   | C_o[2][2][6]   |     5.652 | SLOW    |     2.487 | FAST    |
A_i[2][1][2]   | C_o[2][2][7]   |     5.671 | SLOW    |     2.499 | FAST    |
A_i[2][1][2]   | C_o[2][3][2]   |     5.674 | SLOW    |     2.519 | FAST    |
A_i[2][1][2]   | C_o[2][3][3]   |     5.680 | SLOW    |     2.505 | FAST    |
A_i[2][1][2]   | C_o[2][3][4]   |     5.689 | SLOW    |     2.510 | FAST    |
A_i[2][1][2]   | C_o[2][3][5]   |     5.646 | SLOW    |     2.483 | FAST    |
A_i[2][1][2]   | C_o[2][3][6]   |     5.652 | SLOW    |     2.487 | FAST    |
A_i[2][1][2]   | C_o[2][3][7]   |     5.671 | SLOW    |     2.499 | FAST    |
A_i[2][1][3]   | C_o[2][0][3]   |     5.670 | SLOW    |     2.516 | FAST    |
A_i[2][1][3]   | C_o[2][0][4]   |     5.679 | SLOW    |     2.502 | FAST    |
A_i[2][1][3]   | C_o[2][0][5]   |     5.636 | SLOW    |     2.475 | FAST    |
A_i[2][1][3]   | C_o[2][0][6]   |     5.642 | SLOW    |     2.479 | FAST    |
A_i[2][1][3]   | C_o[2][0][7]   |     5.661 | SLOW    |     2.491 | FAST    |
A_i[2][1][3]   | C_o[2][1][3]   |     5.670 | SLOW    |     2.516 | FAST    |
A_i[2][1][3]   | C_o[2][1][4]   |     5.679 | SLOW    |     2.502 | FAST    |
A_i[2][1][3]   | C_o[2][1][5]   |     5.636 | SLOW    |     2.475 | FAST    |
A_i[2][1][3]   | C_o[2][1][6]   |     5.642 | SLOW    |     2.479 | FAST    |
A_i[2][1][3]   | C_o[2][1][7]   |     5.661 | SLOW    |     2.491 | FAST    |
A_i[2][1][3]   | C_o[2][2][3]   |     5.670 | SLOW    |     2.516 | FAST    |
A_i[2][1][3]   | C_o[2][2][4]   |     5.679 | SLOW    |     2.502 | FAST    |
A_i[2][1][3]   | C_o[2][2][5]   |     5.636 | SLOW    |     2.475 | FAST    |
A_i[2][1][3]   | C_o[2][2][6]   |     5.642 | SLOW    |     2.479 | FAST    |
A_i[2][1][3]   | C_o[2][2][7]   |     5.661 | SLOW    |     2.491 | FAST    |
A_i[2][1][3]   | C_o[2][3][3]   |     5.670 | SLOW    |     2.516 | FAST    |
A_i[2][1][3]   | C_o[2][3][4]   |     5.679 | SLOW    |     2.502 | FAST    |
A_i[2][1][3]   | C_o[2][3][5]   |     5.636 | SLOW    |     2.475 | FAST    |
A_i[2][1][3]   | C_o[2][3][6]   |     5.642 | SLOW    |     2.479 | FAST    |
A_i[2][1][3]   | C_o[2][3][7]   |     5.661 | SLOW    |     2.491 | FAST    |
A_i[2][1][4]   | C_o[2][0][4]   |     5.681 | SLOW    |     2.522 | FAST    |
A_i[2][1][4]   | C_o[2][0][5]   |     5.638 | SLOW    |     2.476 | FAST    |
A_i[2][1][4]   | C_o[2][0][6]   |     5.644 | SLOW    |     2.480 | FAST    |
A_i[2][1][4]   | C_o[2][0][7]   |     5.663 | SLOW    |     2.492 | FAST    |
A_i[2][1][4]   | C_o[2][1][4]   |     5.681 | SLOW    |     2.522 | FAST    |
A_i[2][1][4]   | C_o[2][1][5]   |     5.638 | SLOW    |     2.476 | FAST    |
A_i[2][1][4]   | C_o[2][1][6]   |     5.644 | SLOW    |     2.480 | FAST    |
A_i[2][1][4]   | C_o[2][1][7]   |     5.663 | SLOW    |     2.492 | FAST    |
A_i[2][1][4]   | C_o[2][2][4]   |     5.681 | SLOW    |     2.522 | FAST    |
A_i[2][1][4]   | C_o[2][2][5]   |     5.638 | SLOW    |     2.476 | FAST    |
A_i[2][1][4]   | C_o[2][2][6]   |     5.644 | SLOW    |     2.480 | FAST    |
A_i[2][1][4]   | C_o[2][2][7]   |     5.663 | SLOW    |     2.492 | FAST    |
A_i[2][1][4]   | C_o[2][3][4]   |     5.681 | SLOW    |     2.522 | FAST    |
A_i[2][1][4]   | C_o[2][3][5]   |     5.638 | SLOW    |     2.476 | FAST    |
A_i[2][1][4]   | C_o[2][3][6]   |     5.644 | SLOW    |     2.480 | FAST    |
A_i[2][1][4]   | C_o[2][3][7]   |     5.663 | SLOW    |     2.492 | FAST    |
A_i[2][1][5]   | C_o[2][0][5]   |     5.639 | SLOW    |     2.495 | FAST    |
A_i[2][1][5]   | C_o[2][0][6]   |     5.645 | SLOW    |     2.480 | FAST    |
A_i[2][1][5]   | C_o[2][0][7]   |     5.664 | SLOW    |     2.492 | FAST    |
A_i[2][1][5]   | C_o[2][1][5]   |     5.639 | SLOW    |     2.495 | FAST    |
A_i[2][1][5]   | C_o[2][1][6]   |     5.645 | SLOW    |     2.480 | FAST    |
A_i[2][1][5]   | C_o[2][1][7]   |     5.664 | SLOW    |     2.492 | FAST    |
A_i[2][1][5]   | C_o[2][2][5]   |     5.639 | SLOW    |     2.495 | FAST    |
A_i[2][1][5]   | C_o[2][2][6]   |     5.645 | SLOW    |     2.480 | FAST    |
A_i[2][1][5]   | C_o[2][2][7]   |     5.664 | SLOW    |     2.492 | FAST    |
A_i[2][1][5]   | C_o[2][3][5]   |     5.639 | SLOW    |     2.495 | FAST    |
A_i[2][1][5]   | C_o[2][3][6]   |     5.645 | SLOW    |     2.480 | FAST    |
A_i[2][1][5]   | C_o[2][3][7]   |     5.664 | SLOW    |     2.492 | FAST    |
A_i[2][1][6]   | C_o[2][0][6]   |     5.676 | SLOW    |     2.513 | FAST    |
A_i[2][1][6]   | C_o[2][0][7]   |     5.695 | SLOW    |     2.507 | FAST    |
A_i[2][1][6]   | C_o[2][1][6]   |     5.676 | SLOW    |     2.513 | FAST    |
A_i[2][1][6]   | C_o[2][1][7]   |     5.695 | SLOW    |     2.507 | FAST    |
A_i[2][1][6]   | C_o[2][2][6]   |     5.676 | SLOW    |     2.513 | FAST    |
A_i[2][1][6]   | C_o[2][2][7]   |     5.695 | SLOW    |     2.507 | FAST    |
A_i[2][1][6]   | C_o[2][3][6]   |     5.676 | SLOW    |     2.513 | FAST    |
A_i[2][1][6]   | C_o[2][3][7]   |     5.695 | SLOW    |     2.507 | FAST    |
A_i[2][1][7]   | C_o[2][0][6]   |     5.647 | SLOW    |     2.482 | FAST    |
A_i[2][1][7]   | C_o[2][0][7]   |     5.680 | SLOW    |     2.480 | FAST    |
A_i[2][1][7]   | C_o[2][1][6]   |     5.647 | SLOW    |     2.482 | FAST    |
A_i[2][1][7]   | C_o[2][1][7]   |     5.680 | SLOW    |     2.480 | FAST    |
A_i[2][1][7]   | C_o[2][2][6]   |     5.647 | SLOW    |     2.482 | FAST    |
A_i[2][1][7]   | C_o[2][2][7]   |     5.680 | SLOW    |     2.480 | FAST    |
A_i[2][1][7]   | C_o[2][3][6]   |     5.647 | SLOW    |     2.482 | FAST    |
A_i[2][1][7]   | C_o[2][3][7]   |     5.680 | SLOW    |     2.480 | FAST    |
A_i[3][0][0]   | C_o[3][0][0]   |     5.667 | SLOW    |     2.522 | FAST    |
A_i[3][0][0]   | C_o[3][0][1]   |     5.681 | SLOW    |     2.517 | FAST    |
A_i[3][0][0]   | C_o[3][0][2]   |     5.667 | SLOW    |     2.507 | FAST    |
A_i[3][0][0]   | C_o[3][0][3]   |     5.673 | SLOW    |     2.512 | FAST    |
A_i[3][0][0]   | C_o[3][0][4]   |     5.682 | SLOW    |     2.517 | FAST    |
A_i[3][0][0]   | C_o[3][0][5]   |     5.639 | SLOW    |     2.490 | FAST    |
A_i[3][0][0]   | C_o[3][0][6]   |     5.645 | SLOW    |     2.494 | FAST    |
A_i[3][0][0]   | C_o[3][0][7]   |     5.664 | SLOW    |     2.506 | FAST    |
A_i[3][0][0]   | C_o[3][1][0]   |     5.667 | SLOW    |     2.522 | FAST    |
A_i[3][0][0]   | C_o[3][1][1]   |     5.681 | SLOW    |     2.517 | FAST    |
A_i[3][0][0]   | C_o[3][1][2]   |     5.667 | SLOW    |     2.507 | FAST    |
A_i[3][0][0]   | C_o[3][1][3]   |     5.673 | SLOW    |     2.512 | FAST    |
A_i[3][0][0]   | C_o[3][1][4]   |     5.682 | SLOW    |     2.517 | FAST    |
A_i[3][0][0]   | C_o[3][1][5]   |     5.639 | SLOW    |     2.490 | FAST    |
A_i[3][0][0]   | C_o[3][1][6]   |     5.645 | SLOW    |     2.494 | FAST    |
A_i[3][0][0]   | C_o[3][1][7]   |     5.664 | SLOW    |     2.506 | FAST    |
A_i[3][0][0]   | C_o[3][2][0]   |     5.667 | SLOW    |     2.522 | FAST    |
A_i[3][0][0]   | C_o[3][2][1]   |     5.681 | SLOW    |     2.517 | FAST    |
A_i[3][0][0]   | C_o[3][2][2]   |     5.667 | SLOW    |     2.507 | FAST    |
A_i[3][0][0]   | C_o[3][2][3]   |     5.673 | SLOW    |     2.512 | FAST    |
A_i[3][0][0]   | C_o[3][2][4]   |     5.682 | SLOW    |     2.517 | FAST    |
A_i[3][0][0]   | C_o[3][2][5]   |     5.639 | SLOW    |     2.490 | FAST    |
A_i[3][0][0]   | C_o[3][2][6]   |     5.645 | SLOW    |     2.494 | FAST    |
A_i[3][0][0]   | C_o[3][2][7]   |     5.664 | SLOW    |     2.506 | FAST    |
A_i[3][0][0]   | C_o[3][3][0]   |     5.667 | SLOW    |     2.522 | FAST    |
A_i[3][0][0]   | C_o[3][3][1]   |     5.681 | SLOW    |     2.517 | FAST    |
A_i[3][0][0]   | C_o[3][3][2]   |     5.667 | SLOW    |     2.507 | FAST    |
A_i[3][0][0]   | C_o[3][3][3]   |     5.673 | SLOW    |     2.512 | FAST    |
A_i[3][0][0]   | C_o[3][3][4]   |     5.682 | SLOW    |     2.517 | FAST    |
A_i[3][0][0]   | C_o[3][3][5]   |     5.639 | SLOW    |     2.490 | FAST    |
A_i[3][0][0]   | C_o[3][3][6]   |     5.645 | SLOW    |     2.494 | FAST    |
A_i[3][0][0]   | C_o[3][3][7]   |     5.664 | SLOW    |     2.506 | FAST    |
A_i[3][0][1]   | C_o[3][0][1]   |     5.680 | SLOW    |     2.531 | FAST    |
A_i[3][0][1]   | C_o[3][0][2]   |     5.666 | SLOW    |     2.507 | FAST    |
A_i[3][0][1]   | C_o[3][0][3]   |     5.672 | SLOW    |     2.512 | FAST    |
A_i[3][0][1]   | C_o[3][0][4]   |     5.681 | SLOW    |     2.517 | FAST    |
A_i[3][0][1]   | C_o[3][0][5]   |     5.638 | SLOW    |     2.490 | FAST    |
A_i[3][0][1]   | C_o[3][0][6]   |     5.644 | SLOW    |     2.494 | FAST    |
A_i[3][0][1]   | C_o[3][0][7]   |     5.663 | SLOW    |     2.506 | FAST    |
A_i[3][0][1]   | C_o[3][1][1]   |     5.680 | SLOW    |     2.531 | FAST    |
A_i[3][0][1]   | C_o[3][1][2]   |     5.666 | SLOW    |     2.507 | FAST    |
A_i[3][0][1]   | C_o[3][1][3]   |     5.672 | SLOW    |     2.512 | FAST    |
A_i[3][0][1]   | C_o[3][1][4]   |     5.681 | SLOW    |     2.517 | FAST    |
A_i[3][0][1]   | C_o[3][1][5]   |     5.638 | SLOW    |     2.490 | FAST    |
A_i[3][0][1]   | C_o[3][1][6]   |     5.644 | SLOW    |     2.494 | FAST    |
A_i[3][0][1]   | C_o[3][1][7]   |     5.663 | SLOW    |     2.506 | FAST    |
A_i[3][0][1]   | C_o[3][2][1]   |     5.680 | SLOW    |     2.531 | FAST    |
A_i[3][0][1]   | C_o[3][2][2]   |     5.666 | SLOW    |     2.507 | FAST    |
A_i[3][0][1]   | C_o[3][2][3]   |     5.672 | SLOW    |     2.512 | FAST    |
A_i[3][0][1]   | C_o[3][2][4]   |     5.681 | SLOW    |     2.517 | FAST    |
A_i[3][0][1]   | C_o[3][2][5]   |     5.638 | SLOW    |     2.490 | FAST    |
A_i[3][0][1]   | C_o[3][2][6]   |     5.644 | SLOW    |     2.494 | FAST    |
A_i[3][0][1]   | C_o[3][2][7]   |     5.663 | SLOW    |     2.506 | FAST    |
A_i[3][0][1]   | C_o[3][3][1]   |     5.680 | SLOW    |     2.531 | FAST    |
A_i[3][0][1]   | C_o[3][3][2]   |     5.666 | SLOW    |     2.507 | FAST    |
A_i[3][0][1]   | C_o[3][3][3]   |     5.672 | SLOW    |     2.512 | FAST    |
A_i[3][0][1]   | C_o[3][3][4]   |     5.681 | SLOW    |     2.517 | FAST    |
A_i[3][0][1]   | C_o[3][3][5]   |     5.638 | SLOW    |     2.490 | FAST    |
A_i[3][0][1]   | C_o[3][3][6]   |     5.644 | SLOW    |     2.494 | FAST    |
A_i[3][0][1]   | C_o[3][3][7]   |     5.663 | SLOW    |     2.506 | FAST    |
A_i[3][0][2]   | C_o[3][0][2]   |     5.668 | SLOW    |     2.521 | FAST    |
A_i[3][0][2]   | C_o[3][0][3]   |     5.674 | SLOW    |     2.512 | FAST    |
A_i[3][0][2]   | C_o[3][0][4]   |     5.683 | SLOW    |     2.517 | FAST    |
A_i[3][0][2]   | C_o[3][0][5]   |     5.640 | SLOW    |     2.490 | FAST    |
A_i[3][0][2]   | C_o[3][0][6]   |     5.646 | SLOW    |     2.494 | FAST    |
A_i[3][0][2]   | C_o[3][0][7]   |     5.665 | SLOW    |     2.506 | FAST    |
A_i[3][0][2]   | C_o[3][1][2]   |     5.668 | SLOW    |     2.521 | FAST    |
A_i[3][0][2]   | C_o[3][1][3]   |     5.674 | SLOW    |     2.512 | FAST    |
A_i[3][0][2]   | C_o[3][1][4]   |     5.683 | SLOW    |     2.517 | FAST    |
A_i[3][0][2]   | C_o[3][1][5]   |     5.640 | SLOW    |     2.490 | FAST    |
A_i[3][0][2]   | C_o[3][1][6]   |     5.646 | SLOW    |     2.494 | FAST    |
A_i[3][0][2]   | C_o[3][1][7]   |     5.665 | SLOW    |     2.506 | FAST    |
A_i[3][0][2]   | C_o[3][2][2]   |     5.668 | SLOW    |     2.521 | FAST    |
A_i[3][0][2]   | C_o[3][2][3]   |     5.674 | SLOW    |     2.512 | FAST    |
A_i[3][0][2]   | C_o[3][2][4]   |     5.683 | SLOW    |     2.517 | FAST    |
A_i[3][0][2]   | C_o[3][2][5]   |     5.640 | SLOW    |     2.490 | FAST    |
A_i[3][0][2]   | C_o[3][2][6]   |     5.646 | SLOW    |     2.494 | FAST    |
A_i[3][0][2]   | C_o[3][2][7]   |     5.665 | SLOW    |     2.506 | FAST    |
A_i[3][0][2]   | C_o[3][3][2]   |     5.668 | SLOW    |     2.521 | FAST    |
A_i[3][0][2]   | C_o[3][3][3]   |     5.674 | SLOW    |     2.512 | FAST    |
A_i[3][0][2]   | C_o[3][3][4]   |     5.683 | SLOW    |     2.517 | FAST    |
A_i[3][0][2]   | C_o[3][3][5]   |     5.640 | SLOW    |     2.490 | FAST    |
A_i[3][0][2]   | C_o[3][3][6]   |     5.646 | SLOW    |     2.494 | FAST    |
A_i[3][0][2]   | C_o[3][3][7]   |     5.665 | SLOW    |     2.506 | FAST    |
A_i[3][0][3]   | C_o[3][0][3]   |     5.673 | SLOW    |     2.526 | FAST    |
A_i[3][0][3]   | C_o[3][0][4]   |     5.682 | SLOW    |     2.517 | FAST    |
A_i[3][0][3]   | C_o[3][0][5]   |     5.639 | SLOW    |     2.490 | FAST    |
A_i[3][0][3]   | C_o[3][0][6]   |     5.645 | SLOW    |     2.494 | FAST    |
A_i[3][0][3]   | C_o[3][0][7]   |     5.664 | SLOW    |     2.506 | FAST    |
A_i[3][0][3]   | C_o[3][1][3]   |     5.673 | SLOW    |     2.526 | FAST    |
A_i[3][0][3]   | C_o[3][1][4]   |     5.682 | SLOW    |     2.517 | FAST    |
A_i[3][0][3]   | C_o[3][1][5]   |     5.639 | SLOW    |     2.490 | FAST    |
A_i[3][0][3]   | C_o[3][1][6]   |     5.645 | SLOW    |     2.494 | FAST    |
A_i[3][0][3]   | C_o[3][1][7]   |     5.664 | SLOW    |     2.506 | FAST    |
A_i[3][0][3]   | C_o[3][2][3]   |     5.673 | SLOW    |     2.526 | FAST    |
A_i[3][0][3]   | C_o[3][2][4]   |     5.682 | SLOW    |     2.517 | FAST    |
A_i[3][0][3]   | C_o[3][2][5]   |     5.639 | SLOW    |     2.490 | FAST    |
A_i[3][0][3]   | C_o[3][2][6]   |     5.645 | SLOW    |     2.494 | FAST    |
A_i[3][0][3]   | C_o[3][2][7]   |     5.664 | SLOW    |     2.506 | FAST    |
A_i[3][0][3]   | C_o[3][3][3]   |     5.673 | SLOW    |     2.526 | FAST    |
A_i[3][0][3]   | C_o[3][3][4]   |     5.682 | SLOW    |     2.517 | FAST    |
A_i[3][0][3]   | C_o[3][3][5]   |     5.639 | SLOW    |     2.490 | FAST    |
A_i[3][0][3]   | C_o[3][3][6]   |     5.645 | SLOW    |     2.494 | FAST    |
A_i[3][0][3]   | C_o[3][3][7]   |     5.664 | SLOW    |     2.506 | FAST    |
A_i[3][0][4]   | C_o[3][0][4]   |     5.683 | SLOW    |     2.533 | FAST    |
A_i[3][0][4]   | C_o[3][0][5]   |     5.640 | SLOW    |     2.492 | FAST    |
A_i[3][0][4]   | C_o[3][0][6]   |     5.646 | SLOW    |     2.496 | FAST    |
A_i[3][0][4]   | C_o[3][0][7]   |     5.665 | SLOW    |     2.508 | FAST    |
A_i[3][0][4]   | C_o[3][1][4]   |     5.683 | SLOW    |     2.533 | FAST    |
A_i[3][0][4]   | C_o[3][1][5]   |     5.640 | SLOW    |     2.492 | FAST    |
A_i[3][0][4]   | C_o[3][1][6]   |     5.646 | SLOW    |     2.496 | FAST    |
A_i[3][0][4]   | C_o[3][1][7]   |     5.665 | SLOW    |     2.508 | FAST    |
A_i[3][0][4]   | C_o[3][2][4]   |     5.683 | SLOW    |     2.533 | FAST    |
A_i[3][0][4]   | C_o[3][2][5]   |     5.640 | SLOW    |     2.492 | FAST    |
A_i[3][0][4]   | C_o[3][2][6]   |     5.646 | SLOW    |     2.496 | FAST    |
A_i[3][0][4]   | C_o[3][2][7]   |     5.665 | SLOW    |     2.508 | FAST    |
A_i[3][0][4]   | C_o[3][3][4]   |     5.683 | SLOW    |     2.533 | FAST    |
A_i[3][0][4]   | C_o[3][3][5]   |     5.640 | SLOW    |     2.492 | FAST    |
A_i[3][0][4]   | C_o[3][3][6]   |     5.646 | SLOW    |     2.496 | FAST    |
A_i[3][0][4]   | C_o[3][3][7]   |     5.665 | SLOW    |     2.508 | FAST    |
A_i[3][0][5]   | C_o[3][0][5]   |     5.650 | SLOW    |     2.512 | FAST    |
A_i[3][0][5]   | C_o[3][0][6]   |     5.656 | SLOW    |     2.502 | FAST    |
A_i[3][0][5]   | C_o[3][0][7]   |     5.675 | SLOW    |     2.514 | FAST    |
A_i[3][0][5]   | C_o[3][1][5]   |     5.650 | SLOW    |     2.512 | FAST    |
A_i[3][0][5]   | C_o[3][1][6]   |     5.656 | SLOW    |     2.502 | FAST    |
A_i[3][0][5]   | C_o[3][1][7]   |     5.675 | SLOW    |     2.514 | FAST    |
A_i[3][0][5]   | C_o[3][2][5]   |     5.650 | SLOW    |     2.512 | FAST    |
A_i[3][0][5]   | C_o[3][2][6]   |     5.656 | SLOW    |     2.502 | FAST    |
A_i[3][0][5]   | C_o[3][2][7]   |     5.675 | SLOW    |     2.514 | FAST    |
A_i[3][0][5]   | C_o[3][3][5]   |     5.650 | SLOW    |     2.512 | FAST    |
A_i[3][0][5]   | C_o[3][3][6]   |     5.656 | SLOW    |     2.502 | FAST    |
A_i[3][0][5]   | C_o[3][3][7]   |     5.675 | SLOW    |     2.514 | FAST    |
A_i[3][0][6]   | C_o[3][0][6]   |     5.715 | SLOW    |     2.539 | FAST    |
A_i[3][0][6]   | C_o[3][0][7]   |     5.734 | SLOW    |     2.533 | FAST    |
A_i[3][0][6]   | C_o[3][1][6]   |     5.715 | SLOW    |     2.539 | FAST    |
A_i[3][0][6]   | C_o[3][1][7]   |     5.734 | SLOW    |     2.533 | FAST    |
A_i[3][0][6]   | C_o[3][2][6]   |     5.715 | SLOW    |     2.539 | FAST    |
A_i[3][0][6]   | C_o[3][2][7]   |     5.734 | SLOW    |     2.533 | FAST    |
A_i[3][0][6]   | C_o[3][3][6]   |     5.715 | SLOW    |     2.539 | FAST    |
A_i[3][0][6]   | C_o[3][3][7]   |     5.734 | SLOW    |     2.533 | FAST    |
A_i[3][0][7]   | C_o[3][0][6]   |     5.679 | SLOW    |     2.518 | FAST    |
A_i[3][0][7]   | C_o[3][0][7]   |     5.698 | SLOW    |     2.511 | FAST    |
A_i[3][0][7]   | C_o[3][1][6]   |     5.679 | SLOW    |     2.518 | FAST    |
A_i[3][0][7]   | C_o[3][1][7]   |     5.698 | SLOW    |     2.511 | FAST    |
A_i[3][0][7]   | C_o[3][2][6]   |     5.679 | SLOW    |     2.518 | FAST    |
A_i[3][0][7]   | C_o[3][2][7]   |     5.698 | SLOW    |     2.511 | FAST    |
A_i[3][0][7]   | C_o[3][3][6]   |     5.679 | SLOW    |     2.518 | FAST    |
A_i[3][0][7]   | C_o[3][3][7]   |     5.698 | SLOW    |     2.511 | FAST    |
A_i[3][1][0]   | C_o[3][0][0]   |     5.666 | SLOW    |     2.513 | FAST    |
A_i[3][1][0]   | C_o[3][0][1]   |     5.680 | SLOW    |     2.503 | FAST    |
A_i[3][1][0]   | C_o[3][0][2]   |     5.666 | SLOW    |     2.493 | FAST    |
A_i[3][1][0]   | C_o[3][0][3]   |     5.672 | SLOW    |     2.498 | FAST    |
A_i[3][1][0]   | C_o[3][0][4]   |     5.681 | SLOW    |     2.503 | FAST    |
A_i[3][1][0]   | C_o[3][0][5]   |     5.638 | SLOW    |     2.476 | FAST    |
A_i[3][1][0]   | C_o[3][0][6]   |     5.644 | SLOW    |     2.480 | FAST    |
A_i[3][1][0]   | C_o[3][0][7]   |     5.663 | SLOW    |     2.492 | FAST    |
A_i[3][1][0]   | C_o[3][1][0]   |     5.666 | SLOW    |     2.513 | FAST    |
A_i[3][1][0]   | C_o[3][1][1]   |     5.680 | SLOW    |     2.503 | FAST    |
A_i[3][1][0]   | C_o[3][1][2]   |     5.666 | SLOW    |     2.493 | FAST    |
A_i[3][1][0]   | C_o[3][1][3]   |     5.672 | SLOW    |     2.498 | FAST    |
A_i[3][1][0]   | C_o[3][1][4]   |     5.681 | SLOW    |     2.503 | FAST    |
A_i[3][1][0]   | C_o[3][1][5]   |     5.638 | SLOW    |     2.476 | FAST    |
A_i[3][1][0]   | C_o[3][1][6]   |     5.644 | SLOW    |     2.480 | FAST    |
A_i[3][1][0]   | C_o[3][1][7]   |     5.663 | SLOW    |     2.492 | FAST    |
A_i[3][1][0]   | C_o[3][2][0]   |     5.666 | SLOW    |     2.513 | FAST    |
A_i[3][1][0]   | C_o[3][2][1]   |     5.680 | SLOW    |     2.503 | FAST    |
A_i[3][1][0]   | C_o[3][2][2]   |     5.666 | SLOW    |     2.493 | FAST    |
A_i[3][1][0]   | C_o[3][2][3]   |     5.672 | SLOW    |     2.498 | FAST    |
A_i[3][1][0]   | C_o[3][2][4]   |     5.681 | SLOW    |     2.503 | FAST    |
A_i[3][1][0]   | C_o[3][2][5]   |     5.638 | SLOW    |     2.476 | FAST    |
A_i[3][1][0]   | C_o[3][2][6]   |     5.644 | SLOW    |     2.480 | FAST    |
A_i[3][1][0]   | C_o[3][2][7]   |     5.663 | SLOW    |     2.492 | FAST    |
A_i[3][1][0]   | C_o[3][3][0]   |     5.666 | SLOW    |     2.513 | FAST    |
A_i[3][1][0]   | C_o[3][3][1]   |     5.680 | SLOW    |     2.503 | FAST    |
A_i[3][1][0]   | C_o[3][3][2]   |     5.666 | SLOW    |     2.493 | FAST    |
A_i[3][1][0]   | C_o[3][3][3]   |     5.672 | SLOW    |     2.498 | FAST    |
A_i[3][1][0]   | C_o[3][3][4]   |     5.681 | SLOW    |     2.503 | FAST    |
A_i[3][1][0]   | C_o[3][3][5]   |     5.638 | SLOW    |     2.476 | FAST    |
A_i[3][1][0]   | C_o[3][3][6]   |     5.644 | SLOW    |     2.480 | FAST    |
A_i[3][1][0]   | C_o[3][3][7]   |     5.663 | SLOW    |     2.492 | FAST    |
A_i[3][1][1]   | C_o[3][0][1]   |     5.662 | SLOW    |     2.520 | FAST    |
A_i[3][1][1]   | C_o[3][0][2]   |     5.675 | SLOW    |     2.508 | FAST    |
A_i[3][1][1]   | C_o[3][0][3]   |     5.681 | SLOW    |     2.503 | FAST    |
A_i[3][1][1]   | C_o[3][0][4]   |     5.690 | SLOW    |     2.508 | FAST    |
A_i[3][1][1]   | C_o[3][0][5]   |     5.647 | SLOW    |     2.481 | FAST    |
A_i[3][1][1]   | C_o[3][0][6]   |     5.653 | SLOW    |     2.485 | FAST    |
A_i[3][1][1]   | C_o[3][0][7]   |     5.672 | SLOW    |     2.497 | FAST    |
A_i[3][1][1]   | C_o[3][1][1]   |     5.662 | SLOW    |     2.520 | FAST    |
A_i[3][1][1]   | C_o[3][1][2]   |     5.675 | SLOW    |     2.508 | FAST    |
A_i[3][1][1]   | C_o[3][1][3]   |     5.681 | SLOW    |     2.503 | FAST    |
A_i[3][1][1]   | C_o[3][1][4]   |     5.690 | SLOW    |     2.508 | FAST    |
A_i[3][1][1]   | C_o[3][1][5]   |     5.647 | SLOW    |     2.481 | FAST    |
A_i[3][1][1]   | C_o[3][1][6]   |     5.653 | SLOW    |     2.485 | FAST    |
A_i[3][1][1]   | C_o[3][1][7]   |     5.672 | SLOW    |     2.497 | FAST    |
A_i[3][1][1]   | C_o[3][2][1]   |     5.662 | SLOW    |     2.520 | FAST    |
A_i[3][1][1]   | C_o[3][2][2]   |     5.675 | SLOW    |     2.508 | FAST    |
A_i[3][1][1]   | C_o[3][2][3]   |     5.681 | SLOW    |     2.503 | FAST    |
A_i[3][1][1]   | C_o[3][2][4]   |     5.690 | SLOW    |     2.508 | FAST    |
A_i[3][1][1]   | C_o[3][2][5]   |     5.647 | SLOW    |     2.481 | FAST    |
A_i[3][1][1]   | C_o[3][2][6]   |     5.653 | SLOW    |     2.485 | FAST    |
A_i[3][1][1]   | C_o[3][2][7]   |     5.672 | SLOW    |     2.497 | FAST    |
A_i[3][1][1]   | C_o[3][3][1]   |     5.662 | SLOW    |     2.520 | FAST    |
A_i[3][1][1]   | C_o[3][3][2]   |     5.675 | SLOW    |     2.508 | FAST    |
A_i[3][1][1]   | C_o[3][3][3]   |     5.681 | SLOW    |     2.503 | FAST    |
A_i[3][1][1]   | C_o[3][3][4]   |     5.690 | SLOW    |     2.508 | FAST    |
A_i[3][1][1]   | C_o[3][3][5]   |     5.647 | SLOW    |     2.481 | FAST    |
A_i[3][1][1]   | C_o[3][3][6]   |     5.653 | SLOW    |     2.485 | FAST    |
A_i[3][1][1]   | C_o[3][3][7]   |     5.672 | SLOW    |     2.497 | FAST    |
A_i[3][1][2]   | C_o[3][0][2]   |     5.674 | SLOW    |     2.519 | FAST    |
A_i[3][1][2]   | C_o[3][0][3]   |     5.680 | SLOW    |     2.505 | FAST    |
A_i[3][1][2]   | C_o[3][0][4]   |     5.689 | SLOW    |     2.510 | FAST    |
A_i[3][1][2]   | C_o[3][0][5]   |     5.646 | SLOW    |     2.483 | FAST    |
A_i[3][1][2]   | C_o[3][0][6]   |     5.652 | SLOW    |     2.487 | FAST    |
A_i[3][1][2]   | C_o[3][0][7]   |     5.671 | SLOW    |     2.499 | FAST    |
A_i[3][1][2]   | C_o[3][1][2]   |     5.674 | SLOW    |     2.519 | FAST    |
A_i[3][1][2]   | C_o[3][1][3]   |     5.680 | SLOW    |     2.505 | FAST    |
A_i[3][1][2]   | C_o[3][1][4]   |     5.689 | SLOW    |     2.510 | FAST    |
A_i[3][1][2]   | C_o[3][1][5]   |     5.646 | SLOW    |     2.483 | FAST    |
A_i[3][1][2]   | C_o[3][1][6]   |     5.652 | SLOW    |     2.487 | FAST    |
A_i[3][1][2]   | C_o[3][1][7]   |     5.671 | SLOW    |     2.499 | FAST    |
A_i[3][1][2]   | C_o[3][2][2]   |     5.674 | SLOW    |     2.519 | FAST    |
A_i[3][1][2]   | C_o[3][2][3]   |     5.680 | SLOW    |     2.505 | FAST    |
A_i[3][1][2]   | C_o[3][2][4]   |     5.689 | SLOW    |     2.510 | FAST    |
A_i[3][1][2]   | C_o[3][2][5]   |     5.646 | SLOW    |     2.483 | FAST    |
A_i[3][1][2]   | C_o[3][2][6]   |     5.652 | SLOW    |     2.487 | FAST    |
A_i[3][1][2]   | C_o[3][2][7]   |     5.671 | SLOW    |     2.499 | FAST    |
A_i[3][1][2]   | C_o[3][3][2]   |     5.674 | SLOW    |     2.519 | FAST    |
A_i[3][1][2]   | C_o[3][3][3]   |     5.680 | SLOW    |     2.505 | FAST    |
A_i[3][1][2]   | C_o[3][3][4]   |     5.689 | SLOW    |     2.510 | FAST    |
A_i[3][1][2]   | C_o[3][3][5]   |     5.646 | SLOW    |     2.483 | FAST    |
A_i[3][1][2]   | C_o[3][3][6]   |     5.652 | SLOW    |     2.487 | FAST    |
A_i[3][1][2]   | C_o[3][3][7]   |     5.671 | SLOW    |     2.499 | FAST    |
A_i[3][1][3]   | C_o[3][0][3]   |     5.670 | SLOW    |     2.516 | FAST    |
A_i[3][1][3]   | C_o[3][0][4]   |     5.679 | SLOW    |     2.502 | FAST    |
A_i[3][1][3]   | C_o[3][0][5]   |     5.636 | SLOW    |     2.475 | FAST    |
A_i[3][1][3]   | C_o[3][0][6]   |     5.642 | SLOW    |     2.479 | FAST    |
A_i[3][1][3]   | C_o[3][0][7]   |     5.661 | SLOW    |     2.491 | FAST    |
A_i[3][1][3]   | C_o[3][1][3]   |     5.670 | SLOW    |     2.516 | FAST    |
A_i[3][1][3]   | C_o[3][1][4]   |     5.679 | SLOW    |     2.502 | FAST    |
A_i[3][1][3]   | C_o[3][1][5]   |     5.636 | SLOW    |     2.475 | FAST    |
A_i[3][1][3]   | C_o[3][1][6]   |     5.642 | SLOW    |     2.479 | FAST    |
A_i[3][1][3]   | C_o[3][1][7]   |     5.661 | SLOW    |     2.491 | FAST    |
A_i[3][1][3]   | C_o[3][2][3]   |     5.670 | SLOW    |     2.516 | FAST    |
A_i[3][1][3]   | C_o[3][2][4]   |     5.679 | SLOW    |     2.502 | FAST    |
A_i[3][1][3]   | C_o[3][2][5]   |     5.636 | SLOW    |     2.475 | FAST    |
A_i[3][1][3]   | C_o[3][2][6]   |     5.642 | SLOW    |     2.479 | FAST    |
A_i[3][1][3]   | C_o[3][2][7]   |     5.661 | SLOW    |     2.491 | FAST    |
A_i[3][1][3]   | C_o[3][3][3]   |     5.670 | SLOW    |     2.516 | FAST    |
A_i[3][1][3]   | C_o[3][3][4]   |     5.679 | SLOW    |     2.502 | FAST    |
A_i[3][1][3]   | C_o[3][3][5]   |     5.636 | SLOW    |     2.475 | FAST    |
A_i[3][1][3]   | C_o[3][3][6]   |     5.642 | SLOW    |     2.479 | FAST    |
A_i[3][1][3]   | C_o[3][3][7]   |     5.661 | SLOW    |     2.491 | FAST    |
A_i[3][1][4]   | C_o[3][0][4]   |     5.681 | SLOW    |     2.522 | FAST    |
A_i[3][1][4]   | C_o[3][0][5]   |     5.638 | SLOW    |     2.476 | FAST    |
A_i[3][1][4]   | C_o[3][0][6]   |     5.644 | SLOW    |     2.480 | FAST    |
A_i[3][1][4]   | C_o[3][0][7]   |     5.663 | SLOW    |     2.492 | FAST    |
A_i[3][1][4]   | C_o[3][1][4]   |     5.681 | SLOW    |     2.522 | FAST    |
A_i[3][1][4]   | C_o[3][1][5]   |     5.638 | SLOW    |     2.476 | FAST    |
A_i[3][1][4]   | C_o[3][1][6]   |     5.644 | SLOW    |     2.480 | FAST    |
A_i[3][1][4]   | C_o[3][1][7]   |     5.663 | SLOW    |     2.492 | FAST    |
A_i[3][1][4]   | C_o[3][2][4]   |     5.681 | SLOW    |     2.522 | FAST    |
A_i[3][1][4]   | C_o[3][2][5]   |     5.638 | SLOW    |     2.476 | FAST    |
A_i[3][1][4]   | C_o[3][2][6]   |     5.644 | SLOW    |     2.480 | FAST    |
A_i[3][1][4]   | C_o[3][2][7]   |     5.663 | SLOW    |     2.492 | FAST    |
A_i[3][1][4]   | C_o[3][3][4]   |     5.681 | SLOW    |     2.522 | FAST    |
A_i[3][1][4]   | C_o[3][3][5]   |     5.638 | SLOW    |     2.476 | FAST    |
A_i[3][1][4]   | C_o[3][3][6]   |     5.644 | SLOW    |     2.480 | FAST    |
A_i[3][1][4]   | C_o[3][3][7]   |     5.663 | SLOW    |     2.492 | FAST    |
A_i[3][1][5]   | C_o[3][0][5]   |     5.639 | SLOW    |     2.495 | FAST    |
A_i[3][1][5]   | C_o[3][0][6]   |     5.645 | SLOW    |     2.480 | FAST    |
A_i[3][1][5]   | C_o[3][0][7]   |     5.664 | SLOW    |     2.492 | FAST    |
A_i[3][1][5]   | C_o[3][1][5]   |     5.639 | SLOW    |     2.495 | FAST    |
A_i[3][1][5]   | C_o[3][1][6]   |     5.645 | SLOW    |     2.480 | FAST    |
A_i[3][1][5]   | C_o[3][1][7]   |     5.664 | SLOW    |     2.492 | FAST    |
A_i[3][1][5]   | C_o[3][2][5]   |     5.639 | SLOW    |     2.495 | FAST    |
A_i[3][1][5]   | C_o[3][2][6]   |     5.645 | SLOW    |     2.480 | FAST    |
A_i[3][1][5]   | C_o[3][2][7]   |     5.664 | SLOW    |     2.492 | FAST    |
A_i[3][1][5]   | C_o[3][3][5]   |     5.639 | SLOW    |     2.495 | FAST    |
A_i[3][1][5]   | C_o[3][3][6]   |     5.645 | SLOW    |     2.480 | FAST    |
A_i[3][1][5]   | C_o[3][3][7]   |     5.664 | SLOW    |     2.492 | FAST    |
A_i[3][1][6]   | C_o[3][0][6]   |     5.676 | SLOW    |     2.513 | FAST    |
A_i[3][1][6]   | C_o[3][0][7]   |     5.695 | SLOW    |     2.507 | FAST    |
A_i[3][1][6]   | C_o[3][1][6]   |     5.676 | SLOW    |     2.513 | FAST    |
A_i[3][1][6]   | C_o[3][1][7]   |     5.695 | SLOW    |     2.507 | FAST    |
A_i[3][1][6]   | C_o[3][2][6]   |     5.676 | SLOW    |     2.513 | FAST    |
A_i[3][1][6]   | C_o[3][2][7]   |     5.695 | SLOW    |     2.507 | FAST    |
A_i[3][1][6]   | C_o[3][3][6]   |     5.676 | SLOW    |     2.513 | FAST    |
A_i[3][1][6]   | C_o[3][3][7]   |     5.695 | SLOW    |     2.507 | FAST    |
A_i[3][1][7]   | C_o[3][0][6]   |     5.647 | SLOW    |     2.482 | FAST    |
A_i[3][1][7]   | C_o[3][0][7]   |     5.680 | SLOW    |     2.480 | FAST    |
A_i[3][1][7]   | C_o[3][1][6]   |     5.647 | SLOW    |     2.482 | FAST    |
A_i[3][1][7]   | C_o[3][1][7]   |     5.680 | SLOW    |     2.480 | FAST    |
A_i[3][1][7]   | C_o[3][2][6]   |     5.647 | SLOW    |     2.482 | FAST    |
A_i[3][1][7]   | C_o[3][2][7]   |     5.680 | SLOW    |     2.480 | FAST    |
A_i[3][1][7]   | C_o[3][3][6]   |     5.647 | SLOW    |     2.482 | FAST    |
A_i[3][1][7]   | C_o[3][3][7]   |     5.680 | SLOW    |     2.480 | FAST    |
B_i[0][0][0]   | C_o[0][0][0]   |     5.761 | SLOW    |     2.501 | FAST    |
B_i[0][0][0]   | C_o[0][0][1]   |     5.775 | SLOW    |     2.496 | FAST    |
B_i[0][0][0]   | C_o[0][0][2]   |     5.761 | SLOW    |     2.486 | FAST    |
B_i[0][0][0]   | C_o[0][0][3]   |     5.767 | SLOW    |     2.491 | FAST    |
B_i[0][0][0]   | C_o[0][0][4]   |     5.776 | SLOW    |     2.481 | FAST    |
B_i[0][0][0]   | C_o[0][0][5]   |     5.733 | SLOW    |     2.454 | FAST    |
B_i[0][0][0]   | C_o[0][0][6]   |     5.739 | SLOW    |     2.458 | FAST    |
B_i[0][0][0]   | C_o[0][0][7]   |     5.758 | SLOW    |     2.470 | FAST    |
B_i[0][0][0]   | C_o[1][0][0]   |     5.761 | SLOW    |     2.501 | FAST    |
B_i[0][0][0]   | C_o[1][0][1]   |     5.775 | SLOW    |     2.496 | FAST    |
B_i[0][0][0]   | C_o[1][0][2]   |     5.761 | SLOW    |     2.486 | FAST    |
B_i[0][0][0]   | C_o[1][0][3]   |     5.767 | SLOW    |     2.491 | FAST    |
B_i[0][0][0]   | C_o[1][0][4]   |     5.776 | SLOW    |     2.481 | FAST    |
B_i[0][0][0]   | C_o[1][0][5]   |     5.733 | SLOW    |     2.454 | FAST    |
B_i[0][0][0]   | C_o[1][0][6]   |     5.739 | SLOW    |     2.458 | FAST    |
B_i[0][0][0]   | C_o[1][0][7]   |     5.758 | SLOW    |     2.470 | FAST    |
B_i[0][0][0]   | C_o[2][0][0]   |     5.761 | SLOW    |     2.501 | FAST    |
B_i[0][0][0]   | C_o[2][0][1]   |     5.775 | SLOW    |     2.496 | FAST    |
B_i[0][0][0]   | C_o[2][0][2]   |     5.761 | SLOW    |     2.486 | FAST    |
B_i[0][0][0]   | C_o[2][0][3]   |     5.767 | SLOW    |     2.491 | FAST    |
B_i[0][0][0]   | C_o[2][0][4]   |     5.776 | SLOW    |     2.481 | FAST    |
B_i[0][0][0]   | C_o[2][0][5]   |     5.733 | SLOW    |     2.454 | FAST    |
B_i[0][0][0]   | C_o[2][0][6]   |     5.739 | SLOW    |     2.458 | FAST    |
B_i[0][0][0]   | C_o[2][0][7]   |     5.758 | SLOW    |     2.470 | FAST    |
B_i[0][0][0]   | C_o[3][0][0]   |     5.761 | SLOW    |     2.501 | FAST    |
B_i[0][0][0]   | C_o[3][0][1]   |     5.775 | SLOW    |     2.496 | FAST    |
B_i[0][0][0]   | C_o[3][0][2]   |     5.761 | SLOW    |     2.486 | FAST    |
B_i[0][0][0]   | C_o[3][0][3]   |     5.767 | SLOW    |     2.491 | FAST    |
B_i[0][0][0]   | C_o[3][0][4]   |     5.776 | SLOW    |     2.481 | FAST    |
B_i[0][0][0]   | C_o[3][0][5]   |     5.733 | SLOW    |     2.454 | FAST    |
B_i[0][0][0]   | C_o[3][0][6]   |     5.739 | SLOW    |     2.458 | FAST    |
B_i[0][0][0]   | C_o[3][0][7]   |     5.758 | SLOW    |     2.470 | FAST    |
B_i[0][0][1]   | C_o[0][0][0]   |     5.757 | SLOW    |     2.501 | FAST    |
B_i[0][0][1]   | C_o[0][0][1]   |     5.771 | SLOW    |     2.496 | FAST    |
B_i[0][0][1]   | C_o[0][0][2]   |     5.757 | SLOW    |     2.486 | FAST    |
B_i[0][0][1]   | C_o[0][0][3]   |     5.763 | SLOW    |     2.491 | FAST    |
B_i[0][0][1]   | C_o[0][0][4]   |     5.772 | SLOW    |     2.496 | FAST    |
B_i[0][0][1]   | C_o[0][0][5]   |     5.729 | SLOW    |     2.469 | FAST    |
B_i[0][0][1]   | C_o[0][0][6]   |     5.735 | SLOW    |     2.473 | FAST    |
B_i[0][0][1]   | C_o[0][0][7]   |     5.754 | SLOW    |     2.485 | FAST    |
B_i[0][0][1]   | C_o[1][0][0]   |     5.757 | SLOW    |     2.501 | FAST    |
B_i[0][0][1]   | C_o[1][0][1]   |     5.771 | SLOW    |     2.496 | FAST    |
B_i[0][0][1]   | C_o[1][0][2]   |     5.757 | SLOW    |     2.486 | FAST    |
B_i[0][0][1]   | C_o[1][0][3]   |     5.763 | SLOW    |     2.491 | FAST    |
B_i[0][0][1]   | C_o[1][0][4]   |     5.772 | SLOW    |     2.496 | FAST    |
B_i[0][0][1]   | C_o[1][0][5]   |     5.729 | SLOW    |     2.469 | FAST    |
B_i[0][0][1]   | C_o[1][0][6]   |     5.735 | SLOW    |     2.473 | FAST    |
B_i[0][0][1]   | C_o[1][0][7]   |     5.754 | SLOW    |     2.485 | FAST    |
B_i[0][0][1]   | C_o[2][0][0]   |     5.757 | SLOW    |     2.501 | FAST    |
B_i[0][0][1]   | C_o[2][0][1]   |     5.771 | SLOW    |     2.496 | FAST    |
B_i[0][0][1]   | C_o[2][0][2]   |     5.757 | SLOW    |     2.486 | FAST    |
B_i[0][0][1]   | C_o[2][0][3]   |     5.763 | SLOW    |     2.491 | FAST    |
B_i[0][0][1]   | C_o[2][0][4]   |     5.772 | SLOW    |     2.496 | FAST    |
B_i[0][0][1]   | C_o[2][0][5]   |     5.729 | SLOW    |     2.469 | FAST    |
B_i[0][0][1]   | C_o[2][0][6]   |     5.735 | SLOW    |     2.473 | FAST    |
B_i[0][0][1]   | C_o[2][0][7]   |     5.754 | SLOW    |     2.485 | FAST    |
B_i[0][0][1]   | C_o[3][0][0]   |     5.757 | SLOW    |     2.501 | FAST    |
B_i[0][0][1]   | C_o[3][0][1]   |     5.771 | SLOW    |     2.496 | FAST    |
B_i[0][0][1]   | C_o[3][0][2]   |     5.757 | SLOW    |     2.486 | FAST    |
B_i[0][0][1]   | C_o[3][0][3]   |     5.763 | SLOW    |     2.491 | FAST    |
B_i[0][0][1]   | C_o[3][0][4]   |     5.772 | SLOW    |     2.496 | FAST    |
B_i[0][0][1]   | C_o[3][0][5]   |     5.729 | SLOW    |     2.469 | FAST    |
B_i[0][0][1]   | C_o[3][0][6]   |     5.735 | SLOW    |     2.473 | FAST    |
B_i[0][0][1]   | C_o[3][0][7]   |     5.754 | SLOW    |     2.485 | FAST    |
B_i[0][0][2]   | C_o[0][0][2]   |     5.753 | SLOW    |     2.497 | FAST    |
B_i[0][0][2]   | C_o[0][0][3]   |     5.759 | SLOW    |     2.488 | FAST    |
B_i[0][0][2]   | C_o[0][0][4]   |     5.768 | SLOW    |     2.493 | FAST    |
B_i[0][0][2]   | C_o[0][0][5]   |     5.725 | SLOW    |     2.466 | FAST    |
B_i[0][0][2]   | C_o[0][0][6]   |     5.731 | SLOW    |     2.470 | FAST    |
B_i[0][0][2]   | C_o[0][0][7]   |     5.750 | SLOW    |     2.482 | FAST    |
B_i[0][0][2]   | C_o[1][0][2]   |     5.753 | SLOW    |     2.497 | FAST    |
B_i[0][0][2]   | C_o[1][0][3]   |     5.759 | SLOW    |     2.488 | FAST    |
B_i[0][0][2]   | C_o[1][0][4]   |     5.768 | SLOW    |     2.493 | FAST    |
B_i[0][0][2]   | C_o[1][0][5]   |     5.725 | SLOW    |     2.466 | FAST    |
B_i[0][0][2]   | C_o[1][0][6]   |     5.731 | SLOW    |     2.470 | FAST    |
B_i[0][0][2]   | C_o[1][0][7]   |     5.750 | SLOW    |     2.482 | FAST    |
B_i[0][0][2]   | C_o[2][0][2]   |     5.753 | SLOW    |     2.497 | FAST    |
B_i[0][0][2]   | C_o[2][0][3]   |     5.759 | SLOW    |     2.488 | FAST    |
B_i[0][0][2]   | C_o[2][0][4]   |     5.768 | SLOW    |     2.493 | FAST    |
B_i[0][0][2]   | C_o[2][0][5]   |     5.725 | SLOW    |     2.466 | FAST    |
B_i[0][0][2]   | C_o[2][0][6]   |     5.731 | SLOW    |     2.470 | FAST    |
B_i[0][0][2]   | C_o[2][0][7]   |     5.750 | SLOW    |     2.482 | FAST    |
B_i[0][0][2]   | C_o[3][0][2]   |     5.753 | SLOW    |     2.497 | FAST    |
B_i[0][0][2]   | C_o[3][0][3]   |     5.759 | SLOW    |     2.488 | FAST    |
B_i[0][0][2]   | C_o[3][0][4]   |     5.768 | SLOW    |     2.493 | FAST    |
B_i[0][0][2]   | C_o[3][0][5]   |     5.725 | SLOW    |     2.466 | FAST    |
B_i[0][0][2]   | C_o[3][0][6]   |     5.731 | SLOW    |     2.470 | FAST    |
B_i[0][0][2]   | C_o[3][0][7]   |     5.750 | SLOW    |     2.482 | FAST    |
B_i[0][0][3]   | C_o[0][0][2]   |     5.754 | SLOW    |     2.499 | FAST    |
B_i[0][0][3]   | C_o[0][0][3]   |     5.760 | SLOW    |     2.490 | FAST    |
B_i[0][0][3]   | C_o[0][0][4]   |     5.769 | SLOW    |     2.495 | FAST    |
B_i[0][0][3]   | C_o[0][0][5]   |     5.726 | SLOW    |     2.468 | FAST    |
B_i[0][0][3]   | C_o[0][0][6]   |     5.732 | SLOW    |     2.472 | FAST    |
B_i[0][0][3]   | C_o[0][0][7]   |     5.751 | SLOW    |     2.484 | FAST    |
B_i[0][0][3]   | C_o[1][0][2]   |     5.754 | SLOW    |     2.499 | FAST    |
B_i[0][0][3]   | C_o[1][0][3]   |     5.760 | SLOW    |     2.490 | FAST    |
B_i[0][0][3]   | C_o[1][0][4]   |     5.769 | SLOW    |     2.495 | FAST    |
B_i[0][0][3]   | C_o[1][0][5]   |     5.726 | SLOW    |     2.468 | FAST    |
B_i[0][0][3]   | C_o[1][0][6]   |     5.732 | SLOW    |     2.472 | FAST    |
B_i[0][0][3]   | C_o[1][0][7]   |     5.751 | SLOW    |     2.484 | FAST    |
B_i[0][0][3]   | C_o[2][0][2]   |     5.754 | SLOW    |     2.499 | FAST    |
B_i[0][0][3]   | C_o[2][0][3]   |     5.760 | SLOW    |     2.490 | FAST    |
B_i[0][0][3]   | C_o[2][0][4]   |     5.769 | SLOW    |     2.495 | FAST    |
B_i[0][0][3]   | C_o[2][0][5]   |     5.726 | SLOW    |     2.468 | FAST    |
B_i[0][0][3]   | C_o[2][0][6]   |     5.732 | SLOW    |     2.472 | FAST    |
B_i[0][0][3]   | C_o[2][0][7]   |     5.751 | SLOW    |     2.484 | FAST    |
B_i[0][0][3]   | C_o[3][0][2]   |     5.754 | SLOW    |     2.499 | FAST    |
B_i[0][0][3]   | C_o[3][0][3]   |     5.760 | SLOW    |     2.490 | FAST    |
B_i[0][0][3]   | C_o[3][0][4]   |     5.769 | SLOW    |     2.495 | FAST    |
B_i[0][0][3]   | C_o[3][0][5]   |     5.726 | SLOW    |     2.468 | FAST    |
B_i[0][0][3]   | C_o[3][0][6]   |     5.732 | SLOW    |     2.472 | FAST    |
B_i[0][0][3]   | C_o[3][0][7]   |     5.751 | SLOW    |     2.484 | FAST    |
B_i[0][0][4]   | C_o[0][0][4]   |     5.771 | SLOW    |     2.508 | FAST    |
B_i[0][0][4]   | C_o[0][0][5]   |     5.728 | SLOW    |     2.467 | FAST    |
B_i[0][0][4]   | C_o[0][0][6]   |     5.734 | SLOW    |     2.471 | FAST    |
B_i[0][0][4]   | C_o[0][0][7]   |     5.753 | SLOW    |     2.483 | FAST    |
B_i[0][0][4]   | C_o[1][0][4]   |     5.771 | SLOW    |     2.508 | FAST    |
B_i[0][0][4]   | C_o[1][0][5]   |     5.728 | SLOW    |     2.467 | FAST    |
B_i[0][0][4]   | C_o[1][0][6]   |     5.734 | SLOW    |     2.471 | FAST    |
B_i[0][0][4]   | C_o[1][0][7]   |     5.753 | SLOW    |     2.483 | FAST    |
B_i[0][0][4]   | C_o[2][0][4]   |     5.771 | SLOW    |     2.508 | FAST    |
B_i[0][0][4]   | C_o[2][0][5]   |     5.728 | SLOW    |     2.467 | FAST    |
B_i[0][0][4]   | C_o[2][0][6]   |     5.734 | SLOW    |     2.471 | FAST    |
B_i[0][0][4]   | C_o[2][0][7]   |     5.753 | SLOW    |     2.483 | FAST    |
B_i[0][0][4]   | C_o[3][0][4]   |     5.771 | SLOW    |     2.508 | FAST    |
B_i[0][0][4]   | C_o[3][0][5]   |     5.728 | SLOW    |     2.467 | FAST    |
B_i[0][0][4]   | C_o[3][0][6]   |     5.734 | SLOW    |     2.471 | FAST    |
B_i[0][0][4]   | C_o[3][0][7]   |     5.753 | SLOW    |     2.483 | FAST    |
B_i[0][0][5]   | C_o[0][0][4]   |     5.783 | SLOW    |     2.517 | FAST    |
B_i[0][0][5]   | C_o[0][0][5]   |     5.740 | SLOW    |     2.476 | FAST    |
B_i[0][0][5]   | C_o[0][0][6]   |     5.746 | SLOW    |     2.480 | FAST    |
B_i[0][0][5]   | C_o[0][0][7]   |     5.765 | SLOW    |     2.492 | FAST    |
B_i[0][0][5]   | C_o[1][0][4]   |     5.783 | SLOW    |     2.517 | FAST    |
B_i[0][0][5]   | C_o[1][0][5]   |     5.740 | SLOW    |     2.476 | FAST    |
B_i[0][0][5]   | C_o[1][0][6]   |     5.746 | SLOW    |     2.480 | FAST    |
B_i[0][0][5]   | C_o[1][0][7]   |     5.765 | SLOW    |     2.492 | FAST    |
B_i[0][0][5]   | C_o[2][0][4]   |     5.783 | SLOW    |     2.517 | FAST    |
B_i[0][0][5]   | C_o[2][0][5]   |     5.740 | SLOW    |     2.476 | FAST    |
B_i[0][0][5]   | C_o[2][0][6]   |     5.746 | SLOW    |     2.480 | FAST    |
B_i[0][0][5]   | C_o[2][0][7]   |     5.765 | SLOW    |     2.492 | FAST    |
B_i[0][0][5]   | C_o[3][0][4]   |     5.783 | SLOW    |     2.517 | FAST    |
B_i[0][0][5]   | C_o[3][0][5]   |     5.740 | SLOW    |     2.476 | FAST    |
B_i[0][0][5]   | C_o[3][0][6]   |     5.746 | SLOW    |     2.480 | FAST    |
B_i[0][0][5]   | C_o[3][0][7]   |     5.765 | SLOW    |     2.492 | FAST    |
B_i[0][0][6]   | C_o[0][0][6]   |     5.721 | SLOW    |     2.478 | FAST    |
B_i[0][0][6]   | C_o[0][0][7]   |     5.740 | SLOW    |     2.476 | FAST    |
B_i[0][0][6]   | C_o[1][0][6]   |     5.721 | SLOW    |     2.478 | FAST    |
B_i[0][0][6]   | C_o[1][0][7]   |     5.740 | SLOW    |     2.476 | FAST    |
B_i[0][0][6]   | C_o[2][0][6]   |     5.721 | SLOW    |     2.478 | FAST    |
B_i[0][0][6]   | C_o[2][0][7]   |     5.740 | SLOW    |     2.476 | FAST    |
B_i[0][0][6]   | C_o[3][0][6]   |     5.721 | SLOW    |     2.478 | FAST    |
B_i[0][0][6]   | C_o[3][0][7]   |     5.740 | SLOW    |     2.476 | FAST    |
B_i[0][0][7]   | C_o[0][0][6]   |     5.729 | SLOW    |     2.483 | FAST    |
B_i[0][0][7]   | C_o[0][0][7]   |     5.748 | SLOW    |     2.481 | FAST    |
B_i[0][0][7]   | C_o[1][0][6]   |     5.729 | SLOW    |     2.483 | FAST    |
B_i[0][0][7]   | C_o[1][0][7]   |     5.748 | SLOW    |     2.481 | FAST    |
B_i[0][0][7]   | C_o[2][0][6]   |     5.729 | SLOW    |     2.483 | FAST    |
B_i[0][0][7]   | C_o[2][0][7]   |     5.748 | SLOW    |     2.481 | FAST    |
B_i[0][0][7]   | C_o[3][0][6]   |     5.729 | SLOW    |     2.483 | FAST    |
B_i[0][0][7]   | C_o[3][0][7]   |     5.748 | SLOW    |     2.481 | FAST    |
B_i[0][1][0]   | C_o[0][1][0]   |     5.761 | SLOW    |     2.501 | FAST    |
B_i[0][1][0]   | C_o[0][1][1]   |     5.775 | SLOW    |     2.496 | FAST    |
B_i[0][1][0]   | C_o[0][1][2]   |     5.761 | SLOW    |     2.486 | FAST    |
B_i[0][1][0]   | C_o[0][1][3]   |     5.767 | SLOW    |     2.491 | FAST    |
B_i[0][1][0]   | C_o[0][1][4]   |     5.776 | SLOW    |     2.481 | FAST    |
B_i[0][1][0]   | C_o[0][1][5]   |     5.733 | SLOW    |     2.454 | FAST    |
B_i[0][1][0]   | C_o[0][1][6]   |     5.739 | SLOW    |     2.458 | FAST    |
B_i[0][1][0]   | C_o[0][1][7]   |     5.758 | SLOW    |     2.470 | FAST    |
B_i[0][1][0]   | C_o[1][1][0]   |     5.761 | SLOW    |     2.501 | FAST    |
B_i[0][1][0]   | C_o[1][1][1]   |     5.775 | SLOW    |     2.496 | FAST    |
B_i[0][1][0]   | C_o[1][1][2]   |     5.761 | SLOW    |     2.486 | FAST    |
B_i[0][1][0]   | C_o[1][1][3]   |     5.767 | SLOW    |     2.491 | FAST    |
B_i[0][1][0]   | C_o[1][1][4]   |     5.776 | SLOW    |     2.481 | FAST    |
B_i[0][1][0]   | C_o[1][1][5]   |     5.733 | SLOW    |     2.454 | FAST    |
B_i[0][1][0]   | C_o[1][1][6]   |     5.739 | SLOW    |     2.458 | FAST    |
B_i[0][1][0]   | C_o[1][1][7]   |     5.758 | SLOW    |     2.470 | FAST    |
B_i[0][1][0]   | C_o[2][1][0]   |     5.761 | SLOW    |     2.501 | FAST    |
B_i[0][1][0]   | C_o[2][1][1]   |     5.775 | SLOW    |     2.496 | FAST    |
B_i[0][1][0]   | C_o[2][1][2]   |     5.761 | SLOW    |     2.486 | FAST    |
B_i[0][1][0]   | C_o[2][1][3]   |     5.767 | SLOW    |     2.491 | FAST    |
B_i[0][1][0]   | C_o[2][1][4]   |     5.776 | SLOW    |     2.481 | FAST    |
B_i[0][1][0]   | C_o[2][1][5]   |     5.733 | SLOW    |     2.454 | FAST    |
B_i[0][1][0]   | C_o[2][1][6]   |     5.739 | SLOW    |     2.458 | FAST    |
B_i[0][1][0]   | C_o[2][1][7]   |     5.758 | SLOW    |     2.470 | FAST    |
B_i[0][1][0]   | C_o[3][1][0]   |     5.761 | SLOW    |     2.501 | FAST    |
B_i[0][1][0]   | C_o[3][1][1]   |     5.775 | SLOW    |     2.496 | FAST    |
B_i[0][1][0]   | C_o[3][1][2]   |     5.761 | SLOW    |     2.486 | FAST    |
B_i[0][1][0]   | C_o[3][1][3]   |     5.767 | SLOW    |     2.491 | FAST    |
B_i[0][1][0]   | C_o[3][1][4]   |     5.776 | SLOW    |     2.481 | FAST    |
B_i[0][1][0]   | C_o[3][1][5]   |     5.733 | SLOW    |     2.454 | FAST    |
B_i[0][1][0]   | C_o[3][1][6]   |     5.739 | SLOW    |     2.458 | FAST    |
B_i[0][1][0]   | C_o[3][1][7]   |     5.758 | SLOW    |     2.470 | FAST    |
B_i[0][1][1]   | C_o[0][1][0]   |     5.757 | SLOW    |     2.501 | FAST    |
B_i[0][1][1]   | C_o[0][1][1]   |     5.771 | SLOW    |     2.496 | FAST    |
B_i[0][1][1]   | C_o[0][1][2]   |     5.757 | SLOW    |     2.486 | FAST    |
B_i[0][1][1]   | C_o[0][1][3]   |     5.763 | SLOW    |     2.491 | FAST    |
B_i[0][1][1]   | C_o[0][1][4]   |     5.772 | SLOW    |     2.496 | FAST    |
B_i[0][1][1]   | C_o[0][1][5]   |     5.729 | SLOW    |     2.469 | FAST    |
B_i[0][1][1]   | C_o[0][1][6]   |     5.735 | SLOW    |     2.473 | FAST    |
B_i[0][1][1]   | C_o[0][1][7]   |     5.754 | SLOW    |     2.485 | FAST    |
B_i[0][1][1]   | C_o[1][1][0]   |     5.757 | SLOW    |     2.501 | FAST    |
B_i[0][1][1]   | C_o[1][1][1]   |     5.771 | SLOW    |     2.496 | FAST    |
B_i[0][1][1]   | C_o[1][1][2]   |     5.757 | SLOW    |     2.486 | FAST    |
B_i[0][1][1]   | C_o[1][1][3]   |     5.763 | SLOW    |     2.491 | FAST    |
B_i[0][1][1]   | C_o[1][1][4]   |     5.772 | SLOW    |     2.496 | FAST    |
B_i[0][1][1]   | C_o[1][1][5]   |     5.729 | SLOW    |     2.469 | FAST    |
B_i[0][1][1]   | C_o[1][1][6]   |     5.735 | SLOW    |     2.473 | FAST    |
B_i[0][1][1]   | C_o[1][1][7]   |     5.754 | SLOW    |     2.485 | FAST    |
B_i[0][1][1]   | C_o[2][1][0]   |     5.757 | SLOW    |     2.501 | FAST    |
B_i[0][1][1]   | C_o[2][1][1]   |     5.771 | SLOW    |     2.496 | FAST    |
B_i[0][1][1]   | C_o[2][1][2]   |     5.757 | SLOW    |     2.486 | FAST    |
B_i[0][1][1]   | C_o[2][1][3]   |     5.763 | SLOW    |     2.491 | FAST    |
B_i[0][1][1]   | C_o[2][1][4]   |     5.772 | SLOW    |     2.496 | FAST    |
B_i[0][1][1]   | C_o[2][1][5]   |     5.729 | SLOW    |     2.469 | FAST    |
B_i[0][1][1]   | C_o[2][1][6]   |     5.735 | SLOW    |     2.473 | FAST    |
B_i[0][1][1]   | C_o[2][1][7]   |     5.754 | SLOW    |     2.485 | FAST    |
B_i[0][1][1]   | C_o[3][1][0]   |     5.757 | SLOW    |     2.501 | FAST    |
B_i[0][1][1]   | C_o[3][1][1]   |     5.771 | SLOW    |     2.496 | FAST    |
B_i[0][1][1]   | C_o[3][1][2]   |     5.757 | SLOW    |     2.486 | FAST    |
B_i[0][1][1]   | C_o[3][1][3]   |     5.763 | SLOW    |     2.491 | FAST    |
B_i[0][1][1]   | C_o[3][1][4]   |     5.772 | SLOW    |     2.496 | FAST    |
B_i[0][1][1]   | C_o[3][1][5]   |     5.729 | SLOW    |     2.469 | FAST    |
B_i[0][1][1]   | C_o[3][1][6]   |     5.735 | SLOW    |     2.473 | FAST    |
B_i[0][1][1]   | C_o[3][1][7]   |     5.754 | SLOW    |     2.485 | FAST    |
B_i[0][1][2]   | C_o[0][1][2]   |     5.753 | SLOW    |     2.497 | FAST    |
B_i[0][1][2]   | C_o[0][1][3]   |     5.759 | SLOW    |     2.488 | FAST    |
B_i[0][1][2]   | C_o[0][1][4]   |     5.768 | SLOW    |     2.493 | FAST    |
B_i[0][1][2]   | C_o[0][1][5]   |     5.725 | SLOW    |     2.466 | FAST    |
B_i[0][1][2]   | C_o[0][1][6]   |     5.731 | SLOW    |     2.470 | FAST    |
B_i[0][1][2]   | C_o[0][1][7]   |     5.750 | SLOW    |     2.482 | FAST    |
B_i[0][1][2]   | C_o[1][1][2]   |     5.753 | SLOW    |     2.497 | FAST    |
B_i[0][1][2]   | C_o[1][1][3]   |     5.759 | SLOW    |     2.488 | FAST    |
B_i[0][1][2]   | C_o[1][1][4]   |     5.768 | SLOW    |     2.493 | FAST    |
B_i[0][1][2]   | C_o[1][1][5]   |     5.725 | SLOW    |     2.466 | FAST    |
B_i[0][1][2]   | C_o[1][1][6]   |     5.731 | SLOW    |     2.470 | FAST    |
B_i[0][1][2]   | C_o[1][1][7]   |     5.750 | SLOW    |     2.482 | FAST    |
B_i[0][1][2]   | C_o[2][1][2]   |     5.753 | SLOW    |     2.497 | FAST    |
B_i[0][1][2]   | C_o[2][1][3]   |     5.759 | SLOW    |     2.488 | FAST    |
B_i[0][1][2]   | C_o[2][1][4]   |     5.768 | SLOW    |     2.493 | FAST    |
B_i[0][1][2]   | C_o[2][1][5]   |     5.725 | SLOW    |     2.466 | FAST    |
B_i[0][1][2]   | C_o[2][1][6]   |     5.731 | SLOW    |     2.470 | FAST    |
B_i[0][1][2]   | C_o[2][1][7]   |     5.750 | SLOW    |     2.482 | FAST    |
B_i[0][1][2]   | C_o[3][1][2]   |     5.753 | SLOW    |     2.497 | FAST    |
B_i[0][1][2]   | C_o[3][1][3]   |     5.759 | SLOW    |     2.488 | FAST    |
B_i[0][1][2]   | C_o[3][1][4]   |     5.768 | SLOW    |     2.493 | FAST    |
B_i[0][1][2]   | C_o[3][1][5]   |     5.725 | SLOW    |     2.466 | FAST    |
B_i[0][1][2]   | C_o[3][1][6]   |     5.731 | SLOW    |     2.470 | FAST    |
B_i[0][1][2]   | C_o[3][1][7]   |     5.750 | SLOW    |     2.482 | FAST    |
B_i[0][1][3]   | C_o[0][1][2]   |     5.754 | SLOW    |     2.499 | FAST    |
B_i[0][1][3]   | C_o[0][1][3]   |     5.760 | SLOW    |     2.490 | FAST    |
B_i[0][1][3]   | C_o[0][1][4]   |     5.769 | SLOW    |     2.495 | FAST    |
B_i[0][1][3]   | C_o[0][1][5]   |     5.726 | SLOW    |     2.468 | FAST    |
B_i[0][1][3]   | C_o[0][1][6]   |     5.732 | SLOW    |     2.472 | FAST    |
B_i[0][1][3]   | C_o[0][1][7]   |     5.751 | SLOW    |     2.484 | FAST    |
B_i[0][1][3]   | C_o[1][1][2]   |     5.754 | SLOW    |     2.499 | FAST    |
B_i[0][1][3]   | C_o[1][1][3]   |     5.760 | SLOW    |     2.490 | FAST    |
B_i[0][1][3]   | C_o[1][1][4]   |     5.769 | SLOW    |     2.495 | FAST    |
B_i[0][1][3]   | C_o[1][1][5]   |     5.726 | SLOW    |     2.468 | FAST    |
B_i[0][1][3]   | C_o[1][1][6]   |     5.732 | SLOW    |     2.472 | FAST    |
B_i[0][1][3]   | C_o[1][1][7]   |     5.751 | SLOW    |     2.484 | FAST    |
B_i[0][1][3]   | C_o[2][1][2]   |     5.754 | SLOW    |     2.499 | FAST    |
B_i[0][1][3]   | C_o[2][1][3]   |     5.760 | SLOW    |     2.490 | FAST    |
B_i[0][1][3]   | C_o[2][1][4]   |     5.769 | SLOW    |     2.495 | FAST    |
B_i[0][1][3]   | C_o[2][1][5]   |     5.726 | SLOW    |     2.468 | FAST    |
B_i[0][1][3]   | C_o[2][1][6]   |     5.732 | SLOW    |     2.472 | FAST    |
B_i[0][1][3]   | C_o[2][1][7]   |     5.751 | SLOW    |     2.484 | FAST    |
B_i[0][1][3]   | C_o[3][1][2]   |     5.754 | SLOW    |     2.499 | FAST    |
B_i[0][1][3]   | C_o[3][1][3]   |     5.760 | SLOW    |     2.490 | FAST    |
B_i[0][1][3]   | C_o[3][1][4]   |     5.769 | SLOW    |     2.495 | FAST    |
B_i[0][1][3]   | C_o[3][1][5]   |     5.726 | SLOW    |     2.468 | FAST    |
B_i[0][1][3]   | C_o[3][1][6]   |     5.732 | SLOW    |     2.472 | FAST    |
B_i[0][1][3]   | C_o[3][1][7]   |     5.751 | SLOW    |     2.484 | FAST    |
B_i[0][1][4]   | C_o[0][1][4]   |     5.771 | SLOW    |     2.508 | FAST    |
B_i[0][1][4]   | C_o[0][1][5]   |     5.728 | SLOW    |     2.467 | FAST    |
B_i[0][1][4]   | C_o[0][1][6]   |     5.734 | SLOW    |     2.471 | FAST    |
B_i[0][1][4]   | C_o[0][1][7]   |     5.753 | SLOW    |     2.483 | FAST    |
B_i[0][1][4]   | C_o[1][1][4]   |     5.771 | SLOW    |     2.508 | FAST    |
B_i[0][1][4]   | C_o[1][1][5]   |     5.728 | SLOW    |     2.467 | FAST    |
B_i[0][1][4]   | C_o[1][1][6]   |     5.734 | SLOW    |     2.471 | FAST    |
B_i[0][1][4]   | C_o[1][1][7]   |     5.753 | SLOW    |     2.483 | FAST    |
B_i[0][1][4]   | C_o[2][1][4]   |     5.771 | SLOW    |     2.508 | FAST    |
B_i[0][1][4]   | C_o[2][1][5]   |     5.728 | SLOW    |     2.467 | FAST    |
B_i[0][1][4]   | C_o[2][1][6]   |     5.734 | SLOW    |     2.471 | FAST    |
B_i[0][1][4]   | C_o[2][1][7]   |     5.753 | SLOW    |     2.483 | FAST    |
B_i[0][1][4]   | C_o[3][1][4]   |     5.771 | SLOW    |     2.508 | FAST    |
B_i[0][1][4]   | C_o[3][1][5]   |     5.728 | SLOW    |     2.467 | FAST    |
B_i[0][1][4]   | C_o[3][1][6]   |     5.734 | SLOW    |     2.471 | FAST    |
B_i[0][1][4]   | C_o[3][1][7]   |     5.753 | SLOW    |     2.483 | FAST    |
B_i[0][1][5]   | C_o[0][1][4]   |     5.783 | SLOW    |     2.517 | FAST    |
B_i[0][1][5]   | C_o[0][1][5]   |     5.740 | SLOW    |     2.476 | FAST    |
B_i[0][1][5]   | C_o[0][1][6]   |     5.746 | SLOW    |     2.480 | FAST    |
B_i[0][1][5]   | C_o[0][1][7]   |     5.765 | SLOW    |     2.492 | FAST    |
B_i[0][1][5]   | C_o[1][1][4]   |     5.783 | SLOW    |     2.517 | FAST    |
B_i[0][1][5]   | C_o[1][1][5]   |     5.740 | SLOW    |     2.476 | FAST    |
B_i[0][1][5]   | C_o[1][1][6]   |     5.746 | SLOW    |     2.480 | FAST    |
B_i[0][1][5]   | C_o[1][1][7]   |     5.765 | SLOW    |     2.492 | FAST    |
B_i[0][1][5]   | C_o[2][1][4]   |     5.783 | SLOW    |     2.517 | FAST    |
B_i[0][1][5]   | C_o[2][1][5]   |     5.740 | SLOW    |     2.476 | FAST    |
B_i[0][1][5]   | C_o[2][1][6]   |     5.746 | SLOW    |     2.480 | FAST    |
B_i[0][1][5]   | C_o[2][1][7]   |     5.765 | SLOW    |     2.492 | FAST    |
B_i[0][1][5]   | C_o[3][1][4]   |     5.783 | SLOW    |     2.517 | FAST    |
B_i[0][1][5]   | C_o[3][1][5]   |     5.740 | SLOW    |     2.476 | FAST    |
B_i[0][1][5]   | C_o[3][1][6]   |     5.746 | SLOW    |     2.480 | FAST    |
B_i[0][1][5]   | C_o[3][1][7]   |     5.765 | SLOW    |     2.492 | FAST    |
B_i[0][1][6]   | C_o[0][1][6]   |     5.721 | SLOW    |     2.478 | FAST    |
B_i[0][1][6]   | C_o[0][1][7]   |     5.740 | SLOW    |     2.476 | FAST    |
B_i[0][1][6]   | C_o[1][1][6]   |     5.721 | SLOW    |     2.478 | FAST    |
B_i[0][1][6]   | C_o[1][1][7]   |     5.740 | SLOW    |     2.476 | FAST    |
B_i[0][1][6]   | C_o[2][1][6]   |     5.721 | SLOW    |     2.478 | FAST    |
B_i[0][1][6]   | C_o[2][1][7]   |     5.740 | SLOW    |     2.476 | FAST    |
B_i[0][1][6]   | C_o[3][1][6]   |     5.721 | SLOW    |     2.478 | FAST    |
B_i[0][1][6]   | C_o[3][1][7]   |     5.740 | SLOW    |     2.476 | FAST    |
B_i[0][1][7]   | C_o[0][1][6]   |     5.729 | SLOW    |     2.483 | FAST    |
B_i[0][1][7]   | C_o[0][1][7]   |     5.748 | SLOW    |     2.481 | FAST    |
B_i[0][1][7]   | C_o[1][1][6]   |     5.729 | SLOW    |     2.483 | FAST    |
B_i[0][1][7]   | C_o[1][1][7]   |     5.748 | SLOW    |     2.481 | FAST    |
B_i[0][1][7]   | C_o[2][1][6]   |     5.729 | SLOW    |     2.483 | FAST    |
B_i[0][1][7]   | C_o[2][1][7]   |     5.748 | SLOW    |     2.481 | FAST    |
B_i[0][1][7]   | C_o[3][1][6]   |     5.729 | SLOW    |     2.483 | FAST    |
B_i[0][1][7]   | C_o[3][1][7]   |     5.748 | SLOW    |     2.481 | FAST    |
B_i[0][2][0]   | C_o[0][2][0]   |     5.761 | SLOW    |     2.501 | FAST    |
B_i[0][2][0]   | C_o[0][2][1]   |     5.775 | SLOW    |     2.496 | FAST    |
B_i[0][2][0]   | C_o[0][2][2]   |     5.761 | SLOW    |     2.486 | FAST    |
B_i[0][2][0]   | C_o[0][2][3]   |     5.767 | SLOW    |     2.491 | FAST    |
B_i[0][2][0]   | C_o[0][2][4]   |     5.776 | SLOW    |     2.481 | FAST    |
B_i[0][2][0]   | C_o[0][2][5]   |     5.733 | SLOW    |     2.454 | FAST    |
B_i[0][2][0]   | C_o[0][2][6]   |     5.739 | SLOW    |     2.458 | FAST    |
B_i[0][2][0]   | C_o[0][2][7]   |     5.758 | SLOW    |     2.470 | FAST    |
B_i[0][2][0]   | C_o[1][2][0]   |     5.761 | SLOW    |     2.501 | FAST    |
B_i[0][2][0]   | C_o[1][2][1]   |     5.775 | SLOW    |     2.496 | FAST    |
B_i[0][2][0]   | C_o[1][2][2]   |     5.761 | SLOW    |     2.486 | FAST    |
B_i[0][2][0]   | C_o[1][2][3]   |     5.767 | SLOW    |     2.491 | FAST    |
B_i[0][2][0]   | C_o[1][2][4]   |     5.776 | SLOW    |     2.481 | FAST    |
B_i[0][2][0]   | C_o[1][2][5]   |     5.733 | SLOW    |     2.454 | FAST    |
B_i[0][2][0]   | C_o[1][2][6]   |     5.739 | SLOW    |     2.458 | FAST    |
B_i[0][2][0]   | C_o[1][2][7]   |     5.758 | SLOW    |     2.470 | FAST    |
B_i[0][2][0]   | C_o[2][2][0]   |     5.761 | SLOW    |     2.501 | FAST    |
B_i[0][2][0]   | C_o[2][2][1]   |     5.775 | SLOW    |     2.496 | FAST    |
B_i[0][2][0]   | C_o[2][2][2]   |     5.761 | SLOW    |     2.486 | FAST    |
B_i[0][2][0]   | C_o[2][2][3]   |     5.767 | SLOW    |     2.491 | FAST    |
B_i[0][2][0]   | C_o[2][2][4]   |     5.776 | SLOW    |     2.481 | FAST    |
B_i[0][2][0]   | C_o[2][2][5]   |     5.733 | SLOW    |     2.454 | FAST    |
B_i[0][2][0]   | C_o[2][2][6]   |     5.739 | SLOW    |     2.458 | FAST    |
B_i[0][2][0]   | C_o[2][2][7]   |     5.758 | SLOW    |     2.470 | FAST    |
B_i[0][2][0]   | C_o[3][2][0]   |     5.761 | SLOW    |     2.501 | FAST    |
B_i[0][2][0]   | C_o[3][2][1]   |     5.775 | SLOW    |     2.496 | FAST    |
B_i[0][2][0]   | C_o[3][2][2]   |     5.761 | SLOW    |     2.486 | FAST    |
B_i[0][2][0]   | C_o[3][2][3]   |     5.767 | SLOW    |     2.491 | FAST    |
B_i[0][2][0]   | C_o[3][2][4]   |     5.776 | SLOW    |     2.481 | FAST    |
B_i[0][2][0]   | C_o[3][2][5]   |     5.733 | SLOW    |     2.454 | FAST    |
B_i[0][2][0]   | C_o[3][2][6]   |     5.739 | SLOW    |     2.458 | FAST    |
B_i[0][2][0]   | C_o[3][2][7]   |     5.758 | SLOW    |     2.470 | FAST    |
B_i[0][2][1]   | C_o[0][2][0]   |     5.757 | SLOW    |     2.501 | FAST    |
B_i[0][2][1]   | C_o[0][2][1]   |     5.771 | SLOW    |     2.496 | FAST    |
B_i[0][2][1]   | C_o[0][2][2]   |     5.757 | SLOW    |     2.486 | FAST    |
B_i[0][2][1]   | C_o[0][2][3]   |     5.763 | SLOW    |     2.491 | FAST    |
B_i[0][2][1]   | C_o[0][2][4]   |     5.772 | SLOW    |     2.496 | FAST    |
B_i[0][2][1]   | C_o[0][2][5]   |     5.729 | SLOW    |     2.469 | FAST    |
B_i[0][2][1]   | C_o[0][2][6]   |     5.735 | SLOW    |     2.473 | FAST    |
B_i[0][2][1]   | C_o[0][2][7]   |     5.754 | SLOW    |     2.485 | FAST    |
B_i[0][2][1]   | C_o[1][2][0]   |     5.757 | SLOW    |     2.501 | FAST    |
B_i[0][2][1]   | C_o[1][2][1]   |     5.771 | SLOW    |     2.496 | FAST    |
B_i[0][2][1]   | C_o[1][2][2]   |     5.757 | SLOW    |     2.486 | FAST    |
B_i[0][2][1]   | C_o[1][2][3]   |     5.763 | SLOW    |     2.491 | FAST    |
B_i[0][2][1]   | C_o[1][2][4]   |     5.772 | SLOW    |     2.496 | FAST    |
B_i[0][2][1]   | C_o[1][2][5]   |     5.729 | SLOW    |     2.469 | FAST    |
B_i[0][2][1]   | C_o[1][2][6]   |     5.735 | SLOW    |     2.473 | FAST    |
B_i[0][2][1]   | C_o[1][2][7]   |     5.754 | SLOW    |     2.485 | FAST    |
B_i[0][2][1]   | C_o[2][2][0]   |     5.757 | SLOW    |     2.501 | FAST    |
B_i[0][2][1]   | C_o[2][2][1]   |     5.771 | SLOW    |     2.496 | FAST    |
B_i[0][2][1]   | C_o[2][2][2]   |     5.757 | SLOW    |     2.486 | FAST    |
B_i[0][2][1]   | C_o[2][2][3]   |     5.763 | SLOW    |     2.491 | FAST    |
B_i[0][2][1]   | C_o[2][2][4]   |     5.772 | SLOW    |     2.496 | FAST    |
B_i[0][2][1]   | C_o[2][2][5]   |     5.729 | SLOW    |     2.469 | FAST    |
B_i[0][2][1]   | C_o[2][2][6]   |     5.735 | SLOW    |     2.473 | FAST    |
B_i[0][2][1]   | C_o[2][2][7]   |     5.754 | SLOW    |     2.485 | FAST    |
B_i[0][2][1]   | C_o[3][2][0]   |     5.757 | SLOW    |     2.501 | FAST    |
B_i[0][2][1]   | C_o[3][2][1]   |     5.771 | SLOW    |     2.496 | FAST    |
B_i[0][2][1]   | C_o[3][2][2]   |     5.757 | SLOW    |     2.486 | FAST    |
B_i[0][2][1]   | C_o[3][2][3]   |     5.763 | SLOW    |     2.491 | FAST    |
B_i[0][2][1]   | C_o[3][2][4]   |     5.772 | SLOW    |     2.496 | FAST    |
B_i[0][2][1]   | C_o[3][2][5]   |     5.729 | SLOW    |     2.469 | FAST    |
B_i[0][2][1]   | C_o[3][2][6]   |     5.735 | SLOW    |     2.473 | FAST    |
B_i[0][2][1]   | C_o[3][2][7]   |     5.754 | SLOW    |     2.485 | FAST    |
B_i[0][2][2]   | C_o[0][2][2]   |     5.753 | SLOW    |     2.497 | FAST    |
B_i[0][2][2]   | C_o[0][2][3]   |     5.759 | SLOW    |     2.488 | FAST    |
B_i[0][2][2]   | C_o[0][2][4]   |     5.768 | SLOW    |     2.493 | FAST    |
B_i[0][2][2]   | C_o[0][2][5]   |     5.725 | SLOW    |     2.466 | FAST    |
B_i[0][2][2]   | C_o[0][2][6]   |     5.731 | SLOW    |     2.470 | FAST    |
B_i[0][2][2]   | C_o[0][2][7]   |     5.750 | SLOW    |     2.482 | FAST    |
B_i[0][2][2]   | C_o[1][2][2]   |     5.753 | SLOW    |     2.497 | FAST    |
B_i[0][2][2]   | C_o[1][2][3]   |     5.759 | SLOW    |     2.488 | FAST    |
B_i[0][2][2]   | C_o[1][2][4]   |     5.768 | SLOW    |     2.493 | FAST    |
B_i[0][2][2]   | C_o[1][2][5]   |     5.725 | SLOW    |     2.466 | FAST    |
B_i[0][2][2]   | C_o[1][2][6]   |     5.731 | SLOW    |     2.470 | FAST    |
B_i[0][2][2]   | C_o[1][2][7]   |     5.750 | SLOW    |     2.482 | FAST    |
B_i[0][2][2]   | C_o[2][2][2]   |     5.753 | SLOW    |     2.497 | FAST    |
B_i[0][2][2]   | C_o[2][2][3]   |     5.759 | SLOW    |     2.488 | FAST    |
B_i[0][2][2]   | C_o[2][2][4]   |     5.768 | SLOW    |     2.493 | FAST    |
B_i[0][2][2]   | C_o[2][2][5]   |     5.725 | SLOW    |     2.466 | FAST    |
B_i[0][2][2]   | C_o[2][2][6]   |     5.731 | SLOW    |     2.470 | FAST    |
B_i[0][2][2]   | C_o[2][2][7]   |     5.750 | SLOW    |     2.482 | FAST    |
B_i[0][2][2]   | C_o[3][2][2]   |     5.753 | SLOW    |     2.497 | FAST    |
B_i[0][2][2]   | C_o[3][2][3]   |     5.759 | SLOW    |     2.488 | FAST    |
B_i[0][2][2]   | C_o[3][2][4]   |     5.768 | SLOW    |     2.493 | FAST    |
B_i[0][2][2]   | C_o[3][2][5]   |     5.725 | SLOW    |     2.466 | FAST    |
B_i[0][2][2]   | C_o[3][2][6]   |     5.731 | SLOW    |     2.470 | FAST    |
B_i[0][2][2]   | C_o[3][2][7]   |     5.750 | SLOW    |     2.482 | FAST    |
B_i[0][2][3]   | C_o[0][2][2]   |     5.754 | SLOW    |     2.499 | FAST    |
B_i[0][2][3]   | C_o[0][2][3]   |     5.760 | SLOW    |     2.490 | FAST    |
B_i[0][2][3]   | C_o[0][2][4]   |     5.769 | SLOW    |     2.495 | FAST    |
B_i[0][2][3]   | C_o[0][2][5]   |     5.726 | SLOW    |     2.468 | FAST    |
B_i[0][2][3]   | C_o[0][2][6]   |     5.732 | SLOW    |     2.472 | FAST    |
B_i[0][2][3]   | C_o[0][2][7]   |     5.751 | SLOW    |     2.484 | FAST    |
B_i[0][2][3]   | C_o[1][2][2]   |     5.754 | SLOW    |     2.499 | FAST    |
B_i[0][2][3]   | C_o[1][2][3]   |     5.760 | SLOW    |     2.490 | FAST    |
B_i[0][2][3]   | C_o[1][2][4]   |     5.769 | SLOW    |     2.495 | FAST    |
B_i[0][2][3]   | C_o[1][2][5]   |     5.726 | SLOW    |     2.468 | FAST    |
B_i[0][2][3]   | C_o[1][2][6]   |     5.732 | SLOW    |     2.472 | FAST    |
B_i[0][2][3]   | C_o[1][2][7]   |     5.751 | SLOW    |     2.484 | FAST    |
B_i[0][2][3]   | C_o[2][2][2]   |     5.754 | SLOW    |     2.499 | FAST    |
B_i[0][2][3]   | C_o[2][2][3]   |     5.760 | SLOW    |     2.490 | FAST    |
B_i[0][2][3]   | C_o[2][2][4]   |     5.769 | SLOW    |     2.495 | FAST    |
B_i[0][2][3]   | C_o[2][2][5]   |     5.726 | SLOW    |     2.468 | FAST    |
B_i[0][2][3]   | C_o[2][2][6]   |     5.732 | SLOW    |     2.472 | FAST    |
B_i[0][2][3]   | C_o[2][2][7]   |     5.751 | SLOW    |     2.484 | FAST    |
B_i[0][2][3]   | C_o[3][2][2]   |     5.754 | SLOW    |     2.499 | FAST    |
B_i[0][2][3]   | C_o[3][2][3]   |     5.760 | SLOW    |     2.490 | FAST    |
B_i[0][2][3]   | C_o[3][2][4]   |     5.769 | SLOW    |     2.495 | FAST    |
B_i[0][2][3]   | C_o[3][2][5]   |     5.726 | SLOW    |     2.468 | FAST    |
B_i[0][2][3]   | C_o[3][2][6]   |     5.732 | SLOW    |     2.472 | FAST    |
B_i[0][2][3]   | C_o[3][2][7]   |     5.751 | SLOW    |     2.484 | FAST    |
B_i[0][2][4]   | C_o[0][2][4]   |     5.771 | SLOW    |     2.508 | FAST    |
B_i[0][2][4]   | C_o[0][2][5]   |     5.728 | SLOW    |     2.467 | FAST    |
B_i[0][2][4]   | C_o[0][2][6]   |     5.734 | SLOW    |     2.471 | FAST    |
B_i[0][2][4]   | C_o[0][2][7]   |     5.753 | SLOW    |     2.483 | FAST    |
B_i[0][2][4]   | C_o[1][2][4]   |     5.771 | SLOW    |     2.508 | FAST    |
B_i[0][2][4]   | C_o[1][2][5]   |     5.728 | SLOW    |     2.467 | FAST    |
B_i[0][2][4]   | C_o[1][2][6]   |     5.734 | SLOW    |     2.471 | FAST    |
B_i[0][2][4]   | C_o[1][2][7]   |     5.753 | SLOW    |     2.483 | FAST    |
B_i[0][2][4]   | C_o[2][2][4]   |     5.771 | SLOW    |     2.508 | FAST    |
B_i[0][2][4]   | C_o[2][2][5]   |     5.728 | SLOW    |     2.467 | FAST    |
B_i[0][2][4]   | C_o[2][2][6]   |     5.734 | SLOW    |     2.471 | FAST    |
B_i[0][2][4]   | C_o[2][2][7]   |     5.753 | SLOW    |     2.483 | FAST    |
B_i[0][2][4]   | C_o[3][2][4]   |     5.771 | SLOW    |     2.508 | FAST    |
B_i[0][2][4]   | C_o[3][2][5]   |     5.728 | SLOW    |     2.467 | FAST    |
B_i[0][2][4]   | C_o[3][2][6]   |     5.734 | SLOW    |     2.471 | FAST    |
B_i[0][2][4]   | C_o[3][2][7]   |     5.753 | SLOW    |     2.483 | FAST    |
B_i[0][2][5]   | C_o[0][2][4]   |     5.783 | SLOW    |     2.517 | FAST    |
B_i[0][2][5]   | C_o[0][2][5]   |     5.740 | SLOW    |     2.476 | FAST    |
B_i[0][2][5]   | C_o[0][2][6]   |     5.746 | SLOW    |     2.480 | FAST    |
B_i[0][2][5]   | C_o[0][2][7]   |     5.765 | SLOW    |     2.492 | FAST    |
B_i[0][2][5]   | C_o[1][2][4]   |     5.783 | SLOW    |     2.517 | FAST    |
B_i[0][2][5]   | C_o[1][2][5]   |     5.740 | SLOW    |     2.476 | FAST    |
B_i[0][2][5]   | C_o[1][2][6]   |     5.746 | SLOW    |     2.480 | FAST    |
B_i[0][2][5]   | C_o[1][2][7]   |     5.765 | SLOW    |     2.492 | FAST    |
B_i[0][2][5]   | C_o[2][2][4]   |     5.783 | SLOW    |     2.517 | FAST    |
B_i[0][2][5]   | C_o[2][2][5]   |     5.740 | SLOW    |     2.476 | FAST    |
B_i[0][2][5]   | C_o[2][2][6]   |     5.746 | SLOW    |     2.480 | FAST    |
B_i[0][2][5]   | C_o[2][2][7]   |     5.765 | SLOW    |     2.492 | FAST    |
B_i[0][2][5]   | C_o[3][2][4]   |     5.783 | SLOW    |     2.517 | FAST    |
B_i[0][2][5]   | C_o[3][2][5]   |     5.740 | SLOW    |     2.476 | FAST    |
B_i[0][2][5]   | C_o[3][2][6]   |     5.746 | SLOW    |     2.480 | FAST    |
B_i[0][2][5]   | C_o[3][2][7]   |     5.765 | SLOW    |     2.492 | FAST    |
B_i[0][2][6]   | C_o[0][2][6]   |     5.721 | SLOW    |     2.478 | FAST    |
B_i[0][2][6]   | C_o[0][2][7]   |     5.740 | SLOW    |     2.476 | FAST    |
B_i[0][2][6]   | C_o[1][2][6]   |     5.721 | SLOW    |     2.478 | FAST    |
B_i[0][2][6]   | C_o[1][2][7]   |     5.740 | SLOW    |     2.476 | FAST    |
B_i[0][2][6]   | C_o[2][2][6]   |     5.721 | SLOW    |     2.478 | FAST    |
B_i[0][2][6]   | C_o[2][2][7]   |     5.740 | SLOW    |     2.476 | FAST    |
B_i[0][2][6]   | C_o[3][2][6]   |     5.721 | SLOW    |     2.478 | FAST    |
B_i[0][2][6]   | C_o[3][2][7]   |     5.740 | SLOW    |     2.476 | FAST    |
B_i[0][2][7]   | C_o[0][2][6]   |     5.729 | SLOW    |     2.483 | FAST    |
B_i[0][2][7]   | C_o[0][2][7]   |     5.748 | SLOW    |     2.481 | FAST    |
B_i[0][2][7]   | C_o[1][2][6]   |     5.729 | SLOW    |     2.483 | FAST    |
B_i[0][2][7]   | C_o[1][2][7]   |     5.748 | SLOW    |     2.481 | FAST    |
B_i[0][2][7]   | C_o[2][2][6]   |     5.729 | SLOW    |     2.483 | FAST    |
B_i[0][2][7]   | C_o[2][2][7]   |     5.748 | SLOW    |     2.481 | FAST    |
B_i[0][2][7]   | C_o[3][2][6]   |     5.729 | SLOW    |     2.483 | FAST    |
B_i[0][2][7]   | C_o[3][2][7]   |     5.748 | SLOW    |     2.481 | FAST    |
B_i[0][3][0]   | C_o[0][3][0]   |     5.761 | SLOW    |     2.501 | FAST    |
B_i[0][3][0]   | C_o[0][3][1]   |     5.775 | SLOW    |     2.496 | FAST    |
B_i[0][3][0]   | C_o[0][3][2]   |     5.761 | SLOW    |     2.486 | FAST    |
B_i[0][3][0]   | C_o[0][3][3]   |     5.767 | SLOW    |     2.491 | FAST    |
B_i[0][3][0]   | C_o[0][3][4]   |     5.776 | SLOW    |     2.481 | FAST    |
B_i[0][3][0]   | C_o[0][3][5]   |     5.733 | SLOW    |     2.454 | FAST    |
B_i[0][3][0]   | C_o[0][3][6]   |     5.739 | SLOW    |     2.458 | FAST    |
B_i[0][3][0]   | C_o[0][3][7]   |     5.758 | SLOW    |     2.470 | FAST    |
B_i[0][3][0]   | C_o[1][3][0]   |     5.761 | SLOW    |     2.501 | FAST    |
B_i[0][3][0]   | C_o[1][3][1]   |     5.775 | SLOW    |     2.496 | FAST    |
B_i[0][3][0]   | C_o[1][3][2]   |     5.761 | SLOW    |     2.486 | FAST    |
B_i[0][3][0]   | C_o[1][3][3]   |     5.767 | SLOW    |     2.491 | FAST    |
B_i[0][3][0]   | C_o[1][3][4]   |     5.776 | SLOW    |     2.481 | FAST    |
B_i[0][3][0]   | C_o[1][3][5]   |     5.733 | SLOW    |     2.454 | FAST    |
B_i[0][3][0]   | C_o[1][3][6]   |     5.739 | SLOW    |     2.458 | FAST    |
B_i[0][3][0]   | C_o[1][3][7]   |     5.758 | SLOW    |     2.470 | FAST    |
B_i[0][3][0]   | C_o[2][3][0]   |     5.761 | SLOW    |     2.501 | FAST    |
B_i[0][3][0]   | C_o[2][3][1]   |     5.775 | SLOW    |     2.496 | FAST    |
B_i[0][3][0]   | C_o[2][3][2]   |     5.761 | SLOW    |     2.486 | FAST    |
B_i[0][3][0]   | C_o[2][3][3]   |     5.767 | SLOW    |     2.491 | FAST    |
B_i[0][3][0]   | C_o[2][3][4]   |     5.776 | SLOW    |     2.481 | FAST    |
B_i[0][3][0]   | C_o[2][3][5]   |     5.733 | SLOW    |     2.454 | FAST    |
B_i[0][3][0]   | C_o[2][3][6]   |     5.739 | SLOW    |     2.458 | FAST    |
B_i[0][3][0]   | C_o[2][3][7]   |     5.758 | SLOW    |     2.470 | FAST    |
B_i[0][3][0]   | C_o[3][3][0]   |     5.761 | SLOW    |     2.501 | FAST    |
B_i[0][3][0]   | C_o[3][3][1]   |     5.775 | SLOW    |     2.496 | FAST    |
B_i[0][3][0]   | C_o[3][3][2]   |     5.761 | SLOW    |     2.486 | FAST    |
B_i[0][3][0]   | C_o[3][3][3]   |     5.767 | SLOW    |     2.491 | FAST    |
B_i[0][3][0]   | C_o[3][3][4]   |     5.776 | SLOW    |     2.481 | FAST    |
B_i[0][3][0]   | C_o[3][3][5]   |     5.733 | SLOW    |     2.454 | FAST    |
B_i[0][3][0]   | C_o[3][3][6]   |     5.739 | SLOW    |     2.458 | FAST    |
B_i[0][3][0]   | C_o[3][3][7]   |     5.758 | SLOW    |     2.470 | FAST    |
B_i[0][3][1]   | C_o[0][3][0]   |     5.757 | SLOW    |     2.501 | FAST    |
B_i[0][3][1]   | C_o[0][3][1]   |     5.771 | SLOW    |     2.496 | FAST    |
B_i[0][3][1]   | C_o[0][3][2]   |     5.757 | SLOW    |     2.486 | FAST    |
B_i[0][3][1]   | C_o[0][3][3]   |     5.763 | SLOW    |     2.491 | FAST    |
B_i[0][3][1]   | C_o[0][3][4]   |     5.772 | SLOW    |     2.496 | FAST    |
B_i[0][3][1]   | C_o[0][3][5]   |     5.729 | SLOW    |     2.469 | FAST    |
B_i[0][3][1]   | C_o[0][3][6]   |     5.735 | SLOW    |     2.473 | FAST    |
B_i[0][3][1]   | C_o[0][3][7]   |     5.754 | SLOW    |     2.485 | FAST    |
B_i[0][3][1]   | C_o[1][3][0]   |     5.757 | SLOW    |     2.501 | FAST    |
B_i[0][3][1]   | C_o[1][3][1]   |     5.771 | SLOW    |     2.496 | FAST    |
B_i[0][3][1]   | C_o[1][3][2]   |     5.757 | SLOW    |     2.486 | FAST    |
B_i[0][3][1]   | C_o[1][3][3]   |     5.763 | SLOW    |     2.491 | FAST    |
B_i[0][3][1]   | C_o[1][3][4]   |     5.772 | SLOW    |     2.496 | FAST    |
B_i[0][3][1]   | C_o[1][3][5]   |     5.729 | SLOW    |     2.469 | FAST    |
B_i[0][3][1]   | C_o[1][3][6]   |     5.735 | SLOW    |     2.473 | FAST    |
B_i[0][3][1]   | C_o[1][3][7]   |     5.754 | SLOW    |     2.485 | FAST    |
B_i[0][3][1]   | C_o[2][3][0]   |     5.757 | SLOW    |     2.501 | FAST    |
B_i[0][3][1]   | C_o[2][3][1]   |     5.771 | SLOW    |     2.496 | FAST    |
B_i[0][3][1]   | C_o[2][3][2]   |     5.757 | SLOW    |     2.486 | FAST    |
B_i[0][3][1]   | C_o[2][3][3]   |     5.763 | SLOW    |     2.491 | FAST    |
B_i[0][3][1]   | C_o[2][3][4]   |     5.772 | SLOW    |     2.496 | FAST    |
B_i[0][3][1]   | C_o[2][3][5]   |     5.729 | SLOW    |     2.469 | FAST    |
B_i[0][3][1]   | C_o[2][3][6]   |     5.735 | SLOW    |     2.473 | FAST    |
B_i[0][3][1]   | C_o[2][3][7]   |     5.754 | SLOW    |     2.485 | FAST    |
B_i[0][3][1]   | C_o[3][3][0]   |     5.757 | SLOW    |     2.501 | FAST    |
B_i[0][3][1]   | C_o[3][3][1]   |     5.771 | SLOW    |     2.496 | FAST    |
B_i[0][3][1]   | C_o[3][3][2]   |     5.757 | SLOW    |     2.486 | FAST    |
B_i[0][3][1]   | C_o[3][3][3]   |     5.763 | SLOW    |     2.491 | FAST    |
B_i[0][3][1]   | C_o[3][3][4]   |     5.772 | SLOW    |     2.496 | FAST    |
B_i[0][3][1]   | C_o[3][3][5]   |     5.729 | SLOW    |     2.469 | FAST    |
B_i[0][3][1]   | C_o[3][3][6]   |     5.735 | SLOW    |     2.473 | FAST    |
B_i[0][3][1]   | C_o[3][3][7]   |     5.754 | SLOW    |     2.485 | FAST    |
B_i[0][3][2]   | C_o[0][3][2]   |     5.753 | SLOW    |     2.497 | FAST    |
B_i[0][3][2]   | C_o[0][3][3]   |     5.759 | SLOW    |     2.488 | FAST    |
B_i[0][3][2]   | C_o[0][3][4]   |     5.768 | SLOW    |     2.493 | FAST    |
B_i[0][3][2]   | C_o[0][3][5]   |     5.725 | SLOW    |     2.466 | FAST    |
B_i[0][3][2]   | C_o[0][3][6]   |     5.731 | SLOW    |     2.470 | FAST    |
B_i[0][3][2]   | C_o[0][3][7]   |     5.750 | SLOW    |     2.482 | FAST    |
B_i[0][3][2]   | C_o[1][3][2]   |     5.753 | SLOW    |     2.497 | FAST    |
B_i[0][3][2]   | C_o[1][3][3]   |     5.759 | SLOW    |     2.488 | FAST    |
B_i[0][3][2]   | C_o[1][3][4]   |     5.768 | SLOW    |     2.493 | FAST    |
B_i[0][3][2]   | C_o[1][3][5]   |     5.725 | SLOW    |     2.466 | FAST    |
B_i[0][3][2]   | C_o[1][3][6]   |     5.731 | SLOW    |     2.470 | FAST    |
B_i[0][3][2]   | C_o[1][3][7]   |     5.750 | SLOW    |     2.482 | FAST    |
B_i[0][3][2]   | C_o[2][3][2]   |     5.753 | SLOW    |     2.497 | FAST    |
B_i[0][3][2]   | C_o[2][3][3]   |     5.759 | SLOW    |     2.488 | FAST    |
B_i[0][3][2]   | C_o[2][3][4]   |     5.768 | SLOW    |     2.493 | FAST    |
B_i[0][3][2]   | C_o[2][3][5]   |     5.725 | SLOW    |     2.466 | FAST    |
B_i[0][3][2]   | C_o[2][3][6]   |     5.731 | SLOW    |     2.470 | FAST    |
B_i[0][3][2]   | C_o[2][3][7]   |     5.750 | SLOW    |     2.482 | FAST    |
B_i[0][3][2]   | C_o[3][3][2]   |     5.753 | SLOW    |     2.497 | FAST    |
B_i[0][3][2]   | C_o[3][3][3]   |     5.759 | SLOW    |     2.488 | FAST    |
B_i[0][3][2]   | C_o[3][3][4]   |     5.768 | SLOW    |     2.493 | FAST    |
B_i[0][3][2]   | C_o[3][3][5]   |     5.725 | SLOW    |     2.466 | FAST    |
B_i[0][3][2]   | C_o[3][3][6]   |     5.731 | SLOW    |     2.470 | FAST    |
B_i[0][3][2]   | C_o[3][3][7]   |     5.750 | SLOW    |     2.482 | FAST    |
B_i[0][3][3]   | C_o[0][3][2]   |     5.754 | SLOW    |     2.499 | FAST    |
B_i[0][3][3]   | C_o[0][3][3]   |     5.760 | SLOW    |     2.490 | FAST    |
B_i[0][3][3]   | C_o[0][3][4]   |     5.769 | SLOW    |     2.495 | FAST    |
B_i[0][3][3]   | C_o[0][3][5]   |     5.726 | SLOW    |     2.468 | FAST    |
B_i[0][3][3]   | C_o[0][3][6]   |     5.732 | SLOW    |     2.472 | FAST    |
B_i[0][3][3]   | C_o[0][3][7]   |     5.751 | SLOW    |     2.484 | FAST    |
B_i[0][3][3]   | C_o[1][3][2]   |     5.754 | SLOW    |     2.499 | FAST    |
B_i[0][3][3]   | C_o[1][3][3]   |     5.760 | SLOW    |     2.490 | FAST    |
B_i[0][3][3]   | C_o[1][3][4]   |     5.769 | SLOW    |     2.495 | FAST    |
B_i[0][3][3]   | C_o[1][3][5]   |     5.726 | SLOW    |     2.468 | FAST    |
B_i[0][3][3]   | C_o[1][3][6]   |     5.732 | SLOW    |     2.472 | FAST    |
B_i[0][3][3]   | C_o[1][3][7]   |     5.751 | SLOW    |     2.484 | FAST    |
B_i[0][3][3]   | C_o[2][3][2]   |     5.754 | SLOW    |     2.499 | FAST    |
B_i[0][3][3]   | C_o[2][3][3]   |     5.760 | SLOW    |     2.490 | FAST    |
B_i[0][3][3]   | C_o[2][3][4]   |     5.769 | SLOW    |     2.495 | FAST    |
B_i[0][3][3]   | C_o[2][3][5]   |     5.726 | SLOW    |     2.468 | FAST    |
B_i[0][3][3]   | C_o[2][3][6]   |     5.732 | SLOW    |     2.472 | FAST    |
B_i[0][3][3]   | C_o[2][3][7]   |     5.751 | SLOW    |     2.484 | FAST    |
B_i[0][3][3]   | C_o[3][3][2]   |     5.754 | SLOW    |     2.499 | FAST    |
B_i[0][3][3]   | C_o[3][3][3]   |     5.760 | SLOW    |     2.490 | FAST    |
B_i[0][3][3]   | C_o[3][3][4]   |     5.769 | SLOW    |     2.495 | FAST    |
B_i[0][3][3]   | C_o[3][3][5]   |     5.726 | SLOW    |     2.468 | FAST    |
B_i[0][3][3]   | C_o[3][3][6]   |     5.732 | SLOW    |     2.472 | FAST    |
B_i[0][3][3]   | C_o[3][3][7]   |     5.751 | SLOW    |     2.484 | FAST    |
B_i[0][3][4]   | C_o[0][3][4]   |     5.771 | SLOW    |     2.508 | FAST    |
B_i[0][3][4]   | C_o[0][3][5]   |     5.728 | SLOW    |     2.467 | FAST    |
B_i[0][3][4]   | C_o[0][3][6]   |     5.734 | SLOW    |     2.471 | FAST    |
B_i[0][3][4]   | C_o[0][3][7]   |     5.753 | SLOW    |     2.483 | FAST    |
B_i[0][3][4]   | C_o[1][3][4]   |     5.771 | SLOW    |     2.508 | FAST    |
B_i[0][3][4]   | C_o[1][3][5]   |     5.728 | SLOW    |     2.467 | FAST    |
B_i[0][3][4]   | C_o[1][3][6]   |     5.734 | SLOW    |     2.471 | FAST    |
B_i[0][3][4]   | C_o[1][3][7]   |     5.753 | SLOW    |     2.483 | FAST    |
B_i[0][3][4]   | C_o[2][3][4]   |     5.771 | SLOW    |     2.508 | FAST    |
B_i[0][3][4]   | C_o[2][3][5]   |     5.728 | SLOW    |     2.467 | FAST    |
B_i[0][3][4]   | C_o[2][3][6]   |     5.734 | SLOW    |     2.471 | FAST    |
B_i[0][3][4]   | C_o[2][3][7]   |     5.753 | SLOW    |     2.483 | FAST    |
B_i[0][3][4]   | C_o[3][3][4]   |     5.771 | SLOW    |     2.508 | FAST    |
B_i[0][3][4]   | C_o[3][3][5]   |     5.728 | SLOW    |     2.467 | FAST    |
B_i[0][3][4]   | C_o[3][3][6]   |     5.734 | SLOW    |     2.471 | FAST    |
B_i[0][3][4]   | C_o[3][3][7]   |     5.753 | SLOW    |     2.483 | FAST    |
B_i[0][3][5]   | C_o[0][3][4]   |     5.783 | SLOW    |     2.517 | FAST    |
B_i[0][3][5]   | C_o[0][3][5]   |     5.740 | SLOW    |     2.476 | FAST    |
B_i[0][3][5]   | C_o[0][3][6]   |     5.746 | SLOW    |     2.480 | FAST    |
B_i[0][3][5]   | C_o[0][3][7]   |     5.765 | SLOW    |     2.492 | FAST    |
B_i[0][3][5]   | C_o[1][3][4]   |     5.783 | SLOW    |     2.517 | FAST    |
B_i[0][3][5]   | C_o[1][3][5]   |     5.740 | SLOW    |     2.476 | FAST    |
B_i[0][3][5]   | C_o[1][3][6]   |     5.746 | SLOW    |     2.480 | FAST    |
B_i[0][3][5]   | C_o[1][3][7]   |     5.765 | SLOW    |     2.492 | FAST    |
B_i[0][3][5]   | C_o[2][3][4]   |     5.783 | SLOW    |     2.517 | FAST    |
B_i[0][3][5]   | C_o[2][3][5]   |     5.740 | SLOW    |     2.476 | FAST    |
B_i[0][3][5]   | C_o[2][3][6]   |     5.746 | SLOW    |     2.480 | FAST    |
B_i[0][3][5]   | C_o[2][3][7]   |     5.765 | SLOW    |     2.492 | FAST    |
B_i[0][3][5]   | C_o[3][3][4]   |     5.783 | SLOW    |     2.517 | FAST    |
B_i[0][3][5]   | C_o[3][3][5]   |     5.740 | SLOW    |     2.476 | FAST    |
B_i[0][3][5]   | C_o[3][3][6]   |     5.746 | SLOW    |     2.480 | FAST    |
B_i[0][3][5]   | C_o[3][3][7]   |     5.765 | SLOW    |     2.492 | FAST    |
B_i[0][3][6]   | C_o[0][3][6]   |     5.721 | SLOW    |     2.478 | FAST    |
B_i[0][3][6]   | C_o[0][3][7]   |     5.740 | SLOW    |     2.476 | FAST    |
B_i[0][3][6]   | C_o[1][3][6]   |     5.721 | SLOW    |     2.478 | FAST    |
B_i[0][3][6]   | C_o[1][3][7]   |     5.740 | SLOW    |     2.476 | FAST    |
B_i[0][3][6]   | C_o[2][3][6]   |     5.721 | SLOW    |     2.478 | FAST    |
B_i[0][3][6]   | C_o[2][3][7]   |     5.740 | SLOW    |     2.476 | FAST    |
B_i[0][3][6]   | C_o[3][3][6]   |     5.721 | SLOW    |     2.478 | FAST    |
B_i[0][3][6]   | C_o[3][3][7]   |     5.740 | SLOW    |     2.476 | FAST    |
B_i[0][3][7]   | C_o[0][3][6]   |     5.729 | SLOW    |     2.483 | FAST    |
B_i[0][3][7]   | C_o[0][3][7]   |     5.748 | SLOW    |     2.481 | FAST    |
B_i[0][3][7]   | C_o[1][3][6]   |     5.729 | SLOW    |     2.483 | FAST    |
B_i[0][3][7]   | C_o[1][3][7]   |     5.748 | SLOW    |     2.481 | FAST    |
B_i[0][3][7]   | C_o[2][3][6]   |     5.729 | SLOW    |     2.483 | FAST    |
B_i[0][3][7]   | C_o[2][3][7]   |     5.748 | SLOW    |     2.481 | FAST    |
B_i[0][3][7]   | C_o[3][3][6]   |     5.729 | SLOW    |     2.483 | FAST    |
B_i[0][3][7]   | C_o[3][3][7]   |     5.748 | SLOW    |     2.481 | FAST    |
B_i[1][0][0]   | C_o[0][0][0]   |     5.781 | SLOW    |     2.502 | FAST    |
B_i[1][0][0]   | C_o[0][0][1]   |     5.795 | SLOW    |     2.495 | FAST    |
B_i[1][0][0]   | C_o[0][0][2]   |     5.781 | SLOW    |     2.485 | FAST    |
B_i[1][0][0]   | C_o[0][0][3]   |     5.787 | SLOW    |     2.490 | FAST    |
B_i[1][0][0]   | C_o[0][0][4]   |     5.796 | SLOW    |     2.495 | FAST    |
B_i[1][0][0]   | C_o[0][0][5]   |     5.753 | SLOW    |     2.468 | FAST    |
B_i[1][0][0]   | C_o[0][0][6]   |     5.759 | SLOW    |     2.472 | FAST    |
B_i[1][0][0]   | C_o[0][0][7]   |     5.778 | SLOW    |     2.484 | FAST    |
B_i[1][0][0]   | C_o[1][0][0]   |     5.781 | SLOW    |     2.502 | FAST    |
B_i[1][0][0]   | C_o[1][0][1]   |     5.795 | SLOW    |     2.495 | FAST    |
B_i[1][0][0]   | C_o[1][0][2]   |     5.781 | SLOW    |     2.485 | FAST    |
B_i[1][0][0]   | C_o[1][0][3]   |     5.787 | SLOW    |     2.490 | FAST    |
B_i[1][0][0]   | C_o[1][0][4]   |     5.796 | SLOW    |     2.495 | FAST    |
B_i[1][0][0]   | C_o[1][0][5]   |     5.753 | SLOW    |     2.468 | FAST    |
B_i[1][0][0]   | C_o[1][0][6]   |     5.759 | SLOW    |     2.472 | FAST    |
B_i[1][0][0]   | C_o[1][0][7]   |     5.778 | SLOW    |     2.484 | FAST    |
B_i[1][0][0]   | C_o[2][0][0]   |     5.781 | SLOW    |     2.502 | FAST    |
B_i[1][0][0]   | C_o[2][0][1]   |     5.795 | SLOW    |     2.495 | FAST    |
B_i[1][0][0]   | C_o[2][0][2]   |     5.781 | SLOW    |     2.485 | FAST    |
B_i[1][0][0]   | C_o[2][0][3]   |     5.787 | SLOW    |     2.490 | FAST    |
B_i[1][0][0]   | C_o[2][0][4]   |     5.796 | SLOW    |     2.495 | FAST    |
B_i[1][0][0]   | C_o[2][0][5]   |     5.753 | SLOW    |     2.468 | FAST    |
B_i[1][0][0]   | C_o[2][0][6]   |     5.759 | SLOW    |     2.472 | FAST    |
B_i[1][0][0]   | C_o[2][0][7]   |     5.778 | SLOW    |     2.484 | FAST    |
B_i[1][0][0]   | C_o[3][0][0]   |     5.781 | SLOW    |     2.502 | FAST    |
B_i[1][0][0]   | C_o[3][0][1]   |     5.795 | SLOW    |     2.495 | FAST    |
B_i[1][0][0]   | C_o[3][0][2]   |     5.781 | SLOW    |     2.485 | FAST    |
B_i[1][0][0]   | C_o[3][0][3]   |     5.787 | SLOW    |     2.490 | FAST    |
B_i[1][0][0]   | C_o[3][0][4]   |     5.796 | SLOW    |     2.495 | FAST    |
B_i[1][0][0]   | C_o[3][0][5]   |     5.753 | SLOW    |     2.468 | FAST    |
B_i[1][0][0]   | C_o[3][0][6]   |     5.759 | SLOW    |     2.472 | FAST    |
B_i[1][0][0]   | C_o[3][0][7]   |     5.778 | SLOW    |     2.484 | FAST    |
B_i[1][0][1]   | C_o[0][0][0]   |     5.781 | SLOW    |     2.503 | FAST    |
B_i[1][0][1]   | C_o[0][0][1]   |     5.795 | SLOW    |     2.496 | FAST    |
B_i[1][0][1]   | C_o[0][0][2]   |     5.781 | SLOW    |     2.486 | FAST    |
B_i[1][0][1]   | C_o[0][0][3]   |     5.787 | SLOW    |     2.491 | FAST    |
B_i[1][0][1]   | C_o[0][0][4]   |     5.796 | SLOW    |     2.496 | FAST    |
B_i[1][0][1]   | C_o[0][0][5]   |     5.753 | SLOW    |     2.469 | FAST    |
B_i[1][0][1]   | C_o[0][0][6]   |     5.760 | SLOW    |     2.473 | FAST    |
B_i[1][0][1]   | C_o[0][0][7]   |     5.779 | SLOW    |     2.485 | FAST    |
B_i[1][0][1]   | C_o[1][0][0]   |     5.781 | SLOW    |     2.503 | FAST    |
B_i[1][0][1]   | C_o[1][0][1]   |     5.795 | SLOW    |     2.496 | FAST    |
B_i[1][0][1]   | C_o[1][0][2]   |     5.781 | SLOW    |     2.486 | FAST    |
B_i[1][0][1]   | C_o[1][0][3]   |     5.787 | SLOW    |     2.491 | FAST    |
B_i[1][0][1]   | C_o[1][0][4]   |     5.796 | SLOW    |     2.496 | FAST    |
B_i[1][0][1]   | C_o[1][0][5]   |     5.753 | SLOW    |     2.469 | FAST    |
B_i[1][0][1]   | C_o[1][0][6]   |     5.760 | SLOW    |     2.473 | FAST    |
B_i[1][0][1]   | C_o[1][0][7]   |     5.779 | SLOW    |     2.485 | FAST    |
B_i[1][0][1]   | C_o[2][0][0]   |     5.781 | SLOW    |     2.503 | FAST    |
B_i[1][0][1]   | C_o[2][0][1]   |     5.795 | SLOW    |     2.496 | FAST    |
B_i[1][0][1]   | C_o[2][0][2]   |     5.781 | SLOW    |     2.486 | FAST    |
B_i[1][0][1]   | C_o[2][0][3]   |     5.787 | SLOW    |     2.491 | FAST    |
B_i[1][0][1]   | C_o[2][0][4]   |     5.796 | SLOW    |     2.496 | FAST    |
B_i[1][0][1]   | C_o[2][0][5]   |     5.753 | SLOW    |     2.469 | FAST    |
B_i[1][0][1]   | C_o[2][0][6]   |     5.760 | SLOW    |     2.473 | FAST    |
B_i[1][0][1]   | C_o[2][0][7]   |     5.779 | SLOW    |     2.485 | FAST    |
B_i[1][0][1]   | C_o[3][0][0]   |     5.781 | SLOW    |     2.503 | FAST    |
B_i[1][0][1]   | C_o[3][0][1]   |     5.795 | SLOW    |     2.496 | FAST    |
B_i[1][0][1]   | C_o[3][0][2]   |     5.781 | SLOW    |     2.486 | FAST    |
B_i[1][0][1]   | C_o[3][0][3]   |     5.787 | SLOW    |     2.491 | FAST    |
B_i[1][0][1]   | C_o[3][0][4]   |     5.796 | SLOW    |     2.496 | FAST    |
B_i[1][0][1]   | C_o[3][0][5]   |     5.753 | SLOW    |     2.469 | FAST    |
B_i[1][0][1]   | C_o[3][0][6]   |     5.760 | SLOW    |     2.473 | FAST    |
B_i[1][0][1]   | C_o[3][0][7]   |     5.779 | SLOW    |     2.485 | FAST    |
B_i[1][0][2]   | C_o[0][0][2]   |     5.794 | SLOW    |     2.513 | FAST    |
B_i[1][0][2]   | C_o[0][0][3]   |     5.800 | SLOW    |     2.499 | FAST    |
B_i[1][0][2]   | C_o[0][0][4]   |     5.809 | SLOW    |     2.504 | FAST    |
B_i[1][0][2]   | C_o[0][0][5]   |     5.766 | SLOW    |     2.477 | FAST    |
B_i[1][0][2]   | C_o[0][0][6]   |     5.773 | SLOW    |     2.481 | FAST    |
B_i[1][0][2]   | C_o[0][0][7]   |     5.792 | SLOW    |     2.493 | FAST    |
B_i[1][0][2]   | C_o[1][0][2]   |     5.794 | SLOW    |     2.513 | FAST    |
B_i[1][0][2]   | C_o[1][0][3]   |     5.800 | SLOW    |     2.499 | FAST    |
B_i[1][0][2]   | C_o[1][0][4]   |     5.809 | SLOW    |     2.504 | FAST    |
B_i[1][0][2]   | C_o[1][0][5]   |     5.766 | SLOW    |     2.477 | FAST    |
B_i[1][0][2]   | C_o[1][0][6]   |     5.773 | SLOW    |     2.481 | FAST    |
B_i[1][0][2]   | C_o[1][0][7]   |     5.792 | SLOW    |     2.493 | FAST    |
B_i[1][0][2]   | C_o[2][0][2]   |     5.794 | SLOW    |     2.513 | FAST    |
B_i[1][0][2]   | C_o[2][0][3]   |     5.800 | SLOW    |     2.499 | FAST    |
B_i[1][0][2]   | C_o[2][0][4]   |     5.809 | SLOW    |     2.504 | FAST    |
B_i[1][0][2]   | C_o[2][0][5]   |     5.766 | SLOW    |     2.477 | FAST    |
B_i[1][0][2]   | C_o[2][0][6]   |     5.773 | SLOW    |     2.481 | FAST    |
B_i[1][0][2]   | C_o[2][0][7]   |     5.792 | SLOW    |     2.493 | FAST    |
B_i[1][0][2]   | C_o[3][0][2]   |     5.794 | SLOW    |     2.513 | FAST    |
B_i[1][0][2]   | C_o[3][0][3]   |     5.800 | SLOW    |     2.499 | FAST    |
B_i[1][0][2]   | C_o[3][0][4]   |     5.809 | SLOW    |     2.504 | FAST    |
B_i[1][0][2]   | C_o[3][0][5]   |     5.766 | SLOW    |     2.477 | FAST    |
B_i[1][0][2]   | C_o[3][0][6]   |     5.773 | SLOW    |     2.481 | FAST    |
B_i[1][0][2]   | C_o[3][0][7]   |     5.792 | SLOW    |     2.493 | FAST    |
B_i[1][0][3]   | C_o[0][0][2]   |     5.782 | SLOW    |     2.507 | FAST    |
B_i[1][0][3]   | C_o[0][0][3]   |     5.788 | SLOW    |     2.493 | FAST    |
B_i[1][0][3]   | C_o[0][0][4]   |     5.797 | SLOW    |     2.498 | FAST    |
B_i[1][0][3]   | C_o[0][0][5]   |     5.754 | SLOW    |     2.471 | FAST    |
B_i[1][0][3]   | C_o[0][0][6]   |     5.761 | SLOW    |     2.475 | FAST    |
B_i[1][0][3]   | C_o[0][0][7]   |     5.780 | SLOW    |     2.487 | FAST    |
B_i[1][0][3]   | C_o[1][0][2]   |     5.782 | SLOW    |     2.507 | FAST    |
B_i[1][0][3]   | C_o[1][0][3]   |     5.788 | SLOW    |     2.493 | FAST    |
B_i[1][0][3]   | C_o[1][0][4]   |     5.797 | SLOW    |     2.498 | FAST    |
B_i[1][0][3]   | C_o[1][0][5]   |     5.754 | SLOW    |     2.471 | FAST    |
B_i[1][0][3]   | C_o[1][0][6]   |     5.761 | SLOW    |     2.475 | FAST    |
B_i[1][0][3]   | C_o[1][0][7]   |     5.780 | SLOW    |     2.487 | FAST    |
B_i[1][0][3]   | C_o[2][0][2]   |     5.782 | SLOW    |     2.507 | FAST    |
B_i[1][0][3]   | C_o[2][0][3]   |     5.788 | SLOW    |     2.493 | FAST    |
B_i[1][0][3]   | C_o[2][0][4]   |     5.797 | SLOW    |     2.498 | FAST    |
B_i[1][0][3]   | C_o[2][0][5]   |     5.754 | SLOW    |     2.471 | FAST    |
B_i[1][0][3]   | C_o[2][0][6]   |     5.761 | SLOW    |     2.475 | FAST    |
B_i[1][0][3]   | C_o[2][0][7]   |     5.780 | SLOW    |     2.487 | FAST    |
B_i[1][0][3]   | C_o[3][0][2]   |     5.782 | SLOW    |     2.507 | FAST    |
B_i[1][0][3]   | C_o[3][0][3]   |     5.788 | SLOW    |     2.493 | FAST    |
B_i[1][0][3]   | C_o[3][0][4]   |     5.797 | SLOW    |     2.498 | FAST    |
B_i[1][0][3]   | C_o[3][0][5]   |     5.754 | SLOW    |     2.471 | FAST    |
B_i[1][0][3]   | C_o[3][0][6]   |     5.761 | SLOW    |     2.475 | FAST    |
B_i[1][0][3]   | C_o[3][0][7]   |     5.780 | SLOW    |     2.487 | FAST    |
B_i[1][0][4]   | C_o[0][0][4]   |     5.769 | SLOW    |     2.498 | FAST    |
B_i[1][0][4]   | C_o[0][0][5]   |     5.726 | SLOW    |     2.452 | FAST    |
B_i[1][0][4]   | C_o[0][0][6]   |     5.733 | SLOW    |     2.456 | FAST    |
B_i[1][0][4]   | C_o[0][0][7]   |     5.752 | SLOW    |     2.468 | FAST    |
B_i[1][0][4]   | C_o[1][0][4]   |     5.769 | SLOW    |     2.498 | FAST    |
B_i[1][0][4]   | C_o[1][0][5]   |     5.726 | SLOW    |     2.452 | FAST    |
B_i[1][0][4]   | C_o[1][0][6]   |     5.733 | SLOW    |     2.456 | FAST    |
B_i[1][0][4]   | C_o[1][0][7]   |     5.752 | SLOW    |     2.468 | FAST    |
B_i[1][0][4]   | C_o[2][0][4]   |     5.769 | SLOW    |     2.498 | FAST    |
B_i[1][0][4]   | C_o[2][0][5]   |     5.726 | SLOW    |     2.452 | FAST    |
B_i[1][0][4]   | C_o[2][0][6]   |     5.733 | SLOW    |     2.456 | FAST    |
B_i[1][0][4]   | C_o[2][0][7]   |     5.752 | SLOW    |     2.468 | FAST    |
B_i[1][0][4]   | C_o[3][0][4]   |     5.769 | SLOW    |     2.498 | FAST    |
B_i[1][0][4]   | C_o[3][0][5]   |     5.726 | SLOW    |     2.452 | FAST    |
B_i[1][0][4]   | C_o[3][0][6]   |     5.733 | SLOW    |     2.456 | FAST    |
B_i[1][0][4]   | C_o[3][0][7]   |     5.752 | SLOW    |     2.468 | FAST    |
B_i[1][0][5]   | C_o[0][0][4]   |     5.773 | SLOW    |     2.501 | FAST    |
B_i[1][0][5]   | C_o[0][0][5]   |     5.730 | SLOW    |     2.455 | FAST    |
B_i[1][0][5]   | C_o[0][0][6]   |     5.737 | SLOW    |     2.459 | FAST    |
B_i[1][0][5]   | C_o[0][0][7]   |     5.756 | SLOW    |     2.471 | FAST    |
B_i[1][0][5]   | C_o[1][0][4]   |     5.773 | SLOW    |     2.501 | FAST    |
B_i[1][0][5]   | C_o[1][0][5]   |     5.730 | SLOW    |     2.455 | FAST    |
B_i[1][0][5]   | C_o[1][0][6]   |     5.737 | SLOW    |     2.459 | FAST    |
B_i[1][0][5]   | C_o[1][0][7]   |     5.756 | SLOW    |     2.471 | FAST    |
B_i[1][0][5]   | C_o[2][0][4]   |     5.773 | SLOW    |     2.501 | FAST    |
B_i[1][0][5]   | C_o[2][0][5]   |     5.730 | SLOW    |     2.455 | FAST    |
B_i[1][0][5]   | C_o[2][0][6]   |     5.737 | SLOW    |     2.459 | FAST    |
B_i[1][0][5]   | C_o[2][0][7]   |     5.756 | SLOW    |     2.471 | FAST    |
B_i[1][0][5]   | C_o[3][0][4]   |     5.773 | SLOW    |     2.501 | FAST    |
B_i[1][0][5]   | C_o[3][0][5]   |     5.730 | SLOW    |     2.455 | FAST    |
B_i[1][0][5]   | C_o[3][0][6]   |     5.737 | SLOW    |     2.459 | FAST    |
B_i[1][0][5]   | C_o[3][0][7]   |     5.756 | SLOW    |     2.471 | FAST    |
B_i[1][0][6]   | C_o[0][0][6]   |     5.734 | SLOW    |     2.476 | FAST    |
B_i[1][0][6]   | C_o[0][0][7]   |     5.753 | SLOW    |     2.469 | FAST    |
B_i[1][0][6]   | C_o[1][0][6]   |     5.734 | SLOW    |     2.476 | FAST    |
B_i[1][0][6]   | C_o[1][0][7]   |     5.753 | SLOW    |     2.469 | FAST    |
B_i[1][0][6]   | C_o[2][0][6]   |     5.734 | SLOW    |     2.476 | FAST    |
B_i[1][0][6]   | C_o[2][0][7]   |     5.753 | SLOW    |     2.469 | FAST    |
B_i[1][0][6]   | C_o[3][0][6]   |     5.734 | SLOW    |     2.476 | FAST    |
B_i[1][0][6]   | C_o[3][0][7]   |     5.753 | SLOW    |     2.469 | FAST    |
B_i[1][0][7]   | C_o[0][0][6]   |     5.733 | SLOW    |     2.477 | FAST    |
B_i[1][0][7]   | C_o[0][0][7]   |     5.752 | SLOW    |     2.470 | FAST    |
B_i[1][0][7]   | C_o[1][0][6]   |     5.733 | SLOW    |     2.477 | FAST    |
B_i[1][0][7]   | C_o[1][0][7]   |     5.752 | SLOW    |     2.470 | FAST    |
B_i[1][0][7]   | C_o[2][0][6]   |     5.733 | SLOW    |     2.477 | FAST    |
B_i[1][0][7]   | C_o[2][0][7]   |     5.752 | SLOW    |     2.470 | FAST    |
B_i[1][0][7]   | C_o[3][0][6]   |     5.733 | SLOW    |     2.477 | FAST    |
B_i[1][0][7]   | C_o[3][0][7]   |     5.752 | SLOW    |     2.470 | FAST    |
B_i[1][1][0]   | C_o[0][1][0]   |     5.781 | SLOW    |     2.502 | FAST    |
B_i[1][1][0]   | C_o[0][1][1]   |     5.795 | SLOW    |     2.495 | FAST    |
B_i[1][1][0]   | C_o[0][1][2]   |     5.781 | SLOW    |     2.485 | FAST    |
B_i[1][1][0]   | C_o[0][1][3]   |     5.787 | SLOW    |     2.490 | FAST    |
B_i[1][1][0]   | C_o[0][1][4]   |     5.796 | SLOW    |     2.495 | FAST    |
B_i[1][1][0]   | C_o[0][1][5]   |     5.753 | SLOW    |     2.468 | FAST    |
B_i[1][1][0]   | C_o[0][1][6]   |     5.759 | SLOW    |     2.472 | FAST    |
B_i[1][1][0]   | C_o[0][1][7]   |     5.778 | SLOW    |     2.484 | FAST    |
B_i[1][1][0]   | C_o[1][1][0]   |     5.781 | SLOW    |     2.502 | FAST    |
B_i[1][1][0]   | C_o[1][1][1]   |     5.795 | SLOW    |     2.495 | FAST    |
B_i[1][1][0]   | C_o[1][1][2]   |     5.781 | SLOW    |     2.485 | FAST    |
B_i[1][1][0]   | C_o[1][1][3]   |     5.787 | SLOW    |     2.490 | FAST    |
B_i[1][1][0]   | C_o[1][1][4]   |     5.796 | SLOW    |     2.495 | FAST    |
B_i[1][1][0]   | C_o[1][1][5]   |     5.753 | SLOW    |     2.468 | FAST    |
B_i[1][1][0]   | C_o[1][1][6]   |     5.759 | SLOW    |     2.472 | FAST    |
B_i[1][1][0]   | C_o[1][1][7]   |     5.778 | SLOW    |     2.484 | FAST    |
B_i[1][1][0]   | C_o[2][1][0]   |     5.781 | SLOW    |     2.502 | FAST    |
B_i[1][1][0]   | C_o[2][1][1]   |     5.795 | SLOW    |     2.495 | FAST    |
B_i[1][1][0]   | C_o[2][1][2]   |     5.781 | SLOW    |     2.485 | FAST    |
B_i[1][1][0]   | C_o[2][1][3]   |     5.787 | SLOW    |     2.490 | FAST    |
B_i[1][1][0]   | C_o[2][1][4]   |     5.796 | SLOW    |     2.495 | FAST    |
B_i[1][1][0]   | C_o[2][1][5]   |     5.753 | SLOW    |     2.468 | FAST    |
B_i[1][1][0]   | C_o[2][1][6]   |     5.759 | SLOW    |     2.472 | FAST    |
B_i[1][1][0]   | C_o[2][1][7]   |     5.778 | SLOW    |     2.484 | FAST    |
B_i[1][1][0]   | C_o[3][1][0]   |     5.781 | SLOW    |     2.502 | FAST    |
B_i[1][1][0]   | C_o[3][1][1]   |     5.795 | SLOW    |     2.495 | FAST    |
B_i[1][1][0]   | C_o[3][1][2]   |     5.781 | SLOW    |     2.485 | FAST    |
B_i[1][1][0]   | C_o[3][1][3]   |     5.787 | SLOW    |     2.490 | FAST    |
B_i[1][1][0]   | C_o[3][1][4]   |     5.796 | SLOW    |     2.495 | FAST    |
B_i[1][1][0]   | C_o[3][1][5]   |     5.753 | SLOW    |     2.468 | FAST    |
B_i[1][1][0]   | C_o[3][1][6]   |     5.759 | SLOW    |     2.472 | FAST    |
B_i[1][1][0]   | C_o[3][1][7]   |     5.778 | SLOW    |     2.484 | FAST    |
B_i[1][1][1]   | C_o[0][1][0]   |     5.781 | SLOW    |     2.503 | FAST    |
B_i[1][1][1]   | C_o[0][1][1]   |     5.795 | SLOW    |     2.496 | FAST    |
B_i[1][1][1]   | C_o[0][1][2]   |     5.781 | SLOW    |     2.486 | FAST    |
B_i[1][1][1]   | C_o[0][1][3]   |     5.787 | SLOW    |     2.491 | FAST    |
B_i[1][1][1]   | C_o[0][1][4]   |     5.796 | SLOW    |     2.496 | FAST    |
B_i[1][1][1]   | C_o[0][1][5]   |     5.753 | SLOW    |     2.469 | FAST    |
B_i[1][1][1]   | C_o[0][1][6]   |     5.760 | SLOW    |     2.473 | FAST    |
B_i[1][1][1]   | C_o[0][1][7]   |     5.779 | SLOW    |     2.485 | FAST    |
B_i[1][1][1]   | C_o[1][1][0]   |     5.781 | SLOW    |     2.503 | FAST    |
B_i[1][1][1]   | C_o[1][1][1]   |     5.795 | SLOW    |     2.496 | FAST    |
B_i[1][1][1]   | C_o[1][1][2]   |     5.781 | SLOW    |     2.486 | FAST    |
B_i[1][1][1]   | C_o[1][1][3]   |     5.787 | SLOW    |     2.491 | FAST    |
B_i[1][1][1]   | C_o[1][1][4]   |     5.796 | SLOW    |     2.496 | FAST    |
B_i[1][1][1]   | C_o[1][1][5]   |     5.753 | SLOW    |     2.469 | FAST    |
B_i[1][1][1]   | C_o[1][1][6]   |     5.760 | SLOW    |     2.473 | FAST    |
B_i[1][1][1]   | C_o[1][1][7]   |     5.779 | SLOW    |     2.485 | FAST    |
B_i[1][1][1]   | C_o[2][1][0]   |     5.781 | SLOW    |     2.503 | FAST    |
B_i[1][1][1]   | C_o[2][1][1]   |     5.795 | SLOW    |     2.496 | FAST    |
B_i[1][1][1]   | C_o[2][1][2]   |     5.781 | SLOW    |     2.486 | FAST    |
B_i[1][1][1]   | C_o[2][1][3]   |     5.787 | SLOW    |     2.491 | FAST    |
B_i[1][1][1]   | C_o[2][1][4]   |     5.796 | SLOW    |     2.496 | FAST    |
B_i[1][1][1]   | C_o[2][1][5]   |     5.753 | SLOW    |     2.469 | FAST    |
B_i[1][1][1]   | C_o[2][1][6]   |     5.760 | SLOW    |     2.473 | FAST    |
B_i[1][1][1]   | C_o[2][1][7]   |     5.779 | SLOW    |     2.485 | FAST    |
B_i[1][1][1]   | C_o[3][1][0]   |     5.781 | SLOW    |     2.503 | FAST    |
B_i[1][1][1]   | C_o[3][1][1]   |     5.795 | SLOW    |     2.496 | FAST    |
B_i[1][1][1]   | C_o[3][1][2]   |     5.781 | SLOW    |     2.486 | FAST    |
B_i[1][1][1]   | C_o[3][1][3]   |     5.787 | SLOW    |     2.491 | FAST    |
B_i[1][1][1]   | C_o[3][1][4]   |     5.796 | SLOW    |     2.496 | FAST    |
B_i[1][1][1]   | C_o[3][1][5]   |     5.753 | SLOW    |     2.469 | FAST    |
B_i[1][1][1]   | C_o[3][1][6]   |     5.760 | SLOW    |     2.473 | FAST    |
B_i[1][1][1]   | C_o[3][1][7]   |     5.779 | SLOW    |     2.485 | FAST    |
B_i[1][1][2]   | C_o[0][1][2]   |     5.794 | SLOW    |     2.513 | FAST    |
B_i[1][1][2]   | C_o[0][1][3]   |     5.800 | SLOW    |     2.499 | FAST    |
B_i[1][1][2]   | C_o[0][1][4]   |     5.809 | SLOW    |     2.504 | FAST    |
B_i[1][1][2]   | C_o[0][1][5]   |     5.766 | SLOW    |     2.477 | FAST    |
B_i[1][1][2]   | C_o[0][1][6]   |     5.773 | SLOW    |     2.481 | FAST    |
B_i[1][1][2]   | C_o[0][1][7]   |     5.792 | SLOW    |     2.493 | FAST    |
B_i[1][1][2]   | C_o[1][1][2]   |     5.794 | SLOW    |     2.513 | FAST    |
B_i[1][1][2]   | C_o[1][1][3]   |     5.800 | SLOW    |     2.499 | FAST    |
B_i[1][1][2]   | C_o[1][1][4]   |     5.809 | SLOW    |     2.504 | FAST    |
B_i[1][1][2]   | C_o[1][1][5]   |     5.766 | SLOW    |     2.477 | FAST    |
B_i[1][1][2]   | C_o[1][1][6]   |     5.773 | SLOW    |     2.481 | FAST    |
B_i[1][1][2]   | C_o[1][1][7]   |     5.792 | SLOW    |     2.493 | FAST    |
B_i[1][1][2]   | C_o[2][1][2]   |     5.794 | SLOW    |     2.513 | FAST    |
B_i[1][1][2]   | C_o[2][1][3]   |     5.800 | SLOW    |     2.499 | FAST    |
B_i[1][1][2]   | C_o[2][1][4]   |     5.809 | SLOW    |     2.504 | FAST    |
B_i[1][1][2]   | C_o[2][1][5]   |     5.766 | SLOW    |     2.477 | FAST    |
B_i[1][1][2]   | C_o[2][1][6]   |     5.773 | SLOW    |     2.481 | FAST    |
B_i[1][1][2]   | C_o[2][1][7]   |     5.792 | SLOW    |     2.493 | FAST    |
B_i[1][1][2]   | C_o[3][1][2]   |     5.794 | SLOW    |     2.513 | FAST    |
B_i[1][1][2]   | C_o[3][1][3]   |     5.800 | SLOW    |     2.499 | FAST    |
B_i[1][1][2]   | C_o[3][1][4]   |     5.809 | SLOW    |     2.504 | FAST    |
B_i[1][1][2]   | C_o[3][1][5]   |     5.766 | SLOW    |     2.477 | FAST    |
B_i[1][1][2]   | C_o[3][1][6]   |     5.773 | SLOW    |     2.481 | FAST    |
B_i[1][1][2]   | C_o[3][1][7]   |     5.792 | SLOW    |     2.493 | FAST    |
B_i[1][1][3]   | C_o[0][1][2]   |     5.782 | SLOW    |     2.507 | FAST    |
B_i[1][1][3]   | C_o[0][1][3]   |     5.788 | SLOW    |     2.493 | FAST    |
B_i[1][1][3]   | C_o[0][1][4]   |     5.797 | SLOW    |     2.498 | FAST    |
B_i[1][1][3]   | C_o[0][1][5]   |     5.754 | SLOW    |     2.471 | FAST    |
B_i[1][1][3]   | C_o[0][1][6]   |     5.761 | SLOW    |     2.475 | FAST    |
B_i[1][1][3]   | C_o[0][1][7]   |     5.780 | SLOW    |     2.487 | FAST    |
B_i[1][1][3]   | C_o[1][1][2]   |     5.782 | SLOW    |     2.507 | FAST    |
B_i[1][1][3]   | C_o[1][1][3]   |     5.788 | SLOW    |     2.493 | FAST    |
B_i[1][1][3]   | C_o[1][1][4]   |     5.797 | SLOW    |     2.498 | FAST    |
B_i[1][1][3]   | C_o[1][1][5]   |     5.754 | SLOW    |     2.471 | FAST    |
B_i[1][1][3]   | C_o[1][1][6]   |     5.761 | SLOW    |     2.475 | FAST    |
B_i[1][1][3]   | C_o[1][1][7]   |     5.780 | SLOW    |     2.487 | FAST    |
B_i[1][1][3]   | C_o[2][1][2]   |     5.782 | SLOW    |     2.507 | FAST    |
B_i[1][1][3]   | C_o[2][1][3]   |     5.788 | SLOW    |     2.493 | FAST    |
B_i[1][1][3]   | C_o[2][1][4]   |     5.797 | SLOW    |     2.498 | FAST    |
B_i[1][1][3]   | C_o[2][1][5]   |     5.754 | SLOW    |     2.471 | FAST    |
B_i[1][1][3]   | C_o[2][1][6]   |     5.761 | SLOW    |     2.475 | FAST    |
B_i[1][1][3]   | C_o[2][1][7]   |     5.780 | SLOW    |     2.487 | FAST    |
B_i[1][1][3]   | C_o[3][1][2]   |     5.782 | SLOW    |     2.507 | FAST    |
B_i[1][1][3]   | C_o[3][1][3]   |     5.788 | SLOW    |     2.493 | FAST    |
B_i[1][1][3]   | C_o[3][1][4]   |     5.797 | SLOW    |     2.498 | FAST    |
B_i[1][1][3]   | C_o[3][1][5]   |     5.754 | SLOW    |     2.471 | FAST    |
B_i[1][1][3]   | C_o[3][1][6]   |     5.761 | SLOW    |     2.475 | FAST    |
B_i[1][1][3]   | C_o[3][1][7]   |     5.780 | SLOW    |     2.487 | FAST    |
B_i[1][1][4]   | C_o[0][1][4]   |     5.769 | SLOW    |     2.498 | FAST    |
B_i[1][1][4]   | C_o[0][1][5]   |     5.726 | SLOW    |     2.452 | FAST    |
B_i[1][1][4]   | C_o[0][1][6]   |     5.733 | SLOW    |     2.456 | FAST    |
B_i[1][1][4]   | C_o[0][1][7]   |     5.752 | SLOW    |     2.468 | FAST    |
B_i[1][1][4]   | C_o[1][1][4]   |     5.769 | SLOW    |     2.498 | FAST    |
B_i[1][1][4]   | C_o[1][1][5]   |     5.726 | SLOW    |     2.452 | FAST    |
B_i[1][1][4]   | C_o[1][1][6]   |     5.733 | SLOW    |     2.456 | FAST    |
B_i[1][1][4]   | C_o[1][1][7]   |     5.752 | SLOW    |     2.468 | FAST    |
B_i[1][1][4]   | C_o[2][1][4]   |     5.769 | SLOW    |     2.498 | FAST    |
B_i[1][1][4]   | C_o[2][1][5]   |     5.726 | SLOW    |     2.452 | FAST    |
B_i[1][1][4]   | C_o[2][1][6]   |     5.733 | SLOW    |     2.456 | FAST    |
B_i[1][1][4]   | C_o[2][1][7]   |     5.752 | SLOW    |     2.468 | FAST    |
B_i[1][1][4]   | C_o[3][1][4]   |     5.769 | SLOW    |     2.498 | FAST    |
B_i[1][1][4]   | C_o[3][1][5]   |     5.726 | SLOW    |     2.452 | FAST    |
B_i[1][1][4]   | C_o[3][1][6]   |     5.733 | SLOW    |     2.456 | FAST    |
B_i[1][1][4]   | C_o[3][1][7]   |     5.752 | SLOW    |     2.468 | FAST    |
B_i[1][1][5]   | C_o[0][1][4]   |     5.773 | SLOW    |     2.501 | FAST    |
B_i[1][1][5]   | C_o[0][1][5]   |     5.730 | SLOW    |     2.455 | FAST    |
B_i[1][1][5]   | C_o[0][1][6]   |     5.737 | SLOW    |     2.459 | FAST    |
B_i[1][1][5]   | C_o[0][1][7]   |     5.756 | SLOW    |     2.471 | FAST    |
B_i[1][1][5]   | C_o[1][1][4]   |     5.773 | SLOW    |     2.501 | FAST    |
B_i[1][1][5]   | C_o[1][1][5]   |     5.730 | SLOW    |     2.455 | FAST    |
B_i[1][1][5]   | C_o[1][1][6]   |     5.737 | SLOW    |     2.459 | FAST    |
B_i[1][1][5]   | C_o[1][1][7]   |     5.756 | SLOW    |     2.471 | FAST    |
B_i[1][1][5]   | C_o[2][1][4]   |     5.773 | SLOW    |     2.501 | FAST    |
B_i[1][1][5]   | C_o[2][1][5]   |     5.730 | SLOW    |     2.455 | FAST    |
B_i[1][1][5]   | C_o[2][1][6]   |     5.737 | SLOW    |     2.459 | FAST    |
B_i[1][1][5]   | C_o[2][1][7]   |     5.756 | SLOW    |     2.471 | FAST    |
B_i[1][1][5]   | C_o[3][1][4]   |     5.773 | SLOW    |     2.501 | FAST    |
B_i[1][1][5]   | C_o[3][1][5]   |     5.730 | SLOW    |     2.455 | FAST    |
B_i[1][1][5]   | C_o[3][1][6]   |     5.737 | SLOW    |     2.459 | FAST    |
B_i[1][1][5]   | C_o[3][1][7]   |     5.756 | SLOW    |     2.471 | FAST    |
B_i[1][1][6]   | C_o[0][1][6]   |     5.734 | SLOW    |     2.476 | FAST    |
B_i[1][1][6]   | C_o[0][1][7]   |     5.753 | SLOW    |     2.469 | FAST    |
B_i[1][1][6]   | C_o[1][1][6]   |     5.734 | SLOW    |     2.476 | FAST    |
B_i[1][1][6]   | C_o[1][1][7]   |     5.753 | SLOW    |     2.469 | FAST    |
B_i[1][1][6]   | C_o[2][1][6]   |     5.734 | SLOW    |     2.476 | FAST    |
B_i[1][1][6]   | C_o[2][1][7]   |     5.753 | SLOW    |     2.469 | FAST    |
B_i[1][1][6]   | C_o[3][1][6]   |     5.734 | SLOW    |     2.476 | FAST    |
B_i[1][1][6]   | C_o[3][1][7]   |     5.753 | SLOW    |     2.469 | FAST    |
B_i[1][1][7]   | C_o[0][1][6]   |     5.733 | SLOW    |     2.477 | FAST    |
B_i[1][1][7]   | C_o[0][1][7]   |     5.752 | SLOW    |     2.470 | FAST    |
B_i[1][1][7]   | C_o[1][1][6]   |     5.733 | SLOW    |     2.477 | FAST    |
B_i[1][1][7]   | C_o[1][1][7]   |     5.752 | SLOW    |     2.470 | FAST    |
B_i[1][1][7]   | C_o[2][1][6]   |     5.733 | SLOW    |     2.477 | FAST    |
B_i[1][1][7]   | C_o[2][1][7]   |     5.752 | SLOW    |     2.470 | FAST    |
B_i[1][1][7]   | C_o[3][1][6]   |     5.733 | SLOW    |     2.477 | FAST    |
B_i[1][1][7]   | C_o[3][1][7]   |     5.752 | SLOW    |     2.470 | FAST    |
B_i[1][2][0]   | C_o[0][2][0]   |     5.781 | SLOW    |     2.502 | FAST    |
B_i[1][2][0]   | C_o[0][2][1]   |     5.795 | SLOW    |     2.495 | FAST    |
B_i[1][2][0]   | C_o[0][2][2]   |     5.781 | SLOW    |     2.485 | FAST    |
B_i[1][2][0]   | C_o[0][2][3]   |     5.787 | SLOW    |     2.490 | FAST    |
B_i[1][2][0]   | C_o[0][2][4]   |     5.796 | SLOW    |     2.495 | FAST    |
B_i[1][2][0]   | C_o[0][2][5]   |     5.753 | SLOW    |     2.468 | FAST    |
B_i[1][2][0]   | C_o[0][2][6]   |     5.759 | SLOW    |     2.472 | FAST    |
B_i[1][2][0]   | C_o[0][2][7]   |     5.778 | SLOW    |     2.484 | FAST    |
B_i[1][2][0]   | C_o[1][2][0]   |     5.781 | SLOW    |     2.502 | FAST    |
B_i[1][2][0]   | C_o[1][2][1]   |     5.795 | SLOW    |     2.495 | FAST    |
B_i[1][2][0]   | C_o[1][2][2]   |     5.781 | SLOW    |     2.485 | FAST    |
B_i[1][2][0]   | C_o[1][2][3]   |     5.787 | SLOW    |     2.490 | FAST    |
B_i[1][2][0]   | C_o[1][2][4]   |     5.796 | SLOW    |     2.495 | FAST    |
B_i[1][2][0]   | C_o[1][2][5]   |     5.753 | SLOW    |     2.468 | FAST    |
B_i[1][2][0]   | C_o[1][2][6]   |     5.759 | SLOW    |     2.472 | FAST    |
B_i[1][2][0]   | C_o[1][2][7]   |     5.778 | SLOW    |     2.484 | FAST    |
B_i[1][2][0]   | C_o[2][2][0]   |     5.781 | SLOW    |     2.502 | FAST    |
B_i[1][2][0]   | C_o[2][2][1]   |     5.795 | SLOW    |     2.495 | FAST    |
B_i[1][2][0]   | C_o[2][2][2]   |     5.781 | SLOW    |     2.485 | FAST    |
B_i[1][2][0]   | C_o[2][2][3]   |     5.787 | SLOW    |     2.490 | FAST    |
B_i[1][2][0]   | C_o[2][2][4]   |     5.796 | SLOW    |     2.495 | FAST    |
B_i[1][2][0]   | C_o[2][2][5]   |     5.753 | SLOW    |     2.468 | FAST    |
B_i[1][2][0]   | C_o[2][2][6]   |     5.759 | SLOW    |     2.472 | FAST    |
B_i[1][2][0]   | C_o[2][2][7]   |     5.778 | SLOW    |     2.484 | FAST    |
B_i[1][2][0]   | C_o[3][2][0]   |     5.781 | SLOW    |     2.502 | FAST    |
B_i[1][2][0]   | C_o[3][2][1]   |     5.795 | SLOW    |     2.495 | FAST    |
B_i[1][2][0]   | C_o[3][2][2]   |     5.781 | SLOW    |     2.485 | FAST    |
B_i[1][2][0]   | C_o[3][2][3]   |     5.787 | SLOW    |     2.490 | FAST    |
B_i[1][2][0]   | C_o[3][2][4]   |     5.796 | SLOW    |     2.495 | FAST    |
B_i[1][2][0]   | C_o[3][2][5]   |     5.753 | SLOW    |     2.468 | FAST    |
B_i[1][2][0]   | C_o[3][2][6]   |     5.759 | SLOW    |     2.472 | FAST    |
B_i[1][2][0]   | C_o[3][2][7]   |     5.778 | SLOW    |     2.484 | FAST    |
B_i[1][2][1]   | C_o[0][2][0]   |     5.781 | SLOW    |     2.503 | FAST    |
B_i[1][2][1]   | C_o[0][2][1]   |     5.795 | SLOW    |     2.496 | FAST    |
B_i[1][2][1]   | C_o[0][2][2]   |     5.781 | SLOW    |     2.486 | FAST    |
B_i[1][2][1]   | C_o[0][2][3]   |     5.787 | SLOW    |     2.491 | FAST    |
B_i[1][2][1]   | C_o[0][2][4]   |     5.796 | SLOW    |     2.496 | FAST    |
B_i[1][2][1]   | C_o[0][2][5]   |     5.753 | SLOW    |     2.469 | FAST    |
B_i[1][2][1]   | C_o[0][2][6]   |     5.760 | SLOW    |     2.473 | FAST    |
B_i[1][2][1]   | C_o[0][2][7]   |     5.779 | SLOW    |     2.485 | FAST    |
B_i[1][2][1]   | C_o[1][2][0]   |     5.781 | SLOW    |     2.503 | FAST    |
B_i[1][2][1]   | C_o[1][2][1]   |     5.795 | SLOW    |     2.496 | FAST    |
B_i[1][2][1]   | C_o[1][2][2]   |     5.781 | SLOW    |     2.486 | FAST    |
B_i[1][2][1]   | C_o[1][2][3]   |     5.787 | SLOW    |     2.491 | FAST    |
B_i[1][2][1]   | C_o[1][2][4]   |     5.796 | SLOW    |     2.496 | FAST    |
B_i[1][2][1]   | C_o[1][2][5]   |     5.753 | SLOW    |     2.469 | FAST    |
B_i[1][2][1]   | C_o[1][2][6]   |     5.760 | SLOW    |     2.473 | FAST    |
B_i[1][2][1]   | C_o[1][2][7]   |     5.779 | SLOW    |     2.485 | FAST    |
B_i[1][2][1]   | C_o[2][2][0]   |     5.781 | SLOW    |     2.503 | FAST    |
B_i[1][2][1]   | C_o[2][2][1]   |     5.795 | SLOW    |     2.496 | FAST    |
B_i[1][2][1]   | C_o[2][2][2]   |     5.781 | SLOW    |     2.486 | FAST    |
B_i[1][2][1]   | C_o[2][2][3]   |     5.787 | SLOW    |     2.491 | FAST    |
B_i[1][2][1]   | C_o[2][2][4]   |     5.796 | SLOW    |     2.496 | FAST    |
B_i[1][2][1]   | C_o[2][2][5]   |     5.753 | SLOW    |     2.469 | FAST    |
B_i[1][2][1]   | C_o[2][2][6]   |     5.760 | SLOW    |     2.473 | FAST    |
B_i[1][2][1]   | C_o[2][2][7]   |     5.779 | SLOW    |     2.485 | FAST    |
B_i[1][2][1]   | C_o[3][2][0]   |     5.781 | SLOW    |     2.503 | FAST    |
B_i[1][2][1]   | C_o[3][2][1]   |     5.795 | SLOW    |     2.496 | FAST    |
B_i[1][2][1]   | C_o[3][2][2]   |     5.781 | SLOW    |     2.486 | FAST    |
B_i[1][2][1]   | C_o[3][2][3]   |     5.787 | SLOW    |     2.491 | FAST    |
B_i[1][2][1]   | C_o[3][2][4]   |     5.796 | SLOW    |     2.496 | FAST    |
B_i[1][2][1]   | C_o[3][2][5]   |     5.753 | SLOW    |     2.469 | FAST    |
B_i[1][2][1]   | C_o[3][2][6]   |     5.760 | SLOW    |     2.473 | FAST    |
B_i[1][2][1]   | C_o[3][2][7]   |     5.779 | SLOW    |     2.485 | FAST    |
B_i[1][2][2]   | C_o[0][2][2]   |     5.794 | SLOW    |     2.513 | FAST    |
B_i[1][2][2]   | C_o[0][2][3]   |     5.800 | SLOW    |     2.499 | FAST    |
B_i[1][2][2]   | C_o[0][2][4]   |     5.809 | SLOW    |     2.504 | FAST    |
B_i[1][2][2]   | C_o[0][2][5]   |     5.766 | SLOW    |     2.477 | FAST    |
B_i[1][2][2]   | C_o[0][2][6]   |     5.773 | SLOW    |     2.481 | FAST    |
B_i[1][2][2]   | C_o[0][2][7]   |     5.792 | SLOW    |     2.493 | FAST    |
B_i[1][2][2]   | C_o[1][2][2]   |     5.794 | SLOW    |     2.513 | FAST    |
B_i[1][2][2]   | C_o[1][2][3]   |     5.800 | SLOW    |     2.499 | FAST    |
B_i[1][2][2]   | C_o[1][2][4]   |     5.809 | SLOW    |     2.504 | FAST    |
B_i[1][2][2]   | C_o[1][2][5]   |     5.766 | SLOW    |     2.477 | FAST    |
B_i[1][2][2]   | C_o[1][2][6]   |     5.773 | SLOW    |     2.481 | FAST    |
B_i[1][2][2]   | C_o[1][2][7]   |     5.792 | SLOW    |     2.493 | FAST    |
B_i[1][2][2]   | C_o[2][2][2]   |     5.794 | SLOW    |     2.513 | FAST    |
B_i[1][2][2]   | C_o[2][2][3]   |     5.800 | SLOW    |     2.499 | FAST    |
B_i[1][2][2]   | C_o[2][2][4]   |     5.809 | SLOW    |     2.504 | FAST    |
B_i[1][2][2]   | C_o[2][2][5]   |     5.766 | SLOW    |     2.477 | FAST    |
B_i[1][2][2]   | C_o[2][2][6]   |     5.773 | SLOW    |     2.481 | FAST    |
B_i[1][2][2]   | C_o[2][2][7]   |     5.792 | SLOW    |     2.493 | FAST    |
B_i[1][2][2]   | C_o[3][2][2]   |     5.794 | SLOW    |     2.513 | FAST    |
B_i[1][2][2]   | C_o[3][2][3]   |     5.800 | SLOW    |     2.499 | FAST    |
B_i[1][2][2]   | C_o[3][2][4]   |     5.809 | SLOW    |     2.504 | FAST    |
B_i[1][2][2]   | C_o[3][2][5]   |     5.766 | SLOW    |     2.477 | FAST    |
B_i[1][2][2]   | C_o[3][2][6]   |     5.773 | SLOW    |     2.481 | FAST    |
B_i[1][2][2]   | C_o[3][2][7]   |     5.792 | SLOW    |     2.493 | FAST    |
B_i[1][2][3]   | C_o[0][2][2]   |     5.782 | SLOW    |     2.507 | FAST    |
B_i[1][2][3]   | C_o[0][2][3]   |     5.788 | SLOW    |     2.493 | FAST    |
B_i[1][2][3]   | C_o[0][2][4]   |     5.797 | SLOW    |     2.498 | FAST    |
B_i[1][2][3]   | C_o[0][2][5]   |     5.754 | SLOW    |     2.471 | FAST    |
B_i[1][2][3]   | C_o[0][2][6]   |     5.761 | SLOW    |     2.475 | FAST    |
B_i[1][2][3]   | C_o[0][2][7]   |     5.780 | SLOW    |     2.487 | FAST    |
B_i[1][2][3]   | C_o[1][2][2]   |     5.782 | SLOW    |     2.507 | FAST    |
B_i[1][2][3]   | C_o[1][2][3]   |     5.788 | SLOW    |     2.493 | FAST    |
B_i[1][2][3]   | C_o[1][2][4]   |     5.797 | SLOW    |     2.498 | FAST    |
B_i[1][2][3]   | C_o[1][2][5]   |     5.754 | SLOW    |     2.471 | FAST    |
B_i[1][2][3]   | C_o[1][2][6]   |     5.761 | SLOW    |     2.475 | FAST    |
B_i[1][2][3]   | C_o[1][2][7]   |     5.780 | SLOW    |     2.487 | FAST    |
B_i[1][2][3]   | C_o[2][2][2]   |     5.782 | SLOW    |     2.507 | FAST    |
B_i[1][2][3]   | C_o[2][2][3]   |     5.788 | SLOW    |     2.493 | FAST    |
B_i[1][2][3]   | C_o[2][2][4]   |     5.797 | SLOW    |     2.498 | FAST    |
B_i[1][2][3]   | C_o[2][2][5]   |     5.754 | SLOW    |     2.471 | FAST    |
B_i[1][2][3]   | C_o[2][2][6]   |     5.761 | SLOW    |     2.475 | FAST    |
B_i[1][2][3]   | C_o[2][2][7]   |     5.780 | SLOW    |     2.487 | FAST    |
B_i[1][2][3]   | C_o[3][2][2]   |     5.782 | SLOW    |     2.507 | FAST    |
B_i[1][2][3]   | C_o[3][2][3]   |     5.788 | SLOW    |     2.493 | FAST    |
B_i[1][2][3]   | C_o[3][2][4]   |     5.797 | SLOW    |     2.498 | FAST    |
B_i[1][2][3]   | C_o[3][2][5]   |     5.754 | SLOW    |     2.471 | FAST    |
B_i[1][2][3]   | C_o[3][2][6]   |     5.761 | SLOW    |     2.475 | FAST    |
B_i[1][2][3]   | C_o[3][2][7]   |     5.780 | SLOW    |     2.487 | FAST    |
B_i[1][2][4]   | C_o[0][2][4]   |     5.769 | SLOW    |     2.498 | FAST    |
B_i[1][2][4]   | C_o[0][2][5]   |     5.726 | SLOW    |     2.452 | FAST    |
B_i[1][2][4]   | C_o[0][2][6]   |     5.733 | SLOW    |     2.456 | FAST    |
B_i[1][2][4]   | C_o[0][2][7]   |     5.752 | SLOW    |     2.468 | FAST    |
B_i[1][2][4]   | C_o[1][2][4]   |     5.769 | SLOW    |     2.498 | FAST    |
B_i[1][2][4]   | C_o[1][2][5]   |     5.726 | SLOW    |     2.452 | FAST    |
B_i[1][2][4]   | C_o[1][2][6]   |     5.733 | SLOW    |     2.456 | FAST    |
B_i[1][2][4]   | C_o[1][2][7]   |     5.752 | SLOW    |     2.468 | FAST    |
B_i[1][2][4]   | C_o[2][2][4]   |     5.769 | SLOW    |     2.498 | FAST    |
B_i[1][2][4]   | C_o[2][2][5]   |     5.726 | SLOW    |     2.452 | FAST    |
B_i[1][2][4]   | C_o[2][2][6]   |     5.733 | SLOW    |     2.456 | FAST    |
B_i[1][2][4]   | C_o[2][2][7]   |     5.752 | SLOW    |     2.468 | FAST    |
B_i[1][2][4]   | C_o[3][2][4]   |     5.769 | SLOW    |     2.498 | FAST    |
B_i[1][2][4]   | C_o[3][2][5]   |     5.726 | SLOW    |     2.452 | FAST    |
B_i[1][2][4]   | C_o[3][2][6]   |     5.733 | SLOW    |     2.456 | FAST    |
B_i[1][2][4]   | C_o[3][2][7]   |     5.752 | SLOW    |     2.468 | FAST    |
B_i[1][2][5]   | C_o[0][2][4]   |     5.773 | SLOW    |     2.501 | FAST    |
B_i[1][2][5]   | C_o[0][2][5]   |     5.730 | SLOW    |     2.455 | FAST    |
B_i[1][2][5]   | C_o[0][2][6]   |     5.737 | SLOW    |     2.459 | FAST    |
B_i[1][2][5]   | C_o[0][2][7]   |     5.756 | SLOW    |     2.471 | FAST    |
B_i[1][2][5]   | C_o[1][2][4]   |     5.773 | SLOW    |     2.501 | FAST    |
B_i[1][2][5]   | C_o[1][2][5]   |     5.730 | SLOW    |     2.455 | FAST    |
B_i[1][2][5]   | C_o[1][2][6]   |     5.737 | SLOW    |     2.459 | FAST    |
B_i[1][2][5]   | C_o[1][2][7]   |     5.756 | SLOW    |     2.471 | FAST    |
B_i[1][2][5]   | C_o[2][2][4]   |     5.773 | SLOW    |     2.501 | FAST    |
B_i[1][2][5]   | C_o[2][2][5]   |     5.730 | SLOW    |     2.455 | FAST    |
B_i[1][2][5]   | C_o[2][2][6]   |     5.737 | SLOW    |     2.459 | FAST    |
B_i[1][2][5]   | C_o[2][2][7]   |     5.756 | SLOW    |     2.471 | FAST    |
B_i[1][2][5]   | C_o[3][2][4]   |     5.773 | SLOW    |     2.501 | FAST    |
B_i[1][2][5]   | C_o[3][2][5]   |     5.730 | SLOW    |     2.455 | FAST    |
B_i[1][2][5]   | C_o[3][2][6]   |     5.737 | SLOW    |     2.459 | FAST    |
B_i[1][2][5]   | C_o[3][2][7]   |     5.756 | SLOW    |     2.471 | FAST    |
B_i[1][2][6]   | C_o[0][2][6]   |     5.734 | SLOW    |     2.476 | FAST    |
B_i[1][2][6]   | C_o[0][2][7]   |     5.753 | SLOW    |     2.469 | FAST    |
B_i[1][2][6]   | C_o[1][2][6]   |     5.734 | SLOW    |     2.476 | FAST    |
B_i[1][2][6]   | C_o[1][2][7]   |     5.753 | SLOW    |     2.469 | FAST    |
B_i[1][2][6]   | C_o[2][2][6]   |     5.734 | SLOW    |     2.476 | FAST    |
B_i[1][2][6]   | C_o[2][2][7]   |     5.753 | SLOW    |     2.469 | FAST    |
B_i[1][2][6]   | C_o[3][2][6]   |     5.734 | SLOW    |     2.476 | FAST    |
B_i[1][2][6]   | C_o[3][2][7]   |     5.753 | SLOW    |     2.469 | FAST    |
B_i[1][2][7]   | C_o[0][2][6]   |     5.733 | SLOW    |     2.477 | FAST    |
B_i[1][2][7]   | C_o[0][2][7]   |     5.752 | SLOW    |     2.470 | FAST    |
B_i[1][2][7]   | C_o[1][2][6]   |     5.733 | SLOW    |     2.477 | FAST    |
B_i[1][2][7]   | C_o[1][2][7]   |     5.752 | SLOW    |     2.470 | FAST    |
B_i[1][2][7]   | C_o[2][2][6]   |     5.733 | SLOW    |     2.477 | FAST    |
B_i[1][2][7]   | C_o[2][2][7]   |     5.752 | SLOW    |     2.470 | FAST    |
B_i[1][2][7]   | C_o[3][2][6]   |     5.733 | SLOW    |     2.477 | FAST    |
B_i[1][2][7]   | C_o[3][2][7]   |     5.752 | SLOW    |     2.470 | FAST    |
B_i[1][3][0]   | C_o[0][3][0]   |     5.781 | SLOW    |     2.502 | FAST    |
B_i[1][3][0]   | C_o[0][3][1]   |     5.795 | SLOW    |     2.495 | FAST    |
B_i[1][3][0]   | C_o[0][3][2]   |     5.781 | SLOW    |     2.485 | FAST    |
B_i[1][3][0]   | C_o[0][3][3]   |     5.787 | SLOW    |     2.490 | FAST    |
B_i[1][3][0]   | C_o[0][3][4]   |     5.796 | SLOW    |     2.495 | FAST    |
B_i[1][3][0]   | C_o[0][3][5]   |     5.753 | SLOW    |     2.468 | FAST    |
B_i[1][3][0]   | C_o[0][3][6]   |     5.759 | SLOW    |     2.472 | FAST    |
B_i[1][3][0]   | C_o[0][3][7]   |     5.778 | SLOW    |     2.484 | FAST    |
B_i[1][3][0]   | C_o[1][3][0]   |     5.781 | SLOW    |     2.502 | FAST    |
B_i[1][3][0]   | C_o[1][3][1]   |     5.795 | SLOW    |     2.495 | FAST    |
B_i[1][3][0]   | C_o[1][3][2]   |     5.781 | SLOW    |     2.485 | FAST    |
B_i[1][3][0]   | C_o[1][3][3]   |     5.787 | SLOW    |     2.490 | FAST    |
B_i[1][3][0]   | C_o[1][3][4]   |     5.796 | SLOW    |     2.495 | FAST    |
B_i[1][3][0]   | C_o[1][3][5]   |     5.753 | SLOW    |     2.468 | FAST    |
B_i[1][3][0]   | C_o[1][3][6]   |     5.759 | SLOW    |     2.472 | FAST    |
B_i[1][3][0]   | C_o[1][3][7]   |     5.778 | SLOW    |     2.484 | FAST    |
B_i[1][3][0]   | C_o[2][3][0]   |     5.781 | SLOW    |     2.502 | FAST    |
B_i[1][3][0]   | C_o[2][3][1]   |     5.795 | SLOW    |     2.495 | FAST    |
B_i[1][3][0]   | C_o[2][3][2]   |     5.781 | SLOW    |     2.485 | FAST    |
B_i[1][3][0]   | C_o[2][3][3]   |     5.787 | SLOW    |     2.490 | FAST    |
B_i[1][3][0]   | C_o[2][3][4]   |     5.796 | SLOW    |     2.495 | FAST    |
B_i[1][3][0]   | C_o[2][3][5]   |     5.753 | SLOW    |     2.468 | FAST    |
B_i[1][3][0]   | C_o[2][3][6]   |     5.759 | SLOW    |     2.472 | FAST    |
B_i[1][3][0]   | C_o[2][3][7]   |     5.778 | SLOW    |     2.484 | FAST    |
B_i[1][3][0]   | C_o[3][3][0]   |     5.781 | SLOW    |     2.502 | FAST    |
B_i[1][3][0]   | C_o[3][3][1]   |     5.795 | SLOW    |     2.495 | FAST    |
B_i[1][3][0]   | C_o[3][3][2]   |     5.781 | SLOW    |     2.485 | FAST    |
B_i[1][3][0]   | C_o[3][3][3]   |     5.787 | SLOW    |     2.490 | FAST    |
B_i[1][3][0]   | C_o[3][3][4]   |     5.796 | SLOW    |     2.495 | FAST    |
B_i[1][3][0]   | C_o[3][3][5]   |     5.753 | SLOW    |     2.468 | FAST    |
B_i[1][3][0]   | C_o[3][3][6]   |     5.759 | SLOW    |     2.472 | FAST    |
B_i[1][3][0]   | C_o[3][3][7]   |     5.778 | SLOW    |     2.484 | FAST    |
B_i[1][3][1]   | C_o[0][3][0]   |     5.781 | SLOW    |     2.503 | FAST    |
B_i[1][3][1]   | C_o[0][3][1]   |     5.795 | SLOW    |     2.496 | FAST    |
B_i[1][3][1]   | C_o[0][3][2]   |     5.781 | SLOW    |     2.486 | FAST    |
B_i[1][3][1]   | C_o[0][3][3]   |     5.787 | SLOW    |     2.491 | FAST    |
B_i[1][3][1]   | C_o[0][3][4]   |     5.796 | SLOW    |     2.496 | FAST    |
B_i[1][3][1]   | C_o[0][3][5]   |     5.753 | SLOW    |     2.469 | FAST    |
B_i[1][3][1]   | C_o[0][3][6]   |     5.760 | SLOW    |     2.473 | FAST    |
B_i[1][3][1]   | C_o[0][3][7]   |     5.779 | SLOW    |     2.485 | FAST    |
B_i[1][3][1]   | C_o[1][3][0]   |     5.781 | SLOW    |     2.503 | FAST    |
B_i[1][3][1]   | C_o[1][3][1]   |     5.795 | SLOW    |     2.496 | FAST    |
B_i[1][3][1]   | C_o[1][3][2]   |     5.781 | SLOW    |     2.486 | FAST    |
B_i[1][3][1]   | C_o[1][3][3]   |     5.787 | SLOW    |     2.491 | FAST    |
B_i[1][3][1]   | C_o[1][3][4]   |     5.796 | SLOW    |     2.496 | FAST    |
B_i[1][3][1]   | C_o[1][3][5]   |     5.753 | SLOW    |     2.469 | FAST    |
B_i[1][3][1]   | C_o[1][3][6]   |     5.760 | SLOW    |     2.473 | FAST    |
B_i[1][3][1]   | C_o[1][3][7]   |     5.779 | SLOW    |     2.485 | FAST    |
B_i[1][3][1]   | C_o[2][3][0]   |     5.781 | SLOW    |     2.503 | FAST    |
B_i[1][3][1]   | C_o[2][3][1]   |     5.795 | SLOW    |     2.496 | FAST    |
B_i[1][3][1]   | C_o[2][3][2]   |     5.781 | SLOW    |     2.486 | FAST    |
B_i[1][3][1]   | C_o[2][3][3]   |     5.787 | SLOW    |     2.491 | FAST    |
B_i[1][3][1]   | C_o[2][3][4]   |     5.796 | SLOW    |     2.496 | FAST    |
B_i[1][3][1]   | C_o[2][3][5]   |     5.753 | SLOW    |     2.469 | FAST    |
B_i[1][3][1]   | C_o[2][3][6]   |     5.760 | SLOW    |     2.473 | FAST    |
B_i[1][3][1]   | C_o[2][3][7]   |     5.779 | SLOW    |     2.485 | FAST    |
B_i[1][3][1]   | C_o[3][3][0]   |     5.781 | SLOW    |     2.503 | FAST    |
B_i[1][3][1]   | C_o[3][3][1]   |     5.795 | SLOW    |     2.496 | FAST    |
B_i[1][3][1]   | C_o[3][3][2]   |     5.781 | SLOW    |     2.486 | FAST    |
B_i[1][3][1]   | C_o[3][3][3]   |     5.787 | SLOW    |     2.491 | FAST    |
B_i[1][3][1]   | C_o[3][3][4]   |     5.796 | SLOW    |     2.496 | FAST    |
B_i[1][3][1]   | C_o[3][3][5]   |     5.753 | SLOW    |     2.469 | FAST    |
B_i[1][3][1]   | C_o[3][3][6]   |     5.760 | SLOW    |     2.473 | FAST    |
B_i[1][3][1]   | C_o[3][3][7]   |     5.779 | SLOW    |     2.485 | FAST    |
B_i[1][3][2]   | C_o[0][3][2]   |     5.794 | SLOW    |     2.513 | FAST    |
B_i[1][3][2]   | C_o[0][3][3]   |     5.800 | SLOW    |     2.499 | FAST    |
B_i[1][3][2]   | C_o[0][3][4]   |     5.809 | SLOW    |     2.504 | FAST    |
B_i[1][3][2]   | C_o[0][3][5]   |     5.766 | SLOW    |     2.477 | FAST    |
B_i[1][3][2]   | C_o[0][3][6]   |     5.773 | SLOW    |     2.481 | FAST    |
B_i[1][3][2]   | C_o[0][3][7]   |     5.792 | SLOW    |     2.493 | FAST    |
B_i[1][3][2]   | C_o[1][3][2]   |     5.794 | SLOW    |     2.513 | FAST    |
B_i[1][3][2]   | C_o[1][3][3]   |     5.800 | SLOW    |     2.499 | FAST    |
B_i[1][3][2]   | C_o[1][3][4]   |     5.809 | SLOW    |     2.504 | FAST    |
B_i[1][3][2]   | C_o[1][3][5]   |     5.766 | SLOW    |     2.477 | FAST    |
B_i[1][3][2]   | C_o[1][3][6]   |     5.773 | SLOW    |     2.481 | FAST    |
B_i[1][3][2]   | C_o[1][3][7]   |     5.792 | SLOW    |     2.493 | FAST    |
B_i[1][3][2]   | C_o[2][3][2]   |     5.794 | SLOW    |     2.513 | FAST    |
B_i[1][3][2]   | C_o[2][3][3]   |     5.800 | SLOW    |     2.499 | FAST    |
B_i[1][3][2]   | C_o[2][3][4]   |     5.809 | SLOW    |     2.504 | FAST    |
B_i[1][3][2]   | C_o[2][3][5]   |     5.766 | SLOW    |     2.477 | FAST    |
B_i[1][3][2]   | C_o[2][3][6]   |     5.773 | SLOW    |     2.481 | FAST    |
B_i[1][3][2]   | C_o[2][3][7]   |     5.792 | SLOW    |     2.493 | FAST    |
B_i[1][3][2]   | C_o[3][3][2]   |     5.794 | SLOW    |     2.513 | FAST    |
B_i[1][3][2]   | C_o[3][3][3]   |     5.800 | SLOW    |     2.499 | FAST    |
B_i[1][3][2]   | C_o[3][3][4]   |     5.809 | SLOW    |     2.504 | FAST    |
B_i[1][3][2]   | C_o[3][3][5]   |     5.766 | SLOW    |     2.477 | FAST    |
B_i[1][3][2]   | C_o[3][3][6]   |     5.773 | SLOW    |     2.481 | FAST    |
B_i[1][3][2]   | C_o[3][3][7]   |     5.792 | SLOW    |     2.493 | FAST    |
B_i[1][3][3]   | C_o[0][3][2]   |     5.782 | SLOW    |     2.507 | FAST    |
B_i[1][3][3]   | C_o[0][3][3]   |     5.788 | SLOW    |     2.493 | FAST    |
B_i[1][3][3]   | C_o[0][3][4]   |     5.797 | SLOW    |     2.498 | FAST    |
B_i[1][3][3]   | C_o[0][3][5]   |     5.754 | SLOW    |     2.471 | FAST    |
B_i[1][3][3]   | C_o[0][3][6]   |     5.761 | SLOW    |     2.475 | FAST    |
B_i[1][3][3]   | C_o[0][3][7]   |     5.780 | SLOW    |     2.487 | FAST    |
B_i[1][3][3]   | C_o[1][3][2]   |     5.782 | SLOW    |     2.507 | FAST    |
B_i[1][3][3]   | C_o[1][3][3]   |     5.788 | SLOW    |     2.493 | FAST    |
B_i[1][3][3]   | C_o[1][3][4]   |     5.797 | SLOW    |     2.498 | FAST    |
B_i[1][3][3]   | C_o[1][3][5]   |     5.754 | SLOW    |     2.471 | FAST    |
B_i[1][3][3]   | C_o[1][3][6]   |     5.761 | SLOW    |     2.475 | FAST    |
B_i[1][3][3]   | C_o[1][3][7]   |     5.780 | SLOW    |     2.487 | FAST    |
B_i[1][3][3]   | C_o[2][3][2]   |     5.782 | SLOW    |     2.507 | FAST    |
B_i[1][3][3]   | C_o[2][3][3]   |     5.788 | SLOW    |     2.493 | FAST    |
B_i[1][3][3]   | C_o[2][3][4]   |     5.797 | SLOW    |     2.498 | FAST    |
B_i[1][3][3]   | C_o[2][3][5]   |     5.754 | SLOW    |     2.471 | FAST    |
B_i[1][3][3]   | C_o[2][3][6]   |     5.761 | SLOW    |     2.475 | FAST    |
B_i[1][3][3]   | C_o[2][3][7]   |     5.780 | SLOW    |     2.487 | FAST    |
B_i[1][3][3]   | C_o[3][3][2]   |     5.782 | SLOW    |     2.507 | FAST    |
B_i[1][3][3]   | C_o[3][3][3]   |     5.788 | SLOW    |     2.493 | FAST    |
B_i[1][3][3]   | C_o[3][3][4]   |     5.797 | SLOW    |     2.498 | FAST    |
B_i[1][3][3]   | C_o[3][3][5]   |     5.754 | SLOW    |     2.471 | FAST    |
B_i[1][3][3]   | C_o[3][3][6]   |     5.761 | SLOW    |     2.475 | FAST    |
B_i[1][3][3]   | C_o[3][3][7]   |     5.780 | SLOW    |     2.487 | FAST    |
B_i[1][3][4]   | C_o[0][3][4]   |     5.769 | SLOW    |     2.498 | FAST    |
B_i[1][3][4]   | C_o[0][3][5]   |     5.726 | SLOW    |     2.452 | FAST    |
B_i[1][3][4]   | C_o[0][3][6]   |     5.733 | SLOW    |     2.456 | FAST    |
B_i[1][3][4]   | C_o[0][3][7]   |     5.752 | SLOW    |     2.468 | FAST    |
B_i[1][3][4]   | C_o[1][3][4]   |     5.769 | SLOW    |     2.498 | FAST    |
B_i[1][3][4]   | C_o[1][3][5]   |     5.726 | SLOW    |     2.452 | FAST    |
B_i[1][3][4]   | C_o[1][3][6]   |     5.733 | SLOW    |     2.456 | FAST    |
B_i[1][3][4]   | C_o[1][3][7]   |     5.752 | SLOW    |     2.468 | FAST    |
B_i[1][3][4]   | C_o[2][3][4]   |     5.769 | SLOW    |     2.498 | FAST    |
B_i[1][3][4]   | C_o[2][3][5]   |     5.726 | SLOW    |     2.452 | FAST    |
B_i[1][3][4]   | C_o[2][3][6]   |     5.733 | SLOW    |     2.456 | FAST    |
B_i[1][3][4]   | C_o[2][3][7]   |     5.752 | SLOW    |     2.468 | FAST    |
B_i[1][3][4]   | C_o[3][3][4]   |     5.769 | SLOW    |     2.498 | FAST    |
B_i[1][3][4]   | C_o[3][3][5]   |     5.726 | SLOW    |     2.452 | FAST    |
B_i[1][3][4]   | C_o[3][3][6]   |     5.733 | SLOW    |     2.456 | FAST    |
B_i[1][3][4]   | C_o[3][3][7]   |     5.752 | SLOW    |     2.468 | FAST    |
B_i[1][3][5]   | C_o[0][3][4]   |     5.773 | SLOW    |     2.501 | FAST    |
B_i[1][3][5]   | C_o[0][3][5]   |     5.730 | SLOW    |     2.455 | FAST    |
B_i[1][3][5]   | C_o[0][3][6]   |     5.737 | SLOW    |     2.459 | FAST    |
B_i[1][3][5]   | C_o[0][3][7]   |     5.756 | SLOW    |     2.471 | FAST    |
B_i[1][3][5]   | C_o[1][3][4]   |     5.773 | SLOW    |     2.501 | FAST    |
B_i[1][3][5]   | C_o[1][3][5]   |     5.730 | SLOW    |     2.455 | FAST    |
B_i[1][3][5]   | C_o[1][3][6]   |     5.737 | SLOW    |     2.459 | FAST    |
B_i[1][3][5]   | C_o[1][3][7]   |     5.756 | SLOW    |     2.471 | FAST    |
B_i[1][3][5]   | C_o[2][3][4]   |     5.773 | SLOW    |     2.501 | FAST    |
B_i[1][3][5]   | C_o[2][3][5]   |     5.730 | SLOW    |     2.455 | FAST    |
B_i[1][3][5]   | C_o[2][3][6]   |     5.737 | SLOW    |     2.459 | FAST    |
B_i[1][3][5]   | C_o[2][3][7]   |     5.756 | SLOW    |     2.471 | FAST    |
B_i[1][3][5]   | C_o[3][3][4]   |     5.773 | SLOW    |     2.501 | FAST    |
B_i[1][3][5]   | C_o[3][3][5]   |     5.730 | SLOW    |     2.455 | FAST    |
B_i[1][3][5]   | C_o[3][3][6]   |     5.737 | SLOW    |     2.459 | FAST    |
B_i[1][3][5]   | C_o[3][3][7]   |     5.756 | SLOW    |     2.471 | FAST    |
B_i[1][3][6]   | C_o[0][3][6]   |     5.734 | SLOW    |     2.476 | FAST    |
B_i[1][3][6]   | C_o[0][3][7]   |     5.753 | SLOW    |     2.469 | FAST    |
B_i[1][3][6]   | C_o[1][3][6]   |     5.734 | SLOW    |     2.476 | FAST    |
B_i[1][3][6]   | C_o[1][3][7]   |     5.753 | SLOW    |     2.469 | FAST    |
B_i[1][3][6]   | C_o[2][3][6]   |     5.734 | SLOW    |     2.476 | FAST    |
B_i[1][3][6]   | C_o[2][3][7]   |     5.753 | SLOW    |     2.469 | FAST    |
B_i[1][3][6]   | C_o[3][3][6]   |     5.734 | SLOW    |     2.476 | FAST    |
B_i[1][3][6]   | C_o[3][3][7]   |     5.753 | SLOW    |     2.469 | FAST    |
B_i[1][3][7]   | C_o[0][3][6]   |     5.733 | SLOW    |     2.477 | FAST    |
B_i[1][3][7]   | C_o[0][3][7]   |     5.752 | SLOW    |     2.470 | FAST    |
B_i[1][3][7]   | C_o[1][3][6]   |     5.733 | SLOW    |     2.477 | FAST    |
B_i[1][3][7]   | C_o[1][3][7]   |     5.752 | SLOW    |     2.470 | FAST    |
B_i[1][3][7]   | C_o[2][3][6]   |     5.733 | SLOW    |     2.477 | FAST    |
B_i[1][3][7]   | C_o[2][3][7]   |     5.752 | SLOW    |     2.470 | FAST    |
B_i[1][3][7]   | C_o[3][3][6]   |     5.733 | SLOW    |     2.477 | FAST    |
B_i[1][3][7]   | C_o[3][3][7]   |     5.752 | SLOW    |     2.470 | FAST    |
S_A_i[0][0][0] | S_C_o[0][0][0] |     4.261 | SLOW    |     2.209 | FAST    |
S_A_i[0][0][0] | S_C_o[0][0][1] |     4.278 | SLOW    |     2.215 | FAST    |
S_A_i[0][0][0] | S_C_o[0][0][2] |     4.288 | SLOW    |     2.218 | FAST    |
S_A_i[0][0][0] | S_C_o[0][0][3] |     4.468 | SLOW    |     2.315 | FAST    |
S_A_i[0][0][0] | S_C_o[0][0][4] |     4.490 | SLOW    |     2.329 | FAST    |
S_A_i[0][0][0] | S_C_o[0][0][5] |     4.555 | SLOW    |     2.366 | FAST    |
S_A_i[0][0][0] | S_C_o[0][0][6] |     4.712 | SLOW    |     2.452 | FAST    |
S_A_i[0][0][0] | S_C_o[0][0][7] |     4.777 | SLOW    |     2.489 | FAST    |
S_A_i[0][0][0] | S_C_o[0][1][0] |     4.261 | SLOW    |     2.209 | FAST    |
S_A_i[0][0][0] | S_C_o[0][1][1] |     4.278 | SLOW    |     2.215 | FAST    |
S_A_i[0][0][0] | S_C_o[0][1][2] |     4.288 | SLOW    |     2.218 | FAST    |
S_A_i[0][0][0] | S_C_o[0][1][3] |     4.468 | SLOW    |     2.315 | FAST    |
S_A_i[0][0][0] | S_C_o[0][1][4] |     4.490 | SLOW    |     2.329 | FAST    |
S_A_i[0][0][0] | S_C_o[0][1][5] |     4.555 | SLOW    |     2.366 | FAST    |
S_A_i[0][0][0] | S_C_o[0][1][6] |     4.712 | SLOW    |     2.452 | FAST    |
S_A_i[0][0][0] | S_C_o[0][1][7] |     4.777 | SLOW    |     2.489 | FAST    |
S_A_i[0][0][0] | S_C_o[0][2][0] |     4.261 | SLOW    |     2.209 | FAST    |
S_A_i[0][0][0] | S_C_o[0][2][1] |     4.278 | SLOW    |     2.215 | FAST    |
S_A_i[0][0][0] | S_C_o[0][2][2] |     4.288 | SLOW    |     2.218 | FAST    |
S_A_i[0][0][0] | S_C_o[0][2][3] |     4.468 | SLOW    |     2.315 | FAST    |
S_A_i[0][0][0] | S_C_o[0][2][4] |     4.490 | SLOW    |     2.329 | FAST    |
S_A_i[0][0][0] | S_C_o[0][2][5] |     4.555 | SLOW    |     2.366 | FAST    |
S_A_i[0][0][0] | S_C_o[0][2][6] |     4.712 | SLOW    |     2.452 | FAST    |
S_A_i[0][0][0] | S_C_o[0][2][7] |     4.777 | SLOW    |     2.489 | FAST    |
S_A_i[0][0][0] | S_C_o[0][3][0] |     4.261 | SLOW    |     2.209 | FAST    |
S_A_i[0][0][0] | S_C_o[0][3][1] |     4.278 | SLOW    |     2.215 | FAST    |
S_A_i[0][0][0] | S_C_o[0][3][2] |     4.288 | SLOW    |     2.218 | FAST    |
S_A_i[0][0][0] | S_C_o[0][3][3] |     4.468 | SLOW    |     2.315 | FAST    |
S_A_i[0][0][0] | S_C_o[0][3][4] |     4.490 | SLOW    |     2.329 | FAST    |
S_A_i[0][0][0] | S_C_o[0][3][5] |     4.555 | SLOW    |     2.366 | FAST    |
S_A_i[0][0][0] | S_C_o[0][3][6] |     4.712 | SLOW    |     2.452 | FAST    |
S_A_i[0][0][0] | S_C_o[0][3][7] |     4.777 | SLOW    |     2.489 | FAST    |
S_A_i[0][0][1] | S_C_o[0][0][1] |     4.286 | SLOW    |     2.226 | FAST    |
S_A_i[0][0][1] | S_C_o[0][0][2] |     4.282 | SLOW    |     2.215 | FAST    |
S_A_i[0][0][1] | S_C_o[0][0][3] |     4.467 | SLOW    |     2.320 | FAST    |
S_A_i[0][0][1] | S_C_o[0][0][4] |     4.489 | SLOW    |     2.334 | FAST    |
S_A_i[0][0][1] | S_C_o[0][0][5] |     4.554 | SLOW    |     2.371 | FAST    |
S_A_i[0][0][1] | S_C_o[0][0][6] |     4.711 | SLOW    |     2.457 | FAST    |
S_A_i[0][0][1] | S_C_o[0][0][7] |     4.776 | SLOW    |     2.494 | FAST    |
S_A_i[0][0][1] | S_C_o[0][1][1] |     4.286 | SLOW    |     2.226 | FAST    |
S_A_i[0][0][1] | S_C_o[0][1][2] |     4.282 | SLOW    |     2.215 | FAST    |
S_A_i[0][0][1] | S_C_o[0][1][3] |     4.467 | SLOW    |     2.320 | FAST    |
S_A_i[0][0][1] | S_C_o[0][1][4] |     4.489 | SLOW    |     2.334 | FAST    |
S_A_i[0][0][1] | S_C_o[0][1][5] |     4.554 | SLOW    |     2.371 | FAST    |
S_A_i[0][0][1] | S_C_o[0][1][6] |     4.711 | SLOW    |     2.457 | FAST    |
S_A_i[0][0][1] | S_C_o[0][1][7] |     4.776 | SLOW    |     2.494 | FAST    |
S_A_i[0][0][1] | S_C_o[0][2][1] |     4.286 | SLOW    |     2.226 | FAST    |
S_A_i[0][0][1] | S_C_o[0][2][2] |     4.282 | SLOW    |     2.215 | FAST    |
S_A_i[0][0][1] | S_C_o[0][2][3] |     4.467 | SLOW    |     2.320 | FAST    |
S_A_i[0][0][1] | S_C_o[0][2][4] |     4.489 | SLOW    |     2.334 | FAST    |
S_A_i[0][0][1] | S_C_o[0][2][5] |     4.554 | SLOW    |     2.371 | FAST    |
S_A_i[0][0][1] | S_C_o[0][2][6] |     4.711 | SLOW    |     2.457 | FAST    |
S_A_i[0][0][1] | S_C_o[0][2][7] |     4.776 | SLOW    |     2.494 | FAST    |
S_A_i[0][0][1] | S_C_o[0][3][1] |     4.286 | SLOW    |     2.226 | FAST    |
S_A_i[0][0][1] | S_C_o[0][3][2] |     4.282 | SLOW    |     2.215 | FAST    |
S_A_i[0][0][1] | S_C_o[0][3][3] |     4.467 | SLOW    |     2.320 | FAST    |
S_A_i[0][0][1] | S_C_o[0][3][4] |     4.489 | SLOW    |     2.334 | FAST    |
S_A_i[0][0][1] | S_C_o[0][3][5] |     4.554 | SLOW    |     2.371 | FAST    |
S_A_i[0][0][1] | S_C_o[0][3][6] |     4.711 | SLOW    |     2.457 | FAST    |
S_A_i[0][0][1] | S_C_o[0][3][7] |     4.776 | SLOW    |     2.494 | FAST    |
S_A_i[0][0][2] | S_C_o[0][0][2] |     4.246 | SLOW    |     2.201 | FAST    |
S_A_i[0][0][2] | S_C_o[0][0][3] |     4.485 | SLOW    |     2.324 | FAST    |
S_A_i[0][0][2] | S_C_o[0][0][4] |     4.507 | SLOW    |     2.338 | FAST    |
S_A_i[0][0][2] | S_C_o[0][0][5] |     4.572 | SLOW    |     2.375 | FAST    |
S_A_i[0][0][2] | S_C_o[0][0][6] |     4.729 | SLOW    |     2.461 | FAST    |
S_A_i[0][0][2] | S_C_o[0][0][7] |     4.794 | SLOW    |     2.498 | FAST    |
S_A_i[0][0][2] | S_C_o[0][1][2] |     4.246 | SLOW    |     2.201 | FAST    |
S_A_i[0][0][2] | S_C_o[0][1][3] |     4.485 | SLOW    |     2.324 | FAST    |
S_A_i[0][0][2] | S_C_o[0][1][4] |     4.507 | SLOW    |     2.338 | FAST    |
S_A_i[0][0][2] | S_C_o[0][1][5] |     4.572 | SLOW    |     2.375 | FAST    |
S_A_i[0][0][2] | S_C_o[0][1][6] |     4.729 | SLOW    |     2.461 | FAST    |
S_A_i[0][0][2] | S_C_o[0][1][7] |     4.794 | SLOW    |     2.498 | FAST    |
S_A_i[0][0][2] | S_C_o[0][2][2] |     4.246 | SLOW    |     2.201 | FAST    |
S_A_i[0][0][2] | S_C_o[0][2][3] |     4.485 | SLOW    |     2.324 | FAST    |
S_A_i[0][0][2] | S_C_o[0][2][4] |     4.507 | SLOW    |     2.338 | FAST    |
S_A_i[0][0][2] | S_C_o[0][2][5] |     4.572 | SLOW    |     2.375 | FAST    |
S_A_i[0][0][2] | S_C_o[0][2][6] |     4.729 | SLOW    |     2.461 | FAST    |
S_A_i[0][0][2] | S_C_o[0][2][7] |     4.794 | SLOW    |     2.498 | FAST    |
S_A_i[0][0][2] | S_C_o[0][3][2] |     4.246 | SLOW    |     2.201 | FAST    |
S_A_i[0][0][2] | S_C_o[0][3][3] |     4.485 | SLOW    |     2.324 | FAST    |
S_A_i[0][0][2] | S_C_o[0][3][4] |     4.507 | SLOW    |     2.338 | FAST    |
S_A_i[0][0][2] | S_C_o[0][3][5] |     4.572 | SLOW    |     2.375 | FAST    |
S_A_i[0][0][2] | S_C_o[0][3][6] |     4.729 | SLOW    |     2.461 | FAST    |
S_A_i[0][0][2] | S_C_o[0][3][7] |     4.794 | SLOW    |     2.498 | FAST    |
S_A_i[0][0][3] | S_C_o[0][0][3] |     4.261 | SLOW    |     2.209 | FAST    |
S_A_i[0][0][3] | S_C_o[0][0][4] |     4.278 | SLOW    |     2.215 | FAST    |
S_A_i[0][0][3] | S_C_o[0][0][5] |     4.256 | SLOW    |     2.201 | FAST    |
S_A_i[0][0][3] | S_C_o[0][0][6] |     4.514 | SLOW    |     2.352 | FAST    |
S_A_i[0][0][3] | S_C_o[0][0][7] |     4.579 | SLOW    |     2.389 | FAST    |
S_A_i[0][0][3] | S_C_o[0][1][3] |     4.261 | SLOW    |     2.209 | FAST    |
S_A_i[0][0][3] | S_C_o[0][1][4] |     4.278 | SLOW    |     2.215 | FAST    |
S_A_i[0][0][3] | S_C_o[0][1][5] |     4.256 | SLOW    |     2.201 | FAST    |
S_A_i[0][0][3] | S_C_o[0][1][6] |     4.514 | SLOW    |     2.352 | FAST    |
S_A_i[0][0][3] | S_C_o[0][1][7] |     4.579 | SLOW    |     2.389 | FAST    |
S_A_i[0][0][3] | S_C_o[0][2][3] |     4.261 | SLOW    |     2.209 | FAST    |
S_A_i[0][0][3] | S_C_o[0][2][4] |     4.278 | SLOW    |     2.215 | FAST    |
S_A_i[0][0][3] | S_C_o[0][2][5] |     4.256 | SLOW    |     2.201 | FAST    |
S_A_i[0][0][3] | S_C_o[0][2][6] |     4.514 | SLOW    |     2.352 | FAST    |
S_A_i[0][0][3] | S_C_o[0][2][7] |     4.579 | SLOW    |     2.389 | FAST    |
S_A_i[0][0][3] | S_C_o[0][3][3] |     4.261 | SLOW    |     2.209 | FAST    |
S_A_i[0][0][3] | S_C_o[0][3][4] |     4.278 | SLOW    |     2.215 | FAST    |
S_A_i[0][0][3] | S_C_o[0][3][5] |     4.256 | SLOW    |     2.201 | FAST    |
S_A_i[0][0][3] | S_C_o[0][3][6] |     4.514 | SLOW    |     2.352 | FAST    |
S_A_i[0][0][3] | S_C_o[0][3][7] |     4.579 | SLOW    |     2.389 | FAST    |
S_A_i[0][0][4] | S_C_o[0][0][4] |     4.286 | SLOW    |     2.226 | FAST    |
S_A_i[0][0][4] | S_C_o[0][0][5] |     4.282 | SLOW    |     2.215 | FAST    |
S_A_i[0][0][4] | S_C_o[0][0][6] |     4.494 | SLOW    |     2.335 | FAST    |
S_A_i[0][0][4] | S_C_o[0][0][7] |     4.559 | SLOW    |     2.372 | FAST    |
S_A_i[0][0][4] | S_C_o[0][1][4] |     4.286 | SLOW    |     2.226 | FAST    |
S_A_i[0][0][4] | S_C_o[0][1][5] |     4.282 | SLOW    |     2.215 | FAST    |
S_A_i[0][0][4] | S_C_o[0][1][6] |     4.494 | SLOW    |     2.335 | FAST    |
S_A_i[0][0][4] | S_C_o[0][1][7] |     4.559 | SLOW    |     2.372 | FAST    |
S_A_i[0][0][4] | S_C_o[0][2][4] |     4.286 | SLOW    |     2.226 | FAST    |
S_A_i[0][0][4] | S_C_o[0][2][5] |     4.282 | SLOW    |     2.215 | FAST    |
S_A_i[0][0][4] | S_C_o[0][2][6] |     4.494 | SLOW    |     2.335 | FAST    |
S_A_i[0][0][4] | S_C_o[0][2][7] |     4.559 | SLOW    |     2.372 | FAST    |
S_A_i[0][0][4] | S_C_o[0][3][4] |     4.286 | SLOW    |     2.226 | FAST    |
S_A_i[0][0][4] | S_C_o[0][3][5] |     4.282 | SLOW    |     2.215 | FAST    |
S_A_i[0][0][4] | S_C_o[0][3][6] |     4.494 | SLOW    |     2.335 | FAST    |
S_A_i[0][0][4] | S_C_o[0][3][7] |     4.559 | SLOW    |     2.372 | FAST    |
S_A_i[0][0][5] | S_C_o[0][0][5] |     4.453 | SLOW    |     2.319 | FAST    |
S_A_i[0][0][5] | S_C_o[0][0][6] |     4.272 | SLOW    |     2.212 | FAST    |
S_A_i[0][0][5] | S_C_o[0][0][7] |     4.282 | SLOW    |     2.215 | FAST    |
S_A_i[0][0][5] | S_C_o[0][1][5] |     4.453 | SLOW    |     2.319 | FAST    |
S_A_i[0][0][5] | S_C_o[0][1][6] |     4.272 | SLOW    |     2.212 | FAST    |
S_A_i[0][0][5] | S_C_o[0][1][7] |     4.282 | SLOW    |     2.215 | FAST    |
S_A_i[0][0][5] | S_C_o[0][2][5] |     4.453 | SLOW    |     2.319 | FAST    |
S_A_i[0][0][5] | S_C_o[0][2][6] |     4.272 | SLOW    |     2.212 | FAST    |
S_A_i[0][0][5] | S_C_o[0][2][7] |     4.282 | SLOW    |     2.215 | FAST    |
S_A_i[0][0][5] | S_C_o[0][3][5] |     4.453 | SLOW    |     2.319 | FAST    |
S_A_i[0][0][5] | S_C_o[0][3][6] |     4.272 | SLOW    |     2.212 | FAST    |
S_A_i[0][0][5] | S_C_o[0][3][7] |     4.282 | SLOW    |     2.215 | FAST    |
S_A_i[0][0][6] | S_C_o[0][0][6] |     4.277 | SLOW    |     2.221 | FAST    |
S_A_i[0][0][6] | S_C_o[0][0][7] |     4.241 | SLOW    |     2.193 | FAST    |
S_A_i[0][0][6] | S_C_o[0][1][6] |     4.277 | SLOW    |     2.221 | FAST    |
S_A_i[0][0][6] | S_C_o[0][1][7] |     4.241 | SLOW    |     2.193 | FAST    |
S_A_i[0][0][6] | S_C_o[0][2][6] |     4.277 | SLOW    |     2.221 | FAST    |
S_A_i[0][0][6] | S_C_o[0][2][7] |     4.241 | SLOW    |     2.193 | FAST    |
S_A_i[0][0][6] | S_C_o[0][3][6] |     4.277 | SLOW    |     2.221 | FAST    |
S_A_i[0][0][6] | S_C_o[0][3][7] |     4.241 | SLOW    |     2.193 | FAST    |
S_A_i[0][0][7] | S_C_o[0][0][7] |     4.428 | SLOW    |     2.306 | FAST    |
S_A_i[0][0][7] | S_C_o[0][1][7] |     4.459 | SLOW    |     2.326 | FAST    |
S_A_i[0][0][7] | S_C_o[0][2][7] |     4.428 | SLOW    |     2.306 | FAST    |
S_A_i[0][0][7] | S_C_o[0][3][7] |     4.459 | SLOW    |     2.326 | FAST    |
S_A_i[1][0][0] | S_C_o[1][0][0] |     4.261 | SLOW    |     2.209 | FAST    |
S_A_i[1][0][0] | S_C_o[1][0][1] |     4.278 | SLOW    |     2.215 | FAST    |
S_A_i[1][0][0] | S_C_o[1][0][2] |     4.288 | SLOW    |     2.218 | FAST    |
S_A_i[1][0][0] | S_C_o[1][0][3] |     4.468 | SLOW    |     2.315 | FAST    |
S_A_i[1][0][0] | S_C_o[1][0][4] |     4.490 | SLOW    |     2.329 | FAST    |
S_A_i[1][0][0] | S_C_o[1][0][5] |     4.555 | SLOW    |     2.366 | FAST    |
S_A_i[1][0][0] | S_C_o[1][0][6] |     4.712 | SLOW    |     2.452 | FAST    |
S_A_i[1][0][0] | S_C_o[1][0][7] |     4.777 | SLOW    |     2.489 | FAST    |
S_A_i[1][0][0] | S_C_o[1][1][0] |     4.261 | SLOW    |     2.209 | FAST    |
S_A_i[1][0][0] | S_C_o[1][1][1] |     4.278 | SLOW    |     2.215 | FAST    |
S_A_i[1][0][0] | S_C_o[1][1][2] |     4.288 | SLOW    |     2.218 | FAST    |
S_A_i[1][0][0] | S_C_o[1][1][3] |     4.468 | SLOW    |     2.315 | FAST    |
S_A_i[1][0][0] | S_C_o[1][1][4] |     4.490 | SLOW    |     2.329 | FAST    |
S_A_i[1][0][0] | S_C_o[1][1][5] |     4.555 | SLOW    |     2.366 | FAST    |
S_A_i[1][0][0] | S_C_o[1][1][6] |     4.712 | SLOW    |     2.452 | FAST    |
S_A_i[1][0][0] | S_C_o[1][1][7] |     4.777 | SLOW    |     2.489 | FAST    |
S_A_i[1][0][0] | S_C_o[1][2][0] |     4.261 | SLOW    |     2.209 | FAST    |
S_A_i[1][0][0] | S_C_o[1][2][1] |     4.278 | SLOW    |     2.215 | FAST    |
S_A_i[1][0][0] | S_C_o[1][2][2] |     4.288 | SLOW    |     2.218 | FAST    |
S_A_i[1][0][0] | S_C_o[1][2][3] |     4.468 | SLOW    |     2.315 | FAST    |
S_A_i[1][0][0] | S_C_o[1][2][4] |     4.490 | SLOW    |     2.329 | FAST    |
S_A_i[1][0][0] | S_C_o[1][2][5] |     4.555 | SLOW    |     2.366 | FAST    |
S_A_i[1][0][0] | S_C_o[1][2][6] |     4.712 | SLOW    |     2.452 | FAST    |
S_A_i[1][0][0] | S_C_o[1][2][7] |     4.777 | SLOW    |     2.489 | FAST    |
S_A_i[1][0][0] | S_C_o[1][3][0] |     4.261 | SLOW    |     2.209 | FAST    |
S_A_i[1][0][0] | S_C_o[1][3][1] |     4.278 | SLOW    |     2.215 | FAST    |
S_A_i[1][0][0] | S_C_o[1][3][2] |     4.288 | SLOW    |     2.218 | FAST    |
S_A_i[1][0][0] | S_C_o[1][3][3] |     4.468 | SLOW    |     2.315 | FAST    |
S_A_i[1][0][0] | S_C_o[1][3][4] |     4.490 | SLOW    |     2.329 | FAST    |
S_A_i[1][0][0] | S_C_o[1][3][5] |     4.555 | SLOW    |     2.366 | FAST    |
S_A_i[1][0][0] | S_C_o[1][3][6] |     4.712 | SLOW    |     2.452 | FAST    |
S_A_i[1][0][0] | S_C_o[1][3][7] |     4.777 | SLOW    |     2.489 | FAST    |
S_A_i[1][0][1] | S_C_o[1][0][1] |     4.286 | SLOW    |     2.226 | FAST    |
S_A_i[1][0][1] | S_C_o[1][0][2] |     4.282 | SLOW    |     2.215 | FAST    |
S_A_i[1][0][1] | S_C_o[1][0][3] |     4.467 | SLOW    |     2.320 | FAST    |
S_A_i[1][0][1] | S_C_o[1][0][4] |     4.489 | SLOW    |     2.334 | FAST    |
S_A_i[1][0][1] | S_C_o[1][0][5] |     4.554 | SLOW    |     2.371 | FAST    |
S_A_i[1][0][1] | S_C_o[1][0][6] |     4.711 | SLOW    |     2.457 | FAST    |
S_A_i[1][0][1] | S_C_o[1][0][7] |     4.776 | SLOW    |     2.494 | FAST    |
S_A_i[1][0][1] | S_C_o[1][1][1] |     4.286 | SLOW    |     2.226 | FAST    |
S_A_i[1][0][1] | S_C_o[1][1][2] |     4.282 | SLOW    |     2.215 | FAST    |
S_A_i[1][0][1] | S_C_o[1][1][3] |     4.467 | SLOW    |     2.320 | FAST    |
S_A_i[1][0][1] | S_C_o[1][1][4] |     4.489 | SLOW    |     2.334 | FAST    |
S_A_i[1][0][1] | S_C_o[1][1][5] |     4.554 | SLOW    |     2.371 | FAST    |
S_A_i[1][0][1] | S_C_o[1][1][6] |     4.711 | SLOW    |     2.457 | FAST    |
S_A_i[1][0][1] | S_C_o[1][1][7] |     4.776 | SLOW    |     2.494 | FAST    |
S_A_i[1][0][1] | S_C_o[1][2][1] |     4.286 | SLOW    |     2.226 | FAST    |
S_A_i[1][0][1] | S_C_o[1][2][2] |     4.282 | SLOW    |     2.215 | FAST    |
S_A_i[1][0][1] | S_C_o[1][2][3] |     4.467 | SLOW    |     2.320 | FAST    |
S_A_i[1][0][1] | S_C_o[1][2][4] |     4.489 | SLOW    |     2.334 | FAST    |
S_A_i[1][0][1] | S_C_o[1][2][5] |     4.554 | SLOW    |     2.371 | FAST    |
S_A_i[1][0][1] | S_C_o[1][2][6] |     4.711 | SLOW    |     2.457 | FAST    |
S_A_i[1][0][1] | S_C_o[1][2][7] |     4.776 | SLOW    |     2.494 | FAST    |
S_A_i[1][0][1] | S_C_o[1][3][1] |     4.286 | SLOW    |     2.226 | FAST    |
S_A_i[1][0][1] | S_C_o[1][3][2] |     4.282 | SLOW    |     2.215 | FAST    |
S_A_i[1][0][1] | S_C_o[1][3][3] |     4.467 | SLOW    |     2.320 | FAST    |
S_A_i[1][0][1] | S_C_o[1][3][4] |     4.489 | SLOW    |     2.334 | FAST    |
S_A_i[1][0][1] | S_C_o[1][3][5] |     4.554 | SLOW    |     2.371 | FAST    |
S_A_i[1][0][1] | S_C_o[1][3][6] |     4.711 | SLOW    |     2.457 | FAST    |
S_A_i[1][0][1] | S_C_o[1][3][7] |     4.776 | SLOW    |     2.494 | FAST    |
S_A_i[1][0][2] | S_C_o[1][0][2] |     4.246 | SLOW    |     2.201 | FAST    |
S_A_i[1][0][2] | S_C_o[1][0][3] |     4.485 | SLOW    |     2.324 | FAST    |
S_A_i[1][0][2] | S_C_o[1][0][4] |     4.507 | SLOW    |     2.338 | FAST    |
S_A_i[1][0][2] | S_C_o[1][0][5] |     4.572 | SLOW    |     2.375 | FAST    |
S_A_i[1][0][2] | S_C_o[1][0][6] |     4.729 | SLOW    |     2.461 | FAST    |
S_A_i[1][0][2] | S_C_o[1][0][7] |     4.794 | SLOW    |     2.498 | FAST    |
S_A_i[1][0][2] | S_C_o[1][1][2] |     4.246 | SLOW    |     2.201 | FAST    |
S_A_i[1][0][2] | S_C_o[1][1][3] |     4.485 | SLOW    |     2.324 | FAST    |
S_A_i[1][0][2] | S_C_o[1][1][4] |     4.507 | SLOW    |     2.338 | FAST    |
S_A_i[1][0][2] | S_C_o[1][1][5] |     4.572 | SLOW    |     2.375 | FAST    |
S_A_i[1][0][2] | S_C_o[1][1][6] |     4.729 | SLOW    |     2.461 | FAST    |
S_A_i[1][0][2] | S_C_o[1][1][7] |     4.794 | SLOW    |     2.498 | FAST    |
S_A_i[1][0][2] | S_C_o[1][2][2] |     4.246 | SLOW    |     2.201 | FAST    |
S_A_i[1][0][2] | S_C_o[1][2][3] |     4.485 | SLOW    |     2.324 | FAST    |
S_A_i[1][0][2] | S_C_o[1][2][4] |     4.507 | SLOW    |     2.338 | FAST    |
S_A_i[1][0][2] | S_C_o[1][2][5] |     4.572 | SLOW    |     2.375 | FAST    |
S_A_i[1][0][2] | S_C_o[1][2][6] |     4.729 | SLOW    |     2.461 | FAST    |
S_A_i[1][0][2] | S_C_o[1][2][7] |     4.794 | SLOW    |     2.498 | FAST    |
S_A_i[1][0][2] | S_C_o[1][3][2] |     4.246 | SLOW    |     2.201 | FAST    |
S_A_i[1][0][2] | S_C_o[1][3][3] |     4.485 | SLOW    |     2.324 | FAST    |
S_A_i[1][0][2] | S_C_o[1][3][4] |     4.507 | SLOW    |     2.338 | FAST    |
S_A_i[1][0][2] | S_C_o[1][3][5] |     4.572 | SLOW    |     2.375 | FAST    |
S_A_i[1][0][2] | S_C_o[1][3][6] |     4.729 | SLOW    |     2.461 | FAST    |
S_A_i[1][0][2] | S_C_o[1][3][7] |     4.794 | SLOW    |     2.498 | FAST    |
S_A_i[1][0][3] | S_C_o[1][0][3] |     4.261 | SLOW    |     2.209 | FAST    |
S_A_i[1][0][3] | S_C_o[1][0][4] |     4.278 | SLOW    |     2.215 | FAST    |
S_A_i[1][0][3] | S_C_o[1][0][5] |     4.256 | SLOW    |     2.201 | FAST    |
S_A_i[1][0][3] | S_C_o[1][0][6] |     4.514 | SLOW    |     2.352 | FAST    |
S_A_i[1][0][3] | S_C_o[1][0][7] |     4.579 | SLOW    |     2.389 | FAST    |
S_A_i[1][0][3] | S_C_o[1][1][3] |     4.261 | SLOW    |     2.209 | FAST    |
S_A_i[1][0][3] | S_C_o[1][1][4] |     4.278 | SLOW    |     2.215 | FAST    |
S_A_i[1][0][3] | S_C_o[1][1][5] |     4.256 | SLOW    |     2.201 | FAST    |
S_A_i[1][0][3] | S_C_o[1][1][6] |     4.514 | SLOW    |     2.352 | FAST    |
S_A_i[1][0][3] | S_C_o[1][1][7] |     4.579 | SLOW    |     2.389 | FAST    |
S_A_i[1][0][3] | S_C_o[1][2][3] |     4.261 | SLOW    |     2.209 | FAST    |
S_A_i[1][0][3] | S_C_o[1][2][4] |     4.278 | SLOW    |     2.215 | FAST    |
S_A_i[1][0][3] | S_C_o[1][2][5] |     4.256 | SLOW    |     2.201 | FAST    |
S_A_i[1][0][3] | S_C_o[1][2][6] |     4.514 | SLOW    |     2.352 | FAST    |
S_A_i[1][0][3] | S_C_o[1][2][7] |     4.579 | SLOW    |     2.389 | FAST    |
S_A_i[1][0][3] | S_C_o[1][3][3] |     4.261 | SLOW    |     2.209 | FAST    |
S_A_i[1][0][3] | S_C_o[1][3][4] |     4.278 | SLOW    |     2.215 | FAST    |
S_A_i[1][0][3] | S_C_o[1][3][5] |     4.256 | SLOW    |     2.201 | FAST    |
S_A_i[1][0][3] | S_C_o[1][3][6] |     4.514 | SLOW    |     2.352 | FAST    |
S_A_i[1][0][3] | S_C_o[1][3][7] |     4.579 | SLOW    |     2.389 | FAST    |
S_A_i[1][0][4] | S_C_o[1][0][4] |     4.286 | SLOW    |     2.226 | FAST    |
S_A_i[1][0][4] | S_C_o[1][0][5] |     4.282 | SLOW    |     2.215 | FAST    |
S_A_i[1][0][4] | S_C_o[1][0][6] |     4.494 | SLOW    |     2.335 | FAST    |
S_A_i[1][0][4] | S_C_o[1][0][7] |     4.559 | SLOW    |     2.372 | FAST    |
S_A_i[1][0][4] | S_C_o[1][1][4] |     4.286 | SLOW    |     2.226 | FAST    |
S_A_i[1][0][4] | S_C_o[1][1][5] |     4.282 | SLOW    |     2.215 | FAST    |
S_A_i[1][0][4] | S_C_o[1][1][6] |     4.494 | SLOW    |     2.335 | FAST    |
S_A_i[1][0][4] | S_C_o[1][1][7] |     4.559 | SLOW    |     2.372 | FAST    |
S_A_i[1][0][4] | S_C_o[1][2][4] |     4.286 | SLOW    |     2.226 | FAST    |
S_A_i[1][0][4] | S_C_o[1][2][5] |     4.282 | SLOW    |     2.215 | FAST    |
S_A_i[1][0][4] | S_C_o[1][2][6] |     4.494 | SLOW    |     2.335 | FAST    |
S_A_i[1][0][4] | S_C_o[1][2][7] |     4.559 | SLOW    |     2.372 | FAST    |
S_A_i[1][0][4] | S_C_o[1][3][4] |     4.286 | SLOW    |     2.226 | FAST    |
S_A_i[1][0][4] | S_C_o[1][3][5] |     4.282 | SLOW    |     2.215 | FAST    |
S_A_i[1][0][4] | S_C_o[1][3][6] |     4.494 | SLOW    |     2.335 | FAST    |
S_A_i[1][0][4] | S_C_o[1][3][7] |     4.559 | SLOW    |     2.372 | FAST    |
S_A_i[1][0][5] | S_C_o[1][0][5] |     4.453 | SLOW    |     2.319 | FAST    |
S_A_i[1][0][5] | S_C_o[1][0][6] |     4.272 | SLOW    |     2.212 | FAST    |
S_A_i[1][0][5] | S_C_o[1][0][7] |     4.282 | SLOW    |     2.215 | FAST    |
S_A_i[1][0][5] | S_C_o[1][1][5] |     4.453 | SLOW    |     2.319 | FAST    |
S_A_i[1][0][5] | S_C_o[1][1][6] |     4.272 | SLOW    |     2.212 | FAST    |
S_A_i[1][0][5] | S_C_o[1][1][7] |     4.282 | SLOW    |     2.215 | FAST    |
S_A_i[1][0][5] | S_C_o[1][2][5] |     4.453 | SLOW    |     2.319 | FAST    |
S_A_i[1][0][5] | S_C_o[1][2][6] |     4.272 | SLOW    |     2.212 | FAST    |
S_A_i[1][0][5] | S_C_o[1][2][7] |     4.282 | SLOW    |     2.215 | FAST    |
S_A_i[1][0][5] | S_C_o[1][3][5] |     4.453 | SLOW    |     2.319 | FAST    |
S_A_i[1][0][5] | S_C_o[1][3][6] |     4.272 | SLOW    |     2.212 | FAST    |
S_A_i[1][0][5] | S_C_o[1][3][7] |     4.282 | SLOW    |     2.215 | FAST    |
S_A_i[1][0][6] | S_C_o[1][0][6] |     4.277 | SLOW    |     2.221 | FAST    |
S_A_i[1][0][6] | S_C_o[1][0][7] |     4.241 | SLOW    |     2.193 | FAST    |
S_A_i[1][0][6] | S_C_o[1][1][6] |     4.277 | SLOW    |     2.221 | FAST    |
S_A_i[1][0][6] | S_C_o[1][1][7] |     4.241 | SLOW    |     2.193 | FAST    |
S_A_i[1][0][6] | S_C_o[1][2][6] |     4.277 | SLOW    |     2.221 | FAST    |
S_A_i[1][0][6] | S_C_o[1][2][7] |     4.241 | SLOW    |     2.193 | FAST    |
S_A_i[1][0][6] | S_C_o[1][3][6] |     4.277 | SLOW    |     2.221 | FAST    |
S_A_i[1][0][6] | S_C_o[1][3][7] |     4.241 | SLOW    |     2.193 | FAST    |
S_A_i[1][0][7] | S_C_o[1][0][7] |     4.428 | SLOW    |     2.306 | FAST    |
S_A_i[1][0][7] | S_C_o[1][1][7] |     4.459 | SLOW    |     2.326 | FAST    |
S_A_i[1][0][7] | S_C_o[1][2][7] |     4.428 | SLOW    |     2.306 | FAST    |
S_A_i[1][0][7] | S_C_o[1][3][7] |     4.459 | SLOW    |     2.326 | FAST    |
S_A_i[2][0][0] | S_C_o[2][0][0] |     4.261 | SLOW    |     2.209 | FAST    |
S_A_i[2][0][0] | S_C_o[2][0][1] |     4.278 | SLOW    |     2.215 | FAST    |
S_A_i[2][0][0] | S_C_o[2][0][2] |     4.288 | SLOW    |     2.218 | FAST    |
S_A_i[2][0][0] | S_C_o[2][0][3] |     4.468 | SLOW    |     2.315 | FAST    |
S_A_i[2][0][0] | S_C_o[2][0][4] |     4.490 | SLOW    |     2.329 | FAST    |
S_A_i[2][0][0] | S_C_o[2][0][5] |     4.555 | SLOW    |     2.366 | FAST    |
S_A_i[2][0][0] | S_C_o[2][0][6] |     4.712 | SLOW    |     2.452 | FAST    |
S_A_i[2][0][0] | S_C_o[2][0][7] |     4.777 | SLOW    |     2.489 | FAST    |
S_A_i[2][0][0] | S_C_o[2][1][0] |     4.261 | SLOW    |     2.209 | FAST    |
S_A_i[2][0][0] | S_C_o[2][1][1] |     4.278 | SLOW    |     2.215 | FAST    |
S_A_i[2][0][0] | S_C_o[2][1][2] |     4.288 | SLOW    |     2.218 | FAST    |
S_A_i[2][0][0] | S_C_o[2][1][3] |     4.468 | SLOW    |     2.315 | FAST    |
S_A_i[2][0][0] | S_C_o[2][1][4] |     4.490 | SLOW    |     2.329 | FAST    |
S_A_i[2][0][0] | S_C_o[2][1][5] |     4.555 | SLOW    |     2.366 | FAST    |
S_A_i[2][0][0] | S_C_o[2][1][6] |     4.712 | SLOW    |     2.452 | FAST    |
S_A_i[2][0][0] | S_C_o[2][1][7] |     4.777 | SLOW    |     2.489 | FAST    |
S_A_i[2][0][0] | S_C_o[2][2][0] |     4.261 | SLOW    |     2.209 | FAST    |
S_A_i[2][0][0] | S_C_o[2][2][1] |     4.278 | SLOW    |     2.215 | FAST    |
S_A_i[2][0][0] | S_C_o[2][2][2] |     4.288 | SLOW    |     2.218 | FAST    |
S_A_i[2][0][0] | S_C_o[2][2][3] |     4.468 | SLOW    |     2.315 | FAST    |
S_A_i[2][0][0] | S_C_o[2][2][4] |     4.490 | SLOW    |     2.329 | FAST    |
S_A_i[2][0][0] | S_C_o[2][2][5] |     4.555 | SLOW    |     2.366 | FAST    |
S_A_i[2][0][0] | S_C_o[2][2][6] |     4.712 | SLOW    |     2.452 | FAST    |
S_A_i[2][0][0] | S_C_o[2][2][7] |     4.777 | SLOW    |     2.489 | FAST    |
S_A_i[2][0][0] | S_C_o[2][3][0] |     4.261 | SLOW    |     2.209 | FAST    |
S_A_i[2][0][0] | S_C_o[2][3][1] |     4.278 | SLOW    |     2.215 | FAST    |
S_A_i[2][0][0] | S_C_o[2][3][2] |     4.288 | SLOW    |     2.218 | FAST    |
S_A_i[2][0][0] | S_C_o[2][3][3] |     4.468 | SLOW    |     2.315 | FAST    |
S_A_i[2][0][0] | S_C_o[2][3][4] |     4.490 | SLOW    |     2.329 | FAST    |
S_A_i[2][0][0] | S_C_o[2][3][5] |     4.555 | SLOW    |     2.366 | FAST    |
S_A_i[2][0][0] | S_C_o[2][3][6] |     4.712 | SLOW    |     2.452 | FAST    |
S_A_i[2][0][0] | S_C_o[2][3][7] |     4.777 | SLOW    |     2.489 | FAST    |
S_A_i[2][0][1] | S_C_o[2][0][1] |     4.286 | SLOW    |     2.226 | FAST    |
S_A_i[2][0][1] | S_C_o[2][0][2] |     4.282 | SLOW    |     2.215 | FAST    |
S_A_i[2][0][1] | S_C_o[2][0][3] |     4.467 | SLOW    |     2.320 | FAST    |
S_A_i[2][0][1] | S_C_o[2][0][4] |     4.489 | SLOW    |     2.334 | FAST    |
S_A_i[2][0][1] | S_C_o[2][0][5] |     4.554 | SLOW    |     2.371 | FAST    |
S_A_i[2][0][1] | S_C_o[2][0][6] |     4.711 | SLOW    |     2.457 | FAST    |
S_A_i[2][0][1] | S_C_o[2][0][7] |     4.776 | SLOW    |     2.494 | FAST    |
S_A_i[2][0][1] | S_C_o[2][1][1] |     4.286 | SLOW    |     2.226 | FAST    |
S_A_i[2][0][1] | S_C_o[2][1][2] |     4.282 | SLOW    |     2.215 | FAST    |
S_A_i[2][0][1] | S_C_o[2][1][3] |     4.467 | SLOW    |     2.320 | FAST    |
S_A_i[2][0][1] | S_C_o[2][1][4] |     4.489 | SLOW    |     2.334 | FAST    |
S_A_i[2][0][1] | S_C_o[2][1][5] |     4.554 | SLOW    |     2.371 | FAST    |
S_A_i[2][0][1] | S_C_o[2][1][6] |     4.711 | SLOW    |     2.457 | FAST    |
S_A_i[2][0][1] | S_C_o[2][1][7] |     4.776 | SLOW    |     2.494 | FAST    |
S_A_i[2][0][1] | S_C_o[2][2][1] |     4.286 | SLOW    |     2.226 | FAST    |
S_A_i[2][0][1] | S_C_o[2][2][2] |     4.282 | SLOW    |     2.215 | FAST    |
S_A_i[2][0][1] | S_C_o[2][2][3] |     4.467 | SLOW    |     2.320 | FAST    |
S_A_i[2][0][1] | S_C_o[2][2][4] |     4.489 | SLOW    |     2.334 | FAST    |
S_A_i[2][0][1] | S_C_o[2][2][5] |     4.554 | SLOW    |     2.371 | FAST    |
S_A_i[2][0][1] | S_C_o[2][2][6] |     4.711 | SLOW    |     2.457 | FAST    |
S_A_i[2][0][1] | S_C_o[2][2][7] |     4.776 | SLOW    |     2.494 | FAST    |
S_A_i[2][0][1] | S_C_o[2][3][1] |     4.286 | SLOW    |     2.226 | FAST    |
S_A_i[2][0][1] | S_C_o[2][3][2] |     4.282 | SLOW    |     2.215 | FAST    |
S_A_i[2][0][1] | S_C_o[2][3][3] |     4.467 | SLOW    |     2.320 | FAST    |
S_A_i[2][0][1] | S_C_o[2][3][4] |     4.489 | SLOW    |     2.334 | FAST    |
S_A_i[2][0][1] | S_C_o[2][3][5] |     4.554 | SLOW    |     2.371 | FAST    |
S_A_i[2][0][1] | S_C_o[2][3][6] |     4.711 | SLOW    |     2.457 | FAST    |
S_A_i[2][0][1] | S_C_o[2][3][7] |     4.776 | SLOW    |     2.494 | FAST    |
S_A_i[2][0][2] | S_C_o[2][0][2] |     4.246 | SLOW    |     2.201 | FAST    |
S_A_i[2][0][2] | S_C_o[2][0][3] |     4.485 | SLOW    |     2.324 | FAST    |
S_A_i[2][0][2] | S_C_o[2][0][4] |     4.507 | SLOW    |     2.338 | FAST    |
S_A_i[2][0][2] | S_C_o[2][0][5] |     4.572 | SLOW    |     2.375 | FAST    |
S_A_i[2][0][2] | S_C_o[2][0][6] |     4.729 | SLOW    |     2.461 | FAST    |
S_A_i[2][0][2] | S_C_o[2][0][7] |     4.794 | SLOW    |     2.498 | FAST    |
S_A_i[2][0][2] | S_C_o[2][1][2] |     4.246 | SLOW    |     2.201 | FAST    |
S_A_i[2][0][2] | S_C_o[2][1][3] |     4.485 | SLOW    |     2.324 | FAST    |
S_A_i[2][0][2] | S_C_o[2][1][4] |     4.507 | SLOW    |     2.338 | FAST    |
S_A_i[2][0][2] | S_C_o[2][1][5] |     4.572 | SLOW    |     2.375 | FAST    |
S_A_i[2][0][2] | S_C_o[2][1][6] |     4.729 | SLOW    |     2.461 | FAST    |
S_A_i[2][0][2] | S_C_o[2][1][7] |     4.794 | SLOW    |     2.498 | FAST    |
S_A_i[2][0][2] | S_C_o[2][2][2] |     4.246 | SLOW    |     2.201 | FAST    |
S_A_i[2][0][2] | S_C_o[2][2][3] |     4.485 | SLOW    |     2.324 | FAST    |
S_A_i[2][0][2] | S_C_o[2][2][4] |     4.507 | SLOW    |     2.338 | FAST    |
S_A_i[2][0][2] | S_C_o[2][2][5] |     4.572 | SLOW    |     2.375 | FAST    |
S_A_i[2][0][2] | S_C_o[2][2][6] |     4.729 | SLOW    |     2.461 | FAST    |
S_A_i[2][0][2] | S_C_o[2][2][7] |     4.794 | SLOW    |     2.498 | FAST    |
S_A_i[2][0][2] | S_C_o[2][3][2] |     4.246 | SLOW    |     2.201 | FAST    |
S_A_i[2][0][2] | S_C_o[2][3][3] |     4.485 | SLOW    |     2.324 | FAST    |
S_A_i[2][0][2] | S_C_o[2][3][4] |     4.507 | SLOW    |     2.338 | FAST    |
S_A_i[2][0][2] | S_C_o[2][3][5] |     4.572 | SLOW    |     2.375 | FAST    |
S_A_i[2][0][2] | S_C_o[2][3][6] |     4.729 | SLOW    |     2.461 | FAST    |
S_A_i[2][0][2] | S_C_o[2][3][7] |     4.794 | SLOW    |     2.498 | FAST    |
S_A_i[2][0][3] | S_C_o[2][0][3] |     4.261 | SLOW    |     2.209 | FAST    |
S_A_i[2][0][3] | S_C_o[2][0][4] |     4.278 | SLOW    |     2.215 | FAST    |
S_A_i[2][0][3] | S_C_o[2][0][5] |     4.256 | SLOW    |     2.201 | FAST    |
S_A_i[2][0][3] | S_C_o[2][0][6] |     4.514 | SLOW    |     2.352 | FAST    |
S_A_i[2][0][3] | S_C_o[2][0][7] |     4.579 | SLOW    |     2.389 | FAST    |
S_A_i[2][0][3] | S_C_o[2][1][3] |     4.261 | SLOW    |     2.209 | FAST    |
S_A_i[2][0][3] | S_C_o[2][1][4] |     4.278 | SLOW    |     2.215 | FAST    |
S_A_i[2][0][3] | S_C_o[2][1][5] |     4.256 | SLOW    |     2.201 | FAST    |
S_A_i[2][0][3] | S_C_o[2][1][6] |     4.514 | SLOW    |     2.352 | FAST    |
S_A_i[2][0][3] | S_C_o[2][1][7] |     4.579 | SLOW    |     2.389 | FAST    |
S_A_i[2][0][3] | S_C_o[2][2][3] |     4.261 | SLOW    |     2.209 | FAST    |
S_A_i[2][0][3] | S_C_o[2][2][4] |     4.278 | SLOW    |     2.215 | FAST    |
S_A_i[2][0][3] | S_C_o[2][2][5] |     4.256 | SLOW    |     2.201 | FAST    |
S_A_i[2][0][3] | S_C_o[2][2][6] |     4.514 | SLOW    |     2.352 | FAST    |
S_A_i[2][0][3] | S_C_o[2][2][7] |     4.579 | SLOW    |     2.389 | FAST    |
S_A_i[2][0][3] | S_C_o[2][3][3] |     4.261 | SLOW    |     2.209 | FAST    |
S_A_i[2][0][3] | S_C_o[2][3][4] |     4.278 | SLOW    |     2.215 | FAST    |
S_A_i[2][0][3] | S_C_o[2][3][5] |     4.256 | SLOW    |     2.201 | FAST    |
S_A_i[2][0][3] | S_C_o[2][3][6] |     4.514 | SLOW    |     2.352 | FAST    |
S_A_i[2][0][3] | S_C_o[2][3][7] |     4.579 | SLOW    |     2.389 | FAST    |
S_A_i[2][0][4] | S_C_o[2][0][4] |     4.286 | SLOW    |     2.226 | FAST    |
S_A_i[2][0][4] | S_C_o[2][0][5] |     4.282 | SLOW    |     2.215 | FAST    |
S_A_i[2][0][4] | S_C_o[2][0][6] |     4.494 | SLOW    |     2.335 | FAST    |
S_A_i[2][0][4] | S_C_o[2][0][7] |     4.559 | SLOW    |     2.372 | FAST    |
S_A_i[2][0][4] | S_C_o[2][1][4] |     4.286 | SLOW    |     2.226 | FAST    |
S_A_i[2][0][4] | S_C_o[2][1][5] |     4.282 | SLOW    |     2.215 | FAST    |
S_A_i[2][0][4] | S_C_o[2][1][6] |     4.494 | SLOW    |     2.335 | FAST    |
S_A_i[2][0][4] | S_C_o[2][1][7] |     4.559 | SLOW    |     2.372 | FAST    |
S_A_i[2][0][4] | S_C_o[2][2][4] |     4.286 | SLOW    |     2.226 | FAST    |
S_A_i[2][0][4] | S_C_o[2][2][5] |     4.282 | SLOW    |     2.215 | FAST    |
S_A_i[2][0][4] | S_C_o[2][2][6] |     4.494 | SLOW    |     2.335 | FAST    |
S_A_i[2][0][4] | S_C_o[2][2][7] |     4.559 | SLOW    |     2.372 | FAST    |
S_A_i[2][0][4] | S_C_o[2][3][4] |     4.286 | SLOW    |     2.226 | FAST    |
S_A_i[2][0][4] | S_C_o[2][3][5] |     4.282 | SLOW    |     2.215 | FAST    |
S_A_i[2][0][4] | S_C_o[2][3][6] |     4.494 | SLOW    |     2.335 | FAST    |
S_A_i[2][0][4] | S_C_o[2][3][7] |     4.559 | SLOW    |     2.372 | FAST    |
S_A_i[2][0][5] | S_C_o[2][0][5] |     4.453 | SLOW    |     2.319 | FAST    |
S_A_i[2][0][5] | S_C_o[2][0][6] |     4.272 | SLOW    |     2.212 | FAST    |
S_A_i[2][0][5] | S_C_o[2][0][7] |     4.282 | SLOW    |     2.215 | FAST    |
S_A_i[2][0][5] | S_C_o[2][1][5] |     4.453 | SLOW    |     2.319 | FAST    |
S_A_i[2][0][5] | S_C_o[2][1][6] |     4.272 | SLOW    |     2.212 | FAST    |
S_A_i[2][0][5] | S_C_o[2][1][7] |     4.282 | SLOW    |     2.215 | FAST    |
S_A_i[2][0][5] | S_C_o[2][2][5] |     4.453 | SLOW    |     2.319 | FAST    |
S_A_i[2][0][5] | S_C_o[2][2][6] |     4.272 | SLOW    |     2.212 | FAST    |
S_A_i[2][0][5] | S_C_o[2][2][7] |     4.282 | SLOW    |     2.215 | FAST    |
S_A_i[2][0][5] | S_C_o[2][3][5] |     4.453 | SLOW    |     2.319 | FAST    |
S_A_i[2][0][5] | S_C_o[2][3][6] |     4.272 | SLOW    |     2.212 | FAST    |
S_A_i[2][0][5] | S_C_o[2][3][7] |     4.282 | SLOW    |     2.215 | FAST    |
S_A_i[2][0][6] | S_C_o[2][0][6] |     4.277 | SLOW    |     2.221 | FAST    |
S_A_i[2][0][6] | S_C_o[2][0][7] |     4.241 | SLOW    |     2.193 | FAST    |
S_A_i[2][0][6] | S_C_o[2][1][6] |     4.277 | SLOW    |     2.221 | FAST    |
S_A_i[2][0][6] | S_C_o[2][1][7] |     4.241 | SLOW    |     2.193 | FAST    |
S_A_i[2][0][6] | S_C_o[2][2][6] |     4.277 | SLOW    |     2.221 | FAST    |
S_A_i[2][0][6] | S_C_o[2][2][7] |     4.241 | SLOW    |     2.193 | FAST    |
S_A_i[2][0][6] | S_C_o[2][3][6] |     4.277 | SLOW    |     2.221 | FAST    |
S_A_i[2][0][6] | S_C_o[2][3][7] |     4.241 | SLOW    |     2.193 | FAST    |
S_A_i[2][0][7] | S_C_o[2][0][7] |     4.428 | SLOW    |     2.306 | FAST    |
S_A_i[2][0][7] | S_C_o[2][1][7] |     4.459 | SLOW    |     2.326 | FAST    |
S_A_i[2][0][7] | S_C_o[2][2][7] |     4.428 | SLOW    |     2.306 | FAST    |
S_A_i[2][0][7] | S_C_o[2][3][7] |     4.459 | SLOW    |     2.326 | FAST    |
S_A_i[3][0][0] | S_C_o[3][0][0] |     4.261 | SLOW    |     2.209 | FAST    |
S_A_i[3][0][0] | S_C_o[3][0][1] |     4.278 | SLOW    |     2.215 | FAST    |
S_A_i[3][0][0] | S_C_o[3][0][2] |     4.288 | SLOW    |     2.218 | FAST    |
S_A_i[3][0][0] | S_C_o[3][0][3] |     4.468 | SLOW    |     2.315 | FAST    |
S_A_i[3][0][0] | S_C_o[3][0][4] |     4.490 | SLOW    |     2.329 | FAST    |
S_A_i[3][0][0] | S_C_o[3][0][5] |     4.555 | SLOW    |     2.366 | FAST    |
S_A_i[3][0][0] | S_C_o[3][0][6] |     4.712 | SLOW    |     2.452 | FAST    |
S_A_i[3][0][0] | S_C_o[3][0][7] |     4.777 | SLOW    |     2.489 | FAST    |
S_A_i[3][0][0] | S_C_o[3][1][0] |     4.261 | SLOW    |     2.209 | FAST    |
S_A_i[3][0][0] | S_C_o[3][1][1] |     4.278 | SLOW    |     2.215 | FAST    |
S_A_i[3][0][0] | S_C_o[3][1][2] |     4.288 | SLOW    |     2.218 | FAST    |
S_A_i[3][0][0] | S_C_o[3][1][3] |     4.468 | SLOW    |     2.315 | FAST    |
S_A_i[3][0][0] | S_C_o[3][1][4] |     4.490 | SLOW    |     2.329 | FAST    |
S_A_i[3][0][0] | S_C_o[3][1][5] |     4.555 | SLOW    |     2.366 | FAST    |
S_A_i[3][0][0] | S_C_o[3][1][6] |     4.712 | SLOW    |     2.452 | FAST    |
S_A_i[3][0][0] | S_C_o[3][1][7] |     4.777 | SLOW    |     2.489 | FAST    |
S_A_i[3][0][0] | S_C_o[3][2][0] |     4.261 | SLOW    |     2.209 | FAST    |
S_A_i[3][0][0] | S_C_o[3][2][1] |     4.278 | SLOW    |     2.215 | FAST    |
S_A_i[3][0][0] | S_C_o[3][2][2] |     4.288 | SLOW    |     2.218 | FAST    |
S_A_i[3][0][0] | S_C_o[3][2][3] |     4.468 | SLOW    |     2.315 | FAST    |
S_A_i[3][0][0] | S_C_o[3][2][4] |     4.490 | SLOW    |     2.329 | FAST    |
S_A_i[3][0][0] | S_C_o[3][2][5] |     4.555 | SLOW    |     2.366 | FAST    |
S_A_i[3][0][0] | S_C_o[3][2][6] |     4.712 | SLOW    |     2.452 | FAST    |
S_A_i[3][0][0] | S_C_o[3][2][7] |     4.777 | SLOW    |     2.489 | FAST    |
S_A_i[3][0][0] | S_C_o[3][3][0] |     4.261 | SLOW    |     2.209 | FAST    |
S_A_i[3][0][0] | S_C_o[3][3][1] |     4.278 | SLOW    |     2.215 | FAST    |
S_A_i[3][0][0] | S_C_o[3][3][2] |     4.288 | SLOW    |     2.218 | FAST    |
S_A_i[3][0][0] | S_C_o[3][3][3] |     4.468 | SLOW    |     2.315 | FAST    |
S_A_i[3][0][0] | S_C_o[3][3][4] |     4.490 | SLOW    |     2.329 | FAST    |
S_A_i[3][0][0] | S_C_o[3][3][5] |     4.555 | SLOW    |     2.366 | FAST    |
S_A_i[3][0][0] | S_C_o[3][3][6] |     4.712 | SLOW    |     2.452 | FAST    |
S_A_i[3][0][0] | S_C_o[3][3][7] |     4.777 | SLOW    |     2.489 | FAST    |
S_A_i[3][0][1] | S_C_o[3][0][1] |     4.286 | SLOW    |     2.226 | FAST    |
S_A_i[3][0][1] | S_C_o[3][0][2] |     4.282 | SLOW    |     2.215 | FAST    |
S_A_i[3][0][1] | S_C_o[3][0][3] |     4.467 | SLOW    |     2.320 | FAST    |
S_A_i[3][0][1] | S_C_o[3][0][4] |     4.489 | SLOW    |     2.334 | FAST    |
S_A_i[3][0][1] | S_C_o[3][0][5] |     4.554 | SLOW    |     2.371 | FAST    |
S_A_i[3][0][1] | S_C_o[3][0][6] |     4.711 | SLOW    |     2.457 | FAST    |
S_A_i[3][0][1] | S_C_o[3][0][7] |     4.776 | SLOW    |     2.494 | FAST    |
S_A_i[3][0][1] | S_C_o[3][1][1] |     4.286 | SLOW    |     2.226 | FAST    |
S_A_i[3][0][1] | S_C_o[3][1][2] |     4.282 | SLOW    |     2.215 | FAST    |
S_A_i[3][0][1] | S_C_o[3][1][3] |     4.467 | SLOW    |     2.320 | FAST    |
S_A_i[3][0][1] | S_C_o[3][1][4] |     4.489 | SLOW    |     2.334 | FAST    |
S_A_i[3][0][1] | S_C_o[3][1][5] |     4.554 | SLOW    |     2.371 | FAST    |
S_A_i[3][0][1] | S_C_o[3][1][6] |     4.711 | SLOW    |     2.457 | FAST    |
S_A_i[3][0][1] | S_C_o[3][1][7] |     4.776 | SLOW    |     2.494 | FAST    |
S_A_i[3][0][1] | S_C_o[3][2][1] |     4.286 | SLOW    |     2.226 | FAST    |
S_A_i[3][0][1] | S_C_o[3][2][2] |     4.282 | SLOW    |     2.215 | FAST    |
S_A_i[3][0][1] | S_C_o[3][2][3] |     4.467 | SLOW    |     2.320 | FAST    |
S_A_i[3][0][1] | S_C_o[3][2][4] |     4.489 | SLOW    |     2.334 | FAST    |
S_A_i[3][0][1] | S_C_o[3][2][5] |     4.554 | SLOW    |     2.371 | FAST    |
S_A_i[3][0][1] | S_C_o[3][2][6] |     4.711 | SLOW    |     2.457 | FAST    |
S_A_i[3][0][1] | S_C_o[3][2][7] |     4.776 | SLOW    |     2.494 | FAST    |
S_A_i[3][0][1] | S_C_o[3][3][1] |     4.286 | SLOW    |     2.226 | FAST    |
S_A_i[3][0][1] | S_C_o[3][3][2] |     4.282 | SLOW    |     2.215 | FAST    |
S_A_i[3][0][1] | S_C_o[3][3][3] |     4.467 | SLOW    |     2.320 | FAST    |
S_A_i[3][0][1] | S_C_o[3][3][4] |     4.489 | SLOW    |     2.334 | FAST    |
S_A_i[3][0][1] | S_C_o[3][3][5] |     4.554 | SLOW    |     2.371 | FAST    |
S_A_i[3][0][1] | S_C_o[3][3][6] |     4.711 | SLOW    |     2.457 | FAST    |
S_A_i[3][0][1] | S_C_o[3][3][7] |     4.776 | SLOW    |     2.494 | FAST    |
S_A_i[3][0][2] | S_C_o[3][0][2] |     4.246 | SLOW    |     2.201 | FAST    |
S_A_i[3][0][2] | S_C_o[3][0][3] |     4.485 | SLOW    |     2.324 | FAST    |
S_A_i[3][0][2] | S_C_o[3][0][4] |     4.507 | SLOW    |     2.338 | FAST    |
S_A_i[3][0][2] | S_C_o[3][0][5] |     4.572 | SLOW    |     2.375 | FAST    |
S_A_i[3][0][2] | S_C_o[3][0][6] |     4.729 | SLOW    |     2.461 | FAST    |
S_A_i[3][0][2] | S_C_o[3][0][7] |     4.794 | SLOW    |     2.498 | FAST    |
S_A_i[3][0][2] | S_C_o[3][1][2] |     4.246 | SLOW    |     2.201 | FAST    |
S_A_i[3][0][2] | S_C_o[3][1][3] |     4.485 | SLOW    |     2.324 | FAST    |
S_A_i[3][0][2] | S_C_o[3][1][4] |     4.507 | SLOW    |     2.338 | FAST    |
S_A_i[3][0][2] | S_C_o[3][1][5] |     4.572 | SLOW    |     2.375 | FAST    |
S_A_i[3][0][2] | S_C_o[3][1][6] |     4.729 | SLOW    |     2.461 | FAST    |
S_A_i[3][0][2] | S_C_o[3][1][7] |     4.794 | SLOW    |     2.498 | FAST    |
S_A_i[3][0][2] | S_C_o[3][2][2] |     4.246 | SLOW    |     2.201 | FAST    |
S_A_i[3][0][2] | S_C_o[3][2][3] |     4.485 | SLOW    |     2.324 | FAST    |
S_A_i[3][0][2] | S_C_o[3][2][4] |     4.507 | SLOW    |     2.338 | FAST    |
S_A_i[3][0][2] | S_C_o[3][2][5] |     4.572 | SLOW    |     2.375 | FAST    |
S_A_i[3][0][2] | S_C_o[3][2][6] |     4.729 | SLOW    |     2.461 | FAST    |
S_A_i[3][0][2] | S_C_o[3][2][7] |     4.794 | SLOW    |     2.498 | FAST    |
S_A_i[3][0][2] | S_C_o[3][3][2] |     4.246 | SLOW    |     2.201 | FAST    |
S_A_i[3][0][2] | S_C_o[3][3][3] |     4.485 | SLOW    |     2.324 | FAST    |
S_A_i[3][0][2] | S_C_o[3][3][4] |     4.507 | SLOW    |     2.338 | FAST    |
S_A_i[3][0][2] | S_C_o[3][3][5] |     4.572 | SLOW    |     2.375 | FAST    |
S_A_i[3][0][2] | S_C_o[3][3][6] |     4.729 | SLOW    |     2.461 | FAST    |
S_A_i[3][0][2] | S_C_o[3][3][7] |     4.794 | SLOW    |     2.498 | FAST    |
S_A_i[3][0][3] | S_C_o[3][0][3] |     4.261 | SLOW    |     2.209 | FAST    |
S_A_i[3][0][3] | S_C_o[3][0][4] |     4.278 | SLOW    |     2.215 | FAST    |
S_A_i[3][0][3] | S_C_o[3][0][5] |     4.256 | SLOW    |     2.201 | FAST    |
S_A_i[3][0][3] | S_C_o[3][0][6] |     4.514 | SLOW    |     2.352 | FAST    |
S_A_i[3][0][3] | S_C_o[3][0][7] |     4.579 | SLOW    |     2.389 | FAST    |
S_A_i[3][0][3] | S_C_o[3][1][3] |     4.261 | SLOW    |     2.209 | FAST    |
S_A_i[3][0][3] | S_C_o[3][1][4] |     4.278 | SLOW    |     2.215 | FAST    |
S_A_i[3][0][3] | S_C_o[3][1][5] |     4.256 | SLOW    |     2.201 | FAST    |
S_A_i[3][0][3] | S_C_o[3][1][6] |     4.514 | SLOW    |     2.352 | FAST    |
S_A_i[3][0][3] | S_C_o[3][1][7] |     4.579 | SLOW    |     2.389 | FAST    |
S_A_i[3][0][3] | S_C_o[3][2][3] |     4.261 | SLOW    |     2.209 | FAST    |
S_A_i[3][0][3] | S_C_o[3][2][4] |     4.278 | SLOW    |     2.215 | FAST    |
S_A_i[3][0][3] | S_C_o[3][2][5] |     4.256 | SLOW    |     2.201 | FAST    |
S_A_i[3][0][3] | S_C_o[3][2][6] |     4.514 | SLOW    |     2.352 | FAST    |
S_A_i[3][0][3] | S_C_o[3][2][7] |     4.579 | SLOW    |     2.389 | FAST    |
S_A_i[3][0][3] | S_C_o[3][3][3] |     4.261 | SLOW    |     2.209 | FAST    |
S_A_i[3][0][3] | S_C_o[3][3][4] |     4.278 | SLOW    |     2.215 | FAST    |
S_A_i[3][0][3] | S_C_o[3][3][5] |     4.256 | SLOW    |     2.201 | FAST    |
S_A_i[3][0][3] | S_C_o[3][3][6] |     4.514 | SLOW    |     2.352 | FAST    |
S_A_i[3][0][3] | S_C_o[3][3][7] |     4.579 | SLOW    |     2.389 | FAST    |
S_A_i[3][0][4] | S_C_o[3][0][4] |     4.286 | SLOW    |     2.226 | FAST    |
S_A_i[3][0][4] | S_C_o[3][0][5] |     4.282 | SLOW    |     2.215 | FAST    |
S_A_i[3][0][4] | S_C_o[3][0][6] |     4.494 | SLOW    |     2.335 | FAST    |
S_A_i[3][0][4] | S_C_o[3][0][7] |     4.559 | SLOW    |     2.372 | FAST    |
S_A_i[3][0][4] | S_C_o[3][1][4] |     4.286 | SLOW    |     2.226 | FAST    |
S_A_i[3][0][4] | S_C_o[3][1][5] |     4.282 | SLOW    |     2.215 | FAST    |
S_A_i[3][0][4] | S_C_o[3][1][6] |     4.494 | SLOW    |     2.335 | FAST    |
S_A_i[3][0][4] | S_C_o[3][1][7] |     4.559 | SLOW    |     2.372 | FAST    |
S_A_i[3][0][4] | S_C_o[3][2][4] |     4.286 | SLOW    |     2.226 | FAST    |
S_A_i[3][0][4] | S_C_o[3][2][5] |     4.282 | SLOW    |     2.215 | FAST    |
S_A_i[3][0][4] | S_C_o[3][2][6] |     4.494 | SLOW    |     2.335 | FAST    |
S_A_i[3][0][4] | S_C_o[3][2][7] |     4.559 | SLOW    |     2.372 | FAST    |
S_A_i[3][0][4] | S_C_o[3][3][4] |     4.286 | SLOW    |     2.226 | FAST    |
S_A_i[3][0][4] | S_C_o[3][3][5] |     4.282 | SLOW    |     2.215 | FAST    |
S_A_i[3][0][4] | S_C_o[3][3][6] |     4.494 | SLOW    |     2.335 | FAST    |
S_A_i[3][0][4] | S_C_o[3][3][7] |     4.559 | SLOW    |     2.372 | FAST    |
S_A_i[3][0][5] | S_C_o[3][0][5] |     4.453 | SLOW    |     2.319 | FAST    |
S_A_i[3][0][5] | S_C_o[3][0][6] |     4.272 | SLOW    |     2.212 | FAST    |
S_A_i[3][0][5] | S_C_o[3][0][7] |     4.282 | SLOW    |     2.215 | FAST    |
S_A_i[3][0][5] | S_C_o[3][1][5] |     4.453 | SLOW    |     2.319 | FAST    |
S_A_i[3][0][5] | S_C_o[3][1][6] |     4.272 | SLOW    |     2.212 | FAST    |
S_A_i[3][0][5] | S_C_o[3][1][7] |     4.282 | SLOW    |     2.215 | FAST    |
S_A_i[3][0][5] | S_C_o[3][2][5] |     4.453 | SLOW    |     2.319 | FAST    |
S_A_i[3][0][5] | S_C_o[3][2][6] |     4.272 | SLOW    |     2.212 | FAST    |
S_A_i[3][0][5] | S_C_o[3][2][7] |     4.282 | SLOW    |     2.215 | FAST    |
S_A_i[3][0][5] | S_C_o[3][3][5] |     4.453 | SLOW    |     2.319 | FAST    |
S_A_i[3][0][5] | S_C_o[3][3][6] |     4.272 | SLOW    |     2.212 | FAST    |
S_A_i[3][0][5] | S_C_o[3][3][7] |     4.282 | SLOW    |     2.215 | FAST    |
S_A_i[3][0][6] | S_C_o[3][0][6] |     4.277 | SLOW    |     2.221 | FAST    |
S_A_i[3][0][6] | S_C_o[3][0][7] |     4.241 | SLOW    |     2.193 | FAST    |
S_A_i[3][0][6] | S_C_o[3][1][6] |     4.277 | SLOW    |     2.221 | FAST    |
S_A_i[3][0][6] | S_C_o[3][1][7] |     4.241 | SLOW    |     2.193 | FAST    |
S_A_i[3][0][6] | S_C_o[3][2][6] |     4.277 | SLOW    |     2.221 | FAST    |
S_A_i[3][0][6] | S_C_o[3][2][7] |     4.241 | SLOW    |     2.193 | FAST    |
S_A_i[3][0][6] | S_C_o[3][3][6] |     4.277 | SLOW    |     2.221 | FAST    |
S_A_i[3][0][6] | S_C_o[3][3][7] |     4.241 | SLOW    |     2.193 | FAST    |
S_A_i[3][0][7] | S_C_o[3][0][7] |     4.428 | SLOW    |     2.306 | FAST    |
S_A_i[3][0][7] | S_C_o[3][1][7] |     4.459 | SLOW    |     2.326 | FAST    |
S_A_i[3][0][7] | S_C_o[3][2][7] |     4.428 | SLOW    |     2.306 | FAST    |
S_A_i[3][0][7] | S_C_o[3][3][7] |     4.459 | SLOW    |     2.326 | FAST    |
S_B_i[0][0][0] | S_C_o[0][0][0] |     4.261 | SLOW    |     2.209 | FAST    |
S_B_i[0][0][0] | S_C_o[0][0][1] |     4.278 | SLOW    |     2.215 | FAST    |
S_B_i[0][0][0] | S_C_o[0][0][2] |     4.256 | SLOW    |     2.201 | FAST    |
S_B_i[0][0][0] | S_C_o[0][0][3] |     4.500 | SLOW    |     2.332 | FAST    |
S_B_i[0][0][0] | S_C_o[0][0][4] |     4.522 | SLOW    |     2.346 | FAST    |
S_B_i[0][0][0] | S_C_o[0][0][5] |     4.587 | SLOW    |     2.383 | FAST    |
S_B_i[0][0][0] | S_C_o[0][0][6] |     4.744 | SLOW    |     2.469 | FAST    |
S_B_i[0][0][0] | S_C_o[0][0][7] |     4.809 | SLOW    |     2.506 | FAST    |
S_B_i[0][0][0] | S_C_o[1][0][0] |     4.261 | SLOW    |     2.209 | FAST    |
S_B_i[0][0][0] | S_C_o[1][0][1] |     4.278 | SLOW    |     2.215 | FAST    |
S_B_i[0][0][0] | S_C_o[1][0][2] |     4.256 | SLOW    |     2.201 | FAST    |
S_B_i[0][0][0] | S_C_o[1][0][3] |     4.500 | SLOW    |     2.332 | FAST    |
S_B_i[0][0][0] | S_C_o[1][0][4] |     4.522 | SLOW    |     2.346 | FAST    |
S_B_i[0][0][0] | S_C_o[1][0][5] |     4.587 | SLOW    |     2.383 | FAST    |
S_B_i[0][0][0] | S_C_o[1][0][6] |     4.744 | SLOW    |     2.469 | FAST    |
S_B_i[0][0][0] | S_C_o[1][0][7] |     4.809 | SLOW    |     2.506 | FAST    |
S_B_i[0][0][0] | S_C_o[2][0][0] |     4.261 | SLOW    |     2.209 | FAST    |
S_B_i[0][0][0] | S_C_o[2][0][1] |     4.278 | SLOW    |     2.215 | FAST    |
S_B_i[0][0][0] | S_C_o[2][0][2] |     4.256 | SLOW    |     2.201 | FAST    |
S_B_i[0][0][0] | S_C_o[2][0][3] |     4.500 | SLOW    |     2.332 | FAST    |
S_B_i[0][0][0] | S_C_o[2][0][4] |     4.522 | SLOW    |     2.346 | FAST    |
S_B_i[0][0][0] | S_C_o[2][0][5] |     4.587 | SLOW    |     2.383 | FAST    |
S_B_i[0][0][0] | S_C_o[2][0][6] |     4.744 | SLOW    |     2.469 | FAST    |
S_B_i[0][0][0] | S_C_o[2][0][7] |     4.809 | SLOW    |     2.506 | FAST    |
S_B_i[0][0][0] | S_C_o[3][0][0] |     4.261 | SLOW    |     2.209 | FAST    |
S_B_i[0][0][0] | S_C_o[3][0][1] |     4.278 | SLOW    |     2.215 | FAST    |
S_B_i[0][0][0] | S_C_o[3][0][2] |     4.256 | SLOW    |     2.201 | FAST    |
S_B_i[0][0][0] | S_C_o[3][0][3] |     4.500 | SLOW    |     2.332 | FAST    |
S_B_i[0][0][0] | S_C_o[3][0][4] |     4.522 | SLOW    |     2.346 | FAST    |
S_B_i[0][0][0] | S_C_o[3][0][5] |     4.587 | SLOW    |     2.383 | FAST    |
S_B_i[0][0][0] | S_C_o[3][0][6] |     4.744 | SLOW    |     2.469 | FAST    |
S_B_i[0][0][0] | S_C_o[3][0][7] |     4.809 | SLOW    |     2.506 | FAST    |
S_B_i[0][0][1] | S_C_o[0][0][1] |     4.286 | SLOW    |     2.226 | FAST    |
S_B_i[0][0][1] | S_C_o[0][0][2] |     4.250 | SLOW    |     2.198 | FAST    |
S_B_i[0][0][1] | S_C_o[0][0][3] |     4.467 | SLOW    |     2.320 | FAST    |
S_B_i[0][0][1] | S_C_o[0][0][4] |     4.489 | SLOW    |     2.334 | FAST    |
S_B_i[0][0][1] | S_C_o[0][0][5] |     4.554 | SLOW    |     2.371 | FAST    |
S_B_i[0][0][1] | S_C_o[0][0][6] |     4.711 | SLOW    |     2.457 | FAST    |
S_B_i[0][0][1] | S_C_o[0][0][7] |     4.776 | SLOW    |     2.494 | FAST    |
S_B_i[0][0][1] | S_C_o[1][0][1] |     4.286 | SLOW    |     2.226 | FAST    |
S_B_i[0][0][1] | S_C_o[1][0][2] |     4.250 | SLOW    |     2.198 | FAST    |
S_B_i[0][0][1] | S_C_o[1][0][3] |     4.467 | SLOW    |     2.320 | FAST    |
S_B_i[0][0][1] | S_C_o[1][0][4] |     4.489 | SLOW    |     2.334 | FAST    |
S_B_i[0][0][1] | S_C_o[1][0][5] |     4.554 | SLOW    |     2.371 | FAST    |
S_B_i[0][0][1] | S_C_o[1][0][6] |     4.711 | SLOW    |     2.457 | FAST    |
S_B_i[0][0][1] | S_C_o[1][0][7] |     4.776 | SLOW    |     2.494 | FAST    |
S_B_i[0][0][1] | S_C_o[2][0][1] |     4.286 | SLOW    |     2.226 | FAST    |
S_B_i[0][0][1] | S_C_o[2][0][2] |     4.250 | SLOW    |     2.198 | FAST    |
S_B_i[0][0][1] | S_C_o[2][0][3] |     4.467 | SLOW    |     2.320 | FAST    |
S_B_i[0][0][1] | S_C_o[2][0][4] |     4.489 | SLOW    |     2.334 | FAST    |
S_B_i[0][0][1] | S_C_o[2][0][5] |     4.554 | SLOW    |     2.371 | FAST    |
S_B_i[0][0][1] | S_C_o[2][0][6] |     4.711 | SLOW    |     2.457 | FAST    |
S_B_i[0][0][1] | S_C_o[2][0][7] |     4.776 | SLOW    |     2.494 | FAST    |
S_B_i[0][0][1] | S_C_o[3][0][1] |     4.286 | SLOW    |     2.226 | FAST    |
S_B_i[0][0][1] | S_C_o[3][0][2] |     4.250 | SLOW    |     2.198 | FAST    |
S_B_i[0][0][1] | S_C_o[3][0][3] |     4.467 | SLOW    |     2.320 | FAST    |
S_B_i[0][0][1] | S_C_o[3][0][4] |     4.489 | SLOW    |     2.334 | FAST    |
S_B_i[0][0][1] | S_C_o[3][0][5] |     4.554 | SLOW    |     2.371 | FAST    |
S_B_i[0][0][1] | S_C_o[3][0][6] |     4.711 | SLOW    |     2.457 | FAST    |
S_B_i[0][0][1] | S_C_o[3][0][7] |     4.776 | SLOW    |     2.494 | FAST    |
S_B_i[0][0][2] | S_C_o[0][0][2] |     4.246 | SLOW    |     2.201 | FAST    |
S_B_i[0][0][2] | S_C_o[0][0][3] |     4.453 | SLOW    |     2.307 | FAST    |
S_B_i[0][0][2] | S_C_o[0][0][4] |     4.475 | SLOW    |     2.321 | FAST    |
S_B_i[0][0][2] | S_C_o[0][0][5] |     4.540 | SLOW    |     2.358 | FAST    |
S_B_i[0][0][2] | S_C_o[0][0][6] |     4.697 | SLOW    |     2.444 | FAST    |
S_B_i[0][0][2] | S_C_o[0][0][7] |     4.762 | SLOW    |     2.481 | FAST    |
S_B_i[0][0][2] | S_C_o[1][0][2] |     4.246 | SLOW    |     2.201 | FAST    |
S_B_i[0][0][2] | S_C_o[1][0][3] |     4.453 | SLOW    |     2.307 | FAST    |
S_B_i[0][0][2] | S_C_o[1][0][4] |     4.475 | SLOW    |     2.321 | FAST    |
S_B_i[0][0][2] | S_C_o[1][0][5] |     4.540 | SLOW    |     2.358 | FAST    |
S_B_i[0][0][2] | S_C_o[1][0][6] |     4.697 | SLOW    |     2.444 | FAST    |
S_B_i[0][0][2] | S_C_o[1][0][7] |     4.762 | SLOW    |     2.481 | FAST    |
S_B_i[0][0][2] | S_C_o[2][0][2] |     4.246 | SLOW    |     2.201 | FAST    |
S_B_i[0][0][2] | S_C_o[2][0][3] |     4.453 | SLOW    |     2.307 | FAST    |
S_B_i[0][0][2] | S_C_o[2][0][4] |     4.475 | SLOW    |     2.321 | FAST    |
S_B_i[0][0][2] | S_C_o[2][0][5] |     4.540 | SLOW    |     2.358 | FAST    |
S_B_i[0][0][2] | S_C_o[2][0][6] |     4.697 | SLOW    |     2.444 | FAST    |
S_B_i[0][0][2] | S_C_o[2][0][7] |     4.762 | SLOW    |     2.481 | FAST    |
S_B_i[0][0][2] | S_C_o[3][0][2] |     4.246 | SLOW    |     2.201 | FAST    |
S_B_i[0][0][2] | S_C_o[3][0][3] |     4.453 | SLOW    |     2.307 | FAST    |
S_B_i[0][0][2] | S_C_o[3][0][4] |     4.475 | SLOW    |     2.321 | FAST    |
S_B_i[0][0][2] | S_C_o[3][0][5] |     4.540 | SLOW    |     2.358 | FAST    |
S_B_i[0][0][2] | S_C_o[3][0][6] |     4.697 | SLOW    |     2.444 | FAST    |
S_B_i[0][0][2] | S_C_o[3][0][7] |     4.762 | SLOW    |     2.481 | FAST    |
S_B_i[0][0][3] | S_C_o[0][0][3] |     4.261 | SLOW    |     2.209 | FAST    |
S_B_i[0][0][3] | S_C_o[0][0][4] |     4.278 | SLOW    |     2.215 | FAST    |
S_B_i[0][0][3] | S_C_o[0][0][5] |     4.261 | SLOW    |     2.209 | FAST    |
S_B_i[0][0][3] | S_C_o[0][0][6] |     4.514 | SLOW    |     2.352 | FAST    |
S_B_i[0][0][3] | S_C_o[0][0][7] |     4.579 | SLOW    |     2.389 | FAST    |
S_B_i[0][0][3] | S_C_o[1][0][3] |     4.261 | SLOW    |     2.209 | FAST    |
S_B_i[0][0][3] | S_C_o[1][0][4] |     4.278 | SLOW    |     2.215 | FAST    |
S_B_i[0][0][3] | S_C_o[1][0][5] |     4.261 | SLOW    |     2.209 | FAST    |
S_B_i[0][0][3] | S_C_o[1][0][6] |     4.514 | SLOW    |     2.352 | FAST    |
S_B_i[0][0][3] | S_C_o[1][0][7] |     4.579 | SLOW    |     2.389 | FAST    |
S_B_i[0][0][3] | S_C_o[2][0][3] |     4.261 | SLOW    |     2.209 | FAST    |
S_B_i[0][0][3] | S_C_o[2][0][4] |     4.278 | SLOW    |     2.215 | FAST    |
S_B_i[0][0][3] | S_C_o[2][0][5] |     4.261 | SLOW    |     2.209 | FAST    |
S_B_i[0][0][3] | S_C_o[2][0][6] |     4.514 | SLOW    |     2.352 | FAST    |
S_B_i[0][0][3] | S_C_o[2][0][7] |     4.579 | SLOW    |     2.389 | FAST    |
S_B_i[0][0][3] | S_C_o[3][0][3] |     4.261 | SLOW    |     2.209 | FAST    |
S_B_i[0][0][3] | S_C_o[3][0][4] |     4.278 | SLOW    |     2.215 | FAST    |
S_B_i[0][0][3] | S_C_o[3][0][5] |     4.261 | SLOW    |     2.209 | FAST    |
S_B_i[0][0][3] | S_C_o[3][0][6] |     4.514 | SLOW    |     2.352 | FAST    |
S_B_i[0][0][3] | S_C_o[3][0][7] |     4.579 | SLOW    |     2.389 | FAST    |
S_B_i[0][0][4] | S_C_o[0][0][4] |     4.286 | SLOW    |     2.226 | FAST    |
S_B_i[0][0][4] | S_C_o[0][0][5] |     4.250 | SLOW    |     2.198 | FAST    |
S_B_i[0][0][4] | S_C_o[0][0][6] |     4.494 | SLOW    |     2.335 | FAST    |
S_B_i[0][0][4] | S_C_o[0][0][7] |     4.559 | SLOW    |     2.372 | FAST    |
S_B_i[0][0][4] | S_C_o[1][0][4] |     4.286 | SLOW    |     2.226 | FAST    |
S_B_i[0][0][4] | S_C_o[1][0][5] |     4.250 | SLOW    |     2.198 | FAST    |
S_B_i[0][0][4] | S_C_o[1][0][6] |     4.494 | SLOW    |     2.335 | FAST    |
S_B_i[0][0][4] | S_C_o[1][0][7] |     4.559 | SLOW    |     2.372 | FAST    |
S_B_i[0][0][4] | S_C_o[2][0][4] |     4.286 | SLOW    |     2.226 | FAST    |
S_B_i[0][0][4] | S_C_o[2][0][5] |     4.250 | SLOW    |     2.198 | FAST    |
S_B_i[0][0][4] | S_C_o[2][0][6] |     4.494 | SLOW    |     2.335 | FAST    |
S_B_i[0][0][4] | S_C_o[2][0][7] |     4.559 | SLOW    |     2.372 | FAST    |
S_B_i[0][0][4] | S_C_o[3][0][4] |     4.286 | SLOW    |     2.226 | FAST    |
S_B_i[0][0][4] | S_C_o[3][0][5] |     4.250 | SLOW    |     2.198 | FAST    |
S_B_i[0][0][4] | S_C_o[3][0][6] |     4.494 | SLOW    |     2.335 | FAST    |
S_B_i[0][0][4] | S_C_o[3][0][7] |     4.559 | SLOW    |     2.372 | FAST    |
S_B_i[0][0][5] | S_C_o[0][0][5] |     4.453 | SLOW    |     2.319 | FAST    |
S_B_i[0][0][5] | S_C_o[0][0][6] |     4.272 | SLOW    |     2.212 | FAST    |
S_B_i[0][0][5] | S_C_o[0][0][7] |     4.250 | SLOW    |     2.198 | FAST    |
S_B_i[0][0][5] | S_C_o[1][0][5] |     4.453 | SLOW    |     2.319 | FAST    |
S_B_i[0][0][5] | S_C_o[1][0][6] |     4.272 | SLOW    |     2.212 | FAST    |
S_B_i[0][0][5] | S_C_o[1][0][7] |     4.250 | SLOW    |     2.198 | FAST    |
S_B_i[0][0][5] | S_C_o[2][0][5] |     4.453 | SLOW    |     2.319 | FAST    |
S_B_i[0][0][5] | S_C_o[2][0][6] |     4.272 | SLOW    |     2.212 | FAST    |
S_B_i[0][0][5] | S_C_o[2][0][7] |     4.250 | SLOW    |     2.198 | FAST    |
S_B_i[0][0][5] | S_C_o[3][0][5] |     4.453 | SLOW    |     2.319 | FAST    |
S_B_i[0][0][5] | S_C_o[3][0][6] |     4.272 | SLOW    |     2.212 | FAST    |
S_B_i[0][0][5] | S_C_o[3][0][7] |     4.250 | SLOW    |     2.198 | FAST    |
S_B_i[0][0][6] | S_C_o[0][0][6] |     4.277 | SLOW    |     2.221 | FAST    |
S_B_i[0][0][6] | S_C_o[0][0][7] |     4.246 | SLOW    |     2.201 | FAST    |
S_B_i[0][0][6] | S_C_o[1][0][6] |     4.277 | SLOW    |     2.221 | FAST    |
S_B_i[0][0][6] | S_C_o[1][0][7] |     4.246 | SLOW    |     2.201 | FAST    |
S_B_i[0][0][6] | S_C_o[2][0][6] |     4.277 | SLOW    |     2.221 | FAST    |
S_B_i[0][0][6] | S_C_o[2][0][7] |     4.246 | SLOW    |     2.201 | FAST    |
S_B_i[0][0][6] | S_C_o[3][0][6] |     4.277 | SLOW    |     2.221 | FAST    |
S_B_i[0][0][6] | S_C_o[3][0][7] |     4.246 | SLOW    |     2.201 | FAST    |
S_B_i[0][0][7] | S_C_o[0][0][7] |     4.428 | SLOW    |     2.306 | FAST    |
S_B_i[0][0][7] | S_C_o[1][0][7] |     4.428 | SLOW    |     2.306 | FAST    |
S_B_i[0][0][7] | S_C_o[2][0][7] |     4.428 | SLOW    |     2.306 | FAST    |
S_B_i[0][0][7] | S_C_o[3][0][7] |     4.428 | SLOW    |     2.306 | FAST    |
S_B_i[0][1][0] | S_C_o[0][1][0] |     4.261 | SLOW    |     2.209 | FAST    |
S_B_i[0][1][0] | S_C_o[0][1][1] |     4.278 | SLOW    |     2.215 | FAST    |
S_B_i[0][1][0] | S_C_o[0][1][2] |     4.256 | SLOW    |     2.201 | FAST    |
S_B_i[0][1][0] | S_C_o[0][1][3] |     4.500 | SLOW    |     2.332 | FAST    |
S_B_i[0][1][0] | S_C_o[0][1][4] |     4.522 | SLOW    |     2.346 | FAST    |
S_B_i[0][1][0] | S_C_o[0][1][5] |     4.587 | SLOW    |     2.383 | FAST    |
S_B_i[0][1][0] | S_C_o[0][1][6] |     4.744 | SLOW    |     2.469 | FAST    |
S_B_i[0][1][0] | S_C_o[0][1][7] |     4.809 | SLOW    |     2.506 | FAST    |
S_B_i[0][1][0] | S_C_o[1][1][0] |     4.261 | SLOW    |     2.209 | FAST    |
S_B_i[0][1][0] | S_C_o[1][1][1] |     4.278 | SLOW    |     2.215 | FAST    |
S_B_i[0][1][0] | S_C_o[1][1][2] |     4.256 | SLOW    |     2.201 | FAST    |
S_B_i[0][1][0] | S_C_o[1][1][3] |     4.500 | SLOW    |     2.332 | FAST    |
S_B_i[0][1][0] | S_C_o[1][1][4] |     4.522 | SLOW    |     2.346 | FAST    |
S_B_i[0][1][0] | S_C_o[1][1][5] |     4.587 | SLOW    |     2.383 | FAST    |
S_B_i[0][1][0] | S_C_o[1][1][6] |     4.744 | SLOW    |     2.469 | FAST    |
S_B_i[0][1][0] | S_C_o[1][1][7] |     4.809 | SLOW    |     2.506 | FAST    |
S_B_i[0][1][0] | S_C_o[2][1][0] |     4.261 | SLOW    |     2.209 | FAST    |
S_B_i[0][1][0] | S_C_o[2][1][1] |     4.278 | SLOW    |     2.215 | FAST    |
S_B_i[0][1][0] | S_C_o[2][1][2] |     4.256 | SLOW    |     2.201 | FAST    |
S_B_i[0][1][0] | S_C_o[2][1][3] |     4.500 | SLOW    |     2.332 | FAST    |
S_B_i[0][1][0] | S_C_o[2][1][4] |     4.522 | SLOW    |     2.346 | FAST    |
S_B_i[0][1][0] | S_C_o[2][1][5] |     4.587 | SLOW    |     2.383 | FAST    |
S_B_i[0][1][0] | S_C_o[2][1][6] |     4.744 | SLOW    |     2.469 | FAST    |
S_B_i[0][1][0] | S_C_o[2][1][7] |     4.809 | SLOW    |     2.506 | FAST    |
S_B_i[0][1][0] | S_C_o[3][1][0] |     4.261 | SLOW    |     2.209 | FAST    |
S_B_i[0][1][0] | S_C_o[3][1][1] |     4.278 | SLOW    |     2.215 | FAST    |
S_B_i[0][1][0] | S_C_o[3][1][2] |     4.256 | SLOW    |     2.201 | FAST    |
S_B_i[0][1][0] | S_C_o[3][1][3] |     4.500 | SLOW    |     2.332 | FAST    |
S_B_i[0][1][0] | S_C_o[3][1][4] |     4.522 | SLOW    |     2.346 | FAST    |
S_B_i[0][1][0] | S_C_o[3][1][5] |     4.587 | SLOW    |     2.383 | FAST    |
S_B_i[0][1][0] | S_C_o[3][1][6] |     4.744 | SLOW    |     2.469 | FAST    |
S_B_i[0][1][0] | S_C_o[3][1][7] |     4.809 | SLOW    |     2.506 | FAST    |
S_B_i[0][1][1] | S_C_o[0][1][1] |     4.286 | SLOW    |     2.226 | FAST    |
S_B_i[0][1][1] | S_C_o[0][1][2] |     4.250 | SLOW    |     2.198 | FAST    |
S_B_i[0][1][1] | S_C_o[0][1][3] |     4.467 | SLOW    |     2.320 | FAST    |
S_B_i[0][1][1] | S_C_o[0][1][4] |     4.489 | SLOW    |     2.334 | FAST    |
S_B_i[0][1][1] | S_C_o[0][1][5] |     4.554 | SLOW    |     2.371 | FAST    |
S_B_i[0][1][1] | S_C_o[0][1][6] |     4.711 | SLOW    |     2.457 | FAST    |
S_B_i[0][1][1] | S_C_o[0][1][7] |     4.776 | SLOW    |     2.494 | FAST    |
S_B_i[0][1][1] | S_C_o[1][1][1] |     4.286 | SLOW    |     2.226 | FAST    |
S_B_i[0][1][1] | S_C_o[1][1][2] |     4.250 | SLOW    |     2.198 | FAST    |
S_B_i[0][1][1] | S_C_o[1][1][3] |     4.467 | SLOW    |     2.320 | FAST    |
S_B_i[0][1][1] | S_C_o[1][1][4] |     4.489 | SLOW    |     2.334 | FAST    |
S_B_i[0][1][1] | S_C_o[1][1][5] |     4.554 | SLOW    |     2.371 | FAST    |
S_B_i[0][1][1] | S_C_o[1][1][6] |     4.711 | SLOW    |     2.457 | FAST    |
S_B_i[0][1][1] | S_C_o[1][1][7] |     4.776 | SLOW    |     2.494 | FAST    |
S_B_i[0][1][1] | S_C_o[2][1][1] |     4.286 | SLOW    |     2.226 | FAST    |
S_B_i[0][1][1] | S_C_o[2][1][2] |     4.250 | SLOW    |     2.198 | FAST    |
S_B_i[0][1][1] | S_C_o[2][1][3] |     4.467 | SLOW    |     2.320 | FAST    |
S_B_i[0][1][1] | S_C_o[2][1][4] |     4.489 | SLOW    |     2.334 | FAST    |
S_B_i[0][1][1] | S_C_o[2][1][5] |     4.554 | SLOW    |     2.371 | FAST    |
S_B_i[0][1][1] | S_C_o[2][1][6] |     4.711 | SLOW    |     2.457 | FAST    |
S_B_i[0][1][1] | S_C_o[2][1][7] |     4.776 | SLOW    |     2.494 | FAST    |
S_B_i[0][1][1] | S_C_o[3][1][1] |     4.286 | SLOW    |     2.226 | FAST    |
S_B_i[0][1][1] | S_C_o[3][1][2] |     4.250 | SLOW    |     2.198 | FAST    |
S_B_i[0][1][1] | S_C_o[3][1][3] |     4.467 | SLOW    |     2.320 | FAST    |
S_B_i[0][1][1] | S_C_o[3][1][4] |     4.489 | SLOW    |     2.334 | FAST    |
S_B_i[0][1][1] | S_C_o[3][1][5] |     4.554 | SLOW    |     2.371 | FAST    |
S_B_i[0][1][1] | S_C_o[3][1][6] |     4.711 | SLOW    |     2.457 | FAST    |
S_B_i[0][1][1] | S_C_o[3][1][7] |     4.776 | SLOW    |     2.494 | FAST    |
S_B_i[0][1][2] | S_C_o[0][1][2] |     4.246 | SLOW    |     2.201 | FAST    |
S_B_i[0][1][2] | S_C_o[0][1][3] |     4.453 | SLOW    |     2.307 | FAST    |
S_B_i[0][1][2] | S_C_o[0][1][4] |     4.475 | SLOW    |     2.321 | FAST    |
S_B_i[0][1][2] | S_C_o[0][1][5] |     4.540 | SLOW    |     2.358 | FAST    |
S_B_i[0][1][2] | S_C_o[0][1][6] |     4.697 | SLOW    |     2.444 | FAST    |
S_B_i[0][1][2] | S_C_o[0][1][7] |     4.762 | SLOW    |     2.481 | FAST    |
S_B_i[0][1][2] | S_C_o[1][1][2] |     4.246 | SLOW    |     2.201 | FAST    |
S_B_i[0][1][2] | S_C_o[1][1][3] |     4.453 | SLOW    |     2.307 | FAST    |
S_B_i[0][1][2] | S_C_o[1][1][4] |     4.475 | SLOW    |     2.321 | FAST    |
S_B_i[0][1][2] | S_C_o[1][1][5] |     4.540 | SLOW    |     2.358 | FAST    |
S_B_i[0][1][2] | S_C_o[1][1][6] |     4.697 | SLOW    |     2.444 | FAST    |
S_B_i[0][1][2] | S_C_o[1][1][7] |     4.762 | SLOW    |     2.481 | FAST    |
S_B_i[0][1][2] | S_C_o[2][1][2] |     4.246 | SLOW    |     2.201 | FAST    |
S_B_i[0][1][2] | S_C_o[2][1][3] |     4.453 | SLOW    |     2.307 | FAST    |
S_B_i[0][1][2] | S_C_o[2][1][4] |     4.475 | SLOW    |     2.321 | FAST    |
S_B_i[0][1][2] | S_C_o[2][1][5] |     4.540 | SLOW    |     2.358 | FAST    |
S_B_i[0][1][2] | S_C_o[2][1][6] |     4.697 | SLOW    |     2.444 | FAST    |
S_B_i[0][1][2] | S_C_o[2][1][7] |     4.762 | SLOW    |     2.481 | FAST    |
S_B_i[0][1][2] | S_C_o[3][1][2] |     4.246 | SLOW    |     2.201 | FAST    |
S_B_i[0][1][2] | S_C_o[3][1][3] |     4.453 | SLOW    |     2.307 | FAST    |
S_B_i[0][1][2] | S_C_o[3][1][4] |     4.475 | SLOW    |     2.321 | FAST    |
S_B_i[0][1][2] | S_C_o[3][1][5] |     4.540 | SLOW    |     2.358 | FAST    |
S_B_i[0][1][2] | S_C_o[3][1][6] |     4.697 | SLOW    |     2.444 | FAST    |
S_B_i[0][1][2] | S_C_o[3][1][7] |     4.762 | SLOW    |     2.481 | FAST    |
S_B_i[0][1][3] | S_C_o[0][1][3] |     4.261 | SLOW    |     2.209 | FAST    |
S_B_i[0][1][3] | S_C_o[0][1][4] |     4.278 | SLOW    |     2.215 | FAST    |
S_B_i[0][1][3] | S_C_o[0][1][5] |     4.261 | SLOW    |     2.209 | FAST    |
S_B_i[0][1][3] | S_C_o[0][1][6] |     4.514 | SLOW    |     2.352 | FAST    |
S_B_i[0][1][3] | S_C_o[0][1][7] |     4.579 | SLOW    |     2.389 | FAST    |
S_B_i[0][1][3] | S_C_o[1][1][3] |     4.261 | SLOW    |     2.209 | FAST    |
S_B_i[0][1][3] | S_C_o[1][1][4] |     4.278 | SLOW    |     2.215 | FAST    |
S_B_i[0][1][3] | S_C_o[1][1][5] |     4.261 | SLOW    |     2.209 | FAST    |
S_B_i[0][1][3] | S_C_o[1][1][6] |     4.514 | SLOW    |     2.352 | FAST    |
S_B_i[0][1][3] | S_C_o[1][1][7] |     4.579 | SLOW    |     2.389 | FAST    |
S_B_i[0][1][3] | S_C_o[2][1][3] |     4.261 | SLOW    |     2.209 | FAST    |
S_B_i[0][1][3] | S_C_o[2][1][4] |     4.278 | SLOW    |     2.215 | FAST    |
S_B_i[0][1][3] | S_C_o[2][1][5] |     4.261 | SLOW    |     2.209 | FAST    |
S_B_i[0][1][3] | S_C_o[2][1][6] |     4.514 | SLOW    |     2.352 | FAST    |
S_B_i[0][1][3] | S_C_o[2][1][7] |     4.579 | SLOW    |     2.389 | FAST    |
S_B_i[0][1][3] | S_C_o[3][1][3] |     4.261 | SLOW    |     2.209 | FAST    |
S_B_i[0][1][3] | S_C_o[3][1][4] |     4.278 | SLOW    |     2.215 | FAST    |
S_B_i[0][1][3] | S_C_o[3][1][5] |     4.261 | SLOW    |     2.209 | FAST    |
S_B_i[0][1][3] | S_C_o[3][1][6] |     4.514 | SLOW    |     2.352 | FAST    |
S_B_i[0][1][3] | S_C_o[3][1][7] |     4.579 | SLOW    |     2.389 | FAST    |
S_B_i[0][1][4] | S_C_o[0][1][4] |     4.286 | SLOW    |     2.226 | FAST    |
S_B_i[0][1][4] | S_C_o[0][1][5] |     4.250 | SLOW    |     2.198 | FAST    |
S_B_i[0][1][4] | S_C_o[0][1][6] |     4.494 | SLOW    |     2.335 | FAST    |
S_B_i[0][1][4] | S_C_o[0][1][7] |     4.559 | SLOW    |     2.372 | FAST    |
S_B_i[0][1][4] | S_C_o[1][1][4] |     4.286 | SLOW    |     2.226 | FAST    |
S_B_i[0][1][4] | S_C_o[1][1][5] |     4.250 | SLOW    |     2.198 | FAST    |
S_B_i[0][1][4] | S_C_o[1][1][6] |     4.494 | SLOW    |     2.335 | FAST    |
S_B_i[0][1][4] | S_C_o[1][1][7] |     4.559 | SLOW    |     2.372 | FAST    |
S_B_i[0][1][4] | S_C_o[2][1][4] |     4.286 | SLOW    |     2.226 | FAST    |
S_B_i[0][1][4] | S_C_o[2][1][5] |     4.250 | SLOW    |     2.198 | FAST    |
S_B_i[0][1][4] | S_C_o[2][1][6] |     4.494 | SLOW    |     2.335 | FAST    |
S_B_i[0][1][4] | S_C_o[2][1][7] |     4.559 | SLOW    |     2.372 | FAST    |
S_B_i[0][1][4] | S_C_o[3][1][4] |     4.286 | SLOW    |     2.226 | FAST    |
S_B_i[0][1][4] | S_C_o[3][1][5] |     4.250 | SLOW    |     2.198 | FAST    |
S_B_i[0][1][4] | S_C_o[3][1][6] |     4.494 | SLOW    |     2.335 | FAST    |
S_B_i[0][1][4] | S_C_o[3][1][7] |     4.559 | SLOW    |     2.372 | FAST    |
S_B_i[0][1][5] | S_C_o[0][1][5] |     4.453 | SLOW    |     2.319 | FAST    |
S_B_i[0][1][5] | S_C_o[0][1][6] |     4.272 | SLOW    |     2.212 | FAST    |
S_B_i[0][1][5] | S_C_o[0][1][7] |     4.250 | SLOW    |     2.198 | FAST    |
S_B_i[0][1][5] | S_C_o[1][1][5] |     4.453 | SLOW    |     2.319 | FAST    |
S_B_i[0][1][5] | S_C_o[1][1][6] |     4.272 | SLOW    |     2.212 | FAST    |
S_B_i[0][1][5] | S_C_o[1][1][7] |     4.250 | SLOW    |     2.198 | FAST    |
S_B_i[0][1][5] | S_C_o[2][1][5] |     4.453 | SLOW    |     2.319 | FAST    |
S_B_i[0][1][5] | S_C_o[2][1][6] |     4.272 | SLOW    |     2.212 | FAST    |
S_B_i[0][1][5] | S_C_o[2][1][7] |     4.250 | SLOW    |     2.198 | FAST    |
S_B_i[0][1][5] | S_C_o[3][1][5] |     4.453 | SLOW    |     2.319 | FAST    |
S_B_i[0][1][5] | S_C_o[3][1][6] |     4.272 | SLOW    |     2.212 | FAST    |
S_B_i[0][1][5] | S_C_o[3][1][7] |     4.250 | SLOW    |     2.198 | FAST    |
S_B_i[0][1][6] | S_C_o[0][1][6] |     4.277 | SLOW    |     2.221 | FAST    |
S_B_i[0][1][6] | S_C_o[0][1][7] |     4.246 | SLOW    |     2.201 | FAST    |
S_B_i[0][1][6] | S_C_o[1][1][6] |     4.277 | SLOW    |     2.221 | FAST    |
S_B_i[0][1][6] | S_C_o[1][1][7] |     4.246 | SLOW    |     2.201 | FAST    |
S_B_i[0][1][6] | S_C_o[2][1][6] |     4.277 | SLOW    |     2.221 | FAST    |
S_B_i[0][1][6] | S_C_o[2][1][7] |     4.246 | SLOW    |     2.201 | FAST    |
S_B_i[0][1][6] | S_C_o[3][1][6] |     4.277 | SLOW    |     2.221 | FAST    |
S_B_i[0][1][6] | S_C_o[3][1][7] |     4.246 | SLOW    |     2.201 | FAST    |
S_B_i[0][1][7] | S_C_o[0][1][7] |     4.459 | SLOW    |     2.326 | FAST    |
S_B_i[0][1][7] | S_C_o[1][1][7] |     4.459 | SLOW    |     2.326 | FAST    |
S_B_i[0][1][7] | S_C_o[2][1][7] |     4.459 | SLOW    |     2.326 | FAST    |
S_B_i[0][1][7] | S_C_o[3][1][7] |     4.459 | SLOW    |     2.326 | FAST    |
S_B_i[0][2][0] | S_C_o[0][2][0] |     4.261 | SLOW    |     2.209 | FAST    |
S_B_i[0][2][0] | S_C_o[0][2][1] |     4.278 | SLOW    |     2.215 | FAST    |
S_B_i[0][2][0] | S_C_o[0][2][2] |     4.256 | SLOW    |     2.201 | FAST    |
S_B_i[0][2][0] | S_C_o[0][2][3] |     4.500 | SLOW    |     2.332 | FAST    |
S_B_i[0][2][0] | S_C_o[0][2][4] |     4.522 | SLOW    |     2.346 | FAST    |
S_B_i[0][2][0] | S_C_o[0][2][5] |     4.587 | SLOW    |     2.383 | FAST    |
S_B_i[0][2][0] | S_C_o[0][2][6] |     4.744 | SLOW    |     2.469 | FAST    |
S_B_i[0][2][0] | S_C_o[0][2][7] |     4.809 | SLOW    |     2.506 | FAST    |
S_B_i[0][2][0] | S_C_o[1][2][0] |     4.261 | SLOW    |     2.209 | FAST    |
S_B_i[0][2][0] | S_C_o[1][2][1] |     4.278 | SLOW    |     2.215 | FAST    |
S_B_i[0][2][0] | S_C_o[1][2][2] |     4.256 | SLOW    |     2.201 | FAST    |
S_B_i[0][2][0] | S_C_o[1][2][3] |     4.500 | SLOW    |     2.332 | FAST    |
S_B_i[0][2][0] | S_C_o[1][2][4] |     4.522 | SLOW    |     2.346 | FAST    |
S_B_i[0][2][0] | S_C_o[1][2][5] |     4.587 | SLOW    |     2.383 | FAST    |
S_B_i[0][2][0] | S_C_o[1][2][6] |     4.744 | SLOW    |     2.469 | FAST    |
S_B_i[0][2][0] | S_C_o[1][2][7] |     4.809 | SLOW    |     2.506 | FAST    |
S_B_i[0][2][0] | S_C_o[2][2][0] |     4.261 | SLOW    |     2.209 | FAST    |
S_B_i[0][2][0] | S_C_o[2][2][1] |     4.278 | SLOW    |     2.215 | FAST    |
S_B_i[0][2][0] | S_C_o[2][2][2] |     4.256 | SLOW    |     2.201 | FAST    |
S_B_i[0][2][0] | S_C_o[2][2][3] |     4.500 | SLOW    |     2.332 | FAST    |
S_B_i[0][2][0] | S_C_o[2][2][4] |     4.522 | SLOW    |     2.346 | FAST    |
S_B_i[0][2][0] | S_C_o[2][2][5] |     4.587 | SLOW    |     2.383 | FAST    |
S_B_i[0][2][0] | S_C_o[2][2][6] |     4.744 | SLOW    |     2.469 | FAST    |
S_B_i[0][2][0] | S_C_o[2][2][7] |     4.809 | SLOW    |     2.506 | FAST    |
S_B_i[0][2][0] | S_C_o[3][2][0] |     4.261 | SLOW    |     2.209 | FAST    |
S_B_i[0][2][0] | S_C_o[3][2][1] |     4.278 | SLOW    |     2.215 | FAST    |
S_B_i[0][2][0] | S_C_o[3][2][2] |     4.256 | SLOW    |     2.201 | FAST    |
S_B_i[0][2][0] | S_C_o[3][2][3] |     4.500 | SLOW    |     2.332 | FAST    |
S_B_i[0][2][0] | S_C_o[3][2][4] |     4.522 | SLOW    |     2.346 | FAST    |
S_B_i[0][2][0] | S_C_o[3][2][5] |     4.587 | SLOW    |     2.383 | FAST    |
S_B_i[0][2][0] | S_C_o[3][2][6] |     4.744 | SLOW    |     2.469 | FAST    |
S_B_i[0][2][0] | S_C_o[3][2][7] |     4.809 | SLOW    |     2.506 | FAST    |
S_B_i[0][2][1] | S_C_o[0][2][1] |     4.286 | SLOW    |     2.226 | FAST    |
S_B_i[0][2][1] | S_C_o[0][2][2] |     4.250 | SLOW    |     2.198 | FAST    |
S_B_i[0][2][1] | S_C_o[0][2][3] |     4.467 | SLOW    |     2.320 | FAST    |
S_B_i[0][2][1] | S_C_o[0][2][4] |     4.489 | SLOW    |     2.334 | FAST    |
S_B_i[0][2][1] | S_C_o[0][2][5] |     4.554 | SLOW    |     2.371 | FAST    |
S_B_i[0][2][1] | S_C_o[0][2][6] |     4.711 | SLOW    |     2.457 | FAST    |
S_B_i[0][2][1] | S_C_o[0][2][7] |     4.776 | SLOW    |     2.494 | FAST    |
S_B_i[0][2][1] | S_C_o[1][2][1] |     4.286 | SLOW    |     2.226 | FAST    |
S_B_i[0][2][1] | S_C_o[1][2][2] |     4.250 | SLOW    |     2.198 | FAST    |
S_B_i[0][2][1] | S_C_o[1][2][3] |     4.467 | SLOW    |     2.320 | FAST    |
S_B_i[0][2][1] | S_C_o[1][2][4] |     4.489 | SLOW    |     2.334 | FAST    |
S_B_i[0][2][1] | S_C_o[1][2][5] |     4.554 | SLOW    |     2.371 | FAST    |
S_B_i[0][2][1] | S_C_o[1][2][6] |     4.711 | SLOW    |     2.457 | FAST    |
S_B_i[0][2][1] | S_C_o[1][2][7] |     4.776 | SLOW    |     2.494 | FAST    |
S_B_i[0][2][1] | S_C_o[2][2][1] |     4.286 | SLOW    |     2.226 | FAST    |
S_B_i[0][2][1] | S_C_o[2][2][2] |     4.250 | SLOW    |     2.198 | FAST    |
S_B_i[0][2][1] | S_C_o[2][2][3] |     4.467 | SLOW    |     2.320 | FAST    |
S_B_i[0][2][1] | S_C_o[2][2][4] |     4.489 | SLOW    |     2.334 | FAST    |
S_B_i[0][2][1] | S_C_o[2][2][5] |     4.554 | SLOW    |     2.371 | FAST    |
S_B_i[0][2][1] | S_C_o[2][2][6] |     4.711 | SLOW    |     2.457 | FAST    |
S_B_i[0][2][1] | S_C_o[2][2][7] |     4.776 | SLOW    |     2.494 | FAST    |
S_B_i[0][2][1] | S_C_o[3][2][1] |     4.286 | SLOW    |     2.226 | FAST    |
S_B_i[0][2][1] | S_C_o[3][2][2] |     4.250 | SLOW    |     2.198 | FAST    |
S_B_i[0][2][1] | S_C_o[3][2][3] |     4.467 | SLOW    |     2.320 | FAST    |
S_B_i[0][2][1] | S_C_o[3][2][4] |     4.489 | SLOW    |     2.334 | FAST    |
S_B_i[0][2][1] | S_C_o[3][2][5] |     4.554 | SLOW    |     2.371 | FAST    |
S_B_i[0][2][1] | S_C_o[3][2][6] |     4.711 | SLOW    |     2.457 | FAST    |
S_B_i[0][2][1] | S_C_o[3][2][7] |     4.776 | SLOW    |     2.494 | FAST    |
S_B_i[0][2][2] | S_C_o[0][2][2] |     4.246 | SLOW    |     2.201 | FAST    |
S_B_i[0][2][2] | S_C_o[0][2][3] |     4.453 | SLOW    |     2.307 | FAST    |
S_B_i[0][2][2] | S_C_o[0][2][4] |     4.475 | SLOW    |     2.321 | FAST    |
S_B_i[0][2][2] | S_C_o[0][2][5] |     4.540 | SLOW    |     2.358 | FAST    |
S_B_i[0][2][2] | S_C_o[0][2][6] |     4.697 | SLOW    |     2.444 | FAST    |
S_B_i[0][2][2] | S_C_o[0][2][7] |     4.762 | SLOW    |     2.481 | FAST    |
S_B_i[0][2][2] | S_C_o[1][2][2] |     4.246 | SLOW    |     2.201 | FAST    |
S_B_i[0][2][2] | S_C_o[1][2][3] |     4.453 | SLOW    |     2.307 | FAST    |
S_B_i[0][2][2] | S_C_o[1][2][4] |     4.475 | SLOW    |     2.321 | FAST    |
S_B_i[0][2][2] | S_C_o[1][2][5] |     4.540 | SLOW    |     2.358 | FAST    |
S_B_i[0][2][2] | S_C_o[1][2][6] |     4.697 | SLOW    |     2.444 | FAST    |
S_B_i[0][2][2] | S_C_o[1][2][7] |     4.762 | SLOW    |     2.481 | FAST    |
S_B_i[0][2][2] | S_C_o[2][2][2] |     4.246 | SLOW    |     2.201 | FAST    |
S_B_i[0][2][2] | S_C_o[2][2][3] |     4.453 | SLOW    |     2.307 | FAST    |
S_B_i[0][2][2] | S_C_o[2][2][4] |     4.475 | SLOW    |     2.321 | FAST    |
S_B_i[0][2][2] | S_C_o[2][2][5] |     4.540 | SLOW    |     2.358 | FAST    |
S_B_i[0][2][2] | S_C_o[2][2][6] |     4.697 | SLOW    |     2.444 | FAST    |
S_B_i[0][2][2] | S_C_o[2][2][7] |     4.762 | SLOW    |     2.481 | FAST    |
S_B_i[0][2][2] | S_C_o[3][2][2] |     4.246 | SLOW    |     2.201 | FAST    |
S_B_i[0][2][2] | S_C_o[3][2][3] |     4.453 | SLOW    |     2.307 | FAST    |
S_B_i[0][2][2] | S_C_o[3][2][4] |     4.475 | SLOW    |     2.321 | FAST    |
S_B_i[0][2][2] | S_C_o[3][2][5] |     4.540 | SLOW    |     2.358 | FAST    |
S_B_i[0][2][2] | S_C_o[3][2][6] |     4.697 | SLOW    |     2.444 | FAST    |
S_B_i[0][2][2] | S_C_o[3][2][7] |     4.762 | SLOW    |     2.481 | FAST    |
S_B_i[0][2][3] | S_C_o[0][2][3] |     4.261 | SLOW    |     2.209 | FAST    |
S_B_i[0][2][3] | S_C_o[0][2][4] |     4.278 | SLOW    |     2.215 | FAST    |
S_B_i[0][2][3] | S_C_o[0][2][5] |     4.261 | SLOW    |     2.209 | FAST    |
S_B_i[0][2][3] | S_C_o[0][2][6] |     4.514 | SLOW    |     2.352 | FAST    |
S_B_i[0][2][3] | S_C_o[0][2][7] |     4.579 | SLOW    |     2.389 | FAST    |
S_B_i[0][2][3] | S_C_o[1][2][3] |     4.261 | SLOW    |     2.209 | FAST    |
S_B_i[0][2][3] | S_C_o[1][2][4] |     4.278 | SLOW    |     2.215 | FAST    |
S_B_i[0][2][3] | S_C_o[1][2][5] |     4.261 | SLOW    |     2.209 | FAST    |
S_B_i[0][2][3] | S_C_o[1][2][6] |     4.514 | SLOW    |     2.352 | FAST    |
S_B_i[0][2][3] | S_C_o[1][2][7] |     4.579 | SLOW    |     2.389 | FAST    |
S_B_i[0][2][3] | S_C_o[2][2][3] |     4.261 | SLOW    |     2.209 | FAST    |
S_B_i[0][2][3] | S_C_o[2][2][4] |     4.278 | SLOW    |     2.215 | FAST    |
S_B_i[0][2][3] | S_C_o[2][2][5] |     4.261 | SLOW    |     2.209 | FAST    |
S_B_i[0][2][3] | S_C_o[2][2][6] |     4.514 | SLOW    |     2.352 | FAST    |
S_B_i[0][2][3] | S_C_o[2][2][7] |     4.579 | SLOW    |     2.389 | FAST    |
S_B_i[0][2][3] | S_C_o[3][2][3] |     4.261 | SLOW    |     2.209 | FAST    |
S_B_i[0][2][3] | S_C_o[3][2][4] |     4.278 | SLOW    |     2.215 | FAST    |
S_B_i[0][2][3] | S_C_o[3][2][5] |     4.261 | SLOW    |     2.209 | FAST    |
S_B_i[0][2][3] | S_C_o[3][2][6] |     4.514 | SLOW    |     2.352 | FAST    |
S_B_i[0][2][3] | S_C_o[3][2][7] |     4.579 | SLOW    |     2.389 | FAST    |
S_B_i[0][2][4] | S_C_o[0][2][4] |     4.286 | SLOW    |     2.226 | FAST    |
S_B_i[0][2][4] | S_C_o[0][2][5] |     4.250 | SLOW    |     2.198 | FAST    |
S_B_i[0][2][4] | S_C_o[0][2][6] |     4.494 | SLOW    |     2.335 | FAST    |
S_B_i[0][2][4] | S_C_o[0][2][7] |     4.559 | SLOW    |     2.372 | FAST    |
S_B_i[0][2][4] | S_C_o[1][2][4] |     4.286 | SLOW    |     2.226 | FAST    |
S_B_i[0][2][4] | S_C_o[1][2][5] |     4.250 | SLOW    |     2.198 | FAST    |
S_B_i[0][2][4] | S_C_o[1][2][6] |     4.494 | SLOW    |     2.335 | FAST    |
S_B_i[0][2][4] | S_C_o[1][2][7] |     4.559 | SLOW    |     2.372 | FAST    |
S_B_i[0][2][4] | S_C_o[2][2][4] |     4.286 | SLOW    |     2.226 | FAST    |
S_B_i[0][2][4] | S_C_o[2][2][5] |     4.250 | SLOW    |     2.198 | FAST    |
S_B_i[0][2][4] | S_C_o[2][2][6] |     4.494 | SLOW    |     2.335 | FAST    |
S_B_i[0][2][4] | S_C_o[2][2][7] |     4.559 | SLOW    |     2.372 | FAST    |
S_B_i[0][2][4] | S_C_o[3][2][4] |     4.286 | SLOW    |     2.226 | FAST    |
S_B_i[0][2][4] | S_C_o[3][2][5] |     4.250 | SLOW    |     2.198 | FAST    |
S_B_i[0][2][4] | S_C_o[3][2][6] |     4.494 | SLOW    |     2.335 | FAST    |
S_B_i[0][2][4] | S_C_o[3][2][7] |     4.559 | SLOW    |     2.372 | FAST    |
S_B_i[0][2][5] | S_C_o[0][2][5] |     4.453 | SLOW    |     2.319 | FAST    |
S_B_i[0][2][5] | S_C_o[0][2][6] |     4.272 | SLOW    |     2.212 | FAST    |
S_B_i[0][2][5] | S_C_o[0][2][7] |     4.250 | SLOW    |     2.198 | FAST    |
S_B_i[0][2][5] | S_C_o[1][2][5] |     4.453 | SLOW    |     2.319 | FAST    |
S_B_i[0][2][5] | S_C_o[1][2][6] |     4.272 | SLOW    |     2.212 | FAST    |
S_B_i[0][2][5] | S_C_o[1][2][7] |     4.250 | SLOW    |     2.198 | FAST    |
S_B_i[0][2][5] | S_C_o[2][2][5] |     4.453 | SLOW    |     2.319 | FAST    |
S_B_i[0][2][5] | S_C_o[2][2][6] |     4.272 | SLOW    |     2.212 | FAST    |
S_B_i[0][2][5] | S_C_o[2][2][7] |     4.250 | SLOW    |     2.198 | FAST    |
S_B_i[0][2][5] | S_C_o[3][2][5] |     4.453 | SLOW    |     2.319 | FAST    |
S_B_i[0][2][5] | S_C_o[3][2][6] |     4.272 | SLOW    |     2.212 | FAST    |
S_B_i[0][2][5] | S_C_o[3][2][7] |     4.250 | SLOW    |     2.198 | FAST    |
S_B_i[0][2][6] | S_C_o[0][2][6] |     4.277 | SLOW    |     2.221 | FAST    |
S_B_i[0][2][6] | S_C_o[0][2][7] |     4.246 | SLOW    |     2.201 | FAST    |
S_B_i[0][2][6] | S_C_o[1][2][6] |     4.277 | SLOW    |     2.221 | FAST    |
S_B_i[0][2][6] | S_C_o[1][2][7] |     4.246 | SLOW    |     2.201 | FAST    |
S_B_i[0][2][6] | S_C_o[2][2][6] |     4.277 | SLOW    |     2.221 | FAST    |
S_B_i[0][2][6] | S_C_o[2][2][7] |     4.246 | SLOW    |     2.201 | FAST    |
S_B_i[0][2][6] | S_C_o[3][2][6] |     4.277 | SLOW    |     2.221 | FAST    |
S_B_i[0][2][6] | S_C_o[3][2][7] |     4.246 | SLOW    |     2.201 | FAST    |
S_B_i[0][2][7] | S_C_o[0][2][7] |     4.428 | SLOW    |     2.306 | FAST    |
S_B_i[0][2][7] | S_C_o[1][2][7] |     4.428 | SLOW    |     2.306 | FAST    |
S_B_i[0][2][7] | S_C_o[2][2][7] |     4.428 | SLOW    |     2.306 | FAST    |
S_B_i[0][2][7] | S_C_o[3][2][7] |     4.428 | SLOW    |     2.306 | FAST    |
S_B_i[0][3][0] | S_C_o[0][3][0] |     4.261 | SLOW    |     2.209 | FAST    |
S_B_i[0][3][0] | S_C_o[0][3][1] |     4.278 | SLOW    |     2.215 | FAST    |
S_B_i[0][3][0] | S_C_o[0][3][2] |     4.256 | SLOW    |     2.201 | FAST    |
S_B_i[0][3][0] | S_C_o[0][3][3] |     4.500 | SLOW    |     2.332 | FAST    |
S_B_i[0][3][0] | S_C_o[0][3][4] |     4.522 | SLOW    |     2.346 | FAST    |
S_B_i[0][3][0] | S_C_o[0][3][5] |     4.587 | SLOW    |     2.383 | FAST    |
S_B_i[0][3][0] | S_C_o[0][3][6] |     4.744 | SLOW    |     2.469 | FAST    |
S_B_i[0][3][0] | S_C_o[0][3][7] |     4.809 | SLOW    |     2.506 | FAST    |
S_B_i[0][3][0] | S_C_o[1][3][0] |     4.261 | SLOW    |     2.209 | FAST    |
S_B_i[0][3][0] | S_C_o[1][3][1] |     4.278 | SLOW    |     2.215 | FAST    |
S_B_i[0][3][0] | S_C_o[1][3][2] |     4.256 | SLOW    |     2.201 | FAST    |
S_B_i[0][3][0] | S_C_o[1][3][3] |     4.500 | SLOW    |     2.332 | FAST    |
S_B_i[0][3][0] | S_C_o[1][3][4] |     4.522 | SLOW    |     2.346 | FAST    |
S_B_i[0][3][0] | S_C_o[1][3][5] |     4.587 | SLOW    |     2.383 | FAST    |
S_B_i[0][3][0] | S_C_o[1][3][6] |     4.744 | SLOW    |     2.469 | FAST    |
S_B_i[0][3][0] | S_C_o[1][3][7] |     4.809 | SLOW    |     2.506 | FAST    |
S_B_i[0][3][0] | S_C_o[2][3][0] |     4.261 | SLOW    |     2.209 | FAST    |
S_B_i[0][3][0] | S_C_o[2][3][1] |     4.278 | SLOW    |     2.215 | FAST    |
S_B_i[0][3][0] | S_C_o[2][3][2] |     4.256 | SLOW    |     2.201 | FAST    |
S_B_i[0][3][0] | S_C_o[2][3][3] |     4.500 | SLOW    |     2.332 | FAST    |
S_B_i[0][3][0] | S_C_o[2][3][4] |     4.522 | SLOW    |     2.346 | FAST    |
S_B_i[0][3][0] | S_C_o[2][3][5] |     4.587 | SLOW    |     2.383 | FAST    |
S_B_i[0][3][0] | S_C_o[2][3][6] |     4.744 | SLOW    |     2.469 | FAST    |
S_B_i[0][3][0] | S_C_o[2][3][7] |     4.809 | SLOW    |     2.506 | FAST    |
S_B_i[0][3][0] | S_C_o[3][3][0] |     4.261 | SLOW    |     2.209 | FAST    |
S_B_i[0][3][0] | S_C_o[3][3][1] |     4.278 | SLOW    |     2.215 | FAST    |
S_B_i[0][3][0] | S_C_o[3][3][2] |     4.256 | SLOW    |     2.201 | FAST    |
S_B_i[0][3][0] | S_C_o[3][3][3] |     4.500 | SLOW    |     2.332 | FAST    |
S_B_i[0][3][0] | S_C_o[3][3][4] |     4.522 | SLOW    |     2.346 | FAST    |
S_B_i[0][3][0] | S_C_o[3][3][5] |     4.587 | SLOW    |     2.383 | FAST    |
S_B_i[0][3][0] | S_C_o[3][3][6] |     4.744 | SLOW    |     2.469 | FAST    |
S_B_i[0][3][0] | S_C_o[3][3][7] |     4.809 | SLOW    |     2.506 | FAST    |
S_B_i[0][3][1] | S_C_o[0][3][1] |     4.286 | SLOW    |     2.226 | FAST    |
S_B_i[0][3][1] | S_C_o[0][3][2] |     4.250 | SLOW    |     2.198 | FAST    |
S_B_i[0][3][1] | S_C_o[0][3][3] |     4.467 | SLOW    |     2.320 | FAST    |
S_B_i[0][3][1] | S_C_o[0][3][4] |     4.489 | SLOW    |     2.334 | FAST    |
S_B_i[0][3][1] | S_C_o[0][3][5] |     4.554 | SLOW    |     2.371 | FAST    |
S_B_i[0][3][1] | S_C_o[0][3][6] |     4.711 | SLOW    |     2.457 | FAST    |
S_B_i[0][3][1] | S_C_o[0][3][7] |     4.776 | SLOW    |     2.494 | FAST    |
S_B_i[0][3][1] | S_C_o[1][3][1] |     4.286 | SLOW    |     2.226 | FAST    |
S_B_i[0][3][1] | S_C_o[1][3][2] |     4.250 | SLOW    |     2.198 | FAST    |
S_B_i[0][3][1] | S_C_o[1][3][3] |     4.467 | SLOW    |     2.320 | FAST    |
S_B_i[0][3][1] | S_C_o[1][3][4] |     4.489 | SLOW    |     2.334 | FAST    |
S_B_i[0][3][1] | S_C_o[1][3][5] |     4.554 | SLOW    |     2.371 | FAST    |
S_B_i[0][3][1] | S_C_o[1][3][6] |     4.711 | SLOW    |     2.457 | FAST    |
S_B_i[0][3][1] | S_C_o[1][3][7] |     4.776 | SLOW    |     2.494 | FAST    |
S_B_i[0][3][1] | S_C_o[2][3][1] |     4.286 | SLOW    |     2.226 | FAST    |
S_B_i[0][3][1] | S_C_o[2][3][2] |     4.250 | SLOW    |     2.198 | FAST    |
S_B_i[0][3][1] | S_C_o[2][3][3] |     4.467 | SLOW    |     2.320 | FAST    |
S_B_i[0][3][1] | S_C_o[2][3][4] |     4.489 | SLOW    |     2.334 | FAST    |
S_B_i[0][3][1] | S_C_o[2][3][5] |     4.554 | SLOW    |     2.371 | FAST    |
S_B_i[0][3][1] | S_C_o[2][3][6] |     4.711 | SLOW    |     2.457 | FAST    |
S_B_i[0][3][1] | S_C_o[2][3][7] |     4.776 | SLOW    |     2.494 | FAST    |
S_B_i[0][3][1] | S_C_o[3][3][1] |     4.286 | SLOW    |     2.226 | FAST    |
S_B_i[0][3][1] | S_C_o[3][3][2] |     4.250 | SLOW    |     2.198 | FAST    |
S_B_i[0][3][1] | S_C_o[3][3][3] |     4.467 | SLOW    |     2.320 | FAST    |
S_B_i[0][3][1] | S_C_o[3][3][4] |     4.489 | SLOW    |     2.334 | FAST    |
S_B_i[0][3][1] | S_C_o[3][3][5] |     4.554 | SLOW    |     2.371 | FAST    |
S_B_i[0][3][1] | S_C_o[3][3][6] |     4.711 | SLOW    |     2.457 | FAST    |
S_B_i[0][3][1] | S_C_o[3][3][7] |     4.776 | SLOW    |     2.494 | FAST    |
S_B_i[0][3][2] | S_C_o[0][3][2] |     4.246 | SLOW    |     2.201 | FAST    |
S_B_i[0][3][2] | S_C_o[0][3][3] |     4.453 | SLOW    |     2.307 | FAST    |
S_B_i[0][3][2] | S_C_o[0][3][4] |     4.475 | SLOW    |     2.321 | FAST    |
S_B_i[0][3][2] | S_C_o[0][3][5] |     4.540 | SLOW    |     2.358 | FAST    |
S_B_i[0][3][2] | S_C_o[0][3][6] |     4.697 | SLOW    |     2.444 | FAST    |
S_B_i[0][3][2] | S_C_o[0][3][7] |     4.762 | SLOW    |     2.481 | FAST    |
S_B_i[0][3][2] | S_C_o[1][3][2] |     4.246 | SLOW    |     2.201 | FAST    |
S_B_i[0][3][2] | S_C_o[1][3][3] |     4.453 | SLOW    |     2.307 | FAST    |
S_B_i[0][3][2] | S_C_o[1][3][4] |     4.475 | SLOW    |     2.321 | FAST    |
S_B_i[0][3][2] | S_C_o[1][3][5] |     4.540 | SLOW    |     2.358 | FAST    |
S_B_i[0][3][2] | S_C_o[1][3][6] |     4.697 | SLOW    |     2.444 | FAST    |
S_B_i[0][3][2] | S_C_o[1][3][7] |     4.762 | SLOW    |     2.481 | FAST    |
S_B_i[0][3][2] | S_C_o[2][3][2] |     4.246 | SLOW    |     2.201 | FAST    |
S_B_i[0][3][2] | S_C_o[2][3][3] |     4.453 | SLOW    |     2.307 | FAST    |
S_B_i[0][3][2] | S_C_o[2][3][4] |     4.475 | SLOW    |     2.321 | FAST    |
S_B_i[0][3][2] | S_C_o[2][3][5] |     4.540 | SLOW    |     2.358 | FAST    |
S_B_i[0][3][2] | S_C_o[2][3][6] |     4.697 | SLOW    |     2.444 | FAST    |
S_B_i[0][3][2] | S_C_o[2][3][7] |     4.762 | SLOW    |     2.481 | FAST    |
S_B_i[0][3][2] | S_C_o[3][3][2] |     4.246 | SLOW    |     2.201 | FAST    |
S_B_i[0][3][2] | S_C_o[3][3][3] |     4.453 | SLOW    |     2.307 | FAST    |
S_B_i[0][3][2] | S_C_o[3][3][4] |     4.475 | SLOW    |     2.321 | FAST    |
S_B_i[0][3][2] | S_C_o[3][3][5] |     4.540 | SLOW    |     2.358 | FAST    |
S_B_i[0][3][2] | S_C_o[3][3][6] |     4.697 | SLOW    |     2.444 | FAST    |
S_B_i[0][3][2] | S_C_o[3][3][7] |     4.762 | SLOW    |     2.481 | FAST    |
S_B_i[0][3][3] | S_C_o[0][3][3] |     4.261 | SLOW    |     2.209 | FAST    |
S_B_i[0][3][3] | S_C_o[0][3][4] |     4.278 | SLOW    |     2.215 | FAST    |
S_B_i[0][3][3] | S_C_o[0][3][5] |     4.261 | SLOW    |     2.209 | FAST    |
S_B_i[0][3][3] | S_C_o[0][3][6] |     4.514 | SLOW    |     2.352 | FAST    |
S_B_i[0][3][3] | S_C_o[0][3][7] |     4.579 | SLOW    |     2.389 | FAST    |
S_B_i[0][3][3] | S_C_o[1][3][3] |     4.261 | SLOW    |     2.209 | FAST    |
S_B_i[0][3][3] | S_C_o[1][3][4] |     4.278 | SLOW    |     2.215 | FAST    |
S_B_i[0][3][3] | S_C_o[1][3][5] |     4.261 | SLOW    |     2.209 | FAST    |
S_B_i[0][3][3] | S_C_o[1][3][6] |     4.514 | SLOW    |     2.352 | FAST    |
S_B_i[0][3][3] | S_C_o[1][3][7] |     4.579 | SLOW    |     2.389 | FAST    |
S_B_i[0][3][3] | S_C_o[2][3][3] |     4.261 | SLOW    |     2.209 | FAST    |
S_B_i[0][3][3] | S_C_o[2][3][4] |     4.278 | SLOW    |     2.215 | FAST    |
S_B_i[0][3][3] | S_C_o[2][3][5] |     4.261 | SLOW    |     2.209 | FAST    |
S_B_i[0][3][3] | S_C_o[2][3][6] |     4.514 | SLOW    |     2.352 | FAST    |
S_B_i[0][3][3] | S_C_o[2][3][7] |     4.579 | SLOW    |     2.389 | FAST    |
S_B_i[0][3][3] | S_C_o[3][3][3] |     4.261 | SLOW    |     2.209 | FAST    |
S_B_i[0][3][3] | S_C_o[3][3][4] |     4.278 | SLOW    |     2.215 | FAST    |
S_B_i[0][3][3] | S_C_o[3][3][5] |     4.261 | SLOW    |     2.209 | FAST    |
S_B_i[0][3][3] | S_C_o[3][3][6] |     4.514 | SLOW    |     2.352 | FAST    |
S_B_i[0][3][3] | S_C_o[3][3][7] |     4.579 | SLOW    |     2.389 | FAST    |
S_B_i[0][3][4] | S_C_o[0][3][4] |     4.286 | SLOW    |     2.226 | FAST    |
S_B_i[0][3][4] | S_C_o[0][3][5] |     4.250 | SLOW    |     2.198 | FAST    |
S_B_i[0][3][4] | S_C_o[0][3][6] |     4.494 | SLOW    |     2.335 | FAST    |
S_B_i[0][3][4] | S_C_o[0][3][7] |     4.559 | SLOW    |     2.372 | FAST    |
S_B_i[0][3][4] | S_C_o[1][3][4] |     4.286 | SLOW    |     2.226 | FAST    |
S_B_i[0][3][4] | S_C_o[1][3][5] |     4.250 | SLOW    |     2.198 | FAST    |
S_B_i[0][3][4] | S_C_o[1][3][6] |     4.494 | SLOW    |     2.335 | FAST    |
S_B_i[0][3][4] | S_C_o[1][3][7] |     4.559 | SLOW    |     2.372 | FAST    |
S_B_i[0][3][4] | S_C_o[2][3][4] |     4.286 | SLOW    |     2.226 | FAST    |
S_B_i[0][3][4] | S_C_o[2][3][5] |     4.250 | SLOW    |     2.198 | FAST    |
S_B_i[0][3][4] | S_C_o[2][3][6] |     4.494 | SLOW    |     2.335 | FAST    |
S_B_i[0][3][4] | S_C_o[2][3][7] |     4.559 | SLOW    |     2.372 | FAST    |
S_B_i[0][3][4] | S_C_o[3][3][4] |     4.286 | SLOW    |     2.226 | FAST    |
S_B_i[0][3][4] | S_C_o[3][3][5] |     4.250 | SLOW    |     2.198 | FAST    |
S_B_i[0][3][4] | S_C_o[3][3][6] |     4.494 | SLOW    |     2.335 | FAST    |
S_B_i[0][3][4] | S_C_o[3][3][7] |     4.559 | SLOW    |     2.372 | FAST    |
S_B_i[0][3][5] | S_C_o[0][3][5] |     4.453 | SLOW    |     2.319 | FAST    |
S_B_i[0][3][5] | S_C_o[0][3][6] |     4.272 | SLOW    |     2.212 | FAST    |
S_B_i[0][3][5] | S_C_o[0][3][7] |     4.250 | SLOW    |     2.198 | FAST    |
S_B_i[0][3][5] | S_C_o[1][3][5] |     4.453 | SLOW    |     2.319 | FAST    |
S_B_i[0][3][5] | S_C_o[1][3][6] |     4.272 | SLOW    |     2.212 | FAST    |
S_B_i[0][3][5] | S_C_o[1][3][7] |     4.250 | SLOW    |     2.198 | FAST    |
S_B_i[0][3][5] | S_C_o[2][3][5] |     4.453 | SLOW    |     2.319 | FAST    |
S_B_i[0][3][5] | S_C_o[2][3][6] |     4.272 | SLOW    |     2.212 | FAST    |
S_B_i[0][3][5] | S_C_o[2][3][7] |     4.250 | SLOW    |     2.198 | FAST    |
S_B_i[0][3][5] | S_C_o[3][3][5] |     4.453 | SLOW    |     2.319 | FAST    |
S_B_i[0][3][5] | S_C_o[3][3][6] |     4.272 | SLOW    |     2.212 | FAST    |
S_B_i[0][3][5] | S_C_o[3][3][7] |     4.250 | SLOW    |     2.198 | FAST    |
S_B_i[0][3][6] | S_C_o[0][3][6] |     4.277 | SLOW    |     2.221 | FAST    |
S_B_i[0][3][6] | S_C_o[0][3][7] |     4.246 | SLOW    |     2.201 | FAST    |
S_B_i[0][3][6] | S_C_o[1][3][6] |     4.277 | SLOW    |     2.221 | FAST    |
S_B_i[0][3][6] | S_C_o[1][3][7] |     4.246 | SLOW    |     2.201 | FAST    |
S_B_i[0][3][6] | S_C_o[2][3][6] |     4.277 | SLOW    |     2.221 | FAST    |
S_B_i[0][3][6] | S_C_o[2][3][7] |     4.246 | SLOW    |     2.201 | FAST    |
S_B_i[0][3][6] | S_C_o[3][3][6] |     4.277 | SLOW    |     2.221 | FAST    |
S_B_i[0][3][6] | S_C_o[3][3][7] |     4.246 | SLOW    |     2.201 | FAST    |
S_B_i[0][3][7] | S_C_o[0][3][7] |     4.459 | SLOW    |     2.326 | FAST    |
S_B_i[0][3][7] | S_C_o[1][3][7] |     4.459 | SLOW    |     2.326 | FAST    |
S_B_i[0][3][7] | S_C_o[2][3][7] |     4.459 | SLOW    |     2.326 | FAST    |
S_B_i[0][3][7] | S_C_o[3][3][7] |     4.459 | SLOW    |     2.326 | FAST    |
---------------+----------------+-----------+---------+-----------+---------+



