Copyright 1986-2022 Xilinx, Inc. All Rights Reserved. Copyright 2022-2024 Advanced Micro Devices, Inc. All Rights Reserved.
---------------------------------------------------------------------------------------------------------------------------------------------------------------------------------------------------------------------------------------------------------------------------------------
| Tool Version      : Vivado v.2024.2 (lin64) Build 5239630 Fri Nov 08 22:34:34 MST 2024
| Date              : Thu Jan 15 19:48:43 2026
| Host              : ee-kraken running 64-bit Red Hat Enterprise Linux 9.5 (Plow)
| Command           : report_timing_summary -datasheet -file ./src/attention/synth_output_matmul/matmul_fp_S_q_4_S_kv_4_d_kq_2_d_v_2_k_2_scale_width_8_M1_E_0_M1_M_8_M2_E_0_M2_M_8_M3_E_0_M3_M_8_ACCUM_METHOD_KULISCH_KULISCH_KULISCH_DSP_auto_auto_auto_time_20260115_1945_timing.rpt
| Design            : matmul_fp
| Device            : xcv80-lsva4737
| Speed File        : -2MHP  PRODUCTION 2.04 2024-08-06
| Design State      : Synthesized
| Temperature Grade : E
---------------------------------------------------------------------------------------------------------------------------------------------------------------------------------------------------------------------------------------------------------------------------------------

Timing Summary Report

------------------------------------------------------------------------------------------------
| Timer Settings
| --------------
------------------------------------------------------------------------------------------------

  Enable Multi Corner Analysis               :  Yes
  Enable Pessimism Removal                   :  Yes
  Pessimism Removal Resolution               :  Nearest Common Node
  Enable Input Delay Default Clock           :  No
  Enable Preset / Clear Arcs                 :  No
  Disable Flight Delays                      :  No
  Ignore I/O Paths                           :  No
  Timing Early Launch at Borrowing Latches   :  No
  Borrow Time for Max Delay Exceptions       :  Yes
  Merge Timing Exceptions                    :  Yes
  Inter-SLR Compensation                     :  Conservative

  Corner  Analyze    Analyze    
  Name    Max Paths  Min Paths  
  ------  ---------  ---------  
  Slow    Yes        Yes        
  Fast    Yes        Yes        


------------------------------------------------------------------------------------------------
| Report Methodology
| ------------------
------------------------------------------------------------------------------------------------

No report available as report_methodology has not been run prior. Run report_methodology on the current design for the summary of methodology violations.



check_timing report

Table of Contents
-----------------
1. checking no_clock (0)
2. checking constant_clock (0)
3. checking pulse_width_clock (0)
4. checking unconstrained_internal_endpoints (0)
5. checking no_input_delay (0)
6. checking no_output_delay (0)
7. checking multiple_clock (0)
8. checking generated_clocks (0)
9. checking loops (0)
10. checking partial_input_delay (0)
11. checking partial_output_delay (0)
12. checking latch_loops (0)

1. checking no_clock (0)
------------------------
 There are 0 register/latch pins with no clock.


2. checking constant_clock (0)
------------------------------
 There are 0 register/latch pins with constant_clock.


3. checking pulse_width_clock (0)
---------------------------------
 There are 0 register/latch pins which need pulse_width check


4. checking unconstrained_internal_endpoints (0)
------------------------------------------------
 There are 0 pins that are not constrained for maximum delay.

 There are 0 pins that are not constrained for maximum delay due to constant clock.


5. checking no_input_delay (0)
------------------------------
 There are 0 input ports with no input delay specified.

 There are 0 input ports with no input delay but user has a false path constraint.


6. checking no_output_delay (0)
-------------------------------
 There are 0 ports with no output delay specified.

 There are 0 ports with no output delay but user has a false path constraint

 There are 0 ports with no output delay but with a timing clock defined on it or propagating through it


7. checking multiple_clock (0)
------------------------------
 There are 0 register/latch pins with multiple clocks.


8. checking generated_clocks (0)
--------------------------------
 There are 0 generated clocks that are not connected to a clock source.


9. checking loops (0)
---------------------
 There are 0 combinational loops in the design.


10. checking partial_input_delay (0)
------------------------------------
 There are 0 input ports with partial input delay specified.


11. checking partial_output_delay (0)
-------------------------------------
 There are 0 ports with partial output delay specified.


12. checking latch_loops (0)
----------------------------
 There are 0 combinational latch loops in the design through latch input



------------------------------------------------------------------------------------------------
| Design Timing Summary
| ---------------------
------------------------------------------------------------------------------------------------

    WNS(ns)      TNS(ns)  TNS Failing Endpoints  TNS Total Endpoints      WHS(ns)      THS(ns)  THS Failing Endpoints  THS Total Endpoints     WPWS(ns)     TPWS(ns)  TPWS Failing Endpoints  TPWS Total Endpoints  
    -------      -------  ---------------------  -------------------      -------      -------  ---------------------  -------------------     --------     --------  ----------------------  --------------------  
         NA           NA                     NA                   NA           NA           NA                     NA                   NA           NA           NA                      NA                    NA  


All user specified timing constraints are met.


------------------------------------------------------------------------------------------------
| Clock Summary
| -------------
------------------------------------------------------------------------------------------------

Clock  Waveform(ns)         Period(ns)      Frequency(MHz)
-----  ------------         ----------      --------------
i_clk  {0.000 2.500}        5.000           200.000         


------------------------------------------------------------------------------------------------
| Intra Clock Table
| -----------------
------------------------------------------------------------------------------------------------

Clock             WNS(ns)      TNS(ns)  TNS Failing Endpoints  TNS Total Endpoints      WHS(ns)      THS(ns)  THS Failing Endpoints  THS Total Endpoints     WPWS(ns)     TPWS(ns)  TPWS Failing Endpoints  TPWS Total Endpoints  
-----             -------      -------  ---------------------  -------------------      -------      -------  ---------------------  -------------------     --------     --------  ----------------------  --------------------  


------------------------------------------------------------------------------------------------
| Inter Clock Table
| -----------------
------------------------------------------------------------------------------------------------

From Clock    To Clock          WNS(ns)      TNS(ns)  TNS Failing Endpoints  TNS Total Endpoints      WHS(ns)      THS(ns)  THS Failing Endpoints  THS Total Endpoints  
----------    --------          -------      -------  ---------------------  -------------------      -------      -------  ---------------------  -------------------  


------------------------------------------------------------------------------------------------
| Other Path Groups Table
| -----------------------
------------------------------------------------------------------------------------------------

Path Group    From Clock    To Clock          WNS(ns)      TNS(ns)  TNS Failing Endpoints  TNS Total Endpoints      WHS(ns)      THS(ns)  THS Failing Endpoints  THS Total Endpoints  
----------    ----------    --------          -------      -------  ---------------------  -------------------      -------      -------  ---------------------  -------------------  


------------------------------------------------------------------------------------------------
| Timing Details
| --------------
------------------------------------------------------------------------------------------------


------------------------------------------------------------------------------------------------
| Data sheet
| ----------
------------------------------------------------------------------------------------------------

Combinational Delays

---------------+----------------+-----------+---------+-----------+---------+
From           | To             |   Max     | Process |   Min     | Process |
Port           | Port           | Delay(ns) | Corner  | Delay(ns) | Corner  |
---------------+----------------+-----------+---------+-----------+---------+
A_i[0][0][0]   | C_o[0][0][0]   |     4.717 | SLOW    |     2.454 | FAST    |
A_i[0][0][0]   | C_o[0][0][1]   |     4.780 | SLOW    |     2.455 | FAST    |
A_i[0][0][0]   | C_o[0][0][2]   |     5.060 | SLOW    |     2.499 | FAST    |
A_i[0][0][0]   | C_o[0][0][3]   |     5.122 | SLOW    |     2.527 | FAST    |
A_i[0][0][0]   | C_o[0][0][4]   |     5.312 | SLOW    |     2.521 | FAST    |
A_i[0][0][0]   | C_o[0][0][5]   |     5.382 | SLOW    |     2.549 | FAST    |
A_i[0][0][0]   | C_o[0][0][6]   |     5.488 | SLOW    |     2.538 | FAST    |
A_i[0][0][0]   | C_o[0][0][7]   |     5.551 | SLOW    |     2.566 | FAST    |
A_i[0][0][0]   | C_o[0][0][8]   |     5.842 | SLOW    |     2.625 | FAST    |
A_i[0][0][0]   | C_o[0][1][0]   |     4.717 | SLOW    |     2.454 | FAST    |
A_i[0][0][0]   | C_o[0][1][1]   |     4.780 | SLOW    |     2.455 | FAST    |
A_i[0][0][0]   | C_o[0][1][2]   |     5.060 | SLOW    |     2.499 | FAST    |
A_i[0][0][0]   | C_o[0][1][3]   |     5.122 | SLOW    |     2.527 | FAST    |
A_i[0][0][0]   | C_o[0][1][4]   |     5.312 | SLOW    |     2.521 | FAST    |
A_i[0][0][0]   | C_o[0][1][5]   |     5.382 | SLOW    |     2.549 | FAST    |
A_i[0][0][0]   | C_o[0][1][6]   |     5.488 | SLOW    |     2.538 | FAST    |
A_i[0][0][0]   | C_o[0][1][7]   |     5.551 | SLOW    |     2.566 | FAST    |
A_i[0][0][0]   | C_o[0][1][8]   |     5.842 | SLOW    |     2.625 | FAST    |
A_i[0][0][0]   | C_o[0][2][0]   |     4.717 | SLOW    |     2.454 | FAST    |
A_i[0][0][0]   | C_o[0][2][1]   |     4.780 | SLOW    |     2.455 | FAST    |
A_i[0][0][0]   | C_o[0][2][2]   |     5.060 | SLOW    |     2.499 | FAST    |
A_i[0][0][0]   | C_o[0][2][3]   |     5.122 | SLOW    |     2.527 | FAST    |
A_i[0][0][0]   | C_o[0][2][4]   |     5.312 | SLOW    |     2.521 | FAST    |
A_i[0][0][0]   | C_o[0][2][5]   |     5.382 | SLOW    |     2.549 | FAST    |
A_i[0][0][0]   | C_o[0][2][6]   |     5.488 | SLOW    |     2.538 | FAST    |
A_i[0][0][0]   | C_o[0][2][7]   |     5.551 | SLOW    |     2.566 | FAST    |
A_i[0][0][0]   | C_o[0][2][8]   |     5.842 | SLOW    |     2.625 | FAST    |
A_i[0][0][0]   | C_o[0][3][0]   |     4.717 | SLOW    |     2.454 | FAST    |
A_i[0][0][0]   | C_o[0][3][1]   |     4.780 | SLOW    |     2.455 | FAST    |
A_i[0][0][0]   | C_o[0][3][2]   |     5.060 | SLOW    |     2.499 | FAST    |
A_i[0][0][0]   | C_o[0][3][3]   |     5.122 | SLOW    |     2.527 | FAST    |
A_i[0][0][0]   | C_o[0][3][4]   |     5.312 | SLOW    |     2.521 | FAST    |
A_i[0][0][0]   | C_o[0][3][5]   |     5.382 | SLOW    |     2.549 | FAST    |
A_i[0][0][0]   | C_o[0][3][6]   |     5.488 | SLOW    |     2.538 | FAST    |
A_i[0][0][0]   | C_o[0][3][7]   |     5.551 | SLOW    |     2.566 | FAST    |
A_i[0][0][0]   | C_o[0][3][8]   |     5.842 | SLOW    |     2.625 | FAST    |
A_i[0][0][1]   | C_o[0][0][1]   |     4.823 | SLOW    |     2.513 | FAST    |
A_i[0][0][1]   | C_o[0][0][2]   |     5.053 | SLOW    |     2.559 | FAST    |
A_i[0][0][1]   | C_o[0][0][3]   |     5.115 | SLOW    |     2.587 | FAST    |
A_i[0][0][1]   | C_o[0][0][4]   |     5.305 | SLOW    |     2.560 | FAST    |
A_i[0][0][1]   | C_o[0][0][5]   |     5.375 | SLOW    |     2.576 | FAST    |
A_i[0][0][1]   | C_o[0][0][6]   |     5.479 | SLOW    |     2.597 | FAST    |
A_i[0][0][1]   | C_o[0][0][7]   |     5.542 | SLOW    |     2.625 | FAST    |
A_i[0][0][1]   | C_o[0][0][8]   |     5.813 | SLOW    |     2.684 | FAST    |
A_i[0][0][1]   | C_o[0][1][1]   |     4.823 | SLOW    |     2.513 | FAST    |
A_i[0][0][1]   | C_o[0][1][2]   |     5.053 | SLOW    |     2.559 | FAST    |
A_i[0][0][1]   | C_o[0][1][3]   |     5.115 | SLOW    |     2.587 | FAST    |
A_i[0][0][1]   | C_o[0][1][4]   |     5.305 | SLOW    |     2.560 | FAST    |
A_i[0][0][1]   | C_o[0][1][5]   |     5.375 | SLOW    |     2.576 | FAST    |
A_i[0][0][1]   | C_o[0][1][6]   |     5.479 | SLOW    |     2.597 | FAST    |
A_i[0][0][1]   | C_o[0][1][7]   |     5.542 | SLOW    |     2.625 | FAST    |
A_i[0][0][1]   | C_o[0][1][8]   |     5.813 | SLOW    |     2.684 | FAST    |
A_i[0][0][1]   | C_o[0][2][1]   |     4.823 | SLOW    |     2.513 | FAST    |
A_i[0][0][1]   | C_o[0][2][2]   |     5.053 | SLOW    |     2.559 | FAST    |
A_i[0][0][1]   | C_o[0][2][3]   |     5.115 | SLOW    |     2.587 | FAST    |
A_i[0][0][1]   | C_o[0][2][4]   |     5.305 | SLOW    |     2.560 | FAST    |
A_i[0][0][1]   | C_o[0][2][5]   |     5.375 | SLOW    |     2.576 | FAST    |
A_i[0][0][1]   | C_o[0][2][6]   |     5.479 | SLOW    |     2.597 | FAST    |
A_i[0][0][1]   | C_o[0][2][7]   |     5.542 | SLOW    |     2.625 | FAST    |
A_i[0][0][1]   | C_o[0][2][8]   |     5.813 | SLOW    |     2.684 | FAST    |
A_i[0][0][1]   | C_o[0][3][1]   |     4.823 | SLOW    |     2.513 | FAST    |
A_i[0][0][1]   | C_o[0][3][2]   |     5.053 | SLOW    |     2.559 | FAST    |
A_i[0][0][1]   | C_o[0][3][3]   |     5.115 | SLOW    |     2.587 | FAST    |
A_i[0][0][1]   | C_o[0][3][4]   |     5.305 | SLOW    |     2.560 | FAST    |
A_i[0][0][1]   | C_o[0][3][5]   |     5.375 | SLOW    |     2.576 | FAST    |
A_i[0][0][1]   | C_o[0][3][6]   |     5.479 | SLOW    |     2.597 | FAST    |
A_i[0][0][1]   | C_o[0][3][7]   |     5.542 | SLOW    |     2.625 | FAST    |
A_i[0][0][1]   | C_o[0][3][8]   |     5.813 | SLOW    |     2.684 | FAST    |
A_i[0][0][2]   | C_o[0][0][2]   |     4.712 | SLOW    |     2.449 | FAST    |
A_i[0][0][2]   | C_o[0][0][3]   |     5.060 | SLOW    |     2.477 | FAST    |
A_i[0][0][2]   | C_o[0][0][4]   |     5.253 | SLOW    |     2.504 | FAST    |
A_i[0][0][2]   | C_o[0][0][5]   |     5.322 | SLOW    |     2.532 | FAST    |
A_i[0][0][2]   | C_o[0][0][6]   |     5.481 | SLOW    |     2.522 | FAST    |
A_i[0][0][2]   | C_o[0][0][7]   |     5.544 | SLOW    |     2.550 | FAST    |
A_i[0][0][2]   | C_o[0][0][8]   |     5.835 | SLOW    |     2.625 | FAST    |
A_i[0][0][2]   | C_o[0][1][2]   |     4.712 | SLOW    |     2.449 | FAST    |
A_i[0][0][2]   | C_o[0][1][3]   |     5.060 | SLOW    |     2.477 | FAST    |
A_i[0][0][2]   | C_o[0][1][4]   |     5.253 | SLOW    |     2.504 | FAST    |
A_i[0][0][2]   | C_o[0][1][5]   |     5.322 | SLOW    |     2.532 | FAST    |
A_i[0][0][2]   | C_o[0][1][6]   |     5.481 | SLOW    |     2.522 | FAST    |
A_i[0][0][2]   | C_o[0][1][7]   |     5.544 | SLOW    |     2.550 | FAST    |
A_i[0][0][2]   | C_o[0][1][8]   |     5.835 | SLOW    |     2.625 | FAST    |
A_i[0][0][2]   | C_o[0][2][2]   |     4.712 | SLOW    |     2.449 | FAST    |
A_i[0][0][2]   | C_o[0][2][3]   |     5.060 | SLOW    |     2.477 | FAST    |
A_i[0][0][2]   | C_o[0][2][4]   |     5.253 | SLOW    |     2.504 | FAST    |
A_i[0][0][2]   | C_o[0][2][5]   |     5.322 | SLOW    |     2.532 | FAST    |
A_i[0][0][2]   | C_o[0][2][6]   |     5.481 | SLOW    |     2.522 | FAST    |
A_i[0][0][2]   | C_o[0][2][7]   |     5.544 | SLOW    |     2.550 | FAST    |
A_i[0][0][2]   | C_o[0][2][8]   |     5.835 | SLOW    |     2.625 | FAST    |
A_i[0][0][2]   | C_o[0][3][2]   |     4.712 | SLOW    |     2.449 | FAST    |
A_i[0][0][2]   | C_o[0][3][3]   |     5.060 | SLOW    |     2.477 | FAST    |
A_i[0][0][2]   | C_o[0][3][4]   |     5.253 | SLOW    |     2.504 | FAST    |
A_i[0][0][2]   | C_o[0][3][5]   |     5.322 | SLOW    |     2.532 | FAST    |
A_i[0][0][2]   | C_o[0][3][6]   |     5.481 | SLOW    |     2.522 | FAST    |
A_i[0][0][2]   | C_o[0][3][7]   |     5.544 | SLOW    |     2.550 | FAST    |
A_i[0][0][2]   | C_o[0][3][8]   |     5.835 | SLOW    |     2.625 | FAST    |
A_i[0][0][3]   | C_o[0][0][3]   |     4.818 | SLOW    |     2.509 | FAST    |
A_i[0][0][3]   | C_o[0][0][4]   |     5.065 | SLOW    |     2.566 | FAST    |
A_i[0][0][3]   | C_o[0][0][5]   |     5.274 | SLOW    |     2.594 | FAST    |
A_i[0][0][3]   | C_o[0][0][6]   |     5.436 | SLOW    |     2.582 | FAST    |
A_i[0][0][3]   | C_o[0][0][7]   |     5.498 | SLOW    |     2.610 | FAST    |
A_i[0][0][3]   | C_o[0][0][8]   |     5.837 | SLOW    |     2.684 | FAST    |
A_i[0][0][3]   | C_o[0][1][3]   |     4.818 | SLOW    |     2.509 | FAST    |
A_i[0][0][3]   | C_o[0][1][4]   |     5.065 | SLOW    |     2.566 | FAST    |
A_i[0][0][3]   | C_o[0][1][5]   |     5.274 | SLOW    |     2.594 | FAST    |
A_i[0][0][3]   | C_o[0][1][6]   |     5.436 | SLOW    |     2.582 | FAST    |
A_i[0][0][3]   | C_o[0][1][7]   |     5.498 | SLOW    |     2.610 | FAST    |
A_i[0][0][3]   | C_o[0][1][8]   |     5.837 | SLOW    |     2.684 | FAST    |
A_i[0][0][3]   | C_o[0][2][3]   |     4.818 | SLOW    |     2.509 | FAST    |
A_i[0][0][3]   | C_o[0][2][4]   |     5.065 | SLOW    |     2.566 | FAST    |
A_i[0][0][3]   | C_o[0][2][5]   |     5.274 | SLOW    |     2.594 | FAST    |
A_i[0][0][3]   | C_o[0][2][6]   |     5.436 | SLOW    |     2.582 | FAST    |
A_i[0][0][3]   | C_o[0][2][7]   |     5.498 | SLOW    |     2.610 | FAST    |
A_i[0][0][3]   | C_o[0][2][8]   |     5.837 | SLOW    |     2.684 | FAST    |
A_i[0][0][3]   | C_o[0][3][3]   |     4.818 | SLOW    |     2.509 | FAST    |
A_i[0][0][3]   | C_o[0][3][4]   |     5.065 | SLOW    |     2.566 | FAST    |
A_i[0][0][3]   | C_o[0][3][5]   |     5.274 | SLOW    |     2.594 | FAST    |
A_i[0][0][3]   | C_o[0][3][6]   |     5.436 | SLOW    |     2.582 | FAST    |
A_i[0][0][3]   | C_o[0][3][7]   |     5.498 | SLOW    |     2.610 | FAST    |
A_i[0][0][3]   | C_o[0][3][8]   |     5.837 | SLOW    |     2.684 | FAST    |
A_i[0][0][4]   | C_o[0][0][4]   |     5.054 | SLOW    |     2.636 | FAST    |
A_i[0][0][4]   | C_o[0][0][5]   |     5.272 | SLOW    |     2.612 | FAST    |
A_i[0][0][4]   | C_o[0][0][6]   |     5.434 | SLOW    |     2.658 | FAST    |
A_i[0][0][4]   | C_o[0][0][7]   |     5.496 | SLOW    |     2.686 | FAST    |
A_i[0][0][4]   | C_o[0][0][8]   |     5.835 | SLOW    |     2.686 | FAST    |
A_i[0][0][4]   | C_o[0][1][4]   |     5.054 | SLOW    |     2.636 | FAST    |
A_i[0][0][4]   | C_o[0][1][5]   |     5.272 | SLOW    |     2.612 | FAST    |
A_i[0][0][4]   | C_o[0][1][6]   |     5.434 | SLOW    |     2.658 | FAST    |
A_i[0][0][4]   | C_o[0][1][7]   |     5.496 | SLOW    |     2.686 | FAST    |
A_i[0][0][4]   | C_o[0][1][8]   |     5.835 | SLOW    |     2.686 | FAST    |
A_i[0][0][4]   | C_o[0][2][4]   |     5.054 | SLOW    |     2.636 | FAST    |
A_i[0][0][4]   | C_o[0][2][5]   |     5.272 | SLOW    |     2.612 | FAST    |
A_i[0][0][4]   | C_o[0][2][6]   |     5.434 | SLOW    |     2.658 | FAST    |
A_i[0][0][4]   | C_o[0][2][7]   |     5.496 | SLOW    |     2.686 | FAST    |
A_i[0][0][4]   | C_o[0][2][8]   |     5.835 | SLOW    |     2.686 | FAST    |
A_i[0][0][4]   | C_o[0][3][4]   |     5.054 | SLOW    |     2.636 | FAST    |
A_i[0][0][4]   | C_o[0][3][5]   |     5.272 | SLOW    |     2.612 | FAST    |
A_i[0][0][4]   | C_o[0][3][6]   |     5.434 | SLOW    |     2.658 | FAST    |
A_i[0][0][4]   | C_o[0][3][7]   |     5.496 | SLOW    |     2.686 | FAST    |
A_i[0][0][4]   | C_o[0][3][8]   |     5.835 | SLOW    |     2.686 | FAST    |
A_i[0][0][5]   | C_o[0][0][5]   |     5.263 | SLOW    |     2.750 | FAST    |
A_i[0][0][5]   | C_o[0][0][6]   |     5.425 | SLOW    |     2.699 | FAST    |
A_i[0][0][5]   | C_o[0][0][7]   |     5.487 | SLOW    |     2.712 | FAST    |
A_i[0][0][5]   | C_o[0][0][8]   |     5.826 | SLOW    |     2.692 | FAST    |
A_i[0][0][5]   | C_o[0][1][5]   |     5.263 | SLOW    |     2.750 | FAST    |
A_i[0][0][5]   | C_o[0][1][6]   |     5.425 | SLOW    |     2.699 | FAST    |
A_i[0][0][5]   | C_o[0][1][7]   |     5.487 | SLOW    |     2.712 | FAST    |
A_i[0][0][5]   | C_o[0][1][8]   |     5.826 | SLOW    |     2.692 | FAST    |
A_i[0][0][5]   | C_o[0][2][5]   |     5.263 | SLOW    |     2.750 | FAST    |
A_i[0][0][5]   | C_o[0][2][6]   |     5.425 | SLOW    |     2.699 | FAST    |
A_i[0][0][5]   | C_o[0][2][7]   |     5.487 | SLOW    |     2.712 | FAST    |
A_i[0][0][5]   | C_o[0][2][8]   |     5.826 | SLOW    |     2.692 | FAST    |
A_i[0][0][5]   | C_o[0][3][5]   |     5.263 | SLOW    |     2.750 | FAST    |
A_i[0][0][5]   | C_o[0][3][6]   |     5.425 | SLOW    |     2.699 | FAST    |
A_i[0][0][5]   | C_o[0][3][7]   |     5.487 | SLOW    |     2.712 | FAST    |
A_i[0][0][5]   | C_o[0][3][8]   |     5.826 | SLOW    |     2.692 | FAST    |
A_i[0][0][6]   | C_o[0][0][6]   |     5.015 | SLOW    |     2.614 | FAST    |
A_i[0][0][6]   | C_o[0][0][7]   |     5.220 | SLOW    |     2.570 | FAST    |
A_i[0][0][6]   | C_o[0][0][8]   |     5.560 | SLOW    |     2.612 | FAST    |
A_i[0][0][6]   | C_o[0][1][6]   |     5.015 | SLOW    |     2.614 | FAST    |
A_i[0][0][6]   | C_o[0][1][7]   |     5.220 | SLOW    |     2.570 | FAST    |
A_i[0][0][6]   | C_o[0][1][8]   |     5.560 | SLOW    |     2.612 | FAST    |
A_i[0][0][6]   | C_o[0][2][6]   |     5.015 | SLOW    |     2.614 | FAST    |
A_i[0][0][6]   | C_o[0][2][7]   |     5.220 | SLOW    |     2.570 | FAST    |
A_i[0][0][6]   | C_o[0][2][8]   |     5.560 | SLOW    |     2.612 | FAST    |
A_i[0][0][6]   | C_o[0][3][6]   |     5.015 | SLOW    |     2.614 | FAST    |
A_i[0][0][6]   | C_o[0][3][7]   |     5.220 | SLOW    |     2.570 | FAST    |
A_i[0][0][6]   | C_o[0][3][8]   |     5.560 | SLOW    |     2.612 | FAST    |
A_i[0][0][7]   | C_o[0][0][7]   |     5.057 | SLOW    |     2.643 | FAST    |
A_i[0][0][7]   | C_o[0][0][8]   |     5.431 | SLOW    |     2.616 | FAST    |
A_i[0][0][7]   | C_o[0][1][7]   |     5.057 | SLOW    |     2.643 | FAST    |
A_i[0][0][7]   | C_o[0][1][8]   |     5.431 | SLOW    |     2.616 | FAST    |
A_i[0][0][7]   | C_o[0][2][7]   |     5.057 | SLOW    |     2.643 | FAST    |
A_i[0][0][7]   | C_o[0][2][8]   |     5.431 | SLOW    |     2.616 | FAST    |
A_i[0][0][7]   | C_o[0][3][7]   |     5.057 | SLOW    |     2.643 | FAST    |
A_i[0][0][7]   | C_o[0][3][8]   |     5.431 | SLOW    |     2.616 | FAST    |
A_i[0][0][8]   | C_o[0][0][8]   |     5.406 | SLOW    |     2.829 | FAST    |
A_i[0][0][8]   | C_o[0][1][8]   |     5.406 | SLOW    |     2.829 | FAST    |
A_i[0][0][8]   | C_o[0][2][8]   |     5.406 | SLOW    |     2.829 | FAST    |
A_i[0][0][8]   | C_o[0][3][8]   |     5.406 | SLOW    |     2.829 | FAST    |
A_i[0][1][0]   | C_o[0][0][0]   |     4.618 | SLOW    |     2.395 | FAST    |
A_i[0][1][0]   | C_o[0][0][1]   |     4.681 | SLOW    |     2.397 | FAST    |
A_i[0][1][0]   | C_o[0][0][2]   |     4.963 | SLOW    |     2.441 | FAST    |
A_i[0][1][0]   | C_o[0][0][3]   |     5.023 | SLOW    |     2.469 | FAST    |
A_i[0][1][0]   | C_o[0][0][4]   |     5.214 | SLOW    |     2.462 | FAST    |
A_i[0][1][0]   | C_o[0][0][5]   |     5.284 | SLOW    |     2.491 | FAST    |
A_i[0][1][0]   | C_o[0][0][6]   |     5.389 | SLOW    |     2.479 | FAST    |
A_i[0][1][0]   | C_o[0][0][7]   |     5.452 | SLOW    |     2.507 | FAST    |
A_i[0][1][0]   | C_o[0][0][8]   |     5.746 | SLOW    |     2.566 | FAST    |
A_i[0][1][0]   | C_o[0][1][0]   |     4.618 | SLOW    |     2.395 | FAST    |
A_i[0][1][0]   | C_o[0][1][1]   |     4.681 | SLOW    |     2.397 | FAST    |
A_i[0][1][0]   | C_o[0][1][2]   |     4.963 | SLOW    |     2.441 | FAST    |
A_i[0][1][0]   | C_o[0][1][3]   |     5.023 | SLOW    |     2.469 | FAST    |
A_i[0][1][0]   | C_o[0][1][4]   |     5.214 | SLOW    |     2.462 | FAST    |
A_i[0][1][0]   | C_o[0][1][5]   |     5.284 | SLOW    |     2.491 | FAST    |
A_i[0][1][0]   | C_o[0][1][6]   |     5.389 | SLOW    |     2.479 | FAST    |
A_i[0][1][0]   | C_o[0][1][7]   |     5.452 | SLOW    |     2.507 | FAST    |
A_i[0][1][0]   | C_o[0][1][8]   |     5.746 | SLOW    |     2.566 | FAST    |
A_i[0][1][0]   | C_o[0][2][0]   |     4.618 | SLOW    |     2.395 | FAST    |
A_i[0][1][0]   | C_o[0][2][1]   |     4.681 | SLOW    |     2.397 | FAST    |
A_i[0][1][0]   | C_o[0][2][2]   |     4.963 | SLOW    |     2.441 | FAST    |
A_i[0][1][0]   | C_o[0][2][3]   |     5.023 | SLOW    |     2.469 | FAST    |
A_i[0][1][0]   | C_o[0][2][4]   |     5.214 | SLOW    |     2.462 | FAST    |
A_i[0][1][0]   | C_o[0][2][5]   |     5.284 | SLOW    |     2.491 | FAST    |
A_i[0][1][0]   | C_o[0][2][6]   |     5.389 | SLOW    |     2.479 | FAST    |
A_i[0][1][0]   | C_o[0][2][7]   |     5.452 | SLOW    |     2.507 | FAST    |
A_i[0][1][0]   | C_o[0][2][8]   |     5.746 | SLOW    |     2.566 | FAST    |
A_i[0][1][0]   | C_o[0][3][0]   |     4.618 | SLOW    |     2.395 | FAST    |
A_i[0][1][0]   | C_o[0][3][1]   |     4.681 | SLOW    |     2.397 | FAST    |
A_i[0][1][0]   | C_o[0][3][2]   |     4.963 | SLOW    |     2.441 | FAST    |
A_i[0][1][0]   | C_o[0][3][3]   |     5.023 | SLOW    |     2.469 | FAST    |
A_i[0][1][0]   | C_o[0][3][4]   |     5.214 | SLOW    |     2.462 | FAST    |
A_i[0][1][0]   | C_o[0][3][5]   |     5.284 | SLOW    |     2.491 | FAST    |
A_i[0][1][0]   | C_o[0][3][6]   |     5.389 | SLOW    |     2.479 | FAST    |
A_i[0][1][0]   | C_o[0][3][7]   |     5.452 | SLOW    |     2.507 | FAST    |
A_i[0][1][0]   | C_o[0][3][8]   |     5.746 | SLOW    |     2.566 | FAST    |
A_i[0][1][1]   | C_o[0][0][1]   |     4.726 | SLOW    |     2.455 | FAST    |
A_i[0][1][1]   | C_o[0][0][2]   |     4.956 | SLOW    |     2.500 | FAST    |
A_i[0][1][1]   | C_o[0][0][3]   |     5.016 | SLOW    |     2.528 | FAST    |
A_i[0][1][1]   | C_o[0][0][4]   |     5.207 | SLOW    |     2.501 | FAST    |
A_i[0][1][1]   | C_o[0][0][5]   |     5.277 | SLOW    |     2.518 | FAST    |
A_i[0][1][1]   | C_o[0][0][6]   |     5.380 | SLOW    |     2.538 | FAST    |
A_i[0][1][1]   | C_o[0][0][7]   |     5.443 | SLOW    |     2.566 | FAST    |
A_i[0][1][1]   | C_o[0][0][8]   |     5.717 | SLOW    |     2.625 | FAST    |
A_i[0][1][1]   | C_o[0][1][1]   |     4.726 | SLOW    |     2.455 | FAST    |
A_i[0][1][1]   | C_o[0][1][2]   |     4.956 | SLOW    |     2.500 | FAST    |
A_i[0][1][1]   | C_o[0][1][3]   |     5.016 | SLOW    |     2.528 | FAST    |
A_i[0][1][1]   | C_o[0][1][4]   |     5.207 | SLOW    |     2.501 | FAST    |
A_i[0][1][1]   | C_o[0][1][5]   |     5.277 | SLOW    |     2.518 | FAST    |
A_i[0][1][1]   | C_o[0][1][6]   |     5.380 | SLOW    |     2.538 | FAST    |
A_i[0][1][1]   | C_o[0][1][7]   |     5.443 | SLOW    |     2.566 | FAST    |
A_i[0][1][1]   | C_o[0][1][8]   |     5.717 | SLOW    |     2.625 | FAST    |
A_i[0][1][1]   | C_o[0][2][1]   |     4.726 | SLOW    |     2.455 | FAST    |
A_i[0][1][1]   | C_o[0][2][2]   |     4.956 | SLOW    |     2.500 | FAST    |
A_i[0][1][1]   | C_o[0][2][3]   |     5.016 | SLOW    |     2.528 | FAST    |
A_i[0][1][1]   | C_o[0][2][4]   |     5.207 | SLOW    |     2.501 | FAST    |
A_i[0][1][1]   | C_o[0][2][5]   |     5.277 | SLOW    |     2.518 | FAST    |
A_i[0][1][1]   | C_o[0][2][6]   |     5.380 | SLOW    |     2.538 | FAST    |
A_i[0][1][1]   | C_o[0][2][7]   |     5.443 | SLOW    |     2.566 | FAST    |
A_i[0][1][1]   | C_o[0][2][8]   |     5.717 | SLOW    |     2.625 | FAST    |
A_i[0][1][1]   | C_o[0][3][1]   |     4.726 | SLOW    |     2.455 | FAST    |
A_i[0][1][1]   | C_o[0][3][2]   |     4.956 | SLOW    |     2.500 | FAST    |
A_i[0][1][1]   | C_o[0][3][3]   |     5.016 | SLOW    |     2.528 | FAST    |
A_i[0][1][1]   | C_o[0][3][4]   |     5.207 | SLOW    |     2.501 | FAST    |
A_i[0][1][1]   | C_o[0][3][5]   |     5.277 | SLOW    |     2.518 | FAST    |
A_i[0][1][1]   | C_o[0][3][6]   |     5.380 | SLOW    |     2.538 | FAST    |
A_i[0][1][1]   | C_o[0][3][7]   |     5.443 | SLOW    |     2.566 | FAST    |
A_i[0][1][1]   | C_o[0][3][8]   |     5.717 | SLOW    |     2.625 | FAST    |
A_i[0][1][2]   | C_o[0][0][2]   |     4.615 | SLOW    |     2.391 | FAST    |
A_i[0][1][2]   | C_o[0][0][3]   |     4.963 | SLOW    |     2.419 | FAST    |
A_i[0][1][2]   | C_o[0][0][4]   |     5.155 | SLOW    |     2.445 | FAST    |
A_i[0][1][2]   | C_o[0][0][5]   |     5.224 | SLOW    |     2.474 | FAST    |
A_i[0][1][2]   | C_o[0][0][6]   |     5.382 | SLOW    |     2.463 | FAST    |
A_i[0][1][2]   | C_o[0][0][7]   |     5.445 | SLOW    |     2.491 | FAST    |
A_i[0][1][2]   | C_o[0][0][8]   |     5.739 | SLOW    |     2.566 | FAST    |
A_i[0][1][2]   | C_o[0][1][2]   |     4.615 | SLOW    |     2.391 | FAST    |
A_i[0][1][2]   | C_o[0][1][3]   |     4.963 | SLOW    |     2.419 | FAST    |
A_i[0][1][2]   | C_o[0][1][4]   |     5.155 | SLOW    |     2.445 | FAST    |
A_i[0][1][2]   | C_o[0][1][5]   |     5.224 | SLOW    |     2.474 | FAST    |
A_i[0][1][2]   | C_o[0][1][6]   |     5.382 | SLOW    |     2.463 | FAST    |
A_i[0][1][2]   | C_o[0][1][7]   |     5.445 | SLOW    |     2.491 | FAST    |
A_i[0][1][2]   | C_o[0][1][8]   |     5.739 | SLOW    |     2.566 | FAST    |
A_i[0][1][2]   | C_o[0][2][2]   |     4.615 | SLOW    |     2.391 | FAST    |
A_i[0][1][2]   | C_o[0][2][3]   |     4.963 | SLOW    |     2.419 | FAST    |
A_i[0][1][2]   | C_o[0][2][4]   |     5.155 | SLOW    |     2.445 | FAST    |
A_i[0][1][2]   | C_o[0][2][5]   |     5.224 | SLOW    |     2.474 | FAST    |
A_i[0][1][2]   | C_o[0][2][6]   |     5.382 | SLOW    |     2.463 | FAST    |
A_i[0][1][2]   | C_o[0][2][7]   |     5.445 | SLOW    |     2.491 | FAST    |
A_i[0][1][2]   | C_o[0][2][8]   |     5.739 | SLOW    |     2.566 | FAST    |
A_i[0][1][2]   | C_o[0][3][2]   |     4.615 | SLOW    |     2.391 | FAST    |
A_i[0][1][2]   | C_o[0][3][3]   |     4.963 | SLOW    |     2.419 | FAST    |
A_i[0][1][2]   | C_o[0][3][4]   |     5.155 | SLOW    |     2.445 | FAST    |
A_i[0][1][2]   | C_o[0][3][5]   |     5.224 | SLOW    |     2.474 | FAST    |
A_i[0][1][2]   | C_o[0][3][6]   |     5.382 | SLOW    |     2.463 | FAST    |
A_i[0][1][2]   | C_o[0][3][7]   |     5.445 | SLOW    |     2.491 | FAST    |
A_i[0][1][2]   | C_o[0][3][8]   |     5.739 | SLOW    |     2.566 | FAST    |
A_i[0][1][3]   | C_o[0][0][3]   |     4.721 | SLOW    |     2.451 | FAST    |
A_i[0][1][3]   | C_o[0][0][4]   |     4.967 | SLOW    |     2.507 | FAST    |
A_i[0][1][3]   | C_o[0][0][5]   |     5.177 | SLOW    |     2.535 | FAST    |
A_i[0][1][3]   | C_o[0][0][6]   |     5.340 | SLOW    |     2.523 | FAST    |
A_i[0][1][3]   | C_o[0][0][7]   |     5.402 | SLOW    |     2.551 | FAST    |
A_i[0][1][3]   | C_o[0][0][8]   |     5.741 | SLOW    |     2.625 | FAST    |
A_i[0][1][3]   | C_o[0][1][3]   |     4.721 | SLOW    |     2.451 | FAST    |
A_i[0][1][3]   | C_o[0][1][4]   |     4.967 | SLOW    |     2.507 | FAST    |
A_i[0][1][3]   | C_o[0][1][5]   |     5.177 | SLOW    |     2.535 | FAST    |
A_i[0][1][3]   | C_o[0][1][6]   |     5.340 | SLOW    |     2.523 | FAST    |
A_i[0][1][3]   | C_o[0][1][7]   |     5.402 | SLOW    |     2.551 | FAST    |
A_i[0][1][3]   | C_o[0][1][8]   |     5.741 | SLOW    |     2.625 | FAST    |
A_i[0][1][3]   | C_o[0][2][3]   |     4.721 | SLOW    |     2.451 | FAST    |
A_i[0][1][3]   | C_o[0][2][4]   |     4.967 | SLOW    |     2.507 | FAST    |
A_i[0][1][3]   | C_o[0][2][5]   |     5.177 | SLOW    |     2.535 | FAST    |
A_i[0][1][3]   | C_o[0][2][6]   |     5.340 | SLOW    |     2.523 | FAST    |
A_i[0][1][3]   | C_o[0][2][7]   |     5.402 | SLOW    |     2.551 | FAST    |
A_i[0][1][3]   | C_o[0][2][8]   |     5.741 | SLOW    |     2.625 | FAST    |
A_i[0][1][3]   | C_o[0][3][3]   |     4.721 | SLOW    |     2.451 | FAST    |
A_i[0][1][3]   | C_o[0][3][4]   |     4.967 | SLOW    |     2.507 | FAST    |
A_i[0][1][3]   | C_o[0][3][5]   |     5.177 | SLOW    |     2.535 | FAST    |
A_i[0][1][3]   | C_o[0][3][6]   |     5.340 | SLOW    |     2.523 | FAST    |
A_i[0][1][3]   | C_o[0][3][7]   |     5.402 | SLOW    |     2.551 | FAST    |
A_i[0][1][3]   | C_o[0][3][8]   |     5.741 | SLOW    |     2.625 | FAST    |
A_i[0][1][4]   | C_o[0][0][4]   |     4.956 | SLOW    |     2.577 | FAST    |
A_i[0][1][4]   | C_o[0][0][5]   |     5.175 | SLOW    |     2.554 | FAST    |
A_i[0][1][4]   | C_o[0][0][6]   |     5.338 | SLOW    |     2.599 | FAST    |
A_i[0][1][4]   | C_o[0][0][7]   |     5.400 | SLOW    |     2.627 | FAST    |
A_i[0][1][4]   | C_o[0][0][8]   |     5.739 | SLOW    |     2.627 | FAST    |
A_i[0][1][4]   | C_o[0][1][4]   |     4.956 | SLOW    |     2.577 | FAST    |
A_i[0][1][4]   | C_o[0][1][5]   |     5.175 | SLOW    |     2.554 | FAST    |
A_i[0][1][4]   | C_o[0][1][6]   |     5.338 | SLOW    |     2.599 | FAST    |
A_i[0][1][4]   | C_o[0][1][7]   |     5.400 | SLOW    |     2.627 | FAST    |
A_i[0][1][4]   | C_o[0][1][8]   |     5.739 | SLOW    |     2.627 | FAST    |
A_i[0][1][4]   | C_o[0][2][4]   |     4.956 | SLOW    |     2.577 | FAST    |
A_i[0][1][4]   | C_o[0][2][5]   |     5.175 | SLOW    |     2.554 | FAST    |
A_i[0][1][4]   | C_o[0][2][6]   |     5.338 | SLOW    |     2.599 | FAST    |
A_i[0][1][4]   | C_o[0][2][7]   |     5.400 | SLOW    |     2.627 | FAST    |
A_i[0][1][4]   | C_o[0][2][8]   |     5.739 | SLOW    |     2.627 | FAST    |
A_i[0][1][4]   | C_o[0][3][4]   |     4.956 | SLOW    |     2.577 | FAST    |
A_i[0][1][4]   | C_o[0][3][5]   |     5.175 | SLOW    |     2.554 | FAST    |
A_i[0][1][4]   | C_o[0][3][6]   |     5.338 | SLOW    |     2.599 | FAST    |
A_i[0][1][4]   | C_o[0][3][7]   |     5.400 | SLOW    |     2.627 | FAST    |
A_i[0][1][4]   | C_o[0][3][8]   |     5.739 | SLOW    |     2.627 | FAST    |
A_i[0][1][5]   | C_o[0][0][5]   |     5.166 | SLOW    |     2.692 | FAST    |
A_i[0][1][5]   | C_o[0][0][6]   |     5.329 | SLOW    |     2.640 | FAST    |
A_i[0][1][5]   | C_o[0][0][7]   |     5.391 | SLOW    |     2.654 | FAST    |
A_i[0][1][5]   | C_o[0][0][8]   |     5.730 | SLOW    |     2.633 | FAST    |
A_i[0][1][5]   | C_o[0][1][5]   |     5.166 | SLOW    |     2.692 | FAST    |
A_i[0][1][5]   | C_o[0][1][6]   |     5.329 | SLOW    |     2.640 | FAST    |
A_i[0][1][5]   | C_o[0][1][7]   |     5.391 | SLOW    |     2.654 | FAST    |
A_i[0][1][5]   | C_o[0][1][8]   |     5.730 | SLOW    |     2.633 | FAST    |
A_i[0][1][5]   | C_o[0][2][5]   |     5.166 | SLOW    |     2.692 | FAST    |
A_i[0][1][5]   | C_o[0][2][6]   |     5.329 | SLOW    |     2.640 | FAST    |
A_i[0][1][5]   | C_o[0][2][7]   |     5.391 | SLOW    |     2.654 | FAST    |
A_i[0][1][5]   | C_o[0][2][8]   |     5.730 | SLOW    |     2.633 | FAST    |
A_i[0][1][5]   | C_o[0][3][5]   |     5.166 | SLOW    |     2.692 | FAST    |
A_i[0][1][5]   | C_o[0][3][6]   |     5.329 | SLOW    |     2.640 | FAST    |
A_i[0][1][5]   | C_o[0][3][7]   |     5.391 | SLOW    |     2.654 | FAST    |
A_i[0][1][5]   | C_o[0][3][8]   |     5.730 | SLOW    |     2.633 | FAST    |
A_i[0][1][6]   | C_o[0][0][6]   |     4.919 | SLOW    |     2.555 | FAST    |
A_i[0][1][6]   | C_o[0][0][7]   |     5.125 | SLOW    |     2.512 | FAST    |
A_i[0][1][6]   | C_o[0][0][8]   |     5.464 | SLOW    |     2.553 | FAST    |
A_i[0][1][6]   | C_o[0][1][6]   |     4.919 | SLOW    |     2.555 | FAST    |
A_i[0][1][6]   | C_o[0][1][7]   |     5.125 | SLOW    |     2.512 | FAST    |
A_i[0][1][6]   | C_o[0][1][8]   |     5.464 | SLOW    |     2.553 | FAST    |
A_i[0][1][6]   | C_o[0][2][6]   |     4.919 | SLOW    |     2.555 | FAST    |
A_i[0][1][6]   | C_o[0][2][7]   |     5.125 | SLOW    |     2.512 | FAST    |
A_i[0][1][6]   | C_o[0][2][8]   |     5.464 | SLOW    |     2.553 | FAST    |
A_i[0][1][6]   | C_o[0][3][6]   |     4.919 | SLOW    |     2.555 | FAST    |
A_i[0][1][6]   | C_o[0][3][7]   |     5.125 | SLOW    |     2.512 | FAST    |
A_i[0][1][6]   | C_o[0][3][8]   |     5.464 | SLOW    |     2.553 | FAST    |
A_i[0][1][7]   | C_o[0][0][7]   |     4.962 | SLOW    |     2.585 | FAST    |
A_i[0][1][7]   | C_o[0][0][8]   |     5.332 | SLOW    |     2.557 | FAST    |
A_i[0][1][7]   | C_o[0][1][7]   |     4.962 | SLOW    |     2.585 | FAST    |
A_i[0][1][7]   | C_o[0][1][8]   |     5.332 | SLOW    |     2.557 | FAST    |
A_i[0][1][7]   | C_o[0][2][7]   |     4.962 | SLOW    |     2.585 | FAST    |
A_i[0][1][7]   | C_o[0][2][8]   |     5.332 | SLOW    |     2.557 | FAST    |
A_i[0][1][7]   | C_o[0][3][7]   |     4.962 | SLOW    |     2.585 | FAST    |
A_i[0][1][7]   | C_o[0][3][8]   |     5.332 | SLOW    |     2.557 | FAST    |
A_i[0][1][8]   | C_o[0][0][8]   |     5.307 | SLOW    |     2.770 | FAST    |
A_i[0][1][8]   | C_o[0][1][8]   |     5.307 | SLOW    |     2.770 | FAST    |
A_i[0][1][8]   | C_o[0][2][8]   |     5.307 | SLOW    |     2.770 | FAST    |
A_i[0][1][8]   | C_o[0][3][8]   |     5.307 | SLOW    |     2.770 | FAST    |
A_i[1][0][0]   | C_o[1][0][0]   |     4.717 | SLOW    |     2.454 | FAST    |
A_i[1][0][0]   | C_o[1][0][1]   |     4.780 | SLOW    |     2.455 | FAST    |
A_i[1][0][0]   | C_o[1][0][2]   |     5.060 | SLOW    |     2.499 | FAST    |
A_i[1][0][0]   | C_o[1][0][3]   |     5.122 | SLOW    |     2.527 | FAST    |
A_i[1][0][0]   | C_o[1][0][4]   |     5.312 | SLOW    |     2.521 | FAST    |
A_i[1][0][0]   | C_o[1][0][5]   |     5.382 | SLOW    |     2.549 | FAST    |
A_i[1][0][0]   | C_o[1][0][6]   |     5.488 | SLOW    |     2.538 | FAST    |
A_i[1][0][0]   | C_o[1][0][7]   |     5.551 | SLOW    |     2.566 | FAST    |
A_i[1][0][0]   | C_o[1][0][8]   |     5.842 | SLOW    |     2.625 | FAST    |
A_i[1][0][0]   | C_o[1][1][0]   |     4.717 | SLOW    |     2.454 | FAST    |
A_i[1][0][0]   | C_o[1][1][1]   |     4.780 | SLOW    |     2.455 | FAST    |
A_i[1][0][0]   | C_o[1][1][2]   |     5.060 | SLOW    |     2.499 | FAST    |
A_i[1][0][0]   | C_o[1][1][3]   |     5.122 | SLOW    |     2.527 | FAST    |
A_i[1][0][0]   | C_o[1][1][4]   |     5.312 | SLOW    |     2.521 | FAST    |
A_i[1][0][0]   | C_o[1][1][5]   |     5.382 | SLOW    |     2.549 | FAST    |
A_i[1][0][0]   | C_o[1][1][6]   |     5.488 | SLOW    |     2.538 | FAST    |
A_i[1][0][0]   | C_o[1][1][7]   |     5.551 | SLOW    |     2.566 | FAST    |
A_i[1][0][0]   | C_o[1][1][8]   |     5.842 | SLOW    |     2.625 | FAST    |
A_i[1][0][0]   | C_o[1][2][0]   |     4.717 | SLOW    |     2.454 | FAST    |
A_i[1][0][0]   | C_o[1][2][1]   |     4.780 | SLOW    |     2.455 | FAST    |
A_i[1][0][0]   | C_o[1][2][2]   |     5.060 | SLOW    |     2.499 | FAST    |
A_i[1][0][0]   | C_o[1][2][3]   |     5.122 | SLOW    |     2.527 | FAST    |
A_i[1][0][0]   | C_o[1][2][4]   |     5.312 | SLOW    |     2.521 | FAST    |
A_i[1][0][0]   | C_o[1][2][5]   |     5.382 | SLOW    |     2.549 | FAST    |
A_i[1][0][0]   | C_o[1][2][6]   |     5.488 | SLOW    |     2.538 | FAST    |
A_i[1][0][0]   | C_o[1][2][7]   |     5.551 | SLOW    |     2.566 | FAST    |
A_i[1][0][0]   | C_o[1][2][8]   |     5.842 | SLOW    |     2.625 | FAST    |
A_i[1][0][0]   | C_o[1][3][0]   |     4.717 | SLOW    |     2.454 | FAST    |
A_i[1][0][0]   | C_o[1][3][1]   |     4.780 | SLOW    |     2.455 | FAST    |
A_i[1][0][0]   | C_o[1][3][2]   |     5.060 | SLOW    |     2.499 | FAST    |
A_i[1][0][0]   | C_o[1][3][3]   |     5.122 | SLOW    |     2.527 | FAST    |
A_i[1][0][0]   | C_o[1][3][4]   |     5.312 | SLOW    |     2.521 | FAST    |
A_i[1][0][0]   | C_o[1][3][5]   |     5.382 | SLOW    |     2.549 | FAST    |
A_i[1][0][0]   | C_o[1][3][6]   |     5.488 | SLOW    |     2.538 | FAST    |
A_i[1][0][0]   | C_o[1][3][7]   |     5.551 | SLOW    |     2.566 | FAST    |
A_i[1][0][0]   | C_o[1][3][8]   |     5.842 | SLOW    |     2.625 | FAST    |
A_i[1][0][1]   | C_o[1][0][1]   |     4.823 | SLOW    |     2.513 | FAST    |
A_i[1][0][1]   | C_o[1][0][2]   |     5.053 | SLOW    |     2.559 | FAST    |
A_i[1][0][1]   | C_o[1][0][3]   |     5.115 | SLOW    |     2.587 | FAST    |
A_i[1][0][1]   | C_o[1][0][4]   |     5.305 | SLOW    |     2.560 | FAST    |
A_i[1][0][1]   | C_o[1][0][5]   |     5.375 | SLOW    |     2.576 | FAST    |
A_i[1][0][1]   | C_o[1][0][6]   |     5.479 | SLOW    |     2.597 | FAST    |
A_i[1][0][1]   | C_o[1][0][7]   |     5.542 | SLOW    |     2.625 | FAST    |
A_i[1][0][1]   | C_o[1][0][8]   |     5.813 | SLOW    |     2.684 | FAST    |
A_i[1][0][1]   | C_o[1][1][1]   |     4.823 | SLOW    |     2.513 | FAST    |
A_i[1][0][1]   | C_o[1][1][2]   |     5.053 | SLOW    |     2.559 | FAST    |
A_i[1][0][1]   | C_o[1][1][3]   |     5.115 | SLOW    |     2.587 | FAST    |
A_i[1][0][1]   | C_o[1][1][4]   |     5.305 | SLOW    |     2.560 | FAST    |
A_i[1][0][1]   | C_o[1][1][5]   |     5.375 | SLOW    |     2.576 | FAST    |
A_i[1][0][1]   | C_o[1][1][6]   |     5.479 | SLOW    |     2.597 | FAST    |
A_i[1][0][1]   | C_o[1][1][7]   |     5.542 | SLOW    |     2.625 | FAST    |
A_i[1][0][1]   | C_o[1][1][8]   |     5.813 | SLOW    |     2.684 | FAST    |
A_i[1][0][1]   | C_o[1][2][1]   |     4.823 | SLOW    |     2.513 | FAST    |
A_i[1][0][1]   | C_o[1][2][2]   |     5.053 | SLOW    |     2.559 | FAST    |
A_i[1][0][1]   | C_o[1][2][3]   |     5.115 | SLOW    |     2.587 | FAST    |
A_i[1][0][1]   | C_o[1][2][4]   |     5.305 | SLOW    |     2.560 | FAST    |
A_i[1][0][1]   | C_o[1][2][5]   |     5.375 | SLOW    |     2.576 | FAST    |
A_i[1][0][1]   | C_o[1][2][6]   |     5.479 | SLOW    |     2.597 | FAST    |
A_i[1][0][1]   | C_o[1][2][7]   |     5.542 | SLOW    |     2.625 | FAST    |
A_i[1][0][1]   | C_o[1][2][8]   |     5.813 | SLOW    |     2.684 | FAST    |
A_i[1][0][1]   | C_o[1][3][1]   |     4.823 | SLOW    |     2.513 | FAST    |
A_i[1][0][1]   | C_o[1][3][2]   |     5.053 | SLOW    |     2.559 | FAST    |
A_i[1][0][1]   | C_o[1][3][3]   |     5.115 | SLOW    |     2.587 | FAST    |
A_i[1][0][1]   | C_o[1][3][4]   |     5.305 | SLOW    |     2.560 | FAST    |
A_i[1][0][1]   | C_o[1][3][5]   |     5.375 | SLOW    |     2.576 | FAST    |
A_i[1][0][1]   | C_o[1][3][6]   |     5.479 | SLOW    |     2.597 | FAST    |
A_i[1][0][1]   | C_o[1][3][7]   |     5.542 | SLOW    |     2.625 | FAST    |
A_i[1][0][1]   | C_o[1][3][8]   |     5.813 | SLOW    |     2.684 | FAST    |
A_i[1][0][2]   | C_o[1][0][2]   |     4.712 | SLOW    |     2.449 | FAST    |
A_i[1][0][2]   | C_o[1][0][3]   |     5.060 | SLOW    |     2.477 | FAST    |
A_i[1][0][2]   | C_o[1][0][4]   |     5.253 | SLOW    |     2.504 | FAST    |
A_i[1][0][2]   | C_o[1][0][5]   |     5.322 | SLOW    |     2.532 | FAST    |
A_i[1][0][2]   | C_o[1][0][6]   |     5.481 | SLOW    |     2.522 | FAST    |
A_i[1][0][2]   | C_o[1][0][7]   |     5.544 | SLOW    |     2.550 | FAST    |
A_i[1][0][2]   | C_o[1][0][8]   |     5.835 | SLOW    |     2.625 | FAST    |
A_i[1][0][2]   | C_o[1][1][2]   |     4.712 | SLOW    |     2.449 | FAST    |
A_i[1][0][2]   | C_o[1][1][3]   |     5.060 | SLOW    |     2.477 | FAST    |
A_i[1][0][2]   | C_o[1][1][4]   |     5.253 | SLOW    |     2.504 | FAST    |
A_i[1][0][2]   | C_o[1][1][5]   |     5.322 | SLOW    |     2.532 | FAST    |
A_i[1][0][2]   | C_o[1][1][6]   |     5.481 | SLOW    |     2.522 | FAST    |
A_i[1][0][2]   | C_o[1][1][7]   |     5.544 | SLOW    |     2.550 | FAST    |
A_i[1][0][2]   | C_o[1][1][8]   |     5.835 | SLOW    |     2.625 | FAST    |
A_i[1][0][2]   | C_o[1][2][2]   |     4.712 | SLOW    |     2.449 | FAST    |
A_i[1][0][2]   | C_o[1][2][3]   |     5.060 | SLOW    |     2.477 | FAST    |
A_i[1][0][2]   | C_o[1][2][4]   |     5.253 | SLOW    |     2.504 | FAST    |
A_i[1][0][2]   | C_o[1][2][5]   |     5.322 | SLOW    |     2.532 | FAST    |
A_i[1][0][2]   | C_o[1][2][6]   |     5.481 | SLOW    |     2.522 | FAST    |
A_i[1][0][2]   | C_o[1][2][7]   |     5.544 | SLOW    |     2.550 | FAST    |
A_i[1][0][2]   | C_o[1][2][8]   |     5.835 | SLOW    |     2.625 | FAST    |
A_i[1][0][2]   | C_o[1][3][2]   |     4.712 | SLOW    |     2.449 | FAST    |
A_i[1][0][2]   | C_o[1][3][3]   |     5.060 | SLOW    |     2.477 | FAST    |
A_i[1][0][2]   | C_o[1][3][4]   |     5.253 | SLOW    |     2.504 | FAST    |
A_i[1][0][2]   | C_o[1][3][5]   |     5.322 | SLOW    |     2.532 | FAST    |
A_i[1][0][2]   | C_o[1][3][6]   |     5.481 | SLOW    |     2.522 | FAST    |
A_i[1][0][2]   | C_o[1][3][7]   |     5.544 | SLOW    |     2.550 | FAST    |
A_i[1][0][2]   | C_o[1][3][8]   |     5.835 | SLOW    |     2.625 | FAST    |
A_i[1][0][3]   | C_o[1][0][3]   |     4.818 | SLOW    |     2.509 | FAST    |
A_i[1][0][3]   | C_o[1][0][4]   |     5.065 | SLOW    |     2.566 | FAST    |
A_i[1][0][3]   | C_o[1][0][5]   |     5.274 | SLOW    |     2.594 | FAST    |
A_i[1][0][3]   | C_o[1][0][6]   |     5.436 | SLOW    |     2.582 | FAST    |
A_i[1][0][3]   | C_o[1][0][7]   |     5.498 | SLOW    |     2.610 | FAST    |
A_i[1][0][3]   | C_o[1][0][8]   |     5.837 | SLOW    |     2.684 | FAST    |
A_i[1][0][3]   | C_o[1][1][3]   |     4.818 | SLOW    |     2.509 | FAST    |
A_i[1][0][3]   | C_o[1][1][4]   |     5.065 | SLOW    |     2.566 | FAST    |
A_i[1][0][3]   | C_o[1][1][5]   |     5.274 | SLOW    |     2.594 | FAST    |
A_i[1][0][3]   | C_o[1][1][6]   |     5.436 | SLOW    |     2.582 | FAST    |
A_i[1][0][3]   | C_o[1][1][7]   |     5.498 | SLOW    |     2.610 | FAST    |
A_i[1][0][3]   | C_o[1][1][8]   |     5.837 | SLOW    |     2.684 | FAST    |
A_i[1][0][3]   | C_o[1][2][3]   |     4.818 | SLOW    |     2.509 | FAST    |
A_i[1][0][3]   | C_o[1][2][4]   |     5.065 | SLOW    |     2.566 | FAST    |
A_i[1][0][3]   | C_o[1][2][5]   |     5.274 | SLOW    |     2.594 | FAST    |
A_i[1][0][3]   | C_o[1][2][6]   |     5.436 | SLOW    |     2.582 | FAST    |
A_i[1][0][3]   | C_o[1][2][7]   |     5.498 | SLOW    |     2.610 | FAST    |
A_i[1][0][3]   | C_o[1][2][8]   |     5.837 | SLOW    |     2.684 | FAST    |
A_i[1][0][3]   | C_o[1][3][3]   |     4.818 | SLOW    |     2.509 | FAST    |
A_i[1][0][3]   | C_o[1][3][4]   |     5.065 | SLOW    |     2.566 | FAST    |
A_i[1][0][3]   | C_o[1][3][5]   |     5.274 | SLOW    |     2.594 | FAST    |
A_i[1][0][3]   | C_o[1][3][6]   |     5.436 | SLOW    |     2.582 | FAST    |
A_i[1][0][3]   | C_o[1][3][7]   |     5.498 | SLOW    |     2.610 | FAST    |
A_i[1][0][3]   | C_o[1][3][8]   |     5.837 | SLOW    |     2.684 | FAST    |
A_i[1][0][4]   | C_o[1][0][4]   |     5.054 | SLOW    |     2.636 | FAST    |
A_i[1][0][4]   | C_o[1][0][5]   |     5.272 | SLOW    |     2.612 | FAST    |
A_i[1][0][4]   | C_o[1][0][6]   |     5.434 | SLOW    |     2.658 | FAST    |
A_i[1][0][4]   | C_o[1][0][7]   |     5.496 | SLOW    |     2.686 | FAST    |
A_i[1][0][4]   | C_o[1][0][8]   |     5.835 | SLOW    |     2.686 | FAST    |
A_i[1][0][4]   | C_o[1][1][4]   |     5.054 | SLOW    |     2.636 | FAST    |
A_i[1][0][4]   | C_o[1][1][5]   |     5.272 | SLOW    |     2.612 | FAST    |
A_i[1][0][4]   | C_o[1][1][6]   |     5.434 | SLOW    |     2.658 | FAST    |
A_i[1][0][4]   | C_o[1][1][7]   |     5.496 | SLOW    |     2.686 | FAST    |
A_i[1][0][4]   | C_o[1][1][8]   |     5.835 | SLOW    |     2.686 | FAST    |
A_i[1][0][4]   | C_o[1][2][4]   |     5.054 | SLOW    |     2.636 | FAST    |
A_i[1][0][4]   | C_o[1][2][5]   |     5.272 | SLOW    |     2.612 | FAST    |
A_i[1][0][4]   | C_o[1][2][6]   |     5.434 | SLOW    |     2.658 | FAST    |
A_i[1][0][4]   | C_o[1][2][7]   |     5.496 | SLOW    |     2.686 | FAST    |
A_i[1][0][4]   | C_o[1][2][8]   |     5.835 | SLOW    |     2.686 | FAST    |
A_i[1][0][4]   | C_o[1][3][4]   |     5.054 | SLOW    |     2.636 | FAST    |
A_i[1][0][4]   | C_o[1][3][5]   |     5.272 | SLOW    |     2.612 | FAST    |
A_i[1][0][4]   | C_o[1][3][6]   |     5.434 | SLOW    |     2.658 | FAST    |
A_i[1][0][4]   | C_o[1][3][7]   |     5.496 | SLOW    |     2.686 | FAST    |
A_i[1][0][4]   | C_o[1][3][8]   |     5.835 | SLOW    |     2.686 | FAST    |
A_i[1][0][5]   | C_o[1][0][5]   |     5.263 | SLOW    |     2.750 | FAST    |
A_i[1][0][5]   | C_o[1][0][6]   |     5.425 | SLOW    |     2.699 | FAST    |
A_i[1][0][5]   | C_o[1][0][7]   |     5.487 | SLOW    |     2.712 | FAST    |
A_i[1][0][5]   | C_o[1][0][8]   |     5.826 | SLOW    |     2.692 | FAST    |
A_i[1][0][5]   | C_o[1][1][5]   |     5.263 | SLOW    |     2.750 | FAST    |
A_i[1][0][5]   | C_o[1][1][6]   |     5.425 | SLOW    |     2.699 | FAST    |
A_i[1][0][5]   | C_o[1][1][7]   |     5.487 | SLOW    |     2.712 | FAST    |
A_i[1][0][5]   | C_o[1][1][8]   |     5.826 | SLOW    |     2.692 | FAST    |
A_i[1][0][5]   | C_o[1][2][5]   |     5.263 | SLOW    |     2.750 | FAST    |
A_i[1][0][5]   | C_o[1][2][6]   |     5.425 | SLOW    |     2.699 | FAST    |
A_i[1][0][5]   | C_o[1][2][7]   |     5.487 | SLOW    |     2.712 | FAST    |
A_i[1][0][5]   | C_o[1][2][8]   |     5.826 | SLOW    |     2.692 | FAST    |
A_i[1][0][5]   | C_o[1][3][5]   |     5.263 | SLOW    |     2.750 | FAST    |
A_i[1][0][5]   | C_o[1][3][6]   |     5.425 | SLOW    |     2.699 | FAST    |
A_i[1][0][5]   | C_o[1][3][7]   |     5.487 | SLOW    |     2.712 | FAST    |
A_i[1][0][5]   | C_o[1][3][8]   |     5.826 | SLOW    |     2.692 | FAST    |
A_i[1][0][6]   | C_o[1][0][6]   |     5.015 | SLOW    |     2.614 | FAST    |
A_i[1][0][6]   | C_o[1][0][7]   |     5.220 | SLOW    |     2.570 | FAST    |
A_i[1][0][6]   | C_o[1][0][8]   |     5.560 | SLOW    |     2.612 | FAST    |
A_i[1][0][6]   | C_o[1][1][6]   |     5.015 | SLOW    |     2.614 | FAST    |
A_i[1][0][6]   | C_o[1][1][7]   |     5.220 | SLOW    |     2.570 | FAST    |
A_i[1][0][6]   | C_o[1][1][8]   |     5.560 | SLOW    |     2.612 | FAST    |
A_i[1][0][6]   | C_o[1][2][6]   |     5.015 | SLOW    |     2.614 | FAST    |
A_i[1][0][6]   | C_o[1][2][7]   |     5.220 | SLOW    |     2.570 | FAST    |
A_i[1][0][6]   | C_o[1][2][8]   |     5.560 | SLOW    |     2.612 | FAST    |
A_i[1][0][6]   | C_o[1][3][6]   |     5.015 | SLOW    |     2.614 | FAST    |
A_i[1][0][6]   | C_o[1][3][7]   |     5.220 | SLOW    |     2.570 | FAST    |
A_i[1][0][6]   | C_o[1][3][8]   |     5.560 | SLOW    |     2.612 | FAST    |
A_i[1][0][7]   | C_o[1][0][7]   |     5.057 | SLOW    |     2.643 | FAST    |
A_i[1][0][7]   | C_o[1][0][8]   |     5.431 | SLOW    |     2.616 | FAST    |
A_i[1][0][7]   | C_o[1][1][7]   |     5.057 | SLOW    |     2.643 | FAST    |
A_i[1][0][7]   | C_o[1][1][8]   |     5.431 | SLOW    |     2.616 | FAST    |
A_i[1][0][7]   | C_o[1][2][7]   |     5.057 | SLOW    |     2.643 | FAST    |
A_i[1][0][7]   | C_o[1][2][8]   |     5.431 | SLOW    |     2.616 | FAST    |
A_i[1][0][7]   | C_o[1][3][7]   |     5.057 | SLOW    |     2.643 | FAST    |
A_i[1][0][7]   | C_o[1][3][8]   |     5.431 | SLOW    |     2.616 | FAST    |
A_i[1][0][8]   | C_o[1][0][8]   |     5.406 | SLOW    |     2.829 | FAST    |
A_i[1][0][8]   | C_o[1][1][8]   |     5.406 | SLOW    |     2.829 | FAST    |
A_i[1][0][8]   | C_o[1][2][8]   |     5.406 | SLOW    |     2.829 | FAST    |
A_i[1][0][8]   | C_o[1][3][8]   |     5.406 | SLOW    |     2.829 | FAST    |
A_i[1][1][0]   | C_o[1][0][0]   |     4.618 | SLOW    |     2.395 | FAST    |
A_i[1][1][0]   | C_o[1][0][1]   |     4.681 | SLOW    |     2.397 | FAST    |
A_i[1][1][0]   | C_o[1][0][2]   |     4.963 | SLOW    |     2.441 | FAST    |
A_i[1][1][0]   | C_o[1][0][3]   |     5.023 | SLOW    |     2.469 | FAST    |
A_i[1][1][0]   | C_o[1][0][4]   |     5.214 | SLOW    |     2.462 | FAST    |
A_i[1][1][0]   | C_o[1][0][5]   |     5.284 | SLOW    |     2.491 | FAST    |
A_i[1][1][0]   | C_o[1][0][6]   |     5.389 | SLOW    |     2.479 | FAST    |
A_i[1][1][0]   | C_o[1][0][7]   |     5.452 | SLOW    |     2.507 | FAST    |
A_i[1][1][0]   | C_o[1][0][8]   |     5.746 | SLOW    |     2.566 | FAST    |
A_i[1][1][0]   | C_o[1][1][0]   |     4.618 | SLOW    |     2.395 | FAST    |
A_i[1][1][0]   | C_o[1][1][1]   |     4.681 | SLOW    |     2.397 | FAST    |
A_i[1][1][0]   | C_o[1][1][2]   |     4.963 | SLOW    |     2.441 | FAST    |
A_i[1][1][0]   | C_o[1][1][3]   |     5.023 | SLOW    |     2.469 | FAST    |
A_i[1][1][0]   | C_o[1][1][4]   |     5.214 | SLOW    |     2.462 | FAST    |
A_i[1][1][0]   | C_o[1][1][5]   |     5.284 | SLOW    |     2.491 | FAST    |
A_i[1][1][0]   | C_o[1][1][6]   |     5.389 | SLOW    |     2.479 | FAST    |
A_i[1][1][0]   | C_o[1][1][7]   |     5.452 | SLOW    |     2.507 | FAST    |
A_i[1][1][0]   | C_o[1][1][8]   |     5.746 | SLOW    |     2.566 | FAST    |
A_i[1][1][0]   | C_o[1][2][0]   |     4.618 | SLOW    |     2.395 | FAST    |
A_i[1][1][0]   | C_o[1][2][1]   |     4.681 | SLOW    |     2.397 | FAST    |
A_i[1][1][0]   | C_o[1][2][2]   |     4.963 | SLOW    |     2.441 | FAST    |
A_i[1][1][0]   | C_o[1][2][3]   |     5.023 | SLOW    |     2.469 | FAST    |
A_i[1][1][0]   | C_o[1][2][4]   |     5.214 | SLOW    |     2.462 | FAST    |
A_i[1][1][0]   | C_o[1][2][5]   |     5.284 | SLOW    |     2.491 | FAST    |
A_i[1][1][0]   | C_o[1][2][6]   |     5.389 | SLOW    |     2.479 | FAST    |
A_i[1][1][0]   | C_o[1][2][7]   |     5.452 | SLOW    |     2.507 | FAST    |
A_i[1][1][0]   | C_o[1][2][8]   |     5.746 | SLOW    |     2.566 | FAST    |
A_i[1][1][0]   | C_o[1][3][0]   |     4.618 | SLOW    |     2.395 | FAST    |
A_i[1][1][0]   | C_o[1][3][1]   |     4.681 | SLOW    |     2.397 | FAST    |
A_i[1][1][0]   | C_o[1][3][2]   |     4.963 | SLOW    |     2.441 | FAST    |
A_i[1][1][0]   | C_o[1][3][3]   |     5.023 | SLOW    |     2.469 | FAST    |
A_i[1][1][0]   | C_o[1][3][4]   |     5.214 | SLOW    |     2.462 | FAST    |
A_i[1][1][0]   | C_o[1][3][5]   |     5.284 | SLOW    |     2.491 | FAST    |
A_i[1][1][0]   | C_o[1][3][6]   |     5.389 | SLOW    |     2.479 | FAST    |
A_i[1][1][0]   | C_o[1][3][7]   |     5.452 | SLOW    |     2.507 | FAST    |
A_i[1][1][0]   | C_o[1][3][8]   |     5.746 | SLOW    |     2.566 | FAST    |
A_i[1][1][1]   | C_o[1][0][1]   |     4.726 | SLOW    |     2.455 | FAST    |
A_i[1][1][1]   | C_o[1][0][2]   |     4.956 | SLOW    |     2.500 | FAST    |
A_i[1][1][1]   | C_o[1][0][3]   |     5.016 | SLOW    |     2.528 | FAST    |
A_i[1][1][1]   | C_o[1][0][4]   |     5.207 | SLOW    |     2.501 | FAST    |
A_i[1][1][1]   | C_o[1][0][5]   |     5.277 | SLOW    |     2.518 | FAST    |
A_i[1][1][1]   | C_o[1][0][6]   |     5.380 | SLOW    |     2.538 | FAST    |
A_i[1][1][1]   | C_o[1][0][7]   |     5.443 | SLOW    |     2.566 | FAST    |
A_i[1][1][1]   | C_o[1][0][8]   |     5.717 | SLOW    |     2.625 | FAST    |
A_i[1][1][1]   | C_o[1][1][1]   |     4.726 | SLOW    |     2.455 | FAST    |
A_i[1][1][1]   | C_o[1][1][2]   |     4.956 | SLOW    |     2.500 | FAST    |
A_i[1][1][1]   | C_o[1][1][3]   |     5.016 | SLOW    |     2.528 | FAST    |
A_i[1][1][1]   | C_o[1][1][4]   |     5.207 | SLOW    |     2.501 | FAST    |
A_i[1][1][1]   | C_o[1][1][5]   |     5.277 | SLOW    |     2.518 | FAST    |
A_i[1][1][1]   | C_o[1][1][6]   |     5.380 | SLOW    |     2.538 | FAST    |
A_i[1][1][1]   | C_o[1][1][7]   |     5.443 | SLOW    |     2.566 | FAST    |
A_i[1][1][1]   | C_o[1][1][8]   |     5.717 | SLOW    |     2.625 | FAST    |
A_i[1][1][1]   | C_o[1][2][1]   |     4.726 | SLOW    |     2.455 | FAST    |
A_i[1][1][1]   | C_o[1][2][2]   |     4.956 | SLOW    |     2.500 | FAST    |
A_i[1][1][1]   | C_o[1][2][3]   |     5.016 | SLOW    |     2.528 | FAST    |
A_i[1][1][1]   | C_o[1][2][4]   |     5.207 | SLOW    |     2.501 | FAST    |
A_i[1][1][1]   | C_o[1][2][5]   |     5.277 | SLOW    |     2.518 | FAST    |
A_i[1][1][1]   | C_o[1][2][6]   |     5.380 | SLOW    |     2.538 | FAST    |
A_i[1][1][1]   | C_o[1][2][7]   |     5.443 | SLOW    |     2.566 | FAST    |
A_i[1][1][1]   | C_o[1][2][8]   |     5.717 | SLOW    |     2.625 | FAST    |
A_i[1][1][1]   | C_o[1][3][1]   |     4.726 | SLOW    |     2.455 | FAST    |
A_i[1][1][1]   | C_o[1][3][2]   |     4.956 | SLOW    |     2.500 | FAST    |
A_i[1][1][1]   | C_o[1][3][3]   |     5.016 | SLOW    |     2.528 | FAST    |
A_i[1][1][1]   | C_o[1][3][4]   |     5.207 | SLOW    |     2.501 | FAST    |
A_i[1][1][1]   | C_o[1][3][5]   |     5.277 | SLOW    |     2.518 | FAST    |
A_i[1][1][1]   | C_o[1][3][6]   |     5.380 | SLOW    |     2.538 | FAST    |
A_i[1][1][1]   | C_o[1][3][7]   |     5.443 | SLOW    |     2.566 | FAST    |
A_i[1][1][1]   | C_o[1][3][8]   |     5.717 | SLOW    |     2.625 | FAST    |
A_i[1][1][2]   | C_o[1][0][2]   |     4.615 | SLOW    |     2.391 | FAST    |
A_i[1][1][2]   | C_o[1][0][3]   |     4.963 | SLOW    |     2.419 | FAST    |
A_i[1][1][2]   | C_o[1][0][4]   |     5.155 | SLOW    |     2.445 | FAST    |
A_i[1][1][2]   | C_o[1][0][5]   |     5.224 | SLOW    |     2.474 | FAST    |
A_i[1][1][2]   | C_o[1][0][6]   |     5.382 | SLOW    |     2.463 | FAST    |
A_i[1][1][2]   | C_o[1][0][7]   |     5.445 | SLOW    |     2.491 | FAST    |
A_i[1][1][2]   | C_o[1][0][8]   |     5.739 | SLOW    |     2.566 | FAST    |
A_i[1][1][2]   | C_o[1][1][2]   |     4.615 | SLOW    |     2.391 | FAST    |
A_i[1][1][2]   | C_o[1][1][3]   |     4.963 | SLOW    |     2.419 | FAST    |
A_i[1][1][2]   | C_o[1][1][4]   |     5.155 | SLOW    |     2.445 | FAST    |
A_i[1][1][2]   | C_o[1][1][5]   |     5.224 | SLOW    |     2.474 | FAST    |
A_i[1][1][2]   | C_o[1][1][6]   |     5.382 | SLOW    |     2.463 | FAST    |
A_i[1][1][2]   | C_o[1][1][7]   |     5.445 | SLOW    |     2.491 | FAST    |
A_i[1][1][2]   | C_o[1][1][8]   |     5.739 | SLOW    |     2.566 | FAST    |
A_i[1][1][2]   | C_o[1][2][2]   |     4.615 | SLOW    |     2.391 | FAST    |
A_i[1][1][2]   | C_o[1][2][3]   |     4.963 | SLOW    |     2.419 | FAST    |
A_i[1][1][2]   | C_o[1][2][4]   |     5.155 | SLOW    |     2.445 | FAST    |
A_i[1][1][2]   | C_o[1][2][5]   |     5.224 | SLOW    |     2.474 | FAST    |
A_i[1][1][2]   | C_o[1][2][6]   |     5.382 | SLOW    |     2.463 | FAST    |
A_i[1][1][2]   | C_o[1][2][7]   |     5.445 | SLOW    |     2.491 | FAST    |
A_i[1][1][2]   | C_o[1][2][8]   |     5.739 | SLOW    |     2.566 | FAST    |
A_i[1][1][2]   | C_o[1][3][2]   |     4.615 | SLOW    |     2.391 | FAST    |
A_i[1][1][2]   | C_o[1][3][3]   |     4.963 | SLOW    |     2.419 | FAST    |
A_i[1][1][2]   | C_o[1][3][4]   |     5.155 | SLOW    |     2.445 | FAST    |
A_i[1][1][2]   | C_o[1][3][5]   |     5.224 | SLOW    |     2.474 | FAST    |
A_i[1][1][2]   | C_o[1][3][6]   |     5.382 | SLOW    |     2.463 | FAST    |
A_i[1][1][2]   | C_o[1][3][7]   |     5.445 | SLOW    |     2.491 | FAST    |
A_i[1][1][2]   | C_o[1][3][8]   |     5.739 | SLOW    |     2.566 | FAST    |
A_i[1][1][3]   | C_o[1][0][3]   |     4.721 | SLOW    |     2.451 | FAST    |
A_i[1][1][3]   | C_o[1][0][4]   |     4.967 | SLOW    |     2.507 | FAST    |
A_i[1][1][3]   | C_o[1][0][5]   |     5.177 | SLOW    |     2.535 | FAST    |
A_i[1][1][3]   | C_o[1][0][6]   |     5.340 | SLOW    |     2.523 | FAST    |
A_i[1][1][3]   | C_o[1][0][7]   |     5.402 | SLOW    |     2.551 | FAST    |
A_i[1][1][3]   | C_o[1][0][8]   |     5.741 | SLOW    |     2.625 | FAST    |
A_i[1][1][3]   | C_o[1][1][3]   |     4.721 | SLOW    |     2.451 | FAST    |
A_i[1][1][3]   | C_o[1][1][4]   |     4.967 | SLOW    |     2.507 | FAST    |
A_i[1][1][3]   | C_o[1][1][5]   |     5.177 | SLOW    |     2.535 | FAST    |
A_i[1][1][3]   | C_o[1][1][6]   |     5.340 | SLOW    |     2.523 | FAST    |
A_i[1][1][3]   | C_o[1][1][7]   |     5.402 | SLOW    |     2.551 | FAST    |
A_i[1][1][3]   | C_o[1][1][8]   |     5.741 | SLOW    |     2.625 | FAST    |
A_i[1][1][3]   | C_o[1][2][3]   |     4.721 | SLOW    |     2.451 | FAST    |
A_i[1][1][3]   | C_o[1][2][4]   |     4.967 | SLOW    |     2.507 | FAST    |
A_i[1][1][3]   | C_o[1][2][5]   |     5.177 | SLOW    |     2.535 | FAST    |
A_i[1][1][3]   | C_o[1][2][6]   |     5.340 | SLOW    |     2.523 | FAST    |
A_i[1][1][3]   | C_o[1][2][7]   |     5.402 | SLOW    |     2.551 | FAST    |
A_i[1][1][3]   | C_o[1][2][8]   |     5.741 | SLOW    |     2.625 | FAST    |
A_i[1][1][3]   | C_o[1][3][3]   |     4.721 | SLOW    |     2.451 | FAST    |
A_i[1][1][3]   | C_o[1][3][4]   |     4.967 | SLOW    |     2.507 | FAST    |
A_i[1][1][3]   | C_o[1][3][5]   |     5.177 | SLOW    |     2.535 | FAST    |
A_i[1][1][3]   | C_o[1][3][6]   |     5.340 | SLOW    |     2.523 | FAST    |
A_i[1][1][3]   | C_o[1][3][7]   |     5.402 | SLOW    |     2.551 | FAST    |
A_i[1][1][3]   | C_o[1][3][8]   |     5.741 | SLOW    |     2.625 | FAST    |
A_i[1][1][4]   | C_o[1][0][4]   |     4.956 | SLOW    |     2.577 | FAST    |
A_i[1][1][4]   | C_o[1][0][5]   |     5.175 | SLOW    |     2.554 | FAST    |
A_i[1][1][4]   | C_o[1][0][6]   |     5.338 | SLOW    |     2.599 | FAST    |
A_i[1][1][4]   | C_o[1][0][7]   |     5.400 | SLOW    |     2.627 | FAST    |
A_i[1][1][4]   | C_o[1][0][8]   |     5.739 | SLOW    |     2.627 | FAST    |
A_i[1][1][4]   | C_o[1][1][4]   |     4.956 | SLOW    |     2.577 | FAST    |
A_i[1][1][4]   | C_o[1][1][5]   |     5.175 | SLOW    |     2.554 | FAST    |
A_i[1][1][4]   | C_o[1][1][6]   |     5.338 | SLOW    |     2.599 | FAST    |
A_i[1][1][4]   | C_o[1][1][7]   |     5.400 | SLOW    |     2.627 | FAST    |
A_i[1][1][4]   | C_o[1][1][8]   |     5.739 | SLOW    |     2.627 | FAST    |
A_i[1][1][4]   | C_o[1][2][4]   |     4.956 | SLOW    |     2.577 | FAST    |
A_i[1][1][4]   | C_o[1][2][5]   |     5.175 | SLOW    |     2.554 | FAST    |
A_i[1][1][4]   | C_o[1][2][6]   |     5.338 | SLOW    |     2.599 | FAST    |
A_i[1][1][4]   | C_o[1][2][7]   |     5.400 | SLOW    |     2.627 | FAST    |
A_i[1][1][4]   | C_o[1][2][8]   |     5.739 | SLOW    |     2.627 | FAST    |
A_i[1][1][4]   | C_o[1][3][4]   |     4.956 | SLOW    |     2.577 | FAST    |
A_i[1][1][4]   | C_o[1][3][5]   |     5.175 | SLOW    |     2.554 | FAST    |
A_i[1][1][4]   | C_o[1][3][6]   |     5.338 | SLOW    |     2.599 | FAST    |
A_i[1][1][4]   | C_o[1][3][7]   |     5.400 | SLOW    |     2.627 | FAST    |
A_i[1][1][4]   | C_o[1][3][8]   |     5.739 | SLOW    |     2.627 | FAST    |
A_i[1][1][5]   | C_o[1][0][5]   |     5.166 | SLOW    |     2.692 | FAST    |
A_i[1][1][5]   | C_o[1][0][6]   |     5.329 | SLOW    |     2.640 | FAST    |
A_i[1][1][5]   | C_o[1][0][7]   |     5.391 | SLOW    |     2.654 | FAST    |
A_i[1][1][5]   | C_o[1][0][8]   |     5.730 | SLOW    |     2.633 | FAST    |
A_i[1][1][5]   | C_o[1][1][5]   |     5.166 | SLOW    |     2.692 | FAST    |
A_i[1][1][5]   | C_o[1][1][6]   |     5.329 | SLOW    |     2.640 | FAST    |
A_i[1][1][5]   | C_o[1][1][7]   |     5.391 | SLOW    |     2.654 | FAST    |
A_i[1][1][5]   | C_o[1][1][8]   |     5.730 | SLOW    |     2.633 | FAST    |
A_i[1][1][5]   | C_o[1][2][5]   |     5.166 | SLOW    |     2.692 | FAST    |
A_i[1][1][5]   | C_o[1][2][6]   |     5.329 | SLOW    |     2.640 | FAST    |
A_i[1][1][5]   | C_o[1][2][7]   |     5.391 | SLOW    |     2.654 | FAST    |
A_i[1][1][5]   | C_o[1][2][8]   |     5.730 | SLOW    |     2.633 | FAST    |
A_i[1][1][5]   | C_o[1][3][5]   |     5.166 | SLOW    |     2.692 | FAST    |
A_i[1][1][5]   | C_o[1][3][6]   |     5.329 | SLOW    |     2.640 | FAST    |
A_i[1][1][5]   | C_o[1][3][7]   |     5.391 | SLOW    |     2.654 | FAST    |
A_i[1][1][5]   | C_o[1][3][8]   |     5.730 | SLOW    |     2.633 | FAST    |
A_i[1][1][6]   | C_o[1][0][6]   |     4.919 | SLOW    |     2.555 | FAST    |
A_i[1][1][6]   | C_o[1][0][7]   |     5.125 | SLOW    |     2.512 | FAST    |
A_i[1][1][6]   | C_o[1][0][8]   |     5.464 | SLOW    |     2.553 | FAST    |
A_i[1][1][6]   | C_o[1][1][6]   |     4.919 | SLOW    |     2.555 | FAST    |
A_i[1][1][6]   | C_o[1][1][7]   |     5.125 | SLOW    |     2.512 | FAST    |
A_i[1][1][6]   | C_o[1][1][8]   |     5.464 | SLOW    |     2.553 | FAST    |
A_i[1][1][6]   | C_o[1][2][6]   |     4.919 | SLOW    |     2.555 | FAST    |
A_i[1][1][6]   | C_o[1][2][7]   |     5.125 | SLOW    |     2.512 | FAST    |
A_i[1][1][6]   | C_o[1][2][8]   |     5.464 | SLOW    |     2.553 | FAST    |
A_i[1][1][6]   | C_o[1][3][6]   |     4.919 | SLOW    |     2.555 | FAST    |
A_i[1][1][6]   | C_o[1][3][7]   |     5.125 | SLOW    |     2.512 | FAST    |
A_i[1][1][6]   | C_o[1][3][8]   |     5.464 | SLOW    |     2.553 | FAST    |
A_i[1][1][7]   | C_o[1][0][7]   |     4.962 | SLOW    |     2.585 | FAST    |
A_i[1][1][7]   | C_o[1][0][8]   |     5.332 | SLOW    |     2.557 | FAST    |
A_i[1][1][7]   | C_o[1][1][7]   |     4.962 | SLOW    |     2.585 | FAST    |
A_i[1][1][7]   | C_o[1][1][8]   |     5.332 | SLOW    |     2.557 | FAST    |
A_i[1][1][7]   | C_o[1][2][7]   |     4.962 | SLOW    |     2.585 | FAST    |
A_i[1][1][7]   | C_o[1][2][8]   |     5.332 | SLOW    |     2.557 | FAST    |
A_i[1][1][7]   | C_o[1][3][7]   |     4.962 | SLOW    |     2.585 | FAST    |
A_i[1][1][7]   | C_o[1][3][8]   |     5.332 | SLOW    |     2.557 | FAST    |
A_i[1][1][8]   | C_o[1][0][8]   |     5.307 | SLOW    |     2.770 | FAST    |
A_i[1][1][8]   | C_o[1][1][8]   |     5.307 | SLOW    |     2.770 | FAST    |
A_i[1][1][8]   | C_o[1][2][8]   |     5.307 | SLOW    |     2.770 | FAST    |
A_i[1][1][8]   | C_o[1][3][8]   |     5.307 | SLOW    |     2.770 | FAST    |
A_i[2][0][0]   | C_o[2][0][0]   |     4.717 | SLOW    |     2.454 | FAST    |
A_i[2][0][0]   | C_o[2][0][1]   |     4.780 | SLOW    |     2.455 | FAST    |
A_i[2][0][0]   | C_o[2][0][2]   |     5.060 | SLOW    |     2.499 | FAST    |
A_i[2][0][0]   | C_o[2][0][3]   |     5.122 | SLOW    |     2.527 | FAST    |
A_i[2][0][0]   | C_o[2][0][4]   |     5.312 | SLOW    |     2.521 | FAST    |
A_i[2][0][0]   | C_o[2][0][5]   |     5.382 | SLOW    |     2.549 | FAST    |
A_i[2][0][0]   | C_o[2][0][6]   |     5.488 | SLOW    |     2.538 | FAST    |
A_i[2][0][0]   | C_o[2][0][7]   |     5.551 | SLOW    |     2.566 | FAST    |
A_i[2][0][0]   | C_o[2][0][8]   |     5.842 | SLOW    |     2.625 | FAST    |
A_i[2][0][0]   | C_o[2][1][0]   |     4.717 | SLOW    |     2.454 | FAST    |
A_i[2][0][0]   | C_o[2][1][1]   |     4.780 | SLOW    |     2.455 | FAST    |
A_i[2][0][0]   | C_o[2][1][2]   |     5.060 | SLOW    |     2.499 | FAST    |
A_i[2][0][0]   | C_o[2][1][3]   |     5.122 | SLOW    |     2.527 | FAST    |
A_i[2][0][0]   | C_o[2][1][4]   |     5.312 | SLOW    |     2.521 | FAST    |
A_i[2][0][0]   | C_o[2][1][5]   |     5.382 | SLOW    |     2.549 | FAST    |
A_i[2][0][0]   | C_o[2][1][6]   |     5.488 | SLOW    |     2.538 | FAST    |
A_i[2][0][0]   | C_o[2][1][7]   |     5.551 | SLOW    |     2.566 | FAST    |
A_i[2][0][0]   | C_o[2][1][8]   |     5.842 | SLOW    |     2.625 | FAST    |
A_i[2][0][0]   | C_o[2][2][0]   |     4.717 | SLOW    |     2.454 | FAST    |
A_i[2][0][0]   | C_o[2][2][1]   |     4.780 | SLOW    |     2.455 | FAST    |
A_i[2][0][0]   | C_o[2][2][2]   |     5.060 | SLOW    |     2.499 | FAST    |
A_i[2][0][0]   | C_o[2][2][3]   |     5.122 | SLOW    |     2.527 | FAST    |
A_i[2][0][0]   | C_o[2][2][4]   |     5.312 | SLOW    |     2.521 | FAST    |
A_i[2][0][0]   | C_o[2][2][5]   |     5.382 | SLOW    |     2.549 | FAST    |
A_i[2][0][0]   | C_o[2][2][6]   |     5.488 | SLOW    |     2.538 | FAST    |
A_i[2][0][0]   | C_o[2][2][7]   |     5.551 | SLOW    |     2.566 | FAST    |
A_i[2][0][0]   | C_o[2][2][8]   |     5.842 | SLOW    |     2.625 | FAST    |
A_i[2][0][0]   | C_o[2][3][0]   |     4.717 | SLOW    |     2.454 | FAST    |
A_i[2][0][0]   | C_o[2][3][1]   |     4.780 | SLOW    |     2.455 | FAST    |
A_i[2][0][0]   | C_o[2][3][2]   |     5.060 | SLOW    |     2.499 | FAST    |
A_i[2][0][0]   | C_o[2][3][3]   |     5.122 | SLOW    |     2.527 | FAST    |
A_i[2][0][0]   | C_o[2][3][4]   |     5.312 | SLOW    |     2.521 | FAST    |
A_i[2][0][0]   | C_o[2][3][5]   |     5.382 | SLOW    |     2.549 | FAST    |
A_i[2][0][0]   | C_o[2][3][6]   |     5.488 | SLOW    |     2.538 | FAST    |
A_i[2][0][0]   | C_o[2][3][7]   |     5.551 | SLOW    |     2.566 | FAST    |
A_i[2][0][0]   | C_o[2][3][8]   |     5.842 | SLOW    |     2.625 | FAST    |
A_i[2][0][1]   | C_o[2][0][1]   |     4.823 | SLOW    |     2.513 | FAST    |
A_i[2][0][1]   | C_o[2][0][2]   |     5.053 | SLOW    |     2.559 | FAST    |
A_i[2][0][1]   | C_o[2][0][3]   |     5.115 | SLOW    |     2.587 | FAST    |
A_i[2][0][1]   | C_o[2][0][4]   |     5.305 | SLOW    |     2.560 | FAST    |
A_i[2][0][1]   | C_o[2][0][5]   |     5.375 | SLOW    |     2.576 | FAST    |
A_i[2][0][1]   | C_o[2][0][6]   |     5.479 | SLOW    |     2.597 | FAST    |
A_i[2][0][1]   | C_o[2][0][7]   |     5.542 | SLOW    |     2.625 | FAST    |
A_i[2][0][1]   | C_o[2][0][8]   |     5.813 | SLOW    |     2.684 | FAST    |
A_i[2][0][1]   | C_o[2][1][1]   |     4.823 | SLOW    |     2.513 | FAST    |
A_i[2][0][1]   | C_o[2][1][2]   |     5.053 | SLOW    |     2.559 | FAST    |
A_i[2][0][1]   | C_o[2][1][3]   |     5.115 | SLOW    |     2.587 | FAST    |
A_i[2][0][1]   | C_o[2][1][4]   |     5.305 | SLOW    |     2.560 | FAST    |
A_i[2][0][1]   | C_o[2][1][5]   |     5.375 | SLOW    |     2.576 | FAST    |
A_i[2][0][1]   | C_o[2][1][6]   |     5.479 | SLOW    |     2.597 | FAST    |
A_i[2][0][1]   | C_o[2][1][7]   |     5.542 | SLOW    |     2.625 | FAST    |
A_i[2][0][1]   | C_o[2][1][8]   |     5.813 | SLOW    |     2.684 | FAST    |
A_i[2][0][1]   | C_o[2][2][1]   |     4.823 | SLOW    |     2.513 | FAST    |
A_i[2][0][1]   | C_o[2][2][2]   |     5.053 | SLOW    |     2.559 | FAST    |
A_i[2][0][1]   | C_o[2][2][3]   |     5.115 | SLOW    |     2.587 | FAST    |
A_i[2][0][1]   | C_o[2][2][4]   |     5.305 | SLOW    |     2.560 | FAST    |
A_i[2][0][1]   | C_o[2][2][5]   |     5.375 | SLOW    |     2.576 | FAST    |
A_i[2][0][1]   | C_o[2][2][6]   |     5.479 | SLOW    |     2.597 | FAST    |
A_i[2][0][1]   | C_o[2][2][7]   |     5.542 | SLOW    |     2.625 | FAST    |
A_i[2][0][1]   | C_o[2][2][8]   |     5.813 | SLOW    |     2.684 | FAST    |
A_i[2][0][1]   | C_o[2][3][1]   |     4.823 | SLOW    |     2.513 | FAST    |
A_i[2][0][1]   | C_o[2][3][2]   |     5.053 | SLOW    |     2.559 | FAST    |
A_i[2][0][1]   | C_o[2][3][3]   |     5.115 | SLOW    |     2.587 | FAST    |
A_i[2][0][1]   | C_o[2][3][4]   |     5.305 | SLOW    |     2.560 | FAST    |
A_i[2][0][1]   | C_o[2][3][5]   |     5.375 | SLOW    |     2.576 | FAST    |
A_i[2][0][1]   | C_o[2][3][6]   |     5.479 | SLOW    |     2.597 | FAST    |
A_i[2][0][1]   | C_o[2][3][7]   |     5.542 | SLOW    |     2.625 | FAST    |
A_i[2][0][1]   | C_o[2][3][8]   |     5.813 | SLOW    |     2.684 | FAST    |
A_i[2][0][2]   | C_o[2][0][2]   |     4.712 | SLOW    |     2.449 | FAST    |
A_i[2][0][2]   | C_o[2][0][3]   |     5.060 | SLOW    |     2.477 | FAST    |
A_i[2][0][2]   | C_o[2][0][4]   |     5.253 | SLOW    |     2.504 | FAST    |
A_i[2][0][2]   | C_o[2][0][5]   |     5.322 | SLOW    |     2.532 | FAST    |
A_i[2][0][2]   | C_o[2][0][6]   |     5.481 | SLOW    |     2.522 | FAST    |
A_i[2][0][2]   | C_o[2][0][7]   |     5.544 | SLOW    |     2.550 | FAST    |
A_i[2][0][2]   | C_o[2][0][8]   |     5.835 | SLOW    |     2.625 | FAST    |
A_i[2][0][2]   | C_o[2][1][2]   |     4.712 | SLOW    |     2.449 | FAST    |
A_i[2][0][2]   | C_o[2][1][3]   |     5.060 | SLOW    |     2.477 | FAST    |
A_i[2][0][2]   | C_o[2][1][4]   |     5.253 | SLOW    |     2.504 | FAST    |
A_i[2][0][2]   | C_o[2][1][5]   |     5.322 | SLOW    |     2.532 | FAST    |
A_i[2][0][2]   | C_o[2][1][6]   |     5.481 | SLOW    |     2.522 | FAST    |
A_i[2][0][2]   | C_o[2][1][7]   |     5.544 | SLOW    |     2.550 | FAST    |
A_i[2][0][2]   | C_o[2][1][8]   |     5.835 | SLOW    |     2.625 | FAST    |
A_i[2][0][2]   | C_o[2][2][2]   |     4.712 | SLOW    |     2.449 | FAST    |
A_i[2][0][2]   | C_o[2][2][3]   |     5.060 | SLOW    |     2.477 | FAST    |
A_i[2][0][2]   | C_o[2][2][4]   |     5.253 | SLOW    |     2.504 | FAST    |
A_i[2][0][2]   | C_o[2][2][5]   |     5.322 | SLOW    |     2.532 | FAST    |
A_i[2][0][2]   | C_o[2][2][6]   |     5.481 | SLOW    |     2.522 | FAST    |
A_i[2][0][2]   | C_o[2][2][7]   |     5.544 | SLOW    |     2.550 | FAST    |
A_i[2][0][2]   | C_o[2][2][8]   |     5.835 | SLOW    |     2.625 | FAST    |
A_i[2][0][2]   | C_o[2][3][2]   |     4.712 | SLOW    |     2.449 | FAST    |
A_i[2][0][2]   | C_o[2][3][3]   |     5.060 | SLOW    |     2.477 | FAST    |
A_i[2][0][2]   | C_o[2][3][4]   |     5.253 | SLOW    |     2.504 | FAST    |
A_i[2][0][2]   | C_o[2][3][5]   |     5.322 | SLOW    |     2.532 | FAST    |
A_i[2][0][2]   | C_o[2][3][6]   |     5.481 | SLOW    |     2.522 | FAST    |
A_i[2][0][2]   | C_o[2][3][7]   |     5.544 | SLOW    |     2.550 | FAST    |
A_i[2][0][2]   | C_o[2][3][8]   |     5.835 | SLOW    |     2.625 | FAST    |
A_i[2][0][3]   | C_o[2][0][3]   |     4.818 | SLOW    |     2.509 | FAST    |
A_i[2][0][3]   | C_o[2][0][4]   |     5.065 | SLOW    |     2.566 | FAST    |
A_i[2][0][3]   | C_o[2][0][5]   |     5.274 | SLOW    |     2.594 | FAST    |
A_i[2][0][3]   | C_o[2][0][6]   |     5.436 | SLOW    |     2.582 | FAST    |
A_i[2][0][3]   | C_o[2][0][7]   |     5.498 | SLOW    |     2.610 | FAST    |
A_i[2][0][3]   | C_o[2][0][8]   |     5.837 | SLOW    |     2.684 | FAST    |
A_i[2][0][3]   | C_o[2][1][3]   |     4.818 | SLOW    |     2.509 | FAST    |
A_i[2][0][3]   | C_o[2][1][4]   |     5.065 | SLOW    |     2.566 | FAST    |
A_i[2][0][3]   | C_o[2][1][5]   |     5.274 | SLOW    |     2.594 | FAST    |
A_i[2][0][3]   | C_o[2][1][6]   |     5.436 | SLOW    |     2.582 | FAST    |
A_i[2][0][3]   | C_o[2][1][7]   |     5.498 | SLOW    |     2.610 | FAST    |
A_i[2][0][3]   | C_o[2][1][8]   |     5.837 | SLOW    |     2.684 | FAST    |
A_i[2][0][3]   | C_o[2][2][3]   |     4.818 | SLOW    |     2.509 | FAST    |
A_i[2][0][3]   | C_o[2][2][4]   |     5.065 | SLOW    |     2.566 | FAST    |
A_i[2][0][3]   | C_o[2][2][5]   |     5.274 | SLOW    |     2.594 | FAST    |
A_i[2][0][3]   | C_o[2][2][6]   |     5.436 | SLOW    |     2.582 | FAST    |
A_i[2][0][3]   | C_o[2][2][7]   |     5.498 | SLOW    |     2.610 | FAST    |
A_i[2][0][3]   | C_o[2][2][8]   |     5.837 | SLOW    |     2.684 | FAST    |
A_i[2][0][3]   | C_o[2][3][3]   |     4.818 | SLOW    |     2.509 | FAST    |
A_i[2][0][3]   | C_o[2][3][4]   |     5.065 | SLOW    |     2.566 | FAST    |
A_i[2][0][3]   | C_o[2][3][5]   |     5.274 | SLOW    |     2.594 | FAST    |
A_i[2][0][3]   | C_o[2][3][6]   |     5.436 | SLOW    |     2.582 | FAST    |
A_i[2][0][3]   | C_o[2][3][7]   |     5.498 | SLOW    |     2.610 | FAST    |
A_i[2][0][3]   | C_o[2][3][8]   |     5.837 | SLOW    |     2.684 | FAST    |
A_i[2][0][4]   | C_o[2][0][4]   |     5.054 | SLOW    |     2.636 | FAST    |
A_i[2][0][4]   | C_o[2][0][5]   |     5.272 | SLOW    |     2.612 | FAST    |
A_i[2][0][4]   | C_o[2][0][6]   |     5.434 | SLOW    |     2.658 | FAST    |
A_i[2][0][4]   | C_o[2][0][7]   |     5.496 | SLOW    |     2.686 | FAST    |
A_i[2][0][4]   | C_o[2][0][8]   |     5.835 | SLOW    |     2.686 | FAST    |
A_i[2][0][4]   | C_o[2][1][4]   |     5.054 | SLOW    |     2.636 | FAST    |
A_i[2][0][4]   | C_o[2][1][5]   |     5.272 | SLOW    |     2.612 | FAST    |
A_i[2][0][4]   | C_o[2][1][6]   |     5.434 | SLOW    |     2.658 | FAST    |
A_i[2][0][4]   | C_o[2][1][7]   |     5.496 | SLOW    |     2.686 | FAST    |
A_i[2][0][4]   | C_o[2][1][8]   |     5.835 | SLOW    |     2.686 | FAST    |
A_i[2][0][4]   | C_o[2][2][4]   |     5.054 | SLOW    |     2.636 | FAST    |
A_i[2][0][4]   | C_o[2][2][5]   |     5.272 | SLOW    |     2.612 | FAST    |
A_i[2][0][4]   | C_o[2][2][6]   |     5.434 | SLOW    |     2.658 | FAST    |
A_i[2][0][4]   | C_o[2][2][7]   |     5.496 | SLOW    |     2.686 | FAST    |
A_i[2][0][4]   | C_o[2][2][8]   |     5.835 | SLOW    |     2.686 | FAST    |
A_i[2][0][4]   | C_o[2][3][4]   |     5.054 | SLOW    |     2.636 | FAST    |
A_i[2][0][4]   | C_o[2][3][5]   |     5.272 | SLOW    |     2.612 | FAST    |
A_i[2][0][4]   | C_o[2][3][6]   |     5.434 | SLOW    |     2.658 | FAST    |
A_i[2][0][4]   | C_o[2][3][7]   |     5.496 | SLOW    |     2.686 | FAST    |
A_i[2][0][4]   | C_o[2][3][8]   |     5.835 | SLOW    |     2.686 | FAST    |
A_i[2][0][5]   | C_o[2][0][5]   |     5.263 | SLOW    |     2.750 | FAST    |
A_i[2][0][5]   | C_o[2][0][6]   |     5.425 | SLOW    |     2.699 | FAST    |
A_i[2][0][5]   | C_o[2][0][7]   |     5.487 | SLOW    |     2.712 | FAST    |
A_i[2][0][5]   | C_o[2][0][8]   |     5.826 | SLOW    |     2.692 | FAST    |
A_i[2][0][5]   | C_o[2][1][5]   |     5.263 | SLOW    |     2.750 | FAST    |
A_i[2][0][5]   | C_o[2][1][6]   |     5.425 | SLOW    |     2.699 | FAST    |
A_i[2][0][5]   | C_o[2][1][7]   |     5.487 | SLOW    |     2.712 | FAST    |
A_i[2][0][5]   | C_o[2][1][8]   |     5.826 | SLOW    |     2.692 | FAST    |
A_i[2][0][5]   | C_o[2][2][5]   |     5.263 | SLOW    |     2.750 | FAST    |
A_i[2][0][5]   | C_o[2][2][6]   |     5.425 | SLOW    |     2.699 | FAST    |
A_i[2][0][5]   | C_o[2][2][7]   |     5.487 | SLOW    |     2.712 | FAST    |
A_i[2][0][5]   | C_o[2][2][8]   |     5.826 | SLOW    |     2.692 | FAST    |
A_i[2][0][5]   | C_o[2][3][5]   |     5.263 | SLOW    |     2.750 | FAST    |
A_i[2][0][5]   | C_o[2][3][6]   |     5.425 | SLOW    |     2.699 | FAST    |
A_i[2][0][5]   | C_o[2][3][7]   |     5.487 | SLOW    |     2.712 | FAST    |
A_i[2][0][5]   | C_o[2][3][8]   |     5.826 | SLOW    |     2.692 | FAST    |
A_i[2][0][6]   | C_o[2][0][6]   |     5.015 | SLOW    |     2.614 | FAST    |
A_i[2][0][6]   | C_o[2][0][7]   |     5.220 | SLOW    |     2.570 | FAST    |
A_i[2][0][6]   | C_o[2][0][8]   |     5.560 | SLOW    |     2.612 | FAST    |
A_i[2][0][6]   | C_o[2][1][6]   |     5.015 | SLOW    |     2.614 | FAST    |
A_i[2][0][6]   | C_o[2][1][7]   |     5.220 | SLOW    |     2.570 | FAST    |
A_i[2][0][6]   | C_o[2][1][8]   |     5.560 | SLOW    |     2.612 | FAST    |
A_i[2][0][6]   | C_o[2][2][6]   |     5.015 | SLOW    |     2.614 | FAST    |
A_i[2][0][6]   | C_o[2][2][7]   |     5.220 | SLOW    |     2.570 | FAST    |
A_i[2][0][6]   | C_o[2][2][8]   |     5.560 | SLOW    |     2.612 | FAST    |
A_i[2][0][6]   | C_o[2][3][6]   |     5.015 | SLOW    |     2.614 | FAST    |
A_i[2][0][6]   | C_o[2][3][7]   |     5.220 | SLOW    |     2.570 | FAST    |
A_i[2][0][6]   | C_o[2][3][8]   |     5.560 | SLOW    |     2.612 | FAST    |
A_i[2][0][7]   | C_o[2][0][7]   |     5.057 | SLOW    |     2.643 | FAST    |
A_i[2][0][7]   | C_o[2][0][8]   |     5.431 | SLOW    |     2.616 | FAST    |
A_i[2][0][7]   | C_o[2][1][7]   |     5.057 | SLOW    |     2.643 | FAST    |
A_i[2][0][7]   | C_o[2][1][8]   |     5.431 | SLOW    |     2.616 | FAST    |
A_i[2][0][7]   | C_o[2][2][7]   |     5.057 | SLOW    |     2.643 | FAST    |
A_i[2][0][7]   | C_o[2][2][8]   |     5.431 | SLOW    |     2.616 | FAST    |
A_i[2][0][7]   | C_o[2][3][7]   |     5.057 | SLOW    |     2.643 | FAST    |
A_i[2][0][7]   | C_o[2][3][8]   |     5.431 | SLOW    |     2.616 | FAST    |
A_i[2][0][8]   | C_o[2][0][8]   |     5.406 | SLOW    |     2.829 | FAST    |
A_i[2][0][8]   | C_o[2][1][8]   |     5.406 | SLOW    |     2.829 | FAST    |
A_i[2][0][8]   | C_o[2][2][8]   |     5.406 | SLOW    |     2.829 | FAST    |
A_i[2][0][8]   | C_o[2][3][8]   |     5.406 | SLOW    |     2.829 | FAST    |
A_i[2][1][0]   | C_o[2][0][0]   |     4.618 | SLOW    |     2.395 | FAST    |
A_i[2][1][0]   | C_o[2][0][1]   |     4.681 | SLOW    |     2.397 | FAST    |
A_i[2][1][0]   | C_o[2][0][2]   |     4.963 | SLOW    |     2.441 | FAST    |
A_i[2][1][0]   | C_o[2][0][3]   |     5.023 | SLOW    |     2.469 | FAST    |
A_i[2][1][0]   | C_o[2][0][4]   |     5.214 | SLOW    |     2.462 | FAST    |
A_i[2][1][0]   | C_o[2][0][5]   |     5.284 | SLOW    |     2.491 | FAST    |
A_i[2][1][0]   | C_o[2][0][6]   |     5.389 | SLOW    |     2.479 | FAST    |
A_i[2][1][0]   | C_o[2][0][7]   |     5.452 | SLOW    |     2.507 | FAST    |
A_i[2][1][0]   | C_o[2][0][8]   |     5.746 | SLOW    |     2.566 | FAST    |
A_i[2][1][0]   | C_o[2][1][0]   |     4.618 | SLOW    |     2.395 | FAST    |
A_i[2][1][0]   | C_o[2][1][1]   |     4.681 | SLOW    |     2.397 | FAST    |
A_i[2][1][0]   | C_o[2][1][2]   |     4.963 | SLOW    |     2.441 | FAST    |
A_i[2][1][0]   | C_o[2][1][3]   |     5.023 | SLOW    |     2.469 | FAST    |
A_i[2][1][0]   | C_o[2][1][4]   |     5.214 | SLOW    |     2.462 | FAST    |
A_i[2][1][0]   | C_o[2][1][5]   |     5.284 | SLOW    |     2.491 | FAST    |
A_i[2][1][0]   | C_o[2][1][6]   |     5.389 | SLOW    |     2.479 | FAST    |
A_i[2][1][0]   | C_o[2][1][7]   |     5.452 | SLOW    |     2.507 | FAST    |
A_i[2][1][0]   | C_o[2][1][8]   |     5.746 | SLOW    |     2.566 | FAST    |
A_i[2][1][0]   | C_o[2][2][0]   |     4.618 | SLOW    |     2.395 | FAST    |
A_i[2][1][0]   | C_o[2][2][1]   |     4.681 | SLOW    |     2.397 | FAST    |
A_i[2][1][0]   | C_o[2][2][2]   |     4.963 | SLOW    |     2.441 | FAST    |
A_i[2][1][0]   | C_o[2][2][3]   |     5.023 | SLOW    |     2.469 | FAST    |
A_i[2][1][0]   | C_o[2][2][4]   |     5.214 | SLOW    |     2.462 | FAST    |
A_i[2][1][0]   | C_o[2][2][5]   |     5.284 | SLOW    |     2.491 | FAST    |
A_i[2][1][0]   | C_o[2][2][6]   |     5.389 | SLOW    |     2.479 | FAST    |
A_i[2][1][0]   | C_o[2][2][7]   |     5.452 | SLOW    |     2.507 | FAST    |
A_i[2][1][0]   | C_o[2][2][8]   |     5.746 | SLOW    |     2.566 | FAST    |
A_i[2][1][0]   | C_o[2][3][0]   |     4.618 | SLOW    |     2.395 | FAST    |
A_i[2][1][0]   | C_o[2][3][1]   |     4.681 | SLOW    |     2.397 | FAST    |
A_i[2][1][0]   | C_o[2][3][2]   |     4.963 | SLOW    |     2.441 | FAST    |
A_i[2][1][0]   | C_o[2][3][3]   |     5.023 | SLOW    |     2.469 | FAST    |
A_i[2][1][0]   | C_o[2][3][4]   |     5.214 | SLOW    |     2.462 | FAST    |
A_i[2][1][0]   | C_o[2][3][5]   |     5.284 | SLOW    |     2.491 | FAST    |
A_i[2][1][0]   | C_o[2][3][6]   |     5.389 | SLOW    |     2.479 | FAST    |
A_i[2][1][0]   | C_o[2][3][7]   |     5.452 | SLOW    |     2.507 | FAST    |
A_i[2][1][0]   | C_o[2][3][8]   |     5.746 | SLOW    |     2.566 | FAST    |
A_i[2][1][1]   | C_o[2][0][1]   |     4.726 | SLOW    |     2.455 | FAST    |
A_i[2][1][1]   | C_o[2][0][2]   |     4.956 | SLOW    |     2.500 | FAST    |
A_i[2][1][1]   | C_o[2][0][3]   |     5.016 | SLOW    |     2.528 | FAST    |
A_i[2][1][1]   | C_o[2][0][4]   |     5.207 | SLOW    |     2.501 | FAST    |
A_i[2][1][1]   | C_o[2][0][5]   |     5.277 | SLOW    |     2.518 | FAST    |
A_i[2][1][1]   | C_o[2][0][6]   |     5.380 | SLOW    |     2.538 | FAST    |
A_i[2][1][1]   | C_o[2][0][7]   |     5.443 | SLOW    |     2.566 | FAST    |
A_i[2][1][1]   | C_o[2][0][8]   |     5.717 | SLOW    |     2.625 | FAST    |
A_i[2][1][1]   | C_o[2][1][1]   |     4.726 | SLOW    |     2.455 | FAST    |
A_i[2][1][1]   | C_o[2][1][2]   |     4.956 | SLOW    |     2.500 | FAST    |
A_i[2][1][1]   | C_o[2][1][3]   |     5.016 | SLOW    |     2.528 | FAST    |
A_i[2][1][1]   | C_o[2][1][4]   |     5.207 | SLOW    |     2.501 | FAST    |
A_i[2][1][1]   | C_o[2][1][5]   |     5.277 | SLOW    |     2.518 | FAST    |
A_i[2][1][1]   | C_o[2][1][6]   |     5.380 | SLOW    |     2.538 | FAST    |
A_i[2][1][1]   | C_o[2][1][7]   |     5.443 | SLOW    |     2.566 | FAST    |
A_i[2][1][1]   | C_o[2][1][8]   |     5.717 | SLOW    |     2.625 | FAST    |
A_i[2][1][1]   | C_o[2][2][1]   |     4.726 | SLOW    |     2.455 | FAST    |
A_i[2][1][1]   | C_o[2][2][2]   |     4.956 | SLOW    |     2.500 | FAST    |
A_i[2][1][1]   | C_o[2][2][3]   |     5.016 | SLOW    |     2.528 | FAST    |
A_i[2][1][1]   | C_o[2][2][4]   |     5.207 | SLOW    |     2.501 | FAST    |
A_i[2][1][1]   | C_o[2][2][5]   |     5.277 | SLOW    |     2.518 | FAST    |
A_i[2][1][1]   | C_o[2][2][6]   |     5.380 | SLOW    |     2.538 | FAST    |
A_i[2][1][1]   | C_o[2][2][7]   |     5.443 | SLOW    |     2.566 | FAST    |
A_i[2][1][1]   | C_o[2][2][8]   |     5.717 | SLOW    |     2.625 | FAST    |
A_i[2][1][1]   | C_o[2][3][1]   |     4.726 | SLOW    |     2.455 | FAST    |
A_i[2][1][1]   | C_o[2][3][2]   |     4.956 | SLOW    |     2.500 | FAST    |
A_i[2][1][1]   | C_o[2][3][3]   |     5.016 | SLOW    |     2.528 | FAST    |
A_i[2][1][1]   | C_o[2][3][4]   |     5.207 | SLOW    |     2.501 | FAST    |
A_i[2][1][1]   | C_o[2][3][5]   |     5.277 | SLOW    |     2.518 | FAST    |
A_i[2][1][1]   | C_o[2][3][6]   |     5.380 | SLOW    |     2.538 | FAST    |
A_i[2][1][1]   | C_o[2][3][7]   |     5.443 | SLOW    |     2.566 | FAST    |
A_i[2][1][1]   | C_o[2][3][8]   |     5.717 | SLOW    |     2.625 | FAST    |
A_i[2][1][2]   | C_o[2][0][2]   |     4.615 | SLOW    |     2.391 | FAST    |
A_i[2][1][2]   | C_o[2][0][3]   |     4.963 | SLOW    |     2.419 | FAST    |
A_i[2][1][2]   | C_o[2][0][4]   |     5.155 | SLOW    |     2.445 | FAST    |
A_i[2][1][2]   | C_o[2][0][5]   |     5.224 | SLOW    |     2.474 | FAST    |
A_i[2][1][2]   | C_o[2][0][6]   |     5.382 | SLOW    |     2.463 | FAST    |
A_i[2][1][2]   | C_o[2][0][7]   |     5.445 | SLOW    |     2.491 | FAST    |
A_i[2][1][2]   | C_o[2][0][8]   |     5.739 | SLOW    |     2.566 | FAST    |
A_i[2][1][2]   | C_o[2][1][2]   |     4.615 | SLOW    |     2.391 | FAST    |
A_i[2][1][2]   | C_o[2][1][3]   |     4.963 | SLOW    |     2.419 | FAST    |
A_i[2][1][2]   | C_o[2][1][4]   |     5.155 | SLOW    |     2.445 | FAST    |
A_i[2][1][2]   | C_o[2][1][5]   |     5.224 | SLOW    |     2.474 | FAST    |
A_i[2][1][2]   | C_o[2][1][6]   |     5.382 | SLOW    |     2.463 | FAST    |
A_i[2][1][2]   | C_o[2][1][7]   |     5.445 | SLOW    |     2.491 | FAST    |
A_i[2][1][2]   | C_o[2][1][8]   |     5.739 | SLOW    |     2.566 | FAST    |
A_i[2][1][2]   | C_o[2][2][2]   |     4.615 | SLOW    |     2.391 | FAST    |
A_i[2][1][2]   | C_o[2][2][3]   |     4.963 | SLOW    |     2.419 | FAST    |
A_i[2][1][2]   | C_o[2][2][4]   |     5.155 | SLOW    |     2.445 | FAST    |
A_i[2][1][2]   | C_o[2][2][5]   |     5.224 | SLOW    |     2.474 | FAST    |
A_i[2][1][2]   | C_o[2][2][6]   |     5.382 | SLOW    |     2.463 | FAST    |
A_i[2][1][2]   | C_o[2][2][7]   |     5.445 | SLOW    |     2.491 | FAST    |
A_i[2][1][2]   | C_o[2][2][8]   |     5.739 | SLOW    |     2.566 | FAST    |
A_i[2][1][2]   | C_o[2][3][2]   |     4.615 | SLOW    |     2.391 | FAST    |
A_i[2][1][2]   | C_o[2][3][3]   |     4.963 | SLOW    |     2.419 | FAST    |
A_i[2][1][2]   | C_o[2][3][4]   |     5.155 | SLOW    |     2.445 | FAST    |
A_i[2][1][2]   | C_o[2][3][5]   |     5.224 | SLOW    |     2.474 | FAST    |
A_i[2][1][2]   | C_o[2][3][6]   |     5.382 | SLOW    |     2.463 | FAST    |
A_i[2][1][2]   | C_o[2][3][7]   |     5.445 | SLOW    |     2.491 | FAST    |
A_i[2][1][2]   | C_o[2][3][8]   |     5.739 | SLOW    |     2.566 | FAST    |
A_i[2][1][3]   | C_o[2][0][3]   |     4.721 | SLOW    |     2.451 | FAST    |
A_i[2][1][3]   | C_o[2][0][4]   |     4.967 | SLOW    |     2.507 | FAST    |
A_i[2][1][3]   | C_o[2][0][5]   |     5.177 | SLOW    |     2.535 | FAST    |
A_i[2][1][3]   | C_o[2][0][6]   |     5.340 | SLOW    |     2.523 | FAST    |
A_i[2][1][3]   | C_o[2][0][7]   |     5.402 | SLOW    |     2.551 | FAST    |
A_i[2][1][3]   | C_o[2][0][8]   |     5.741 | SLOW    |     2.625 | FAST    |
A_i[2][1][3]   | C_o[2][1][3]   |     4.721 | SLOW    |     2.451 | FAST    |
A_i[2][1][3]   | C_o[2][1][4]   |     4.967 | SLOW    |     2.507 | FAST    |
A_i[2][1][3]   | C_o[2][1][5]   |     5.177 | SLOW    |     2.535 | FAST    |
A_i[2][1][3]   | C_o[2][1][6]   |     5.340 | SLOW    |     2.523 | FAST    |
A_i[2][1][3]   | C_o[2][1][7]   |     5.402 | SLOW    |     2.551 | FAST    |
A_i[2][1][3]   | C_o[2][1][8]   |     5.741 | SLOW    |     2.625 | FAST    |
A_i[2][1][3]   | C_o[2][2][3]   |     4.721 | SLOW    |     2.451 | FAST    |
A_i[2][1][3]   | C_o[2][2][4]   |     4.967 | SLOW    |     2.507 | FAST    |
A_i[2][1][3]   | C_o[2][2][5]   |     5.177 | SLOW    |     2.535 | FAST    |
A_i[2][1][3]   | C_o[2][2][6]   |     5.340 | SLOW    |     2.523 | FAST    |
A_i[2][1][3]   | C_o[2][2][7]   |     5.402 | SLOW    |     2.551 | FAST    |
A_i[2][1][3]   | C_o[2][2][8]   |     5.741 | SLOW    |     2.625 | FAST    |
A_i[2][1][3]   | C_o[2][3][3]   |     4.721 | SLOW    |     2.451 | FAST    |
A_i[2][1][3]   | C_o[2][3][4]   |     4.967 | SLOW    |     2.507 | FAST    |
A_i[2][1][3]   | C_o[2][3][5]   |     5.177 | SLOW    |     2.535 | FAST    |
A_i[2][1][3]   | C_o[2][3][6]   |     5.340 | SLOW    |     2.523 | FAST    |
A_i[2][1][3]   | C_o[2][3][7]   |     5.402 | SLOW    |     2.551 | FAST    |
A_i[2][1][3]   | C_o[2][3][8]   |     5.741 | SLOW    |     2.625 | FAST    |
A_i[2][1][4]   | C_o[2][0][4]   |     4.956 | SLOW    |     2.577 | FAST    |
A_i[2][1][4]   | C_o[2][0][5]   |     5.175 | SLOW    |     2.554 | FAST    |
A_i[2][1][4]   | C_o[2][0][6]   |     5.338 | SLOW    |     2.599 | FAST    |
A_i[2][1][4]   | C_o[2][0][7]   |     5.400 | SLOW    |     2.627 | FAST    |
A_i[2][1][4]   | C_o[2][0][8]   |     5.739 | SLOW    |     2.627 | FAST    |
A_i[2][1][4]   | C_o[2][1][4]   |     4.956 | SLOW    |     2.577 | FAST    |
A_i[2][1][4]   | C_o[2][1][5]   |     5.175 | SLOW    |     2.554 | FAST    |
A_i[2][1][4]   | C_o[2][1][6]   |     5.338 | SLOW    |     2.599 | FAST    |
A_i[2][1][4]   | C_o[2][1][7]   |     5.400 | SLOW    |     2.627 | FAST    |
A_i[2][1][4]   | C_o[2][1][8]   |     5.739 | SLOW    |     2.627 | FAST    |
A_i[2][1][4]   | C_o[2][2][4]   |     4.956 | SLOW    |     2.577 | FAST    |
A_i[2][1][4]   | C_o[2][2][5]   |     5.175 | SLOW    |     2.554 | FAST    |
A_i[2][1][4]   | C_o[2][2][6]   |     5.338 | SLOW    |     2.599 | FAST    |
A_i[2][1][4]   | C_o[2][2][7]   |     5.400 | SLOW    |     2.627 | FAST    |
A_i[2][1][4]   | C_o[2][2][8]   |     5.739 | SLOW    |     2.627 | FAST    |
A_i[2][1][4]   | C_o[2][3][4]   |     4.956 | SLOW    |     2.577 | FAST    |
A_i[2][1][4]   | C_o[2][3][5]   |     5.175 | SLOW    |     2.554 | FAST    |
A_i[2][1][4]   | C_o[2][3][6]   |     5.338 | SLOW    |     2.599 | FAST    |
A_i[2][1][4]   | C_o[2][3][7]   |     5.400 | SLOW    |     2.627 | FAST    |
A_i[2][1][4]   | C_o[2][3][8]   |     5.739 | SLOW    |     2.627 | FAST    |
A_i[2][1][5]   | C_o[2][0][5]   |     5.166 | SLOW    |     2.692 | FAST    |
A_i[2][1][5]   | C_o[2][0][6]   |     5.329 | SLOW    |     2.640 | FAST    |
A_i[2][1][5]   | C_o[2][0][7]   |     5.391 | SLOW    |     2.654 | FAST    |
A_i[2][1][5]   | C_o[2][0][8]   |     5.730 | SLOW    |     2.633 | FAST    |
A_i[2][1][5]   | C_o[2][1][5]   |     5.166 | SLOW    |     2.692 | FAST    |
A_i[2][1][5]   | C_o[2][1][6]   |     5.329 | SLOW    |     2.640 | FAST    |
A_i[2][1][5]   | C_o[2][1][7]   |     5.391 | SLOW    |     2.654 | FAST    |
A_i[2][1][5]   | C_o[2][1][8]   |     5.730 | SLOW    |     2.633 | FAST    |
A_i[2][1][5]   | C_o[2][2][5]   |     5.166 | SLOW    |     2.692 | FAST    |
A_i[2][1][5]   | C_o[2][2][6]   |     5.329 | SLOW    |     2.640 | FAST    |
A_i[2][1][5]   | C_o[2][2][7]   |     5.391 | SLOW    |     2.654 | FAST    |
A_i[2][1][5]   | C_o[2][2][8]   |     5.730 | SLOW    |     2.633 | FAST    |
A_i[2][1][5]   | C_o[2][3][5]   |     5.166 | SLOW    |     2.692 | FAST    |
A_i[2][1][5]   | C_o[2][3][6]   |     5.329 | SLOW    |     2.640 | FAST    |
A_i[2][1][5]   | C_o[2][3][7]   |     5.391 | SLOW    |     2.654 | FAST    |
A_i[2][1][5]   | C_o[2][3][8]   |     5.730 | SLOW    |     2.633 | FAST    |
A_i[2][1][6]   | C_o[2][0][6]   |     4.919 | SLOW    |     2.555 | FAST    |
A_i[2][1][6]   | C_o[2][0][7]   |     5.125 | SLOW    |     2.512 | FAST    |
A_i[2][1][6]   | C_o[2][0][8]   |     5.464 | SLOW    |     2.553 | FAST    |
A_i[2][1][6]   | C_o[2][1][6]   |     4.919 | SLOW    |     2.555 | FAST    |
A_i[2][1][6]   | C_o[2][1][7]   |     5.125 | SLOW    |     2.512 | FAST    |
A_i[2][1][6]   | C_o[2][1][8]   |     5.464 | SLOW    |     2.553 | FAST    |
A_i[2][1][6]   | C_o[2][2][6]   |     4.919 | SLOW    |     2.555 | FAST    |
A_i[2][1][6]   | C_o[2][2][7]   |     5.125 | SLOW    |     2.512 | FAST    |
A_i[2][1][6]   | C_o[2][2][8]   |     5.464 | SLOW    |     2.553 | FAST    |
A_i[2][1][6]   | C_o[2][3][6]   |     4.919 | SLOW    |     2.555 | FAST    |
A_i[2][1][6]   | C_o[2][3][7]   |     5.125 | SLOW    |     2.512 | FAST    |
A_i[2][1][6]   | C_o[2][3][8]   |     5.464 | SLOW    |     2.553 | FAST    |
A_i[2][1][7]   | C_o[2][0][7]   |     4.962 | SLOW    |     2.585 | FAST    |
A_i[2][1][7]   | C_o[2][0][8]   |     5.332 | SLOW    |     2.557 | FAST    |
A_i[2][1][7]   | C_o[2][1][7]   |     4.962 | SLOW    |     2.585 | FAST    |
A_i[2][1][7]   | C_o[2][1][8]   |     5.332 | SLOW    |     2.557 | FAST    |
A_i[2][1][7]   | C_o[2][2][7]   |     4.962 | SLOW    |     2.585 | FAST    |
A_i[2][1][7]   | C_o[2][2][8]   |     5.332 | SLOW    |     2.557 | FAST    |
A_i[2][1][7]   | C_o[2][3][7]   |     4.962 | SLOW    |     2.585 | FAST    |
A_i[2][1][7]   | C_o[2][3][8]   |     5.332 | SLOW    |     2.557 | FAST    |
A_i[2][1][8]   | C_o[2][0][8]   |     5.307 | SLOW    |     2.770 | FAST    |
A_i[2][1][8]   | C_o[2][1][8]   |     5.307 | SLOW    |     2.770 | FAST    |
A_i[2][1][8]   | C_o[2][2][8]   |     5.307 | SLOW    |     2.770 | FAST    |
A_i[2][1][8]   | C_o[2][3][8]   |     5.307 | SLOW    |     2.770 | FAST    |
A_i[3][0][0]   | C_o[3][0][0]   |     4.717 | SLOW    |     2.454 | FAST    |
A_i[3][0][0]   | C_o[3][0][1]   |     4.780 | SLOW    |     2.455 | FAST    |
A_i[3][0][0]   | C_o[3][0][2]   |     5.060 | SLOW    |     2.499 | FAST    |
A_i[3][0][0]   | C_o[3][0][3]   |     5.122 | SLOW    |     2.527 | FAST    |
A_i[3][0][0]   | C_o[3][0][4]   |     5.312 | SLOW    |     2.521 | FAST    |
A_i[3][0][0]   | C_o[3][0][5]   |     5.382 | SLOW    |     2.549 | FAST    |
A_i[3][0][0]   | C_o[3][0][6]   |     5.488 | SLOW    |     2.538 | FAST    |
A_i[3][0][0]   | C_o[3][0][7]   |     5.551 | SLOW    |     2.566 | FAST    |
A_i[3][0][0]   | C_o[3][0][8]   |     5.842 | SLOW    |     2.625 | FAST    |
A_i[3][0][0]   | C_o[3][1][0]   |     4.717 | SLOW    |     2.454 | FAST    |
A_i[3][0][0]   | C_o[3][1][1]   |     4.780 | SLOW    |     2.455 | FAST    |
A_i[3][0][0]   | C_o[3][1][2]   |     5.060 | SLOW    |     2.499 | FAST    |
A_i[3][0][0]   | C_o[3][1][3]   |     5.122 | SLOW    |     2.527 | FAST    |
A_i[3][0][0]   | C_o[3][1][4]   |     5.312 | SLOW    |     2.521 | FAST    |
A_i[3][0][0]   | C_o[3][1][5]   |     5.382 | SLOW    |     2.549 | FAST    |
A_i[3][0][0]   | C_o[3][1][6]   |     5.488 | SLOW    |     2.538 | FAST    |
A_i[3][0][0]   | C_o[3][1][7]   |     5.551 | SLOW    |     2.566 | FAST    |
A_i[3][0][0]   | C_o[3][1][8]   |     5.842 | SLOW    |     2.625 | FAST    |
A_i[3][0][0]   | C_o[3][2][0]   |     4.717 | SLOW    |     2.454 | FAST    |
A_i[3][0][0]   | C_o[3][2][1]   |     4.780 | SLOW    |     2.455 | FAST    |
A_i[3][0][0]   | C_o[3][2][2]   |     5.060 | SLOW    |     2.499 | FAST    |
A_i[3][0][0]   | C_o[3][2][3]   |     5.122 | SLOW    |     2.527 | FAST    |
A_i[3][0][0]   | C_o[3][2][4]   |     5.312 | SLOW    |     2.521 | FAST    |
A_i[3][0][0]   | C_o[3][2][5]   |     5.382 | SLOW    |     2.549 | FAST    |
A_i[3][0][0]   | C_o[3][2][6]   |     5.488 | SLOW    |     2.538 | FAST    |
A_i[3][0][0]   | C_o[3][2][7]   |     5.551 | SLOW    |     2.566 | FAST    |
A_i[3][0][0]   | C_o[3][2][8]   |     5.842 | SLOW    |     2.625 | FAST    |
A_i[3][0][0]   | C_o[3][3][0]   |     4.717 | SLOW    |     2.454 | FAST    |
A_i[3][0][0]   | C_o[3][3][1]   |     4.780 | SLOW    |     2.455 | FAST    |
A_i[3][0][0]   | C_o[3][3][2]   |     5.060 | SLOW    |     2.499 | FAST    |
A_i[3][0][0]   | C_o[3][3][3]   |     5.122 | SLOW    |     2.527 | FAST    |
A_i[3][0][0]   | C_o[3][3][4]   |     5.312 | SLOW    |     2.521 | FAST    |
A_i[3][0][0]   | C_o[3][3][5]   |     5.382 | SLOW    |     2.549 | FAST    |
A_i[3][0][0]   | C_o[3][3][6]   |     5.488 | SLOW    |     2.538 | FAST    |
A_i[3][0][0]   | C_o[3][3][7]   |     5.551 | SLOW    |     2.566 | FAST    |
A_i[3][0][0]   | C_o[3][3][8]   |     5.842 | SLOW    |     2.625 | FAST    |
A_i[3][0][1]   | C_o[3][0][1]   |     4.823 | SLOW    |     2.513 | FAST    |
A_i[3][0][1]   | C_o[3][0][2]   |     5.053 | SLOW    |     2.559 | FAST    |
A_i[3][0][1]   | C_o[3][0][3]   |     5.115 | SLOW    |     2.587 | FAST    |
A_i[3][0][1]   | C_o[3][0][4]   |     5.305 | SLOW    |     2.560 | FAST    |
A_i[3][0][1]   | C_o[3][0][5]   |     5.375 | SLOW    |     2.576 | FAST    |
A_i[3][0][1]   | C_o[3][0][6]   |     5.479 | SLOW    |     2.597 | FAST    |
A_i[3][0][1]   | C_o[3][0][7]   |     5.542 | SLOW    |     2.625 | FAST    |
A_i[3][0][1]   | C_o[3][0][8]   |     5.813 | SLOW    |     2.684 | FAST    |
A_i[3][0][1]   | C_o[3][1][1]   |     4.823 | SLOW    |     2.513 | FAST    |
A_i[3][0][1]   | C_o[3][1][2]   |     5.053 | SLOW    |     2.559 | FAST    |
A_i[3][0][1]   | C_o[3][1][3]   |     5.115 | SLOW    |     2.587 | FAST    |
A_i[3][0][1]   | C_o[3][1][4]   |     5.305 | SLOW    |     2.560 | FAST    |
A_i[3][0][1]   | C_o[3][1][5]   |     5.375 | SLOW    |     2.576 | FAST    |
A_i[3][0][1]   | C_o[3][1][6]   |     5.479 | SLOW    |     2.597 | FAST    |
A_i[3][0][1]   | C_o[3][1][7]   |     5.542 | SLOW    |     2.625 | FAST    |
A_i[3][0][1]   | C_o[3][1][8]   |     5.813 | SLOW    |     2.684 | FAST    |
A_i[3][0][1]   | C_o[3][2][1]   |     4.823 | SLOW    |     2.513 | FAST    |
A_i[3][0][1]   | C_o[3][2][2]   |     5.053 | SLOW    |     2.559 | FAST    |
A_i[3][0][1]   | C_o[3][2][3]   |     5.115 | SLOW    |     2.587 | FAST    |
A_i[3][0][1]   | C_o[3][2][4]   |     5.305 | SLOW    |     2.560 | FAST    |
A_i[3][0][1]   | C_o[3][2][5]   |     5.375 | SLOW    |     2.576 | FAST    |
A_i[3][0][1]   | C_o[3][2][6]   |     5.479 | SLOW    |     2.597 | FAST    |
A_i[3][0][1]   | C_o[3][2][7]   |     5.542 | SLOW    |     2.625 | FAST    |
A_i[3][0][1]   | C_o[3][2][8]   |     5.813 | SLOW    |     2.684 | FAST    |
A_i[3][0][1]   | C_o[3][3][1]   |     4.823 | SLOW    |     2.513 | FAST    |
A_i[3][0][1]   | C_o[3][3][2]   |     5.053 | SLOW    |     2.559 | FAST    |
A_i[3][0][1]   | C_o[3][3][3]   |     5.115 | SLOW    |     2.587 | FAST    |
A_i[3][0][1]   | C_o[3][3][4]   |     5.305 | SLOW    |     2.560 | FAST    |
A_i[3][0][1]   | C_o[3][3][5]   |     5.375 | SLOW    |     2.576 | FAST    |
A_i[3][0][1]   | C_o[3][3][6]   |     5.479 | SLOW    |     2.597 | FAST    |
A_i[3][0][1]   | C_o[3][3][7]   |     5.542 | SLOW    |     2.625 | FAST    |
A_i[3][0][1]   | C_o[3][3][8]   |     5.813 | SLOW    |     2.684 | FAST    |
A_i[3][0][2]   | C_o[3][0][2]   |     4.712 | SLOW    |     2.449 | FAST    |
A_i[3][0][2]   | C_o[3][0][3]   |     5.060 | SLOW    |     2.477 | FAST    |
A_i[3][0][2]   | C_o[3][0][4]   |     5.253 | SLOW    |     2.504 | FAST    |
A_i[3][0][2]   | C_o[3][0][5]   |     5.322 | SLOW    |     2.532 | FAST    |
A_i[3][0][2]   | C_o[3][0][6]   |     5.481 | SLOW    |     2.522 | FAST    |
A_i[3][0][2]   | C_o[3][0][7]   |     5.544 | SLOW    |     2.550 | FAST    |
A_i[3][0][2]   | C_o[3][0][8]   |     5.835 | SLOW    |     2.625 | FAST    |
A_i[3][0][2]   | C_o[3][1][2]   |     4.712 | SLOW    |     2.449 | FAST    |
A_i[3][0][2]   | C_o[3][1][3]   |     5.060 | SLOW    |     2.477 | FAST    |
A_i[3][0][2]   | C_o[3][1][4]   |     5.253 | SLOW    |     2.504 | FAST    |
A_i[3][0][2]   | C_o[3][1][5]   |     5.322 | SLOW    |     2.532 | FAST    |
A_i[3][0][2]   | C_o[3][1][6]   |     5.481 | SLOW    |     2.522 | FAST    |
A_i[3][0][2]   | C_o[3][1][7]   |     5.544 | SLOW    |     2.550 | FAST    |
A_i[3][0][2]   | C_o[3][1][8]   |     5.835 | SLOW    |     2.625 | FAST    |
A_i[3][0][2]   | C_o[3][2][2]   |     4.712 | SLOW    |     2.449 | FAST    |
A_i[3][0][2]   | C_o[3][2][3]   |     5.060 | SLOW    |     2.477 | FAST    |
A_i[3][0][2]   | C_o[3][2][4]   |     5.253 | SLOW    |     2.504 | FAST    |
A_i[3][0][2]   | C_o[3][2][5]   |     5.322 | SLOW    |     2.532 | FAST    |
A_i[3][0][2]   | C_o[3][2][6]   |     5.481 | SLOW    |     2.522 | FAST    |
A_i[3][0][2]   | C_o[3][2][7]   |     5.544 | SLOW    |     2.550 | FAST    |
A_i[3][0][2]   | C_o[3][2][8]   |     5.835 | SLOW    |     2.625 | FAST    |
A_i[3][0][2]   | C_o[3][3][2]   |     4.712 | SLOW    |     2.449 | FAST    |
A_i[3][0][2]   | C_o[3][3][3]   |     5.060 | SLOW    |     2.477 | FAST    |
A_i[3][0][2]   | C_o[3][3][4]   |     5.253 | SLOW    |     2.504 | FAST    |
A_i[3][0][2]   | C_o[3][3][5]   |     5.322 | SLOW    |     2.532 | FAST    |
A_i[3][0][2]   | C_o[3][3][6]   |     5.481 | SLOW    |     2.522 | FAST    |
A_i[3][0][2]   | C_o[3][3][7]   |     5.544 | SLOW    |     2.550 | FAST    |
A_i[3][0][2]   | C_o[3][3][8]   |     5.835 | SLOW    |     2.625 | FAST    |
A_i[3][0][3]   | C_o[3][0][3]   |     4.818 | SLOW    |     2.509 | FAST    |
A_i[3][0][3]   | C_o[3][0][4]   |     5.065 | SLOW    |     2.566 | FAST    |
A_i[3][0][3]   | C_o[3][0][5]   |     5.274 | SLOW    |     2.594 | FAST    |
A_i[3][0][3]   | C_o[3][0][6]   |     5.436 | SLOW    |     2.582 | FAST    |
A_i[3][0][3]   | C_o[3][0][7]   |     5.498 | SLOW    |     2.610 | FAST    |
A_i[3][0][3]   | C_o[3][0][8]   |     5.837 | SLOW    |     2.684 | FAST    |
A_i[3][0][3]   | C_o[3][1][3]   |     4.818 | SLOW    |     2.509 | FAST    |
A_i[3][0][3]   | C_o[3][1][4]   |     5.065 | SLOW    |     2.566 | FAST    |
A_i[3][0][3]   | C_o[3][1][5]   |     5.274 | SLOW    |     2.594 | FAST    |
A_i[3][0][3]   | C_o[3][1][6]   |     5.436 | SLOW    |     2.582 | FAST    |
A_i[3][0][3]   | C_o[3][1][7]   |     5.498 | SLOW    |     2.610 | FAST    |
A_i[3][0][3]   | C_o[3][1][8]   |     5.837 | SLOW    |     2.684 | FAST    |
A_i[3][0][3]   | C_o[3][2][3]   |     4.818 | SLOW    |     2.509 | FAST    |
A_i[3][0][3]   | C_o[3][2][4]   |     5.065 | SLOW    |     2.566 | FAST    |
A_i[3][0][3]   | C_o[3][2][5]   |     5.274 | SLOW    |     2.594 | FAST    |
A_i[3][0][3]   | C_o[3][2][6]   |     5.436 | SLOW    |     2.582 | FAST    |
A_i[3][0][3]   | C_o[3][2][7]   |     5.498 | SLOW    |     2.610 | FAST    |
A_i[3][0][3]   | C_o[3][2][8]   |     5.837 | SLOW    |     2.684 | FAST    |
A_i[3][0][3]   | C_o[3][3][3]   |     4.818 | SLOW    |     2.509 | FAST    |
A_i[3][0][3]   | C_o[3][3][4]   |     5.065 | SLOW    |     2.566 | FAST    |
A_i[3][0][3]   | C_o[3][3][5]   |     5.274 | SLOW    |     2.594 | FAST    |
A_i[3][0][3]   | C_o[3][3][6]   |     5.436 | SLOW    |     2.582 | FAST    |
A_i[3][0][3]   | C_o[3][3][7]   |     5.498 | SLOW    |     2.610 | FAST    |
A_i[3][0][3]   | C_o[3][3][8]   |     5.837 | SLOW    |     2.684 | FAST    |
A_i[3][0][4]   | C_o[3][0][4]   |     5.054 | SLOW    |     2.636 | FAST    |
A_i[3][0][4]   | C_o[3][0][5]   |     5.272 | SLOW    |     2.612 | FAST    |
A_i[3][0][4]   | C_o[3][0][6]   |     5.434 | SLOW    |     2.658 | FAST    |
A_i[3][0][4]   | C_o[3][0][7]   |     5.496 | SLOW    |     2.686 | FAST    |
A_i[3][0][4]   | C_o[3][0][8]   |     5.835 | SLOW    |     2.686 | FAST    |
A_i[3][0][4]   | C_o[3][1][4]   |     5.054 | SLOW    |     2.636 | FAST    |
A_i[3][0][4]   | C_o[3][1][5]   |     5.272 | SLOW    |     2.612 | FAST    |
A_i[3][0][4]   | C_o[3][1][6]   |     5.434 | SLOW    |     2.658 | FAST    |
A_i[3][0][4]   | C_o[3][1][7]   |     5.496 | SLOW    |     2.686 | FAST    |
A_i[3][0][4]   | C_o[3][1][8]   |     5.835 | SLOW    |     2.686 | FAST    |
A_i[3][0][4]   | C_o[3][2][4]   |     5.054 | SLOW    |     2.636 | FAST    |
A_i[3][0][4]   | C_o[3][2][5]   |     5.272 | SLOW    |     2.612 | FAST    |
A_i[3][0][4]   | C_o[3][2][6]   |     5.434 | SLOW    |     2.658 | FAST    |
A_i[3][0][4]   | C_o[3][2][7]   |     5.496 | SLOW    |     2.686 | FAST    |
A_i[3][0][4]   | C_o[3][2][8]   |     5.835 | SLOW    |     2.686 | FAST    |
A_i[3][0][4]   | C_o[3][3][4]   |     5.054 | SLOW    |     2.636 | FAST    |
A_i[3][0][4]   | C_o[3][3][5]   |     5.272 | SLOW    |     2.612 | FAST    |
A_i[3][0][4]   | C_o[3][3][6]   |     5.434 | SLOW    |     2.658 | FAST    |
A_i[3][0][4]   | C_o[3][3][7]   |     5.496 | SLOW    |     2.686 | FAST    |
A_i[3][0][4]   | C_o[3][3][8]   |     5.835 | SLOW    |     2.686 | FAST    |
A_i[3][0][5]   | C_o[3][0][5]   |     5.263 | SLOW    |     2.750 | FAST    |
A_i[3][0][5]   | C_o[3][0][6]   |     5.425 | SLOW    |     2.699 | FAST    |
A_i[3][0][5]   | C_o[3][0][7]   |     5.487 | SLOW    |     2.712 | FAST    |
A_i[3][0][5]   | C_o[3][0][8]   |     5.826 | SLOW    |     2.692 | FAST    |
A_i[3][0][5]   | C_o[3][1][5]   |     5.263 | SLOW    |     2.750 | FAST    |
A_i[3][0][5]   | C_o[3][1][6]   |     5.425 | SLOW    |     2.699 | FAST    |
A_i[3][0][5]   | C_o[3][1][7]   |     5.487 | SLOW    |     2.712 | FAST    |
A_i[3][0][5]   | C_o[3][1][8]   |     5.826 | SLOW    |     2.692 | FAST    |
A_i[3][0][5]   | C_o[3][2][5]   |     5.263 | SLOW    |     2.750 | FAST    |
A_i[3][0][5]   | C_o[3][2][6]   |     5.425 | SLOW    |     2.699 | FAST    |
A_i[3][0][5]   | C_o[3][2][7]   |     5.487 | SLOW    |     2.712 | FAST    |
A_i[3][0][5]   | C_o[3][2][8]   |     5.826 | SLOW    |     2.692 | FAST    |
A_i[3][0][5]   | C_o[3][3][5]   |     5.263 | SLOW    |     2.750 | FAST    |
A_i[3][0][5]   | C_o[3][3][6]   |     5.425 | SLOW    |     2.699 | FAST    |
A_i[3][0][5]   | C_o[3][3][7]   |     5.487 | SLOW    |     2.712 | FAST    |
A_i[3][0][5]   | C_o[3][3][8]   |     5.826 | SLOW    |     2.692 | FAST    |
A_i[3][0][6]   | C_o[3][0][6]   |     5.015 | SLOW    |     2.614 | FAST    |
A_i[3][0][6]   | C_o[3][0][7]   |     5.220 | SLOW    |     2.570 | FAST    |
A_i[3][0][6]   | C_o[3][0][8]   |     5.560 | SLOW    |     2.612 | FAST    |
A_i[3][0][6]   | C_o[3][1][6]   |     5.015 | SLOW    |     2.614 | FAST    |
A_i[3][0][6]   | C_o[3][1][7]   |     5.220 | SLOW    |     2.570 | FAST    |
A_i[3][0][6]   | C_o[3][1][8]   |     5.560 | SLOW    |     2.612 | FAST    |
A_i[3][0][6]   | C_o[3][2][6]   |     5.015 | SLOW    |     2.614 | FAST    |
A_i[3][0][6]   | C_o[3][2][7]   |     5.220 | SLOW    |     2.570 | FAST    |
A_i[3][0][6]   | C_o[3][2][8]   |     5.560 | SLOW    |     2.612 | FAST    |
A_i[3][0][6]   | C_o[3][3][6]   |     5.015 | SLOW    |     2.614 | FAST    |
A_i[3][0][6]   | C_o[3][3][7]   |     5.220 | SLOW    |     2.570 | FAST    |
A_i[3][0][6]   | C_o[3][3][8]   |     5.560 | SLOW    |     2.612 | FAST    |
A_i[3][0][7]   | C_o[3][0][7]   |     5.057 | SLOW    |     2.643 | FAST    |
A_i[3][0][7]   | C_o[3][0][8]   |     5.431 | SLOW    |     2.616 | FAST    |
A_i[3][0][7]   | C_o[3][1][7]   |     5.057 | SLOW    |     2.643 | FAST    |
A_i[3][0][7]   | C_o[3][1][8]   |     5.431 | SLOW    |     2.616 | FAST    |
A_i[3][0][7]   | C_o[3][2][7]   |     5.057 | SLOW    |     2.643 | FAST    |
A_i[3][0][7]   | C_o[3][2][8]   |     5.431 | SLOW    |     2.616 | FAST    |
A_i[3][0][7]   | C_o[3][3][7]   |     5.057 | SLOW    |     2.643 | FAST    |
A_i[3][0][7]   | C_o[3][3][8]   |     5.431 | SLOW    |     2.616 | FAST    |
A_i[3][0][8]   | C_o[3][0][8]   |     5.406 | SLOW    |     2.829 | FAST    |
A_i[3][0][8]   | C_o[3][1][8]   |     5.406 | SLOW    |     2.829 | FAST    |
A_i[3][0][8]   | C_o[3][2][8]   |     5.406 | SLOW    |     2.829 | FAST    |
A_i[3][0][8]   | C_o[3][3][8]   |     5.406 | SLOW    |     2.829 | FAST    |
A_i[3][1][0]   | C_o[3][0][0]   |     4.618 | SLOW    |     2.395 | FAST    |
A_i[3][1][0]   | C_o[3][0][1]   |     4.681 | SLOW    |     2.397 | FAST    |
A_i[3][1][0]   | C_o[3][0][2]   |     4.963 | SLOW    |     2.441 | FAST    |
A_i[3][1][0]   | C_o[3][0][3]   |     5.023 | SLOW    |     2.469 | FAST    |
A_i[3][1][0]   | C_o[3][0][4]   |     5.214 | SLOW    |     2.462 | FAST    |
A_i[3][1][0]   | C_o[3][0][5]   |     5.284 | SLOW    |     2.491 | FAST    |
A_i[3][1][0]   | C_o[3][0][6]   |     5.389 | SLOW    |     2.479 | FAST    |
A_i[3][1][0]   | C_o[3][0][7]   |     5.452 | SLOW    |     2.507 | FAST    |
A_i[3][1][0]   | C_o[3][0][8]   |     5.746 | SLOW    |     2.566 | FAST    |
A_i[3][1][0]   | C_o[3][1][0]   |     4.618 | SLOW    |     2.395 | FAST    |
A_i[3][1][0]   | C_o[3][1][1]   |     4.681 | SLOW    |     2.397 | FAST    |
A_i[3][1][0]   | C_o[3][1][2]   |     4.963 | SLOW    |     2.441 | FAST    |
A_i[3][1][0]   | C_o[3][1][3]   |     5.023 | SLOW    |     2.469 | FAST    |
A_i[3][1][0]   | C_o[3][1][4]   |     5.214 | SLOW    |     2.462 | FAST    |
A_i[3][1][0]   | C_o[3][1][5]   |     5.284 | SLOW    |     2.491 | FAST    |
A_i[3][1][0]   | C_o[3][1][6]   |     5.389 | SLOW    |     2.479 | FAST    |
A_i[3][1][0]   | C_o[3][1][7]   |     5.452 | SLOW    |     2.507 | FAST    |
A_i[3][1][0]   | C_o[3][1][8]   |     5.746 | SLOW    |     2.566 | FAST    |
A_i[3][1][0]   | C_o[3][2][0]   |     4.618 | SLOW    |     2.395 | FAST    |
A_i[3][1][0]   | C_o[3][2][1]   |     4.681 | SLOW    |     2.397 | FAST    |
A_i[3][1][0]   | C_o[3][2][2]   |     4.963 | SLOW    |     2.441 | FAST    |
A_i[3][1][0]   | C_o[3][2][3]   |     5.023 | SLOW    |     2.469 | FAST    |
A_i[3][1][0]   | C_o[3][2][4]   |     5.214 | SLOW    |     2.462 | FAST    |
A_i[3][1][0]   | C_o[3][2][5]   |     5.284 | SLOW    |     2.491 | FAST    |
A_i[3][1][0]   | C_o[3][2][6]   |     5.389 | SLOW    |     2.479 | FAST    |
A_i[3][1][0]   | C_o[3][2][7]   |     5.452 | SLOW    |     2.507 | FAST    |
A_i[3][1][0]   | C_o[3][2][8]   |     5.746 | SLOW    |     2.566 | FAST    |
A_i[3][1][0]   | C_o[3][3][0]   |     4.618 | SLOW    |     2.395 | FAST    |
A_i[3][1][0]   | C_o[3][3][1]   |     4.681 | SLOW    |     2.397 | FAST    |
A_i[3][1][0]   | C_o[3][3][2]   |     4.963 | SLOW    |     2.441 | FAST    |
A_i[3][1][0]   | C_o[3][3][3]   |     5.023 | SLOW    |     2.469 | FAST    |
A_i[3][1][0]   | C_o[3][3][4]   |     5.214 | SLOW    |     2.462 | FAST    |
A_i[3][1][0]   | C_o[3][3][5]   |     5.284 | SLOW    |     2.491 | FAST    |
A_i[3][1][0]   | C_o[3][3][6]   |     5.389 | SLOW    |     2.479 | FAST    |
A_i[3][1][0]   | C_o[3][3][7]   |     5.452 | SLOW    |     2.507 | FAST    |
A_i[3][1][0]   | C_o[3][3][8]   |     5.746 | SLOW    |     2.566 | FAST    |
A_i[3][1][1]   | C_o[3][0][1]   |     4.726 | SLOW    |     2.455 | FAST    |
A_i[3][1][1]   | C_o[3][0][2]   |     4.956 | SLOW    |     2.500 | FAST    |
A_i[3][1][1]   | C_o[3][0][3]   |     5.016 | SLOW    |     2.528 | FAST    |
A_i[3][1][1]   | C_o[3][0][4]   |     5.207 | SLOW    |     2.501 | FAST    |
A_i[3][1][1]   | C_o[3][0][5]   |     5.277 | SLOW    |     2.518 | FAST    |
A_i[3][1][1]   | C_o[3][0][6]   |     5.380 | SLOW    |     2.538 | FAST    |
A_i[3][1][1]   | C_o[3][0][7]   |     5.443 | SLOW    |     2.566 | FAST    |
A_i[3][1][1]   | C_o[3][0][8]   |     5.717 | SLOW    |     2.625 | FAST    |
A_i[3][1][1]   | C_o[3][1][1]   |     4.726 | SLOW    |     2.455 | FAST    |
A_i[3][1][1]   | C_o[3][1][2]   |     4.956 | SLOW    |     2.500 | FAST    |
A_i[3][1][1]   | C_o[3][1][3]   |     5.016 | SLOW    |     2.528 | FAST    |
A_i[3][1][1]   | C_o[3][1][4]   |     5.207 | SLOW    |     2.501 | FAST    |
A_i[3][1][1]   | C_o[3][1][5]   |     5.277 | SLOW    |     2.518 | FAST    |
A_i[3][1][1]   | C_o[3][1][6]   |     5.380 | SLOW    |     2.538 | FAST    |
A_i[3][1][1]   | C_o[3][1][7]   |     5.443 | SLOW    |     2.566 | FAST    |
A_i[3][1][1]   | C_o[3][1][8]   |     5.717 | SLOW    |     2.625 | FAST    |
A_i[3][1][1]   | C_o[3][2][1]   |     4.726 | SLOW    |     2.455 | FAST    |
A_i[3][1][1]   | C_o[3][2][2]   |     4.956 | SLOW    |     2.500 | FAST    |
A_i[3][1][1]   | C_o[3][2][3]   |     5.016 | SLOW    |     2.528 | FAST    |
A_i[3][1][1]   | C_o[3][2][4]   |     5.207 | SLOW    |     2.501 | FAST    |
A_i[3][1][1]   | C_o[3][2][5]   |     5.277 | SLOW    |     2.518 | FAST    |
A_i[3][1][1]   | C_o[3][2][6]   |     5.380 | SLOW    |     2.538 | FAST    |
A_i[3][1][1]   | C_o[3][2][7]   |     5.443 | SLOW    |     2.566 | FAST    |
A_i[3][1][1]   | C_o[3][2][8]   |     5.717 | SLOW    |     2.625 | FAST    |
A_i[3][1][1]   | C_o[3][3][1]   |     4.726 | SLOW    |     2.455 | FAST    |
A_i[3][1][1]   | C_o[3][3][2]   |     4.956 | SLOW    |     2.500 | FAST    |
A_i[3][1][1]   | C_o[3][3][3]   |     5.016 | SLOW    |     2.528 | FAST    |
A_i[3][1][1]   | C_o[3][3][4]   |     5.207 | SLOW    |     2.501 | FAST    |
A_i[3][1][1]   | C_o[3][3][5]   |     5.277 | SLOW    |     2.518 | FAST    |
A_i[3][1][1]   | C_o[3][3][6]   |     5.380 | SLOW    |     2.538 | FAST    |
A_i[3][1][1]   | C_o[3][3][7]   |     5.443 | SLOW    |     2.566 | FAST    |
A_i[3][1][1]   | C_o[3][3][8]   |     5.717 | SLOW    |     2.625 | FAST    |
A_i[3][1][2]   | C_o[3][0][2]   |     4.615 | SLOW    |     2.391 | FAST    |
A_i[3][1][2]   | C_o[3][0][3]   |     4.963 | SLOW    |     2.419 | FAST    |
A_i[3][1][2]   | C_o[3][0][4]   |     5.155 | SLOW    |     2.445 | FAST    |
A_i[3][1][2]   | C_o[3][0][5]   |     5.224 | SLOW    |     2.474 | FAST    |
A_i[3][1][2]   | C_o[3][0][6]   |     5.382 | SLOW    |     2.463 | FAST    |
A_i[3][1][2]   | C_o[3][0][7]   |     5.445 | SLOW    |     2.491 | FAST    |
A_i[3][1][2]   | C_o[3][0][8]   |     5.739 | SLOW    |     2.566 | FAST    |
A_i[3][1][2]   | C_o[3][1][2]   |     4.615 | SLOW    |     2.391 | FAST    |
A_i[3][1][2]   | C_o[3][1][3]   |     4.963 | SLOW    |     2.419 | FAST    |
A_i[3][1][2]   | C_o[3][1][4]   |     5.155 | SLOW    |     2.445 | FAST    |
A_i[3][1][2]   | C_o[3][1][5]   |     5.224 | SLOW    |     2.474 | FAST    |
A_i[3][1][2]   | C_o[3][1][6]   |     5.382 | SLOW    |     2.463 | FAST    |
A_i[3][1][2]   | C_o[3][1][7]   |     5.445 | SLOW    |     2.491 | FAST    |
A_i[3][1][2]   | C_o[3][1][8]   |     5.739 | SLOW    |     2.566 | FAST    |
A_i[3][1][2]   | C_o[3][2][2]   |     4.615 | SLOW    |     2.391 | FAST    |
A_i[3][1][2]   | C_o[3][2][3]   |     4.963 | SLOW    |     2.419 | FAST    |
A_i[3][1][2]   | C_o[3][2][4]   |     5.155 | SLOW    |     2.445 | FAST    |
A_i[3][1][2]   | C_o[3][2][5]   |     5.224 | SLOW    |     2.474 | FAST    |
A_i[3][1][2]   | C_o[3][2][6]   |     5.382 | SLOW    |     2.463 | FAST    |
A_i[3][1][2]   | C_o[3][2][7]   |     5.445 | SLOW    |     2.491 | FAST    |
A_i[3][1][2]   | C_o[3][2][8]   |     5.739 | SLOW    |     2.566 | FAST    |
A_i[3][1][2]   | C_o[3][3][2]   |     4.615 | SLOW    |     2.391 | FAST    |
A_i[3][1][2]   | C_o[3][3][3]   |     4.963 | SLOW    |     2.419 | FAST    |
A_i[3][1][2]   | C_o[3][3][4]   |     5.155 | SLOW    |     2.445 | FAST    |
A_i[3][1][2]   | C_o[3][3][5]   |     5.224 | SLOW    |     2.474 | FAST    |
A_i[3][1][2]   | C_o[3][3][6]   |     5.382 | SLOW    |     2.463 | FAST    |
A_i[3][1][2]   | C_o[3][3][7]   |     5.445 | SLOW    |     2.491 | FAST    |
A_i[3][1][2]   | C_o[3][3][8]   |     5.739 | SLOW    |     2.566 | FAST    |
A_i[3][1][3]   | C_o[3][0][3]   |     4.721 | SLOW    |     2.451 | FAST    |
A_i[3][1][3]   | C_o[3][0][4]   |     4.967 | SLOW    |     2.507 | FAST    |
A_i[3][1][3]   | C_o[3][0][5]   |     5.177 | SLOW    |     2.535 | FAST    |
A_i[3][1][3]   | C_o[3][0][6]   |     5.340 | SLOW    |     2.523 | FAST    |
A_i[3][1][3]   | C_o[3][0][7]   |     5.402 | SLOW    |     2.551 | FAST    |
A_i[3][1][3]   | C_o[3][0][8]   |     5.741 | SLOW    |     2.625 | FAST    |
A_i[3][1][3]   | C_o[3][1][3]   |     4.721 | SLOW    |     2.451 | FAST    |
A_i[3][1][3]   | C_o[3][1][4]   |     4.967 | SLOW    |     2.507 | FAST    |
A_i[3][1][3]   | C_o[3][1][5]   |     5.177 | SLOW    |     2.535 | FAST    |
A_i[3][1][3]   | C_o[3][1][6]   |     5.340 | SLOW    |     2.523 | FAST    |
A_i[3][1][3]   | C_o[3][1][7]   |     5.402 | SLOW    |     2.551 | FAST    |
A_i[3][1][3]   | C_o[3][1][8]   |     5.741 | SLOW    |     2.625 | FAST    |
A_i[3][1][3]   | C_o[3][2][3]   |     4.721 | SLOW    |     2.451 | FAST    |
A_i[3][1][3]   | C_o[3][2][4]   |     4.967 | SLOW    |     2.507 | FAST    |
A_i[3][1][3]   | C_o[3][2][5]   |     5.177 | SLOW    |     2.535 | FAST    |
A_i[3][1][3]   | C_o[3][2][6]   |     5.340 | SLOW    |     2.523 | FAST    |
A_i[3][1][3]   | C_o[3][2][7]   |     5.402 | SLOW    |     2.551 | FAST    |
A_i[3][1][3]   | C_o[3][2][8]   |     5.741 | SLOW    |     2.625 | FAST    |
A_i[3][1][3]   | C_o[3][3][3]   |     4.721 | SLOW    |     2.451 | FAST    |
A_i[3][1][3]   | C_o[3][3][4]   |     4.967 | SLOW    |     2.507 | FAST    |
A_i[3][1][3]   | C_o[3][3][5]   |     5.177 | SLOW    |     2.535 | FAST    |
A_i[3][1][3]   | C_o[3][3][6]   |     5.340 | SLOW    |     2.523 | FAST    |
A_i[3][1][3]   | C_o[3][3][7]   |     5.402 | SLOW    |     2.551 | FAST    |
A_i[3][1][3]   | C_o[3][3][8]   |     5.741 | SLOW    |     2.625 | FAST    |
A_i[3][1][4]   | C_o[3][0][4]   |     4.956 | SLOW    |     2.577 | FAST    |
A_i[3][1][4]   | C_o[3][0][5]   |     5.175 | SLOW    |     2.554 | FAST    |
A_i[3][1][4]   | C_o[3][0][6]   |     5.338 | SLOW    |     2.599 | FAST    |
A_i[3][1][4]   | C_o[3][0][7]   |     5.400 | SLOW    |     2.627 | FAST    |
A_i[3][1][4]   | C_o[3][0][8]   |     5.739 | SLOW    |     2.627 | FAST    |
A_i[3][1][4]   | C_o[3][1][4]   |     4.956 | SLOW    |     2.577 | FAST    |
A_i[3][1][4]   | C_o[3][1][5]   |     5.175 | SLOW    |     2.554 | FAST    |
A_i[3][1][4]   | C_o[3][1][6]   |     5.338 | SLOW    |     2.599 | FAST    |
A_i[3][1][4]   | C_o[3][1][7]   |     5.400 | SLOW    |     2.627 | FAST    |
A_i[3][1][4]   | C_o[3][1][8]   |     5.739 | SLOW    |     2.627 | FAST    |
A_i[3][1][4]   | C_o[3][2][4]   |     4.956 | SLOW    |     2.577 | FAST    |
A_i[3][1][4]   | C_o[3][2][5]   |     5.175 | SLOW    |     2.554 | FAST    |
A_i[3][1][4]   | C_o[3][2][6]   |     5.338 | SLOW    |     2.599 | FAST    |
A_i[3][1][4]   | C_o[3][2][7]   |     5.400 | SLOW    |     2.627 | FAST    |
A_i[3][1][4]   | C_o[3][2][8]   |     5.739 | SLOW    |     2.627 | FAST    |
A_i[3][1][4]   | C_o[3][3][4]   |     4.956 | SLOW    |     2.577 | FAST    |
A_i[3][1][4]   | C_o[3][3][5]   |     5.175 | SLOW    |     2.554 | FAST    |
A_i[3][1][4]   | C_o[3][3][6]   |     5.338 | SLOW    |     2.599 | FAST    |
A_i[3][1][4]   | C_o[3][3][7]   |     5.400 | SLOW    |     2.627 | FAST    |
A_i[3][1][4]   | C_o[3][3][8]   |     5.739 | SLOW    |     2.627 | FAST    |
A_i[3][1][5]   | C_o[3][0][5]   |     5.166 | SLOW    |     2.692 | FAST    |
A_i[3][1][5]   | C_o[3][0][6]   |     5.329 | SLOW    |     2.640 | FAST    |
A_i[3][1][5]   | C_o[3][0][7]   |     5.391 | SLOW    |     2.654 | FAST    |
A_i[3][1][5]   | C_o[3][0][8]   |     5.730 | SLOW    |     2.633 | FAST    |
A_i[3][1][5]   | C_o[3][1][5]   |     5.166 | SLOW    |     2.692 | FAST    |
A_i[3][1][5]   | C_o[3][1][6]   |     5.329 | SLOW    |     2.640 | FAST    |
A_i[3][1][5]   | C_o[3][1][7]   |     5.391 | SLOW    |     2.654 | FAST    |
A_i[3][1][5]   | C_o[3][1][8]   |     5.730 | SLOW    |     2.633 | FAST    |
A_i[3][1][5]   | C_o[3][2][5]   |     5.166 | SLOW    |     2.692 | FAST    |
A_i[3][1][5]   | C_o[3][2][6]   |     5.329 | SLOW    |     2.640 | FAST    |
A_i[3][1][5]   | C_o[3][2][7]   |     5.391 | SLOW    |     2.654 | FAST    |
A_i[3][1][5]   | C_o[3][2][8]   |     5.730 | SLOW    |     2.633 | FAST    |
A_i[3][1][5]   | C_o[3][3][5]   |     5.166 | SLOW    |     2.692 | FAST    |
A_i[3][1][5]   | C_o[3][3][6]   |     5.329 | SLOW    |     2.640 | FAST    |
A_i[3][1][5]   | C_o[3][3][7]   |     5.391 | SLOW    |     2.654 | FAST    |
A_i[3][1][5]   | C_o[3][3][8]   |     5.730 | SLOW    |     2.633 | FAST    |
A_i[3][1][6]   | C_o[3][0][6]   |     4.919 | SLOW    |     2.555 | FAST    |
A_i[3][1][6]   | C_o[3][0][7]   |     5.125 | SLOW    |     2.512 | FAST    |
A_i[3][1][6]   | C_o[3][0][8]   |     5.464 | SLOW    |     2.553 | FAST    |
A_i[3][1][6]   | C_o[3][1][6]   |     4.919 | SLOW    |     2.555 | FAST    |
A_i[3][1][6]   | C_o[3][1][7]   |     5.125 | SLOW    |     2.512 | FAST    |
A_i[3][1][6]   | C_o[3][1][8]   |     5.464 | SLOW    |     2.553 | FAST    |
A_i[3][1][6]   | C_o[3][2][6]   |     4.919 | SLOW    |     2.555 | FAST    |
A_i[3][1][6]   | C_o[3][2][7]   |     5.125 | SLOW    |     2.512 | FAST    |
A_i[3][1][6]   | C_o[3][2][8]   |     5.464 | SLOW    |     2.553 | FAST    |
A_i[3][1][6]   | C_o[3][3][6]   |     4.919 | SLOW    |     2.555 | FAST    |
A_i[3][1][6]   | C_o[3][3][7]   |     5.125 | SLOW    |     2.512 | FAST    |
A_i[3][1][6]   | C_o[3][3][8]   |     5.464 | SLOW    |     2.553 | FAST    |
A_i[3][1][7]   | C_o[3][0][7]   |     4.962 | SLOW    |     2.585 | FAST    |
A_i[3][1][7]   | C_o[3][0][8]   |     5.332 | SLOW    |     2.557 | FAST    |
A_i[3][1][7]   | C_o[3][1][7]   |     4.962 | SLOW    |     2.585 | FAST    |
A_i[3][1][7]   | C_o[3][1][8]   |     5.332 | SLOW    |     2.557 | FAST    |
A_i[3][1][7]   | C_o[3][2][7]   |     4.962 | SLOW    |     2.585 | FAST    |
A_i[3][1][7]   | C_o[3][2][8]   |     5.332 | SLOW    |     2.557 | FAST    |
A_i[3][1][7]   | C_o[3][3][7]   |     4.962 | SLOW    |     2.585 | FAST    |
A_i[3][1][7]   | C_o[3][3][8]   |     5.332 | SLOW    |     2.557 | FAST    |
A_i[3][1][8]   | C_o[3][0][8]   |     5.307 | SLOW    |     2.770 | FAST    |
A_i[3][1][8]   | C_o[3][1][8]   |     5.307 | SLOW    |     2.770 | FAST    |
A_i[3][1][8]   | C_o[3][2][8]   |     5.307 | SLOW    |     2.770 | FAST    |
A_i[3][1][8]   | C_o[3][3][8]   |     5.307 | SLOW    |     2.770 | FAST    |
B_i[0][0][0]   | C_o[0][0][0]   |     4.751 | SLOW    |     2.472 | FAST    |
B_i[0][0][0]   | C_o[0][0][1]   |     4.827 | SLOW    |     2.499 | FAST    |
B_i[0][0][0]   | C_o[0][0][2]   |     4.960 | SLOW    |     2.470 | FAST    |
B_i[0][0][0]   | C_o[0][0][3]   |     5.022 | SLOW    |     2.470 | FAST    |
B_i[0][0][0]   | C_o[0][0][4]   |     5.212 | SLOW    |     2.526 | FAST    |
B_i[0][0][0]   | C_o[0][0][5]   |     5.287 | SLOW    |     2.554 | FAST    |
B_i[0][0][0]   | C_o[0][0][6]   |     5.449 | SLOW    |     2.543 | FAST    |
B_i[0][0][0]   | C_o[0][0][7]   |     5.511 | SLOW    |     2.571 | FAST    |
B_i[0][0][0]   | C_o[0][0][8]   |     5.850 | SLOW    |     2.637 | FAST    |
B_i[0][0][0]   | C_o[1][0][0]   |     4.751 | SLOW    |     2.472 | FAST    |
B_i[0][0][0]   | C_o[1][0][1]   |     4.827 | SLOW    |     2.499 | FAST    |
B_i[0][0][0]   | C_o[1][0][2]   |     4.960 | SLOW    |     2.470 | FAST    |
B_i[0][0][0]   | C_o[1][0][3]   |     5.022 | SLOW    |     2.470 | FAST    |
B_i[0][0][0]   | C_o[1][0][4]   |     5.212 | SLOW    |     2.526 | FAST    |
B_i[0][0][0]   | C_o[1][0][5]   |     5.287 | SLOW    |     2.554 | FAST    |
B_i[0][0][0]   | C_o[1][0][6]   |     5.449 | SLOW    |     2.543 | FAST    |
B_i[0][0][0]   | C_o[1][0][7]   |     5.511 | SLOW    |     2.571 | FAST    |
B_i[0][0][0]   | C_o[1][0][8]   |     5.850 | SLOW    |     2.637 | FAST    |
B_i[0][0][0]   | C_o[2][0][0]   |     4.751 | SLOW    |     2.472 | FAST    |
B_i[0][0][0]   | C_o[2][0][1]   |     4.827 | SLOW    |     2.499 | FAST    |
B_i[0][0][0]   | C_o[2][0][2]   |     4.960 | SLOW    |     2.470 | FAST    |
B_i[0][0][0]   | C_o[2][0][3]   |     5.022 | SLOW    |     2.470 | FAST    |
B_i[0][0][0]   | C_o[2][0][4]   |     5.212 | SLOW    |     2.526 | FAST    |
B_i[0][0][0]   | C_o[2][0][5]   |     5.287 | SLOW    |     2.554 | FAST    |
B_i[0][0][0]   | C_o[2][0][6]   |     5.449 | SLOW    |     2.543 | FAST    |
B_i[0][0][0]   | C_o[2][0][7]   |     5.511 | SLOW    |     2.571 | FAST    |
B_i[0][0][0]   | C_o[2][0][8]   |     5.850 | SLOW    |     2.637 | FAST    |
B_i[0][0][0]   | C_o[3][0][0]   |     4.751 | SLOW    |     2.472 | FAST    |
B_i[0][0][0]   | C_o[3][0][1]   |     4.827 | SLOW    |     2.499 | FAST    |
B_i[0][0][0]   | C_o[3][0][2]   |     4.960 | SLOW    |     2.470 | FAST    |
B_i[0][0][0]   | C_o[3][0][3]   |     5.022 | SLOW    |     2.470 | FAST    |
B_i[0][0][0]   | C_o[3][0][4]   |     5.212 | SLOW    |     2.526 | FAST    |
B_i[0][0][0]   | C_o[3][0][5]   |     5.287 | SLOW    |     2.554 | FAST    |
B_i[0][0][0]   | C_o[3][0][6]   |     5.449 | SLOW    |     2.543 | FAST    |
B_i[0][0][0]   | C_o[3][0][7]   |     5.511 | SLOW    |     2.571 | FAST    |
B_i[0][0][0]   | C_o[3][0][8]   |     5.850 | SLOW    |     2.637 | FAST    |
B_i[0][0][1]   | C_o[0][0][1]   |     4.744 | SLOW    |     2.470 | FAST    |
B_i[0][0][1]   | C_o[0][0][2]   |     5.054 | SLOW    |     2.515 | FAST    |
B_i[0][0][1]   | C_o[0][0][3]   |     5.116 | SLOW    |     2.543 | FAST    |
B_i[0][0][1]   | C_o[0][0][4]   |     5.306 | SLOW    |     2.537 | FAST    |
B_i[0][0][1]   | C_o[0][0][5]   |     5.376 | SLOW    |     2.565 | FAST    |
B_i[0][0][1]   | C_o[0][0][6]   |     5.480 | SLOW    |     2.554 | FAST    |
B_i[0][0][1]   | C_o[0][0][7]   |     5.543 | SLOW    |     2.582 | FAST    |
B_i[0][0][1]   | C_o[0][0][8]   |     5.833 | SLOW    |     2.618 | FAST    |
B_i[0][0][1]   | C_o[1][0][1]   |     4.744 | SLOW    |     2.470 | FAST    |
B_i[0][0][1]   | C_o[1][0][2]   |     5.054 | SLOW    |     2.515 | FAST    |
B_i[0][0][1]   | C_o[1][0][3]   |     5.116 | SLOW    |     2.543 | FAST    |
B_i[0][0][1]   | C_o[1][0][4]   |     5.306 | SLOW    |     2.537 | FAST    |
B_i[0][0][1]   | C_o[1][0][5]   |     5.376 | SLOW    |     2.565 | FAST    |
B_i[0][0][1]   | C_o[1][0][6]   |     5.480 | SLOW    |     2.554 | FAST    |
B_i[0][0][1]   | C_o[1][0][7]   |     5.543 | SLOW    |     2.582 | FAST    |
B_i[0][0][1]   | C_o[1][0][8]   |     5.833 | SLOW    |     2.618 | FAST    |
B_i[0][0][1]   | C_o[2][0][1]   |     4.744 | SLOW    |     2.470 | FAST    |
B_i[0][0][1]   | C_o[2][0][2]   |     5.054 | SLOW    |     2.515 | FAST    |
B_i[0][0][1]   | C_o[2][0][3]   |     5.116 | SLOW    |     2.543 | FAST    |
B_i[0][0][1]   | C_o[2][0][4]   |     5.306 | SLOW    |     2.537 | FAST    |
B_i[0][0][1]   | C_o[2][0][5]   |     5.376 | SLOW    |     2.565 | FAST    |
B_i[0][0][1]   | C_o[2][0][6]   |     5.480 | SLOW    |     2.554 | FAST    |
B_i[0][0][1]   | C_o[2][0][7]   |     5.543 | SLOW    |     2.582 | FAST    |
B_i[0][0][1]   | C_o[2][0][8]   |     5.833 | SLOW    |     2.618 | FAST    |
B_i[0][0][1]   | C_o[3][0][1]   |     4.744 | SLOW    |     2.470 | FAST    |
B_i[0][0][1]   | C_o[3][0][2]   |     5.054 | SLOW    |     2.515 | FAST    |
B_i[0][0][1]   | C_o[3][0][3]   |     5.116 | SLOW    |     2.543 | FAST    |
B_i[0][0][1]   | C_o[3][0][4]   |     5.306 | SLOW    |     2.537 | FAST    |
B_i[0][0][1]   | C_o[3][0][5]   |     5.376 | SLOW    |     2.565 | FAST    |
B_i[0][0][1]   | C_o[3][0][6]   |     5.480 | SLOW    |     2.554 | FAST    |
B_i[0][0][1]   | C_o[3][0][7]   |     5.543 | SLOW    |     2.582 | FAST    |
B_i[0][0][1]   | C_o[3][0][8]   |     5.833 | SLOW    |     2.618 | FAST    |
B_i[0][0][2]   | C_o[0][0][2]   |     5.056 | SLOW    |     2.644 | FAST    |
B_i[0][0][2]   | C_o[0][0][3]   |     5.118 | SLOW    |     2.574 | FAST    |
B_i[0][0][2]   | C_o[0][0][4]   |     5.308 | SLOW    |     2.576 | FAST    |
B_i[0][0][2]   | C_o[0][0][5]   |     5.378 | SLOW    |     2.567 | FAST    |
B_i[0][0][2]   | C_o[0][0][6]   |     5.482 | SLOW    |     2.612 | FAST    |
B_i[0][0][2]   | C_o[0][0][7]   |     5.545 | SLOW    |     2.640 | FAST    |
B_i[0][0][2]   | C_o[0][0][8]   |     5.808 | SLOW    |     2.691 | FAST    |
B_i[0][0][2]   | C_o[1][0][2]   |     5.056 | SLOW    |     2.644 | FAST    |
B_i[0][0][2]   | C_o[1][0][3]   |     5.118 | SLOW    |     2.574 | FAST    |
B_i[0][0][2]   | C_o[1][0][4]   |     5.308 | SLOW    |     2.576 | FAST    |
B_i[0][0][2]   | C_o[1][0][5]   |     5.378 | SLOW    |     2.567 | FAST    |
B_i[0][0][2]   | C_o[1][0][6]   |     5.482 | SLOW    |     2.612 | FAST    |
B_i[0][0][2]   | C_o[1][0][7]   |     5.545 | SLOW    |     2.640 | FAST    |
B_i[0][0][2]   | C_o[1][0][8]   |     5.808 | SLOW    |     2.691 | FAST    |
B_i[0][0][2]   | C_o[2][0][2]   |     5.056 | SLOW    |     2.644 | FAST    |
B_i[0][0][2]   | C_o[2][0][3]   |     5.118 | SLOW    |     2.574 | FAST    |
B_i[0][0][2]   | C_o[2][0][4]   |     5.308 | SLOW    |     2.576 | FAST    |
B_i[0][0][2]   | C_o[2][0][5]   |     5.378 | SLOW    |     2.567 | FAST    |
B_i[0][0][2]   | C_o[2][0][6]   |     5.482 | SLOW    |     2.612 | FAST    |
B_i[0][0][2]   | C_o[2][0][7]   |     5.545 | SLOW    |     2.640 | FAST    |
B_i[0][0][2]   | C_o[2][0][8]   |     5.808 | SLOW    |     2.691 | FAST    |
B_i[0][0][2]   | C_o[3][0][2]   |     5.056 | SLOW    |     2.644 | FAST    |
B_i[0][0][2]   | C_o[3][0][3]   |     5.118 | SLOW    |     2.574 | FAST    |
B_i[0][0][2]   | C_o[3][0][4]   |     5.308 | SLOW    |     2.576 | FAST    |
B_i[0][0][2]   | C_o[3][0][5]   |     5.378 | SLOW    |     2.567 | FAST    |
B_i[0][0][2]   | C_o[3][0][6]   |     5.482 | SLOW    |     2.612 | FAST    |
B_i[0][0][2]   | C_o[3][0][7]   |     5.545 | SLOW    |     2.640 | FAST    |
B_i[0][0][2]   | C_o[3][0][8]   |     5.808 | SLOW    |     2.691 | FAST    |
B_i[0][0][3]   | C_o[0][0][3]   |     5.024 | SLOW    |     2.620 | FAST    |
B_i[0][0][3]   | C_o[0][0][4]   |     5.217 | SLOW    |     2.555 | FAST    |
B_i[0][0][3]   | C_o[0][0][5]   |     5.286 | SLOW    |     2.571 | FAST    |
B_i[0][0][3]   | C_o[0][0][6]   |     5.445 | SLOW    |     2.602 | FAST    |
B_i[0][0][3]   | C_o[0][0][7]   |     5.508 | SLOW    |     2.630 | FAST    |
B_i[0][0][3]   | C_o[0][0][8]   |     5.819 | SLOW    |     2.695 | FAST    |
B_i[0][0][3]   | C_o[1][0][3]   |     5.024 | SLOW    |     2.620 | FAST    |
B_i[0][0][3]   | C_o[1][0][4]   |     5.217 | SLOW    |     2.555 | FAST    |
B_i[0][0][3]   | C_o[1][0][5]   |     5.286 | SLOW    |     2.571 | FAST    |
B_i[0][0][3]   | C_o[1][0][6]   |     5.445 | SLOW    |     2.602 | FAST    |
B_i[0][0][3]   | C_o[1][0][7]   |     5.508 | SLOW    |     2.630 | FAST    |
B_i[0][0][3]   | C_o[1][0][8]   |     5.819 | SLOW    |     2.695 | FAST    |
B_i[0][0][3]   | C_o[2][0][3]   |     5.024 | SLOW    |     2.620 | FAST    |
B_i[0][0][3]   | C_o[2][0][4]   |     5.217 | SLOW    |     2.555 | FAST    |
B_i[0][0][3]   | C_o[2][0][5]   |     5.286 | SLOW    |     2.571 | FAST    |
B_i[0][0][3]   | C_o[2][0][6]   |     5.445 | SLOW    |     2.602 | FAST    |
B_i[0][0][3]   | C_o[2][0][7]   |     5.508 | SLOW    |     2.630 | FAST    |
B_i[0][0][3]   | C_o[2][0][8]   |     5.819 | SLOW    |     2.695 | FAST    |
B_i[0][0][3]   | C_o[3][0][3]   |     5.024 | SLOW    |     2.620 | FAST    |
B_i[0][0][3]   | C_o[3][0][4]   |     5.217 | SLOW    |     2.555 | FAST    |
B_i[0][0][3]   | C_o[3][0][5]   |     5.286 | SLOW    |     2.571 | FAST    |
B_i[0][0][3]   | C_o[3][0][6]   |     5.445 | SLOW    |     2.602 | FAST    |
B_i[0][0][3]   | C_o[3][0][7]   |     5.508 | SLOW    |     2.630 | FAST    |
B_i[0][0][3]   | C_o[3][0][8]   |     5.819 | SLOW    |     2.695 | FAST    |
B_i[0][0][4]   | C_o[0][0][4]   |     5.035 | SLOW    |     2.623 | FAST    |
B_i[0][0][4]   | C_o[0][0][5]   |     5.237 | SLOW    |     2.561 | FAST    |
B_i[0][0][4]   | C_o[0][0][6]   |     5.399 | SLOW    |     2.606 | FAST    |
B_i[0][0][4]   | C_o[0][0][7]   |     5.461 | SLOW    |     2.634 | FAST    |
B_i[0][0][4]   | C_o[0][0][8]   |     5.800 | SLOW    |     2.701 | FAST    |
B_i[0][0][4]   | C_o[1][0][4]   |     5.035 | SLOW    |     2.623 | FAST    |
B_i[0][0][4]   | C_o[1][0][5]   |     5.237 | SLOW    |     2.561 | FAST    |
B_i[0][0][4]   | C_o[1][0][6]   |     5.399 | SLOW    |     2.606 | FAST    |
B_i[0][0][4]   | C_o[1][0][7]   |     5.461 | SLOW    |     2.634 | FAST    |
B_i[0][0][4]   | C_o[1][0][8]   |     5.800 | SLOW    |     2.701 | FAST    |
B_i[0][0][4]   | C_o[2][0][4]   |     5.035 | SLOW    |     2.623 | FAST    |
B_i[0][0][4]   | C_o[2][0][5]   |     5.237 | SLOW    |     2.561 | FAST    |
B_i[0][0][4]   | C_o[2][0][6]   |     5.399 | SLOW    |     2.606 | FAST    |
B_i[0][0][4]   | C_o[2][0][7]   |     5.461 | SLOW    |     2.634 | FAST    |
B_i[0][0][4]   | C_o[2][0][8]   |     5.800 | SLOW    |     2.701 | FAST    |
B_i[0][0][4]   | C_o[3][0][4]   |     5.035 | SLOW    |     2.623 | FAST    |
B_i[0][0][4]   | C_o[3][0][5]   |     5.237 | SLOW    |     2.561 | FAST    |
B_i[0][0][4]   | C_o[3][0][6]   |     5.399 | SLOW    |     2.606 | FAST    |
B_i[0][0][4]   | C_o[3][0][7]   |     5.461 | SLOW    |     2.634 | FAST    |
B_i[0][0][4]   | C_o[3][0][8]   |     5.800 | SLOW    |     2.701 | FAST    |
B_i[0][0][5]   | C_o[0][0][5]   |     5.226 | SLOW    |     2.735 | FAST    |
B_i[0][0][5]   | C_o[0][0][6]   |     5.388 | SLOW    |     2.690 | FAST    |
B_i[0][0][5]   | C_o[0][0][7]   |     5.450 | SLOW    |     2.701 | FAST    |
B_i[0][0][5]   | C_o[0][0][8]   |     5.789 | SLOW    |     2.685 | FAST    |
B_i[0][0][5]   | C_o[1][0][5]   |     5.226 | SLOW    |     2.735 | FAST    |
B_i[0][0][5]   | C_o[1][0][6]   |     5.388 | SLOW    |     2.690 | FAST    |
B_i[0][0][5]   | C_o[1][0][7]   |     5.450 | SLOW    |     2.701 | FAST    |
B_i[0][0][5]   | C_o[1][0][8]   |     5.789 | SLOW    |     2.685 | FAST    |
B_i[0][0][5]   | C_o[2][0][5]   |     5.226 | SLOW    |     2.735 | FAST    |
B_i[0][0][5]   | C_o[2][0][6]   |     5.388 | SLOW    |     2.690 | FAST    |
B_i[0][0][5]   | C_o[2][0][7]   |     5.450 | SLOW    |     2.701 | FAST    |
B_i[0][0][5]   | C_o[2][0][8]   |     5.789 | SLOW    |     2.685 | FAST    |
B_i[0][0][5]   | C_o[3][0][5]   |     5.226 | SLOW    |     2.735 | FAST    |
B_i[0][0][5]   | C_o[3][0][6]   |     5.388 | SLOW    |     2.690 | FAST    |
B_i[0][0][5]   | C_o[3][0][7]   |     5.450 | SLOW    |     2.701 | FAST    |
B_i[0][0][5]   | C_o[3][0][8]   |     5.789 | SLOW    |     2.685 | FAST    |
B_i[0][0][6]   | C_o[0][0][6]   |     5.215 | SLOW    |     2.723 | FAST    |
B_i[0][0][6]   | C_o[0][0][7]   |     5.420 | SLOW    |     2.689 | FAST    |
B_i[0][0][6]   | C_o[0][0][8]   |     5.760 | SLOW    |     2.686 | FAST    |
B_i[0][0][6]   | C_o[1][0][6]   |     5.215 | SLOW    |     2.723 | FAST    |
B_i[0][0][6]   | C_o[1][0][7]   |     5.420 | SLOW    |     2.689 | FAST    |
B_i[0][0][6]   | C_o[1][0][8]   |     5.760 | SLOW    |     2.686 | FAST    |
B_i[0][0][6]   | C_o[2][0][6]   |     5.215 | SLOW    |     2.723 | FAST    |
B_i[0][0][6]   | C_o[2][0][7]   |     5.420 | SLOW    |     2.689 | FAST    |
B_i[0][0][6]   | C_o[2][0][8]   |     5.760 | SLOW    |     2.686 | FAST    |
B_i[0][0][6]   | C_o[3][0][6]   |     5.215 | SLOW    |     2.723 | FAST    |
B_i[0][0][6]   | C_o[3][0][7]   |     5.420 | SLOW    |     2.689 | FAST    |
B_i[0][0][6]   | C_o[3][0][8]   |     5.760 | SLOW    |     2.686 | FAST    |
B_i[0][0][7]   | C_o[0][0][7]   |     5.225 | SLOW    |     2.735 | FAST    |
B_i[0][0][7]   | C_o[0][0][8]   |     5.566 | SLOW    |     2.708 | FAST    |
B_i[0][0][7]   | C_o[1][0][7]   |     5.225 | SLOW    |     2.735 | FAST    |
B_i[0][0][7]   | C_o[1][0][8]   |     5.566 | SLOW    |     2.708 | FAST    |
B_i[0][0][7]   | C_o[2][0][7]   |     5.225 | SLOW    |     2.735 | FAST    |
B_i[0][0][7]   | C_o[2][0][8]   |     5.566 | SLOW    |     2.708 | FAST    |
B_i[0][0][7]   | C_o[3][0][7]   |     5.225 | SLOW    |     2.735 | FAST    |
B_i[0][0][7]   | C_o[3][0][8]   |     5.566 | SLOW    |     2.708 | FAST    |
B_i[0][0][8]   | C_o[0][0][8]   |     5.372 | SLOW    |     2.816 | FAST    |
B_i[0][0][8]   | C_o[1][0][8]   |     5.372 | SLOW    |     2.816 | FAST    |
B_i[0][0][8]   | C_o[2][0][8]   |     5.372 | SLOW    |     2.816 | FAST    |
B_i[0][0][8]   | C_o[3][0][8]   |     5.372 | SLOW    |     2.816 | FAST    |
B_i[0][1][0]   | C_o[0][1][0]   |     4.751 | SLOW    |     2.472 | FAST    |
B_i[0][1][0]   | C_o[0][1][1]   |     4.827 | SLOW    |     2.499 | FAST    |
B_i[0][1][0]   | C_o[0][1][2]   |     4.960 | SLOW    |     2.470 | FAST    |
B_i[0][1][0]   | C_o[0][1][3]   |     5.022 | SLOW    |     2.470 | FAST    |
B_i[0][1][0]   | C_o[0][1][4]   |     5.212 | SLOW    |     2.526 | FAST    |
B_i[0][1][0]   | C_o[0][1][5]   |     5.287 | SLOW    |     2.554 | FAST    |
B_i[0][1][0]   | C_o[0][1][6]   |     5.449 | SLOW    |     2.543 | FAST    |
B_i[0][1][0]   | C_o[0][1][7]   |     5.511 | SLOW    |     2.571 | FAST    |
B_i[0][1][0]   | C_o[0][1][8]   |     5.850 | SLOW    |     2.637 | FAST    |
B_i[0][1][0]   | C_o[1][1][0]   |     4.751 | SLOW    |     2.472 | FAST    |
B_i[0][1][0]   | C_o[1][1][1]   |     4.827 | SLOW    |     2.499 | FAST    |
B_i[0][1][0]   | C_o[1][1][2]   |     4.960 | SLOW    |     2.470 | FAST    |
B_i[0][1][0]   | C_o[1][1][3]   |     5.022 | SLOW    |     2.470 | FAST    |
B_i[0][1][0]   | C_o[1][1][4]   |     5.212 | SLOW    |     2.526 | FAST    |
B_i[0][1][0]   | C_o[1][1][5]   |     5.287 | SLOW    |     2.554 | FAST    |
B_i[0][1][0]   | C_o[1][1][6]   |     5.449 | SLOW    |     2.543 | FAST    |
B_i[0][1][0]   | C_o[1][1][7]   |     5.511 | SLOW    |     2.571 | FAST    |
B_i[0][1][0]   | C_o[1][1][8]   |     5.850 | SLOW    |     2.637 | FAST    |
B_i[0][1][0]   | C_o[2][1][0]   |     4.751 | SLOW    |     2.472 | FAST    |
B_i[0][1][0]   | C_o[2][1][1]   |     4.827 | SLOW    |     2.499 | FAST    |
B_i[0][1][0]   | C_o[2][1][2]   |     4.960 | SLOW    |     2.470 | FAST    |
B_i[0][1][0]   | C_o[2][1][3]   |     5.022 | SLOW    |     2.470 | FAST    |
B_i[0][1][0]   | C_o[2][1][4]   |     5.212 | SLOW    |     2.526 | FAST    |
B_i[0][1][0]   | C_o[2][1][5]   |     5.287 | SLOW    |     2.554 | FAST    |
B_i[0][1][0]   | C_o[2][1][6]   |     5.449 | SLOW    |     2.543 | FAST    |
B_i[0][1][0]   | C_o[2][1][7]   |     5.511 | SLOW    |     2.571 | FAST    |
B_i[0][1][0]   | C_o[2][1][8]   |     5.850 | SLOW    |     2.637 | FAST    |
B_i[0][1][0]   | C_o[3][1][0]   |     4.751 | SLOW    |     2.472 | FAST    |
B_i[0][1][0]   | C_o[3][1][1]   |     4.827 | SLOW    |     2.499 | FAST    |
B_i[0][1][0]   | C_o[3][1][2]   |     4.960 | SLOW    |     2.470 | FAST    |
B_i[0][1][0]   | C_o[3][1][3]   |     5.022 | SLOW    |     2.470 | FAST    |
B_i[0][1][0]   | C_o[3][1][4]   |     5.212 | SLOW    |     2.526 | FAST    |
B_i[0][1][0]   | C_o[3][1][5]   |     5.287 | SLOW    |     2.554 | FAST    |
B_i[0][1][0]   | C_o[3][1][6]   |     5.449 | SLOW    |     2.543 | FAST    |
B_i[0][1][0]   | C_o[3][1][7]   |     5.511 | SLOW    |     2.571 | FAST    |
B_i[0][1][0]   | C_o[3][1][8]   |     5.850 | SLOW    |     2.637 | FAST    |
B_i[0][1][1]   | C_o[0][1][1]   |     4.744 | SLOW    |     2.470 | FAST    |
B_i[0][1][1]   | C_o[0][1][2]   |     5.054 | SLOW    |     2.515 | FAST    |
B_i[0][1][1]   | C_o[0][1][3]   |     5.116 | SLOW    |     2.543 | FAST    |
B_i[0][1][1]   | C_o[0][1][4]   |     5.306 | SLOW    |     2.537 | FAST    |
B_i[0][1][1]   | C_o[0][1][5]   |     5.376 | SLOW    |     2.565 | FAST    |
B_i[0][1][1]   | C_o[0][1][6]   |     5.480 | SLOW    |     2.554 | FAST    |
B_i[0][1][1]   | C_o[0][1][7]   |     5.543 | SLOW    |     2.582 | FAST    |
B_i[0][1][1]   | C_o[0][1][8]   |     5.833 | SLOW    |     2.618 | FAST    |
B_i[0][1][1]   | C_o[1][1][1]   |     4.744 | SLOW    |     2.470 | FAST    |
B_i[0][1][1]   | C_o[1][1][2]   |     5.054 | SLOW    |     2.515 | FAST    |
B_i[0][1][1]   | C_o[1][1][3]   |     5.116 | SLOW    |     2.543 | FAST    |
B_i[0][1][1]   | C_o[1][1][4]   |     5.306 | SLOW    |     2.537 | FAST    |
B_i[0][1][1]   | C_o[1][1][5]   |     5.376 | SLOW    |     2.565 | FAST    |
B_i[0][1][1]   | C_o[1][1][6]   |     5.480 | SLOW    |     2.554 | FAST    |
B_i[0][1][1]   | C_o[1][1][7]   |     5.543 | SLOW    |     2.582 | FAST    |
B_i[0][1][1]   | C_o[1][1][8]   |     5.833 | SLOW    |     2.618 | FAST    |
B_i[0][1][1]   | C_o[2][1][1]   |     4.744 | SLOW    |     2.470 | FAST    |
B_i[0][1][1]   | C_o[2][1][2]   |     5.054 | SLOW    |     2.515 | FAST    |
B_i[0][1][1]   | C_o[2][1][3]   |     5.116 | SLOW    |     2.543 | FAST    |
B_i[0][1][1]   | C_o[2][1][4]   |     5.306 | SLOW    |     2.537 | FAST    |
B_i[0][1][1]   | C_o[2][1][5]   |     5.376 | SLOW    |     2.565 | FAST    |
B_i[0][1][1]   | C_o[2][1][6]   |     5.480 | SLOW    |     2.554 | FAST    |
B_i[0][1][1]   | C_o[2][1][7]   |     5.543 | SLOW    |     2.582 | FAST    |
B_i[0][1][1]   | C_o[2][1][8]   |     5.833 | SLOW    |     2.618 | FAST    |
B_i[0][1][1]   | C_o[3][1][1]   |     4.744 | SLOW    |     2.470 | FAST    |
B_i[0][1][1]   | C_o[3][1][2]   |     5.054 | SLOW    |     2.515 | FAST    |
B_i[0][1][1]   | C_o[3][1][3]   |     5.116 | SLOW    |     2.543 | FAST    |
B_i[0][1][1]   | C_o[3][1][4]   |     5.306 | SLOW    |     2.537 | FAST    |
B_i[0][1][1]   | C_o[3][1][5]   |     5.376 | SLOW    |     2.565 | FAST    |
B_i[0][1][1]   | C_o[3][1][6]   |     5.480 | SLOW    |     2.554 | FAST    |
B_i[0][1][1]   | C_o[3][1][7]   |     5.543 | SLOW    |     2.582 | FAST    |
B_i[0][1][1]   | C_o[3][1][8]   |     5.833 | SLOW    |     2.618 | FAST    |
B_i[0][1][2]   | C_o[0][1][2]   |     5.056 | SLOW    |     2.644 | FAST    |
B_i[0][1][2]   | C_o[0][1][3]   |     5.118 | SLOW    |     2.574 | FAST    |
B_i[0][1][2]   | C_o[0][1][4]   |     5.308 | SLOW    |     2.576 | FAST    |
B_i[0][1][2]   | C_o[0][1][5]   |     5.378 | SLOW    |     2.567 | FAST    |
B_i[0][1][2]   | C_o[0][1][6]   |     5.482 | SLOW    |     2.612 | FAST    |
B_i[0][1][2]   | C_o[0][1][7]   |     5.545 | SLOW    |     2.640 | FAST    |
B_i[0][1][2]   | C_o[0][1][8]   |     5.808 | SLOW    |     2.691 | FAST    |
B_i[0][1][2]   | C_o[1][1][2]   |     5.056 | SLOW    |     2.644 | FAST    |
B_i[0][1][2]   | C_o[1][1][3]   |     5.118 | SLOW    |     2.574 | FAST    |
B_i[0][1][2]   | C_o[1][1][4]   |     5.308 | SLOW    |     2.576 | FAST    |
B_i[0][1][2]   | C_o[1][1][5]   |     5.378 | SLOW    |     2.567 | FAST    |
B_i[0][1][2]   | C_o[1][1][6]   |     5.482 | SLOW    |     2.612 | FAST    |
B_i[0][1][2]   | C_o[1][1][7]   |     5.545 | SLOW    |     2.640 | FAST    |
B_i[0][1][2]   | C_o[1][1][8]   |     5.808 | SLOW    |     2.691 | FAST    |
B_i[0][1][2]   | C_o[2][1][2]   |     5.056 | SLOW    |     2.644 | FAST    |
B_i[0][1][2]   | C_o[2][1][3]   |     5.118 | SLOW    |     2.574 | FAST    |
B_i[0][1][2]   | C_o[2][1][4]   |     5.308 | SLOW    |     2.576 | FAST    |
B_i[0][1][2]   | C_o[2][1][5]   |     5.378 | SLOW    |     2.567 | FAST    |
B_i[0][1][2]   | C_o[2][1][6]   |     5.482 | SLOW    |     2.612 | FAST    |
B_i[0][1][2]   | C_o[2][1][7]   |     5.545 | SLOW    |     2.640 | FAST    |
B_i[0][1][2]   | C_o[2][1][8]   |     5.808 | SLOW    |     2.691 | FAST    |
B_i[0][1][2]   | C_o[3][1][2]   |     5.056 | SLOW    |     2.644 | FAST    |
B_i[0][1][2]   | C_o[3][1][3]   |     5.118 | SLOW    |     2.574 | FAST    |
B_i[0][1][2]   | C_o[3][1][4]   |     5.308 | SLOW    |     2.576 | FAST    |
B_i[0][1][2]   | C_o[3][1][5]   |     5.378 | SLOW    |     2.567 | FAST    |
B_i[0][1][2]   | C_o[3][1][6]   |     5.482 | SLOW    |     2.612 | FAST    |
B_i[0][1][2]   | C_o[3][1][7]   |     5.545 | SLOW    |     2.640 | FAST    |
B_i[0][1][2]   | C_o[3][1][8]   |     5.808 | SLOW    |     2.691 | FAST    |
B_i[0][1][3]   | C_o[0][1][3]   |     5.024 | SLOW    |     2.620 | FAST    |
B_i[0][1][3]   | C_o[0][1][4]   |     5.217 | SLOW    |     2.555 | FAST    |
B_i[0][1][3]   | C_o[0][1][5]   |     5.286 | SLOW    |     2.571 | FAST    |
B_i[0][1][3]   | C_o[0][1][6]   |     5.445 | SLOW    |     2.602 | FAST    |
B_i[0][1][3]   | C_o[0][1][7]   |     5.508 | SLOW    |     2.630 | FAST    |
B_i[0][1][3]   | C_o[0][1][8]   |     5.819 | SLOW    |     2.695 | FAST    |
B_i[0][1][3]   | C_o[1][1][3]   |     5.024 | SLOW    |     2.620 | FAST    |
B_i[0][1][3]   | C_o[1][1][4]   |     5.217 | SLOW    |     2.555 | FAST    |
B_i[0][1][3]   | C_o[1][1][5]   |     5.286 | SLOW    |     2.571 | FAST    |
B_i[0][1][3]   | C_o[1][1][6]   |     5.445 | SLOW    |     2.602 | FAST    |
B_i[0][1][3]   | C_o[1][1][7]   |     5.508 | SLOW    |     2.630 | FAST    |
B_i[0][1][3]   | C_o[1][1][8]   |     5.819 | SLOW    |     2.695 | FAST    |
B_i[0][1][3]   | C_o[2][1][3]   |     5.024 | SLOW    |     2.620 | FAST    |
B_i[0][1][3]   | C_o[2][1][4]   |     5.217 | SLOW    |     2.555 | FAST    |
B_i[0][1][3]   | C_o[2][1][5]   |     5.286 | SLOW    |     2.571 | FAST    |
B_i[0][1][3]   | C_o[2][1][6]   |     5.445 | SLOW    |     2.602 | FAST    |
B_i[0][1][3]   | C_o[2][1][7]   |     5.508 | SLOW    |     2.630 | FAST    |
B_i[0][1][3]   | C_o[2][1][8]   |     5.819 | SLOW    |     2.695 | FAST    |
B_i[0][1][3]   | C_o[3][1][3]   |     5.024 | SLOW    |     2.620 | FAST    |
B_i[0][1][3]   | C_o[3][1][4]   |     5.217 | SLOW    |     2.555 | FAST    |
B_i[0][1][3]   | C_o[3][1][5]   |     5.286 | SLOW    |     2.571 | FAST    |
B_i[0][1][3]   | C_o[3][1][6]   |     5.445 | SLOW    |     2.602 | FAST    |
B_i[0][1][3]   | C_o[3][1][7]   |     5.508 | SLOW    |     2.630 | FAST    |
B_i[0][1][3]   | C_o[3][1][8]   |     5.819 | SLOW    |     2.695 | FAST    |
B_i[0][1][4]   | C_o[0][1][4]   |     5.035 | SLOW    |     2.623 | FAST    |
B_i[0][1][4]   | C_o[0][1][5]   |     5.237 | SLOW    |     2.561 | FAST    |
B_i[0][1][4]   | C_o[0][1][6]   |     5.399 | SLOW    |     2.606 | FAST    |
B_i[0][1][4]   | C_o[0][1][7]   |     5.461 | SLOW    |     2.634 | FAST    |
B_i[0][1][4]   | C_o[0][1][8]   |     5.800 | SLOW    |     2.701 | FAST    |
B_i[0][1][4]   | C_o[1][1][4]   |     5.035 | SLOW    |     2.623 | FAST    |
B_i[0][1][4]   | C_o[1][1][5]   |     5.237 | SLOW    |     2.561 | FAST    |
B_i[0][1][4]   | C_o[1][1][6]   |     5.399 | SLOW    |     2.606 | FAST    |
B_i[0][1][4]   | C_o[1][1][7]   |     5.461 | SLOW    |     2.634 | FAST    |
B_i[0][1][4]   | C_o[1][1][8]   |     5.800 | SLOW    |     2.701 | FAST    |
B_i[0][1][4]   | C_o[2][1][4]   |     5.035 | SLOW    |     2.623 | FAST    |
B_i[0][1][4]   | C_o[2][1][5]   |     5.237 | SLOW    |     2.561 | FAST    |
B_i[0][1][4]   | C_o[2][1][6]   |     5.399 | SLOW    |     2.606 | FAST    |
B_i[0][1][4]   | C_o[2][1][7]   |     5.461 | SLOW    |     2.634 | FAST    |
B_i[0][1][4]   | C_o[2][1][8]   |     5.800 | SLOW    |     2.701 | FAST    |
B_i[0][1][4]   | C_o[3][1][4]   |     5.035 | SLOW    |     2.623 | FAST    |
B_i[0][1][4]   | C_o[3][1][5]   |     5.237 | SLOW    |     2.561 | FAST    |
B_i[0][1][4]   | C_o[3][1][6]   |     5.399 | SLOW    |     2.606 | FAST    |
B_i[0][1][4]   | C_o[3][1][7]   |     5.461 | SLOW    |     2.634 | FAST    |
B_i[0][1][4]   | C_o[3][1][8]   |     5.800 | SLOW    |     2.701 | FAST    |
B_i[0][1][5]   | C_o[0][1][5]   |     5.226 | SLOW    |     2.735 | FAST    |
B_i[0][1][5]   | C_o[0][1][6]   |     5.388 | SLOW    |     2.690 | FAST    |
B_i[0][1][5]   | C_o[0][1][7]   |     5.450 | SLOW    |     2.701 | FAST    |
B_i[0][1][5]   | C_o[0][1][8]   |     5.789 | SLOW    |     2.685 | FAST    |
B_i[0][1][5]   | C_o[1][1][5]   |     5.226 | SLOW    |     2.735 | FAST    |
B_i[0][1][5]   | C_o[1][1][6]   |     5.388 | SLOW    |     2.690 | FAST    |
B_i[0][1][5]   | C_o[1][1][7]   |     5.450 | SLOW    |     2.701 | FAST    |
B_i[0][1][5]   | C_o[1][1][8]   |     5.789 | SLOW    |     2.685 | FAST    |
B_i[0][1][5]   | C_o[2][1][5]   |     5.226 | SLOW    |     2.735 | FAST    |
B_i[0][1][5]   | C_o[2][1][6]   |     5.388 | SLOW    |     2.690 | FAST    |
B_i[0][1][5]   | C_o[2][1][7]   |     5.450 | SLOW    |     2.701 | FAST    |
B_i[0][1][5]   | C_o[2][1][8]   |     5.789 | SLOW    |     2.685 | FAST    |
B_i[0][1][5]   | C_o[3][1][5]   |     5.226 | SLOW    |     2.735 | FAST    |
B_i[0][1][5]   | C_o[3][1][6]   |     5.388 | SLOW    |     2.690 | FAST    |
B_i[0][1][5]   | C_o[3][1][7]   |     5.450 | SLOW    |     2.701 | FAST    |
B_i[0][1][5]   | C_o[3][1][8]   |     5.789 | SLOW    |     2.685 | FAST    |
B_i[0][1][6]   | C_o[0][1][6]   |     5.215 | SLOW    |     2.723 | FAST    |
B_i[0][1][6]   | C_o[0][1][7]   |     5.420 | SLOW    |     2.689 | FAST    |
B_i[0][1][6]   | C_o[0][1][8]   |     5.760 | SLOW    |     2.686 | FAST    |
B_i[0][1][6]   | C_o[1][1][6]   |     5.215 | SLOW    |     2.723 | FAST    |
B_i[0][1][6]   | C_o[1][1][7]   |     5.420 | SLOW    |     2.689 | FAST    |
B_i[0][1][6]   | C_o[1][1][8]   |     5.760 | SLOW    |     2.686 | FAST    |
B_i[0][1][6]   | C_o[2][1][6]   |     5.215 | SLOW    |     2.723 | FAST    |
B_i[0][1][6]   | C_o[2][1][7]   |     5.420 | SLOW    |     2.689 | FAST    |
B_i[0][1][6]   | C_o[2][1][8]   |     5.760 | SLOW    |     2.686 | FAST    |
B_i[0][1][6]   | C_o[3][1][6]   |     5.215 | SLOW    |     2.723 | FAST    |
B_i[0][1][6]   | C_o[3][1][7]   |     5.420 | SLOW    |     2.689 | FAST    |
B_i[0][1][6]   | C_o[3][1][8]   |     5.760 | SLOW    |     2.686 | FAST    |
B_i[0][1][7]   | C_o[0][1][7]   |     5.225 | SLOW    |     2.735 | FAST    |
B_i[0][1][7]   | C_o[0][1][8]   |     5.566 | SLOW    |     2.708 | FAST    |
B_i[0][1][7]   | C_o[1][1][7]   |     5.225 | SLOW    |     2.735 | FAST    |
B_i[0][1][7]   | C_o[1][1][8]   |     5.566 | SLOW    |     2.708 | FAST    |
B_i[0][1][7]   | C_o[2][1][7]   |     5.225 | SLOW    |     2.735 | FAST    |
B_i[0][1][7]   | C_o[2][1][8]   |     5.566 | SLOW    |     2.708 | FAST    |
B_i[0][1][7]   | C_o[3][1][7]   |     5.225 | SLOW    |     2.735 | FAST    |
B_i[0][1][7]   | C_o[3][1][8]   |     5.566 | SLOW    |     2.708 | FAST    |
B_i[0][1][8]   | C_o[0][1][8]   |     5.372 | SLOW    |     2.816 | FAST    |
B_i[0][1][8]   | C_o[1][1][8]   |     5.372 | SLOW    |     2.816 | FAST    |
B_i[0][1][8]   | C_o[2][1][8]   |     5.372 | SLOW    |     2.816 | FAST    |
B_i[0][1][8]   | C_o[3][1][8]   |     5.372 | SLOW    |     2.816 | FAST    |
B_i[0][2][0]   | C_o[0][2][0]   |     4.751 | SLOW    |     2.472 | FAST    |
B_i[0][2][0]   | C_o[0][2][1]   |     4.827 | SLOW    |     2.499 | FAST    |
B_i[0][2][0]   | C_o[0][2][2]   |     4.960 | SLOW    |     2.470 | FAST    |
B_i[0][2][0]   | C_o[0][2][3]   |     5.022 | SLOW    |     2.470 | FAST    |
B_i[0][2][0]   | C_o[0][2][4]   |     5.212 | SLOW    |     2.526 | FAST    |
B_i[0][2][0]   | C_o[0][2][5]   |     5.287 | SLOW    |     2.554 | FAST    |
B_i[0][2][0]   | C_o[0][2][6]   |     5.449 | SLOW    |     2.543 | FAST    |
B_i[0][2][0]   | C_o[0][2][7]   |     5.511 | SLOW    |     2.571 | FAST    |
B_i[0][2][0]   | C_o[0][2][8]   |     5.850 | SLOW    |     2.637 | FAST    |
B_i[0][2][0]   | C_o[1][2][0]   |     4.751 | SLOW    |     2.472 | FAST    |
B_i[0][2][0]   | C_o[1][2][1]   |     4.827 | SLOW    |     2.499 | FAST    |
B_i[0][2][0]   | C_o[1][2][2]   |     4.960 | SLOW    |     2.470 | FAST    |
B_i[0][2][0]   | C_o[1][2][3]   |     5.022 | SLOW    |     2.470 | FAST    |
B_i[0][2][0]   | C_o[1][2][4]   |     5.212 | SLOW    |     2.526 | FAST    |
B_i[0][2][0]   | C_o[1][2][5]   |     5.287 | SLOW    |     2.554 | FAST    |
B_i[0][2][0]   | C_o[1][2][6]   |     5.449 | SLOW    |     2.543 | FAST    |
B_i[0][2][0]   | C_o[1][2][7]   |     5.511 | SLOW    |     2.571 | FAST    |
B_i[0][2][0]   | C_o[1][2][8]   |     5.850 | SLOW    |     2.637 | FAST    |
B_i[0][2][0]   | C_o[2][2][0]   |     4.751 | SLOW    |     2.472 | FAST    |
B_i[0][2][0]   | C_o[2][2][1]   |     4.827 | SLOW    |     2.499 | FAST    |
B_i[0][2][0]   | C_o[2][2][2]   |     4.960 | SLOW    |     2.470 | FAST    |
B_i[0][2][0]   | C_o[2][2][3]   |     5.022 | SLOW    |     2.470 | FAST    |
B_i[0][2][0]   | C_o[2][2][4]   |     5.212 | SLOW    |     2.526 | FAST    |
B_i[0][2][0]   | C_o[2][2][5]   |     5.287 | SLOW    |     2.554 | FAST    |
B_i[0][2][0]   | C_o[2][2][6]   |     5.449 | SLOW    |     2.543 | FAST    |
B_i[0][2][0]   | C_o[2][2][7]   |     5.511 | SLOW    |     2.571 | FAST    |
B_i[0][2][0]   | C_o[2][2][8]   |     5.850 | SLOW    |     2.637 | FAST    |
B_i[0][2][0]   | C_o[3][2][0]   |     4.751 | SLOW    |     2.472 | FAST    |
B_i[0][2][0]   | C_o[3][2][1]   |     4.827 | SLOW    |     2.499 | FAST    |
B_i[0][2][0]   | C_o[3][2][2]   |     4.960 | SLOW    |     2.470 | FAST    |
B_i[0][2][0]   | C_o[3][2][3]   |     5.022 | SLOW    |     2.470 | FAST    |
B_i[0][2][0]   | C_o[3][2][4]   |     5.212 | SLOW    |     2.526 | FAST    |
B_i[0][2][0]   | C_o[3][2][5]   |     5.287 | SLOW    |     2.554 | FAST    |
B_i[0][2][0]   | C_o[3][2][6]   |     5.449 | SLOW    |     2.543 | FAST    |
B_i[0][2][0]   | C_o[3][2][7]   |     5.511 | SLOW    |     2.571 | FAST    |
B_i[0][2][0]   | C_o[3][2][8]   |     5.850 | SLOW    |     2.637 | FAST    |
B_i[0][2][1]   | C_o[0][2][1]   |     4.744 | SLOW    |     2.470 | FAST    |
B_i[0][2][1]   | C_o[0][2][2]   |     5.054 | SLOW    |     2.515 | FAST    |
B_i[0][2][1]   | C_o[0][2][3]   |     5.116 | SLOW    |     2.543 | FAST    |
B_i[0][2][1]   | C_o[0][2][4]   |     5.306 | SLOW    |     2.537 | FAST    |
B_i[0][2][1]   | C_o[0][2][5]   |     5.376 | SLOW    |     2.565 | FAST    |
B_i[0][2][1]   | C_o[0][2][6]   |     5.480 | SLOW    |     2.554 | FAST    |
B_i[0][2][1]   | C_o[0][2][7]   |     5.543 | SLOW    |     2.582 | FAST    |
B_i[0][2][1]   | C_o[0][2][8]   |     5.833 | SLOW    |     2.618 | FAST    |
B_i[0][2][1]   | C_o[1][2][1]   |     4.744 | SLOW    |     2.470 | FAST    |
B_i[0][2][1]   | C_o[1][2][2]   |     5.054 | SLOW    |     2.515 | FAST    |
B_i[0][2][1]   | C_o[1][2][3]   |     5.116 | SLOW    |     2.543 | FAST    |
B_i[0][2][1]   | C_o[1][2][4]   |     5.306 | SLOW    |     2.537 | FAST    |
B_i[0][2][1]   | C_o[1][2][5]   |     5.376 | SLOW    |     2.565 | FAST    |
B_i[0][2][1]   | C_o[1][2][6]   |     5.480 | SLOW    |     2.554 | FAST    |
B_i[0][2][1]   | C_o[1][2][7]   |     5.543 | SLOW    |     2.582 | FAST    |
B_i[0][2][1]   | C_o[1][2][8]   |     5.833 | SLOW    |     2.618 | FAST    |
B_i[0][2][1]   | C_o[2][2][1]   |     4.744 | SLOW    |     2.470 | FAST    |
B_i[0][2][1]   | C_o[2][2][2]   |     5.054 | SLOW    |     2.515 | FAST    |
B_i[0][2][1]   | C_o[2][2][3]   |     5.116 | SLOW    |     2.543 | FAST    |
B_i[0][2][1]   | C_o[2][2][4]   |     5.306 | SLOW    |     2.537 | FAST    |
B_i[0][2][1]   | C_o[2][2][5]   |     5.376 | SLOW    |     2.565 | FAST    |
B_i[0][2][1]   | C_o[2][2][6]   |     5.480 | SLOW    |     2.554 | FAST    |
B_i[0][2][1]   | C_o[2][2][7]   |     5.543 | SLOW    |     2.582 | FAST    |
B_i[0][2][1]   | C_o[2][2][8]   |     5.833 | SLOW    |     2.618 | FAST    |
B_i[0][2][1]   | C_o[3][2][1]   |     4.744 | SLOW    |     2.470 | FAST    |
B_i[0][2][1]   | C_o[3][2][2]   |     5.054 | SLOW    |     2.515 | FAST    |
B_i[0][2][1]   | C_o[3][2][3]   |     5.116 | SLOW    |     2.543 | FAST    |
B_i[0][2][1]   | C_o[3][2][4]   |     5.306 | SLOW    |     2.537 | FAST    |
B_i[0][2][1]   | C_o[3][2][5]   |     5.376 | SLOW    |     2.565 | FAST    |
B_i[0][2][1]   | C_o[3][2][6]   |     5.480 | SLOW    |     2.554 | FAST    |
B_i[0][2][1]   | C_o[3][2][7]   |     5.543 | SLOW    |     2.582 | FAST    |
B_i[0][2][1]   | C_o[3][2][8]   |     5.833 | SLOW    |     2.618 | FAST    |
B_i[0][2][2]   | C_o[0][2][2]   |     5.056 | SLOW    |     2.644 | FAST    |
B_i[0][2][2]   | C_o[0][2][3]   |     5.118 | SLOW    |     2.574 | FAST    |
B_i[0][2][2]   | C_o[0][2][4]   |     5.308 | SLOW    |     2.576 | FAST    |
B_i[0][2][2]   | C_o[0][2][5]   |     5.378 | SLOW    |     2.567 | FAST    |
B_i[0][2][2]   | C_o[0][2][6]   |     5.482 | SLOW    |     2.612 | FAST    |
B_i[0][2][2]   | C_o[0][2][7]   |     5.545 | SLOW    |     2.640 | FAST    |
B_i[0][2][2]   | C_o[0][2][8]   |     5.808 | SLOW    |     2.691 | FAST    |
B_i[0][2][2]   | C_o[1][2][2]   |     5.056 | SLOW    |     2.644 | FAST    |
B_i[0][2][2]   | C_o[1][2][3]   |     5.118 | SLOW    |     2.574 | FAST    |
B_i[0][2][2]   | C_o[1][2][4]   |     5.308 | SLOW    |     2.576 | FAST    |
B_i[0][2][2]   | C_o[1][2][5]   |     5.378 | SLOW    |     2.567 | FAST    |
B_i[0][2][2]   | C_o[1][2][6]   |     5.482 | SLOW    |     2.612 | FAST    |
B_i[0][2][2]   | C_o[1][2][7]   |     5.545 | SLOW    |     2.640 | FAST    |
B_i[0][2][2]   | C_o[1][2][8]   |     5.808 | SLOW    |     2.691 | FAST    |
B_i[0][2][2]   | C_o[2][2][2]   |     5.056 | SLOW    |     2.644 | FAST    |
B_i[0][2][2]   | C_o[2][2][3]   |     5.118 | SLOW    |     2.574 | FAST    |
B_i[0][2][2]   | C_o[2][2][4]   |     5.308 | SLOW    |     2.576 | FAST    |
B_i[0][2][2]   | C_o[2][2][5]   |     5.378 | SLOW    |     2.567 | FAST    |
B_i[0][2][2]   | C_o[2][2][6]   |     5.482 | SLOW    |     2.612 | FAST    |
B_i[0][2][2]   | C_o[2][2][7]   |     5.545 | SLOW    |     2.640 | FAST    |
B_i[0][2][2]   | C_o[2][2][8]   |     5.808 | SLOW    |     2.691 | FAST    |
B_i[0][2][2]   | C_o[3][2][2]   |     5.056 | SLOW    |     2.644 | FAST    |
B_i[0][2][2]   | C_o[3][2][3]   |     5.118 | SLOW    |     2.574 | FAST    |
B_i[0][2][2]   | C_o[3][2][4]   |     5.308 | SLOW    |     2.576 | FAST    |
B_i[0][2][2]   | C_o[3][2][5]   |     5.378 | SLOW    |     2.567 | FAST    |
B_i[0][2][2]   | C_o[3][2][6]   |     5.482 | SLOW    |     2.612 | FAST    |
B_i[0][2][2]   | C_o[3][2][7]   |     5.545 | SLOW    |     2.640 | FAST    |
B_i[0][2][2]   | C_o[3][2][8]   |     5.808 | SLOW    |     2.691 | FAST    |
B_i[0][2][3]   | C_o[0][2][3]   |     5.024 | SLOW    |     2.620 | FAST    |
B_i[0][2][3]   | C_o[0][2][4]   |     5.217 | SLOW    |     2.555 | FAST    |
B_i[0][2][3]   | C_o[0][2][5]   |     5.286 | SLOW    |     2.571 | FAST    |
B_i[0][2][3]   | C_o[0][2][6]   |     5.445 | SLOW    |     2.602 | FAST    |
B_i[0][2][3]   | C_o[0][2][7]   |     5.508 | SLOW    |     2.630 | FAST    |
B_i[0][2][3]   | C_o[0][2][8]   |     5.819 | SLOW    |     2.695 | FAST    |
B_i[0][2][3]   | C_o[1][2][3]   |     5.024 | SLOW    |     2.620 | FAST    |
B_i[0][2][3]   | C_o[1][2][4]   |     5.217 | SLOW    |     2.555 | FAST    |
B_i[0][2][3]   | C_o[1][2][5]   |     5.286 | SLOW    |     2.571 | FAST    |
B_i[0][2][3]   | C_o[1][2][6]   |     5.445 | SLOW    |     2.602 | FAST    |
B_i[0][2][3]   | C_o[1][2][7]   |     5.508 | SLOW    |     2.630 | FAST    |
B_i[0][2][3]   | C_o[1][2][8]   |     5.819 | SLOW    |     2.695 | FAST    |
B_i[0][2][3]   | C_o[2][2][3]   |     5.024 | SLOW    |     2.620 | FAST    |
B_i[0][2][3]   | C_o[2][2][4]   |     5.217 | SLOW    |     2.555 | FAST    |
B_i[0][2][3]   | C_o[2][2][5]   |     5.286 | SLOW    |     2.571 | FAST    |
B_i[0][2][3]   | C_o[2][2][6]   |     5.445 | SLOW    |     2.602 | FAST    |
B_i[0][2][3]   | C_o[2][2][7]   |     5.508 | SLOW    |     2.630 | FAST    |
B_i[0][2][3]   | C_o[2][2][8]   |     5.819 | SLOW    |     2.695 | FAST    |
B_i[0][2][3]   | C_o[3][2][3]   |     5.024 | SLOW    |     2.620 | FAST    |
B_i[0][2][3]   | C_o[3][2][4]   |     5.217 | SLOW    |     2.555 | FAST    |
B_i[0][2][3]   | C_o[3][2][5]   |     5.286 | SLOW    |     2.571 | FAST    |
B_i[0][2][3]   | C_o[3][2][6]   |     5.445 | SLOW    |     2.602 | FAST    |
B_i[0][2][3]   | C_o[3][2][7]   |     5.508 | SLOW    |     2.630 | FAST    |
B_i[0][2][3]   | C_o[3][2][8]   |     5.819 | SLOW    |     2.695 | FAST    |
B_i[0][2][4]   | C_o[0][2][4]   |     5.035 | SLOW    |     2.623 | FAST    |
B_i[0][2][4]   | C_o[0][2][5]   |     5.237 | SLOW    |     2.561 | FAST    |
B_i[0][2][4]   | C_o[0][2][6]   |     5.399 | SLOW    |     2.606 | FAST    |
B_i[0][2][4]   | C_o[0][2][7]   |     5.461 | SLOW    |     2.634 | FAST    |
B_i[0][2][4]   | C_o[0][2][8]   |     5.800 | SLOW    |     2.701 | FAST    |
B_i[0][2][4]   | C_o[1][2][4]   |     5.035 | SLOW    |     2.623 | FAST    |
B_i[0][2][4]   | C_o[1][2][5]   |     5.237 | SLOW    |     2.561 | FAST    |
B_i[0][2][4]   | C_o[1][2][6]   |     5.399 | SLOW    |     2.606 | FAST    |
B_i[0][2][4]   | C_o[1][2][7]   |     5.461 | SLOW    |     2.634 | FAST    |
B_i[0][2][4]   | C_o[1][2][8]   |     5.800 | SLOW    |     2.701 | FAST    |
B_i[0][2][4]   | C_o[2][2][4]   |     5.035 | SLOW    |     2.623 | FAST    |
B_i[0][2][4]   | C_o[2][2][5]   |     5.237 | SLOW    |     2.561 | FAST    |
B_i[0][2][4]   | C_o[2][2][6]   |     5.399 | SLOW    |     2.606 | FAST    |
B_i[0][2][4]   | C_o[2][2][7]   |     5.461 | SLOW    |     2.634 | FAST    |
B_i[0][2][4]   | C_o[2][2][8]   |     5.800 | SLOW    |     2.701 | FAST    |
B_i[0][2][4]   | C_o[3][2][4]   |     5.035 | SLOW    |     2.623 | FAST    |
B_i[0][2][4]   | C_o[3][2][5]   |     5.237 | SLOW    |     2.561 | FAST    |
B_i[0][2][4]   | C_o[3][2][6]   |     5.399 | SLOW    |     2.606 | FAST    |
B_i[0][2][4]   | C_o[3][2][7]   |     5.461 | SLOW    |     2.634 | FAST    |
B_i[0][2][4]   | C_o[3][2][8]   |     5.800 | SLOW    |     2.701 | FAST    |
B_i[0][2][5]   | C_o[0][2][5]   |     5.226 | SLOW    |     2.735 | FAST    |
B_i[0][2][5]   | C_o[0][2][6]   |     5.388 | SLOW    |     2.690 | FAST    |
B_i[0][2][5]   | C_o[0][2][7]   |     5.450 | SLOW    |     2.701 | FAST    |
B_i[0][2][5]   | C_o[0][2][8]   |     5.789 | SLOW    |     2.685 | FAST    |
B_i[0][2][5]   | C_o[1][2][5]   |     5.226 | SLOW    |     2.735 | FAST    |
B_i[0][2][5]   | C_o[1][2][6]   |     5.388 | SLOW    |     2.690 | FAST    |
B_i[0][2][5]   | C_o[1][2][7]   |     5.450 | SLOW    |     2.701 | FAST    |
B_i[0][2][5]   | C_o[1][2][8]   |     5.789 | SLOW    |     2.685 | FAST    |
B_i[0][2][5]   | C_o[2][2][5]   |     5.226 | SLOW    |     2.735 | FAST    |
B_i[0][2][5]   | C_o[2][2][6]   |     5.388 | SLOW    |     2.690 | FAST    |
B_i[0][2][5]   | C_o[2][2][7]   |     5.450 | SLOW    |     2.701 | FAST    |
B_i[0][2][5]   | C_o[2][2][8]   |     5.789 | SLOW    |     2.685 | FAST    |
B_i[0][2][5]   | C_o[3][2][5]   |     5.226 | SLOW    |     2.735 | FAST    |
B_i[0][2][5]   | C_o[3][2][6]   |     5.388 | SLOW    |     2.690 | FAST    |
B_i[0][2][5]   | C_o[3][2][7]   |     5.450 | SLOW    |     2.701 | FAST    |
B_i[0][2][5]   | C_o[3][2][8]   |     5.789 | SLOW    |     2.685 | FAST    |
B_i[0][2][6]   | C_o[0][2][6]   |     5.215 | SLOW    |     2.723 | FAST    |
B_i[0][2][6]   | C_o[0][2][7]   |     5.420 | SLOW    |     2.689 | FAST    |
B_i[0][2][6]   | C_o[0][2][8]   |     5.760 | SLOW    |     2.686 | FAST    |
B_i[0][2][6]   | C_o[1][2][6]   |     5.215 | SLOW    |     2.723 | FAST    |
B_i[0][2][6]   | C_o[1][2][7]   |     5.420 | SLOW    |     2.689 | FAST    |
B_i[0][2][6]   | C_o[1][2][8]   |     5.760 | SLOW    |     2.686 | FAST    |
B_i[0][2][6]   | C_o[2][2][6]   |     5.215 | SLOW    |     2.723 | FAST    |
B_i[0][2][6]   | C_o[2][2][7]   |     5.420 | SLOW    |     2.689 | FAST    |
B_i[0][2][6]   | C_o[2][2][8]   |     5.760 | SLOW    |     2.686 | FAST    |
B_i[0][2][6]   | C_o[3][2][6]   |     5.215 | SLOW    |     2.723 | FAST    |
B_i[0][2][6]   | C_o[3][2][7]   |     5.420 | SLOW    |     2.689 | FAST    |
B_i[0][2][6]   | C_o[3][2][8]   |     5.760 | SLOW    |     2.686 | FAST    |
B_i[0][2][7]   | C_o[0][2][7]   |     5.225 | SLOW    |     2.735 | FAST    |
B_i[0][2][7]   | C_o[0][2][8]   |     5.566 | SLOW    |     2.708 | FAST    |
B_i[0][2][7]   | C_o[1][2][7]   |     5.225 | SLOW    |     2.735 | FAST    |
B_i[0][2][7]   | C_o[1][2][8]   |     5.566 | SLOW    |     2.708 | FAST    |
B_i[0][2][7]   | C_o[2][2][7]   |     5.225 | SLOW    |     2.735 | FAST    |
B_i[0][2][7]   | C_o[2][2][8]   |     5.566 | SLOW    |     2.708 | FAST    |
B_i[0][2][7]   | C_o[3][2][7]   |     5.225 | SLOW    |     2.735 | FAST    |
B_i[0][2][7]   | C_o[3][2][8]   |     5.566 | SLOW    |     2.708 | FAST    |
B_i[0][2][8]   | C_o[0][2][8]   |     5.372 | SLOW    |     2.816 | FAST    |
B_i[0][2][8]   | C_o[1][2][8]   |     5.372 | SLOW    |     2.816 | FAST    |
B_i[0][2][8]   | C_o[2][2][8]   |     5.372 | SLOW    |     2.816 | FAST    |
B_i[0][2][8]   | C_o[3][2][8]   |     5.372 | SLOW    |     2.816 | FAST    |
B_i[0][3][0]   | C_o[0][3][0]   |     4.751 | SLOW    |     2.472 | FAST    |
B_i[0][3][0]   | C_o[0][3][1]   |     4.827 | SLOW    |     2.499 | FAST    |
B_i[0][3][0]   | C_o[0][3][2]   |     4.960 | SLOW    |     2.470 | FAST    |
B_i[0][3][0]   | C_o[0][3][3]   |     5.022 | SLOW    |     2.470 | FAST    |
B_i[0][3][0]   | C_o[0][3][4]   |     5.212 | SLOW    |     2.526 | FAST    |
B_i[0][3][0]   | C_o[0][3][5]   |     5.287 | SLOW    |     2.554 | FAST    |
B_i[0][3][0]   | C_o[0][3][6]   |     5.449 | SLOW    |     2.543 | FAST    |
B_i[0][3][0]   | C_o[0][3][7]   |     5.511 | SLOW    |     2.571 | FAST    |
B_i[0][3][0]   | C_o[0][3][8]   |     5.850 | SLOW    |     2.637 | FAST    |
B_i[0][3][0]   | C_o[1][3][0]   |     4.751 | SLOW    |     2.472 | FAST    |
B_i[0][3][0]   | C_o[1][3][1]   |     4.827 | SLOW    |     2.499 | FAST    |
B_i[0][3][0]   | C_o[1][3][2]   |     4.960 | SLOW    |     2.470 | FAST    |
B_i[0][3][0]   | C_o[1][3][3]   |     5.022 | SLOW    |     2.470 | FAST    |
B_i[0][3][0]   | C_o[1][3][4]   |     5.212 | SLOW    |     2.526 | FAST    |
B_i[0][3][0]   | C_o[1][3][5]   |     5.287 | SLOW    |     2.554 | FAST    |
B_i[0][3][0]   | C_o[1][3][6]   |     5.449 | SLOW    |     2.543 | FAST    |
B_i[0][3][0]   | C_o[1][3][7]   |     5.511 | SLOW    |     2.571 | FAST    |
B_i[0][3][0]   | C_o[1][3][8]   |     5.850 | SLOW    |     2.637 | FAST    |
B_i[0][3][0]   | C_o[2][3][0]   |     4.751 | SLOW    |     2.472 | FAST    |
B_i[0][3][0]   | C_o[2][3][1]   |     4.827 | SLOW    |     2.499 | FAST    |
B_i[0][3][0]   | C_o[2][3][2]   |     4.960 | SLOW    |     2.470 | FAST    |
B_i[0][3][0]   | C_o[2][3][3]   |     5.022 | SLOW    |     2.470 | FAST    |
B_i[0][3][0]   | C_o[2][3][4]   |     5.212 | SLOW    |     2.526 | FAST    |
B_i[0][3][0]   | C_o[2][3][5]   |     5.287 | SLOW    |     2.554 | FAST    |
B_i[0][3][0]   | C_o[2][3][6]   |     5.449 | SLOW    |     2.543 | FAST    |
B_i[0][3][0]   | C_o[2][3][7]   |     5.511 | SLOW    |     2.571 | FAST    |
B_i[0][3][0]   | C_o[2][3][8]   |     5.850 | SLOW    |     2.637 | FAST    |
B_i[0][3][0]   | C_o[3][3][0]   |     4.751 | SLOW    |     2.472 | FAST    |
B_i[0][3][0]   | C_o[3][3][1]   |     4.827 | SLOW    |     2.499 | FAST    |
B_i[0][3][0]   | C_o[3][3][2]   |     4.960 | SLOW    |     2.470 | FAST    |
B_i[0][3][0]   | C_o[3][3][3]   |     5.022 | SLOW    |     2.470 | FAST    |
B_i[0][3][0]   | C_o[3][3][4]   |     5.212 | SLOW    |     2.526 | FAST    |
B_i[0][3][0]   | C_o[3][3][5]   |     5.287 | SLOW    |     2.554 | FAST    |
B_i[0][3][0]   | C_o[3][3][6]   |     5.449 | SLOW    |     2.543 | FAST    |
B_i[0][3][0]   | C_o[3][3][7]   |     5.511 | SLOW    |     2.571 | FAST    |
B_i[0][3][0]   | C_o[3][3][8]   |     5.850 | SLOW    |     2.637 | FAST    |
B_i[0][3][1]   | C_o[0][3][1]   |     4.744 | SLOW    |     2.470 | FAST    |
B_i[0][3][1]   | C_o[0][3][2]   |     5.054 | SLOW    |     2.515 | FAST    |
B_i[0][3][1]   | C_o[0][3][3]   |     5.116 | SLOW    |     2.543 | FAST    |
B_i[0][3][1]   | C_o[0][3][4]   |     5.306 | SLOW    |     2.537 | FAST    |
B_i[0][3][1]   | C_o[0][3][5]   |     5.376 | SLOW    |     2.565 | FAST    |
B_i[0][3][1]   | C_o[0][3][6]   |     5.480 | SLOW    |     2.554 | FAST    |
B_i[0][3][1]   | C_o[0][3][7]   |     5.543 | SLOW    |     2.582 | FAST    |
B_i[0][3][1]   | C_o[0][3][8]   |     5.833 | SLOW    |     2.618 | FAST    |
B_i[0][3][1]   | C_o[1][3][1]   |     4.744 | SLOW    |     2.470 | FAST    |
B_i[0][3][1]   | C_o[1][3][2]   |     5.054 | SLOW    |     2.515 | FAST    |
B_i[0][3][1]   | C_o[1][3][3]   |     5.116 | SLOW    |     2.543 | FAST    |
B_i[0][3][1]   | C_o[1][3][4]   |     5.306 | SLOW    |     2.537 | FAST    |
B_i[0][3][1]   | C_o[1][3][5]   |     5.376 | SLOW    |     2.565 | FAST    |
B_i[0][3][1]   | C_o[1][3][6]   |     5.480 | SLOW    |     2.554 | FAST    |
B_i[0][3][1]   | C_o[1][3][7]   |     5.543 | SLOW    |     2.582 | FAST    |
B_i[0][3][1]   | C_o[1][3][8]   |     5.833 | SLOW    |     2.618 | FAST    |
B_i[0][3][1]   | C_o[2][3][1]   |     4.744 | SLOW    |     2.470 | FAST    |
B_i[0][3][1]   | C_o[2][3][2]   |     5.054 | SLOW    |     2.515 | FAST    |
B_i[0][3][1]   | C_o[2][3][3]   |     5.116 | SLOW    |     2.543 | FAST    |
B_i[0][3][1]   | C_o[2][3][4]   |     5.306 | SLOW    |     2.537 | FAST    |
B_i[0][3][1]   | C_o[2][3][5]   |     5.376 | SLOW    |     2.565 | FAST    |
B_i[0][3][1]   | C_o[2][3][6]   |     5.480 | SLOW    |     2.554 | FAST    |
B_i[0][3][1]   | C_o[2][3][7]   |     5.543 | SLOW    |     2.582 | FAST    |
B_i[0][3][1]   | C_o[2][3][8]   |     5.833 | SLOW    |     2.618 | FAST    |
B_i[0][3][1]   | C_o[3][3][1]   |     4.744 | SLOW    |     2.470 | FAST    |
B_i[0][3][1]   | C_o[3][3][2]   |     5.054 | SLOW    |     2.515 | FAST    |
B_i[0][3][1]   | C_o[3][3][3]   |     5.116 | SLOW    |     2.543 | FAST    |
B_i[0][3][1]   | C_o[3][3][4]   |     5.306 | SLOW    |     2.537 | FAST    |
B_i[0][3][1]   | C_o[3][3][5]   |     5.376 | SLOW    |     2.565 | FAST    |
B_i[0][3][1]   | C_o[3][3][6]   |     5.480 | SLOW    |     2.554 | FAST    |
B_i[0][3][1]   | C_o[3][3][7]   |     5.543 | SLOW    |     2.582 | FAST    |
B_i[0][3][1]   | C_o[3][3][8]   |     5.833 | SLOW    |     2.618 | FAST    |
B_i[0][3][2]   | C_o[0][3][2]   |     5.056 | SLOW    |     2.644 | FAST    |
B_i[0][3][2]   | C_o[0][3][3]   |     5.118 | SLOW    |     2.574 | FAST    |
B_i[0][3][2]   | C_o[0][3][4]   |     5.308 | SLOW    |     2.576 | FAST    |
B_i[0][3][2]   | C_o[0][3][5]   |     5.378 | SLOW    |     2.567 | FAST    |
B_i[0][3][2]   | C_o[0][3][6]   |     5.482 | SLOW    |     2.612 | FAST    |
B_i[0][3][2]   | C_o[0][3][7]   |     5.545 | SLOW    |     2.640 | FAST    |
B_i[0][3][2]   | C_o[0][3][8]   |     5.808 | SLOW    |     2.691 | FAST    |
B_i[0][3][2]   | C_o[1][3][2]   |     5.056 | SLOW    |     2.644 | FAST    |
B_i[0][3][2]   | C_o[1][3][3]   |     5.118 | SLOW    |     2.574 | FAST    |
B_i[0][3][2]   | C_o[1][3][4]   |     5.308 | SLOW    |     2.576 | FAST    |
B_i[0][3][2]   | C_o[1][3][5]   |     5.378 | SLOW    |     2.567 | FAST    |
B_i[0][3][2]   | C_o[1][3][6]   |     5.482 | SLOW    |     2.612 | FAST    |
B_i[0][3][2]   | C_o[1][3][7]   |     5.545 | SLOW    |     2.640 | FAST    |
B_i[0][3][2]   | C_o[1][3][8]   |     5.808 | SLOW    |     2.691 | FAST    |
B_i[0][3][2]   | C_o[2][3][2]   |     5.056 | SLOW    |     2.644 | FAST    |
B_i[0][3][2]   | C_o[2][3][3]   |     5.118 | SLOW    |     2.574 | FAST    |
B_i[0][3][2]   | C_o[2][3][4]   |     5.308 | SLOW    |     2.576 | FAST    |
B_i[0][3][2]   | C_o[2][3][5]   |     5.378 | SLOW    |     2.567 | FAST    |
B_i[0][3][2]   | C_o[2][3][6]   |     5.482 | SLOW    |     2.612 | FAST    |
B_i[0][3][2]   | C_o[2][3][7]   |     5.545 | SLOW    |     2.640 | FAST    |
B_i[0][3][2]   | C_o[2][3][8]   |     5.808 | SLOW    |     2.691 | FAST    |
B_i[0][3][2]   | C_o[3][3][2]   |     5.056 | SLOW    |     2.644 | FAST    |
B_i[0][3][2]   | C_o[3][3][3]   |     5.118 | SLOW    |     2.574 | FAST    |
B_i[0][3][2]   | C_o[3][3][4]   |     5.308 | SLOW    |     2.576 | FAST    |
B_i[0][3][2]   | C_o[3][3][5]   |     5.378 | SLOW    |     2.567 | FAST    |
B_i[0][3][2]   | C_o[3][3][6]   |     5.482 | SLOW    |     2.612 | FAST    |
B_i[0][3][2]   | C_o[3][3][7]   |     5.545 | SLOW    |     2.640 | FAST    |
B_i[0][3][2]   | C_o[3][3][8]   |     5.808 | SLOW    |     2.691 | FAST    |
B_i[0][3][3]   | C_o[0][3][3]   |     5.024 | SLOW    |     2.620 | FAST    |
B_i[0][3][3]   | C_o[0][3][4]   |     5.217 | SLOW    |     2.555 | FAST    |
B_i[0][3][3]   | C_o[0][3][5]   |     5.286 | SLOW    |     2.571 | FAST    |
B_i[0][3][3]   | C_o[0][3][6]   |     5.445 | SLOW    |     2.602 | FAST    |
B_i[0][3][3]   | C_o[0][3][7]   |     5.508 | SLOW    |     2.630 | FAST    |
B_i[0][3][3]   | C_o[0][3][8]   |     5.819 | SLOW    |     2.695 | FAST    |
B_i[0][3][3]   | C_o[1][3][3]   |     5.024 | SLOW    |     2.620 | FAST    |
B_i[0][3][3]   | C_o[1][3][4]   |     5.217 | SLOW    |     2.555 | FAST    |
B_i[0][3][3]   | C_o[1][3][5]   |     5.286 | SLOW    |     2.571 | FAST    |
B_i[0][3][3]   | C_o[1][3][6]   |     5.445 | SLOW    |     2.602 | FAST    |
B_i[0][3][3]   | C_o[1][3][7]   |     5.508 | SLOW    |     2.630 | FAST    |
B_i[0][3][3]   | C_o[1][3][8]   |     5.819 | SLOW    |     2.695 | FAST    |
B_i[0][3][3]   | C_o[2][3][3]   |     5.024 | SLOW    |     2.620 | FAST    |
B_i[0][3][3]   | C_o[2][3][4]   |     5.217 | SLOW    |     2.555 | FAST    |
B_i[0][3][3]   | C_o[2][3][5]   |     5.286 | SLOW    |     2.571 | FAST    |
B_i[0][3][3]   | C_o[2][3][6]   |     5.445 | SLOW    |     2.602 | FAST    |
B_i[0][3][3]   | C_o[2][3][7]   |     5.508 | SLOW    |     2.630 | FAST    |
B_i[0][3][3]   | C_o[2][3][8]   |     5.819 | SLOW    |     2.695 | FAST    |
B_i[0][3][3]   | C_o[3][3][3]   |     5.024 | SLOW    |     2.620 | FAST    |
B_i[0][3][3]   | C_o[3][3][4]   |     5.217 | SLOW    |     2.555 | FAST    |
B_i[0][3][3]   | C_o[3][3][5]   |     5.286 | SLOW    |     2.571 | FAST    |
B_i[0][3][3]   | C_o[3][3][6]   |     5.445 | SLOW    |     2.602 | FAST    |
B_i[0][3][3]   | C_o[3][3][7]   |     5.508 | SLOW    |     2.630 | FAST    |
B_i[0][3][3]   | C_o[3][3][8]   |     5.819 | SLOW    |     2.695 | FAST    |
B_i[0][3][4]   | C_o[0][3][4]   |     5.035 | SLOW    |     2.623 | FAST    |
B_i[0][3][4]   | C_o[0][3][5]   |     5.237 | SLOW    |     2.561 | FAST    |
B_i[0][3][4]   | C_o[0][3][6]   |     5.399 | SLOW    |     2.606 | FAST    |
B_i[0][3][4]   | C_o[0][3][7]   |     5.461 | SLOW    |     2.634 | FAST    |
B_i[0][3][4]   | C_o[0][3][8]   |     5.800 | SLOW    |     2.701 | FAST    |
B_i[0][3][4]   | C_o[1][3][4]   |     5.035 | SLOW    |     2.623 | FAST    |
B_i[0][3][4]   | C_o[1][3][5]   |     5.237 | SLOW    |     2.561 | FAST    |
B_i[0][3][4]   | C_o[1][3][6]   |     5.399 | SLOW    |     2.606 | FAST    |
B_i[0][3][4]   | C_o[1][3][7]   |     5.461 | SLOW    |     2.634 | FAST    |
B_i[0][3][4]   | C_o[1][3][8]   |     5.800 | SLOW    |     2.701 | FAST    |
B_i[0][3][4]   | C_o[2][3][4]   |     5.035 | SLOW    |     2.623 | FAST    |
B_i[0][3][4]   | C_o[2][3][5]   |     5.237 | SLOW    |     2.561 | FAST    |
B_i[0][3][4]   | C_o[2][3][6]   |     5.399 | SLOW    |     2.606 | FAST    |
B_i[0][3][4]   | C_o[2][3][7]   |     5.461 | SLOW    |     2.634 | FAST    |
B_i[0][3][4]   | C_o[2][3][8]   |     5.800 | SLOW    |     2.701 | FAST    |
B_i[0][3][4]   | C_o[3][3][4]   |     5.035 | SLOW    |     2.623 | FAST    |
B_i[0][3][4]   | C_o[3][3][5]   |     5.237 | SLOW    |     2.561 | FAST    |
B_i[0][3][4]   | C_o[3][3][6]   |     5.399 | SLOW    |     2.606 | FAST    |
B_i[0][3][4]   | C_o[3][3][7]   |     5.461 | SLOW    |     2.634 | FAST    |
B_i[0][3][4]   | C_o[3][3][8]   |     5.800 | SLOW    |     2.701 | FAST    |
B_i[0][3][5]   | C_o[0][3][5]   |     5.226 | SLOW    |     2.735 | FAST    |
B_i[0][3][5]   | C_o[0][3][6]   |     5.388 | SLOW    |     2.690 | FAST    |
B_i[0][3][5]   | C_o[0][3][7]   |     5.450 | SLOW    |     2.701 | FAST    |
B_i[0][3][5]   | C_o[0][3][8]   |     5.789 | SLOW    |     2.685 | FAST    |
B_i[0][3][5]   | C_o[1][3][5]   |     5.226 | SLOW    |     2.735 | FAST    |
B_i[0][3][5]   | C_o[1][3][6]   |     5.388 | SLOW    |     2.690 | FAST    |
B_i[0][3][5]   | C_o[1][3][7]   |     5.450 | SLOW    |     2.701 | FAST    |
B_i[0][3][5]   | C_o[1][3][8]   |     5.789 | SLOW    |     2.685 | FAST    |
B_i[0][3][5]   | C_o[2][3][5]   |     5.226 | SLOW    |     2.735 | FAST    |
B_i[0][3][5]   | C_o[2][3][6]   |     5.388 | SLOW    |     2.690 | FAST    |
B_i[0][3][5]   | C_o[2][3][7]   |     5.450 | SLOW    |     2.701 | FAST    |
B_i[0][3][5]   | C_o[2][3][8]   |     5.789 | SLOW    |     2.685 | FAST    |
B_i[0][3][5]   | C_o[3][3][5]   |     5.226 | SLOW    |     2.735 | FAST    |
B_i[0][3][5]   | C_o[3][3][6]   |     5.388 | SLOW    |     2.690 | FAST    |
B_i[0][3][5]   | C_o[3][3][7]   |     5.450 | SLOW    |     2.701 | FAST    |
B_i[0][3][5]   | C_o[3][3][8]   |     5.789 | SLOW    |     2.685 | FAST    |
B_i[0][3][6]   | C_o[0][3][6]   |     5.215 | SLOW    |     2.723 | FAST    |
B_i[0][3][6]   | C_o[0][3][7]   |     5.420 | SLOW    |     2.689 | FAST    |
B_i[0][3][6]   | C_o[0][3][8]   |     5.760 | SLOW    |     2.686 | FAST    |
B_i[0][3][6]   | C_o[1][3][6]   |     5.215 | SLOW    |     2.723 | FAST    |
B_i[0][3][6]   | C_o[1][3][7]   |     5.420 | SLOW    |     2.689 | FAST    |
B_i[0][3][6]   | C_o[1][3][8]   |     5.760 | SLOW    |     2.686 | FAST    |
B_i[0][3][6]   | C_o[2][3][6]   |     5.215 | SLOW    |     2.723 | FAST    |
B_i[0][3][6]   | C_o[2][3][7]   |     5.420 | SLOW    |     2.689 | FAST    |
B_i[0][3][6]   | C_o[2][3][8]   |     5.760 | SLOW    |     2.686 | FAST    |
B_i[0][3][6]   | C_o[3][3][6]   |     5.215 | SLOW    |     2.723 | FAST    |
B_i[0][3][6]   | C_o[3][3][7]   |     5.420 | SLOW    |     2.689 | FAST    |
B_i[0][3][6]   | C_o[3][3][8]   |     5.760 | SLOW    |     2.686 | FAST    |
B_i[0][3][7]   | C_o[0][3][7]   |     5.225 | SLOW    |     2.735 | FAST    |
B_i[0][3][7]   | C_o[0][3][8]   |     5.566 | SLOW    |     2.708 | FAST    |
B_i[0][3][7]   | C_o[1][3][7]   |     5.225 | SLOW    |     2.735 | FAST    |
B_i[0][3][7]   | C_o[1][3][8]   |     5.566 | SLOW    |     2.708 | FAST    |
B_i[0][3][7]   | C_o[2][3][7]   |     5.225 | SLOW    |     2.735 | FAST    |
B_i[0][3][7]   | C_o[2][3][8]   |     5.566 | SLOW    |     2.708 | FAST    |
B_i[0][3][7]   | C_o[3][3][7]   |     5.225 | SLOW    |     2.735 | FAST    |
B_i[0][3][7]   | C_o[3][3][8]   |     5.566 | SLOW    |     2.708 | FAST    |
B_i[0][3][8]   | C_o[0][3][8]   |     5.372 | SLOW    |     2.816 | FAST    |
B_i[0][3][8]   | C_o[1][3][8]   |     5.372 | SLOW    |     2.816 | FAST    |
B_i[0][3][8]   | C_o[2][3][8]   |     5.372 | SLOW    |     2.816 | FAST    |
B_i[0][3][8]   | C_o[3][3][8]   |     5.372 | SLOW    |     2.816 | FAST    |
B_i[1][0][0]   | C_o[0][0][0]   |     4.652 | SLOW    |     2.413 | FAST    |
B_i[1][0][0]   | C_o[0][0][1]   |     4.730 | SLOW    |     2.440 | FAST    |
B_i[1][0][0]   | C_o[0][0][2]   |     4.863 | SLOW    |     2.412 | FAST    |
B_i[1][0][0]   | C_o[0][0][3]   |     4.923 | SLOW    |     2.412 | FAST    |
B_i[1][0][0]   | C_o[0][0][4]   |     5.114 | SLOW    |     2.467 | FAST    |
B_i[1][0][0]   | C_o[0][0][5]   |     5.190 | SLOW    |     2.495 | FAST    |
B_i[1][0][0]   | C_o[0][0][6]   |     5.353 | SLOW    |     2.484 | FAST    |
B_i[1][0][0]   | C_o[0][0][7]   |     5.415 | SLOW    |     2.512 | FAST    |
B_i[1][0][0]   | C_o[0][0][8]   |     5.754 | SLOW    |     2.578 | FAST    |
B_i[1][0][0]   | C_o[1][0][0]   |     4.652 | SLOW    |     2.413 | FAST    |
B_i[1][0][0]   | C_o[1][0][1]   |     4.730 | SLOW    |     2.440 | FAST    |
B_i[1][0][0]   | C_o[1][0][2]   |     4.863 | SLOW    |     2.412 | FAST    |
B_i[1][0][0]   | C_o[1][0][3]   |     4.923 | SLOW    |     2.412 | FAST    |
B_i[1][0][0]   | C_o[1][0][4]   |     5.114 | SLOW    |     2.467 | FAST    |
B_i[1][0][0]   | C_o[1][0][5]   |     5.190 | SLOW    |     2.495 | FAST    |
B_i[1][0][0]   | C_o[1][0][6]   |     5.353 | SLOW    |     2.484 | FAST    |
B_i[1][0][0]   | C_o[1][0][7]   |     5.415 | SLOW    |     2.512 | FAST    |
B_i[1][0][0]   | C_o[1][0][8]   |     5.754 | SLOW    |     2.578 | FAST    |
B_i[1][0][0]   | C_o[2][0][0]   |     4.652 | SLOW    |     2.413 | FAST    |
B_i[1][0][0]   | C_o[2][0][1]   |     4.730 | SLOW    |     2.440 | FAST    |
B_i[1][0][0]   | C_o[2][0][2]   |     4.863 | SLOW    |     2.412 | FAST    |
B_i[1][0][0]   | C_o[2][0][3]   |     4.923 | SLOW    |     2.412 | FAST    |
B_i[1][0][0]   | C_o[2][0][4]   |     5.114 | SLOW    |     2.467 | FAST    |
B_i[1][0][0]   | C_o[2][0][5]   |     5.190 | SLOW    |     2.495 | FAST    |
B_i[1][0][0]   | C_o[2][0][6]   |     5.353 | SLOW    |     2.484 | FAST    |
B_i[1][0][0]   | C_o[2][0][7]   |     5.415 | SLOW    |     2.512 | FAST    |
B_i[1][0][0]   | C_o[2][0][8]   |     5.754 | SLOW    |     2.578 | FAST    |
B_i[1][0][0]   | C_o[3][0][0]   |     4.652 | SLOW    |     2.413 | FAST    |
B_i[1][0][0]   | C_o[3][0][1]   |     4.730 | SLOW    |     2.440 | FAST    |
B_i[1][0][0]   | C_o[3][0][2]   |     4.863 | SLOW    |     2.412 | FAST    |
B_i[1][0][0]   | C_o[3][0][3]   |     4.923 | SLOW    |     2.412 | FAST    |
B_i[1][0][0]   | C_o[3][0][4]   |     5.114 | SLOW    |     2.467 | FAST    |
B_i[1][0][0]   | C_o[3][0][5]   |     5.190 | SLOW    |     2.495 | FAST    |
B_i[1][0][0]   | C_o[3][0][6]   |     5.353 | SLOW    |     2.484 | FAST    |
B_i[1][0][0]   | C_o[3][0][7]   |     5.415 | SLOW    |     2.512 | FAST    |
B_i[1][0][0]   | C_o[3][0][8]   |     5.754 | SLOW    |     2.578 | FAST    |
B_i[1][0][1]   | C_o[0][0][1]   |     4.647 | SLOW    |     2.412 | FAST    |
B_i[1][0][1]   | C_o[0][0][2]   |     4.957 | SLOW    |     2.457 | FAST    |
B_i[1][0][1]   | C_o[0][0][3]   |     5.017 | SLOW    |     2.485 | FAST    |
B_i[1][0][1]   | C_o[0][0][4]   |     5.208 | SLOW    |     2.478 | FAST    |
B_i[1][0][1]   | C_o[0][0][5]   |     5.278 | SLOW    |     2.507 | FAST    |
B_i[1][0][1]   | C_o[0][0][6]   |     5.381 | SLOW    |     2.495 | FAST    |
B_i[1][0][1]   | C_o[0][0][7]   |     5.444 | SLOW    |     2.523 | FAST    |
B_i[1][0][1]   | C_o[0][0][8]   |     5.737 | SLOW    |     2.559 | FAST    |
B_i[1][0][1]   | C_o[1][0][1]   |     4.647 | SLOW    |     2.412 | FAST    |
B_i[1][0][1]   | C_o[1][0][2]   |     4.957 | SLOW    |     2.457 | FAST    |
B_i[1][0][1]   | C_o[1][0][3]   |     5.017 | SLOW    |     2.485 | FAST    |
B_i[1][0][1]   | C_o[1][0][4]   |     5.208 | SLOW    |     2.478 | FAST    |
B_i[1][0][1]   | C_o[1][0][5]   |     5.278 | SLOW    |     2.507 | FAST    |
B_i[1][0][1]   | C_o[1][0][6]   |     5.381 | SLOW    |     2.495 | FAST    |
B_i[1][0][1]   | C_o[1][0][7]   |     5.444 | SLOW    |     2.523 | FAST    |
B_i[1][0][1]   | C_o[1][0][8]   |     5.737 | SLOW    |     2.559 | FAST    |
B_i[1][0][1]   | C_o[2][0][1]   |     4.647 | SLOW    |     2.412 | FAST    |
B_i[1][0][1]   | C_o[2][0][2]   |     4.957 | SLOW    |     2.457 | FAST    |
B_i[1][0][1]   | C_o[2][0][3]   |     5.017 | SLOW    |     2.485 | FAST    |
B_i[1][0][1]   | C_o[2][0][4]   |     5.208 | SLOW    |     2.478 | FAST    |
B_i[1][0][1]   | C_o[2][0][5]   |     5.278 | SLOW    |     2.507 | FAST    |
B_i[1][0][1]   | C_o[2][0][6]   |     5.381 | SLOW    |     2.495 | FAST    |
B_i[1][0][1]   | C_o[2][0][7]   |     5.444 | SLOW    |     2.523 | FAST    |
B_i[1][0][1]   | C_o[2][0][8]   |     5.737 | SLOW    |     2.559 | FAST    |
B_i[1][0][1]   | C_o[3][0][1]   |     4.647 | SLOW    |     2.412 | FAST    |
B_i[1][0][1]   | C_o[3][0][2]   |     4.957 | SLOW    |     2.457 | FAST    |
B_i[1][0][1]   | C_o[3][0][3]   |     5.017 | SLOW    |     2.485 | FAST    |
B_i[1][0][1]   | C_o[3][0][4]   |     5.208 | SLOW    |     2.478 | FAST    |
B_i[1][0][1]   | C_o[3][0][5]   |     5.278 | SLOW    |     2.507 | FAST    |
B_i[1][0][1]   | C_o[3][0][6]   |     5.381 | SLOW    |     2.495 | FAST    |
B_i[1][0][1]   | C_o[3][0][7]   |     5.444 | SLOW    |     2.523 | FAST    |
B_i[1][0][1]   | C_o[3][0][8]   |     5.737 | SLOW    |     2.559 | FAST    |
B_i[1][0][2]   | C_o[0][0][2]   |     4.959 | SLOW    |     2.586 | FAST    |
B_i[1][0][2]   | C_o[0][0][3]   |     5.019 | SLOW    |     2.516 | FAST    |
B_i[1][0][2]   | C_o[0][0][4]   |     5.210 | SLOW    |     2.517 | FAST    |
B_i[1][0][2]   | C_o[0][0][5]   |     5.280 | SLOW    |     2.509 | FAST    |
B_i[1][0][2]   | C_o[0][0][6]   |     5.383 | SLOW    |     2.553 | FAST    |
B_i[1][0][2]   | C_o[0][0][7]   |     5.446 | SLOW    |     2.581 | FAST    |
B_i[1][0][2]   | C_o[0][0][8]   |     5.712 | SLOW    |     2.632 | FAST    |
B_i[1][0][2]   | C_o[1][0][2]   |     4.959 | SLOW    |     2.586 | FAST    |
B_i[1][0][2]   | C_o[1][0][3]   |     5.019 | SLOW    |     2.516 | FAST    |
B_i[1][0][2]   | C_o[1][0][4]   |     5.210 | SLOW    |     2.517 | FAST    |
B_i[1][0][2]   | C_o[1][0][5]   |     5.280 | SLOW    |     2.509 | FAST    |
B_i[1][0][2]   | C_o[1][0][6]   |     5.383 | SLOW    |     2.553 | FAST    |
B_i[1][0][2]   | C_o[1][0][7]   |     5.446 | SLOW    |     2.581 | FAST    |
B_i[1][0][2]   | C_o[1][0][8]   |     5.712 | SLOW    |     2.632 | FAST    |
B_i[1][0][2]   | C_o[2][0][2]   |     4.959 | SLOW    |     2.586 | FAST    |
B_i[1][0][2]   | C_o[2][0][3]   |     5.019 | SLOW    |     2.516 | FAST    |
B_i[1][0][2]   | C_o[2][0][4]   |     5.210 | SLOW    |     2.517 | FAST    |
B_i[1][0][2]   | C_o[2][0][5]   |     5.280 | SLOW    |     2.509 | FAST    |
B_i[1][0][2]   | C_o[2][0][6]   |     5.383 | SLOW    |     2.553 | FAST    |
B_i[1][0][2]   | C_o[2][0][7]   |     5.446 | SLOW    |     2.581 | FAST    |
B_i[1][0][2]   | C_o[2][0][8]   |     5.712 | SLOW    |     2.632 | FAST    |
B_i[1][0][2]   | C_o[3][0][2]   |     4.959 | SLOW    |     2.586 | FAST    |
B_i[1][0][2]   | C_o[3][0][3]   |     5.019 | SLOW    |     2.516 | FAST    |
B_i[1][0][2]   | C_o[3][0][4]   |     5.210 | SLOW    |     2.517 | FAST    |
B_i[1][0][2]   | C_o[3][0][5]   |     5.280 | SLOW    |     2.509 | FAST    |
B_i[1][0][2]   | C_o[3][0][6]   |     5.383 | SLOW    |     2.553 | FAST    |
B_i[1][0][2]   | C_o[3][0][7]   |     5.446 | SLOW    |     2.581 | FAST    |
B_i[1][0][2]   | C_o[3][0][8]   |     5.712 | SLOW    |     2.632 | FAST    |
B_i[1][0][3]   | C_o[0][0][3]   |     4.927 | SLOW    |     2.562 | FAST    |
B_i[1][0][3]   | C_o[0][0][4]   |     5.119 | SLOW    |     2.496 | FAST    |
B_i[1][0][3]   | C_o[0][0][5]   |     5.188 | SLOW    |     2.513 | FAST    |
B_i[1][0][3]   | C_o[0][0][6]   |     5.346 | SLOW    |     2.543 | FAST    |
B_i[1][0][3]   | C_o[0][0][7]   |     5.409 | SLOW    |     2.571 | FAST    |
B_i[1][0][3]   | C_o[0][0][8]   |     5.723 | SLOW    |     2.636 | FAST    |
B_i[1][0][3]   | C_o[1][0][3]   |     4.927 | SLOW    |     2.562 | FAST    |
B_i[1][0][3]   | C_o[1][0][4]   |     5.119 | SLOW    |     2.496 | FAST    |
B_i[1][0][3]   | C_o[1][0][5]   |     5.188 | SLOW    |     2.513 | FAST    |
B_i[1][0][3]   | C_o[1][0][6]   |     5.346 | SLOW    |     2.543 | FAST    |
B_i[1][0][3]   | C_o[1][0][7]   |     5.409 | SLOW    |     2.571 | FAST    |
B_i[1][0][3]   | C_o[1][0][8]   |     5.723 | SLOW    |     2.636 | FAST    |
B_i[1][0][3]   | C_o[2][0][3]   |     4.927 | SLOW    |     2.562 | FAST    |
B_i[1][0][3]   | C_o[2][0][4]   |     5.119 | SLOW    |     2.496 | FAST    |
B_i[1][0][3]   | C_o[2][0][5]   |     5.188 | SLOW    |     2.513 | FAST    |
B_i[1][0][3]   | C_o[2][0][6]   |     5.346 | SLOW    |     2.543 | FAST    |
B_i[1][0][3]   | C_o[2][0][7]   |     5.409 | SLOW    |     2.571 | FAST    |
B_i[1][0][3]   | C_o[2][0][8]   |     5.723 | SLOW    |     2.636 | FAST    |
B_i[1][0][3]   | C_o[3][0][3]   |     4.927 | SLOW    |     2.562 | FAST    |
B_i[1][0][3]   | C_o[3][0][4]   |     5.119 | SLOW    |     2.496 | FAST    |
B_i[1][0][3]   | C_o[3][0][5]   |     5.188 | SLOW    |     2.513 | FAST    |
B_i[1][0][3]   | C_o[3][0][6]   |     5.346 | SLOW    |     2.543 | FAST    |
B_i[1][0][3]   | C_o[3][0][7]   |     5.409 | SLOW    |     2.571 | FAST    |
B_i[1][0][3]   | C_o[3][0][8]   |     5.723 | SLOW    |     2.636 | FAST    |
B_i[1][0][4]   | C_o[0][0][4]   |     4.937 | SLOW    |     2.564 | FAST    |
B_i[1][0][4]   | C_o[0][0][5]   |     5.140 | SLOW    |     2.503 | FAST    |
B_i[1][0][4]   | C_o[0][0][6]   |     5.303 | SLOW    |     2.547 | FAST    |
B_i[1][0][4]   | C_o[0][0][7]   |     5.365 | SLOW    |     2.575 | FAST    |
B_i[1][0][4]   | C_o[0][0][8]   |     5.704 | SLOW    |     2.642 | FAST    |
B_i[1][0][4]   | C_o[1][0][4]   |     4.937 | SLOW    |     2.564 | FAST    |
B_i[1][0][4]   | C_o[1][0][5]   |     5.140 | SLOW    |     2.503 | FAST    |
B_i[1][0][4]   | C_o[1][0][6]   |     5.303 | SLOW    |     2.547 | FAST    |
B_i[1][0][4]   | C_o[1][0][7]   |     5.365 | SLOW    |     2.575 | FAST    |
B_i[1][0][4]   | C_o[1][0][8]   |     5.704 | SLOW    |     2.642 | FAST    |
B_i[1][0][4]   | C_o[2][0][4]   |     4.937 | SLOW    |     2.564 | FAST    |
B_i[1][0][4]   | C_o[2][0][5]   |     5.140 | SLOW    |     2.503 | FAST    |
B_i[1][0][4]   | C_o[2][0][6]   |     5.303 | SLOW    |     2.547 | FAST    |
B_i[1][0][4]   | C_o[2][0][7]   |     5.365 | SLOW    |     2.575 | FAST    |
B_i[1][0][4]   | C_o[2][0][8]   |     5.704 | SLOW    |     2.642 | FAST    |
B_i[1][0][4]   | C_o[3][0][4]   |     4.937 | SLOW    |     2.564 | FAST    |
B_i[1][0][4]   | C_o[3][0][5]   |     5.140 | SLOW    |     2.503 | FAST    |
B_i[1][0][4]   | C_o[3][0][6]   |     5.303 | SLOW    |     2.547 | FAST    |
B_i[1][0][4]   | C_o[3][0][7]   |     5.365 | SLOW    |     2.575 | FAST    |
B_i[1][0][4]   | C_o[3][0][8]   |     5.704 | SLOW    |     2.642 | FAST    |
B_i[1][0][5]   | C_o[0][0][5]   |     5.129 | SLOW    |     2.677 | FAST    |
B_i[1][0][5]   | C_o[0][0][6]   |     5.292 | SLOW    |     2.631 | FAST    |
B_i[1][0][5]   | C_o[0][0][7]   |     5.354 | SLOW    |     2.643 | FAST    |
B_i[1][0][5]   | C_o[0][0][8]   |     5.693 | SLOW    |     2.626 | FAST    |
B_i[1][0][5]   | C_o[1][0][5]   |     5.129 | SLOW    |     2.677 | FAST    |
B_i[1][0][5]   | C_o[1][0][6]   |     5.292 | SLOW    |     2.631 | FAST    |
B_i[1][0][5]   | C_o[1][0][7]   |     5.354 | SLOW    |     2.643 | FAST    |
B_i[1][0][5]   | C_o[1][0][8]   |     5.693 | SLOW    |     2.626 | FAST    |
B_i[1][0][5]   | C_o[2][0][5]   |     5.129 | SLOW    |     2.677 | FAST    |
B_i[1][0][5]   | C_o[2][0][6]   |     5.292 | SLOW    |     2.631 | FAST    |
B_i[1][0][5]   | C_o[2][0][7]   |     5.354 | SLOW    |     2.643 | FAST    |
B_i[1][0][5]   | C_o[2][0][8]   |     5.693 | SLOW    |     2.626 | FAST    |
B_i[1][0][5]   | C_o[3][0][5]   |     5.129 | SLOW    |     2.677 | FAST    |
B_i[1][0][5]   | C_o[3][0][6]   |     5.292 | SLOW    |     2.631 | FAST    |
B_i[1][0][5]   | C_o[3][0][7]   |     5.354 | SLOW    |     2.643 | FAST    |
B_i[1][0][5]   | C_o[3][0][8]   |     5.693 | SLOW    |     2.626 | FAST    |
B_i[1][0][6]   | C_o[0][0][6]   |     5.119 | SLOW    |     2.664 | FAST    |
B_i[1][0][6]   | C_o[0][0][7]   |     5.325 | SLOW    |     2.631 | FAST    |
B_i[1][0][6]   | C_o[0][0][8]   |     5.664 | SLOW    |     2.627 | FAST    |
B_i[1][0][6]   | C_o[1][0][6]   |     5.119 | SLOW    |     2.664 | FAST    |
B_i[1][0][6]   | C_o[1][0][7]   |     5.325 | SLOW    |     2.631 | FAST    |
B_i[1][0][6]   | C_o[1][0][8]   |     5.664 | SLOW    |     2.627 | FAST    |
B_i[1][0][6]   | C_o[2][0][6]   |     5.119 | SLOW    |     2.664 | FAST    |
B_i[1][0][6]   | C_o[2][0][7]   |     5.325 | SLOW    |     2.631 | FAST    |
B_i[1][0][6]   | C_o[2][0][8]   |     5.664 | SLOW    |     2.627 | FAST    |
B_i[1][0][6]   | C_o[3][0][6]   |     5.119 | SLOW    |     2.664 | FAST    |
B_i[1][0][6]   | C_o[3][0][7]   |     5.325 | SLOW    |     2.631 | FAST    |
B_i[1][0][6]   | C_o[3][0][8]   |     5.664 | SLOW    |     2.627 | FAST    |
B_i[1][0][7]   | C_o[0][0][7]   |     5.130 | SLOW    |     2.677 | FAST    |
B_i[1][0][7]   | C_o[0][0][8]   |     5.469 | SLOW    |     2.649 | FAST    |
B_i[1][0][7]   | C_o[1][0][7]   |     5.130 | SLOW    |     2.677 | FAST    |
B_i[1][0][7]   | C_o[1][0][8]   |     5.469 | SLOW    |     2.649 | FAST    |
B_i[1][0][7]   | C_o[2][0][7]   |     5.130 | SLOW    |     2.677 | FAST    |
B_i[1][0][7]   | C_o[2][0][8]   |     5.469 | SLOW    |     2.649 | FAST    |
B_i[1][0][7]   | C_o[3][0][7]   |     5.130 | SLOW    |     2.677 | FAST    |
B_i[1][0][7]   | C_o[3][0][8]   |     5.469 | SLOW    |     2.649 | FAST    |
B_i[1][0][8]   | C_o[0][0][8]   |     5.273 | SLOW    |     2.757 | FAST    |
B_i[1][0][8]   | C_o[1][0][8]   |     5.273 | SLOW    |     2.757 | FAST    |
B_i[1][0][8]   | C_o[2][0][8]   |     5.273 | SLOW    |     2.757 | FAST    |
B_i[1][0][8]   | C_o[3][0][8]   |     5.273 | SLOW    |     2.757 | FAST    |
B_i[1][1][0]   | C_o[0][1][0]   |     4.652 | SLOW    |     2.413 | FAST    |
B_i[1][1][0]   | C_o[0][1][1]   |     4.730 | SLOW    |     2.440 | FAST    |
B_i[1][1][0]   | C_o[0][1][2]   |     4.863 | SLOW    |     2.412 | FAST    |
B_i[1][1][0]   | C_o[0][1][3]   |     4.923 | SLOW    |     2.412 | FAST    |
B_i[1][1][0]   | C_o[0][1][4]   |     5.114 | SLOW    |     2.467 | FAST    |
B_i[1][1][0]   | C_o[0][1][5]   |     5.190 | SLOW    |     2.495 | FAST    |
B_i[1][1][0]   | C_o[0][1][6]   |     5.353 | SLOW    |     2.484 | FAST    |
B_i[1][1][0]   | C_o[0][1][7]   |     5.415 | SLOW    |     2.512 | FAST    |
B_i[1][1][0]   | C_o[0][1][8]   |     5.754 | SLOW    |     2.578 | FAST    |
B_i[1][1][0]   | C_o[1][1][0]   |     4.652 | SLOW    |     2.413 | FAST    |
B_i[1][1][0]   | C_o[1][1][1]   |     4.730 | SLOW    |     2.440 | FAST    |
B_i[1][1][0]   | C_o[1][1][2]   |     4.863 | SLOW    |     2.412 | FAST    |
B_i[1][1][0]   | C_o[1][1][3]   |     4.923 | SLOW    |     2.412 | FAST    |
B_i[1][1][0]   | C_o[1][1][4]   |     5.114 | SLOW    |     2.467 | FAST    |
B_i[1][1][0]   | C_o[1][1][5]   |     5.190 | SLOW    |     2.495 | FAST    |
B_i[1][1][0]   | C_o[1][1][6]   |     5.353 | SLOW    |     2.484 | FAST    |
B_i[1][1][0]   | C_o[1][1][7]   |     5.415 | SLOW    |     2.512 | FAST    |
B_i[1][1][0]   | C_o[1][1][8]   |     5.754 | SLOW    |     2.578 | FAST    |
B_i[1][1][0]   | C_o[2][1][0]   |     4.652 | SLOW    |     2.413 | FAST    |
B_i[1][1][0]   | C_o[2][1][1]   |     4.730 | SLOW    |     2.440 | FAST    |
B_i[1][1][0]   | C_o[2][1][2]   |     4.863 | SLOW    |     2.412 | FAST    |
B_i[1][1][0]   | C_o[2][1][3]   |     4.923 | SLOW    |     2.412 | FAST    |
B_i[1][1][0]   | C_o[2][1][4]   |     5.114 | SLOW    |     2.467 | FAST    |
B_i[1][1][0]   | C_o[2][1][5]   |     5.190 | SLOW    |     2.495 | FAST    |
B_i[1][1][0]   | C_o[2][1][6]   |     5.353 | SLOW    |     2.484 | FAST    |
B_i[1][1][0]   | C_o[2][1][7]   |     5.415 | SLOW    |     2.512 | FAST    |
B_i[1][1][0]   | C_o[2][1][8]   |     5.754 | SLOW    |     2.578 | FAST    |
B_i[1][1][0]   | C_o[3][1][0]   |     4.652 | SLOW    |     2.413 | FAST    |
B_i[1][1][0]   | C_o[3][1][1]   |     4.730 | SLOW    |     2.440 | FAST    |
B_i[1][1][0]   | C_o[3][1][2]   |     4.863 | SLOW    |     2.412 | FAST    |
B_i[1][1][0]   | C_o[3][1][3]   |     4.923 | SLOW    |     2.412 | FAST    |
B_i[1][1][0]   | C_o[3][1][4]   |     5.114 | SLOW    |     2.467 | FAST    |
B_i[1][1][0]   | C_o[3][1][5]   |     5.190 | SLOW    |     2.495 | FAST    |
B_i[1][1][0]   | C_o[3][1][6]   |     5.353 | SLOW    |     2.484 | FAST    |
B_i[1][1][0]   | C_o[3][1][7]   |     5.415 | SLOW    |     2.512 | FAST    |
B_i[1][1][0]   | C_o[3][1][8]   |     5.754 | SLOW    |     2.578 | FAST    |
B_i[1][1][1]   | C_o[0][1][1]   |     4.647 | SLOW    |     2.412 | FAST    |
B_i[1][1][1]   | C_o[0][1][2]   |     4.957 | SLOW    |     2.457 | FAST    |
B_i[1][1][1]   | C_o[0][1][3]   |     5.017 | SLOW    |     2.485 | FAST    |
B_i[1][1][1]   | C_o[0][1][4]   |     5.208 | SLOW    |     2.478 | FAST    |
B_i[1][1][1]   | C_o[0][1][5]   |     5.278 | SLOW    |     2.507 | FAST    |
B_i[1][1][1]   | C_o[0][1][6]   |     5.381 | SLOW    |     2.495 | FAST    |
B_i[1][1][1]   | C_o[0][1][7]   |     5.444 | SLOW    |     2.523 | FAST    |
B_i[1][1][1]   | C_o[0][1][8]   |     5.737 | SLOW    |     2.559 | FAST    |
B_i[1][1][1]   | C_o[1][1][1]   |     4.647 | SLOW    |     2.412 | FAST    |
B_i[1][1][1]   | C_o[1][1][2]   |     4.957 | SLOW    |     2.457 | FAST    |
B_i[1][1][1]   | C_o[1][1][3]   |     5.017 | SLOW    |     2.485 | FAST    |
B_i[1][1][1]   | C_o[1][1][4]   |     5.208 | SLOW    |     2.478 | FAST    |
B_i[1][1][1]   | C_o[1][1][5]   |     5.278 | SLOW    |     2.507 | FAST    |
B_i[1][1][1]   | C_o[1][1][6]   |     5.381 | SLOW    |     2.495 | FAST    |
B_i[1][1][1]   | C_o[1][1][7]   |     5.444 | SLOW    |     2.523 | FAST    |
B_i[1][1][1]   | C_o[1][1][8]   |     5.737 | SLOW    |     2.559 | FAST    |
B_i[1][1][1]   | C_o[2][1][1]   |     4.647 | SLOW    |     2.412 | FAST    |
B_i[1][1][1]   | C_o[2][1][2]   |     4.957 | SLOW    |     2.457 | FAST    |
B_i[1][1][1]   | C_o[2][1][3]   |     5.017 | SLOW    |     2.485 | FAST    |
B_i[1][1][1]   | C_o[2][1][4]   |     5.208 | SLOW    |     2.478 | FAST    |
B_i[1][1][1]   | C_o[2][1][5]   |     5.278 | SLOW    |     2.507 | FAST    |
B_i[1][1][1]   | C_o[2][1][6]   |     5.381 | SLOW    |     2.495 | FAST    |
B_i[1][1][1]   | C_o[2][1][7]   |     5.444 | SLOW    |     2.523 | FAST    |
B_i[1][1][1]   | C_o[2][1][8]   |     5.737 | SLOW    |     2.559 | FAST    |
B_i[1][1][1]   | C_o[3][1][1]   |     4.647 | SLOW    |     2.412 | FAST    |
B_i[1][1][1]   | C_o[3][1][2]   |     4.957 | SLOW    |     2.457 | FAST    |
B_i[1][1][1]   | C_o[3][1][3]   |     5.017 | SLOW    |     2.485 | FAST    |
B_i[1][1][1]   | C_o[3][1][4]   |     5.208 | SLOW    |     2.478 | FAST    |
B_i[1][1][1]   | C_o[3][1][5]   |     5.278 | SLOW    |     2.507 | FAST    |
B_i[1][1][1]   | C_o[3][1][6]   |     5.381 | SLOW    |     2.495 | FAST    |
B_i[1][1][1]   | C_o[3][1][7]   |     5.444 | SLOW    |     2.523 | FAST    |
B_i[1][1][1]   | C_o[3][1][8]   |     5.737 | SLOW    |     2.559 | FAST    |
B_i[1][1][2]   | C_o[0][1][2]   |     4.959 | SLOW    |     2.586 | FAST    |
B_i[1][1][2]   | C_o[0][1][3]   |     5.019 | SLOW    |     2.516 | FAST    |
B_i[1][1][2]   | C_o[0][1][4]   |     5.210 | SLOW    |     2.517 | FAST    |
B_i[1][1][2]   | C_o[0][1][5]   |     5.280 | SLOW    |     2.509 | FAST    |
B_i[1][1][2]   | C_o[0][1][6]   |     5.383 | SLOW    |     2.553 | FAST    |
B_i[1][1][2]   | C_o[0][1][7]   |     5.446 | SLOW    |     2.581 | FAST    |
B_i[1][1][2]   | C_o[0][1][8]   |     5.712 | SLOW    |     2.632 | FAST    |
B_i[1][1][2]   | C_o[1][1][2]   |     4.959 | SLOW    |     2.586 | FAST    |
B_i[1][1][2]   | C_o[1][1][3]   |     5.019 | SLOW    |     2.516 | FAST    |
B_i[1][1][2]   | C_o[1][1][4]   |     5.210 | SLOW    |     2.517 | FAST    |
B_i[1][1][2]   | C_o[1][1][5]   |     5.280 | SLOW    |     2.509 | FAST    |
B_i[1][1][2]   | C_o[1][1][6]   |     5.383 | SLOW    |     2.553 | FAST    |
B_i[1][1][2]   | C_o[1][1][7]   |     5.446 | SLOW    |     2.581 | FAST    |
B_i[1][1][2]   | C_o[1][1][8]   |     5.712 | SLOW    |     2.632 | FAST    |
B_i[1][1][2]   | C_o[2][1][2]   |     4.959 | SLOW    |     2.586 | FAST    |
B_i[1][1][2]   | C_o[2][1][3]   |     5.019 | SLOW    |     2.516 | FAST    |
B_i[1][1][2]   | C_o[2][1][4]   |     5.210 | SLOW    |     2.517 | FAST    |
B_i[1][1][2]   | C_o[2][1][5]   |     5.280 | SLOW    |     2.509 | FAST    |
B_i[1][1][2]   | C_o[2][1][6]   |     5.383 | SLOW    |     2.553 | FAST    |
B_i[1][1][2]   | C_o[2][1][7]   |     5.446 | SLOW    |     2.581 | FAST    |
B_i[1][1][2]   | C_o[2][1][8]   |     5.712 | SLOW    |     2.632 | FAST    |
B_i[1][1][2]   | C_o[3][1][2]   |     4.959 | SLOW    |     2.586 | FAST    |
B_i[1][1][2]   | C_o[3][1][3]   |     5.019 | SLOW    |     2.516 | FAST    |
B_i[1][1][2]   | C_o[3][1][4]   |     5.210 | SLOW    |     2.517 | FAST    |
B_i[1][1][2]   | C_o[3][1][5]   |     5.280 | SLOW    |     2.509 | FAST    |
B_i[1][1][2]   | C_o[3][1][6]   |     5.383 | SLOW    |     2.553 | FAST    |
B_i[1][1][2]   | C_o[3][1][7]   |     5.446 | SLOW    |     2.581 | FAST    |
B_i[1][1][2]   | C_o[3][1][8]   |     5.712 | SLOW    |     2.632 | FAST    |
B_i[1][1][3]   | C_o[0][1][3]   |     4.927 | SLOW    |     2.562 | FAST    |
B_i[1][1][3]   | C_o[0][1][4]   |     5.119 | SLOW    |     2.496 | FAST    |
B_i[1][1][3]   | C_o[0][1][5]   |     5.188 | SLOW    |     2.513 | FAST    |
B_i[1][1][3]   | C_o[0][1][6]   |     5.346 | SLOW    |     2.543 | FAST    |
B_i[1][1][3]   | C_o[0][1][7]   |     5.409 | SLOW    |     2.571 | FAST    |
B_i[1][1][3]   | C_o[0][1][8]   |     5.723 | SLOW    |     2.636 | FAST    |
B_i[1][1][3]   | C_o[1][1][3]   |     4.927 | SLOW    |     2.562 | FAST    |
B_i[1][1][3]   | C_o[1][1][4]   |     5.119 | SLOW    |     2.496 | FAST    |
B_i[1][1][3]   | C_o[1][1][5]   |     5.188 | SLOW    |     2.513 | FAST    |
B_i[1][1][3]   | C_o[1][1][6]   |     5.346 | SLOW    |     2.543 | FAST    |
B_i[1][1][3]   | C_o[1][1][7]   |     5.409 | SLOW    |     2.571 | FAST    |
B_i[1][1][3]   | C_o[1][1][8]   |     5.723 | SLOW    |     2.636 | FAST    |
B_i[1][1][3]   | C_o[2][1][3]   |     4.927 | SLOW    |     2.562 | FAST    |
B_i[1][1][3]   | C_o[2][1][4]   |     5.119 | SLOW    |     2.496 | FAST    |
B_i[1][1][3]   | C_o[2][1][5]   |     5.188 | SLOW    |     2.513 | FAST    |
B_i[1][1][3]   | C_o[2][1][6]   |     5.346 | SLOW    |     2.543 | FAST    |
B_i[1][1][3]   | C_o[2][1][7]   |     5.409 | SLOW    |     2.571 | FAST    |
B_i[1][1][3]   | C_o[2][1][8]   |     5.723 | SLOW    |     2.636 | FAST    |
B_i[1][1][3]   | C_o[3][1][3]   |     4.927 | SLOW    |     2.562 | FAST    |
B_i[1][1][3]   | C_o[3][1][4]   |     5.119 | SLOW    |     2.496 | FAST    |
B_i[1][1][3]   | C_o[3][1][5]   |     5.188 | SLOW    |     2.513 | FAST    |
B_i[1][1][3]   | C_o[3][1][6]   |     5.346 | SLOW    |     2.543 | FAST    |
B_i[1][1][3]   | C_o[3][1][7]   |     5.409 | SLOW    |     2.571 | FAST    |
B_i[1][1][3]   | C_o[3][1][8]   |     5.723 | SLOW    |     2.636 | FAST    |
B_i[1][1][4]   | C_o[0][1][4]   |     4.937 | SLOW    |     2.564 | FAST    |
B_i[1][1][4]   | C_o[0][1][5]   |     5.140 | SLOW    |     2.503 | FAST    |
B_i[1][1][4]   | C_o[0][1][6]   |     5.303 | SLOW    |     2.547 | FAST    |
B_i[1][1][4]   | C_o[0][1][7]   |     5.365 | SLOW    |     2.575 | FAST    |
B_i[1][1][4]   | C_o[0][1][8]   |     5.704 | SLOW    |     2.642 | FAST    |
B_i[1][1][4]   | C_o[1][1][4]   |     4.937 | SLOW    |     2.564 | FAST    |
B_i[1][1][4]   | C_o[1][1][5]   |     5.140 | SLOW    |     2.503 | FAST    |
B_i[1][1][4]   | C_o[1][1][6]   |     5.303 | SLOW    |     2.547 | FAST    |
B_i[1][1][4]   | C_o[1][1][7]   |     5.365 | SLOW    |     2.575 | FAST    |
B_i[1][1][4]   | C_o[1][1][8]   |     5.704 | SLOW    |     2.642 | FAST    |
B_i[1][1][4]   | C_o[2][1][4]   |     4.937 | SLOW    |     2.564 | FAST    |
B_i[1][1][4]   | C_o[2][1][5]   |     5.140 | SLOW    |     2.503 | FAST    |
B_i[1][1][4]   | C_o[2][1][6]   |     5.303 | SLOW    |     2.547 | FAST    |
B_i[1][1][4]   | C_o[2][1][7]   |     5.365 | SLOW    |     2.575 | FAST    |
B_i[1][1][4]   | C_o[2][1][8]   |     5.704 | SLOW    |     2.642 | FAST    |
B_i[1][1][4]   | C_o[3][1][4]   |     4.937 | SLOW    |     2.564 | FAST    |
B_i[1][1][4]   | C_o[3][1][5]   |     5.140 | SLOW    |     2.503 | FAST    |
B_i[1][1][4]   | C_o[3][1][6]   |     5.303 | SLOW    |     2.547 | FAST    |
B_i[1][1][4]   | C_o[3][1][7]   |     5.365 | SLOW    |     2.575 | FAST    |
B_i[1][1][4]   | C_o[3][1][8]   |     5.704 | SLOW    |     2.642 | FAST    |
B_i[1][1][5]   | C_o[0][1][5]   |     5.129 | SLOW    |     2.677 | FAST    |
B_i[1][1][5]   | C_o[0][1][6]   |     5.292 | SLOW    |     2.631 | FAST    |
B_i[1][1][5]   | C_o[0][1][7]   |     5.354 | SLOW    |     2.643 | FAST    |
B_i[1][1][5]   | C_o[0][1][8]   |     5.693 | SLOW    |     2.626 | FAST    |
B_i[1][1][5]   | C_o[1][1][5]   |     5.129 | SLOW    |     2.677 | FAST    |
B_i[1][1][5]   | C_o[1][1][6]   |     5.292 | SLOW    |     2.631 | FAST    |
B_i[1][1][5]   | C_o[1][1][7]   |     5.354 | SLOW    |     2.643 | FAST    |
B_i[1][1][5]   | C_o[1][1][8]   |     5.693 | SLOW    |     2.626 | FAST    |
B_i[1][1][5]   | C_o[2][1][5]   |     5.129 | SLOW    |     2.677 | FAST    |
B_i[1][1][5]   | C_o[2][1][6]   |     5.292 | SLOW    |     2.631 | FAST    |
B_i[1][1][5]   | C_o[2][1][7]   |     5.354 | SLOW    |     2.643 | FAST    |
B_i[1][1][5]   | C_o[2][1][8]   |     5.693 | SLOW    |     2.626 | FAST    |
B_i[1][1][5]   | C_o[3][1][5]   |     5.129 | SLOW    |     2.677 | FAST    |
B_i[1][1][5]   | C_o[3][1][6]   |     5.292 | SLOW    |     2.631 | FAST    |
B_i[1][1][5]   | C_o[3][1][7]   |     5.354 | SLOW    |     2.643 | FAST    |
B_i[1][1][5]   | C_o[3][1][8]   |     5.693 | SLOW    |     2.626 | FAST    |
B_i[1][1][6]   | C_o[0][1][6]   |     5.119 | SLOW    |     2.664 | FAST    |
B_i[1][1][6]   | C_o[0][1][7]   |     5.325 | SLOW    |     2.631 | FAST    |
B_i[1][1][6]   | C_o[0][1][8]   |     5.664 | SLOW    |     2.627 | FAST    |
B_i[1][1][6]   | C_o[1][1][6]   |     5.119 | SLOW    |     2.664 | FAST    |
B_i[1][1][6]   | C_o[1][1][7]   |     5.325 | SLOW    |     2.631 | FAST    |
B_i[1][1][6]   | C_o[1][1][8]   |     5.664 | SLOW    |     2.627 | FAST    |
B_i[1][1][6]   | C_o[2][1][6]   |     5.119 | SLOW    |     2.664 | FAST    |
B_i[1][1][6]   | C_o[2][1][7]   |     5.325 | SLOW    |     2.631 | FAST    |
B_i[1][1][6]   | C_o[2][1][8]   |     5.664 | SLOW    |     2.627 | FAST    |
B_i[1][1][6]   | C_o[3][1][6]   |     5.119 | SLOW    |     2.664 | FAST    |
B_i[1][1][6]   | C_o[3][1][7]   |     5.325 | SLOW    |     2.631 | FAST    |
B_i[1][1][6]   | C_o[3][1][8]   |     5.664 | SLOW    |     2.627 | FAST    |
B_i[1][1][7]   | C_o[0][1][7]   |     5.130 | SLOW    |     2.677 | FAST    |
B_i[1][1][7]   | C_o[0][1][8]   |     5.469 | SLOW    |     2.649 | FAST    |
B_i[1][1][7]   | C_o[1][1][7]   |     5.130 | SLOW    |     2.677 | FAST    |
B_i[1][1][7]   | C_o[1][1][8]   |     5.469 | SLOW    |     2.649 | FAST    |
B_i[1][1][7]   | C_o[2][1][7]   |     5.130 | SLOW    |     2.677 | FAST    |
B_i[1][1][7]   | C_o[2][1][8]   |     5.469 | SLOW    |     2.649 | FAST    |
B_i[1][1][7]   | C_o[3][1][7]   |     5.130 | SLOW    |     2.677 | FAST    |
B_i[1][1][7]   | C_o[3][1][8]   |     5.469 | SLOW    |     2.649 | FAST    |
B_i[1][1][8]   | C_o[0][1][8]   |     5.273 | SLOW    |     2.757 | FAST    |
B_i[1][1][8]   | C_o[1][1][8]   |     5.273 | SLOW    |     2.757 | FAST    |
B_i[1][1][8]   | C_o[2][1][8]   |     5.273 | SLOW    |     2.757 | FAST    |
B_i[1][1][8]   | C_o[3][1][8]   |     5.273 | SLOW    |     2.757 | FAST    |
B_i[1][2][0]   | C_o[0][2][0]   |     4.652 | SLOW    |     2.413 | FAST    |
B_i[1][2][0]   | C_o[0][2][1]   |     4.730 | SLOW    |     2.440 | FAST    |
B_i[1][2][0]   | C_o[0][2][2]   |     4.863 | SLOW    |     2.412 | FAST    |
B_i[1][2][0]   | C_o[0][2][3]   |     4.923 | SLOW    |     2.412 | FAST    |
B_i[1][2][0]   | C_o[0][2][4]   |     5.114 | SLOW    |     2.467 | FAST    |
B_i[1][2][0]   | C_o[0][2][5]   |     5.190 | SLOW    |     2.495 | FAST    |
B_i[1][2][0]   | C_o[0][2][6]   |     5.353 | SLOW    |     2.484 | FAST    |
B_i[1][2][0]   | C_o[0][2][7]   |     5.415 | SLOW    |     2.512 | FAST    |
B_i[1][2][0]   | C_o[0][2][8]   |     5.754 | SLOW    |     2.578 | FAST    |
B_i[1][2][0]   | C_o[1][2][0]   |     4.652 | SLOW    |     2.413 | FAST    |
B_i[1][2][0]   | C_o[1][2][1]   |     4.730 | SLOW    |     2.440 | FAST    |
B_i[1][2][0]   | C_o[1][2][2]   |     4.863 | SLOW    |     2.412 | FAST    |
B_i[1][2][0]   | C_o[1][2][3]   |     4.923 | SLOW    |     2.412 | FAST    |
B_i[1][2][0]   | C_o[1][2][4]   |     5.114 | SLOW    |     2.467 | FAST    |
B_i[1][2][0]   | C_o[1][2][5]   |     5.190 | SLOW    |     2.495 | FAST    |
B_i[1][2][0]   | C_o[1][2][6]   |     5.353 | SLOW    |     2.484 | FAST    |
B_i[1][2][0]   | C_o[1][2][7]   |     5.415 | SLOW    |     2.512 | FAST    |
B_i[1][2][0]   | C_o[1][2][8]   |     5.754 | SLOW    |     2.578 | FAST    |
B_i[1][2][0]   | C_o[2][2][0]   |     4.652 | SLOW    |     2.413 | FAST    |
B_i[1][2][0]   | C_o[2][2][1]   |     4.730 | SLOW    |     2.440 | FAST    |
B_i[1][2][0]   | C_o[2][2][2]   |     4.863 | SLOW    |     2.412 | FAST    |
B_i[1][2][0]   | C_o[2][2][3]   |     4.923 | SLOW    |     2.412 | FAST    |
B_i[1][2][0]   | C_o[2][2][4]   |     5.114 | SLOW    |     2.467 | FAST    |
B_i[1][2][0]   | C_o[2][2][5]   |     5.190 | SLOW    |     2.495 | FAST    |
B_i[1][2][0]   | C_o[2][2][6]   |     5.353 | SLOW    |     2.484 | FAST    |
B_i[1][2][0]   | C_o[2][2][7]   |     5.415 | SLOW    |     2.512 | FAST    |
B_i[1][2][0]   | C_o[2][2][8]   |     5.754 | SLOW    |     2.578 | FAST    |
B_i[1][2][0]   | C_o[3][2][0]   |     4.652 | SLOW    |     2.413 | FAST    |
B_i[1][2][0]   | C_o[3][2][1]   |     4.730 | SLOW    |     2.440 | FAST    |
B_i[1][2][0]   | C_o[3][2][2]   |     4.863 | SLOW    |     2.412 | FAST    |
B_i[1][2][0]   | C_o[3][2][3]   |     4.923 | SLOW    |     2.412 | FAST    |
B_i[1][2][0]   | C_o[3][2][4]   |     5.114 | SLOW    |     2.467 | FAST    |
B_i[1][2][0]   | C_o[3][2][5]   |     5.190 | SLOW    |     2.495 | FAST    |
B_i[1][2][0]   | C_o[3][2][6]   |     5.353 | SLOW    |     2.484 | FAST    |
B_i[1][2][0]   | C_o[3][2][7]   |     5.415 | SLOW    |     2.512 | FAST    |
B_i[1][2][0]   | C_o[3][2][8]   |     5.754 | SLOW    |     2.578 | FAST    |
B_i[1][2][1]   | C_o[0][2][1]   |     4.647 | SLOW    |     2.412 | FAST    |
B_i[1][2][1]   | C_o[0][2][2]   |     4.957 | SLOW    |     2.457 | FAST    |
B_i[1][2][1]   | C_o[0][2][3]   |     5.017 | SLOW    |     2.485 | FAST    |
B_i[1][2][1]   | C_o[0][2][4]   |     5.208 | SLOW    |     2.478 | FAST    |
B_i[1][2][1]   | C_o[0][2][5]   |     5.278 | SLOW    |     2.507 | FAST    |
B_i[1][2][1]   | C_o[0][2][6]   |     5.381 | SLOW    |     2.495 | FAST    |
B_i[1][2][1]   | C_o[0][2][7]   |     5.444 | SLOW    |     2.523 | FAST    |
B_i[1][2][1]   | C_o[0][2][8]   |     5.737 | SLOW    |     2.559 | FAST    |
B_i[1][2][1]   | C_o[1][2][1]   |     4.647 | SLOW    |     2.412 | FAST    |
B_i[1][2][1]   | C_o[1][2][2]   |     4.957 | SLOW    |     2.457 | FAST    |
B_i[1][2][1]   | C_o[1][2][3]   |     5.017 | SLOW    |     2.485 | FAST    |
B_i[1][2][1]   | C_o[1][2][4]   |     5.208 | SLOW    |     2.478 | FAST    |
B_i[1][2][1]   | C_o[1][2][5]   |     5.278 | SLOW    |     2.507 | FAST    |
B_i[1][2][1]   | C_o[1][2][6]   |     5.381 | SLOW    |     2.495 | FAST    |
B_i[1][2][1]   | C_o[1][2][7]   |     5.444 | SLOW    |     2.523 | FAST    |
B_i[1][2][1]   | C_o[1][2][8]   |     5.737 | SLOW    |     2.559 | FAST    |
B_i[1][2][1]   | C_o[2][2][1]   |     4.647 | SLOW    |     2.412 | FAST    |
B_i[1][2][1]   | C_o[2][2][2]   |     4.957 | SLOW    |     2.457 | FAST    |
B_i[1][2][1]   | C_o[2][2][3]   |     5.017 | SLOW    |     2.485 | FAST    |
B_i[1][2][1]   | C_o[2][2][4]   |     5.208 | SLOW    |     2.478 | FAST    |
B_i[1][2][1]   | C_o[2][2][5]   |     5.278 | SLOW    |     2.507 | FAST    |
B_i[1][2][1]   | C_o[2][2][6]   |     5.381 | SLOW    |     2.495 | FAST    |
B_i[1][2][1]   | C_o[2][2][7]   |     5.444 | SLOW    |     2.523 | FAST    |
B_i[1][2][1]   | C_o[2][2][8]   |     5.737 | SLOW    |     2.559 | FAST    |
B_i[1][2][1]   | C_o[3][2][1]   |     4.647 | SLOW    |     2.412 | FAST    |
B_i[1][2][1]   | C_o[3][2][2]   |     4.957 | SLOW    |     2.457 | FAST    |
B_i[1][2][1]   | C_o[3][2][3]   |     5.017 | SLOW    |     2.485 | FAST    |
B_i[1][2][1]   | C_o[3][2][4]   |     5.208 | SLOW    |     2.478 | FAST    |
B_i[1][2][1]   | C_o[3][2][5]   |     5.278 | SLOW    |     2.507 | FAST    |
B_i[1][2][1]   | C_o[3][2][6]   |     5.381 | SLOW    |     2.495 | FAST    |
B_i[1][2][1]   | C_o[3][2][7]   |     5.444 | SLOW    |     2.523 | FAST    |
B_i[1][2][1]   | C_o[3][2][8]   |     5.737 | SLOW    |     2.559 | FAST    |
B_i[1][2][2]   | C_o[0][2][2]   |     4.959 | SLOW    |     2.586 | FAST    |
B_i[1][2][2]   | C_o[0][2][3]   |     5.019 | SLOW    |     2.516 | FAST    |
B_i[1][2][2]   | C_o[0][2][4]   |     5.210 | SLOW    |     2.517 | FAST    |
B_i[1][2][2]   | C_o[0][2][5]   |     5.280 | SLOW    |     2.509 | FAST    |
B_i[1][2][2]   | C_o[0][2][6]   |     5.383 | SLOW    |     2.553 | FAST    |
B_i[1][2][2]   | C_o[0][2][7]   |     5.446 | SLOW    |     2.581 | FAST    |
B_i[1][2][2]   | C_o[0][2][8]   |     5.712 | SLOW    |     2.632 | FAST    |
B_i[1][2][2]   | C_o[1][2][2]   |     4.959 | SLOW    |     2.586 | FAST    |
B_i[1][2][2]   | C_o[1][2][3]   |     5.019 | SLOW    |     2.516 | FAST    |
B_i[1][2][2]   | C_o[1][2][4]   |     5.210 | SLOW    |     2.517 | FAST    |
B_i[1][2][2]   | C_o[1][2][5]   |     5.280 | SLOW    |     2.509 | FAST    |
B_i[1][2][2]   | C_o[1][2][6]   |     5.383 | SLOW    |     2.553 | FAST    |
B_i[1][2][2]   | C_o[1][2][7]   |     5.446 | SLOW    |     2.581 | FAST    |
B_i[1][2][2]   | C_o[1][2][8]   |     5.712 | SLOW    |     2.632 | FAST    |
B_i[1][2][2]   | C_o[2][2][2]   |     4.959 | SLOW    |     2.586 | FAST    |
B_i[1][2][2]   | C_o[2][2][3]   |     5.019 | SLOW    |     2.516 | FAST    |
B_i[1][2][2]   | C_o[2][2][4]   |     5.210 | SLOW    |     2.517 | FAST    |
B_i[1][2][2]   | C_o[2][2][5]   |     5.280 | SLOW    |     2.509 | FAST    |
B_i[1][2][2]   | C_o[2][2][6]   |     5.383 | SLOW    |     2.553 | FAST    |
B_i[1][2][2]   | C_o[2][2][7]   |     5.446 | SLOW    |     2.581 | FAST    |
B_i[1][2][2]   | C_o[2][2][8]   |     5.712 | SLOW    |     2.632 | FAST    |
B_i[1][2][2]   | C_o[3][2][2]   |     4.959 | SLOW    |     2.586 | FAST    |
B_i[1][2][2]   | C_o[3][2][3]   |     5.019 | SLOW    |     2.516 | FAST    |
B_i[1][2][2]   | C_o[3][2][4]   |     5.210 | SLOW    |     2.517 | FAST    |
B_i[1][2][2]   | C_o[3][2][5]   |     5.280 | SLOW    |     2.509 | FAST    |
B_i[1][2][2]   | C_o[3][2][6]   |     5.383 | SLOW    |     2.553 | FAST    |
B_i[1][2][2]   | C_o[3][2][7]   |     5.446 | SLOW    |     2.581 | FAST    |
B_i[1][2][2]   | C_o[3][2][8]   |     5.712 | SLOW    |     2.632 | FAST    |
B_i[1][2][3]   | C_o[0][2][3]   |     4.927 | SLOW    |     2.562 | FAST    |
B_i[1][2][3]   | C_o[0][2][4]   |     5.119 | SLOW    |     2.496 | FAST    |
B_i[1][2][3]   | C_o[0][2][5]   |     5.188 | SLOW    |     2.513 | FAST    |
B_i[1][2][3]   | C_o[0][2][6]   |     5.346 | SLOW    |     2.543 | FAST    |
B_i[1][2][3]   | C_o[0][2][7]   |     5.409 | SLOW    |     2.571 | FAST    |
B_i[1][2][3]   | C_o[0][2][8]   |     5.723 | SLOW    |     2.636 | FAST    |
B_i[1][2][3]   | C_o[1][2][3]   |     4.927 | SLOW    |     2.562 | FAST    |
B_i[1][2][3]   | C_o[1][2][4]   |     5.119 | SLOW    |     2.496 | FAST    |
B_i[1][2][3]   | C_o[1][2][5]   |     5.188 | SLOW    |     2.513 | FAST    |
B_i[1][2][3]   | C_o[1][2][6]   |     5.346 | SLOW    |     2.543 | FAST    |
B_i[1][2][3]   | C_o[1][2][7]   |     5.409 | SLOW    |     2.571 | FAST    |
B_i[1][2][3]   | C_o[1][2][8]   |     5.723 | SLOW    |     2.636 | FAST    |
B_i[1][2][3]   | C_o[2][2][3]   |     4.927 | SLOW    |     2.562 | FAST    |
B_i[1][2][3]   | C_o[2][2][4]   |     5.119 | SLOW    |     2.496 | FAST    |
B_i[1][2][3]   | C_o[2][2][5]   |     5.188 | SLOW    |     2.513 | FAST    |
B_i[1][2][3]   | C_o[2][2][6]   |     5.346 | SLOW    |     2.543 | FAST    |
B_i[1][2][3]   | C_o[2][2][7]   |     5.409 | SLOW    |     2.571 | FAST    |
B_i[1][2][3]   | C_o[2][2][8]   |     5.723 | SLOW    |     2.636 | FAST    |
B_i[1][2][3]   | C_o[3][2][3]   |     4.927 | SLOW    |     2.562 | FAST    |
B_i[1][2][3]   | C_o[3][2][4]   |     5.119 | SLOW    |     2.496 | FAST    |
B_i[1][2][3]   | C_o[3][2][5]   |     5.188 | SLOW    |     2.513 | FAST    |
B_i[1][2][3]   | C_o[3][2][6]   |     5.346 | SLOW    |     2.543 | FAST    |
B_i[1][2][3]   | C_o[3][2][7]   |     5.409 | SLOW    |     2.571 | FAST    |
B_i[1][2][3]   | C_o[3][2][8]   |     5.723 | SLOW    |     2.636 | FAST    |
B_i[1][2][4]   | C_o[0][2][4]   |     4.937 | SLOW    |     2.564 | FAST    |
B_i[1][2][4]   | C_o[0][2][5]   |     5.140 | SLOW    |     2.503 | FAST    |
B_i[1][2][4]   | C_o[0][2][6]   |     5.303 | SLOW    |     2.547 | FAST    |
B_i[1][2][4]   | C_o[0][2][7]   |     5.365 | SLOW    |     2.575 | FAST    |
B_i[1][2][4]   | C_o[0][2][8]   |     5.704 | SLOW    |     2.642 | FAST    |
B_i[1][2][4]   | C_o[1][2][4]   |     4.937 | SLOW    |     2.564 | FAST    |
B_i[1][2][4]   | C_o[1][2][5]   |     5.140 | SLOW    |     2.503 | FAST    |
B_i[1][2][4]   | C_o[1][2][6]   |     5.303 | SLOW    |     2.547 | FAST    |
B_i[1][2][4]   | C_o[1][2][7]   |     5.365 | SLOW    |     2.575 | FAST    |
B_i[1][2][4]   | C_o[1][2][8]   |     5.704 | SLOW    |     2.642 | FAST    |
B_i[1][2][4]   | C_o[2][2][4]   |     4.937 | SLOW    |     2.564 | FAST    |
B_i[1][2][4]   | C_o[2][2][5]   |     5.140 | SLOW    |     2.503 | FAST    |
B_i[1][2][4]   | C_o[2][2][6]   |     5.303 | SLOW    |     2.547 | FAST    |
B_i[1][2][4]   | C_o[2][2][7]   |     5.365 | SLOW    |     2.575 | FAST    |
B_i[1][2][4]   | C_o[2][2][8]   |     5.704 | SLOW    |     2.642 | FAST    |
B_i[1][2][4]   | C_o[3][2][4]   |     4.937 | SLOW    |     2.564 | FAST    |
B_i[1][2][4]   | C_o[3][2][5]   |     5.140 | SLOW    |     2.503 | FAST    |
B_i[1][2][4]   | C_o[3][2][6]   |     5.303 | SLOW    |     2.547 | FAST    |
B_i[1][2][4]   | C_o[3][2][7]   |     5.365 | SLOW    |     2.575 | FAST    |
B_i[1][2][4]   | C_o[3][2][8]   |     5.704 | SLOW    |     2.642 | FAST    |
B_i[1][2][5]   | C_o[0][2][5]   |     5.129 | SLOW    |     2.677 | FAST    |
B_i[1][2][5]   | C_o[0][2][6]   |     5.292 | SLOW    |     2.631 | FAST    |
B_i[1][2][5]   | C_o[0][2][7]   |     5.354 | SLOW    |     2.643 | FAST    |
B_i[1][2][5]   | C_o[0][2][8]   |     5.693 | SLOW    |     2.626 | FAST    |
B_i[1][2][5]   | C_o[1][2][5]   |     5.129 | SLOW    |     2.677 | FAST    |
B_i[1][2][5]   | C_o[1][2][6]   |     5.292 | SLOW    |     2.631 | FAST    |
B_i[1][2][5]   | C_o[1][2][7]   |     5.354 | SLOW    |     2.643 | FAST    |
B_i[1][2][5]   | C_o[1][2][8]   |     5.693 | SLOW    |     2.626 | FAST    |
B_i[1][2][5]   | C_o[2][2][5]   |     5.129 | SLOW    |     2.677 | FAST    |
B_i[1][2][5]   | C_o[2][2][6]   |     5.292 | SLOW    |     2.631 | FAST    |
B_i[1][2][5]   | C_o[2][2][7]   |     5.354 | SLOW    |     2.643 | FAST    |
B_i[1][2][5]   | C_o[2][2][8]   |     5.693 | SLOW    |     2.626 | FAST    |
B_i[1][2][5]   | C_o[3][2][5]   |     5.129 | SLOW    |     2.677 | FAST    |
B_i[1][2][5]   | C_o[3][2][6]   |     5.292 | SLOW    |     2.631 | FAST    |
B_i[1][2][5]   | C_o[3][2][7]   |     5.354 | SLOW    |     2.643 | FAST    |
B_i[1][2][5]   | C_o[3][2][8]   |     5.693 | SLOW    |     2.626 | FAST    |
B_i[1][2][6]   | C_o[0][2][6]   |     5.119 | SLOW    |     2.664 | FAST    |
B_i[1][2][6]   | C_o[0][2][7]   |     5.325 | SLOW    |     2.631 | FAST    |
B_i[1][2][6]   | C_o[0][2][8]   |     5.664 | SLOW    |     2.627 | FAST    |
B_i[1][2][6]   | C_o[1][2][6]   |     5.119 | SLOW    |     2.664 | FAST    |
B_i[1][2][6]   | C_o[1][2][7]   |     5.325 | SLOW    |     2.631 | FAST    |
B_i[1][2][6]   | C_o[1][2][8]   |     5.664 | SLOW    |     2.627 | FAST    |
B_i[1][2][6]   | C_o[2][2][6]   |     5.119 | SLOW    |     2.664 | FAST    |
B_i[1][2][6]   | C_o[2][2][7]   |     5.325 | SLOW    |     2.631 | FAST    |
B_i[1][2][6]   | C_o[2][2][8]   |     5.664 | SLOW    |     2.627 | FAST    |
B_i[1][2][6]   | C_o[3][2][6]   |     5.119 | SLOW    |     2.664 | FAST    |
B_i[1][2][6]   | C_o[3][2][7]   |     5.325 | SLOW    |     2.631 | FAST    |
B_i[1][2][6]   | C_o[3][2][8]   |     5.664 | SLOW    |     2.627 | FAST    |
B_i[1][2][7]   | C_o[0][2][7]   |     5.130 | SLOW    |     2.677 | FAST    |
B_i[1][2][7]   | C_o[0][2][8]   |     5.469 | SLOW    |     2.649 | FAST    |
B_i[1][2][7]   | C_o[1][2][7]   |     5.130 | SLOW    |     2.677 | FAST    |
B_i[1][2][7]   | C_o[1][2][8]   |     5.469 | SLOW    |     2.649 | FAST    |
B_i[1][2][7]   | C_o[2][2][7]   |     5.130 | SLOW    |     2.677 | FAST    |
B_i[1][2][7]   | C_o[2][2][8]   |     5.469 | SLOW    |     2.649 | FAST    |
B_i[1][2][7]   | C_o[3][2][7]   |     5.130 | SLOW    |     2.677 | FAST    |
B_i[1][2][7]   | C_o[3][2][8]   |     5.469 | SLOW    |     2.649 | FAST    |
B_i[1][2][8]   | C_o[0][2][8]   |     5.273 | SLOW    |     2.757 | FAST    |
B_i[1][2][8]   | C_o[1][2][8]   |     5.273 | SLOW    |     2.757 | FAST    |
B_i[1][2][8]   | C_o[2][2][8]   |     5.273 | SLOW    |     2.757 | FAST    |
B_i[1][2][8]   | C_o[3][2][8]   |     5.273 | SLOW    |     2.757 | FAST    |
B_i[1][3][0]   | C_o[0][3][0]   |     4.652 | SLOW    |     2.413 | FAST    |
B_i[1][3][0]   | C_o[0][3][1]   |     4.730 | SLOW    |     2.440 | FAST    |
B_i[1][3][0]   | C_o[0][3][2]   |     4.863 | SLOW    |     2.412 | FAST    |
B_i[1][3][0]   | C_o[0][3][3]   |     4.923 | SLOW    |     2.412 | FAST    |
B_i[1][3][0]   | C_o[0][3][4]   |     5.114 | SLOW    |     2.467 | FAST    |
B_i[1][3][0]   | C_o[0][3][5]   |     5.190 | SLOW    |     2.495 | FAST    |
B_i[1][3][0]   | C_o[0][3][6]   |     5.353 | SLOW    |     2.484 | FAST    |
B_i[1][3][0]   | C_o[0][3][7]   |     5.415 | SLOW    |     2.512 | FAST    |
B_i[1][3][0]   | C_o[0][3][8]   |     5.754 | SLOW    |     2.578 | FAST    |
B_i[1][3][0]   | C_o[1][3][0]   |     4.652 | SLOW    |     2.413 | FAST    |
B_i[1][3][0]   | C_o[1][3][1]   |     4.730 | SLOW    |     2.440 | FAST    |
B_i[1][3][0]   | C_o[1][3][2]   |     4.863 | SLOW    |     2.412 | FAST    |
B_i[1][3][0]   | C_o[1][3][3]   |     4.923 | SLOW    |     2.412 | FAST    |
B_i[1][3][0]   | C_o[1][3][4]   |     5.114 | SLOW    |     2.467 | FAST    |
B_i[1][3][0]   | C_o[1][3][5]   |     5.190 | SLOW    |     2.495 | FAST    |
B_i[1][3][0]   | C_o[1][3][6]   |     5.353 | SLOW    |     2.484 | FAST    |
B_i[1][3][0]   | C_o[1][3][7]   |     5.415 | SLOW    |     2.512 | FAST    |
B_i[1][3][0]   | C_o[1][3][8]   |     5.754 | SLOW    |     2.578 | FAST    |
B_i[1][3][0]   | C_o[2][3][0]   |     4.652 | SLOW    |     2.413 | FAST    |
B_i[1][3][0]   | C_o[2][3][1]   |     4.730 | SLOW    |     2.440 | FAST    |
B_i[1][3][0]   | C_o[2][3][2]   |     4.863 | SLOW    |     2.412 | FAST    |
B_i[1][3][0]   | C_o[2][3][3]   |     4.923 | SLOW    |     2.412 | FAST    |
B_i[1][3][0]   | C_o[2][3][4]   |     5.114 | SLOW    |     2.467 | FAST    |
B_i[1][3][0]   | C_o[2][3][5]   |     5.190 | SLOW    |     2.495 | FAST    |
B_i[1][3][0]   | C_o[2][3][6]   |     5.353 | SLOW    |     2.484 | FAST    |
B_i[1][3][0]   | C_o[2][3][7]   |     5.415 | SLOW    |     2.512 | FAST    |
B_i[1][3][0]   | C_o[2][3][8]   |     5.754 | SLOW    |     2.578 | FAST    |
B_i[1][3][0]   | C_o[3][3][0]   |     4.652 | SLOW    |     2.413 | FAST    |
B_i[1][3][0]   | C_o[3][3][1]   |     4.730 | SLOW    |     2.440 | FAST    |
B_i[1][3][0]   | C_o[3][3][2]   |     4.863 | SLOW    |     2.412 | FAST    |
B_i[1][3][0]   | C_o[3][3][3]   |     4.923 | SLOW    |     2.412 | FAST    |
B_i[1][3][0]   | C_o[3][3][4]   |     5.114 | SLOW    |     2.467 | FAST    |
B_i[1][3][0]   | C_o[3][3][5]   |     5.190 | SLOW    |     2.495 | FAST    |
B_i[1][3][0]   | C_o[3][3][6]   |     5.353 | SLOW    |     2.484 | FAST    |
B_i[1][3][0]   | C_o[3][3][7]   |     5.415 | SLOW    |     2.512 | FAST    |
B_i[1][3][0]   | C_o[3][3][8]   |     5.754 | SLOW    |     2.578 | FAST    |
B_i[1][3][1]   | C_o[0][3][1]   |     4.647 | SLOW    |     2.412 | FAST    |
B_i[1][3][1]   | C_o[0][3][2]   |     4.957 | SLOW    |     2.457 | FAST    |
B_i[1][3][1]   | C_o[0][3][3]   |     5.017 | SLOW    |     2.485 | FAST    |
B_i[1][3][1]   | C_o[0][3][4]   |     5.208 | SLOW    |     2.478 | FAST    |
B_i[1][3][1]   | C_o[0][3][5]   |     5.278 | SLOW    |     2.507 | FAST    |
B_i[1][3][1]   | C_o[0][3][6]   |     5.381 | SLOW    |     2.495 | FAST    |
B_i[1][3][1]   | C_o[0][3][7]   |     5.444 | SLOW    |     2.523 | FAST    |
B_i[1][3][1]   | C_o[0][3][8]   |     5.737 | SLOW    |     2.559 | FAST    |
B_i[1][3][1]   | C_o[1][3][1]   |     4.647 | SLOW    |     2.412 | FAST    |
B_i[1][3][1]   | C_o[1][3][2]   |     4.957 | SLOW    |     2.457 | FAST    |
B_i[1][3][1]   | C_o[1][3][3]   |     5.017 | SLOW    |     2.485 | FAST    |
B_i[1][3][1]   | C_o[1][3][4]   |     5.208 | SLOW    |     2.478 | FAST    |
B_i[1][3][1]   | C_o[1][3][5]   |     5.278 | SLOW    |     2.507 | FAST    |
B_i[1][3][1]   | C_o[1][3][6]   |     5.381 | SLOW    |     2.495 | FAST    |
B_i[1][3][1]   | C_o[1][3][7]   |     5.444 | SLOW    |     2.523 | FAST    |
B_i[1][3][1]   | C_o[1][3][8]   |     5.737 | SLOW    |     2.559 | FAST    |
B_i[1][3][1]   | C_o[2][3][1]   |     4.647 | SLOW    |     2.412 | FAST    |
B_i[1][3][1]   | C_o[2][3][2]   |     4.957 | SLOW    |     2.457 | FAST    |
B_i[1][3][1]   | C_o[2][3][3]   |     5.017 | SLOW    |     2.485 | FAST    |
B_i[1][3][1]   | C_o[2][3][4]   |     5.208 | SLOW    |     2.478 | FAST    |
B_i[1][3][1]   | C_o[2][3][5]   |     5.278 | SLOW    |     2.507 | FAST    |
B_i[1][3][1]   | C_o[2][3][6]   |     5.381 | SLOW    |     2.495 | FAST    |
B_i[1][3][1]   | C_o[2][3][7]   |     5.444 | SLOW    |     2.523 | FAST    |
B_i[1][3][1]   | C_o[2][3][8]   |     5.737 | SLOW    |     2.559 | FAST    |
B_i[1][3][1]   | C_o[3][3][1]   |     4.647 | SLOW    |     2.412 | FAST    |
B_i[1][3][1]   | C_o[3][3][2]   |     4.957 | SLOW    |     2.457 | FAST    |
B_i[1][3][1]   | C_o[3][3][3]   |     5.017 | SLOW    |     2.485 | FAST    |
B_i[1][3][1]   | C_o[3][3][4]   |     5.208 | SLOW    |     2.478 | FAST    |
B_i[1][3][1]   | C_o[3][3][5]   |     5.278 | SLOW    |     2.507 | FAST    |
B_i[1][3][1]   | C_o[3][3][6]   |     5.381 | SLOW    |     2.495 | FAST    |
B_i[1][3][1]   | C_o[3][3][7]   |     5.444 | SLOW    |     2.523 | FAST    |
B_i[1][3][1]   | C_o[3][3][8]   |     5.737 | SLOW    |     2.559 | FAST    |
B_i[1][3][2]   | C_o[0][3][2]   |     4.959 | SLOW    |     2.586 | FAST    |
B_i[1][3][2]   | C_o[0][3][3]   |     5.019 | SLOW    |     2.516 | FAST    |
B_i[1][3][2]   | C_o[0][3][4]   |     5.210 | SLOW    |     2.517 | FAST    |
B_i[1][3][2]   | C_o[0][3][5]   |     5.280 | SLOW    |     2.509 | FAST    |
B_i[1][3][2]   | C_o[0][3][6]   |     5.383 | SLOW    |     2.553 | FAST    |
B_i[1][3][2]   | C_o[0][3][7]   |     5.446 | SLOW    |     2.581 | FAST    |
B_i[1][3][2]   | C_o[0][3][8]   |     5.712 | SLOW    |     2.632 | FAST    |
B_i[1][3][2]   | C_o[1][3][2]   |     4.959 | SLOW    |     2.586 | FAST    |
B_i[1][3][2]   | C_o[1][3][3]   |     5.019 | SLOW    |     2.516 | FAST    |
B_i[1][3][2]   | C_o[1][3][4]   |     5.210 | SLOW    |     2.517 | FAST    |
B_i[1][3][2]   | C_o[1][3][5]   |     5.280 | SLOW    |     2.509 | FAST    |
B_i[1][3][2]   | C_o[1][3][6]   |     5.383 | SLOW    |     2.553 | FAST    |
B_i[1][3][2]   | C_o[1][3][7]   |     5.446 | SLOW    |     2.581 | FAST    |
B_i[1][3][2]   | C_o[1][3][8]   |     5.712 | SLOW    |     2.632 | FAST    |
B_i[1][3][2]   | C_o[2][3][2]   |     4.959 | SLOW    |     2.586 | FAST    |
B_i[1][3][2]   | C_o[2][3][3]   |     5.019 | SLOW    |     2.516 | FAST    |
B_i[1][3][2]   | C_o[2][3][4]   |     5.210 | SLOW    |     2.517 | FAST    |
B_i[1][3][2]   | C_o[2][3][5]   |     5.280 | SLOW    |     2.509 | FAST    |
B_i[1][3][2]   | C_o[2][3][6]   |     5.383 | SLOW    |     2.553 | FAST    |
B_i[1][3][2]   | C_o[2][3][7]   |     5.446 | SLOW    |     2.581 | FAST    |
B_i[1][3][2]   | C_o[2][3][8]   |     5.712 | SLOW    |     2.632 | FAST    |
B_i[1][3][2]   | C_o[3][3][2]   |     4.959 | SLOW    |     2.586 | FAST    |
B_i[1][3][2]   | C_o[3][3][3]   |     5.019 | SLOW    |     2.516 | FAST    |
B_i[1][3][2]   | C_o[3][3][4]   |     5.210 | SLOW    |     2.517 | FAST    |
B_i[1][3][2]   | C_o[3][3][5]   |     5.280 | SLOW    |     2.509 | FAST    |
B_i[1][3][2]   | C_o[3][3][6]   |     5.383 | SLOW    |     2.553 | FAST    |
B_i[1][3][2]   | C_o[3][3][7]   |     5.446 | SLOW    |     2.581 | FAST    |
B_i[1][3][2]   | C_o[3][3][8]   |     5.712 | SLOW    |     2.632 | FAST    |
B_i[1][3][3]   | C_o[0][3][3]   |     4.927 | SLOW    |     2.562 | FAST    |
B_i[1][3][3]   | C_o[0][3][4]   |     5.119 | SLOW    |     2.496 | FAST    |
B_i[1][3][3]   | C_o[0][3][5]   |     5.188 | SLOW    |     2.513 | FAST    |
B_i[1][3][3]   | C_o[0][3][6]   |     5.346 | SLOW    |     2.543 | FAST    |
B_i[1][3][3]   | C_o[0][3][7]   |     5.409 | SLOW    |     2.571 | FAST    |
B_i[1][3][3]   | C_o[0][3][8]   |     5.723 | SLOW    |     2.636 | FAST    |
B_i[1][3][3]   | C_o[1][3][3]   |     4.927 | SLOW    |     2.562 | FAST    |
B_i[1][3][3]   | C_o[1][3][4]   |     5.119 | SLOW    |     2.496 | FAST    |
B_i[1][3][3]   | C_o[1][3][5]   |     5.188 | SLOW    |     2.513 | FAST    |
B_i[1][3][3]   | C_o[1][3][6]   |     5.346 | SLOW    |     2.543 | FAST    |
B_i[1][3][3]   | C_o[1][3][7]   |     5.409 | SLOW    |     2.571 | FAST    |
B_i[1][3][3]   | C_o[1][3][8]   |     5.723 | SLOW    |     2.636 | FAST    |
B_i[1][3][3]   | C_o[2][3][3]   |     4.927 | SLOW    |     2.562 | FAST    |
B_i[1][3][3]   | C_o[2][3][4]   |     5.119 | SLOW    |     2.496 | FAST    |
B_i[1][3][3]   | C_o[2][3][5]   |     5.188 | SLOW    |     2.513 | FAST    |
B_i[1][3][3]   | C_o[2][3][6]   |     5.346 | SLOW    |     2.543 | FAST    |
B_i[1][3][3]   | C_o[2][3][7]   |     5.409 | SLOW    |     2.571 | FAST    |
B_i[1][3][3]   | C_o[2][3][8]   |     5.723 | SLOW    |     2.636 | FAST    |
B_i[1][3][3]   | C_o[3][3][3]   |     4.927 | SLOW    |     2.562 | FAST    |
B_i[1][3][3]   | C_o[3][3][4]   |     5.119 | SLOW    |     2.496 | FAST    |
B_i[1][3][3]   | C_o[3][3][5]   |     5.188 | SLOW    |     2.513 | FAST    |
B_i[1][3][3]   | C_o[3][3][6]   |     5.346 | SLOW    |     2.543 | FAST    |
B_i[1][3][3]   | C_o[3][3][7]   |     5.409 | SLOW    |     2.571 | FAST    |
B_i[1][3][3]   | C_o[3][3][8]   |     5.723 | SLOW    |     2.636 | FAST    |
B_i[1][3][4]   | C_o[0][3][4]   |     4.937 | SLOW    |     2.564 | FAST    |
B_i[1][3][4]   | C_o[0][3][5]   |     5.140 | SLOW    |     2.503 | FAST    |
B_i[1][3][4]   | C_o[0][3][6]   |     5.303 | SLOW    |     2.547 | FAST    |
B_i[1][3][4]   | C_o[0][3][7]   |     5.365 | SLOW    |     2.575 | FAST    |
B_i[1][3][4]   | C_o[0][3][8]   |     5.704 | SLOW    |     2.642 | FAST    |
B_i[1][3][4]   | C_o[1][3][4]   |     4.937 | SLOW    |     2.564 | FAST    |
B_i[1][3][4]   | C_o[1][3][5]   |     5.140 | SLOW    |     2.503 | FAST    |
B_i[1][3][4]   | C_o[1][3][6]   |     5.303 | SLOW    |     2.547 | FAST    |
B_i[1][3][4]   | C_o[1][3][7]   |     5.365 | SLOW    |     2.575 | FAST    |
B_i[1][3][4]   | C_o[1][3][8]   |     5.704 | SLOW    |     2.642 | FAST    |
B_i[1][3][4]   | C_o[2][3][4]   |     4.937 | SLOW    |     2.564 | FAST    |
B_i[1][3][4]   | C_o[2][3][5]   |     5.140 | SLOW    |     2.503 | FAST    |
B_i[1][3][4]   | C_o[2][3][6]   |     5.303 | SLOW    |     2.547 | FAST    |
B_i[1][3][4]   | C_o[2][3][7]   |     5.365 | SLOW    |     2.575 | FAST    |
B_i[1][3][4]   | C_o[2][3][8]   |     5.704 | SLOW    |     2.642 | FAST    |
B_i[1][3][4]   | C_o[3][3][4]   |     4.937 | SLOW    |     2.564 | FAST    |
B_i[1][3][4]   | C_o[3][3][5]   |     5.140 | SLOW    |     2.503 | FAST    |
B_i[1][3][4]   | C_o[3][3][6]   |     5.303 | SLOW    |     2.547 | FAST    |
B_i[1][3][4]   | C_o[3][3][7]   |     5.365 | SLOW    |     2.575 | FAST    |
B_i[1][3][4]   | C_o[3][3][8]   |     5.704 | SLOW    |     2.642 | FAST    |
B_i[1][3][5]   | C_o[0][3][5]   |     5.129 | SLOW    |     2.677 | FAST    |
B_i[1][3][5]   | C_o[0][3][6]   |     5.292 | SLOW    |     2.631 | FAST    |
B_i[1][3][5]   | C_o[0][3][7]   |     5.354 | SLOW    |     2.643 | FAST    |
B_i[1][3][5]   | C_o[0][3][8]   |     5.693 | SLOW    |     2.626 | FAST    |
B_i[1][3][5]   | C_o[1][3][5]   |     5.129 | SLOW    |     2.677 | FAST    |
B_i[1][3][5]   | C_o[1][3][6]   |     5.292 | SLOW    |     2.631 | FAST    |
B_i[1][3][5]   | C_o[1][3][7]   |     5.354 | SLOW    |     2.643 | FAST    |
B_i[1][3][5]   | C_o[1][3][8]   |     5.693 | SLOW    |     2.626 | FAST    |
B_i[1][3][5]   | C_o[2][3][5]   |     5.129 | SLOW    |     2.677 | FAST    |
B_i[1][3][5]   | C_o[2][3][6]   |     5.292 | SLOW    |     2.631 | FAST    |
B_i[1][3][5]   | C_o[2][3][7]   |     5.354 | SLOW    |     2.643 | FAST    |
B_i[1][3][5]   | C_o[2][3][8]   |     5.693 | SLOW    |     2.626 | FAST    |
B_i[1][3][5]   | C_o[3][3][5]   |     5.129 | SLOW    |     2.677 | FAST    |
B_i[1][3][5]   | C_o[3][3][6]   |     5.292 | SLOW    |     2.631 | FAST    |
B_i[1][3][5]   | C_o[3][3][7]   |     5.354 | SLOW    |     2.643 | FAST    |
B_i[1][3][5]   | C_o[3][3][8]   |     5.693 | SLOW    |     2.626 | FAST    |
B_i[1][3][6]   | C_o[0][3][6]   |     5.119 | SLOW    |     2.664 | FAST    |
B_i[1][3][6]   | C_o[0][3][7]   |     5.325 | SLOW    |     2.631 | FAST    |
B_i[1][3][6]   | C_o[0][3][8]   |     5.664 | SLOW    |     2.627 | FAST    |
B_i[1][3][6]   | C_o[1][3][6]   |     5.119 | SLOW    |     2.664 | FAST    |
B_i[1][3][6]   | C_o[1][3][7]   |     5.325 | SLOW    |     2.631 | FAST    |
B_i[1][3][6]   | C_o[1][3][8]   |     5.664 | SLOW    |     2.627 | FAST    |
B_i[1][3][6]   | C_o[2][3][6]   |     5.119 | SLOW    |     2.664 | FAST    |
B_i[1][3][6]   | C_o[2][3][7]   |     5.325 | SLOW    |     2.631 | FAST    |
B_i[1][3][6]   | C_o[2][3][8]   |     5.664 | SLOW    |     2.627 | FAST    |
B_i[1][3][6]   | C_o[3][3][6]   |     5.119 | SLOW    |     2.664 | FAST    |
B_i[1][3][6]   | C_o[3][3][7]   |     5.325 | SLOW    |     2.631 | FAST    |
B_i[1][3][6]   | C_o[3][3][8]   |     5.664 | SLOW    |     2.627 | FAST    |
B_i[1][3][7]   | C_o[0][3][7]   |     5.130 | SLOW    |     2.677 | FAST    |
B_i[1][3][7]   | C_o[0][3][8]   |     5.469 | SLOW    |     2.649 | FAST    |
B_i[1][3][7]   | C_o[1][3][7]   |     5.130 | SLOW    |     2.677 | FAST    |
B_i[1][3][7]   | C_o[1][3][8]   |     5.469 | SLOW    |     2.649 | FAST    |
B_i[1][3][7]   | C_o[2][3][7]   |     5.130 | SLOW    |     2.677 | FAST    |
B_i[1][3][7]   | C_o[2][3][8]   |     5.469 | SLOW    |     2.649 | FAST    |
B_i[1][3][7]   | C_o[3][3][7]   |     5.130 | SLOW    |     2.677 | FAST    |
B_i[1][3][7]   | C_o[3][3][8]   |     5.469 | SLOW    |     2.649 | FAST    |
B_i[1][3][8]   | C_o[0][3][8]   |     5.273 | SLOW    |     2.757 | FAST    |
B_i[1][3][8]   | C_o[1][3][8]   |     5.273 | SLOW    |     2.757 | FAST    |
B_i[1][3][8]   | C_o[2][3][8]   |     5.273 | SLOW    |     2.757 | FAST    |
B_i[1][3][8]   | C_o[3][3][8]   |     5.273 | SLOW    |     2.757 | FAST    |
S_A_i[0][0][0] | S_C_o[0][0][0] |     4.261 | SLOW    |     2.209 | FAST    |
S_A_i[0][0][0] | S_C_o[0][0][1] |     4.278 | SLOW    |     2.215 | FAST    |
S_A_i[0][0][0] | S_C_o[0][0][2] |     4.288 | SLOW    |     2.218 | FAST    |
S_A_i[0][0][0] | S_C_o[0][0][3] |     4.462 | SLOW    |     2.312 | FAST    |
S_A_i[0][0][0] | S_C_o[0][0][4] |     4.462 | SLOW    |     2.312 | FAST    |
S_A_i[0][0][0] | S_C_o[0][0][5] |     4.690 | SLOW    |     2.437 | FAST    |
S_A_i[0][0][0] | S_C_o[0][0][6] |     4.712 | SLOW    |     2.451 | FAST    |
S_A_i[0][0][0] | S_C_o[0][0][7] |     4.777 | SLOW    |     2.488 | FAST    |
S_A_i[0][0][0] | S_C_o[0][1][0] |     4.261 | SLOW    |     2.209 | FAST    |
S_A_i[0][0][0] | S_C_o[0][1][1] |     4.278 | SLOW    |     2.215 | FAST    |
S_A_i[0][0][0] | S_C_o[0][1][2] |     4.288 | SLOW    |     2.218 | FAST    |
S_A_i[0][0][0] | S_C_o[0][1][3] |     4.462 | SLOW    |     2.312 | FAST    |
S_A_i[0][0][0] | S_C_o[0][1][4] |     4.462 | SLOW    |     2.312 | FAST    |
S_A_i[0][0][0] | S_C_o[0][1][5] |     4.690 | SLOW    |     2.437 | FAST    |
S_A_i[0][0][0] | S_C_o[0][1][6] |     4.712 | SLOW    |     2.451 | FAST    |
S_A_i[0][0][0] | S_C_o[0][1][7] |     4.777 | SLOW    |     2.488 | FAST    |
S_A_i[0][0][0] | S_C_o[0][2][0] |     4.261 | SLOW    |     2.209 | FAST    |
S_A_i[0][0][0] | S_C_o[0][2][1] |     4.278 | SLOW    |     2.215 | FAST    |
S_A_i[0][0][0] | S_C_o[0][2][2] |     4.288 | SLOW    |     2.218 | FAST    |
S_A_i[0][0][0] | S_C_o[0][2][3] |     4.462 | SLOW    |     2.312 | FAST    |
S_A_i[0][0][0] | S_C_o[0][2][4] |     4.462 | SLOW    |     2.312 | FAST    |
S_A_i[0][0][0] | S_C_o[0][2][5] |     4.690 | SLOW    |     2.437 | FAST    |
S_A_i[0][0][0] | S_C_o[0][2][6] |     4.712 | SLOW    |     2.451 | FAST    |
S_A_i[0][0][0] | S_C_o[0][2][7] |     4.777 | SLOW    |     2.488 | FAST    |
S_A_i[0][0][0] | S_C_o[0][3][0] |     4.261 | SLOW    |     2.209 | FAST    |
S_A_i[0][0][0] | S_C_o[0][3][1] |     4.278 | SLOW    |     2.215 | FAST    |
S_A_i[0][0][0] | S_C_o[0][3][2] |     4.288 | SLOW    |     2.218 | FAST    |
S_A_i[0][0][0] | S_C_o[0][3][3] |     4.462 | SLOW    |     2.312 | FAST    |
S_A_i[0][0][0] | S_C_o[0][3][4] |     4.462 | SLOW    |     2.312 | FAST    |
S_A_i[0][0][0] | S_C_o[0][3][5] |     4.690 | SLOW    |     2.437 | FAST    |
S_A_i[0][0][0] | S_C_o[0][3][6] |     4.712 | SLOW    |     2.451 | FAST    |
S_A_i[0][0][0] | S_C_o[0][3][7] |     4.777 | SLOW    |     2.488 | FAST    |
S_A_i[0][0][1] | S_C_o[0][0][1] |     4.286 | SLOW    |     2.226 | FAST    |
S_A_i[0][0][1] | S_C_o[0][0][2] |     4.282 | SLOW    |     2.215 | FAST    |
S_A_i[0][0][1] | S_C_o[0][0][3] |     4.461 | SLOW    |     2.317 | FAST    |
S_A_i[0][0][1] | S_C_o[0][0][4] |     4.461 | SLOW    |     2.317 | FAST    |
S_A_i[0][0][1] | S_C_o[0][0][5] |     4.689 | SLOW    |     2.442 | FAST    |
S_A_i[0][0][1] | S_C_o[0][0][6] |     4.711 | SLOW    |     2.456 | FAST    |
S_A_i[0][0][1] | S_C_o[0][0][7] |     4.776 | SLOW    |     2.493 | FAST    |
S_A_i[0][0][1] | S_C_o[0][1][1] |     4.286 | SLOW    |     2.226 | FAST    |
S_A_i[0][0][1] | S_C_o[0][1][2] |     4.282 | SLOW    |     2.215 | FAST    |
S_A_i[0][0][1] | S_C_o[0][1][3] |     4.461 | SLOW    |     2.317 | FAST    |
S_A_i[0][0][1] | S_C_o[0][1][4] |     4.461 | SLOW    |     2.317 | FAST    |
S_A_i[0][0][1] | S_C_o[0][1][5] |     4.689 | SLOW    |     2.442 | FAST    |
S_A_i[0][0][1] | S_C_o[0][1][6] |     4.711 | SLOW    |     2.456 | FAST    |
S_A_i[0][0][1] | S_C_o[0][1][7] |     4.776 | SLOW    |     2.493 | FAST    |
S_A_i[0][0][1] | S_C_o[0][2][1] |     4.286 | SLOW    |     2.226 | FAST    |
S_A_i[0][0][1] | S_C_o[0][2][2] |     4.282 | SLOW    |     2.215 | FAST    |
S_A_i[0][0][1] | S_C_o[0][2][3] |     4.461 | SLOW    |     2.317 | FAST    |
S_A_i[0][0][1] | S_C_o[0][2][4] |     4.461 | SLOW    |     2.317 | FAST    |
S_A_i[0][0][1] | S_C_o[0][2][5] |     4.689 | SLOW    |     2.442 | FAST    |
S_A_i[0][0][1] | S_C_o[0][2][6] |     4.711 | SLOW    |     2.456 | FAST    |
S_A_i[0][0][1] | S_C_o[0][2][7] |     4.776 | SLOW    |     2.493 | FAST    |
S_A_i[0][0][1] | S_C_o[0][3][1] |     4.286 | SLOW    |     2.226 | FAST    |
S_A_i[0][0][1] | S_C_o[0][3][2] |     4.282 | SLOW    |     2.215 | FAST    |
S_A_i[0][0][1] | S_C_o[0][3][3] |     4.461 | SLOW    |     2.317 | FAST    |
S_A_i[0][0][1] | S_C_o[0][3][4] |     4.461 | SLOW    |     2.317 | FAST    |
S_A_i[0][0][1] | S_C_o[0][3][5] |     4.689 | SLOW    |     2.442 | FAST    |
S_A_i[0][0][1] | S_C_o[0][3][6] |     4.711 | SLOW    |     2.456 | FAST    |
S_A_i[0][0][1] | S_C_o[0][3][7] |     4.776 | SLOW    |     2.493 | FAST    |
S_A_i[0][0][2] | S_C_o[0][0][2] |     4.246 | SLOW    |     2.201 | FAST    |
S_A_i[0][0][2] | S_C_o[0][0][3] |     4.479 | SLOW    |     2.321 | FAST    |
S_A_i[0][0][2] | S_C_o[0][0][4] |     4.479 | SLOW    |     2.321 | FAST    |
S_A_i[0][0][2] | S_C_o[0][0][5] |     4.707 | SLOW    |     2.446 | FAST    |
S_A_i[0][0][2] | S_C_o[0][0][6] |     4.729 | SLOW    |     2.460 | FAST    |
S_A_i[0][0][2] | S_C_o[0][0][7] |     4.794 | SLOW    |     2.497 | FAST    |
S_A_i[0][0][2] | S_C_o[0][1][2] |     4.246 | SLOW    |     2.201 | FAST    |
S_A_i[0][0][2] | S_C_o[0][1][3] |     4.479 | SLOW    |     2.321 | FAST    |
S_A_i[0][0][2] | S_C_o[0][1][4] |     4.479 | SLOW    |     2.321 | FAST    |
S_A_i[0][0][2] | S_C_o[0][1][5] |     4.707 | SLOW    |     2.446 | FAST    |
S_A_i[0][0][2] | S_C_o[0][1][6] |     4.729 | SLOW    |     2.460 | FAST    |
S_A_i[0][0][2] | S_C_o[0][1][7] |     4.794 | SLOW    |     2.497 | FAST    |
S_A_i[0][0][2] | S_C_o[0][2][2] |     4.246 | SLOW    |     2.201 | FAST    |
S_A_i[0][0][2] | S_C_o[0][2][3] |     4.479 | SLOW    |     2.321 | FAST    |
S_A_i[0][0][2] | S_C_o[0][2][4] |     4.479 | SLOW    |     2.321 | FAST    |
S_A_i[0][0][2] | S_C_o[0][2][5] |     4.707 | SLOW    |     2.446 | FAST    |
S_A_i[0][0][2] | S_C_o[0][2][6] |     4.729 | SLOW    |     2.460 | FAST    |
S_A_i[0][0][2] | S_C_o[0][2][7] |     4.794 | SLOW    |     2.497 | FAST    |
S_A_i[0][0][2] | S_C_o[0][3][2] |     4.246 | SLOW    |     2.201 | FAST    |
S_A_i[0][0][2] | S_C_o[0][3][3] |     4.479 | SLOW    |     2.321 | FAST    |
S_A_i[0][0][2] | S_C_o[0][3][4] |     4.479 | SLOW    |     2.321 | FAST    |
S_A_i[0][0][2] | S_C_o[0][3][5] |     4.707 | SLOW    |     2.446 | FAST    |
S_A_i[0][0][2] | S_C_o[0][3][6] |     4.729 | SLOW    |     2.460 | FAST    |
S_A_i[0][0][2] | S_C_o[0][3][7] |     4.794 | SLOW    |     2.497 | FAST    |
S_A_i[0][0][3] | S_C_o[0][0][3] |     4.255 | SLOW    |     2.206 | FAST    |
S_A_i[0][0][3] | S_C_o[0][0][4] |     4.250 | SLOW    |     2.198 | FAST    |
S_A_i[0][0][3] | S_C_o[0][0][5] |     4.492 | SLOW    |     2.337 | FAST    |
S_A_i[0][0][3] | S_C_o[0][0][6] |     4.514 | SLOW    |     2.351 | FAST    |
S_A_i[0][0][3] | S_C_o[0][0][7] |     4.579 | SLOW    |     2.388 | FAST    |
S_A_i[0][0][3] | S_C_o[0][1][3] |     4.255 | SLOW    |     2.206 | FAST    |
S_A_i[0][0][3] | S_C_o[0][1][4] |     4.250 | SLOW    |     2.198 | FAST    |
S_A_i[0][0][3] | S_C_o[0][1][5] |     4.492 | SLOW    |     2.337 | FAST    |
S_A_i[0][0][3] | S_C_o[0][1][6] |     4.514 | SLOW    |     2.351 | FAST    |
S_A_i[0][0][3] | S_C_o[0][1][7] |     4.579 | SLOW    |     2.388 | FAST    |
S_A_i[0][0][3] | S_C_o[0][2][3] |     4.255 | SLOW    |     2.206 | FAST    |
S_A_i[0][0][3] | S_C_o[0][2][4] |     4.250 | SLOW    |     2.198 | FAST    |
S_A_i[0][0][3] | S_C_o[0][2][5] |     4.492 | SLOW    |     2.337 | FAST    |
S_A_i[0][0][3] | S_C_o[0][2][6] |     4.514 | SLOW    |     2.351 | FAST    |
S_A_i[0][0][3] | S_C_o[0][2][7] |     4.579 | SLOW    |     2.388 | FAST    |
S_A_i[0][0][3] | S_C_o[0][3][3] |     4.255 | SLOW    |     2.206 | FAST    |
S_A_i[0][0][3] | S_C_o[0][3][4] |     4.250 | SLOW    |     2.198 | FAST    |
S_A_i[0][0][3] | S_C_o[0][3][5] |     4.492 | SLOW    |     2.337 | FAST    |
S_A_i[0][0][3] | S_C_o[0][3][6] |     4.514 | SLOW    |     2.351 | FAST    |
S_A_i[0][0][3] | S_C_o[0][3][7] |     4.579 | SLOW    |     2.388 | FAST    |
S_A_i[0][0][4] | S_C_o[0][0][4] |     4.246 | SLOW    |     2.201 | FAST    |
S_A_i[0][0][4] | S_C_o[0][0][5] |     4.469 | SLOW    |     2.318 | FAST    |
S_A_i[0][0][4] | S_C_o[0][0][6] |     4.491 | SLOW    |     2.332 | FAST    |
S_A_i[0][0][4] | S_C_o[0][0][7] |     4.556 | SLOW    |     2.369 | FAST    |
S_A_i[0][0][4] | S_C_o[0][1][4] |     4.246 | SLOW    |     2.201 | FAST    |
S_A_i[0][0][4] | S_C_o[0][1][5] |     4.469 | SLOW    |     2.318 | FAST    |
S_A_i[0][0][4] | S_C_o[0][1][6] |     4.491 | SLOW    |     2.332 | FAST    |
S_A_i[0][0][4] | S_C_o[0][1][7] |     4.556 | SLOW    |     2.369 | FAST    |
S_A_i[0][0][4] | S_C_o[0][2][4] |     4.246 | SLOW    |     2.201 | FAST    |
S_A_i[0][0][4] | S_C_o[0][2][5] |     4.469 | SLOW    |     2.318 | FAST    |
S_A_i[0][0][4] | S_C_o[0][2][6] |     4.491 | SLOW    |     2.332 | FAST    |
S_A_i[0][0][4] | S_C_o[0][2][7] |     4.556 | SLOW    |     2.369 | FAST    |
S_A_i[0][0][4] | S_C_o[0][3][4] |     4.246 | SLOW    |     2.201 | FAST    |
S_A_i[0][0][4] | S_C_o[0][3][5] |     4.469 | SLOW    |     2.318 | FAST    |
S_A_i[0][0][4] | S_C_o[0][3][6] |     4.491 | SLOW    |     2.332 | FAST    |
S_A_i[0][0][4] | S_C_o[0][3][7] |     4.556 | SLOW    |     2.369 | FAST    |
S_A_i[0][0][5] | S_C_o[0][0][5] |     4.255 | SLOW    |     2.206 | FAST    |
S_A_i[0][0][5] | S_C_o[0][0][6] |     4.272 | SLOW    |     2.212 | FAST    |
S_A_i[0][0][5] | S_C_o[0][0][7] |     4.282 | SLOW    |     2.215 | FAST    |
S_A_i[0][0][5] | S_C_o[0][1][5] |     4.255 | SLOW    |     2.206 | FAST    |
S_A_i[0][0][5] | S_C_o[0][1][6] |     4.272 | SLOW    |     2.212 | FAST    |
S_A_i[0][0][5] | S_C_o[0][1][7] |     4.282 | SLOW    |     2.215 | FAST    |
S_A_i[0][0][5] | S_C_o[0][2][5] |     4.255 | SLOW    |     2.206 | FAST    |
S_A_i[0][0][5] | S_C_o[0][2][6] |     4.272 | SLOW    |     2.212 | FAST    |
S_A_i[0][0][5] | S_C_o[0][2][7] |     4.282 | SLOW    |     2.215 | FAST    |
S_A_i[0][0][5] | S_C_o[0][3][5] |     4.255 | SLOW    |     2.206 | FAST    |
S_A_i[0][0][5] | S_C_o[0][3][6] |     4.272 | SLOW    |     2.212 | FAST    |
S_A_i[0][0][5] | S_C_o[0][3][7] |     4.282 | SLOW    |     2.215 | FAST    |
S_A_i[0][0][6] | S_C_o[0][0][6] |     4.277 | SLOW    |     2.221 | FAST    |
S_A_i[0][0][6] | S_C_o[0][0][7] |     4.241 | SLOW    |     2.193 | FAST    |
S_A_i[0][0][6] | S_C_o[0][1][6] |     4.277 | SLOW    |     2.221 | FAST    |
S_A_i[0][0][6] | S_C_o[0][1][7] |     4.241 | SLOW    |     2.193 | FAST    |
S_A_i[0][0][6] | S_C_o[0][2][6] |     4.277 | SLOW    |     2.221 | FAST    |
S_A_i[0][0][6] | S_C_o[0][2][7] |     4.241 | SLOW    |     2.193 | FAST    |
S_A_i[0][0][6] | S_C_o[0][3][6] |     4.277 | SLOW    |     2.221 | FAST    |
S_A_i[0][0][6] | S_C_o[0][3][7] |     4.241 | SLOW    |     2.193 | FAST    |
S_A_i[0][0][7] | S_C_o[0][0][7] |     4.428 | SLOW    |     2.306 | FAST    |
S_A_i[0][0][7] | S_C_o[0][1][7] |     4.459 | SLOW    |     2.326 | FAST    |
S_A_i[0][0][7] | S_C_o[0][2][7] |     4.428 | SLOW    |     2.306 | FAST    |
S_A_i[0][0][7] | S_C_o[0][3][7] |     4.459 | SLOW    |     2.326 | FAST    |
S_A_i[1][0][0] | S_C_o[1][0][0] |     4.261 | SLOW    |     2.209 | FAST    |
S_A_i[1][0][0] | S_C_o[1][0][1] |     4.278 | SLOW    |     2.215 | FAST    |
S_A_i[1][0][0] | S_C_o[1][0][2] |     4.288 | SLOW    |     2.218 | FAST    |
S_A_i[1][0][0] | S_C_o[1][0][3] |     4.484 | SLOW    |     2.326 | FAST    |
S_A_i[1][0][0] | S_C_o[1][0][4] |     4.462 | SLOW    |     2.312 | FAST    |
S_A_i[1][0][0] | S_C_o[1][0][5] |     4.690 | SLOW    |     2.437 | FAST    |
S_A_i[1][0][0] | S_C_o[1][0][6] |     4.712 | SLOW    |     2.451 | FAST    |
S_A_i[1][0][0] | S_C_o[1][0][7] |     4.777 | SLOW    |     2.488 | FAST    |
S_A_i[1][0][0] | S_C_o[1][1][0] |     4.261 | SLOW    |     2.209 | FAST    |
S_A_i[1][0][0] | S_C_o[1][1][1] |     4.278 | SLOW    |     2.215 | FAST    |
S_A_i[1][0][0] | S_C_o[1][1][2] |     4.288 | SLOW    |     2.218 | FAST    |
S_A_i[1][0][0] | S_C_o[1][1][3] |     4.484 | SLOW    |     2.326 | FAST    |
S_A_i[1][0][0] | S_C_o[1][1][4] |     4.462 | SLOW    |     2.312 | FAST    |
S_A_i[1][0][0] | S_C_o[1][1][5] |     4.690 | SLOW    |     2.437 | FAST    |
S_A_i[1][0][0] | S_C_o[1][1][6] |     4.712 | SLOW    |     2.451 | FAST    |
S_A_i[1][0][0] | S_C_o[1][1][7] |     4.777 | SLOW    |     2.488 | FAST    |
S_A_i[1][0][0] | S_C_o[1][2][0] |     4.261 | SLOW    |     2.209 | FAST    |
S_A_i[1][0][0] | S_C_o[1][2][1] |     4.278 | SLOW    |     2.215 | FAST    |
S_A_i[1][0][0] | S_C_o[1][2][2] |     4.288 | SLOW    |     2.218 | FAST    |
S_A_i[1][0][0] | S_C_o[1][2][3] |     4.484 | SLOW    |     2.326 | FAST    |
S_A_i[1][0][0] | S_C_o[1][2][4] |     4.462 | SLOW    |     2.312 | FAST    |
S_A_i[1][0][0] | S_C_o[1][2][5] |     4.690 | SLOW    |     2.437 | FAST    |
S_A_i[1][0][0] | S_C_o[1][2][6] |     4.712 | SLOW    |     2.451 | FAST    |
S_A_i[1][0][0] | S_C_o[1][2][7] |     4.777 | SLOW    |     2.488 | FAST    |
S_A_i[1][0][0] | S_C_o[1][3][0] |     4.261 | SLOW    |     2.209 | FAST    |
S_A_i[1][0][0] | S_C_o[1][3][1] |     4.278 | SLOW    |     2.215 | FAST    |
S_A_i[1][0][0] | S_C_o[1][3][2] |     4.288 | SLOW    |     2.218 | FAST    |
S_A_i[1][0][0] | S_C_o[1][3][3] |     4.484 | SLOW    |     2.326 | FAST    |
S_A_i[1][0][0] | S_C_o[1][3][4] |     4.462 | SLOW    |     2.312 | FAST    |
S_A_i[1][0][0] | S_C_o[1][3][5] |     4.690 | SLOW    |     2.437 | FAST    |
S_A_i[1][0][0] | S_C_o[1][3][6] |     4.712 | SLOW    |     2.451 | FAST    |
S_A_i[1][0][0] | S_C_o[1][3][7] |     4.777 | SLOW    |     2.488 | FAST    |
S_A_i[1][0][1] | S_C_o[1][0][1] |     4.286 | SLOW    |     2.226 | FAST    |
S_A_i[1][0][1] | S_C_o[1][0][2] |     4.282 | SLOW    |     2.215 | FAST    |
S_A_i[1][0][1] | S_C_o[1][0][3] |     4.483 | SLOW    |     2.331 | FAST    |
S_A_i[1][0][1] | S_C_o[1][0][4] |     4.461 | SLOW    |     2.317 | FAST    |
S_A_i[1][0][1] | S_C_o[1][0][5] |     4.689 | SLOW    |     2.442 | FAST    |
S_A_i[1][0][1] | S_C_o[1][0][6] |     4.711 | SLOW    |     2.456 | FAST    |
S_A_i[1][0][1] | S_C_o[1][0][7] |     4.776 | SLOW    |     2.493 | FAST    |
S_A_i[1][0][1] | S_C_o[1][1][1] |     4.286 | SLOW    |     2.226 | FAST    |
S_A_i[1][0][1] | S_C_o[1][1][2] |     4.282 | SLOW    |     2.215 | FAST    |
S_A_i[1][0][1] | S_C_o[1][1][3] |     4.483 | SLOW    |     2.331 | FAST    |
S_A_i[1][0][1] | S_C_o[1][1][4] |     4.461 | SLOW    |     2.317 | FAST    |
S_A_i[1][0][1] | S_C_o[1][1][5] |     4.689 | SLOW    |     2.442 | FAST    |
S_A_i[1][0][1] | S_C_o[1][1][6] |     4.711 | SLOW    |     2.456 | FAST    |
S_A_i[1][0][1] | S_C_o[1][1][7] |     4.776 | SLOW    |     2.493 | FAST    |
S_A_i[1][0][1] | S_C_o[1][2][1] |     4.286 | SLOW    |     2.226 | FAST    |
S_A_i[1][0][1] | S_C_o[1][2][2] |     4.282 | SLOW    |     2.215 | FAST    |
S_A_i[1][0][1] | S_C_o[1][2][3] |     4.483 | SLOW    |     2.331 | FAST    |
S_A_i[1][0][1] | S_C_o[1][2][4] |     4.461 | SLOW    |     2.317 | FAST    |
S_A_i[1][0][1] | S_C_o[1][2][5] |     4.689 | SLOW    |     2.442 | FAST    |
S_A_i[1][0][1] | S_C_o[1][2][6] |     4.711 | SLOW    |     2.456 | FAST    |
S_A_i[1][0][1] | S_C_o[1][2][7] |     4.776 | SLOW    |     2.493 | FAST    |
S_A_i[1][0][1] | S_C_o[1][3][1] |     4.286 | SLOW    |     2.226 | FAST    |
S_A_i[1][0][1] | S_C_o[1][3][2] |     4.282 | SLOW    |     2.215 | FAST    |
S_A_i[1][0][1] | S_C_o[1][3][3] |     4.483 | SLOW    |     2.331 | FAST    |
S_A_i[1][0][1] | S_C_o[1][3][4] |     4.461 | SLOW    |     2.317 | FAST    |
S_A_i[1][0][1] | S_C_o[1][3][5] |     4.689 | SLOW    |     2.442 | FAST    |
S_A_i[1][0][1] | S_C_o[1][3][6] |     4.711 | SLOW    |     2.456 | FAST    |
S_A_i[1][0][1] | S_C_o[1][3][7] |     4.776 | SLOW    |     2.493 | FAST    |
S_A_i[1][0][2] | S_C_o[1][0][2] |     4.246 | SLOW    |     2.201 | FAST    |
S_A_i[1][0][2] | S_C_o[1][0][3] |     4.501 | SLOW    |     2.335 | FAST    |
S_A_i[1][0][2] | S_C_o[1][0][4] |     4.479 | SLOW    |     2.321 | FAST    |
S_A_i[1][0][2] | S_C_o[1][0][5] |     4.707 | SLOW    |     2.446 | FAST    |
S_A_i[1][0][2] | S_C_o[1][0][6] |     4.729 | SLOW    |     2.460 | FAST    |
S_A_i[1][0][2] | S_C_o[1][0][7] |     4.794 | SLOW    |     2.497 | FAST    |
S_A_i[1][0][2] | S_C_o[1][1][2] |     4.246 | SLOW    |     2.201 | FAST    |
S_A_i[1][0][2] | S_C_o[1][1][3] |     4.501 | SLOW    |     2.335 | FAST    |
S_A_i[1][0][2] | S_C_o[1][1][4] |     4.479 | SLOW    |     2.321 | FAST    |
S_A_i[1][0][2] | S_C_o[1][1][5] |     4.707 | SLOW    |     2.446 | FAST    |
S_A_i[1][0][2] | S_C_o[1][1][6] |     4.729 | SLOW    |     2.460 | FAST    |
S_A_i[1][0][2] | S_C_o[1][1][7] |     4.794 | SLOW    |     2.497 | FAST    |
S_A_i[1][0][2] | S_C_o[1][2][2] |     4.246 | SLOW    |     2.201 | FAST    |
S_A_i[1][0][2] | S_C_o[1][2][3] |     4.501 | SLOW    |     2.335 | FAST    |
S_A_i[1][0][2] | S_C_o[1][2][4] |     4.479 | SLOW    |     2.321 | FAST    |
S_A_i[1][0][2] | S_C_o[1][2][5] |     4.707 | SLOW    |     2.446 | FAST    |
S_A_i[1][0][2] | S_C_o[1][2][6] |     4.729 | SLOW    |     2.460 | FAST    |
S_A_i[1][0][2] | S_C_o[1][2][7] |     4.794 | SLOW    |     2.497 | FAST    |
S_A_i[1][0][2] | S_C_o[1][3][2] |     4.246 | SLOW    |     2.201 | FAST    |
S_A_i[1][0][2] | S_C_o[1][3][3] |     4.501 | SLOW    |     2.335 | FAST    |
S_A_i[1][0][2] | S_C_o[1][3][4] |     4.479 | SLOW    |     2.321 | FAST    |
S_A_i[1][0][2] | S_C_o[1][3][5] |     4.707 | SLOW    |     2.446 | FAST    |
S_A_i[1][0][2] | S_C_o[1][3][6] |     4.729 | SLOW    |     2.460 | FAST    |
S_A_i[1][0][2] | S_C_o[1][3][7] |     4.794 | SLOW    |     2.497 | FAST    |
S_A_i[1][0][3] | S_C_o[1][0][3] |     4.286 | SLOW    |     2.226 | FAST    |
S_A_i[1][0][3] | S_C_o[1][0][4] |     4.250 | SLOW    |     2.198 | FAST    |
S_A_i[1][0][3] | S_C_o[1][0][5] |     4.492 | SLOW    |     2.337 | FAST    |
S_A_i[1][0][3] | S_C_o[1][0][6] |     4.514 | SLOW    |     2.351 | FAST    |
S_A_i[1][0][3] | S_C_o[1][0][7] |     4.579 | SLOW    |     2.388 | FAST    |
S_A_i[1][0][3] | S_C_o[1][1][3] |     4.286 | SLOW    |     2.226 | FAST    |
S_A_i[1][0][3] | S_C_o[1][1][4] |     4.250 | SLOW    |     2.198 | FAST    |
S_A_i[1][0][3] | S_C_o[1][1][5] |     4.492 | SLOW    |     2.337 | FAST    |
S_A_i[1][0][3] | S_C_o[1][1][6] |     4.514 | SLOW    |     2.351 | FAST    |
S_A_i[1][0][3] | S_C_o[1][1][7] |     4.579 | SLOW    |     2.388 | FAST    |
S_A_i[1][0][3] | S_C_o[1][2][3] |     4.286 | SLOW    |     2.226 | FAST    |
S_A_i[1][0][3] | S_C_o[1][2][4] |     4.250 | SLOW    |     2.198 | FAST    |
S_A_i[1][0][3] | S_C_o[1][2][5] |     4.492 | SLOW    |     2.337 | FAST    |
S_A_i[1][0][3] | S_C_o[1][2][6] |     4.514 | SLOW    |     2.351 | FAST    |
S_A_i[1][0][3] | S_C_o[1][2][7] |     4.579 | SLOW    |     2.388 | FAST    |
S_A_i[1][0][3] | S_C_o[1][3][3] |     4.286 | SLOW    |     2.226 | FAST    |
S_A_i[1][0][3] | S_C_o[1][3][4] |     4.250 | SLOW    |     2.198 | FAST    |
S_A_i[1][0][3] | S_C_o[1][3][5] |     4.492 | SLOW    |     2.337 | FAST    |
S_A_i[1][0][3] | S_C_o[1][3][6] |     4.514 | SLOW    |     2.351 | FAST    |
S_A_i[1][0][3] | S_C_o[1][3][7] |     4.579 | SLOW    |     2.388 | FAST    |
S_A_i[1][0][4] | S_C_o[1][0][4] |     4.246 | SLOW    |     2.201 | FAST    |
S_A_i[1][0][4] | S_C_o[1][0][5] |     4.469 | SLOW    |     2.318 | FAST    |
S_A_i[1][0][4] | S_C_o[1][0][6] |     4.491 | SLOW    |     2.332 | FAST    |
S_A_i[1][0][4] | S_C_o[1][0][7] |     4.556 | SLOW    |     2.369 | FAST    |
S_A_i[1][0][4] | S_C_o[1][1][4] |     4.246 | SLOW    |     2.201 | FAST    |
S_A_i[1][0][4] | S_C_o[1][1][5] |     4.469 | SLOW    |     2.318 | FAST    |
S_A_i[1][0][4] | S_C_o[1][1][6] |     4.491 | SLOW    |     2.332 | FAST    |
S_A_i[1][0][4] | S_C_o[1][1][7] |     4.556 | SLOW    |     2.369 | FAST    |
S_A_i[1][0][4] | S_C_o[1][2][4] |     4.246 | SLOW    |     2.201 | FAST    |
S_A_i[1][0][4] | S_C_o[1][2][5] |     4.469 | SLOW    |     2.318 | FAST    |
S_A_i[1][0][4] | S_C_o[1][2][6] |     4.491 | SLOW    |     2.332 | FAST    |
S_A_i[1][0][4] | S_C_o[1][2][7] |     4.556 | SLOW    |     2.369 | FAST    |
S_A_i[1][0][4] | S_C_o[1][3][4] |     4.246 | SLOW    |     2.201 | FAST    |
S_A_i[1][0][4] | S_C_o[1][3][5] |     4.469 | SLOW    |     2.318 | FAST    |
S_A_i[1][0][4] | S_C_o[1][3][6] |     4.491 | SLOW    |     2.332 | FAST    |
S_A_i[1][0][4] | S_C_o[1][3][7] |     4.556 | SLOW    |     2.369 | FAST    |
S_A_i[1][0][5] | S_C_o[1][0][5] |     4.255 | SLOW    |     2.206 | FAST    |
S_A_i[1][0][5] | S_C_o[1][0][6] |     4.272 | SLOW    |     2.212 | FAST    |
S_A_i[1][0][5] | S_C_o[1][0][7] |     4.282 | SLOW    |     2.215 | FAST    |
S_A_i[1][0][5] | S_C_o[1][1][5] |     4.255 | SLOW    |     2.206 | FAST    |
S_A_i[1][0][5] | S_C_o[1][1][6] |     4.272 | SLOW    |     2.212 | FAST    |
S_A_i[1][0][5] | S_C_o[1][1][7] |     4.282 | SLOW    |     2.215 | FAST    |
S_A_i[1][0][5] | S_C_o[1][2][5] |     4.255 | SLOW    |     2.206 | FAST    |
S_A_i[1][0][5] | S_C_o[1][2][6] |     4.272 | SLOW    |     2.212 | FAST    |
S_A_i[1][0][5] | S_C_o[1][2][7] |     4.282 | SLOW    |     2.215 | FAST    |
S_A_i[1][0][5] | S_C_o[1][3][5] |     4.255 | SLOW    |     2.206 | FAST    |
S_A_i[1][0][5] | S_C_o[1][3][6] |     4.272 | SLOW    |     2.212 | FAST    |
S_A_i[1][0][5] | S_C_o[1][3][7] |     4.282 | SLOW    |     2.215 | FAST    |
S_A_i[1][0][6] | S_C_o[1][0][6] |     4.277 | SLOW    |     2.221 | FAST    |
S_A_i[1][0][6] | S_C_o[1][0][7] |     4.241 | SLOW    |     2.193 | FAST    |
S_A_i[1][0][6] | S_C_o[1][1][6] |     4.277 | SLOW    |     2.221 | FAST    |
S_A_i[1][0][6] | S_C_o[1][1][7] |     4.241 | SLOW    |     2.193 | FAST    |
S_A_i[1][0][6] | S_C_o[1][2][6] |     4.277 | SLOW    |     2.221 | FAST    |
S_A_i[1][0][6] | S_C_o[1][2][7] |     4.241 | SLOW    |     2.193 | FAST    |
S_A_i[1][0][6] | S_C_o[1][3][6] |     4.277 | SLOW    |     2.221 | FAST    |
S_A_i[1][0][6] | S_C_o[1][3][7] |     4.241 | SLOW    |     2.193 | FAST    |
S_A_i[1][0][7] | S_C_o[1][0][7] |     4.428 | SLOW    |     2.306 | FAST    |
S_A_i[1][0][7] | S_C_o[1][1][7] |     4.459 | SLOW    |     2.326 | FAST    |
S_A_i[1][0][7] | S_C_o[1][2][7] |     4.428 | SLOW    |     2.306 | FAST    |
S_A_i[1][0][7] | S_C_o[1][3][7] |     4.459 | SLOW    |     2.326 | FAST    |
S_A_i[2][0][0] | S_C_o[2][0][0] |     4.261 | SLOW    |     2.209 | FAST    |
S_A_i[2][0][0] | S_C_o[2][0][1] |     4.278 | SLOW    |     2.215 | FAST    |
S_A_i[2][0][0] | S_C_o[2][0][2] |     4.288 | SLOW    |     2.218 | FAST    |
S_A_i[2][0][0] | S_C_o[2][0][3] |     4.462 | SLOW    |     2.312 | FAST    |
S_A_i[2][0][0] | S_C_o[2][0][4] |     4.462 | SLOW    |     2.312 | FAST    |
S_A_i[2][0][0] | S_C_o[2][0][5] |     4.690 | SLOW    |     2.437 | FAST    |
S_A_i[2][0][0] | S_C_o[2][0][6] |     4.712 | SLOW    |     2.451 | FAST    |
S_A_i[2][0][0] | S_C_o[2][0][7] |     4.777 | SLOW    |     2.488 | FAST    |
S_A_i[2][0][0] | S_C_o[2][1][0] |     4.261 | SLOW    |     2.209 | FAST    |
S_A_i[2][0][0] | S_C_o[2][1][1] |     4.278 | SLOW    |     2.215 | FAST    |
S_A_i[2][0][0] | S_C_o[2][1][2] |     4.288 | SLOW    |     2.218 | FAST    |
S_A_i[2][0][0] | S_C_o[2][1][3] |     4.462 | SLOW    |     2.312 | FAST    |
S_A_i[2][0][0] | S_C_o[2][1][4] |     4.462 | SLOW    |     2.312 | FAST    |
S_A_i[2][0][0] | S_C_o[2][1][5] |     4.690 | SLOW    |     2.437 | FAST    |
S_A_i[2][0][0] | S_C_o[2][1][6] |     4.712 | SLOW    |     2.451 | FAST    |
S_A_i[2][0][0] | S_C_o[2][1][7] |     4.777 | SLOW    |     2.488 | FAST    |
S_A_i[2][0][0] | S_C_o[2][2][0] |     4.261 | SLOW    |     2.209 | FAST    |
S_A_i[2][0][0] | S_C_o[2][2][1] |     4.278 | SLOW    |     2.215 | FAST    |
S_A_i[2][0][0] | S_C_o[2][2][2] |     4.288 | SLOW    |     2.218 | FAST    |
S_A_i[2][0][0] | S_C_o[2][2][3] |     4.462 | SLOW    |     2.312 | FAST    |
S_A_i[2][0][0] | S_C_o[2][2][4] |     4.462 | SLOW    |     2.312 | FAST    |
S_A_i[2][0][0] | S_C_o[2][2][5] |     4.690 | SLOW    |     2.437 | FAST    |
S_A_i[2][0][0] | S_C_o[2][2][6] |     4.712 | SLOW    |     2.451 | FAST    |
S_A_i[2][0][0] | S_C_o[2][2][7] |     4.777 | SLOW    |     2.488 | FAST    |
S_A_i[2][0][0] | S_C_o[2][3][0] |     4.261 | SLOW    |     2.209 | FAST    |
S_A_i[2][0][0] | S_C_o[2][3][1] |     4.278 | SLOW    |     2.215 | FAST    |
S_A_i[2][0][0] | S_C_o[2][3][2] |     4.288 | SLOW    |     2.218 | FAST    |
S_A_i[2][0][0] | S_C_o[2][3][3] |     4.462 | SLOW    |     2.312 | FAST    |
S_A_i[2][0][0] | S_C_o[2][3][4] |     4.462 | SLOW    |     2.312 | FAST    |
S_A_i[2][0][0] | S_C_o[2][3][5] |     4.690 | SLOW    |     2.437 | FAST    |
S_A_i[2][0][0] | S_C_o[2][3][6] |     4.712 | SLOW    |     2.451 | FAST    |
S_A_i[2][0][0] | S_C_o[2][3][7] |     4.777 | SLOW    |     2.488 | FAST    |
S_A_i[2][0][1] | S_C_o[2][0][1] |     4.286 | SLOW    |     2.226 | FAST    |
S_A_i[2][0][1] | S_C_o[2][0][2] |     4.282 | SLOW    |     2.215 | FAST    |
S_A_i[2][0][1] | S_C_o[2][0][3] |     4.461 | SLOW    |     2.317 | FAST    |
S_A_i[2][0][1] | S_C_o[2][0][4] |     4.461 | SLOW    |     2.317 | FAST    |
S_A_i[2][0][1] | S_C_o[2][0][5] |     4.689 | SLOW    |     2.442 | FAST    |
S_A_i[2][0][1] | S_C_o[2][0][6] |     4.711 | SLOW    |     2.456 | FAST    |
S_A_i[2][0][1] | S_C_o[2][0][7] |     4.776 | SLOW    |     2.493 | FAST    |
S_A_i[2][0][1] | S_C_o[2][1][1] |     4.286 | SLOW    |     2.226 | FAST    |
S_A_i[2][0][1] | S_C_o[2][1][2] |     4.282 | SLOW    |     2.215 | FAST    |
S_A_i[2][0][1] | S_C_o[2][1][3] |     4.461 | SLOW    |     2.317 | FAST    |
S_A_i[2][0][1] | S_C_o[2][1][4] |     4.461 | SLOW    |     2.317 | FAST    |
S_A_i[2][0][1] | S_C_o[2][1][5] |     4.689 | SLOW    |     2.442 | FAST    |
S_A_i[2][0][1] | S_C_o[2][1][6] |     4.711 | SLOW    |     2.456 | FAST    |
S_A_i[2][0][1] | S_C_o[2][1][7] |     4.776 | SLOW    |     2.493 | FAST    |
S_A_i[2][0][1] | S_C_o[2][2][1] |     4.286 | SLOW    |     2.226 | FAST    |
S_A_i[2][0][1] | S_C_o[2][2][2] |     4.282 | SLOW    |     2.215 | FAST    |
S_A_i[2][0][1] | S_C_o[2][2][3] |     4.461 | SLOW    |     2.317 | FAST    |
S_A_i[2][0][1] | S_C_o[2][2][4] |     4.461 | SLOW    |     2.317 | FAST    |
S_A_i[2][0][1] | S_C_o[2][2][5] |     4.689 | SLOW    |     2.442 | FAST    |
S_A_i[2][0][1] | S_C_o[2][2][6] |     4.711 | SLOW    |     2.456 | FAST    |
S_A_i[2][0][1] | S_C_o[2][2][7] |     4.776 | SLOW    |     2.493 | FAST    |
S_A_i[2][0][1] | S_C_o[2][3][1] |     4.286 | SLOW    |     2.226 | FAST    |
S_A_i[2][0][1] | S_C_o[2][3][2] |     4.282 | SLOW    |     2.215 | FAST    |
S_A_i[2][0][1] | S_C_o[2][3][3] |     4.461 | SLOW    |     2.317 | FAST    |
S_A_i[2][0][1] | S_C_o[2][3][4] |     4.461 | SLOW    |     2.317 | FAST    |
S_A_i[2][0][1] | S_C_o[2][3][5] |     4.689 | SLOW    |     2.442 | FAST    |
S_A_i[2][0][1] | S_C_o[2][3][6] |     4.711 | SLOW    |     2.456 | FAST    |
S_A_i[2][0][1] | S_C_o[2][3][7] |     4.776 | SLOW    |     2.493 | FAST    |
S_A_i[2][0][2] | S_C_o[2][0][2] |     4.246 | SLOW    |     2.201 | FAST    |
S_A_i[2][0][2] | S_C_o[2][0][3] |     4.479 | SLOW    |     2.321 | FAST    |
S_A_i[2][0][2] | S_C_o[2][0][4] |     4.479 | SLOW    |     2.321 | FAST    |
S_A_i[2][0][2] | S_C_o[2][0][5] |     4.707 | SLOW    |     2.446 | FAST    |
S_A_i[2][0][2] | S_C_o[2][0][6] |     4.729 | SLOW    |     2.460 | FAST    |
S_A_i[2][0][2] | S_C_o[2][0][7] |     4.794 | SLOW    |     2.497 | FAST    |
S_A_i[2][0][2] | S_C_o[2][1][2] |     4.246 | SLOW    |     2.201 | FAST    |
S_A_i[2][0][2] | S_C_o[2][1][3] |     4.479 | SLOW    |     2.321 | FAST    |
S_A_i[2][0][2] | S_C_o[2][1][4] |     4.479 | SLOW    |     2.321 | FAST    |
S_A_i[2][0][2] | S_C_o[2][1][5] |     4.707 | SLOW    |     2.446 | FAST    |
S_A_i[2][0][2] | S_C_o[2][1][6] |     4.729 | SLOW    |     2.460 | FAST    |
S_A_i[2][0][2] | S_C_o[2][1][7] |     4.794 | SLOW    |     2.497 | FAST    |
S_A_i[2][0][2] | S_C_o[2][2][2] |     4.246 | SLOW    |     2.201 | FAST    |
S_A_i[2][0][2] | S_C_o[2][2][3] |     4.479 | SLOW    |     2.321 | FAST    |
S_A_i[2][0][2] | S_C_o[2][2][4] |     4.479 | SLOW    |     2.321 | FAST    |
S_A_i[2][0][2] | S_C_o[2][2][5] |     4.707 | SLOW    |     2.446 | FAST    |
S_A_i[2][0][2] | S_C_o[2][2][6] |     4.729 | SLOW    |     2.460 | FAST    |
S_A_i[2][0][2] | S_C_o[2][2][7] |     4.794 | SLOW    |     2.497 | FAST    |
S_A_i[2][0][2] | S_C_o[2][3][2] |     4.246 | SLOW    |     2.201 | FAST    |
S_A_i[2][0][2] | S_C_o[2][3][3] |     4.479 | SLOW    |     2.321 | FAST    |
S_A_i[2][0][2] | S_C_o[2][3][4] |     4.479 | SLOW    |     2.321 | FAST    |
S_A_i[2][0][2] | S_C_o[2][3][5] |     4.707 | SLOW    |     2.446 | FAST    |
S_A_i[2][0][2] | S_C_o[2][3][6] |     4.729 | SLOW    |     2.460 | FAST    |
S_A_i[2][0][2] | S_C_o[2][3][7] |     4.794 | SLOW    |     2.497 | FAST    |
S_A_i[2][0][3] | S_C_o[2][0][3] |     4.255 | SLOW    |     2.206 | FAST    |
S_A_i[2][0][3] | S_C_o[2][0][4] |     4.250 | SLOW    |     2.198 | FAST    |
S_A_i[2][0][3] | S_C_o[2][0][5] |     4.492 | SLOW    |     2.337 | FAST    |
S_A_i[2][0][3] | S_C_o[2][0][6] |     4.514 | SLOW    |     2.351 | FAST    |
S_A_i[2][0][3] | S_C_o[2][0][7] |     4.579 | SLOW    |     2.388 | FAST    |
S_A_i[2][0][3] | S_C_o[2][1][3] |     4.255 | SLOW    |     2.206 | FAST    |
S_A_i[2][0][3] | S_C_o[2][1][4] |     4.250 | SLOW    |     2.198 | FAST    |
S_A_i[2][0][3] | S_C_o[2][1][5] |     4.492 | SLOW    |     2.337 | FAST    |
S_A_i[2][0][3] | S_C_o[2][1][6] |     4.514 | SLOW    |     2.351 | FAST    |
S_A_i[2][0][3] | S_C_o[2][1][7] |     4.579 | SLOW    |     2.388 | FAST    |
S_A_i[2][0][3] | S_C_o[2][2][3] |     4.255 | SLOW    |     2.206 | FAST    |
S_A_i[2][0][3] | S_C_o[2][2][4] |     4.250 | SLOW    |     2.198 | FAST    |
S_A_i[2][0][3] | S_C_o[2][2][5] |     4.492 | SLOW    |     2.337 | FAST    |
S_A_i[2][0][3] | S_C_o[2][2][6] |     4.514 | SLOW    |     2.351 | FAST    |
S_A_i[2][0][3] | S_C_o[2][2][7] |     4.579 | SLOW    |     2.388 | FAST    |
S_A_i[2][0][3] | S_C_o[2][3][3] |     4.255 | SLOW    |     2.206 | FAST    |
S_A_i[2][0][3] | S_C_o[2][3][4] |     4.250 | SLOW    |     2.198 | FAST    |
S_A_i[2][0][3] | S_C_o[2][3][5] |     4.492 | SLOW    |     2.337 | FAST    |
S_A_i[2][0][3] | S_C_o[2][3][6] |     4.514 | SLOW    |     2.351 | FAST    |
S_A_i[2][0][3] | S_C_o[2][3][7] |     4.579 | SLOW    |     2.388 | FAST    |
S_A_i[2][0][4] | S_C_o[2][0][4] |     4.246 | SLOW    |     2.201 | FAST    |
S_A_i[2][0][4] | S_C_o[2][0][5] |     4.469 | SLOW    |     2.318 | FAST    |
S_A_i[2][0][4] | S_C_o[2][0][6] |     4.491 | SLOW    |     2.332 | FAST    |
S_A_i[2][0][4] | S_C_o[2][0][7] |     4.556 | SLOW    |     2.369 | FAST    |
S_A_i[2][0][4] | S_C_o[2][1][4] |     4.246 | SLOW    |     2.201 | FAST    |
S_A_i[2][0][4] | S_C_o[2][1][5] |     4.469 | SLOW    |     2.318 | FAST    |
S_A_i[2][0][4] | S_C_o[2][1][6] |     4.491 | SLOW    |     2.332 | FAST    |
S_A_i[2][0][4] | S_C_o[2][1][7] |     4.556 | SLOW    |     2.369 | FAST    |
S_A_i[2][0][4] | S_C_o[2][2][4] |     4.246 | SLOW    |     2.201 | FAST    |
S_A_i[2][0][4] | S_C_o[2][2][5] |     4.469 | SLOW    |     2.318 | FAST    |
S_A_i[2][0][4] | S_C_o[2][2][6] |     4.491 | SLOW    |     2.332 | FAST    |
S_A_i[2][0][4] | S_C_o[2][2][7] |     4.556 | SLOW    |     2.369 | FAST    |
S_A_i[2][0][4] | S_C_o[2][3][4] |     4.246 | SLOW    |     2.201 | FAST    |
S_A_i[2][0][4] | S_C_o[2][3][5] |     4.469 | SLOW    |     2.318 | FAST    |
S_A_i[2][0][4] | S_C_o[2][3][6] |     4.491 | SLOW    |     2.332 | FAST    |
S_A_i[2][0][4] | S_C_o[2][3][7] |     4.556 | SLOW    |     2.369 | FAST    |
S_A_i[2][0][5] | S_C_o[2][0][5] |     4.255 | SLOW    |     2.206 | FAST    |
S_A_i[2][0][5] | S_C_o[2][0][6] |     4.272 | SLOW    |     2.212 | FAST    |
S_A_i[2][0][5] | S_C_o[2][0][7] |     4.282 | SLOW    |     2.215 | FAST    |
S_A_i[2][0][5] | S_C_o[2][1][5] |     4.255 | SLOW    |     2.206 | FAST    |
S_A_i[2][0][5] | S_C_o[2][1][6] |     4.272 | SLOW    |     2.212 | FAST    |
S_A_i[2][0][5] | S_C_o[2][1][7] |     4.282 | SLOW    |     2.215 | FAST    |
S_A_i[2][0][5] | S_C_o[2][2][5] |     4.255 | SLOW    |     2.206 | FAST    |
S_A_i[2][0][5] | S_C_o[2][2][6] |     4.272 | SLOW    |     2.212 | FAST    |
S_A_i[2][0][5] | S_C_o[2][2][7] |     4.282 | SLOW    |     2.215 | FAST    |
S_A_i[2][0][5] | S_C_o[2][3][5] |     4.255 | SLOW    |     2.206 | FAST    |
S_A_i[2][0][5] | S_C_o[2][3][6] |     4.272 | SLOW    |     2.212 | FAST    |
S_A_i[2][0][5] | S_C_o[2][3][7] |     4.282 | SLOW    |     2.215 | FAST    |
S_A_i[2][0][6] | S_C_o[2][0][6] |     4.277 | SLOW    |     2.221 | FAST    |
S_A_i[2][0][6] | S_C_o[2][0][7] |     4.241 | SLOW    |     2.193 | FAST    |
S_A_i[2][0][6] | S_C_o[2][1][6] |     4.277 | SLOW    |     2.221 | FAST    |
S_A_i[2][0][6] | S_C_o[2][1][7] |     4.241 | SLOW    |     2.193 | FAST    |
S_A_i[2][0][6] | S_C_o[2][2][6] |     4.277 | SLOW    |     2.221 | FAST    |
S_A_i[2][0][6] | S_C_o[2][2][7] |     4.241 | SLOW    |     2.193 | FAST    |
S_A_i[2][0][6] | S_C_o[2][3][6] |     4.277 | SLOW    |     2.221 | FAST    |
S_A_i[2][0][6] | S_C_o[2][3][7] |     4.241 | SLOW    |     2.193 | FAST    |
S_A_i[2][0][7] | S_C_o[2][0][7] |     4.428 | SLOW    |     2.306 | FAST    |
S_A_i[2][0][7] | S_C_o[2][1][7] |     4.459 | SLOW    |     2.326 | FAST    |
S_A_i[2][0][7] | S_C_o[2][2][7] |     4.428 | SLOW    |     2.306 | FAST    |
S_A_i[2][0][7] | S_C_o[2][3][7] |     4.459 | SLOW    |     2.326 | FAST    |
S_A_i[3][0][0] | S_C_o[3][0][0] |     4.261 | SLOW    |     2.209 | FAST    |
S_A_i[3][0][0] | S_C_o[3][0][1] |     4.278 | SLOW    |     2.215 | FAST    |
S_A_i[3][0][0] | S_C_o[3][0][2] |     4.288 | SLOW    |     2.218 | FAST    |
S_A_i[3][0][0] | S_C_o[3][0][3] |     4.484 | SLOW    |     2.326 | FAST    |
S_A_i[3][0][0] | S_C_o[3][0][4] |     4.462 | SLOW    |     2.312 | FAST    |
S_A_i[3][0][0] | S_C_o[3][0][5] |     4.690 | SLOW    |     2.437 | FAST    |
S_A_i[3][0][0] | S_C_o[3][0][6] |     4.712 | SLOW    |     2.451 | FAST    |
S_A_i[3][0][0] | S_C_o[3][0][7] |     4.777 | SLOW    |     2.488 | FAST    |
S_A_i[3][0][0] | S_C_o[3][1][0] |     4.261 | SLOW    |     2.209 | FAST    |
S_A_i[3][0][0] | S_C_o[3][1][1] |     4.278 | SLOW    |     2.215 | FAST    |
S_A_i[3][0][0] | S_C_o[3][1][2] |     4.288 | SLOW    |     2.218 | FAST    |
S_A_i[3][0][0] | S_C_o[3][1][3] |     4.484 | SLOW    |     2.326 | FAST    |
S_A_i[3][0][0] | S_C_o[3][1][4] |     4.462 | SLOW    |     2.312 | FAST    |
S_A_i[3][0][0] | S_C_o[3][1][5] |     4.690 | SLOW    |     2.437 | FAST    |
S_A_i[3][0][0] | S_C_o[3][1][6] |     4.712 | SLOW    |     2.451 | FAST    |
S_A_i[3][0][0] | S_C_o[3][1][7] |     4.777 | SLOW    |     2.488 | FAST    |
S_A_i[3][0][0] | S_C_o[3][2][0] |     4.261 | SLOW    |     2.209 | FAST    |
S_A_i[3][0][0] | S_C_o[3][2][1] |     4.278 | SLOW    |     2.215 | FAST    |
S_A_i[3][0][0] | S_C_o[3][2][2] |     4.288 | SLOW    |     2.218 | FAST    |
S_A_i[3][0][0] | S_C_o[3][2][3] |     4.484 | SLOW    |     2.326 | FAST    |
S_A_i[3][0][0] | S_C_o[3][2][4] |     4.462 | SLOW    |     2.312 | FAST    |
S_A_i[3][0][0] | S_C_o[3][2][5] |     4.690 | SLOW    |     2.437 | FAST    |
S_A_i[3][0][0] | S_C_o[3][2][6] |     4.712 | SLOW    |     2.451 | FAST    |
S_A_i[3][0][0] | S_C_o[3][2][7] |     4.777 | SLOW    |     2.488 | FAST    |
S_A_i[3][0][0] | S_C_o[3][3][0] |     4.261 | SLOW    |     2.209 | FAST    |
S_A_i[3][0][0] | S_C_o[3][3][1] |     4.278 | SLOW    |     2.215 | FAST    |
S_A_i[3][0][0] | S_C_o[3][3][2] |     4.288 | SLOW    |     2.218 | FAST    |
S_A_i[3][0][0] | S_C_o[3][3][3] |     4.484 | SLOW    |     2.326 | FAST    |
S_A_i[3][0][0] | S_C_o[3][3][4] |     4.462 | SLOW    |     2.312 | FAST    |
S_A_i[3][0][0] | S_C_o[3][3][5] |     4.690 | SLOW    |     2.437 | FAST    |
S_A_i[3][0][0] | S_C_o[3][3][6] |     4.712 | SLOW    |     2.451 | FAST    |
S_A_i[3][0][0] | S_C_o[3][3][7] |     4.777 | SLOW    |     2.488 | FAST    |
S_A_i[3][0][1] | S_C_o[3][0][1] |     4.286 | SLOW    |     2.226 | FAST    |
S_A_i[3][0][1] | S_C_o[3][0][2] |     4.282 | SLOW    |     2.215 | FAST    |
S_A_i[3][0][1] | S_C_o[3][0][3] |     4.483 | SLOW    |     2.331 | FAST    |
S_A_i[3][0][1] | S_C_o[3][0][4] |     4.461 | SLOW    |     2.317 | FAST    |
S_A_i[3][0][1] | S_C_o[3][0][5] |     4.689 | SLOW    |     2.442 | FAST    |
S_A_i[3][0][1] | S_C_o[3][0][6] |     4.711 | SLOW    |     2.456 | FAST    |
S_A_i[3][0][1] | S_C_o[3][0][7] |     4.776 | SLOW    |     2.493 | FAST    |
S_A_i[3][0][1] | S_C_o[3][1][1] |     4.286 | SLOW    |     2.226 | FAST    |
S_A_i[3][0][1] | S_C_o[3][1][2] |     4.282 | SLOW    |     2.215 | FAST    |
S_A_i[3][0][1] | S_C_o[3][1][3] |     4.483 | SLOW    |     2.331 | FAST    |
S_A_i[3][0][1] | S_C_o[3][1][4] |     4.461 | SLOW    |     2.317 | FAST    |
S_A_i[3][0][1] | S_C_o[3][1][5] |     4.689 | SLOW    |     2.442 | FAST    |
S_A_i[3][0][1] | S_C_o[3][1][6] |     4.711 | SLOW    |     2.456 | FAST    |
S_A_i[3][0][1] | S_C_o[3][1][7] |     4.776 | SLOW    |     2.493 | FAST    |
S_A_i[3][0][1] | S_C_o[3][2][1] |     4.286 | SLOW    |     2.226 | FAST    |
S_A_i[3][0][1] | S_C_o[3][2][2] |     4.282 | SLOW    |     2.215 | FAST    |
S_A_i[3][0][1] | S_C_o[3][2][3] |     4.483 | SLOW    |     2.331 | FAST    |
S_A_i[3][0][1] | S_C_o[3][2][4] |     4.461 | SLOW    |     2.317 | FAST    |
S_A_i[3][0][1] | S_C_o[3][2][5] |     4.689 | SLOW    |     2.442 | FAST    |
S_A_i[3][0][1] | S_C_o[3][2][6] |     4.711 | SLOW    |     2.456 | FAST    |
S_A_i[3][0][1] | S_C_o[3][2][7] |     4.776 | SLOW    |     2.493 | FAST    |
S_A_i[3][0][1] | S_C_o[3][3][1] |     4.286 | SLOW    |     2.226 | FAST    |
S_A_i[3][0][1] | S_C_o[3][3][2] |     4.282 | SLOW    |     2.215 | FAST    |
S_A_i[3][0][1] | S_C_o[3][3][3] |     4.483 | SLOW    |     2.331 | FAST    |
S_A_i[3][0][1] | S_C_o[3][3][4] |     4.461 | SLOW    |     2.317 | FAST    |
S_A_i[3][0][1] | S_C_o[3][3][5] |     4.689 | SLOW    |     2.442 | FAST    |
S_A_i[3][0][1] | S_C_o[3][3][6] |     4.711 | SLOW    |     2.456 | FAST    |
S_A_i[3][0][1] | S_C_o[3][3][7] |     4.776 | SLOW    |     2.493 | FAST    |
S_A_i[3][0][2] | S_C_o[3][0][2] |     4.246 | SLOW    |     2.201 | FAST    |
S_A_i[3][0][2] | S_C_o[3][0][3] |     4.501 | SLOW    |     2.335 | FAST    |
S_A_i[3][0][2] | S_C_o[3][0][4] |     4.479 | SLOW    |     2.321 | FAST    |
S_A_i[3][0][2] | S_C_o[3][0][5] |     4.707 | SLOW    |     2.446 | FAST    |
S_A_i[3][0][2] | S_C_o[3][0][6] |     4.729 | SLOW    |     2.460 | FAST    |
S_A_i[3][0][2] | S_C_o[3][0][7] |     4.794 | SLOW    |     2.497 | FAST    |
S_A_i[3][0][2] | S_C_o[3][1][2] |     4.246 | SLOW    |     2.201 | FAST    |
S_A_i[3][0][2] | S_C_o[3][1][3] |     4.501 | SLOW    |     2.335 | FAST    |
S_A_i[3][0][2] | S_C_o[3][1][4] |     4.479 | SLOW    |     2.321 | FAST    |
S_A_i[3][0][2] | S_C_o[3][1][5] |     4.707 | SLOW    |     2.446 | FAST    |
S_A_i[3][0][2] | S_C_o[3][1][6] |     4.729 | SLOW    |     2.460 | FAST    |
S_A_i[3][0][2] | S_C_o[3][1][7] |     4.794 | SLOW    |     2.497 | FAST    |
S_A_i[3][0][2] | S_C_o[3][2][2] |     4.246 | SLOW    |     2.201 | FAST    |
S_A_i[3][0][2] | S_C_o[3][2][3] |     4.501 | SLOW    |     2.335 | FAST    |
S_A_i[3][0][2] | S_C_o[3][2][4] |     4.479 | SLOW    |     2.321 | FAST    |
S_A_i[3][0][2] | S_C_o[3][2][5] |     4.707 | SLOW    |     2.446 | FAST    |
S_A_i[3][0][2] | S_C_o[3][2][6] |     4.729 | SLOW    |     2.460 | FAST    |
S_A_i[3][0][2] | S_C_o[3][2][7] |     4.794 | SLOW    |     2.497 | FAST    |
S_A_i[3][0][2] | S_C_o[3][3][2] |     4.246 | SLOW    |     2.201 | FAST    |
S_A_i[3][0][2] | S_C_o[3][3][3] |     4.501 | SLOW    |     2.335 | FAST    |
S_A_i[3][0][2] | S_C_o[3][3][4] |     4.479 | SLOW    |     2.321 | FAST    |
S_A_i[3][0][2] | S_C_o[3][3][5] |     4.707 | SLOW    |     2.446 | FAST    |
S_A_i[3][0][2] | S_C_o[3][3][6] |     4.729 | SLOW    |     2.460 | FAST    |
S_A_i[3][0][2] | S_C_o[3][3][7] |     4.794 | SLOW    |     2.497 | FAST    |
S_A_i[3][0][3] | S_C_o[3][0][3] |     4.286 | SLOW    |     2.226 | FAST    |
S_A_i[3][0][3] | S_C_o[3][0][4] |     4.250 | SLOW    |     2.198 | FAST    |
S_A_i[3][0][3] | S_C_o[3][0][5] |     4.492 | SLOW    |     2.337 | FAST    |
S_A_i[3][0][3] | S_C_o[3][0][6] |     4.514 | SLOW    |     2.351 | FAST    |
S_A_i[3][0][3] | S_C_o[3][0][7] |     4.579 | SLOW    |     2.388 | FAST    |
S_A_i[3][0][3] | S_C_o[3][1][3] |     4.286 | SLOW    |     2.226 | FAST    |
S_A_i[3][0][3] | S_C_o[3][1][4] |     4.250 | SLOW    |     2.198 | FAST    |
S_A_i[3][0][3] | S_C_o[3][1][5] |     4.492 | SLOW    |     2.337 | FAST    |
S_A_i[3][0][3] | S_C_o[3][1][6] |     4.514 | SLOW    |     2.351 | FAST    |
S_A_i[3][0][3] | S_C_o[3][1][7] |     4.579 | SLOW    |     2.388 | FAST    |
S_A_i[3][0][3] | S_C_o[3][2][3] |     4.286 | SLOW    |     2.226 | FAST    |
S_A_i[3][0][3] | S_C_o[3][2][4] |     4.250 | SLOW    |     2.198 | FAST    |
S_A_i[3][0][3] | S_C_o[3][2][5] |     4.492 | SLOW    |     2.337 | FAST    |
S_A_i[3][0][3] | S_C_o[3][2][6] |     4.514 | SLOW    |     2.351 | FAST    |
S_A_i[3][0][3] | S_C_o[3][2][7] |     4.579 | SLOW    |     2.388 | FAST    |
S_A_i[3][0][3] | S_C_o[3][3][3] |     4.286 | SLOW    |     2.226 | FAST    |
S_A_i[3][0][3] | S_C_o[3][3][4] |     4.250 | SLOW    |     2.198 | FAST    |
S_A_i[3][0][3] | S_C_o[3][3][5] |     4.492 | SLOW    |     2.337 | FAST    |
S_A_i[3][0][3] | S_C_o[3][3][6] |     4.514 | SLOW    |     2.351 | FAST    |
S_A_i[3][0][3] | S_C_o[3][3][7] |     4.579 | SLOW    |     2.388 | FAST    |
S_A_i[3][0][4] | S_C_o[3][0][4] |     4.246 | SLOW    |     2.201 | FAST    |
S_A_i[3][0][4] | S_C_o[3][0][5] |     4.469 | SLOW    |     2.318 | FAST    |
S_A_i[3][0][4] | S_C_o[3][0][6] |     4.491 | SLOW    |     2.332 | FAST    |
S_A_i[3][0][4] | S_C_o[3][0][7] |     4.556 | SLOW    |     2.369 | FAST    |
S_A_i[3][0][4] | S_C_o[3][1][4] |     4.246 | SLOW    |     2.201 | FAST    |
S_A_i[3][0][4] | S_C_o[3][1][5] |     4.469 | SLOW    |     2.318 | FAST    |
S_A_i[3][0][4] | S_C_o[3][1][6] |     4.491 | SLOW    |     2.332 | FAST    |
S_A_i[3][0][4] | S_C_o[3][1][7] |     4.556 | SLOW    |     2.369 | FAST    |
S_A_i[3][0][4] | S_C_o[3][2][4] |     4.246 | SLOW    |     2.201 | FAST    |
S_A_i[3][0][4] | S_C_o[3][2][5] |     4.469 | SLOW    |     2.318 | FAST    |
S_A_i[3][0][4] | S_C_o[3][2][6] |     4.491 | SLOW    |     2.332 | FAST    |
S_A_i[3][0][4] | S_C_o[3][2][7] |     4.556 | SLOW    |     2.369 | FAST    |
S_A_i[3][0][4] | S_C_o[3][3][4] |     4.246 | SLOW    |     2.201 | FAST    |
S_A_i[3][0][4] | S_C_o[3][3][5] |     4.469 | SLOW    |     2.318 | FAST    |
S_A_i[3][0][4] | S_C_o[3][3][6] |     4.491 | SLOW    |     2.332 | FAST    |
S_A_i[3][0][4] | S_C_o[3][3][7] |     4.556 | SLOW    |     2.369 | FAST    |
S_A_i[3][0][5] | S_C_o[3][0][5] |     4.255 | SLOW    |     2.206 | FAST    |
S_A_i[3][0][5] | S_C_o[3][0][6] |     4.272 | SLOW    |     2.212 | FAST    |
S_A_i[3][0][5] | S_C_o[3][0][7] |     4.282 | SLOW    |     2.215 | FAST    |
S_A_i[3][0][5] | S_C_o[3][1][5] |     4.255 | SLOW    |     2.206 | FAST    |
S_A_i[3][0][5] | S_C_o[3][1][6] |     4.272 | SLOW    |     2.212 | FAST    |
S_A_i[3][0][5] | S_C_o[3][1][7] |     4.282 | SLOW    |     2.215 | FAST    |
S_A_i[3][0][5] | S_C_o[3][2][5] |     4.255 | SLOW    |     2.206 | FAST    |
S_A_i[3][0][5] | S_C_o[3][2][6] |     4.272 | SLOW    |     2.212 | FAST    |
S_A_i[3][0][5] | S_C_o[3][2][7] |     4.282 | SLOW    |     2.215 | FAST    |
S_A_i[3][0][5] | S_C_o[3][3][5] |     4.255 | SLOW    |     2.206 | FAST    |
S_A_i[3][0][5] | S_C_o[3][3][6] |     4.272 | SLOW    |     2.212 | FAST    |
S_A_i[3][0][5] | S_C_o[3][3][7] |     4.282 | SLOW    |     2.215 | FAST    |
S_A_i[3][0][6] | S_C_o[3][0][6] |     4.277 | SLOW    |     2.221 | FAST    |
S_A_i[3][0][6] | S_C_o[3][0][7] |     4.241 | SLOW    |     2.193 | FAST    |
S_A_i[3][0][6] | S_C_o[3][1][6] |     4.277 | SLOW    |     2.221 | FAST    |
S_A_i[3][0][6] | S_C_o[3][1][7] |     4.241 | SLOW    |     2.193 | FAST    |
S_A_i[3][0][6] | S_C_o[3][2][6] |     4.277 | SLOW    |     2.221 | FAST    |
S_A_i[3][0][6] | S_C_o[3][2][7] |     4.241 | SLOW    |     2.193 | FAST    |
S_A_i[3][0][6] | S_C_o[3][3][6] |     4.277 | SLOW    |     2.221 | FAST    |
S_A_i[3][0][6] | S_C_o[3][3][7] |     4.241 | SLOW    |     2.193 | FAST    |
S_A_i[3][0][7] | S_C_o[3][0][7] |     4.428 | SLOW    |     2.306 | FAST    |
S_A_i[3][0][7] | S_C_o[3][1][7] |     4.459 | SLOW    |     2.326 | FAST    |
S_A_i[3][0][7] | S_C_o[3][2][7] |     4.428 | SLOW    |     2.306 | FAST    |
S_A_i[3][0][7] | S_C_o[3][3][7] |     4.459 | SLOW    |     2.326 | FAST    |
S_B_i[0][0][0] | S_C_o[0][0][0] |     4.261 | SLOW    |     2.209 | FAST    |
S_B_i[0][0][0] | S_C_o[0][0][1] |     4.278 | SLOW    |     2.215 | FAST    |
S_B_i[0][0][0] | S_C_o[0][0][2] |     4.256 | SLOW    |     2.201 | FAST    |
S_B_i[0][0][0] | S_C_o[0][0][3] |     4.494 | SLOW    |     2.329 | FAST    |
S_B_i[0][0][0] | S_C_o[0][0][4] |     4.494 | SLOW    |     2.329 | FAST    |
S_B_i[0][0][0] | S_C_o[0][0][5] |     4.722 | SLOW    |     2.454 | FAST    |
S_B_i[0][0][0] | S_C_o[0][0][6] |     4.744 | SLOW    |     2.468 | FAST    |
S_B_i[0][0][0] | S_C_o[0][0][7] |     4.809 | SLOW    |     2.505 | FAST    |
S_B_i[0][0][0] | S_C_o[1][0][0] |     4.261 | SLOW    |     2.209 | FAST    |
S_B_i[0][0][0] | S_C_o[1][0][1] |     4.278 | SLOW    |     2.215 | FAST    |
S_B_i[0][0][0] | S_C_o[1][0][2] |     4.256 | SLOW    |     2.201 | FAST    |
S_B_i[0][0][0] | S_C_o[1][0][3] |     4.516 | SLOW    |     2.343 | FAST    |
S_B_i[0][0][0] | S_C_o[1][0][4] |     4.494 | SLOW    |     2.329 | FAST    |
S_B_i[0][0][0] | S_C_o[1][0][5] |     4.722 | SLOW    |     2.454 | FAST    |
S_B_i[0][0][0] | S_C_o[1][0][6] |     4.744 | SLOW    |     2.468 | FAST    |
S_B_i[0][0][0] | S_C_o[1][0][7] |     4.809 | SLOW    |     2.505 | FAST    |
S_B_i[0][0][0] | S_C_o[2][0][0] |     4.261 | SLOW    |     2.209 | FAST    |
S_B_i[0][0][0] | S_C_o[2][0][1] |     4.278 | SLOW    |     2.215 | FAST    |
S_B_i[0][0][0] | S_C_o[2][0][2] |     4.256 | SLOW    |     2.201 | FAST    |
S_B_i[0][0][0] | S_C_o[2][0][3] |     4.494 | SLOW    |     2.329 | FAST    |
S_B_i[0][0][0] | S_C_o[2][0][4] |     4.494 | SLOW    |     2.329 | FAST    |
S_B_i[0][0][0] | S_C_o[2][0][5] |     4.722 | SLOW    |     2.454 | FAST    |
S_B_i[0][0][0] | S_C_o[2][0][6] |     4.744 | SLOW    |     2.468 | FAST    |
S_B_i[0][0][0] | S_C_o[2][0][7] |     4.809 | SLOW    |     2.505 | FAST    |
S_B_i[0][0][0] | S_C_o[3][0][0] |     4.261 | SLOW    |     2.209 | FAST    |
S_B_i[0][0][0] | S_C_o[3][0][1] |     4.278 | SLOW    |     2.215 | FAST    |
S_B_i[0][0][0] | S_C_o[3][0][2] |     4.256 | SLOW    |     2.201 | FAST    |
S_B_i[0][0][0] | S_C_o[3][0][3] |     4.516 | SLOW    |     2.343 | FAST    |
S_B_i[0][0][0] | S_C_o[3][0][4] |     4.494 | SLOW    |     2.329 | FAST    |
S_B_i[0][0][0] | S_C_o[3][0][5] |     4.722 | SLOW    |     2.454 | FAST    |
S_B_i[0][0][0] | S_C_o[3][0][6] |     4.744 | SLOW    |     2.468 | FAST    |
S_B_i[0][0][0] | S_C_o[3][0][7] |     4.809 | SLOW    |     2.505 | FAST    |
S_B_i[0][0][1] | S_C_o[0][0][1] |     4.286 | SLOW    |     2.226 | FAST    |
S_B_i[0][0][1] | S_C_o[0][0][2] |     4.250 | SLOW    |     2.198 | FAST    |
S_B_i[0][0][1] | S_C_o[0][0][3] |     4.461 | SLOW    |     2.317 | FAST    |
S_B_i[0][0][1] | S_C_o[0][0][4] |     4.461 | SLOW    |     2.317 | FAST    |
S_B_i[0][0][1] | S_C_o[0][0][5] |     4.689 | SLOW    |     2.442 | FAST    |
S_B_i[0][0][1] | S_C_o[0][0][6] |     4.711 | SLOW    |     2.456 | FAST    |
S_B_i[0][0][1] | S_C_o[0][0][7] |     4.776 | SLOW    |     2.493 | FAST    |
S_B_i[0][0][1] | S_C_o[1][0][1] |     4.286 | SLOW    |     2.226 | FAST    |
S_B_i[0][0][1] | S_C_o[1][0][2] |     4.250 | SLOW    |     2.198 | FAST    |
S_B_i[0][0][1] | S_C_o[1][0][3] |     4.483 | SLOW    |     2.331 | FAST    |
S_B_i[0][0][1] | S_C_o[1][0][4] |     4.461 | SLOW    |     2.317 | FAST    |
S_B_i[0][0][1] | S_C_o[1][0][5] |     4.689 | SLOW    |     2.442 | FAST    |
S_B_i[0][0][1] | S_C_o[1][0][6] |     4.711 | SLOW    |     2.456 | FAST    |
S_B_i[0][0][1] | S_C_o[1][0][7] |     4.776 | SLOW    |     2.493 | FAST    |
S_B_i[0][0][1] | S_C_o[2][0][1] |     4.286 | SLOW    |     2.226 | FAST    |
S_B_i[0][0][1] | S_C_o[2][0][2] |     4.250 | SLOW    |     2.198 | FAST    |
S_B_i[0][0][1] | S_C_o[2][0][3] |     4.461 | SLOW    |     2.317 | FAST    |
S_B_i[0][0][1] | S_C_o[2][0][4] |     4.461 | SLOW    |     2.317 | FAST    |
S_B_i[0][0][1] | S_C_o[2][0][5] |     4.689 | SLOW    |     2.442 | FAST    |
S_B_i[0][0][1] | S_C_o[2][0][6] |     4.711 | SLOW    |     2.456 | FAST    |
S_B_i[0][0][1] | S_C_o[2][0][7] |     4.776 | SLOW    |     2.493 | FAST    |
S_B_i[0][0][1] | S_C_o[3][0][1] |     4.286 | SLOW    |     2.226 | FAST    |
S_B_i[0][0][1] | S_C_o[3][0][2] |     4.250 | SLOW    |     2.198 | FAST    |
S_B_i[0][0][1] | S_C_o[3][0][3] |     4.483 | SLOW    |     2.331 | FAST    |
S_B_i[0][0][1] | S_C_o[3][0][4] |     4.461 | SLOW    |     2.317 | FAST    |
S_B_i[0][0][1] | S_C_o[3][0][5] |     4.689 | SLOW    |     2.442 | FAST    |
S_B_i[0][0][1] | S_C_o[3][0][6] |     4.711 | SLOW    |     2.456 | FAST    |
S_B_i[0][0][1] | S_C_o[3][0][7] |     4.776 | SLOW    |     2.493 | FAST    |
S_B_i[0][0][2] | S_C_o[0][0][2] |     4.246 | SLOW    |     2.201 | FAST    |
S_B_i[0][0][2] | S_C_o[0][0][3] |     4.447 | SLOW    |     2.304 | FAST    |
S_B_i[0][0][2] | S_C_o[0][0][4] |     4.447 | SLOW    |     2.304 | FAST    |
S_B_i[0][0][2] | S_C_o[0][0][5] |     4.675 | SLOW    |     2.429 | FAST    |
S_B_i[0][0][2] | S_C_o[0][0][6] |     4.697 | SLOW    |     2.443 | FAST    |
S_B_i[0][0][2] | S_C_o[0][0][7] |     4.762 | SLOW    |     2.480 | FAST    |
S_B_i[0][0][2] | S_C_o[1][0][2] |     4.246 | SLOW    |     2.201 | FAST    |
S_B_i[0][0][2] | S_C_o[1][0][3] |     4.469 | SLOW    |     2.318 | FAST    |
S_B_i[0][0][2] | S_C_o[1][0][4] |     4.447 | SLOW    |     2.304 | FAST    |
S_B_i[0][0][2] | S_C_o[1][0][5] |     4.675 | SLOW    |     2.429 | FAST    |
S_B_i[0][0][2] | S_C_o[1][0][6] |     4.697 | SLOW    |     2.443 | FAST    |
S_B_i[0][0][2] | S_C_o[1][0][7] |     4.762 | SLOW    |     2.480 | FAST    |
S_B_i[0][0][2] | S_C_o[2][0][2] |     4.246 | SLOW    |     2.201 | FAST    |
S_B_i[0][0][2] | S_C_o[2][0][3] |     4.447 | SLOW    |     2.304 | FAST    |
S_B_i[0][0][2] | S_C_o[2][0][4] |     4.447 | SLOW    |     2.304 | FAST    |
S_B_i[0][0][2] | S_C_o[2][0][5] |     4.675 | SLOW    |     2.429 | FAST    |
S_B_i[0][0][2] | S_C_o[2][0][6] |     4.697 | SLOW    |     2.443 | FAST    |
S_B_i[0][0][2] | S_C_o[2][0][7] |     4.762 | SLOW    |     2.480 | FAST    |
S_B_i[0][0][2] | S_C_o[3][0][2] |     4.246 | SLOW    |     2.201 | FAST    |
S_B_i[0][0][2] | S_C_o[3][0][3] |     4.469 | SLOW    |     2.318 | FAST    |
S_B_i[0][0][2] | S_C_o[3][0][4] |     4.447 | SLOW    |     2.304 | FAST    |
S_B_i[0][0][2] | S_C_o[3][0][5] |     4.675 | SLOW    |     2.429 | FAST    |
S_B_i[0][0][2] | S_C_o[3][0][6] |     4.697 | SLOW    |     2.443 | FAST    |
S_B_i[0][0][2] | S_C_o[3][0][7] |     4.762 | SLOW    |     2.480 | FAST    |
S_B_i[0][0][3] | S_C_o[0][0][3] |     4.255 | SLOW    |     2.206 | FAST    |
S_B_i[0][0][3] | S_C_o[0][0][4] |     4.250 | SLOW    |     2.198 | FAST    |
S_B_i[0][0][3] | S_C_o[0][0][5] |     4.492 | SLOW    |     2.337 | FAST    |
S_B_i[0][0][3] | S_C_o[0][0][6] |     4.514 | SLOW    |     2.351 | FAST    |
S_B_i[0][0][3] | S_C_o[0][0][7] |     4.579 | SLOW    |     2.388 | FAST    |
S_B_i[0][0][3] | S_C_o[1][0][3] |     4.286 | SLOW    |     2.226 | FAST    |
S_B_i[0][0][3] | S_C_o[1][0][4] |     4.250 | SLOW    |     2.198 | FAST    |
S_B_i[0][0][3] | S_C_o[1][0][5] |     4.492 | SLOW    |     2.337 | FAST    |
S_B_i[0][0][3] | S_C_o[1][0][6] |     4.514 | SLOW    |     2.351 | FAST    |
S_B_i[0][0][3] | S_C_o[1][0][7] |     4.579 | SLOW    |     2.388 | FAST    |
S_B_i[0][0][3] | S_C_o[2][0][3] |     4.255 | SLOW    |     2.206 | FAST    |
S_B_i[0][0][3] | S_C_o[2][0][4] |     4.250 | SLOW    |     2.198 | FAST    |
S_B_i[0][0][3] | S_C_o[2][0][5] |     4.492 | SLOW    |     2.337 | FAST    |
S_B_i[0][0][3] | S_C_o[2][0][6] |     4.514 | SLOW    |     2.351 | FAST    |
S_B_i[0][0][3] | S_C_o[2][0][7] |     4.579 | SLOW    |     2.388 | FAST    |
S_B_i[0][0][3] | S_C_o[3][0][3] |     4.286 | SLOW    |     2.226 | FAST    |
S_B_i[0][0][3] | S_C_o[3][0][4] |     4.250 | SLOW    |     2.198 | FAST    |
S_B_i[0][0][3] | S_C_o[3][0][5] |     4.492 | SLOW    |     2.337 | FAST    |
S_B_i[0][0][3] | S_C_o[3][0][6] |     4.514 | SLOW    |     2.351 | FAST    |
S_B_i[0][0][3] | S_C_o[3][0][7] |     4.579 | SLOW    |     2.388 | FAST    |
S_B_i[0][0][4] | S_C_o[0][0][4] |     4.246 | SLOW    |     2.201 | FAST    |
S_B_i[0][0][4] | S_C_o[0][0][5] |     4.469 | SLOW    |     2.318 | FAST    |
S_B_i[0][0][4] | S_C_o[0][0][6] |     4.491 | SLOW    |     2.332 | FAST    |
S_B_i[0][0][4] | S_C_o[0][0][7] |     4.556 | SLOW    |     2.369 | FAST    |
S_B_i[0][0][4] | S_C_o[1][0][4] |     4.246 | SLOW    |     2.201 | FAST    |
S_B_i[0][0][4] | S_C_o[1][0][5] |     4.469 | SLOW    |     2.318 | FAST    |
S_B_i[0][0][4] | S_C_o[1][0][6] |     4.491 | SLOW    |     2.332 | FAST    |
S_B_i[0][0][4] | S_C_o[1][0][7] |     4.556 | SLOW    |     2.369 | FAST    |
S_B_i[0][0][4] | S_C_o[2][0][4] |     4.246 | SLOW    |     2.201 | FAST    |
S_B_i[0][0][4] | S_C_o[2][0][5] |     4.469 | SLOW    |     2.318 | FAST    |
S_B_i[0][0][4] | S_C_o[2][0][6] |     4.491 | SLOW    |     2.332 | FAST    |
S_B_i[0][0][4] | S_C_o[2][0][7] |     4.556 | SLOW    |     2.369 | FAST    |
S_B_i[0][0][4] | S_C_o[3][0][4] |     4.246 | SLOW    |     2.201 | FAST    |
S_B_i[0][0][4] | S_C_o[3][0][5] |     4.469 | SLOW    |     2.318 | FAST    |
S_B_i[0][0][4] | S_C_o[3][0][6] |     4.491 | SLOW    |     2.332 | FAST    |
S_B_i[0][0][4] | S_C_o[3][0][7] |     4.556 | SLOW    |     2.369 | FAST    |
S_B_i[0][0][5] | S_C_o[0][0][5] |     4.255 | SLOW    |     2.206 | FAST    |
S_B_i[0][0][5] | S_C_o[0][0][6] |     4.272 | SLOW    |     2.212 | FAST    |
S_B_i[0][0][5] | S_C_o[0][0][7] |     4.250 | SLOW    |     2.198 | FAST    |
S_B_i[0][0][5] | S_C_o[1][0][5] |     4.255 | SLOW    |     2.206 | FAST    |
S_B_i[0][0][5] | S_C_o[1][0][6] |     4.272 | SLOW    |     2.212 | FAST    |
S_B_i[0][0][5] | S_C_o[1][0][7] |     4.250 | SLOW    |     2.198 | FAST    |
S_B_i[0][0][5] | S_C_o[2][0][5] |     4.255 | SLOW    |     2.206 | FAST    |
S_B_i[0][0][5] | S_C_o[2][0][6] |     4.272 | SLOW    |     2.212 | FAST    |
S_B_i[0][0][5] | S_C_o[2][0][7] |     4.250 | SLOW    |     2.198 | FAST    |
S_B_i[0][0][5] | S_C_o[3][0][5] |     4.255 | SLOW    |     2.206 | FAST    |
S_B_i[0][0][5] | S_C_o[3][0][6] |     4.272 | SLOW    |     2.212 | FAST    |
S_B_i[0][0][5] | S_C_o[3][0][7] |     4.250 | SLOW    |     2.198 | FAST    |
S_B_i[0][0][6] | S_C_o[0][0][6] |     4.277 | SLOW    |     2.221 | FAST    |
S_B_i[0][0][6] | S_C_o[0][0][7] |     4.246 | SLOW    |     2.201 | FAST    |
S_B_i[0][0][6] | S_C_o[1][0][6] |     4.277 | SLOW    |     2.221 | FAST    |
S_B_i[0][0][6] | S_C_o[1][0][7] |     4.246 | SLOW    |     2.201 | FAST    |
S_B_i[0][0][6] | S_C_o[2][0][6] |     4.277 | SLOW    |     2.221 | FAST    |
S_B_i[0][0][6] | S_C_o[2][0][7] |     4.246 | SLOW    |     2.201 | FAST    |
S_B_i[0][0][6] | S_C_o[3][0][6] |     4.277 | SLOW    |     2.221 | FAST    |
S_B_i[0][0][6] | S_C_o[3][0][7] |     4.246 | SLOW    |     2.201 | FAST    |
S_B_i[0][0][7] | S_C_o[0][0][7] |     4.428 | SLOW    |     2.306 | FAST    |
S_B_i[0][0][7] | S_C_o[1][0][7] |     4.428 | SLOW    |     2.306 | FAST    |
S_B_i[0][0][7] | S_C_o[2][0][7] |     4.428 | SLOW    |     2.306 | FAST    |
S_B_i[0][0][7] | S_C_o[3][0][7] |     4.428 | SLOW    |     2.306 | FAST    |
S_B_i[0][1][0] | S_C_o[0][1][0] |     4.261 | SLOW    |     2.209 | FAST    |
S_B_i[0][1][0] | S_C_o[0][1][1] |     4.278 | SLOW    |     2.215 | FAST    |
S_B_i[0][1][0] | S_C_o[0][1][2] |     4.256 | SLOW    |     2.201 | FAST    |
S_B_i[0][1][0] | S_C_o[0][1][3] |     4.494 | SLOW    |     2.329 | FAST    |
S_B_i[0][1][0] | S_C_o[0][1][4] |     4.494 | SLOW    |     2.329 | FAST    |
S_B_i[0][1][0] | S_C_o[0][1][5] |     4.722 | SLOW    |     2.454 | FAST    |
S_B_i[0][1][0] | S_C_o[0][1][6] |     4.744 | SLOW    |     2.468 | FAST    |
S_B_i[0][1][0] | S_C_o[0][1][7] |     4.809 | SLOW    |     2.505 | FAST    |
S_B_i[0][1][0] | S_C_o[1][1][0] |     4.261 | SLOW    |     2.209 | FAST    |
S_B_i[0][1][0] | S_C_o[1][1][1] |     4.278 | SLOW    |     2.215 | FAST    |
S_B_i[0][1][0] | S_C_o[1][1][2] |     4.256 | SLOW    |     2.201 | FAST    |
S_B_i[0][1][0] | S_C_o[1][1][3] |     4.516 | SLOW    |     2.343 | FAST    |
S_B_i[0][1][0] | S_C_o[1][1][4] |     4.494 | SLOW    |     2.329 | FAST    |
S_B_i[0][1][0] | S_C_o[1][1][5] |     4.722 | SLOW    |     2.454 | FAST    |
S_B_i[0][1][0] | S_C_o[1][1][6] |     4.744 | SLOW    |     2.468 | FAST    |
S_B_i[0][1][0] | S_C_o[1][1][7] |     4.809 | SLOW    |     2.505 | FAST    |
S_B_i[0][1][0] | S_C_o[2][1][0] |     4.261 | SLOW    |     2.209 | FAST    |
S_B_i[0][1][0] | S_C_o[2][1][1] |     4.278 | SLOW    |     2.215 | FAST    |
S_B_i[0][1][0] | S_C_o[2][1][2] |     4.256 | SLOW    |     2.201 | FAST    |
S_B_i[0][1][0] | S_C_o[2][1][3] |     4.494 | SLOW    |     2.329 | FAST    |
S_B_i[0][1][0] | S_C_o[2][1][4] |     4.494 | SLOW    |     2.329 | FAST    |
S_B_i[0][1][0] | S_C_o[2][1][5] |     4.722 | SLOW    |     2.454 | FAST    |
S_B_i[0][1][0] | S_C_o[2][1][6] |     4.744 | SLOW    |     2.468 | FAST    |
S_B_i[0][1][0] | S_C_o[2][1][7] |     4.809 | SLOW    |     2.505 | FAST    |
S_B_i[0][1][0] | S_C_o[3][1][0] |     4.261 | SLOW    |     2.209 | FAST    |
S_B_i[0][1][0] | S_C_o[3][1][1] |     4.278 | SLOW    |     2.215 | FAST    |
S_B_i[0][1][0] | S_C_o[3][1][2] |     4.256 | SLOW    |     2.201 | FAST    |
S_B_i[0][1][0] | S_C_o[3][1][3] |     4.516 | SLOW    |     2.343 | FAST    |
S_B_i[0][1][0] | S_C_o[3][1][4] |     4.494 | SLOW    |     2.329 | FAST    |
S_B_i[0][1][0] | S_C_o[3][1][5] |     4.722 | SLOW    |     2.454 | FAST    |
S_B_i[0][1][0] | S_C_o[3][1][6] |     4.744 | SLOW    |     2.468 | FAST    |
S_B_i[0][1][0] | S_C_o[3][1][7] |     4.809 | SLOW    |     2.505 | FAST    |
S_B_i[0][1][1] | S_C_o[0][1][1] |     4.286 | SLOW    |     2.226 | FAST    |
S_B_i[0][1][1] | S_C_o[0][1][2] |     4.250 | SLOW    |     2.198 | FAST    |
S_B_i[0][1][1] | S_C_o[0][1][3] |     4.461 | SLOW    |     2.317 | FAST    |
S_B_i[0][1][1] | S_C_o[0][1][4] |     4.461 | SLOW    |     2.317 | FAST    |
S_B_i[0][1][1] | S_C_o[0][1][5] |     4.689 | SLOW    |     2.442 | FAST    |
S_B_i[0][1][1] | S_C_o[0][1][6] |     4.711 | SLOW    |     2.456 | FAST    |
S_B_i[0][1][1] | S_C_o[0][1][7] |     4.776 | SLOW    |     2.493 | FAST    |
S_B_i[0][1][1] | S_C_o[1][1][1] |     4.286 | SLOW    |     2.226 | FAST    |
S_B_i[0][1][1] | S_C_o[1][1][2] |     4.250 | SLOW    |     2.198 | FAST    |
S_B_i[0][1][1] | S_C_o[1][1][3] |     4.483 | SLOW    |     2.331 | FAST    |
S_B_i[0][1][1] | S_C_o[1][1][4] |     4.461 | SLOW    |     2.317 | FAST    |
S_B_i[0][1][1] | S_C_o[1][1][5] |     4.689 | SLOW    |     2.442 | FAST    |
S_B_i[0][1][1] | S_C_o[1][1][6] |     4.711 | SLOW    |     2.456 | FAST    |
S_B_i[0][1][1] | S_C_o[1][1][7] |     4.776 | SLOW    |     2.493 | FAST    |
S_B_i[0][1][1] | S_C_o[2][1][1] |     4.286 | SLOW    |     2.226 | FAST    |
S_B_i[0][1][1] | S_C_o[2][1][2] |     4.250 | SLOW    |     2.198 | FAST    |
S_B_i[0][1][1] | S_C_o[2][1][3] |     4.461 | SLOW    |     2.317 | FAST    |
S_B_i[0][1][1] | S_C_o[2][1][4] |     4.461 | SLOW    |     2.317 | FAST    |
S_B_i[0][1][1] | S_C_o[2][1][5] |     4.689 | SLOW    |     2.442 | FAST    |
S_B_i[0][1][1] | S_C_o[2][1][6] |     4.711 | SLOW    |     2.456 | FAST    |
S_B_i[0][1][1] | S_C_o[2][1][7] |     4.776 | SLOW    |     2.493 | FAST    |
S_B_i[0][1][1] | S_C_o[3][1][1] |     4.286 | SLOW    |     2.226 | FAST    |
S_B_i[0][1][1] | S_C_o[3][1][2] |     4.250 | SLOW    |     2.198 | FAST    |
S_B_i[0][1][1] | S_C_o[3][1][3] |     4.483 | SLOW    |     2.331 | FAST    |
S_B_i[0][1][1] | S_C_o[3][1][4] |     4.461 | SLOW    |     2.317 | FAST    |
S_B_i[0][1][1] | S_C_o[3][1][5] |     4.689 | SLOW    |     2.442 | FAST    |
S_B_i[0][1][1] | S_C_o[3][1][6] |     4.711 | SLOW    |     2.456 | FAST    |
S_B_i[0][1][1] | S_C_o[3][1][7] |     4.776 | SLOW    |     2.493 | FAST    |
S_B_i[0][1][2] | S_C_o[0][1][2] |     4.246 | SLOW    |     2.201 | FAST    |
S_B_i[0][1][2] | S_C_o[0][1][3] |     4.447 | SLOW    |     2.304 | FAST    |
S_B_i[0][1][2] | S_C_o[0][1][4] |     4.447 | SLOW    |     2.304 | FAST    |
S_B_i[0][1][2] | S_C_o[0][1][5] |     4.675 | SLOW    |     2.429 | FAST    |
S_B_i[0][1][2] | S_C_o[0][1][6] |     4.697 | SLOW    |     2.443 | FAST    |
S_B_i[0][1][2] | S_C_o[0][1][7] |     4.762 | SLOW    |     2.480 | FAST    |
S_B_i[0][1][2] | S_C_o[1][1][2] |     4.246 | SLOW    |     2.201 | FAST    |
S_B_i[0][1][2] | S_C_o[1][1][3] |     4.469 | SLOW    |     2.318 | FAST    |
S_B_i[0][1][2] | S_C_o[1][1][4] |     4.447 | SLOW    |     2.304 | FAST    |
S_B_i[0][1][2] | S_C_o[1][1][5] |     4.675 | SLOW    |     2.429 | FAST    |
S_B_i[0][1][2] | S_C_o[1][1][6] |     4.697 | SLOW    |     2.443 | FAST    |
S_B_i[0][1][2] | S_C_o[1][1][7] |     4.762 | SLOW    |     2.480 | FAST    |
S_B_i[0][1][2] | S_C_o[2][1][2] |     4.246 | SLOW    |     2.201 | FAST    |
S_B_i[0][1][2] | S_C_o[2][1][3] |     4.447 | SLOW    |     2.304 | FAST    |
S_B_i[0][1][2] | S_C_o[2][1][4] |     4.447 | SLOW    |     2.304 | FAST    |
S_B_i[0][1][2] | S_C_o[2][1][5] |     4.675 | SLOW    |     2.429 | FAST    |
S_B_i[0][1][2] | S_C_o[2][1][6] |     4.697 | SLOW    |     2.443 | FAST    |
S_B_i[0][1][2] | S_C_o[2][1][7] |     4.762 | SLOW    |     2.480 | FAST    |
S_B_i[0][1][2] | S_C_o[3][1][2] |     4.246 | SLOW    |     2.201 | FAST    |
S_B_i[0][1][2] | S_C_o[3][1][3] |     4.469 | SLOW    |     2.318 | FAST    |
S_B_i[0][1][2] | S_C_o[3][1][4] |     4.447 | SLOW    |     2.304 | FAST    |
S_B_i[0][1][2] | S_C_o[3][1][5] |     4.675 | SLOW    |     2.429 | FAST    |
S_B_i[0][1][2] | S_C_o[3][1][6] |     4.697 | SLOW    |     2.443 | FAST    |
S_B_i[0][1][2] | S_C_o[3][1][7] |     4.762 | SLOW    |     2.480 | FAST    |
S_B_i[0][1][3] | S_C_o[0][1][3] |     4.255 | SLOW    |     2.206 | FAST    |
S_B_i[0][1][3] | S_C_o[0][1][4] |     4.250 | SLOW    |     2.198 | FAST    |
S_B_i[0][1][3] | S_C_o[0][1][5] |     4.492 | SLOW    |     2.337 | FAST    |
S_B_i[0][1][3] | S_C_o[0][1][6] |     4.514 | SLOW    |     2.351 | FAST    |
S_B_i[0][1][3] | S_C_o[0][1][7] |     4.579 | SLOW    |     2.388 | FAST    |
S_B_i[0][1][3] | S_C_o[1][1][3] |     4.286 | SLOW    |     2.226 | FAST    |
S_B_i[0][1][3] | S_C_o[1][1][4] |     4.250 | SLOW    |     2.198 | FAST    |
S_B_i[0][1][3] | S_C_o[1][1][5] |     4.492 | SLOW    |     2.337 | FAST    |
S_B_i[0][1][3] | S_C_o[1][1][6] |     4.514 | SLOW    |     2.351 | FAST    |
S_B_i[0][1][3] | S_C_o[1][1][7] |     4.579 | SLOW    |     2.388 | FAST    |
S_B_i[0][1][3] | S_C_o[2][1][3] |     4.255 | SLOW    |     2.206 | FAST    |
S_B_i[0][1][3] | S_C_o[2][1][4] |     4.250 | SLOW    |     2.198 | FAST    |
S_B_i[0][1][3] | S_C_o[2][1][5] |     4.492 | SLOW    |     2.337 | FAST    |
S_B_i[0][1][3] | S_C_o[2][1][6] |     4.514 | SLOW    |     2.351 | FAST    |
S_B_i[0][1][3] | S_C_o[2][1][7] |     4.579 | SLOW    |     2.388 | FAST    |
S_B_i[0][1][3] | S_C_o[3][1][3] |     4.286 | SLOW    |     2.226 | FAST    |
S_B_i[0][1][3] | S_C_o[3][1][4] |     4.250 | SLOW    |     2.198 | FAST    |
S_B_i[0][1][3] | S_C_o[3][1][5] |     4.492 | SLOW    |     2.337 | FAST    |
S_B_i[0][1][3] | S_C_o[3][1][6] |     4.514 | SLOW    |     2.351 | FAST    |
S_B_i[0][1][3] | S_C_o[3][1][7] |     4.579 | SLOW    |     2.388 | FAST    |
S_B_i[0][1][4] | S_C_o[0][1][4] |     4.246 | SLOW    |     2.201 | FAST    |
S_B_i[0][1][4] | S_C_o[0][1][5] |     4.469 | SLOW    |     2.318 | FAST    |
S_B_i[0][1][4] | S_C_o[0][1][6] |     4.491 | SLOW    |     2.332 | FAST    |
S_B_i[0][1][4] | S_C_o[0][1][7] |     4.556 | SLOW    |     2.369 | FAST    |
S_B_i[0][1][4] | S_C_o[1][1][4] |     4.246 | SLOW    |     2.201 | FAST    |
S_B_i[0][1][4] | S_C_o[1][1][5] |     4.469 | SLOW    |     2.318 | FAST    |
S_B_i[0][1][4] | S_C_o[1][1][6] |     4.491 | SLOW    |     2.332 | FAST    |
S_B_i[0][1][4] | S_C_o[1][1][7] |     4.556 | SLOW    |     2.369 | FAST    |
S_B_i[0][1][4] | S_C_o[2][1][4] |     4.246 | SLOW    |     2.201 | FAST    |
S_B_i[0][1][4] | S_C_o[2][1][5] |     4.469 | SLOW    |     2.318 | FAST    |
S_B_i[0][1][4] | S_C_o[2][1][6] |     4.491 | SLOW    |     2.332 | FAST    |
S_B_i[0][1][4] | S_C_o[2][1][7] |     4.556 | SLOW    |     2.369 | FAST    |
S_B_i[0][1][4] | S_C_o[3][1][4] |     4.246 | SLOW    |     2.201 | FAST    |
S_B_i[0][1][4] | S_C_o[3][1][5] |     4.469 | SLOW    |     2.318 | FAST    |
S_B_i[0][1][4] | S_C_o[3][1][6] |     4.491 | SLOW    |     2.332 | FAST    |
S_B_i[0][1][4] | S_C_o[3][1][7] |     4.556 | SLOW    |     2.369 | FAST    |
S_B_i[0][1][5] | S_C_o[0][1][5] |     4.255 | SLOW    |     2.206 | FAST    |
S_B_i[0][1][5] | S_C_o[0][1][6] |     4.272 | SLOW    |     2.212 | FAST    |
S_B_i[0][1][5] | S_C_o[0][1][7] |     4.250 | SLOW    |     2.198 | FAST    |
S_B_i[0][1][5] | S_C_o[1][1][5] |     4.255 | SLOW    |     2.206 | FAST    |
S_B_i[0][1][5] | S_C_o[1][1][6] |     4.272 | SLOW    |     2.212 | FAST    |
S_B_i[0][1][5] | S_C_o[1][1][7] |     4.250 | SLOW    |     2.198 | FAST    |
S_B_i[0][1][5] | S_C_o[2][1][5] |     4.255 | SLOW    |     2.206 | FAST    |
S_B_i[0][1][5] | S_C_o[2][1][6] |     4.272 | SLOW    |     2.212 | FAST    |
S_B_i[0][1][5] | S_C_o[2][1][7] |     4.250 | SLOW    |     2.198 | FAST    |
S_B_i[0][1][5] | S_C_o[3][1][5] |     4.255 | SLOW    |     2.206 | FAST    |
S_B_i[0][1][5] | S_C_o[3][1][6] |     4.272 | SLOW    |     2.212 | FAST    |
S_B_i[0][1][5] | S_C_o[3][1][7] |     4.250 | SLOW    |     2.198 | FAST    |
S_B_i[0][1][6] | S_C_o[0][1][6] |     4.277 | SLOW    |     2.221 | FAST    |
S_B_i[0][1][6] | S_C_o[0][1][7] |     4.246 | SLOW    |     2.201 | FAST    |
S_B_i[0][1][6] | S_C_o[1][1][6] |     4.277 | SLOW    |     2.221 | FAST    |
S_B_i[0][1][6] | S_C_o[1][1][7] |     4.246 | SLOW    |     2.201 | FAST    |
S_B_i[0][1][6] | S_C_o[2][1][6] |     4.277 | SLOW    |     2.221 | FAST    |
S_B_i[0][1][6] | S_C_o[2][1][7] |     4.246 | SLOW    |     2.201 | FAST    |
S_B_i[0][1][6] | S_C_o[3][1][6] |     4.277 | SLOW    |     2.221 | FAST    |
S_B_i[0][1][6] | S_C_o[3][1][7] |     4.246 | SLOW    |     2.201 | FAST    |
S_B_i[0][1][7] | S_C_o[0][1][7] |     4.459 | SLOW    |     2.326 | FAST    |
S_B_i[0][1][7] | S_C_o[1][1][7] |     4.459 | SLOW    |     2.326 | FAST    |
S_B_i[0][1][7] | S_C_o[2][1][7] |     4.459 | SLOW    |     2.326 | FAST    |
S_B_i[0][1][7] | S_C_o[3][1][7] |     4.459 | SLOW    |     2.326 | FAST    |
S_B_i[0][2][0] | S_C_o[0][2][0] |     4.261 | SLOW    |     2.209 | FAST    |
S_B_i[0][2][0] | S_C_o[0][2][1] |     4.278 | SLOW    |     2.215 | FAST    |
S_B_i[0][2][0] | S_C_o[0][2][2] |     4.256 | SLOW    |     2.201 | FAST    |
S_B_i[0][2][0] | S_C_o[0][2][3] |     4.494 | SLOW    |     2.329 | FAST    |
S_B_i[0][2][0] | S_C_o[0][2][4] |     4.494 | SLOW    |     2.329 | FAST    |
S_B_i[0][2][0] | S_C_o[0][2][5] |     4.722 | SLOW    |     2.454 | FAST    |
S_B_i[0][2][0] | S_C_o[0][2][6] |     4.744 | SLOW    |     2.468 | FAST    |
S_B_i[0][2][0] | S_C_o[0][2][7] |     4.809 | SLOW    |     2.505 | FAST    |
S_B_i[0][2][0] | S_C_o[1][2][0] |     4.261 | SLOW    |     2.209 | FAST    |
S_B_i[0][2][0] | S_C_o[1][2][1] |     4.278 | SLOW    |     2.215 | FAST    |
S_B_i[0][2][0] | S_C_o[1][2][2] |     4.256 | SLOW    |     2.201 | FAST    |
S_B_i[0][2][0] | S_C_o[1][2][3] |     4.516 | SLOW    |     2.343 | FAST    |
S_B_i[0][2][0] | S_C_o[1][2][4] |     4.494 | SLOW    |     2.329 | FAST    |
S_B_i[0][2][0] | S_C_o[1][2][5] |     4.722 | SLOW    |     2.454 | FAST    |
S_B_i[0][2][0] | S_C_o[1][2][6] |     4.744 | SLOW    |     2.468 | FAST    |
S_B_i[0][2][0] | S_C_o[1][2][7] |     4.809 | SLOW    |     2.505 | FAST    |
S_B_i[0][2][0] | S_C_o[2][2][0] |     4.261 | SLOW    |     2.209 | FAST    |
S_B_i[0][2][0] | S_C_o[2][2][1] |     4.278 | SLOW    |     2.215 | FAST    |
S_B_i[0][2][0] | S_C_o[2][2][2] |     4.256 | SLOW    |     2.201 | FAST    |
S_B_i[0][2][0] | S_C_o[2][2][3] |     4.494 | SLOW    |     2.329 | FAST    |
S_B_i[0][2][0] | S_C_o[2][2][4] |     4.494 | SLOW    |     2.329 | FAST    |
S_B_i[0][2][0] | S_C_o[2][2][5] |     4.722 | SLOW    |     2.454 | FAST    |
S_B_i[0][2][0] | S_C_o[2][2][6] |     4.744 | SLOW    |     2.468 | FAST    |
S_B_i[0][2][0] | S_C_o[2][2][7] |     4.809 | SLOW    |     2.505 | FAST    |
S_B_i[0][2][0] | S_C_o[3][2][0] |     4.261 | SLOW    |     2.209 | FAST    |
S_B_i[0][2][0] | S_C_o[3][2][1] |     4.278 | SLOW    |     2.215 | FAST    |
S_B_i[0][2][0] | S_C_o[3][2][2] |     4.256 | SLOW    |     2.201 | FAST    |
S_B_i[0][2][0] | S_C_o[3][2][3] |     4.516 | SLOW    |     2.343 | FAST    |
S_B_i[0][2][0] | S_C_o[3][2][4] |     4.494 | SLOW    |     2.329 | FAST    |
S_B_i[0][2][0] | S_C_o[3][2][5] |     4.722 | SLOW    |     2.454 | FAST    |
S_B_i[0][2][0] | S_C_o[3][2][6] |     4.744 | SLOW    |     2.468 | FAST    |
S_B_i[0][2][0] | S_C_o[3][2][7] |     4.809 | SLOW    |     2.505 | FAST    |
S_B_i[0][2][1] | S_C_o[0][2][1] |     4.286 | SLOW    |     2.226 | FAST    |
S_B_i[0][2][1] | S_C_o[0][2][2] |     4.250 | SLOW    |     2.198 | FAST    |
S_B_i[0][2][1] | S_C_o[0][2][3] |     4.461 | SLOW    |     2.317 | FAST    |
S_B_i[0][2][1] | S_C_o[0][2][4] |     4.461 | SLOW    |     2.317 | FAST    |
S_B_i[0][2][1] | S_C_o[0][2][5] |     4.689 | SLOW    |     2.442 | FAST    |
S_B_i[0][2][1] | S_C_o[0][2][6] |     4.711 | SLOW    |     2.456 | FAST    |
S_B_i[0][2][1] | S_C_o[0][2][7] |     4.776 | SLOW    |     2.493 | FAST    |
S_B_i[0][2][1] | S_C_o[1][2][1] |     4.286 | SLOW    |     2.226 | FAST    |
S_B_i[0][2][1] | S_C_o[1][2][2] |     4.250 | SLOW    |     2.198 | FAST    |
S_B_i[0][2][1] | S_C_o[1][2][3] |     4.483 | SLOW    |     2.331 | FAST    |
S_B_i[0][2][1] | S_C_o[1][2][4] |     4.461 | SLOW    |     2.317 | FAST    |
S_B_i[0][2][1] | S_C_o[1][2][5] |     4.689 | SLOW    |     2.442 | FAST    |
S_B_i[0][2][1] | S_C_o[1][2][6] |     4.711 | SLOW    |     2.456 | FAST    |
S_B_i[0][2][1] | S_C_o[1][2][7] |     4.776 | SLOW    |     2.493 | FAST    |
S_B_i[0][2][1] | S_C_o[2][2][1] |     4.286 | SLOW    |     2.226 | FAST    |
S_B_i[0][2][1] | S_C_o[2][2][2] |     4.250 | SLOW    |     2.198 | FAST    |
S_B_i[0][2][1] | S_C_o[2][2][3] |     4.461 | SLOW    |     2.317 | FAST    |
S_B_i[0][2][1] | S_C_o[2][2][4] |     4.461 | SLOW    |     2.317 | FAST    |
S_B_i[0][2][1] | S_C_o[2][2][5] |     4.689 | SLOW    |     2.442 | FAST    |
S_B_i[0][2][1] | S_C_o[2][2][6] |     4.711 | SLOW    |     2.456 | FAST    |
S_B_i[0][2][1] | S_C_o[2][2][7] |     4.776 | SLOW    |     2.493 | FAST    |
S_B_i[0][2][1] | S_C_o[3][2][1] |     4.286 | SLOW    |     2.226 | FAST    |
S_B_i[0][2][1] | S_C_o[3][2][2] |     4.250 | SLOW    |     2.198 | FAST    |
S_B_i[0][2][1] | S_C_o[3][2][3] |     4.483 | SLOW    |     2.331 | FAST    |
S_B_i[0][2][1] | S_C_o[3][2][4] |     4.461 | SLOW    |     2.317 | FAST    |
S_B_i[0][2][1] | S_C_o[3][2][5] |     4.689 | SLOW    |     2.442 | FAST    |
S_B_i[0][2][1] | S_C_o[3][2][6] |     4.711 | SLOW    |     2.456 | FAST    |
S_B_i[0][2][1] | S_C_o[3][2][7] |     4.776 | SLOW    |     2.493 | FAST    |
S_B_i[0][2][2] | S_C_o[0][2][2] |     4.246 | SLOW    |     2.201 | FAST    |
S_B_i[0][2][2] | S_C_o[0][2][3] |     4.447 | SLOW    |     2.304 | FAST    |
S_B_i[0][2][2] | S_C_o[0][2][4] |     4.447 | SLOW    |     2.304 | FAST    |
S_B_i[0][2][2] | S_C_o[0][2][5] |     4.675 | SLOW    |     2.429 | FAST    |
S_B_i[0][2][2] | S_C_o[0][2][6] |     4.697 | SLOW    |     2.443 | FAST    |
S_B_i[0][2][2] | S_C_o[0][2][7] |     4.762 | SLOW    |     2.480 | FAST    |
S_B_i[0][2][2] | S_C_o[1][2][2] |     4.246 | SLOW    |     2.201 | FAST    |
S_B_i[0][2][2] | S_C_o[1][2][3] |     4.469 | SLOW    |     2.318 | FAST    |
S_B_i[0][2][2] | S_C_o[1][2][4] |     4.447 | SLOW    |     2.304 | FAST    |
S_B_i[0][2][2] | S_C_o[1][2][5] |     4.675 | SLOW    |     2.429 | FAST    |
S_B_i[0][2][2] | S_C_o[1][2][6] |     4.697 | SLOW    |     2.443 | FAST    |
S_B_i[0][2][2] | S_C_o[1][2][7] |     4.762 | SLOW    |     2.480 | FAST    |
S_B_i[0][2][2] | S_C_o[2][2][2] |     4.246 | SLOW    |     2.201 | FAST    |
S_B_i[0][2][2] | S_C_o[2][2][3] |     4.447 | SLOW    |     2.304 | FAST    |
S_B_i[0][2][2] | S_C_o[2][2][4] |     4.447 | SLOW    |     2.304 | FAST    |
S_B_i[0][2][2] | S_C_o[2][2][5] |     4.675 | SLOW    |     2.429 | FAST    |
S_B_i[0][2][2] | S_C_o[2][2][6] |     4.697 | SLOW    |     2.443 | FAST    |
S_B_i[0][2][2] | S_C_o[2][2][7] |     4.762 | SLOW    |     2.480 | FAST    |
S_B_i[0][2][2] | S_C_o[3][2][2] |     4.246 | SLOW    |     2.201 | FAST    |
S_B_i[0][2][2] | S_C_o[3][2][3] |     4.469 | SLOW    |     2.318 | FAST    |
S_B_i[0][2][2] | S_C_o[3][2][4] |     4.447 | SLOW    |     2.304 | FAST    |
S_B_i[0][2][2] | S_C_o[3][2][5] |     4.675 | SLOW    |     2.429 | FAST    |
S_B_i[0][2][2] | S_C_o[3][2][6] |     4.697 | SLOW    |     2.443 | FAST    |
S_B_i[0][2][2] | S_C_o[3][2][7] |     4.762 | SLOW    |     2.480 | FAST    |
S_B_i[0][2][3] | S_C_o[0][2][3] |     4.255 | SLOW    |     2.206 | FAST    |
S_B_i[0][2][3] | S_C_o[0][2][4] |     4.250 | SLOW    |     2.198 | FAST    |
S_B_i[0][2][3] | S_C_o[0][2][5] |     4.492 | SLOW    |     2.337 | FAST    |
S_B_i[0][2][3] | S_C_o[0][2][6] |     4.514 | SLOW    |     2.351 | FAST    |
S_B_i[0][2][3] | S_C_o[0][2][7] |     4.579 | SLOW    |     2.388 | FAST    |
S_B_i[0][2][3] | S_C_o[1][2][3] |     4.286 | SLOW    |     2.226 | FAST    |
S_B_i[0][2][3] | S_C_o[1][2][4] |     4.250 | SLOW    |     2.198 | FAST    |
S_B_i[0][2][3] | S_C_o[1][2][5] |     4.492 | SLOW    |     2.337 | FAST    |
S_B_i[0][2][3] | S_C_o[1][2][6] |     4.514 | SLOW    |     2.351 | FAST    |
S_B_i[0][2][3] | S_C_o[1][2][7] |     4.579 | SLOW    |     2.388 | FAST    |
S_B_i[0][2][3] | S_C_o[2][2][3] |     4.255 | SLOW    |     2.206 | FAST    |
S_B_i[0][2][3] | S_C_o[2][2][4] |     4.250 | SLOW    |     2.198 | FAST    |
S_B_i[0][2][3] | S_C_o[2][2][5] |     4.492 | SLOW    |     2.337 | FAST    |
S_B_i[0][2][3] | S_C_o[2][2][6] |     4.514 | SLOW    |     2.351 | FAST    |
S_B_i[0][2][3] | S_C_o[2][2][7] |     4.579 | SLOW    |     2.388 | FAST    |
S_B_i[0][2][3] | S_C_o[3][2][3] |     4.286 | SLOW    |     2.226 | FAST    |
S_B_i[0][2][3] | S_C_o[3][2][4] |     4.250 | SLOW    |     2.198 | FAST    |
S_B_i[0][2][3] | S_C_o[3][2][5] |     4.492 | SLOW    |     2.337 | FAST    |
S_B_i[0][2][3] | S_C_o[3][2][6] |     4.514 | SLOW    |     2.351 | FAST    |
S_B_i[0][2][3] | S_C_o[3][2][7] |     4.579 | SLOW    |     2.388 | FAST    |
S_B_i[0][2][4] | S_C_o[0][2][4] |     4.246 | SLOW    |     2.201 | FAST    |
S_B_i[0][2][4] | S_C_o[0][2][5] |     4.469 | SLOW    |     2.318 | FAST    |
S_B_i[0][2][4] | S_C_o[0][2][6] |     4.491 | SLOW    |     2.332 | FAST    |
S_B_i[0][2][4] | S_C_o[0][2][7] |     4.556 | SLOW    |     2.369 | FAST    |
S_B_i[0][2][4] | S_C_o[1][2][4] |     4.246 | SLOW    |     2.201 | FAST    |
S_B_i[0][2][4] | S_C_o[1][2][5] |     4.469 | SLOW    |     2.318 | FAST    |
S_B_i[0][2][4] | S_C_o[1][2][6] |     4.491 | SLOW    |     2.332 | FAST    |
S_B_i[0][2][4] | S_C_o[1][2][7] |     4.556 | SLOW    |     2.369 | FAST    |
S_B_i[0][2][4] | S_C_o[2][2][4] |     4.246 | SLOW    |     2.201 | FAST    |
S_B_i[0][2][4] | S_C_o[2][2][5] |     4.469 | SLOW    |     2.318 | FAST    |
S_B_i[0][2][4] | S_C_o[2][2][6] |     4.491 | SLOW    |     2.332 | FAST    |
S_B_i[0][2][4] | S_C_o[2][2][7] |     4.556 | SLOW    |     2.369 | FAST    |
S_B_i[0][2][4] | S_C_o[3][2][4] |     4.246 | SLOW    |     2.201 | FAST    |
S_B_i[0][2][4] | S_C_o[3][2][5] |     4.469 | SLOW    |     2.318 | FAST    |
S_B_i[0][2][4] | S_C_o[3][2][6] |     4.491 | SLOW    |     2.332 | FAST    |
S_B_i[0][2][4] | S_C_o[3][2][7] |     4.556 | SLOW    |     2.369 | FAST    |
S_B_i[0][2][5] | S_C_o[0][2][5] |     4.255 | SLOW    |     2.206 | FAST    |
S_B_i[0][2][5] | S_C_o[0][2][6] |     4.272 | SLOW    |     2.212 | FAST    |
S_B_i[0][2][5] | S_C_o[0][2][7] |     4.250 | SLOW    |     2.198 | FAST    |
S_B_i[0][2][5] | S_C_o[1][2][5] |     4.255 | SLOW    |     2.206 | FAST    |
S_B_i[0][2][5] | S_C_o[1][2][6] |     4.272 | SLOW    |     2.212 | FAST    |
S_B_i[0][2][5] | S_C_o[1][2][7] |     4.250 | SLOW    |     2.198 | FAST    |
S_B_i[0][2][5] | S_C_o[2][2][5] |     4.255 | SLOW    |     2.206 | FAST    |
S_B_i[0][2][5] | S_C_o[2][2][6] |     4.272 | SLOW    |     2.212 | FAST    |
S_B_i[0][2][5] | S_C_o[2][2][7] |     4.250 | SLOW    |     2.198 | FAST    |
S_B_i[0][2][5] | S_C_o[3][2][5] |     4.255 | SLOW    |     2.206 | FAST    |
S_B_i[0][2][5] | S_C_o[3][2][6] |     4.272 | SLOW    |     2.212 | FAST    |
S_B_i[0][2][5] | S_C_o[3][2][7] |     4.250 | SLOW    |     2.198 | FAST    |
S_B_i[0][2][6] | S_C_o[0][2][6] |     4.277 | SLOW    |     2.221 | FAST    |
S_B_i[0][2][6] | S_C_o[0][2][7] |     4.246 | SLOW    |     2.201 | FAST    |
S_B_i[0][2][6] | S_C_o[1][2][6] |     4.277 | SLOW    |     2.221 | FAST    |
S_B_i[0][2][6] | S_C_o[1][2][7] |     4.246 | SLOW    |     2.201 | FAST    |
S_B_i[0][2][6] | S_C_o[2][2][6] |     4.277 | SLOW    |     2.221 | FAST    |
S_B_i[0][2][6] | S_C_o[2][2][7] |     4.246 | SLOW    |     2.201 | FAST    |
S_B_i[0][2][6] | S_C_o[3][2][6] |     4.277 | SLOW    |     2.221 | FAST    |
S_B_i[0][2][6] | S_C_o[3][2][7] |     4.246 | SLOW    |     2.201 | FAST    |
S_B_i[0][2][7] | S_C_o[0][2][7] |     4.428 | SLOW    |     2.306 | FAST    |
S_B_i[0][2][7] | S_C_o[1][2][7] |     4.428 | SLOW    |     2.306 | FAST    |
S_B_i[0][2][7] | S_C_o[2][2][7] |     4.428 | SLOW    |     2.306 | FAST    |
S_B_i[0][2][7] | S_C_o[3][2][7] |     4.428 | SLOW    |     2.306 | FAST    |
S_B_i[0][3][0] | S_C_o[0][3][0] |     4.261 | SLOW    |     2.209 | FAST    |
S_B_i[0][3][0] | S_C_o[0][3][1] |     4.278 | SLOW    |     2.215 | FAST    |
S_B_i[0][3][0] | S_C_o[0][3][2] |     4.256 | SLOW    |     2.201 | FAST    |
S_B_i[0][3][0] | S_C_o[0][3][3] |     4.494 | SLOW    |     2.329 | FAST    |
S_B_i[0][3][0] | S_C_o[0][3][4] |     4.494 | SLOW    |     2.329 | FAST    |
S_B_i[0][3][0] | S_C_o[0][3][5] |     4.722 | SLOW    |     2.454 | FAST    |
S_B_i[0][3][0] | S_C_o[0][3][6] |     4.744 | SLOW    |     2.468 | FAST    |
S_B_i[0][3][0] | S_C_o[0][3][7] |     4.809 | SLOW    |     2.505 | FAST    |
S_B_i[0][3][0] | S_C_o[1][3][0] |     4.261 | SLOW    |     2.209 | FAST    |
S_B_i[0][3][0] | S_C_o[1][3][1] |     4.278 | SLOW    |     2.215 | FAST    |
S_B_i[0][3][0] | S_C_o[1][3][2] |     4.256 | SLOW    |     2.201 | FAST    |
S_B_i[0][3][0] | S_C_o[1][3][3] |     4.516 | SLOW    |     2.343 | FAST    |
S_B_i[0][3][0] | S_C_o[1][3][4] |     4.494 | SLOW    |     2.329 | FAST    |
S_B_i[0][3][0] | S_C_o[1][3][5] |     4.722 | SLOW    |     2.454 | FAST    |
S_B_i[0][3][0] | S_C_o[1][3][6] |     4.744 | SLOW    |     2.468 | FAST    |
S_B_i[0][3][0] | S_C_o[1][3][7] |     4.809 | SLOW    |     2.505 | FAST    |
S_B_i[0][3][0] | S_C_o[2][3][0] |     4.261 | SLOW    |     2.209 | FAST    |
S_B_i[0][3][0] | S_C_o[2][3][1] |     4.278 | SLOW    |     2.215 | FAST    |
S_B_i[0][3][0] | S_C_o[2][3][2] |     4.256 | SLOW    |     2.201 | FAST    |
S_B_i[0][3][0] | S_C_o[2][3][3] |     4.494 | SLOW    |     2.329 | FAST    |
S_B_i[0][3][0] | S_C_o[2][3][4] |     4.494 | SLOW    |     2.329 | FAST    |
S_B_i[0][3][0] | S_C_o[2][3][5] |     4.722 | SLOW    |     2.454 | FAST    |
S_B_i[0][3][0] | S_C_o[2][3][6] |     4.744 | SLOW    |     2.468 | FAST    |
S_B_i[0][3][0] | S_C_o[2][3][7] |     4.809 | SLOW    |     2.505 | FAST    |
S_B_i[0][3][0] | S_C_o[3][3][0] |     4.261 | SLOW    |     2.209 | FAST    |
S_B_i[0][3][0] | S_C_o[3][3][1] |     4.278 | SLOW    |     2.215 | FAST    |
S_B_i[0][3][0] | S_C_o[3][3][2] |     4.256 | SLOW    |     2.201 | FAST    |
S_B_i[0][3][0] | S_C_o[3][3][3] |     4.516 | SLOW    |     2.343 | FAST    |
S_B_i[0][3][0] | S_C_o[3][3][4] |     4.494 | SLOW    |     2.329 | FAST    |
S_B_i[0][3][0] | S_C_o[3][3][5] |     4.722 | SLOW    |     2.454 | FAST    |
S_B_i[0][3][0] | S_C_o[3][3][6] |     4.744 | SLOW    |     2.468 | FAST    |
S_B_i[0][3][0] | S_C_o[3][3][7] |     4.809 | SLOW    |     2.505 | FAST    |
S_B_i[0][3][1] | S_C_o[0][3][1] |     4.286 | SLOW    |     2.226 | FAST    |
S_B_i[0][3][1] | S_C_o[0][3][2] |     4.250 | SLOW    |     2.198 | FAST    |
S_B_i[0][3][1] | S_C_o[0][3][3] |     4.461 | SLOW    |     2.317 | FAST    |
S_B_i[0][3][1] | S_C_o[0][3][4] |     4.461 | SLOW    |     2.317 | FAST    |
S_B_i[0][3][1] | S_C_o[0][3][5] |     4.689 | SLOW    |     2.442 | FAST    |
S_B_i[0][3][1] | S_C_o[0][3][6] |     4.711 | SLOW    |     2.456 | FAST    |
S_B_i[0][3][1] | S_C_o[0][3][7] |     4.776 | SLOW    |     2.493 | FAST    |
S_B_i[0][3][1] | S_C_o[1][3][1] |     4.286 | SLOW    |     2.226 | FAST    |
S_B_i[0][3][1] | S_C_o[1][3][2] |     4.250 | SLOW    |     2.198 | FAST    |
S_B_i[0][3][1] | S_C_o[1][3][3] |     4.483 | SLOW    |     2.331 | FAST    |
S_B_i[0][3][1] | S_C_o[1][3][4] |     4.461 | SLOW    |     2.317 | FAST    |
S_B_i[0][3][1] | S_C_o[1][3][5] |     4.689 | SLOW    |     2.442 | FAST    |
S_B_i[0][3][1] | S_C_o[1][3][6] |     4.711 | SLOW    |     2.456 | FAST    |
S_B_i[0][3][1] | S_C_o[1][3][7] |     4.776 | SLOW    |     2.493 | FAST    |
S_B_i[0][3][1] | S_C_o[2][3][1] |     4.286 | SLOW    |     2.226 | FAST    |
S_B_i[0][3][1] | S_C_o[2][3][2] |     4.250 | SLOW    |     2.198 | FAST    |
S_B_i[0][3][1] | S_C_o[2][3][3] |     4.461 | SLOW    |     2.317 | FAST    |
S_B_i[0][3][1] | S_C_o[2][3][4] |     4.461 | SLOW    |     2.317 | FAST    |
S_B_i[0][3][1] | S_C_o[2][3][5] |     4.689 | SLOW    |     2.442 | FAST    |
S_B_i[0][3][1] | S_C_o[2][3][6] |     4.711 | SLOW    |     2.456 | FAST    |
S_B_i[0][3][1] | S_C_o[2][3][7] |     4.776 | SLOW    |     2.493 | FAST    |
S_B_i[0][3][1] | S_C_o[3][3][1] |     4.286 | SLOW    |     2.226 | FAST    |
S_B_i[0][3][1] | S_C_o[3][3][2] |     4.250 | SLOW    |     2.198 | FAST    |
S_B_i[0][3][1] | S_C_o[3][3][3] |     4.483 | SLOW    |     2.331 | FAST    |
S_B_i[0][3][1] | S_C_o[3][3][4] |     4.461 | SLOW    |     2.317 | FAST    |
S_B_i[0][3][1] | S_C_o[3][3][5] |     4.689 | SLOW    |     2.442 | FAST    |
S_B_i[0][3][1] | S_C_o[3][3][6] |     4.711 | SLOW    |     2.456 | FAST    |
S_B_i[0][3][1] | S_C_o[3][3][7] |     4.776 | SLOW    |     2.493 | FAST    |
S_B_i[0][3][2] | S_C_o[0][3][2] |     4.246 | SLOW    |     2.201 | FAST    |
S_B_i[0][3][2] | S_C_o[0][3][3] |     4.447 | SLOW    |     2.304 | FAST    |
S_B_i[0][3][2] | S_C_o[0][3][4] |     4.447 | SLOW    |     2.304 | FAST    |
S_B_i[0][3][2] | S_C_o[0][3][5] |     4.675 | SLOW    |     2.429 | FAST    |
S_B_i[0][3][2] | S_C_o[0][3][6] |     4.697 | SLOW    |     2.443 | FAST    |
S_B_i[0][3][2] | S_C_o[0][3][7] |     4.762 | SLOW    |     2.480 | FAST    |
S_B_i[0][3][2] | S_C_o[1][3][2] |     4.246 | SLOW    |     2.201 | FAST    |
S_B_i[0][3][2] | S_C_o[1][3][3] |     4.469 | SLOW    |     2.318 | FAST    |
S_B_i[0][3][2] | S_C_o[1][3][4] |     4.447 | SLOW    |     2.304 | FAST    |
S_B_i[0][3][2] | S_C_o[1][3][5] |     4.675 | SLOW    |     2.429 | FAST    |
S_B_i[0][3][2] | S_C_o[1][3][6] |     4.697 | SLOW    |     2.443 | FAST    |
S_B_i[0][3][2] | S_C_o[1][3][7] |     4.762 | SLOW    |     2.480 | FAST    |
S_B_i[0][3][2] | S_C_o[2][3][2] |     4.246 | SLOW    |     2.201 | FAST    |
S_B_i[0][3][2] | S_C_o[2][3][3] |     4.447 | SLOW    |     2.304 | FAST    |
S_B_i[0][3][2] | S_C_o[2][3][4] |     4.447 | SLOW    |     2.304 | FAST    |
S_B_i[0][3][2] | S_C_o[2][3][5] |     4.675 | SLOW    |     2.429 | FAST    |
S_B_i[0][3][2] | S_C_o[2][3][6] |     4.697 | SLOW    |     2.443 | FAST    |
S_B_i[0][3][2] | S_C_o[2][3][7] |     4.762 | SLOW    |     2.480 | FAST    |
S_B_i[0][3][2] | S_C_o[3][3][2] |     4.246 | SLOW    |     2.201 | FAST    |
S_B_i[0][3][2] | S_C_o[3][3][3] |     4.469 | SLOW    |     2.318 | FAST    |
S_B_i[0][3][2] | S_C_o[3][3][4] |     4.447 | SLOW    |     2.304 | FAST    |
S_B_i[0][3][2] | S_C_o[3][3][5] |     4.675 | SLOW    |     2.429 | FAST    |
S_B_i[0][3][2] | S_C_o[3][3][6] |     4.697 | SLOW    |     2.443 | FAST    |
S_B_i[0][3][2] | S_C_o[3][3][7] |     4.762 | SLOW    |     2.480 | FAST    |
S_B_i[0][3][3] | S_C_o[0][3][3] |     4.255 | SLOW    |     2.206 | FAST    |
S_B_i[0][3][3] | S_C_o[0][3][4] |     4.250 | SLOW    |     2.198 | FAST    |
S_B_i[0][3][3] | S_C_o[0][3][5] |     4.492 | SLOW    |     2.337 | FAST    |
S_B_i[0][3][3] | S_C_o[0][3][6] |     4.514 | SLOW    |     2.351 | FAST    |
S_B_i[0][3][3] | S_C_o[0][3][7] |     4.579 | SLOW    |     2.388 | FAST    |
S_B_i[0][3][3] | S_C_o[1][3][3] |     4.286 | SLOW    |     2.226 | FAST    |
S_B_i[0][3][3] | S_C_o[1][3][4] |     4.250 | SLOW    |     2.198 | FAST    |
S_B_i[0][3][3] | S_C_o[1][3][5] |     4.492 | SLOW    |     2.337 | FAST    |
S_B_i[0][3][3] | S_C_o[1][3][6] |     4.514 | SLOW    |     2.351 | FAST    |
S_B_i[0][3][3] | S_C_o[1][3][7] |     4.579 | SLOW    |     2.388 | FAST    |
S_B_i[0][3][3] | S_C_o[2][3][3] |     4.255 | SLOW    |     2.206 | FAST    |
S_B_i[0][3][3] | S_C_o[2][3][4] |     4.250 | SLOW    |     2.198 | FAST    |
S_B_i[0][3][3] | S_C_o[2][3][5] |     4.492 | SLOW    |     2.337 | FAST    |
S_B_i[0][3][3] | S_C_o[2][3][6] |     4.514 | SLOW    |     2.351 | FAST    |
S_B_i[0][3][3] | S_C_o[2][3][7] |     4.579 | SLOW    |     2.388 | FAST    |
S_B_i[0][3][3] | S_C_o[3][3][3] |     4.286 | SLOW    |     2.226 | FAST    |
S_B_i[0][3][3] | S_C_o[3][3][4] |     4.250 | SLOW    |     2.198 | FAST    |
S_B_i[0][3][3] | S_C_o[3][3][5] |     4.492 | SLOW    |     2.337 | FAST    |
S_B_i[0][3][3] | S_C_o[3][3][6] |     4.514 | SLOW    |     2.351 | FAST    |
S_B_i[0][3][3] | S_C_o[3][3][7] |     4.579 | SLOW    |     2.388 | FAST    |
S_B_i[0][3][4] | S_C_o[0][3][4] |     4.246 | SLOW    |     2.201 | FAST    |
S_B_i[0][3][4] | S_C_o[0][3][5] |     4.469 | SLOW    |     2.318 | FAST    |
S_B_i[0][3][4] | S_C_o[0][3][6] |     4.491 | SLOW    |     2.332 | FAST    |
S_B_i[0][3][4] | S_C_o[0][3][7] |     4.556 | SLOW    |     2.369 | FAST    |
S_B_i[0][3][4] | S_C_o[1][3][4] |     4.246 | SLOW    |     2.201 | FAST    |
S_B_i[0][3][4] | S_C_o[1][3][5] |     4.469 | SLOW    |     2.318 | FAST    |
S_B_i[0][3][4] | S_C_o[1][3][6] |     4.491 | SLOW    |     2.332 | FAST    |
S_B_i[0][3][4] | S_C_o[1][3][7] |     4.556 | SLOW    |     2.369 | FAST    |
S_B_i[0][3][4] | S_C_o[2][3][4] |     4.246 | SLOW    |     2.201 | FAST    |
S_B_i[0][3][4] | S_C_o[2][3][5] |     4.469 | SLOW    |     2.318 | FAST    |
S_B_i[0][3][4] | S_C_o[2][3][6] |     4.491 | SLOW    |     2.332 | FAST    |
S_B_i[0][3][4] | S_C_o[2][3][7] |     4.556 | SLOW    |     2.369 | FAST    |
S_B_i[0][3][4] | S_C_o[3][3][4] |     4.246 | SLOW    |     2.201 | FAST    |
S_B_i[0][3][4] | S_C_o[3][3][5] |     4.469 | SLOW    |     2.318 | FAST    |
S_B_i[0][3][4] | S_C_o[3][3][6] |     4.491 | SLOW    |     2.332 | FAST    |
S_B_i[0][3][4] | S_C_o[3][3][7] |     4.556 | SLOW    |     2.369 | FAST    |
S_B_i[0][3][5] | S_C_o[0][3][5] |     4.255 | SLOW    |     2.206 | FAST    |
S_B_i[0][3][5] | S_C_o[0][3][6] |     4.272 | SLOW    |     2.212 | FAST    |
S_B_i[0][3][5] | S_C_o[0][3][7] |     4.250 | SLOW    |     2.198 | FAST    |
S_B_i[0][3][5] | S_C_o[1][3][5] |     4.255 | SLOW    |     2.206 | FAST    |
S_B_i[0][3][5] | S_C_o[1][3][6] |     4.272 | SLOW    |     2.212 | FAST    |
S_B_i[0][3][5] | S_C_o[1][3][7] |     4.250 | SLOW    |     2.198 | FAST    |
S_B_i[0][3][5] | S_C_o[2][3][5] |     4.255 | SLOW    |     2.206 | FAST    |
S_B_i[0][3][5] | S_C_o[2][3][6] |     4.272 | SLOW    |     2.212 | FAST    |
S_B_i[0][3][5] | S_C_o[2][3][7] |     4.250 | SLOW    |     2.198 | FAST    |
S_B_i[0][3][5] | S_C_o[3][3][5] |     4.255 | SLOW    |     2.206 | FAST    |
S_B_i[0][3][5] | S_C_o[3][3][6] |     4.272 | SLOW    |     2.212 | FAST    |
S_B_i[0][3][5] | S_C_o[3][3][7] |     4.250 | SLOW    |     2.198 | FAST    |
S_B_i[0][3][6] | S_C_o[0][3][6] |     4.277 | SLOW    |     2.221 | FAST    |
S_B_i[0][3][6] | S_C_o[0][3][7] |     4.246 | SLOW    |     2.201 | FAST    |
S_B_i[0][3][6] | S_C_o[1][3][6] |     4.277 | SLOW    |     2.221 | FAST    |
S_B_i[0][3][6] | S_C_o[1][3][7] |     4.246 | SLOW    |     2.201 | FAST    |
S_B_i[0][3][6] | S_C_o[2][3][6] |     4.277 | SLOW    |     2.221 | FAST    |
S_B_i[0][3][6] | S_C_o[2][3][7] |     4.246 | SLOW    |     2.201 | FAST    |
S_B_i[0][3][6] | S_C_o[3][3][6] |     4.277 | SLOW    |     2.221 | FAST    |
S_B_i[0][3][6] | S_C_o[3][3][7] |     4.246 | SLOW    |     2.201 | FAST    |
S_B_i[0][3][7] | S_C_o[0][3][7] |     4.459 | SLOW    |     2.326 | FAST    |
S_B_i[0][3][7] | S_C_o[1][3][7] |     4.459 | SLOW    |     2.326 | FAST    |
S_B_i[0][3][7] | S_C_o[2][3][7] |     4.459 | SLOW    |     2.326 | FAST    |
S_B_i[0][3][7] | S_C_o[3][3][7] |     4.459 | SLOW    |     2.326 | FAST    |
---------------+----------------+-----------+---------+-----------+---------+



